stableKey,name,category,detail1,detail2,mode,description,defaultRestSeconds,familyId,familyName,familyRole,familyE1rmMultiplier,movementPattern,movementCategory,primaryMuscles,secondaryMuscles,equipment,equipmentTags,compoundType,forceType,bodyRegion,plane,laterality,axialLoadLevel,stabilityRoles,sportTransferDirect,sportTransferSupportive,badmintonTransferRoles,fatigueCategories,adaptiveBaselineGroups,accessoryRoles,loadProfile,recoveryDecayProfile,systemicLoadWeight,neuralHeavyWeight,neuralSpeedWeight,localLoadWeight,decelerationWeight,elasticSscWeight,rotationPowerWeight,antiRotationWeight,overheadSwingWeight,gripLoadWeight,progressMetricType,strengthProgressionGroup,hypertrophyVolumeGroup,mainLiftGroup,accessoryContributionGroup,estimated1RmEligible,volumeLoadEligible,badmintonTransferStrength,courtMovementTypes,badmintonSkillTargets,jointStressTags,stabilityDemandLevel,mobilityDemandLevel,balanceContributionTags,analysisEligibility,activityKind,planningEligibility,metadataConfidence,imageAssetName,isActive,archivedAt,isCustom,needsReview
band_lift,밴드 리프트,기능성운동,복사근/코어,둔근/어깨/전완,"밴드, 횟수",밴드 장력을 유지하며 대각선 위 방향으로 몸통 회전을 제어한다.,60,밴드_리프트,밴드 리프트,PRIMARY,1,ROTATION,STABILITY,"SHOULDER,FOREARM,GLUTE,CORE,OBLIQUE",DEEP_CORE,BAND,BAND,HYBRID,ROTATE,WHOLE_BODY,TRANSVERSE,UNILATERAL,NONE,"CORE_STABILITY,ANTI_ROTATION,TRUNK_CONTROL,HIP_STABILITY",,"HIP_STABILITY_SUPPORT,TRUNK_CONTROL_SUPPORT,SHOULDER_STABILITY_SUPPORT,GRIP_FOREARM_SUPPORT","ROTATION_POWER,GRIP_FOREARM,SHOULDER_CARE","SYSTEMIC,NEURAL_HEAVY,LOCAL_MUSCLE,ROTATION_POWER,OVERHEAD_REPETITION,GRIP_FOREARM","SHOULDER_OVERHEAD,GRIP_FOREARM,ROTATION_POWER","SHOULDER_ACCESSORY,ARM_ACCESSORY,POSTERIOR_CHAIN_ACCESSORY,HYPERTROPHY_ACCESSORY",SHOULDER_STRESS_LOW,SHORT,0.5,0.5,0,0.5,0,0,0.75,0,0.5,0.75,QUALITY_BASED,CORE,SHOULDERS,NONE,GRIP_FOREARM,NO,NO,SUPPORTIVE,NONE,"ROTATION_SEQUENCING,GRIP_ENDURANCE,SHOULDER_DURABILITY","SHOULDER,WRIST,HIP",HIGH,MODERATE,"ROTATION,UNILATERAL_LOWER,SHOULDER_CARE,GRIP_FOREARM,HIP_STABILITY","FATIGUE,BADMINTON_TRANSFER,BALANCE",TRAINING_EXERCISE,PROGRAM_SELECTABLE,HIGH,,YES,,NO,NO
band_pallof_press,밴드 팔로프 프레스,기능성운동,회전저항/코어안정성,케이블 또는 밴드,무게*횟수,몸 옆에서 당기는 밴드나 케이블을 가슴 앞에서 밀어낸다. 몸통이 돌아가지 않게 버티며 코어 안정성을 익힌다.,45,팔로프_프레스,팔로프 프레스,PRIMARY,1,TRUNK_BRACE,STABILITY,"CHEST,CORE,DEEP_CORE,OBLIQUE",DEEP_CORE,BAND,BAND,HYBRID,BRACE,UPPER,TRANSVERSE,BILATERAL,NONE,"CORE_STABILITY,ANTI_ROTATION,TRUNK_CONTROL",,TRUNK_CONTROL_SUPPORT,CORE_STABILITY_SUPPORTIVE,"SYSTEMIC,NEURAL_HEAVY,LOCAL_MUSCLE,ANTI_ROTATION",ANTI_ROTATION,"ARM_ACCESSORY,CHEST_ACCESSORY,HYPERTROPHY_ACCESSORY",MODERATE_LOAD,SHORT,0.5,0.5,0,0.5,0,0,0,0.75,0,0,QUALITY_BASED,TRUNK_ANTI_MOVEMENT,CHEST,NONE,CORE_STABILITY,NO,NO,SUPPORTIVE,NONE,CHANGE_OF_DIRECTION|DEFENSIVE_COVERAGE,,HIGH,LOW,ANTI_ROTATION,FATIGUE|BADMINTON_SUPPORTIVE|BALANCE,EXERCISE,PROGRAM_SELECTABLE,MEDIUM,,YES,,NO,NO
band_woodchop,밴드 우드찹,기능성운동,복사근/코어,둔근/어깨/전완,"밴드, 횟수",밴드 장력을 유지하며 대각선 아래 방향으로 몸통 회전을 제어한다.,60,밴드_우드찹,밴드 우드찹,PRIMARY,1,ROTATION,STABILITY,"SHOULDER,FOREARM,GLUTE,CORE,OBLIQUE",DEEP_CORE,BAND,BAND,HYBRID,ROTATE,WHOLE_BODY,TRANSVERSE,UNILATERAL,NONE,"CORE_STABILITY,ANTI_ROTATION,TRUNK_CONTROL,HIP_STABILITY",,"HIP_STABILITY_SUPPORT,TRUNK_CONTROL_SUPPORT,SHOULDER_STABILITY_SUPPORT,GRIP_FOREARM_SUPPORT","ROTATION_POWER,GRIP_FOREARM,SHOULDER_CARE","SYSTEMIC,NEURAL_HEAVY,LOCAL_MUSCLE,ROTATION_POWER,OVERHEAD_REPETITION,GRIP_FOREARM","SHOULDER_OVERHEAD,GRIP_FOREARM,ROTATION_POWER","SHOULDER_ACCESSORY,ARM_ACCESSORY,POSTERIOR_CHAIN_ACCESSORY,HYPERTROPHY_ACCESSORY",SHOULDER_STRESS_LOW,SHORT,0.5,0.5,0,0.5,0,0,0.75,0,0.5,0.75,QUALITY_BASED,CORE,SHOULDERS,NONE,GRIP_FOREARM,NO,NO,SUPPORTIVE,NONE,"ROTATION_SEQUENCING,GRIP_ENDURANCE,SHOULDER_DURABILITY","SHOULDER,WRIST,HIP",HIGH,MODERATE,"ROTATION,UNILATERAL_LOWER,SHOULDER_CARE,GRIP_FOREARM,HIP_STABILITY","FATIGUE,BADMINTON_TRANSFER,BALANCE",TRAINING_EXERCISE,PROGRAM_SELECTABLE,HIGH,,YES,,NO,NO
barbell_back_squat,스쿼트,근력운동,대퇴사두근/둔근,햄스트링/코어,"바벨, 무게*횟수","스쿼트: 자세와 관절 정렬을 유지한 채 반복한다. 주동근은 대퇴사두근/둔근이고, 햄스트링/코어이 흔들리지 않게 보조한다.",120,squat,스쿼트,PRIMARY,1,SQUAT,STRENGTH,"QUADRICEPS,HAMSTRING,GLUTE,CORE",DEEP_CORE,"BARBELL,TRX_RING","BARBELL,TRX_RING",COMPOUND,SQUAT,LOWER,SAGITTAL,BILATERAL,HIGH,"CORE_STABILITY,ANTI_ROTATION,HIP_STABILITY",,"HIP_STABILITY_SUPPORT,TRUNK_CONTROL_SUPPORT",NONE,"SYSTEMIC,NEURAL_HEAVY,LOCAL_MUSCLE","SYSTEMIC,HEAVY_LOWER,SQUAT_PATTERN","LEG_ACCESSORY,POSTERIOR_CHAIN_ACCESSORY,HYPERTROPHY_ACCESSORY",HIGH_AXIAL_LOAD,VERY_LONG,0.75,0.75,0,0.5,0,0,0,0,0,0,ESTIMATED_1RM,SQUAT,QUADS,SQUAT,LOWER_ACCESSORY,YES,YES,NONE,NONE,NONE,"HIP,KNEE",LOW,LOW,"LOWER_PUSH,SQUAT_PATTERN,ANTERIOR_CHAIN,HIP_STABILITY,KNEE_CONTROL","FATIGUE,STRENGTH_PROGRESS,BALANCE",TRAINING_EXERCISE,PROGRAM_SELECTABLE,HIGH,exercise_images/local_downloads/back_squat.png,YES,,NO,NO
barbell_bench_press,벤치프레스,근력운동,대흉근,삼두근/전면삼각근,"바벨, 무게*횟수","벤치프레스: 자세와 관절 정렬을 유지한 채 반복한다. 주동근은 대흉근이고, 삼두근/전면삼각근이 흔들리지 않게 보조한다.",120,bench_press,벤치프레스,PRIMARY,1,PUSH_HORIZONTAL,STRENGTH,"CHEST,ANTERIOR_DELTOID,TRICEPS",CORE,"BARBELL,BENCH","BARBELL,BENCH",COMPOUND,PUSH,UPPER,TRANSVERSE,BILATERAL,HIGH,,,,NONE,"SYSTEMIC,NEURAL_HEAVY,LOCAL_MUSCLE","SYSTEMIC,UPPER_PUSH","ARM_ACCESSORY,TRICEPS_ACCESSORY,TRICEPS_ISOLATION,CHEST_ACCESSORY,HYPERTROPHY_ACCESSORY",HIGH_AXIAL_LOAD,SHORT,0.5,0.5,0,0.5,0,0,0,0,0,0,ESTIMATED_1RM,UPPER_PUSH_HORIZONTAL,CHEST,BENCH_PRESS,UPPER_PUSH_ACCESSORY,YES,YES,NONE,NONE,NONE,"SHOULDER,ELBOW",LOW,LOW,UPPER_PUSH,"FATIGUE,STRENGTH_PROGRESS,BALANCE",TRAINING_EXERCISE,PROGRAM_SELECTABLE,HIGH,exercise_images/local_downloads/bench_press.png,YES,,NO,NO
barbell_deadlift,데드리프트,근력운동,햄스트링/둔근/척추기립근,광배근/코어,"바벨, 무게*횟수","데드리프트: 자세와 관절 정렬을 유지한 채 반복한다. 주동근은 햄스트링/둔근/척추기립근이고, 광배근/코어이 흔들리지 않게 보조한다.",150,deadlift,데드리프트,PRIMARY,1,HINGE,STRENGTH,"LAT,HAMSTRING,GLUTE,CORE,ERECTOR_SPINAE",DEEP_CORE,"BARBELL,TRX_RING","BARBELL,TRX_RING",COMPOUND,HINGE,WHOLE_BODY,SAGITTAL,BILATERAL,HIGH,"CORE_STABILITY,ANTI_ROTATION,HIP_STABILITY",,"HIP_STABILITY_SUPPORT,TRUNK_CONTROL_SUPPORT",NONE,"SYSTEMIC,NEURAL_HEAVY,LOCAL_MUSCLE","SYSTEMIC,HEAVY_LOWER,HINGE","BACK_ACCESSORY,POSTERIOR_CHAIN_ACCESSORY,HYPERTROPHY_ACCESSORY",HIGH_AXIAL_LOAD,VERY_LONG,0.75,0.75,0,0.5,0,0,0,0,0,0,ESTIMATED_1RM,HINGE,BACK,DEADLIFT,POSTERIOR_CHAIN_ACCESSORY,YES,YES,NONE,NONE,NONE,"LOW_BACK,HIP",LOW,LOW,"LOWER_PULL,HINGE,POSTERIOR_CHAIN,HIP_STABILITY","FATIGUE,STRENGTH_PROGRESS,BALANCE",TRAINING_EXERCISE,PROGRAM_SELECTABLE,HIGH,exercise_images/local_downloads/deadlift.png,YES,,NO,NO
barbell_reverse_curl,바벨 리버스 컬,근력운동,상완요골근/전완근,이두근,"바벨 또는 EZ바, 무게*횟수",손등이 위를 향하게 잡고 컬을 수행한다. 라켓 스포츠에 필요한 전완 버티는 힘을 보강한다.,60,리버스_컬,리버스 컬,PRIMARY,1,ISOLATION,HYPERTROPHY,"BACK,BICEPS,FOREARM",CORE,BARBELL,BARBELL,ISOLATION,BRACE,UPPER,SAGITTAL,BILATERAL,HIGH,,,GRIP_FOREARM_SUPPORT,GENERAL_STRENGTH_SUPPORTIVE,"SYSTEMIC,NEURAL_HEAVY,LOCAL_MUSCLE,GRIP_FOREARM","SYSTEMIC,GRIP_FOREARM","ARM_ACCESSORY,BICEPS_ACCESSORY,BACK_ACCESSORY,HYPERTROPHY_ACCESSORY",HIGH_AXIAL_LOAD,SHORT,0.25,0.25,0,0.75,0,0,0,0,0,0.75,VOLUME_LOAD,ELBOW_FLEXION_NEUTRAL_PRONATED_CURL,BACK,NONE,GRIP_FOREARM,NO,YES,GENERAL,NONE,NONE,"ELBOW,WRIST",LOW,LOW,GRIP_FOREARM,FATIGUE|HYPERTROPHY_VOLUME|BALANCE,EXERCISE,PROGRAM_SELECTABLE,MEDIUM,,YES,,NO,NO
barbell_reverse_wrist_curl,바벨 리버스 리스트 컬,근력운동,손목신전근/전완근,그립,"덤벨 또는 바벨, 무게*횟수",손등이 위를 향한 상태에서 손목을 들어 올린다. 손목 굴곡 운동과 균형을 맞춰 전완을 보강한다.,45,리버스_리스트_컬,리버스 리스트 컬,PRIMARY,1,ISOLATION,HYPERTROPHY,"BACK,FOREARM,GRIP",CORE,BARBELL,BARBELL,ISOLATION,BRACE,UPPER,SAGITTAL,BILATERAL,HIGH,,,GRIP_FOREARM_SUPPORT,GRIP_WRIST_SUPPORTIVE,"SYSTEMIC,NEURAL_HEAVY,LOCAL_MUSCLE,GRIP_FOREARM","SYSTEMIC,GRIP_FOREARM","ARM_ACCESSORY,BICEPS_ACCESSORY,BACK_ACCESSORY,HYPERTROPHY_ACCESSORY",HIGH_AXIAL_LOAD,SHORT,0.25,0.25,0,0.75,0,0,0,0,0,0.75,LOAD_REPS_OR_TIME,FOREARM_WRIST_GRIP_ACCESSORY,BACK,NONE,GRIP_FOREARM,NO,YES,SUPPORTIVE,NONE,DRIVE|NET_PLAY,WRIST,LOW,LOW,GRIP_FOREARM,ACCESSORY_VOLUME|FATIGUE|BADMINTON_SUPPORTIVE,EXERCISE,PROGRAM_SELECTABLE,MEDIUM,,YES,,NO,NO
barbell_romanian_deadlift,루마니안 바벨 데드리프트,근력운동,햄스트링/둔근,척추기립근/코어,"바벨 또는 덤벨, 무게*횟수",바벨을 허벅지 가까이에 유지하고 엉덩이를 뒤로 보내며 내려간다. 햄스트링이 늘어나는 범위에서 척추 정렬과 바벨 경로를 유지한다.,120,deadlift,데드리프트,PRIMARY,1.18,HINGE,STRENGTH,"HAMSTRING,GLUTE","ERECTOR_SPINAE,CORE,LAT",BARBELL,BARBELL,COMPOUND,HINGE,WHOLE_BODY,SAGITTAL,BILATERAL,HIGH,"CORE_STABILITY,ANTI_ROTATION,HIP_STABILITY",,HIP_STABILITY_SUPPORT|TRUNK_CONTROL_SUPPORT,NONE,"SYSTEMIC,NEURAL_HEAVY,LOCAL_MUSCLE","SYSTEMIC,HEAVY_LOWER,HINGE","POSTERIOR_CHAIN_ACCESSORY,HYPERTROPHY_ACCESSORY",HIGH_AXIAL_LOAD|LUMBAR_STRESS_HIGH,VERY_LONG,0.75,0.75,0,0.5,0,0,0,0,0,0,ESTIMATED_1RM,HINGE,POSTERIOR_CHAIN,DEADLIFT,POSTERIOR_CHAIN_ACCESSORY,YES,YES,NONE,NONE,NONE,"LOW_BACK,HIP",LOW,LOW,"LOWER_PULL,HINGE,POSTERIOR_CHAIN,HIP_STABILITY","FATIGUE,STRENGTH_PROGRESS,BALANCE",TRAINING_EXERCISE,PROGRAM_SELECTABLE,HIGH,,YES,,NO,NO
cable_hip_adduction,케이블 힙 어덕션,근력운동,내전근,골반안정근/코어,"머신 또는 케이블, 무게*횟수",다리를 안쪽으로 모아 내전근을 훈련한다. 사이드 런지와 코트 감속에서 필요한 안쪽 허벅지 힘을 보강한다.,60,힙_어덕션,힙 어덕션,PRIMARY,1,BOUND,PLYOMETRIC,"GLUTE_MEDIUS,HIP_ADDUCTOR,CORE",DEEP_CORE,CABLE,CABLE,DRILL,DECELERATE,LOWER,FRONTAL,BILATERAL,NONE,"CORE_STABILITY,HIP_STABILITY,PELVIC_STABILITY",,"DECELERATION_SUPPORT,COD_SUPPORT,BADMINTON_SUPPORT_LIGHT,HIP_STABILITY_SUPPORT,TRUNK_CONTROL_SUPPORT",LOWER_BODY_SUPPORTIVE,"SYSTEMIC,NEURAL_HEAVY,NEURAL_SPEED,LOCAL_MUSCLE,DECELERATION,ELASTIC_SSC","BADMINTON_COURT,DECELERATION,ELASTIC_SSC","LEG_ACCESSORY,HYPERTROPHY_ACCESSORY",MODERATE_LOAD,SHORT,0.5,0.5,0.5,0.5,0.75,0.75,0,0,0,0,LOAD_REPS,HIP_ADDUCTION_ACCESSORY,GLUTES,NONE,BADMINTON_SUPPORT,NO,YES,SUPPORTIVE,"JUMP_LANDING,RECOVERY_STEP",FIRST_STEP|CHANGE_OF_DIRECTION,"HIP,ANKLE_ACHILLES",LOW,MODERATE,"HIP_STABILITY,ANKLE_STIFFNESS",HYPERTROPHY_VOLUME|FATIGUE|BADMINTON_SUPPORTIVE,EXERCISE,PROGRAM_SELECTABLE,LOW,,YES,,NO,NO
cable_lift,케이블 리프트,기능성운동,복사근/코어,둔근/어깨/전완,"케이블, 무게*횟수",낮은 케이블을 대각선 위로 들어 올리며 골반과 몸통 회전을 제어한다.,60,케이블_리프트,케이블 리프트,PRIMARY,1,ROTATION,STABILITY,"SHOULDER,FOREARM,GLUTE,CORE,OBLIQUE",DEEP_CORE,CABLE,CABLE,HYBRID,ROTATE,WHOLE_BODY,TRANSVERSE,UNILATERAL,NONE,"CORE_STABILITY,ANTI_ROTATION,TRUNK_CONTROL,HIP_STABILITY,PELVIC_STABILITY",,"HIP_STABILITY_SUPPORT,TRUNK_CONTROL_SUPPORT,SHOULDER_STABILITY_SUPPORT,GRIP_FOREARM_SUPPORT","ROTATION_POWER,GRIP_FOREARM,SHOULDER_CARE","SYSTEMIC,NEURAL_HEAVY,LOCAL_MUSCLE,ROTATION_POWER,OVERHEAD_REPETITION,GRIP_FOREARM","SHOULDER_OVERHEAD,GRIP_FOREARM,ROTATION_POWER","SHOULDER_ACCESSORY,ARM_ACCESSORY,POSTERIOR_CHAIN_ACCESSORY,HYPERTROPHY_ACCESSORY",SHOULDER_STRESS_LOW,SHORT,0.5,0.5,0,0.5,0,0,0.75,0,0.5,0.75,QUALITY_BASED,CORE,SHOULDERS,NONE,GRIP_FOREARM,NO,NO,SUPPORTIVE,NONE,"ROTATION_SEQUENCING,GRIP_ENDURANCE,SHOULDER_DURABILITY","SHOULDER,WRIST,HIP",HIGH,MODERATE,"ROTATION,UNILATERAL_LOWER,SHOULDER_CARE,GRIP_FOREARM,HIP_STABILITY","FATIGUE,BADMINTON_TRANSFER,BALANCE",TRAINING_EXERCISE,PROGRAM_SELECTABLE,HIGH,,YES,,NO,NO
cable_overhead_triceps_extension,케이블 오버헤드 트라이셉스 익스텐션,근력운동,삼두근 장두,전완근/코어,"덤벨 또는 케이블, 무게*횟수",팔을 머리 위에 둔 상태에서 팔꿈치를 펴 삼두를 훈련한다. 삼두 장두 보완에 좋다.,60,오버헤드_트라이셉스_익스텐션,오버헤드 트라이셉스 익스텐션,PRIMARY,1,ANTI_ROTATION,HYPERTROPHY,"TRICEPS,FOREARM,CORE",DEEP_CORE,CABLE,CABLE,HYBRID,BRACE,UPPER,SAGITTAL,BILATERAL,NONE,"CORE_STABILITY,ANTI_ROTATION",,"TRUNK_CONTROL_SUPPORT,GRIP_FOREARM_SUPPORT",NONE,"SYSTEMIC,NEURAL_HEAVY,LOCAL_MUSCLE,ANTI_ROTATION,GRIP_FOREARM","GRIP_FOREARM,ANTI_ROTATION","ARM_ACCESSORY,TRICEPS_ISOLATION,HYPERTROPHY_ACCESSORY",SHOULDER_STRESS_LOW,MEDIUM,0.5,0.5,0,0.75,0,0,0,0.75,0,0.75,VOLUME_LOAD,OVERHEAD_TRICEPS_LONG_HEAD,ARMS,NONE,GRIP_FOREARM,NO,YES,NONE,NONE,NONE,"ELBOW,WRIST",LOW,LOW,"ANTI_ROTATION,GRIP_FOREARM",FATIGUE|HYPERTROPHY_VOLUME|BALANCE,EXERCISE,PROGRAM_SELECTABLE,MEDIUM,,YES,,NO,NO
cable_pallof_press,케이블 팔로프 프레스,기능성운동,회전저항/코어안정성,케이블 또는 밴드,무게*횟수,몸 옆에서 당기는 밴드나 케이블을 가슴 앞에서 밀어낸다. 몸통이 돌아가지 않게 버티며 코어 안정성을 익힌다.,45,팔로프_프레스,팔로프 프레스,PRIMARY,1,TRUNK_BRACE,STABILITY,"CHEST,CORE,DEEP_CORE,OBLIQUE",DEEP_CORE,CABLE,CABLE,HYBRID,BRACE,UPPER,TRANSVERSE,BILATERAL,NONE,"CORE_STABILITY,ANTI_ROTATION,TRUNK_CONTROL",,TRUNK_CONTROL_SUPPORT,CORE_STABILITY_SUPPORTIVE,"SYSTEMIC,NEURAL_HEAVY,LOCAL_MUSCLE,ANTI_ROTATION",ANTI_ROTATION,"ARM_ACCESSORY,CHEST_ACCESSORY,HYPERTROPHY_ACCESSORY",MODERATE_LOAD,SHORT,0.5,0.5,0,0.5,0,0,0,0.75,0,0,QUALITY_BASED,TRUNK_ANTI_MOVEMENT,CHEST,NONE,CORE_STABILITY,NO,NO,SUPPORTIVE,NONE,CHANGE_OF_DIRECTION|DEFENSIVE_COVERAGE,,HIGH,LOW,ANTI_ROTATION,FATIGUE|BADMINTON_SUPPORTIVE|BALANCE,EXERCISE,PROGRAM_SELECTABLE,MEDIUM,,YES,,NO,NO
cable_rear_delt_fly,케이블 리어델트 플라이,근력운동,후면삼각근,능형근/회전근개,"덤벨 또는 케이블, 무게*횟수",팔을 벌려 후면삼각근을 수축한다. 어깨 뒤쪽 볼륨과 견갑 안정성을 보완한다.,60,리어델트_플라이,리어델트 플라이,PRIMARY,1,ANTI_ROTATION,HYPERTROPHY,"RHOMBOID,REAR_DELT,SHOULDER,ROTATOR_CUFF,SCAPULAR_STABILIZERS,DEEP_CORE,OBLIQUE",CORE,CABLE,CABLE,HYBRID,BRACE,UPPER,TRANSVERSE,BILATERAL,NONE,"ANTI_ROTATION,SCAPULAR_STABILITY,ROTATOR_CUFF_CONTROL",,"SHOULDER_STABILITY_SUPPORT,ROTATOR_CUFF_SUPPORT",GENERAL_STRENGTH_SUPPORTIVE,"SYSTEMIC,NEURAL_HEAVY,LOCAL_MUSCLE,ANTI_ROTATION,OVERHEAD_REPETITION","SHOULDER_OVERHEAD,ANTI_ROTATION","SHOULDER_ACCESSORY,ARM_ACCESSORY,CHEST_ACCESSORY,HYPERTROPHY_ACCESSORY",SHOULDER_STRESS_LOW,SHORT,0.5,0.5,0,0.75,0,0,0,0.75,0.5,0,VOLUME_LOAD,POSTERIOR_DELTOID_HORIZONTAL_ABDUCTION,SHOULDERS,NONE,SHOULDER_CARE,NO,YES,GENERAL,NONE,NONE,SHOULDER,LOW,LOW,"ANTI_ROTATION,SHOULDER_CARE,SCAPULAR_STABILITY",FATIGUE|HYPERTROPHY_VOLUME|BALANCE,EXERCISE,PROGRAM_SELECTABLE,MEDIUM,,YES,,NO,NO
cable_woodchop,케이블 우드찹,기능성운동,복사근/코어,둔근/어깨/전완,"케이블, 무게*횟수",케이블 저항을 따라 몸통과 골반을 함께 회전시키며 대각선으로 당긴다.,60,케이블_우드찹,케이블 우드찹,PRIMARY,1,ROTATION,STABILITY,"SHOULDER,FOREARM,GLUTE,CORE,OBLIQUE",DEEP_CORE,CABLE,CABLE,HYBRID,ROTATE,WHOLE_BODY,TRANSVERSE,UNILATERAL,NONE,"CORE_STABILITY,ANTI_ROTATION,TRUNK_CONTROL,HIP_STABILITY,PELVIC_STABILITY",,"HIP_STABILITY_SUPPORT,TRUNK_CONTROL_SUPPORT,SHOULDER_STABILITY_SUPPORT,GRIP_FOREARM_SUPPORT","ROTATION_POWER,GRIP_FOREARM,SHOULDER_CARE","SYSTEMIC,NEURAL_HEAVY,LOCAL_MUSCLE,ROTATION_POWER,OVERHEAD_REPETITION,GRIP_FOREARM","SHOULDER_OVERHEAD,GRIP_FOREARM,ROTATION_POWER","SHOULDER_ACCESSORY,ARM_ACCESSORY,POSTERIOR_CHAIN_ACCESSORY,HYPERTROPHY_ACCESSORY",SHOULDER_STRESS_LOW,SHORT,0.5,0.5,0,0.5,0,0,0.75,0,0.5,0.75,QUALITY_BASED,CORE,SHOULDERS,NONE,GRIP_FOREARM,NO,NO,SUPPORTIVE,NONE,"ROTATION_SEQUENCING,GRIP_ENDURANCE,SHOULDER_DURABILITY","SHOULDER,WRIST,HIP",HIGH,MODERATE,"ROTATION,UNILATERAL_LOWER,SHOULDER_CARE,GRIP_FOREARM,HIP_STABILITY","FATIGUE,BADMINTON_TRANSFER,BALANCE",TRAINING_EXERCISE,PROGRAM_SELECTABLE,HIGH,,YES,,NO,NO
chest_supported_row_machine,체스트 서포티드 로우 머신,근력운동,광배근/능형근,후면삼각근/이두근,"벤치 또는 머신, 무게*횟수",가슴을 패드나 벤치에 기대고 당긴다. 허리 반동을 줄이고 등 근육에 집중하기 좋다.,90,bench_press,벤치프레스,PRIMARY,1,HORIZONTAL_PULL,STRENGTH,"CHEST,LAT,BACK,RHOMBOID,REAR_DELT,BICEPS",CORE,ROW_MACHINE,ROW_MACHINE,COMPOUND,PULL,UPPER,TRANSVERSE,BILATERAL,MODERATE,,,,GENERAL_STRENGTH_SUPPORTIVE,"SYSTEMIC,NEURAL_HEAVY,LOCAL_MUSCLE","SYSTEMIC,UPPER_PULL","ARM_ACCESSORY,CHEST_ACCESSORY,BACK_ACCESSORY,HYPERTROPHY_ACCESSORY",LUMBAR_STRESS_HIGH,MEDIUM,0.5,0.5,0,0.5,0,0,0,0,0,0,VOLUME_LOAD,HORIZONTAL_PULL_COMPOUND,CHEST,ROW,UPPER_PULL_ACCESSORY,NO,YES,GENERAL,NONE,NONE,ELBOW,LOW,MODERATE,"UPPER_PULL,SCAPULAR_STABILITY",FATIGUE|STRENGTH_PROGRESS|HYPERTROPHY_VOLUME|BALANCE,EXERCISE,PROGRAM_SELECTABLE,LOW,,YES,,NO,NO
dumbbell_chest_supported_row,덤벨 체스트 서포티드 로우,근력운동,광배근/능형근,후면삼각근/이두근,"벤치 또는 머신, 무게*횟수",가슴을 패드나 벤치에 기대고 당긴다. 허리 반동을 줄이고 등 근육에 집중하기 좋다.,90,bench_press,벤치프레스,PRIMARY,1,HORIZONTAL_PULL,STRENGTH,"CHEST,LAT,BACK,RHOMBOID,REAR_DELT,BICEPS",CORE,DUMBBELL|BENCH,DUMBBELL|BENCH,COMPOUND,PULL,UPPER,TRANSVERSE,BILATERAL,MODERATE,,,,GENERAL_STRENGTH_SUPPORTIVE,"SYSTEMIC,NEURAL_HEAVY,LOCAL_MUSCLE","SYSTEMIC,UPPER_PULL","ARM_ACCESSORY,CHEST_ACCESSORY,BACK_ACCESSORY,HYPERTROPHY_ACCESSORY",LUMBAR_STRESS_HIGH,MEDIUM,0.5,0.5,0,0.5,0,0,0,0,0,0,VOLUME_LOAD,HORIZONTAL_PULL_COMPOUND,CHEST,ROW,UPPER_PULL_ACCESSORY,NO,YES,GENERAL,NONE,NONE,ELBOW,LOW,MODERATE,"UPPER_PULL,SCAPULAR_STABILITY",FATIGUE|STRENGTH_PROGRESS|HYPERTROPHY_VOLUME|BALANCE,EXERCISE,PROGRAM_SELECTABLE,LOW,,YES,,NO,NO
dumbbell_farmer_carry,덤벨 파머스 캐리,기능성운동,그립/코어/보행안정성,덤벨 또는 케틀벨,무게*거리 또는 시간,"파머스 캐리: 그립/코어/보행안정성을 목표로 짧고 선명하게 수행한다. 속도보다 착지, 정지, 몸통 안정성을 먼저 확인한다.",60,파머스_캐리,파머스 캐리,PRIMARY,1,CARRY|GAIT,STABILITY,"GRIP,CORE,DEEP_CORE",DEEP_CORE,DUMBBELL,DUMBBELL,COMPOUND,CARRY,UPPER,SAGITTAL,BILATERAL,NONE,"CORE_STABILITY,TRUNK_CONTROL,LANDING_STABILITY",,"LANDING_SUPPORT,TRUNK_CONTROL_SUPPORT,GRIP_FOREARM_SUPPORT",CORE_STABILITY_SUPPORTIVE,"SYSTEMIC,NEURAL_HEAVY,LOCAL_MUSCLE,GRIP_FOREARM",GRIP_FOREARM,,MODERATE_LOAD,MEDIUM,0.5,0.5,0,0.5,0,0,0,0,0,0.75,DISTANCE_OR_TIME_LOAD,CARRY_GRIP_CORE_BRACING,FOREARM_GRIP,NONE,GRIP_FOREARM,NO,NO,SUPPORTIVE,NONE,CHANGE_OF_DIRECTION|DEFENSIVE_COVERAGE,WRIST,HIGH,LOW,GRIP_FOREARM,FATIGUE|BADMINTON_SUPPORTIVE,EXERCISE,PROGRAM_SELECTABLE,MEDIUM,,YES,,NO,NO
dumbbell_goblet_squat,덤벨 고블릿 스쿼트,기능성운동,하체힘/코어/스쿼트패턴,케틀벨 또는 덤벨,무게*횟수,"고블릿 스쿼트: 하체힘/코어/스쿼트패턴을 목표로 짧고 선명하게 수행한다. 속도보다 착지, 정지, 몸통 안정성을 먼저 확인한다.",75,squat,스쿼트,PRIMARY,1,SQUAT,STABILITY,"CORE,DEEP_CORE",DEEP_CORE,DUMBBELL,DUMBBELL,COMPOUND,SQUAT,TRUNK,SAGITTAL,BILATERAL,HIGH,"CORE_STABILITY,TRUNK_CONTROL,LANDING_STABILITY",,"LANDING_SUPPORT,TRUNK_CONTROL_SUPPORT",GENERAL_STRENGTH_SUPPORTIVE,"SYSTEMIC,NEURAL_HEAVY,LOCAL_MUSCLE","SYSTEMIC,HEAVY_LOWER,SQUAT_PATTERN","LEG_ACCESSORY,HYPERTROPHY_ACCESSORY",HIGH_AXIAL_LOAD,SHORT,0.75,0.75,0,0.5,0,0,0,0,0,0,VOLUME_LOAD,SQUAT_PATTERN_ACCESSORY,CORE,SQUAT,LOWER_ACCESSORY,NO,YES,GENERAL,NONE,NONE,"HIP,KNEE",MODERATE,MODERATE,"LOWER_PUSH,SQUAT_PATTERN,ANTERIOR_CHAIN",FATIGUE|STRENGTH_PROGRESS|HYPERTROPHY_VOLUME|BALANCE,EXERCISE,PROGRAM_SELECTABLE,MEDIUM,,YES,,NO,NO
dumbbell_lying_triceps_extension,덤벨 라잉 트라이셉스 익스텐션,근력운동,삼두근 장두,전완근/어깨안정근,"EZ바 또는 덤벨, 무게*횟수",누운 상태에서 팔꿈치를 굽혀 이마 뒤쪽으로 내렸다가 편다. 팔꿈치가 벌어지지 않게 통제한다.,75,라잉_트라이셉스_익스텐션,라잉 트라이셉스 익스텐션,PRIMARY,1,ISOLATION,HYPERTROPHY,"SHOULDER,TRICEPS,FOREARM",CORE,DUMBBELL,DUMBBELL,ISOLATION,BRACE,UPPER,SAGITTAL,BILATERAL,NONE,,,"SHOULDER_STABILITY_SUPPORT,GRIP_FOREARM_SUPPORT",NONE,"SYSTEMIC,NEURAL_HEAVY,LOCAL_MUSCLE,OVERHEAD_REPETITION,GRIP_FOREARM","SHOULDER_OVERHEAD,GRIP_FOREARM","SHOULDER_ACCESSORY,ARM_ACCESSORY,TRICEPS_ACCESSORY,TRICEPS_ISOLATION,HYPERTROPHY_ACCESSORY",SHOULDER_STRESS_LOW,SHORT,0.25,0.25,0,0.75,0,0,0,0,0.5,0.75,VOLUME_LOAD,ELBOW_EXTENSION_TRICEPS,SHOULDERS,NONE,GRIP_FOREARM,NO,YES,NONE,NONE,NONE,"SHOULDER,ELBOW,WRIST",LOW,LOW,"SHOULDER_CARE,GRIP_FOREARM",FATIGUE|HYPERTROPHY_VOLUME|BALANCE,EXERCISE,PROGRAM_SELECTABLE,MEDIUM,,YES,,NO,NO
dumbbell_overhead_triceps_extension,덤벨 오버헤드 트라이셉스 익스텐션,근력운동,삼두근 장두,전완근/코어,"덤벨 또는 케이블, 무게*횟수",팔을 머리 위에 둔 상태에서 팔꿈치를 펴 삼두를 훈련한다. 삼두 장두 보완에 좋다.,60,오버헤드_트라이셉스_익스텐션,오버헤드 트라이셉스 익스텐션,PRIMARY,1,ANTI_ROTATION,HYPERTROPHY,"TRICEPS,FOREARM,CORE",DEEP_CORE,DUMBBELL,DUMBBELL,HYBRID,BRACE,UPPER,SAGITTAL,BILATERAL,NONE,"CORE_STABILITY,ANTI_ROTATION",,"TRUNK_CONTROL_SUPPORT,GRIP_FOREARM_SUPPORT",NONE,"SYSTEMIC,NEURAL_HEAVY,LOCAL_MUSCLE,ANTI_ROTATION,GRIP_FOREARM","GRIP_FOREARM,ANTI_ROTATION","ARM_ACCESSORY,TRICEPS_ISOLATION,HYPERTROPHY_ACCESSORY",SHOULDER_STRESS_LOW,MEDIUM,0.5,0.5,0,0.75,0,0,0,0.75,0,0.75,VOLUME_LOAD,OVERHEAD_TRICEPS_LONG_HEAD,ARMS,NONE,GRIP_FOREARM,NO,YES,NONE,NONE,NONE,"ELBOW,WRIST",LOW,LOW,"ANTI_ROTATION,GRIP_FOREARM",FATIGUE|HYPERTROPHY_VOLUME|BALANCE,EXERCISE,PROGRAM_SELECTABLE,MEDIUM,,YES,,NO,NO
dumbbell_preacher_curl,덤벨 프리처 컬,근력운동,이두근,전완근,"EZ바 또는 덤벨, 무게*횟수",팔꿈치를 패드에 고정해 반동을 줄이고 컬한다. 아놀드식 팔 훈련에서 자주 보이는 이두 고립운동이다.,60,프리처_컬,프리처 컬,PRIMARY,1,ISOLATION,HYPERTROPHY,"BICEPS,FOREARM",CORE,DUMBBELL,DUMBBELL,ISOLATION,BRACE,UPPER,SAGITTAL,BILATERAL,NONE,,,GRIP_FOREARM_SUPPORT,GENERAL_STRENGTH_SUPPORTIVE,"SYSTEMIC,NEURAL_HEAVY,LOCAL_MUSCLE,GRIP_FOREARM",GRIP_FOREARM,"ARM_ACCESSORY,BICEPS_ACCESSORY,HYPERTROPHY_ACCESSORY",MODERATE_LOAD,SHORT,0.25,0.25,0,0.75,0,0,0,0,0,0.75,VOLUME_LOAD,ELBOW_FLEXION_CURL,ARMS,NONE,GRIP_FOREARM,NO,YES,GENERAL,NONE,NONE,"ELBOW,WRIST",LOW,LOW,GRIP_FOREARM,FATIGUE|HYPERTROPHY_VOLUME|BALANCE,EXERCISE,PROGRAM_SELECTABLE,MEDIUM,,YES,,NO,NO
dumbbell_rear_delt_fly,덤벨 리어델트 플라이,근력운동,후면삼각근,능형근/회전근개,"덤벨 또는 케이블, 무게*횟수",팔을 벌려 후면삼각근을 수축한다. 어깨 뒤쪽 볼륨과 견갑 안정성을 보완한다.,60,리어델트_플라이,리어델트 플라이,PRIMARY,1,ANTI_ROTATION,HYPERTROPHY,"RHOMBOID,REAR_DELT,SHOULDER,ROTATOR_CUFF,SCAPULAR_STABILIZERS,DEEP_CORE,OBLIQUE",CORE,DUMBBELL,DUMBBELL,HYBRID,BRACE,UPPER,TRANSVERSE,BILATERAL,NONE,"ANTI_ROTATION,SCAPULAR_STABILITY,ROTATOR_CUFF_CONTROL",,"SHOULDER_STABILITY_SUPPORT,ROTATOR_CUFF_SUPPORT",GENERAL_STRENGTH_SUPPORTIVE,"SYSTEMIC,NEURAL_HEAVY,LOCAL_MUSCLE,ANTI_ROTATION,OVERHEAD_REPETITION","SHOULDER_OVERHEAD,ANTI_ROTATION","SHOULDER_ACCESSORY,ARM_ACCESSORY,CHEST_ACCESSORY,HYPERTROPHY_ACCESSORY",SHOULDER_STRESS_LOW,SHORT,0.5,0.5,0,0.75,0,0,0,0.75,0.5,0,VOLUME_LOAD,POSTERIOR_DELTOID_HORIZONTAL_ABDUCTION,SHOULDERS,NONE,SHOULDER_CARE,NO,YES,GENERAL,NONE,NONE,SHOULDER,LOW,LOW,"ANTI_ROTATION,SHOULDER_CARE,SCAPULAR_STABILITY",FATIGUE|HYPERTROPHY_VOLUME|BALANCE,EXERCISE,PROGRAM_SELECTABLE,MEDIUM,,YES,,NO,NO
dumbbell_reverse_wrist_curl,덤벨 리버스 리스트 컬,근력운동,손목신전근/전완근,그립,"덤벨 또는 바벨, 무게*횟수",손등이 위를 향한 상태에서 손목을 들어 올린다. 손목 굴곡 운동과 균형을 맞춰 전완을 보강한다.,45,리버스_리스트_컬,리버스 리스트 컬,PRIMARY,1,ISOLATION,HYPERTROPHY,"BACK,FOREARM,GRIP",CORE,DUMBBELL,DUMBBELL,ISOLATION,BRACE,UPPER,SAGITTAL,BILATERAL,HIGH,,,GRIP_FOREARM_SUPPORT,GRIP_WRIST_SUPPORTIVE,"SYSTEMIC,NEURAL_HEAVY,LOCAL_MUSCLE,GRIP_FOREARM","SYSTEMIC,GRIP_FOREARM","ARM_ACCESSORY,BICEPS_ACCESSORY,BACK_ACCESSORY,HYPERTROPHY_ACCESSORY",HIGH_AXIAL_LOAD,SHORT,0.25,0.25,0,0.75,0,0,0,0,0,0.75,LOAD_REPS_OR_TIME,FOREARM_WRIST_GRIP_ACCESSORY,BACK,NONE,GRIP_FOREARM,NO,YES,SUPPORTIVE,NONE,DRIVE|NET_PLAY,WRIST,LOW,LOW,GRIP_FOREARM,ACCESSORY_VOLUME|FATIGUE|BADMINTON_SUPPORTIVE,EXERCISE,PROGRAM_SELECTABLE,MEDIUM,,YES,,NO,NO
dumbbell_romanian_deadlift,루마니안 덤벨 데드리프트,근력운동,햄스트링/둔근,척추기립근/광배근/코어,"덤벨, 무게*횟수",양손의 덤벨을 허벅지 앞이나 옆에 두고 엉덩이를 뒤로 보내며 내려간다. 좌우 독립 하중을 통제하며 햄스트링과 둔근을 훈련한다.,105,deadlift,데드리프트,PRIMARY,1.18,HINGE,STRENGTH,"HAMSTRING,GLUTE","ERECTOR_SPINAE,CORE,FOREARM",DUMBBELL,DUMBBELL,COMPOUND,HINGE,WHOLE_BODY,SAGITTAL,BILATERAL,HIGH,"CORE_STABILITY,ANTI_ROTATION,HIP_STABILITY",,HIP_STABILITY_SUPPORT|TRUNK_CONTROL_SUPPORT,NONE,"SYSTEMIC,NEURAL_HEAVY,LOCAL_MUSCLE,GRIP_FOREARM","SYSTEMIC,HEAVY_LOWER,HINGE,GRIP_FOREARM","BACK_ACCESSORY,POSTERIOR_CHAIN_ACCESSORY,HYPERTROPHY_ACCESSORY",HIGH_AXIAL_LOAD,VERY_LONG,0.75,0.75,0,0.5,0,0,0,0,0,0.5,ESTIMATED_1RM,HINGE,POSTERIOR_CHAIN,DEADLIFT,POSTERIOR_CHAIN_ACCESSORY,YES,YES,NONE,NONE,NONE,"LOW_BACK,HIP",LOW,LOW,"LOWER_PULL,HINGE,POSTERIOR_CHAIN,HIP_STABILITY","FATIGUE,STRENGTH_PROGRESS,BALANCE",TRAINING_EXERCISE,PROGRAM_SELECTABLE,HIGH,,YES,,NO,NO
dumbbell_single_leg_rdl,덤벨 원레그 루마니안 데드리프트,기능성운동,편측제어/힙힌지/균형,덤벨 또는 케틀벨,무게*횟수,앞다리에 대부분의 체중과 부하를 싣고 엉덩이를 뒤로 보내며 힙힌지한다. 반대쪽 발은 균형을 위해 뒤에 가볍게 접지할 수 있으며 앞다리의 햄스트링·둔근과 골반·몸통 안정성을 훈련한다.,90,deadlift,deadlift,PRIMARY,1,HINGE,STRENGTH,"HAMSTRING,GLUTE","ERECTOR_SPINAE,CORE",DUMBBELL,DUMBBELL,COMPOUND,HINGE,LOWER,SAGITTAL,UNILATERAL,MODERATE,"ANTI_ROTATION,TRUNK_CONTROL,HIP_STABILITY,PELVIC_STABILITY,SINGLE_LEG_STABILITY",,HIP_STABILITY_SUPPORT|TRUNK_CONTROL_SUPPORT|POSTERIOR_CHAIN_CAPACITY,LOWER_BODY_SUPPORTIVE,"SYSTEMIC,NEURAL_HEAVY,LOCAL_MUSCLE","SYSTEMIC,HEAVY_LOWER,HINGE","LEG_ACCESSORY,POSTERIOR_CHAIN_ACCESSORY,HYPERTROPHY_ACCESSORY",SINGLE_LEG_BALANCE_DEMAND,MEDIUM,0.75,0.75,0,0.5,0,0,0,0,0,0,VOLUME_LOAD,SINGLE_LEG_HINGE_STABILITY,POSTERIOR_CHAIN,DEADLIFT,POSTERIOR_CHAIN_ACCESSORY,NO,YES,SUPPORTIVE,NONE,FIRST_STEP|CHANGE_OF_DIRECTION,"LOW_BACK,HIP",HIGH,MODERATE,"LOWER_PULL,HINGE,POSTERIOR_CHAIN,UNILATERAL_LOWER,HIP_STABILITY",FATIGUE|STRENGTH_PROGRESS|HYPERTROPHY_VOLUME|BALANCE|BADMINTON_SUPPORTIVE,EXERCISE,PROGRAM_SELECTABLE,MEDIUM,exercise_images/local_downloads/single_leg_rdl.png,YES,,NO,NO
dumbbell_spider_curl,덤벨 스파이더 컬,근력운동,이두근,전완근,"인클라인 벤치/덤벨 또는 EZ바, 무게*횟수",가슴을 벤치에 기대고 팔을 아래로 늘어뜨린 뒤 컬한다. 반동을 줄이고 상단 수축을 명확히 만든다.,60,bench_press,벤치프레스,PRIMARY,1.22,ISOLATION,HYPERTROPHY,"CHEST,BICEPS,FOREARM",CORE,DUMBBELL|BENCH,DUMBBELL|BENCH,ISOLATION,BRACE,UPPER,SAGITTAL,BILATERAL,NONE,,,GRIP_FOREARM_SUPPORT,GENERAL_STRENGTH_SUPPORTIVE,"SYSTEMIC,NEURAL_HEAVY,LOCAL_MUSCLE,GRIP_FOREARM",GRIP_FOREARM,"ARM_ACCESSORY,BICEPS_ACCESSORY,CHEST_ACCESSORY,HYPERTROPHY_ACCESSORY",MODERATE_LOAD,SHORT,0.25,0.25,0,0.75,0,0,0,0,0,0.75,VOLUME_LOAD,ELBOW_FLEXION_CURL,CHEST,NONE,GRIP_FOREARM,NO,YES,GENERAL,NONE,NONE,"ELBOW,WRIST",LOW,LOW,GRIP_FOREARM,FATIGUE|HYPERTROPHY_VOLUME|BALANCE,EXERCISE,PROGRAM_SELECTABLE,MEDIUM,,YES,,NO,NO
dumbbell_woodchop,덤벨 우드찹,기능성운동,복사근/코어,둔근/어깨/전완,"덤벨, 무게*횟수",덤벨을 대각선으로 이동하며 골반과 몸통 회전을 연결하고 끝 범위를 제어한다.,60,덤벨_우드찹,덤벨 우드찹,PRIMARY,1,ROTATION,STABILITY,"SHOULDER,FOREARM,GLUTE,CORE,OBLIQUE",DEEP_CORE,DUMBBELL,DUMBBELL,HYBRID,ROTATE,WHOLE_BODY,TRANSVERSE,UNILATERAL,NONE,"CORE_STABILITY,ANTI_ROTATION,TRUNK_CONTROL,HIP_STABILITY,PELVIC_STABILITY",,"HIP_STABILITY_SUPPORT,TRUNK_CONTROL_SUPPORT,SHOULDER_STABILITY_SUPPORT,GRIP_FOREARM_SUPPORT","ROTATION_POWER,GRIP_FOREARM,SHOULDER_CARE","SYSTEMIC,NEURAL_HEAVY,LOCAL_MUSCLE,ROTATION_POWER,OVERHEAD_REPETITION,GRIP_FOREARM","SHOULDER_OVERHEAD,GRIP_FOREARM,ROTATION_POWER","SHOULDER_ACCESSORY,ARM_ACCESSORY,POSTERIOR_CHAIN_ACCESSORY,HYPERTROPHY_ACCESSORY",SHOULDER_STRESS_LOW,SHORT,0.5,0.5,0,0.5,0,0,0.75,0,0.5,0.75,QUALITY_BASED,CORE,SHOULDERS,NONE,GRIP_FOREARM,NO,NO,SUPPORTIVE,NONE,"ROTATION_SEQUENCING,GRIP_ENDURANCE,SHOULDER_DURABILITY","SHOULDER,WRIST,HIP",HIGH,MODERATE,"ROTATION,UNILATERAL_LOWER,SHOULDER_CARE,GRIP_FOREARM,HIP_STABILITY","FATIGUE,BADMINTON_TRANSFER,BALANCE",TRAINING_EXERCISE,PROGRAM_SELECTABLE,HIGH,,YES,,NO,NO
ex_1052e9fa,스미스 머신 런지,근력운동,대퇴사두근/둔근,햄스트링/내전근,"스미스 머신, 무게*횟수",고정 궤도에서 런지 자세로 내려갔다 올라온다. 균형 부담을 낮추고 한쪽 다리 자극을 명확히 한다.,90,lunge,lunge,PRIMARY,1,SQUAT,STRENGTH,"QUADRICEPS,HAMSTRING,GLUTE,HIP_ADDUCTOR",CORE,"SMITH_MACHINE,MACHINE,TRX_RING","SMITH_MACHINE,MACHINE,TRX_RING",COMPOUND,SQUAT,LOWER,SAGITTAL,UNILATERAL,MODERATE,HIP_STABILITY,,"DECELERATION_SUPPORT,HIP_STABILITY_SUPPORT,SINGLE_LEG_STRENGTH_SUPPORT",NONE,"SYSTEMIC,NEURAL_HEAVY,LOCAL_MUSCLE","SYSTEMIC,HEAVY_LOWER,SQUAT_PATTERN","LEG_ACCESSORY,POSTERIOR_CHAIN_ACCESSORY,HYPERTROPHY_ACCESSORY",SINGLE_LEG_BALANCE_DEMAND,VERY_LONG,0.75,0.75,0,0.5,0,0,0,0,0,0,ESTIMATED_1RM,SQUAT,QUADS,SQUAT,LOWER_ACCESSORY,YES,YES,NONE,NONE,NONE,"HIP,KNEE",HIGH,LOW,"LOWER_PUSH,SQUAT_PATTERN,ANTERIOR_CHAIN,UNILATERAL_LOWER,HIP_STABILITY,KNEE_CONTROL","FATIGUE,STRENGTH_PROGRESS,BALANCE",TRAINING_EXERCISE,PROGRAM_SELECTABLE,HIGH,,YES,,NO,NO
ex_149730de,발목/고관절 가동성,기능성운동,가동성/착지준비/부상예방,맨몸,시간,발목과 고관절을 부드럽게 움직여 풋워크 전 관절 범위를 확보한다. 고강도 점프 전 준비운동으로 쓴다.,30,발목_고관절_가동성,발목 고관절 가동성,PRIMARY,1,MOBILITY,MOBILITY,CALF,CORE,BODYWEIGHT,BODYWEIGHT,HYBRID,BRACE,LOWER,SAGITTAL,BILATERAL,LOW,"ANKLE_STABILITY,LANDING_STABILITY",,"LANDING_SUPPORT,BADMINTON_SUPPORT_LIGHT,ANKLE_SSC_SUPPORT",NONE,"SYSTEMIC,NEURAL_HEAVY,LOCAL_MUSCLE",RECOVERY_LOW_LOAD,,LOW_LOAD,MINIMAL,0.5,0.5,0,0.5,0,0,0,0,0,0,NOT_PROGRESS_TARGET,NONE,CALVES,NONE,NONE,NO,NO,NONE,NONE,NONE,ANKLE_ACHILLES,LOW,HIGH,CALF_ACHILLES,"FATIGUE,BALANCE",TRAINING_EXERCISE,PROGRAM_SELECTABLE,HIGH,,YES,,NO,NO
ex_16b298db,미니밴드 사이드워크,기능성운동,중둔근/골반안정성,미니밴드,거리 또는 횟수,무릎이나 발목에 밴드를 걸고 옆으로 걷는다. 러닝과 스쿼트에서 골반이 무너지는 것을 줄이는 보조운동이다.,45,미니밴드_사이드워크,미니밴드 사이드워크,PRIMARY,1,ISOLATION,STABILITY,"GLUTE_MEDIUS,GLUTE,CALF,DEEP_CORE",CORE,BAND,BAND,ISOLATION,BRACE,LOWER,FRONTAL,UNILATERAL,HIGH,"HIP_STABILITY,PELVIC_STABILITY,KNEE_CONTROL,ANKLE_STABILITY",,"COD_SUPPORT,HIP_STABILITY_SUPPORT,ANKLE_SSC_SUPPORT",NONE,"SYSTEMIC,NEURAL_HEAVY,LOCAL_MUSCLE",SYSTEMIC,"LEG_ACCESSORY,POSTERIOR_CHAIN_ACCESSORY,HYPERTROPHY_ACCESSORY",HIGH_AXIAL_LOAD,MEDIUM,0.25,0.25,0,0.75,0,0,0,0,0,0,VOLUME_LOAD,NONE,GLUTES,NONE,NONE,NO,YES,NONE,NONE,NONE,"HIP,ANKLE_ACHILLES",HIGH,LOW,"UNILATERAL_LOWER,CALF_ACHILLES,HIP_STABILITY","FATIGUE,HYPERTROPHY_VOLUME,BALANCE",TRAINING_EXERCISE,PROGRAM_SELECTABLE,HIGH,,YES,,NO,NO
ex_1a4858d7,농구,스포츠,중강도,60분,시간,농구: 실제 종목 동작에 가깝게 수행한다. 시간과 강도를 기록해 다음 훈련의 기준으로 삼는다.,30,sport,sport,PRIMARY,1,JUMP,PLYOMETRIC,"QUADRICEPS,GLUTE,CALF,SHOULDER,CORE",CORE,BODYWEIGHT,BODYWEIGHT,COMPOUND,LAND,WHOLE_BODY,MULTI_PLANAR,UNILATERAL,NONE,,,,JUMP_LANDING,"SYSTEMIC,NEURAL_HEAVY,NEURAL_SPEED,LOCAL_MUSCLE,ELASTIC_SSC,OVERHEAD_REPETITION","SHOULDER_OVERHEAD,BADMINTON_COURT,ELASTIC_SSC",,MODERATE_LOAD,LONG,0.5,0.5,0.5,0.5,0,0.75,0,0,0.5,0,QUALITY_BASED,NONE,SHOULDERS,NONE,BADMINTON_SUPPORT,NO,NO,DIRECT,"JUMP_LANDING,RECOVERY_STEP",JUMP_LANDING_CONTROL,"SHOULDER,HIP,KNEE,ANKLE_ACHILLES",HIGH,LOW,"UNILATERAL_LOWER,SHOULDER_CARE,CALF_ACHILLES,HIP_STABILITY,KNEE_CONTROL,ANKLE_STIFFNESS","FATIGUE,BADMINTON_TRANSFER,BALANCE",SPORT_SESSION,FATIGUE_ONLY,HIGH,,YES,,NO,NO
ex_1a4bbdcf,축구,스포츠,중강도,60분,시간,축구: 실제 종목 동작에 가깝게 수행한다. 시간과 강도를 기록해 다음 훈련의 기준으로 삼는다.,30,sport,sport,PRIMARY,1,LOCOMOTION,SKILL_DRILL,"QUADRICEPS,GLUTE,CALF,SHOULDER,CORE",CORE,BODYWEIGHT,BODYWEIGHT,COMPOUND,ACCELERATE,WHOLE_BODY,MULTI_PLANAR,UNILATERAL,NONE,,,,CONDITIONING,"SYSTEMIC,NEURAL_HEAVY,NEURAL_SPEED,LOCAL_MUSCLE,OVERHEAD_REPETITION","SHOULDER_OVERHEAD,BADMINTON_COURT",,MODERATE_LOAD,MEDIUM,0.5,0.5,0.5,0.5,0,0,0,0,0.5,0,QUALITY_BASED,NONE,SHOULDERS,NONE,BADMINTON_SUPPORT,NO,NO,GENERAL,RECOVERY_STEP,CONDITIONING,"SHOULDER,HIP,KNEE,ANKLE_ACHILLES",HIGH,LOW,"UNILATERAL_LOWER,SHOULDER_CARE,CALF_ACHILLES,HIP_STABILITY,KNEE_CONTROL","FATIGUE,BADMINTON_TRANSFER,BALANCE",SPORT_SESSION,FATIGUE_ONLY,HIGH,,YES,,NO,NO
ex_1c7f2342,랜덤 풋워크,기능성운동,랜덤반응/풋워크/방향전환/회복,코트/콘,시간,정해진 순서 없이 여러 방향으로 움직이고 중앙으로 회복한다. 경기 상황에 가까운 풋워크 품질을 본다.,60,badminton_footwork,badminton footwork,PRIMARY,1,FOOTWORK,REACTIVE,CORE,DEEP_CORE,CONE_MARKER,CONE_MARKER,DRILL,ACCELERATE,TRUNK,MULTI_PLANAR,UNILATERAL,NONE,,,"COD_SUPPORT,BADMINTON_SUPPORT_LIGHT","FOOTWORK,REACTION,DECELERATION","SYSTEMIC,NEURAL_HEAVY,NEURAL_SPEED,LOCAL_MUSCLE,DECELERATION","BADMINTON_COURT,DECELERATION",,MODERATE_LOAD,LONG,0.5,0.5,0.75,0.5,0.75,0,0,0,0,0,QUALITY_BASED,BADMINTON_TEST,CORE,NONE,BADMINTON_SUPPORT,NO,NO,DIRECT,"MULTI_DIRECTION,FIRST_STEP,REACTION_RANDOM,DECELERATION,RECOVERY_STEP","FOOTWORK_SPEED,FIRST_STEP_REACTION,DECELERATION_CONTROL","KNEE,ANKLE_ACHILLES",HIGH,LOW,"UNILATERAL_LOWER,ANKLE_STIFFNESS","FATIGUE,BADMINTON_TRANSFER,BALANCE",TRAINING_EXERCISE,PROGRAM_SELECTABLE,HIGH,,YES,,NO,NO
ex_1cf51b6b,노르딕 햄스트링 컬,기능성운동,햄스트링/감속/후면사슬,파트너 또는 고정대,횟수,무릎을 고정하고 몸을 천천히 앞으로 내린다. 급정지와 감속에서 햄스트링 보호 능력을 기른다.,90,노르딕_햄스트링_컬,노르딕 햄스트링 컬,PRIMARY,1,BOUND,PLYOMETRIC,HAMSTRING,CORE,TRX_RING,TRX_RING,DRILL,DECELERATE,LOWER,SAGITTAL,BILATERAL,LOW,KNEE_CONTROL,,DECELERATION_SUPPORT,JUMP_LANDING,"SYSTEMIC,NEURAL_HEAVY,NEURAL_SPEED,LOCAL_MUSCLE,DECELERATION,ELASTIC_SSC","BADMINTON_COURT,DECELERATION,ELASTIC_SSC","ARM_ACCESSORY,BICEPS_ACCESSORY,POSTERIOR_CHAIN_ACCESSORY,HYPERTROPHY_ACCESSORY",LOW_LOAD,LONG,0.5,0.5,0.5,0.5,0.75,0.75,0,0,0,0,QUALITY_BASED,NONE,POSTERIOR_CHAIN,NONE,BADMINTON_SUPPORT,NO,NO,DIRECT,"JUMP_LANDING,RECOVERY_STEP",JUMP_LANDING_CONTROL,ANKLE_ACHILLES,HIGH,LOW,ANKLE_STIFFNESS,"FATIGUE,BADMINTON_TRANSFER,BALANCE",TRAINING_EXERCISE,PROGRAM_SELECTABLE,HIGH,,YES,,NO,NO
ex_1dbee10e,머신 체스트프레스,근력운동,대흉근,삼두근/전면삼각근/견갑고정,"머신, 무게*횟수",등과 견갑을 패드에 안정적으로 고정하고 손잡이를 앞으로 민다. 초보자가 가슴 프레스 패턴을 안전하게 익히기 좋다.,90,bench_press,bench press,PRIMARY,1,PUSH_HORIZONTAL,STRENGTH,"CHEST,BACK,ANTERIOR_DELTOID,SCAPULAR_STABILIZERS,TRICEPS",CORE,MACHINE,MACHINE,COMPOUND,PUSH,UPPER,TRANSVERSE,BILATERAL,NONE,SCAPULAR_STABILITY,,SHOULDER_STABILITY_SUPPORT,SHOULDER_CARE,"SYSTEMIC,NEURAL_HEAVY,LOCAL_MUSCLE,OVERHEAD_REPETITION","UPPER_PUSH,SHOULDER_OVERHEAD","SHOULDER_ACCESSORY,ARM_ACCESSORY,TRICEPS_ACCESSORY,TRICEPS_ISOLATION,CHEST_ACCESSORY,BACK_ACCESSORY,HYPERTROPHY_ACCESSORY",MODERATE_LOAD,SHORT,0.5,0.5,0,0.5,0,0,0,0,0.5,0,ESTIMATED_1RM,UPPER_PUSH_HORIZONTAL,CHEST,BENCH_PRESS,SHOULDER_CARE,YES,YES,SUPPORTIVE,NONE,SHOULDER_DURABILITY,"SHOULDER,ELBOW",LOW,LOW,"UPPER_PUSH,SCAPULAR_STABILITY","FATIGUE,STRENGTH_PROGRESS,BADMINTON_TRANSFER,BALANCE",TRAINING_EXERCISE,PROGRAM_SELECTABLE,HIGH,,YES,,NO,NO
ex_2055b629,애질리티 래더,기능성운동,발빠름/협응/리듬,래더,시간,"애질리티 래더: 발빠름/협응/리듬을 목표로 짧고 선명하게 수행한다. 속도보다 착지, 정지, 몸통 안정성을 먼저 확인한다.",45,애질리티_래더,애질리티 래더,PRIMARY,1,FOOTWORK,REACTIVE,"CORE,DEEP_CORE",DEEP_CORE,CONE_MARKER,CONE_MARKER,DRILL,ACCELERATE,TRUNK,MULTI_PLANAR,UNILATERAL,NONE,"TRUNK_CONTROL,LANDING_STABILITY",,"LANDING_SUPPORT,TRUNK_CONTROL_SUPPORT","FOOTWORK,REACTION,DECELERATION","SYSTEMIC,NEURAL_HEAVY,NEURAL_SPEED,LOCAL_MUSCLE,DECELERATION","BADMINTON_COURT,DECELERATION",,MODERATE_LOAD,LONG,0.5,0.5,0.75,0.5,0.75,0,0,0,0,0,QUALITY_BASED,BADMINTON_TEST,CORE,NONE,BADMINTON_SUPPORT,NO,NO,DIRECT,"MULTI_DIRECTION,FIRST_STEP,REACTION_RANDOM,DECELERATION,RECOVERY_STEP","FOOTWORK_SPEED,FIRST_STEP_REACTION,DECELERATION_CONTROL","KNEE,ANKLE_ACHILLES",HIGH,LOW,"UNILATERAL_LOWER,ANKLE_STIFFNESS","FATIGUE,BADMINTON_TRANSFER,BALANCE",TRAINING_EXERCISE,PROGRAM_SELECTABLE,HIGH,,YES,,NO,NO
ex_216351a1,가벼운 콕줍기,기능성운동,회복/가벼운풋워크/리듬,셔틀콕/코트,시간 또는 반복,낮은 강도로 셔틀콕을 줍고 중앙으로 돌아온다. 피로가 큰 주에 움직임 감각만 유지하는 드릴이다.,45,badminton_footwork,badminton footwork,PRIMARY,1,FOOTWORK,REACTIVE,CORE,DEEP_CORE,CONE_MARKER,CONE_MARKER,DRILL,ACCELERATE,TRUNK,MULTI_PLANAR,UNILATERAL,NONE,,"BADMINTON_FOOTWORK,CHANGE_OF_DIRECTION,COURT_CONDITIONING",BADMINTON_SUPPORT_LIGHT,"FOOTWORK,CONDITIONING","SYSTEMIC,NEURAL_HEAVY,NEURAL_SPEED,LOCAL_MUSCLE,DECELERATION","BADMINTON_COURT,DECELERATION",,MODERATE_LOAD,MEDIUM,0.5,0.5,0.75,0.5,0.5,0,0,0,0,0,QUALITY_BASED,BADMINTON_TEST,CORE,NONE,BADMINTON_SUPPORT,NO,NO,DIRECT,"MULTI_DIRECTION,FIRST_STEP,RECOVERY_STEP","FOOTWORK_SPEED,CONDITIONING","KNEE,ANKLE_ACHILLES",HIGH,LOW,"UNILATERAL_LOWER,ANKLE_STIFFNESS","FATIGUE,BADMINTON_TRANSFER,BALANCE",TRAINING_EXERCISE,PROGRAM_SELECTABLE,HIGH,,YES,,NO,NO
ex_27b3deb5,클로즈그립 벤치프레스,근력운동,삼두근/대흉근,전면삼각근,"바벨, 무게*횟수",일반 벤치보다 손 간격을 좁혀 밀어 올린다. 손목과 어깨가 불편하면 간격을 조금 넓혀 조절한다.,120,bench_press,벤치프레스,PRIMARY,1.05,PUSH_HORIZONTAL,STRENGTH,"CHEST,ANTERIOR_DELTOID,SHOULDER,TRICEPS,FOREARM,GRIP",CORE,"BARBELL,BENCH","BARBELL,BENCH",COMPOUND,PUSH,UPPER,TRANSVERSE,BILATERAL,HIGH,,,"SHOULDER_STABILITY_SUPPORT,GRIP_FOREARM_SUPPORT","GRIP_FOREARM,SHOULDER_CARE","SYSTEMIC,NEURAL_HEAVY,LOCAL_MUSCLE,OVERHEAD_REPETITION,GRIP_FOREARM","SYSTEMIC,UPPER_PUSH,SHOULDER_OVERHEAD,GRIP_FOREARM","SHOULDER_ACCESSORY,ARM_ACCESSORY,TRICEPS_ACCESSORY,TRICEPS_ISOLATION,CHEST_ACCESSORY,HYPERTROPHY_ACCESSORY",HIGH_AXIAL_LOAD,SHORT,0.5,0.5,0,0.5,0,0,0,0,0.5,0.75,ESTIMATED_1RM,UPPER_PUSH_HORIZONTAL,CHEST,BENCH_PRESS,GRIP_FOREARM,YES,YES,SUPPORTIVE,NONE,"GRIP_ENDURANCE,SHOULDER_DURABILITY","SHOULDER,ELBOW,WRIST",LOW,LOW,"UPPER_PUSH,SHOULDER_CARE,GRIP_FOREARM","FATIGUE,STRENGTH_PROGRESS,BADMINTON_TRANSFER,BALANCE",TRAINING_EXERCISE,PROGRAM_SELECTABLE,HIGH,,YES,,NO,NO
ex_281347da,덤벨 컬,근력운동,이두근,전완근,"덤벨, 무게*횟수","덤벨 컬: 자세와 관절 정렬을 유지한 채 반복한다. 주동근은 이두근이고, 전완근이 흔들리지 않게 보조한다.",60,덤벨_컬,덤벨 컬,PRIMARY,1,ISOLATION,HYPERTROPHY,"BICEPS,FOREARM",CORE,DUMBBELL,DUMBBELL,ISOLATION,BRACE,UPPER,SAGITTAL,BILATERAL,NONE,,,GRIP_FOREARM_SUPPORT,GRIP_FOREARM,"SYSTEMIC,NEURAL_HEAVY,LOCAL_MUSCLE,GRIP_FOREARM",GRIP_FOREARM,"ARM_ACCESSORY,BICEPS_ACCESSORY,HYPERTROPHY_ACCESSORY",MODERATE_LOAD,MEDIUM,0.25,0.25,0,0.75,0,0,0,0,0,0.75,VOLUME_LOAD,NONE,ARMS,NONE,GRIP_FOREARM,NO,YES,SUPPORTIVE,NONE,GRIP_ENDURANCE,"ELBOW,WRIST",LOW,LOW,GRIP_FOREARM,"FATIGUE,HYPERTROPHY_VOLUME,BADMINTON_TRANSFER,BALANCE",TRAINING_EXERCISE,PROGRAM_SELECTABLE,HIGH,,YES,,NO,NO
ex_2822ec2e,레그 컬,근력운동,햄스트링,종아리/무릎안정근,"머신, 무게*횟수",머신에서 무릎을 굽혀 햄스트링을 수축한다. 하체 후면 볼륨과 무릎 안정성 보완에 좋다.,60,레그_컬,레그 컬,PRIMARY,1,ISOLATION,HYPERTROPHY,"HAMSTRING,CALF,DEEP_CORE",CORE,"MACHINE,TRX_RING","MACHINE,TRX_RING",ISOLATION,BRACE,LOWER,SAGITTAL,BILATERAL,NONE,"KNEE_CONTROL,ANKLE_STABILITY",,ANKLE_SSC_SUPPORT,NONE,"SYSTEMIC,NEURAL_HEAVY,LOCAL_MUSCLE",HINGE,"ARM_ACCESSORY,BICEPS_ACCESSORY,LEG_ACCESSORY,POSTERIOR_CHAIN_ACCESSORY,HYPERTROPHY_ACCESSORY",MODERATE_LOAD,MEDIUM,0.25,0.25,0,0.75,0,0,0,0,0,0,VOLUME_LOAD,NONE,POSTERIOR_CHAIN,NONE,NONE,NO,YES,NONE,NONE,NONE,ANKLE_ACHILLES,LOW,LOW,CALF_ACHILLES,"FATIGUE,HYPERTROPHY_VOLUME,BALANCE",TRAINING_EXERCISE,PROGRAM_SELECTABLE,HIGH,,YES,,NO,NO
ex_282a9d87,링 로우,근력운동,광배근/능형근,후면삼각근/이두근/코어,"링 또는 스트랩, 횟수",링을 잡고 몸을 당긴다. 손목과 어깨 각도를 자연스럽게 조절할 수 있어 견갑 안정성 확인에 좋다.,75,row,로우,PRIMARY,1,PULL_HORIZONTAL,STRENGTH,"LAT,RHOMBOID,REAR_DELT,SHOULDER,SCAPULAR_STABILIZERS,BICEPS,FOREARM,CORE,DEEP_CORE",DEEP_CORE,TRX_RING,TRX_RING,COMPOUND,PULL,UPPER,TRANSVERSE,BILATERAL,NONE,"CORE_STABILITY,ANTI_ROTATION,SCAPULAR_STABILITY",,"TRUNK_CONTROL_SUPPORT,SHOULDER_STABILITY_SUPPORT,GRIP_FOREARM_SUPPORT","GRIP_FOREARM,SHOULDER_CARE","SYSTEMIC,NEURAL_HEAVY,LOCAL_MUSCLE,OVERHEAD_REPETITION,GRIP_FOREARM","UPPER_PULL,SHOULDER_OVERHEAD,GRIP_FOREARM","SHOULDER_ACCESSORY,ARM_ACCESSORY,BACK_ACCESSORY,HYPERTROPHY_ACCESSORY",SHOULDER_STRESS_LOW,SHORT,0.5,0.5,0,0.5,0,0,0,0,0.5,0.75,ESTIMATED_1RM,UPPER_PULL_HORIZONTAL,BACK,ROW,GRIP_FOREARM,YES,YES,SUPPORTIVE,NONE,"GRIP_ENDURANCE,SHOULDER_DURABILITY","SHOULDER,ELBOW,WRIST",LOW,LOW,"UPPER_PULL,SHOULDER_CARE,SCAPULAR_STABILITY,GRIP_FOREARM","FATIGUE,STRENGTH_PROGRESS,BADMINTON_TRANSFER,BALANCE",TRAINING_EXERCISE,PROGRAM_SELECTABLE,HIGH,,YES,,NO,NO
ex_28347c1f,버드독,근력운동,심부코어/척추안정근,둔근/견갑안정근,"맨몸, 좌우 횟수",네발기기 자세에서 반대 팔과 다리를 뻗는다. 골반이 돌아가지 않게 버티며 몸통 안정성을 훈련한다.,45,버드독,버드독,PRIMARY,1,ANTI_ROTATION,STABILITY,"SCAPULAR_STABILIZERS,GLUTE,CORE,DEEP_CORE",DEEP_CORE,BODYWEIGHT,BODYWEIGHT,HYBRID,BRACE,WHOLE_BODY,TRANSVERSE,UNILATERAL,MODERATE,"CORE_STABILITY,ANTI_ROTATION,TRUNK_CONTROL,HIP_STABILITY,PELVIC_STABILITY,SCAPULAR_STABILITY",,"HIP_STABILITY_SUPPORT,TRUNK_CONTROL_SUPPORT,SHOULDER_STABILITY_SUPPORT","ANTI_ROTATION_STABILITY,SHOULDER_CARE","SYSTEMIC,NEURAL_HEAVY,LOCAL_MUSCLE,ANTI_ROTATION,OVERHEAD_REPETITION","SYSTEMIC,SHOULDER_OVERHEAD,ANTI_ROTATION","SHOULDER_ACCESSORY,ARM_ACCESSORY,POSTERIOR_CHAIN_ACCESSORY,HYPERTROPHY_ACCESSORY",LUMBAR_STRESS_HIGH,SHORT,0.5,0.5,0,0.5,0,0,0,0.75,0.5,0,QUALITY_BASED,CORE,GLUTES,NONE,SHOULDER_CARE,NO,NO,SUPPORTIVE,NONE,"ANTI_ROTATION_STABILITY,SHOULDER_DURABILITY",HIP,HIGH,LOW,"ANTI_ROTATION,UNILATERAL_LOWER,SCAPULAR_STABILITY,HIP_STABILITY","FATIGUE,BADMINTON_TRANSFER,BALANCE",TRAINING_EXERCISE,PROGRAM_SELECTABLE,HIGH,,YES,,NO,NO
ex_284ecca6,슈퍼맨,근력운동,척추기립근/둔근,햄스트링/견갑안정근,"맨몸, 횟수 또는 시간",엎드려 팔과 다리를 들어 올린다. 허리를 과하게 꺾기보다 등 뒤쪽 근육을 부드럽게 수축한다.,45,슈퍼맨,슈퍼맨,PRIMARY,1,HINGE,HYPERTROPHY,"BACK,SCAPULAR_STABILIZERS,HAMSTRING,GLUTE,ERECTOR_SPINAE",CORE,"TRX_RING,BODYWEIGHT","TRX_RING,BODYWEIGHT",COMPOUND,HINGE,WHOLE_BODY,SAGITTAL,BILATERAL,MODERATE,"HIP_STABILITY,SCAPULAR_STABILITY",,"HIP_STABILITY_SUPPORT,SHOULDER_STABILITY_SUPPORT",SHOULDER_CARE,"SYSTEMIC,NEURAL_HEAVY,LOCAL_MUSCLE,OVERHEAD_REPETITION","SYSTEMIC,HEAVY_LOWER,HINGE,SHOULDER_OVERHEAD","SHOULDER_ACCESSORY,ARM_ACCESSORY,BACK_ACCESSORY,POSTERIOR_CHAIN_ACCESSORY,HYPERTROPHY_ACCESSORY",LUMBAR_STRESS_HIGH,VERY_LONG,0.75,0.75,0,0.75,0,0,0,0,0.5,0,VOLUME_LOAD,HINGE,BACK,DEADLIFT,SHOULDER_CARE,NO,YES,SUPPORTIVE,NONE,SHOULDER_DURABILITY,"LOW_BACK,HIP",LOW,LOW,"LOWER_PULL,HINGE,POSTERIOR_CHAIN,SCAPULAR_STABILITY,HIP_STABILITY","FATIGUE,HYPERTROPHY_VOLUME,BADMINTON_TRANSFER,BALANCE",TRAINING_EXERCISE,PROGRAM_SELECTABLE,HIGH,,YES,,NO,NO
ex_28902b13,푸시업,근력운동,대흉근,삼두근/전면삼각근/코어,"맨몸, 횟수","푸시업: 자세와 관절 정렬을 유지한 채 반복한다. 주동근은 대흉근이고, 삼두근/전면삼각근/코어이 흔들리지 않게 보조한다.",60,푸시업,푸시업,PRIMARY,1,PUSH_HORIZONTAL,STRENGTH,"CHEST,ANTERIOR_DELTOID,TRICEPS,CORE",DEEP_CORE,BODYWEIGHT,BODYWEIGHT,COMPOUND,PUSH,UPPER,TRANSVERSE,BILATERAL,NONE,"CORE_STABILITY,ANTI_ROTATION",,TRUNK_CONTROL_SUPPORT,NONE,"SYSTEMIC,NEURAL_HEAVY,LOCAL_MUSCLE",UPPER_PUSH,"ARM_ACCESSORY,TRICEPS_ISOLATION,CHEST_ACCESSORY,HYPERTROPHY_ACCESSORY",MODERATE_LOAD,SHORT,0.5,0.5,0,0.5,0,0,0,0,0,0,ESTIMATED_1RM,UPPER_PUSH_HORIZONTAL,CHEST,BENCH_PRESS,UPPER_PUSH_ACCESSORY,YES,YES,NONE,NONE,NONE,"SHOULDER,ELBOW",LOW,LOW,UPPER_PUSH,"FATIGUE,STRENGTH_PROGRESS,BALANCE",TRAINING_EXERCISE,PROGRAM_SELECTABLE,HIGH,,YES,,NO,NO
ex_2892da5a,해머 컬,근력운동,상완요골근/이두근,전완근,"덤벨, 무게*횟수",엄지가 위를 향하게 들고 컬한다. 팔 두께와 그립 보조에 좋고 배드민턴 전완 보강에도 쓸 수 있다.,60,해머_컬,해머 컬,PRIMARY,1,ISOLATION,HYPERTROPHY,"BICEPS,FOREARM,GRIP",CORE,DUMBBELL,DUMBBELL,ISOLATION,BRACE,UPPER,SAGITTAL,BILATERAL,NONE,,,"BADMINTON_SUPPORT_LIGHT,GRIP_FOREARM_SUPPORT",GRIP_FOREARM,"SYSTEMIC,NEURAL_HEAVY,LOCAL_MUSCLE,GRIP_FOREARM",GRIP_FOREARM,"ARM_ACCESSORY,BICEPS_ACCESSORY,HYPERTROPHY_ACCESSORY",MODERATE_LOAD,MEDIUM,0.25,0.25,0,0.75,0,0,0,0,0,0.75,VOLUME_LOAD,NONE,ARMS,NONE,GRIP_FOREARM,NO,YES,SUPPORTIVE,NONE,GRIP_ENDURANCE,"ELBOW,WRIST",LOW,LOW,GRIP_FOREARM,"FATIGUE,HYPERTROPHY_VOLUME,BADMINTON_TRANSFER,BALANCE",TRAINING_EXERCISE,PROGRAM_SELECTABLE,HIGH,,YES,,NO,NO
ex_2a826c82,할로우 바디 홀드,근력운동,복직근/심부코어,고관절굴곡근,"맨몸, 시간",허리를 바닥에 붙이고 팔과 다리를 뻗은 채 버틴다. 몸통이 꺾이지 않는 기본 코어 긴장을 만든다.,45,row,로우,PRIMARY,1,ANTI_ROTATION,STABILITY,"CORE,DEEP_CORE",DEEP_CORE,BODYWEIGHT,BODYWEIGHT,HYBRID,BRACE,TRUNK,SAGITTAL,BILATERAL,MODERATE,"CORE_STABILITY,ANTI_ROTATION,TRUNK_CONTROL",,TRUNK_CONTROL_SUPPORT,ANTI_ROTATION_STABILITY,"SYSTEMIC,NEURAL_HEAVY,LOCAL_MUSCLE,ANTI_ROTATION","SYSTEMIC,ANTI_ROTATION","ARM_ACCESSORY,BACK_ACCESSORY,HYPERTROPHY_ACCESSORY",LUMBAR_STRESS_HIGH,SHORT,0.5,0.5,0,0.5,0,0,0,0.75,0,0,QUALITY_BASED,CORE,CORE,NONE,CORE_STABILITY,NO,NO,SUPPORTIVE,NONE,ANTI_ROTATION_STABILITY,,HIGH,LOW,ANTI_ROTATION,"FATIGUE,BADMINTON_TRANSFER,BALANCE",TRAINING_EXERCISE,PROGRAM_SELECTABLE,HIGH,,YES,,NO,NO
ex_2f3b56d0,테니스,스포츠,중강도,60분,시간,테니스: 실제 종목 동작에 가깝게 수행한다. 시간과 강도를 기록해 다음 훈련의 기준으로 삼는다.,30,sport,sport,PRIMARY,1,ROTATION,SKILL_DRILL,"QUADRICEPS,GLUTE,CALF,SHOULDER,CORE",CORE,BODYWEIGHT,BODYWEIGHT,HYBRID,ROTATE,WHOLE_BODY,MULTI_PLANAR,UNILATERAL,NONE,,,,ROTATION_POWER,"SYSTEMIC,NEURAL_HEAVY,LOCAL_MUSCLE,ROTATION_POWER,OVERHEAD_REPETITION","SHOULDER_OVERHEAD,ROTATION_POWER",,MODERATE_LOAD,SHORT,0.5,0.5,0,0.5,0,0,0.75,0,0.5,0,QUALITY_BASED,CORE,SHOULDERS,NONE,NONE,NO,NO,SUPPORTIVE,NONE,ROTATION_SEQUENCING,"SHOULDER,HIP,KNEE,ANKLE_ACHILLES",HIGH,MODERATE,"ROTATION,UNILATERAL_LOWER,SHOULDER_CARE,CALF_ACHILLES,HIP_STABILITY,KNEE_CONTROL","FATIGUE,BADMINTON_TRANSFER,BALANCE",SPORT_SESSION,FATIGUE_ONLY,HIGH,,YES,,NO,NO
ex_30a0e9aa,원암 덤벨 로우,근력운동,광배근/능형근,후면삼각근/이두근/코어,"덤벨, 한팔 무게*횟수",한 손과 무릎을 벤치에 대고 덤벨을 옆구리로 당긴다. 좌우 등 힘 차이와 견갑 제어를 보기 좋다.,75,row,로우,PRIMARY,1.12,PULL_HORIZONTAL,STRENGTH,"LAT,BACK,RHOMBOID,REAR_DELT,SCAPULAR_STABILIZERS,BICEPS,CORE",DEEP_CORE,"DUMBBELL,BENCH","DUMBBELL,BENCH",COMPOUND,PULL,UPPER,TRANSVERSE,UNILATERAL,NONE,"CORE_STABILITY,ANTI_ROTATION,KNEE_CONTROL,SCAPULAR_STABILITY",,"TRUNK_CONTROL_SUPPORT,SHOULDER_STABILITY_SUPPORT",SHOULDER_CARE,"SYSTEMIC,NEURAL_HEAVY,LOCAL_MUSCLE,OVERHEAD_REPETITION","UPPER_PULL,SHOULDER_OVERHEAD","SHOULDER_ACCESSORY,ARM_ACCESSORY,BACK_ACCESSORY,HYPERTROPHY_ACCESSORY",MODERATE_LOAD,SHORT,0.5,0.5,0,0.5,0,0,0,0,0.5,0,ESTIMATED_1RM,UPPER_PULL_HORIZONTAL,BACK,ROW,SHOULDER_CARE,YES,YES,SUPPORTIVE,NONE,SHOULDER_DURABILITY,ELBOW,HIGH,LOW,"UPPER_PULL,UNILATERAL_UPPER,SCAPULAR_STABILITY","FATIGUE,STRENGTH_PROGRESS,BADMINTON_TRANSFER,BALANCE",TRAINING_EXERCISE,PROGRAM_SELECTABLE,HIGH,,YES,,NO,NO
ex_314df428,원레그 홉 투 스틱,기능성운동,착지제어/탄성/편측제어,맨몸,횟수,한발로 짧게 뛰고 같은 발로 조용히 착지해 멈춘다. 급정지와 재가속 전 한발 착지 안정성을 점검한다.,60,원레그_홉_투_스틱,원레그 홉 투 스틱,PRIMARY,1,BOUND,PLYOMETRIC,"CALF,QUADRICEPS,GLUTE",CORE,BODYWEIGHT,BODYWEIGHT,DRILL,DECELERATE,LOWER,SAGITTAL,UNILATERAL,NONE,"LANDING_STABILITY,SINGLE_LEG_STABILITY",DECELERATION|LANDING_CONTROL,LANDING_SUPPORT|BADMINTON_SUPPORT_LIGHT,"DECELERATION,JUMP_LANDING","SYSTEMIC,NEURAL_HEAVY,NEURAL_SPEED,LOCAL_MUSCLE,DECELERATION,ELASTIC_SSC","BADMINTON_COURT,DECELERATION,ELASTIC_SSC","LEG_ACCESSORY,HYPERTROPHY_ACCESSORY",PLYOMETRIC_JUMP,LONG,0.5,0.5,0.5,0.5,0.75,0.75,0,0,0,0,QUALITY_BASED,NONE,QUADS,NONE,BADMINTON_SUPPORT,NO,NO,DIRECT,"DECELERATION,JUMP_LANDING,RECOVERY_STEP","DECELERATION_CONTROL,JUMP_LANDING_CONTROL","HIP,KNEE,ANKLE_ACHILLES",HIGH,LOW,"UNILATERAL_LOWER,CALF_ACHILLES,HIP_STABILITY,KNEE_CONTROL,ANKLE_STIFFNESS","FATIGUE,BADMINTON_TRANSFER,BALANCE",TRAINING_EXERCISE,PROGRAM_SELECTABLE,HIGH,,YES,,NO,NO
ex_32219f7a,오버헤드 프레스,근력운동,전면삼각근/측면삼각근,삼두근/코어,"바벨, 무게*횟수","오버헤드 프레스: 자세와 관절 정렬을 유지한 채 반복한다. 주동근은 전면삼각근/측면삼각근이고, 삼두근/코어이 흔들리지 않게 보조한다.",120,vertical_press,수직 프레스,PRIMARY,1,PUSH_VERTICAL,STRENGTH,"ANTERIOR_DELTOID,LATERAL_DELTOID,TRICEPS,CORE",DEEP_CORE,BARBELL,BARBELL,COMPOUND,PUSH,UPPER,SAGITTAL,BILATERAL,HIGH,"CORE_STABILITY,ANTI_ROTATION",,"COD_SUPPORT,TRUNK_CONTROL_SUPPORT",NONE,"SYSTEMIC,NEURAL_HEAVY,LOCAL_MUSCLE,OVERHEAD_REPETITION","SYSTEMIC,UPPER_PUSH,SHOULDER_OVERHEAD","SHOULDER_ISOLATION,ARM_ACCESSORY,TRICEPS_ISOLATION,HYPERTROPHY_ACCESSORY",HIGH_AXIAL_LOAD,SHORT,0.5,0.5,0,0.5,0,0,0,0,0.5,0,ESTIMATED_1RM,UPPER_PUSH_VERTICAL,SHOULDERS,OVERHEAD_PRESS,UPPER_PUSH_ACCESSORY,YES,YES,NONE,NONE,NONE,"SHOULDER,ELBOW",LOW,MODERATE,"UPPER_PUSH,SCAPULAR_STABILITY","FATIGUE,STRENGTH_PROGRESS,BALANCE",TRAINING_EXERCISE,PROGRAM_SELECTABLE,HIGH,,YES,,NO,NO
ex_32eb8457,원암 랫풀다운,근력운동,광배근,이두근/하부승모근/코어,"케이블, 한팔 무게*횟수",한 팔씩 위에서 아래로 당겨 팔꿈치를 옆구리 쪽으로 보낸다. 광배근 좌우 차이를 확인하기 쉽다.,75,vertical_pull,vertical pull,PRIMARY,1,PULL_HORIZONTAL,STRENGTH,"LAT,LOWER_TRAP,TRAPEZIUS,BICEPS,CORE",DEEP_CORE,CABLE,CABLE,COMPOUND,PULL,UPPER,FRONTAL,UNILATERAL,NONE,"CORE_STABILITY,ANTI_ROTATION",,TRUNK_CONTROL_SUPPORT,NONE,"SYSTEMIC,NEURAL_HEAVY,LOCAL_MUSCLE",UPPER_PULL,"ARM_ACCESSORY,BACK_ACCESSORY,HYPERTROPHY_ACCESSORY",MODERATE_LOAD,SHORT,0.5,0.5,0,0.5,0,0,0,0,0,0,ESTIMATED_1RM,UPPER_PULL_HORIZONTAL,BACK,ROW,UPPER_PULL_ACCESSORY,YES,YES,NONE,NONE,NONE,ELBOW,HIGH,LOW,"UPPER_PULL,UNILATERAL_UPPER,SCAPULAR_STABILITY","FATIGUE,STRENGTH_PROGRESS,BALANCE",TRAINING_EXERCISE,PROGRAM_SELECTABLE,HIGH,,YES,,NO,NO
ex_33841b88,6코너 풋워크,기능성운동,풋워크/가속/감속/회복,코트 또는 콘,시간,코트 여섯 방향으로 이동하고 중앙으로 회복한다. 배드민턴의 기본 이동 패턴과 방향전환·감속·회복 리듬을 반복한다.,60,badminton_footwork,badminton footwork,PRIMARY,1,FOOTWORK,REACTIVE,CORE,CORE,CONE_MARKER,CONE_MARKER,DRILL,ACCELERATE,TRUNK,MULTI_PLANAR,BILATERAL,NONE,,BADMINTON_FOOTWORK|DECELERATION|CHANGE_OF_DIRECTION|COURT_CONDITIONING,DECELERATION_SUPPORT|BADMINTON_SUPPORT_LIGHT,"FOOTWORK,REACTION,DECELERATION,CONDITIONING","SYSTEMIC,NEURAL_HEAVY,NEURAL_SPEED,LOCAL_MUSCLE,DECELERATION","BADMINTON_COURT,DECELERATION",,MODERATE_LOAD,LONG,0.5,0.5,0.75,0.5,0.75,0,0,0,0,0,QUALITY_BASED,BADMINTON_TEST,CORE,NONE,BADMINTON_SUPPORT,NO,NO,DIRECT,"MULTI_DIRECTION,FIRST_STEP,REACTION_RANDOM,DECELERATION,RECOVERY_STEP","FOOTWORK_SPEED,FIRST_STEP_REACTION,DECELERATION_CONTROL,CONDITIONING","KNEE,ANKLE_ACHILLES",HIGH,LOW,ANKLE_STIFFNESS,"FATIGUE,BADMINTON_TRANSFER,BALANCE",TRAINING_EXERCISE,PROGRAM_SELECTABLE,HIGH,,YES,,NO,NO
ex_33d2da8e,원암 머신 로우,근력운동,광배근/능형근,후면삼각근/이두근,"머신, 한팔 무게*횟수",머신 핸들을 한쪽씩 당긴다. 궤도가 안정돼 있어 고중량에서도 좌우 등 사용량을 따로 보기 쉽다.,75,row,로우,PRIMARY,1.12,PULL_HORIZONTAL,STRENGTH,"LAT,BACK,RHOMBOID,REAR_DELT,BICEPS",CORE,MACHINE,MACHINE,COMPOUND,PULL,UPPER,TRANSVERSE,UNILATERAL,NONE,,,,NONE,"SYSTEMIC,NEURAL_HEAVY,LOCAL_MUSCLE",UPPER_PULL,"ARM_ACCESSORY,BACK_ACCESSORY,HYPERTROPHY_ACCESSORY",MODERATE_LOAD,SHORT,0.5,0.5,0,0.5,0,0,0,0,0,0,ESTIMATED_1RM,UPPER_PULL_HORIZONTAL,BACK,ROW,UPPER_PULL_ACCESSORY,YES,YES,NONE,NONE,NONE,ELBOW,HIGH,LOW,"UPPER_PULL,UNILATERAL_UPPER,SCAPULAR_STABILITY","FATIGUE,STRENGTH_PROGRESS,BALANCE",TRAINING_EXERCISE,PROGRAM_SELECTABLE,HIGH,,YES,,NO,NO
ex_34e7d21,래터럴 바운드 투 스틱,기능성운동,측면파워/감속/방향전환,맨몸,횟수 또는 시간,한쪽으로 바운드한 뒤 착지마다 완전히 멈춰 무릎·고관절 정렬과 감속 통제를 확인한다.,75,래터럴_바운드_투_스틱,래터럴 바운드 투 스틱,PRIMARY,1,BOUND,PLYOMETRIC,"GLUTE,QUADRICEPS,CALF",CORE,BODYWEIGHT,BODYWEIGHT,DRILL,DECELERATE,LOWER,FRONTAL,BILATERAL,NONE,"KNEE_CONTROL,LANDING_STABILITY",DECELERATION|LANDING_CONTROL|LATERAL_MOVEMENT|CHANGE_OF_DIRECTION,DECELERATION_SUPPORT|LANDING_SUPPORT|COD_SUPPORT|TRUNK_CONTROL_SUPPORT,"DECELERATION,JUMP_LANDING","SYSTEMIC,NEURAL_HEAVY,NEURAL_SPEED,LOCAL_MUSCLE,DECELERATION,ELASTIC_SSC","BADMINTON_COURT,DECELERATION,ELASTIC_SSC",,PLYOMETRIC_JUMP,LONG,0.5,0.5,0.5,0.5,0.75,0.75,0,0,0,0,QUALITY_BASED,NONE,QUADS,NONE,BADMINTON_SUPPORT,NO,NO,DIRECT,"DECELERATION,JUMP_LANDING,LATERAL_MOVE,RECOVERY_STEP","DECELERATION_CONTROL,JUMP_LANDING_CONTROL","HIP,KNEE,ANKLE_ACHILLES",HIGH,LOW,"CALF_ACHILLES,HIP_STABILITY,KNEE_CONTROL,ANKLE_STIFFNESS","FATIGUE,BADMINTON_TRANSFER,BALANCE",TRAINING_EXERCISE,PROGRAM_SELECTABLE,HIGH,,YES,,NO,NO
ex_377448a9,스플릿 스텝 후 좌우 런지,기능성운동,첫스텝/좌우런지/감속,코트 또는 콘,횟수 또는 시간,스플릿 스텝 후 좌우 중 한 방향으로 런지하고 균형을 잡는다. 배드민턴 수비 첫 발과 감속을 함께 연습한다.,60,lunge,lunge,PRIMARY,1,SQUAT,STABILITY,CORE,DEEP_CORE,CONE_MARKER,CONE_MARKER,COMPOUND,SQUAT,TRUNK,SAGITTAL,UNILATERAL,MODERATE,,,"DECELERATION_SUPPORT,BADMINTON_SUPPORT_LIGHT",NONE,"SYSTEMIC,NEURAL_HEAVY,LOCAL_MUSCLE","SYSTEMIC,HEAVY_LOWER,SQUAT_PATTERN","LEG_ACCESSORY,HYPERTROPHY_ACCESSORY",SINGLE_LEG_BALANCE_DEMAND,VERY_LONG,0.75,0.75,0,0.5,0,0,0,0,0,0,ESTIMATED_1RM,SQUAT,CORE,SQUAT,LOWER_ACCESSORY,YES,YES,NONE,NONE,NONE,"HIP,KNEE",HIGH,LOW,"LOWER_PUSH,SQUAT_PATTERN,ANTERIOR_CHAIN,UNILATERAL_LOWER","FATIGUE,STRENGTH_PROGRESS,BALANCE",TRAINING_EXERCISE,PROGRAM_SELECTABLE,HIGH,,YES,,NO,NO
ex_389920ab,글루트 브릿지,근력운동,둔근,햄스트링/코어,"맨몸 또는 바벨, 횟수 또는 무게*횟수",등을 바닥에 두고 엉덩이를 들어 올린다. 허리를 꺾지 않고 둔근으로 골반을 펴는 감각을 확인한다.,75,글루트_브릿지,글루트 브릿지,PRIMARY,1,HINGE,STRENGTH,"BACK,HAMSTRING,GLUTE,CORE",DEEP_CORE,"BARBELL,TRX_RING,BODYWEIGHT","BARBELL,TRX_RING,BODYWEIGHT",COMPOUND,HINGE,WHOLE_BODY,SAGITTAL,BILATERAL,HIGH,"CORE_STABILITY,ANTI_ROTATION,HIP_STABILITY,PELVIC_STABILITY",,"HIP_STABILITY_SUPPORT,TRUNK_CONTROL_SUPPORT",NONE,"SYSTEMIC,NEURAL_HEAVY,LOCAL_MUSCLE","SYSTEMIC,HEAVY_LOWER,HINGE","BACK_ACCESSORY,POSTERIOR_CHAIN_ACCESSORY,HYPERTROPHY_ACCESSORY",HIGH_AXIAL_LOAD,VERY_LONG,0.75,0.75,0,0.5,0,0,0,0,0,0,ESTIMATED_1RM,HINGE,BACK,DEADLIFT,POSTERIOR_CHAIN_ACCESSORY,YES,YES,NONE,NONE,NONE,"LOW_BACK,HIP",LOW,LOW,"LOWER_PULL,HINGE,POSTERIOR_CHAIN,HIP_STABILITY","FATIGUE,STRENGTH_PROGRESS,BALANCE",TRAINING_EXERCISE,PROGRAM_SELECTABLE,HIGH,,YES,,NO,NO
ex_389e0556,원암 덤벨 벤치프레스,근력운동,대흉근,전면삼각근/삼두근/코어,"덤벨, 한팔 무게*횟수",한쪽 팔로 덤벨을 밀어 올리며 몸통이 돌아가지 않게 버틴다. 가슴 프레스와 좌우 안정성을 함께 기록하기 좋다.,90,bench_press,벤치프레스,PRIMARY,1.22,PUSH_HORIZONTAL,STRENGTH,"CHEST,ANTERIOR_DELTOID,TRICEPS,CORE,DEEP_CORE",DEEP_CORE,"DUMBBELL,BENCH","DUMBBELL,BENCH",COMPOUND,PUSH,UPPER,TRANSVERSE,UNILATERAL,NONE,"CORE_STABILITY,ANTI_ROTATION,TRUNK_CONTROL",,TRUNK_CONTROL_SUPPORT,NONE,"SYSTEMIC,NEURAL_HEAVY,LOCAL_MUSCLE",UPPER_PUSH,"ARM_ACCESSORY,TRICEPS_ISOLATION,CHEST_ACCESSORY,HYPERTROPHY_ACCESSORY",MODERATE_LOAD,SHORT,0.5,0.5,0,0.5,0,0,0,0,0,0,ESTIMATED_1RM,UPPER_PUSH_HORIZONTAL,CHEST,BENCH_PRESS,UPPER_PUSH_ACCESSORY,YES,YES,NONE,NONE,NONE,"SHOULDER,ELBOW",HIGH,LOW,"UPPER_PUSH,UNILATERAL_UPPER","FATIGUE,STRENGTH_PROGRESS,BALANCE",TRAINING_EXERCISE,PROGRAM_SELECTABLE,HIGH,,YES,,NO,NO
ex_3a7d3eda,덤벨 벤치프레스,근력운동,대흉근,삼두근/전면삼각근,"덤벨, 무게*횟수",양손 덤벨을 가슴 옆까지 낮춘 뒤 위로 민다. 로니 콜먼식 고중량 덤벨 프레스 계열의 기본형이다.,90,bench_press,벤치프레스,PRIMARY,1.22,PUSH_HORIZONTAL,STRENGTH,"CHEST,ANTERIOR_DELTOID,TRICEPS",CORE,"DUMBBELL,BENCH","DUMBBELL,BENCH",COMPOUND,PUSH,UPPER,TRANSVERSE,BILATERAL,NONE,,,,NONE,"SYSTEMIC,NEURAL_HEAVY,LOCAL_MUSCLE",UPPER_PUSH,"ARM_ACCESSORY,TRICEPS_ACCESSORY,TRICEPS_ISOLATION,CHEST_ACCESSORY,HYPERTROPHY_ACCESSORY",MODERATE_LOAD,SHORT,0.5,0.5,0,0.5,0,0,0,0,0,0,ESTIMATED_1RM,UPPER_PUSH_HORIZONTAL,CHEST,BENCH_PRESS,UPPER_PUSH_ACCESSORY,YES,YES,NONE,NONE,NONE,"SHOULDER,ELBOW",LOW,LOW,UPPER_PUSH,"FATIGUE,STRENGTH_PROGRESS,BALANCE",TRAINING_EXERCISE,PROGRAM_SELECTABLE,HIGH,,YES,,NO,NO
ex_3c3692aa,케이블 원암 로우,근력운동,광배근/능형근,이두근/후면삼각근/코어,"케이블, 무게*횟수","케이블 원암 로우: 자세와 관절 정렬을 유지한 채 반복한다. 주동근은 광배근/능형근이고, 이두근/후면삼각근/코어이 흔들리지 않게 보조한다.",75,row,로우,PRIMARY,1.12,PULL_HORIZONTAL,STRENGTH,"LAT,RHOMBOID,REAR_DELT,BICEPS,CORE",DEEP_CORE,CABLE,CABLE,COMPOUND,PULL,UPPER,TRANSVERSE,UNILATERAL,NONE,"CORE_STABILITY,ANTI_ROTATION",,TRUNK_CONTROL_SUPPORT,NONE,"SYSTEMIC,NEURAL_HEAVY,LOCAL_MUSCLE",UPPER_PULL,"ARM_ACCESSORY,BACK_ACCESSORY,HYPERTROPHY_ACCESSORY",MODERATE_LOAD,SHORT,0.5,0.5,0,0.5,0,0,0,0,0,0,ESTIMATED_1RM,UPPER_PULL_HORIZONTAL,BACK,ROW,UPPER_PULL_ACCESSORY,YES,YES,NONE,NONE,NONE,ELBOW,HIGH,LOW,"UPPER_PULL,UNILATERAL_UPPER,SCAPULAR_STABILITY","FATIGUE,STRENGTH_PROGRESS,BALANCE",TRAINING_EXERCISE,PROGRAM_SELECTABLE,HIGH,,YES,,NO,NO
ex_3caa236b,파이크 푸시업,근력운동,전면삼각근/측면삼각근,삼두근/상부승모근/코어,"맨몸, 횟수",엉덩이를 높이고 머리가 바닥 쪽으로 내려가게 밀어낸다. 맨몸으로 오버헤드 프레스 패턴을 연습한다.,75,파이크_푸시업,파이크 푸시업,PRIMARY,1,PUSH_VERTICAL,STRENGTH,"TRAPEZIUS,ANTERIOR_DELTOID,LATERAL_DELTOID,TRICEPS,GLUTE,CORE",DEEP_CORE,BODYWEIGHT,BODYWEIGHT,COMPOUND,PUSH,WHOLE_BODY,SAGITTAL,BILATERAL,NONE,"CORE_STABILITY,ANTI_ROTATION",,"COD_SUPPORT,TRUNK_CONTROL_SUPPORT",NONE,"SYSTEMIC,NEURAL_HEAVY,LOCAL_MUSCLE,OVERHEAD_REPETITION","UPPER_PUSH,SHOULDER_OVERHEAD","SHOULDER_ISOLATION,ARM_ACCESSORY,TRICEPS_ISOLATION,HYPERTROPHY_ACCESSORY",SHOULDER_STRESS_LOW,SHORT,0.5,0.5,0,0.5,0,0,0,0,0.5,0,ESTIMATED_1RM,UPPER_PUSH_VERTICAL,SHOULDERS,OVERHEAD_PRESS,UPPER_PUSH_ACCESSORY,YES,YES,NONE,NONE,NONE,"SHOULDER,ELBOW,HIP",LOW,MODERATE,"UPPER_PUSH,SCAPULAR_STABILITY,HIP_STABILITY","FATIGUE,STRENGTH_PROGRESS,BALANCE",TRAINING_EXERCISE,PROGRAM_SELECTABLE,HIGH,,YES,,NO,NO
ex_3d5719de,원암 케이블 컬,근력운동,이두근,전완근/코어,"케이블, 한팔 무게*횟수",케이블 손잡이를 한 팔씩 말아 올린다. 팔꿈치를 고정해 좌우 이두 수축 차이를 보기 쉽다.,60,원암_케이블_컬,원암 케이블 컬,PRIMARY,1,ANTI_ROTATION,HYPERTROPHY,"BICEPS,FOREARM,CORE",DEEP_CORE,CABLE,CABLE,HYBRID,BRACE,UPPER,SAGITTAL,UNILATERAL,NONE,"CORE_STABILITY,ANTI_ROTATION",,"TRUNK_CONTROL_SUPPORT,GRIP_FOREARM_SUPPORT","ANTI_ROTATION_STABILITY,GRIP_FOREARM","SYSTEMIC,NEURAL_HEAVY,LOCAL_MUSCLE,ANTI_ROTATION,GRIP_FOREARM","GRIP_FOREARM,ANTI_ROTATION","ARM_ACCESSORY,HYPERTROPHY_ACCESSORY",MODERATE_LOAD,MEDIUM,0.5,0.5,0,0.75,0,0,0,0.75,0,0.75,VOLUME_LOAD,CORE,ARMS,NONE,GRIP_FOREARM,NO,YES,SUPPORTIVE,NONE,"ANTI_ROTATION_STABILITY,GRIP_ENDURANCE","ELBOW,WRIST",HIGH,LOW,"ANTI_ROTATION,UNILATERAL_LOWER,GRIP_FOREARM","FATIGUE,HYPERTROPHY_VOLUME,BADMINTON_TRANSFER,BALANCE",TRAINING_EXERCISE,PROGRAM_SELECTABLE,HIGH,,YES,,NO,NO
ex_3f184ef9,버피,기능성운동,전신컨디셔닝/파워/심폐,맨몸,횟수 또는 시간,"버피: 전신컨디셔닝/파워/심폐을 목표로 짧고 선명하게 수행한다. 속도보다 착지, 정지, 몸통 안정성을 먼저 확인한다.",45,버피,버피,PRIMARY,1,LOCOMOTION,CONDITIONING,"CORE,DEEP_CORE",DEEP_CORE,BODYWEIGHT,BODYWEIGHT,COMPOUND,ACCELERATE,WHOLE_BODY,SAGITTAL,BILATERAL,NONE,"TRUNK_CONTROL,LANDING_STABILITY",,"LANDING_SUPPORT,TRUNK_CONTROL_SUPPORT",CONDITIONING,"SYSTEMIC,NEURAL_HEAVY,NEURAL_SPEED,LOCAL_MUSCLE",BADMINTON_COURT,,MODERATE_LOAD,MEDIUM,0.5,0.5,0.5,0.5,0,0,0,0,0,0,TIME_OR_DISTANCE,NONE,CORE,NONE,BADMINTON_SUPPORT,NO,NO,GENERAL,RECOVERY_STEP,CONDITIONING,,HIGH,LOW,,"FATIGUE,BADMINTON_TRANSFER",TRAINING_EXERCISE,PROGRAM_SELECTABLE,HIGH,,YES,,NO,NO
ex_40fa57be,원암 케이블 하이 로우,근력운동,광배근/하부승모근,능형근/후면삼각근/코어,"케이블, 한팔 무게*횟수",높은 케이블을 한쪽 팔로 대각선 아래로 당긴다. 스매시 후 당기는 패턴과 견갑 하강을 보강한다.,75,row,로우,PRIMARY,1.12,PULL_HORIZONTAL,STRENGTH,"LAT,RHOMBOID,LOWER_TRAP,TRAPEZIUS,REAR_DELT,SCAPULAR_STABILIZERS,CORE",DEEP_CORE,CABLE,CABLE,COMPOUND,PULL,UPPER,TRANSVERSE,UNILATERAL,NONE,"CORE_STABILITY,ANTI_ROTATION,SCAPULAR_STABILITY",,"TRUNK_CONTROL_SUPPORT,SHOULDER_STABILITY_SUPPORT",SHOULDER_CARE,"SYSTEMIC,NEURAL_HEAVY,LOCAL_MUSCLE,OVERHEAD_REPETITION","UPPER_PULL,SHOULDER_OVERHEAD","SHOULDER_ACCESSORY,ARM_ACCESSORY,BACK_ACCESSORY,HYPERTROPHY_ACCESSORY",MODERATE_LOAD,SHORT,0.5,0.5,0,0.5,0,0,0,0,0.5,0,ESTIMATED_1RM,UPPER_PULL_HORIZONTAL,BACK,ROW,SHOULDER_CARE,YES,YES,SUPPORTIVE,NONE,SHOULDER_DURABILITY,,HIGH,LOW,"UPPER_PULL,UNILATERAL_UPPER,SCAPULAR_STABILITY","FATIGUE,STRENGTH_PROGRESS,BADMINTON_TRANSFER,BALANCE",TRAINING_EXERCISE,PROGRAM_SELECTABLE,HIGH,,YES,,NO,NO
ex_421ba24b,좌우 랜덤 콕줍기,기능성운동,좌우이동/랜덤반응/방향전환/감속,셔틀콕/코트,시간 또는 반복,"좌우 방향을 무작위로 오가며 셔틀콕을 줍는다. 사이드 스텝, 런지 감속, 중앙 복귀 리듬을 강화한다.",60,badminton_footwork,badminton footwork,PRIMARY,1,FOOTWORK,REACTIVE,CORE,DEEP_CORE,CONE_MARKER,CONE_MARKER,DRILL,ACCELERATE,TRUNK,MULTI_PLANAR,UNILATERAL,NONE,,"BADMINTON_FOOTWORK,CHANGE_OF_DIRECTION,COURT_CONDITIONING","DECELERATION_SUPPORT,COD_SUPPORT,BADMINTON_SUPPORT_LIGHT","FOOTWORK,REACTION,DECELERATION,CONDITIONING","SYSTEMIC,NEURAL_HEAVY,NEURAL_SPEED,LOCAL_MUSCLE,DECELERATION","BADMINTON_COURT,DECELERATION","LEG_ACCESSORY,HYPERTROPHY_ACCESSORY",MODERATE_LOAD,LONG,0.5,0.5,0.75,0.5,0.75,0,0,0,0,0,QUALITY_BASED,BADMINTON_TEST,CORE,NONE,BADMINTON_SUPPORT,NO,NO,DIRECT,"MULTI_DIRECTION,FIRST_STEP,REACTION_RANDOM,DECELERATION,LATERAL_MOVE,RECOVERY_STEP","FOOTWORK_SPEED,FIRST_STEP_REACTION,DECELERATION_CONTROL,CONDITIONING","KNEE,ANKLE_ACHILLES",HIGH,LOW,"UNILATERAL_LOWER,ANKLE_STIFFNESS","FATIGUE,BADMINTON_TRANSFER,BALANCE",TRAINING_EXERCISE,PROGRAM_SELECTABLE,HIGH,,YES,,NO,NO
ex_4255e429,앞뒤 랜덤 콕줍기,기능성운동,전후이동/랜덤반응/가속/감속,셔틀콕/코트,시간 또는 반복,앞코트와 뒤코트 방향을 무작위로 오가며 셔틀콕을 줍는다. 네트 대시와 후방 회복의 첫 발 반응을 훈련한다.,60,badminton_footwork,badminton footwork,PRIMARY,1,FOOTWORK,REACTIVE,CORE,DEEP_CORE,CONE_MARKER,CONE_MARKER,DRILL,ACCELERATE,TRUNK,MULTI_PLANAR,UNILATERAL,NONE,,"BADMINTON_FOOTWORK,CHANGE_OF_DIRECTION,COURT_CONDITIONING","DECELERATION_SUPPORT,BADMINTON_SUPPORT_LIGHT","FOOTWORK,REACTION,DECELERATION,CONDITIONING","SYSTEMIC,NEURAL_HEAVY,NEURAL_SPEED,LOCAL_MUSCLE,DECELERATION","BADMINTON_COURT,DECELERATION",,MODERATE_LOAD,LONG,0.5,0.5,0.75,0.5,0.75,0,0,0,0,0,QUALITY_BASED,BADMINTON_TEST,CORE,NONE,BADMINTON_SUPPORT,NO,NO,DIRECT,"MULTI_DIRECTION,FIRST_STEP,REACTION_RANDOM,DECELERATION,RECOVERY_STEP","FOOTWORK_SPEED,FIRST_STEP_REACTION,DECELERATION_CONTROL,CONDITIONING","KNEE,ANKLE_ACHILLES",HIGH,LOW,"UNILATERAL_LOWER,ANKLE_STIFFNESS","FATIGUE,BADMINTON_TRANSFER,BALANCE",TRAINING_EXERCISE,PROGRAM_SELECTABLE,HIGH,,YES,,NO,NO
ex_442617f6,원암 케이블 플라이,근력운동,대흉근,전면삼각근/코어,"케이블, 한팔 무게*횟수",케이블을 한 팔씩 몸 앞쪽으로 모은다. 몸통 회전을 억제하면서 가슴 수축과 좌우 차이를 따로 본다.,60,원암_케이블_플라이,원암 케이블 플라이,PRIMARY,1,ANTI_ROTATION,HYPERTROPHY,"CHEST,ANTERIOR_DELTOID,CORE,OBLIQUE",DEEP_CORE,CABLE,CABLE,HYBRID,BRACE,UPPER,TRANSVERSE,UNILATERAL,NONE,"CORE_STABILITY,ANTI_ROTATION,TRUNK_CONTROL",,TRUNK_CONTROL_SUPPORT,ANTI_ROTATION_STABILITY,"SYSTEMIC,NEURAL_HEAVY,LOCAL_MUSCLE,ANTI_ROTATION",ANTI_ROTATION,"ARM_ACCESSORY,CHEST_ACCESSORY,HYPERTROPHY_ACCESSORY",MODERATE_LOAD,MEDIUM,0.5,0.5,0,0.75,0,0,0,0.75,0,0,VOLUME_LOAD,CORE,CHEST,NONE,CORE_STABILITY,NO,YES,SUPPORTIVE,NONE,ANTI_ROTATION_STABILITY,SHOULDER,HIGH,LOW,"ANTI_ROTATION,UNILATERAL_LOWER","FATIGUE,HYPERTROPHY_VOLUME,BADMINTON_TRANSFER,BALANCE",TRAINING_EXERCISE,PROGRAM_SELECTABLE,HIGH,,YES,,NO,NO
ex_462c760e,체스트 서포티드 원암 머신 로우,근력운동,광배근/능형근,후면삼각근/이두근,"인클라인 벤치/덤벨 또는 머신, 한팔 무게*횟수",가슴을 머신 패드에 지지하고 한 팔씩 당긴다. 허리 반동을 줄이고 등 수축과 좌우 차이를 기록한다.,75,bench_press,벤치프레스,PRIMARY,1.22,PULL_HORIZONTAL,STRENGTH,LAT,"BICEPS,FOREARM",MACHINE,MACHINE,COMPOUND,PULL,UPPER,TRANSVERSE,UNILATERAL,NONE,,,TRUNK_CONTROL_SUPPORT,NONE,"SYSTEMIC,NEURAL_HEAVY,LOCAL_MUSCLE,GRIP_FOREARM","UPPER_PULL,GRIP_FOREARM","ARM_ACCESSORY,CHEST_ACCESSORY,BACK_ACCESSORY,HYPERTROPHY_ACCESSORY",MODERATE_LOAD,SHORT,0.5,0.5,0,0.5,0,0,0,0,0,0.5,ESTIMATED_1RM,UPPER_PULL_HORIZONTAL,BACK,ROW,UPPER_PULL_ACCESSORY,YES,YES,NONE,NONE,NONE,,HIGH,LOW,"UPPER_PULL,UNILATERAL_UPPER,SCAPULAR_STABILITY","FATIGUE,STRENGTH_PROGRESS,BALANCE",TRAINING_EXERCISE,PROGRAM_SELECTABLE,HIGH,,YES,,NO,NO
ex_4773b6ea,린단 참고 트랙 스프린트,기능성운동,가속/최고속도/하체파워,트랙,거리 또는 시간,린단의 트랙 스프린트 훈련 보도를 참고한 항목이다. 짧은 질주와 충분한 휴식으로 폭발적 이동 속도를 기른다.,90,린단_참고_트랙_스프린트,린단 참고 트랙 스프린트,PRIMARY,1,ISOLATION,STABILITY,CORE,DEEP_CORE,CONE_MARKER,CONE_MARKER,ISOLATION,BRACE,TRUNK,SAGITTAL,BILATERAL,NONE,,,,NONE,"SYSTEMIC,NEURAL_HEAVY,LOCAL_MUSCLE",RECOVERY_LOW_LOAD,,MODERATE_LOAD,MEDIUM,0.25,0.25,0,0.75,0,0,0,0,0,0,VOLUME_LOAD,NONE,CORE,NONE,NONE,NO,YES,NONE,NONE,NONE,,LOW,LOW,,"FATIGUE,HYPERTROPHY_VOLUME",TRAINING_EXERCISE,PROGRAM_SELECTABLE,HIGH,,YES,,NO,NO
ex_4aa3725a,머신 숄더프레스,근력운동,전면삼각근/측면삼각근,삼두근/견갑안정근,"머신, 무게*횟수",등받이에 기대어 어깨 위로 밀어 올린다. 몸통 안정성이 부족한 초보자가 어깨 프레스 힘을 쌓기 좋다.,90,vertical_press,수직 프레스,PRIMARY,1.08,PUSH_VERTICAL,STRENGTH,"BACK,ANTERIOR_DELTOID,LATERAL_DELTOID,SHOULDER,SCAPULAR_STABILIZERS,TRICEPS,CORE,DEEP_CORE",DEEP_CORE,MACHINE,MACHINE,COMPOUND,PUSH,UPPER,SAGITTAL,BILATERAL,NONE,"ANTI_ROTATION,TRUNK_CONTROL,SCAPULAR_STABILITY",,"COD_SUPPORT,TRUNK_CONTROL_SUPPORT,SHOULDER_STABILITY_SUPPORT",SHOULDER_CARE,"SYSTEMIC,NEURAL_HEAVY,LOCAL_MUSCLE,OVERHEAD_REPETITION","UPPER_PUSH,SHOULDER_OVERHEAD","SHOULDER_ACCESSORY,SHOULDER_ISOLATION,ARM_ACCESSORY,TRICEPS_ISOLATION,BACK_ACCESSORY,HYPERTROPHY_ACCESSORY",SHOULDER_STRESS_LOW,SHORT,0.5,0.5,0,0.5,0,0,0,0,0.5,0,ESTIMATED_1RM,UPPER_PUSH_VERTICAL,BACK,OVERHEAD_PRESS,SHOULDER_CARE,YES,YES,SUPPORTIVE,NONE,SHOULDER_DURABILITY,"SHOULDER,ELBOW",LOW,MODERATE,"UPPER_PUSH,SHOULDER_CARE,SCAPULAR_STABILITY","FATIGUE,STRENGTH_PROGRESS,BADMINTON_TRANSFER,BALANCE",TRAINING_EXERCISE,PROGRAM_SELECTABLE,HIGH,,YES,,NO,NO
ex_4c76dbb2,케이블 풀스루,근력운동,둔근/햄스트링,척추기립근/코어,"케이블, 무게*횟수",케이블을 다리 사이로 잡고 엉덩이를 뒤로 보냈다가 편다. 허리보다 둔근과 햄스트링으로 마무리한다.,75,케이블_풀스루,케이블 풀스루,PRIMARY,1,HINGE,STRENGTH,"HAMSTRING,GLUTE,CORE,ERECTOR_SPINAE",DEEP_CORE,"CABLE,TRX_RING","CABLE,TRX_RING",COMPOUND,HINGE,LOWER,SAGITTAL,BILATERAL,MODERATE,"CORE_STABILITY,ANTI_ROTATION,HIP_STABILITY",,"HIP_STABILITY_SUPPORT,TRUNK_CONTROL_SUPPORT",NONE,"SYSTEMIC,NEURAL_HEAVY,LOCAL_MUSCLE","SYSTEMIC,HEAVY_LOWER,HINGE","POSTERIOR_CHAIN_ACCESSORY,HYPERTROPHY_ACCESSORY",LUMBAR_STRESS_HIGH,VERY_LONG,0.75,0.75,0,0.5,0,0,0,0,0,0,ESTIMATED_1RM,HINGE,POSTERIOR_CHAIN,DEADLIFT,POSTERIOR_CHAIN_ACCESSORY,YES,YES,NONE,NONE,NONE,"LOW_BACK,HIP",LOW,LOW,"LOWER_PULL,HINGE,POSTERIOR_CHAIN,HIP_STABILITY","FATIGUE,STRENGTH_PROGRESS,BALANCE",TRAINING_EXERCISE,PROGRAM_SELECTABLE,HIGH,,YES,,NO,NO
ex_4c779df2,케이블 플라이,근력운동,대흉근,전면삼각근/코어,"케이블, 무게*횟수",케이블을 양손으로 모아 가슴을 수축한다. 프레스 후 가슴 볼륨을 보완하는 고립운동이다.,60,케이블_플라이,케이블 플라이,PRIMARY,1,ANTI_ROTATION,HYPERTROPHY,"CHEST,ANTERIOR_DELTOID,CORE",DEEP_CORE,CABLE,CABLE,HYBRID,BRACE,UPPER,TRANSVERSE,BILATERAL,NONE,"CORE_STABILITY,ANTI_ROTATION",,TRUNK_CONTROL_SUPPORT,ANTI_ROTATION_STABILITY,"SYSTEMIC,NEURAL_HEAVY,LOCAL_MUSCLE,ANTI_ROTATION",ANTI_ROTATION,"CHEST_ACCESSORY,HYPERTROPHY_ACCESSORY",MODERATE_LOAD,MEDIUM,0.5,0.5,0,0.75,0,0,0,0.75,0,0,VOLUME_LOAD,CORE,CHEST,NONE,CORE_STABILITY,NO,YES,SUPPORTIVE,NONE,ANTI_ROTATION_STABILITY,SHOULDER,HIGH,LOW,ANTI_ROTATION,"FATIGUE,HYPERTROPHY_VOLUME,BADMINTON_TRANSFER,BALANCE",TRAINING_EXERCISE,PROGRAM_SELECTABLE,HIGH,,YES,,NO,NO
ex_5004ca76,린단 참고 페이스 체인지 풋워크,기능성운동,속도변화/풋워크/반응,코트/콘,시간,린단 경기 특성인 템포 변화와 코트 장악을 참고한 드릴이다. 느린 이동에서 급가속으로 전환하는 패턴을 반복한다.,60,badminton_footwork,badminton footwork,PRIMARY,1,FOOTWORK,REACTIVE,CORE,DEEP_CORE,CONE_MARKER,CONE_MARKER,DRILL,ACCELERATE,TRUNK,MULTI_PLANAR,UNILATERAL,NONE,,,BADMINTON_SUPPORT_LIGHT,"FOOTWORK,REACTION,ACCELERATION,DECELERATION","SYSTEMIC,NEURAL_HEAVY,NEURAL_SPEED,LOCAL_MUSCLE,DECELERATION","BADMINTON_COURT,DECELERATION",,MODERATE_LOAD,LONG,0.5,0.5,0.75,0.5,0.75,0,0,0,0,0,QUALITY_BASED,BADMINTON_TEST,CORE,NONE,BADMINTON_SUPPORT,NO,NO,DIRECT,"MULTI_DIRECTION,FIRST_STEP,REACTION_RANDOM,DECELERATION,RECOVERY_STEP","FOOTWORK_SPEED,FIRST_STEP_REACTION,DECELERATION_CONTROL","KNEE,ANKLE_ACHILLES",HIGH,LOW,"UNILATERAL_LOWER,ANKLE_STIFFNESS","FATIGUE,BADMINTON_TRANSFER,BALANCE",TRAINING_EXERCISE,PROGRAM_SELECTABLE,HIGH,,YES,,NO,NO
ex_516f4456,스파이더 컬,근력운동,이두근,전완근,"인클라인 벤치/덤벨 또는 EZ바, 무게*횟수",가슴을 벤치에 기대고 팔을 아래로 늘어뜨린 뒤 컬한다. 반동을 줄이고 상단 수축을 명확히 만든다.,60,bench_press,벤치프레스,PRIMARY,1.22,ISOLATION,HYPERTROPHY,"CHEST,BICEPS,FOREARM",CORE,"BARBELL,DUMBBELL,BENCH","BARBELL,DUMBBELL,BENCH",ISOLATION,BRACE,UPPER,SAGITTAL,BILATERAL,NONE,,,GRIP_FOREARM_SUPPORT,GRIP_FOREARM,"SYSTEMIC,NEURAL_HEAVY,LOCAL_MUSCLE,GRIP_FOREARM",GRIP_FOREARM,"ARM_ACCESSORY,BICEPS_ACCESSORY,CHEST_ACCESSORY,HYPERTROPHY_ACCESSORY",MODERATE_LOAD,MEDIUM,0.25,0.25,0,0.75,0,0,0,0,0,0.75,VOLUME_LOAD,NONE,CHEST,NONE,GRIP_FOREARM,NO,YES,SUPPORTIVE,NONE,GRIP_ENDURANCE,"ELBOW,WRIST",LOW,LOW,GRIP_FOREARM,"FATIGUE,HYPERTROPHY_VOLUME,BADMINTON_TRANSFER,BALANCE",TRAINING_EXERCISE,HISTORY_ONLY,HIGH,,NO,,NO,NO
ex_5322f2d1,원암 케이블 트라이셉스 푸시다운,근력운동,삼두근,전완근/코어,"케이블, 한팔 무게*횟수",한 팔씩 케이블을 아래로 밀어 팔꿈치를 편다. 팔꿈치를 몸 옆에 고정해 좌우 삼두 차이를 확인한다.,60,원암_케이블_트라이셉스_푸시다운,원암 케이블 트라이셉스 푸시다운,PRIMARY,1,ANTI_ROTATION,HYPERTROPHY,TRICEPS,"FOREARM,CORE",CABLE,CABLE,HYBRID,BRACE,UPPER,SAGITTAL,UNILATERAL,NONE,"CORE_STABILITY,ANTI_ROTATION",,TRUNK_CONTROL_SUPPORT|GRIP_FOREARM_SUPPORT,"ANTI_ROTATION_STABILITY,GRIP_FOREARM","SYSTEMIC,NEURAL_HEAVY,LOCAL_MUSCLE,ANTI_ROTATION,GRIP_FOREARM","GRIP_FOREARM,ANTI_ROTATION","ARM_ACCESSORY,TRICEPS_ISOLATION,HYPERTROPHY_ACCESSORY",MODERATE_LOAD,MEDIUM,0.5,0.5,0,0.75,0,0,0,0.75,0,0.75,VOLUME_LOAD,CORE,ARMS,NONE,GRIP_FOREARM,NO,YES,SUPPORTIVE,NONE,"ANTI_ROTATION_STABILITY,GRIP_ENDURANCE",ELBOW,HIGH,LOW,"ANTI_ROTATION,UNILATERAL_LOWER","FATIGUE,HYPERTROPHY_VOLUME,BADMINTON_TRANSFER,BALANCE",TRAINING_EXERCISE,PROGRAM_SELECTABLE,HIGH,,YES,,NO,NO
ex_5c8751d2,시티드 카프 레이즈,근력운동,가자미근/종아리,발목안정근,"머신, 무게*횟수",무릎을 굽힌 상태에서 뒤꿈치를 들어 올린다. 코트 푸시와 착지에 필요한 종아리 지구력 보강용이다.,60,시티드_카프_레이즈,시티드 카프 레이즈,PRIMARY,1,ISOLATION,HYPERTROPHY,CALF,CORE,"MACHINE,CONE_MARKER","MACHINE,CONE_MARKER",ISOLATION,BRACE,LOWER,SAGITTAL,BILATERAL,NONE,"KNEE_CONTROL,ANKLE_STABILITY,LANDING_STABILITY",,"LANDING_SUPPORT,BADMINTON_SUPPORT_LIGHT,ANKLE_SSC_SUPPORT",NONE,"SYSTEMIC,NEURAL_HEAVY,LOCAL_MUSCLE",SQUAT_PATTERN,"SHOULDER_ACCESSORY,LEG_ACCESSORY,HYPERTROPHY_ACCESSORY",MODERATE_LOAD,MEDIUM,0.25,0.25,0,0.75,0,0,0,0,0,0,VOLUME_LOAD,NONE,CALVES,NONE,NONE,NO,YES,NONE,NONE,NONE,ANKLE_ACHILLES,LOW,LOW,CALF_ACHILLES,"FATIGUE,HYPERTROPHY_VOLUME,BALANCE",TRAINING_EXERCISE,PROGRAM_SELECTABLE,HIGH,,YES,,NO,NO
ex_5ca7133f,원레그 카프 레이즈,근력운동,비복근/가자미근,발목안정근,"맨몸 또는 덤벨, 한발 횟수",한쪽 발로 뒤꿈치를 들어 올린다. 첫 발 반응과 착지에 필요한 발목 탄성의 좌우 차이를 보기 좋다.,45,원레그_카프_레이즈,원레그 카프 레이즈,PRIMARY,1,ISOLATION,HYPERTROPHY,CALF,CORE,"DUMBBELL,BODYWEIGHT","DUMBBELL,BODYWEIGHT",ISOLATION,BRACE,LOWER,SAGITTAL,UNILATERAL,NONE,"ANKLE_STABILITY,LANDING_STABILITY,SINGLE_LEG_STABILITY",,"LANDING_SUPPORT,ANKLE_SSC_SUPPORT",NONE,"SYSTEMIC,NEURAL_HEAVY,LOCAL_MUSCLE",SQUAT_PATTERN,"SHOULDER_ACCESSORY,LEG_ACCESSORY,HYPERTROPHY_ACCESSORY",PLYOMETRIC_JUMP,MEDIUM,0.25,0.25,0,0.75,0,0,0,0,0,0,VOLUME_LOAD,NONE,CALVES,NONE,NONE,NO,YES,NONE,NONE,NONE,ANKLE_ACHILLES,HIGH,LOW,"UNILATERAL_LOWER,CALF_ACHILLES","FATIGUE,HYPERTROPHY_VOLUME,BALANCE",TRAINING_EXERCISE,PROGRAM_SELECTABLE,HIGH,,YES,,NO,NO
ex_6232f4bc,박스 스텝업,기능성운동,하체힘/보행안정성/둔근,낮은 박스,횟수 또는 무게*횟수,낮은 박스에 한 발씩 올라서며 골반과 무릎이 흔들리지 않게 제어한다. 어려운 한발 운동 전 단계로 쓴다.,60,박스_스텝업,박스 스텝업,PRIMARY,1,SQUAT,STABILITY,"GLUTE,DEEP_CORE",CORE,BOX,BOX,COMPOUND,SQUAT,LOWER,SAGITTAL,UNILATERAL,MODERATE,"HIP_STABILITY,PELVIC_STABILITY,KNEE_CONTROL,SINGLE_LEG_STABILITY",,"HIP_STABILITY_SUPPORT,SINGLE_LEG_STRENGTH_SUPPORT",NONE,"SYSTEMIC,NEURAL_HEAVY,LOCAL_MUSCLE","SYSTEMIC,HEAVY_LOWER,SQUAT_PATTERN","POSTERIOR_CHAIN_ACCESSORY,HYPERTROPHY_ACCESSORY",SINGLE_LEG_BALANCE_DEMAND,VERY_LONG,0.75,0.75,0,0.5,0,0,0,0,0,0,ESTIMATED_1RM,SQUAT,GLUTES,SQUAT,LOWER_ACCESSORY,YES,YES,NONE,NONE,NONE,"HIP,KNEE",HIGH,LOW,"LOWER_PUSH,SQUAT_PATTERN,ANTERIOR_CHAIN,UNILATERAL_LOWER,HIP_STABILITY","FATIGUE,STRENGTH_PROGRESS,BALANCE",TRAINING_EXERCISE,PROGRAM_SELECTABLE,HIGH,,YES,,NO,NO
ex_64422511,랜덤 방향전환 드릴,기능성운동,랜덤반응/방향전환/감속/재출발,콘 또는 코치 신호,시간,무작위 신호에 따라 방향을 바꾸고 멈춘 뒤 다시 출발한다. 첫 스텝과 감속 후 재출발을 함께 훈련한다.,60,랜덤_방향전환_드릴,랜덤 방향전환 드릴,PRIMARY,1,FOOTWORK,REACTIVE,CORE,DEEP_CORE,CONE_MARKER,CONE_MARKER,DRILL,ACCELERATE,TRUNK,MULTI_PLANAR,UNILATERAL,NONE,,,"DECELERATION_SUPPORT,COD_SUPPORT","FOOTWORK,REACTION,DECELERATION","SYSTEMIC,NEURAL_HEAVY,NEURAL_SPEED,LOCAL_MUSCLE,DECELERATION","BADMINTON_COURT,DECELERATION",,MODERATE_LOAD,LONG,0.5,0.5,0.75,0.5,0.75,0,0,0,0,0,QUALITY_BASED,BADMINTON_TEST,CORE,NONE,BADMINTON_SUPPORT,NO,NO,DIRECT,"MULTI_DIRECTION,FIRST_STEP,REACTION_RANDOM,DECELERATION,RECOVERY_STEP","FOOTWORK_SPEED,FIRST_STEP_REACTION,DECELERATION_CONTROL","KNEE,ANKLE_ACHILLES",HIGH,LOW,"UNILATERAL_LOWER,ANKLE_STIFFNESS","FATIGUE,BADMINTON_TRANSFER,BALANCE",TRAINING_EXERCISE,PROGRAM_SELECTABLE,HIGH,,YES,,NO,NO
ex_644e0f9d,V업,근력운동,복직근,고관절굴곡근/코어,"맨몸, 횟수",팔과 다리를 동시에 들어 몸을 접는다. 허리가 과하게 뜨지 않게 짧은 범위부터 통제한다.,45,v업,v업,PRIMARY,1,ANTI_ROTATION,HYPERTROPHY,CORE,DEEP_CORE,BODYWEIGHT,BODYWEIGHT,HYBRID,BRACE,TRUNK,SAGITTAL,BILATERAL,MODERATE,"CORE_STABILITY,ANTI_ROTATION",,TRUNK_CONTROL_SUPPORT,ANTI_ROTATION_STABILITY,"SYSTEMIC,NEURAL_HEAVY,LOCAL_MUSCLE,ANTI_ROTATION","SYSTEMIC,ANTI_ROTATION","ARM_ACCESSORY,HYPERTROPHY_ACCESSORY",LUMBAR_STRESS_HIGH,MEDIUM,0.5,0.5,0,0.75,0,0,0,0.75,0,0,VOLUME_LOAD,CORE,CORE,NONE,CORE_STABILITY,NO,YES,SUPPORTIVE,NONE,ANTI_ROTATION_STABILITY,,HIGH,LOW,ANTI_ROTATION,"FATIGUE,HYPERTROPHY_VOLUME,BADMINTON_TRANSFER,BALANCE",TRAINING_EXERCISE,PROGRAM_SELECTABLE,HIGH,,YES,,NO,NO
ex_6463edad,딥스,근력운동,대흉근/삼두근,전면삼각근/코어,"평행봉, 횟수 또는 중량",몸을 약간 앞으로 기울여 내려갔다가 밀어 올린다. 고전 보디빌딩 루틴에서 가슴과 삼두 보강에 자주 쓰인다.,90,딥스,딥스,PRIMARY,1,ANTI_ROTATION,STRENGTH,"CHEST,ANTERIOR_DELTOID,TRICEPS,CORE",DEEP_CORE,BODYWEIGHT,BODYWEIGHT,HYBRID,BRACE,UPPER,SAGITTAL,BILATERAL,NONE,"CORE_STABILITY,ANTI_ROTATION",,TRUNK_CONTROL_SUPPORT,ANTI_ROTATION_STABILITY,"SYSTEMIC,NEURAL_HEAVY,LOCAL_MUSCLE,ANTI_ROTATION",ANTI_ROTATION,"ARM_ACCESSORY,TRICEPS_ISOLATION,CHEST_ACCESSORY,HYPERTROPHY_ACCESSORY",MODERATE_LOAD,SHORT,0.5,0.5,0,0.5,0,0,0,0.75,0,0,QUALITY_BASED,CORE,CHEST,NONE,CORE_STABILITY,NO,NO,SUPPORTIVE,NONE,ANTI_ROTATION_STABILITY,"SHOULDER,ELBOW",HIGH,LOW,ANTI_ROTATION,"FATIGUE,BADMINTON_TRANSFER,BALANCE",TRAINING_EXERCISE,PROGRAM_SELECTABLE,HIGH,,YES,,NO,NO
ex_64644b5e,런지,근력운동,대퇴사두근/둔근,햄스트링/코어,"덤벨 또는 맨몸, 무게*횟수","런지: 자세와 관절 정렬을 유지한 채 반복한다. 주동근은 대퇴사두근/둔근이고, 햄스트링/코어이 흔들리지 않게 보조한다.",90,lunge,lunge,PRIMARY,1,SQUAT,STRENGTH,"QUADRICEPS,HAMSTRING,GLUTE,CORE",DEEP_CORE,"DUMBBELL,TRX_RING,BODYWEIGHT","DUMBBELL,TRX_RING,BODYWEIGHT",COMPOUND,SQUAT,LOWER,SAGITTAL,UNILATERAL,MODERATE,"CORE_STABILITY,ANTI_ROTATION,HIP_STABILITY",,"DECELERATION_SUPPORT,HIP_STABILITY_SUPPORT,TRUNK_CONTROL_SUPPORT",NONE,"SYSTEMIC,NEURAL_HEAVY,LOCAL_MUSCLE","SYSTEMIC,HEAVY_LOWER,SQUAT_PATTERN","LEG_ACCESSORY,POSTERIOR_CHAIN_ACCESSORY,HYPERTROPHY_ACCESSORY",MODERATE_LOAD,VERY_LONG,0.75,0.75,0,0.5,0,0,0,0,0,0,ESTIMATED_1RM,SQUAT,QUADS,SQUAT,LOWER_ACCESSORY,YES,YES,NONE,NONE,NONE,"HIP,KNEE",HIGH,LOW,"LOWER_PUSH,SQUAT_PATTERN,ANTERIOR_CHAIN,UNILATERAL_LOWER,HIP_STABILITY,KNEE_CONTROL","FATIGUE,STRENGTH_PROGRESS,BALANCE",TRAINING_EXERCISE,PROGRAM_SELECTABLE,HIGH,,YES,,NO,NO
ex_64661229,월싯,근력운동,대퇴사두근,둔근/코어,"벽, 시간",벽에 등을 기대고 무릎을 굽힌 상태로 버틴다. 무릎 각도와 허리 위치를 일정하게 유지한다.,45,월싯,월싯,PRIMARY,1,SQUAT,STRENGTH,"BACK,QUADRICEPS,GLUTE,CORE",DEEP_CORE,BODYWEIGHT,BODYWEIGHT,COMPOUND,SQUAT,WHOLE_BODY,SAGITTAL,BILATERAL,MODERATE,"CORE_STABILITY,ANTI_ROTATION,HIP_STABILITY,KNEE_CONTROL",,"HIP_STABILITY_SUPPORT,TRUNK_CONTROL_SUPPORT",NONE,"SYSTEMIC,NEURAL_HEAVY,LOCAL_MUSCLE","SYSTEMIC,HEAVY_LOWER,SQUAT_PATTERN","BACK_ACCESSORY,LEG_ACCESSORY,POSTERIOR_CHAIN_ACCESSORY,HYPERTROPHY_ACCESSORY",LUMBAR_STRESS_HIGH,VERY_LONG,0.75,0.75,0,0.5,0,0,0,0,0,0,ESTIMATED_1RM,SQUAT,BACK,SQUAT,LOWER_ACCESSORY,YES,YES,NONE,NONE,NONE,"HIP,KNEE",LOW,LOW,"LOWER_PUSH,SQUAT_PATTERN,ANTERIOR_CHAIN,HIP_STABILITY,KNEE_CONTROL","FATIGUE,STRENGTH_PROGRESS,BALANCE",TRAINING_EXERCISE,PROGRAM_SELECTABLE,HIGH,,YES,,NO,NO
ex_6466fe77,친업,근력운동,광배근/이두근,전완근/코어,"맨몸 또는 중량, 횟수",손바닥이 몸을 향하게 잡고 가슴을 바까지 당긴다. 팔꿈치 굴곡과 등 통합 힘을 함께 기른다.,90,weighted_pullup,중량 풀업,PRIMARY,1,PULL_HORIZONTAL,STRENGTH,"CHEST,LAT,BACK,BICEPS,FOREARM,CORE",DEEP_CORE,BODYWEIGHT,BODYWEIGHT,COMPOUND,PULL,UPPER,FRONTAL,BILATERAL,NONE,"CORE_STABILITY,ANTI_ROTATION",,"TRUNK_CONTROL_SUPPORT,GRIP_FOREARM_SUPPORT",GRIP_FOREARM,"SYSTEMIC,NEURAL_HEAVY,LOCAL_MUSCLE,GRIP_FOREARM","UPPER_PULL,GRIP_FOREARM","ARM_ACCESSORY,CHEST_ACCESSORY,BACK_ACCESSORY,HYPERTROPHY_ACCESSORY",MODERATE_LOAD,SHORT,0.5,0.5,0,0.5,0,0,0,0,0,0.75,ESTIMATED_1RM,UPPER_PULL_HORIZONTAL,CHEST,ROW,GRIP_FOREARM,YES,YES,SUPPORTIVE,NONE,GRIP_ENDURANCE,"ELBOW,WRIST",LOW,LOW,"UPPER_PULL,SCAPULAR_STABILITY,GRIP_FOREARM","FATIGUE,STRENGTH_PROGRESS,BADMINTON_TRANSFER,BALANCE",TRAINING_EXERCISE,PROGRAM_SELECTABLE,HIGH,,YES,,NO,NO
ex_681d9ed2,러닝,유산소운동,중강도,30분,시간/거리/페이스,러닝: 호흡과 페이스를 일정하게 유지하며 수행한다. 강도는 중강도 기준으로 무리 없이 조절한다.,30,cardio,cardio,PRIMARY,1,LOCOMOTION,CONDITIONING,"CALF,QUADRICEPS,HAMSTRING",CORE,BODYWEIGHT,BODYWEIGHT,COMPOUND,ACCELERATE,WHOLE_BODY,SAGITTAL,BILATERAL,NONE,,,,CONDITIONING,"SYSTEMIC,NEURAL_HEAVY,NEURAL_SPEED,LOCAL_MUSCLE",BADMINTON_COURT,,MODERATE_LOAD,MEDIUM,0.5,0.5,0.5,0.5,0,0,0,0,0,0,TIME_OR_DISTANCE,NONE,QUADS,NONE,BADMINTON_SUPPORT,NO,NO,GENERAL,RECOVERY_STEP,CONDITIONING,"KNEE,ANKLE_ACHILLES",HIGH,LOW,"CALF_ACHILLES,KNEE_CONTROL","FATIGUE,BADMINTON_TRANSFER,BALANCE",TRAINING_EXERCISE,PROGRAM_SELECTABLE,HIGH,,YES,,NO,NO
ex_681eed4a,수영,유산소운동,중강도,30분,시간/거리,수영: 호흡과 페이스를 일정하게 유지하며 수행한다. 강도는 중강도 기준으로 무리 없이 조절한다.,45,cardio,cardio,PRIMARY,1,LOCOMOTION,CONDITIONING,"CALF,QUADRICEPS,HAMSTRING",CORE,BODYWEIGHT,BODYWEIGHT,COMPOUND,ACCELERATE,WHOLE_BODY,SAGITTAL,BILATERAL,NONE,,,,CONDITIONING,"SYSTEMIC,NEURAL_HEAVY,NEURAL_SPEED,LOCAL_MUSCLE",BADMINTON_COURT,,MODERATE_LOAD,MEDIUM,0.5,0.5,0.5,0.5,0,0,0,0,0,0,TIME_OR_DISTANCE,NONE,QUADS,NONE,BADMINTON_SUPPORT,NO,NO,GENERAL,RECOVERY_STEP,CONDITIONING,"KNEE,ANKLE_ACHILLES",HIGH,LOW,"CALF_ACHILLES,KNEE_CONTROL","FATIGUE,BADMINTON_TRANSFER,BALANCE",TRAINING_EXERCISE,PROGRAM_SELECTABLE,HIGH,,YES,,NO,NO
ex_69a56484,래터럴 스텝다운,기능성운동,무릎제어/둔근/편측제어,박스,횟수,박스 위에서 한쪽 다리로 버티며 반대 발을 옆으로 낮춘다. 무릎이 안쪽으로 무너지지 않게 제어하는 훈련이다.,60,래터럴_스텝다운,래터럴 스텝다운,PRIMARY,1,SQUAT,STABILITY,GLUTE,CORE,BOX,BOX,COMPOUND,SQUAT,LOWER,FRONTAL,UNILATERAL,MODERATE,"HIP_STABILITY,KNEE_CONTROL,SINGLE_LEG_STABILITY",,"DECELERATION_SUPPORT,HIP_STABILITY_SUPPORT",NONE,"SYSTEMIC,NEURAL_HEAVY,LOCAL_MUSCLE","SYSTEMIC,HEAVY_LOWER,SQUAT_PATTERN","POSTERIOR_CHAIN_ACCESSORY,HYPERTROPHY_ACCESSORY",MODERATE_LOAD,VERY_LONG,0.75,0.75,0,0.5,0,0,0,0,0,0,ESTIMATED_1RM,SQUAT,GLUTES,SQUAT,LOWER_ACCESSORY,YES,YES,NONE,NONE,NONE,"HIP,KNEE",HIGH,LOW,"LOWER_PUSH,SQUAT_PATTERN,ANTERIOR_CHAIN,UNILATERAL_LOWER,HIP_STABILITY","FATIGUE,STRENGTH_PROGRESS,BALANCE",TRAINING_EXERCISE,PROGRAM_SELECTABLE,HIGH,,YES,,NO,NO
ex_6a966452,체스트 서포티드 원암 덤벨 로우,근력운동,광배근/능형근,후면삼각근/이두근,"인클라인 벤치/덤벨, 한팔 무게*횟수",가슴을 벤치에 기대고 한 팔씩 당긴다. 허리 반동을 줄여 등 수축과 좌우 차이를 더 깔끔하게 기록할 수 있다.,75,bench_press,벤치프레스,PRIMARY,1.22,PULL_HORIZONTAL,STRENGTH,"CHEST,LAT,BACK,RHOMBOID,REAR_DELT,BICEPS",CORE,"DUMBBELL,BENCH","DUMBBELL,BENCH",COMPOUND,PULL,UPPER,TRANSVERSE,UNILATERAL,MODERATE,,,,NONE,"SYSTEMIC,NEURAL_HEAVY,LOCAL_MUSCLE","SYSTEMIC,UPPER_PULL","ARM_ACCESSORY,CHEST_ACCESSORY,BACK_ACCESSORY,HYPERTROPHY_ACCESSORY",LUMBAR_STRESS_HIGH,SHORT,0.5,0.5,0,0.5,0,0,0,0,0,0,ESTIMATED_1RM,UPPER_PULL_HORIZONTAL,CHEST,ROW,UPPER_PULL_ACCESSORY,YES,YES,NONE,NONE,NONE,ELBOW,HIGH,LOW,"UPPER_PULL,UNILATERAL_UPPER,SCAPULAR_STABILITY","FATIGUE,STRENGTH_PROGRESS,BALANCE",TRAINING_EXERCISE,PROGRAM_SELECTABLE,HIGH,,YES,,NO,NO
ex_704cbf1a,덤벨 스텝업,근력운동,둔근/대퇴사두근,햄스트링/종아리/코어,"박스/덤벨, 무게*횟수",박스 위로 한 발씩 올라서며 완전히 펴고 내려온다. 코트 전진 동작과 한발 추진력을 보강한다.,75,덤벨_스텝업,덤벨 스텝업,PRIMARY,1,SQUAT,STRENGTH,"QUADRICEPS,HAMSTRING,GLUTE,CALF,CORE",DEEP_CORE,"DUMBBELL,BOX,CONE_MARKER,TRX_RING","DUMBBELL,BOX,CONE_MARKER,TRX_RING",COMPOUND,SQUAT,LOWER,SAGITTAL,UNILATERAL,MODERATE,"CORE_STABILITY,HIP_STABILITY,ANKLE_STABILITY,SINGLE_LEG_STABILITY",,"BADMINTON_SUPPORT_LIGHT,HIP_STABILITY_SUPPORT,TRUNK_CONTROL_SUPPORT,ANKLE_SSC_SUPPORT",NONE,"SYSTEMIC,NEURAL_HEAVY,LOCAL_MUSCLE","SYSTEMIC,HEAVY_LOWER,SQUAT_PATTERN","LEG_ACCESSORY,POSTERIOR_CHAIN_ACCESSORY,HYPERTROPHY_ACCESSORY",SINGLE_LEG_BALANCE_DEMAND,VERY_LONG,0.75,0.75,0,0.5,0,0,0,0,0,0,ESTIMATED_1RM,SQUAT,QUADS,SQUAT,LOWER_ACCESSORY,YES,YES,NONE,NONE,NONE,"HIP,KNEE,ANKLE_ACHILLES",HIGH,LOW,"LOWER_PUSH,SQUAT_PATTERN,ANTERIOR_CHAIN,UNILATERAL_LOWER,CALF_ACHILLES,HIP_STABILITY,KNEE_CONTROL","FATIGUE,STRENGTH_PROGRESS,BALANCE",TRAINING_EXERCISE,PROGRAM_SELECTABLE,HIGH,,YES,,NO,NO
ex_708e64ce,덤벨 풀오버,근력운동,광배근/대흉근,전거근/코어,"덤벨, 무게*횟수",벤치에 누워 덤벨을 머리 뒤로 내렸다가 가슴 위로 끌어온다. 고전 보디빌딩의 흉곽/등 보조 운동이다.,75,덤벨_풀오버,덤벨 풀오버,PRIMARY,1,ANTI_ROTATION,HYPERTROPHY,"CHEST,LAT,BACK,SCAPULAR_STABILIZERS,CORE",DEEP_CORE,"DUMBBELL,BENCH","DUMBBELL,BENCH",HYBRID,BRACE,UPPER,SAGITTAL,BILATERAL,NONE,"CORE_STABILITY,ANTI_ROTATION",,TRUNK_CONTROL_SUPPORT,ANTI_ROTATION_STABILITY,"SYSTEMIC,NEURAL_HEAVY,LOCAL_MUSCLE,ANTI_ROTATION",ANTI_ROTATION,"CHEST_ACCESSORY,BACK_ACCESSORY,HYPERTROPHY_ACCESSORY",MODERATE_LOAD,MEDIUM,0.5,0.5,0,0.75,0,0,0,0.75,0,0,VOLUME_LOAD,CORE,CHEST,NONE,CORE_STABILITY,NO,YES,SUPPORTIVE,NONE,ANTI_ROTATION_STABILITY,,HIGH,LOW,"ANTI_ROTATION,SCAPULAR_STABILITY","FATIGUE,HYPERTROPHY_VOLUME,BADMINTON_TRANSFER,BALANCE",TRAINING_EXERCISE,PROGRAM_SELECTABLE,HIGH,,YES,,NO,NO
ex_70f19bf,리닝 래터럴 레이즈,근력운동,측면삼각근,상부승모근/회전근개,"덤벨, 무게*횟수",기둥이나 랙을 잡고 몸을 기울인 상태에서 팔을 옆으로 든다. 측면삼각근의 긴 범위를 천천히 쓴다.,60,리닝_래터럴_레이즈,리닝 래터럴 레이즈,PRIMARY,1,ANTI_ROTATION,HYPERTROPHY,"TRAPEZIUS,LATERAL_DELTOID,ROTATOR_CUFF,OBLIQUE",CORE,DUMBBELL,DUMBBELL,HYBRID,BRACE,UPPER,FRONTAL,UNILATERAL,NONE,"ANTI_ROTATION,ROTATOR_CUFF_CONTROL",,"COD_SUPPORT,ROTATOR_CUFF_SUPPORT","ANTI_ROTATION_STABILITY,SHOULDER_CARE","SYSTEMIC,NEURAL_HEAVY,LOCAL_MUSCLE,ANTI_ROTATION,OVERHEAD_REPETITION","SHOULDER_OVERHEAD,ANTI_ROTATION","SHOULDER_ACCESSORY,SHOULDER_ISOLATION,ARM_ACCESSORY,HYPERTROPHY_ACCESSORY",MODERATE_LOAD,MEDIUM,0.5,0.5,0,0.75,0,0,0,0.75,0.5,0,VOLUME_LOAD,CORE,SHOULDERS,NONE,SHOULDER_CARE,NO,YES,SUPPORTIVE,NONE,"ANTI_ROTATION_STABILITY,SHOULDER_DURABILITY",SHOULDER,HIGH,LOW,"ANTI_ROTATION,UNILATERAL_LOWER,SHOULDER_CARE","FATIGUE,HYPERTROPHY_VOLUME,BADMINTON_TRANSFER,BALANCE",TRAINING_EXERCISE,PROGRAM_SELECTABLE,HIGH,,YES,,NO,NO
ex_7176cbee,리어델트 플라이,근력운동,후면삼각근,능형근/회전근개,"덤벨 또는 케이블, 무게*횟수",팔을 벌려 후면삼각근을 수축한다. 어깨 뒤쪽 볼륨과 견갑 안정성을 보완한다.,60,리어델트_플라이,리어델트 플라이,PRIMARY,1,ANTI_ROTATION,HYPERTROPHY,"RHOMBOID,REAR_DELT,SHOULDER,ROTATOR_CUFF,SCAPULAR_STABILIZERS,DEEP_CORE,OBLIQUE",CORE,"DUMBBELL,CABLE","DUMBBELL,CABLE",HYBRID,BRACE,UPPER,TRANSVERSE,BILATERAL,NONE,"ANTI_ROTATION,SCAPULAR_STABILITY,ROTATOR_CUFF_CONTROL",,"SHOULDER_STABILITY_SUPPORT,ROTATOR_CUFF_SUPPORT","ANTI_ROTATION_STABILITY,SHOULDER_CARE","SYSTEMIC,NEURAL_HEAVY,LOCAL_MUSCLE,ANTI_ROTATION,OVERHEAD_REPETITION","SHOULDER_OVERHEAD,ANTI_ROTATION","SHOULDER_ACCESSORY,ARM_ACCESSORY,CHEST_ACCESSORY,HYPERTROPHY_ACCESSORY",SHOULDER_STRESS_LOW,MEDIUM,0.5,0.5,0,0.75,0,0,0,0.75,0.5,0,VOLUME_LOAD,CORE,SHOULDERS,NONE,SHOULDER_CARE,NO,YES,SUPPORTIVE,NONE,"ANTI_ROTATION_STABILITY,SHOULDER_DURABILITY",SHOULDER,HIGH,LOW,"ANTI_ROTATION,SHOULDER_CARE,SCAPULAR_STABILITY","FATIGUE,HYPERTROPHY_VOLUME,BADMINTON_TRANSFER,BALANCE",TRAINING_EXERCISE,HISTORY_ONLY,HIGH,,NO,,NO,NO
ex_721f7b5b,힙 쓰러스트,근력운동,둔근,햄스트링/코어,"바벨, 무게*횟수","힙 쓰러스트: 자세와 관절 정렬을 유지한 채 반복한다. 주동근은 둔근이고, 햄스트링/코어이 흔들리지 않게 보조한다.",120,힙_쓰러스트,힙 쓰러스트,PRIMARY,1,HINGE,STRENGTH,"HAMSTRING,GLUTE,CORE",DEEP_CORE,"BARBELL,TRX_RING","BARBELL,TRX_RING",COMPOUND,HINGE,LOWER,SAGITTAL,BILATERAL,HIGH,"CORE_STABILITY,ANTI_ROTATION,HIP_STABILITY",,"HIP_STABILITY_SUPPORT,TRUNK_CONTROL_SUPPORT",NONE,"SYSTEMIC,NEURAL_HEAVY,LOCAL_MUSCLE","SYSTEMIC,HEAVY_LOWER,HINGE","POSTERIOR_CHAIN_ACCESSORY,HYPERTROPHY_ACCESSORY",HIGH_AXIAL_LOAD,VERY_LONG,0.75,0.75,0,0.5,0,0,0,0,0,0,ESTIMATED_1RM,HINGE,POSTERIOR_CHAIN,DEADLIFT,POSTERIOR_CHAIN_ACCESSORY,YES,YES,NONE,NONE,NONE,"LOW_BACK,HIP",LOW,LOW,"LOWER_PULL,HINGE,POSTERIOR_CHAIN,HIP_STABILITY","FATIGUE,STRENGTH_PROGRESS,BALANCE",TRAINING_EXERCISE,PROGRAM_SELECTABLE,HIGH,,YES,,NO,NO
ex_728da646,힙 어브덕션,근력운동,중둔근/둔근,골반안정근,"머신 또는 밴드, 무게*횟수",다리를 바깥쪽으로 벌려 중둔근을 훈련한다. 런지와 방향전환에서 골반이 무너지지 않게 돕는다.,60,힙_어브덕션,힙 어브덕션,PRIMARY,1,BOUND,PLYOMETRIC,"GLUTE_MEDIUS,GLUTE",CORE,"HIP_ABDUCTION_MACHINE,MACHINE,BAND","HIP_ABDUCTION_MACHINE,MACHINE,BAND",DRILL,DECELERATE,LOWER,FRONTAL,BILATERAL,NONE,"HIP_STABILITY,PELVIC_STABILITY",,"DECELERATION_SUPPORT,COD_SUPPORT,HIP_STABILITY_SUPPORT,SINGLE_LEG_STRENGTH_SUPPORT",JUMP_LANDING,"SYSTEMIC,NEURAL_HEAVY,NEURAL_SPEED,LOCAL_MUSCLE,DECELERATION,ELASTIC_SSC","BADMINTON_COURT,DECELERATION,ELASTIC_SSC","LEG_ACCESSORY,POSTERIOR_CHAIN_ACCESSORY,HYPERTROPHY_ACCESSORY",MODERATE_LOAD,LONG,0.5,0.5,0.5,0.5,0.75,0.75,0,0,0,0,QUALITY_BASED,NONE,GLUTES,NONE,BADMINTON_SUPPORT,NO,NO,DIRECT,"JUMP_LANDING,RECOVERY_STEP",JUMP_LANDING_CONTROL,"HIP,ANKLE_ACHILLES",HIGH,LOW,"HIP_STABILITY,ANKLE_STIFFNESS","FATIGUE,BADMINTON_TRANSFER,BALANCE",TRAINING_EXERCISE,PROGRAM_SELECTABLE,HIGH,,YES,,NO,NO
ex_72f11dc5,덤벨 리스트 익스텐션,근력운동,손목신전근/전완근,그립,"덤벨, 무게*횟수",손등을 위로 들어 손목 신전근을 훈련한다. 스매시와 라켓 제어 후 손목 균형을 맞추는 보조운동이다.,45,덤벨_리스트_익스텐션,덤벨 리스트 익스텐션,PRIMARY,1,ISOLATION,HYPERTROPHY,"BACK,FOREARM,GRIP",CORE,DUMBBELL,DUMBBELL,ISOLATION,BRACE,UPPER,SAGITTAL,BILATERAL,NONE,,,GRIP_FOREARM_SUPPORT,GRIP_FOREARM,"SYSTEMIC,NEURAL_HEAVY,LOCAL_MUSCLE,GRIP_FOREARM",GRIP_FOREARM,"ARM_ACCESSORY,BACK_ACCESSORY,HYPERTROPHY_ACCESSORY",SINGLE_LEG_BALANCE_DEMAND,MEDIUM,0.25,0.25,0,0.75,0,0,0,0,0,0.75,VOLUME_LOAD,NONE,BACK,NONE,GRIP_FOREARM,NO,YES,SUPPORTIVE,NONE,GRIP_ENDURANCE,WRIST,LOW,LOW,GRIP_FOREARM,"FATIGUE,HYPERTROPHY_VOLUME,BADMINTON_TRANSFER,BALANCE",TRAINING_EXERCISE,PROGRAM_SELECTABLE,HIGH,,YES,,NO,NO
ex_73b0b63f,아처 푸시업,근력운동,대흉근/삼두근,전면삼각근/코어,"맨몸, 좌우 횟수",한쪽 팔에 더 많은 체중을 싣고 좌우로 번갈아 내려간다. 한팔 푸시업으로 가기 전 좌우 밀기 힘을 키운다.,75,아처_푸시업,아처 푸시업,PRIMARY,1,PUSH_HORIZONTAL,STRENGTH,"CHEST,ANTERIOR_DELTOID,TRICEPS,CORE",DEEP_CORE,BODYWEIGHT,BODYWEIGHT,COMPOUND,PUSH,UPPER,TRANSVERSE,UNILATERAL,NONE,"CORE_STABILITY,ANTI_ROTATION",,TRUNK_CONTROL_SUPPORT,NONE,"SYSTEMIC,NEURAL_HEAVY,LOCAL_MUSCLE",UPPER_PUSH,"ARM_ACCESSORY,TRICEPS_ISOLATION,CHEST_ACCESSORY,HYPERTROPHY_ACCESSORY",MODERATE_LOAD,SHORT,0.5,0.5,0,0.5,0,0,0,0,0,0,ESTIMATED_1RM,UPPER_PUSH_HORIZONTAL,CHEST,BENCH_PRESS,UPPER_PUSH_ACCESSORY,YES,YES,NONE,NONE,NONE,"SHOULDER,ELBOW",HIGH,LOW,"UPPER_PUSH,UNILATERAL_UPPER","FATIGUE,STRENGTH_PROGRESS,BALANCE",TRAINING_EXERCISE,PROGRAM_SELECTABLE,HIGH,,YES,,NO,NO
ex_7404067c,케틀벨 스윙,기능성운동,힙힌지/파워,케틀벨,무게*횟수,"케틀벨 스윙: 힙힌지/파워을 목표로 짧고 선명하게 수행한다. 속도보다 착지, 정지, 몸통 안정성을 먼저 확인한다.",60,케틀벨_스윙,케틀벨 스윙,PRIMARY,1,HINGE,POWER,"CORE,DEEP_CORE",DEEP_CORE,KETTLEBELL,KETTLEBELL,COMPOUND,HINGE,TRUNK,SAGITTAL,BILATERAL,MODERATE,"TRUNK_CONTROL,HIP_STABILITY,LANDING_STABILITY",,"LANDING_SUPPORT,HIP_STABILITY_SUPPORT,TRUNK_CONTROL_SUPPORT",NONE,"SYSTEMIC,NEURAL_HEAVY,LOCAL_MUSCLE","SYSTEMIC,HEAVY_LOWER,HINGE",,MODERATE_LOAD,VERY_LONG,0.75,0.75,0,0.5,0,0,0,0,0,0,QUALITY_BASED,HINGE,POSTERIOR_CHAIN,DEADLIFT,POSTERIOR_CHAIN_ACCESSORY,NO,NO,NONE,NONE,NONE,"LOW_BACK,HIP",LOW,LOW,"LOWER_PULL,HINGE,POSTERIOR_CHAIN","FATIGUE,BALANCE",TRAINING_EXERCISE,PROGRAM_SELECTABLE,HIGH,,YES,,NO,NO
ex_74c2d13b,계단 오르기,유산소운동,중강도,20분,시간/층수,계단 오르기: 호흡과 페이스를 일정하게 유지하며 수행한다. 강도는 중강도 기준으로 무리 없이 조절한다.,45,cardio,cardio,PRIMARY,1,SQUAT,CONDITIONING,"CALF,QUADRICEPS,HAMSTRING",CORE,BODYWEIGHT,BODYWEIGHT,COMPOUND,SQUAT,WHOLE_BODY,SAGITTAL,BILATERAL,MODERATE,,,,NONE,"SYSTEMIC,NEURAL_HEAVY,LOCAL_MUSCLE","SYSTEMIC,HEAVY_LOWER,SQUAT_PATTERN",,MODERATE_LOAD,VERY_LONG,0.75,0.75,0,0.5,0,0,0,0,0,0,TIME_OR_DISTANCE,SQUAT,QUADS,SQUAT,LOWER_ACCESSORY,NO,NO,NONE,NONE,NONE,"HIP,KNEE,ANKLE_ACHILLES",LOW,LOW,"LOWER_PUSH,SQUAT_PATTERN,ANTERIOR_CHAIN,CALF_ACHILLES,KNEE_CONTROL","FATIGUE,BALANCE",TRAINING_EXERCISE,PROGRAM_SELECTABLE,HIGH,,YES,,NO,NO
ex_752b45ae,멀티셔틀 풋워크,기능성운동,반복스피드/심폐/코트회복,셔틀/코트,시간 또는 반복,연속 투입되는 셔틀에 맞춰 여러 방향으로 이동한다. 경기 속도에서 풋워크와 회복 능력을 함께 훈련한다.,60,badminton_footwork,badminton footwork,PRIMARY,1,FOOTWORK,REACTIVE,CORE,DEEP_CORE,CONE_MARKER,CONE_MARKER,DRILL,ACCELERATE,TRUNK,MULTI_PLANAR,UNILATERAL,NONE,,"BADMINTON_FOOTWORK,CHANGE_OF_DIRECTION,COURT_CONDITIONING",BADMINTON_SUPPORT_LIGHT,"FOOTWORK,REACTION,DECELERATION,CONDITIONING","SYSTEMIC,NEURAL_HEAVY,NEURAL_SPEED,LOCAL_MUSCLE,DECELERATION","BADMINTON_COURT,DECELERATION",,MODERATE_LOAD,LONG,0.5,0.5,0.75,0.5,0.75,0,0,0,0,0,QUALITY_BASED,BADMINTON_TEST,CORE,NONE,BADMINTON_SUPPORT,NO,NO,DIRECT,"MULTI_DIRECTION,FIRST_STEP,REACTION_RANDOM,DECELERATION,RECOVERY_STEP","FOOTWORK_SPEED,FIRST_STEP_REACTION,DECELERATION_CONTROL,CONDITIONING","KNEE,ANKLE_ACHILLES",HIGH,LOW,"UNILATERAL_LOWER,ANKLE_STIFFNESS","FATIGUE,BADMINTON_TRANSFER,BALANCE",TRAINING_EXERCISE,PROGRAM_SELECTABLE,HIGH,,YES,,NO,NO
ex_767e188e,아놀드 프레스,근력운동,전면삼각근/측면삼각근,삼두근/회전근개,"덤벨, 무게*횟수",손바닥을 몸쪽에서 바깥쪽으로 돌리며 덤벨을 밀어 올린다. 어깨 가동범위가 편한 선에서 통제한다.,75,아놀드_프레스,아놀드 프레스,PRIMARY,1,PUSH_VERTICAL,STRENGTH,"ANTERIOR_DELTOID,LATERAL_DELTOID,SHOULDER,ROTATOR_CUFF,TRICEPS,OBLIQUE",CORE,DUMBBELL,DUMBBELL,COMPOUND,PUSH,UPPER,SAGITTAL,BILATERAL,NONE,"ANTI_ROTATION,ROTATOR_CUFF_CONTROL",,"COD_SUPPORT,SHOULDER_STABILITY_SUPPORT,ROTATOR_CUFF_SUPPORT",SHOULDER_CARE,"SYSTEMIC,NEURAL_HEAVY,LOCAL_MUSCLE,OVERHEAD_REPETITION","UPPER_PUSH,SHOULDER_OVERHEAD","SHOULDER_ACCESSORY,SHOULDER_ISOLATION,ARM_ACCESSORY,TRICEPS_ISOLATION,HYPERTROPHY_ACCESSORY",SHOULDER_STRESS_LOW,SHORT,0.5,0.5,0,0.5,0,0,0,0,0.5,0,ESTIMATED_1RM,UPPER_PUSH_VERTICAL,SHOULDERS,OVERHEAD_PRESS,SHOULDER_CARE,YES,YES,SUPPORTIVE,NONE,SHOULDER_DURABILITY,"SHOULDER,ELBOW",LOW,MODERATE,"UPPER_PUSH,SHOULDER_CARE,SCAPULAR_STABILITY","FATIGUE,STRENGTH_PROGRESS,BADMINTON_TRANSFER,BALANCE",TRAINING_EXERCISE,PROGRAM_SELECTABLE,HIGH,,YES,,NO,NO
ex_7814843a,원암 덤벨 숄더프레스,근력운동,전면삼각근/측면삼각근,삼두근/코어,"덤벨, 한팔 무게*횟수",한 팔씩 머리 위로 덤벨을 밀어 올린다. 갈비뼈가 들리지 않게 몸통을 고정하고 좌우 차이를 본다.,90,vertical_press,수직 프레스,PRIMARY,1.1,PUSH_VERTICAL,STRENGTH,"ANTERIOR_DELTOID,LATERAL_DELTOID,SHOULDER,TRICEPS,CORE",DEEP_CORE,DUMBBELL,DUMBBELL,COMPOUND,PUSH,UPPER,SAGITTAL,UNILATERAL,NONE,"CORE_STABILITY,ANTI_ROTATION,TRUNK_CONTROL",,"COD_SUPPORT,TRUNK_CONTROL_SUPPORT",SHOULDER_CARE,"SYSTEMIC,NEURAL_HEAVY,LOCAL_MUSCLE,OVERHEAD_REPETITION","UPPER_PUSH,SHOULDER_OVERHEAD","SHOULDER_ACCESSORY,SHOULDER_ISOLATION,ARM_ACCESSORY,TRICEPS_ISOLATION,HYPERTROPHY_ACCESSORY",SHOULDER_STRESS_LOW,SHORT,0.5,0.5,0,0.5,0,0,0,0,0.5,0,ESTIMATED_1RM,UPPER_PUSH_VERTICAL,SHOULDERS,OVERHEAD_PRESS,SHOULDER_CARE,YES,YES,SUPPORTIVE,NONE,SHOULDER_DURABILITY,"SHOULDER,ELBOW",HIGH,MODERATE,"UPPER_PUSH,UNILATERAL_UPPER,SHOULDER_CARE,SCAPULAR_STABILITY","FATIGUE,STRENGTH_PROGRESS,BADMINTON_TRANSFER,BALANCE",TRAINING_EXERCISE,PROGRAM_SELECTABLE,HIGH,,YES,,NO,NO
ex_79f3bdbe,덤벨 숄더프레스,근력운동,전면삼각근/측면삼각근,삼두근/코어,"덤벨, 무게*횟수",덤벨을 어깨 높이에서 머리 위로 밀어 올린다. 바벨보다 어깨 각도를 조절하기 쉬운 기본 어깨 프레스다.,90,vertical_press,수직 프레스,PRIMARY,1.08,PUSH_VERTICAL,STRENGTH,"ANTERIOR_DELTOID,LATERAL_DELTOID,SHOULDER,TRICEPS,CORE",DEEP_CORE,"BARBELL,DUMBBELL","BARBELL,DUMBBELL",COMPOUND,PUSH,UPPER,SAGITTAL,BILATERAL,HIGH,"CORE_STABILITY,ANTI_ROTATION",,"COD_SUPPORT,TRUNK_CONTROL_SUPPORT,SHOULDER_STABILITY_SUPPORT",SHOULDER_CARE,"SYSTEMIC,NEURAL_HEAVY,LOCAL_MUSCLE,OVERHEAD_REPETITION","SYSTEMIC,UPPER_PUSH,SHOULDER_OVERHEAD","SHOULDER_ACCESSORY,SHOULDER_ISOLATION,ARM_ACCESSORY,TRICEPS_ISOLATION,HYPERTROPHY_ACCESSORY",HIGH_AXIAL_LOAD,SHORT,0.5,0.5,0,0.5,0,0,0,0,0.5,0,ESTIMATED_1RM,UPPER_PUSH_VERTICAL,SHOULDERS,OVERHEAD_PRESS,SHOULDER_CARE,YES,YES,SUPPORTIVE,NONE,SHOULDER_DURABILITY,"SHOULDER,ELBOW",LOW,MODERATE,"UPPER_PUSH,SHOULDER_CARE,SCAPULAR_STABILITY","FATIGUE,STRENGTH_PROGRESS,BADMINTON_TRANSFER,BALANCE",TRAINING_EXERCISE,PROGRAM_SELECTABLE,HIGH,,YES,,NO,NO
ex_7ce96a7a,프론트풋 엘리베이티드 스플릿 스쿼트,근력운동,대퇴사두근/둔근,내전근/햄스트링/코어,"낮은 발판/덤벨, 무게*횟수",앞발을 낮은 발판에 올리고 깊게 내려간다. 무릎 전방 범위와 둔근 사용을 함께 늘릴 때 쓴다.,90,squat,스쿼트,PRIMARY,0.88,SQUAT,STRENGTH,"QUADRICEPS,HAMSTRING,GLUTE,HIP_ADDUCTOR,CORE",DEEP_CORE,"DUMBBELL,BOX,TRX_RING","DUMBBELL,BOX,TRX_RING",COMPOUND,SQUAT,LOWER,SAGITTAL,UNILATERAL,HIGH,"CORE_STABILITY,ANTI_ROTATION,HIP_STABILITY,KNEE_CONTROL",,"DECELERATION_SUPPORT,HIP_STABILITY_SUPPORT,TRUNK_CONTROL_SUPPORT",NONE,"SYSTEMIC,NEURAL_HEAVY,LOCAL_MUSCLE","SYSTEMIC,HEAVY_LOWER,SQUAT_PATTERN","LEG_ACCESSORY,POSTERIOR_CHAIN_ACCESSORY,HYPERTROPHY_ACCESSORY",HIGH_AXIAL_LOAD,VERY_LONG,0.75,0.75,0,0.5,0,0,0,0,0,0,ESTIMATED_1RM,SQUAT,QUADS,SQUAT,LOWER_ACCESSORY,YES,YES,NONE,NONE,NONE,"HIP,KNEE",HIGH,LOW,"LOWER_PUSH,SQUAT_PATTERN,ANTERIOR_CHAIN,UNILATERAL_LOWER,HIP_STABILITY,KNEE_CONTROL","FATIGUE,STRENGTH_PROGRESS,BALANCE",TRAINING_EXERCISE,PROGRAM_SELECTABLE,HIGH,,YES,,NO,NO
ex_7deabeba,리어델트 케이블 플라이,근력운동,후면삼각근,능형근/회전근개,"케이블, 무게*횟수",양쪽 케이블을 잡고 팔을 뒤로 벌린다. 허리 반동 없이 어깨 뒤쪽으로 움직임을 마무리한다.,60,리어델트_케이블_플라이,리어델트 케이블 플라이,PRIMARY,1,ANTI_ROTATION,HYPERTROPHY,"RHOMBOID,REAR_DELT,SHOULDER,ROTATOR_CUFF,OBLIQUE",CORE,CABLE,CABLE,HYBRID,BRACE,UPPER,TRANSVERSE,BILATERAL,MODERATE,"ANTI_ROTATION,ROTATOR_CUFF_CONTROL",,"SHOULDER_STABILITY_SUPPORT,ROTATOR_CUFF_SUPPORT","ANTI_ROTATION_STABILITY,SHOULDER_CARE","SYSTEMIC,NEURAL_HEAVY,LOCAL_MUSCLE,ANTI_ROTATION,OVERHEAD_REPETITION","SYSTEMIC,SHOULDER_OVERHEAD,ANTI_ROTATION","SHOULDER_ACCESSORY,ARM_ACCESSORY,CHEST_ACCESSORY,HYPERTROPHY_ACCESSORY",LUMBAR_STRESS_HIGH,MEDIUM,0.5,0.5,0,0.75,0,0,0,0.75,0.5,0,VOLUME_LOAD,CORE,SHOULDERS,NONE,SHOULDER_CARE,NO,YES,SUPPORTIVE,NONE,"ANTI_ROTATION_STABILITY,SHOULDER_DURABILITY",SHOULDER,HIGH,LOW,"ANTI_ROTATION,SHOULDER_CARE,SCAPULAR_STABILITY","FATIGUE,HYPERTROPHY_VOLUME,BADMINTON_TRANSFER,BALANCE",TRAINING_EXERCISE,PROGRAM_SELECTABLE,HIGH,,YES,,NO,NO
ex_85b2ac56,원암 덤벨 컬,근력운동,이두근,전완근/코어,"덤벨, 한팔 무게*횟수",한 팔씩 덤벨 컬을 수행한다. 좌우 이두 힘 차이를 확인하기 좋고 반동을 줄여 정확히 기록하기 쉽다.,60,원암_덤벨_컬,원암 덤벨 컬,PRIMARY,1,ANTI_ROTATION,HYPERTROPHY,"BICEPS,FOREARM,CORE",DEEP_CORE,DUMBBELL,DUMBBELL,HYBRID,BRACE,UPPER,SAGITTAL,UNILATERAL,NONE,"CORE_STABILITY,ANTI_ROTATION",,"TRUNK_CONTROL_SUPPORT,GRIP_FOREARM_SUPPORT","ANTI_ROTATION_STABILITY,GRIP_FOREARM","SYSTEMIC,NEURAL_HEAVY,LOCAL_MUSCLE,ANTI_ROTATION,GRIP_FOREARM","GRIP_FOREARM,ANTI_ROTATION","ARM_ACCESSORY,HYPERTROPHY_ACCESSORY",MODERATE_LOAD,MEDIUM,0.5,0.5,0,0.75,0,0,0,0.75,0,0.75,VOLUME_LOAD,CORE,ARMS,NONE,GRIP_FOREARM,NO,YES,SUPPORTIVE,NONE,"ANTI_ROTATION_STABILITY,GRIP_ENDURANCE","ELBOW,WRIST",HIGH,LOW,"ANTI_ROTATION,UNILATERAL_LOWER,GRIP_FOREARM","FATIGUE,HYPERTROPHY_VOLUME,BADMINTON_TRANSFER,BALANCE",TRAINING_EXERCISE,PROGRAM_SELECTABLE,HIGH,,YES,,NO,NO
ex_85f12271,원레그 박스 스쿼트,기능성운동,편측제어/하체힘/균형,박스/벤치,횟수 또는 무게*횟수,박스에 앉듯 한발로 내려갔다가 올라온다. 한발 스쿼트 패턴을 안전하게 연습하며 좌우 제어를 확인한다.,75,squat,스쿼트,PRIMARY,0.96,SQUAT,STABILITY,CORE,DEEP_CORE,"BENCH,BOX","BENCH,BOX",COMPOUND,SQUAT,TRUNK,SAGITTAL,UNILATERAL,HIGH,SINGLE_LEG_STABILITY,,,NONE,"SYSTEMIC,NEURAL_HEAVY,LOCAL_MUSCLE","SYSTEMIC,HEAVY_LOWER,SQUAT_PATTERN","LEG_ACCESSORY,HYPERTROPHY_ACCESSORY",HIGH_AXIAL_LOAD,VERY_LONG,0.75,0.75,0,0.5,0,0,0,0,0,0,ESTIMATED_1RM,SQUAT,CORE,SQUAT,LOWER_ACCESSORY,YES,YES,NONE,NONE,NONE,"HIP,KNEE",HIGH,LOW,"LOWER_PUSH,SQUAT_PATTERN,ANTERIOR_CHAIN,UNILATERAL_LOWER","FATIGUE,STRENGTH_PROGRESS,BALANCE",TRAINING_EXERCISE,PROGRAM_SELECTABLE,HIGH,,YES,,NO,NO
ex_86323ed6,원암 해머 컬,근력운동,상완요골근/이두근,전완근/그립,"덤벨, 한팔 무게*횟수",엄지가 위를 향하게 잡고 한 팔씩 들어 올린다. 라켓 그립과 전완 버티는 힘을 함께 보강한다.,60,원암_해머_컬,원암 해머 컬,PRIMARY,1,ISOLATION,HYPERTROPHY,"BICEPS,FOREARM,GRIP",CORE,DUMBBELL,DUMBBELL,ISOLATION,BRACE,UPPER,SAGITTAL,UNILATERAL,NONE,,,GRIP_FOREARM_SUPPORT,GRIP_FOREARM,"SYSTEMIC,NEURAL_HEAVY,LOCAL_MUSCLE,GRIP_FOREARM",GRIP_FOREARM,"ARM_ACCESSORY,BICEPS_ACCESSORY,HYPERTROPHY_ACCESSORY",MODERATE_LOAD,MEDIUM,0.25,0.25,0,0.75,0,0,0,0,0,0.75,VOLUME_LOAD,NONE,ARMS,NONE,GRIP_FOREARM,NO,YES,SUPPORTIVE,NONE,GRIP_ENDURANCE,"ELBOW,WRIST",HIGH,LOW,"UNILATERAL_LOWER,GRIP_FOREARM","FATIGUE,HYPERTROPHY_VOLUME,BADMINTON_TRANSFER,BALANCE",TRAINING_EXERCISE,PROGRAM_SELECTABLE,HIGH,,YES,,NO,NO
ex_8633d8db,EZ바 컬,근력운동,이두근,상완요골근/전완근,"EZ바, 무게*횟수",EZ바를 잡고 팔꿈치를 고정해 말아 올린다. 손목 부담을 줄이면서 이두 볼륨을 쌓기 좋다.,60,ez바_컬,ez바 컬,PRIMARY,1,ISOLATION,HYPERTROPHY,"BICEPS,FOREARM",CORE,BARBELL,BARBELL,ISOLATION,BRACE,UPPER,SAGITTAL,BILATERAL,NONE,,,GRIP_FOREARM_SUPPORT,GRIP_FOREARM,"SYSTEMIC,NEURAL_HEAVY,LOCAL_MUSCLE,GRIP_FOREARM",GRIP_FOREARM,"ARM_ACCESSORY,BICEPS_ACCESSORY,HYPERTROPHY_ACCESSORY",MODERATE_LOAD,MEDIUM,0.25,0.25,0,0.75,0,0,0,0,0,0.75,VOLUME_LOAD,NONE,ARMS,NONE,GRIP_FOREARM,NO,YES,SUPPORTIVE,NONE,GRIP_ENDURANCE,"ELBOW,WRIST",LOW,LOW,GRIP_FOREARM,"FATIGUE,HYPERTROPHY_VOLUME,BADMINTON_TRANSFER,BALANCE",TRAINING_EXERCISE,PROGRAM_SELECTABLE,HIGH,,YES,,NO,NO
ex_8824026f,원레그 레그 컬,근력운동,햄스트링,종아리/무릎안정근,"머신, 한발 무게*횟수",레그 컬을 한쪽 다리씩 수행한다. 감속과 착지에 필요한 햄스트링 좌우 균형을 확인한다.,60,원레그_레그_컬,원레그 레그 컬,PRIMARY,1,BOUND,PLYOMETRIC,"HAMSTRING,CALF",CORE,LEG_CURL_MACHINE,LEG_CURL_MACHINE,DRILL,DECELERATE,LOWER,SAGITTAL,UNILATERAL,NONE,"KNEE_CONTROL,ANKLE_STABILITY,LANDING_STABILITY,SINGLE_LEG_STABILITY",,"DECELERATION_SUPPORT,LANDING_SUPPORT,ANKLE_SSC_SUPPORT",JUMP_LANDING,"SYSTEMIC,NEURAL_HEAVY,NEURAL_SPEED,LOCAL_MUSCLE,DECELERATION,ELASTIC_SSC","BADMINTON_COURT,DECELERATION,ELASTIC_SSC","ARM_ACCESSORY,LEG_ACCESSORY,POSTERIOR_CHAIN_ACCESSORY,HYPERTROPHY_ACCESSORY",SINGLE_LEG_BALANCE_DEMAND,LONG,0.5,0.5,0.5,0.5,0.75,0.75,0,0,0,0,QUALITY_BASED,NONE,POSTERIOR_CHAIN,NONE,BADMINTON_SUPPORT,NO,NO,DIRECT,"JUMP_LANDING,RECOVERY_STEP",JUMP_LANDING_CONTROL,ANKLE_ACHILLES,HIGH,LOW,"UNILATERAL_LOWER,CALF_ACHILLES,ANKLE_STIFFNESS","FATIGUE,BADMINTON_TRANSFER,BALANCE",TRAINING_EXERCISE,PROGRAM_SELECTABLE,HIGH,,YES,,NO,NO
ex_8a3800f1,리버스 노르딕 컬,근력운동,대퇴사두근/고관절굴곡근,코어,"맨몸, 횟수",무릎을 대고 몸을 뒤로 천천히 젖혔다 돌아온다. 앞쪽 허벅지와 고관절 앞쪽을 통제된 범위에서 강화한다.,75,리버스_노르딕_컬,리버스 노르딕 컬,PRIMARY,1,ANTI_ROTATION,STABILITY,"QUADRICEPS,CORE",DEEP_CORE,BODYWEIGHT,BODYWEIGHT,HYBRID,BRACE,LOWER,SAGITTAL,BILATERAL,NONE,"CORE_STABILITY,ANTI_ROTATION,KNEE_CONTROL",,TRUNK_CONTROL_SUPPORT,ANTI_ROTATION_STABILITY,"SYSTEMIC,NEURAL_HEAVY,LOCAL_MUSCLE,ANTI_ROTATION",ANTI_ROTATION,"ARM_ACCESSORY,LEG_ACCESSORY,HYPERTROPHY_ACCESSORY",MODERATE_LOAD,SHORT,0.5,0.5,0,0.5,0,0,0,0.75,0,0,QUALITY_BASED,CORE,QUADS,NONE,CORE_STABILITY,NO,NO,SUPPORTIVE,NONE,ANTI_ROTATION_STABILITY,KNEE,HIGH,LOW,"ANTI_ROTATION,KNEE_CONTROL","FATIGUE,BADMINTON_TRANSFER,BALANCE",TRAINING_EXERCISE,PROGRAM_SELECTABLE,HIGH,,YES,,NO,NO
ex_8e18b02a,리버스 리스트 컬,근력운동,손목신전근/전완근,그립,"덤벨 또는 바벨, 무게*횟수",손등이 위를 향한 상태에서 손목을 들어 올린다. 손목 굴곡 운동과 균형을 맞춰 전완을 보강한다.,45,리버스_리스트_컬,리버스 리스트 컬,PRIMARY,1,ISOLATION,HYPERTROPHY,"BACK,FOREARM,GRIP",CORE,"BARBELL,DUMBBELL","BARBELL,DUMBBELL",ISOLATION,BRACE,UPPER,SAGITTAL,BILATERAL,HIGH,,,GRIP_FOREARM_SUPPORT,GRIP_FOREARM,"SYSTEMIC,NEURAL_HEAVY,LOCAL_MUSCLE,GRIP_FOREARM","SYSTEMIC,GRIP_FOREARM","ARM_ACCESSORY,BICEPS_ACCESSORY,BACK_ACCESSORY,HYPERTROPHY_ACCESSORY",HIGH_AXIAL_LOAD,MEDIUM,0.25,0.25,0,0.75,0,0,0,0,0,0.75,VOLUME_LOAD,NONE,BACK,NONE,GRIP_FOREARM,NO,YES,SUPPORTIVE,NONE,GRIP_ENDURANCE,WRIST,LOW,LOW,GRIP_FOREARM,"FATIGUE,HYPERTROPHY_VOLUME,BADMINTON_TRANSFER,BALANCE",TRAINING_EXERCISE,HISTORY_ONLY,HIGH,,NO,,NO,NO
ex_8e4bf08e,Yates Row,근력운동,광배근/능형근,후면삼각근/이두근,"언더핸드 바벨, 무게*횟수",상체를 약간 숙이고 언더핸드로 배 쪽을 향해 당긴다. 도리안 예이츠의 등 훈련으로 알려진 고중량 로우다.,120,row,로우,PRIMARY,1,PULL_HORIZONTAL,STRENGTH,"LAT,BACK,RHOMBOID,REAR_DELT,BICEPS",CORE,BARBELL,BARBELL,COMPOUND,PULL,UPPER,TRANSVERSE,BILATERAL,HIGH,,,,NONE,"SYSTEMIC,NEURAL_HEAVY,LOCAL_MUSCLE","SYSTEMIC,UPPER_PULL","ARM_ACCESSORY,BACK_ACCESSORY,HYPERTROPHY_ACCESSORY",HIGH_AXIAL_LOAD,SHORT,0.5,0.5,0,0.5,0,0,0,0,0,0,ESTIMATED_1RM,UPPER_PULL_HORIZONTAL,BACK,ROW,UPPER_PULL_ACCESSORY,YES,YES,NONE,NONE,NONE,ELBOW,LOW,LOW,"UPPER_PULL,SCAPULAR_STABILITY","FATIGUE,STRENGTH_PROGRESS,BALANCE",TRAINING_EXERCISE,PROGRAM_SELECTABLE,HIGH,,YES,,NO,NO
ex_8e51640a,체스트 서포티드 로우,근력운동,광배근/능형근,후면삼각근/이두근,"벤치 또는 머신, 무게*횟수",가슴을 패드나 벤치에 기대고 당긴다. 허리 반동을 줄이고 등 근육에 집중하기 좋다.,90,bench_press,벤치프레스,PRIMARY,1,PULL_HORIZONTAL,STRENGTH,"CHEST,LAT,BACK,RHOMBOID,REAR_DELT,BICEPS",CORE,"MACHINE,BENCH","MACHINE,BENCH",COMPOUND,PULL,UPPER,TRANSVERSE,BILATERAL,MODERATE,,,,NONE,"SYSTEMIC,NEURAL_HEAVY,LOCAL_MUSCLE","SYSTEMIC,UPPER_PULL","ARM_ACCESSORY,CHEST_ACCESSORY,BACK_ACCESSORY,HYPERTROPHY_ACCESSORY",LUMBAR_STRESS_HIGH,SHORT,0.5,0.5,0,0.5,0,0,0,0,0,0,ESTIMATED_1RM,UPPER_PULL_HORIZONTAL,CHEST,ROW,UPPER_PULL_ACCESSORY,YES,YES,NONE,NONE,NONE,ELBOW,LOW,LOW,"UPPER_PULL,SCAPULAR_STABILITY","FATIGUE,STRENGTH_PROGRESS,BALANCE",TRAINING_EXERCISE,HISTORY_ONLY,HIGH,,NO,,NO,NO
ex_8e69fc74,스플릿 스텝 리액션,기능성운동,반응속도/발빠름/방향전환,콘 또는 코치 신호,시간,스플릿 스텝 후 신호 방향으로 첫 발을 빠르게 낸다. 배드민턴 수비와 네트 대시의 출발 반응을 훈련한다.,45,lunge,lunge,PRIMARY,1,FOOTWORK,REACTIVE,CORE,DEEP_CORE,CONE_MARKER,CONE_MARKER,DRILL,ACCELERATE,TRUNK,MULTI_PLANAR,UNILATERAL,NONE,,"BADMINTON_FOOTWORK,REACTION","DECELERATION_SUPPORT,COD_SUPPORT,BADMINTON_SUPPORT_LIGHT","FOOTWORK,REACTION,DECELERATION","SYSTEMIC,NEURAL_HEAVY,NEURAL_SPEED,LOCAL_MUSCLE,DECELERATION","BADMINTON_COURT,DECELERATION",,MODERATE_LOAD,LONG,0.5,0.5,0.75,0.5,0.75,0,0,0,0,0,QUALITY_BASED,BADMINTON_TEST,CORE,NONE,BADMINTON_SUPPORT,NO,NO,DIRECT,"MULTI_DIRECTION,FIRST_STEP,REACTION_RANDOM,DECELERATION,RECOVERY_STEP","FOOTWORK_SPEED,FIRST_STEP_REACTION,DECELERATION_CONTROL","KNEE,ANKLE_ACHILLES",HIGH,LOW,"UNILATERAL_LOWER,ANKLE_STIFFNESS","FATIGUE,BADMINTON_TRANSFER,BALANCE",TRAINING_EXERCISE,PROGRAM_SELECTABLE,HIGH,,YES,,NO,NO
ex_91b749b3,플랫 덤벨 플라이,근력운동,대흉근,전면삼각근/전거근,"덤벨, 무게*횟수",팔꿈치를 살짝 굽힌 채 양팔을 벌렸다가 가슴 앞으로 모은다. 프레스보다 가슴 늘어남과 수축 감각을 우선한다.,60,플랫_덤벨_플라이,플랫 덤벨 플라이,PRIMARY,1,ISOLATION,HYPERTROPHY,"CHEST,ANTERIOR_DELTOID,SCAPULAR_STABILIZERS",CORE,DUMBBELL,DUMBBELL,ISOLATION,BRACE,UPPER,TRANSVERSE,BILATERAL,NONE,,,,NONE,"SYSTEMIC,NEURAL_HEAVY,LOCAL_MUSCLE",UPPER_PUSH,"ARM_ACCESSORY,CHEST_ACCESSORY,HYPERTROPHY_ACCESSORY",MODERATE_LOAD,MEDIUM,0.25,0.25,0,0.75,0,0,0,0,0,0,VOLUME_LOAD,NONE,CHEST,NONE,NONE,NO,YES,NONE,NONE,NONE,SHOULDER,LOW,LOW,,"FATIGUE,HYPERTROPHY_VOLUME",TRAINING_EXERCISE,PROGRAM_SELECTABLE,HIGH,,YES,,NO,NO
ex_91d8430b,30초 반복 스매시 테스트,기능성운동,스매시/상지폭발/타점반복/코어전달,라켓/셔틀콕/피더,시간/성공횟수,30초 동안 성공한 스매시 횟수를 기록한다. 스매시 속도 장비가 없을 때 상지 폭발력과 반복 타점 유지의 대체 지표로 쓴다.,90,30초_반복_스매시_테스트,30초 반복 스매시 테스트,PRIMARY,1,ROTATION,REACTIVE,CORE,DEEP_CORE,CONE_MARKER,CONE_MARKER,HYBRID,ROTATE,TRUNK,TRANSVERSE,BILATERAL,NONE,"CORE_STABILITY,ANTI_ROTATION",,TRUNK_CONTROL_SUPPORT,"OVERHEAD_POWER,ROTATION_POWER","SYSTEMIC,NEURAL_HEAVY,NEURAL_SPEED,LOCAL_MUSCLE,ROTATION_POWER,OVERHEAD_REPETITION","SHOULDER_OVERHEAD,ROTATION_POWER",,MODERATE_LOAD,MEDIUM,0.5,0.5,0.75,0.5,0,0,0.75,0,0.75,0,QUALITY_BASED,CORE,CORE,NONE,NONE,NO,NO,SUPPORTIVE,NONE,"OVERHEAD_POWER,ROTATION_SEQUENCING",,MODERATE,MODERATE,ROTATION,"FATIGUE,BADMINTON_TRANSFER,BALANCE",TRAINING_EXERCISE,PROGRAM_SELECTABLE,HIGH,,YES,,NO,NO
ex_91f6958d,터키시 겟업,기능성운동,전신협응/어깨안정성/코어,케틀벨,무게*횟수,"터키시 겟업: 전신협응/어깨안정성/코어을 목표로 짧고 선명하게 수행한다. 속도보다 착지, 정지, 몸통 안정성을 먼저 확인한다.",90,터키시_겟업,터키시 겟업,PRIMARY,1,MOBILITY,STABILITY,"SHOULDER,CORE,DEEP_CORE",DEEP_CORE,KETTLEBELL,KETTLEBELL,HYBRID,BRACE,WHOLE_BODY,MULTI_PLANAR,BILATERAL,NONE,"CORE_STABILITY,TRUNK_CONTROL,LANDING_STABILITY",,"LANDING_SUPPORT,TRUNK_CONTROL_SUPPORT,SHOULDER_STABILITY_SUPPORT",SHOULDER_CARE,"SYSTEMIC,NEURAL_HEAVY,LOCAL_MUSCLE,OVERHEAD_REPETITION",SHOULDER_OVERHEAD,"SHOULDER_ACCESSORY,HYPERTROPHY_ACCESSORY",SHOULDER_STRESS_LOW,MINIMAL,0.5,0.5,0,0.5,0,0,0,0,0.5,0,NOT_PROGRESS_TARGET,NONE,SHOULDERS,NONE,SHOULDER_CARE,NO,NO,SUPPORTIVE,NONE,SHOULDER_DURABILITY,SHOULDER,LOW,HIGH,SHOULDER_CARE,"FATIGUE,BADMINTON_TRANSFER,BALANCE",TRAINING_EXERCISE,PROGRAM_SELECTABLE,HIGH,,YES,,NO,NO
ex_93538692,덤벨 래터럴 레이즈,근력운동,측면삼각근,상부승모근/회전근개,"덤벨, 무게*횟수","덤벨 래터럴 레이즈: 자세와 관절 정렬을 유지한 채 반복한다. 주동근은 측면삼각근이고, 상부승모근/회전근개이 흔들리지 않게 보조한다.",60,덤벨_래터럴_레이즈,덤벨 래터럴 레이즈,PRIMARY,1,ANTI_ROTATION,HYPERTROPHY,"TRAPEZIUS,LATERAL_DELTOID,ROTATOR_CUFF,OBLIQUE",CORE,DUMBBELL,DUMBBELL,HYBRID,BRACE,UPPER,FRONTAL,BILATERAL,NONE,"ANTI_ROTATION,ROTATOR_CUFF_CONTROL",,"COD_SUPPORT,ROTATOR_CUFF_SUPPORT","ANTI_ROTATION_STABILITY,SHOULDER_CARE","SYSTEMIC,NEURAL_HEAVY,LOCAL_MUSCLE,ANTI_ROTATION,OVERHEAD_REPETITION","SHOULDER_OVERHEAD,ANTI_ROTATION","SHOULDER_ACCESSORY,SHOULDER_ISOLATION,HYPERTROPHY_ACCESSORY",MODERATE_LOAD,MEDIUM,0.5,0.5,0,0.75,0,0,0,0.75,0.5,0,VOLUME_LOAD,CORE,SHOULDERS,NONE,SHOULDER_CARE,NO,YES,SUPPORTIVE,NONE,"ANTI_ROTATION_STABILITY,SHOULDER_DURABILITY",SHOULDER,HIGH,LOW,"ANTI_ROTATION,SHOULDER_CARE","FATIGUE,HYPERTROPHY_VOLUME,BADMINTON_TRANSFER,BALANCE",TRAINING_EXERCISE,PROGRAM_SELECTABLE,HIGH,,YES,,NO,NO
ex_95028bfe,덤벨 리스트 컬,근력운동,손목굴곡근/전완근,그립,"덤벨, 무게*횟수",전완을 고정하고 손목만 접어 올린다. 손목과 그립 지구력을 보강하되 통증이 있으면 중량을 낮춘다.,45,덤벨_리스트_컬,덤벨 리스트 컬,PRIMARY,1,ISOLATION,HYPERTROPHY,"FOREARM,GRIP",CORE,DUMBBELL,DUMBBELL,ISOLATION,BRACE,UPPER,SAGITTAL,BILATERAL,NONE,,,GRIP_FOREARM_SUPPORT,GRIP_FOREARM,"SYSTEMIC,NEURAL_HEAVY,LOCAL_MUSCLE,GRIP_FOREARM",GRIP_FOREARM,"ARM_ACCESSORY,BICEPS_ACCESSORY,HYPERTROPHY_ACCESSORY",MODERATE_LOAD,MEDIUM,0.25,0.25,0,0.75,0,0,0,0,0,0.75,VOLUME_LOAD,NONE,FOREARM_GRIP,NONE,GRIP_FOREARM,NO,YES,SUPPORTIVE,NONE,GRIP_ENDURANCE,WRIST,LOW,LOW,GRIP_FOREARM,"FATIGUE,HYPERTROPHY_VOLUME,BADMINTON_TRANSFER,BALANCE",TRAINING_EXERCISE,PROGRAM_SELECTABLE,HIGH,,YES,,NO,NO
ex_99728d25,팔로프 프레스,기능성운동,회전저항/코어안정성,케이블 또는 밴드,무게*횟수,몸 옆에서 당기는 밴드나 케이블을 가슴 앞에서 밀어낸다. 몸통이 돌아가지 않게 버티며 코어 안정성을 익힌다.,45,팔로프_프레스,팔로프 프레스,PRIMARY,1,ANTI_ROTATION,STABILITY,"CHEST,CORE,DEEP_CORE,OBLIQUE",DEEP_CORE,"CABLE,BAND","CABLE,BAND",HYBRID,BRACE,UPPER,TRANSVERSE,BILATERAL,NONE,"CORE_STABILITY,ANTI_ROTATION,TRUNK_CONTROL",,TRUNK_CONTROL_SUPPORT,ANTI_ROTATION_STABILITY,"SYSTEMIC,NEURAL_HEAVY,LOCAL_MUSCLE,ANTI_ROTATION",ANTI_ROTATION,"ARM_ACCESSORY,CHEST_ACCESSORY,HYPERTROPHY_ACCESSORY",MODERATE_LOAD,SHORT,0.5,0.5,0,0.5,0,0,0,0.75,0,0,QUALITY_BASED,CORE,CHEST,NONE,CORE_STABILITY,NO,NO,SUPPORTIVE,NONE,ANTI_ROTATION_STABILITY,,HIGH,LOW,ANTI_ROTATION,"FATIGUE,BADMINTON_TRANSFER,BALANCE",TRAINING_EXERCISE,HISTORY_ONLY,HIGH,,NO,,NO,NO
ex_9b132c23,사이드 스텝 후 정지,기능성운동,좌우이동/감속/균형,코트 또는 콘,시간,좌우로 빠르게 이동한 뒤 마지막 스텝에서 몸이 밀리지 않게 정지한다. 방향전환 전 감속 능력을 훈련한다.,60,사이드_스텝_후_정지,사이드 스텝 후 정지,PRIMARY,1,FOOTWORK,REACTIVE,CORE,DEEP_CORE,CONE_MARKER,CONE_MARKER,DRILL,ACCELERATE,TRUNK,MULTI_PLANAR,UNILATERAL,NONE,,,"DECELERATION_SUPPORT,COD_SUPPORT,BADMINTON_SUPPORT_LIGHT","FOOTWORK,REACTION,DECELERATION","SYSTEMIC,NEURAL_HEAVY,NEURAL_SPEED,LOCAL_MUSCLE,DECELERATION","BADMINTON_COURT,DECELERATION",,SINGLE_LEG_BALANCE_DEMAND,LONG,0.5,0.5,0.75,0.5,0.75,0,0,0,0,0,QUALITY_BASED,BADMINTON_TEST,CORE,NONE,BADMINTON_SUPPORT,NO,NO,DIRECT,"MULTI_DIRECTION,FIRST_STEP,REACTION_RANDOM,DECELERATION,LATERAL_MOVE,RECOVERY_STEP","FOOTWORK_SPEED,FIRST_STEP_REACTION,DECELERATION_CONTROL","KNEE,ANKLE_ACHILLES",HIGH,LOW,"UNILATERAL_LOWER,ANKLE_STIFFNESS","FATIGUE,BADMINTON_TRANSFER,BALANCE",TRAINING_EXERCISE,PROGRAM_SELECTABLE,HIGH,,YES,,NO,NO
ex_9bd6dddb,줄넘기,유산소운동,중강도,10분,시간/횟수,줄넘기: 호흡과 페이스를 일정하게 유지하며 수행한다. 강도는 중강도 기준으로 무리 없이 조절한다.,45,cardio,cardio,PRIMARY,1,JUMP,PLYOMETRIC,"CALF,QUADRICEPS,HAMSTRING",CORE,BODYWEIGHT,BODYWEIGHT,COMPOUND,LAND,WHOLE_BODY,SAGITTAL,BILATERAL,NONE,,,,JUMP_LANDING,"SYSTEMIC,NEURAL_HEAVY,NEURAL_SPEED,LOCAL_MUSCLE,ELASTIC_SSC","BADMINTON_COURT,ELASTIC_SSC",,MODERATE_LOAD,LONG,0.5,0.5,0.5,0.5,0,0.75,0,0,0,0,QUALITY_BASED,NONE,QUADS,NONE,BADMINTON_SUPPORT,NO,NO,DIRECT,"JUMP_LANDING,RECOVERY_STEP",JUMP_LANDING_CONTROL,"KNEE,ANKLE_ACHILLES",HIGH,LOW,"CALF_ACHILLES,KNEE_CONTROL,ANKLE_STIFFNESS","FATIGUE,BADMINTON_TRANSFER,BALANCE",TRAINING_EXERCISE,PROGRAM_SELECTABLE,HIGH,,YES,,NO,NO
ex_9f283612,원암 인클라인 덤벨 프레스,근력운동,상부대흉근,전면삼각근/삼두근/코어,"덤벨, 한팔 무게*횟수",인클라인 벤치에서 한 팔씩 덤벨을 밀어 올린다. 상부 가슴과 어깨 전면의 좌우 차이를 확인한다.,90,vertical_press,수직 프레스,PRIMARY,1.1,PUSH_HORIZONTAL,STRENGTH,"UPPER_CHEST,CHEST,ANTERIOR_DELTOID,SHOULDER,TRICEPS,CORE",DEEP_CORE,"DUMBBELL,BENCH","DUMBBELL,BENCH",COMPOUND,PUSH,UPPER,TRANSVERSE,UNILATERAL,NONE,"CORE_STABILITY,ANTI_ROTATION",,"TRUNK_CONTROL_SUPPORT,SHOULDER_STABILITY_SUPPORT",SHOULDER_CARE,"SYSTEMIC,NEURAL_HEAVY,LOCAL_MUSCLE,OVERHEAD_REPETITION","UPPER_PUSH,SHOULDER_OVERHEAD","SHOULDER_ACCESSORY,ARM_ACCESSORY,TRICEPS_ISOLATION,CHEST_ACCESSORY,HYPERTROPHY_ACCESSORY",SHOULDER_STRESS_LOW,SHORT,0.5,0.5,0,0.5,0,0,0,0,0.5,0,ESTIMATED_1RM,UPPER_PUSH_HORIZONTAL,CHEST,BENCH_PRESS,SHOULDER_CARE,YES,YES,SUPPORTIVE,NONE,SHOULDER_DURABILITY,"SHOULDER,ELBOW",HIGH,LOW,"UPPER_PUSH,UNILATERAL_UPPER,SHOULDER_CARE","FATIGUE,STRENGTH_PROGRESS,BADMINTON_TRANSFER,BALANCE",TRAINING_EXERCISE,PROGRAM_SELECTABLE,HIGH,,YES,,NO,NO
ex_a091b9fe,원레그 레그 프레스,근력운동,대퇴사두근/둔근,햄스트링/골반안정근,"머신, 한발 무게*횟수",레그 프레스를 한쪽 다리씩 수행한다. 좌우 힘 차이를 확인하고 한발로 밀어내는 능력을 키우기 좋다.,105,원레그_레그_프레스,원레그 레그 프레스,PRIMARY,1,SQUAT,STRENGTH,"QUADRICEPS,HAMSTRING,GLUTE_MEDIUS,GLUTE",CORE,"MACHINE,TRX_RING","MACHINE,TRX_RING",COMPOUND,SQUAT,LOWER,SAGITTAL,UNILATERAL,MODERATE,"HIP_STABILITY,PELVIC_STABILITY,SINGLE_LEG_STABILITY",,"HIP_STABILITY_SUPPORT,SINGLE_LEG_STRENGTH_SUPPORT",NONE,"SYSTEMIC,NEURAL_HEAVY,LOCAL_MUSCLE","SYSTEMIC,HEAVY_LOWER,SQUAT_PATTERN","LEG_ACCESSORY,POSTERIOR_CHAIN_ACCESSORY,HYPERTROPHY_ACCESSORY",SINGLE_LEG_BALANCE_DEMAND,VERY_LONG,0.75,0.75,0,0.5,0,0,0,0,0,0,ESTIMATED_1RM,SQUAT,QUADS,SQUAT,LOWER_ACCESSORY,YES,YES,NONE,NONE,NONE,"HIP,KNEE",HIGH,LOW,"LOWER_PUSH,SQUAT_PATTERN,ANTERIOR_CHAIN,UNILATERAL_LOWER,HIP_STABILITY,KNEE_CONTROL","FATIGUE,STRENGTH_PROGRESS,BALANCE",TRAINING_EXERCISE,PROGRAM_SELECTABLE,HIGH,,YES,,NO,NO
ex_a12de111,A스킵,기능성운동,무릎드라이브/리듬/접지,맨몸/트랙,거리 또는 시간,교대로 무릎을 올리며 스킵 리듬으로 전진한다. 무릎 드라이브와 반대팔 리듬을 훈련한다.,45,a스킵,a스킵,PRIMARY,1,LOCOMOTION,SPEED,CALF,CORE,"CONE_MARKER,BODYWEIGHT","CONE_MARKER,BODYWEIGHT",COMPOUND,ACCELERATE,LOWER,SAGITTAL,BILATERAL,NONE,KNEE_CONTROL,,,CONDITIONING,"SYSTEMIC,NEURAL_HEAVY,NEURAL_SPEED,LOCAL_MUSCLE",BADMINTON_COURT,"ARM_ACCESSORY,HYPERTROPHY_ACCESSORY",MODERATE_LOAD,MEDIUM,0.5,0.5,0.75,0.5,0,0,0,0,0,0,TIME_OR_DISTANCE,NONE,CALVES,NONE,BADMINTON_SUPPORT,NO,NO,GENERAL,RECOVERY_STEP,CONDITIONING,ANKLE_ACHILLES,HIGH,LOW,CALF_ACHILLES,"FATIGUE,BADMINTON_TRANSFER,BALANCE",TRAINING_EXERCISE,PROGRAM_SELECTABLE,HIGH,,YES,,NO,NO
ex_a12de4d2,B스킵,기능성운동,햄스트링리듬/하퇴스윙,맨몸/트랙,거리 또는 시간,무릎을 올린 뒤 발을 앞으로 뻗어 긁듯이 내려놓는다. 보폭 회수와 접지 위치 감각을 익힌다.,30,b스킵,b스킵,PRIMARY,1,LOCOMOTION,SPEED,HAMSTRING,CORE,"CONE_MARKER,TRX_RING,BODYWEIGHT","CONE_MARKER,TRX_RING,BODYWEIGHT",COMPOUND,ACCELERATE,LOWER,SAGITTAL,UNILATERAL,NONE,KNEE_CONTROL,,POSTERIOR_CHAIN_CAPACITY,CONDITIONING,"SYSTEMIC,NEURAL_HEAVY,NEURAL_SPEED,LOCAL_MUSCLE",BADMINTON_COURT,"POSTERIOR_CHAIN_ACCESSORY,HYPERTROPHY_ACCESSORY",MODERATE_LOAD,MEDIUM,0.5,0.5,0.75,0.5,0,0,0,0,0,0,TIME_OR_DISTANCE,NONE,POSTERIOR_CHAIN,NONE,BADMINTON_SUPPORT,NO,NO,GENERAL,RECOVERY_STEP,CONDITIONING,,HIGH,LOW,UNILATERAL_LOWER,"FATIGUE,BADMINTON_TRANSFER,BALANCE",TRAINING_EXERCISE,PROGRAM_SELECTABLE,HIGH,,YES,,NO,NO
ex_a1fc4533,파머스 캐리,기능성운동,그립/코어/보행안정성,덤벨 또는 케틀벨,무게*거리 또는 시간,"파머스 캐리: 그립/코어/보행안정성을 목표로 짧고 선명하게 수행한다. 속도보다 착지, 정지, 몸통 안정성을 먼저 확인한다.",60,파머스_캐리,파머스 캐리,PRIMARY,1,CARRY,STABILITY,"GRIP,CORE,DEEP_CORE",DEEP_CORE,"DUMBBELL,KETTLEBELL","DUMBBELL,KETTLEBELL",COMPOUND,CARRY,UPPER,SAGITTAL,BILATERAL,NONE,"CORE_STABILITY,TRUNK_CONTROL,LANDING_STABILITY",,"LANDING_SUPPORT,TRUNK_CONTROL_SUPPORT,GRIP_FOREARM_SUPPORT",GRIP_FOREARM,"SYSTEMIC,NEURAL_HEAVY,LOCAL_MUSCLE,GRIP_FOREARM",GRIP_FOREARM,,MODERATE_LOAD,SHORT,0.5,0.5,0,0.5,0,0,0,0,0,0.75,QUALITY_BASED,CARRY,FOREARM_GRIP,NONE,GRIP_FOREARM,NO,NO,SUPPORTIVE,NONE,GRIP_ENDURANCE,WRIST,MODERATE,LOW,GRIP_FOREARM,"FATIGUE,BADMINTON_TRANSFER,BALANCE",TRAINING_EXERCISE,HISTORY_ONLY,HIGH,,NO,,NO,NO
ex_a345e30b,캡틴체어 레그 레이즈,근력운동,복직근/고관절굴곡근,전거근/견갑안정근,"캡틴체어, 횟수",팔꿈치를 받치고 다리를 들어 올린다. 매달리기 부담 없이 하복부와 고관절 굴곡을 기록하기 좋다.,60,캡틴체어_레그_레이즈,캡틴체어 레그 레이즈,PRIMARY,1,ISOLATION,HYPERTROPHY,"SCAPULAR_STABILIZERS,CORE",DEEP_CORE,BODYWEIGHT,BODYWEIGHT,ISOLATION,BRACE,UPPER,SAGITTAL,BILATERAL,NONE,SCAPULAR_STABILITY,,SHOULDER_STABILITY_SUPPORT,SHOULDER_CARE,"SYSTEMIC,NEURAL_HEAVY,LOCAL_MUSCLE,OVERHEAD_REPETITION",SHOULDER_OVERHEAD,"SHOULDER_ACCESSORY,ARM_ACCESSORY,LEG_ACCESSORY,HYPERTROPHY_ACCESSORY",MODERATE_LOAD,MEDIUM,0.25,0.25,0,0.75,0,0,0,0,0.5,0,VOLUME_LOAD,NONE,CORE,NONE,SHOULDER_CARE,NO,YES,SUPPORTIVE,NONE,SHOULDER_DURABILITY,,LOW,LOW,SCAPULAR_STABILITY,"FATIGUE,HYPERTROPHY_VOLUME,BADMINTON_TRANSFER,BALANCE",TRAINING_EXERCISE,PROGRAM_SELECTABLE,HIGH,,YES,,NO,NO
ex_a3ddd8ac,라인 홉,기능성운동,발목반응/좌우제어,라인,횟수 또는 시간,바닥 선을 기준으로 짧게 좌우 또는 앞뒤로 넘는다. 낮은 강도의 플라이오메트릭 입문 드릴이다.,45,라인_홉,라인 홉,PRIMARY,1,HOP,PLYOMETRIC,CALF,CORE,BODYWEIGHT,BODYWEIGHT,DRILL,LAND,LOWER,FRONTAL,BILATERAL,NONE,"ANKLE_STABILITY,LANDING_STABILITY",,"LANDING_SUPPORT,ANKLE_SSC_SUPPORT",JUMP_LANDING,"SYSTEMIC,NEURAL_HEAVY,NEURAL_SPEED,LOCAL_MUSCLE,ELASTIC_SSC","BADMINTON_COURT,ELASTIC_SSC","CHEST_ACCESSORY,HYPERTROPHY_ACCESSORY",PLYOMETRIC_JUMP,LONG,0.5,0.5,0.5,0.5,0,0.75,0,0,0,0,QUALITY_BASED,NONE,CALVES,NONE,BADMINTON_SUPPORT,NO,NO,DIRECT,"JUMP_LANDING,RECOVERY_STEP",JUMP_LANDING_CONTROL,ANKLE_ACHILLES,HIGH,LOW,"CALF_ACHILLES,ANKLE_STIFFNESS","FATIGUE,BADMINTON_TRANSFER,BALANCE",TRAINING_EXERCISE,PROGRAM_SELECTABLE,HIGH,,YES,,NO,NO
ex_a4040be3,셔틀런,기능성운동,방향전환/감속/가속,콘,시간 또는 반복,"셔틀런: 방향전환/감속/가속을 목표로 짧고 선명하게 수행한다. 속도보다 착지, 정지, 몸통 안정성을 먼저 확인한다.",60,셔틀런,셔틀런,PRIMARY,1,FOOTWORK,REACTIVE,"CORE,DEEP_CORE",DEEP_CORE,CONE_MARKER,CONE_MARKER,DRILL,ACCELERATE,TRUNK,MULTI_PLANAR,UNILATERAL,NONE,"TRUNK_CONTROL,LANDING_STABILITY",,"DECELERATION_SUPPORT,LANDING_SUPPORT,COD_SUPPORT,TRUNK_CONTROL_SUPPORT","FOOTWORK,REACTION,DECELERATION","SYSTEMIC,NEURAL_HEAVY,NEURAL_SPEED,LOCAL_MUSCLE,DECELERATION","BADMINTON_COURT,DECELERATION",,MODERATE_LOAD,LONG,0.5,0.5,0.75,0.5,0.75,0,0,0,0,0,QUALITY_BASED,BADMINTON_TEST,CORE,NONE,BADMINTON_SUPPORT,NO,NO,DIRECT,"MULTI_DIRECTION,FIRST_STEP,REACTION_RANDOM,DECELERATION,RECOVERY_STEP","FOOTWORK_SPEED,FIRST_STEP_REACTION,DECELERATION_CONTROL","KNEE,ANKLE_ACHILLES",HIGH,LOW,"UNILATERAL_LOWER,ANKLE_STIFFNESS","FATIGUE,BADMINTON_TRANSFER,BALANCE",TRAINING_EXERCISE,PROGRAM_SELECTABLE,HIGH,,YES,,NO,NO
ex_a412dd45,앙클링,기능성운동,발목탄성/러닝리듬,맨몸/트랙,거리 또는 시간,발목을 작게 튕기며 짧은 접지로 앞으로 이동한다. 러닝 전 발목 탄성과 리듬을 깨우는 기본 드릴이다.,30,앙클링,앙클링,PRIMARY,1,JUMP,PLYOMETRIC,CALF,CORE,"CONE_MARKER,TRX_RING,BODYWEIGHT","CONE_MARKER,TRX_RING,BODYWEIGHT",COMPOUND,LAND,LOWER,SAGITTAL,UNILATERAL,NONE,ANKLE_STABILITY,,ANKLE_SSC_SUPPORT,JUMP_LANDING,"SYSTEMIC,NEURAL_HEAVY,NEURAL_SPEED,LOCAL_MUSCLE,ELASTIC_SSC","BADMINTON_COURT,ELASTIC_SSC",,PLYOMETRIC_JUMP,LONG,0.5,0.5,0.5,0.5,0,0.75,0,0,0,0,QUALITY_BASED,NONE,CALVES,NONE,BADMINTON_SUPPORT,NO,NO,DIRECT,"JUMP_LANDING,RECOVERY_STEP",JUMP_LANDING_CONTROL,ANKLE_ACHILLES,HIGH,LOW,"UNILATERAL_LOWER,CALF_ACHILLES,ANKLE_STIFFNESS","FATIGUE,BADMINTON_TRANSFER,BALANCE",TRAINING_EXERCISE,PROGRAM_SELECTABLE,HIGH,,YES,,NO,NO
ex_a4350c0f,콘 드릴,기능성운동,방향전환/가속/감속,콘,시간,"콘 드릴: 방향전환/가속/감속을 목표로 짧고 선명하게 수행한다. 속도보다 착지, 정지, 몸통 안정성을 먼저 확인한다.",60,콘_드릴,콘 드릴,PRIMARY,1,FOOTWORK,REACTIVE,"CORE,DEEP_CORE",DEEP_CORE,CONE_MARKER,CONE_MARKER,DRILL,ACCELERATE,TRUNK,MULTI_PLANAR,UNILATERAL,NONE,"TRUNK_CONTROL,LANDING_STABILITY",,"DECELERATION_SUPPORT,LANDING_SUPPORT,COD_SUPPORT,TRUNK_CONTROL_SUPPORT","FOOTWORK,REACTION,DECELERATION","SYSTEMIC,NEURAL_HEAVY,NEURAL_SPEED,LOCAL_MUSCLE,DECELERATION","BADMINTON_COURT,DECELERATION",,MODERATE_LOAD,LONG,0.5,0.5,0.75,0.5,0.75,0,0,0,0,0,QUALITY_BASED,BADMINTON_TEST,CORE,NONE,BADMINTON_SUPPORT,NO,NO,DIRECT,"MULTI_DIRECTION,FIRST_STEP,REACTION_RANDOM,DECELERATION,RECOVERY_STEP","FOOTWORK_SPEED,FIRST_STEP_REACTION,DECELERATION_CONTROL","KNEE,ANKLE_ACHILLES",HIGH,LOW,"UNILATERAL_LOWER,ANKLE_STIFFNESS","FATIGUE,BADMINTON_TRANSFER,BALANCE",TRAINING_EXERCISE,PROGRAM_SELECTABLE,HIGH,,YES,,NO,NO
ex_a44ae2ca,플랭크,기능성운동,코어/몸통안정성,맨몸,시간,"플랭크: 코어/몸통안정성을 목표로 짧고 선명하게 수행한다. 속도보다 착지, 정지, 몸통 안정성을 먼저 확인한다.",45,플랭크,플랭크,PRIMARY,1,ANTI_ROTATION,STABILITY,"CORE,DEEP_CORE",DEEP_CORE,BODYWEIGHT,BODYWEIGHT,HYBRID,BRACE,TRUNK,SAGITTAL,BILATERAL,NONE,"CORE_STABILITY,TRUNK_CONTROL,LANDING_STABILITY",,"LANDING_SUPPORT,TRUNK_CONTROL_SUPPORT",ANTI_ROTATION_STABILITY,"SYSTEMIC,NEURAL_HEAVY,LOCAL_MUSCLE,ANTI_ROTATION",ANTI_ROTATION,,MODERATE_LOAD,SHORT,0.5,0.5,0,0.5,0,0,0,0.75,0,0,QUALITY_BASED,CORE,CORE,NONE,CORE_STABILITY,NO,NO,SUPPORTIVE,NONE,ANTI_ROTATION_STABILITY,,HIGH,LOW,ANTI_ROTATION,"FATIGUE,BADMINTON_TRANSFER,BALANCE",TRAINING_EXERCISE,PROGRAM_SELECTABLE,HIGH,,YES,,NO,NO
ex_a60496be,원암 리어델트 케이블 플라이,근력운동,후면삼각근,능형근/회전근개,"케이블, 한팔 무게*횟수",한 팔씩 케이블을 뒤로 벌린다. 견갑을 과하게 모으기보다 후면삼각근으로 팔을 여는 감각을 본다.,60,원암_리어델트_케이블_플라이,원암 리어델트 케이블 플라이,PRIMARY,1,ANTI_ROTATION,HYPERTROPHY,"RHOMBOID,REAR_DELT,ROTATOR_CUFF,SCAPULAR_STABILIZERS,OBLIQUE",CORE,CABLE,CABLE,HYBRID,BRACE,UPPER,TRANSVERSE,UNILATERAL,NONE,"ANTI_ROTATION,SCAPULAR_STABILITY,ROTATOR_CUFF_CONTROL",,"SHOULDER_STABILITY_SUPPORT,ROTATOR_CUFF_SUPPORT","ANTI_ROTATION_STABILITY,SHOULDER_CARE","SYSTEMIC,NEURAL_HEAVY,LOCAL_MUSCLE,ANTI_ROTATION,OVERHEAD_REPETITION","SHOULDER_OVERHEAD,ANTI_ROTATION","SHOULDER_ACCESSORY,ARM_ACCESSORY,CHEST_ACCESSORY,HYPERTROPHY_ACCESSORY",MODERATE_LOAD,MEDIUM,0.5,0.5,0,0.75,0,0,0,0.75,0.5,0,VOLUME_LOAD,CORE,CORE,NONE,SHOULDER_CARE,NO,YES,SUPPORTIVE,NONE,"ANTI_ROTATION_STABILITY,SHOULDER_DURABILITY",SHOULDER,HIGH,LOW,"ANTI_ROTATION,UNILATERAL_LOWER,SHOULDER_CARE,SCAPULAR_STABILITY","FATIGUE,HYPERTROPHY_VOLUME,BADMINTON_TRANSFER,BALANCE",TRAINING_EXERCISE,PROGRAM_SELECTABLE,HIGH,,YES,,NO,NO
ex_a611010d,코사크 스쿼트,기능성운동,측면가동성/내전근/편측제어,맨몸 또는 케틀벨,횟수 또는 무게*횟수,한쪽으로 깊게 앉으며 반대쪽 다리를 길게 편다. 사이드 런지 범위와 내전근 준비도를 높이는 운동이다.,75,squat,스쿼트,PRIMARY,1,SQUAT,STABILITY,HIP_ADDUCTOR,CORE,"KETTLEBELL,BODYWEIGHT","KETTLEBELL,BODYWEIGHT",COMPOUND,SQUAT,LOWER,FRONTAL,UNILATERAL,HIGH,SINGLE_LEG_STABILITY,,"DECELERATION_SUPPORT,COD_SUPPORT,SINGLE_LEG_STRENGTH_SUPPORT",NONE,"SYSTEMIC,NEURAL_HEAVY,LOCAL_MUSCLE","SYSTEMIC,HEAVY_LOWER,SQUAT_PATTERN","LEG_ACCESSORY,HYPERTROPHY_ACCESSORY",HIGH_AXIAL_LOAD,VERY_LONG,0.75,0.75,0,0.5,0,0,0,0,0,0,ESTIMATED_1RM,SQUAT,NONE,SQUAT,LOWER_ACCESSORY,YES,YES,NONE,NONE,NONE,"HIP,KNEE",HIGH,LOW,"LOWER_PUSH,SQUAT_PATTERN,ANTERIOR_CHAIN,UNILATERAL_LOWER","FATIGUE,STRENGTH_PROGRESS,BALANCE",TRAINING_EXERCISE,PROGRAM_SELECTABLE,HIGH,,YES,,NO,NO
ex_a61f1e96,인클라인 덤벨 프레스,근력운동,상부대흉근,전면삼각근/삼두근,"덤벨, 무게*횟수","인클라인 덤벨 프레스: 자세와 관절 정렬을 유지한 채 반복한다. 주동근은 상부대흉근이고, 전면삼각근/삼두근이 흔들리지 않게 보조한다.",90,vertical_press,수직 프레스,PRIMARY,1.08,PUSH_HORIZONTAL,STRENGTH,"UPPER_CHEST,CHEST,ANTERIOR_DELTOID,TRICEPS",CORE,DUMBBELL,DUMBBELL,COMPOUND,PUSH,UPPER,TRANSVERSE,BILATERAL,NONE,,,,NONE,"SYSTEMIC,NEURAL_HEAVY,LOCAL_MUSCLE",UPPER_PUSH,"ARM_ACCESSORY,TRICEPS_ACCESSORY,TRICEPS_ISOLATION,CHEST_ACCESSORY,HYPERTROPHY_ACCESSORY",MODERATE_LOAD,SHORT,0.5,0.5,0,0.5,0,0,0,0,0,0,ESTIMATED_1RM,UPPER_PUSH_HORIZONTAL,CHEST,BENCH_PRESS,UPPER_PUSH_ACCESSORY,YES,YES,NONE,NONE,NONE,"SHOULDER,ELBOW",LOW,LOW,UPPER_PUSH,"FATIGUE,STRENGTH_PROGRESS,BALANCE",TRAINING_EXERCISE,PROGRAM_SELECTABLE,HIGH,,YES,,NO,NO
ex_a61f307a,인클라인 덤벨 플라이,근력운동,상부대흉근,전면삼각근/전거근,"덤벨, 무게*횟수",기울인 벤치에서 팔을 넓게 열었다가 상부 가슴으로 모은다. 어깨 앞쪽이 밀리지 않게 가동범위를 조절한다.,60,인클라인_덤벨_플라이,인클라인 덤벨 플라이,PRIMARY,1,ISOLATION,HYPERTROPHY,"UPPER_CHEST,CHEST,ANTERIOR_DELTOID,SHOULDER,SCAPULAR_STABILIZERS",CORE,"DUMBBELL,BENCH","DUMBBELL,BENCH",ISOLATION,BRACE,UPPER,TRANSVERSE,BILATERAL,NONE,,,SHOULDER_STABILITY_SUPPORT,SHOULDER_CARE,"SYSTEMIC,NEURAL_HEAVY,LOCAL_MUSCLE,OVERHEAD_REPETITION",SHOULDER_OVERHEAD,"SHOULDER_ACCESSORY,ARM_ACCESSORY,CHEST_ACCESSORY,HYPERTROPHY_ACCESSORY",SHOULDER_STRESS_LOW,MEDIUM,0.25,0.25,0,0.75,0,0,0,0,0.5,0,VOLUME_LOAD,NONE,CHEST,NONE,SHOULDER_CARE,NO,YES,SUPPORTIVE,NONE,SHOULDER_DURABILITY,SHOULDER,LOW,LOW,SHOULDER_CARE,"FATIGUE,HYPERTROPHY_VOLUME,BADMINTON_TRANSFER,BALANCE",TRAINING_EXERCISE,PROGRAM_SELECTABLE,HIGH,,YES,,NO,NO
ex_a76f20b6,시티드 원암 케이블 로우,근력운동,광배근/능형근,후면삼각근/이두근,"케이블, 한팔 무게*횟수",앉은 상태에서 한 팔씩 케이블을 당긴다. 허리를 세우고 팔꿈치 경로를 일정하게 유지한다.,75,row,로우,PRIMARY,1.12,PULL_HORIZONTAL,STRENGTH,"LAT,RHOMBOID,REAR_DELT,BICEPS",CORE,CABLE,CABLE,COMPOUND,PULL,UPPER,TRANSVERSE,UNILATERAL,MODERATE,,,,NONE,"SYSTEMIC,NEURAL_HEAVY,LOCAL_MUSCLE","SYSTEMIC,UPPER_PULL","ARM_ACCESSORY,BACK_ACCESSORY,HYPERTROPHY_ACCESSORY",LUMBAR_STRESS_HIGH,SHORT,0.5,0.5,0,0.5,0,0,0,0,0,0,ESTIMATED_1RM,UPPER_PULL_HORIZONTAL,BACK,ROW,UPPER_PULL_ACCESSORY,YES,YES,NONE,NONE,NONE,ELBOW,HIGH,LOW,"UPPER_PULL,UNILATERAL_UPPER,SCAPULAR_STABILITY","FATIGUE,STRENGTH_PROGRESS,BALANCE",TRAINING_EXERCISE,PROGRAM_SELECTABLE,HIGH,,YES,,NO,NO
ex_a8385c4a,코펜하겐 플랭크,기능성운동,내전근/측면코어/골반안정성,벤치,시간,한쪽 다리를 벤치에 올리고 옆으로 버틴다. 배드민턴 사이드 런지와 방향전환의 골반 안정성을 보강한다.,45,bench_press,벤치프레스,PRIMARY,1,ANTI_ROTATION,STABILITY,"GLUTE_MEDIUS,HIP_ADDUCTOR,CORE,DEEP_CORE,OBLIQUE",DEEP_CORE,BENCH,BENCH,HYBRID,BRACE,LOWER,FRONTAL,UNILATERAL,NONE,"CORE_STABILITY,ANTI_ROTATION,HIP_STABILITY,PELVIC_STABILITY",,"DECELERATION_SUPPORT,COD_SUPPORT,BADMINTON_SUPPORT_LIGHT,HIP_STABILITY_SUPPORT,TRUNK_CONTROL_SUPPORT",ANTI_ROTATION_STABILITY,"SYSTEMIC,NEURAL_HEAVY,LOCAL_MUSCLE,ANTI_ROTATION",ANTI_ROTATION,"LEG_ACCESSORY,HYPERTROPHY_ACCESSORY",MODERATE_LOAD,SHORT,0.5,0.5,0,0.5,0,0,0,0.75,0,0,QUALITY_BASED,CORE,GLUTES,NONE,CORE_STABILITY,NO,NO,SUPPORTIVE,NONE,ANTI_ROTATION_STABILITY,HIP,HIGH,LOW,"ANTI_ROTATION,UNILATERAL_LOWER,HIP_STABILITY","FATIGUE,BADMINTON_TRANSFER,BALANCE",TRAINING_EXERCISE,PROGRAM_SELECTABLE,HIGH,,YES,,NO,NO
ex_a9b52886,마운틴 클라이머,근력운동,코어/고관절굴곡근,어깨안정근/심폐,"맨몸, 시간 또는 횟수",푸시업 자세에서 무릎을 번갈아 당긴다. 몸통 높이를 유지하며 빠른 고관절 반복과 코어 버티기를 기록한다.,45,마운틴_클라이머,마운틴 클라이머,PRIMARY,1,ANTI_ROTATION,CONDITIONING,"SHOULDER,CORE",DEEP_CORE,BODYWEIGHT,BODYWEIGHT,HYBRID,BRACE,UPPER,SAGITTAL,UNILATERAL,NONE,"CORE_STABILITY,ANTI_ROTATION,TRUNK_CONTROL,KNEE_CONTROL",,"TRUNK_CONTROL_SUPPORT,SHOULDER_STABILITY_SUPPORT","ANTI_ROTATION_STABILITY,SHOULDER_CARE","SYSTEMIC,NEURAL_HEAVY,LOCAL_MUSCLE,ANTI_ROTATION,OVERHEAD_REPETITION","SHOULDER_OVERHEAD,ANTI_ROTATION","SHOULDER_ACCESSORY,HYPERTROPHY_ACCESSORY",SHOULDER_STRESS_LOW,SHORT,0.5,0.5,0,0.5,0,0,0,0.75,0.5,0,TIME_OR_DISTANCE,CORE,SHOULDERS,NONE,SHOULDER_CARE,NO,NO,SUPPORTIVE,NONE,"ANTI_ROTATION_STABILITY,SHOULDER_DURABILITY",SHOULDER,HIGH,LOW,"ANTI_ROTATION,UNILATERAL_LOWER,SHOULDER_CARE","FATIGUE,BADMINTON_TRANSFER,BALANCE",TRAINING_EXERCISE,PROGRAM_SELECTABLE,HIGH,,YES,,NO,NO
ex_a9e8859c,오버헤드 트라이셉스 익스텐션,근력운동,삼두근 장두,전완근/코어,"덤벨 또는 케이블, 무게*횟수",팔을 머리 위에 둔 상태에서 팔꿈치를 펴 삼두를 훈련한다. 삼두 장두 보완에 좋다.,60,오버헤드_트라이셉스_익스텐션,오버헤드 트라이셉스 익스텐션,PRIMARY,1,ANTI_ROTATION,HYPERTROPHY,"TRICEPS,FOREARM,CORE",DEEP_CORE,"DUMBBELL,CABLE","DUMBBELL,CABLE",HYBRID,BRACE,UPPER,SAGITTAL,BILATERAL,NONE,"CORE_STABILITY,ANTI_ROTATION",,"TRUNK_CONTROL_SUPPORT,GRIP_FOREARM_SUPPORT","ANTI_ROTATION_STABILITY,GRIP_FOREARM","SYSTEMIC,NEURAL_HEAVY,LOCAL_MUSCLE,ANTI_ROTATION,GRIP_FOREARM","GRIP_FOREARM,ANTI_ROTATION","ARM_ACCESSORY,TRICEPS_ISOLATION,HYPERTROPHY_ACCESSORY",SHOULDER_STRESS_LOW,MEDIUM,0.5,0.5,0,0.75,0,0,0,0.75,0,0.75,VOLUME_LOAD,CORE,ARMS,NONE,GRIP_FOREARM,NO,YES,SUPPORTIVE,NONE,"ANTI_ROTATION_STABILITY,GRIP_ENDURANCE","ELBOW,WRIST",HIGH,LOW,"ANTI_ROTATION,GRIP_FOREARM","FATIGUE,HYPERTROPHY_VOLUME,BADMINTON_TRANSFER,BALANCE",TRAINING_EXERCISE,HISTORY_ONLY,HIGH,,NO,,NO,NO
ex_ab468462,레그 프레스,근력운동,대퇴사두근/둔근,햄스트링,"머신, 무게*횟수","레그 프레스: 자세와 관절 정렬을 유지한 채 반복한다. 주동근은 대퇴사두근/둔근이고, 햄스트링이 흔들리지 않게 보조한다.",120,레그_프레스,레그 프레스,PRIMARY,1,SQUAT,STRENGTH,"QUADRICEPS,HAMSTRING,GLUTE",CORE,"MACHINE,TRX_RING","MACHINE,TRX_RING",COMPOUND,SQUAT,LOWER,SAGITTAL,BILATERAL,MODERATE,HIP_STABILITY,,HIP_STABILITY_SUPPORT,NONE,"SYSTEMIC,NEURAL_HEAVY,LOCAL_MUSCLE","SYSTEMIC,HEAVY_LOWER,SQUAT_PATTERN","LEG_ACCESSORY,POSTERIOR_CHAIN_ACCESSORY,HYPERTROPHY_ACCESSORY",MODERATE_LOAD,VERY_LONG,0.75,0.75,0,0.5,0,0,0,0,0,0,ESTIMATED_1RM,SQUAT,QUADS,SQUAT,LOWER_ACCESSORY,YES,YES,NONE,NONE,NONE,"HIP,KNEE",LOW,LOW,"LOWER_PUSH,SQUAT_PATTERN,ANTERIOR_CHAIN,HIP_STABILITY,KNEE_CONTROL","FATIGUE,STRENGTH_PROGRESS,BALANCE",TRAINING_EXERCISE,PROGRAM_SELECTABLE,HIGH,,YES,,NO,NO
ex_ab918e2b,실내 자전거,유산소운동,저강도,40분,시간/강도,실내 자전거: 호흡과 페이스를 일정하게 유지하며 수행한다. 강도는 저강도 기준으로 무리 없이 조절한다.,30,cardio,cardio,PRIMARY,1,LOCOMOTION,CONDITIONING,"CALF,QUADRICEPS,HAMSTRING",CORE,BIKE,BIKE,COMPOUND,ACCELERATE,WHOLE_BODY,SAGITTAL,BILATERAL,NONE,,,,CONDITIONING,"SYSTEMIC,NEURAL_HEAVY,NEURAL_SPEED,LOCAL_MUSCLE",BADMINTON_COURT,,MODERATE_LOAD,MEDIUM,0.5,0.5,0.5,0.5,0,0,0,0,0,0,TIME_OR_DISTANCE,NONE,QUADS,NONE,BADMINTON_SUPPORT,NO,NO,GENERAL,RECOVERY_STEP,CONDITIONING,"KNEE,ANKLE_ACHILLES",HIGH,LOW,"CALF_ACHILLES,KNEE_CONTROL","FATIGUE,BADMINTON_TRANSFER,BALANCE",TRAINING_EXERCISE,PROGRAM_SELECTABLE,HIGH,,YES,,NO,NO
ex_ac7df636,고블릿 스쿼트,기능성운동,하체힘/코어/스쿼트패턴,케틀벨 또는 덤벨,무게*횟수,"고블릿 스쿼트: 하체힘/코어/스쿼트패턴을 목표로 짧고 선명하게 수행한다. 속도보다 착지, 정지, 몸통 안정성을 먼저 확인한다.",75,squat,스쿼트,PRIMARY,1,SQUAT,STABILITY,"CORE,DEEP_CORE",DEEP_CORE,"DUMBBELL,KETTLEBELL","DUMBBELL,KETTLEBELL",COMPOUND,SQUAT,TRUNK,SAGITTAL,BILATERAL,HIGH,"CORE_STABILITY,TRUNK_CONTROL,LANDING_STABILITY",,"LANDING_SUPPORT,TRUNK_CONTROL_SUPPORT",NONE,"SYSTEMIC,NEURAL_HEAVY,LOCAL_MUSCLE","SYSTEMIC,HEAVY_LOWER,SQUAT_PATTERN","LEG_ACCESSORY,HYPERTROPHY_ACCESSORY",HIGH_AXIAL_LOAD,VERY_LONG,0.75,0.75,0,0.5,0,0,0,0,0,0,ESTIMATED_1RM,SQUAT,CORE,SQUAT,LOWER_ACCESSORY,YES,YES,NONE,NONE,NONE,"HIP,KNEE",LOW,LOW,"LOWER_PUSH,SQUAT_PATTERN,ANTERIOR_CHAIN","FATIGUE,STRENGTH_PROGRESS,BALANCE",TRAINING_EXERCISE,HISTORY_ONLY,HIGH,,NO,,NO,NO
ex_aca9d312,러닝 풋살,스포츠,고강도,60분,시간,러닝 풋살: 실제 종목 동작에 가깝게 수행한다. 시간과 강도를 기록해 다음 훈련의 기준으로 삼는다.,30,sport,sport,PRIMARY,1,LOCOMOTION,SKILL_DRILL,"QUADRICEPS,GLUTE,CALF,SHOULDER,CORE",CORE,BODYWEIGHT,BODYWEIGHT,COMPOUND,ACCELERATE,WHOLE_BODY,MULTI_PLANAR,UNILATERAL,NONE,,,,CONDITIONING,"SYSTEMIC,NEURAL_HEAVY,NEURAL_SPEED,LOCAL_MUSCLE,OVERHEAD_REPETITION","SHOULDER_OVERHEAD,BADMINTON_COURT",,MODERATE_LOAD,MEDIUM,0.5,0.5,0.5,0.5,0,0,0,0,0.5,0,QUALITY_BASED,NONE,SHOULDERS,NONE,BADMINTON_SUPPORT,NO,NO,GENERAL,RECOVERY_STEP,CONDITIONING,"SHOULDER,HIP,KNEE,ANKLE_ACHILLES",HIGH,LOW,"UNILATERAL_LOWER,SHOULDER_CARE,CALF_ACHILLES,HIP_STABILITY,KNEE_CONTROL","FATIGUE,BADMINTON_TRANSFER,BALANCE",SPORT_SESSION,FATIGUE_ONLY,HIGH,,YES,,NO,NO
ex_ae9ecdbc,배드민턴,스포츠,중강도,60분,시간,배드민턴: 실제 종목 동작에 가깝게 수행한다. 시간과 강도를 기록해 다음 훈련의 기준으로 삼는다.,30,sport,sport,PRIMARY,1,LOCOMOTION,SKILL_DRILL,"QUADRICEPS,GLUTE,CALF,SHOULDER,CORE",CORE,BODYWEIGHT,BODYWEIGHT,COMPOUND,ACCELERATE,WHOLE_BODY,MULTI_PLANAR,UNILATERAL,NONE,,,,"FOOTWORK,CONDITIONING","SYSTEMIC,NEURAL_HEAVY,NEURAL_SPEED,LOCAL_MUSCLE,OVERHEAD_REPETITION","SHOULDER_OVERHEAD,BADMINTON_COURT",,MODERATE_LOAD,MEDIUM,0.5,0.5,0.5,0.5,0,0,0,0,0.5,0,QUALITY_BASED,NONE,SHOULDERS,NONE,BADMINTON_SUPPORT,NO,NO,DIRECT,"MULTI_DIRECTION,FIRST_STEP,RECOVERY_STEP","FOOTWORK_SPEED,CONDITIONING","SHOULDER,HIP,KNEE,ANKLE_ACHILLES",HIGH,LOW,"UNILATERAL_LOWER,SHOULDER_CARE,CALF_ACHILLES,HIP_STABILITY,KNEE_CONTROL","FATIGUE,BADMINTON_TRANSFER,BALANCE",SPORT_SESSION,FATIGUE_ONLY,HIGH,,YES,,NO,NO
ex_b076570e,원암 케이블 래터럴 레이즈,근력운동,측면삼각근,상부승모근/회전근개,"케이블, 한팔 무게*횟수",한 팔씩 케이블을 옆으로 든다. 어깨가 올라가지 않게 하고 좌우 측면삼각근 차이를 따로 기록한다.,60,원암_케이블_래터럴_레이즈,원암 케이블 래터럴 레이즈,PRIMARY,1,ANTI_ROTATION,HYPERTROPHY,"TRAPEZIUS,LATERAL_DELTOID,SHOULDER,ROTATOR_CUFF,OBLIQUE",CORE,CABLE,CABLE,HYBRID,BRACE,UPPER,FRONTAL,UNILATERAL,NONE,"ANTI_ROTATION,ROTATOR_CUFF_CONTROL",,"COD_SUPPORT,SHOULDER_STABILITY_SUPPORT,ROTATOR_CUFF_SUPPORT","ANTI_ROTATION_STABILITY,SHOULDER_CARE","SYSTEMIC,NEURAL_HEAVY,LOCAL_MUSCLE,ANTI_ROTATION,OVERHEAD_REPETITION","SHOULDER_OVERHEAD,ANTI_ROTATION","SHOULDER_ACCESSORY,SHOULDER_ISOLATION,ARM_ACCESSORY,HYPERTROPHY_ACCESSORY",SHOULDER_STRESS_LOW,MEDIUM,0.5,0.5,0,0.75,0,0,0,0.75,0.5,0,VOLUME_LOAD,CORE,SHOULDERS,NONE,SHOULDER_CARE,NO,YES,SUPPORTIVE,NONE,"ANTI_ROTATION_STABILITY,SHOULDER_DURABILITY",SHOULDER,HIGH,LOW,"ANTI_ROTATION,UNILATERAL_LOWER,SHOULDER_CARE","FATIGUE,HYPERTROPHY_VOLUME,BADMINTON_TRANSFER,BALANCE",TRAINING_EXERCISE,PROGRAM_SELECTABLE,HIGH,,YES,,NO,NO
ex_b3f447be,행잉 레그 레이즈,근력운동,복직근/고관절굴곡근,전완근/광배근,"철봉, 횟수",철봉에 매달려 다리를 들어 올린다. 골반을 말아 올리는 느낌으로 코어를 쓰고 흔들림을 줄인다.,60,행잉_레그_레이즈,행잉 레그 레이즈,PRIMARY,1,ANTI_ROTATION,HYPERTROPHY,"LAT,FOREARM,CORE",DEEP_CORE,PULLUP_BAR,PULLUP_BAR,HYBRID,BRACE,UPPER,SAGITTAL,BILATERAL,NONE,"CORE_STABILITY,ANTI_ROTATION,HIP_STABILITY,PELVIC_STABILITY",,"HIP_STABILITY_SUPPORT,TRUNK_CONTROL_SUPPORT,GRIP_FOREARM_SUPPORT","ANTI_ROTATION_STABILITY,GRIP_FOREARM","SYSTEMIC,NEURAL_HEAVY,LOCAL_MUSCLE,ANTI_ROTATION,GRIP_FOREARM","GRIP_FOREARM,ANTI_ROTATION","SHOULDER_ACCESSORY,ARM_ACCESSORY,BACK_ACCESSORY,LEG_ACCESSORY,HYPERTROPHY_ACCESSORY",MODERATE_LOAD,MEDIUM,0.5,0.5,0,0.75,0,0,0,0.75,0,0.75,VOLUME_LOAD,CORE,BACK,NONE,GRIP_FOREARM,NO,YES,SUPPORTIVE,NONE,"ANTI_ROTATION_STABILITY,GRIP_ENDURANCE",WRIST,HIGH,LOW,"ANTI_ROTATION,GRIP_FOREARM","FATIGUE,HYPERTROPHY_VOLUME,BADMINTON_TRANSFER,BALANCE",TRAINING_EXERCISE,PROGRAM_SELECTABLE,HIGH,,YES,,NO,NO
ex_b4b198de,래터럴 런지,근력운동,내전근/둔근/대퇴사두근,햄스트링/코어,"덤벨 또는 맨몸, 무게*횟수",옆으로 크게 디뎌 한쪽 다리를 접고 반대쪽은 길게 편다. 사이드 스텝과 측면 감속 능력 보강에 좋다.,75,lunge,lunge,PRIMARY,1,SQUAT,STRENGTH,"QUADRICEPS,HAMSTRING,GLUTE,HIP_ADDUCTOR,CORE",DEEP_CORE,"DUMBBELL,TRX_RING,BODYWEIGHT","DUMBBELL,TRX_RING,BODYWEIGHT",COMPOUND,SQUAT,LOWER,FRONTAL,UNILATERAL,MODERATE,"CORE_STABILITY,ANTI_ROTATION,HIP_STABILITY",,"DECELERATION_SUPPORT,COD_SUPPORT,HIP_STABILITY_SUPPORT,TRUNK_CONTROL_SUPPORT",NONE,"SYSTEMIC,NEURAL_HEAVY,LOCAL_MUSCLE","SYSTEMIC,HEAVY_LOWER,SQUAT_PATTERN","LEG_ACCESSORY,POSTERIOR_CHAIN_ACCESSORY,HYPERTROPHY_ACCESSORY",MODERATE_LOAD,VERY_LONG,0.75,0.75,0,0.5,0,0,0,0,0,0,ESTIMATED_1RM,SQUAT,QUADS,SQUAT,LOWER_ACCESSORY,YES,YES,NONE,NONE,NONE,"HIP,KNEE",HIGH,LOW,"LOWER_PUSH,SQUAT_PATTERN,ANTERIOR_CHAIN,UNILATERAL_LOWER,HIP_STABILITY,KNEE_CONTROL","FATIGUE,STRENGTH_PROGRESS,BALANCE",TRAINING_EXERCISE,PROGRAM_SELECTABLE,HIGH,,YES,,NO,NO
ex_b59bed7d,스탠딩 레그 컬,근력운동,햄스트링,종아리/무릎안정근,"머신, 한발 무게*횟수",서서 한쪽 무릎을 굽혀 햄스트링을 수축한다. 좌우 햄스트링 힘 차이를 따로 보기 쉽다.,60,스탠딩_레그_컬,스탠딩 레그 컬,PRIMARY,1,ISOLATION,HYPERTROPHY,"HAMSTRING,CALF",CORE,"MACHINE,TRX_RING","MACHINE,TRX_RING",ISOLATION,BRACE,LOWER,SAGITTAL,UNILATERAL,NONE,"KNEE_CONTROL,ANKLE_STABILITY,SINGLE_LEG_STABILITY",,ANKLE_SSC_SUPPORT,NONE,"SYSTEMIC,NEURAL_HEAVY,LOCAL_MUSCLE",HINGE,"ARM_ACCESSORY,BICEPS_ACCESSORY,LEG_ACCESSORY,POSTERIOR_CHAIN_ACCESSORY,HYPERTROPHY_ACCESSORY",SINGLE_LEG_BALANCE_DEMAND,MEDIUM,0.25,0.25,0,0.75,0,0,0,0,0,0,VOLUME_LOAD,NONE,POSTERIOR_CHAIN,NONE,NONE,NO,YES,NONE,NONE,NONE,ANKLE_ACHILLES,HIGH,LOW,"UNILATERAL_LOWER,CALF_ACHILLES","FATIGUE,HYPERTROPHY_VOLUME,BALANCE",TRAINING_EXERCISE,PROGRAM_SELECTABLE,HIGH,,YES,,NO,NO
ex_b69ab702,크로스바디 해머 컬,근력운동,상완요골근/상완근,이두근/전완근,"덤벨, 무게*횟수",덤벨을 반대쪽 가슴 방향으로 들어 올린다. 팔 두께와 전완 보조 힘을 함께 기른다.,60,크로스바디_해머_컬,크로스바디 해머 컬,PRIMARY,1,ISOLATION,HYPERTROPHY,"CHEST,BICEPS,FOREARM",CORE,DUMBBELL,DUMBBELL,ISOLATION,BRACE,UPPER,SAGITTAL,BILATERAL,NONE,,,GRIP_FOREARM_SUPPORT,GRIP_FOREARM,"SYSTEMIC,NEURAL_HEAVY,LOCAL_MUSCLE,GRIP_FOREARM",GRIP_FOREARM,"ARM_ACCESSORY,BICEPS_ACCESSORY,CHEST_ACCESSORY,HYPERTROPHY_ACCESSORY",MODERATE_LOAD,MEDIUM,0.25,0.25,0,0.75,0,0,0,0,0,0.75,VOLUME_LOAD,NONE,CHEST,NONE,GRIP_FOREARM,NO,YES,SUPPORTIVE,NONE,GRIP_ENDURANCE,"ELBOW,WRIST",LOW,LOW,GRIP_FOREARM,"FATIGUE,HYPERTROPHY_VOLUME,BADMINTON_TRANSFER,BALANCE",TRAINING_EXERCISE,PROGRAM_SELECTABLE,HIGH,,YES,,NO,NO
ex_b76d3f92,케이블 래터럴 레이즈,근력운동,측면삼각근,상부승모근/회전근개,"케이블, 무게*횟수",케이블을 옆으로 들어 측면삼각근을 수축한다. 덤벨보다 시작 구간 장력이 커서 가볍게 통제한다.,60,케이블_래터럴_레이즈,케이블 래터럴 레이즈,PRIMARY,1,ANTI_ROTATION,HYPERTROPHY,"TRAPEZIUS,LATERAL_DELTOID,ROTATOR_CUFF,OBLIQUE",CORE,"DUMBBELL,CABLE","DUMBBELL,CABLE",HYBRID,BRACE,UPPER,FRONTAL,BILATERAL,NONE,"ANTI_ROTATION,ROTATOR_CUFF_CONTROL",,"COD_SUPPORT,ROTATOR_CUFF_SUPPORT","ANTI_ROTATION_STABILITY,SHOULDER_CARE","SYSTEMIC,NEURAL_HEAVY,LOCAL_MUSCLE,ANTI_ROTATION,OVERHEAD_REPETITION","SHOULDER_OVERHEAD,ANTI_ROTATION","SHOULDER_ACCESSORY,SHOULDER_ISOLATION,HYPERTROPHY_ACCESSORY",MODERATE_LOAD,MEDIUM,0.5,0.5,0,0.75,0,0,0,0.75,0.5,0,VOLUME_LOAD,CORE,SHOULDERS,NONE,SHOULDER_CARE,NO,YES,SUPPORTIVE,NONE,"ANTI_ROTATION_STABILITY,SHOULDER_DURABILITY",SHOULDER,HIGH,LOW,"ANTI_ROTATION,SHOULDER_CARE","FATIGUE,HYPERTROPHY_VOLUME,BADMINTON_TRANSFER,BALANCE",TRAINING_EXERCISE,PROGRAM_SELECTABLE,HIGH,,YES,,NO,NO
ex_b78a8f95,레그 익스텐션,근력운동,대퇴사두근,무릎안정근,"머신, 무게*횟수",무릎을 펴 대퇴사두근을 수축한다. 스쿼트 후 대퇴사두근 볼륨을 더할 때 가볍게 통제한다.,60,레그_익스텐션,레그 익스텐션,PRIMARY,1,ISOLATION,HYPERTROPHY,QUADRICEPS,CORE,"LEG_EXTENSION_MACHINE,MACHINE","LEG_EXTENSION_MACHINE,MACHINE",ISOLATION,BRACE,LOWER,SAGITTAL,BILATERAL,HIGH,KNEE_CONTROL,,,NONE,"SYSTEMIC,NEURAL_HEAVY,LOCAL_MUSCLE",SYSTEMIC,"LEG_ACCESSORY,HYPERTROPHY_ACCESSORY",HIGH_AXIAL_LOAD,MEDIUM,0.25,0.25,0,0.75,0,0,0,0,0,0,VOLUME_LOAD,NONE,QUADS,NONE,NONE,NO,YES,NONE,NONE,NONE,KNEE,LOW,LOW,KNEE_CONTROL,"FATIGUE,HYPERTROPHY_VOLUME,BALANCE",TRAINING_EXERCISE,PROGRAM_SELECTABLE,HIGH,,YES,,NO,NO
ex_badminton_lesson,배드민턴 레슨,스포츠,중강도,60분,시간,코치와 함께 셔틀을 치는 레슨 시간이다. 실제 플레이 시간만 기록해 배드민턴 수행량 기준으로 삼는다.,30,sport,sport,PRIMARY,1,LOCOMOTION,SKILL_DRILL,"QUADRICEPS,GLUTE,CALF,SHOULDER,CORE",CORE,BODYWEIGHT,BODYWEIGHT,COMPOUND,ACCELERATE,WHOLE_BODY,MULTI_PLANAR,UNILATERAL,NONE,,,,"FOOTWORK,CONDITIONING","SYSTEMIC,NEURAL_HEAVY,NEURAL_SPEED,LOCAL_MUSCLE,OVERHEAD_REPETITION","SHOULDER_OVERHEAD,BADMINTON_COURT",,MODERATE_LOAD,MEDIUM,0.5,0.5,0.5,0.5,0,0,0,0,0.5,0,QUALITY_BASED,NONE,SHOULDERS,NONE,BADMINTON_SUPPORT,NO,NO,DIRECT,"MULTI_DIRECTION,FIRST_STEP,RECOVERY_STEP","FOOTWORK_SPEED,CONDITIONING","SHOULDER,HIP,KNEE,ANKLE_ACHILLES",HIGH,LOW,"UNILATERAL_LOWER,SHOULDER_CARE,CALF_ACHILLES,HIP_STABILITY,KNEE_CONTROL","FATIGUE,BADMINTON_TRANSFER,BALANCE",SPORT_SESSION,FATIGUE_ONLY,HIGH,exercise_images/local_downloads/badminton.png,YES,,NO,NO
ex_bb4b4276,등받이 없는 덤벨 시티드 숄더프레스,근력운동,전면삼각근/측면삼각근,삼두근/코어/견갑안정근,"덤벨, 무게*횟수","등받이 없는 덤벨 시티드 숄더프레스: 자세와 관절 정렬을 유지한 채 반복한다. 주동근은 전면삼각근/측면삼각근이고, 삼두근/코어/견갑안정근이 흔들리지 않게 보조한다.",90,vertical_press,수직 프레스,PRIMARY,1.08,PUSH_VERTICAL,STRENGTH,"BACK,ANTERIOR_DELTOID,LATERAL_DELTOID,SHOULDER,SCAPULAR_STABILIZERS,TRICEPS,CORE",DEEP_CORE,DUMBBELL,DUMBBELL,COMPOUND,PUSH,UPPER,SAGITTAL,BILATERAL,NONE,"CORE_STABILITY,ANTI_ROTATION,SCAPULAR_STABILITY",,"COD_SUPPORT,TRUNK_CONTROL_SUPPORT,SHOULDER_STABILITY_SUPPORT",SHOULDER_CARE,"SYSTEMIC,NEURAL_HEAVY,LOCAL_MUSCLE,OVERHEAD_REPETITION","UPPER_PUSH,SHOULDER_OVERHEAD","SHOULDER_ACCESSORY,SHOULDER_ISOLATION,ARM_ACCESSORY,TRICEPS_ISOLATION,BACK_ACCESSORY,HYPERTROPHY_ACCESSORY",SHOULDER_STRESS_LOW,SHORT,0.5,0.5,0,0.5,0,0,0,0,0.5,0,ESTIMATED_1RM,UPPER_PUSH_VERTICAL,BACK,OVERHEAD_PRESS,SHOULDER_CARE,YES,YES,SUPPORTIVE,NONE,SHOULDER_DURABILITY,"SHOULDER,ELBOW",LOW,MODERATE,"UPPER_PUSH,SHOULDER_CARE,SCAPULAR_STABILITY","FATIGUE,STRENGTH_PROGRESS,BADMINTON_TRANSFER,BALANCE",TRAINING_EXERCISE,PROGRAM_SELECTABLE,HIGH,,YES,,NO,NO
ex_bc84eb7f,6방향 랜덤 콕줍기,기능성운동,랜덤반응/방향전환/감속/회복,셔틀콕/코트,시간 또는 반복,무작위로 놓이거나 지시된 6방향 셔틀콕을 줍고 중앙으로 회복한다. 실제 랠리처럼 반응과 풋워크 전환을 함께 훈련한다.,60,badminton_footwork,badminton footwork,PRIMARY,1,FOOTWORK,REACTIVE,CORE,DEEP_CORE,CONE_MARKER,CONE_MARKER,DRILL,ACCELERATE,TRUNK,MULTI_PLANAR,UNILATERAL,NONE,,"BADMINTON_FOOTWORK,CHANGE_OF_DIRECTION,COURT_CONDITIONING","DECELERATION_SUPPORT,COD_SUPPORT,BADMINTON_SUPPORT_LIGHT","FOOTWORK,REACTION,DECELERATION,CONDITIONING","SYSTEMIC,NEURAL_HEAVY,NEURAL_SPEED,LOCAL_MUSCLE,DECELERATION","BADMINTON_COURT,DECELERATION",,MODERATE_LOAD,LONG,0.5,0.5,0.75,0.5,0.75,0,0,0,0,0,QUALITY_BASED,BADMINTON_TEST,CORE,NONE,BADMINTON_SUPPORT,NO,NO,DIRECT,"MULTI_DIRECTION,FIRST_STEP,REACTION_RANDOM,DECELERATION,RECOVERY_STEP","FOOTWORK_SPEED,FIRST_STEP_REACTION,DECELERATION_CONTROL,CONDITIONING","KNEE,ANKLE_ACHILLES",HIGH,LOW,"UNILATERAL_LOWER,ANKLE_STIFFNESS","FATIGUE,BADMINTON_TRANSFER,BALANCE",TRAINING_EXERCISE,PROGRAM_SELECTABLE,HIGH,,YES,,NO,NO
ex_bd072cd,스탠딩 카프 레이즈,근력운동,비복근/종아리,발목안정근,"머신 또는 덤벨, 무게*횟수",무릎을 편 상태에서 뒤꿈치를 들어 올려 종아리를 수축한다. 발목 강성과 점프·착지 보조 능력을 훈련한다.,60,스탠딩_카프_레이즈,스탠딩 카프 레이즈,PRIMARY,1,ISOLATION,HYPERTROPHY,CALF,CORE,"DUMBBELL,MACHINE","DUMBBELL,MACHINE",ISOLATION,BRACE,LOWER,SAGITTAL,BILATERAL,NONE,"KNEE_CONTROL,ANKLE_STABILITY,LANDING_STABILITY",,LANDING_SUPPORT|ANKLE_SSC_SUPPORT,NONE,"SYSTEMIC,NEURAL_HEAVY,LOCAL_MUSCLE",SQUAT_PATTERN,"SHOULDER_ACCESSORY,LEG_ACCESSORY,HYPERTROPHY_ACCESSORY",PLYOMETRIC_JUMP,MEDIUM,0.25,0.25,0,0.75,0,0,0,0,0,0,VOLUME_LOAD,NONE,CALVES,NONE,NONE,NO,YES,NONE,NONE,NONE,ANKLE_ACHILLES,LOW,LOW,CALF_ACHILLES,"FATIGUE,HYPERTROPHY_VOLUME,BALANCE",TRAINING_EXERCISE,HISTORY_ONLY,HIGH,,NO,,NO,NO
ex_c1a81cb2,로프 해머 컬,근력운동,상완요골근/상완근,이두근/전완근,"케이블 로프, 무게*횟수",로프를 잡고 엄지가 위를 향한 채 컬한다. 케이블 장력으로 팔꿈치 굴곡을 일정하게 기록한다.,60,로프_해머_컬,로프 해머 컬,PRIMARY,1,ISOLATION,HYPERTROPHY,"BICEPS,FOREARM",CORE,CABLE,CABLE,ISOLATION,BRACE,UPPER,SAGITTAL,BILATERAL,NONE,,,GRIP_FOREARM_SUPPORT,GRIP_FOREARM,"SYSTEMIC,NEURAL_HEAVY,LOCAL_MUSCLE,GRIP_FOREARM",GRIP_FOREARM,"ARM_ACCESSORY,BICEPS_ACCESSORY,HYPERTROPHY_ACCESSORY",MODERATE_LOAD,MEDIUM,0.25,0.25,0,0.75,0,0,0,0,0,0.75,VOLUME_LOAD,NONE,ARMS,NONE,GRIP_FOREARM,NO,YES,SUPPORTIVE,NONE,GRIP_ENDURANCE,"ELBOW,WRIST",LOW,LOW,GRIP_FOREARM,"FATIGUE,HYPERTROPHY_VOLUME,BADMINTON_TRANSFER,BALANCE",TRAINING_EXERCISE,PROGRAM_SELECTABLE,HIGH,,YES,,NO,NO
ex_c1bf2aa8,안세영 참고 고강도 랠리 풋워크,기능성운동,반복스피드/수비전환/심폐,코트/파트너,시간,남자 선수들과의 고강도 훈련 공개 인터뷰를 참고한 항목이다. 긴 랠리 속에서 수비 후 공격 전환을 반복한다.,60,badminton_footwork,badminton footwork,PRIMARY,1,FOOTWORK,REACTIVE,CORE,DEEP_CORE,CONE_MARKER,CONE_MARKER,DRILL,ACCELERATE,TRUNK,MULTI_PLANAR,UNILATERAL,NONE,,,BADMINTON_SUPPORT_LIGHT,"FOOTWORK,REACTION,DECELERATION","SYSTEMIC,NEURAL_HEAVY,NEURAL_SPEED,LOCAL_MUSCLE,DECELERATION","BADMINTON_COURT,DECELERATION",,MODERATE_LOAD,LONG,0.5,0.5,0.75,0.5,0.75,0,0,0,0,0,QUALITY_BASED,BADMINTON_TEST,CORE,NONE,BADMINTON_SUPPORT,NO,NO,DIRECT,"MULTI_DIRECTION,FIRST_STEP,REACTION_RANDOM,DECELERATION,RECOVERY_STEP","FOOTWORK_SPEED,FIRST_STEP_REACTION,DECELERATION_CONTROL","KNEE,ANKLE_ACHILLES",HIGH,LOW,"UNILATERAL_LOWER,ANKLE_STIFFNESS","FATIGUE,BADMINTON_TRANSFER,BALANCE",TRAINING_EXERCISE,PROGRAM_SELECTABLE,HIGH,,YES,,NO,NO
ex_c365e5e2,원암 스트레이트암 풀다운,근력운동,광배근,전거근/코어,"케이블, 한팔 무게*횟수",한 팔씩 팔을 편 상태로 아래로 당긴다. 몸통 회전을 막으며 광배근 수축 방향을 따로 확인한다.,60,vertical_pull,vertical pull,PRIMARY,1,ANTI_ROTATION,HYPERTROPHY,"LAT,SCAPULAR_STABILIZERS,CORE,OBLIQUE",DEEP_CORE,CABLE,CABLE,HYBRID,BRACE,UPPER,SAGITTAL,UNILATERAL,NONE,"CORE_STABILITY,ANTI_ROTATION,TRUNK_CONTROL",,TRUNK_CONTROL_SUPPORT,ANTI_ROTATION_STABILITY,"SYSTEMIC,NEURAL_HEAVY,LOCAL_MUSCLE,ANTI_ROTATION",ANTI_ROTATION,"ARM_ACCESSORY,BACK_ACCESSORY,HYPERTROPHY_ACCESSORY",MODERATE_LOAD,MEDIUM,0.5,0.5,0,0.75,0,0,0,0.75,0,0,VOLUME_LOAD,CORE,BACK,NONE,CORE_STABILITY,NO,YES,SUPPORTIVE,NONE,ANTI_ROTATION_STABILITY,,HIGH,LOW,"ANTI_ROTATION,UNILATERAL_LOWER,SCAPULAR_STABILITY","FATIGUE,HYPERTROPHY_VOLUME,BADMINTON_TRANSFER,BALANCE",TRAINING_EXERCISE,PROGRAM_SELECTABLE,HIGH,,YES,,NO,NO
ex_c4535de3,스캡 푸시업,기능성운동,전거근/견갑제어,맨몸,횟수,팔꿈치를 편 푸시업 자세에서 견갑골만 밀고 모은다. 푸시업과 프레스 전 견갑 고정 감각을 만든다.,30,스캡_푸시업,스캡 푸시업,PRIMARY,1,PUSH_HORIZONTAL,PREHAB,SCAPULAR_STABILIZERS,CORE,BODYWEIGHT,BODYWEIGHT,COMPOUND,PUSH,UPPER,TRANSVERSE,BILATERAL,LOW,SCAPULAR_STABILITY,,SHOULDER_STABILITY_SUPPORT,SHOULDER_CARE,"LOCAL_MUSCLE,OVERHEAD_REPETITION,LOW_FATIGUE_REHAB","UPPER_PUSH,SHOULDER_OVERHEAD,RECOVERY_LOW_LOAD","SHOULDER_ACCESSORY,ARM_ACCESSORY,HYPERTROPHY_ACCESSORY",LOW_LOAD,MINIMAL,0,0,0,0.25,0,0,0,0,0.5,0,NOT_PROGRESS_TARGET,UPPER_PUSH_HORIZONTAL,CHEST,BENCH_PRESS,SHOULDER_CARE,NO,NO,SUPPORTIVE,NONE,SHOULDER_DURABILITY,,LOW,LOW,"UPPER_PUSH,SCAPULAR_STABILITY","BADMINTON_TRANSFER,BALANCE,RECOVERY_ONLY",TRAINING_EXERCISE,PROGRAM_SELECTABLE,HIGH,,YES,,NO,NO
ex_c4ea0a2a,스킵 바운드,기능성운동,수평탄성/둔근파워/리듬,맨몸/트랙,거리 또는 횟수,스킵보다 길게 떠서 전진하되 착지는 조용하게 한다. 초보자는 낮은 볼륨으로 탄성 감각만 확인한다.,45,스킵_바운드,스킵 바운드,PRIMARY,1,JUMP,PLYOMETRIC,GLUTE,CORE,"CONE_MARKER,BODYWEIGHT","CONE_MARKER,BODYWEIGHT",COMPOUND,LAND,LOWER,SAGITTAL,UNILATERAL,NONE,"HIP_STABILITY,LANDING_STABILITY",,"LANDING_SUPPORT,HIP_STABILITY_SUPPORT",JUMP_LANDING,"SYSTEMIC,NEURAL_HEAVY,NEURAL_SPEED,LOCAL_MUSCLE,ELASTIC_SSC","BADMINTON_COURT,ELASTIC_SSC","POSTERIOR_CHAIN_ACCESSORY,HYPERTROPHY_ACCESSORY",PLYOMETRIC_JUMP,LONG,0.5,0.5,0.5,0.5,0,0.75,0,0,0,0,QUALITY_BASED,NONE,GLUTES,NONE,BADMINTON_SUPPORT,NO,NO,DIRECT,"JUMP_LANDING,RECOVERY_STEP",JUMP_LANDING_CONTROL,"HIP,ANKLE_ACHILLES",HIGH,LOW,"UNILATERAL_LOWER,HIP_STABILITY,ANKLE_STIFFNESS","FATIGUE,BADMINTON_TRANSFER,BALANCE",TRAINING_EXERCISE,PROGRAM_SELECTABLE,HIGH,,YES,,NO,NO
ex_c5043892,프론트 스쿼트,근력운동,대퇴사두근/코어,둔근/상부등,"바벨, 무게*횟수",바벨을 앞쪽 어깨에 올리고 스쿼트한다. 상체를 세운 자세로 대퇴사두근과 코어를 함께 훈련한다.,120,squat,스쿼트,PRIMARY,0.88,SQUAT,STRENGTH,"BACK,SHOULDER,QUADRICEPS,GLUTE,CORE",DEEP_CORE,BARBELL,BARBELL,COMPOUND,SQUAT,WHOLE_BODY,SAGITTAL,BILATERAL,HIGH,"CORE_STABILITY,ANTI_ROTATION,HIP_STABILITY",,"HIP_STABILITY_SUPPORT,TRUNK_CONTROL_SUPPORT,SHOULDER_STABILITY_SUPPORT",SHOULDER_CARE,"SYSTEMIC,NEURAL_HEAVY,LOCAL_MUSCLE,OVERHEAD_REPETITION","SYSTEMIC,HEAVY_LOWER,SQUAT_PATTERN,SHOULDER_OVERHEAD","SHOULDER_ACCESSORY,BACK_ACCESSORY,LEG_ACCESSORY,POSTERIOR_CHAIN_ACCESSORY,HYPERTROPHY_ACCESSORY",HIGH_AXIAL_LOAD,VERY_LONG,0.75,0.75,0,0.5,0,0,0,0,0.5,0,ESTIMATED_1RM,SQUAT,BACK,SQUAT,SHOULDER_CARE,YES,YES,SUPPORTIVE,NONE,SHOULDER_DURABILITY,"SHOULDER,HIP,KNEE",LOW,LOW,"LOWER_PUSH,SQUAT_PATTERN,ANTERIOR_CHAIN,SHOULDER_CARE,HIP_STABILITY,KNEE_CONTROL","FATIGUE,STRENGTH_PROGRESS,BADMINTON_TRANSFER,BALANCE",TRAINING_EXERCISE,PROGRAM_SELECTABLE,HIGH,,YES,,NO,NO
ex_c536edc2,원암 케이블 숄더프레스,근력운동,전면삼각근/측면삼각근,삼두근/코어/회전근개,"케이블, 한팔 무게*횟수",케이블 저항을 한 팔로 위로 민다. 저항 방향이 흔들리므로 어깨와 몸통 안정성을 함께 요구한다.,75,vertical_press,수직 프레스,PRIMARY,1.1,PUSH_VERTICAL,STRENGTH,"ANTERIOR_DELTOID,LATERAL_DELTOID,SHOULDER,ROTATOR_CUFF,TRICEPS,CORE,DEEP_CORE,OBLIQUE",DEEP_CORE,CABLE,CABLE,COMPOUND,PUSH,UPPER,SAGITTAL,UNILATERAL,NONE,"CORE_STABILITY,ANTI_ROTATION,TRUNK_CONTROL,ROTATOR_CUFF_CONTROL",,"COD_SUPPORT,TRUNK_CONTROL_SUPPORT,SHOULDER_STABILITY_SUPPORT,ROTATOR_CUFF_SUPPORT",SHOULDER_CARE,"SYSTEMIC,NEURAL_HEAVY,LOCAL_MUSCLE,OVERHEAD_REPETITION","UPPER_PUSH,SHOULDER_OVERHEAD","SHOULDER_ACCESSORY,SHOULDER_ISOLATION,ARM_ACCESSORY,TRICEPS_ISOLATION,HYPERTROPHY_ACCESSORY",SHOULDER_STRESS_LOW,SHORT,0.5,0.5,0,0.5,0,0,0,0,0.5,0,ESTIMATED_1RM,UPPER_PUSH_VERTICAL,SHOULDERS,OVERHEAD_PRESS,SHOULDER_CARE,YES,YES,SUPPORTIVE,NONE,SHOULDER_DURABILITY,"SHOULDER,ELBOW",HIGH,MODERATE,"UPPER_PUSH,UNILATERAL_UPPER,SHOULDER_CARE,SCAPULAR_STABILITY","FATIGUE,STRENGTH_PROGRESS,BADMINTON_TRANSFER,BALANCE",TRAINING_EXERCISE,PROGRAM_SELECTABLE,HIGH,,YES,,NO,NO
ex_c5c2fdef,스트라이드,기능성운동,러닝기술/가속/리듬,트랙 또는 평지,거리 또는 시간,짧은 거리에서 70~85% 속도로 부드럽게 가속한다. 전력질주가 아니라 자세와 리듬을 확인하는 드릴이다.,60,스트라이드,스트라이드,PRIMARY,1,LOCOMOTION,SPEED,CORE,DEEP_CORE,CONE_MARKER,CONE_MARKER,COMPOUND,ACCELERATE,TRUNK,SAGITTAL,UNILATERAL,NONE,,,,CONDITIONING,"SYSTEMIC,NEURAL_HEAVY,NEURAL_SPEED,LOCAL_MUSCLE",BADMINTON_COURT,,MODERATE_LOAD,MEDIUM,0.5,0.5,0.75,0.5,0,0,0,0,0,0,TIME_OR_DISTANCE,NONE,CORE,NONE,BADMINTON_SUPPORT,NO,NO,GENERAL,RECOVERY_STEP,CONDITIONING,,HIGH,LOW,UNILATERAL_LOWER,"FATIGUE,BADMINTON_TRANSFER,BALANCE",TRAINING_EXERCISE,PROGRAM_SELECTABLE,HIGH,,YES,,NO,NO
ex_c5f4c242,랜덤 비프 풋워크,기능성운동,신호반응/풋워크/방향전환/감속,비프 신호/코트,시간,소리 신호에 맞춰 무작위 방향으로 이동한다. 예측이 어려운 상황에서 첫 발과 복귀 리듬을 훈련한다.,60,badminton_footwork,badminton footwork,PRIMARY,1,FOOTWORK,REACTIVE,CORE,DEEP_CORE,CONE_MARKER,CONE_MARKER,DRILL,ACCELERATE,TRUNK,MULTI_PLANAR,UNILATERAL,NONE,,,"DECELERATION_SUPPORT,COD_SUPPORT,BADMINTON_SUPPORT_LIGHT","FOOTWORK,REACTION,DECELERATION","SYSTEMIC,NEURAL_HEAVY,NEURAL_SPEED,LOCAL_MUSCLE,DECELERATION","BADMINTON_COURT,DECELERATION",,MODERATE_LOAD,LONG,0.5,0.5,0.75,0.5,0.75,0,0,0,0,0,QUALITY_BASED,BADMINTON_TEST,CORE,NONE,BADMINTON_SUPPORT,NO,NO,DIRECT,"MULTI_DIRECTION,FIRST_STEP,REACTION_RANDOM,DECELERATION,RECOVERY_STEP","FOOTWORK_SPEED,FIRST_STEP_REACTION,DECELERATION_CONTROL","KNEE,ANKLE_ACHILLES",HIGH,LOW,"UNILATERAL_LOWER,ANKLE_STIFFNESS","FATIGUE,BADMINTON_TRANSFER,BALANCE",TRAINING_EXERCISE,PROGRAM_SELECTABLE,HIGH,,YES,,NO,NO
ex_c62c0716,컨센트레이션 컬,근력운동,이두근,전완근,"덤벨, 한팔 무게*횟수",팔꿈치를 허벅지 안쪽에 고정하고 한 팔씩 컬한다. 반동을 줄인 이두 고립운동으로 좌우 차이 확인에 좋다.,60,컨센트레이션_컬,컨센트레이션 컬,PRIMARY,1,ISOLATION,HYPERTROPHY,"BICEPS,FOREARM",CORE,DUMBBELL,DUMBBELL,ISOLATION,BRACE,UPPER,SAGITTAL,UNILATERAL,NONE,,,GRIP_FOREARM_SUPPORT,GRIP_FOREARM,"SYSTEMIC,NEURAL_HEAVY,LOCAL_MUSCLE,GRIP_FOREARM",GRIP_FOREARM,"ARM_ACCESSORY,BICEPS_ACCESSORY,HYPERTROPHY_ACCESSORY",MODERATE_LOAD,MEDIUM,0.25,0.25,0,0.75,0,0,0,0,0,0.75,VOLUME_LOAD,NONE,ARMS,NONE,GRIP_FOREARM,NO,YES,SUPPORTIVE,NONE,GRIP_ENDURANCE,"ELBOW,WRIST",HIGH,LOW,"UNILATERAL_LOWER,GRIP_FOREARM","FATIGUE,HYPERTROPHY_VOLUME,BADMINTON_TRANSFER,BALANCE",TRAINING_EXERCISE,PROGRAM_SELECTABLE,HIGH,,YES,,NO,NO
ex_c6d9efef,스플릿 스텝,기능성운동,발빠름/리듬/첫스텝,맨몸/코트,시간 또는 반복,상대 타이밍에 맞춰 짧게 튀며 준비 자세를 만든다. 첫 발 반응과 이동 리듬을 정리하는 기본 드릴이다.,45,lunge,lunge,PRIMARY,1,FOOTWORK,REACTIVE,CORE,DEEP_CORE,"CONE_MARKER,BODYWEIGHT","CONE_MARKER,BODYWEIGHT",DRILL,ACCELERATE,TRUNK,MULTI_PLANAR,UNILATERAL,NONE,,,"DECELERATION_SUPPORT,BADMINTON_SUPPORT_LIGHT","FOOTWORK,REACTION","SYSTEMIC,NEURAL_HEAVY,NEURAL_SPEED,LOCAL_MUSCLE,DECELERATION","BADMINTON_COURT,DECELERATION",,MODERATE_LOAD,MEDIUM,0.5,0.5,0.75,0.5,0.5,0,0,0,0,0,QUALITY_BASED,BADMINTON_TEST,CORE,NONE,BADMINTON_SUPPORT,NO,NO,DIRECT,"MULTI_DIRECTION,FIRST_STEP,REACTION_RANDOM,RECOVERY_STEP","FOOTWORK_SPEED,FIRST_STEP_REACTION","KNEE,ANKLE_ACHILLES",HIGH,LOW,"UNILATERAL_LOWER,ANKLE_STIFFNESS","FATIGUE,BADMINTON_TRANSFER,BALANCE",TRAINING_EXERCISE,PROGRAM_SELECTABLE,HIGH,,YES,,NO,NO
ex_c7977dfd,6코너 풋워크 최대반복 테스트,기능성운동,풋워크/방향전환/감속/재출발,코트 또는 콘,시간/최대횟수,정해진 시간 안에 6코너 이동을 몇 번 완성하는지 기록한다. 풋워크 속도와 감속 품질 변화를 보기 위한 테스트다.,90,badminton_footwork,badminton footwork,PRIMARY,1,FOOTWORK,REACTIVE,CORE,DEEP_CORE,CONE_MARKER,CONE_MARKER,DRILL,ACCELERATE,TRUNK,MULTI_PLANAR,UNILATERAL,NONE,,"BADMINTON_FOOTWORK,DECELERATION,CHANGE_OF_DIRECTION,COURT_CONDITIONING","DECELERATION_SUPPORT,COD_SUPPORT,BADMINTON_SUPPORT_LIGHT","FOOTWORK,REACTION,DECELERATION,CONDITIONING","SYSTEMIC,NEURAL_HEAVY,NEURAL_SPEED,LOCAL_MUSCLE,DECELERATION","BADMINTON_COURT,DECELERATION",,MODERATE_LOAD,LONG,0.5,0.5,0.75,0.5,0.75,0,0,0,0,0,QUALITY_BASED,BADMINTON_TEST,CORE,NONE,BADMINTON_SUPPORT,NO,NO,DIRECT,"MULTI_DIRECTION,FIRST_STEP,REACTION_RANDOM,DECELERATION,RECOVERY_STEP","FOOTWORK_SPEED,FIRST_STEP_REACTION,DECELERATION_CONTROL,CONDITIONING","KNEE,ANKLE_ACHILLES",HIGH,LOW,"UNILATERAL_LOWER,ANKLE_STIFFNESS","FATIGUE,BADMINTON_TRANSFER,BALANCE",TRAINING_EXERCISE,PROGRAM_SELECTABLE,HIGH,,YES,,NO,NO
ex_c8bcf3ce,리버스 런지,근력운동,둔근/대퇴사두근,햄스트링/코어,"덤벨 또는 맨몸, 무게*횟수",뒤로 한 발 빼며 내려갔다가 앞발로 밀어 돌아온다. 무릎 부담을 줄이면서 한발 감속과 둔근 사용을 연습한다.,90,lunge,lunge,PRIMARY,1,SQUAT,STRENGTH,"QUADRICEPS,HAMSTRING,GLUTE,CORE",DEEP_CORE,"DUMBBELL,TRX_RING,BODYWEIGHT","DUMBBELL,TRX_RING,BODYWEIGHT",COMPOUND,SQUAT,LOWER,SAGITTAL,UNILATERAL,MODERATE,"CORE_STABILITY,ANTI_ROTATION,HIP_STABILITY,KNEE_CONTROL,SINGLE_LEG_STABILITY",,"DECELERATION_SUPPORT,HIP_STABILITY_SUPPORT,TRUNK_CONTROL_SUPPORT",NONE,"SYSTEMIC,NEURAL_HEAVY,LOCAL_MUSCLE","SYSTEMIC,HEAVY_LOWER,SQUAT_PATTERN","LEG_ACCESSORY,POSTERIOR_CHAIN_ACCESSORY,HYPERTROPHY_ACCESSORY",SINGLE_LEG_BALANCE_DEMAND,VERY_LONG,0.75,0.75,0,0.5,0,0,0,0,0,0,ESTIMATED_1RM,SQUAT,QUADS,SQUAT,LOWER_ACCESSORY,YES,YES,NONE,NONE,NONE,"HIP,KNEE",HIGH,LOW,"LOWER_PUSH,SQUAT_PATTERN,ANTERIOR_CHAIN,UNILATERAL_LOWER,HIP_STABILITY,KNEE_CONTROL","FATIGUE,STRENGTH_PROGRESS,BALANCE",TRAINING_EXERCISE,PROGRAM_SELECTABLE,HIGH,,YES,,NO,NO
ex_ca5cce66,스트레이트암 풀다운,근력운동,광배근,전거근/코어,"케이블, 무게*횟수",팔꿈치를 거의 편 채 손을 허벅지 쪽으로 내린다. 로우나 풀업 전 광배근 사용을 깨우는 보조운동이다.,60,vertical_pull,vertical pull,PRIMARY,1,ANTI_ROTATION,HYPERTROPHY,"LAT,SCAPULAR_STABILIZERS,CORE",DEEP_CORE,CABLE,CABLE,HYBRID,BRACE,UPPER,SAGITTAL,BILATERAL,NONE,"CORE_STABILITY,ANTI_ROTATION",,TRUNK_CONTROL_SUPPORT,ANTI_ROTATION_STABILITY,"SYSTEMIC,NEURAL_HEAVY,LOCAL_MUSCLE,ANTI_ROTATION",ANTI_ROTATION,"ARM_ACCESSORY,BACK_ACCESSORY,HYPERTROPHY_ACCESSORY",MODERATE_LOAD,MEDIUM,0.5,0.5,0,0.75,0,0,0,0.75,0,0,VOLUME_LOAD,CORE,BACK,NONE,CORE_STABILITY,NO,YES,SUPPORTIVE,NONE,ANTI_ROTATION_STABILITY,,HIGH,LOW,"ANTI_ROTATION,SCAPULAR_STABILITY","FATIGUE,HYPERTROPHY_VOLUME,BADMINTON_TRANSFER,BALANCE",TRAINING_EXERCISE,PROGRAM_SELECTABLE,HIGH,,YES,,NO,NO
ex_cb3c4dc2,맨몸 스쿼트,근력운동,대퇴사두근/둔근,햄스트링/코어,"맨몸, 횟수",발바닥 전체로 바닥을 누르며 앉았다 일어난다. 워밍업이나 회복일에 스쿼트 패턴을 확인한다.,45,squat,스쿼트,PRIMARY,1,SQUAT,STRENGTH,"QUADRICEPS,HAMSTRING,GLUTE,CORE",DEEP_CORE,"TRX_RING,BODYWEIGHT","TRX_RING,BODYWEIGHT",COMPOUND,SQUAT,LOWER,SAGITTAL,BILATERAL,HIGH,"CORE_STABILITY,ANTI_ROTATION,HIP_STABILITY",,"HIP_STABILITY_SUPPORT,TRUNK_CONTROL_SUPPORT",NONE,"SYSTEMIC,NEURAL_HEAVY,LOCAL_MUSCLE","SYSTEMIC,HEAVY_LOWER,SQUAT_PATTERN","LEG_ACCESSORY,POSTERIOR_CHAIN_ACCESSORY,HYPERTROPHY_ACCESSORY",HIGH_AXIAL_LOAD,VERY_LONG,0.75,0.75,0,0.5,0,0,0,0,0,0,ESTIMATED_1RM,SQUAT,QUADS,SQUAT,LOWER_ACCESSORY,YES,YES,NONE,NONE,NONE,"HIP,KNEE",LOW,LOW,"LOWER_PUSH,SQUAT_PATTERN,ANTERIOR_CHAIN,HIP_STABILITY,KNEE_CONTROL","FATIGUE,STRENGTH_PROGRESS,BALANCE",TRAINING_EXERCISE,PROGRAM_SELECTABLE,HIGH,,YES,,NO,NO
ex_d20b7487,라잉 트라이셉스 익스텐션,근력운동,삼두근 장두,전완근/어깨안정근,"EZ바 또는 덤벨, 무게*횟수",누운 상태에서 팔꿈치를 굽혀 이마 뒤쪽으로 내렸다가 편다. 팔꿈치가 벌어지지 않게 통제한다.,75,라잉_트라이셉스_익스텐션,라잉 트라이셉스 익스텐션,PRIMARY,1,ISOLATION,HYPERTROPHY,"SHOULDER,TRICEPS,FOREARM",CORE,"BARBELL,DUMBBELL","BARBELL,DUMBBELL",ISOLATION,BRACE,UPPER,SAGITTAL,BILATERAL,NONE,,,"SHOULDER_STABILITY_SUPPORT,GRIP_FOREARM_SUPPORT","GRIP_FOREARM,SHOULDER_CARE","SYSTEMIC,NEURAL_HEAVY,LOCAL_MUSCLE,OVERHEAD_REPETITION,GRIP_FOREARM","SHOULDER_OVERHEAD,GRIP_FOREARM","SHOULDER_ACCESSORY,ARM_ACCESSORY,TRICEPS_ACCESSORY,TRICEPS_ISOLATION,HYPERTROPHY_ACCESSORY",SHOULDER_STRESS_LOW,MEDIUM,0.25,0.25,0,0.75,0,0,0,0,0.5,0.75,VOLUME_LOAD,NONE,SHOULDERS,NONE,GRIP_FOREARM,NO,YES,SUPPORTIVE,NONE,"GRIP_ENDURANCE,SHOULDER_DURABILITY","SHOULDER,ELBOW,WRIST",LOW,LOW,"SHOULDER_CARE,GRIP_FOREARM","FATIGUE,HYPERTROPHY_VOLUME,BADMINTON_TRANSFER,BALANCE",TRAINING_EXERCISE,HISTORY_ONLY,HIGH,,NO,,NO,NO
ex_d5048362,인클라인 덤벨 컬,근력운동,이두근 장두,전완근,"덤벨, 무게*횟수",기울인 벤치에 기대 팔을 뒤쪽에 둔 상태로 컬한다. 이두가 늘어난 위치에서 천천히 시작한다.,60,인클라인_덤벨_컬,인클라인 덤벨 컬,PRIMARY,1,ISOLATION,HYPERTROPHY,"BICEPS,FOREARM",CORE,"DUMBBELL,BENCH","DUMBBELL,BENCH",ISOLATION,BRACE,UPPER,SAGITTAL,BILATERAL,NONE,,,GRIP_FOREARM_SUPPORT,GRIP_FOREARM,"SYSTEMIC,NEURAL_HEAVY,LOCAL_MUSCLE,GRIP_FOREARM",GRIP_FOREARM,"ARM_ACCESSORY,BICEPS_ACCESSORY,HYPERTROPHY_ACCESSORY",MODERATE_LOAD,MEDIUM,0.25,0.25,0,0.75,0,0,0,0,0,0.75,VOLUME_LOAD,NONE,ARMS,NONE,GRIP_FOREARM,NO,YES,SUPPORTIVE,NONE,GRIP_ENDURANCE,"ELBOW,WRIST",LOW,LOW,GRIP_FOREARM,"FATIGUE,HYPERTROPHY_VOLUME,BADMINTON_TRANSFER,BALANCE",TRAINING_EXERCISE,PROGRAM_SELECTABLE,HIGH,,YES,,NO,NO
ex_d5bdffe1,데드버그,기능성운동,코어/요추안정성/협응,맨몸,횟수,"데드버그: 코어/요추안정성/협응을 목표로 짧고 선명하게 수행한다. 속도보다 착지, 정지, 몸통 안정성을 먼저 확인한다.",30,deadlift,데드리프트,PRIMARY,1,ANTI_ROTATION,STABILITY,"CORE,DEEP_CORE",DEEP_CORE,BODYWEIGHT,BODYWEIGHT,HYBRID,BRACE,TRUNK,SAGITTAL,UNILATERAL,NONE,"CORE_STABILITY,TRUNK_CONTROL,LANDING_STABILITY",,"LANDING_SUPPORT,TRUNK_CONTROL_SUPPORT",ANTI_ROTATION_STABILITY,"SYSTEMIC,NEURAL_HEAVY,LOCAL_MUSCLE,ANTI_ROTATION",ANTI_ROTATION,,MODERATE_LOAD,SHORT,0.5,0.5,0,0.5,0,0,0,0.75,0,0,QUALITY_BASED,CORE,CORE,NONE,CORE_STABILITY,NO,NO,SUPPORTIVE,NONE,ANTI_ROTATION_STABILITY,,HIGH,LOW,"ANTI_ROTATION,UNILATERAL_LOWER","FATIGUE,BADMINTON_TRANSFER,BALANCE",TRAINING_EXERCISE,PROGRAM_SELECTABLE,HIGH,,YES,,NO,NO
ex_d60745b4,원레그 레그 익스텐션,근력운동,대퇴사두근,무릎안정근,"머신, 한발 무게*횟수",레그 익스텐션을 한쪽 다리씩 수행한다. 대퇴사두근 좌우 차이를 분리해 기록할 수 있다.,60,원레그_레그_익스텐션,원레그 레그 익스텐션,PRIMARY,1,ISOLATION,HYPERTROPHY,QUADRICEPS,CORE,LEG_EXTENSION_MACHINE,LEG_EXTENSION_MACHINE,ISOLATION,BRACE,LOWER,SAGITTAL,UNILATERAL,NONE,"KNEE_CONTROL,SINGLE_LEG_STABILITY",,SINGLE_LEG_STRENGTH_SUPPORT,NONE,"SYSTEMIC,NEURAL_HEAVY,LOCAL_MUSCLE",SQUAT_PATTERN,"LEG_ACCESSORY,HYPERTROPHY_ACCESSORY",SINGLE_LEG_BALANCE_DEMAND,MEDIUM,0.25,0.25,0,0.75,0,0,0,0,0,0,VOLUME_LOAD,NONE,QUADS,NONE,NONE,NO,YES,NONE,NONE,NONE,KNEE,HIGH,LOW,"UNILATERAL_LOWER,KNEE_CONTROL","FATIGUE,HYPERTROPHY_VOLUME,BALANCE",TRAINING_EXERCISE,PROGRAM_SELECTABLE,HIGH,,YES,,NO,NO
ex_d6726746,드롭 점프,기능성운동,탄성/착지제어/반응힘,박스,횟수,낮은 박스에서 내려와 짧게 착지한 뒤 즉시 점프한다. 빠른 접지와 반응 파워를 훈련한다.,60,드롭_점프,드롭 점프,PRIMARY,1,JUMP,PLYOMETRIC,CORE,DEEP_CORE,BOX,BOX,COMPOUND,LAND,TRUNK,SAGITTAL,BILATERAL,NONE,LANDING_STABILITY,,LANDING_SUPPORT,JUMP_LANDING,"SYSTEMIC,NEURAL_HEAVY,NEURAL_SPEED,LOCAL_MUSCLE,ELASTIC_SSC","BADMINTON_COURT,ELASTIC_SSC",,PLYOMETRIC_JUMP,LONG,0.5,0.5,0.5,0.5,0,0.75,0,0,0,0,QUALITY_BASED,NONE,CORE,NONE,BADMINTON_SUPPORT,NO,NO,DIRECT,"JUMP_LANDING,RECOVERY_STEP",JUMP_LANDING_CONTROL,ANKLE_ACHILLES,HIGH,LOW,ANKLE_STIFFNESS,"FATIGUE,BADMINTON_TRANSFER,BALANCE",TRAINING_EXERCISE,PROGRAM_SELECTABLE,HIGH,,YES,,NO,NO
ex_d67e5761,피스톨 스쿼트,기능성운동,편측제어/하체힘/발목가동성,맨몸,횟수,한쪽 다리를 앞으로 뻗고 한발로 깊게 앉았다 일어난다. 강도가 높아 보조를 두고 범위를 조절해 기록한다.,90,squat,스쿼트,PRIMARY,1,SQUAT,STABILITY,CALF,CORE,BODYWEIGHT,BODYWEIGHT,COMPOUND,SQUAT,LOWER,SAGITTAL,UNILATERAL,HIGH,"ANKLE_STABILITY,SINGLE_LEG_STABILITY",,"ANKLE_SSC_SUPPORT,SINGLE_LEG_STRENGTH_SUPPORT",NONE,"SYSTEMIC,NEURAL_HEAVY,LOCAL_MUSCLE","SYSTEMIC,HEAVY_LOWER,SQUAT_PATTERN","LEG_ACCESSORY,HYPERTROPHY_ACCESSORY",HIGH_AXIAL_LOAD,VERY_LONG,0.75,0.75,0,0.5,0,0,0,0,0,0,ESTIMATED_1RM,SQUAT,CALVES,SQUAT,LOWER_ACCESSORY,YES,YES,NONE,NONE,NONE,"HIP,KNEE,ANKLE_ACHILLES",HIGH,LOW,"LOWER_PUSH,SQUAT_PATTERN,ANTERIOR_CHAIN,UNILATERAL_LOWER,CALF_ACHILLES","FATIGUE,STRENGTH_PROGRESS,BALANCE",TRAINING_EXERCISE,PROGRAM_SELECTABLE,HIGH,,YES,,NO,NO
ex_d7c90536,로잉머신,유산소운동,중강도,20분,시간/거리/페이스,로잉머신: 호흡과 페이스를 일정하게 유지하며 수행한다. 강도는 중강도 기준으로 무리 없이 조절한다.,45,cardio,cardio,PRIMARY,1,LOCOMOTION,CONDITIONING,"CALF,QUADRICEPS,HAMSTRING",CORE,"ROWER,MACHINE","ROWER,MACHINE",COMPOUND,ACCELERATE,WHOLE_BODY,SAGITTAL,BILATERAL,NONE,,,,CONDITIONING,"SYSTEMIC,NEURAL_HEAVY,NEURAL_SPEED,LOCAL_MUSCLE",BADMINTON_COURT,,MODERATE_LOAD,MEDIUM,0.5,0.5,0.5,0.5,0,0,0,0,0,0,TIME_OR_DISTANCE,NONE,QUADS,NONE,BADMINTON_SUPPORT,NO,NO,GENERAL,RECOVERY_STEP,CONDITIONING,"KNEE,ANKLE_ACHILLES",HIGH,LOW,"CALF_ACHILLES,KNEE_CONTROL","FATIGUE,BADMINTON_TRANSFER,BALANCE",TRAINING_EXERCISE,PROGRAM_SELECTABLE,HIGH,,YES,,NO,NO
ex_d9084b5e,원암 인버티드 로우,근력운동,광배근/능형근,후면삼각근/이두근/코어,"바 또는 링, 한팔 횟수",몸을 비스듬히 세운 상태에서 한 팔 중심으로 당긴다. 견갑 안정성과 좌우 당기는 힘을 스포츠 전이형으로 보강한다.,75,row,로우,PRIMARY,1.12,PULL_HORIZONTAL,STRENGTH,"LAT,RHOMBOID,REAR_DELT,SCAPULAR_STABILIZERS,BICEPS,CORE,DEEP_CORE",DEEP_CORE,TRX_RING,TRX_RING,COMPOUND,PULL,UPPER,TRANSVERSE,UNILATERAL,NONE,"CORE_STABILITY,ANTI_ROTATION,SCAPULAR_STABILITY",,"TRUNK_CONTROL_SUPPORT,SHOULDER_STABILITY_SUPPORT",SHOULDER_CARE,"SYSTEMIC,NEURAL_HEAVY,LOCAL_MUSCLE,OVERHEAD_REPETITION","UPPER_PULL,SHOULDER_OVERHEAD","SHOULDER_ACCESSORY,ARM_ACCESSORY,BACK_ACCESSORY,HYPERTROPHY_ACCESSORY",MODERATE_LOAD,SHORT,0.5,0.5,0,0.5,0,0,0,0,0.5,0,ESTIMATED_1RM,UPPER_PULL_HORIZONTAL,BACK,ROW,SHOULDER_CARE,YES,YES,SUPPORTIVE,NONE,SHOULDER_DURABILITY,ELBOW,HIGH,LOW,"UPPER_PULL,UNILATERAL_UPPER,SCAPULAR_STABILITY","FATIGUE,STRENGTH_PROGRESS,BADMINTON_TRANSFER,BALANCE",TRAINING_EXERCISE,HISTORY_ONLY,HIGH,,NO,,NO,NO
ex_d9e141e4,박스 점프,기능성운동,탄성/하체파워/착지제어,박스,횟수,"박스 점프: 탄성/하체파워/착지제어을 목표로 짧고 선명하게 수행한다. 속도보다 착지, 정지, 몸통 안정성을 먼저 확인한다.",60,박스_점프,박스 점프,PRIMARY,1,JUMP,PLYOMETRIC,"CORE,DEEP_CORE",DEEP_CORE,BOX,BOX,COMPOUND,LAND,TRUNK,SAGITTAL,BILATERAL,NONE,"TRUNK_CONTROL,LANDING_STABILITY",,"LANDING_SUPPORT,TRUNK_CONTROL_SUPPORT",JUMP_LANDING,"SYSTEMIC,NEURAL_HEAVY,NEURAL_SPEED,LOCAL_MUSCLE,ELASTIC_SSC","BADMINTON_COURT,ELASTIC_SSC",,PLYOMETRIC_JUMP,LONG,0.5,0.5,0.5,0.5,0,0.75,0,0,0,0,QUALITY_BASED,NONE,CORE,NONE,BADMINTON_SUPPORT,NO,NO,DIRECT,"JUMP_LANDING,RECOVERY_STEP",JUMP_LANDING_CONTROL,ANKLE_ACHILLES,HIGH,LOW,ANKLE_STIFFNESS,"FATIGUE,BADMINTON_TRANSFER,BALANCE",TRAINING_EXERCISE,PROGRAM_SELECTABLE,HIGH,,YES,,NO,NO
ex_da56a4fe,덤벨 킥백,근력운동,삼두근,후면삼각근/코어,"덤벨, 무게*횟수",상체를 숙이고 팔꿈치를 몸 옆에 고정한 뒤 팔을 뒤로 편다. 가볍게 끝 범위 수축을 확인한다.,60,덤벨_킥백,덤벨 킥백,PRIMARY,1,ANTI_ROTATION,HYPERTROPHY,"BACK,REAR_DELT,TRICEPS,CORE",DEEP_CORE,DUMBBELL,DUMBBELL,HYBRID,BRACE,UPPER,SAGITTAL,BILATERAL,NONE,"CORE_STABILITY,ANTI_ROTATION",,TRUNK_CONTROL_SUPPORT,ANTI_ROTATION_STABILITY,"SYSTEMIC,NEURAL_HEAVY,LOCAL_MUSCLE,ANTI_ROTATION",ANTI_ROTATION,"ARM_ACCESSORY,TRICEPS_ISOLATION,HYPERTROPHY_ACCESSORY",MODERATE_LOAD,MEDIUM,0.5,0.5,0,0.75,0,0,0,0.75,0,0,VOLUME_LOAD,CORE,BACK,NONE,CORE_STABILITY,NO,YES,SUPPORTIVE,NONE,ANTI_ROTATION_STABILITY,ELBOW,HIGH,LOW,ANTI_ROTATION,"FATIGUE,HYPERTROPHY_VOLUME,BADMINTON_TRANSFER,BALANCE",TRAINING_EXERCISE,PROGRAM_SELECTABLE,HIGH,,YES,,NO,NO
ex_dc9e5953,랫풀다운,근력운동,광배근,이두근/하부승모근,"케이블 머신, 무게*횟수","랫풀다운: 자세와 관절 정렬을 유지한 채 반복한다. 주동근은 광배근이고, 이두근/하부승모근이 흔들리지 않게 보조한다.",90,vertical_pull,vertical pull,PRIMARY,1,PULL_HORIZONTAL,STRENGTH,"LAT,LOWER_TRAP,TRAPEZIUS,BICEPS",CORE,"CABLE,MACHINE","CABLE,MACHINE",COMPOUND,PULL,UPPER,FRONTAL,BILATERAL,NONE,,,,NONE,"SYSTEMIC,NEURAL_HEAVY,LOCAL_MUSCLE",UPPER_PULL,"ARM_ACCESSORY,BICEPS_ACCESSORY,BACK_ACCESSORY,HYPERTROPHY_ACCESSORY",MODERATE_LOAD,SHORT,0.5,0.5,0,0.5,0,0,0,0,0,0,ESTIMATED_1RM,UPPER_PULL_HORIZONTAL,BACK,ROW,UPPER_PULL_ACCESSORY,YES,YES,NONE,NONE,NONE,ELBOW,LOW,LOW,"UPPER_PULL,SCAPULAR_STABILITY","FATIGUE,STRENGTH_PROGRESS,BALANCE",TRAINING_EXERCISE,PROGRAM_SELECTABLE,HIGH,,YES,,NO,NO
ex_dd16e07a,스트레칭,기능성운동,회복/가동성/관절보호,맨몸,시간,훈련 후 관절과 근육을 가볍게 풀어준다. 디로드 주간에는 피로를 낮추고 움직임 품질을 유지하는 데 쓴다.,30,스트레칭,스트레칭,PRIMARY,1,MOBILITY,MOBILITY,CORE,DEEP_CORE,BODYWEIGHT,BODYWEIGHT,HYBRID,BRACE,TRUNK,SAGITTAL,BILATERAL,LOW,,,,NONE,"SYSTEMIC,NEURAL_HEAVY,LOCAL_MUSCLE",RECOVERY_LOW_LOAD,,LOW_LOAD,MINIMAL,0.5,0.5,0,0.5,0,0,0,0,0,0,NOT_PROGRESS_TARGET,NONE,CORE,NONE,NONE,NO,NO,NONE,NONE,NONE,,LOW,HIGH,,FATIGUE,TRAINING_EXERCISE,PROGRAM_SELECTABLE,HIGH,,YES,,NO,NO
ex_dd2f732e,리버스 컬,근력운동,상완요골근/전완근,이두근,"바벨 또는 EZ바, 무게*횟수",손등이 위를 향하게 잡고 컬을 수행한다. 라켓 스포츠에 필요한 전완 버티는 힘을 보강한다.,60,리버스_컬,리버스 컬,PRIMARY,1,ISOLATION,HYPERTROPHY,"BACK,BICEPS,FOREARM",CORE,BARBELL,BARBELL,ISOLATION,BRACE,UPPER,SAGITTAL,BILATERAL,HIGH,,,GRIP_FOREARM_SUPPORT,GRIP_FOREARM,"SYSTEMIC,NEURAL_HEAVY,LOCAL_MUSCLE,GRIP_FOREARM","SYSTEMIC,GRIP_FOREARM","ARM_ACCESSORY,BICEPS_ACCESSORY,BACK_ACCESSORY,HYPERTROPHY_ACCESSORY",HIGH_AXIAL_LOAD,MEDIUM,0.25,0.25,0,0.75,0,0,0,0,0,0.75,VOLUME_LOAD,NONE,BACK,NONE,GRIP_FOREARM,NO,YES,SUPPORTIVE,NONE,GRIP_ENDURANCE,"ELBOW,WRIST",LOW,LOW,GRIP_FOREARM,"FATIGUE,HYPERTROPHY_VOLUME,BADMINTON_TRANSFER,BALANCE",TRAINING_EXERCISE,HISTORY_ONLY,HIGH,,NO,,NO,NO
ex_de46b7f6,바벨 로우,근력운동,광배근/능형근,이두근/후면삼각근/코어,"바벨, 무게*횟수","바벨 로우: 자세와 관절 정렬을 유지한 채 반복한다. 주동근은 광배근/능형근이고, 이두근/후면삼각근/코어이 흔들리지 않게 보조한다.",120,row,로우,PRIMARY,1,PULL_HORIZONTAL,STRENGTH,"LAT,RHOMBOID,REAR_DELT,BICEPS,CORE",DEEP_CORE,BARBELL,BARBELL,COMPOUND,PULL,UPPER,TRANSVERSE,BILATERAL,HIGH,"CORE_STABILITY,ANTI_ROTATION",,TRUNK_CONTROL_SUPPORT,NONE,"SYSTEMIC,NEURAL_HEAVY,LOCAL_MUSCLE","SYSTEMIC,UPPER_PULL","ARM_ACCESSORY,BACK_ACCESSORY,HYPERTROPHY_ACCESSORY",HIGH_AXIAL_LOAD,SHORT,0.5,0.5,0,0.5,0,0,0,0,0,0,ESTIMATED_1RM,UPPER_PULL_HORIZONTAL,BACK,ROW,UPPER_PULL_ACCESSORY,YES,YES,NONE,NONE,NONE,ELBOW,LOW,LOW,"UPPER_PULL,SCAPULAR_STABILITY","FATIGUE,STRENGTH_PROGRESS,BALANCE",TRAINING_EXERCISE,PROGRAM_SELECTABLE,HIGH,,YES,,NO,NO
ex_debf6a8b,다이아몬드 푸시업,근력운동,삼두근/대흉근,전면삼각근/코어,"맨몸, 횟수",양손을 좁게 모아 푸시업을 한다. 팔꿈치가 과하게 벌어지지 않게 하며 삼두와 가슴 안쪽 자극을 기록한다.,60,다이아몬드_푸시업,다이아몬드 푸시업,PRIMARY,1,PUSH_HORIZONTAL,STRENGTH,"CHEST,ANTERIOR_DELTOID,TRICEPS,CORE",DEEP_CORE,BODYWEIGHT,BODYWEIGHT,COMPOUND,PUSH,UPPER,TRANSVERSE,BILATERAL,NONE,"CORE_STABILITY,ANTI_ROTATION",,TRUNK_CONTROL_SUPPORT,NONE,"SYSTEMIC,NEURAL_HEAVY,LOCAL_MUSCLE",UPPER_PUSH,"ARM_ACCESSORY,TRICEPS_ISOLATION,CHEST_ACCESSORY,HYPERTROPHY_ACCESSORY",MODERATE_LOAD,SHORT,0.5,0.5,0,0.5,0,0,0,0,0,0,ESTIMATED_1RM,UPPER_PUSH_HORIZONTAL,CHEST,BENCH_PRESS,UPPER_PUSH_ACCESSORY,YES,YES,NONE,NONE,NONE,"SHOULDER,ELBOW",LOW,LOW,UPPER_PUSH,"FATIGUE,STRENGTH_PROGRESS,BALANCE",TRAINING_EXERCISE,PROGRAM_SELECTABLE,HIGH,,YES,,NO,NO
ex_deca2b61,벤치 딥스,근력운동,삼두근,대흉근/전면삼각근,"벤치, 횟수",손을 벤치에 두고 몸을 내려갔다 밀어 올린다. 어깨 앞쪽이 불편하면 깊이를 줄이거나 다른 삼두 운동으로 바꾼다.,60,bench_press,벤치프레스,PRIMARY,1,ISOLATION,STRENGTH,"CHEST,ANTERIOR_DELTOID,SHOULDER,TRICEPS",CORE,BENCH,BENCH,ISOLATION,BRACE,UPPER,SAGITTAL,BILATERAL,NONE,,,SHOULDER_STABILITY_SUPPORT,SHOULDER_CARE,"SYSTEMIC,NEURAL_HEAVY,LOCAL_MUSCLE,OVERHEAD_REPETITION",SHOULDER_OVERHEAD,"SHOULDER_ACCESSORY,ARM_ACCESSORY,TRICEPS_ACCESSORY,TRICEPS_ISOLATION,CHEST_ACCESSORY,HYPERTROPHY_ACCESSORY",SHOULDER_STRESS_LOW,MEDIUM,0.25,0.25,0,0.75,0,0,0,0,0.5,0,VOLUME_LOAD,NONE,CHEST,NONE,SHOULDER_CARE,NO,YES,SUPPORTIVE,NONE,SHOULDER_DURABILITY,"SHOULDER,ELBOW",LOW,LOW,SHOULDER_CARE,"FATIGUE,HYPERTROPHY_VOLUME,BADMINTON_TRANSFER,BALANCE",TRAINING_EXERCISE,PROGRAM_SELECTABLE,HIGH,,YES,,NO,NO
ex_df966b45,점프 런지,기능성운동,하체파워/편측제어/착지제어,맨몸,횟수,런지 자세에서 점프해 다리를 바꿔 착지한다. 배드민턴 런지 회복과 하체 탄성에 직접적인 전이가 있다.,60,lunge,lunge,PRIMARY,1,SQUAT,STABILITY,CORE,DEEP_CORE,BODYWEIGHT,BODYWEIGHT,COMPOUND,SQUAT,TRUNK,SAGITTAL,UNILATERAL,MODERATE,"LANDING_STABILITY,SINGLE_LEG_STABILITY",,"DECELERATION_SUPPORT,LANDING_SUPPORT,BADMINTON_SUPPORT_LIGHT",NONE,"SYSTEMIC,NEURAL_HEAVY,LOCAL_MUSCLE","SYSTEMIC,HEAVY_LOWER,SQUAT_PATTERN","LEG_ACCESSORY,HYPERTROPHY_ACCESSORY",PLYOMETRIC_JUMP,VERY_LONG,0.75,0.75,0,0.5,0,0,0,0,0,0,ESTIMATED_1RM,SQUAT,CORE,SQUAT,LOWER_ACCESSORY,YES,YES,NONE,NONE,NONE,"HIP,KNEE",HIGH,LOW,"LOWER_PUSH,SQUAT_PATTERN,ANTERIOR_CHAIN,UNILATERAL_LOWER","FATIGUE,STRENGTH_PROGRESS,BALANCE",TRAINING_EXERCISE,PROGRAM_SELECTABLE,HIGH,,YES,,NO,NO
ex_e0b1e364,원암 덤벨 RDL,근력운동,햄스트링/둔근,코어/광배근/골반안정근,"덤벨, 한팔 무게*횟수",한 손에 덤벨을 들고 힙힌지를 수행한다. 몸통 회전과 골반 흔들림을 막으며 후면사슬을 훈련한다.,75,deadlift,deadlift,PRIMARY,1,HINGE,STRENGTH,"LAT,HAMSTRING,GLUTE_MEDIUS,GLUTE,CORE,OBLIQUE",DEEP_CORE,"DUMBBELL,TRX_RING","DUMBBELL,TRX_RING",COMPOUND,HINGE,WHOLE_BODY,SAGITTAL,UNILATERAL,MODERATE,"CORE_STABILITY,ANTI_ROTATION,TRUNK_CONTROL,HIP_STABILITY,PELVIC_STABILITY",,"HIP_STABILITY_SUPPORT,TRUNK_CONTROL_SUPPORT",NONE,"SYSTEMIC,NEURAL_HEAVY,LOCAL_MUSCLE","SYSTEMIC,HEAVY_LOWER,HINGE","ARM_ACCESSORY,BACK_ACCESSORY,POSTERIOR_CHAIN_ACCESSORY,HYPERTROPHY_ACCESSORY",LUMBAR_STRESS_HIGH,VERY_LONG,0.75,0.75,0,0.5,0,0,0,0,0,0,ESTIMATED_1RM,HINGE,BACK,DEADLIFT,POSTERIOR_CHAIN_ACCESSORY,YES,YES,NONE,NONE,NONE,"LOW_BACK,HIP",HIGH,LOW,"LOWER_PULL,HINGE,POSTERIOR_CHAIN,UNILATERAL_LOWER,HIP_STABILITY","FATIGUE,STRENGTH_PROGRESS,BALANCE",TRAINING_EXERCISE,PROGRAM_SELECTABLE,HIGH,,YES,,NO,NO
ex_e159d15a,인버티드 로우,근력운동,광배근/능형근,후면삼각근/이두근/코어,"바 또는 링, 횟수",바 아래에 몸을 두고 가슴을 바 쪽으로 당긴다. 몸을 곧게 유지해 등과 견갑 제어를 함께 훈련한다.,75,row,로우,PRIMARY,1,PULL_HORIZONTAL,STRENGTH,"CHEST,LAT,BACK,RHOMBOID,REAR_DELT,SCAPULAR_STABILIZERS,BICEPS,CORE",DEEP_CORE,TRX_RING,TRX_RING,COMPOUND,PULL,UPPER,TRANSVERSE,BILATERAL,NONE,"CORE_STABILITY,ANTI_ROTATION,SCAPULAR_STABILITY",,"TRUNK_CONTROL_SUPPORT,SHOULDER_STABILITY_SUPPORT",SHOULDER_CARE,"SYSTEMIC,NEURAL_HEAVY,LOCAL_MUSCLE,OVERHEAD_REPETITION","UPPER_PULL,SHOULDER_OVERHEAD","SHOULDER_ACCESSORY,ARM_ACCESSORY,CHEST_ACCESSORY,BACK_ACCESSORY,HYPERTROPHY_ACCESSORY",MODERATE_LOAD,SHORT,0.5,0.5,0,0.5,0,0,0,0,0.5,0,ESTIMATED_1RM,UPPER_PULL_HORIZONTAL,CHEST,ROW,SHOULDER_CARE,YES,YES,SUPPORTIVE,NONE,SHOULDER_DURABILITY,ELBOW,LOW,LOW,"UPPER_PULL,SCAPULAR_STABILITY","FATIGUE,STRENGTH_PROGRESS,BADMINTON_TRANSFER,BALANCE",TRAINING_EXERCISE,HISTORY_ONLY,HIGH,,NO,,NO,NO
ex_e1894690,스캡 풀업,근력운동,하부승모근/광배근,전거근/회전근개,"맨몸, 횟수",팔을 편 채 견갑골만 아래로 끌어내렸다가 돌아온다. 오버헤드 동작 전 견갑 제어를 깨우는 운동이다.,45,weighted_pullup,중량 풀업,PRIMARY,1,PULL_HORIZONTAL,PREHAB,"LAT,LOWER_TRAP,TRAPEZIUS,ROTATOR_CUFF,SCAPULAR_STABILIZERS,OBLIQUE",CORE,BODYWEIGHT,BODYWEIGHT,COMPOUND,PULL,UPPER,FRONTAL,BILATERAL,LOW,"ANTI_ROTATION,SCAPULAR_STABILITY,ROTATOR_CUFF_CONTROL",,"SHOULDER_STABILITY_SUPPORT,ROTATOR_CUFF_SUPPORT",SHOULDER_CARE,"LOCAL_MUSCLE,OVERHEAD_REPETITION,LOW_FATIGUE_REHAB","UPPER_PULL,SHOULDER_OVERHEAD,RECOVERY_LOW_LOAD","SHOULDER_ACCESSORY,ARM_ACCESSORY,BACK_ACCESSORY,HYPERTROPHY_ACCESSORY",LOW_LOAD,MINIMAL,0,0,0,0.25,0,0,0,0,0.5,0,NOT_PROGRESS_TARGET,UPPER_PULL_HORIZONTAL,BACK,ROW,SHOULDER_CARE,NO,NO,SUPPORTIVE,NONE,SHOULDER_DURABILITY,SHOULDER,LOW,LOW,"UPPER_PULL,SHOULDER_CARE,SCAPULAR_STABILITY","BADMINTON_TRANSFER,BALANCE,RECOVERY_ONLY",TRAINING_EXERCISE,PROGRAM_SELECTABLE,HIGH,,YES,,NO,NO
ex_e2efd0fe,불가리안 스플릿 스쿼트,기능성운동,편측제어/하체힘/감속,벤치/덤벨,무게*횟수,뒷발을 벤치에 올리고 앞다리 중심으로 내려갔다 밀어 올린다. 편측 하체 근력과 고관절·무릎 안정성을 훈련한다.,90,squat,스쿼트,PRIMARY,1,SQUAT,STRENGTH,"QUADRICEPS,GLUTE","HAMSTRING,CORE","DUMBBELL,BENCH","DUMBBELL,BENCH",COMPOUND,SQUAT,LOWER,SAGITTAL,BILATERAL,HIGH,"KNEE_CONTROL,SINGLE_LEG_STABILITY",,DECELERATION_SUPPORT|HIP_STABILITY_SUPPORT|TRUNK_CONTROL_SUPPORT,NONE,"SYSTEMIC,NEURAL_HEAVY,LOCAL_MUSCLE","SYSTEMIC,HEAVY_LOWER,SQUAT_PATTERN","LEG_ACCESSORY,HYPERTROPHY_ACCESSORY",HIGH_AXIAL_LOAD,VERY_LONG,0.75,0.75,0,0.5,0,0,0,0,0,0,ESTIMATED_1RM,SQUAT,QUADS,SQUAT,LOWER_ACCESSORY,YES,YES,NONE,NONE,NONE,"HIP,KNEE",LOW,LOW,"LOWER_PUSH,SQUAT_PATTERN,ANTERIOR_CHAIN,HIP_STABILITY,KNEE_CONTROL","FATIGUE,STRENGTH_PROGRESS,BALANCE",TRAINING_EXERCISE,PROGRAM_SELECTABLE,HIGH,,YES,,NO,NO
ex_e3715c0b,워킹 런지,근력운동,대퇴사두근/둔근,햄스트링/내전근/코어,"덤벨 또는 맨몸, 무게*횟수",앞으로 걸으며 런지를 반복한다. 코트에서 전진 런지 후 회복하는 힘과 편측 안정성을 함께 기른다.,90,lunge,lunge,PRIMARY,1,SQUAT,STRENGTH,"QUADRICEPS,HAMSTRING,GLUTE,HIP_ADDUCTOR,CORE,DEEP_CORE",DEEP_CORE,"DUMBBELL,CONE_MARKER,TRX_RING,BODYWEIGHT","DUMBBELL,CONE_MARKER,TRX_RING,BODYWEIGHT",COMPOUND,SQUAT,LOWER,SAGITTAL,UNILATERAL,MODERATE,"CORE_STABILITY,HIP_STABILITY,SINGLE_LEG_STABILITY",,"DECELERATION_SUPPORT,BADMINTON_SUPPORT_LIGHT,HIP_STABILITY_SUPPORT,TRUNK_CONTROL_SUPPORT",NONE,"SYSTEMIC,NEURAL_HEAVY,LOCAL_MUSCLE","SYSTEMIC,HEAVY_LOWER,SQUAT_PATTERN","LEG_ACCESSORY,POSTERIOR_CHAIN_ACCESSORY,HYPERTROPHY_ACCESSORY",MODERATE_LOAD,VERY_LONG,0.75,0.75,0,0.5,0,0,0,0,0,0,ESTIMATED_1RM,SQUAT,QUADS,SQUAT,LOWER_ACCESSORY,YES,YES,NONE,NONE,NONE,"HIP,KNEE",HIGH,LOW,"LOWER_PUSH,SQUAT_PATTERN,ANTERIOR_CHAIN,UNILATERAL_LOWER,HIP_STABILITY,KNEE_CONTROL","FATIGUE,STRENGTH_PROGRESS,BALANCE",TRAINING_EXERCISE,PROGRAM_SELECTABLE,HIGH,,YES,,NO,NO
ex_e41e8dcf,중량 친업,근력운동,광배근/이두근,전완근/코어,"벨트 또는 덤벨, 무게*횟수",친업에 추가 중량을 걸고 당긴다. 팔꿈치 굴곡 힘과 등 힘을 유지하되 실패지점까지 밀지 않는다.,120,weighted_pullup,중량 풀업,PRIMARY,1,PULL_HORIZONTAL,STRENGTH,"LAT,BACK,BICEPS,FOREARM,CORE",DEEP_CORE,DUMBBELL,DUMBBELL,COMPOUND,PULL,UPPER,FRONTAL,BILATERAL,NONE,"CORE_STABILITY,ANTI_ROTATION",,"TRUNK_CONTROL_SUPPORT,GRIP_FOREARM_SUPPORT",GRIP_FOREARM,"SYSTEMIC,NEURAL_HEAVY,LOCAL_MUSCLE,GRIP_FOREARM","UPPER_PULL,GRIP_FOREARM","ARM_ACCESSORY,BACK_ACCESSORY,HYPERTROPHY_ACCESSORY",MODERATE_LOAD,SHORT,0.5,0.5,0,0.5,0,0,0,0,0,0.75,ESTIMATED_1RM,UPPER_PULL_HORIZONTAL,BACK,ROW,GRIP_FOREARM,YES,YES,SUPPORTIVE,NONE,GRIP_ENDURANCE,"ELBOW,WRIST",LOW,LOW,"UPPER_PULL,SCAPULAR_STABILITY,GRIP_FOREARM","FATIGUE,STRENGTH_PROGRESS,BADMINTON_TRANSFER,BALANCE",TRAINING_EXERCISE,PROGRAM_SELECTABLE,HIGH,,YES,,NO,NO
ex_e41f4c2b,중량 풀업,근력운동,광배근/대원근,이두근/전완근/코어,"벨트 또는 덤벨, 무게*횟수",풀업에 추가 중량을 걸고 몸통 흔들림을 줄여 당긴다. 배드민턴의 등/그립/견갑 안정성 강화에 유리하다.,120,weighted_pullup,중량 풀업,PRIMARY,1,PULL_HORIZONTAL,STRENGTH,"LAT,BACK,SCAPULAR_STABILIZERS,BICEPS,FOREARM,GRIP,CORE,DEEP_CORE",DEEP_CORE,DUMBBELL,DUMBBELL,COMPOUND,PULL,UPPER,FRONTAL,BILATERAL,NONE,"CORE_STABILITY,ANTI_ROTATION,TRUNK_CONTROL,SCAPULAR_STABILITY",,"BADMINTON_SUPPORT_LIGHT,TRUNK_CONTROL_SUPPORT,SHOULDER_STABILITY_SUPPORT,GRIP_FOREARM_SUPPORT","GRIP_FOREARM,SHOULDER_CARE","SYSTEMIC,NEURAL_HEAVY,LOCAL_MUSCLE,OVERHEAD_REPETITION,GRIP_FOREARM","UPPER_PULL,SHOULDER_OVERHEAD,GRIP_FOREARM","SHOULDER_ACCESSORY,ARM_ACCESSORY,BACK_ACCESSORY,HYPERTROPHY_ACCESSORY",MODERATE_LOAD,SHORT,0.5,0.5,0,0.5,0,0,0,0,0.5,0.75,ESTIMATED_1RM,UPPER_PULL_HORIZONTAL,BACK,ROW,GRIP_FOREARM,YES,YES,SUPPORTIVE,NONE,"GRIP_ENDURANCE,SHOULDER_DURABILITY","ELBOW,WRIST",LOW,LOW,"UPPER_PULL,SCAPULAR_STABILITY,GRIP_FOREARM","FATIGUE,STRENGTH_PROGRESS,BADMINTON_TRANSFER,BALANCE",TRAINING_EXERCISE,PROGRAM_SELECTABLE,HIGH,,YES,,NO,NO
ex_e465d1e9,포고 점프,기능성운동,발목탄성/아킬레스강성,맨몸,횟수 또는 시간,무릎을 크게 굽히지 않고 발목으로 작게 튄다. 러닝 접지 탄성을 만들되 통증이 있으면 즉시 중단한다.,45,포고_점프,포고 점프,PRIMARY,1,JUMP,PLYOMETRIC,CALF,CORE,BODYWEIGHT,BODYWEIGHT,COMPOUND,LAND,LOWER,SAGITTAL,BILATERAL,NONE,"KNEE_CONTROL,ANKLE_STABILITY,LANDING_STABILITY",,"LANDING_SUPPORT,ANKLE_SSC_SUPPORT",JUMP_LANDING,"SYSTEMIC,NEURAL_HEAVY,NEURAL_SPEED,LOCAL_MUSCLE,ELASTIC_SSC","BADMINTON_COURT,ELASTIC_SSC",,PLYOMETRIC_JUMP,LONG,0.5,0.5,0.5,0.5,0,0.75,0,0,0,0,QUALITY_BASED,NONE,CALVES,NONE,BADMINTON_SUPPORT,NO,NO,DIRECT,"JUMP_LANDING,RECOVERY_STEP",JUMP_LANDING_CONTROL,ANKLE_ACHILLES,HIGH,LOW,"CALF_ACHILLES,ANKLE_STIFFNESS","FATIGUE,BADMINTON_TRANSFER,BALANCE",TRAINING_EXERCISE,PROGRAM_SELECTABLE,HIGH,,YES,,NO,NO
ex_e4f911bb,네거티브 풀업,근력운동,광배근/대원근,이두근/전완근/견갑안정근,"맨몸, 횟수",위에서 시작해 천천히 내려온다. 풀업 반복 수가 부족한 날에도 당기는 힘과 견갑 제어를 연습할 수 있다.,90,weighted_pullup,중량 풀업,PRIMARY,1,PULL_HORIZONTAL,STRENGTH,"LAT,SCAPULAR_STABILIZERS,BICEPS,FOREARM",CORE,BODYWEIGHT,BODYWEIGHT,COMPOUND,PULL,UPPER,FRONTAL,BILATERAL,NONE,SCAPULAR_STABILITY,,"SHOULDER_STABILITY_SUPPORT,GRIP_FOREARM_SUPPORT","GRIP_FOREARM,SHOULDER_CARE","SYSTEMIC,NEURAL_HEAVY,LOCAL_MUSCLE,OVERHEAD_REPETITION,GRIP_FOREARM","UPPER_PULL,SHOULDER_OVERHEAD,GRIP_FOREARM","SHOULDER_ACCESSORY,ARM_ACCESSORY,BICEPS_ACCESSORY,BACK_ACCESSORY,HYPERTROPHY_ACCESSORY",MODERATE_LOAD,SHORT,0.5,0.5,0,0.5,0,0,0,0,0.5,0.75,ESTIMATED_1RM,UPPER_PULL_HORIZONTAL,BACK,ROW,GRIP_FOREARM,YES,YES,SUPPORTIVE,NONE,"GRIP_ENDURANCE,SHOULDER_DURABILITY","ELBOW,WRIST",LOW,LOW,"UPPER_PULL,SCAPULAR_STABILITY,GRIP_FOREARM","FATIGUE,STRENGTH_PROGRESS,BADMINTON_TRANSFER,BALANCE",TRAINING_EXERCISE,PROGRAM_SELECTABLE,HIGH,,YES,,NO,NO
ex_e709eeda,케이블 컬,근력운동,이두근,전완근,"케이블, 무게*횟수",케이블을 팔꿈치 고정 상태로 말아 올린다. 반복 내내 장력이 유지돼 이두 고립에 좋다.,60,케이블_컬,케이블 컬,PRIMARY,1,ISOLATION,HYPERTROPHY,"BICEPS,FOREARM",CORE,CABLE,CABLE,ISOLATION,BRACE,UPPER,SAGITTAL,BILATERAL,NONE,,,GRIP_FOREARM_SUPPORT,GRIP_FOREARM,"SYSTEMIC,NEURAL_HEAVY,LOCAL_MUSCLE,GRIP_FOREARM",GRIP_FOREARM,"ARM_ACCESSORY,BICEPS_ACCESSORY,HYPERTROPHY_ACCESSORY",MODERATE_LOAD,MEDIUM,0.25,0.25,0,0.75,0,0,0,0,0,0.75,VOLUME_LOAD,NONE,ARMS,NONE,GRIP_FOREARM,NO,YES,SUPPORTIVE,NONE,GRIP_ENDURANCE,"ELBOW,WRIST",LOW,LOW,GRIP_FOREARM,"FATIGUE,HYPERTROPHY_VOLUME,BADMINTON_TRANSFER,BALANCE",TRAINING_EXERCISE,PROGRAM_SELECTABLE,HIGH,,YES,,NO,NO
ex_e8ff8cfa,밴드 외회전,근력운동,회전근개,후면삼각근/견갑안정근,"밴드, 횟수",팔꿈치를 몸통 옆에 고정하고 바깥쪽으로 회전한다. 어깨 충돌을 줄이고 오버헤드 동작을 보조한다.,45,밴드_외회전,밴드 외회전,PRIMARY,1,ANTI_ROTATION,STABILITY,"REAR_DELT,SHOULDER,ROTATOR_CUFF,SCAPULAR_STABILIZERS,CORE,OBLIQUE",DEEP_CORE,BAND,BAND,HYBRID,BRACE,UPPER,TRANSVERSE,UNILATERAL,LOW,"ANTI_ROTATION,TRUNK_CONTROL,SCAPULAR_STABILITY,ROTATOR_CUFF_CONTROL",,"TRUNK_CONTROL_SUPPORT,SHOULDER_STABILITY_SUPPORT,ROTATOR_CUFF_SUPPORT","ANTI_ROTATION_STABILITY,SHOULDER_CARE","SYSTEMIC,NEURAL_HEAVY,LOCAL_MUSCLE,ANTI_ROTATION,OVERHEAD_REPETITION","SHOULDER_OVERHEAD,ANTI_ROTATION","SHOULDER_ACCESSORY,ARM_ACCESSORY,HYPERTROPHY_ACCESSORY",LOW_LOAD,SHORT,0.5,0.5,0,0.5,0,0,0,0.75,0.5,0,QUALITY_BASED,CORE,SHOULDERS,NONE,SHOULDER_CARE,NO,NO,SUPPORTIVE,NONE,"ANTI_ROTATION_STABILITY,SHOULDER_DURABILITY",SHOULDER,HIGH,LOW,"ANTI_ROTATION,UNILATERAL_LOWER,SHOULDER_CARE,SCAPULAR_STABILITY","FATIGUE,BADMINTON_TRANSFER,BALANCE",TRAINING_EXERCISE,PROGRAM_SELECTABLE,HIGH,,YES,,NO,NO
ex_e994008a,프리처 컬,근력운동,이두근,전완근,"EZ바 또는 덤벨, 무게*횟수",팔꿈치를 패드에 고정해 반동을 줄이고 컬한다. 아놀드식 팔 훈련에서 자주 보이는 이두 고립운동이다.,60,프리처_컬,프리처 컬,PRIMARY,1,ISOLATION,HYPERTROPHY,"BICEPS,FOREARM",CORE,"BARBELL,DUMBBELL","BARBELL,DUMBBELL",ISOLATION,BRACE,UPPER,SAGITTAL,BILATERAL,NONE,,,GRIP_FOREARM_SUPPORT,GRIP_FOREARM,"SYSTEMIC,NEURAL_HEAVY,LOCAL_MUSCLE,GRIP_FOREARM",GRIP_FOREARM,"ARM_ACCESSORY,BICEPS_ACCESSORY,HYPERTROPHY_ACCESSORY",MODERATE_LOAD,MEDIUM,0.25,0.25,0,0.75,0,0,0,0,0,0.75,VOLUME_LOAD,NONE,ARMS,NONE,GRIP_FOREARM,NO,YES,SUPPORTIVE,NONE,GRIP_ENDURANCE,"ELBOW,WRIST",LOW,LOW,GRIP_FOREARM,"FATIGUE,HYPERTROPHY_VOLUME,BADMINTON_TRANSFER,BALANCE",TRAINING_EXERCISE,HISTORY_ONLY,HIGH,,NO,,NO,NO
ex_e9e97659,핵 스쿼트,근력운동,대퇴사두근,둔근/햄스트링,"머신, 무게*횟수",머신에서 등을 대고 깊게 내려갔다가 밀어 올린다. 대퇴사두근에 집중하기 쉬운 보디빌딩 하체 운동이다.,120,squat,squat,PRIMARY,1,SQUAT,STRENGTH,"BACK,QUADRICEPS,HAMSTRING,GLUTE",CORE,"HACK_SQUAT_MACHINE,MACHINE,TRX_RING","HACK_SQUAT_MACHINE,MACHINE,TRX_RING",COMPOUND,SQUAT,WHOLE_BODY,SAGITTAL,BILATERAL,HIGH,HIP_STABILITY,,HIP_STABILITY_SUPPORT,NONE,"SYSTEMIC,NEURAL_HEAVY,LOCAL_MUSCLE","SYSTEMIC,HEAVY_LOWER,SQUAT_PATTERN","BACK_ACCESSORY,LEG_ACCESSORY,POSTERIOR_CHAIN_ACCESSORY,HYPERTROPHY_ACCESSORY",HIGH_AXIAL_LOAD,VERY_LONG,0.75,0.75,0,0.5,0,0,0,0,0,0,ESTIMATED_1RM,SQUAT,BACK,SQUAT,LOWER_ACCESSORY,YES,YES,NONE,NONE,NONE,"HIP,KNEE",LOW,LOW,"LOWER_PUSH,SQUAT_PATTERN,ANTERIOR_CHAIN,HIP_STABILITY,KNEE_CONTROL","FATIGUE,STRENGTH_PROGRESS,BALANCE",TRAINING_EXERCISE,PROGRAM_SELECTABLE,HIGH,,YES,,NO,NO
ex_eaea872c,힙 어덕션,근력운동,내전근,골반안정근/코어,"머신 또는 케이블, 무게*횟수",다리를 안쪽으로 모아 내전근을 훈련한다. 사이드 런지와 코트 감속에서 필요한 안쪽 허벅지 힘을 보강한다.,60,힙_어덕션,힙 어덕션,PRIMARY,1,BOUND,PLYOMETRIC,"GLUTE_MEDIUS,HIP_ADDUCTOR,CORE",DEEP_CORE,"CABLE,MACHINE,CONE_MARKER","CABLE,MACHINE,CONE_MARKER",DRILL,DECELERATE,LOWER,FRONTAL,BILATERAL,NONE,"CORE_STABILITY,HIP_STABILITY,PELVIC_STABILITY",,"DECELERATION_SUPPORT,COD_SUPPORT,BADMINTON_SUPPORT_LIGHT,HIP_STABILITY_SUPPORT,TRUNK_CONTROL_SUPPORT",JUMP_LANDING,"SYSTEMIC,NEURAL_HEAVY,NEURAL_SPEED,LOCAL_MUSCLE,DECELERATION,ELASTIC_SSC","BADMINTON_COURT,DECELERATION,ELASTIC_SSC","LEG_ACCESSORY,HYPERTROPHY_ACCESSORY",MODERATE_LOAD,LONG,0.5,0.5,0.5,0.5,0.75,0.75,0,0,0,0,QUALITY_BASED,NONE,GLUTES,NONE,BADMINTON_SUPPORT,NO,NO,DIRECT,"JUMP_LANDING,RECOVERY_STEP",JUMP_LANDING_CONTROL,"HIP,ANKLE_ACHILLES",HIGH,LOW,"HIP_STABILITY,ANKLE_STIFFNESS","FATIGUE,BADMINTON_TRANSFER,BALANCE",TRAINING_EXERCISE,HISTORY_ONLY,HIGH,,NO,,NO,NO
ex_eb636bac,원암 케이블 오버헤드 트라이셉스 익스텐션,근력운동,삼두근,전완근/코어,"케이블, 무게*횟수",케이블을 등 뒤 또는 머리 뒤에서 시작해 한 팔을 머리 위로 편다. 상완 위치를 유지하며 삼두 장두의 신장과 팔꿈치 신전을 통제한다.,60,원암_케이블_오버헤드_트라이셉스_익스텐션,원암 케이블 오버헤드 트라이셉스 익스텐션,PRIMARY,1,ANTI_ROTATION,HYPERTROPHY,"BACK,TRICEPS,FOREARM,CORE","FOREARM,CORE",CABLE,CABLE,HYBRID,BRACE,UPPER,SAGITTAL,UNILATERAL,NONE,"CORE_STABILITY,ANTI_ROTATION",,TRUNK_CONTROL_SUPPORT|SHOULDER_STABILITY_SUPPORT|GRIP_FOREARM_SUPPORT,"ANTI_ROTATION_STABILITY,GRIP_FOREARM,SHOULDER_CARE","SYSTEMIC,NEURAL_HEAVY,LOCAL_MUSCLE,ANTI_ROTATION,OVERHEAD_REPETITION,GRIP_FOREARM","SHOULDER_OVERHEAD,GRIP_FOREARM,ANTI_ROTATION","ARM_ACCESSORY,TRICEPS_ISOLATION,BACK_ACCESSORY,HYPERTROPHY_ACCESSORY",SHOULDER_STRESS_LOW,MEDIUM,0.5,0.5,0,0.75,0,0,0,0.75,0.5,0.75,VOLUME_LOAD,CORE,BACK,NONE,GRIP_FOREARM,NO,YES,SUPPORTIVE,NONE,"ANTI_ROTATION_STABILITY,GRIP_ENDURANCE,SHOULDER_DURABILITY","ELBOW,WRIST",HIGH,LOW,"ANTI_ROTATION,UNILATERAL_LOWER,GRIP_FOREARM","FATIGUE,HYPERTROPHY_VOLUME,BADMINTON_TRANSFER,BALANCE",TRAINING_EXERCISE,PROGRAM_SELECTABLE,HIGH,,YES,,NO,NO
ex_ee378da7,스케이터 스쿼트,기능성운동,편측제어/둔근/감속,맨몸 또는 덤벨,횟수 또는 무게*횟수,뒤쪽 무릎을 바닥 쪽으로 보내며 한발로 내려갔다 올라온다. 사이드 런지와 착지 제어에 필요한 한발 힘을 키운다.,75,squat,스쿼트,PRIMARY,1,SQUAT,STABILITY,GLUTE,CORE,"DUMBBELL,BODYWEIGHT","DUMBBELL,BODYWEIGHT",COMPOUND,SQUAT,LOWER,SAGITTAL,UNILATERAL,HIGH,"HIP_STABILITY,KNEE_CONTROL,LANDING_STABILITY,SINGLE_LEG_STABILITY",,"DECELERATION_SUPPORT,LANDING_SUPPORT,COD_SUPPORT,HIP_STABILITY_SUPPORT",NONE,"SYSTEMIC,NEURAL_HEAVY,LOCAL_MUSCLE","SYSTEMIC,HEAVY_LOWER,SQUAT_PATTERN","LEG_ACCESSORY,POSTERIOR_CHAIN_ACCESSORY,HYPERTROPHY_ACCESSORY",HIGH_AXIAL_LOAD,VERY_LONG,0.75,0.75,0,0.5,0,0,0,0,0,0,ESTIMATED_1RM,SQUAT,GLUTES,SQUAT,LOWER_ACCESSORY,YES,YES,NONE,NONE,NONE,"HIP,KNEE",HIGH,LOW,"LOWER_PUSH,SQUAT_PATTERN,ANTERIOR_CHAIN,UNILATERAL_LOWER,HIP_STABILITY","FATIGUE,STRENGTH_PROGRESS,BALANCE",TRAINING_EXERCISE,PROGRAM_SELECTABLE,HIGH,,YES,,NO,NO
ex_f1d31d3d,원레그 핵 스쿼트,근력운동,대퇴사두근/둔근,햄스트링/골반안정근,"머신, 한발 무게*횟수",핵 스쿼트 머신에서 한쪽 다리 중심으로 밀어 올린다. 한발 힘과 좌우 대퇴사두근 차이를 기록하기 좋다.,105,squat,squat,PRIMARY,1,SQUAT,STRENGTH,"QUADRICEPS,HAMSTRING,GLUTE_MEDIUS,GLUTE",CORE,"HACK_SQUAT_MACHINE,MACHINE,TRX_RING","HACK_SQUAT_MACHINE,MACHINE,TRX_RING",COMPOUND,SQUAT,LOWER,SAGITTAL,UNILATERAL,HIGH,"HIP_STABILITY,PELVIC_STABILITY,SINGLE_LEG_STABILITY",,"HIP_STABILITY_SUPPORT,SINGLE_LEG_STRENGTH_SUPPORT",NONE,"SYSTEMIC,NEURAL_HEAVY,LOCAL_MUSCLE","SYSTEMIC,HEAVY_LOWER,SQUAT_PATTERN","LEG_ACCESSORY,POSTERIOR_CHAIN_ACCESSORY,HYPERTROPHY_ACCESSORY",HIGH_AXIAL_LOAD,VERY_LONG,0.75,0.75,0,0.5,0,0,0,0,0,0,ESTIMATED_1RM,SQUAT,QUADS,SQUAT,LOWER_ACCESSORY,YES,YES,NONE,NONE,NONE,"HIP,KNEE",HIGH,LOW,"LOWER_PUSH,SQUAT_PATTERN,ANTERIOR_CHAIN,UNILATERAL_LOWER,HIP_STABILITY,KNEE_CONTROL","FATIGUE,STRENGTH_PROGRESS,BALANCE",TRAINING_EXERCISE,PROGRAM_SELECTABLE,HIGH,,YES,,NO,NO
ex_f2a79d37,스플릿 스쿼트,근력운동,대퇴사두근/둔근,햄스트링/내전근/코어,"덤벨 또는 맨몸, 무게*횟수",앞뒤로 발을 벌리고 제자리에서 내려갔다 올라온다. 한발 런지 힘을 안정적으로 쌓는 기본 편측 하체 운동이다.,90,squat,스쿼트,PRIMARY,1,SQUAT,STRENGTH,"QUADRICEPS,HAMSTRING,GLUTE,HIP_ADDUCTOR,CORE",DEEP_CORE,"DUMBBELL,TRX_RING,BODYWEIGHT","DUMBBELL,TRX_RING,BODYWEIGHT",COMPOUND,SQUAT,LOWER,SAGITTAL,UNILATERAL,HIGH,"CORE_STABILITY,ANTI_ROTATION,HIP_STABILITY,SINGLE_LEG_STABILITY",,"DECELERATION_SUPPORT,HIP_STABILITY_SUPPORT,TRUNK_CONTROL_SUPPORT",NONE,"SYSTEMIC,NEURAL_HEAVY,LOCAL_MUSCLE","SYSTEMIC,HEAVY_LOWER,SQUAT_PATTERN","LEG_ACCESSORY,POSTERIOR_CHAIN_ACCESSORY,HYPERTROPHY_ACCESSORY",HIGH_AXIAL_LOAD,VERY_LONG,0.75,0.75,0,0.5,0,0,0,0,0,0,ESTIMATED_1RM,SQUAT,QUADS,SQUAT,LOWER_ACCESSORY,YES,YES,NONE,NONE,NONE,"HIP,KNEE",HIGH,LOW,"LOWER_PUSH,SQUAT_PATTERN,ANTERIOR_CHAIN,UNILATERAL_LOWER,HIP_STABILITY,KNEE_CONTROL","FATIGUE,STRENGTH_PROGRESS,BALANCE",TRAINING_EXERCISE,PROGRAM_SELECTABLE,HIGH,,YES,,NO,NO
ex_f332aeab,월 드라이브,기능성운동,러닝자세/무릎드라이브/코어,벽,횟수 또는 시간,벽을 밀며 몸을 기울이고 무릎을 번갈아 당긴다. 골반과 몸통을 고정한 채 러닝 추진 자세를 익힌다.,30,월_드라이브,월 드라이브,PRIMARY,1,ANTI_ROTATION,SPEED,CORE,DEEP_CORE,BODYWEIGHT,BODYWEIGHT,HYBRID,BRACE,TRUNK,SAGITTAL,UNILATERAL,NONE,"CORE_STABILITY,ANTI_ROTATION,TRUNK_CONTROL,HIP_STABILITY,PELVIC_STABILITY,KNEE_CONTROL",,"HIP_STABILITY_SUPPORT,TRUNK_CONTROL_SUPPORT",ANTI_ROTATION_STABILITY,"SYSTEMIC,NEURAL_HEAVY,NEURAL_SPEED,LOCAL_MUSCLE,ANTI_ROTATION",ANTI_ROTATION,,MODERATE_LOAD,MEDIUM,0.5,0.5,0.75,0.5,0,0,0,0.75,0,0,QUALITY_BASED,CORE,CORE,NONE,CORE_STABILITY,NO,NO,SUPPORTIVE,NONE,ANTI_ROTATION_STABILITY,,HIGH,LOW,"ANTI_ROTATION,UNILATERAL_LOWER","FATIGUE,BADMINTON_TRANSFER,BALANCE",TRAINING_EXERCISE,PROGRAM_SELECTABLE,HIGH,,YES,,NO,NO
ex_f459ad2a,메도우즈 로우,근력운동,광배근/능형근,후면삼각근/이두근/코어,"랜드마인 또는 바벨, 한팔 무게*횟수",바벨 한쪽 끝을 잡고 몸 옆으로 당긴다. 등 하부와 광배근을 강하게 쓰되 몸통 반동은 줄인다.,90,row,로우,PRIMARY,1,PULL_HORIZONTAL,STRENGTH,"LAT,BACK,RHOMBOID,REAR_DELT,BICEPS,CORE",DEEP_CORE,"BARBELL,LANDMINE","BARBELL,LANDMINE",COMPOUND,PULL,UPPER,TRANSVERSE,UNILATERAL,HIGH,"CORE_STABILITY,ANTI_ROTATION,TRUNK_CONTROL",,TRUNK_CONTROL_SUPPORT,NONE,"SYSTEMIC,NEURAL_HEAVY,LOCAL_MUSCLE","SYSTEMIC,UPPER_PULL","ARM_ACCESSORY,BACK_ACCESSORY,HYPERTROPHY_ACCESSORY",HIGH_AXIAL_LOAD,SHORT,0.5,0.5,0,0.5,0,0,0,0,0,0,ESTIMATED_1RM,UPPER_PULL_HORIZONTAL,BACK,ROW,UPPER_PULL_ACCESSORY,YES,YES,NONE,NONE,NONE,ELBOW,HIGH,LOW,"UPPER_PULL,UNILATERAL_UPPER,SCAPULAR_STABILITY","FATIGUE,STRENGTH_PROGRESS,BALANCE",TRAINING_EXERCISE,PROGRAM_SELECTABLE,HIGH,,YES,,NO,NO
ex_f6703b06,덤벨 프로네이션/수피네이션,근력운동,회내근/회외근/전완근,그립,"덤벨 한쪽 잡기, 횟수",덤벨 끝을 잡고 손바닥을 안팎으로 천천히 회전한다. 라켓 회전 제어와 전완 내구성 보강용이다.,45,덤벨_프로네이션_수피네이션,덤벨 프로네이션 수피네이션,PRIMARY,1,ANTI_ROTATION,HYPERTROPHY,"FOREARM,GRIP,OBLIQUE",CORE,DUMBBELL,DUMBBELL,HYBRID,BRACE,UPPER,TRANSVERSE,BILATERAL,NONE,ANTI_ROTATION,,GRIP_FOREARM_SUPPORT,"ANTI_ROTATION_STABILITY,GRIP_FOREARM","SYSTEMIC,NEURAL_HEAVY,LOCAL_MUSCLE,ANTI_ROTATION,GRIP_FOREARM","GRIP_FOREARM,ANTI_ROTATION","ARM_ACCESSORY,HYPERTROPHY_ACCESSORY",MODERATE_LOAD,MEDIUM,0.5,0.5,0,0.75,0,0,0,0.75,0,0.75,VOLUME_LOAD,CORE,FOREARM_GRIP,NONE,GRIP_FOREARM,NO,YES,SUPPORTIVE,NONE,"ANTI_ROTATION_STABILITY,GRIP_ENDURANCE",WRIST,HIGH,LOW,"ANTI_ROTATION,GRIP_FOREARM","FATIGUE,HYPERTROPHY_VOLUME,BADMINTON_TRANSFER,BALANCE",TRAINING_EXERCISE,PROGRAM_SELECTABLE,HIGH,,YES,,NO,NO
ex_f6d43398,사이드 플랭크,기능성운동,측면코어/골반안정성,맨몸,시간,"사이드 플랭크: 측면코어/골반안정성을 목표로 짧고 선명하게 수행한다. 속도보다 착지, 정지, 몸통 안정성을 먼저 확인한다.",45,사이드_플랭크,사이드 플랭크,PRIMARY,1,ANTI_ROTATION,STABILITY,"GLUTE_MEDIUS,CORE,DEEP_CORE,OBLIQUE",DEEP_CORE,BODYWEIGHT,BODYWEIGHT,HYBRID,BRACE,LOWER,FRONTAL,UNILATERAL,NONE,"CORE_STABILITY,TRUNK_CONTROL,HIP_STABILITY,PELVIC_STABILITY,LANDING_STABILITY",,"LANDING_SUPPORT,COD_SUPPORT,HIP_STABILITY_SUPPORT,TRUNK_CONTROL_SUPPORT",ANTI_ROTATION_STABILITY,"SYSTEMIC,NEURAL_HEAVY,LOCAL_MUSCLE,ANTI_ROTATION",ANTI_ROTATION,,MODERATE_LOAD,SHORT,0.5,0.5,0,0.5,0,0,0,0.75,0,0,QUALITY_BASED,CORE,GLUTES,NONE,CORE_STABILITY,NO,NO,SUPPORTIVE,NONE,ANTI_ROTATION_STABILITY,HIP,HIGH,LOW,"ANTI_ROTATION,UNILATERAL_LOWER,HIP_STABILITY","FATIGUE,BADMINTON_TRANSFER,BALANCE",TRAINING_EXERCISE,PROGRAM_SELECTABLE,HIGH,,YES,,NO,NO
ex_f97a05ab,월 슬라이드,기능성운동,견갑상방회전/어깨가동성,벽,횟수,등과 팔을 벽에 대고 천천히 위아래로 움직인다. 초보자의 견갑 움직임과 오버헤드 준비를 돕는다.,30,월_슬라이드,월 슬라이드,PRIMARY,1,ANTI_ROTATION,STABILITY,"BACK,SHOULDER,SCAPULAR_STABILIZERS,OBLIQUE",CORE,BODYWEIGHT,BODYWEIGHT,HYBRID,BRACE,UPPER,SAGITTAL,BILATERAL,LOW,"ANTI_ROTATION,SCAPULAR_STABILITY",,SHOULDER_STABILITY_SUPPORT,"ANTI_ROTATION_STABILITY,SHOULDER_CARE","SYSTEMIC,NEURAL_HEAVY,LOCAL_MUSCLE,ANTI_ROTATION,OVERHEAD_REPETITION","SHOULDER_OVERHEAD,ANTI_ROTATION","SHOULDER_ACCESSORY,ARM_ACCESSORY,BACK_ACCESSORY,HYPERTROPHY_ACCESSORY",LOW_LOAD,SHORT,0.5,0.5,0,0.5,0,0,0,0.75,0.5,0,QUALITY_BASED,CORE,BACK,NONE,SHOULDER_CARE,NO,NO,SUPPORTIVE,NONE,"ANTI_ROTATION_STABILITY,SHOULDER_DURABILITY",SHOULDER,HIGH,LOW,"ANTI_ROTATION,SHOULDER_CARE,SCAPULAR_STABILITY","FATIGUE,BADMINTON_TRANSFER,BALANCE",TRAINING_EXERCISE,PROGRAM_SELECTABLE,HIGH,,YES,,NO,NO
ex_fa2e73b3,핸드스탠드 푸시업,근력운동,전면삼각근/측면삼각근,삼두근/상부승모근/코어,"벽 또는 맨몸, 횟수",벽을 이용하거나 물구나무 자세에서 팔을 굽혔다 편다. 난도가 높으므로 범위와 자세 품질을 먼저 관리한다.,120,핸드스탠드_푸시업,핸드스탠드 푸시업,PRIMARY,1,PUSH_VERTICAL,STRENGTH,"TRAPEZIUS,ANTERIOR_DELTOID,LATERAL_DELTOID,TRICEPS,CORE",DEEP_CORE,BODYWEIGHT,BODYWEIGHT,COMPOUND,PUSH,UPPER,SAGITTAL,BILATERAL,NONE,"CORE_STABILITY,ANTI_ROTATION",,"COD_SUPPORT,TRUNK_CONTROL_SUPPORT",NONE,"SYSTEMIC,NEURAL_HEAVY,LOCAL_MUSCLE,OVERHEAD_REPETITION","UPPER_PUSH,SHOULDER_OVERHEAD","SHOULDER_ISOLATION,ARM_ACCESSORY,TRICEPS_ISOLATION,HYPERTROPHY_ACCESSORY",MODERATE_LOAD,SHORT,0.5,0.5,0,0.5,0,0,0,0,0.5,0,ESTIMATED_1RM,UPPER_PUSH_VERTICAL,SHOULDERS,OVERHEAD_PRESS,UPPER_PUSH_ACCESSORY,YES,YES,NONE,NONE,NONE,"SHOULDER,ELBOW",LOW,MODERATE,"UPPER_PUSH,SCAPULAR_STABILITY","FATIGUE,STRENGTH_PROGRESS,BALANCE",TRAINING_EXERCISE,PROGRAM_SELECTABLE,HIGH,,YES,,NO,NO
ex_fa31f7a6,케이블 로우,근력운동,광배근/능형근,이두근/후면삼각근,"케이블, 무게*횟수",케이블을 몸쪽으로 당겨 등을 수축한다. 허리 부담을 낮추면서 등 볼륨을 쌓기 좋은 기본 로우다.,90,row,로우,PRIMARY,1,PULL_HORIZONTAL,STRENGTH,"LAT,BACK,RHOMBOID,REAR_DELT,BICEPS",CORE,CABLE,CABLE,COMPOUND,PULL,UPPER,TRANSVERSE,BILATERAL,MODERATE,,,,NONE,"SYSTEMIC,NEURAL_HEAVY,LOCAL_MUSCLE","SYSTEMIC,UPPER_PULL","ARM_ACCESSORY,BACK_ACCESSORY,HYPERTROPHY_ACCESSORY",LUMBAR_STRESS_HIGH,SHORT,0.5,0.5,0,0.5,0,0,0,0,0,0,ESTIMATED_1RM,UPPER_PULL_HORIZONTAL,BACK,ROW,UPPER_PULL_ACCESSORY,YES,YES,NONE,NONE,NONE,ELBOW,LOW,LOW,"UPPER_PULL,SCAPULAR_STABILITY","FATIGUE,STRENGTH_PROGRESS,BALANCE",TRAINING_EXERCISE,PROGRAM_SELECTABLE,HIGH,,YES,,NO,NO
ex_fa3416f6,스미스 머신 스쿼트,근력운동,대퇴사두근/둔근,햄스트링/코어,"스미스 머신, 무게*횟수",스미스 머신 궤도 안에서 스쿼트한다. 상체 균형 부담을 줄이고 하체 볼륨에 집중할 때 사용한다.,120,squat,스쿼트,PRIMARY,1,SQUAT,STRENGTH,"QUADRICEPS,HAMSTRING,GLUTE,CORE",DEEP_CORE,"SMITH_MACHINE,MACHINE,TRX_RING","SMITH_MACHINE,MACHINE,TRX_RING",COMPOUND,SQUAT,LOWER,SAGITTAL,BILATERAL,HIGH,"CORE_STABILITY,ANTI_ROTATION,HIP_STABILITY",,"HIP_STABILITY_SUPPORT,TRUNK_CONTROL_SUPPORT",NONE,"SYSTEMIC,NEURAL_HEAVY,LOCAL_MUSCLE","SYSTEMIC,HEAVY_LOWER,SQUAT_PATTERN","LEG_ACCESSORY,POSTERIOR_CHAIN_ACCESSORY,HYPERTROPHY_ACCESSORY",HIGH_AXIAL_LOAD,VERY_LONG,0.75,0.75,0,0.5,0,0,0,0,0,0,ESTIMATED_1RM,SQUAT,QUADS,SQUAT,LOWER_ACCESSORY,YES,YES,NONE,NONE,NONE,"HIP,KNEE",LOW,LOW,"LOWER_PUSH,SQUAT_PATTERN,ANTERIOR_CHAIN,HIP_STABILITY,KNEE_CONTROL","FATIGUE,STRENGTH_PROGRESS,BALANCE",TRAINING_EXERCISE,PROGRAM_SELECTABLE,HIGH,,YES,,NO,NO
ex_fa34ddfe,케이블 킥백,근력운동,둔근,햄스트링/코어,"케이블, 한발 무게*횟수",발목 스트랩으로 한쪽 다리를 뒤로 뻗는다. 허리를 꺾지 않고 둔근 수축으로 끝 범위를 만든다.,60,케이블_킥백,케이블 킥백,PRIMARY,1,ANTI_ROTATION,HYPERTROPHY,"BACK,HAMSTRING,GLUTE,CALF,CORE",DEEP_CORE,"CABLE,TRX_RING","CABLE,TRX_RING",HYBRID,BRACE,WHOLE_BODY,SAGITTAL,UNILATERAL,MODERATE,"CORE_STABILITY,ANTI_ROTATION,HIP_STABILITY,ANKLE_STABILITY,SINGLE_LEG_STABILITY",,"HIP_STABILITY_SUPPORT,TRUNK_CONTROL_SUPPORT,ANKLE_SSC_SUPPORT",ANTI_ROTATION_STABILITY,"SYSTEMIC,NEURAL_HEAVY,LOCAL_MUSCLE,ANTI_ROTATION","SYSTEMIC,ANTI_ROTATION","POSTERIOR_CHAIN_ACCESSORY,HYPERTROPHY_ACCESSORY",LUMBAR_STRESS_HIGH,MEDIUM,0.5,0.5,0,0.75,0,0,0,0.75,0,0,VOLUME_LOAD,CORE,BACK,NONE,CORE_STABILITY,NO,YES,SUPPORTIVE,NONE,ANTI_ROTATION_STABILITY,"HIP,ANKLE_ACHILLES",HIGH,LOW,"ANTI_ROTATION,UNILATERAL_LOWER,CALF_ACHILLES,HIP_STABILITY","FATIGUE,HYPERTROPHY_VOLUME,BADMINTON_TRANSFER,BALANCE",TRAINING_EXERCISE,PROGRAM_SELECTABLE,HIGH,,YES,,NO,NO
ex_fa570291,트라이셉스 푸시다운,근력운동,삼두근,전완근,"케이블, 무게*횟수",케이블 바나 로프를 아래로 밀어 삼두근을 수축한다. 팔 볼륨을 위한 기본 삼두 고립운동이다.,60,트라이셉스_푸시다운,트라이셉스 푸시다운,PRIMARY,1,ISOLATION,HYPERTROPHY,"TRICEPS,FOREARM",CORE,CABLE,CABLE,ISOLATION,BRACE,UPPER,SAGITTAL,BILATERAL,NONE,,,GRIP_FOREARM_SUPPORT,GRIP_FOREARM,"SYSTEMIC,NEURAL_HEAVY,LOCAL_MUSCLE,GRIP_FOREARM",GRIP_FOREARM,"ARM_ACCESSORY,TRICEPS_ACCESSORY,TRICEPS_ISOLATION,HYPERTROPHY_ACCESSORY",MODERATE_LOAD,MEDIUM,0.25,0.25,0,0.75,0,0,0,0,0,0.75,VOLUME_LOAD,NONE,ARMS,NONE,GRIP_FOREARM,NO,YES,SUPPORTIVE,NONE,GRIP_ENDURANCE,"ELBOW,WRIST",LOW,LOW,GRIP_FOREARM,"FATIGUE,HYPERTROPHY_VOLUME,BADMINTON_TRANSFER,BALANCE",TRAINING_EXERCISE,PROGRAM_SELECTABLE,HIGH,,YES,,NO,NO
ex_faae2044,인터벌 러닝,유산소운동,고강도,20분,시간/거리/페이스,인터벌 러닝: 호흡과 페이스를 일정하게 유지하며 수행한다. 강도는 고강도 기준으로 무리 없이 조절한다.,60,cardio,cardio,PRIMARY,1,LOCOMOTION,CONDITIONING,"CALF,QUADRICEPS,HAMSTRING",CORE,BODYWEIGHT,BODYWEIGHT,COMPOUND,ACCELERATE,WHOLE_BODY,SAGITTAL,BILATERAL,NONE,,,,CONDITIONING,"SYSTEMIC,NEURAL_HEAVY,NEURAL_SPEED,LOCAL_MUSCLE",BADMINTON_COURT,,MODERATE_LOAD,MEDIUM,0.5,0.5,0.5,0.5,0,0,0,0,0,0,TIME_OR_DISTANCE,NONE,QUADS,NONE,BADMINTON_SUPPORT,NO,NO,GENERAL,RECOVERY_STEP,CONDITIONING,"KNEE,ANKLE_ACHILLES",HIGH,LOW,"CALF_ACHILLES,KNEE_CONTROL","FATIGUE,BADMINTON_TRANSFER,BALANCE",TRAINING_EXERCISE,PROGRAM_SELECTABLE,HIGH,,YES,,NO,NO
ex_fb67af37,디클라인 푸시업,근력운동,상부대흉근/전면삼각근,삼두근/코어,"맨몸, 횟수",발을 높은 곳에 올리고 푸시업을 한다. 몸통을 곧게 유지하며 어깨가 으쓱하지 않게 밀어낸다.,60,디클라인_푸시업,디클라인 푸시업,PRIMARY,1,PUSH_HORIZONTAL,STRENGTH,"UPPER_CHEST,CHEST,ANTERIOR_DELTOID,SHOULDER,TRICEPS,CORE",DEEP_CORE,BODYWEIGHT,BODYWEIGHT,COMPOUND,PUSH,UPPER,TRANSVERSE,BILATERAL,NONE,"CORE_STABILITY,ANTI_ROTATION,TRUNK_CONTROL",,"TRUNK_CONTROL_SUPPORT,SHOULDER_STABILITY_SUPPORT",SHOULDER_CARE,"SYSTEMIC,NEURAL_HEAVY,LOCAL_MUSCLE,OVERHEAD_REPETITION","UPPER_PUSH,SHOULDER_OVERHEAD","SHOULDER_ACCESSORY,ARM_ACCESSORY,TRICEPS_ISOLATION,CHEST_ACCESSORY,HYPERTROPHY_ACCESSORY",SHOULDER_STRESS_LOW,SHORT,0.5,0.5,0,0.5,0,0,0,0,0.5,0,ESTIMATED_1RM,UPPER_PUSH_HORIZONTAL,CHEST,BENCH_PRESS,SHOULDER_CARE,YES,YES,SUPPORTIVE,NONE,SHOULDER_DURABILITY,"SHOULDER,ELBOW",LOW,LOW,"UPPER_PUSH,SHOULDER_CARE","FATIGUE,STRENGTH_PROGRESS,BADMINTON_TRANSFER,BALANCE",TRAINING_EXERCISE,PROGRAM_SELECTABLE,HIGH,,YES,,NO,NO
ex_fdbdf454,원암 덤벨 오버헤드 트라이셉스 익스텐션,근력운동,삼두근 장두,전완근/코어,"덤벨, 한팔 무게*횟수",한 팔로 덤벨을 머리 뒤에서 위로 편다. 어깨 위치를 안정시키고 팔꿈치가 흔들리지 않게 한다.,60,원암_덤벨_오버헤드_트라이셉스_익스텐션,원암 덤벨 오버헤드 트라이셉스 익스텐션,PRIMARY,1,ANTI_ROTATION,HYPERTROPHY,"SHOULDER,TRICEPS,FOREARM,CORE",DEEP_CORE,DUMBBELL,DUMBBELL,HYBRID,BRACE,UPPER,SAGITTAL,UNILATERAL,NONE,"CORE_STABILITY,ANTI_ROTATION",,"TRUNK_CONTROL_SUPPORT,SHOULDER_STABILITY_SUPPORT,GRIP_FOREARM_SUPPORT","ANTI_ROTATION_STABILITY,GRIP_FOREARM,SHOULDER_CARE","SYSTEMIC,NEURAL_HEAVY,LOCAL_MUSCLE,ANTI_ROTATION,OVERHEAD_REPETITION,GRIP_FOREARM","SHOULDER_OVERHEAD,GRIP_FOREARM,ANTI_ROTATION","SHOULDER_ACCESSORY,ARM_ACCESSORY,TRICEPS_ISOLATION,HYPERTROPHY_ACCESSORY",SHOULDER_STRESS_LOW,MEDIUM,0.5,0.5,0,0.75,0,0,0,0.75,0.5,0.75,VOLUME_LOAD,CORE,SHOULDERS,NONE,GRIP_FOREARM,NO,YES,SUPPORTIVE,NONE,"ANTI_ROTATION_STABILITY,GRIP_ENDURANCE,SHOULDER_DURABILITY","SHOULDER,ELBOW,WRIST",HIGH,LOW,"ANTI_ROTATION,UNILATERAL_LOWER,SHOULDER_CARE,GRIP_FOREARM","FATIGUE,HYPERTROPHY_VOLUME,BADMINTON_TRANSFER,BALANCE",TRAINING_EXERCISE,PROGRAM_SELECTABLE,HIGH,,YES,,NO,NO
ez_bar_lying_triceps_extension,EZ바 라잉 트라이셉스 익스텐션,근력운동,삼두근 장두,전완근/어깨안정근,"EZ바 또는 덤벨, 무게*횟수",누운 상태에서 팔꿈치를 굽혀 이마 뒤쪽으로 내렸다가 편다. 팔꿈치가 벌어지지 않게 통제한다.,75,라잉_트라이셉스_익스텐션,라잉 트라이셉스 익스텐션,PRIMARY,1,ISOLATION,HYPERTROPHY,"SHOULDER,TRICEPS,FOREARM",CORE,EZ_BAR,EZ_BAR,ISOLATION,BRACE,UPPER,SAGITTAL,BILATERAL,NONE,,,"SHOULDER_STABILITY_SUPPORT,GRIP_FOREARM_SUPPORT",NONE,"SYSTEMIC,NEURAL_HEAVY,LOCAL_MUSCLE,OVERHEAD_REPETITION,GRIP_FOREARM","SHOULDER_OVERHEAD,GRIP_FOREARM","SHOULDER_ACCESSORY,ARM_ACCESSORY,TRICEPS_ACCESSORY,TRICEPS_ISOLATION,HYPERTROPHY_ACCESSORY",SHOULDER_STRESS_LOW,SHORT,0.25,0.25,0,0.75,0,0,0,0,0.5,0.75,VOLUME_LOAD,ELBOW_EXTENSION_TRICEPS,SHOULDERS,NONE,GRIP_FOREARM,NO,YES,NONE,NONE,NONE,"SHOULDER,ELBOW,WRIST",LOW,LOW,"SHOULDER_CARE,GRIP_FOREARM",FATIGUE|HYPERTROPHY_VOLUME|BALANCE,EXERCISE,PROGRAM_SELECTABLE,MEDIUM,,YES,,NO,NO
ez_bar_preacher_curl,EZ바 프리처 컬,근력운동,이두근,전완근,"EZ바 또는 덤벨, 무게*횟수",팔꿈치를 패드에 고정해 반동을 줄이고 컬한다. 아놀드식 팔 훈련에서 자주 보이는 이두 고립운동이다.,60,프리처_컬,프리처 컬,PRIMARY,1,ISOLATION,HYPERTROPHY,"BICEPS,FOREARM",CORE,EZ_BAR,EZ_BAR,ISOLATION,BRACE,UPPER,SAGITTAL,BILATERAL,NONE,,,GRIP_FOREARM_SUPPORT,GENERAL_STRENGTH_SUPPORTIVE,"SYSTEMIC,NEURAL_HEAVY,LOCAL_MUSCLE,GRIP_FOREARM",GRIP_FOREARM,"ARM_ACCESSORY,BICEPS_ACCESSORY,HYPERTROPHY_ACCESSORY",MODERATE_LOAD,SHORT,0.25,0.25,0,0.75,0,0,0,0,0,0.75,VOLUME_LOAD,ELBOW_FLEXION_CURL,ARMS,NONE,GRIP_FOREARM,NO,YES,GENERAL,NONE,NONE,"ELBOW,WRIST",LOW,LOW,GRIP_FOREARM,FATIGUE|HYPERTROPHY_VOLUME|BALANCE,EXERCISE,PROGRAM_SELECTABLE,MEDIUM,,YES,,NO,NO
ez_bar_reverse_curl,EZ바 리버스 컬,근력운동,상완요골근/전완근,이두근,"바벨 또는 EZ바, 무게*횟수",손등이 위를 향하게 잡고 컬을 수행한다. 라켓 스포츠에 필요한 전완 버티는 힘을 보강한다.,60,리버스_컬,리버스 컬,PRIMARY,1,ISOLATION,HYPERTROPHY,"BACK,BICEPS,FOREARM",CORE,EZ_BAR,EZ_BAR,ISOLATION,BRACE,UPPER,SAGITTAL,BILATERAL,HIGH,,,GRIP_FOREARM_SUPPORT,GENERAL_STRENGTH_SUPPORTIVE,"SYSTEMIC,NEURAL_HEAVY,LOCAL_MUSCLE,GRIP_FOREARM","SYSTEMIC,GRIP_FOREARM","ARM_ACCESSORY,BICEPS_ACCESSORY,BACK_ACCESSORY,HYPERTROPHY_ACCESSORY",HIGH_AXIAL_LOAD,SHORT,0.25,0.25,0,0.75,0,0,0,0,0,0.75,VOLUME_LOAD,ELBOW_FLEXION_NEUTRAL_PRONATED_CURL,BACK,NONE,GRIP_FOREARM,NO,YES,GENERAL,NONE,NONE,"ELBOW,WRIST",LOW,LOW,GRIP_FOREARM,FATIGUE|HYPERTROPHY_VOLUME|BALANCE,EXERCISE,PROGRAM_SELECTABLE,MEDIUM,,YES,,NO,NO
ez_bar_spider_curl,EZ바 스파이더 컬,근력운동,이두근,전완근,"인클라인 벤치/덤벨 또는 EZ바, 무게*횟수",가슴을 벤치에 기대고 팔을 아래로 늘어뜨린 뒤 컬한다. 반동을 줄이고 상단 수축을 명확히 만든다.,60,bench_press,벤치프레스,PRIMARY,1.22,ISOLATION,HYPERTROPHY,"CHEST,BICEPS,FOREARM",CORE,EZ_BAR|BENCH,EZ_BAR|BENCH,ISOLATION,BRACE,UPPER,SAGITTAL,BILATERAL,NONE,,,GRIP_FOREARM_SUPPORT,GENERAL_STRENGTH_SUPPORTIVE,"SYSTEMIC,NEURAL_HEAVY,LOCAL_MUSCLE,GRIP_FOREARM",GRIP_FOREARM,"ARM_ACCESSORY,BICEPS_ACCESSORY,CHEST_ACCESSORY,HYPERTROPHY_ACCESSORY",MODERATE_LOAD,SHORT,0.25,0.25,0,0.75,0,0,0,0,0,0.75,VOLUME_LOAD,ELBOW_FLEXION_CURL,CHEST,NONE,GRIP_FOREARM,NO,YES,GENERAL,NONE,NONE,"ELBOW,WRIST",LOW,LOW,GRIP_FOREARM,FATIGUE|HYPERTROPHY_VOLUME|BALANCE,EXERCISE,PROGRAM_SELECTABLE,MEDIUM,,YES,,NO,NO
face_pull,페이스풀,근력운동,후면삼각근/하부승모근,회전근개/능형근,"케이블, 무게*횟수","페이스풀: 자세와 관절 정렬을 유지한 채 반복한다. 주동근은 후면삼각근/하부승모근이고, 회전근개/능형근이 흔들리지 않게 보조한다.",60,페이스풀,페이스풀,PRIMARY,1,ANTI_ROTATION,HYPERTROPHY,"RHOMBOID,LOWER_TRAP,TRAPEZIUS,REAR_DELT,ROTATOR_CUFF,OBLIQUE",CORE,CABLE,CABLE,HYBRID,BRACE,UPPER,TRANSVERSE,BILATERAL,NONE,"ANTI_ROTATION,ROTATOR_CUFF_CONTROL",,ROTATOR_CUFF_SUPPORT,"ANTI_ROTATION_STABILITY,SHOULDER_CARE","SYSTEMIC,NEURAL_HEAVY,LOCAL_MUSCLE,ANTI_ROTATION,OVERHEAD_REPETITION","SHOULDER_OVERHEAD,ANTI_ROTATION",,MODERATE_LOAD,MEDIUM,0.5,0.5,0,0.75,0,0,0,0.75,0.5,0,VOLUME_LOAD,CORE,CORE,NONE,SHOULDER_CARE,NO,YES,SUPPORTIVE,NONE,"ANTI_ROTATION_STABILITY,SHOULDER_DURABILITY",SHOULDER,HIGH,LOW,"ANTI_ROTATION,SHOULDER_CARE,SCAPULAR_STABILITY","FATIGUE,HYPERTROPHY_VOLUME,BADMINTON_TRANSFER,BALANCE",TRAINING_EXERCISE,PROGRAM_SELECTABLE,HIGH,exercise_images/local_downloads/face_pull.png,YES,,NO,NO
gymnastic_ring_inverted_row,짐내스틱 링 인버티드 로우,근력운동,광배근/능형근,후면삼각근/이두근/코어,"바 또는 링, 횟수",바 아래에 몸을 두고 가슴을 바 쪽으로 당긴다. 몸을 곧게 유지해 등과 견갑 제어를 함께 훈련한다.,75,row,로우,PRIMARY,1,HORIZONTAL_PULL,STRENGTH,"CHEST,LAT,BACK,RHOMBOID,REAR_DELT,SCAPULAR_STABILIZERS,BICEPS,CORE",DEEP_CORE,GYMNASTIC_RINGS,GYMNASTIC_RINGS,COMPOUND,PULL,UPPER,TRANSVERSE,BILATERAL,NONE,"CORE_STABILITY,ANTI_ROTATION,SCAPULAR_STABILITY",,"TRUNK_CONTROL_SUPPORT,SHOULDER_STABILITY_SUPPORT",GENERAL_STRENGTH_SUPPORTIVE,"SYSTEMIC,NEURAL_HEAVY,LOCAL_MUSCLE,OVERHEAD_REPETITION","UPPER_PULL,SHOULDER_OVERHEAD","SHOULDER_ACCESSORY,ARM_ACCESSORY,CHEST_ACCESSORY,BACK_ACCESSORY,HYPERTROPHY_ACCESSORY",MODERATE_LOAD,MEDIUM,0.5,0.5,0,0.5,0,0,0,0,0.5,0,VOLUME_LOAD,HORIZONTAL_PULL_COMPOUND,CHEST,ROW,SHOULDER_CARE,NO,YES,GENERAL,NONE,NONE,ELBOW,HIGH,MODERATE,"UPPER_PULL,SCAPULAR_STABILITY",FATIGUE|STRENGTH_PROGRESS|HYPERTROPHY_VOLUME|BALANCE,EXERCISE,PROGRAM_SELECTABLE,HIGH,,YES,,NO,NO
half_kneeling_single_arm_dumbbell_press,하프 닐링 원암 덤벨 프레스,기능성운동,어깨안정성/편측제어/코어,덤벨 또는 케틀벨,무게*횟수,하프 닐링 자세에서 덤벨을 한 팔로 머리 위로 밀어 올리며 골반과 몸통의 회전을 억제한다.,75,하프_닐링_원암_덤벨_프레스,하프 닐링 원암 덤벨 프레스,PRIMARY,1,PUSH_VERTICAL,STABILITY,TRICEPS,"CORE,SCAPULAR_STABILIZERS",DUMBBELL,DUMBBELL,COMPOUND,PUSH,UPPER,SAGITTAL,UNILATERAL,NONE,"CORE_STABILITY,ANTI_ROTATION,TRUNK_CONTROL,HIP_STABILITY,PELVIC_STABILITY,SINGLE_LEG_STABILITY",,HIP_STABILITY_SUPPORT|TRUNK_CONTROL_SUPPORT|SHOULDER_STABILITY_SUPPORT,SHOULDER_CARE,"SYSTEMIC,NEURAL_HEAVY,LOCAL_MUSCLE,OVERHEAD_REPETITION","UPPER_PUSH,SHOULDER_OVERHEAD","SHOULDER_ACCESSORY,ARM_ACCESSORY,HYPERTROPHY_ACCESSORY",SHOULDER_STRESS_LOW,SHORT,0.5,0.5,0,0.5,0,0,0,0,0.5,0,ESTIMATED_1RM,UPPER_PUSH_VERTICAL,SHOULDERS,OVERHEAD_PRESS,SHOULDER_CARE,YES,YES,SUPPORTIVE,NONE,SHOULDER_DURABILITY,"SHOULDER,ELBOW",HIGH,MODERATE,"UPPER_PUSH,UNILATERAL_UPPER,SCAPULAR_STABILITY","FATIGUE,STRENGTH_PROGRESS,BADMINTON_TRANSFER,BALANCE",TRAINING_EXERCISE,PROGRAM_SELECTABLE,HIGH,,YES,,NO,NO
half_kneeling_single_arm_kettlebell_press,하프 닐링 원암 케틀벨 프레스,기능성운동,어깨안정성/편측제어/코어,케틀벨,무게*횟수,하프 닐링 자세에서 케틀벨을 한 팔로 머리 위로 밀어 올리며 케틀벨 무게중심에 대한 손목·어깨·견갑 안정성과 몸통 회전 저항을 훈련한다.,75,vertical_press,수직 프레스,PRIMARY,1.1,PUSH_VERTICAL,STABILITY,TRICEPS,"CORE,SCAPULAR_STABILIZERS,FOREARM",KETTLEBELL,KETTLEBELL,COMPOUND,PUSH,UPPER,SAGITTAL,UNILATERAL,NONE,"CORE_STABILITY,ANTI_ROTATION,TRUNK_CONTROL,SCAPULAR_STABILITY,SINGLE_LEG_STABILITY",,HIP_STABILITY_SUPPORT|TRUNK_CONTROL_SUPPORT|SHOULDER_STABILITY_SUPPORT|GRIP_FOREARM_SUPPORT,"GRIP_FOREARM,SHOULDER_CARE","SYSTEMIC,NEURAL_HEAVY,LOCAL_MUSCLE,OVERHEAD_REPETITION,GRIP_FOREARM","UPPER_PUSH,SHOULDER_OVERHEAD,GRIP_FOREARM","SHOULDER_ACCESSORY,ARM_ACCESSORY,HYPERTROPHY_ACCESSORY",SHOULDER_STRESS_LOW,SHORT,0.5,0.5,0,0.5,0,0,0,0,0.5,0.75,ESTIMATED_1RM,UPPER_PUSH_VERTICAL,SHOULDERS,OVERHEAD_PRESS,GRIP_FOREARM,YES,YES,SUPPORTIVE,NONE,"GRIP_ENDURANCE,SHOULDER_DURABILITY","SHOULDER,ELBOW",HIGH,MODERATE,"UPPER_PUSH,UNILATERAL_UPPER,SCAPULAR_STABILITY","FATIGUE,STRENGTH_PROGRESS,BADMINTON_TRANSFER,BALANCE",TRAINING_EXERCISE,PROGRAM_SELECTABLE,HIGH,,YES,,NO,NO
hip_adduction_machine,힙 어덕션 머신,근력운동,내전근,골반안정근/코어,"머신 또는 케이블, 무게*횟수",다리를 안쪽으로 모아 내전근을 훈련한다. 사이드 런지와 코트 감속에서 필요한 안쪽 허벅지 힘을 보강한다.,60,힙_어덕션,힙 어덕션,PRIMARY,1,BOUND,PLYOMETRIC,"GLUTE_MEDIUS,HIP_ADDUCTOR,CORE",DEEP_CORE,HIP_ADDUCTION_MACHINE,HIP_ADDUCTION_MACHINE,DRILL,DECELERATE,LOWER,FRONTAL,BILATERAL,NONE,"CORE_STABILITY,HIP_STABILITY,PELVIC_STABILITY",,"DECELERATION_SUPPORT,COD_SUPPORT,BADMINTON_SUPPORT_LIGHT,HIP_STABILITY_SUPPORT,TRUNK_CONTROL_SUPPORT",LOWER_BODY_SUPPORTIVE,"SYSTEMIC,NEURAL_HEAVY,NEURAL_SPEED,LOCAL_MUSCLE,DECELERATION,ELASTIC_SSC","BADMINTON_COURT,DECELERATION,ELASTIC_SSC","LEG_ACCESSORY,HYPERTROPHY_ACCESSORY",MODERATE_LOAD,SHORT,0.5,0.5,0.5,0.5,0.75,0.75,0,0,0,0,LOAD_REPS,HIP_ADDUCTION_ACCESSORY,GLUTES,NONE,BADMINTON_SUPPORT,NO,YES,SUPPORTIVE,"JUMP_LANDING,RECOVERY_STEP",FIRST_STEP|CHANGE_OF_DIRECTION,"HIP,ANKLE_ACHILLES",LOW,MODERATE,"HIP_STABILITY,ANKLE_STIFFNESS",HYPERTROPHY_VOLUME|FATIGUE|BADMINTON_SUPPORTIVE,EXERCISE,PROGRAM_SELECTABLE,LOW,,YES,,NO,NO
kettlebell_farmer_carry,케틀벨 파머스 캐리,기능성운동,그립/코어/보행안정성,덤벨 또는 케틀벨,무게*거리 또는 시간,"파머스 캐리: 그립/코어/보행안정성을 목표로 짧고 선명하게 수행한다. 속도보다 착지, 정지, 몸통 안정성을 먼저 확인한다.",60,파머스_캐리,파머스 캐리,PRIMARY,1,CARRY|GAIT,STABILITY,"GRIP,CORE,DEEP_CORE",DEEP_CORE,KETTLEBELL,KETTLEBELL,COMPOUND,CARRY,UPPER,SAGITTAL,BILATERAL,NONE,"CORE_STABILITY,TRUNK_CONTROL,LANDING_STABILITY",,"LANDING_SUPPORT,TRUNK_CONTROL_SUPPORT,GRIP_FOREARM_SUPPORT",CORE_STABILITY_SUPPORTIVE,"SYSTEMIC,NEURAL_HEAVY,LOCAL_MUSCLE,GRIP_FOREARM",GRIP_FOREARM,,MODERATE_LOAD,MEDIUM,0.5,0.5,0,0.5,0,0,0,0,0,0.75,DISTANCE_OR_TIME_LOAD,CARRY_GRIP_CORE_BRACING,FOREARM_GRIP,NONE,GRIP_FOREARM,NO,NO,SUPPORTIVE,NONE,CHANGE_OF_DIRECTION|DEFENSIVE_COVERAGE,WRIST,HIGH,LOW,GRIP_FOREARM,FATIGUE|BADMINTON_SUPPORTIVE,EXERCISE,PROGRAM_SELECTABLE,MEDIUM,,YES,,NO,NO
kettlebell_goblet_squat,케틀벨 고블릿 스쿼트,기능성운동,하체힘/코어/스쿼트패턴,케틀벨 또는 덤벨,무게*횟수,"고블릿 스쿼트: 하체힘/코어/스쿼트패턴을 목표로 짧고 선명하게 수행한다. 속도보다 착지, 정지, 몸통 안정성을 먼저 확인한다.",75,squat,스쿼트,PRIMARY,1,SQUAT,STABILITY,"CORE,DEEP_CORE",DEEP_CORE,KETTLEBELL,KETTLEBELL,COMPOUND,SQUAT,TRUNK,SAGITTAL,BILATERAL,HIGH,"CORE_STABILITY,TRUNK_CONTROL,LANDING_STABILITY",,"LANDING_SUPPORT,TRUNK_CONTROL_SUPPORT",GENERAL_STRENGTH_SUPPORTIVE,"SYSTEMIC,NEURAL_HEAVY,LOCAL_MUSCLE","SYSTEMIC,HEAVY_LOWER,SQUAT_PATTERN","LEG_ACCESSORY,HYPERTROPHY_ACCESSORY",HIGH_AXIAL_LOAD,SHORT,0.75,0.75,0,0.5,0,0,0,0,0,0,VOLUME_LOAD,SQUAT_PATTERN_ACCESSORY,CORE,SQUAT,LOWER_ACCESSORY,NO,YES,GENERAL,NONE,NONE,"HIP,KNEE",MODERATE,MODERATE,"LOWER_PUSH,SQUAT_PATTERN,ANTERIOR_CHAIN",FATIGUE|STRENGTH_PROGRESS|HYPERTROPHY_VOLUME|BALANCE,EXERCISE,PROGRAM_SELECTABLE,MEDIUM,,YES,,NO,NO
kettlebell_halo,케틀벨 헤일로,기능성운동,어깨/회전근개,견갑안정근/전완,"케틀벨, 무게*횟수",케틀벨을 머리 둘레로 천천히 이동하며 견갑과 어깨의 움직임을 제어한다.,60,케틀벨_헤일로,케틀벨 헤일로,PRIMARY,1,ANTI_ROTATION,MOBILITY,"SHOULDER,ROTATOR_CUFF,SCAPULAR_STABILIZERS,FOREARM,OBLIQUE",CORE,KETTLEBELL,KETTLEBELL,HYBRID,BRACE,UPPER,MULTI_PLANAR,BILATERAL,NONE,"ANTI_ROTATION,SCAPULAR_STABILITY,ROTATOR_CUFF_CONTROL",,"SHOULDER_STABILITY_SUPPORT,ROTATOR_CUFF_SUPPORT,GRIP_FOREARM_SUPPORT","ANTI_ROTATION_STABILITY,GRIP_FOREARM,SHOULDER_CARE","SYSTEMIC,NEURAL_HEAVY,LOCAL_MUSCLE,ANTI_ROTATION,OVERHEAD_REPETITION,GRIP_FOREARM","SHOULDER_OVERHEAD,GRIP_FOREARM,ANTI_ROTATION","SHOULDER_ACCESSORY,ARM_ACCESSORY,HYPERTROPHY_ACCESSORY",SHOULDER_STRESS_LOW,MINIMAL,0.5,0.5,0,0.5,0,0,0,0.75,0.5,0.75,NOT_PROGRESS_TARGET,CORE,SHOULDERS,NONE,GRIP_FOREARM,NO,NO,SUPPORTIVE,NONE,"ANTI_ROTATION_STABILITY,GRIP_ENDURANCE,SHOULDER_DURABILITY","SHOULDER,WRIST",HIGH,LOW,"ANTI_ROTATION,SHOULDER_CARE,SCAPULAR_STABILITY,GRIP_FOREARM","FATIGUE,BADMINTON_TRANSFER,BALANCE",TRAINING_EXERCISE,PROGRAM_SELECTABLE,HIGH,,YES,,NO,NO
kettlebell_single_leg_rdl,케틀벨 원레그 루마니안 데드리프트,기능성운동,편측제어/힙힌지/균형,덤벨 또는 케틀벨,무게*횟수,앞다리에 대부분의 체중과 부하를 싣고 엉덩이를 뒤로 보내며 힙힌지한다. 반대쪽 발은 균형을 위해 뒤에 가볍게 접지할 수 있으며 앞다리의 햄스트링·둔근과 골반·몸통 안정성을 훈련한다.,90,deadlift,deadlift,PRIMARY,1,HINGE,STRENGTH,"HAMSTRING,GLUTE","ERECTOR_SPINAE,CORE",KETTLEBELL,KETTLEBELL,COMPOUND,HINGE,LOWER,SAGITTAL,UNILATERAL,MODERATE,"ANTI_ROTATION,TRUNK_CONTROL,HIP_STABILITY,PELVIC_STABILITY,SINGLE_LEG_STABILITY",,HIP_STABILITY_SUPPORT|TRUNK_CONTROL_SUPPORT|POSTERIOR_CHAIN_CAPACITY,LOWER_BODY_SUPPORTIVE,"SYSTEMIC,NEURAL_HEAVY,LOCAL_MUSCLE","SYSTEMIC,HEAVY_LOWER,HINGE","LEG_ACCESSORY,POSTERIOR_CHAIN_ACCESSORY,HYPERTROPHY_ACCESSORY",SINGLE_LEG_BALANCE_DEMAND,MEDIUM,0.75,0.75,0,0.5,0,0,0,0,0,0,VOLUME_LOAD,SINGLE_LEG_HINGE_STABILITY,POSTERIOR_CHAIN,DEADLIFT,POSTERIOR_CHAIN_ACCESSORY,NO,YES,SUPPORTIVE,NONE,FIRST_STEP|CHANGE_OF_DIRECTION,"LOW_BACK,HIP",HIGH,MODERATE,"LOWER_PULL,HINGE,POSTERIOR_CHAIN,UNILATERAL_LOWER,HIP_STABILITY",FATIGUE|STRENGTH_PROGRESS|HYPERTROPHY_VOLUME|BALANCE|BADMINTON_SUPPORTIVE,EXERCISE,PROGRAM_SELECTABLE,MEDIUM,exercise_images/local_downloads/single_leg_rdl.png,YES,,NO,NO
landmine_anti_rotation,랜드마인 안티로테이션,기능성운동,복사근/심부코어,둔근/어깨/전완,"랜드마인, 무게*횟수",랜드마인을 몸 앞에서 이동시키며 골반과 몸통이 불필요하게 회전하지 않도록 버틴다.,60,랜드마인_안티로테이션,랜드마인 안티로테이션,PRIMARY,1,ANTI_ROTATION,STABILITY,"SHOULDER,FOREARM,GLUTE,CORE,DEEP_CORE,OBLIQUE",DEEP_CORE,LANDMINE,LANDMINE,HYBRID,BRACE,WHOLE_BODY,TRANSVERSE,BILATERAL,NONE,"CORE_STABILITY,ANTI_ROTATION,TRUNK_CONTROL,HIP_STABILITY,PELVIC_STABILITY",,"HIP_STABILITY_SUPPORT,TRUNK_CONTROL_SUPPORT,SHOULDER_STABILITY_SUPPORT,GRIP_FOREARM_SUPPORT","ANTI_ROTATION_STABILITY,GRIP_FOREARM,SHOULDER_CARE","SYSTEMIC,NEURAL_HEAVY,LOCAL_MUSCLE,ANTI_ROTATION,OVERHEAD_REPETITION,GRIP_FOREARM","SHOULDER_OVERHEAD,GRIP_FOREARM,ANTI_ROTATION","SHOULDER_ACCESSORY,ARM_ACCESSORY,POSTERIOR_CHAIN_ACCESSORY,HYPERTROPHY_ACCESSORY",SHOULDER_STRESS_LOW,SHORT,0.5,0.5,0,0.5,0,0,0,0.75,0.5,0.75,QUALITY_BASED,CORE,SHOULDERS,NONE,GRIP_FOREARM,NO,NO,SUPPORTIVE,NONE,"ANTI_ROTATION_STABILITY,GRIP_ENDURANCE,SHOULDER_DURABILITY","SHOULDER,WRIST,HIP",HIGH,LOW,"ANTI_ROTATION,SHOULDER_CARE,GRIP_FOREARM,HIP_STABILITY","FATIGUE,BADMINTON_TRANSFER,BALANCE",TRAINING_EXERCISE,PROGRAM_SELECTABLE,HIGH,,YES,,NO,NO
landmine_rotation,랜드마인 좌우 회전,기능성운동,복사근/코어,둔근/어깨/전완,"랜드마인, 무게*횟수",랜드마인 끝을 양손으로 잡고 머리 앞의 호를 따라 좌우로 이동하며 골반·몸통 회전과 어깨 안정성을 함께 제어한다.,60,랜드마인_좌우_회전,랜드마인 좌우 회전,PRIMARY,1,ROTATION,POWER,"CORE,GLUTE","SHOULDER,FOREARM",LANDMINE,LANDMINE,HYBRID,ROTATE,WHOLE_BODY,TRANSVERSE,BILATERAL,NONE,"CORE_STABILITY,ANTI_ROTATION,TRUNK_CONTROL,HIP_STABILITY,PELVIC_STABILITY",,HIP_STABILITY_SUPPORT|TRUNK_CONTROL_SUPPORT|SHOULDER_STABILITY_SUPPORT|GRIP_FOREARM_SUPPORT,"ROTATION_POWER,GRIP_FOREARM,SHOULDER_CARE","SYSTEMIC,NEURAL_HEAVY,LOCAL_MUSCLE,ROTATION_POWER,OVERHEAD_REPETITION,GRIP_FOREARM","SHOULDER_OVERHEAD,GRIP_FOREARM,ROTATION_POWER","SHOULDER_ACCESSORY,ARM_ACCESSORY,POSTERIOR_CHAIN_ACCESSORY,HYPERTROPHY_ACCESSORY",SHOULDER_STRESS_LOW,SHORT,0.5,0.5,0,0.5,0,0,0.75,0,0.5,0.75,QUALITY_BASED,CORE,GLUTES,NONE,GRIP_FOREARM,NO,NO,SUPPORTIVE,NONE,"ROTATION_SEQUENCING,GRIP_ENDURANCE,SHOULDER_DURABILITY",HIP,MODERATE,MODERATE,"ROTATION,HIP_STABILITY","FATIGUE,BADMINTON_TRANSFER,BALANCE",TRAINING_EXERCISE,PROGRAM_SELECTABLE,HIGH,,YES,,NO,NO
lateral_bound_continuous,래터럴 바운드,기능성운동,측면파워/감속/방향전환,맨몸,횟수 또는 시간,"좌우로 연속 바운드하며 착지 직후 다음 반동으로 연결한다. 측면 파워, 반복 리듬과 연속적인 신장-단축 주기를 훈련한다.",60,래터럴_바운드,래터럴 바운드,PRIMARY,1,JUMP,PLYOMETRIC,"GLUTE,QUADRICEPS,CALF",CORE,BODYWEIGHT,BODYWEIGHT,COMPOUND,LAND,LOWER,FRONTAL,BILATERAL,NONE,LANDING_STABILITY,LATERAL_MOVEMENT|CHANGE_OF_DIRECTION,ANKLE_SSC_SUPPORT|HIP_STABILITY_SUPPORT|COD_SUPPORT,JUMP_LANDING,"SYSTEMIC,NEURAL_HEAVY,NEURAL_SPEED,LOCAL_MUSCLE,ELASTIC_SSC","BADMINTON_COURT,ELASTIC_SSC",,PLYOMETRIC_JUMP,LONG,0.5,0.5,0.5,0.5,0,0.75,0,0,0,0,QUALITY_BASED,NONE,QUADS,NONE,BADMINTON_SUPPORT,NO,NO,DIRECT,"JUMP_LANDING,RECOVERY_STEP",JUMP_LANDING_CONTROL,"HIP,KNEE,ANKLE_ACHILLES",HIGH,LOW,"CALF_ACHILLES,HIP_STABILITY,KNEE_CONTROL,ANKLE_STIFFNESS","FATIGUE,BADMINTON_TRANSFER,BALANCE",TRAINING_EXERCISE,PROGRAM_SELECTABLE,HIGH,,YES,,NO,NO
med_ball_chest_pass,메디신볼 체스트 패스,기능성운동,가슴/삼두근,어깨/코어,"메디신볼, 무게*횟수",가슴 앞의 메디신볼을 몸통 고정과 함께 전방으로 빠르게 밀어 던진다.,75,bench_press,bench press,PRIMARY,1,PUSH_HORIZONTAL,POWER,"CHEST,SHOULDER,TRICEPS,CORE",DEEP_CORE,MEDICINE_BALL,MEDICINE_BALL,COMPOUND,PUSH,UPPER,MULTI_PLANAR,BILATERAL,NONE,"CORE_STABILITY,ANTI_ROTATION,TRUNK_CONTROL",,"TRUNK_CONTROL_SUPPORT,SHOULDER_STABILITY_SUPPORT",SHOULDER_CARE,"SYSTEMIC,NEURAL_HEAVY,LOCAL_MUSCLE,OVERHEAD_REPETITION","UPPER_PUSH,SHOULDER_OVERHEAD","SHOULDER_ACCESSORY,ARM_ACCESSORY,TRICEPS_ISOLATION,CHEST_ACCESSORY,HYPERTROPHY_ACCESSORY",SHOULDER_STRESS_LOW,SHORT,0.5,0.5,0,0.5,0,0,0,0,0.5,0,QUALITY_BASED,UPPER_PUSH_HORIZONTAL,CHEST,BENCH_PRESS,SHOULDER_CARE,NO,NO,SUPPORTIVE,NONE,SHOULDER_DURABILITY,"SHOULDER,ELBOW",LOW,LOW,"UPPER_PUSH,SHOULDER_CARE","FATIGUE,BADMINTON_TRANSFER,BALANCE",TRAINING_EXERCISE,PROGRAM_SELECTABLE,HIGH,,YES,,NO,NO
med_ball_overhead_slam,메디신볼 위에서 아래로 슬램,기능성운동,복사근/코어,둔근/어깨/전완,"메디신볼, 무게*횟수",메디신볼을 머리 위로 올린 뒤 몸통과 고관절을 함께 사용해 바닥으로 빠르게 내리친다.,60,메디신볼_위에서_아래로_슬램,메디신볼 위에서 아래로 슬램,PRIMARY,1,ANTI_ROTATION,POWER,"CORE,LAT,TRICEPS","GLUTE,SHOULDER",MEDICINE_BALL,MEDICINE_BALL,HYBRID,BRACE,WHOLE_BODY,SAGITTAL,BILATERAL,NONE,"CORE_STABILITY,ANTI_ROTATION,TRUNK_CONTROL,HIP_STABILITY",,TRUNK_CONTROL_SUPPORT|SHOULDER_STABILITY_SUPPORT|GRIP_FOREARM_SUPPORT,"ANTI_ROTATION_STABILITY,GRIP_FOREARM,SHOULDER_CARE","SYSTEMIC,NEURAL_HEAVY,LOCAL_MUSCLE,ANTI_ROTATION,OVERHEAD_REPETITION,GRIP_FOREARM","SHOULDER_OVERHEAD,GRIP_FOREARM,ANTI_ROTATION","SHOULDER_ACCESSORY,ARM_ACCESSORY,POSTERIOR_CHAIN_ACCESSORY,HYPERTROPHY_ACCESSORY",SHOULDER_STRESS_LOW,SHORT,0.5,0.5,0,0.5,0,0,0,0.75,0.5,0.75,QUALITY_BASED,CORE,BACK,NONE,GRIP_FOREARM,NO,NO,SUPPORTIVE,NONE,"ANTI_ROTATION_STABILITY,GRIP_ENDURANCE,SHOULDER_DURABILITY",ELBOW,HIGH,LOW,ANTI_ROTATION,"FATIGUE,BADMINTON_TRANSFER,BALANCE",TRAINING_EXERCISE,PROGRAM_SELECTABLE,HIGH,,YES,,NO,NO
med_ball_rotational_scoop_toss,메디신볼 로테이셔널 스쿱 토스,기능성운동,복사근/코어,둔근/어깨/전완,"메디신볼, 무게*횟수",낮은 위치에서 골반과 몸통을 연결해 회전하며 메디신볼을 스쿱 동작으로 던진다.,75,메디신볼_로테이셔널_스쿱_토스,메디신볼 로테이셔널 스쿱 토스,PRIMARY,1,ROTATION,POWER,"SHOULDER,FOREARM,GLUTE,CORE,OBLIQUE",DEEP_CORE,MEDICINE_BALL,MEDICINE_BALL,HYBRID,ROTATE,WHOLE_BODY,TRANSVERSE,UNILATERAL,NONE,"CORE_STABILITY,ANTI_ROTATION,TRUNK_CONTROL,HIP_STABILITY,PELVIC_STABILITY",,"HIP_STABILITY_SUPPORT,TRUNK_CONTROL_SUPPORT,SHOULDER_STABILITY_SUPPORT,GRIP_FOREARM_SUPPORT","ROTATION_POWER,GRIP_FOREARM,SHOULDER_CARE","SYSTEMIC,NEURAL_HEAVY,LOCAL_MUSCLE,ROTATION_POWER,OVERHEAD_REPETITION,GRIP_FOREARM","SHOULDER_OVERHEAD,GRIP_FOREARM,ROTATION_POWER","SHOULDER_ACCESSORY,ARM_ACCESSORY,POSTERIOR_CHAIN_ACCESSORY,HYPERTROPHY_ACCESSORY",SHOULDER_STRESS_LOW,SHORT,0.5,0.5,0,0.5,0,0,0.75,0,0.5,0.75,QUALITY_BASED,CORE,SHOULDERS,NONE,GRIP_FOREARM,NO,NO,SUPPORTIVE,NONE,"ROTATION_SEQUENCING,GRIP_ENDURANCE,SHOULDER_DURABILITY","SHOULDER,WRIST,HIP",HIGH,MODERATE,"ROTATION,UNILATERAL_LOWER,SHOULDER_CARE,GRIP_FOREARM,HIP_STABILITY","FATIGUE,BADMINTON_TRANSFER,BALANCE",TRAINING_EXERCISE,PROGRAM_SELECTABLE,HIGH,,YES,,NO,NO
med_ball_rotational_slam,메디신볼 회전 아래로 슬램,기능성운동,복사근/코어,둔근/어깨/전완,"메디신볼, 무게*횟수",골반과 몸통을 회전시키며 메디신볼을 반대쪽 대각선 아래 바닥으로 강하게 내리친다.,60,메디신볼_회전_아래로_슬램,메디신볼 회전 아래로 슬램,PRIMARY,1,ROTATION,POWER,"CORE,GLUTE","SHOULDER,LAT,FOREARM",MEDICINE_BALL,MEDICINE_BALL,HYBRID,ROTATE,WHOLE_BODY,MULTI_PLANAR,UNILATERAL,NONE,"CORE_STABILITY,ANTI_ROTATION,TRUNK_CONTROL,HIP_STABILITY,PELVIC_STABILITY",,COD_SUPPORT|HIP_STABILITY_SUPPORT|TRUNK_CONTROL_SUPPORT|SHOULDER_STABILITY_SUPPORT|GRIP_FOREARM_SUPPORT,"ROTATION_POWER,GRIP_FOREARM,SHOULDER_CARE","SYSTEMIC,NEURAL_HEAVY,LOCAL_MUSCLE,ROTATION_POWER,OVERHEAD_REPETITION,GRIP_FOREARM","SHOULDER_OVERHEAD,GRIP_FOREARM,ROTATION_POWER","SHOULDER_ACCESSORY,ARM_ACCESSORY,POSTERIOR_CHAIN_ACCESSORY,HYPERTROPHY_ACCESSORY",SHOULDER_STRESS_LOW,SHORT,0.5,0.5,0,0.5,0,0,0.75,0,0.5,0.75,QUALITY_BASED,CORE,GLUTES,NONE,GRIP_FOREARM,NO,NO,SUPPORTIVE,NONE,"ROTATION_SEQUENCING,GRIP_ENDURANCE,SHOULDER_DURABILITY",HIP,HIGH,MODERATE,"ROTATION,UNILATERAL_LOWER,HIP_STABILITY","FATIGUE,BADMINTON_TRANSFER,BALANCE",TRAINING_EXERCISE,PROGRAM_SELECTABLE,HIGH,,YES,,NO,NO
medicine_ball_rotational_throw,메디신볼 회전 옆으로 던지기,기능성운동,복사근/코어,둔근/어깨/전완,"메디신볼, 무게*횟수",몸통과 골반을 순서대로 회전하며 메디신볼을 옆쪽 벽이나 파트너 방향으로 던진다.,60,메디신볼_회전_옆으로_던지기,메디신볼 회전 옆으로 던지기,PRIMARY,1,ROTATION,POWER,"CORE,GLUTE","SHOULDER,FOREARM",MEDICINE_BALL,MEDICINE_BALL,HYBRID,ROTATE,WHOLE_BODY,TRANSVERSE,UNILATERAL,NONE,"CORE_STABILITY,ANTI_ROTATION,TRUNK_CONTROL,HIP_STABILITY,PELVIC_STABILITY",,COD_SUPPORT|HIP_STABILITY_SUPPORT|TRUNK_CONTROL_SUPPORT|SHOULDER_STABILITY_SUPPORT|GRIP_FOREARM_SUPPORT,"ROTATION_POWER,GRIP_FOREARM,SHOULDER_CARE","SYSTEMIC,NEURAL_HEAVY,LOCAL_MUSCLE,ROTATION_POWER,OVERHEAD_REPETITION,GRIP_FOREARM","SHOULDER_OVERHEAD,GRIP_FOREARM,ROTATION_POWER","SHOULDER_ACCESSORY,ARM_ACCESSORY,POSTERIOR_CHAIN_ACCESSORY,HYPERTROPHY_ACCESSORY",SHOULDER_STRESS_LOW,SHORT,0.5,0.5,0,0.5,0,0,0.75,0,0.5,0.75,QUALITY_BASED,CORE,GLUTES,NONE,GRIP_FOREARM,NO,NO,SUPPORTIVE,NONE,"ROTATION_SEQUENCING,GRIP_ENDURANCE,SHOULDER_DURABILITY",HIP,HIGH,MODERATE,"ROTATION,UNILATERAL_LOWER,HIP_STABILITY","FATIGUE,BADMINTON_TRANSFER,BALANCE",TRAINING_EXERCISE,PROGRAM_SELECTABLE,HIGH,,YES,,NO,NO
medicine_ball_three_step_acceleration_throw,메디신볼 3스텝 가속 던지기,기능성운동,가속/하체파워/코어,둔근/어깨/전완,"메디신볼, 무게*횟수",짧은 3스텝 가속 후 메디신볼을 전방으로 던져 첫 스텝 추진과 하체-몸통 힘 전달을 훈련한다.,75,메디신볼_3스텝_가속_던지기,메디신볼 3스텝 가속 던지기,PRIMARY,1,ROTATION,POWER,"SHOULDER,FOREARM,GLUTE,CORE",DEEP_CORE,MEDICINE_BALL,MEDICINE_BALL,HYBRID,ROTATE,WHOLE_BODY,MULTI_PLANAR,UNILATERAL,NONE,"CORE_STABILITY,ANTI_ROTATION,TRUNK_CONTROL,HIP_STABILITY",,"HIP_STABILITY_SUPPORT,TRUNK_CONTROL_SUPPORT,SHOULDER_STABILITY_SUPPORT,GRIP_FOREARM_SUPPORT","ACCELERATION,ROTATION_POWER,GRIP_FOREARM,SHOULDER_CARE","SYSTEMIC,NEURAL_HEAVY,LOCAL_MUSCLE,ROTATION_POWER,OVERHEAD_REPETITION,GRIP_FOREARM","SHOULDER_OVERHEAD,GRIP_FOREARM,ROTATION_POWER","SHOULDER_ACCESSORY,ARM_ACCESSORY,POSTERIOR_CHAIN_ACCESSORY,HYPERTROPHY_ACCESSORY",SHOULDER_STRESS_LOW,SHORT,0.5,0.5,0,0.5,0,0,0.75,0,0.5,0.75,QUALITY_BASED,CORE,SHOULDERS,NONE,GRIP_FOREARM,NO,NO,SUPPORTIVE,NONE,"ROTATION_SEQUENCING,GRIP_ENDURANCE,SHOULDER_DURABILITY","SHOULDER,WRIST,HIP",HIGH,MODERATE,"ROTATION,UNILATERAL_LOWER,SHOULDER_CARE,GRIP_FOREARM,HIP_STABILITY","FATIGUE,BADMINTON_TRANSFER,BALANCE",TRAINING_EXERCISE,PROGRAM_SELECTABLE,HIGH,,YES,,NO,NO
medicine_ball_three_step_deceleration_throw,메디신볼 3스텝 감속 던지기,기능성운동,감속/하체제어/코어,둔근/어깨/전완,"메디신볼, 무게*횟수",짧은 접근 후 감속하며 메디신볼을 던져 제동 제어와 움직임에서 힘 전달로 전환하는 능력을 훈련한다.,75,메디신볼_3스텝_감속_던지기,메디신볼 3스텝 감속 던지기,PRIMARY,1,ROTATION,POWER,"SHOULDER,FOREARM,GLUTE,CORE",DEEP_CORE,MEDICINE_BALL,MEDICINE_BALL,HYBRID,ROTATE,WHOLE_BODY,MULTI_PLANAR,UNILATERAL,NONE,"CORE_STABILITY,ANTI_ROTATION,HIP_STABILITY",,"DECELERATION_SUPPORT,HIP_STABILITY_SUPPORT,TRUNK_CONTROL_SUPPORT,SHOULDER_STABILITY_SUPPORT,GRIP_FOREARM_SUPPORT","DECELERATION,ROTATION_POWER,GRIP_FOREARM,SHOULDER_CARE","SYSTEMIC,NEURAL_HEAVY,NEURAL_SPEED,LOCAL_MUSCLE,DECELERATION,ROTATION_POWER,OVERHEAD_REPETITION,GRIP_FOREARM","SHOULDER_OVERHEAD,GRIP_FOREARM,BADMINTON_COURT,DECELERATION,ROTATION_POWER","SHOULDER_ACCESSORY,ARM_ACCESSORY,POSTERIOR_CHAIN_ACCESSORY,HYPERTROPHY_ACCESSORY",SHOULDER_STRESS_LOW,LONG,0.5,0.5,0.5,0.5,0.75,0,0.75,0,0.5,0.75,QUALITY_BASED,CORE,SHOULDERS,NONE,GRIP_FOREARM,NO,NO,DIRECT,"DECELERATION,RECOVERY_STEP","DECELERATION_CONTROL,ROTATION_SEQUENCING,GRIP_ENDURANCE,SHOULDER_DURABILITY","SHOULDER,WRIST,HIP",HIGH,MODERATE,"ROTATION,UNILATERAL_LOWER,SHOULDER_CARE,GRIP_FOREARM,HIP_STABILITY","FATIGUE,BADMINTON_TRANSFER,BALANCE",TRAINING_EXERCISE,PROGRAM_SELECTABLE,HIGH,,YES,,NO,NO
one_arm_gymnastic_ring_row,짐내스틱 링 원암 로우,근력운동,광배근/능형근,후면삼각근/이두근/코어,"바 또는 링, 한팔 횟수",몸을 비스듬히 세운 상태에서 한 팔 중심으로 당긴다. 견갑 안정성과 좌우 당기는 힘을 스포츠 전이형으로 보강한다.,75,row,로우,PRIMARY,1.12,HORIZONTAL_PULL,STRENGTH,"LAT,RHOMBOID,REAR_DELT,SCAPULAR_STABILIZERS,BICEPS,CORE,DEEP_CORE",DEEP_CORE,GYMNASTIC_RINGS,GYMNASTIC_RINGS,COMPOUND,PULL,UPPER,TRANSVERSE,UNILATERAL,NONE,"CORE_STABILITY,ANTI_ROTATION,SCAPULAR_STABILITY",,"TRUNK_CONTROL_SUPPORT,SHOULDER_STABILITY_SUPPORT",GENERAL_STRENGTH_SUPPORTIVE,"SYSTEMIC,NEURAL_HEAVY,LOCAL_MUSCLE,OVERHEAD_REPETITION","UPPER_PULL,SHOULDER_OVERHEAD","SHOULDER_ACCESSORY,ARM_ACCESSORY,BACK_ACCESSORY,HYPERTROPHY_ACCESSORY",MODERATE_LOAD,MEDIUM,0.5,0.5,0,0.5,0,0,0,0,0.5,0,VOLUME_LOAD,HORIZONTAL_PULL_COMPOUND,BACK,ROW,SHOULDER_CARE,NO,YES,GENERAL,NONE,NONE,ELBOW,HIGH,MODERATE,"UPPER_PULL,UNILATERAL_UPPER,SCAPULAR_STABILITY",FATIGUE|STRENGTH_PROGRESS|HYPERTROPHY_VOLUME|BALANCE,EXERCISE,PROGRAM_SELECTABLE,HIGH,,YES,,NO,NO
one_arm_suspension_trainer_row,서스펜션 트레이너 원암 로우,근력운동,광배근/능형근,후면삼각근/이두근/코어,"바 또는 링, 한팔 횟수",몸을 비스듬히 세운 상태에서 한 팔 중심으로 당긴다. 견갑 안정성과 좌우 당기는 힘을 스포츠 전이형으로 보강한다.,75,row,로우,PRIMARY,1.12,HORIZONTAL_PULL,STRENGTH,"LAT,RHOMBOID,REAR_DELT,SCAPULAR_STABILIZERS,BICEPS,CORE,DEEP_CORE",DEEP_CORE,SUSPENSION_TRAINER,SUSPENSION_TRAINER,COMPOUND,PULL,UPPER,TRANSVERSE,UNILATERAL,NONE,"CORE_STABILITY,ANTI_ROTATION,SCAPULAR_STABILITY",,"TRUNK_CONTROL_SUPPORT,SHOULDER_STABILITY_SUPPORT",GENERAL_STRENGTH_SUPPORTIVE,"SYSTEMIC,NEURAL_HEAVY,LOCAL_MUSCLE,OVERHEAD_REPETITION","UPPER_PULL,SHOULDER_OVERHEAD","SHOULDER_ACCESSORY,ARM_ACCESSORY,BACK_ACCESSORY,HYPERTROPHY_ACCESSORY",MODERATE_LOAD,MEDIUM,0.5,0.5,0,0.5,0,0,0,0,0.5,0,VOLUME_LOAD,HORIZONTAL_PULL_COMPOUND,BACK,ROW,SHOULDER_CARE,NO,YES,GENERAL,NONE,NONE,ELBOW,HIGH,MODERATE,"UPPER_PULL,UNILATERAL_UPPER,SCAPULAR_STABILITY",FATIGUE|STRENGTH_PROGRESS|HYPERTROPHY_VOLUME|BALANCE,EXERCISE,PROGRAM_SELECTABLE,HIGH,,YES,,NO,NO
plate_rotational_press_out,플레이트 로테이셔널 프레스아웃,기능성운동,복사근/심부코어,둔근/어깨/전완,"플레이트, 무게*횟수",플레이트를 몸 앞에서 밀어내며 천천히 회전하고 몸통의 흔들림을 제어한다.,60,플레이트_로테이셔널_프레스아웃,플레이트 로테이셔널 프레스아웃,PRIMARY,1,ANTI_ROTATION,STABILITY,"SHOULDER,FOREARM,GLUTE,CORE,DEEP_CORE,OBLIQUE",DEEP_CORE,WEIGHT_PLATE,WEIGHT_PLATE,HYBRID,BRACE,WHOLE_BODY,TRANSVERSE,UNILATERAL,NONE,"CORE_STABILITY,ANTI_ROTATION,TRUNK_CONTROL,HIP_STABILITY",,"HIP_STABILITY_SUPPORT,TRUNK_CONTROL_SUPPORT,SHOULDER_STABILITY_SUPPORT,GRIP_FOREARM_SUPPORT","ANTI_ROTATION_STABILITY,GRIP_FOREARM,SHOULDER_CARE","SYSTEMIC,NEURAL_HEAVY,LOCAL_MUSCLE,ANTI_ROTATION,OVERHEAD_REPETITION,GRIP_FOREARM","SHOULDER_OVERHEAD,GRIP_FOREARM,ANTI_ROTATION","SHOULDER_ACCESSORY,ARM_ACCESSORY,POSTERIOR_CHAIN_ACCESSORY,HYPERTROPHY_ACCESSORY",SHOULDER_STRESS_LOW,SHORT,0.5,0.5,0,0.5,0,0,0,0.75,0.5,0.75,QUALITY_BASED,CORE,SHOULDERS,NONE,GRIP_FOREARM,NO,NO,SUPPORTIVE,NONE,"ANTI_ROTATION_STABILITY,GRIP_ENDURANCE,SHOULDER_DURABILITY","SHOULDER,WRIST,HIP",HIGH,LOW,"ANTI_ROTATION,UNILATERAL_LOWER,SHOULDER_CARE,GRIP_FOREARM,HIP_STABILITY","FATIGUE,BADMINTON_TRANSFER,BALANCE",TRAINING_EXERCISE,PROGRAM_SELECTABLE,HIGH,,YES,,NO,NO
pull_up,풀업,근력운동,광배근,이두근/코어,"맨몸, 횟수","풀업: 자세와 관절 정렬을 유지한 채 반복한다. 주동근은 광배근이고, 이두근/코어이 흔들리지 않게 보조한다.",90,weighted_pullup,중량 풀업,PRIMARY,1,PULL_HORIZONTAL,STRENGTH,"LAT,BICEPS,CORE",DEEP_CORE,BODYWEIGHT,BODYWEIGHT,COMPOUND,PULL,UPPER,FRONTAL,BILATERAL,NONE,"CORE_STABILITY,ANTI_ROTATION",,TRUNK_CONTROL_SUPPORT,NONE,"SYSTEMIC,NEURAL_HEAVY,LOCAL_MUSCLE",UPPER_PULL,"ARM_ACCESSORY,BACK_ACCESSORY,HYPERTROPHY_ACCESSORY",MODERATE_LOAD,SHORT,0.5,0.5,0,0.5,0,0,0,0,0,0,ESTIMATED_1RM,UPPER_PULL_HORIZONTAL,BACK,ROW,UPPER_PULL_ACCESSORY,YES,YES,NONE,NONE,NONE,ELBOW,LOW,LOW,"UPPER_PULL,SCAPULAR_STABILITY","FATIGUE,STRENGTH_PROGRESS,BALANCE",TRAINING_EXERCISE,PROGRAM_SELECTABLE,HIGH,exercise_images/local_downloads/pull_up.png,YES,,NO,NO
single_leg_hip_bridge,원레그 힙 브릿지,근력운동,둔근,햄스트링/코어/골반안정근,"맨몸, 한발 횟수",한쪽 발로 지면을 밀어 엉덩이를 들어 올린다. 등은 바닥 또는 벤치에 지지할 수 있으며 편측 둔근 수축과 골반 안정성을 훈련한다.,60,원레그_힙_브릿지,원레그 힙 브릿지,PRIMARY,1,HINGE,STABILITY,GLUTE,"HAMSTRING,CORE","BODYWEIGHT,BENCH","BODYWEIGHT,BENCH",COMPOUND,HINGE,LOWER,SAGITTAL,UNILATERAL,MODERATE,"CORE_STABILITY,ANTI_ROTATION,HIP_STABILITY,PELVIC_STABILITY,SINGLE_LEG_STABILITY",,HIP_STABILITY_SUPPORT|TRUNK_CONTROL_SUPPORT,NONE,"SYSTEMIC,NEURAL_HEAVY,LOCAL_MUSCLE","SYSTEMIC,HEAVY_LOWER,HINGE","BACK_ACCESSORY,LEG_ACCESSORY,POSTERIOR_CHAIN_ACCESSORY,HYPERTROPHY_ACCESSORY",SINGLE_LEG_BALANCE_DEMAND,VERY_LONG,0.75,0.75,0,0.5,0,0,0,0,0,0,ESTIMATED_1RM,HINGE,POSTERIOR_CHAIN,DEADLIFT,POSTERIOR_CHAIN_ACCESSORY,YES,YES,NONE,NONE,NONE,"LOW_BACK,HIP",HIGH,LOW,"LOWER_PULL,HINGE,POSTERIOR_CHAIN,UNILATERAL_LOWER,HIP_STABILITY","FATIGUE,STRENGTH_PROGRESS,BALANCE",TRAINING_EXERCISE,PROGRAM_SELECTABLE,HIGH,,YES,,NO,NO
single_leg_rdl,원레그 루마니안 데드리프트,기능성운동,편측제어/힙힌지/균형,덤벨 또는 케틀벨,무게*횟수,앞다리에 대부분의 체중과 부하를 싣고 엉덩이를 뒤로 보내며 힙힌지한다. 반대쪽 발은 균형을 위해 뒤에 가볍게 접지할 수 있으며 앞다리의 햄스트링·둔근과 골반·몸통 안정성을 훈련한다.,90,deadlift,deadlift,PRIMARY,1,HINGE,STRENGTH,"HAMSTRING,GLUTE","ERECTOR_SPINAE,CORE","BARBELL,DUMBBELL,KETTLEBELL","BARBELL,DUMBBELL,KETTLEBELL",COMPOUND,HINGE,LOWER,SAGITTAL,UNILATERAL,MODERATE,"ANTI_ROTATION,TRUNK_CONTROL,HIP_STABILITY,PELVIC_STABILITY,SINGLE_LEG_STABILITY",,HIP_STABILITY_SUPPORT|TRUNK_CONTROL_SUPPORT|POSTERIOR_CHAIN_CAPACITY,NONE,"SYSTEMIC,NEURAL_HEAVY,LOCAL_MUSCLE","SYSTEMIC,HEAVY_LOWER,HINGE","LEG_ACCESSORY,POSTERIOR_CHAIN_ACCESSORY,HYPERTROPHY_ACCESSORY",SINGLE_LEG_BALANCE_DEMAND,VERY_LONG,0.75,0.75,0,0.5,0,0,0,0,0,0,ESTIMATED_1RM,HINGE,POSTERIOR_CHAIN,DEADLIFT,POSTERIOR_CHAIN_ACCESSORY,YES,YES,NONE,NONE,NONE,"LOW_BACK,HIP",HIGH,LOW,"LOWER_PULL,HINGE,POSTERIOR_CHAIN,UNILATERAL_LOWER,HIP_STABILITY","FATIGUE,STRENGTH_PROGRESS,BALANCE",TRAINING_EXERCISE,HISTORY_ONLY,HIGH,exercise_images/local_downloads/single_leg_rdl.png,NO,,NO,NO
standing_bodyweight_calf_raise,맨몸 스탠딩 카프 레이즈,근력운동,비복근/종아리,발목안정근,"머신 또는 덤벨, 무게*횟수",무릎을 편 상태에서 뒤꿈치를 들어 올려 종아리를 수축한다. 발목 강성과 점프·착지 보조 능력을 훈련한다.,60,스탠딩_카프_레이즈,스탠딩 카프 레이즈,PRIMARY,1,ISOLATION,HYPERTROPHY,CALF,CORE,,,ISOLATION,BRACE,LOWER,SAGITTAL,BILATERAL,NONE,"KNEE_CONTROL,ANKLE_STABILITY,LANDING_STABILITY",,LANDING_SUPPORT|ANKLE_SSC_SUPPORT,ANKLE_CALF_SSC_SUPPORTIVE,"SYSTEMIC,NEURAL_HEAVY,LOCAL_MUSCLE",SQUAT_PATTERN,"SHOULDER_ACCESSORY,LEG_ACCESSORY,HYPERTROPHY_ACCESSORY",PLYOMETRIC_JUMP,SHORT,0.25,0.25,0,0.75,0,0,0,0,0,0,VOLUME_LOAD,CALF_ACHILLES_ANKLE_STIFFNESS,CALVES,NONE,NONE,NO,YES,SUPPORTIVE,NONE,SPLIT_STEP|FIRST_STEP|CHANGE_OF_DIRECTION,ANKLE_ACHILLES,LOW,MODERATE,CALF_ACHILLES,FATIGUE|HYPERTROPHY_VOLUME|BADMINTON_SUPPORTIVE|BALANCE,EXERCISE,PROGRAM_SELECTABLE,LOW,,YES,,NO,NO
standing_calf_raise_machine,스탠딩 카프 레이즈 머신,근력운동,비복근/종아리,발목안정근,"머신 또는 덤벨, 무게*횟수",무릎을 편 상태에서 뒤꿈치를 들어 올려 종아리를 수축한다. 발목 강성과 점프·착지 보조 능력을 훈련한다.,60,스탠딩_카프_레이즈,스탠딩 카프 레이즈,PRIMARY,1,ISOLATION,HYPERTROPHY,CALF,CORE,STANDING_CALF_RAISE_MACHINE,STANDING_CALF_RAISE_MACHINE,ISOLATION,BRACE,LOWER,SAGITTAL,BILATERAL,NONE,"KNEE_CONTROL,ANKLE_STABILITY,LANDING_STABILITY",,LANDING_SUPPORT|ANKLE_SSC_SUPPORT,ANKLE_CALF_SSC_SUPPORTIVE,"SYSTEMIC,NEURAL_HEAVY,LOCAL_MUSCLE",SQUAT_PATTERN,"SHOULDER_ACCESSORY,LEG_ACCESSORY,HYPERTROPHY_ACCESSORY",PLYOMETRIC_JUMP,SHORT,0.25,0.25,0,0.75,0,0,0,0,0,0,VOLUME_LOAD,CALF_ACHILLES_ANKLE_STIFFNESS,CALVES,NONE,NONE,NO,YES,SUPPORTIVE,NONE,SPLIT_STEP|FIRST_STEP|CHANGE_OF_DIRECTION,ANKLE_ACHILLES,LOW,MODERATE,CALF_ACHILLES,FATIGUE|HYPERTROPHY_VOLUME|BADMINTON_SUPPORTIVE|BALANCE,EXERCISE,PROGRAM_SELECTABLE,LOW,,YES,,NO,NO
standing_dumbbell_calf_raise,덤벨 스탠딩 카프 레이즈,근력운동,비복근/종아리,발목안정근,"머신 또는 덤벨, 무게*횟수",무릎을 편 상태에서 뒤꿈치를 들어 올려 종아리를 수축한다. 발목 강성과 점프·착지 보조 능력을 훈련한다.,60,스탠딩_카프_레이즈,스탠딩 카프 레이즈,PRIMARY,1,ISOLATION,HYPERTROPHY,CALF,CORE,DUMBBELL,DUMBBELL,ISOLATION,BRACE,LOWER,SAGITTAL,BILATERAL,NONE,"KNEE_CONTROL,ANKLE_STABILITY,LANDING_STABILITY",,LANDING_SUPPORT|ANKLE_SSC_SUPPORT,ANKLE_CALF_SSC_SUPPORTIVE,"SYSTEMIC,NEURAL_HEAVY,LOCAL_MUSCLE",SQUAT_PATTERN,"SHOULDER_ACCESSORY,LEG_ACCESSORY,HYPERTROPHY_ACCESSORY",PLYOMETRIC_JUMP,SHORT,0.25,0.25,0,0.75,0,0,0,0,0,0,VOLUME_LOAD,CALF_ACHILLES_ANKLE_STIFFNESS,CALVES,NONE,NONE,NO,YES,SUPPORTIVE,NONE,SPLIT_STEP|FIRST_STEP|CHANGE_OF_DIRECTION,ANKLE_ACHILLES,LOW,MODERATE,CALF_ACHILLES,FATIGUE|HYPERTROPHY_VOLUME|BADMINTON_SUPPORTIVE|BALANCE,EXERCISE,PROGRAM_SELECTABLE,LOW,,YES,,NO,NO
suspension_trainer_inverted_row,서스펜션 트레이너 인버티드 로우,근력운동,광배근/능형근,후면삼각근/이두근/코어,"바 또는 링, 횟수",바 아래에 몸을 두고 가슴을 바 쪽으로 당긴다. 몸을 곧게 유지해 등과 견갑 제어를 함께 훈련한다.,75,row,로우,PRIMARY,1,HORIZONTAL_PULL,STRENGTH,"CHEST,LAT,BACK,RHOMBOID,REAR_DELT,SCAPULAR_STABILIZERS,BICEPS,CORE",DEEP_CORE,SUSPENSION_TRAINER,SUSPENSION_TRAINER,COMPOUND,PULL,UPPER,TRANSVERSE,BILATERAL,NONE,"CORE_STABILITY,ANTI_ROTATION,SCAPULAR_STABILITY",,"TRUNK_CONTROL_SUPPORT,SHOULDER_STABILITY_SUPPORT",GENERAL_STRENGTH_SUPPORTIVE,"SYSTEMIC,NEURAL_HEAVY,LOCAL_MUSCLE,OVERHEAD_REPETITION","UPPER_PULL,SHOULDER_OVERHEAD","SHOULDER_ACCESSORY,ARM_ACCESSORY,CHEST_ACCESSORY,BACK_ACCESSORY,HYPERTROPHY_ACCESSORY",MODERATE_LOAD,MEDIUM,0.5,0.5,0,0.5,0,0,0,0,0.5,0,VOLUME_LOAD,HORIZONTAL_PULL_COMPOUND,CHEST,ROW,SHOULDER_CARE,NO,YES,GENERAL,NONE,NONE,ELBOW,HIGH,MODERATE,"UPPER_PULL,SCAPULAR_STABILITY",FATIGUE|STRENGTH_PROGRESS|HYPERTROPHY_VOLUME|BALANCE,EXERCISE,PROGRAM_SELECTABLE,HIGH,,YES,,NO,NO
vipr_chop,바이퍼 회전 아래로,기능성운동,복사근/코어,둔근/어깨/전완,"바이퍼, 무게*횟수",바이퍼를 높은 위치에서 반대쪽 낮은 위치로 대각선 회전시켜 골반·몸통·상지의 힘 전달을 연결한다.,60,바이퍼_회전_아래로,바이퍼 회전 아래로,PRIMARY,1,ROTATION,POWER,"CORE,GLUTE","SHOULDER,FOREARM",VIPR,VIPR,HYBRID,ROTATE,WHOLE_BODY,MULTI_PLANAR,BILATERAL,NONE,"CORE_STABILITY,ANTI_ROTATION,TRUNK_CONTROL,HIP_STABILITY,PELVIC_STABILITY",,HIP_STABILITY_SUPPORT|TRUNK_CONTROL_SUPPORT|SHOULDER_STABILITY_SUPPORT|GRIP_FOREARM_SUPPORT,"ROTATION_POWER,GRIP_FOREARM,SHOULDER_CARE","SYSTEMIC,NEURAL_HEAVY,LOCAL_MUSCLE,ROTATION_POWER,OVERHEAD_REPETITION,GRIP_FOREARM","SHOULDER_OVERHEAD,GRIP_FOREARM,ROTATION_POWER","SHOULDER_ACCESSORY,ARM_ACCESSORY,POSTERIOR_CHAIN_ACCESSORY,HYPERTROPHY_ACCESSORY",SHOULDER_STRESS_LOW,SHORT,0.5,0.5,0,0.5,0,0,0.75,0,0.5,0.75,QUALITY_BASED,CORE,GLUTES,NONE,GRIP_FOREARM,NO,NO,SUPPORTIVE,NONE,"ROTATION_SEQUENCING,GRIP_ENDURANCE,SHOULDER_DURABILITY",HIP,MODERATE,MODERATE,"ROTATION,HIP_STABILITY","FATIGUE,BADMINTON_TRANSFER,BALANCE",TRAINING_EXERCISE,PROGRAM_SELECTABLE,HIGH,,YES,,NO,NO
vipr_rotational_lift,바이퍼 회전 위로,기능성운동,복사근/코어,둔근/어깨/전완,"바이퍼, 무게*횟수",바이퍼를 낮은 위치에서 반대쪽 높은 위치로 대각선 회전시켜 후면사슬과 몸통 회전을 연결한다.,60,바이퍼_회전_위로,바이퍼 회전 위로,PRIMARY,1,ROTATION,POWER,"GLUTE,HAMSTRING,CORE","SHOULDER,FOREARM",VIPR,VIPR,HYBRID,ROTATE,WHOLE_BODY,MULTI_PLANAR,BILATERAL,NONE,"CORE_STABILITY,ANTI_ROTATION,TRUNK_CONTROL,HIP_STABILITY",,HIP_STABILITY_SUPPORT|TRUNK_CONTROL_SUPPORT|SHOULDER_STABILITY_SUPPORT|GRIP_FOREARM_SUPPORT,"ROTATION_POWER,GRIP_FOREARM,SHOULDER_CARE","SYSTEMIC,NEURAL_HEAVY,LOCAL_MUSCLE,ROTATION_POWER,OVERHEAD_REPETITION,GRIP_FOREARM","SHOULDER_OVERHEAD,GRIP_FOREARM,ROTATION_POWER","SHOULDER_ACCESSORY,ARM_ACCESSORY,POSTERIOR_CHAIN_ACCESSORY,HYPERTROPHY_ACCESSORY",SHOULDER_STRESS_LOW,SHORT,0.5,0.5,0,0.5,0,0,0.75,0,0.5,0.75,QUALITY_BASED,CORE,POSTERIOR_CHAIN,NONE,GRIP_FOREARM,NO,NO,SUPPORTIVE,NONE,"ROTATION_SEQUENCING,GRIP_ENDURANCE,SHOULDER_DURABILITY",HIP,MODERATE,MODERATE,"ROTATION,HIP_STABILITY","FATIGUE,BADMINTON_TRANSFER,BALANCE",TRAINING_EXERCISE,PROGRAM_SELECTABLE,HIGH,,YES,,NO,NO
vipr_rotational_press_out,바이퍼 로테이셔널 프레스아웃,기능성운동,복사근/코어,둔근/어깨/전완,"바이퍼, 무게*횟수",바이퍼를 몸 앞에서 밀어내며 회전 범위와 몸통 흔들림을 통제한다.,60,바이퍼_로테이셔널_프레스아웃,바이퍼 로테이셔널 프레스아웃,PRIMARY,1,ROTATION,STABILITY,"SHOULDER,FOREARM,GLUTE,CORE,OBLIQUE",DEEP_CORE,VIPR,VIPR,HYBRID,ROTATE,WHOLE_BODY,TRANSVERSE,UNILATERAL,NONE,"CORE_STABILITY,ANTI_ROTATION,TRUNK_CONTROL,HIP_STABILITY",,"HIP_STABILITY_SUPPORT,TRUNK_CONTROL_SUPPORT,SHOULDER_STABILITY_SUPPORT,GRIP_FOREARM_SUPPORT","ROTATION_POWER,GRIP_FOREARM,SHOULDER_CARE","SYSTEMIC,NEURAL_HEAVY,LOCAL_MUSCLE,ROTATION_POWER,OVERHEAD_REPETITION,GRIP_FOREARM","SHOULDER_OVERHEAD,GRIP_FOREARM,ROTATION_POWER","SHOULDER_ACCESSORY,ARM_ACCESSORY,POSTERIOR_CHAIN_ACCESSORY,HYPERTROPHY_ACCESSORY",SHOULDER_STRESS_LOW,SHORT,0.5,0.5,0,0.5,0,0,0.75,0,0.5,0.75,QUALITY_BASED,CORE,SHOULDERS,NONE,GRIP_FOREARM,NO,NO,SUPPORTIVE,NONE,"ROTATION_SEQUENCING,GRIP_ENDURANCE,SHOULDER_DURABILITY","SHOULDER,WRIST,HIP",HIGH,MODERATE,"ROTATION,UNILATERAL_LOWER,SHOULDER_CARE,GRIP_FOREARM,HIP_STABILITY","FATIGUE,BADMINTON_TRANSFER,BALANCE",TRAINING_EXERCISE,PROGRAM_SELECTABLE,HIGH,,YES,,NO,NO
vipr_step_and_rotate,바이퍼 스텝 앤 로테이트,기능성운동,복사근/코어,둔근/어깨/전완,"바이퍼, 무게*횟수",스텝과 함께 바이퍼를 회전시켜 하체 지지와 몸통 회전 순서를 연결한다.,75,바이퍼_스텝_앤_로테이트,바이퍼 스텝 앤 로테이트,PRIMARY,1,ROTATION,POWER,"SHOULDER,FOREARM,GLUTE,CORE,OBLIQUE",DEEP_CORE,VIPR,VIPR,HYBRID,ROTATE,WHOLE_BODY,TRANSVERSE,UNILATERAL,NONE,"CORE_STABILITY,ANTI_ROTATION,TRUNK_CONTROL,HIP_STABILITY",,"HIP_STABILITY_SUPPORT,TRUNK_CONTROL_SUPPORT,SHOULDER_STABILITY_SUPPORT,GRIP_FOREARM_SUPPORT","ROTATION_POWER,GRIP_FOREARM,SHOULDER_CARE","SYSTEMIC,NEURAL_HEAVY,LOCAL_MUSCLE,ROTATION_POWER,OVERHEAD_REPETITION,GRIP_FOREARM","SHOULDER_OVERHEAD,GRIP_FOREARM,ROTATION_POWER","SHOULDER_ACCESSORY,ARM_ACCESSORY,POSTERIOR_CHAIN_ACCESSORY,HYPERTROPHY_ACCESSORY",SHOULDER_STRESS_LOW,SHORT,0.5,0.5,0,0.5,0,0,0.75,0,0.5,0.75,QUALITY_BASED,CORE,SHOULDERS,NONE,GRIP_FOREARM,NO,NO,SUPPORTIVE,NONE,"ROTATION_SEQUENCING,GRIP_ENDURANCE,SHOULDER_DURABILITY","SHOULDER,WRIST,HIP",HIGH,MODERATE,"ROTATION,UNILATERAL_LOWER,SHOULDER_CARE,GRIP_FOREARM,HIP_STABILITY","FATIGUE,BADMINTON_TRANSFER,BALANCE",TRAINING_EXERCISE,PROGRAM_SELECTABLE,HIGH,,YES,,NO,NO
