relationId,exerciseStableKey,exerciseName,relationType,relationValue,sourceStableKey,status,provenance
MOVEMENT_00001,band_lift,밴드 리프트,MOVEMENT_PATTERN,TRUNK_ROTATION,band_lift,DRAFT_READY,FINAL_CLOSEOUT_2026-08-04
MOVEMENT_00002,band_lift,밴드 리프트,JOINT_ACTION,HIP_EXTERNAL_ROTATION,band_lift,DRAFT_READY,FINAL_CLOSEOUT_2026-08-04
MOVEMENT_00003,band_lift,밴드 리프트,JOINT_ACTION,HIP_INTERNAL_ROTATION,band_lift,DRAFT_READY,FINAL_CLOSEOUT_2026-08-04
MOVEMENT_00004,band_lift,밴드 리프트,JOINT_ACTION,THORACIC_ROTATION,band_lift,DRAFT_READY,FINAL_CLOSEOUT_2026-08-04
MOVEMENT_00005,band_lift,밴드 리프트,STABILITY_DEMAND,HIGH,band_lift,DRAFT_READY,FINAL_CLOSEOUT_2026-08-04
MOVEMENT_00006,band_lift,밴드 리프트,MOBILITY_DEMAND,MODERATE,band_lift,DRAFT_READY,FINAL_CLOSEOUT_2026-08-04
MOVEMENT_00007,band_lift,밴드 리프트,MOVEMENT_FAMILY,ROTATIONAL_KINETIC_CHAIN,band_lift,DRAFT_READY,FINAL_CLOSEOUT_2026-08-04
MOVEMENT_00008,band_lift,밴드 리프트,MOVEMENT_SUBTYPE,BAND_LIFT,band_lift,DRAFT_READY,FINAL_CLOSEOUT_2026-08-04
MOVEMENT_00009,band_pallof_press,밴드 팔로프 프레스,MOVEMENT_PATTERN,TRUNK_BRACE,ex_99728d25,REVIEW_RECOMMENDED,FINAL_CLOSEOUT_SPLIT_FROM_ex_99728d25
MOVEMENT_00010,band_pallof_press,밴드 팔로프 프레스,STABILITY_DEMAND,HIGH,ex_99728d25,REVIEW_RECOMMENDED,FINAL_CLOSEOUT_SPLIT_FROM_ex_99728d25
MOVEMENT_00011,band_pallof_press,밴드 팔로프 프레스,MOBILITY_DEMAND,LOW,ex_99728d25,REVIEW_RECOMMENDED,FINAL_CLOSEOUT_SPLIT_FROM_ex_99728d25
MOVEMENT_00012,band_pallof_press,밴드 팔로프 프레스,MOVEMENT_FAMILY,ANTI_ROTATION_ANTI_EXTENSION_CORE_VARIANTS,ex_99728d25,REVIEW_RECOMMENDED,FINAL_CLOSEOUT_SPLIT_FROM_ex_99728d25
MOVEMENT_00013,band_pallof_press,밴드 팔로프 프레스,MOVEMENT_SUBTYPE,PALLOF_PRESS,ex_99728d25,REVIEW_RECOMMENDED,FINAL_CLOSEOUT_SPLIT_FROM_ex_99728d25
MOVEMENT_00014,band_woodchop,밴드 우드찹,MOVEMENT_PATTERN,TRUNK_ROTATION,band_woodchop,REVIEW_RECOMMENDED,FINAL_CLOSEOUT_2026-08-04
MOVEMENT_00015,band_woodchop,밴드 우드찹,JOINT_ACTION,HIP_EXTERNAL_ROTATION,band_woodchop,REVIEW_RECOMMENDED,FINAL_CLOSEOUT_2026-08-04
MOVEMENT_00016,band_woodchop,밴드 우드찹,JOINT_ACTION,HIP_INTERNAL_ROTATION,band_woodchop,REVIEW_RECOMMENDED,FINAL_CLOSEOUT_2026-08-04
MOVEMENT_00017,band_woodchop,밴드 우드찹,JOINT_ACTION,THORACIC_ROTATION,band_woodchop,REVIEW_RECOMMENDED,FINAL_CLOSEOUT_2026-08-04
MOVEMENT_00018,band_woodchop,밴드 우드찹,STABILITY_DEMAND,HIGH,band_woodchop,REVIEW_RECOMMENDED,FINAL_CLOSEOUT_2026-08-04
MOVEMENT_00019,band_woodchop,밴드 우드찹,MOBILITY_DEMAND,MODERATE,band_woodchop,REVIEW_RECOMMENDED,FINAL_CLOSEOUT_2026-08-04
MOVEMENT_00020,band_woodchop,밴드 우드찹,MOVEMENT_FAMILY,ROTATIONAL_KINETIC_CHAIN,band_woodchop,REVIEW_RECOMMENDED,FINAL_CLOSEOUT_2026-08-04
MOVEMENT_00021,band_woodchop,밴드 우드찹,MOVEMENT_SUBTYPE,BAND_CHOP,band_woodchop,REVIEW_RECOMMENDED,FINAL_CLOSEOUT_2026-08-04
MOVEMENT_00022,barbell_back_squat,스쿼트,MOVEMENT_PATTERN,SQUAT,barbell_back_squat,DRAFT_READY,FINAL_CLOSEOUT_2026-08-04
MOVEMENT_00023,barbell_back_squat,스쿼트,JOINT_ACTION,ANKLE_DORSIFLEXION,barbell_back_squat,DRAFT_READY,FINAL_CLOSEOUT_2026-08-04
MOVEMENT_00024,barbell_back_squat,스쿼트,JOINT_ACTION,ANKLE_PLANTARFLEXION,barbell_back_squat,DRAFT_READY,FINAL_CLOSEOUT_2026-08-04
MOVEMENT_00025,barbell_back_squat,스쿼트,JOINT_ACTION,HIP_EXTENSION,barbell_back_squat,DRAFT_READY,FINAL_CLOSEOUT_2026-08-04
MOVEMENT_00026,barbell_back_squat,스쿼트,JOINT_ACTION,HIP_FLEXION,barbell_back_squat,DRAFT_READY,FINAL_CLOSEOUT_2026-08-04
MOVEMENT_00027,barbell_back_squat,스쿼트,JOINT_ACTION,KNEE_EXTENSION,barbell_back_squat,DRAFT_READY,FINAL_CLOSEOUT_2026-08-04
MOVEMENT_00028,barbell_back_squat,스쿼트,JOINT_ACTION,KNEE_FLEXION,barbell_back_squat,DRAFT_READY,FINAL_CLOSEOUT_2026-08-04
MOVEMENT_00029,barbell_back_squat,스쿼트,KINETIC_CHAIN,CLOSED_CHAIN,barbell_back_squat,DRAFT_READY,FINAL_CLOSEOUT_2026-08-04
MOVEMENT_00030,barbell_back_squat,스쿼트,STABILITY_DEMAND,MODERATE,barbell_back_squat,DRAFT_READY,FINAL_CLOSEOUT_2026-08-04
MOVEMENT_00031,barbell_back_squat,스쿼트,MOBILITY_DEMAND,MODERATE,barbell_back_squat,DRAFT_READY,FINAL_CLOSEOUT_2026-08-04
MOVEMENT_00032,barbell_back_squat,스쿼트,MOVEMENT_FAMILY,SQUAT_VARIANTS,barbell_back_squat,DRAFT_READY,FINAL_CLOSEOUT_2026-08-04
MOVEMENT_00033,barbell_back_squat,스쿼트,MOVEMENT_SUBTYPE,BACK_SQUAT,barbell_back_squat,DRAFT_READY,FINAL_CLOSEOUT_2026-08-04
MOVEMENT_00034,barbell_bench_press,벤치프레스,MOVEMENT_PATTERN,HORIZONTAL_PUSH,barbell_bench_press,DRAFT_READY,FINAL_CLOSEOUT_2026-08-04
MOVEMENT_00035,barbell_bench_press,벤치프레스,JOINT_ACTION,ELBOW_EXTENSION,barbell_bench_press,DRAFT_READY,FINAL_CLOSEOUT_2026-08-04
MOVEMENT_00036,barbell_bench_press,벤치프레스,JOINT_ACTION,ELBOW_FLEXION,barbell_bench_press,DRAFT_READY,FINAL_CLOSEOUT_2026-08-04
MOVEMENT_00037,barbell_bench_press,벤치프레스,JOINT_ACTION,SHOULDER_HORIZONTAL_ABDUCTION,barbell_bench_press,DRAFT_READY,FINAL_CLOSEOUT_2026-08-04
MOVEMENT_00038,barbell_bench_press,벤치프레스,JOINT_ACTION,SHOULDER_HORIZONTAL_ADDUCTION,barbell_bench_press,DRAFT_READY,FINAL_CLOSEOUT_2026-08-04
MOVEMENT_00039,barbell_bench_press,벤치프레스,KINETIC_CHAIN,OPEN_CHAIN,barbell_bench_press,DRAFT_READY,FINAL_CLOSEOUT_2026-08-04
MOVEMENT_00040,barbell_bench_press,벤치프레스,STABILITY_DEMAND,MODERATE,barbell_bench_press,DRAFT_READY,FINAL_CLOSEOUT_2026-08-04
MOVEMENT_00041,barbell_bench_press,벤치프레스,MOBILITY_DEMAND,MODERATE,barbell_bench_press,DRAFT_READY,FINAL_CLOSEOUT_2026-08-04
MOVEMENT_00042,barbell_bench_press,벤치프레스,MOVEMENT_FAMILY,BENCH_PRESS_DUMBBELL_PRESS_MACHINE_PRESS_VARIANTS,barbell_bench_press,DRAFT_READY,FINAL_CLOSEOUT_2026-08-04
MOVEMENT_00043,barbell_bench_press,벤치프레스,MOVEMENT_SUBTYPE,BARBELL_BENCH_PRESS,barbell_bench_press,DRAFT_READY,FINAL_CLOSEOUT_2026-08-04
MOVEMENT_00044,barbell_deadlift,데드리프트,MOVEMENT_PATTERN,HINGE,barbell_deadlift,DRAFT_READY,FINAL_CLOSEOUT_2026-08-04
MOVEMENT_00045,barbell_deadlift,데드리프트,JOINT_ACTION,HIP_EXTENSION,barbell_deadlift,DRAFT_READY,FINAL_CLOSEOUT_2026-08-04
MOVEMENT_00046,barbell_deadlift,데드리프트,JOINT_ACTION,HIP_FLEXION,barbell_deadlift,DRAFT_READY,FINAL_CLOSEOUT_2026-08-04
MOVEMENT_00047,barbell_deadlift,데드리프트,JOINT_ACTION,KNEE_EXTENSION,barbell_deadlift,DRAFT_READY,FINAL_CLOSEOUT_2026-08-04
MOVEMENT_00048,barbell_deadlift,데드리프트,JOINT_ACTION,KNEE_FLEXION,barbell_deadlift,DRAFT_READY,FINAL_CLOSEOUT_2026-08-04
MOVEMENT_00049,barbell_deadlift,데드리프트,KINETIC_CHAIN,CLOSED_CHAIN,barbell_deadlift,DRAFT_READY,FINAL_CLOSEOUT_2026-08-04
MOVEMENT_00050,barbell_deadlift,데드리프트,STABILITY_DEMAND,MODERATE,barbell_deadlift,DRAFT_READY,FINAL_CLOSEOUT_2026-08-04
MOVEMENT_00051,barbell_deadlift,데드리프트,MOBILITY_DEMAND,MODERATE,barbell_deadlift,DRAFT_READY,FINAL_CLOSEOUT_2026-08-04
MOVEMENT_00052,barbell_deadlift,데드리프트,MOVEMENT_FAMILY,DEADLIFT_HINGE_VARIANTS,barbell_deadlift,DRAFT_READY,FINAL_CLOSEOUT_2026-08-04
MOVEMENT_00053,barbell_deadlift,데드리프트,MOVEMENT_SUBTYPE,CONVENTIONAL_DEADLIFT,barbell_deadlift,DRAFT_READY,FINAL_CLOSEOUT_2026-08-04
MOVEMENT_00054,barbell_reverse_curl,바벨 리버스 컬,JOINT_ACTION,ELBOW_EXTENSION,ex_dd2f732e,REVIEW_RECOMMENDED,FINAL_CLOSEOUT_SPLIT_FROM_ex_dd2f732e
MOVEMENT_00055,barbell_reverse_curl,바벨 리버스 컬,JOINT_ACTION,ELBOW_FLEXION,ex_dd2f732e,REVIEW_RECOMMENDED,FINAL_CLOSEOUT_SPLIT_FROM_ex_dd2f732e
MOVEMENT_00056,barbell_reverse_curl,바벨 리버스 컬,KINETIC_CHAIN,OPEN_CHAIN,ex_dd2f732e,REVIEW_RECOMMENDED,FINAL_CLOSEOUT_SPLIT_FROM_ex_dd2f732e
MOVEMENT_00057,barbell_reverse_curl,바벨 리버스 컬,STABILITY_DEMAND,LOW,ex_dd2f732e,REVIEW_RECOMMENDED,FINAL_CLOSEOUT_SPLIT_FROM_ex_dd2f732e
MOVEMENT_00058,barbell_reverse_curl,바벨 리버스 컬,MOBILITY_DEMAND,LOW,ex_dd2f732e,REVIEW_RECOMMENDED,FINAL_CLOSEOUT_SPLIT_FROM_ex_dd2f732e
MOVEMENT_00059,barbell_reverse_curl,바벨 리버스 컬,MOVEMENT_FAMILY,ELBOW_FLEXION_BRACHIALIS_BRACHIORADIALIS_VARIANTS,ex_dd2f732e,REVIEW_RECOMMENDED,FINAL_CLOSEOUT_SPLIT_FROM_ex_dd2f732e
MOVEMENT_00060,barbell_reverse_curl,바벨 리버스 컬,MOVEMENT_SUBTYPE,REVERSE_CURL,ex_dd2f732e,REVIEW_RECOMMENDED,FINAL_CLOSEOUT_SPLIT_FROM_ex_dd2f732e
MOVEMENT_00061,barbell_reverse_wrist_curl,바벨 리버스 리스트 컬,JOINT_ACTION,WRIST_EXTENSION,ex_8e18b02a,REVIEW_RECOMMENDED,FINAL_CLOSEOUT_SPLIT_FROM_ex_8e18b02a
MOVEMENT_00062,barbell_reverse_wrist_curl,바벨 리버스 리스트 컬,JOINT_ACTION,WRIST_FLEXION,ex_8e18b02a,REVIEW_RECOMMENDED,FINAL_CLOSEOUT_SPLIT_FROM_ex_8e18b02a
MOVEMENT_00063,barbell_reverse_wrist_curl,바벨 리버스 리스트 컬,KINETIC_CHAIN,OPEN_CHAIN,ex_8e18b02a,REVIEW_RECOMMENDED,FINAL_CLOSEOUT_SPLIT_FROM_ex_8e18b02a
MOVEMENT_00064,barbell_reverse_wrist_curl,바벨 리버스 리스트 컬,STABILITY_DEMAND,LOW,ex_8e18b02a,REVIEW_RECOMMENDED,FINAL_CLOSEOUT_SPLIT_FROM_ex_8e18b02a
MOVEMENT_00065,barbell_reverse_wrist_curl,바벨 리버스 리스트 컬,MOBILITY_DEMAND,LOW,ex_8e18b02a,REVIEW_RECOMMENDED,FINAL_CLOSEOUT_SPLIT_FROM_ex_8e18b02a
MOVEMENT_00066,barbell_reverse_wrist_curl,바벨 리버스 리스트 컬,MOVEMENT_FAMILY,FOREARM_GRIP_ACCESSORY,ex_8e18b02a,REVIEW_RECOMMENDED,FINAL_CLOSEOUT_SPLIT_FROM_ex_8e18b02a
MOVEMENT_00067,barbell_reverse_wrist_curl,바벨 리버스 리스트 컬,MOVEMENT_SUBTYPE,REVERSE_WRIST_CURL,ex_8e18b02a,REVIEW_RECOMMENDED,FINAL_CLOSEOUT_SPLIT_FROM_ex_8e18b02a
MOVEMENT_00068,barbell_romanian_deadlift,루마니안 바벨 데드리프트,MOVEMENT_PATTERN,HINGE,barbell_romanian_deadlift,REVIEW_RECOMMENDED,FINAL_CLOSEOUT_2026-08-04
MOVEMENT_00069,barbell_romanian_deadlift,루마니안 바벨 데드리프트,JOINT_ACTION,HIP_EXTENSION,barbell_romanian_deadlift,REVIEW_RECOMMENDED,FINAL_CLOSEOUT_2026-08-04
MOVEMENT_00070,barbell_romanian_deadlift,루마니안 바벨 데드리프트,JOINT_ACTION,HIP_FLEXION,barbell_romanian_deadlift,REVIEW_RECOMMENDED,FINAL_CLOSEOUT_2026-08-04
MOVEMENT_00071,barbell_romanian_deadlift,루마니안 바벨 데드리프트,KINETIC_CHAIN,CLOSED_CHAIN,barbell_romanian_deadlift,REVIEW_RECOMMENDED,FINAL_CLOSEOUT_2026-08-04
MOVEMENT_00072,barbell_romanian_deadlift,루마니안 바벨 데드리프트,STABILITY_DEMAND,MODERATE,barbell_romanian_deadlift,REVIEW_RECOMMENDED,FINAL_CLOSEOUT_2026-08-04
MOVEMENT_00073,barbell_romanian_deadlift,루마니안 바벨 데드리프트,MOBILITY_DEMAND,MODERATE,barbell_romanian_deadlift,REVIEW_RECOMMENDED,FINAL_CLOSEOUT_2026-08-04
MOVEMENT_00074,barbell_romanian_deadlift,루마니안 바벨 데드리프트,MOVEMENT_FAMILY,DEADLIFT_HINGE_VARIANTS,barbell_romanian_deadlift,REVIEW_RECOMMENDED,FINAL_CLOSEOUT_2026-08-04
MOVEMENT_00075,barbell_romanian_deadlift,루마니안 바벨 데드리프트,MOVEMENT_SUBTYPE,BARBELL_ROMANIAN_DEADLIFT,barbell_romanian_deadlift,REVIEW_RECOMMENDED,FINAL_CLOSEOUT_2026-08-04
MOVEMENT_00076,cable_hip_adduction,케이블 힙 어덕션,JOINT_ACTION,HIP_ABDUCTION,ex_eaea872c,REVIEW_REQUIRED,FINAL_CLOSEOUT_SPLIT_FROM_ex_eaea872c
MOVEMENT_00077,cable_hip_adduction,케이블 힙 어덕션,JOINT_ACTION,HIP_ADDUCTION,ex_eaea872c,REVIEW_REQUIRED,FINAL_CLOSEOUT_SPLIT_FROM_ex_eaea872c
MOVEMENT_00078,cable_hip_adduction,케이블 힙 어덕션,KINETIC_CHAIN,OPEN_CHAIN,ex_eaea872c,REVIEW_REQUIRED,FINAL_CLOSEOUT_SPLIT_FROM_ex_eaea872c
MOVEMENT_00079,cable_hip_adduction,케이블 힙 어덕션,STABILITY_DEMAND,LOW,ex_eaea872c,REVIEW_REQUIRED,FINAL_CLOSEOUT_SPLIT_FROM_ex_eaea872c
MOVEMENT_00080,cable_hip_adduction,케이블 힙 어덕션,MOBILITY_DEMAND,MODERATE,ex_eaea872c,REVIEW_REQUIRED,FINAL_CLOSEOUT_SPLIT_FROM_ex_eaea872c
MOVEMENT_00081,cable_hip_adduction,케이블 힙 어덕션,MOVEMENT_FAMILY,HIP_ADDUCTION_ACCESSORY,ex_eaea872c,REVIEW_REQUIRED,FINAL_CLOSEOUT_SPLIT_FROM_ex_eaea872c
MOVEMENT_00082,cable_hip_adduction,케이블 힙 어덕션,MOVEMENT_SUBTYPE,HIP_ADDUCTION_MACHINE_OR_CABLE,ex_eaea872c,REVIEW_REQUIRED,FINAL_CLOSEOUT_SPLIT_FROM_ex_eaea872c
MOVEMENT_00083,cable_lift,케이블 리프트,MOVEMENT_PATTERN,TRUNK_ROTATION,cable_lift,DRAFT_READY,FINAL_CLOSEOUT_2026-08-04
MOVEMENT_00084,cable_lift,케이블 리프트,JOINT_ACTION,HIP_EXTERNAL_ROTATION,cable_lift,DRAFT_READY,FINAL_CLOSEOUT_2026-08-04
MOVEMENT_00085,cable_lift,케이블 리프트,JOINT_ACTION,HIP_INTERNAL_ROTATION,cable_lift,DRAFT_READY,FINAL_CLOSEOUT_2026-08-04
MOVEMENT_00086,cable_lift,케이블 리프트,JOINT_ACTION,THORACIC_ROTATION,cable_lift,DRAFT_READY,FINAL_CLOSEOUT_2026-08-04
MOVEMENT_00087,cable_lift,케이블 리프트,STABILITY_DEMAND,HIGH,cable_lift,DRAFT_READY,FINAL_CLOSEOUT_2026-08-04
MOVEMENT_00088,cable_lift,케이블 리프트,MOBILITY_DEMAND,MODERATE,cable_lift,DRAFT_READY,FINAL_CLOSEOUT_2026-08-04
MOVEMENT_00089,cable_lift,케이블 리프트,MOVEMENT_FAMILY,ROTATIONAL_KINETIC_CHAIN,cable_lift,DRAFT_READY,FINAL_CLOSEOUT_2026-08-04
MOVEMENT_00090,cable_lift,케이블 리프트,MOVEMENT_SUBTYPE,CABLE_LIFT,cable_lift,DRAFT_READY,FINAL_CLOSEOUT_2026-08-04
MOVEMENT_00091,cable_overhead_triceps_extension,케이블 오버헤드 트라이셉스 익스텐션,JOINT_ACTION,ELBOW_EXTENSION,ex_a9e8859c,REVIEW_RECOMMENDED,FINAL_CLOSEOUT_SPLIT_FROM_ex_a9e8859c
MOVEMENT_00092,cable_overhead_triceps_extension,케이블 오버헤드 트라이셉스 익스텐션,JOINT_ACTION,ELBOW_FLEXION,ex_a9e8859c,REVIEW_RECOMMENDED,FINAL_CLOSEOUT_SPLIT_FROM_ex_a9e8859c
MOVEMENT_00093,cable_overhead_triceps_extension,케이블 오버헤드 트라이셉스 익스텐션,KINETIC_CHAIN,OPEN_CHAIN,ex_a9e8859c,REVIEW_RECOMMENDED,FINAL_CLOSEOUT_SPLIT_FROM_ex_a9e8859c
MOVEMENT_00094,cable_overhead_triceps_extension,케이블 오버헤드 트라이셉스 익스텐션,STABILITY_DEMAND,LOW,ex_a9e8859c,REVIEW_RECOMMENDED,FINAL_CLOSEOUT_SPLIT_FROM_ex_a9e8859c
MOVEMENT_00095,cable_overhead_triceps_extension,케이블 오버헤드 트라이셉스 익스텐션,MOBILITY_DEMAND,LOW,ex_a9e8859c,REVIEW_RECOMMENDED,FINAL_CLOSEOUT_SPLIT_FROM_ex_a9e8859c
MOVEMENT_00096,cable_overhead_triceps_extension,케이블 오버헤드 트라이셉스 익스텐션,MOVEMENT_FAMILY,OVERHEAD_TRICEPS_LONG_HEAD,ex_a9e8859c,REVIEW_RECOMMENDED,FINAL_CLOSEOUT_SPLIT_FROM_ex_a9e8859c
MOVEMENT_00097,cable_overhead_triceps_extension,케이블 오버헤드 트라이셉스 익스텐션,MOVEMENT_SUBTYPE,OVERHEAD_TRICEPS_EXTENSION,ex_a9e8859c,REVIEW_RECOMMENDED,FINAL_CLOSEOUT_SPLIT_FROM_ex_a9e8859c
MOVEMENT_00098,cable_pallof_press,케이블 팔로프 프레스,MOVEMENT_PATTERN,TRUNK_BRACE,ex_99728d25,REVIEW_RECOMMENDED,FINAL_CLOSEOUT_SPLIT_FROM_ex_99728d25
MOVEMENT_00099,cable_pallof_press,케이블 팔로프 프레스,STABILITY_DEMAND,HIGH,ex_99728d25,REVIEW_RECOMMENDED,FINAL_CLOSEOUT_SPLIT_FROM_ex_99728d25
MOVEMENT_00100,cable_pallof_press,케이블 팔로프 프레스,MOBILITY_DEMAND,LOW,ex_99728d25,REVIEW_RECOMMENDED,FINAL_CLOSEOUT_SPLIT_FROM_ex_99728d25
MOVEMENT_00101,cable_pallof_press,케이블 팔로프 프레스,MOVEMENT_FAMILY,ANTI_ROTATION_ANTI_EXTENSION_CORE_VARIANTS,ex_99728d25,REVIEW_RECOMMENDED,FINAL_CLOSEOUT_SPLIT_FROM_ex_99728d25
MOVEMENT_00102,cable_pallof_press,케이블 팔로프 프레스,MOVEMENT_SUBTYPE,PALLOF_PRESS,ex_99728d25,REVIEW_RECOMMENDED,FINAL_CLOSEOUT_SPLIT_FROM_ex_99728d25
MOVEMENT_00103,cable_rear_delt_fly,케이블 리어델트 플라이,JOINT_ACTION,SHOULDER_HORIZONTAL_ABDUCTION,ex_7176cbee,REVIEW_RECOMMENDED,FINAL_CLOSEOUT_SPLIT_FROM_ex_7176cbee
MOVEMENT_00104,cable_rear_delt_fly,케이블 리어델트 플라이,JOINT_ACTION,SHOULDER_HORIZONTAL_ADDUCTION,ex_7176cbee,REVIEW_RECOMMENDED,FINAL_CLOSEOUT_SPLIT_FROM_ex_7176cbee
MOVEMENT_00105,cable_rear_delt_fly,케이블 리어델트 플라이,KINETIC_CHAIN,OPEN_CHAIN,ex_7176cbee,REVIEW_RECOMMENDED,FINAL_CLOSEOUT_SPLIT_FROM_ex_7176cbee
MOVEMENT_00106,cable_rear_delt_fly,케이블 리어델트 플라이,STABILITY_DEMAND,LOW,ex_7176cbee,REVIEW_RECOMMENDED,FINAL_CLOSEOUT_SPLIT_FROM_ex_7176cbee
MOVEMENT_00107,cable_rear_delt_fly,케이블 리어델트 플라이,MOBILITY_DEMAND,LOW,ex_7176cbee,REVIEW_RECOMMENDED,FINAL_CLOSEOUT_SPLIT_FROM_ex_7176cbee
MOVEMENT_00108,cable_rear_delt_fly,케이블 리어델트 플라이,MOVEMENT_FAMILY,REAR_DELT_FLY_HORIZONTAL_ABDUCTION_VARIANTS,ex_7176cbee,REVIEW_RECOMMENDED,FINAL_CLOSEOUT_SPLIT_FROM_ex_7176cbee
MOVEMENT_00109,cable_rear_delt_fly,케이블 리어델트 플라이,MOVEMENT_SUBTYPE,REAR_DELT_FLY,ex_7176cbee,REVIEW_RECOMMENDED,FINAL_CLOSEOUT_SPLIT_FROM_ex_7176cbee
MOVEMENT_00110,cable_woodchop,케이블 우드찹,MOVEMENT_PATTERN,TRUNK_ROTATION,cable_woodchop,REVIEW_RECOMMENDED,FINAL_CLOSEOUT_2026-08-04
MOVEMENT_00111,cable_woodchop,케이블 우드찹,JOINT_ACTION,HIP_EXTERNAL_ROTATION,cable_woodchop,REVIEW_RECOMMENDED,FINAL_CLOSEOUT_2026-08-04
MOVEMENT_00112,cable_woodchop,케이블 우드찹,JOINT_ACTION,HIP_INTERNAL_ROTATION,cable_woodchop,REVIEW_RECOMMENDED,FINAL_CLOSEOUT_2026-08-04
MOVEMENT_00113,cable_woodchop,케이블 우드찹,JOINT_ACTION,THORACIC_ROTATION,cable_woodchop,REVIEW_RECOMMENDED,FINAL_CLOSEOUT_2026-08-04
MOVEMENT_00114,cable_woodchop,케이블 우드찹,STABILITY_DEMAND,HIGH,cable_woodchop,REVIEW_RECOMMENDED,FINAL_CLOSEOUT_2026-08-04
MOVEMENT_00115,cable_woodchop,케이블 우드찹,MOBILITY_DEMAND,MODERATE,cable_woodchop,REVIEW_RECOMMENDED,FINAL_CLOSEOUT_2026-08-04
MOVEMENT_00116,cable_woodchop,케이블 우드찹,MOVEMENT_FAMILY,ROTATIONAL_KINETIC_CHAIN,cable_woodchop,REVIEW_RECOMMENDED,FINAL_CLOSEOUT_2026-08-04
MOVEMENT_00117,cable_woodchop,케이블 우드찹,MOVEMENT_SUBTYPE,CABLE_CHOP,cable_woodchop,REVIEW_RECOMMENDED,FINAL_CLOSEOUT_2026-08-04
MOVEMENT_00118,chest_supported_row_machine,체스트 서포티드 로우 머신,MOVEMENT_PATTERN,HORIZONTAL_PULL,ex_8e51640a,REVIEW_REQUIRED,FINAL_CLOSEOUT_SPLIT_FROM_ex_8e51640a
MOVEMENT_00119,chest_supported_row_machine,체스트 서포티드 로우 머신,JOINT_ACTION,ELBOW_EXTENSION,ex_8e51640a,REVIEW_REQUIRED,FINAL_CLOSEOUT_SPLIT_FROM_ex_8e51640a
MOVEMENT_00120,chest_supported_row_machine,체스트 서포티드 로우 머신,JOINT_ACTION,ELBOW_FLEXION,ex_8e51640a,REVIEW_REQUIRED,FINAL_CLOSEOUT_SPLIT_FROM_ex_8e51640a
MOVEMENT_00121,chest_supported_row_machine,체스트 서포티드 로우 머신,JOINT_ACTION,SCAPULAR_PROTRACTION,ex_8e51640a,REVIEW_REQUIRED,FINAL_CLOSEOUT_SPLIT_FROM_ex_8e51640a
MOVEMENT_00122,chest_supported_row_machine,체스트 서포티드 로우 머신,JOINT_ACTION,SCAPULAR_RETRACTION,ex_8e51640a,REVIEW_REQUIRED,FINAL_CLOSEOUT_SPLIT_FROM_ex_8e51640a
MOVEMENT_00123,chest_supported_row_machine,체스트 서포티드 로우 머신,JOINT_ACTION,SHOULDER_EXTENSION,ex_8e51640a,REVIEW_REQUIRED,FINAL_CLOSEOUT_SPLIT_FROM_ex_8e51640a
MOVEMENT_00124,chest_supported_row_machine,체스트 서포티드 로우 머신,JOINT_ACTION,SHOULDER_FLEXION,ex_8e51640a,REVIEW_REQUIRED,FINAL_CLOSEOUT_SPLIT_FROM_ex_8e51640a
MOVEMENT_00125,chest_supported_row_machine,체스트 서포티드 로우 머신,KINETIC_CHAIN,OPEN_CHAIN,ex_8e51640a,REVIEW_REQUIRED,FINAL_CLOSEOUT_SPLIT_FROM_ex_8e51640a
MOVEMENT_00126,chest_supported_row_machine,체스트 서포티드 로우 머신,STABILITY_DEMAND,LOW,ex_8e51640a,REVIEW_REQUIRED,FINAL_CLOSEOUT_SPLIT_FROM_ex_8e51640a
MOVEMENT_00127,chest_supported_row_machine,체스트 서포티드 로우 머신,MOBILITY_DEMAND,MODERATE,ex_8e51640a,REVIEW_REQUIRED,FINAL_CLOSEOUT_SPLIT_FROM_ex_8e51640a
MOVEMENT_00128,chest_supported_row_machine,체스트 서포티드 로우 머신,MOVEMENT_FAMILY,ROW_VARIANTS,ex_8e51640a,REVIEW_REQUIRED,FINAL_CLOSEOUT_SPLIT_FROM_ex_8e51640a
MOVEMENT_00129,chest_supported_row_machine,체스트 서포티드 로우 머신,MOVEMENT_SUBTYPE,CHEST_SUPPORTED_ROW,ex_8e51640a,REVIEW_REQUIRED,FINAL_CLOSEOUT_SPLIT_FROM_ex_8e51640a
MOVEMENT_00130,dumbbell_chest_supported_row,덤벨 체스트 서포티드 로우,MOVEMENT_PATTERN,HORIZONTAL_PULL,ex_8e51640a,REVIEW_REQUIRED,FINAL_CLOSEOUT_SPLIT_FROM_ex_8e51640a
MOVEMENT_00131,dumbbell_chest_supported_row,덤벨 체스트 서포티드 로우,JOINT_ACTION,ELBOW_EXTENSION,ex_8e51640a,REVIEW_REQUIRED,FINAL_CLOSEOUT_SPLIT_FROM_ex_8e51640a
MOVEMENT_00132,dumbbell_chest_supported_row,덤벨 체스트 서포티드 로우,JOINT_ACTION,ELBOW_FLEXION,ex_8e51640a,REVIEW_REQUIRED,FINAL_CLOSEOUT_SPLIT_FROM_ex_8e51640a
MOVEMENT_00133,dumbbell_chest_supported_row,덤벨 체스트 서포티드 로우,JOINT_ACTION,SCAPULAR_PROTRACTION,ex_8e51640a,REVIEW_REQUIRED,FINAL_CLOSEOUT_SPLIT_FROM_ex_8e51640a
MOVEMENT_00134,dumbbell_chest_supported_row,덤벨 체스트 서포티드 로우,JOINT_ACTION,SCAPULAR_RETRACTION,ex_8e51640a,REVIEW_REQUIRED,FINAL_CLOSEOUT_SPLIT_FROM_ex_8e51640a
MOVEMENT_00135,dumbbell_chest_supported_row,덤벨 체스트 서포티드 로우,JOINT_ACTION,SHOULDER_EXTENSION,ex_8e51640a,REVIEW_REQUIRED,FINAL_CLOSEOUT_SPLIT_FROM_ex_8e51640a
MOVEMENT_00136,dumbbell_chest_supported_row,덤벨 체스트 서포티드 로우,JOINT_ACTION,SHOULDER_FLEXION,ex_8e51640a,REVIEW_REQUIRED,FINAL_CLOSEOUT_SPLIT_FROM_ex_8e51640a
MOVEMENT_00137,dumbbell_chest_supported_row,덤벨 체스트 서포티드 로우,KINETIC_CHAIN,OPEN_CHAIN,ex_8e51640a,REVIEW_REQUIRED,FINAL_CLOSEOUT_SPLIT_FROM_ex_8e51640a
MOVEMENT_00138,dumbbell_chest_supported_row,덤벨 체스트 서포티드 로우,STABILITY_DEMAND,LOW,ex_8e51640a,REVIEW_REQUIRED,FINAL_CLOSEOUT_SPLIT_FROM_ex_8e51640a
MOVEMENT_00139,dumbbell_chest_supported_row,덤벨 체스트 서포티드 로우,MOBILITY_DEMAND,MODERATE,ex_8e51640a,REVIEW_REQUIRED,FINAL_CLOSEOUT_SPLIT_FROM_ex_8e51640a
MOVEMENT_00140,dumbbell_chest_supported_row,덤벨 체스트 서포티드 로우,MOVEMENT_FAMILY,ROW_VARIANTS,ex_8e51640a,REVIEW_REQUIRED,FINAL_CLOSEOUT_SPLIT_FROM_ex_8e51640a
MOVEMENT_00141,dumbbell_chest_supported_row,덤벨 체스트 서포티드 로우,MOVEMENT_SUBTYPE,CHEST_SUPPORTED_ROW,ex_8e51640a,REVIEW_REQUIRED,FINAL_CLOSEOUT_SPLIT_FROM_ex_8e51640a
MOVEMENT_00142,dumbbell_farmer_carry,덤벨 파머스 캐리,MOVEMENT_PATTERN,CARRY,ex_a1fc4533,REVIEW_RECOMMENDED,FINAL_CLOSEOUT_SPLIT_FROM_ex_a1fc4533
MOVEMENT_00143,dumbbell_farmer_carry,덤벨 파머스 캐리,MOVEMENT_PATTERN,GAIT,ex_a1fc4533,REVIEW_RECOMMENDED,FINAL_CLOSEOUT_SPLIT_FROM_ex_a1fc4533
MOVEMENT_00144,dumbbell_farmer_carry,덤벨 파머스 캐리,JOINT_ACTION,ANKLE_DORSIFLEXION,ex_a1fc4533,REVIEW_RECOMMENDED,FINAL_CLOSEOUT_SPLIT_FROM_ex_a1fc4533
MOVEMENT_00145,dumbbell_farmer_carry,덤벨 파머스 캐리,JOINT_ACTION,ANKLE_PLANTARFLEXION,ex_a1fc4533,REVIEW_RECOMMENDED,FINAL_CLOSEOUT_SPLIT_FROM_ex_a1fc4533
MOVEMENT_00146,dumbbell_farmer_carry,덤벨 파머스 캐리,JOINT_ACTION,HIP_EXTENSION,ex_a1fc4533,REVIEW_RECOMMENDED,FINAL_CLOSEOUT_SPLIT_FROM_ex_a1fc4533
MOVEMENT_00147,dumbbell_farmer_carry,덤벨 파머스 캐리,JOINT_ACTION,HIP_FLEXION,ex_a1fc4533,REVIEW_RECOMMENDED,FINAL_CLOSEOUT_SPLIT_FROM_ex_a1fc4533
MOVEMENT_00148,dumbbell_farmer_carry,덤벨 파머스 캐리,JOINT_ACTION,KNEE_EXTENSION,ex_a1fc4533,REVIEW_RECOMMENDED,FINAL_CLOSEOUT_SPLIT_FROM_ex_a1fc4533
MOVEMENT_00149,dumbbell_farmer_carry,덤벨 파머스 캐리,JOINT_ACTION,KNEE_FLEXION,ex_a1fc4533,REVIEW_RECOMMENDED,FINAL_CLOSEOUT_SPLIT_FROM_ex_a1fc4533
MOVEMENT_00150,dumbbell_farmer_carry,덤벨 파머스 캐리,STABILITY_DEMAND,HIGH,ex_a1fc4533,REVIEW_RECOMMENDED,FINAL_CLOSEOUT_SPLIT_FROM_ex_a1fc4533
MOVEMENT_00151,dumbbell_farmer_carry,덤벨 파머스 캐리,MOBILITY_DEMAND,LOW,ex_a1fc4533,REVIEW_RECOMMENDED,FINAL_CLOSEOUT_SPLIT_FROM_ex_a1fc4533
MOVEMENT_00152,dumbbell_farmer_carry,덤벨 파머스 캐리,MOVEMENT_FAMILY,LOADED_CARRY_VARIANTS,ex_a1fc4533,REVIEW_RECOMMENDED,FINAL_CLOSEOUT_SPLIT_FROM_ex_a1fc4533
MOVEMENT_00153,dumbbell_farmer_carry,덤벨 파머스 캐리,MOVEMENT_SUBTYPE,FARMERS_CARRY,ex_a1fc4533,REVIEW_RECOMMENDED,FINAL_CLOSEOUT_SPLIT_FROM_ex_a1fc4533
MOVEMENT_00154,dumbbell_goblet_squat,덤벨 고블릿 스쿼트,MOVEMENT_PATTERN,SQUAT,ex_ac7df636,REVIEW_RECOMMENDED,FINAL_CLOSEOUT_SPLIT_FROM_ex_ac7df636
MOVEMENT_00155,dumbbell_goblet_squat,덤벨 고블릿 스쿼트,JOINT_ACTION,ANKLE_DORSIFLEXION,ex_ac7df636,REVIEW_RECOMMENDED,FINAL_CLOSEOUT_SPLIT_FROM_ex_ac7df636
MOVEMENT_00156,dumbbell_goblet_squat,덤벨 고블릿 스쿼트,JOINT_ACTION,ANKLE_PLANTARFLEXION,ex_ac7df636,REVIEW_RECOMMENDED,FINAL_CLOSEOUT_SPLIT_FROM_ex_ac7df636
MOVEMENT_00157,dumbbell_goblet_squat,덤벨 고블릿 스쿼트,JOINT_ACTION,HIP_EXTENSION,ex_ac7df636,REVIEW_RECOMMENDED,FINAL_CLOSEOUT_SPLIT_FROM_ex_ac7df636
MOVEMENT_00158,dumbbell_goblet_squat,덤벨 고블릿 스쿼트,JOINT_ACTION,HIP_FLEXION,ex_ac7df636,REVIEW_RECOMMENDED,FINAL_CLOSEOUT_SPLIT_FROM_ex_ac7df636
MOVEMENT_00159,dumbbell_goblet_squat,덤벨 고블릿 스쿼트,JOINT_ACTION,KNEE_EXTENSION,ex_ac7df636,REVIEW_RECOMMENDED,FINAL_CLOSEOUT_SPLIT_FROM_ex_ac7df636
MOVEMENT_00160,dumbbell_goblet_squat,덤벨 고블릿 스쿼트,JOINT_ACTION,KNEE_FLEXION,ex_ac7df636,REVIEW_RECOMMENDED,FINAL_CLOSEOUT_SPLIT_FROM_ex_ac7df636
MOVEMENT_00161,dumbbell_goblet_squat,덤벨 고블릿 스쿼트,KINETIC_CHAIN,CLOSED_CHAIN,ex_ac7df636,REVIEW_RECOMMENDED,FINAL_CLOSEOUT_SPLIT_FROM_ex_ac7df636
MOVEMENT_00162,dumbbell_goblet_squat,덤벨 고블릿 스쿼트,STABILITY_DEMAND,MODERATE,ex_ac7df636,REVIEW_RECOMMENDED,FINAL_CLOSEOUT_SPLIT_FROM_ex_ac7df636
MOVEMENT_00163,dumbbell_goblet_squat,덤벨 고블릿 스쿼트,MOBILITY_DEMAND,MODERATE,ex_ac7df636,REVIEW_RECOMMENDED,FINAL_CLOSEOUT_SPLIT_FROM_ex_ac7df636
MOVEMENT_00164,dumbbell_goblet_squat,덤벨 고블릿 스쿼트,MOVEMENT_FAMILY,SQUAT_VARIANTS,ex_ac7df636,REVIEW_RECOMMENDED,FINAL_CLOSEOUT_SPLIT_FROM_ex_ac7df636
MOVEMENT_00165,dumbbell_goblet_squat,덤벨 고블릿 스쿼트,MOVEMENT_SUBTYPE,GOBLET_SQUAT,ex_ac7df636,REVIEW_RECOMMENDED,FINAL_CLOSEOUT_SPLIT_FROM_ex_ac7df636
MOVEMENT_00166,dumbbell_lying_triceps_extension,덤벨 라잉 트라이셉스 익스텐션,JOINT_ACTION,ELBOW_EXTENSION,ex_d20b7487,REVIEW_RECOMMENDED,FINAL_CLOSEOUT_SPLIT_FROM_ex_d20b7487
MOVEMENT_00167,dumbbell_lying_triceps_extension,덤벨 라잉 트라이셉스 익스텐션,JOINT_ACTION,ELBOW_FLEXION,ex_d20b7487,REVIEW_RECOMMENDED,FINAL_CLOSEOUT_SPLIT_FROM_ex_d20b7487
MOVEMENT_00168,dumbbell_lying_triceps_extension,덤벨 라잉 트라이셉스 익스텐션,KINETIC_CHAIN,OPEN_CHAIN,ex_d20b7487,REVIEW_RECOMMENDED,FINAL_CLOSEOUT_SPLIT_FROM_ex_d20b7487
MOVEMENT_00169,dumbbell_lying_triceps_extension,덤벨 라잉 트라이셉스 익스텐션,STABILITY_DEMAND,LOW,ex_d20b7487,REVIEW_RECOMMENDED,FINAL_CLOSEOUT_SPLIT_FROM_ex_d20b7487
MOVEMENT_00170,dumbbell_lying_triceps_extension,덤벨 라잉 트라이셉스 익스텐션,MOBILITY_DEMAND,LOW,ex_d20b7487,REVIEW_RECOMMENDED,FINAL_CLOSEOUT_SPLIT_FROM_ex_d20b7487
MOVEMENT_00171,dumbbell_lying_triceps_extension,덤벨 라잉 트라이셉스 익스텐션,MOVEMENT_FAMILY,ELBOW_EXTENSION_TRICEPS_ISOLATION_VARIANTS,ex_d20b7487,REVIEW_RECOMMENDED,FINAL_CLOSEOUT_SPLIT_FROM_ex_d20b7487
MOVEMENT_00172,dumbbell_lying_triceps_extension,덤벨 라잉 트라이셉스 익스텐션,MOVEMENT_SUBTYPE,LYING_TRICEPS_EXTENSION,ex_d20b7487,REVIEW_RECOMMENDED,FINAL_CLOSEOUT_SPLIT_FROM_ex_d20b7487
MOVEMENT_00173,dumbbell_overhead_triceps_extension,덤벨 오버헤드 트라이셉스 익스텐션,JOINT_ACTION,ELBOW_EXTENSION,ex_a9e8859c,REVIEW_RECOMMENDED,FINAL_CLOSEOUT_SPLIT_FROM_ex_a9e8859c
MOVEMENT_00174,dumbbell_overhead_triceps_extension,덤벨 오버헤드 트라이셉스 익스텐션,JOINT_ACTION,ELBOW_FLEXION,ex_a9e8859c,REVIEW_RECOMMENDED,FINAL_CLOSEOUT_SPLIT_FROM_ex_a9e8859c
MOVEMENT_00175,dumbbell_overhead_triceps_extension,덤벨 오버헤드 트라이셉스 익스텐션,KINETIC_CHAIN,OPEN_CHAIN,ex_a9e8859c,REVIEW_RECOMMENDED,FINAL_CLOSEOUT_SPLIT_FROM_ex_a9e8859c
MOVEMENT_00176,dumbbell_overhead_triceps_extension,덤벨 오버헤드 트라이셉스 익스텐션,STABILITY_DEMAND,LOW,ex_a9e8859c,REVIEW_RECOMMENDED,FINAL_CLOSEOUT_SPLIT_FROM_ex_a9e8859c
MOVEMENT_00177,dumbbell_overhead_triceps_extension,덤벨 오버헤드 트라이셉스 익스텐션,MOBILITY_DEMAND,LOW,ex_a9e8859c,REVIEW_RECOMMENDED,FINAL_CLOSEOUT_SPLIT_FROM_ex_a9e8859c
MOVEMENT_00178,dumbbell_overhead_triceps_extension,덤벨 오버헤드 트라이셉스 익스텐션,MOVEMENT_FAMILY,OVERHEAD_TRICEPS_LONG_HEAD,ex_a9e8859c,REVIEW_RECOMMENDED,FINAL_CLOSEOUT_SPLIT_FROM_ex_a9e8859c
MOVEMENT_00179,dumbbell_overhead_triceps_extension,덤벨 오버헤드 트라이셉스 익스텐션,MOVEMENT_SUBTYPE,OVERHEAD_TRICEPS_EXTENSION,ex_a9e8859c,REVIEW_RECOMMENDED,FINAL_CLOSEOUT_SPLIT_FROM_ex_a9e8859c
MOVEMENT_00180,dumbbell_preacher_curl,덤벨 프리처 컬,JOINT_ACTION,ELBOW_EXTENSION,ex_e994008a,REVIEW_RECOMMENDED,FINAL_CLOSEOUT_SPLIT_FROM_ex_e994008a
MOVEMENT_00181,dumbbell_preacher_curl,덤벨 프리처 컬,JOINT_ACTION,ELBOW_FLEXION,ex_e994008a,REVIEW_RECOMMENDED,FINAL_CLOSEOUT_SPLIT_FROM_ex_e994008a
MOVEMENT_00182,dumbbell_preacher_curl,덤벨 프리처 컬,KINETIC_CHAIN,OPEN_CHAIN,ex_e994008a,REVIEW_RECOMMENDED,FINAL_CLOSEOUT_SPLIT_FROM_ex_e994008a
MOVEMENT_00183,dumbbell_preacher_curl,덤벨 프리처 컬,STABILITY_DEMAND,LOW,ex_e994008a,REVIEW_RECOMMENDED,FINAL_CLOSEOUT_SPLIT_FROM_ex_e994008a
MOVEMENT_00184,dumbbell_preacher_curl,덤벨 프리처 컬,MOBILITY_DEMAND,LOW,ex_e994008a,REVIEW_RECOMMENDED,FINAL_CLOSEOUT_SPLIT_FROM_ex_e994008a
MOVEMENT_00185,dumbbell_preacher_curl,덤벨 프리처 컬,MOVEMENT_FAMILY,ELBOW_FLEXION_BICEPS_CURL_VARIANTS,ex_e994008a,REVIEW_RECOMMENDED,FINAL_CLOSEOUT_SPLIT_FROM_ex_e994008a
MOVEMENT_00186,dumbbell_preacher_curl,덤벨 프리처 컬,MOVEMENT_SUBTYPE,PREACHER_CURL,ex_e994008a,REVIEW_RECOMMENDED,FINAL_CLOSEOUT_SPLIT_FROM_ex_e994008a
MOVEMENT_00187,dumbbell_rear_delt_fly,덤벨 리어델트 플라이,JOINT_ACTION,SHOULDER_HORIZONTAL_ABDUCTION,ex_7176cbee,REVIEW_RECOMMENDED,FINAL_CLOSEOUT_SPLIT_FROM_ex_7176cbee
MOVEMENT_00188,dumbbell_rear_delt_fly,덤벨 리어델트 플라이,JOINT_ACTION,SHOULDER_HORIZONTAL_ADDUCTION,ex_7176cbee,REVIEW_RECOMMENDED,FINAL_CLOSEOUT_SPLIT_FROM_ex_7176cbee
MOVEMENT_00189,dumbbell_rear_delt_fly,덤벨 리어델트 플라이,KINETIC_CHAIN,OPEN_CHAIN,ex_7176cbee,REVIEW_RECOMMENDED,FINAL_CLOSEOUT_SPLIT_FROM_ex_7176cbee
MOVEMENT_00190,dumbbell_rear_delt_fly,덤벨 리어델트 플라이,STABILITY_DEMAND,LOW,ex_7176cbee,REVIEW_RECOMMENDED,FINAL_CLOSEOUT_SPLIT_FROM_ex_7176cbee
MOVEMENT_00191,dumbbell_rear_delt_fly,덤벨 리어델트 플라이,MOBILITY_DEMAND,LOW,ex_7176cbee,REVIEW_RECOMMENDED,FINAL_CLOSEOUT_SPLIT_FROM_ex_7176cbee
MOVEMENT_00192,dumbbell_rear_delt_fly,덤벨 리어델트 플라이,MOVEMENT_FAMILY,REAR_DELT_FLY_HORIZONTAL_ABDUCTION_VARIANTS,ex_7176cbee,REVIEW_RECOMMENDED,FINAL_CLOSEOUT_SPLIT_FROM_ex_7176cbee
MOVEMENT_00193,dumbbell_rear_delt_fly,덤벨 리어델트 플라이,MOVEMENT_SUBTYPE,REAR_DELT_FLY,ex_7176cbee,REVIEW_RECOMMENDED,FINAL_CLOSEOUT_SPLIT_FROM_ex_7176cbee
MOVEMENT_00194,dumbbell_reverse_wrist_curl,덤벨 리버스 리스트 컬,JOINT_ACTION,WRIST_EXTENSION,ex_8e18b02a,REVIEW_RECOMMENDED,FINAL_CLOSEOUT_SPLIT_FROM_ex_8e18b02a
MOVEMENT_00195,dumbbell_reverse_wrist_curl,덤벨 리버스 리스트 컬,JOINT_ACTION,WRIST_FLEXION,ex_8e18b02a,REVIEW_RECOMMENDED,FINAL_CLOSEOUT_SPLIT_FROM_ex_8e18b02a
MOVEMENT_00196,dumbbell_reverse_wrist_curl,덤벨 리버스 리스트 컬,KINETIC_CHAIN,OPEN_CHAIN,ex_8e18b02a,REVIEW_RECOMMENDED,FINAL_CLOSEOUT_SPLIT_FROM_ex_8e18b02a
MOVEMENT_00197,dumbbell_reverse_wrist_curl,덤벨 리버스 리스트 컬,STABILITY_DEMAND,LOW,ex_8e18b02a,REVIEW_RECOMMENDED,FINAL_CLOSEOUT_SPLIT_FROM_ex_8e18b02a
MOVEMENT_00198,dumbbell_reverse_wrist_curl,덤벨 리버스 리스트 컬,MOBILITY_DEMAND,LOW,ex_8e18b02a,REVIEW_RECOMMENDED,FINAL_CLOSEOUT_SPLIT_FROM_ex_8e18b02a
MOVEMENT_00199,dumbbell_reverse_wrist_curl,덤벨 리버스 리스트 컬,MOVEMENT_FAMILY,FOREARM_GRIP_ACCESSORY,ex_8e18b02a,REVIEW_RECOMMENDED,FINAL_CLOSEOUT_SPLIT_FROM_ex_8e18b02a
MOVEMENT_00200,dumbbell_reverse_wrist_curl,덤벨 리버스 리스트 컬,MOVEMENT_SUBTYPE,REVERSE_WRIST_CURL,ex_8e18b02a,REVIEW_RECOMMENDED,FINAL_CLOSEOUT_SPLIT_FROM_ex_8e18b02a
MOVEMENT_00201,dumbbell_romanian_deadlift,루마니안 덤벨 데드리프트,MOVEMENT_PATTERN,HINGE,dumbbell_romanian_deadlift,DRAFT_READY,FINAL_CLOSEOUT_2026-08-04
MOVEMENT_00202,dumbbell_romanian_deadlift,루마니안 덤벨 데드리프트,JOINT_ACTION,HIP_EXTENSION,dumbbell_romanian_deadlift,DRAFT_READY,FINAL_CLOSEOUT_2026-08-04
MOVEMENT_00203,dumbbell_romanian_deadlift,루마니안 덤벨 데드리프트,JOINT_ACTION,HIP_FLEXION,dumbbell_romanian_deadlift,DRAFT_READY,FINAL_CLOSEOUT_2026-08-04
MOVEMENT_00204,dumbbell_romanian_deadlift,루마니안 덤벨 데드리프트,KINETIC_CHAIN,CLOSED_CHAIN,dumbbell_romanian_deadlift,DRAFT_READY,FINAL_CLOSEOUT_2026-08-04
MOVEMENT_00205,dumbbell_romanian_deadlift,루마니안 덤벨 데드리프트,STABILITY_DEMAND,MODERATE,dumbbell_romanian_deadlift,DRAFT_READY,FINAL_CLOSEOUT_2026-08-04
MOVEMENT_00206,dumbbell_romanian_deadlift,루마니안 덤벨 데드리프트,MOBILITY_DEMAND,MODERATE,dumbbell_romanian_deadlift,DRAFT_READY,FINAL_CLOSEOUT_2026-08-04
MOVEMENT_00207,dumbbell_romanian_deadlift,루마니안 덤벨 데드리프트,MOVEMENT_FAMILY,DEADLIFT_HINGE_VARIANTS,dumbbell_romanian_deadlift,DRAFT_READY,FINAL_CLOSEOUT_2026-08-04
MOVEMENT_00208,dumbbell_romanian_deadlift,루마니안 덤벨 데드리프트,MOVEMENT_SUBTYPE,DUMBBELL_ROMANIAN_DEADLIFT,dumbbell_romanian_deadlift,DRAFT_READY,FINAL_CLOSEOUT_2026-08-04
MOVEMENT_00209,dumbbell_single_leg_rdl,덤벨 원레그 루마니안 데드리프트,MOVEMENT_PATTERN,HINGE,single_leg_rdl,REVIEW_RECOMMENDED,FINAL_CLOSEOUT_SPLIT_FROM_single_leg_rdl
MOVEMENT_00210,dumbbell_single_leg_rdl,덤벨 원레그 루마니안 데드리프트,JOINT_ACTION,HIP_EXTENSION,single_leg_rdl,REVIEW_RECOMMENDED,FINAL_CLOSEOUT_SPLIT_FROM_single_leg_rdl
MOVEMENT_00211,dumbbell_single_leg_rdl,덤벨 원레그 루마니안 데드리프트,JOINT_ACTION,HIP_FLEXION,single_leg_rdl,REVIEW_RECOMMENDED,FINAL_CLOSEOUT_SPLIT_FROM_single_leg_rdl
MOVEMENT_00212,dumbbell_single_leg_rdl,덤벨 원레그 루마니안 데드리프트,KINETIC_CHAIN,CLOSED_CHAIN,single_leg_rdl,REVIEW_RECOMMENDED,FINAL_CLOSEOUT_SPLIT_FROM_single_leg_rdl
MOVEMENT_00213,dumbbell_single_leg_rdl,덤벨 원레그 루마니안 데드리프트,STABILITY_DEMAND,HIGH,single_leg_rdl,REVIEW_RECOMMENDED,FINAL_CLOSEOUT_SPLIT_FROM_single_leg_rdl
MOVEMENT_00214,dumbbell_single_leg_rdl,덤벨 원레그 루마니안 데드리프트,MOBILITY_DEMAND,MODERATE,single_leg_rdl,REVIEW_RECOMMENDED,FINAL_CLOSEOUT_SPLIT_FROM_single_leg_rdl
MOVEMENT_00215,dumbbell_single_leg_rdl,덤벨 원레그 루마니안 데드리프트,MOVEMENT_FAMILY,DEADLIFT_HINGE_VARIANTS,single_leg_rdl,REVIEW_RECOMMENDED,FINAL_CLOSEOUT_SPLIT_FROM_single_leg_rdl
MOVEMENT_00216,dumbbell_single_leg_rdl,덤벨 원레그 루마니안 데드리프트,MOVEMENT_SUBTYPE,SINGLE_LEG_RDL,single_leg_rdl,REVIEW_RECOMMENDED,FINAL_CLOSEOUT_SPLIT_FROM_single_leg_rdl
MOVEMENT_00217,dumbbell_spider_curl,덤벨 스파이더 컬,JOINT_ACTION,ELBOW_EXTENSION,ex_516f4456,REVIEW_REQUIRED,FINAL_CLOSEOUT_SPLIT_FROM_ex_516f4456
MOVEMENT_00218,dumbbell_spider_curl,덤벨 스파이더 컬,JOINT_ACTION,ELBOW_FLEXION,ex_516f4456,REVIEW_REQUIRED,FINAL_CLOSEOUT_SPLIT_FROM_ex_516f4456
MOVEMENT_00219,dumbbell_spider_curl,덤벨 스파이더 컬,KINETIC_CHAIN,OPEN_CHAIN,ex_516f4456,REVIEW_REQUIRED,FINAL_CLOSEOUT_SPLIT_FROM_ex_516f4456
MOVEMENT_00220,dumbbell_spider_curl,덤벨 스파이더 컬,STABILITY_DEMAND,LOW,ex_516f4456,REVIEW_REQUIRED,FINAL_CLOSEOUT_SPLIT_FROM_ex_516f4456
MOVEMENT_00221,dumbbell_spider_curl,덤벨 스파이더 컬,MOBILITY_DEMAND,LOW,ex_516f4456,REVIEW_REQUIRED,FINAL_CLOSEOUT_SPLIT_FROM_ex_516f4456
MOVEMENT_00222,dumbbell_spider_curl,덤벨 스파이더 컬,MOVEMENT_FAMILY,ELBOW_FLEXION_BICEPS_CURL_VARIANTS,ex_516f4456,REVIEW_REQUIRED,FINAL_CLOSEOUT_SPLIT_FROM_ex_516f4456
MOVEMENT_00223,dumbbell_spider_curl,덤벨 스파이더 컬,MOVEMENT_SUBTYPE,SPIDER_CURL,ex_516f4456,REVIEW_REQUIRED,FINAL_CLOSEOUT_SPLIT_FROM_ex_516f4456
MOVEMENT_00224,dumbbell_woodchop,덤벨 우드찹,MOVEMENT_PATTERN,TRUNK_ROTATION,dumbbell_woodchop,REVIEW_RECOMMENDED,FINAL_CLOSEOUT_2026-08-04
MOVEMENT_00225,dumbbell_woodchop,덤벨 우드찹,JOINT_ACTION,HIP_EXTERNAL_ROTATION,dumbbell_woodchop,REVIEW_RECOMMENDED,FINAL_CLOSEOUT_2026-08-04
MOVEMENT_00226,dumbbell_woodchop,덤벨 우드찹,JOINT_ACTION,HIP_INTERNAL_ROTATION,dumbbell_woodchop,REVIEW_RECOMMENDED,FINAL_CLOSEOUT_2026-08-04
MOVEMENT_00227,dumbbell_woodchop,덤벨 우드찹,JOINT_ACTION,THORACIC_ROTATION,dumbbell_woodchop,REVIEW_RECOMMENDED,FINAL_CLOSEOUT_2026-08-04
MOVEMENT_00228,dumbbell_woodchop,덤벨 우드찹,STABILITY_DEMAND,HIGH,dumbbell_woodchop,REVIEW_RECOMMENDED,FINAL_CLOSEOUT_2026-08-04
MOVEMENT_00229,dumbbell_woodchop,덤벨 우드찹,MOBILITY_DEMAND,MODERATE,dumbbell_woodchop,REVIEW_RECOMMENDED,FINAL_CLOSEOUT_2026-08-04
MOVEMENT_00230,dumbbell_woodchop,덤벨 우드찹,MOVEMENT_FAMILY,ROTATIONAL_KINETIC_CHAIN,dumbbell_woodchop,REVIEW_RECOMMENDED,FINAL_CLOSEOUT_2026-08-04
MOVEMENT_00231,dumbbell_woodchop,덤벨 우드찹,MOVEMENT_SUBTYPE,DUMBBELL_WOODCHOP,dumbbell_woodchop,REVIEW_RECOMMENDED,FINAL_CLOSEOUT_2026-08-04
MOVEMENT_00232,ex_1052e9fa,스미스 머신 런지,MOVEMENT_PATTERN,LUNGE,ex_1052e9fa,DRAFT_READY,FINAL_CLOSEOUT_2026-08-04
MOVEMENT_00233,ex_1052e9fa,스미스 머신 런지,JOINT_ACTION,ANKLE_DORSIFLEXION,ex_1052e9fa,DRAFT_READY,FINAL_CLOSEOUT_2026-08-04
MOVEMENT_00234,ex_1052e9fa,스미스 머신 런지,JOINT_ACTION,ANKLE_PLANTARFLEXION,ex_1052e9fa,DRAFT_READY,FINAL_CLOSEOUT_2026-08-04
MOVEMENT_00235,ex_1052e9fa,스미스 머신 런지,JOINT_ACTION,HIP_EXTENSION,ex_1052e9fa,DRAFT_READY,FINAL_CLOSEOUT_2026-08-04
MOVEMENT_00236,ex_1052e9fa,스미스 머신 런지,JOINT_ACTION,HIP_FLEXION,ex_1052e9fa,DRAFT_READY,FINAL_CLOSEOUT_2026-08-04
MOVEMENT_00237,ex_1052e9fa,스미스 머신 런지,JOINT_ACTION,KNEE_EXTENSION,ex_1052e9fa,DRAFT_READY,FINAL_CLOSEOUT_2026-08-04
MOVEMENT_00238,ex_1052e9fa,스미스 머신 런지,JOINT_ACTION,KNEE_FLEXION,ex_1052e9fa,DRAFT_READY,FINAL_CLOSEOUT_2026-08-04
MOVEMENT_00239,ex_1052e9fa,스미스 머신 런지,KINETIC_CHAIN,CLOSED_CHAIN,ex_1052e9fa,DRAFT_READY,FINAL_CLOSEOUT_2026-08-04
MOVEMENT_00240,ex_1052e9fa,스미스 머신 런지,STABILITY_DEMAND,MODERATE,ex_1052e9fa,DRAFT_READY,FINAL_CLOSEOUT_2026-08-04
MOVEMENT_00241,ex_1052e9fa,스미스 머신 런지,MOBILITY_DEMAND,MODERATE,ex_1052e9fa,DRAFT_READY,FINAL_CLOSEOUT_2026-08-04
MOVEMENT_00242,ex_1052e9fa,스미스 머신 런지,MOVEMENT_FAMILY,LUNGE_SPLIT_SQUAT_VARIANTS,ex_1052e9fa,DRAFT_READY,FINAL_CLOSEOUT_2026-08-04
MOVEMENT_00243,ex_1052e9fa,스미스 머신 런지,MOVEMENT_SUBTYPE,SMITH_MACHINE_LUNGE,ex_1052e9fa,DRAFT_READY,FINAL_CLOSEOUT_2026-08-04
MOVEMENT_00244,ex_149730de,발목/고관절 가동성,JOINT_ACTION,ANKLE_DORSIFLEXION,ex_149730de,REVIEW_RECOMMENDED,FINAL_CLOSEOUT_2026-08-04
MOVEMENT_00245,ex_149730de,발목/고관절 가동성,JOINT_ACTION,ANKLE_PLANTARFLEXION,ex_149730de,REVIEW_RECOMMENDED,FINAL_CLOSEOUT_2026-08-04
MOVEMENT_00246,ex_149730de,발목/고관절 가동성,JOINT_ACTION,HIP_EXTENSION,ex_149730de,REVIEW_RECOMMENDED,FINAL_CLOSEOUT_2026-08-04
MOVEMENT_00247,ex_149730de,발목/고관절 가동성,JOINT_ACTION,HIP_EXTERNAL_ROTATION,ex_149730de,REVIEW_RECOMMENDED,FINAL_CLOSEOUT_2026-08-04
MOVEMENT_00248,ex_149730de,발목/고관절 가동성,JOINT_ACTION,HIP_FLEXION,ex_149730de,REVIEW_RECOMMENDED,FINAL_CLOSEOUT_2026-08-04
MOVEMENT_00249,ex_149730de,발목/고관절 가동성,JOINT_ACTION,HIP_INTERNAL_ROTATION,ex_149730de,REVIEW_RECOMMENDED,FINAL_CLOSEOUT_2026-08-04
MOVEMENT_00250,ex_149730de,발목/고관절 가동성,STABILITY_DEMAND,LOW,ex_149730de,REVIEW_RECOMMENDED,FINAL_CLOSEOUT_2026-08-04
MOVEMENT_00251,ex_149730de,발목/고관절 가동성,MOBILITY_DEMAND,LOW,ex_149730de,REVIEW_RECOMMENDED,FINAL_CLOSEOUT_2026-08-04
MOVEMENT_00252,ex_149730de,발목/고관절 가동성,MOVEMENT_FAMILY,MOBILITY_WARMUP_RECOVERY_EXERCISES,ex_149730de,REVIEW_RECOMMENDED,FINAL_CLOSEOUT_2026-08-04
MOVEMENT_00253,ex_149730de,발목/고관절 가동성,MOVEMENT_SUBTYPE,ANKLE_HIP_MOBILITY,ex_149730de,REVIEW_RECOMMENDED,FINAL_CLOSEOUT_2026-08-04
MOVEMENT_00254,ex_16b298db,미니밴드 사이드워크,JOINT_ACTION,HIP_ABDUCTION,ex_16b298db,DRAFT_READY,FINAL_CLOSEOUT_2026-08-04
MOVEMENT_00255,ex_16b298db,미니밴드 사이드워크,JOINT_ACTION,HIP_ADDUCTION,ex_16b298db,DRAFT_READY,FINAL_CLOSEOUT_2026-08-04
MOVEMENT_00256,ex_16b298db,미니밴드 사이드워크,KINETIC_CHAIN,CLOSED_CHAIN,ex_16b298db,DRAFT_READY,FINAL_CLOSEOUT_2026-08-04
MOVEMENT_00257,ex_16b298db,미니밴드 사이드워크,STABILITY_DEMAND,HIGH,ex_16b298db,DRAFT_READY,FINAL_CLOSEOUT_2026-08-04
MOVEMENT_00258,ex_16b298db,미니밴드 사이드워크,MOBILITY_DEMAND,LOW,ex_16b298db,DRAFT_READY,FINAL_CLOSEOUT_2026-08-04
MOVEMENT_00259,ex_16b298db,미니밴드 사이드워크,MOVEMENT_FAMILY,HIP_ABDUCTION_GLUTE_MED_ACCESSORY,ex_16b298db,DRAFT_READY,FINAL_CLOSEOUT_2026-08-04
MOVEMENT_00260,ex_16b298db,미니밴드 사이드워크,MOVEMENT_SUBTYPE,MINIBAND_SIDEWALK,ex_16b298db,DRAFT_READY,FINAL_CLOSEOUT_2026-08-04
MOVEMENT_00261,ex_1a4858d7,농구,STABILITY_DEMAND,HIGH,ex_1a4858d7,REVIEW_RECOMMENDED,FINAL_CLOSEOUT_2026-08-04
MOVEMENT_00262,ex_1a4858d7,농구,MOBILITY_DEMAND,MODERATE,ex_1a4858d7,REVIEW_RECOMMENDED,FINAL_CLOSEOUT_2026-08-04
MOVEMENT_00263,ex_1a4858d7,농구,MOVEMENT_FAMILY,OTHER_SPORT_SESSION_RECORDS,ex_1a4858d7,REVIEW_RECOMMENDED,FINAL_CLOSEOUT_2026-08-04
MOVEMENT_00264,ex_1a4858d7,농구,MOVEMENT_SUBTYPE,BASKETBALL_SESSION,ex_1a4858d7,REVIEW_RECOMMENDED,FINAL_CLOSEOUT_2026-08-04
MOVEMENT_00265,ex_1a4bbdcf,축구,STABILITY_DEMAND,HIGH,ex_1a4bbdcf,REVIEW_RECOMMENDED,FINAL_CLOSEOUT_2026-08-04
MOVEMENT_00266,ex_1a4bbdcf,축구,MOBILITY_DEMAND,MODERATE,ex_1a4bbdcf,REVIEW_RECOMMENDED,FINAL_CLOSEOUT_2026-08-04
MOVEMENT_00267,ex_1a4bbdcf,축구,MOVEMENT_FAMILY,OTHER_SPORT_SESSION_RECORDS,ex_1a4bbdcf,REVIEW_RECOMMENDED,FINAL_CLOSEOUT_2026-08-04
MOVEMENT_00268,ex_1a4bbdcf,축구,MOVEMENT_SUBTYPE,SOCCER_SESSION,ex_1a4bbdcf,REVIEW_RECOMMENDED,FINAL_CLOSEOUT_2026-08-04
MOVEMENT_00269,ex_1c7f2342,랜덤 풋워크,MOVEMENT_PATTERN,GAIT,ex_1c7f2342,DRAFT_READY,FINAL_CLOSEOUT_2026-08-04
MOVEMENT_00270,ex_1c7f2342,랜덤 풋워크,MOVEMENT_PATTERN,STEP,ex_1c7f2342,DRAFT_READY,FINAL_CLOSEOUT_2026-08-04
MOVEMENT_00271,ex_1c7f2342,랜덤 풋워크,MOVEMENT_EVENT,ACCELERATION,ex_1c7f2342,DRAFT_READY,FINAL_CLOSEOUT_2026-08-04
MOVEMENT_00272,ex_1c7f2342,랜덤 풋워크,MOVEMENT_EVENT,CHANGE_OF_DIRECTION,ex_1c7f2342,DRAFT_READY,FINAL_CLOSEOUT_2026-08-04
MOVEMENT_00273,ex_1c7f2342,랜덤 풋워크,MOVEMENT_EVENT,DECELERATION,ex_1c7f2342,DRAFT_READY,FINAL_CLOSEOUT_2026-08-04
MOVEMENT_00274,ex_1c7f2342,랜덤 풋워크,STABILITY_DEMAND,HIGH,ex_1c7f2342,DRAFT_READY,FINAL_CLOSEOUT_2026-08-04
MOVEMENT_00275,ex_1c7f2342,랜덤 풋워크,MOBILITY_DEMAND,MODERATE,ex_1c7f2342,DRAFT_READY,FINAL_CLOSEOUT_2026-08-04
MOVEMENT_00276,ex_1c7f2342,랜덤 풋워크,MOVEMENT_FAMILY,FOOTWORK_SPLIT_STEP_REACTION_DRILL_VARIANTS,ex_1c7f2342,DRAFT_READY,FINAL_CLOSEOUT_2026-08-04
MOVEMENT_00277,ex_1c7f2342,랜덤 풋워크,MOVEMENT_SUBTYPE,RANDOM_FOOTWORK,ex_1c7f2342,DRAFT_READY,FINAL_CLOSEOUT_2026-08-04
MOVEMENT_00278,ex_1cf51b6b,노르딕 햄스트링 컬,JOINT_ACTION,KNEE_EXTENSION,ex_1cf51b6b,DRAFT_READY,FINAL_CLOSEOUT_2026-08-04
MOVEMENT_00279,ex_1cf51b6b,노르딕 햄스트링 컬,JOINT_ACTION,KNEE_FLEXION,ex_1cf51b6b,DRAFT_READY,FINAL_CLOSEOUT_2026-08-04
MOVEMENT_00280,ex_1cf51b6b,노르딕 햄스트링 컬,KINETIC_CHAIN,CLOSED_CHAIN,ex_1cf51b6b,DRAFT_READY,FINAL_CLOSEOUT_2026-08-04
MOVEMENT_00281,ex_1cf51b6b,노르딕 햄스트링 컬,STABILITY_DEMAND,LOW,ex_1cf51b6b,DRAFT_READY,FINAL_CLOSEOUT_2026-08-04
MOVEMENT_00282,ex_1cf51b6b,노르딕 햄스트링 컬,MOBILITY_DEMAND,MODERATE,ex_1cf51b6b,DRAFT_READY,FINAL_CLOSEOUT_2026-08-04
MOVEMENT_00283,ex_1cf51b6b,노르딕 햄스트링 컬,MOVEMENT_FAMILY,NORDIC_HAMSTRING_ECCENTRIC,ex_1cf51b6b,DRAFT_READY,FINAL_CLOSEOUT_2026-08-04
MOVEMENT_00284,ex_1cf51b6b,노르딕 햄스트링 컬,MOVEMENT_SUBTYPE,NORDIC_HAMSTRING_CURL,ex_1cf51b6b,DRAFT_READY,FINAL_CLOSEOUT_2026-08-04
MOVEMENT_00285,ex_1dbee10e,머신 체스트프레스,MOVEMENT_PATTERN,HORIZONTAL_PUSH,ex_1dbee10e,REVIEW_RECOMMENDED,FINAL_CLOSEOUT_2026-08-04
MOVEMENT_00286,ex_1dbee10e,머신 체스트프레스,JOINT_ACTION,ELBOW_EXTENSION,ex_1dbee10e,REVIEW_RECOMMENDED,FINAL_CLOSEOUT_2026-08-04
MOVEMENT_00287,ex_1dbee10e,머신 체스트프레스,JOINT_ACTION,ELBOW_FLEXION,ex_1dbee10e,REVIEW_RECOMMENDED,FINAL_CLOSEOUT_2026-08-04
MOVEMENT_00288,ex_1dbee10e,머신 체스트프레스,JOINT_ACTION,SHOULDER_HORIZONTAL_ABDUCTION,ex_1dbee10e,REVIEW_RECOMMENDED,FINAL_CLOSEOUT_2026-08-04
MOVEMENT_00289,ex_1dbee10e,머신 체스트프레스,JOINT_ACTION,SHOULDER_HORIZONTAL_ADDUCTION,ex_1dbee10e,REVIEW_RECOMMENDED,FINAL_CLOSEOUT_2026-08-04
MOVEMENT_00290,ex_1dbee10e,머신 체스트프레스,KINETIC_CHAIN,OPEN_CHAIN,ex_1dbee10e,REVIEW_RECOMMENDED,FINAL_CLOSEOUT_2026-08-04
MOVEMENT_00291,ex_1dbee10e,머신 체스트프레스,STABILITY_DEMAND,LOW,ex_1dbee10e,REVIEW_RECOMMENDED,FINAL_CLOSEOUT_2026-08-04
MOVEMENT_00292,ex_1dbee10e,머신 체스트프레스,MOBILITY_DEMAND,MODERATE,ex_1dbee10e,REVIEW_RECOMMENDED,FINAL_CLOSEOUT_2026-08-04
MOVEMENT_00293,ex_1dbee10e,머신 체스트프레스,MOVEMENT_FAMILY,BENCH_PRESS_DUMBBELL_PRESS_MACHINE_PRESS_VARIANTS,ex_1dbee10e,REVIEW_RECOMMENDED,FINAL_CLOSEOUT_2026-08-04
MOVEMENT_00294,ex_1dbee10e,머신 체스트프레스,MOVEMENT_SUBTYPE,MACHINE_CHEST_PRESS,ex_1dbee10e,REVIEW_RECOMMENDED,FINAL_CLOSEOUT_2026-08-04
MOVEMENT_00295,ex_2055b629,애질리티 래더,MOVEMENT_PATTERN,GAIT,ex_2055b629,REVIEW_RECOMMENDED,FINAL_CLOSEOUT_2026-08-04
MOVEMENT_00296,ex_2055b629,애질리티 래더,MOVEMENT_PATTERN,STEP,ex_2055b629,REVIEW_RECOMMENDED,FINAL_CLOSEOUT_2026-08-04
MOVEMENT_00297,ex_2055b629,애질리티 래더,MOVEMENT_EVENT,ACCELERATION,ex_2055b629,REVIEW_RECOMMENDED,FINAL_CLOSEOUT_2026-08-04
MOVEMENT_00298,ex_2055b629,애질리티 래더,MOVEMENT_EVENT,CHANGE_OF_DIRECTION,ex_2055b629,REVIEW_RECOMMENDED,FINAL_CLOSEOUT_2026-08-04
MOVEMENT_00299,ex_2055b629,애질리티 래더,MOVEMENT_EVENT,DECELERATION,ex_2055b629,REVIEW_RECOMMENDED,FINAL_CLOSEOUT_2026-08-04
MOVEMENT_00300,ex_2055b629,애질리티 래더,STABILITY_DEMAND,HIGH,ex_2055b629,REVIEW_RECOMMENDED,FINAL_CLOSEOUT_2026-08-04
MOVEMENT_00301,ex_2055b629,애질리티 래더,MOBILITY_DEMAND,MODERATE,ex_2055b629,REVIEW_RECOMMENDED,FINAL_CLOSEOUT_2026-08-04
MOVEMENT_00302,ex_2055b629,애질리티 래더,MOVEMENT_FAMILY,FOOTWORK_SPLIT_STEP_REACTION_DRILL_VARIANTS,ex_2055b629,REVIEW_RECOMMENDED,FINAL_CLOSEOUT_2026-08-04
MOVEMENT_00303,ex_2055b629,애질리티 래더,MOVEMENT_SUBTYPE,AGILITY_LADDER,ex_2055b629,REVIEW_RECOMMENDED,FINAL_CLOSEOUT_2026-08-04
MOVEMENT_00304,ex_216351a1,가벼운 콕줍기,MOVEMENT_PATTERN,GAIT,ex_216351a1,REVIEW_RECOMMENDED,FINAL_CLOSEOUT_2026-08-04
MOVEMENT_00305,ex_216351a1,가벼운 콕줍기,MOVEMENT_PATTERN,STEP,ex_216351a1,REVIEW_RECOMMENDED,FINAL_CLOSEOUT_2026-08-04
MOVEMENT_00306,ex_216351a1,가벼운 콕줍기,MOVEMENT_EVENT,ACCELERATION,ex_216351a1,REVIEW_RECOMMENDED,FINAL_CLOSEOUT_2026-08-04
MOVEMENT_00307,ex_216351a1,가벼운 콕줍기,MOVEMENT_EVENT,CHANGE_OF_DIRECTION,ex_216351a1,REVIEW_RECOMMENDED,FINAL_CLOSEOUT_2026-08-04
MOVEMENT_00308,ex_216351a1,가벼운 콕줍기,MOVEMENT_EVENT,DECELERATION,ex_216351a1,REVIEW_RECOMMENDED,FINAL_CLOSEOUT_2026-08-04
MOVEMENT_00309,ex_216351a1,가벼운 콕줍기,STABILITY_DEMAND,HIGH,ex_216351a1,REVIEW_RECOMMENDED,FINAL_CLOSEOUT_2026-08-04
MOVEMENT_00310,ex_216351a1,가벼운 콕줍기,MOBILITY_DEMAND,MODERATE,ex_216351a1,REVIEW_RECOMMENDED,FINAL_CLOSEOUT_2026-08-04
MOVEMENT_00311,ex_216351a1,가벼운 콕줍기,MOVEMENT_FAMILY,FOOTWORK_SPLIT_STEP_REACTION_DRILL_VARIANTS,ex_216351a1,REVIEW_RECOMMENDED,FINAL_CLOSEOUT_2026-08-04
MOVEMENT_00312,ex_216351a1,가벼운 콕줍기,MOVEMENT_SUBTYPE,LIGHT_SHUTTLE_PICKUP,ex_216351a1,REVIEW_RECOMMENDED,FINAL_CLOSEOUT_2026-08-04
MOVEMENT_00313,ex_27b3deb5,클로즈그립 벤치프레스,MOVEMENT_PATTERN,HORIZONTAL_PUSH,ex_27b3deb5,DRAFT_READY,FINAL_CLOSEOUT_2026-08-04
MOVEMENT_00314,ex_27b3deb5,클로즈그립 벤치프레스,JOINT_ACTION,ELBOW_EXTENSION,ex_27b3deb5,DRAFT_READY,FINAL_CLOSEOUT_2026-08-04
MOVEMENT_00315,ex_27b3deb5,클로즈그립 벤치프레스,JOINT_ACTION,ELBOW_FLEXION,ex_27b3deb5,DRAFT_READY,FINAL_CLOSEOUT_2026-08-04
MOVEMENT_00316,ex_27b3deb5,클로즈그립 벤치프레스,JOINT_ACTION,SHOULDER_HORIZONTAL_ABDUCTION,ex_27b3deb5,DRAFT_READY,FINAL_CLOSEOUT_2026-08-04
MOVEMENT_00317,ex_27b3deb5,클로즈그립 벤치프레스,JOINT_ACTION,SHOULDER_HORIZONTAL_ADDUCTION,ex_27b3deb5,DRAFT_READY,FINAL_CLOSEOUT_2026-08-04
MOVEMENT_00318,ex_27b3deb5,클로즈그립 벤치프레스,KINETIC_CHAIN,OPEN_CHAIN,ex_27b3deb5,DRAFT_READY,FINAL_CLOSEOUT_2026-08-04
MOVEMENT_00319,ex_27b3deb5,클로즈그립 벤치프레스,STABILITY_DEMAND,MODERATE,ex_27b3deb5,DRAFT_READY,FINAL_CLOSEOUT_2026-08-04
MOVEMENT_00320,ex_27b3deb5,클로즈그립 벤치프레스,MOBILITY_DEMAND,MODERATE,ex_27b3deb5,DRAFT_READY,FINAL_CLOSEOUT_2026-08-04
MOVEMENT_00321,ex_27b3deb5,클로즈그립 벤치프레스,MOVEMENT_FAMILY,BENCH_PRESS_DUMBBELL_PRESS_MACHINE_PRESS_VARIANTS,ex_27b3deb5,DRAFT_READY,FINAL_CLOSEOUT_2026-08-04
MOVEMENT_00322,ex_27b3deb5,클로즈그립 벤치프레스,MOVEMENT_SUBTYPE,CLOSE_GRIP_BENCH_PRESS_TRICEPS_EMPHASIS,ex_27b3deb5,DRAFT_READY,FINAL_CLOSEOUT_2026-08-04
MOVEMENT_00323,ex_281347da,덤벨 컬,JOINT_ACTION,ELBOW_EXTENSION,ex_281347da,DRAFT_READY,FINAL_CLOSEOUT_2026-08-04
MOVEMENT_00324,ex_281347da,덤벨 컬,JOINT_ACTION,ELBOW_FLEXION,ex_281347da,DRAFT_READY,FINAL_CLOSEOUT_2026-08-04
MOVEMENT_00325,ex_281347da,덤벨 컬,KINETIC_CHAIN,OPEN_CHAIN,ex_281347da,DRAFT_READY,FINAL_CLOSEOUT_2026-08-04
MOVEMENT_00326,ex_281347da,덤벨 컬,STABILITY_DEMAND,LOW,ex_281347da,DRAFT_READY,FINAL_CLOSEOUT_2026-08-04
MOVEMENT_00327,ex_281347da,덤벨 컬,MOBILITY_DEMAND,LOW,ex_281347da,DRAFT_READY,FINAL_CLOSEOUT_2026-08-04
MOVEMENT_00328,ex_281347da,덤벨 컬,MOVEMENT_FAMILY,ELBOW_FLEXION_BICEPS_CURL_VARIANTS,ex_281347da,DRAFT_READY,FINAL_CLOSEOUT_2026-08-04
MOVEMENT_00329,ex_281347da,덤벨 컬,MOVEMENT_SUBTYPE,DUMBBELL_CURL,ex_281347da,DRAFT_READY,FINAL_CLOSEOUT_2026-08-04
MOVEMENT_00330,ex_2822ec2e,레그 컬,JOINT_ACTION,KNEE_EXTENSION,ex_2822ec2e,DRAFT_READY,FINAL_CLOSEOUT_2026-08-04
MOVEMENT_00331,ex_2822ec2e,레그 컬,JOINT_ACTION,KNEE_FLEXION,ex_2822ec2e,DRAFT_READY,FINAL_CLOSEOUT_2026-08-04
MOVEMENT_00332,ex_2822ec2e,레그 컬,KINETIC_CHAIN,OPEN_CHAIN,ex_2822ec2e,DRAFT_READY,FINAL_CLOSEOUT_2026-08-04
MOVEMENT_00333,ex_2822ec2e,레그 컬,STABILITY_DEMAND,LOW,ex_2822ec2e,DRAFT_READY,FINAL_CLOSEOUT_2026-08-04
MOVEMENT_00334,ex_2822ec2e,레그 컬,MOBILITY_DEMAND,LOW,ex_2822ec2e,DRAFT_READY,FINAL_CLOSEOUT_2026-08-04
MOVEMENT_00335,ex_2822ec2e,레그 컬,MOVEMENT_FAMILY,HAMSTRING_CURL_VARIANTS,ex_2822ec2e,DRAFT_READY,FINAL_CLOSEOUT_2026-08-04
MOVEMENT_00336,ex_2822ec2e,레그 컬,MOVEMENT_SUBTYPE,LEG_CURL,ex_2822ec2e,DRAFT_READY,FINAL_CLOSEOUT_2026-08-04
MOVEMENT_00337,ex_282a9d87,링 로우,MOVEMENT_PATTERN,HORIZONTAL_PULL,ex_282a9d87,DRAFT_READY,FINAL_CLOSEOUT_2026-08-04
MOVEMENT_00338,ex_282a9d87,링 로우,JOINT_ACTION,ELBOW_EXTENSION,ex_282a9d87,DRAFT_READY,FINAL_CLOSEOUT_2026-08-04
MOVEMENT_00339,ex_282a9d87,링 로우,JOINT_ACTION,ELBOW_FLEXION,ex_282a9d87,DRAFT_READY,FINAL_CLOSEOUT_2026-08-04
MOVEMENT_00340,ex_282a9d87,링 로우,JOINT_ACTION,SCAPULAR_PROTRACTION,ex_282a9d87,DRAFT_READY,FINAL_CLOSEOUT_2026-08-04
MOVEMENT_00341,ex_282a9d87,링 로우,JOINT_ACTION,SCAPULAR_RETRACTION,ex_282a9d87,DRAFT_READY,FINAL_CLOSEOUT_2026-08-04
MOVEMENT_00342,ex_282a9d87,링 로우,JOINT_ACTION,SHOULDER_EXTENSION,ex_282a9d87,DRAFT_READY,FINAL_CLOSEOUT_2026-08-04
MOVEMENT_00343,ex_282a9d87,링 로우,JOINT_ACTION,SHOULDER_FLEXION,ex_282a9d87,DRAFT_READY,FINAL_CLOSEOUT_2026-08-04
MOVEMENT_00344,ex_282a9d87,링 로우,KINETIC_CHAIN,CLOSED_CHAIN,ex_282a9d87,DRAFT_READY,FINAL_CLOSEOUT_2026-08-04
MOVEMENT_00345,ex_282a9d87,링 로우,STABILITY_DEMAND,HIGH,ex_282a9d87,DRAFT_READY,FINAL_CLOSEOUT_2026-08-04
MOVEMENT_00346,ex_282a9d87,링 로우,MOBILITY_DEMAND,MODERATE,ex_282a9d87,DRAFT_READY,FINAL_CLOSEOUT_2026-08-04
MOVEMENT_00347,ex_282a9d87,링 로우,MOVEMENT_FAMILY,ROW_VARIANTS,ex_282a9d87,DRAFT_READY,FINAL_CLOSEOUT_2026-08-04
MOVEMENT_00348,ex_282a9d87,링 로우,MOVEMENT_SUBTYPE,RING_ROW,ex_282a9d87,DRAFT_READY,FINAL_CLOSEOUT_2026-08-04
MOVEMENT_00349,ex_28347c1f,버드독,MOVEMENT_PATTERN,TRUNK_BRACE,ex_28347c1f,REVIEW_RECOMMENDED,FINAL_CLOSEOUT_2026-08-04
MOVEMENT_00350,ex_28347c1f,버드독,JOINT_ACTION,HIP_EXTENSION,ex_28347c1f,REVIEW_RECOMMENDED,FINAL_CLOSEOUT_2026-08-04
MOVEMENT_00351,ex_28347c1f,버드독,JOINT_ACTION,HIP_FLEXION,ex_28347c1f,REVIEW_RECOMMENDED,FINAL_CLOSEOUT_2026-08-04
MOVEMENT_00352,ex_28347c1f,버드독,JOINT_ACTION,SHOULDER_EXTENSION,ex_28347c1f,REVIEW_RECOMMENDED,FINAL_CLOSEOUT_2026-08-04
MOVEMENT_00353,ex_28347c1f,버드독,JOINT_ACTION,SHOULDER_FLEXION,ex_28347c1f,REVIEW_RECOMMENDED,FINAL_CLOSEOUT_2026-08-04
MOVEMENT_00354,ex_28347c1f,버드독,STABILITY_DEMAND,HIGH,ex_28347c1f,REVIEW_RECOMMENDED,FINAL_CLOSEOUT_2026-08-04
MOVEMENT_00355,ex_28347c1f,버드독,MOBILITY_DEMAND,LOW,ex_28347c1f,REVIEW_RECOMMENDED,FINAL_CLOSEOUT_2026-08-04
MOVEMENT_00356,ex_28347c1f,버드독,MOVEMENT_FAMILY,ANTI_ROTATION_ANTI_EXTENSION_CORE,ex_28347c1f,REVIEW_RECOMMENDED,FINAL_CLOSEOUT_2026-08-04
MOVEMENT_00357,ex_28347c1f,버드독,MOVEMENT_SUBTYPE,BIRD_DOG,ex_28347c1f,REVIEW_RECOMMENDED,FINAL_CLOSEOUT_2026-08-04
MOVEMENT_00358,ex_284ecca6,슈퍼맨,MOVEMENT_PATTERN,TRUNK_EXTENSION,ex_284ecca6,DRAFT_READY,FINAL_CLOSEOUT_2026-08-04
MOVEMENT_00359,ex_284ecca6,슈퍼맨,JOINT_ACTION,LUMBAR_EXTENSION,ex_284ecca6,DRAFT_READY,FINAL_CLOSEOUT_2026-08-04
MOVEMENT_00360,ex_284ecca6,슈퍼맨,JOINT_ACTION,LUMBAR_FLEXION,ex_284ecca6,DRAFT_READY,FINAL_CLOSEOUT_2026-08-04
MOVEMENT_00361,ex_284ecca6,슈퍼맨,JOINT_ACTION,THORACIC_EXTENSION,ex_284ecca6,DRAFT_READY,FINAL_CLOSEOUT_2026-08-04
MOVEMENT_00362,ex_284ecca6,슈퍼맨,JOINT_ACTION,THORACIC_FLEXION,ex_284ecca6,DRAFT_READY,FINAL_CLOSEOUT_2026-08-04
MOVEMENT_00363,ex_284ecca6,슈퍼맨,STABILITY_DEMAND,MODERATE,ex_284ecca6,DRAFT_READY,FINAL_CLOSEOUT_2026-08-04
MOVEMENT_00364,ex_284ecca6,슈퍼맨,MOBILITY_DEMAND,MODERATE,ex_284ecca6,DRAFT_READY,FINAL_CLOSEOUT_2026-08-04
MOVEMENT_00365,ex_284ecca6,슈퍼맨,MOVEMENT_FAMILY,POSTERIOR_CHAIN_LOW_LOAD_CONTROL,ex_284ecca6,DRAFT_READY,FINAL_CLOSEOUT_2026-08-04
MOVEMENT_00366,ex_284ecca6,슈퍼맨,MOVEMENT_SUBTYPE,SUPERMAN,ex_284ecca6,DRAFT_READY,FINAL_CLOSEOUT_2026-08-04
MOVEMENT_00367,ex_28902b13,푸시업,MOVEMENT_PATTERN,HORIZONTAL_PUSH,ex_28902b13,DRAFT_READY,FINAL_CLOSEOUT_2026-08-04
MOVEMENT_00368,ex_28902b13,푸시업,JOINT_ACTION,ELBOW_EXTENSION,ex_28902b13,DRAFT_READY,FINAL_CLOSEOUT_2026-08-04
MOVEMENT_00369,ex_28902b13,푸시업,JOINT_ACTION,ELBOW_FLEXION,ex_28902b13,DRAFT_READY,FINAL_CLOSEOUT_2026-08-04
MOVEMENT_00370,ex_28902b13,푸시업,JOINT_ACTION,SHOULDER_HORIZONTAL_ABDUCTION,ex_28902b13,DRAFT_READY,FINAL_CLOSEOUT_2026-08-04
MOVEMENT_00371,ex_28902b13,푸시업,JOINT_ACTION,SHOULDER_HORIZONTAL_ADDUCTION,ex_28902b13,DRAFT_READY,FINAL_CLOSEOUT_2026-08-04
MOVEMENT_00372,ex_28902b13,푸시업,KINETIC_CHAIN,CLOSED_CHAIN,ex_28902b13,DRAFT_READY,FINAL_CLOSEOUT_2026-08-04
MOVEMENT_00373,ex_28902b13,푸시업,STABILITY_DEMAND,MODERATE,ex_28902b13,DRAFT_READY,FINAL_CLOSEOUT_2026-08-04
MOVEMENT_00374,ex_28902b13,푸시업,MOBILITY_DEMAND,MODERATE,ex_28902b13,DRAFT_READY,FINAL_CLOSEOUT_2026-08-04
MOVEMENT_00375,ex_28902b13,푸시업,MOVEMENT_FAMILY,PUSH_UP_VARIANTS,ex_28902b13,DRAFT_READY,FINAL_CLOSEOUT_2026-08-04
MOVEMENT_00376,ex_28902b13,푸시업,MOVEMENT_SUBTYPE,PUSH_UP,ex_28902b13,DRAFT_READY,FINAL_CLOSEOUT_2026-08-04
MOVEMENT_00377,ex_2892da5a,해머 컬,JOINT_ACTION,ELBOW_EXTENSION,ex_2892da5a,DRAFT_READY,FINAL_CLOSEOUT_2026-08-04
MOVEMENT_00378,ex_2892da5a,해머 컬,JOINT_ACTION,ELBOW_FLEXION,ex_2892da5a,DRAFT_READY,FINAL_CLOSEOUT_2026-08-04
MOVEMENT_00379,ex_2892da5a,해머 컬,KINETIC_CHAIN,OPEN_CHAIN,ex_2892da5a,DRAFT_READY,FINAL_CLOSEOUT_2026-08-04
MOVEMENT_00380,ex_2892da5a,해머 컬,STABILITY_DEMAND,LOW,ex_2892da5a,DRAFT_READY,FINAL_CLOSEOUT_2026-08-04
MOVEMENT_00381,ex_2892da5a,해머 컬,MOBILITY_DEMAND,LOW,ex_2892da5a,DRAFT_READY,FINAL_CLOSEOUT_2026-08-04
MOVEMENT_00382,ex_2892da5a,해머 컬,MOVEMENT_FAMILY,ELBOW_FLEXION_BRACHIALIS_BRACHIORADIALIS_VARIANTS,ex_2892da5a,DRAFT_READY,FINAL_CLOSEOUT_2026-08-04
MOVEMENT_00383,ex_2892da5a,해머 컬,MOVEMENT_SUBTYPE,HAMMER_CURL,ex_2892da5a,DRAFT_READY,FINAL_CLOSEOUT_2026-08-04
MOVEMENT_00384,ex_2a826c82,할로우 바디 홀드,MOVEMENT_PATTERN,TRUNK_BRACE,ex_2a826c82,DRAFT_READY,FINAL_CLOSEOUT_2026-08-04
MOVEMENT_00385,ex_2a826c82,할로우 바디 홀드,STABILITY_DEMAND,HIGH,ex_2a826c82,DRAFT_READY,FINAL_CLOSEOUT_2026-08-04
MOVEMENT_00386,ex_2a826c82,할로우 바디 홀드,MOBILITY_DEMAND,MODERATE,ex_2a826c82,DRAFT_READY,FINAL_CLOSEOUT_2026-08-04
MOVEMENT_00387,ex_2a826c82,할로우 바디 홀드,MOVEMENT_FAMILY,ANTI_ROTATION_ANTI_EXTENSION_CORE,ex_2a826c82,DRAFT_READY,FINAL_CLOSEOUT_2026-08-04
MOVEMENT_00388,ex_2a826c82,할로우 바디 홀드,MOVEMENT_SUBTYPE,HOLLOW_BODY_HOLD,ex_2a826c82,DRAFT_READY,FINAL_CLOSEOUT_2026-08-04
MOVEMENT_00389,ex_2f3b56d0,테니스,STABILITY_DEMAND,HIGH,ex_2f3b56d0,REVIEW_RECOMMENDED,FINAL_CLOSEOUT_2026-08-04
MOVEMENT_00390,ex_2f3b56d0,테니스,MOBILITY_DEMAND,MODERATE,ex_2f3b56d0,REVIEW_RECOMMENDED,FINAL_CLOSEOUT_2026-08-04
MOVEMENT_00391,ex_2f3b56d0,테니스,MOVEMENT_FAMILY,OTHER_SPORT_SESSION_RECORDS,ex_2f3b56d0,REVIEW_RECOMMENDED,FINAL_CLOSEOUT_2026-08-04
MOVEMENT_00392,ex_2f3b56d0,테니스,MOVEMENT_SUBTYPE,TENNIS_SESSION,ex_2f3b56d0,REVIEW_RECOMMENDED,FINAL_CLOSEOUT_2026-08-04
MOVEMENT_00393,ex_30a0e9aa,원암 덤벨 로우,MOVEMENT_PATTERN,HORIZONTAL_PULL,ex_30a0e9aa,DRAFT_READY,FINAL_CLOSEOUT_2026-08-04
MOVEMENT_00394,ex_30a0e9aa,원암 덤벨 로우,JOINT_ACTION,ELBOW_EXTENSION,ex_30a0e9aa,DRAFT_READY,FINAL_CLOSEOUT_2026-08-04
MOVEMENT_00395,ex_30a0e9aa,원암 덤벨 로우,JOINT_ACTION,ELBOW_FLEXION,ex_30a0e9aa,DRAFT_READY,FINAL_CLOSEOUT_2026-08-04
MOVEMENT_00396,ex_30a0e9aa,원암 덤벨 로우,JOINT_ACTION,SCAPULAR_PROTRACTION,ex_30a0e9aa,DRAFT_READY,FINAL_CLOSEOUT_2026-08-04
MOVEMENT_00397,ex_30a0e9aa,원암 덤벨 로우,JOINT_ACTION,SCAPULAR_RETRACTION,ex_30a0e9aa,DRAFT_READY,FINAL_CLOSEOUT_2026-08-04
MOVEMENT_00398,ex_30a0e9aa,원암 덤벨 로우,JOINT_ACTION,SHOULDER_EXTENSION,ex_30a0e9aa,DRAFT_READY,FINAL_CLOSEOUT_2026-08-04
MOVEMENT_00399,ex_30a0e9aa,원암 덤벨 로우,JOINT_ACTION,SHOULDER_FLEXION,ex_30a0e9aa,DRAFT_READY,FINAL_CLOSEOUT_2026-08-04
MOVEMENT_00400,ex_30a0e9aa,원암 덤벨 로우,KINETIC_CHAIN,OPEN_CHAIN,ex_30a0e9aa,DRAFT_READY,FINAL_CLOSEOUT_2026-08-04
MOVEMENT_00401,ex_30a0e9aa,원암 덤벨 로우,STABILITY_DEMAND,HIGH,ex_30a0e9aa,DRAFT_READY,FINAL_CLOSEOUT_2026-08-04
MOVEMENT_00402,ex_30a0e9aa,원암 덤벨 로우,MOBILITY_DEMAND,MODERATE,ex_30a0e9aa,DRAFT_READY,FINAL_CLOSEOUT_2026-08-04
MOVEMENT_00403,ex_30a0e9aa,원암 덤벨 로우,MOVEMENT_FAMILY,ROW_VARIANTS,ex_30a0e9aa,DRAFT_READY,FINAL_CLOSEOUT_2026-08-04
MOVEMENT_00404,ex_30a0e9aa,원암 덤벨 로우,MOVEMENT_SUBTYPE,ONE_ARM_ROW,ex_30a0e9aa,DRAFT_READY,FINAL_CLOSEOUT_2026-08-04
MOVEMENT_00405,ex_314df428,원레그 홉 투 스틱,MOVEMENT_PATTERN,BOUND,ex_314df428,DRAFT_READY,FINAL_CLOSEOUT_2026-08-04
MOVEMENT_00406,ex_314df428,원레그 홉 투 스틱,MOVEMENT_PATTERN,HOP,ex_314df428,DRAFT_READY,FINAL_CLOSEOUT_2026-08-04
MOVEMENT_00407,ex_314df428,원레그 홉 투 스틱,MOVEMENT_EVENT,DECELERATION,ex_314df428,DRAFT_READY,FINAL_CLOSEOUT_2026-08-04
MOVEMENT_00408,ex_314df428,원레그 홉 투 스틱,MOVEMENT_EVENT,LANDING,ex_314df428,DRAFT_READY,FINAL_CLOSEOUT_2026-08-04
MOVEMENT_00409,ex_314df428,원레그 홉 투 스틱,MOVEMENT_EVENT,STABILIZATION,ex_314df428,DRAFT_READY,FINAL_CLOSEOUT_2026-08-04
MOVEMENT_00410,ex_314df428,원레그 홉 투 스틱,MOVEMENT_EVENT,TAKEOFF,ex_314df428,DRAFT_READY,FINAL_CLOSEOUT_2026-08-04
MOVEMENT_00411,ex_314df428,원레그 홉 투 스틱,STABILITY_DEMAND,HIGH,ex_314df428,DRAFT_READY,FINAL_CLOSEOUT_2026-08-04
MOVEMENT_00412,ex_314df428,원레그 홉 투 스틱,MOBILITY_DEMAND,MODERATE,ex_314df428,DRAFT_READY,FINAL_CLOSEOUT_2026-08-04
MOVEMENT_00413,ex_314df428,원레그 홉 투 스틱,MOVEMENT_FAMILY,PLYOMETRIC_JUMP_VARIANTS,ex_314df428,DRAFT_READY,FINAL_CLOSEOUT_2026-08-04
MOVEMENT_00414,ex_314df428,원레그 홉 투 스틱,MOVEMENT_SUBTYPE,SINGLE_LEG_HOP_AND_STICK,ex_314df428,DRAFT_READY,FINAL_CLOSEOUT_2026-08-04
MOVEMENT_00415,ex_32219f7a,오버헤드 프레스,MOVEMENT_PATTERN,VERTICAL_PUSH,ex_32219f7a,DRAFT_READY,FINAL_CLOSEOUT_2026-08-04
MOVEMENT_00416,ex_32219f7a,오버헤드 프레스,JOINT_ACTION,ELBOW_EXTENSION,ex_32219f7a,DRAFT_READY,FINAL_CLOSEOUT_2026-08-04
MOVEMENT_00417,ex_32219f7a,오버헤드 프레스,JOINT_ACTION,ELBOW_FLEXION,ex_32219f7a,DRAFT_READY,FINAL_CLOSEOUT_2026-08-04
MOVEMENT_00418,ex_32219f7a,오버헤드 프레스,JOINT_ACTION,SCAPULAR_DOWNWARD_ROTATION,ex_32219f7a,DRAFT_READY,FINAL_CLOSEOUT_2026-08-04
MOVEMENT_00419,ex_32219f7a,오버헤드 프레스,JOINT_ACTION,SCAPULAR_UPWARD_ROTATION,ex_32219f7a,DRAFT_READY,FINAL_CLOSEOUT_2026-08-04
MOVEMENT_00420,ex_32219f7a,오버헤드 프레스,JOINT_ACTION,SHOULDER_EXTENSION,ex_32219f7a,DRAFT_READY,FINAL_CLOSEOUT_2026-08-04
MOVEMENT_00421,ex_32219f7a,오버헤드 프레스,JOINT_ACTION,SHOULDER_FLEXION,ex_32219f7a,DRAFT_READY,FINAL_CLOSEOUT_2026-08-04
MOVEMENT_00422,ex_32219f7a,오버헤드 프레스,KINETIC_CHAIN,OPEN_CHAIN,ex_32219f7a,DRAFT_READY,FINAL_CLOSEOUT_2026-08-04
MOVEMENT_00423,ex_32219f7a,오버헤드 프레스,STABILITY_DEMAND,MODERATE,ex_32219f7a,DRAFT_READY,FINAL_CLOSEOUT_2026-08-04
MOVEMENT_00424,ex_32219f7a,오버헤드 프레스,MOBILITY_DEMAND,HIGH,ex_32219f7a,DRAFT_READY,FINAL_CLOSEOUT_2026-08-04
MOVEMENT_00425,ex_32219f7a,오버헤드 프레스,MOVEMENT_FAMILY,OVERHEAD_PRESS_VARIANTS,ex_32219f7a,DRAFT_READY,FINAL_CLOSEOUT_2026-08-04
MOVEMENT_00426,ex_32219f7a,오버헤드 프레스,MOVEMENT_SUBTYPE,BARBELL_OVERHEAD_PRESS,ex_32219f7a,DRAFT_READY,FINAL_CLOSEOUT_2026-08-04
MOVEMENT_00427,ex_32eb8457,원암 랫풀다운,MOVEMENT_PATTERN,VERTICAL_PULL,ex_32eb8457,DRAFT_READY,FINAL_CLOSEOUT_2026-08-04
MOVEMENT_00428,ex_32eb8457,원암 랫풀다운,JOINT_ACTION,ELBOW_EXTENSION,ex_32eb8457,DRAFT_READY,FINAL_CLOSEOUT_2026-08-04
MOVEMENT_00429,ex_32eb8457,원암 랫풀다운,JOINT_ACTION,ELBOW_FLEXION,ex_32eb8457,DRAFT_READY,FINAL_CLOSEOUT_2026-08-04
MOVEMENT_00430,ex_32eb8457,원암 랫풀다운,JOINT_ACTION,SCAPULAR_DEPRESSION,ex_32eb8457,DRAFT_READY,FINAL_CLOSEOUT_2026-08-04
MOVEMENT_00431,ex_32eb8457,원암 랫풀다운,JOINT_ACTION,SCAPULAR_ELEVATION,ex_32eb8457,DRAFT_READY,FINAL_CLOSEOUT_2026-08-04
MOVEMENT_00432,ex_32eb8457,원암 랫풀다운,JOINT_ACTION,SHOULDER_ABDUCTION,ex_32eb8457,DRAFT_READY,FINAL_CLOSEOUT_2026-08-04
MOVEMENT_00433,ex_32eb8457,원암 랫풀다운,JOINT_ACTION,SHOULDER_ADDUCTION,ex_32eb8457,DRAFT_READY,FINAL_CLOSEOUT_2026-08-04
MOVEMENT_00434,ex_32eb8457,원암 랫풀다운,KINETIC_CHAIN,OPEN_CHAIN,ex_32eb8457,DRAFT_READY,FINAL_CLOSEOUT_2026-08-04
MOVEMENT_00435,ex_32eb8457,원암 랫풀다운,STABILITY_DEMAND,HIGH,ex_32eb8457,DRAFT_READY,FINAL_CLOSEOUT_2026-08-04
MOVEMENT_00436,ex_32eb8457,원암 랫풀다운,MOBILITY_DEMAND,MODERATE,ex_32eb8457,DRAFT_READY,FINAL_CLOSEOUT_2026-08-04
MOVEMENT_00437,ex_32eb8457,원암 랫풀다운,MOVEMENT_FAMILY,PULL_UP_CHIN_UP_LAT_PULLDOWN_VARIANTS,ex_32eb8457,DRAFT_READY,FINAL_CLOSEOUT_2026-08-04
MOVEMENT_00438,ex_32eb8457,원암 랫풀다운,MOVEMENT_SUBTYPE,ONE_ARM_LAT_PULLDOWN,ex_32eb8457,DRAFT_READY,FINAL_CLOSEOUT_2026-08-04
MOVEMENT_00439,ex_33841b88,6코너 풋워크,MOVEMENT_PATTERN,GAIT,ex_33841b88,DRAFT_READY,FINAL_CLOSEOUT_2026-08-04
MOVEMENT_00440,ex_33841b88,6코너 풋워크,MOVEMENT_PATTERN,STEP,ex_33841b88,DRAFT_READY,FINAL_CLOSEOUT_2026-08-04
MOVEMENT_00441,ex_33841b88,6코너 풋워크,MOVEMENT_EVENT,ACCELERATION,ex_33841b88,DRAFT_READY,FINAL_CLOSEOUT_2026-08-04
MOVEMENT_00442,ex_33841b88,6코너 풋워크,MOVEMENT_EVENT,CHANGE_OF_DIRECTION,ex_33841b88,DRAFT_READY,FINAL_CLOSEOUT_2026-08-04
MOVEMENT_00443,ex_33841b88,6코너 풋워크,MOVEMENT_EVENT,DECELERATION,ex_33841b88,DRAFT_READY,FINAL_CLOSEOUT_2026-08-04
MOVEMENT_00444,ex_33841b88,6코너 풋워크,STABILITY_DEMAND,HIGH,ex_33841b88,DRAFT_READY,FINAL_CLOSEOUT_2026-08-04
MOVEMENT_00445,ex_33841b88,6코너 풋워크,MOBILITY_DEMAND,MODERATE,ex_33841b88,DRAFT_READY,FINAL_CLOSEOUT_2026-08-04
MOVEMENT_00446,ex_33841b88,6코너 풋워크,MOVEMENT_FAMILY,FOOTWORK_SPLIT_STEP_REACTION_DRILL_VARIANTS,ex_33841b88,DRAFT_READY,FINAL_CLOSEOUT_2026-08-04
MOVEMENT_00447,ex_33841b88,6코너 풋워크,MOVEMENT_SUBTYPE,SIX_CORNER_FOOTWORK,ex_33841b88,DRAFT_READY,FINAL_CLOSEOUT_2026-08-04
MOVEMENT_00448,ex_33d2da8e,원암 머신 로우,MOVEMENT_PATTERN,HORIZONTAL_PULL,ex_33d2da8e,REVIEW_RECOMMENDED,FINAL_CLOSEOUT_2026-08-04
MOVEMENT_00449,ex_33d2da8e,원암 머신 로우,JOINT_ACTION,ELBOW_EXTENSION,ex_33d2da8e,REVIEW_RECOMMENDED,FINAL_CLOSEOUT_2026-08-04
MOVEMENT_00450,ex_33d2da8e,원암 머신 로우,JOINT_ACTION,ELBOW_FLEXION,ex_33d2da8e,REVIEW_RECOMMENDED,FINAL_CLOSEOUT_2026-08-04
MOVEMENT_00451,ex_33d2da8e,원암 머신 로우,JOINT_ACTION,SCAPULAR_PROTRACTION,ex_33d2da8e,REVIEW_RECOMMENDED,FINAL_CLOSEOUT_2026-08-04
MOVEMENT_00452,ex_33d2da8e,원암 머신 로우,JOINT_ACTION,SCAPULAR_RETRACTION,ex_33d2da8e,REVIEW_RECOMMENDED,FINAL_CLOSEOUT_2026-08-04
MOVEMENT_00453,ex_33d2da8e,원암 머신 로우,JOINT_ACTION,SHOULDER_EXTENSION,ex_33d2da8e,REVIEW_RECOMMENDED,FINAL_CLOSEOUT_2026-08-04
MOVEMENT_00454,ex_33d2da8e,원암 머신 로우,JOINT_ACTION,SHOULDER_FLEXION,ex_33d2da8e,REVIEW_RECOMMENDED,FINAL_CLOSEOUT_2026-08-04
MOVEMENT_00455,ex_33d2da8e,원암 머신 로우,KINETIC_CHAIN,OPEN_CHAIN,ex_33d2da8e,REVIEW_RECOMMENDED,FINAL_CLOSEOUT_2026-08-04
MOVEMENT_00456,ex_33d2da8e,원암 머신 로우,STABILITY_DEMAND,LOW,ex_33d2da8e,REVIEW_RECOMMENDED,FINAL_CLOSEOUT_2026-08-04
MOVEMENT_00457,ex_33d2da8e,원암 머신 로우,MOBILITY_DEMAND,MODERATE,ex_33d2da8e,REVIEW_RECOMMENDED,FINAL_CLOSEOUT_2026-08-04
MOVEMENT_00458,ex_33d2da8e,원암 머신 로우,MOVEMENT_FAMILY,ROW_VARIANTS,ex_33d2da8e,REVIEW_RECOMMENDED,FINAL_CLOSEOUT_2026-08-04
MOVEMENT_00459,ex_33d2da8e,원암 머신 로우,MOVEMENT_SUBTYPE,ONE_ARM_MACHINE_ROW,ex_33d2da8e,REVIEW_RECOMMENDED,FINAL_CLOSEOUT_2026-08-04
MOVEMENT_00460,ex_34e7d21,래터럴 바운드 투 스틱,MOVEMENT_PATTERN,BOUND,ex_34e7d21,DRAFT_READY,FINAL_CLOSEOUT_2026-08-04
MOVEMENT_00461,ex_34e7d21,래터럴 바운드 투 스틱,MOVEMENT_EVENT,DECELERATION,ex_34e7d21,DRAFT_READY,FINAL_CLOSEOUT_2026-08-04
MOVEMENT_00462,ex_34e7d21,래터럴 바운드 투 스틱,MOVEMENT_EVENT,LANDING,ex_34e7d21,DRAFT_READY,FINAL_CLOSEOUT_2026-08-04
MOVEMENT_00463,ex_34e7d21,래터럴 바운드 투 스틱,MOVEMENT_EVENT,STABILIZATION,ex_34e7d21,DRAFT_READY,FINAL_CLOSEOUT_2026-08-04
MOVEMENT_00464,ex_34e7d21,래터럴 바운드 투 스틱,MOVEMENT_EVENT,TAKEOFF,ex_34e7d21,DRAFT_READY,FINAL_CLOSEOUT_2026-08-04
MOVEMENT_00465,ex_34e7d21,래터럴 바운드 투 스틱,STABILITY_DEMAND,HIGH,ex_34e7d21,DRAFT_READY,FINAL_CLOSEOUT_2026-08-04
MOVEMENT_00466,ex_34e7d21,래터럴 바운드 투 스틱,MOBILITY_DEMAND,MODERATE,ex_34e7d21,DRAFT_READY,FINAL_CLOSEOUT_2026-08-04
MOVEMENT_00467,ex_34e7d21,래터럴 바운드 투 스틱,MOVEMENT_FAMILY,LATERAL_BOUND_LANDING_DECELERATION_VARIANTS,ex_34e7d21,DRAFT_READY,FINAL_CLOSEOUT_2026-08-04
MOVEMENT_00468,ex_34e7d21,래터럴 바운드 투 스틱,MOVEMENT_SUBTYPE,LATERAL_BOUND_TO_STICK,ex_34e7d21,DRAFT_READY,FINAL_CLOSEOUT_2026-08-04
MOVEMENT_00469,ex_377448a9,스플릿 스텝 후 좌우 런지,MOVEMENT_PATTERN,HOP,ex_377448a9,DRAFT_READY,FINAL_CLOSEOUT_2026-08-04
MOVEMENT_00470,ex_377448a9,스플릿 스텝 후 좌우 런지,MOVEMENT_PATTERN,LUNGE,ex_377448a9,DRAFT_READY,FINAL_CLOSEOUT_2026-08-04
MOVEMENT_00471,ex_377448a9,스플릿 스텝 후 좌우 런지,MOVEMENT_PATTERN,STEP,ex_377448a9,DRAFT_READY,FINAL_CLOSEOUT_2026-08-04
MOVEMENT_00472,ex_377448a9,스플릿 스텝 후 좌우 런지,JOINT_ACTION,ANKLE_DORSIFLEXION,ex_377448a9,DRAFT_READY,FINAL_CLOSEOUT_2026-08-04
MOVEMENT_00473,ex_377448a9,스플릿 스텝 후 좌우 런지,JOINT_ACTION,ANKLE_PLANTARFLEXION,ex_377448a9,DRAFT_READY,FINAL_CLOSEOUT_2026-08-04
MOVEMENT_00474,ex_377448a9,스플릿 스텝 후 좌우 런지,JOINT_ACTION,HIP_EXTENSION,ex_377448a9,DRAFT_READY,FINAL_CLOSEOUT_2026-08-04
MOVEMENT_00475,ex_377448a9,스플릿 스텝 후 좌우 런지,JOINT_ACTION,HIP_FLEXION,ex_377448a9,DRAFT_READY,FINAL_CLOSEOUT_2026-08-04
MOVEMENT_00476,ex_377448a9,스플릿 스텝 후 좌우 런지,JOINT_ACTION,KNEE_EXTENSION,ex_377448a9,DRAFT_READY,FINAL_CLOSEOUT_2026-08-04
MOVEMENT_00477,ex_377448a9,스플릿 스텝 후 좌우 런지,JOINT_ACTION,KNEE_FLEXION,ex_377448a9,DRAFT_READY,FINAL_CLOSEOUT_2026-08-04
MOVEMENT_00478,ex_377448a9,스플릿 스텝 후 좌우 런지,MOVEMENT_EVENT,LANDING,ex_377448a9,DRAFT_READY,FINAL_CLOSEOUT_2026-08-04
MOVEMENT_00479,ex_377448a9,스플릿 스텝 후 좌우 런지,MOVEMENT_EVENT,REBOUND,ex_377448a9,DRAFT_READY,FINAL_CLOSEOUT_2026-08-04
MOVEMENT_00480,ex_377448a9,스플릿 스텝 후 좌우 런지,MOVEMENT_EVENT,TAKEOFF,ex_377448a9,DRAFT_READY,FINAL_CLOSEOUT_2026-08-04
MOVEMENT_00481,ex_377448a9,스플릿 스텝 후 좌우 런지,KINETIC_CHAIN,CLOSED_CHAIN,ex_377448a9,DRAFT_READY,FINAL_CLOSEOUT_2026-08-04
MOVEMENT_00482,ex_377448a9,스플릿 스텝 후 좌우 런지,STABILITY_DEMAND,HIGH,ex_377448a9,DRAFT_READY,FINAL_CLOSEOUT_2026-08-04
MOVEMENT_00483,ex_377448a9,스플릿 스텝 후 좌우 런지,MOBILITY_DEMAND,MODERATE,ex_377448a9,DRAFT_READY,FINAL_CLOSEOUT_2026-08-04
MOVEMENT_00484,ex_377448a9,스플릿 스텝 후 좌우 런지,MOVEMENT_FAMILY,BADMINTON_REACTIVE_LUNGE_FOOTWORK,ex_377448a9,DRAFT_READY,FINAL_CLOSEOUT_2026-08-04
MOVEMENT_00485,ex_377448a9,스플릿 스텝 후 좌우 런지,MOVEMENT_SUBTYPE,SPLIT_STEP_LATERAL_REACTIVE_LUNGE,ex_377448a9,DRAFT_READY,FINAL_CLOSEOUT_2026-08-04
MOVEMENT_00486,ex_389920ab,글루트 브릿지,JOINT_ACTION,HIP_EXTENSION,ex_389920ab,DRAFT_READY,FINAL_CLOSEOUT_2026-08-04
MOVEMENT_00487,ex_389920ab,글루트 브릿지,JOINT_ACTION,HIP_FLEXION,ex_389920ab,DRAFT_READY,FINAL_CLOSEOUT_2026-08-04
MOVEMENT_00488,ex_389920ab,글루트 브릿지,KINETIC_CHAIN,CLOSED_CHAIN,ex_389920ab,DRAFT_READY,FINAL_CLOSEOUT_2026-08-04
MOVEMENT_00489,ex_389920ab,글루트 브릿지,STABILITY_DEMAND,LOW,ex_389920ab,DRAFT_READY,FINAL_CLOSEOUT_2026-08-04
MOVEMENT_00490,ex_389920ab,글루트 브릿지,MOBILITY_DEMAND,LOW,ex_389920ab,DRAFT_READY,FINAL_CLOSEOUT_2026-08-04
MOVEMENT_00491,ex_389920ab,글루트 브릿지,MOVEMENT_FAMILY,HIP_THRUST_GLUTE_BRIDGE_VARIANTS,ex_389920ab,DRAFT_READY,FINAL_CLOSEOUT_2026-08-04
MOVEMENT_00492,ex_389920ab,글루트 브릿지,MOVEMENT_SUBTYPE,GLUTE_BRIDGE,ex_389920ab,DRAFT_READY,FINAL_CLOSEOUT_2026-08-04
MOVEMENT_00493,ex_389e0556,원암 덤벨 벤치프레스,MOVEMENT_PATTERN,HORIZONTAL_PUSH,ex_389e0556,DRAFT_READY,FINAL_CLOSEOUT_2026-08-04
MOVEMENT_00494,ex_389e0556,원암 덤벨 벤치프레스,JOINT_ACTION,ELBOW_EXTENSION,ex_389e0556,DRAFT_READY,FINAL_CLOSEOUT_2026-08-04
MOVEMENT_00495,ex_389e0556,원암 덤벨 벤치프레스,JOINT_ACTION,ELBOW_FLEXION,ex_389e0556,DRAFT_READY,FINAL_CLOSEOUT_2026-08-04
MOVEMENT_00496,ex_389e0556,원암 덤벨 벤치프레스,JOINT_ACTION,SHOULDER_HORIZONTAL_ABDUCTION,ex_389e0556,DRAFT_READY,FINAL_CLOSEOUT_2026-08-04
MOVEMENT_00497,ex_389e0556,원암 덤벨 벤치프레스,JOINT_ACTION,SHOULDER_HORIZONTAL_ADDUCTION,ex_389e0556,DRAFT_READY,FINAL_CLOSEOUT_2026-08-04
MOVEMENT_00498,ex_389e0556,원암 덤벨 벤치프레스,KINETIC_CHAIN,OPEN_CHAIN,ex_389e0556,DRAFT_READY,FINAL_CLOSEOUT_2026-08-04
MOVEMENT_00499,ex_389e0556,원암 덤벨 벤치프레스,STABILITY_DEMAND,HIGH,ex_389e0556,DRAFT_READY,FINAL_CLOSEOUT_2026-08-04
MOVEMENT_00500,ex_389e0556,원암 덤벨 벤치프레스,MOBILITY_DEMAND,MODERATE,ex_389e0556,DRAFT_READY,FINAL_CLOSEOUT_2026-08-04
MOVEMENT_00501,ex_389e0556,원암 덤벨 벤치프레스,MOVEMENT_FAMILY,BENCH_PRESS_DUMBBELL_PRESS_MACHINE_PRESS_VARIANTS,ex_389e0556,DRAFT_READY,FINAL_CLOSEOUT_2026-08-04
MOVEMENT_00502,ex_389e0556,원암 덤벨 벤치프레스,MOVEMENT_SUBTYPE,ONE_ARM_DUMBBELL_BENCH_PRESS,ex_389e0556,DRAFT_READY,FINAL_CLOSEOUT_2026-08-04
MOVEMENT_00503,ex_3a7d3eda,덤벨 벤치프레스,MOVEMENT_PATTERN,HORIZONTAL_PUSH,ex_3a7d3eda,DRAFT_READY,FINAL_CLOSEOUT_2026-08-04
MOVEMENT_00504,ex_3a7d3eda,덤벨 벤치프레스,JOINT_ACTION,ELBOW_EXTENSION,ex_3a7d3eda,DRAFT_READY,FINAL_CLOSEOUT_2026-08-04
MOVEMENT_00505,ex_3a7d3eda,덤벨 벤치프레스,JOINT_ACTION,ELBOW_FLEXION,ex_3a7d3eda,DRAFT_READY,FINAL_CLOSEOUT_2026-08-04
MOVEMENT_00506,ex_3a7d3eda,덤벨 벤치프레스,JOINT_ACTION,SHOULDER_HORIZONTAL_ABDUCTION,ex_3a7d3eda,DRAFT_READY,FINAL_CLOSEOUT_2026-08-04
MOVEMENT_00507,ex_3a7d3eda,덤벨 벤치프레스,JOINT_ACTION,SHOULDER_HORIZONTAL_ADDUCTION,ex_3a7d3eda,DRAFT_READY,FINAL_CLOSEOUT_2026-08-04
MOVEMENT_00508,ex_3a7d3eda,덤벨 벤치프레스,KINETIC_CHAIN,OPEN_CHAIN,ex_3a7d3eda,DRAFT_READY,FINAL_CLOSEOUT_2026-08-04
MOVEMENT_00509,ex_3a7d3eda,덤벨 벤치프레스,STABILITY_DEMAND,MODERATE,ex_3a7d3eda,DRAFT_READY,FINAL_CLOSEOUT_2026-08-04
MOVEMENT_00510,ex_3a7d3eda,덤벨 벤치프레스,MOBILITY_DEMAND,MODERATE,ex_3a7d3eda,DRAFT_READY,FINAL_CLOSEOUT_2026-08-04
MOVEMENT_00511,ex_3a7d3eda,덤벨 벤치프레스,MOVEMENT_FAMILY,BENCH_PRESS_DUMBBELL_PRESS_MACHINE_PRESS_VARIANTS,ex_3a7d3eda,DRAFT_READY,FINAL_CLOSEOUT_2026-08-04
MOVEMENT_00512,ex_3a7d3eda,덤벨 벤치프레스,MOVEMENT_SUBTYPE,DUMBBELL_BENCH_PRESS,ex_3a7d3eda,DRAFT_READY,FINAL_CLOSEOUT_2026-08-04
MOVEMENT_00513,ex_3c3692aa,케이블 원암 로우,MOVEMENT_PATTERN,HORIZONTAL_PULL,ex_3c3692aa,DRAFT_READY,FINAL_CLOSEOUT_2026-08-04
MOVEMENT_00514,ex_3c3692aa,케이블 원암 로우,JOINT_ACTION,ELBOW_EXTENSION,ex_3c3692aa,DRAFT_READY,FINAL_CLOSEOUT_2026-08-04
MOVEMENT_00515,ex_3c3692aa,케이블 원암 로우,JOINT_ACTION,ELBOW_FLEXION,ex_3c3692aa,DRAFT_READY,FINAL_CLOSEOUT_2026-08-04
MOVEMENT_00516,ex_3c3692aa,케이블 원암 로우,JOINT_ACTION,SCAPULAR_PROTRACTION,ex_3c3692aa,DRAFT_READY,FINAL_CLOSEOUT_2026-08-04
MOVEMENT_00517,ex_3c3692aa,케이블 원암 로우,JOINT_ACTION,SCAPULAR_RETRACTION,ex_3c3692aa,DRAFT_READY,FINAL_CLOSEOUT_2026-08-04
MOVEMENT_00518,ex_3c3692aa,케이블 원암 로우,JOINT_ACTION,SHOULDER_EXTENSION,ex_3c3692aa,DRAFT_READY,FINAL_CLOSEOUT_2026-08-04
MOVEMENT_00519,ex_3c3692aa,케이블 원암 로우,JOINT_ACTION,SHOULDER_FLEXION,ex_3c3692aa,DRAFT_READY,FINAL_CLOSEOUT_2026-08-04
MOVEMENT_00520,ex_3c3692aa,케이블 원암 로우,KINETIC_CHAIN,OPEN_CHAIN,ex_3c3692aa,DRAFT_READY,FINAL_CLOSEOUT_2026-08-04
MOVEMENT_00521,ex_3c3692aa,케이블 원암 로우,STABILITY_DEMAND,HIGH,ex_3c3692aa,DRAFT_READY,FINAL_CLOSEOUT_2026-08-04
MOVEMENT_00522,ex_3c3692aa,케이블 원암 로우,MOBILITY_DEMAND,MODERATE,ex_3c3692aa,DRAFT_READY,FINAL_CLOSEOUT_2026-08-04
MOVEMENT_00523,ex_3c3692aa,케이블 원암 로우,MOVEMENT_FAMILY,ROW_VARIANTS,ex_3c3692aa,DRAFT_READY,FINAL_CLOSEOUT_2026-08-04
MOVEMENT_00524,ex_3c3692aa,케이블 원암 로우,MOVEMENT_SUBTYPE,ONE_ARM_CABLE_ROW,ex_3c3692aa,DRAFT_READY,FINAL_CLOSEOUT_2026-08-04
MOVEMENT_00525,ex_3caa236b,파이크 푸시업,MOVEMENT_PATTERN,VERTICAL_PUSH,ex_3caa236b,REVIEW_RECOMMENDED,FINAL_CLOSEOUT_2026-08-04
MOVEMENT_00526,ex_3caa236b,파이크 푸시업,JOINT_ACTION,ELBOW_EXTENSION,ex_3caa236b,REVIEW_RECOMMENDED,FINAL_CLOSEOUT_2026-08-04
MOVEMENT_00527,ex_3caa236b,파이크 푸시업,JOINT_ACTION,ELBOW_FLEXION,ex_3caa236b,REVIEW_RECOMMENDED,FINAL_CLOSEOUT_2026-08-04
MOVEMENT_00528,ex_3caa236b,파이크 푸시업,JOINT_ACTION,SCAPULAR_DOWNWARD_ROTATION,ex_3caa236b,REVIEW_RECOMMENDED,FINAL_CLOSEOUT_2026-08-04
MOVEMENT_00529,ex_3caa236b,파이크 푸시업,JOINT_ACTION,SCAPULAR_UPWARD_ROTATION,ex_3caa236b,REVIEW_RECOMMENDED,FINAL_CLOSEOUT_2026-08-04
MOVEMENT_00530,ex_3caa236b,파이크 푸시업,JOINT_ACTION,SHOULDER_EXTENSION,ex_3caa236b,REVIEW_RECOMMENDED,FINAL_CLOSEOUT_2026-08-04
MOVEMENT_00531,ex_3caa236b,파이크 푸시업,JOINT_ACTION,SHOULDER_FLEXION,ex_3caa236b,REVIEW_RECOMMENDED,FINAL_CLOSEOUT_2026-08-04
MOVEMENT_00532,ex_3caa236b,파이크 푸시업,JOINT_ACTION,SHOULDER_HORIZONTAL_ABDUCTION,ex_3caa236b,REVIEW_RECOMMENDED,FINAL_CLOSEOUT_2026-08-04
MOVEMENT_00533,ex_3caa236b,파이크 푸시업,JOINT_ACTION,SHOULDER_HORIZONTAL_ADDUCTION,ex_3caa236b,REVIEW_RECOMMENDED,FINAL_CLOSEOUT_2026-08-04
MOVEMENT_00534,ex_3caa236b,파이크 푸시업,KINETIC_CHAIN,CLOSED_CHAIN,ex_3caa236b,REVIEW_RECOMMENDED,FINAL_CLOSEOUT_2026-08-04
MOVEMENT_00535,ex_3caa236b,파이크 푸시업,STABILITY_DEMAND,MODERATE,ex_3caa236b,REVIEW_RECOMMENDED,FINAL_CLOSEOUT_2026-08-04
MOVEMENT_00536,ex_3caa236b,파이크 푸시업,MOBILITY_DEMAND,HIGH,ex_3caa236b,REVIEW_RECOMMENDED,FINAL_CLOSEOUT_2026-08-04
MOVEMENT_00537,ex_3caa236b,파이크 푸시업,MOVEMENT_FAMILY,BODYWEIGHT_VERTICAL_PUSH_VARIANTS,ex_3caa236b,REVIEW_RECOMMENDED,FINAL_CLOSEOUT_2026-08-04
MOVEMENT_00538,ex_3caa236b,파이크 푸시업,MOVEMENT_SUBTYPE,PIKE_PUSH_UP,ex_3caa236b,REVIEW_RECOMMENDED,FINAL_CLOSEOUT_2026-08-04
MOVEMENT_00539,ex_3d5719de,원암 케이블 컬,JOINT_ACTION,ELBOW_EXTENSION,ex_3d5719de,DRAFT_READY,FINAL_CLOSEOUT_2026-08-04
MOVEMENT_00540,ex_3d5719de,원암 케이블 컬,JOINT_ACTION,ELBOW_FLEXION,ex_3d5719de,DRAFT_READY,FINAL_CLOSEOUT_2026-08-04
MOVEMENT_00541,ex_3d5719de,원암 케이블 컬,KINETIC_CHAIN,OPEN_CHAIN,ex_3d5719de,DRAFT_READY,FINAL_CLOSEOUT_2026-08-04
MOVEMENT_00542,ex_3d5719de,원암 케이블 컬,STABILITY_DEMAND,LOW,ex_3d5719de,DRAFT_READY,FINAL_CLOSEOUT_2026-08-04
MOVEMENT_00543,ex_3d5719de,원암 케이블 컬,MOBILITY_DEMAND,LOW,ex_3d5719de,DRAFT_READY,FINAL_CLOSEOUT_2026-08-04
MOVEMENT_00544,ex_3d5719de,원암 케이블 컬,MOVEMENT_FAMILY,ELBOW_FLEXION_BICEPS_CURL_VARIANTS,ex_3d5719de,DRAFT_READY,FINAL_CLOSEOUT_2026-08-04
MOVEMENT_00545,ex_3d5719de,원암 케이블 컬,MOVEMENT_SUBTYPE,ONE_ARM_CABLE_CURL,ex_3d5719de,DRAFT_READY,FINAL_CLOSEOUT_2026-08-04
MOVEMENT_00546,ex_3f184ef9,버피,MOVEMENT_PATTERN,HORIZONTAL_PUSH,ex_3f184ef9,DRAFT_READY,FINAL_CLOSEOUT_2026-08-04
MOVEMENT_00547,ex_3f184ef9,버피,MOVEMENT_PATTERN,JUMP,ex_3f184ef9,DRAFT_READY,FINAL_CLOSEOUT_2026-08-04
MOVEMENT_00548,ex_3f184ef9,버피,MOVEMENT_PATTERN,SQUAT,ex_3f184ef9,DRAFT_READY,FINAL_CLOSEOUT_2026-08-04
MOVEMENT_00549,ex_3f184ef9,버피,JOINT_ACTION,ANKLE_DORSIFLEXION,ex_3f184ef9,DRAFT_READY,FINAL_CLOSEOUT_2026-08-04
MOVEMENT_00550,ex_3f184ef9,버피,JOINT_ACTION,ANKLE_PLANTARFLEXION,ex_3f184ef9,DRAFT_READY,FINAL_CLOSEOUT_2026-08-04
MOVEMENT_00551,ex_3f184ef9,버피,JOINT_ACTION,ELBOW_EXTENSION,ex_3f184ef9,DRAFT_READY,FINAL_CLOSEOUT_2026-08-04
MOVEMENT_00552,ex_3f184ef9,버피,JOINT_ACTION,ELBOW_FLEXION,ex_3f184ef9,DRAFT_READY,FINAL_CLOSEOUT_2026-08-04
MOVEMENT_00553,ex_3f184ef9,버피,JOINT_ACTION,HIP_EXTENSION,ex_3f184ef9,DRAFT_READY,FINAL_CLOSEOUT_2026-08-04
MOVEMENT_00554,ex_3f184ef9,버피,JOINT_ACTION,HIP_FLEXION,ex_3f184ef9,DRAFT_READY,FINAL_CLOSEOUT_2026-08-04
MOVEMENT_00555,ex_3f184ef9,버피,JOINT_ACTION,KNEE_EXTENSION,ex_3f184ef9,DRAFT_READY,FINAL_CLOSEOUT_2026-08-04
MOVEMENT_00556,ex_3f184ef9,버피,JOINT_ACTION,KNEE_FLEXION,ex_3f184ef9,DRAFT_READY,FINAL_CLOSEOUT_2026-08-04
MOVEMENT_00557,ex_3f184ef9,버피,JOINT_ACTION,SHOULDER_HORIZONTAL_ABDUCTION,ex_3f184ef9,DRAFT_READY,FINAL_CLOSEOUT_2026-08-04
MOVEMENT_00558,ex_3f184ef9,버피,JOINT_ACTION,SHOULDER_HORIZONTAL_ADDUCTION,ex_3f184ef9,DRAFT_READY,FINAL_CLOSEOUT_2026-08-04
MOVEMENT_00559,ex_3f184ef9,버피,MOVEMENT_EVENT,LANDING,ex_3f184ef9,DRAFT_READY,FINAL_CLOSEOUT_2026-08-04
MOVEMENT_00560,ex_3f184ef9,버피,MOVEMENT_EVENT,TAKEOFF,ex_3f184ef9,DRAFT_READY,FINAL_CLOSEOUT_2026-08-04
MOVEMENT_00561,ex_3f184ef9,버피,KINETIC_CHAIN,CLOSED_CHAIN,ex_3f184ef9,DRAFT_READY,FINAL_CLOSEOUT_2026-08-04
MOVEMENT_00562,ex_3f184ef9,버피,STABILITY_DEMAND,HIGH,ex_3f184ef9,DRAFT_READY,FINAL_CLOSEOUT_2026-08-04
MOVEMENT_00563,ex_3f184ef9,버피,MOBILITY_DEMAND,MODERATE,ex_3f184ef9,DRAFT_READY,FINAL_CLOSEOUT_2026-08-04
MOVEMENT_00564,ex_3f184ef9,버피,MOVEMENT_FAMILY,BODYWEIGHT_CONDITIONING_POWER,ex_3f184ef9,DRAFT_READY,FINAL_CLOSEOUT_2026-08-04
MOVEMENT_00565,ex_3f184ef9,버피,MOVEMENT_SUBTYPE,BURPEE,ex_3f184ef9,DRAFT_READY,FINAL_CLOSEOUT_2026-08-04
MOVEMENT_00566,ex_40fa57be,원암 케이블 하이 로우,MOVEMENT_PATTERN,HORIZONTAL_PULL,ex_40fa57be,DRAFT_READY,FINAL_CLOSEOUT_2026-08-04
MOVEMENT_00567,ex_40fa57be,원암 케이블 하이 로우,JOINT_ACTION,ELBOW_EXTENSION,ex_40fa57be,DRAFT_READY,FINAL_CLOSEOUT_2026-08-04
MOVEMENT_00568,ex_40fa57be,원암 케이블 하이 로우,JOINT_ACTION,ELBOW_FLEXION,ex_40fa57be,DRAFT_READY,FINAL_CLOSEOUT_2026-08-04
MOVEMENT_00569,ex_40fa57be,원암 케이블 하이 로우,JOINT_ACTION,SCAPULAR_PROTRACTION,ex_40fa57be,DRAFT_READY,FINAL_CLOSEOUT_2026-08-04
MOVEMENT_00570,ex_40fa57be,원암 케이블 하이 로우,JOINT_ACTION,SCAPULAR_RETRACTION,ex_40fa57be,DRAFT_READY,FINAL_CLOSEOUT_2026-08-04
MOVEMENT_00571,ex_40fa57be,원암 케이블 하이 로우,JOINT_ACTION,SHOULDER_EXTENSION,ex_40fa57be,DRAFT_READY,FINAL_CLOSEOUT_2026-08-04
MOVEMENT_00572,ex_40fa57be,원암 케이블 하이 로우,JOINT_ACTION,SHOULDER_FLEXION,ex_40fa57be,DRAFT_READY,FINAL_CLOSEOUT_2026-08-04
MOVEMENT_00573,ex_40fa57be,원암 케이블 하이 로우,KINETIC_CHAIN,OPEN_CHAIN,ex_40fa57be,DRAFT_READY,FINAL_CLOSEOUT_2026-08-04
MOVEMENT_00574,ex_40fa57be,원암 케이블 하이 로우,STABILITY_DEMAND,HIGH,ex_40fa57be,DRAFT_READY,FINAL_CLOSEOUT_2026-08-04
MOVEMENT_00575,ex_40fa57be,원암 케이블 하이 로우,MOBILITY_DEMAND,MODERATE,ex_40fa57be,DRAFT_READY,FINAL_CLOSEOUT_2026-08-04
MOVEMENT_00576,ex_40fa57be,원암 케이블 하이 로우,MOVEMENT_FAMILY,ROW_VARIANTS,ex_40fa57be,DRAFT_READY,FINAL_CLOSEOUT_2026-08-04
MOVEMENT_00577,ex_40fa57be,원암 케이블 하이 로우,MOVEMENT_SUBTYPE,ONE_ARM_CABLE_HIGH_ROW,ex_40fa57be,DRAFT_READY,FINAL_CLOSEOUT_2026-08-04
MOVEMENT_00578,ex_421ba24b,좌우 랜덤 콕줍기,MOVEMENT_PATTERN,GAIT,ex_421ba24b,REVIEW_RECOMMENDED,FINAL_CLOSEOUT_2026-08-04
MOVEMENT_00579,ex_421ba24b,좌우 랜덤 콕줍기,MOVEMENT_PATTERN,SHUFFLE_CHASSE,ex_421ba24b,REVIEW_RECOMMENDED,FINAL_CLOSEOUT_2026-08-04
MOVEMENT_00580,ex_421ba24b,좌우 랜덤 콕줍기,MOVEMENT_PATTERN,STEP,ex_421ba24b,REVIEW_RECOMMENDED,FINAL_CLOSEOUT_2026-08-04
MOVEMENT_00581,ex_421ba24b,좌우 랜덤 콕줍기,MOVEMENT_EVENT,ACCELERATION,ex_421ba24b,REVIEW_RECOMMENDED,FINAL_CLOSEOUT_2026-08-04
MOVEMENT_00582,ex_421ba24b,좌우 랜덤 콕줍기,MOVEMENT_EVENT,CHANGE_OF_DIRECTION,ex_421ba24b,REVIEW_RECOMMENDED,FINAL_CLOSEOUT_2026-08-04
MOVEMENT_00583,ex_421ba24b,좌우 랜덤 콕줍기,MOVEMENT_EVENT,DECELERATION,ex_421ba24b,REVIEW_RECOMMENDED,FINAL_CLOSEOUT_2026-08-04
MOVEMENT_00584,ex_421ba24b,좌우 랜덤 콕줍기,STABILITY_DEMAND,HIGH,ex_421ba24b,REVIEW_RECOMMENDED,FINAL_CLOSEOUT_2026-08-04
MOVEMENT_00585,ex_421ba24b,좌우 랜덤 콕줍기,MOBILITY_DEMAND,MODERATE,ex_421ba24b,REVIEW_RECOMMENDED,FINAL_CLOSEOUT_2026-08-04
MOVEMENT_00586,ex_421ba24b,좌우 랜덤 콕줍기,MOVEMENT_FAMILY,FOOTWORK_SPLIT_STEP_REACTION_DRILL_VARIANTS,ex_421ba24b,REVIEW_RECOMMENDED,FINAL_CLOSEOUT_2026-08-04
MOVEMENT_00587,ex_421ba24b,좌우 랜덤 콕줍기,MOVEMENT_SUBTYPE,LATERAL_RANDOM_SHUTTLE_PICKUP,ex_421ba24b,REVIEW_RECOMMENDED,FINAL_CLOSEOUT_2026-08-04
MOVEMENT_00588,ex_4255e429,앞뒤 랜덤 콕줍기,MOVEMENT_PATTERN,GAIT,ex_4255e429,REVIEW_RECOMMENDED,FINAL_CLOSEOUT_2026-08-04
MOVEMENT_00589,ex_4255e429,앞뒤 랜덤 콕줍기,MOVEMENT_PATTERN,STEP,ex_4255e429,REVIEW_RECOMMENDED,FINAL_CLOSEOUT_2026-08-04
MOVEMENT_00590,ex_4255e429,앞뒤 랜덤 콕줍기,MOVEMENT_EVENT,ACCELERATION,ex_4255e429,REVIEW_RECOMMENDED,FINAL_CLOSEOUT_2026-08-04
MOVEMENT_00591,ex_4255e429,앞뒤 랜덤 콕줍기,MOVEMENT_EVENT,CHANGE_OF_DIRECTION,ex_4255e429,REVIEW_RECOMMENDED,FINAL_CLOSEOUT_2026-08-04
MOVEMENT_00592,ex_4255e429,앞뒤 랜덤 콕줍기,MOVEMENT_EVENT,DECELERATION,ex_4255e429,REVIEW_RECOMMENDED,FINAL_CLOSEOUT_2026-08-04
MOVEMENT_00593,ex_4255e429,앞뒤 랜덤 콕줍기,STABILITY_DEMAND,HIGH,ex_4255e429,REVIEW_RECOMMENDED,FINAL_CLOSEOUT_2026-08-04
MOVEMENT_00594,ex_4255e429,앞뒤 랜덤 콕줍기,MOBILITY_DEMAND,MODERATE,ex_4255e429,REVIEW_RECOMMENDED,FINAL_CLOSEOUT_2026-08-04
MOVEMENT_00595,ex_4255e429,앞뒤 랜덤 콕줍기,MOVEMENT_FAMILY,FOOTWORK_SPLIT_STEP_REACTION_DRILL_VARIANTS,ex_4255e429,REVIEW_RECOMMENDED,FINAL_CLOSEOUT_2026-08-04
MOVEMENT_00596,ex_4255e429,앞뒤 랜덤 콕줍기,MOVEMENT_SUBTYPE,FRONT_BACK_RANDOM_SHUTTLE_PICKUP,ex_4255e429,REVIEW_RECOMMENDED,FINAL_CLOSEOUT_2026-08-04
MOVEMENT_00597,ex_442617f6,원암 케이블 플라이,JOINT_ACTION,SHOULDER_HORIZONTAL_ABDUCTION,ex_442617f6,DRAFT_READY,FINAL_CLOSEOUT_2026-08-04
MOVEMENT_00598,ex_442617f6,원암 케이블 플라이,JOINT_ACTION,SHOULDER_HORIZONTAL_ADDUCTION,ex_442617f6,DRAFT_READY,FINAL_CLOSEOUT_2026-08-04
MOVEMENT_00599,ex_442617f6,원암 케이블 플라이,KINETIC_CHAIN,OPEN_CHAIN,ex_442617f6,DRAFT_READY,FINAL_CLOSEOUT_2026-08-04
MOVEMENT_00600,ex_442617f6,원암 케이블 플라이,STABILITY_DEMAND,LOW,ex_442617f6,DRAFT_READY,FINAL_CLOSEOUT_2026-08-04
MOVEMENT_00601,ex_442617f6,원암 케이블 플라이,MOBILITY_DEMAND,LOW,ex_442617f6,DRAFT_READY,FINAL_CLOSEOUT_2026-08-04
MOVEMENT_00602,ex_442617f6,원암 케이블 플라이,MOVEMENT_FAMILY,CHEST_ISOLATION,ex_442617f6,DRAFT_READY,FINAL_CLOSEOUT_2026-08-04
MOVEMENT_00603,ex_442617f6,원암 케이블 플라이,MOVEMENT_SUBTYPE,ONE_ARM_CABLE_FLY,ex_442617f6,DRAFT_READY,FINAL_CLOSEOUT_2026-08-04
MOVEMENT_00604,ex_462c760e,체스트 서포티드 원암 머신 로우,MOVEMENT_PATTERN,HORIZONTAL_PULL,ex_462c760e,REVIEW_REQUIRED,FINAL_CLOSEOUT_2026-08-04
MOVEMENT_00605,ex_462c760e,체스트 서포티드 원암 머신 로우,JOINT_ACTION,ELBOW_EXTENSION,ex_462c760e,REVIEW_REQUIRED,FINAL_CLOSEOUT_2026-08-04
MOVEMENT_00606,ex_462c760e,체스트 서포티드 원암 머신 로우,JOINT_ACTION,ELBOW_FLEXION,ex_462c760e,REVIEW_REQUIRED,FINAL_CLOSEOUT_2026-08-04
MOVEMENT_00607,ex_462c760e,체스트 서포티드 원암 머신 로우,JOINT_ACTION,SCAPULAR_PROTRACTION,ex_462c760e,REVIEW_REQUIRED,FINAL_CLOSEOUT_2026-08-04
MOVEMENT_00608,ex_462c760e,체스트 서포티드 원암 머신 로우,JOINT_ACTION,SCAPULAR_RETRACTION,ex_462c760e,REVIEW_REQUIRED,FINAL_CLOSEOUT_2026-08-04
MOVEMENT_00609,ex_462c760e,체스트 서포티드 원암 머신 로우,JOINT_ACTION,SHOULDER_EXTENSION,ex_462c760e,REVIEW_REQUIRED,FINAL_CLOSEOUT_2026-08-04
MOVEMENT_00610,ex_462c760e,체스트 서포티드 원암 머신 로우,JOINT_ACTION,SHOULDER_FLEXION,ex_462c760e,REVIEW_REQUIRED,FINAL_CLOSEOUT_2026-08-04
MOVEMENT_00611,ex_462c760e,체스트 서포티드 원암 머신 로우,KINETIC_CHAIN,OPEN_CHAIN,ex_462c760e,REVIEW_REQUIRED,FINAL_CLOSEOUT_2026-08-04
MOVEMENT_00612,ex_462c760e,체스트 서포티드 원암 머신 로우,STABILITY_DEMAND,LOW,ex_462c760e,REVIEW_REQUIRED,FINAL_CLOSEOUT_2026-08-04
MOVEMENT_00613,ex_462c760e,체스트 서포티드 원암 머신 로우,MOBILITY_DEMAND,MODERATE,ex_462c760e,REVIEW_REQUIRED,FINAL_CLOSEOUT_2026-08-04
MOVEMENT_00614,ex_462c760e,체스트 서포티드 원암 머신 로우,MOVEMENT_FAMILY,ROW_VARIANTS,ex_462c760e,REVIEW_REQUIRED,FINAL_CLOSEOUT_2026-08-04
MOVEMENT_00615,ex_462c760e,체스트 서포티드 원암 머신 로우,MOVEMENT_SUBTYPE,CHEST_SUPPORTED_ONE_ARM_ROW,ex_462c760e,REVIEW_REQUIRED,FINAL_CLOSEOUT_2026-08-04
MOVEMENT_00616,ex_4773b6ea,린단 참고 트랙 스프린트,MOVEMENT_PATTERN,GAIT,ex_4773b6ea,DRAFT_READY,FINAL_CLOSEOUT_2026-08-04
MOVEMENT_00617,ex_4773b6ea,린단 참고 트랙 스프린트,MOVEMENT_EVENT,ACCELERATION,ex_4773b6ea,DRAFT_READY,FINAL_CLOSEOUT_2026-08-04
MOVEMENT_00618,ex_4773b6ea,린단 참고 트랙 스프린트,STABILITY_DEMAND,MODERATE,ex_4773b6ea,DRAFT_READY,FINAL_CLOSEOUT_2026-08-04
MOVEMENT_00619,ex_4773b6ea,린단 참고 트랙 스프린트,MOBILITY_DEMAND,MODERATE,ex_4773b6ea,DRAFT_READY,FINAL_CLOSEOUT_2026-08-04
MOVEMENT_00620,ex_4773b6ea,린단 참고 트랙 스프린트,MOVEMENT_FAMILY,SPRINT_ACCELERATION_CONDITIONING,ex_4773b6ea,DRAFT_READY,FINAL_CLOSEOUT_2026-08-04
MOVEMENT_00621,ex_4773b6ea,린단 참고 트랙 스프린트,MOVEMENT_SUBTYPE,TRACK_SPRINT,ex_4773b6ea,DRAFT_READY,FINAL_CLOSEOUT_2026-08-04
MOVEMENT_00622,ex_4aa3725a,머신 숄더프레스,MOVEMENT_PATTERN,VERTICAL_PUSH,ex_4aa3725a,REVIEW_RECOMMENDED,FINAL_CLOSEOUT_2026-08-04
MOVEMENT_00623,ex_4aa3725a,머신 숄더프레스,JOINT_ACTION,ELBOW_EXTENSION,ex_4aa3725a,REVIEW_RECOMMENDED,FINAL_CLOSEOUT_2026-08-04
MOVEMENT_00624,ex_4aa3725a,머신 숄더프레스,JOINT_ACTION,ELBOW_FLEXION,ex_4aa3725a,REVIEW_RECOMMENDED,FINAL_CLOSEOUT_2026-08-04
MOVEMENT_00625,ex_4aa3725a,머신 숄더프레스,JOINT_ACTION,SCAPULAR_DOWNWARD_ROTATION,ex_4aa3725a,REVIEW_RECOMMENDED,FINAL_CLOSEOUT_2026-08-04
MOVEMENT_00626,ex_4aa3725a,머신 숄더프레스,JOINT_ACTION,SCAPULAR_UPWARD_ROTATION,ex_4aa3725a,REVIEW_RECOMMENDED,FINAL_CLOSEOUT_2026-08-04
MOVEMENT_00627,ex_4aa3725a,머신 숄더프레스,JOINT_ACTION,SHOULDER_EXTENSION,ex_4aa3725a,REVIEW_RECOMMENDED,FINAL_CLOSEOUT_2026-08-04
MOVEMENT_00628,ex_4aa3725a,머신 숄더프레스,JOINT_ACTION,SHOULDER_FLEXION,ex_4aa3725a,REVIEW_RECOMMENDED,FINAL_CLOSEOUT_2026-08-04
MOVEMENT_00629,ex_4aa3725a,머신 숄더프레스,KINETIC_CHAIN,OPEN_CHAIN,ex_4aa3725a,REVIEW_RECOMMENDED,FINAL_CLOSEOUT_2026-08-04
MOVEMENT_00630,ex_4aa3725a,머신 숄더프레스,STABILITY_DEMAND,LOW,ex_4aa3725a,REVIEW_RECOMMENDED,FINAL_CLOSEOUT_2026-08-04
MOVEMENT_00631,ex_4aa3725a,머신 숄더프레스,MOBILITY_DEMAND,MODERATE,ex_4aa3725a,REVIEW_RECOMMENDED,FINAL_CLOSEOUT_2026-08-04
MOVEMENT_00632,ex_4aa3725a,머신 숄더프레스,MOVEMENT_FAMILY,OVERHEAD_PRESS_VARIANTS,ex_4aa3725a,REVIEW_RECOMMENDED,FINAL_CLOSEOUT_2026-08-04
MOVEMENT_00633,ex_4aa3725a,머신 숄더프레스,MOVEMENT_SUBTYPE,MACHINE_OVERHEAD_PRESS,ex_4aa3725a,REVIEW_RECOMMENDED,FINAL_CLOSEOUT_2026-08-04
MOVEMENT_00634,ex_4c76dbb2,케이블 풀스루,MOVEMENT_PATTERN,HINGE,ex_4c76dbb2,DRAFT_READY,FINAL_CLOSEOUT_2026-08-04
MOVEMENT_00635,ex_4c76dbb2,케이블 풀스루,JOINT_ACTION,HIP_EXTENSION,ex_4c76dbb2,DRAFT_READY,FINAL_CLOSEOUT_2026-08-04
MOVEMENT_00636,ex_4c76dbb2,케이블 풀스루,JOINT_ACTION,HIP_FLEXION,ex_4c76dbb2,DRAFT_READY,FINAL_CLOSEOUT_2026-08-04
MOVEMENT_00637,ex_4c76dbb2,케이블 풀스루,KINETIC_CHAIN,CLOSED_CHAIN,ex_4c76dbb2,DRAFT_READY,FINAL_CLOSEOUT_2026-08-04
MOVEMENT_00638,ex_4c76dbb2,케이블 풀스루,STABILITY_DEMAND,MODERATE,ex_4c76dbb2,DRAFT_READY,FINAL_CLOSEOUT_2026-08-04
MOVEMENT_00639,ex_4c76dbb2,케이블 풀스루,MOBILITY_DEMAND,MODERATE,ex_4c76dbb2,DRAFT_READY,FINAL_CLOSEOUT_2026-08-04
MOVEMENT_00640,ex_4c76dbb2,케이블 풀스루,MOVEMENT_FAMILY,DEADLIFT_HINGE_VARIANTS,ex_4c76dbb2,DRAFT_READY,FINAL_CLOSEOUT_2026-08-04
MOVEMENT_00641,ex_4c76dbb2,케이블 풀스루,MOVEMENT_SUBTYPE,CABLE_PULL_THROUGH,ex_4c76dbb2,DRAFT_READY,FINAL_CLOSEOUT_2026-08-04
MOVEMENT_00642,ex_4c779df2,케이블 플라이,JOINT_ACTION,SHOULDER_HORIZONTAL_ABDUCTION,ex_4c779df2,DRAFT_READY,FINAL_CLOSEOUT_2026-08-04
MOVEMENT_00643,ex_4c779df2,케이블 플라이,JOINT_ACTION,SHOULDER_HORIZONTAL_ADDUCTION,ex_4c779df2,DRAFT_READY,FINAL_CLOSEOUT_2026-08-04
MOVEMENT_00644,ex_4c779df2,케이블 플라이,KINETIC_CHAIN,OPEN_CHAIN,ex_4c779df2,DRAFT_READY,FINAL_CLOSEOUT_2026-08-04
MOVEMENT_00645,ex_4c779df2,케이블 플라이,STABILITY_DEMAND,LOW,ex_4c779df2,DRAFT_READY,FINAL_CLOSEOUT_2026-08-04
MOVEMENT_00646,ex_4c779df2,케이블 플라이,MOBILITY_DEMAND,LOW,ex_4c779df2,DRAFT_READY,FINAL_CLOSEOUT_2026-08-04
MOVEMENT_00647,ex_4c779df2,케이블 플라이,MOVEMENT_FAMILY,CHEST_ISOLATION,ex_4c779df2,DRAFT_READY,FINAL_CLOSEOUT_2026-08-04
MOVEMENT_00648,ex_4c779df2,케이블 플라이,MOVEMENT_SUBTYPE,CABLE_FLY,ex_4c779df2,DRAFT_READY,FINAL_CLOSEOUT_2026-08-04
MOVEMENT_00649,ex_5004ca76,린단 참고 페이스 체인지 풋워크,MOVEMENT_PATTERN,GAIT,ex_5004ca76,DRAFT_READY,FINAL_CLOSEOUT_2026-08-04
MOVEMENT_00650,ex_5004ca76,린단 참고 페이스 체인지 풋워크,MOVEMENT_PATTERN,STEP,ex_5004ca76,DRAFT_READY,FINAL_CLOSEOUT_2026-08-04
MOVEMENT_00651,ex_5004ca76,린단 참고 페이스 체인지 풋워크,MOVEMENT_EVENT,ACCELERATION,ex_5004ca76,DRAFT_READY,FINAL_CLOSEOUT_2026-08-04
MOVEMENT_00652,ex_5004ca76,린단 참고 페이스 체인지 풋워크,MOVEMENT_EVENT,CHANGE_OF_DIRECTION,ex_5004ca76,DRAFT_READY,FINAL_CLOSEOUT_2026-08-04
MOVEMENT_00653,ex_5004ca76,린단 참고 페이스 체인지 풋워크,MOVEMENT_EVENT,DECELERATION,ex_5004ca76,DRAFT_READY,FINAL_CLOSEOUT_2026-08-04
MOVEMENT_00654,ex_5004ca76,린단 참고 페이스 체인지 풋워크,STABILITY_DEMAND,HIGH,ex_5004ca76,DRAFT_READY,FINAL_CLOSEOUT_2026-08-04
MOVEMENT_00655,ex_5004ca76,린단 참고 페이스 체인지 풋워크,MOBILITY_DEMAND,MODERATE,ex_5004ca76,DRAFT_READY,FINAL_CLOSEOUT_2026-08-04
MOVEMENT_00656,ex_5004ca76,린단 참고 페이스 체인지 풋워크,MOVEMENT_FAMILY,FOOTWORK_SPLIT_STEP_REACTION_DRILL_VARIANTS,ex_5004ca76,DRAFT_READY,FINAL_CLOSEOUT_2026-08-04
MOVEMENT_00657,ex_5004ca76,린단 참고 페이스 체인지 풋워크,MOVEMENT_SUBTYPE,PACE_CHANGE_FOOTWORK,ex_5004ca76,DRAFT_READY,FINAL_CLOSEOUT_2026-08-04
MOVEMENT_00658,ex_5322f2d1,원암 케이블 트라이셉스 푸시다운,JOINT_ACTION,ELBOW_EXTENSION,ex_5322f2d1,DRAFT_READY,FINAL_CLOSEOUT_2026-08-04
MOVEMENT_00659,ex_5322f2d1,원암 케이블 트라이셉스 푸시다운,JOINT_ACTION,ELBOW_FLEXION,ex_5322f2d1,DRAFT_READY,FINAL_CLOSEOUT_2026-08-04
MOVEMENT_00660,ex_5322f2d1,원암 케이블 트라이셉스 푸시다운,KINETIC_CHAIN,OPEN_CHAIN,ex_5322f2d1,DRAFT_READY,FINAL_CLOSEOUT_2026-08-04
MOVEMENT_00661,ex_5322f2d1,원암 케이블 트라이셉스 푸시다운,STABILITY_DEMAND,LOW,ex_5322f2d1,DRAFT_READY,FINAL_CLOSEOUT_2026-08-04
MOVEMENT_00662,ex_5322f2d1,원암 케이블 트라이셉스 푸시다운,MOBILITY_DEMAND,LOW,ex_5322f2d1,DRAFT_READY,FINAL_CLOSEOUT_2026-08-04
MOVEMENT_00663,ex_5322f2d1,원암 케이블 트라이셉스 푸시다운,MOVEMENT_FAMILY,ELBOW_EXTENSION_TRICEPS_ISOLATION_VARIANTS,ex_5322f2d1,DRAFT_READY,FINAL_CLOSEOUT_2026-08-04
MOVEMENT_00664,ex_5322f2d1,원암 케이블 트라이셉스 푸시다운,MOVEMENT_SUBTYPE,CABLE_SINGLE_ARM_TRICEPS_PUSHDOWN,ex_5322f2d1,DRAFT_READY,FINAL_CLOSEOUT_2026-08-04
MOVEMENT_00665,ex_5c8751d2,시티드 카프 레이즈,JOINT_ACTION,ANKLE_DORSIFLEXION,ex_5c8751d2,REVIEW_RECOMMENDED,FINAL_CLOSEOUT_2026-08-04
MOVEMENT_00666,ex_5c8751d2,시티드 카프 레이즈,JOINT_ACTION,ANKLE_PLANTARFLEXION,ex_5c8751d2,REVIEW_RECOMMENDED,FINAL_CLOSEOUT_2026-08-04
MOVEMENT_00667,ex_5c8751d2,시티드 카프 레이즈,KINETIC_CHAIN,CLOSED_CHAIN,ex_5c8751d2,REVIEW_RECOMMENDED,FINAL_CLOSEOUT_2026-08-04
MOVEMENT_00668,ex_5c8751d2,시티드 카프 레이즈,STABILITY_DEMAND,LOW,ex_5c8751d2,REVIEW_RECOMMENDED,FINAL_CLOSEOUT_2026-08-04
MOVEMENT_00669,ex_5c8751d2,시티드 카프 레이즈,MOBILITY_DEMAND,MODERATE,ex_5c8751d2,REVIEW_RECOMMENDED,FINAL_CLOSEOUT_2026-08-04
MOVEMENT_00670,ex_5c8751d2,시티드 카프 레이즈,MOVEMENT_FAMILY,CALF_RAISE_ANKLE_STIFFNESS_VARIANTS,ex_5c8751d2,REVIEW_RECOMMENDED,FINAL_CLOSEOUT_2026-08-04
MOVEMENT_00671,ex_5c8751d2,시티드 카프 레이즈,MOVEMENT_SUBTYPE,SEATED_CALF_RAISE,ex_5c8751d2,REVIEW_RECOMMENDED,FINAL_CLOSEOUT_2026-08-04
MOVEMENT_00672,ex_5ca7133f,원레그 카프 레이즈,JOINT_ACTION,ANKLE_DORSIFLEXION,ex_5ca7133f,DRAFT_READY,FINAL_CLOSEOUT_2026-08-04
MOVEMENT_00673,ex_5ca7133f,원레그 카프 레이즈,JOINT_ACTION,ANKLE_PLANTARFLEXION,ex_5ca7133f,DRAFT_READY,FINAL_CLOSEOUT_2026-08-04
MOVEMENT_00674,ex_5ca7133f,원레그 카프 레이즈,KINETIC_CHAIN,CLOSED_CHAIN,ex_5ca7133f,DRAFT_READY,FINAL_CLOSEOUT_2026-08-04
MOVEMENT_00675,ex_5ca7133f,원레그 카프 레이즈,STABILITY_DEMAND,LOW,ex_5ca7133f,DRAFT_READY,FINAL_CLOSEOUT_2026-08-04
MOVEMENT_00676,ex_5ca7133f,원레그 카프 레이즈,MOBILITY_DEMAND,LOW,ex_5ca7133f,DRAFT_READY,FINAL_CLOSEOUT_2026-08-04
MOVEMENT_00677,ex_5ca7133f,원레그 카프 레이즈,MOVEMENT_FAMILY,CALF_RAISE_ANKLE_STIFFNESS_VARIANTS,ex_5ca7133f,DRAFT_READY,FINAL_CLOSEOUT_2026-08-04
MOVEMENT_00678,ex_5ca7133f,원레그 카프 레이즈,MOVEMENT_SUBTYPE,SINGLE_LEG_CALF_RAISE,ex_5ca7133f,DRAFT_READY,FINAL_CLOSEOUT_2026-08-04
MOVEMENT_00679,ex_6232f4bc,박스 스텝업,MOVEMENT_PATTERN,SQUAT,ex_6232f4bc,DRAFT_READY,FINAL_CLOSEOUT_2026-08-04
MOVEMENT_00680,ex_6232f4bc,박스 스텝업,MOVEMENT_PATTERN,STEP,ex_6232f4bc,DRAFT_READY,FINAL_CLOSEOUT_2026-08-04
MOVEMENT_00681,ex_6232f4bc,박스 스텝업,JOINT_ACTION,ANKLE_DORSIFLEXION,ex_6232f4bc,DRAFT_READY,FINAL_CLOSEOUT_2026-08-04
MOVEMENT_00682,ex_6232f4bc,박스 스텝업,JOINT_ACTION,ANKLE_PLANTARFLEXION,ex_6232f4bc,DRAFT_READY,FINAL_CLOSEOUT_2026-08-04
MOVEMENT_00683,ex_6232f4bc,박스 스텝업,JOINT_ACTION,HIP_EXTENSION,ex_6232f4bc,DRAFT_READY,FINAL_CLOSEOUT_2026-08-04
MOVEMENT_00684,ex_6232f4bc,박스 스텝업,JOINT_ACTION,HIP_FLEXION,ex_6232f4bc,DRAFT_READY,FINAL_CLOSEOUT_2026-08-04
MOVEMENT_00685,ex_6232f4bc,박스 스텝업,JOINT_ACTION,KNEE_EXTENSION,ex_6232f4bc,DRAFT_READY,FINAL_CLOSEOUT_2026-08-04
MOVEMENT_00686,ex_6232f4bc,박스 스텝업,JOINT_ACTION,KNEE_FLEXION,ex_6232f4bc,DRAFT_READY,FINAL_CLOSEOUT_2026-08-04
MOVEMENT_00687,ex_6232f4bc,박스 스텝업,KINETIC_CHAIN,CLOSED_CHAIN,ex_6232f4bc,DRAFT_READY,FINAL_CLOSEOUT_2026-08-04
MOVEMENT_00688,ex_6232f4bc,박스 스텝업,STABILITY_DEMAND,MODERATE,ex_6232f4bc,DRAFT_READY,FINAL_CLOSEOUT_2026-08-04
MOVEMENT_00689,ex_6232f4bc,박스 스텝업,MOBILITY_DEMAND,MODERATE,ex_6232f4bc,DRAFT_READY,FINAL_CLOSEOUT_2026-08-04
MOVEMENT_00690,ex_6232f4bc,박스 스텝업,MOVEMENT_FAMILY,STEP_UP_VARIANTS,ex_6232f4bc,DRAFT_READY,FINAL_CLOSEOUT_2026-08-04
MOVEMENT_00691,ex_6232f4bc,박스 스텝업,MOVEMENT_SUBTYPE,BOX_STEP_UP,ex_6232f4bc,DRAFT_READY,FINAL_CLOSEOUT_2026-08-04
MOVEMENT_00692,ex_64422511,랜덤 방향전환 드릴,MOVEMENT_PATTERN,GAIT,ex_64422511,DRAFT_READY,FINAL_CLOSEOUT_2026-08-04
MOVEMENT_00693,ex_64422511,랜덤 방향전환 드릴,MOVEMENT_PATTERN,STEP,ex_64422511,DRAFT_READY,FINAL_CLOSEOUT_2026-08-04
MOVEMENT_00694,ex_64422511,랜덤 방향전환 드릴,MOVEMENT_EVENT,CHANGE_OF_DIRECTION,ex_64422511,DRAFT_READY,FINAL_CLOSEOUT_2026-08-04
MOVEMENT_00695,ex_64422511,랜덤 방향전환 드릴,MOVEMENT_EVENT,DECELERATION,ex_64422511,DRAFT_READY,FINAL_CLOSEOUT_2026-08-04
MOVEMENT_00696,ex_64422511,랜덤 방향전환 드릴,STABILITY_DEMAND,HIGH,ex_64422511,DRAFT_READY,FINAL_CLOSEOUT_2026-08-04
MOVEMENT_00697,ex_64422511,랜덤 방향전환 드릴,MOBILITY_DEMAND,MODERATE,ex_64422511,DRAFT_READY,FINAL_CLOSEOUT_2026-08-04
MOVEMENT_00698,ex_64422511,랜덤 방향전환 드릴,MOVEMENT_FAMILY,FOOTWORK_SPLIT_STEP_REACTION_DRILL_VARIANTS,ex_64422511,DRAFT_READY,FINAL_CLOSEOUT_2026-08-04
MOVEMENT_00699,ex_64422511,랜덤 방향전환 드릴,MOVEMENT_SUBTYPE,RANDOM_CHANGE_OF_DIRECTION_DRILL,ex_64422511,DRAFT_READY,FINAL_CLOSEOUT_2026-08-04
MOVEMENT_00700,ex_644e0f9d,V업,MOVEMENT_PATTERN,TRUNK_FLEXION,ex_644e0f9d,REVIEW_RECOMMENDED,FINAL_CLOSEOUT_2026-08-04
MOVEMENT_00701,ex_644e0f9d,V업,JOINT_ACTION,HIP_EXTENSION,ex_644e0f9d,REVIEW_RECOMMENDED,FINAL_CLOSEOUT_2026-08-04
MOVEMENT_00702,ex_644e0f9d,V업,JOINT_ACTION,HIP_FLEXION,ex_644e0f9d,REVIEW_RECOMMENDED,FINAL_CLOSEOUT_2026-08-04
MOVEMENT_00703,ex_644e0f9d,V업,JOINT_ACTION,LUMBAR_EXTENSION,ex_644e0f9d,REVIEW_RECOMMENDED,FINAL_CLOSEOUT_2026-08-04
MOVEMENT_00704,ex_644e0f9d,V업,JOINT_ACTION,LUMBAR_FLEXION,ex_644e0f9d,REVIEW_RECOMMENDED,FINAL_CLOSEOUT_2026-08-04
MOVEMENT_00705,ex_644e0f9d,V업,JOINT_ACTION,THORACIC_EXTENSION,ex_644e0f9d,REVIEW_RECOMMENDED,FINAL_CLOSEOUT_2026-08-04
MOVEMENT_00706,ex_644e0f9d,V업,JOINT_ACTION,THORACIC_FLEXION,ex_644e0f9d,REVIEW_RECOMMENDED,FINAL_CLOSEOUT_2026-08-04
MOVEMENT_00707,ex_644e0f9d,V업,KINETIC_CHAIN,OPEN_CHAIN,ex_644e0f9d,REVIEW_RECOMMENDED,FINAL_CLOSEOUT_2026-08-04
MOVEMENT_00708,ex_644e0f9d,V업,STABILITY_DEMAND,MODERATE,ex_644e0f9d,REVIEW_RECOMMENDED,FINAL_CLOSEOUT_2026-08-04
MOVEMENT_00709,ex_644e0f9d,V업,MOBILITY_DEMAND,MODERATE,ex_644e0f9d,REVIEW_RECOMMENDED,FINAL_CLOSEOUT_2026-08-04
MOVEMENT_00710,ex_644e0f9d,V업,MOVEMENT_FAMILY,CORE_FLEXION_ANTERIOR_CORE,ex_644e0f9d,REVIEW_RECOMMENDED,FINAL_CLOSEOUT_2026-08-04
MOVEMENT_00711,ex_644e0f9d,V업,MOVEMENT_SUBTYPE,V_UP,ex_644e0f9d,REVIEW_RECOMMENDED,FINAL_CLOSEOUT_2026-08-04
MOVEMENT_00712,ex_6463edad,딥스,MOVEMENT_PATTERN,VERTICAL_PUSH,ex_6463edad,DRAFT_READY,FINAL_CLOSEOUT_2026-08-04
MOVEMENT_00713,ex_6463edad,딥스,JOINT_ACTION,ELBOW_EXTENSION,ex_6463edad,DRAFT_READY,FINAL_CLOSEOUT_2026-08-04
MOVEMENT_00714,ex_6463edad,딥스,JOINT_ACTION,ELBOW_FLEXION,ex_6463edad,DRAFT_READY,FINAL_CLOSEOUT_2026-08-04
MOVEMENT_00715,ex_6463edad,딥스,JOINT_ACTION,SCAPULAR_DOWNWARD_ROTATION,ex_6463edad,DRAFT_READY,FINAL_CLOSEOUT_2026-08-04
MOVEMENT_00716,ex_6463edad,딥스,JOINT_ACTION,SCAPULAR_UPWARD_ROTATION,ex_6463edad,DRAFT_READY,FINAL_CLOSEOUT_2026-08-04
MOVEMENT_00717,ex_6463edad,딥스,JOINT_ACTION,SHOULDER_EXTENSION,ex_6463edad,DRAFT_READY,FINAL_CLOSEOUT_2026-08-04
MOVEMENT_00718,ex_6463edad,딥스,JOINT_ACTION,SHOULDER_FLEXION,ex_6463edad,DRAFT_READY,FINAL_CLOSEOUT_2026-08-04
MOVEMENT_00719,ex_6463edad,딥스,KINETIC_CHAIN,CLOSED_CHAIN,ex_6463edad,DRAFT_READY,FINAL_CLOSEOUT_2026-08-04
MOVEMENT_00720,ex_6463edad,딥스,STABILITY_DEMAND,MODERATE,ex_6463edad,DRAFT_READY,FINAL_CLOSEOUT_2026-08-04
MOVEMENT_00721,ex_6463edad,딥스,MOBILITY_DEMAND,MODERATE,ex_6463edad,DRAFT_READY,FINAL_CLOSEOUT_2026-08-04
MOVEMENT_00722,ex_6463edad,딥스,MOVEMENT_FAMILY,DIP_COMPOUND_PUSH_VARIANTS,ex_6463edad,DRAFT_READY,FINAL_CLOSEOUT_2026-08-04
MOVEMENT_00723,ex_6463edad,딥스,MOVEMENT_SUBTYPE,COMPOUND_DIP,ex_6463edad,DRAFT_READY,FINAL_CLOSEOUT_2026-08-04
MOVEMENT_00724,ex_64644b5e,런지,MOVEMENT_PATTERN,LUNGE,ex_64644b5e,DRAFT_READY,FINAL_CLOSEOUT_2026-08-04
MOVEMENT_00725,ex_64644b5e,런지,JOINT_ACTION,ANKLE_DORSIFLEXION,ex_64644b5e,DRAFT_READY,FINAL_CLOSEOUT_2026-08-04
MOVEMENT_00726,ex_64644b5e,런지,JOINT_ACTION,ANKLE_PLANTARFLEXION,ex_64644b5e,DRAFT_READY,FINAL_CLOSEOUT_2026-08-04
MOVEMENT_00727,ex_64644b5e,런지,JOINT_ACTION,HIP_EXTENSION,ex_64644b5e,DRAFT_READY,FINAL_CLOSEOUT_2026-08-04
MOVEMENT_00728,ex_64644b5e,런지,JOINT_ACTION,HIP_FLEXION,ex_64644b5e,DRAFT_READY,FINAL_CLOSEOUT_2026-08-04
MOVEMENT_00729,ex_64644b5e,런지,JOINT_ACTION,KNEE_EXTENSION,ex_64644b5e,DRAFT_READY,FINAL_CLOSEOUT_2026-08-04
MOVEMENT_00730,ex_64644b5e,런지,JOINT_ACTION,KNEE_FLEXION,ex_64644b5e,DRAFT_READY,FINAL_CLOSEOUT_2026-08-04
MOVEMENT_00731,ex_64644b5e,런지,KINETIC_CHAIN,CLOSED_CHAIN,ex_64644b5e,DRAFT_READY,FINAL_CLOSEOUT_2026-08-04
MOVEMENT_00732,ex_64644b5e,런지,STABILITY_DEMAND,MODERATE,ex_64644b5e,DRAFT_READY,FINAL_CLOSEOUT_2026-08-04
MOVEMENT_00733,ex_64644b5e,런지,MOBILITY_DEMAND,MODERATE,ex_64644b5e,DRAFT_READY,FINAL_CLOSEOUT_2026-08-04
MOVEMENT_00734,ex_64644b5e,런지,MOVEMENT_FAMILY,LUNGE_SPLIT_SQUAT_VARIANTS,ex_64644b5e,DRAFT_READY,FINAL_CLOSEOUT_2026-08-04
MOVEMENT_00735,ex_64644b5e,런지,MOVEMENT_SUBTYPE,GENERIC_LUNGE,ex_64644b5e,DRAFT_READY,FINAL_CLOSEOUT_2026-08-04
MOVEMENT_00736,ex_64661229,월싯,KINETIC_CHAIN,CLOSED_CHAIN,ex_64661229,DRAFT_READY,FINAL_CLOSEOUT_2026-08-04
MOVEMENT_00737,ex_64661229,월싯,STABILITY_DEMAND,LOW,ex_64661229,DRAFT_READY,FINAL_CLOSEOUT_2026-08-04
MOVEMENT_00738,ex_64661229,월싯,MOBILITY_DEMAND,LOW,ex_64661229,DRAFT_READY,FINAL_CLOSEOUT_2026-08-04
MOVEMENT_00739,ex_64661229,월싯,MOVEMENT_FAMILY,KNEE_DOMINANT_ISOMETRIC,ex_64661229,DRAFT_READY,FINAL_CLOSEOUT_2026-08-04
MOVEMENT_00740,ex_64661229,월싯,MOVEMENT_SUBTYPE,WALL_SIT,ex_64661229,DRAFT_READY,FINAL_CLOSEOUT_2026-08-04
MOVEMENT_00741,ex_6466fe77,친업,MOVEMENT_PATTERN,VERTICAL_PULL,ex_6466fe77,DRAFT_READY,FINAL_CLOSEOUT_2026-08-04
MOVEMENT_00742,ex_6466fe77,친업,JOINT_ACTION,ELBOW_EXTENSION,ex_6466fe77,DRAFT_READY,FINAL_CLOSEOUT_2026-08-04
MOVEMENT_00743,ex_6466fe77,친업,JOINT_ACTION,ELBOW_FLEXION,ex_6466fe77,DRAFT_READY,FINAL_CLOSEOUT_2026-08-04
MOVEMENT_00744,ex_6466fe77,친업,JOINT_ACTION,SCAPULAR_DEPRESSION,ex_6466fe77,DRAFT_READY,FINAL_CLOSEOUT_2026-08-04
MOVEMENT_00745,ex_6466fe77,친업,JOINT_ACTION,SCAPULAR_ELEVATION,ex_6466fe77,DRAFT_READY,FINAL_CLOSEOUT_2026-08-04
MOVEMENT_00746,ex_6466fe77,친업,JOINT_ACTION,SHOULDER_ABDUCTION,ex_6466fe77,DRAFT_READY,FINAL_CLOSEOUT_2026-08-04
MOVEMENT_00747,ex_6466fe77,친업,JOINT_ACTION,SHOULDER_ADDUCTION,ex_6466fe77,DRAFT_READY,FINAL_CLOSEOUT_2026-08-04
MOVEMENT_00748,ex_6466fe77,친업,KINETIC_CHAIN,CLOSED_CHAIN,ex_6466fe77,DRAFT_READY,FINAL_CLOSEOUT_2026-08-04
MOVEMENT_00749,ex_6466fe77,친업,STABILITY_DEMAND,MODERATE,ex_6466fe77,DRAFT_READY,FINAL_CLOSEOUT_2026-08-04
MOVEMENT_00750,ex_6466fe77,친업,MOBILITY_DEMAND,MODERATE,ex_6466fe77,DRAFT_READY,FINAL_CLOSEOUT_2026-08-04
MOVEMENT_00751,ex_6466fe77,친업,MOVEMENT_FAMILY,PULL_UP_CHIN_UP_LAT_PULLDOWN_VARIANTS,ex_6466fe77,DRAFT_READY,FINAL_CLOSEOUT_2026-08-04
MOVEMENT_00752,ex_6466fe77,친업,MOVEMENT_SUBTYPE,CHIN_UP,ex_6466fe77,DRAFT_READY,FINAL_CLOSEOUT_2026-08-04
MOVEMENT_00753,ex_681d9ed2,러닝,MOVEMENT_PATTERN,GAIT,ex_681d9ed2,DRAFT_READY,FINAL_CLOSEOUT_2026-08-04
MOVEMENT_00754,ex_681d9ed2,러닝,STABILITY_DEMAND,MODERATE,ex_681d9ed2,DRAFT_READY,FINAL_CLOSEOUT_2026-08-04
MOVEMENT_00755,ex_681d9ed2,러닝,MOBILITY_DEMAND,MODERATE,ex_681d9ed2,DRAFT_READY,FINAL_CLOSEOUT_2026-08-04
MOVEMENT_00756,ex_681d9ed2,러닝,MOVEMENT_FAMILY,CARDIO_RECORDS,ex_681d9ed2,DRAFT_READY,FINAL_CLOSEOUT_2026-08-04
MOVEMENT_00757,ex_681d9ed2,러닝,MOVEMENT_SUBTYPE,RUNNING,ex_681d9ed2,DRAFT_READY,FINAL_CLOSEOUT_2026-08-04
MOVEMENT_00758,ex_681eed4a,수영,STABILITY_DEMAND,MODERATE,ex_681eed4a,REVIEW_RECOMMENDED,FINAL_CLOSEOUT_2026-08-04
MOVEMENT_00759,ex_681eed4a,수영,MOBILITY_DEMAND,HIGH,ex_681eed4a,REVIEW_RECOMMENDED,FINAL_CLOSEOUT_2026-08-04
MOVEMENT_00760,ex_681eed4a,수영,MOVEMENT_FAMILY,CARDIO_RECORDS,ex_681eed4a,REVIEW_RECOMMENDED,FINAL_CLOSEOUT_2026-08-04
MOVEMENT_00761,ex_681eed4a,수영,MOVEMENT_SUBTYPE,SWIMMING,ex_681eed4a,REVIEW_RECOMMENDED,FINAL_CLOSEOUT_2026-08-04
MOVEMENT_00762,ex_69a56484,래터럴 스텝다운,MOVEMENT_PATTERN,SQUAT,ex_69a56484,DRAFT_READY,FINAL_CLOSEOUT_2026-08-04
MOVEMENT_00763,ex_69a56484,래터럴 스텝다운,MOVEMENT_PATTERN,SHUFFLE_CHASSE,ex_69a56484,DRAFT_READY,FINAL_CLOSEOUT_2026-08-04
MOVEMENT_00764,ex_69a56484,래터럴 스텝다운,MOVEMENT_PATTERN,STEP,ex_69a56484,DRAFT_READY,FINAL_CLOSEOUT_2026-08-04
MOVEMENT_00765,ex_69a56484,래터럴 스텝다운,JOINT_ACTION,ANKLE_DORSIFLEXION,ex_69a56484,DRAFT_READY,FINAL_CLOSEOUT_2026-08-04
MOVEMENT_00766,ex_69a56484,래터럴 스텝다운,JOINT_ACTION,ANKLE_PLANTARFLEXION,ex_69a56484,DRAFT_READY,FINAL_CLOSEOUT_2026-08-04
MOVEMENT_00767,ex_69a56484,래터럴 스텝다운,JOINT_ACTION,HIP_EXTENSION,ex_69a56484,DRAFT_READY,FINAL_CLOSEOUT_2026-08-04
MOVEMENT_00768,ex_69a56484,래터럴 스텝다운,JOINT_ACTION,HIP_FLEXION,ex_69a56484,DRAFT_READY,FINAL_CLOSEOUT_2026-08-04
MOVEMENT_00769,ex_69a56484,래터럴 스텝다운,JOINT_ACTION,KNEE_EXTENSION,ex_69a56484,DRAFT_READY,FINAL_CLOSEOUT_2026-08-04
MOVEMENT_00770,ex_69a56484,래터럴 스텝다운,JOINT_ACTION,KNEE_FLEXION,ex_69a56484,DRAFT_READY,FINAL_CLOSEOUT_2026-08-04
MOVEMENT_00771,ex_69a56484,래터럴 스텝다운,KINETIC_CHAIN,CLOSED_CHAIN,ex_69a56484,DRAFT_READY,FINAL_CLOSEOUT_2026-08-04
MOVEMENT_00772,ex_69a56484,래터럴 스텝다운,STABILITY_DEMAND,MODERATE,ex_69a56484,DRAFT_READY,FINAL_CLOSEOUT_2026-08-04
MOVEMENT_00773,ex_69a56484,래터럴 스텝다운,MOBILITY_DEMAND,MODERATE,ex_69a56484,DRAFT_READY,FINAL_CLOSEOUT_2026-08-04
MOVEMENT_00774,ex_69a56484,래터럴 스텝다운,MOVEMENT_FAMILY,STEP_UP_VARIANTS,ex_69a56484,DRAFT_READY,FINAL_CLOSEOUT_2026-08-04
MOVEMENT_00775,ex_69a56484,래터럴 스텝다운,MOVEMENT_SUBTYPE,LATERAL_STEP_DOWN,ex_69a56484,DRAFT_READY,FINAL_CLOSEOUT_2026-08-04
MOVEMENT_00776,ex_6a966452,체스트 서포티드 원암 덤벨 로우,MOVEMENT_PATTERN,HORIZONTAL_PULL,ex_6a966452,DRAFT_READY,FINAL_CLOSEOUT_2026-08-04
MOVEMENT_00777,ex_6a966452,체스트 서포티드 원암 덤벨 로우,JOINT_ACTION,ELBOW_EXTENSION,ex_6a966452,DRAFT_READY,FINAL_CLOSEOUT_2026-08-04
MOVEMENT_00778,ex_6a966452,체스트 서포티드 원암 덤벨 로우,JOINT_ACTION,ELBOW_FLEXION,ex_6a966452,DRAFT_READY,FINAL_CLOSEOUT_2026-08-04
MOVEMENT_00779,ex_6a966452,체스트 서포티드 원암 덤벨 로우,JOINT_ACTION,SCAPULAR_PROTRACTION,ex_6a966452,DRAFT_READY,FINAL_CLOSEOUT_2026-08-04
MOVEMENT_00780,ex_6a966452,체스트 서포티드 원암 덤벨 로우,JOINT_ACTION,SCAPULAR_RETRACTION,ex_6a966452,DRAFT_READY,FINAL_CLOSEOUT_2026-08-04
MOVEMENT_00781,ex_6a966452,체스트 서포티드 원암 덤벨 로우,JOINT_ACTION,SHOULDER_EXTENSION,ex_6a966452,DRAFT_READY,FINAL_CLOSEOUT_2026-08-04
MOVEMENT_00782,ex_6a966452,체스트 서포티드 원암 덤벨 로우,JOINT_ACTION,SHOULDER_FLEXION,ex_6a966452,DRAFT_READY,FINAL_CLOSEOUT_2026-08-04
MOVEMENT_00783,ex_6a966452,체스트 서포티드 원암 덤벨 로우,KINETIC_CHAIN,OPEN_CHAIN,ex_6a966452,DRAFT_READY,FINAL_CLOSEOUT_2026-08-04
MOVEMENT_00784,ex_6a966452,체스트 서포티드 원암 덤벨 로우,STABILITY_DEMAND,HIGH,ex_6a966452,DRAFT_READY,FINAL_CLOSEOUT_2026-08-04
MOVEMENT_00785,ex_6a966452,체스트 서포티드 원암 덤벨 로우,MOBILITY_DEMAND,MODERATE,ex_6a966452,DRAFT_READY,FINAL_CLOSEOUT_2026-08-04
MOVEMENT_00786,ex_6a966452,체스트 서포티드 원암 덤벨 로우,MOVEMENT_FAMILY,ROW_VARIANTS,ex_6a966452,DRAFT_READY,FINAL_CLOSEOUT_2026-08-04
MOVEMENT_00787,ex_6a966452,체스트 서포티드 원암 덤벨 로우,MOVEMENT_SUBTYPE,CHEST_SUPPORTED_ONE_ARM_DUMBBELL_ROW,ex_6a966452,DRAFT_READY,FINAL_CLOSEOUT_2026-08-04
MOVEMENT_00788,ex_704cbf1a,덤벨 스텝업,MOVEMENT_PATTERN,SQUAT,ex_704cbf1a,DRAFT_READY,FINAL_CLOSEOUT_2026-08-04
MOVEMENT_00789,ex_704cbf1a,덤벨 스텝업,MOVEMENT_PATTERN,STEP,ex_704cbf1a,DRAFT_READY,FINAL_CLOSEOUT_2026-08-04
MOVEMENT_00790,ex_704cbf1a,덤벨 스텝업,JOINT_ACTION,ANKLE_DORSIFLEXION,ex_704cbf1a,DRAFT_READY,FINAL_CLOSEOUT_2026-08-04
MOVEMENT_00791,ex_704cbf1a,덤벨 스텝업,JOINT_ACTION,ANKLE_PLANTARFLEXION,ex_704cbf1a,DRAFT_READY,FINAL_CLOSEOUT_2026-08-04
MOVEMENT_00792,ex_704cbf1a,덤벨 스텝업,JOINT_ACTION,HIP_EXTENSION,ex_704cbf1a,DRAFT_READY,FINAL_CLOSEOUT_2026-08-04
MOVEMENT_00793,ex_704cbf1a,덤벨 스텝업,JOINT_ACTION,HIP_FLEXION,ex_704cbf1a,DRAFT_READY,FINAL_CLOSEOUT_2026-08-04
MOVEMENT_00794,ex_704cbf1a,덤벨 스텝업,JOINT_ACTION,KNEE_EXTENSION,ex_704cbf1a,DRAFT_READY,FINAL_CLOSEOUT_2026-08-04
MOVEMENT_00795,ex_704cbf1a,덤벨 스텝업,JOINT_ACTION,KNEE_FLEXION,ex_704cbf1a,DRAFT_READY,FINAL_CLOSEOUT_2026-08-04
MOVEMENT_00796,ex_704cbf1a,덤벨 스텝업,KINETIC_CHAIN,CLOSED_CHAIN,ex_704cbf1a,DRAFT_READY,FINAL_CLOSEOUT_2026-08-04
MOVEMENT_00797,ex_704cbf1a,덤벨 스텝업,STABILITY_DEMAND,MODERATE,ex_704cbf1a,DRAFT_READY,FINAL_CLOSEOUT_2026-08-04
MOVEMENT_00798,ex_704cbf1a,덤벨 스텝업,MOBILITY_DEMAND,MODERATE,ex_704cbf1a,DRAFT_READY,FINAL_CLOSEOUT_2026-08-04
MOVEMENT_00799,ex_704cbf1a,덤벨 스텝업,MOVEMENT_FAMILY,STEP_UP_VARIANTS,ex_704cbf1a,DRAFT_READY,FINAL_CLOSEOUT_2026-08-04
MOVEMENT_00800,ex_704cbf1a,덤벨 스텝업,MOVEMENT_SUBTYPE,DUMBBELL_STEP_UP,ex_704cbf1a,DRAFT_READY,FINAL_CLOSEOUT_2026-08-04
MOVEMENT_00801,ex_708e64ce,덤벨 풀오버,JOINT_ACTION,SHOULDER_EXTENSION,ex_708e64ce,DRAFT_READY,FINAL_CLOSEOUT_2026-08-04
MOVEMENT_00802,ex_708e64ce,덤벨 풀오버,JOINT_ACTION,SHOULDER_FLEXION,ex_708e64ce,DRAFT_READY,FINAL_CLOSEOUT_2026-08-04
MOVEMENT_00803,ex_708e64ce,덤벨 풀오버,KINETIC_CHAIN,OPEN_CHAIN,ex_708e64ce,DRAFT_READY,FINAL_CLOSEOUT_2026-08-04
MOVEMENT_00804,ex_708e64ce,덤벨 풀오버,STABILITY_DEMAND,LOW,ex_708e64ce,DRAFT_READY,FINAL_CLOSEOUT_2026-08-04
MOVEMENT_00805,ex_708e64ce,덤벨 풀오버,MOBILITY_DEMAND,LOW,ex_708e64ce,DRAFT_READY,FINAL_CLOSEOUT_2026-08-04
MOVEMENT_00806,ex_708e64ce,덤벨 풀오버,MOVEMENT_FAMILY,PULLOVER_LAT_CHEST_ACCESSORY,ex_708e64ce,DRAFT_READY,FINAL_CLOSEOUT_2026-08-04
MOVEMENT_00807,ex_708e64ce,덤벨 풀오버,MOVEMENT_SUBTYPE,DUMBBELL_PULLOVER,ex_708e64ce,DRAFT_READY,FINAL_CLOSEOUT_2026-08-04
MOVEMENT_00808,ex_70f19bf,리닝 래터럴 레이즈,JOINT_ACTION,SHOULDER_ABDUCTION,ex_70f19bf,DRAFT_READY,FINAL_CLOSEOUT_2026-08-04
MOVEMENT_00809,ex_70f19bf,리닝 래터럴 레이즈,JOINT_ACTION,SHOULDER_ADDUCTION,ex_70f19bf,DRAFT_READY,FINAL_CLOSEOUT_2026-08-04
MOVEMENT_00810,ex_70f19bf,리닝 래터럴 레이즈,KINETIC_CHAIN,OPEN_CHAIN,ex_70f19bf,DRAFT_READY,FINAL_CLOSEOUT_2026-08-04
MOVEMENT_00811,ex_70f19bf,리닝 래터럴 레이즈,STABILITY_DEMAND,LOW,ex_70f19bf,DRAFT_READY,FINAL_CLOSEOUT_2026-08-04
MOVEMENT_00812,ex_70f19bf,리닝 래터럴 레이즈,MOBILITY_DEMAND,LOW,ex_70f19bf,DRAFT_READY,FINAL_CLOSEOUT_2026-08-04
MOVEMENT_00813,ex_70f19bf,리닝 래터럴 레이즈,MOVEMENT_FAMILY,LATERAL_RAISE_DELTOID_ISOLATION_VARIANTS,ex_70f19bf,DRAFT_READY,FINAL_CLOSEOUT_2026-08-04
MOVEMENT_00814,ex_70f19bf,리닝 래터럴 레이즈,MOVEMENT_SUBTYPE,LEANING_LATERAL_RAISE,ex_70f19bf,DRAFT_READY,FINAL_CLOSEOUT_2026-08-04
MOVEMENT_00815,ex_721f7b5b,힙 쓰러스트,JOINT_ACTION,HIP_EXTENSION,ex_721f7b5b,DRAFT_READY,FINAL_CLOSEOUT_2026-08-04
MOVEMENT_00816,ex_721f7b5b,힙 쓰러스트,JOINT_ACTION,HIP_FLEXION,ex_721f7b5b,DRAFT_READY,FINAL_CLOSEOUT_2026-08-04
MOVEMENT_00817,ex_721f7b5b,힙 쓰러스트,KINETIC_CHAIN,CLOSED_CHAIN,ex_721f7b5b,DRAFT_READY,FINAL_CLOSEOUT_2026-08-04
MOVEMENT_00818,ex_721f7b5b,힙 쓰러스트,STABILITY_DEMAND,LOW,ex_721f7b5b,DRAFT_READY,FINAL_CLOSEOUT_2026-08-04
MOVEMENT_00819,ex_721f7b5b,힙 쓰러스트,MOBILITY_DEMAND,LOW,ex_721f7b5b,DRAFT_READY,FINAL_CLOSEOUT_2026-08-04
MOVEMENT_00820,ex_721f7b5b,힙 쓰러스트,MOVEMENT_FAMILY,HIP_THRUST_GLUTE_BRIDGE_VARIANTS,ex_721f7b5b,DRAFT_READY,FINAL_CLOSEOUT_2026-08-04
MOVEMENT_00821,ex_721f7b5b,힙 쓰러스트,MOVEMENT_SUBTYPE,HIP_THRUST,ex_721f7b5b,DRAFT_READY,FINAL_CLOSEOUT_2026-08-04
MOVEMENT_00822,ex_728da646,힙 어브덕션,JOINT_ACTION,HIP_ABDUCTION,ex_728da646,REVIEW_REQUIRED,FINAL_CLOSEOUT_2026-08-04
MOVEMENT_00823,ex_728da646,힙 어브덕션,JOINT_ACTION,HIP_ADDUCTION,ex_728da646,REVIEW_REQUIRED,FINAL_CLOSEOUT_2026-08-04
MOVEMENT_00824,ex_728da646,힙 어브덕션,KINETIC_CHAIN,OPEN_CHAIN,ex_728da646,REVIEW_REQUIRED,FINAL_CLOSEOUT_2026-08-04
MOVEMENT_00825,ex_728da646,힙 어브덕션,STABILITY_DEMAND,LOW,ex_728da646,REVIEW_REQUIRED,FINAL_CLOSEOUT_2026-08-04
MOVEMENT_00826,ex_728da646,힙 어브덕션,MOBILITY_DEMAND,LOW,ex_728da646,REVIEW_REQUIRED,FINAL_CLOSEOUT_2026-08-04
MOVEMENT_00827,ex_728da646,힙 어브덕션,MOVEMENT_FAMILY,HIP_ABDUCTION_GLUTE_MED_ACCESSORY,ex_728da646,REVIEW_REQUIRED,FINAL_CLOSEOUT_2026-08-04
MOVEMENT_00828,ex_728da646,힙 어브덕션,MOVEMENT_SUBTYPE,HIP_ABDUCTION_MACHINE,ex_728da646,REVIEW_REQUIRED,FINAL_CLOSEOUT_2026-08-04
MOVEMENT_00829,ex_72f11dc5,덤벨 리스트 익스텐션,JOINT_ACTION,WRIST_EXTENSION,ex_72f11dc5,DRAFT_READY,FINAL_CLOSEOUT_2026-08-04
MOVEMENT_00830,ex_72f11dc5,덤벨 리스트 익스텐션,JOINT_ACTION,WRIST_FLEXION,ex_72f11dc5,DRAFT_READY,FINAL_CLOSEOUT_2026-08-04
MOVEMENT_00831,ex_72f11dc5,덤벨 리스트 익스텐션,KINETIC_CHAIN,OPEN_CHAIN,ex_72f11dc5,DRAFT_READY,FINAL_CLOSEOUT_2026-08-04
MOVEMENT_00832,ex_72f11dc5,덤벨 리스트 익스텐션,STABILITY_DEMAND,LOW,ex_72f11dc5,DRAFT_READY,FINAL_CLOSEOUT_2026-08-04
MOVEMENT_00833,ex_72f11dc5,덤벨 리스트 익스텐션,MOBILITY_DEMAND,LOW,ex_72f11dc5,DRAFT_READY,FINAL_CLOSEOUT_2026-08-04
MOVEMENT_00834,ex_72f11dc5,덤벨 리스트 익스텐션,MOVEMENT_FAMILY,FOREARM_GRIP_ACCESSORY,ex_72f11dc5,DRAFT_READY,FINAL_CLOSEOUT_2026-08-04
MOVEMENT_00835,ex_72f11dc5,덤벨 리스트 익스텐션,MOVEMENT_SUBTYPE,WRIST_EXTENSION,ex_72f11dc5,DRAFT_READY,FINAL_CLOSEOUT_2026-08-04
MOVEMENT_00836,ex_73b0b63f,아처 푸시업,MOVEMENT_PATTERN,HORIZONTAL_PUSH,ex_73b0b63f,DRAFT_READY,FINAL_CLOSEOUT_2026-08-04
MOVEMENT_00837,ex_73b0b63f,아처 푸시업,JOINT_ACTION,ELBOW_EXTENSION,ex_73b0b63f,DRAFT_READY,FINAL_CLOSEOUT_2026-08-04
MOVEMENT_00838,ex_73b0b63f,아처 푸시업,JOINT_ACTION,ELBOW_FLEXION,ex_73b0b63f,DRAFT_READY,FINAL_CLOSEOUT_2026-08-04
MOVEMENT_00839,ex_73b0b63f,아처 푸시업,JOINT_ACTION,SHOULDER_HORIZONTAL_ABDUCTION,ex_73b0b63f,DRAFT_READY,FINAL_CLOSEOUT_2026-08-04
MOVEMENT_00840,ex_73b0b63f,아처 푸시업,JOINT_ACTION,SHOULDER_HORIZONTAL_ADDUCTION,ex_73b0b63f,DRAFT_READY,FINAL_CLOSEOUT_2026-08-04
MOVEMENT_00841,ex_73b0b63f,아처 푸시업,KINETIC_CHAIN,CLOSED_CHAIN,ex_73b0b63f,DRAFT_READY,FINAL_CLOSEOUT_2026-08-04
MOVEMENT_00842,ex_73b0b63f,아처 푸시업,STABILITY_DEMAND,HIGH,ex_73b0b63f,DRAFT_READY,FINAL_CLOSEOUT_2026-08-04
MOVEMENT_00843,ex_73b0b63f,아처 푸시업,MOBILITY_DEMAND,MODERATE,ex_73b0b63f,DRAFT_READY,FINAL_CLOSEOUT_2026-08-04
MOVEMENT_00844,ex_73b0b63f,아처 푸시업,MOVEMENT_FAMILY,PUSH_UP_VARIANTS,ex_73b0b63f,DRAFT_READY,FINAL_CLOSEOUT_2026-08-04
MOVEMENT_00845,ex_73b0b63f,아처 푸시업,MOVEMENT_SUBTYPE,ARCHER_PUSH_UP,ex_73b0b63f,DRAFT_READY,FINAL_CLOSEOUT_2026-08-04
MOVEMENT_00846,ex_7404067c,케틀벨 스윙,MOVEMENT_PATTERN,HINGE,ex_7404067c,REVIEW_RECOMMENDED,FINAL_CLOSEOUT_2026-08-04
MOVEMENT_00847,ex_7404067c,케틀벨 스윙,MOVEMENT_PATTERN,SWING,ex_7404067c,REVIEW_RECOMMENDED,FINAL_CLOSEOUT_2026-08-04
MOVEMENT_00848,ex_7404067c,케틀벨 스윙,JOINT_ACTION,HIP_EXTENSION,ex_7404067c,REVIEW_RECOMMENDED,FINAL_CLOSEOUT_2026-08-04
MOVEMENT_00849,ex_7404067c,케틀벨 스윙,JOINT_ACTION,HIP_FLEXION,ex_7404067c,REVIEW_RECOMMENDED,FINAL_CLOSEOUT_2026-08-04
MOVEMENT_00850,ex_7404067c,케틀벨 스윙,JOINT_ACTION,KNEE_EXTENSION,ex_7404067c,REVIEW_RECOMMENDED,FINAL_CLOSEOUT_2026-08-04
MOVEMENT_00851,ex_7404067c,케틀벨 스윙,JOINT_ACTION,KNEE_FLEXION,ex_7404067c,REVIEW_RECOMMENDED,FINAL_CLOSEOUT_2026-08-04
MOVEMENT_00852,ex_7404067c,케틀벨 스윙,STABILITY_DEMAND,MODERATE,ex_7404067c,REVIEW_RECOMMENDED,FINAL_CLOSEOUT_2026-08-04
MOVEMENT_00853,ex_7404067c,케틀벨 스윙,MOBILITY_DEMAND,MODERATE,ex_7404067c,REVIEW_RECOMMENDED,FINAL_CLOSEOUT_2026-08-04
MOVEMENT_00854,ex_7404067c,케틀벨 스윙,MOVEMENT_FAMILY,BALLISTIC_HINGE_POWER,ex_7404067c,REVIEW_RECOMMENDED,FINAL_CLOSEOUT_2026-08-04
MOVEMENT_00855,ex_7404067c,케틀벨 스윙,MOVEMENT_SUBTYPE,KETTLEBELL_SWING,ex_7404067c,REVIEW_RECOMMENDED,FINAL_CLOSEOUT_2026-08-04
MOVEMENT_00856,ex_74c2d13b,계단 오르기,MOVEMENT_PATTERN,GAIT,ex_74c2d13b,DRAFT_READY,FINAL_CLOSEOUT_2026-08-04
MOVEMENT_00857,ex_74c2d13b,계단 오르기,MOVEMENT_PATTERN,STEP,ex_74c2d13b,DRAFT_READY,FINAL_CLOSEOUT_2026-08-04
MOVEMENT_00858,ex_74c2d13b,계단 오르기,STABILITY_DEMAND,MODERATE,ex_74c2d13b,DRAFT_READY,FINAL_CLOSEOUT_2026-08-04
MOVEMENT_00859,ex_74c2d13b,계단 오르기,MOBILITY_DEMAND,MODERATE,ex_74c2d13b,DRAFT_READY,FINAL_CLOSEOUT_2026-08-04
MOVEMENT_00860,ex_74c2d13b,계단 오르기,MOVEMENT_FAMILY,CARDIO_RECORDS,ex_74c2d13b,DRAFT_READY,FINAL_CLOSEOUT_2026-08-04
MOVEMENT_00861,ex_74c2d13b,계단 오르기,MOVEMENT_SUBTYPE,STAIR_CLIMBING,ex_74c2d13b,DRAFT_READY,FINAL_CLOSEOUT_2026-08-04
MOVEMENT_00862,ex_752b45ae,멀티셔틀 풋워크,MOVEMENT_PATTERN,GAIT,ex_752b45ae,REVIEW_RECOMMENDED,FINAL_CLOSEOUT_2026-08-04
MOVEMENT_00863,ex_752b45ae,멀티셔틀 풋워크,MOVEMENT_PATTERN,STEP,ex_752b45ae,REVIEW_RECOMMENDED,FINAL_CLOSEOUT_2026-08-04
MOVEMENT_00864,ex_752b45ae,멀티셔틀 풋워크,MOVEMENT_EVENT,ACCELERATION,ex_752b45ae,REVIEW_RECOMMENDED,FINAL_CLOSEOUT_2026-08-04
MOVEMENT_00865,ex_752b45ae,멀티셔틀 풋워크,MOVEMENT_EVENT,CHANGE_OF_DIRECTION,ex_752b45ae,REVIEW_RECOMMENDED,FINAL_CLOSEOUT_2026-08-04
MOVEMENT_00866,ex_752b45ae,멀티셔틀 풋워크,MOVEMENT_EVENT,DECELERATION,ex_752b45ae,REVIEW_RECOMMENDED,FINAL_CLOSEOUT_2026-08-04
MOVEMENT_00867,ex_752b45ae,멀티셔틀 풋워크,STABILITY_DEMAND,HIGH,ex_752b45ae,REVIEW_RECOMMENDED,FINAL_CLOSEOUT_2026-08-04
MOVEMENT_00868,ex_752b45ae,멀티셔틀 풋워크,MOBILITY_DEMAND,MODERATE,ex_752b45ae,REVIEW_RECOMMENDED,FINAL_CLOSEOUT_2026-08-04
MOVEMENT_00869,ex_752b45ae,멀티셔틀 풋워크,MOVEMENT_FAMILY,FOOTWORK_SPLIT_STEP_REACTION_DRILL_VARIANTS,ex_752b45ae,REVIEW_RECOMMENDED,FINAL_CLOSEOUT_2026-08-04
MOVEMENT_00870,ex_752b45ae,멀티셔틀 풋워크,MOVEMENT_SUBTYPE,MULTI_SHUTTLE_FOOTWORK,ex_752b45ae,REVIEW_RECOMMENDED,FINAL_CLOSEOUT_2026-08-04
MOVEMENT_00871,ex_767e188e,아놀드 프레스,MOVEMENT_PATTERN,VERTICAL_PUSH,ex_767e188e,DRAFT_READY,FINAL_CLOSEOUT_2026-08-04
MOVEMENT_00872,ex_767e188e,아놀드 프레스,JOINT_ACTION,ELBOW_EXTENSION,ex_767e188e,DRAFT_READY,FINAL_CLOSEOUT_2026-08-04
MOVEMENT_00873,ex_767e188e,아놀드 프레스,JOINT_ACTION,ELBOW_FLEXION,ex_767e188e,DRAFT_READY,FINAL_CLOSEOUT_2026-08-04
MOVEMENT_00874,ex_767e188e,아놀드 프레스,JOINT_ACTION,SCAPULAR_DOWNWARD_ROTATION,ex_767e188e,DRAFT_READY,FINAL_CLOSEOUT_2026-08-04
MOVEMENT_00875,ex_767e188e,아놀드 프레스,JOINT_ACTION,SCAPULAR_UPWARD_ROTATION,ex_767e188e,DRAFT_READY,FINAL_CLOSEOUT_2026-08-04
MOVEMENT_00876,ex_767e188e,아놀드 프레스,JOINT_ACTION,SHOULDER_EXTENSION,ex_767e188e,DRAFT_READY,FINAL_CLOSEOUT_2026-08-04
MOVEMENT_00877,ex_767e188e,아놀드 프레스,JOINT_ACTION,SHOULDER_FLEXION,ex_767e188e,DRAFT_READY,FINAL_CLOSEOUT_2026-08-04
MOVEMENT_00878,ex_767e188e,아놀드 프레스,KINETIC_CHAIN,OPEN_CHAIN,ex_767e188e,DRAFT_READY,FINAL_CLOSEOUT_2026-08-04
MOVEMENT_00879,ex_767e188e,아놀드 프레스,STABILITY_DEMAND,MODERATE,ex_767e188e,DRAFT_READY,FINAL_CLOSEOUT_2026-08-04
MOVEMENT_00880,ex_767e188e,아놀드 프레스,MOBILITY_DEMAND,HIGH,ex_767e188e,DRAFT_READY,FINAL_CLOSEOUT_2026-08-04
MOVEMENT_00881,ex_767e188e,아놀드 프레스,MOVEMENT_FAMILY,OVERHEAD_PRESS_VARIANTS,ex_767e188e,DRAFT_READY,FINAL_CLOSEOUT_2026-08-04
MOVEMENT_00882,ex_767e188e,아놀드 프레스,MOVEMENT_SUBTYPE,ARNOLD_PRESS,ex_767e188e,DRAFT_READY,FINAL_CLOSEOUT_2026-08-04
MOVEMENT_00883,ex_7814843a,원암 덤벨 숄더프레스,MOVEMENT_PATTERN,VERTICAL_PUSH,ex_7814843a,DRAFT_READY,FINAL_CLOSEOUT_2026-08-04
MOVEMENT_00884,ex_7814843a,원암 덤벨 숄더프레스,JOINT_ACTION,ELBOW_EXTENSION,ex_7814843a,DRAFT_READY,FINAL_CLOSEOUT_2026-08-04
MOVEMENT_00885,ex_7814843a,원암 덤벨 숄더프레스,JOINT_ACTION,ELBOW_FLEXION,ex_7814843a,DRAFT_READY,FINAL_CLOSEOUT_2026-08-04
MOVEMENT_00886,ex_7814843a,원암 덤벨 숄더프레스,JOINT_ACTION,SCAPULAR_DOWNWARD_ROTATION,ex_7814843a,DRAFT_READY,FINAL_CLOSEOUT_2026-08-04
MOVEMENT_00887,ex_7814843a,원암 덤벨 숄더프레스,JOINT_ACTION,SCAPULAR_UPWARD_ROTATION,ex_7814843a,DRAFT_READY,FINAL_CLOSEOUT_2026-08-04
MOVEMENT_00888,ex_7814843a,원암 덤벨 숄더프레스,JOINT_ACTION,SHOULDER_EXTENSION,ex_7814843a,DRAFT_READY,FINAL_CLOSEOUT_2026-08-04
MOVEMENT_00889,ex_7814843a,원암 덤벨 숄더프레스,JOINT_ACTION,SHOULDER_FLEXION,ex_7814843a,DRAFT_READY,FINAL_CLOSEOUT_2026-08-04
MOVEMENT_00890,ex_7814843a,원암 덤벨 숄더프레스,KINETIC_CHAIN,OPEN_CHAIN,ex_7814843a,DRAFT_READY,FINAL_CLOSEOUT_2026-08-04
MOVEMENT_00891,ex_7814843a,원암 덤벨 숄더프레스,STABILITY_DEMAND,HIGH,ex_7814843a,DRAFT_READY,FINAL_CLOSEOUT_2026-08-04
MOVEMENT_00892,ex_7814843a,원암 덤벨 숄더프레스,MOBILITY_DEMAND,HIGH,ex_7814843a,DRAFT_READY,FINAL_CLOSEOUT_2026-08-04
MOVEMENT_00893,ex_7814843a,원암 덤벨 숄더프레스,MOVEMENT_FAMILY,OVERHEAD_PRESS_VARIANTS,ex_7814843a,DRAFT_READY,FINAL_CLOSEOUT_2026-08-04
MOVEMENT_00894,ex_7814843a,원암 덤벨 숄더프레스,MOVEMENT_SUBTYPE,ONE_ARM_OVERHEAD_PRESS,ex_7814843a,DRAFT_READY,FINAL_CLOSEOUT_2026-08-04
MOVEMENT_00895,ex_79f3bdbe,덤벨 숄더프레스,MOVEMENT_PATTERN,VERTICAL_PUSH,ex_79f3bdbe,DRAFT_READY,FINAL_CLOSEOUT_2026-08-04
MOVEMENT_00896,ex_79f3bdbe,덤벨 숄더프레스,JOINT_ACTION,ELBOW_EXTENSION,ex_79f3bdbe,DRAFT_READY,FINAL_CLOSEOUT_2026-08-04
MOVEMENT_00897,ex_79f3bdbe,덤벨 숄더프레스,JOINT_ACTION,ELBOW_FLEXION,ex_79f3bdbe,DRAFT_READY,FINAL_CLOSEOUT_2026-08-04
MOVEMENT_00898,ex_79f3bdbe,덤벨 숄더프레스,JOINT_ACTION,SCAPULAR_DOWNWARD_ROTATION,ex_79f3bdbe,DRAFT_READY,FINAL_CLOSEOUT_2026-08-04
MOVEMENT_00899,ex_79f3bdbe,덤벨 숄더프레스,JOINT_ACTION,SCAPULAR_UPWARD_ROTATION,ex_79f3bdbe,DRAFT_READY,FINAL_CLOSEOUT_2026-08-04
MOVEMENT_00900,ex_79f3bdbe,덤벨 숄더프레스,JOINT_ACTION,SHOULDER_EXTENSION,ex_79f3bdbe,DRAFT_READY,FINAL_CLOSEOUT_2026-08-04
MOVEMENT_00901,ex_79f3bdbe,덤벨 숄더프레스,JOINT_ACTION,SHOULDER_FLEXION,ex_79f3bdbe,DRAFT_READY,FINAL_CLOSEOUT_2026-08-04
MOVEMENT_00902,ex_79f3bdbe,덤벨 숄더프레스,KINETIC_CHAIN,OPEN_CHAIN,ex_79f3bdbe,DRAFT_READY,FINAL_CLOSEOUT_2026-08-04
MOVEMENT_00903,ex_79f3bdbe,덤벨 숄더프레스,STABILITY_DEMAND,MODERATE,ex_79f3bdbe,DRAFT_READY,FINAL_CLOSEOUT_2026-08-04
MOVEMENT_00904,ex_79f3bdbe,덤벨 숄더프레스,MOBILITY_DEMAND,HIGH,ex_79f3bdbe,DRAFT_READY,FINAL_CLOSEOUT_2026-08-04
MOVEMENT_00905,ex_79f3bdbe,덤벨 숄더프레스,MOVEMENT_FAMILY,OVERHEAD_PRESS_VARIANTS,ex_79f3bdbe,DRAFT_READY,FINAL_CLOSEOUT_2026-08-04
MOVEMENT_00906,ex_79f3bdbe,덤벨 숄더프레스,MOVEMENT_SUBTYPE,DUMBBELL_OVERHEAD_PRESS,ex_79f3bdbe,DRAFT_READY,FINAL_CLOSEOUT_2026-08-04
MOVEMENT_00907,ex_7ce96a7a,프론트풋 엘리베이티드 스플릿 스쿼트,MOVEMENT_PATTERN,LUNGE,ex_7ce96a7a,DRAFT_READY,FINAL_CLOSEOUT_2026-08-04
MOVEMENT_00908,ex_7ce96a7a,프론트풋 엘리베이티드 스플릿 스쿼트,JOINT_ACTION,ANKLE_DORSIFLEXION,ex_7ce96a7a,DRAFT_READY,FINAL_CLOSEOUT_2026-08-04
MOVEMENT_00909,ex_7ce96a7a,프론트풋 엘리베이티드 스플릿 스쿼트,JOINT_ACTION,ANKLE_PLANTARFLEXION,ex_7ce96a7a,DRAFT_READY,FINAL_CLOSEOUT_2026-08-04
MOVEMENT_00910,ex_7ce96a7a,프론트풋 엘리베이티드 스플릿 스쿼트,JOINT_ACTION,HIP_EXTENSION,ex_7ce96a7a,DRAFT_READY,FINAL_CLOSEOUT_2026-08-04
MOVEMENT_00911,ex_7ce96a7a,프론트풋 엘리베이티드 스플릿 스쿼트,JOINT_ACTION,HIP_FLEXION,ex_7ce96a7a,DRAFT_READY,FINAL_CLOSEOUT_2026-08-04
MOVEMENT_00912,ex_7ce96a7a,프론트풋 엘리베이티드 스플릿 스쿼트,JOINT_ACTION,KNEE_EXTENSION,ex_7ce96a7a,DRAFT_READY,FINAL_CLOSEOUT_2026-08-04
MOVEMENT_00913,ex_7ce96a7a,프론트풋 엘리베이티드 스플릿 스쿼트,JOINT_ACTION,KNEE_FLEXION,ex_7ce96a7a,DRAFT_READY,FINAL_CLOSEOUT_2026-08-04
MOVEMENT_00914,ex_7ce96a7a,프론트풋 엘리베이티드 스플릿 스쿼트,KINETIC_CHAIN,CLOSED_CHAIN,ex_7ce96a7a,DRAFT_READY,FINAL_CLOSEOUT_2026-08-04
MOVEMENT_00915,ex_7ce96a7a,프론트풋 엘리베이티드 스플릿 스쿼트,STABILITY_DEMAND,HIGH,ex_7ce96a7a,DRAFT_READY,FINAL_CLOSEOUT_2026-08-04
MOVEMENT_00916,ex_7ce96a7a,프론트풋 엘리베이티드 스플릿 스쿼트,MOBILITY_DEMAND,HIGH,ex_7ce96a7a,DRAFT_READY,FINAL_CLOSEOUT_2026-08-04
MOVEMENT_00917,ex_7ce96a7a,프론트풋 엘리베이티드 스플릿 스쿼트,MOVEMENT_FAMILY,LUNGE_SPLIT_SQUAT_VARIANTS,ex_7ce96a7a,DRAFT_READY,FINAL_CLOSEOUT_2026-08-04
MOVEMENT_00918,ex_7ce96a7a,프론트풋 엘리베이티드 스플릿 스쿼트,MOVEMENT_SUBTYPE,FRONT_FOOT_ELEVATED_SPLIT_SQUAT,ex_7ce96a7a,DRAFT_READY,FINAL_CLOSEOUT_2026-08-04
MOVEMENT_00919,ex_7deabeba,리어델트 케이블 플라이,JOINT_ACTION,SHOULDER_HORIZONTAL_ABDUCTION,ex_7deabeba,DRAFT_READY,FINAL_CLOSEOUT_2026-08-04
MOVEMENT_00920,ex_7deabeba,리어델트 케이블 플라이,JOINT_ACTION,SHOULDER_HORIZONTAL_ADDUCTION,ex_7deabeba,DRAFT_READY,FINAL_CLOSEOUT_2026-08-04
MOVEMENT_00921,ex_7deabeba,리어델트 케이블 플라이,KINETIC_CHAIN,OPEN_CHAIN,ex_7deabeba,DRAFT_READY,FINAL_CLOSEOUT_2026-08-04
MOVEMENT_00922,ex_7deabeba,리어델트 케이블 플라이,STABILITY_DEMAND,LOW,ex_7deabeba,DRAFT_READY,FINAL_CLOSEOUT_2026-08-04
MOVEMENT_00923,ex_7deabeba,리어델트 케이블 플라이,MOBILITY_DEMAND,LOW,ex_7deabeba,DRAFT_READY,FINAL_CLOSEOUT_2026-08-04
MOVEMENT_00924,ex_7deabeba,리어델트 케이블 플라이,MOVEMENT_FAMILY,REAR_DELT_FLY_HORIZONTAL_ABDUCTION_VARIANTS,ex_7deabeba,DRAFT_READY,FINAL_CLOSEOUT_2026-08-04
MOVEMENT_00925,ex_7deabeba,리어델트 케이블 플라이,MOVEMENT_SUBTYPE,REAR_DELT_CABLE_FLY,ex_7deabeba,DRAFT_READY,FINAL_CLOSEOUT_2026-08-04
MOVEMENT_00926,ex_85b2ac56,원암 덤벨 컬,JOINT_ACTION,ELBOW_EXTENSION,ex_85b2ac56,DRAFT_READY,FINAL_CLOSEOUT_2026-08-04
MOVEMENT_00927,ex_85b2ac56,원암 덤벨 컬,JOINT_ACTION,ELBOW_FLEXION,ex_85b2ac56,DRAFT_READY,FINAL_CLOSEOUT_2026-08-04
MOVEMENT_00928,ex_85b2ac56,원암 덤벨 컬,KINETIC_CHAIN,OPEN_CHAIN,ex_85b2ac56,DRAFT_READY,FINAL_CLOSEOUT_2026-08-04
MOVEMENT_00929,ex_85b2ac56,원암 덤벨 컬,STABILITY_DEMAND,LOW,ex_85b2ac56,DRAFT_READY,FINAL_CLOSEOUT_2026-08-04
MOVEMENT_00930,ex_85b2ac56,원암 덤벨 컬,MOBILITY_DEMAND,LOW,ex_85b2ac56,DRAFT_READY,FINAL_CLOSEOUT_2026-08-04
MOVEMENT_00931,ex_85b2ac56,원암 덤벨 컬,MOVEMENT_FAMILY,ELBOW_FLEXION_BICEPS_CURL_VARIANTS,ex_85b2ac56,DRAFT_READY,FINAL_CLOSEOUT_2026-08-04
MOVEMENT_00932,ex_85b2ac56,원암 덤벨 컬,MOVEMENT_SUBTYPE,ONE_ARM_DUMBBELL_CURL,ex_85b2ac56,DRAFT_READY,FINAL_CLOSEOUT_2026-08-04
MOVEMENT_00933,ex_85f12271,원레그 박스 스쿼트,MOVEMENT_PATTERN,SQUAT,ex_85f12271,REVIEW_RECOMMENDED,FINAL_CLOSEOUT_2026-08-04
MOVEMENT_00934,ex_85f12271,원레그 박스 스쿼트,JOINT_ACTION,ANKLE_DORSIFLEXION,ex_85f12271,REVIEW_RECOMMENDED,FINAL_CLOSEOUT_2026-08-04
MOVEMENT_00935,ex_85f12271,원레그 박스 스쿼트,JOINT_ACTION,ANKLE_PLANTARFLEXION,ex_85f12271,REVIEW_RECOMMENDED,FINAL_CLOSEOUT_2026-08-04
MOVEMENT_00936,ex_85f12271,원레그 박스 스쿼트,JOINT_ACTION,HIP_EXTENSION,ex_85f12271,REVIEW_RECOMMENDED,FINAL_CLOSEOUT_2026-08-04
MOVEMENT_00937,ex_85f12271,원레그 박스 스쿼트,JOINT_ACTION,HIP_FLEXION,ex_85f12271,REVIEW_RECOMMENDED,FINAL_CLOSEOUT_2026-08-04
MOVEMENT_00938,ex_85f12271,원레그 박스 스쿼트,JOINT_ACTION,KNEE_EXTENSION,ex_85f12271,REVIEW_RECOMMENDED,FINAL_CLOSEOUT_2026-08-04
MOVEMENT_00939,ex_85f12271,원레그 박스 스쿼트,JOINT_ACTION,KNEE_FLEXION,ex_85f12271,REVIEW_RECOMMENDED,FINAL_CLOSEOUT_2026-08-04
MOVEMENT_00940,ex_85f12271,원레그 박스 스쿼트,KINETIC_CHAIN,CLOSED_CHAIN,ex_85f12271,REVIEW_RECOMMENDED,FINAL_CLOSEOUT_2026-08-04
MOVEMENT_00941,ex_85f12271,원레그 박스 스쿼트,STABILITY_DEMAND,HIGH,ex_85f12271,REVIEW_RECOMMENDED,FINAL_CLOSEOUT_2026-08-04
MOVEMENT_00942,ex_85f12271,원레그 박스 스쿼트,MOBILITY_DEMAND,MODERATE,ex_85f12271,REVIEW_RECOMMENDED,FINAL_CLOSEOUT_2026-08-04
MOVEMENT_00943,ex_85f12271,원레그 박스 스쿼트,MOVEMENT_FAMILY,SQUAT_VARIANTS,ex_85f12271,REVIEW_RECOMMENDED,FINAL_CLOSEOUT_2026-08-04
MOVEMENT_00944,ex_85f12271,원레그 박스 스쿼트,MOVEMENT_SUBTYPE,SINGLE_LEG_BOX_SQUAT,ex_85f12271,REVIEW_RECOMMENDED,FINAL_CLOSEOUT_2026-08-04
MOVEMENT_00945,ex_86323ed6,원암 해머 컬,JOINT_ACTION,ELBOW_EXTENSION,ex_86323ed6,DRAFT_READY,FINAL_CLOSEOUT_2026-08-04
MOVEMENT_00946,ex_86323ed6,원암 해머 컬,JOINT_ACTION,ELBOW_FLEXION,ex_86323ed6,DRAFT_READY,FINAL_CLOSEOUT_2026-08-04
MOVEMENT_00947,ex_86323ed6,원암 해머 컬,KINETIC_CHAIN,OPEN_CHAIN,ex_86323ed6,DRAFT_READY,FINAL_CLOSEOUT_2026-08-04
MOVEMENT_00948,ex_86323ed6,원암 해머 컬,STABILITY_DEMAND,LOW,ex_86323ed6,DRAFT_READY,FINAL_CLOSEOUT_2026-08-04
MOVEMENT_00949,ex_86323ed6,원암 해머 컬,MOBILITY_DEMAND,LOW,ex_86323ed6,DRAFT_READY,FINAL_CLOSEOUT_2026-08-04
MOVEMENT_00950,ex_86323ed6,원암 해머 컬,MOVEMENT_FAMILY,ELBOW_FLEXION_BRACHIALIS_BRACHIORADIALIS_VARIANTS,ex_86323ed6,DRAFT_READY,FINAL_CLOSEOUT_2026-08-04
MOVEMENT_00951,ex_86323ed6,원암 해머 컬,MOVEMENT_SUBTYPE,ONE_ARM_HAMMER_CURL,ex_86323ed6,DRAFT_READY,FINAL_CLOSEOUT_2026-08-04
MOVEMENT_00952,ex_8633d8db,EZ바 컬,JOINT_ACTION,ELBOW_EXTENSION,ex_8633d8db,DRAFT_READY,FINAL_CLOSEOUT_2026-08-04
MOVEMENT_00953,ex_8633d8db,EZ바 컬,JOINT_ACTION,ELBOW_FLEXION,ex_8633d8db,DRAFT_READY,FINAL_CLOSEOUT_2026-08-04
MOVEMENT_00954,ex_8633d8db,EZ바 컬,KINETIC_CHAIN,OPEN_CHAIN,ex_8633d8db,DRAFT_READY,FINAL_CLOSEOUT_2026-08-04
MOVEMENT_00955,ex_8633d8db,EZ바 컬,STABILITY_DEMAND,LOW,ex_8633d8db,DRAFT_READY,FINAL_CLOSEOUT_2026-08-04
MOVEMENT_00956,ex_8633d8db,EZ바 컬,MOBILITY_DEMAND,LOW,ex_8633d8db,DRAFT_READY,FINAL_CLOSEOUT_2026-08-04
MOVEMENT_00957,ex_8633d8db,EZ바 컬,MOVEMENT_FAMILY,ELBOW_FLEXION_BICEPS_CURL_VARIANTS,ex_8633d8db,DRAFT_READY,FINAL_CLOSEOUT_2026-08-04
MOVEMENT_00958,ex_8633d8db,EZ바 컬,MOVEMENT_SUBTYPE,EZ_BAR_CURL,ex_8633d8db,DRAFT_READY,FINAL_CLOSEOUT_2026-08-04
MOVEMENT_00959,ex_8824026f,원레그 레그 컬,JOINT_ACTION,KNEE_EXTENSION,ex_8824026f,DRAFT_READY,FINAL_CLOSEOUT_2026-08-04
MOVEMENT_00960,ex_8824026f,원레그 레그 컬,JOINT_ACTION,KNEE_FLEXION,ex_8824026f,DRAFT_READY,FINAL_CLOSEOUT_2026-08-04
MOVEMENT_00961,ex_8824026f,원레그 레그 컬,KINETIC_CHAIN,OPEN_CHAIN,ex_8824026f,DRAFT_READY,FINAL_CLOSEOUT_2026-08-04
MOVEMENT_00962,ex_8824026f,원레그 레그 컬,STABILITY_DEMAND,LOW,ex_8824026f,DRAFT_READY,FINAL_CLOSEOUT_2026-08-04
MOVEMENT_00963,ex_8824026f,원레그 레그 컬,MOBILITY_DEMAND,LOW,ex_8824026f,DRAFT_READY,FINAL_CLOSEOUT_2026-08-04
MOVEMENT_00964,ex_8824026f,원레그 레그 컬,MOVEMENT_FAMILY,HAMSTRING_CURL_VARIANTS,ex_8824026f,DRAFT_READY,FINAL_CLOSEOUT_2026-08-04
MOVEMENT_00965,ex_8824026f,원레그 레그 컬,MOVEMENT_SUBTYPE,SINGLE_LEG_LEG_CURL,ex_8824026f,DRAFT_READY,FINAL_CLOSEOUT_2026-08-04
MOVEMENT_00966,ex_8a3800f1,리버스 노르딕 컬,JOINT_ACTION,KNEE_EXTENSION,ex_8a3800f1,DRAFT_READY,FINAL_CLOSEOUT_2026-08-04
MOVEMENT_00967,ex_8a3800f1,리버스 노르딕 컬,JOINT_ACTION,KNEE_FLEXION,ex_8a3800f1,DRAFT_READY,FINAL_CLOSEOUT_2026-08-04
MOVEMENT_00968,ex_8a3800f1,리버스 노르딕 컬,KINETIC_CHAIN,CLOSED_CHAIN,ex_8a3800f1,DRAFT_READY,FINAL_CLOSEOUT_2026-08-04
MOVEMENT_00969,ex_8a3800f1,리버스 노르딕 컬,STABILITY_DEMAND,LOW,ex_8a3800f1,DRAFT_READY,FINAL_CLOSEOUT_2026-08-04
MOVEMENT_00970,ex_8a3800f1,리버스 노르딕 컬,MOBILITY_DEMAND,MODERATE,ex_8a3800f1,DRAFT_READY,FINAL_CLOSEOUT_2026-08-04
MOVEMENT_00971,ex_8a3800f1,리버스 노르딕 컬,MOVEMENT_FAMILY,QUAD_ECCENTRIC_KNEE_DOMINANT,ex_8a3800f1,DRAFT_READY,FINAL_CLOSEOUT_2026-08-04
MOVEMENT_00972,ex_8a3800f1,리버스 노르딕 컬,MOVEMENT_SUBTYPE,REVERSE_NORDIC_CURL,ex_8a3800f1,DRAFT_READY,FINAL_CLOSEOUT_2026-08-04
MOVEMENT_00973,ex_8e4bf08e,Yates Row,MOVEMENT_PATTERN,HORIZONTAL_PULL,ex_8e4bf08e,DRAFT_READY,FINAL_CLOSEOUT_2026-08-04
MOVEMENT_00974,ex_8e4bf08e,Yates Row,JOINT_ACTION,ELBOW_EXTENSION,ex_8e4bf08e,DRAFT_READY,FINAL_CLOSEOUT_2026-08-04
MOVEMENT_00975,ex_8e4bf08e,Yates Row,JOINT_ACTION,ELBOW_FLEXION,ex_8e4bf08e,DRAFT_READY,FINAL_CLOSEOUT_2026-08-04
MOVEMENT_00976,ex_8e4bf08e,Yates Row,JOINT_ACTION,SCAPULAR_PROTRACTION,ex_8e4bf08e,DRAFT_READY,FINAL_CLOSEOUT_2026-08-04
MOVEMENT_00977,ex_8e4bf08e,Yates Row,JOINT_ACTION,SCAPULAR_RETRACTION,ex_8e4bf08e,DRAFT_READY,FINAL_CLOSEOUT_2026-08-04
MOVEMENT_00978,ex_8e4bf08e,Yates Row,JOINT_ACTION,SHOULDER_EXTENSION,ex_8e4bf08e,DRAFT_READY,FINAL_CLOSEOUT_2026-08-04
MOVEMENT_00979,ex_8e4bf08e,Yates Row,JOINT_ACTION,SHOULDER_FLEXION,ex_8e4bf08e,DRAFT_READY,FINAL_CLOSEOUT_2026-08-04
MOVEMENT_00980,ex_8e4bf08e,Yates Row,KINETIC_CHAIN,OPEN_CHAIN,ex_8e4bf08e,DRAFT_READY,FINAL_CLOSEOUT_2026-08-04
MOVEMENT_00981,ex_8e4bf08e,Yates Row,STABILITY_DEMAND,MODERATE,ex_8e4bf08e,DRAFT_READY,FINAL_CLOSEOUT_2026-08-04
MOVEMENT_00982,ex_8e4bf08e,Yates Row,MOBILITY_DEMAND,MODERATE,ex_8e4bf08e,DRAFT_READY,FINAL_CLOSEOUT_2026-08-04
MOVEMENT_00983,ex_8e4bf08e,Yates Row,MOVEMENT_FAMILY,ROW_VARIANTS,ex_8e4bf08e,DRAFT_READY,FINAL_CLOSEOUT_2026-08-04
MOVEMENT_00984,ex_8e4bf08e,Yates Row,MOVEMENT_SUBTYPE,YATES_ROW,ex_8e4bf08e,DRAFT_READY,FINAL_CLOSEOUT_2026-08-04
MOVEMENT_00985,ex_8e69fc74,스플릿 스텝 리액션,MOVEMENT_PATTERN,HOP,ex_8e69fc74,DRAFT_READY,FINAL_CLOSEOUT_2026-08-04
MOVEMENT_00986,ex_8e69fc74,스플릿 스텝 리액션,MOVEMENT_PATTERN,STEP,ex_8e69fc74,DRAFT_READY,FINAL_CLOSEOUT_2026-08-04
MOVEMENT_00987,ex_8e69fc74,스플릿 스텝 리액션,MOVEMENT_EVENT,CHANGE_OF_DIRECTION,ex_8e69fc74,DRAFT_READY,FINAL_CLOSEOUT_2026-08-04
MOVEMENT_00988,ex_8e69fc74,스플릿 스텝 리액션,MOVEMENT_EVENT,LANDING,ex_8e69fc74,DRAFT_READY,FINAL_CLOSEOUT_2026-08-04
MOVEMENT_00989,ex_8e69fc74,스플릿 스텝 리액션,MOVEMENT_EVENT,REBOUND,ex_8e69fc74,DRAFT_READY,FINAL_CLOSEOUT_2026-08-04
MOVEMENT_00990,ex_8e69fc74,스플릿 스텝 리액션,MOVEMENT_EVENT,TAKEOFF,ex_8e69fc74,DRAFT_READY,FINAL_CLOSEOUT_2026-08-04
MOVEMENT_00991,ex_8e69fc74,스플릿 스텝 리액션,STABILITY_DEMAND,HIGH,ex_8e69fc74,DRAFT_READY,FINAL_CLOSEOUT_2026-08-04
MOVEMENT_00992,ex_8e69fc74,스플릿 스텝 리액션,MOBILITY_DEMAND,MODERATE,ex_8e69fc74,DRAFT_READY,FINAL_CLOSEOUT_2026-08-04
MOVEMENT_00993,ex_8e69fc74,스플릿 스텝 리액션,MOVEMENT_FAMILY,FOOTWORK_SPLIT_STEP_REACTION_DRILL_VARIANTS,ex_8e69fc74,DRAFT_READY,FINAL_CLOSEOUT_2026-08-04
MOVEMENT_00994,ex_8e69fc74,스플릿 스텝 리액션,MOVEMENT_SUBTYPE,SPLIT_STEP_REACTION,ex_8e69fc74,DRAFT_READY,FINAL_CLOSEOUT_2026-08-04
MOVEMENT_00995,ex_91b749b3,플랫 덤벨 플라이,JOINT_ACTION,SHOULDER_HORIZONTAL_ABDUCTION,ex_91b749b3,DRAFT_READY,FINAL_CLOSEOUT_2026-08-04
MOVEMENT_00996,ex_91b749b3,플랫 덤벨 플라이,JOINT_ACTION,SHOULDER_HORIZONTAL_ADDUCTION,ex_91b749b3,DRAFT_READY,FINAL_CLOSEOUT_2026-08-04
MOVEMENT_00997,ex_91b749b3,플랫 덤벨 플라이,KINETIC_CHAIN,OPEN_CHAIN,ex_91b749b3,DRAFT_READY,FINAL_CLOSEOUT_2026-08-04
MOVEMENT_00998,ex_91b749b3,플랫 덤벨 플라이,STABILITY_DEMAND,LOW,ex_91b749b3,DRAFT_READY,FINAL_CLOSEOUT_2026-08-04
MOVEMENT_00999,ex_91b749b3,플랫 덤벨 플라이,MOBILITY_DEMAND,LOW,ex_91b749b3,DRAFT_READY,FINAL_CLOSEOUT_2026-08-04
MOVEMENT_01000,ex_91b749b3,플랫 덤벨 플라이,MOVEMENT_FAMILY,CHEST_ISOLATION,ex_91b749b3,DRAFT_READY,FINAL_CLOSEOUT_2026-08-04
MOVEMENT_01001,ex_91b749b3,플랫 덤벨 플라이,MOVEMENT_SUBTYPE,FLAT_DUMBBELL_FLY,ex_91b749b3,DRAFT_READY,FINAL_CLOSEOUT_2026-08-04
MOVEMENT_01002,ex_91d8430b,30초 반복 스매시 테스트,MOVEMENT_PATTERN,TRUNK_ROTATION,ex_91d8430b,REVIEW_RECOMMENDED,FINAL_CLOSEOUT_2026-08-04
MOVEMENT_01003,ex_91d8430b,30초 반복 스매시 테스트,MOVEMENT_PATTERN,STRIKE,ex_91d8430b,REVIEW_RECOMMENDED,FINAL_CLOSEOUT_2026-08-04
MOVEMENT_01004,ex_91d8430b,30초 반복 스매시 테스트,JOINT_ACTION,ELBOW_EXTENSION,ex_91d8430b,REVIEW_RECOMMENDED,FINAL_CLOSEOUT_2026-08-04
MOVEMENT_01005,ex_91d8430b,30초 반복 스매시 테스트,JOINT_ACTION,ELBOW_FLEXION,ex_91d8430b,REVIEW_RECOMMENDED,FINAL_CLOSEOUT_2026-08-04
MOVEMENT_01006,ex_91d8430b,30초 반복 스매시 테스트,JOINT_ACTION,FOREARM_PRONATION,ex_91d8430b,REVIEW_RECOMMENDED,FINAL_CLOSEOUT_2026-08-04
MOVEMENT_01007,ex_91d8430b,30초 반복 스매시 테스트,JOINT_ACTION,FOREARM_SUPINATION,ex_91d8430b,REVIEW_RECOMMENDED,FINAL_CLOSEOUT_2026-08-04
MOVEMENT_01008,ex_91d8430b,30초 반복 스매시 테스트,JOINT_ACTION,SHOULDER_EXTENSION,ex_91d8430b,REVIEW_RECOMMENDED,FINAL_CLOSEOUT_2026-08-04
MOVEMENT_01009,ex_91d8430b,30초 반복 스매시 테스트,JOINT_ACTION,SHOULDER_FLEXION,ex_91d8430b,REVIEW_RECOMMENDED,FINAL_CLOSEOUT_2026-08-04
MOVEMENT_01010,ex_91d8430b,30초 반복 스매시 테스트,JOINT_ACTION,SHOULDER_INTERNAL_ROTATION,ex_91d8430b,REVIEW_RECOMMENDED,FINAL_CLOSEOUT_2026-08-04
MOVEMENT_01011,ex_91d8430b,30초 반복 스매시 테스트,JOINT_ACTION,THORACIC_ROTATION,ex_91d8430b,REVIEW_RECOMMENDED,FINAL_CLOSEOUT_2026-08-04
MOVEMENT_01012,ex_91d8430b,30초 반복 스매시 테스트,STABILITY_DEMAND,MODERATE,ex_91d8430b,REVIEW_RECOMMENDED,FINAL_CLOSEOUT_2026-08-04
MOVEMENT_01013,ex_91d8430b,30초 반복 스매시 테스트,MOBILITY_DEMAND,MODERATE,ex_91d8430b,REVIEW_RECOMMENDED,FINAL_CLOSEOUT_2026-08-04
MOVEMENT_01014,ex_91d8430b,30초 반복 스매시 테스트,MOVEMENT_FAMILY,BADMINTON_OVERHEAD_POWER_TEST,ex_91d8430b,REVIEW_RECOMMENDED,FINAL_CLOSEOUT_2026-08-04
MOVEMENT_01015,ex_91d8430b,30초 반복 스매시 테스트,MOVEMENT_SUBTYPE,BADMINTON_OVERHEAD_POWER_TEST,ex_91d8430b,REVIEW_RECOMMENDED,FINAL_CLOSEOUT_2026-08-04
MOVEMENT_01016,ex_91f6958d,터키시 겟업,MOVEMENT_PATTERN,LUNGE,ex_91f6958d,REVIEW_RECOMMENDED,FINAL_CLOSEOUT_2026-08-04
MOVEMENT_01017,ex_91f6958d,터키시 겟업,JOINT_ACTION,ANKLE_DORSIFLEXION,ex_91f6958d,REVIEW_RECOMMENDED,FINAL_CLOSEOUT_2026-08-04
MOVEMENT_01018,ex_91f6958d,터키시 겟업,JOINT_ACTION,ANKLE_PLANTARFLEXION,ex_91f6958d,REVIEW_RECOMMENDED,FINAL_CLOSEOUT_2026-08-04
MOVEMENT_01019,ex_91f6958d,터키시 겟업,JOINT_ACTION,HIP_EXTENSION,ex_91f6958d,REVIEW_RECOMMENDED,FINAL_CLOSEOUT_2026-08-04
MOVEMENT_01020,ex_91f6958d,터키시 겟업,JOINT_ACTION,HIP_FLEXION,ex_91f6958d,REVIEW_RECOMMENDED,FINAL_CLOSEOUT_2026-08-04
MOVEMENT_01021,ex_91f6958d,터키시 겟업,JOINT_ACTION,KNEE_EXTENSION,ex_91f6958d,REVIEW_RECOMMENDED,FINAL_CLOSEOUT_2026-08-04
MOVEMENT_01022,ex_91f6958d,터키시 겟업,JOINT_ACTION,KNEE_FLEXION,ex_91f6958d,REVIEW_RECOMMENDED,FINAL_CLOSEOUT_2026-08-04
MOVEMENT_01023,ex_91f6958d,터키시 겟업,JOINT_ACTION,SHOULDER_EXTENSION,ex_91f6958d,REVIEW_RECOMMENDED,FINAL_CLOSEOUT_2026-08-04
MOVEMENT_01024,ex_91f6958d,터키시 겟업,JOINT_ACTION,SHOULDER_FLEXION,ex_91f6958d,REVIEW_RECOMMENDED,FINAL_CLOSEOUT_2026-08-04
MOVEMENT_01025,ex_91f6958d,터키시 겟업,JOINT_ACTION,THORACIC_ROTATION,ex_91f6958d,REVIEW_RECOMMENDED,FINAL_CLOSEOUT_2026-08-04
MOVEMENT_01026,ex_91f6958d,터키시 겟업,STABILITY_DEMAND,HIGH,ex_91f6958d,REVIEW_RECOMMENDED,FINAL_CLOSEOUT_2026-08-04
MOVEMENT_01027,ex_91f6958d,터키시 겟업,MOBILITY_DEMAND,HIGH,ex_91f6958d,REVIEW_RECOMMENDED,FINAL_CLOSEOUT_2026-08-04
MOVEMENT_01028,ex_91f6958d,터키시 겟업,MOVEMENT_FAMILY,TURKISH_GETUP_TOTAL_BODY_STABILITY,ex_91f6958d,REVIEW_RECOMMENDED,FINAL_CLOSEOUT_2026-08-04
MOVEMENT_01029,ex_91f6958d,터키시 겟업,MOVEMENT_SUBTYPE,TURKISH_GETUP,ex_91f6958d,REVIEW_RECOMMENDED,FINAL_CLOSEOUT_2026-08-04
MOVEMENT_01030,ex_93538692,덤벨 래터럴 레이즈,JOINT_ACTION,SHOULDER_ABDUCTION,ex_93538692,DRAFT_READY,FINAL_CLOSEOUT_2026-08-04
MOVEMENT_01031,ex_93538692,덤벨 래터럴 레이즈,JOINT_ACTION,SHOULDER_ADDUCTION,ex_93538692,DRAFT_READY,FINAL_CLOSEOUT_2026-08-04
MOVEMENT_01032,ex_93538692,덤벨 래터럴 레이즈,KINETIC_CHAIN,OPEN_CHAIN,ex_93538692,DRAFT_READY,FINAL_CLOSEOUT_2026-08-04
MOVEMENT_01033,ex_93538692,덤벨 래터럴 레이즈,STABILITY_DEMAND,LOW,ex_93538692,DRAFT_READY,FINAL_CLOSEOUT_2026-08-04
MOVEMENT_01034,ex_93538692,덤벨 래터럴 레이즈,MOBILITY_DEMAND,LOW,ex_93538692,DRAFT_READY,FINAL_CLOSEOUT_2026-08-04
MOVEMENT_01035,ex_93538692,덤벨 래터럴 레이즈,MOVEMENT_FAMILY,LATERAL_RAISE_DELTOID_ISOLATION_VARIANTS,ex_93538692,DRAFT_READY,FINAL_CLOSEOUT_2026-08-04
MOVEMENT_01036,ex_93538692,덤벨 래터럴 레이즈,MOVEMENT_SUBTYPE,DUMBBELL_LATERAL_RAISE,ex_93538692,DRAFT_READY,FINAL_CLOSEOUT_2026-08-04
MOVEMENT_01037,ex_95028bfe,덤벨 리스트 컬,JOINT_ACTION,WRIST_EXTENSION,ex_95028bfe,DRAFT_READY,FINAL_CLOSEOUT_2026-08-04
MOVEMENT_01038,ex_95028bfe,덤벨 리스트 컬,JOINT_ACTION,WRIST_FLEXION,ex_95028bfe,DRAFT_READY,FINAL_CLOSEOUT_2026-08-04
MOVEMENT_01039,ex_95028bfe,덤벨 리스트 컬,KINETIC_CHAIN,OPEN_CHAIN,ex_95028bfe,DRAFT_READY,FINAL_CLOSEOUT_2026-08-04
MOVEMENT_01040,ex_95028bfe,덤벨 리스트 컬,STABILITY_DEMAND,LOW,ex_95028bfe,DRAFT_READY,FINAL_CLOSEOUT_2026-08-04
MOVEMENT_01041,ex_95028bfe,덤벨 리스트 컬,MOBILITY_DEMAND,LOW,ex_95028bfe,DRAFT_READY,FINAL_CLOSEOUT_2026-08-04
MOVEMENT_01042,ex_95028bfe,덤벨 리스트 컬,MOVEMENT_FAMILY,FOREARM_GRIP_ACCESSORY,ex_95028bfe,DRAFT_READY,FINAL_CLOSEOUT_2026-08-04
MOVEMENT_01043,ex_95028bfe,덤벨 리스트 컬,MOVEMENT_SUBTYPE,WRIST_CURL,ex_95028bfe,DRAFT_READY,FINAL_CLOSEOUT_2026-08-04
MOVEMENT_01044,ex_9b132c23,사이드 스텝 후 정지,MOVEMENT_PATTERN,GAIT,ex_9b132c23,DRAFT_READY,FINAL_CLOSEOUT_2026-08-04
MOVEMENT_01045,ex_9b132c23,사이드 스텝 후 정지,MOVEMENT_PATTERN,SHUFFLE_CHASSE,ex_9b132c23,DRAFT_READY,FINAL_CLOSEOUT_2026-08-04
MOVEMENT_01046,ex_9b132c23,사이드 스텝 후 정지,MOVEMENT_PATTERN,STEP,ex_9b132c23,DRAFT_READY,FINAL_CLOSEOUT_2026-08-04
MOVEMENT_01047,ex_9b132c23,사이드 스텝 후 정지,MOVEMENT_EVENT,CHANGE_OF_DIRECTION,ex_9b132c23,DRAFT_READY,FINAL_CLOSEOUT_2026-08-04
MOVEMENT_01048,ex_9b132c23,사이드 스텝 후 정지,MOVEMENT_EVENT,DECELERATION,ex_9b132c23,DRAFT_READY,FINAL_CLOSEOUT_2026-08-04
MOVEMENT_01049,ex_9b132c23,사이드 스텝 후 정지,MOVEMENT_EVENT,STABILIZATION,ex_9b132c23,DRAFT_READY,FINAL_CLOSEOUT_2026-08-04
MOVEMENT_01050,ex_9b132c23,사이드 스텝 후 정지,STABILITY_DEMAND,HIGH,ex_9b132c23,DRAFT_READY,FINAL_CLOSEOUT_2026-08-04
MOVEMENT_01051,ex_9b132c23,사이드 스텝 후 정지,MOBILITY_DEMAND,MODERATE,ex_9b132c23,DRAFT_READY,FINAL_CLOSEOUT_2026-08-04
MOVEMENT_01052,ex_9b132c23,사이드 스텝 후 정지,MOVEMENT_FAMILY,LATERAL_BOUND_LANDING_DECELERATION_VARIANTS,ex_9b132c23,DRAFT_READY,FINAL_CLOSEOUT_2026-08-04
MOVEMENT_01053,ex_9b132c23,사이드 스텝 후 정지,MOVEMENT_SUBTYPE,LATERAL_DECELERATION_STOP,ex_9b132c23,DRAFT_READY,FINAL_CLOSEOUT_2026-08-04
MOVEMENT_01054,ex_9bd6dddb,줄넘기,MOVEMENT_PATTERN,HOP,ex_9bd6dddb,DRAFT_READY,FINAL_CLOSEOUT_2026-08-04
MOVEMENT_01055,ex_9bd6dddb,줄넘기,MOVEMENT_EVENT,LANDING,ex_9bd6dddb,DRAFT_READY,FINAL_CLOSEOUT_2026-08-04
MOVEMENT_01056,ex_9bd6dddb,줄넘기,MOVEMENT_EVENT,REBOUND,ex_9bd6dddb,DRAFT_READY,FINAL_CLOSEOUT_2026-08-04
MOVEMENT_01057,ex_9bd6dddb,줄넘기,MOVEMENT_EVENT,TAKEOFF,ex_9bd6dddb,DRAFT_READY,FINAL_CLOSEOUT_2026-08-04
MOVEMENT_01058,ex_9bd6dddb,줄넘기,STABILITY_DEMAND,HIGH,ex_9bd6dddb,DRAFT_READY,FINAL_CLOSEOUT_2026-08-04
MOVEMENT_01059,ex_9bd6dddb,줄넘기,MOBILITY_DEMAND,MODERATE,ex_9bd6dddb,DRAFT_READY,FINAL_CLOSEOUT_2026-08-04
MOVEMENT_01060,ex_9bd6dddb,줄넘기,MOVEMENT_FAMILY,ANKLE_STIFFNESS_SSC_CONDITIONING,ex_9bd6dddb,DRAFT_READY,FINAL_CLOSEOUT_2026-08-04
MOVEMENT_01061,ex_9bd6dddb,줄넘기,MOVEMENT_SUBTYPE,JUMP_ROPE,ex_9bd6dddb,DRAFT_READY,FINAL_CLOSEOUT_2026-08-04
MOVEMENT_01062,ex_9f283612,원암 인클라인 덤벨 프레스,MOVEMENT_PATTERN,HORIZONTAL_PUSH,ex_9f283612,REVIEW_REQUIRED,FINAL_CLOSEOUT_2026-08-04
MOVEMENT_01063,ex_9f283612,원암 인클라인 덤벨 프레스,JOINT_ACTION,ELBOW_EXTENSION,ex_9f283612,REVIEW_REQUIRED,FINAL_CLOSEOUT_2026-08-04
MOVEMENT_01064,ex_9f283612,원암 인클라인 덤벨 프레스,JOINT_ACTION,ELBOW_FLEXION,ex_9f283612,REVIEW_REQUIRED,FINAL_CLOSEOUT_2026-08-04
MOVEMENT_01065,ex_9f283612,원암 인클라인 덤벨 프레스,JOINT_ACTION,SHOULDER_HORIZONTAL_ABDUCTION,ex_9f283612,REVIEW_REQUIRED,FINAL_CLOSEOUT_2026-08-04
MOVEMENT_01066,ex_9f283612,원암 인클라인 덤벨 프레스,JOINT_ACTION,SHOULDER_HORIZONTAL_ADDUCTION,ex_9f283612,REVIEW_REQUIRED,FINAL_CLOSEOUT_2026-08-04
MOVEMENT_01067,ex_9f283612,원암 인클라인 덤벨 프레스,KINETIC_CHAIN,OPEN_CHAIN,ex_9f283612,REVIEW_REQUIRED,FINAL_CLOSEOUT_2026-08-04
MOVEMENT_01068,ex_9f283612,원암 인클라인 덤벨 프레스,STABILITY_DEMAND,HIGH,ex_9f283612,REVIEW_REQUIRED,FINAL_CLOSEOUT_2026-08-04
MOVEMENT_01069,ex_9f283612,원암 인클라인 덤벨 프레스,MOBILITY_DEMAND,MODERATE,ex_9f283612,REVIEW_REQUIRED,FINAL_CLOSEOUT_2026-08-04
MOVEMENT_01070,ex_9f283612,원암 인클라인 덤벨 프레스,MOVEMENT_FAMILY,BENCH_PRESS_DUMBBELL_PRESS_MACHINE_PRESS_VARIANTS,ex_9f283612,REVIEW_REQUIRED,FINAL_CLOSEOUT_2026-08-04
MOVEMENT_01071,ex_9f283612,원암 인클라인 덤벨 프레스,MOVEMENT_SUBTYPE,ONE_ARM_INCLINE_DUMBBELL_PRESS,ex_9f283612,REVIEW_REQUIRED,FINAL_CLOSEOUT_2026-08-04
MOVEMENT_01072,ex_a091b9fe,원레그 레그 프레스,MOVEMENT_PATTERN,SQUAT,ex_a091b9fe,DRAFT_READY,FINAL_CLOSEOUT_2026-08-04
MOVEMENT_01073,ex_a091b9fe,원레그 레그 프레스,JOINT_ACTION,ANKLE_DORSIFLEXION,ex_a091b9fe,DRAFT_READY,FINAL_CLOSEOUT_2026-08-04
MOVEMENT_01074,ex_a091b9fe,원레그 레그 프레스,JOINT_ACTION,ANKLE_PLANTARFLEXION,ex_a091b9fe,DRAFT_READY,FINAL_CLOSEOUT_2026-08-04
MOVEMENT_01075,ex_a091b9fe,원레그 레그 프레스,JOINT_ACTION,HIP_EXTENSION,ex_a091b9fe,DRAFT_READY,FINAL_CLOSEOUT_2026-08-04
MOVEMENT_01076,ex_a091b9fe,원레그 레그 프레스,JOINT_ACTION,HIP_FLEXION,ex_a091b9fe,DRAFT_READY,FINAL_CLOSEOUT_2026-08-04
MOVEMENT_01077,ex_a091b9fe,원레그 레그 프레스,JOINT_ACTION,KNEE_EXTENSION,ex_a091b9fe,DRAFT_READY,FINAL_CLOSEOUT_2026-08-04
MOVEMENT_01078,ex_a091b9fe,원레그 레그 프레스,JOINT_ACTION,KNEE_FLEXION,ex_a091b9fe,DRAFT_READY,FINAL_CLOSEOUT_2026-08-04
MOVEMENT_01079,ex_a091b9fe,원레그 레그 프레스,KINETIC_CHAIN,CLOSED_CHAIN,ex_a091b9fe,DRAFT_READY,FINAL_CLOSEOUT_2026-08-04
MOVEMENT_01080,ex_a091b9fe,원레그 레그 프레스,STABILITY_DEMAND,MODERATE,ex_a091b9fe,DRAFT_READY,FINAL_CLOSEOUT_2026-08-04
MOVEMENT_01081,ex_a091b9fe,원레그 레그 프레스,MOBILITY_DEMAND,MODERATE,ex_a091b9fe,DRAFT_READY,FINAL_CLOSEOUT_2026-08-04
MOVEMENT_01082,ex_a091b9fe,원레그 레그 프레스,MOVEMENT_FAMILY,LEG_PRESS_KNEE_DOMINANT_MACHINE_VARIANTS,ex_a091b9fe,DRAFT_READY,FINAL_CLOSEOUT_2026-08-04
MOVEMENT_01083,ex_a091b9fe,원레그 레그 프레스,MOVEMENT_SUBTYPE,SINGLE_LEG_LEG_PRESS,ex_a091b9fe,DRAFT_READY,FINAL_CLOSEOUT_2026-08-04
MOVEMENT_01084,ex_a12de111,A스킵,MOVEMENT_PATTERN,GAIT,ex_a12de111,DRAFT_READY,FINAL_CLOSEOUT_2026-08-04
MOVEMENT_01085,ex_a12de111,A스킵,STABILITY_DEMAND,MODERATE,ex_a12de111,DRAFT_READY,FINAL_CLOSEOUT_2026-08-04
MOVEMENT_01086,ex_a12de111,A스킵,MOBILITY_DEMAND,MODERATE,ex_a12de111,DRAFT_READY,FINAL_CLOSEOUT_2026-08-04
MOVEMENT_01087,ex_a12de111,A스킵,MOVEMENT_FAMILY,RUNNING_MECHANICS_SUPPORT,ex_a12de111,DRAFT_READY,FINAL_CLOSEOUT_2026-08-04
MOVEMENT_01088,ex_a12de111,A스킵,MOVEMENT_SUBTYPE,A_SKIP,ex_a12de111,DRAFT_READY,FINAL_CLOSEOUT_2026-08-04
MOVEMENT_01089,ex_a12de4d2,B스킵,MOVEMENT_PATTERN,GAIT,ex_a12de4d2,DRAFT_READY,FINAL_CLOSEOUT_2026-08-04
MOVEMENT_01090,ex_a12de4d2,B스킵,STABILITY_DEMAND,MODERATE,ex_a12de4d2,DRAFT_READY,FINAL_CLOSEOUT_2026-08-04
MOVEMENT_01091,ex_a12de4d2,B스킵,MOBILITY_DEMAND,MODERATE,ex_a12de4d2,DRAFT_READY,FINAL_CLOSEOUT_2026-08-04
MOVEMENT_01092,ex_a12de4d2,B스킵,MOVEMENT_FAMILY,RUNNING_MECHANICS_SUPPORT,ex_a12de4d2,DRAFT_READY,FINAL_CLOSEOUT_2026-08-04
MOVEMENT_01093,ex_a12de4d2,B스킵,MOVEMENT_SUBTYPE,B_SKIP,ex_a12de4d2,DRAFT_READY,FINAL_CLOSEOUT_2026-08-04
MOVEMENT_01094,ex_a345e30b,캡틴체어 레그 레이즈,MOVEMENT_PATTERN,TRUNK_FLEXION,ex_a345e30b,REVIEW_RECOMMENDED,FINAL_CLOSEOUT_2026-08-04
MOVEMENT_01095,ex_a345e30b,캡틴체어 레그 레이즈,JOINT_ACTION,HIP_EXTENSION,ex_a345e30b,REVIEW_RECOMMENDED,FINAL_CLOSEOUT_2026-08-04
MOVEMENT_01096,ex_a345e30b,캡틴체어 레그 레이즈,JOINT_ACTION,HIP_FLEXION,ex_a345e30b,REVIEW_RECOMMENDED,FINAL_CLOSEOUT_2026-08-04
MOVEMENT_01097,ex_a345e30b,캡틴체어 레그 레이즈,JOINT_ACTION,LUMBAR_EXTENSION,ex_a345e30b,REVIEW_RECOMMENDED,FINAL_CLOSEOUT_2026-08-04
MOVEMENT_01098,ex_a345e30b,캡틴체어 레그 레이즈,JOINT_ACTION,LUMBAR_FLEXION,ex_a345e30b,REVIEW_RECOMMENDED,FINAL_CLOSEOUT_2026-08-04
MOVEMENT_01099,ex_a345e30b,캡틴체어 레그 레이즈,JOINT_ACTION,THORACIC_EXTENSION,ex_a345e30b,REVIEW_RECOMMENDED,FINAL_CLOSEOUT_2026-08-04
MOVEMENT_01100,ex_a345e30b,캡틴체어 레그 레이즈,JOINT_ACTION,THORACIC_FLEXION,ex_a345e30b,REVIEW_RECOMMENDED,FINAL_CLOSEOUT_2026-08-04
MOVEMENT_01101,ex_a345e30b,캡틴체어 레그 레이즈,KINETIC_CHAIN,OPEN_CHAIN,ex_a345e30b,REVIEW_RECOMMENDED,FINAL_CLOSEOUT_2026-08-04
MOVEMENT_01102,ex_a345e30b,캡틴체어 레그 레이즈,STABILITY_DEMAND,MODERATE,ex_a345e30b,REVIEW_RECOMMENDED,FINAL_CLOSEOUT_2026-08-04
MOVEMENT_01103,ex_a345e30b,캡틴체어 레그 레이즈,MOBILITY_DEMAND,LOW,ex_a345e30b,REVIEW_RECOMMENDED,FINAL_CLOSEOUT_2026-08-04
MOVEMENT_01104,ex_a345e30b,캡틴체어 레그 레이즈,MOVEMENT_FAMILY,CORE_FLEXION_ANTERIOR_CORE,ex_a345e30b,REVIEW_RECOMMENDED,FINAL_CLOSEOUT_2026-08-04
MOVEMENT_01105,ex_a345e30b,캡틴체어 레그 레이즈,MOVEMENT_SUBTYPE,CAPTAINS_CHAIR_LEG_RAISE,ex_a345e30b,REVIEW_RECOMMENDED,FINAL_CLOSEOUT_2026-08-04
MOVEMENT_01106,ex_a3ddd8ac,라인 홉,MOVEMENT_PATTERN,HOP,ex_a3ddd8ac,DRAFT_READY,FINAL_CLOSEOUT_2026-08-04
MOVEMENT_01107,ex_a3ddd8ac,라인 홉,MOVEMENT_EVENT,LANDING,ex_a3ddd8ac,DRAFT_READY,FINAL_CLOSEOUT_2026-08-04
MOVEMENT_01108,ex_a3ddd8ac,라인 홉,MOVEMENT_EVENT,REBOUND,ex_a3ddd8ac,DRAFT_READY,FINAL_CLOSEOUT_2026-08-04
MOVEMENT_01109,ex_a3ddd8ac,라인 홉,MOVEMENT_EVENT,TAKEOFF,ex_a3ddd8ac,DRAFT_READY,FINAL_CLOSEOUT_2026-08-04
MOVEMENT_01110,ex_a3ddd8ac,라인 홉,STABILITY_DEMAND,HIGH,ex_a3ddd8ac,DRAFT_READY,FINAL_CLOSEOUT_2026-08-04
MOVEMENT_01111,ex_a3ddd8ac,라인 홉,MOBILITY_DEMAND,MODERATE,ex_a3ddd8ac,DRAFT_READY,FINAL_CLOSEOUT_2026-08-04
MOVEMENT_01112,ex_a3ddd8ac,라인 홉,MOVEMENT_FAMILY,ANKLE_STIFFNESS_SSC_CONDITIONING,ex_a3ddd8ac,DRAFT_READY,FINAL_CLOSEOUT_2026-08-04
MOVEMENT_01113,ex_a3ddd8ac,라인 홉,MOVEMENT_SUBTYPE,LINE_HOP,ex_a3ddd8ac,DRAFT_READY,FINAL_CLOSEOUT_2026-08-04
MOVEMENT_01114,ex_a4040be3,셔틀런,MOVEMENT_PATTERN,GAIT,ex_a4040be3,DRAFT_READY,FINAL_CLOSEOUT_2026-08-04
MOVEMENT_01115,ex_a4040be3,셔틀런,MOVEMENT_PATTERN,STEP,ex_a4040be3,DRAFT_READY,FINAL_CLOSEOUT_2026-08-04
MOVEMENT_01116,ex_a4040be3,셔틀런,MOVEMENT_EVENT,ACCELERATION,ex_a4040be3,DRAFT_READY,FINAL_CLOSEOUT_2026-08-04
MOVEMENT_01117,ex_a4040be3,셔틀런,MOVEMENT_EVENT,CHANGE_OF_DIRECTION,ex_a4040be3,DRAFT_READY,FINAL_CLOSEOUT_2026-08-04
MOVEMENT_01118,ex_a4040be3,셔틀런,MOVEMENT_EVENT,DECELERATION,ex_a4040be3,DRAFT_READY,FINAL_CLOSEOUT_2026-08-04
MOVEMENT_01119,ex_a4040be3,셔틀런,STABILITY_DEMAND,HIGH,ex_a4040be3,DRAFT_READY,FINAL_CLOSEOUT_2026-08-04
MOVEMENT_01120,ex_a4040be3,셔틀런,MOBILITY_DEMAND,MODERATE,ex_a4040be3,DRAFT_READY,FINAL_CLOSEOUT_2026-08-04
MOVEMENT_01121,ex_a4040be3,셔틀런,MOVEMENT_FAMILY,FOOTWORK_SPLIT_STEP_REACTION_DRILL_VARIANTS,ex_a4040be3,DRAFT_READY,FINAL_CLOSEOUT_2026-08-04
MOVEMENT_01122,ex_a4040be3,셔틀런,MOVEMENT_SUBTYPE,SHUTTLE_RUN,ex_a4040be3,DRAFT_READY,FINAL_CLOSEOUT_2026-08-04
MOVEMENT_01123,ex_a412dd45,앙클링,MOVEMENT_PATTERN,HOP,ex_a412dd45,DRAFT_READY,FINAL_CLOSEOUT_2026-08-04
MOVEMENT_01124,ex_a412dd45,앙클링,MOVEMENT_PATTERN,GAIT,ex_a412dd45,DRAFT_READY,FINAL_CLOSEOUT_2026-08-04
MOVEMENT_01125,ex_a412dd45,앙클링,MOVEMENT_EVENT,LANDING,ex_a412dd45,DRAFT_READY,FINAL_CLOSEOUT_2026-08-04
MOVEMENT_01126,ex_a412dd45,앙클링,MOVEMENT_EVENT,REBOUND,ex_a412dd45,DRAFT_READY,FINAL_CLOSEOUT_2026-08-04
MOVEMENT_01127,ex_a412dd45,앙클링,MOVEMENT_EVENT,TAKEOFF,ex_a412dd45,DRAFT_READY,FINAL_CLOSEOUT_2026-08-04
MOVEMENT_01128,ex_a412dd45,앙클링,STABILITY_DEMAND,HIGH,ex_a412dd45,DRAFT_READY,FINAL_CLOSEOUT_2026-08-04
MOVEMENT_01129,ex_a412dd45,앙클링,MOBILITY_DEMAND,MODERATE,ex_a412dd45,DRAFT_READY,FINAL_CLOSEOUT_2026-08-04
MOVEMENT_01130,ex_a412dd45,앙클링,MOVEMENT_FAMILY,RUNNING_MECHANICS_SUPPORT,ex_a412dd45,DRAFT_READY,FINAL_CLOSEOUT_2026-08-04
MOVEMENT_01131,ex_a412dd45,앙클링,MOVEMENT_SUBTYPE,ANKLING,ex_a412dd45,DRAFT_READY,FINAL_CLOSEOUT_2026-08-04
MOVEMENT_01132,ex_a4350c0f,콘 드릴,MOVEMENT_PATTERN,GAIT,ex_a4350c0f,DRAFT_READY,FINAL_CLOSEOUT_2026-08-04
MOVEMENT_01133,ex_a4350c0f,콘 드릴,MOVEMENT_PATTERN,STEP,ex_a4350c0f,DRAFT_READY,FINAL_CLOSEOUT_2026-08-04
MOVEMENT_01134,ex_a4350c0f,콘 드릴,MOVEMENT_EVENT,ACCELERATION,ex_a4350c0f,DRAFT_READY,FINAL_CLOSEOUT_2026-08-04
MOVEMENT_01135,ex_a4350c0f,콘 드릴,MOVEMENT_EVENT,CHANGE_OF_DIRECTION,ex_a4350c0f,DRAFT_READY,FINAL_CLOSEOUT_2026-08-04
MOVEMENT_01136,ex_a4350c0f,콘 드릴,MOVEMENT_EVENT,DECELERATION,ex_a4350c0f,DRAFT_READY,FINAL_CLOSEOUT_2026-08-04
MOVEMENT_01137,ex_a4350c0f,콘 드릴,STABILITY_DEMAND,HIGH,ex_a4350c0f,DRAFT_READY,FINAL_CLOSEOUT_2026-08-04
MOVEMENT_01138,ex_a4350c0f,콘 드릴,MOBILITY_DEMAND,MODERATE,ex_a4350c0f,DRAFT_READY,FINAL_CLOSEOUT_2026-08-04
MOVEMENT_01139,ex_a4350c0f,콘 드릴,MOVEMENT_FAMILY,FOOTWORK_SPLIT_STEP_REACTION_DRILL_VARIANTS,ex_a4350c0f,DRAFT_READY,FINAL_CLOSEOUT_2026-08-04
MOVEMENT_01140,ex_a4350c0f,콘 드릴,MOVEMENT_SUBTYPE,CONE_DRILL,ex_a4350c0f,DRAFT_READY,FINAL_CLOSEOUT_2026-08-04
MOVEMENT_01141,ex_a44ae2ca,플랭크,MOVEMENT_PATTERN,TRUNK_BRACE,ex_a44ae2ca,DRAFT_READY,FINAL_CLOSEOUT_2026-08-04
MOVEMENT_01142,ex_a44ae2ca,플랭크,KINETIC_CHAIN,CLOSED_CHAIN,ex_a44ae2ca,DRAFT_READY,FINAL_CLOSEOUT_2026-08-04
MOVEMENT_01143,ex_a44ae2ca,플랭크,STABILITY_DEMAND,HIGH,ex_a44ae2ca,DRAFT_READY,FINAL_CLOSEOUT_2026-08-04
MOVEMENT_01144,ex_a44ae2ca,플랭크,MOBILITY_DEMAND,LOW,ex_a44ae2ca,DRAFT_READY,FINAL_CLOSEOUT_2026-08-04
MOVEMENT_01145,ex_a44ae2ca,플랭크,MOVEMENT_FAMILY,ANTI_ROTATION_ANTI_EXTENSION_CORE,ex_a44ae2ca,DRAFT_READY,FINAL_CLOSEOUT_2026-08-04
MOVEMENT_01146,ex_a44ae2ca,플랭크,MOVEMENT_SUBTYPE,FRONT_PLANK,ex_a44ae2ca,DRAFT_READY,FINAL_CLOSEOUT_2026-08-04
MOVEMENT_01147,ex_a60496be,원암 리어델트 케이블 플라이,JOINT_ACTION,SHOULDER_HORIZONTAL_ABDUCTION,ex_a60496be,DRAFT_READY,FINAL_CLOSEOUT_2026-08-04
MOVEMENT_01148,ex_a60496be,원암 리어델트 케이블 플라이,JOINT_ACTION,SHOULDER_HORIZONTAL_ADDUCTION,ex_a60496be,DRAFT_READY,FINAL_CLOSEOUT_2026-08-04
MOVEMENT_01149,ex_a60496be,원암 리어델트 케이블 플라이,KINETIC_CHAIN,OPEN_CHAIN,ex_a60496be,DRAFT_READY,FINAL_CLOSEOUT_2026-08-04
MOVEMENT_01150,ex_a60496be,원암 리어델트 케이블 플라이,STABILITY_DEMAND,LOW,ex_a60496be,DRAFT_READY,FINAL_CLOSEOUT_2026-08-04
MOVEMENT_01151,ex_a60496be,원암 리어델트 케이블 플라이,MOBILITY_DEMAND,LOW,ex_a60496be,DRAFT_READY,FINAL_CLOSEOUT_2026-08-04
MOVEMENT_01152,ex_a60496be,원암 리어델트 케이블 플라이,MOVEMENT_FAMILY,REAR_DELT_FLY_HORIZONTAL_ABDUCTION_VARIANTS,ex_a60496be,DRAFT_READY,FINAL_CLOSEOUT_2026-08-04
MOVEMENT_01153,ex_a60496be,원암 리어델트 케이블 플라이,MOVEMENT_SUBTYPE,ONE_ARM_REAR_DELT_CABLE_FLY,ex_a60496be,DRAFT_READY,FINAL_CLOSEOUT_2026-08-04
MOVEMENT_01154,ex_a611010d,코사크 스쿼트,MOVEMENT_PATTERN,SQUAT,ex_a611010d,DRAFT_READY,FINAL_CLOSEOUT_2026-08-04
MOVEMENT_01155,ex_a611010d,코사크 스쿼트,JOINT_ACTION,ANKLE_DORSIFLEXION,ex_a611010d,DRAFT_READY,FINAL_CLOSEOUT_2026-08-04
MOVEMENT_01156,ex_a611010d,코사크 스쿼트,JOINT_ACTION,ANKLE_PLANTARFLEXION,ex_a611010d,DRAFT_READY,FINAL_CLOSEOUT_2026-08-04
MOVEMENT_01157,ex_a611010d,코사크 스쿼트,JOINT_ACTION,HIP_EXTENSION,ex_a611010d,DRAFT_READY,FINAL_CLOSEOUT_2026-08-04
MOVEMENT_01158,ex_a611010d,코사크 스쿼트,JOINT_ACTION,HIP_FLEXION,ex_a611010d,DRAFT_READY,FINAL_CLOSEOUT_2026-08-04
MOVEMENT_01159,ex_a611010d,코사크 스쿼트,JOINT_ACTION,KNEE_EXTENSION,ex_a611010d,DRAFT_READY,FINAL_CLOSEOUT_2026-08-04
MOVEMENT_01160,ex_a611010d,코사크 스쿼트,JOINT_ACTION,KNEE_FLEXION,ex_a611010d,DRAFT_READY,FINAL_CLOSEOUT_2026-08-04
MOVEMENT_01161,ex_a611010d,코사크 스쿼트,KINETIC_CHAIN,CLOSED_CHAIN,ex_a611010d,DRAFT_READY,FINAL_CLOSEOUT_2026-08-04
MOVEMENT_01162,ex_a611010d,코사크 스쿼트,STABILITY_DEMAND,HIGH,ex_a611010d,DRAFT_READY,FINAL_CLOSEOUT_2026-08-04
MOVEMENT_01163,ex_a611010d,코사크 스쿼트,MOBILITY_DEMAND,HIGH,ex_a611010d,DRAFT_READY,FINAL_CLOSEOUT_2026-08-04
MOVEMENT_01164,ex_a611010d,코사크 스쿼트,MOVEMENT_FAMILY,SQUAT_VARIANTS,ex_a611010d,DRAFT_READY,FINAL_CLOSEOUT_2026-08-04
MOVEMENT_01165,ex_a611010d,코사크 스쿼트,MOVEMENT_SUBTYPE,COSSACK_SQUAT,ex_a611010d,DRAFT_READY,FINAL_CLOSEOUT_2026-08-04
MOVEMENT_01166,ex_a61f1e96,인클라인 덤벨 프레스,MOVEMENT_PATTERN,HORIZONTAL_PUSH,ex_a61f1e96,REVIEW_REQUIRED,FINAL_CLOSEOUT_2026-08-04
MOVEMENT_01167,ex_a61f1e96,인클라인 덤벨 프레스,JOINT_ACTION,ELBOW_EXTENSION,ex_a61f1e96,REVIEW_REQUIRED,FINAL_CLOSEOUT_2026-08-04
MOVEMENT_01168,ex_a61f1e96,인클라인 덤벨 프레스,JOINT_ACTION,ELBOW_FLEXION,ex_a61f1e96,REVIEW_REQUIRED,FINAL_CLOSEOUT_2026-08-04
MOVEMENT_01169,ex_a61f1e96,인클라인 덤벨 프레스,JOINT_ACTION,SHOULDER_HORIZONTAL_ABDUCTION,ex_a61f1e96,REVIEW_REQUIRED,FINAL_CLOSEOUT_2026-08-04
MOVEMENT_01170,ex_a61f1e96,인클라인 덤벨 프레스,JOINT_ACTION,SHOULDER_HORIZONTAL_ADDUCTION,ex_a61f1e96,REVIEW_REQUIRED,FINAL_CLOSEOUT_2026-08-04
MOVEMENT_01171,ex_a61f1e96,인클라인 덤벨 프레스,KINETIC_CHAIN,OPEN_CHAIN,ex_a61f1e96,REVIEW_REQUIRED,FINAL_CLOSEOUT_2026-08-04
MOVEMENT_01172,ex_a61f1e96,인클라인 덤벨 프레스,STABILITY_DEMAND,MODERATE,ex_a61f1e96,REVIEW_REQUIRED,FINAL_CLOSEOUT_2026-08-04
MOVEMENT_01173,ex_a61f1e96,인클라인 덤벨 프레스,MOBILITY_DEMAND,MODERATE,ex_a61f1e96,REVIEW_REQUIRED,FINAL_CLOSEOUT_2026-08-04
MOVEMENT_01174,ex_a61f1e96,인클라인 덤벨 프레스,MOVEMENT_FAMILY,BENCH_PRESS_DUMBBELL_PRESS_MACHINE_PRESS_VARIANTS,ex_a61f1e96,REVIEW_REQUIRED,FINAL_CLOSEOUT_2026-08-04
MOVEMENT_01175,ex_a61f1e96,인클라인 덤벨 프레스,MOVEMENT_SUBTYPE,INCLINE_DUMBBELL_PRESS,ex_a61f1e96,REVIEW_REQUIRED,FINAL_CLOSEOUT_2026-08-04
MOVEMENT_01176,ex_a61f307a,인클라인 덤벨 플라이,JOINT_ACTION,SHOULDER_HORIZONTAL_ABDUCTION,ex_a61f307a,DRAFT_READY,FINAL_CLOSEOUT_2026-08-04
MOVEMENT_01177,ex_a61f307a,인클라인 덤벨 플라이,JOINT_ACTION,SHOULDER_HORIZONTAL_ADDUCTION,ex_a61f307a,DRAFT_READY,FINAL_CLOSEOUT_2026-08-04
MOVEMENT_01178,ex_a61f307a,인클라인 덤벨 플라이,KINETIC_CHAIN,OPEN_CHAIN,ex_a61f307a,DRAFT_READY,FINAL_CLOSEOUT_2026-08-04
MOVEMENT_01179,ex_a61f307a,인클라인 덤벨 플라이,STABILITY_DEMAND,LOW,ex_a61f307a,DRAFT_READY,FINAL_CLOSEOUT_2026-08-04
MOVEMENT_01180,ex_a61f307a,인클라인 덤벨 플라이,MOBILITY_DEMAND,LOW,ex_a61f307a,DRAFT_READY,FINAL_CLOSEOUT_2026-08-04
MOVEMENT_01181,ex_a61f307a,인클라인 덤벨 플라이,MOVEMENT_FAMILY,CHEST_ISOLATION,ex_a61f307a,DRAFT_READY,FINAL_CLOSEOUT_2026-08-04
MOVEMENT_01182,ex_a61f307a,인클라인 덤벨 플라이,MOVEMENT_SUBTYPE,INCLINE_DUMBBELL_FLY,ex_a61f307a,DRAFT_READY,FINAL_CLOSEOUT_2026-08-04
MOVEMENT_01183,ex_a76f20b6,시티드 원암 케이블 로우,MOVEMENT_PATTERN,HORIZONTAL_PULL,ex_a76f20b6,DRAFT_READY,FINAL_CLOSEOUT_2026-08-04
MOVEMENT_01184,ex_a76f20b6,시티드 원암 케이블 로우,JOINT_ACTION,ELBOW_EXTENSION,ex_a76f20b6,DRAFT_READY,FINAL_CLOSEOUT_2026-08-04
MOVEMENT_01185,ex_a76f20b6,시티드 원암 케이블 로우,JOINT_ACTION,ELBOW_FLEXION,ex_a76f20b6,DRAFT_READY,FINAL_CLOSEOUT_2026-08-04
MOVEMENT_01186,ex_a76f20b6,시티드 원암 케이블 로우,JOINT_ACTION,SCAPULAR_PROTRACTION,ex_a76f20b6,DRAFT_READY,FINAL_CLOSEOUT_2026-08-04
MOVEMENT_01187,ex_a76f20b6,시티드 원암 케이블 로우,JOINT_ACTION,SCAPULAR_RETRACTION,ex_a76f20b6,DRAFT_READY,FINAL_CLOSEOUT_2026-08-04
MOVEMENT_01188,ex_a76f20b6,시티드 원암 케이블 로우,JOINT_ACTION,SHOULDER_EXTENSION,ex_a76f20b6,DRAFT_READY,FINAL_CLOSEOUT_2026-08-04
MOVEMENT_01189,ex_a76f20b6,시티드 원암 케이블 로우,JOINT_ACTION,SHOULDER_FLEXION,ex_a76f20b6,DRAFT_READY,FINAL_CLOSEOUT_2026-08-04
MOVEMENT_01190,ex_a76f20b6,시티드 원암 케이블 로우,KINETIC_CHAIN,OPEN_CHAIN,ex_a76f20b6,DRAFT_READY,FINAL_CLOSEOUT_2026-08-04
MOVEMENT_01191,ex_a76f20b6,시티드 원암 케이블 로우,STABILITY_DEMAND,HIGH,ex_a76f20b6,DRAFT_READY,FINAL_CLOSEOUT_2026-08-04
MOVEMENT_01192,ex_a76f20b6,시티드 원암 케이블 로우,MOBILITY_DEMAND,MODERATE,ex_a76f20b6,DRAFT_READY,FINAL_CLOSEOUT_2026-08-04
MOVEMENT_01193,ex_a76f20b6,시티드 원암 케이블 로우,MOVEMENT_FAMILY,ROW_VARIANTS,ex_a76f20b6,DRAFT_READY,FINAL_CLOSEOUT_2026-08-04
MOVEMENT_01194,ex_a76f20b6,시티드 원암 케이블 로우,MOVEMENT_SUBTYPE,SEATED_ONE_ARM_CABLE_ROW,ex_a76f20b6,DRAFT_READY,FINAL_CLOSEOUT_2026-08-04
MOVEMENT_01195,ex_a8385c4a,코펜하겐 플랭크,MOVEMENT_PATTERN,TRUNK_BRACE,ex_a8385c4a,DRAFT_READY,FINAL_CLOSEOUT_2026-08-04
MOVEMENT_01196,ex_a8385c4a,코펜하겐 플랭크,KINETIC_CHAIN,CLOSED_CHAIN,ex_a8385c4a,DRAFT_READY,FINAL_CLOSEOUT_2026-08-04
MOVEMENT_01197,ex_a8385c4a,코펜하겐 플랭크,STABILITY_DEMAND,HIGH,ex_a8385c4a,DRAFT_READY,FINAL_CLOSEOUT_2026-08-04
MOVEMENT_01198,ex_a8385c4a,코펜하겐 플랭크,MOBILITY_DEMAND,LOW,ex_a8385c4a,DRAFT_READY,FINAL_CLOSEOUT_2026-08-04
MOVEMENT_01199,ex_a8385c4a,코펜하겐 플랭크,MOVEMENT_FAMILY,ANTI_ROTATION_ANTI_EXTENSION_CORE,ex_a8385c4a,DRAFT_READY,FINAL_CLOSEOUT_2026-08-04
MOVEMENT_01200,ex_a8385c4a,코펜하겐 플랭크,MOVEMENT_SUBTYPE,COPENHAGEN_PLANK,ex_a8385c4a,DRAFT_READY,FINAL_CLOSEOUT_2026-08-04
MOVEMENT_01201,ex_a9b52886,마운틴 클라이머,MOVEMENT_PATTERN,TRUNK_BRACE,ex_a9b52886,REVIEW_RECOMMENDED,FINAL_CLOSEOUT_2026-08-04
MOVEMENT_01202,ex_a9b52886,마운틴 클라이머,JOINT_ACTION,HIP_EXTENSION,ex_a9b52886,REVIEW_RECOMMENDED,FINAL_CLOSEOUT_2026-08-04
MOVEMENT_01203,ex_a9b52886,마운틴 클라이머,JOINT_ACTION,HIP_FLEXION,ex_a9b52886,REVIEW_RECOMMENDED,FINAL_CLOSEOUT_2026-08-04
MOVEMENT_01204,ex_a9b52886,마운틴 클라이머,JOINT_ACTION,KNEE_EXTENSION,ex_a9b52886,REVIEW_RECOMMENDED,FINAL_CLOSEOUT_2026-08-04
MOVEMENT_01205,ex_a9b52886,마운틴 클라이머,JOINT_ACTION,KNEE_FLEXION,ex_a9b52886,REVIEW_RECOMMENDED,FINAL_CLOSEOUT_2026-08-04
MOVEMENT_01206,ex_a9b52886,마운틴 클라이머,KINETIC_CHAIN,CLOSED_CHAIN,ex_a9b52886,REVIEW_RECOMMENDED,FINAL_CLOSEOUT_2026-08-04
MOVEMENT_01207,ex_a9b52886,마운틴 클라이머,STABILITY_DEMAND,HIGH,ex_a9b52886,REVIEW_RECOMMENDED,FINAL_CLOSEOUT_2026-08-04
MOVEMENT_01208,ex_a9b52886,마운틴 클라이머,MOBILITY_DEMAND,MODERATE,ex_a9b52886,REVIEW_RECOMMENDED,FINAL_CLOSEOUT_2026-08-04
MOVEMENT_01209,ex_a9b52886,마운틴 클라이머,MOVEMENT_FAMILY,BODYWEIGHT_CONDITIONING_CORE,ex_a9b52886,REVIEW_RECOMMENDED,FINAL_CLOSEOUT_2026-08-04
MOVEMENT_01210,ex_a9b52886,마운틴 클라이머,MOVEMENT_SUBTYPE,MOUNTAIN_CLIMBER,ex_a9b52886,REVIEW_RECOMMENDED,FINAL_CLOSEOUT_2026-08-04
MOVEMENT_01211,ex_ab468462,레그 프레스,MOVEMENT_PATTERN,SQUAT,ex_ab468462,DRAFT_READY,FINAL_CLOSEOUT_2026-08-04
MOVEMENT_01212,ex_ab468462,레그 프레스,JOINT_ACTION,ANKLE_DORSIFLEXION,ex_ab468462,DRAFT_READY,FINAL_CLOSEOUT_2026-08-04
MOVEMENT_01213,ex_ab468462,레그 프레스,JOINT_ACTION,ANKLE_PLANTARFLEXION,ex_ab468462,DRAFT_READY,FINAL_CLOSEOUT_2026-08-04
MOVEMENT_01214,ex_ab468462,레그 프레스,JOINT_ACTION,HIP_EXTENSION,ex_ab468462,DRAFT_READY,FINAL_CLOSEOUT_2026-08-04
MOVEMENT_01215,ex_ab468462,레그 프레스,JOINT_ACTION,HIP_FLEXION,ex_ab468462,DRAFT_READY,FINAL_CLOSEOUT_2026-08-04
MOVEMENT_01216,ex_ab468462,레그 프레스,JOINT_ACTION,KNEE_EXTENSION,ex_ab468462,DRAFT_READY,FINAL_CLOSEOUT_2026-08-04
MOVEMENT_01217,ex_ab468462,레그 프레스,JOINT_ACTION,KNEE_FLEXION,ex_ab468462,DRAFT_READY,FINAL_CLOSEOUT_2026-08-04
MOVEMENT_01218,ex_ab468462,레그 프레스,KINETIC_CHAIN,CLOSED_CHAIN,ex_ab468462,DRAFT_READY,FINAL_CLOSEOUT_2026-08-04
MOVEMENT_01219,ex_ab468462,레그 프레스,STABILITY_DEMAND,MODERATE,ex_ab468462,DRAFT_READY,FINAL_CLOSEOUT_2026-08-04
MOVEMENT_01220,ex_ab468462,레그 프레스,MOBILITY_DEMAND,MODERATE,ex_ab468462,DRAFT_READY,FINAL_CLOSEOUT_2026-08-04
MOVEMENT_01221,ex_ab468462,레그 프레스,MOVEMENT_FAMILY,LEG_PRESS_KNEE_DOMINANT_MACHINE_VARIANTS,ex_ab468462,DRAFT_READY,FINAL_CLOSEOUT_2026-08-04
MOVEMENT_01222,ex_ab468462,레그 프레스,MOVEMENT_SUBTYPE,LEG_PRESS,ex_ab468462,DRAFT_READY,FINAL_CLOSEOUT_2026-08-04
MOVEMENT_01223,ex_ab918e2b,실내 자전거,STABILITY_DEMAND,LOW,ex_ab918e2b,DRAFT_READY,FINAL_CLOSEOUT_2026-08-04
MOVEMENT_01224,ex_ab918e2b,실내 자전거,MOBILITY_DEMAND,LOW,ex_ab918e2b,DRAFT_READY,FINAL_CLOSEOUT_2026-08-04
MOVEMENT_01225,ex_ab918e2b,실내 자전거,MOVEMENT_FAMILY,CARDIO_RECORDS,ex_ab918e2b,DRAFT_READY,FINAL_CLOSEOUT_2026-08-04
MOVEMENT_01226,ex_ab918e2b,실내 자전거,MOVEMENT_SUBTYPE,INDOOR_CYCLING,ex_ab918e2b,DRAFT_READY,FINAL_CLOSEOUT_2026-08-04
MOVEMENT_01227,ex_aca9d312,러닝 풋살,STABILITY_DEMAND,HIGH,ex_aca9d312,REVIEW_RECOMMENDED,FINAL_CLOSEOUT_2026-08-04
MOVEMENT_01228,ex_aca9d312,러닝 풋살,MOBILITY_DEMAND,MODERATE,ex_aca9d312,REVIEW_RECOMMENDED,FINAL_CLOSEOUT_2026-08-04
MOVEMENT_01229,ex_aca9d312,러닝 풋살,MOVEMENT_FAMILY,OTHER_SPORT_SESSION_RECORDS,ex_aca9d312,REVIEW_RECOMMENDED,FINAL_CLOSEOUT_2026-08-04
MOVEMENT_01230,ex_aca9d312,러닝 풋살,MOVEMENT_SUBTYPE,RUNNING_FUTSAL_SESSION,ex_aca9d312,REVIEW_RECOMMENDED,FINAL_CLOSEOUT_2026-08-04
MOVEMENT_01231,ex_ae9ecdbc,배드민턴,STABILITY_DEMAND,HIGH,ex_ae9ecdbc,REVIEW_RECOMMENDED,FINAL_CLOSEOUT_2026-08-04
MOVEMENT_01232,ex_ae9ecdbc,배드민턴,MOBILITY_DEMAND,MODERATE,ex_ae9ecdbc,REVIEW_RECOMMENDED,FINAL_CLOSEOUT_2026-08-04
MOVEMENT_01233,ex_ae9ecdbc,배드민턴,MOVEMENT_FAMILY,BADMINTON_SESSION_SPORT_RECORDS,ex_ae9ecdbc,REVIEW_RECOMMENDED,FINAL_CLOSEOUT_2026-08-04
MOVEMENT_01234,ex_ae9ecdbc,배드민턴,MOVEMENT_SUBTYPE,BADMINTON_SESSION,ex_ae9ecdbc,REVIEW_RECOMMENDED,FINAL_CLOSEOUT_2026-08-04
MOVEMENT_01235,ex_b076570e,원암 케이블 래터럴 레이즈,JOINT_ACTION,SHOULDER_ABDUCTION,ex_b076570e,DRAFT_READY,FINAL_CLOSEOUT_2026-08-04
MOVEMENT_01236,ex_b076570e,원암 케이블 래터럴 레이즈,JOINT_ACTION,SHOULDER_ADDUCTION,ex_b076570e,DRAFT_READY,FINAL_CLOSEOUT_2026-08-04
MOVEMENT_01237,ex_b076570e,원암 케이블 래터럴 레이즈,KINETIC_CHAIN,OPEN_CHAIN,ex_b076570e,DRAFT_READY,FINAL_CLOSEOUT_2026-08-04
MOVEMENT_01238,ex_b076570e,원암 케이블 래터럴 레이즈,STABILITY_DEMAND,LOW,ex_b076570e,DRAFT_READY,FINAL_CLOSEOUT_2026-08-04
MOVEMENT_01239,ex_b076570e,원암 케이블 래터럴 레이즈,MOBILITY_DEMAND,LOW,ex_b076570e,DRAFT_READY,FINAL_CLOSEOUT_2026-08-04
MOVEMENT_01240,ex_b076570e,원암 케이블 래터럴 레이즈,MOVEMENT_FAMILY,LATERAL_RAISE_DELTOID_ISOLATION_VARIANTS,ex_b076570e,DRAFT_READY,FINAL_CLOSEOUT_2026-08-04
MOVEMENT_01241,ex_b076570e,원암 케이블 래터럴 레이즈,MOVEMENT_SUBTYPE,ONE_ARM_CABLE_LATERAL_RAISE,ex_b076570e,DRAFT_READY,FINAL_CLOSEOUT_2026-08-04
MOVEMENT_01242,ex_b3f447be,행잉 레그 레이즈,MOVEMENT_PATTERN,TRUNK_FLEXION,ex_b3f447be,REVIEW_RECOMMENDED,FINAL_CLOSEOUT_2026-08-04
MOVEMENT_01243,ex_b3f447be,행잉 레그 레이즈,JOINT_ACTION,HIP_EXTENSION,ex_b3f447be,REVIEW_RECOMMENDED,FINAL_CLOSEOUT_2026-08-04
MOVEMENT_01244,ex_b3f447be,행잉 레그 레이즈,JOINT_ACTION,HIP_FLEXION,ex_b3f447be,REVIEW_RECOMMENDED,FINAL_CLOSEOUT_2026-08-04
MOVEMENT_01245,ex_b3f447be,행잉 레그 레이즈,JOINT_ACTION,LUMBAR_EXTENSION,ex_b3f447be,REVIEW_RECOMMENDED,FINAL_CLOSEOUT_2026-08-04
MOVEMENT_01246,ex_b3f447be,행잉 레그 레이즈,JOINT_ACTION,LUMBAR_FLEXION,ex_b3f447be,REVIEW_RECOMMENDED,FINAL_CLOSEOUT_2026-08-04
MOVEMENT_01247,ex_b3f447be,행잉 레그 레이즈,JOINT_ACTION,THORACIC_EXTENSION,ex_b3f447be,REVIEW_RECOMMENDED,FINAL_CLOSEOUT_2026-08-04
MOVEMENT_01248,ex_b3f447be,행잉 레그 레이즈,JOINT_ACTION,THORACIC_FLEXION,ex_b3f447be,REVIEW_RECOMMENDED,FINAL_CLOSEOUT_2026-08-04
MOVEMENT_01249,ex_b3f447be,행잉 레그 레이즈,KINETIC_CHAIN,OPEN_CHAIN,ex_b3f447be,REVIEW_RECOMMENDED,FINAL_CLOSEOUT_2026-08-04
MOVEMENT_01250,ex_b3f447be,행잉 레그 레이즈,STABILITY_DEMAND,MODERATE,ex_b3f447be,REVIEW_RECOMMENDED,FINAL_CLOSEOUT_2026-08-04
MOVEMENT_01251,ex_b3f447be,행잉 레그 레이즈,MOBILITY_DEMAND,LOW,ex_b3f447be,REVIEW_RECOMMENDED,FINAL_CLOSEOUT_2026-08-04
MOVEMENT_01252,ex_b3f447be,행잉 레그 레이즈,MOVEMENT_FAMILY,CORE_FLEXION_ANTERIOR_CORE,ex_b3f447be,REVIEW_RECOMMENDED,FINAL_CLOSEOUT_2026-08-04
MOVEMENT_01253,ex_b3f447be,행잉 레그 레이즈,MOVEMENT_SUBTYPE,HANGING_LEG_RAISE,ex_b3f447be,REVIEW_RECOMMENDED,FINAL_CLOSEOUT_2026-08-04
MOVEMENT_01254,ex_b4b198de,래터럴 런지,MOVEMENT_PATTERN,LUNGE,ex_b4b198de,DRAFT_READY,FINAL_CLOSEOUT_2026-08-04
MOVEMENT_01255,ex_b4b198de,래터럴 런지,JOINT_ACTION,ANKLE_DORSIFLEXION,ex_b4b198de,DRAFT_READY,FINAL_CLOSEOUT_2026-08-04
MOVEMENT_01256,ex_b4b198de,래터럴 런지,JOINT_ACTION,ANKLE_PLANTARFLEXION,ex_b4b198de,DRAFT_READY,FINAL_CLOSEOUT_2026-08-04
MOVEMENT_01257,ex_b4b198de,래터럴 런지,JOINT_ACTION,HIP_EXTENSION,ex_b4b198de,DRAFT_READY,FINAL_CLOSEOUT_2026-08-04
MOVEMENT_01258,ex_b4b198de,래터럴 런지,JOINT_ACTION,HIP_FLEXION,ex_b4b198de,DRAFT_READY,FINAL_CLOSEOUT_2026-08-04
MOVEMENT_01259,ex_b4b198de,래터럴 런지,JOINT_ACTION,KNEE_EXTENSION,ex_b4b198de,DRAFT_READY,FINAL_CLOSEOUT_2026-08-04
MOVEMENT_01260,ex_b4b198de,래터럴 런지,JOINT_ACTION,KNEE_FLEXION,ex_b4b198de,DRAFT_READY,FINAL_CLOSEOUT_2026-08-04
MOVEMENT_01261,ex_b4b198de,래터럴 런지,KINETIC_CHAIN,CLOSED_CHAIN,ex_b4b198de,DRAFT_READY,FINAL_CLOSEOUT_2026-08-04
MOVEMENT_01262,ex_b4b198de,래터럴 런지,STABILITY_DEMAND,MODERATE,ex_b4b198de,DRAFT_READY,FINAL_CLOSEOUT_2026-08-04
MOVEMENT_01263,ex_b4b198de,래터럴 런지,MOBILITY_DEMAND,MODERATE,ex_b4b198de,DRAFT_READY,FINAL_CLOSEOUT_2026-08-04
MOVEMENT_01264,ex_b4b198de,래터럴 런지,MOVEMENT_FAMILY,LUNGE_SPLIT_SQUAT_VARIANTS,ex_b4b198de,DRAFT_READY,FINAL_CLOSEOUT_2026-08-04
MOVEMENT_01265,ex_b4b198de,래터럴 런지,MOVEMENT_SUBTYPE,LATERAL_LUNGE,ex_b4b198de,DRAFT_READY,FINAL_CLOSEOUT_2026-08-04
MOVEMENT_01266,ex_b59bed7d,스탠딩 레그 컬,JOINT_ACTION,KNEE_EXTENSION,ex_b59bed7d,DRAFT_READY,FINAL_CLOSEOUT_2026-08-04
MOVEMENT_01267,ex_b59bed7d,스탠딩 레그 컬,JOINT_ACTION,KNEE_FLEXION,ex_b59bed7d,DRAFT_READY,FINAL_CLOSEOUT_2026-08-04
MOVEMENT_01268,ex_b59bed7d,스탠딩 레그 컬,KINETIC_CHAIN,OPEN_CHAIN,ex_b59bed7d,DRAFT_READY,FINAL_CLOSEOUT_2026-08-04
MOVEMENT_01269,ex_b59bed7d,스탠딩 레그 컬,STABILITY_DEMAND,LOW,ex_b59bed7d,DRAFT_READY,FINAL_CLOSEOUT_2026-08-04
MOVEMENT_01270,ex_b59bed7d,스탠딩 레그 컬,MOBILITY_DEMAND,LOW,ex_b59bed7d,DRAFT_READY,FINAL_CLOSEOUT_2026-08-04
MOVEMENT_01271,ex_b59bed7d,스탠딩 레그 컬,MOVEMENT_FAMILY,HAMSTRING_CURL_VARIANTS,ex_b59bed7d,DRAFT_READY,FINAL_CLOSEOUT_2026-08-04
MOVEMENT_01272,ex_b59bed7d,스탠딩 레그 컬,MOVEMENT_SUBTYPE,STANDING_LEG_CURL,ex_b59bed7d,DRAFT_READY,FINAL_CLOSEOUT_2026-08-04
MOVEMENT_01273,ex_b69ab702,크로스바디 해머 컬,JOINT_ACTION,ELBOW_EXTENSION,ex_b69ab702,DRAFT_READY,FINAL_CLOSEOUT_2026-08-04
MOVEMENT_01274,ex_b69ab702,크로스바디 해머 컬,JOINT_ACTION,ELBOW_FLEXION,ex_b69ab702,DRAFT_READY,FINAL_CLOSEOUT_2026-08-04
MOVEMENT_01275,ex_b69ab702,크로스바디 해머 컬,KINETIC_CHAIN,OPEN_CHAIN,ex_b69ab702,DRAFT_READY,FINAL_CLOSEOUT_2026-08-04
MOVEMENT_01276,ex_b69ab702,크로스바디 해머 컬,STABILITY_DEMAND,LOW,ex_b69ab702,DRAFT_READY,FINAL_CLOSEOUT_2026-08-04
MOVEMENT_01277,ex_b69ab702,크로스바디 해머 컬,MOBILITY_DEMAND,LOW,ex_b69ab702,DRAFT_READY,FINAL_CLOSEOUT_2026-08-04
MOVEMENT_01278,ex_b69ab702,크로스바디 해머 컬,MOVEMENT_FAMILY,ELBOW_FLEXION_BRACHIALIS_BRACHIORADIALIS_VARIANTS,ex_b69ab702,DRAFT_READY,FINAL_CLOSEOUT_2026-08-04
MOVEMENT_01279,ex_b69ab702,크로스바디 해머 컬,MOVEMENT_SUBTYPE,CROSS_BODY_HAMMER_CURL,ex_b69ab702,DRAFT_READY,FINAL_CLOSEOUT_2026-08-04
MOVEMENT_01280,ex_b76d3f92,케이블 래터럴 레이즈,JOINT_ACTION,SHOULDER_ABDUCTION,ex_b76d3f92,DRAFT_READY,FINAL_CLOSEOUT_2026-08-04
MOVEMENT_01281,ex_b76d3f92,케이블 래터럴 레이즈,JOINT_ACTION,SHOULDER_ADDUCTION,ex_b76d3f92,DRAFT_READY,FINAL_CLOSEOUT_2026-08-04
MOVEMENT_01282,ex_b76d3f92,케이블 래터럴 레이즈,KINETIC_CHAIN,OPEN_CHAIN,ex_b76d3f92,DRAFT_READY,FINAL_CLOSEOUT_2026-08-04
MOVEMENT_01283,ex_b76d3f92,케이블 래터럴 레이즈,STABILITY_DEMAND,LOW,ex_b76d3f92,DRAFT_READY,FINAL_CLOSEOUT_2026-08-04
MOVEMENT_01284,ex_b76d3f92,케이블 래터럴 레이즈,MOBILITY_DEMAND,LOW,ex_b76d3f92,DRAFT_READY,FINAL_CLOSEOUT_2026-08-04
MOVEMENT_01285,ex_b76d3f92,케이블 래터럴 레이즈,MOVEMENT_FAMILY,LATERAL_RAISE_DELTOID_ISOLATION_VARIANTS,ex_b76d3f92,DRAFT_READY,FINAL_CLOSEOUT_2026-08-04
MOVEMENT_01286,ex_b76d3f92,케이블 래터럴 레이즈,MOVEMENT_SUBTYPE,CABLE_LATERAL_RAISE,ex_b76d3f92,DRAFT_READY,FINAL_CLOSEOUT_2026-08-04
MOVEMENT_01287,ex_b78a8f95,레그 익스텐션,JOINT_ACTION,KNEE_EXTENSION,ex_b78a8f95,DRAFT_READY,FINAL_CLOSEOUT_2026-08-04
MOVEMENT_01288,ex_b78a8f95,레그 익스텐션,JOINT_ACTION,KNEE_FLEXION,ex_b78a8f95,DRAFT_READY,FINAL_CLOSEOUT_2026-08-04
MOVEMENT_01289,ex_b78a8f95,레그 익스텐션,KINETIC_CHAIN,OPEN_CHAIN,ex_b78a8f95,DRAFT_READY,FINAL_CLOSEOUT_2026-08-04
MOVEMENT_01290,ex_b78a8f95,레그 익스텐션,STABILITY_DEMAND,LOW,ex_b78a8f95,DRAFT_READY,FINAL_CLOSEOUT_2026-08-04
MOVEMENT_01291,ex_b78a8f95,레그 익스텐션,MOBILITY_DEMAND,LOW,ex_b78a8f95,DRAFT_READY,FINAL_CLOSEOUT_2026-08-04
MOVEMENT_01292,ex_b78a8f95,레그 익스텐션,MOVEMENT_FAMILY,KNEE_EXTENSION_QUAD_ISOLATION,ex_b78a8f95,DRAFT_READY,FINAL_CLOSEOUT_2026-08-04
MOVEMENT_01293,ex_b78a8f95,레그 익스텐션,MOVEMENT_SUBTYPE,LEG_EXTENSION,ex_b78a8f95,DRAFT_READY,FINAL_CLOSEOUT_2026-08-04
MOVEMENT_01294,ex_badminton_lesson,배드민턴 레슨,STABILITY_DEMAND,HIGH,ex_badminton_lesson,REVIEW_RECOMMENDED,FINAL_CLOSEOUT_2026-08-04
MOVEMENT_01295,ex_badminton_lesson,배드민턴 레슨,MOBILITY_DEMAND,MODERATE,ex_badminton_lesson,REVIEW_RECOMMENDED,FINAL_CLOSEOUT_2026-08-04
MOVEMENT_01296,ex_badminton_lesson,배드민턴 레슨,MOVEMENT_FAMILY,BADMINTON_SESSION_SPORT_RECORDS,ex_badminton_lesson,REVIEW_RECOMMENDED,FINAL_CLOSEOUT_2026-08-04
MOVEMENT_01297,ex_badminton_lesson,배드민턴 레슨,MOVEMENT_SUBTYPE,BADMINTON_LESSON,ex_badminton_lesson,REVIEW_RECOMMENDED,FINAL_CLOSEOUT_2026-08-04
MOVEMENT_01298,ex_bb4b4276,등받이 없는 덤벨 시티드 숄더프레스,MOVEMENT_PATTERN,VERTICAL_PUSH,ex_bb4b4276,DRAFT_READY,FINAL_CLOSEOUT_2026-08-04
MOVEMENT_01299,ex_bb4b4276,등받이 없는 덤벨 시티드 숄더프레스,JOINT_ACTION,ELBOW_EXTENSION,ex_bb4b4276,DRAFT_READY,FINAL_CLOSEOUT_2026-08-04
MOVEMENT_01300,ex_bb4b4276,등받이 없는 덤벨 시티드 숄더프레스,JOINT_ACTION,ELBOW_FLEXION,ex_bb4b4276,DRAFT_READY,FINAL_CLOSEOUT_2026-08-04
MOVEMENT_01301,ex_bb4b4276,등받이 없는 덤벨 시티드 숄더프레스,JOINT_ACTION,SCAPULAR_DOWNWARD_ROTATION,ex_bb4b4276,DRAFT_READY,FINAL_CLOSEOUT_2026-08-04
MOVEMENT_01302,ex_bb4b4276,등받이 없는 덤벨 시티드 숄더프레스,JOINT_ACTION,SCAPULAR_UPWARD_ROTATION,ex_bb4b4276,DRAFT_READY,FINAL_CLOSEOUT_2026-08-04
MOVEMENT_01303,ex_bb4b4276,등받이 없는 덤벨 시티드 숄더프레스,JOINT_ACTION,SHOULDER_EXTENSION,ex_bb4b4276,DRAFT_READY,FINAL_CLOSEOUT_2026-08-04
MOVEMENT_01304,ex_bb4b4276,등받이 없는 덤벨 시티드 숄더프레스,JOINT_ACTION,SHOULDER_FLEXION,ex_bb4b4276,DRAFT_READY,FINAL_CLOSEOUT_2026-08-04
MOVEMENT_01305,ex_bb4b4276,등받이 없는 덤벨 시티드 숄더프레스,KINETIC_CHAIN,OPEN_CHAIN,ex_bb4b4276,DRAFT_READY,FINAL_CLOSEOUT_2026-08-04
MOVEMENT_01306,ex_bb4b4276,등받이 없는 덤벨 시티드 숄더프레스,STABILITY_DEMAND,MODERATE,ex_bb4b4276,DRAFT_READY,FINAL_CLOSEOUT_2026-08-04
MOVEMENT_01307,ex_bb4b4276,등받이 없는 덤벨 시티드 숄더프레스,MOBILITY_DEMAND,HIGH,ex_bb4b4276,DRAFT_READY,FINAL_CLOSEOUT_2026-08-04
MOVEMENT_01308,ex_bb4b4276,등받이 없는 덤벨 시티드 숄더프레스,MOVEMENT_FAMILY,OVERHEAD_PRESS_VARIANTS,ex_bb4b4276,DRAFT_READY,FINAL_CLOSEOUT_2026-08-04
MOVEMENT_01309,ex_bb4b4276,등받이 없는 덤벨 시티드 숄더프레스,MOVEMENT_SUBTYPE,SEATED_UNSUPPORTED_OVERHEAD_PRESS,ex_bb4b4276,DRAFT_READY,FINAL_CLOSEOUT_2026-08-04
MOVEMENT_01310,ex_bc84eb7f,6방향 랜덤 콕줍기,MOVEMENT_PATTERN,GAIT,ex_bc84eb7f,REVIEW_RECOMMENDED,FINAL_CLOSEOUT_2026-08-04
MOVEMENT_01311,ex_bc84eb7f,6방향 랜덤 콕줍기,MOVEMENT_PATTERN,STEP,ex_bc84eb7f,REVIEW_RECOMMENDED,FINAL_CLOSEOUT_2026-08-04
MOVEMENT_01312,ex_bc84eb7f,6방향 랜덤 콕줍기,MOVEMENT_EVENT,ACCELERATION,ex_bc84eb7f,REVIEW_RECOMMENDED,FINAL_CLOSEOUT_2026-08-04
MOVEMENT_01313,ex_bc84eb7f,6방향 랜덤 콕줍기,MOVEMENT_EVENT,CHANGE_OF_DIRECTION,ex_bc84eb7f,REVIEW_RECOMMENDED,FINAL_CLOSEOUT_2026-08-04
MOVEMENT_01314,ex_bc84eb7f,6방향 랜덤 콕줍기,MOVEMENT_EVENT,DECELERATION,ex_bc84eb7f,REVIEW_RECOMMENDED,FINAL_CLOSEOUT_2026-08-04
MOVEMENT_01315,ex_bc84eb7f,6방향 랜덤 콕줍기,STABILITY_DEMAND,HIGH,ex_bc84eb7f,REVIEW_RECOMMENDED,FINAL_CLOSEOUT_2026-08-04
MOVEMENT_01316,ex_bc84eb7f,6방향 랜덤 콕줍기,MOBILITY_DEMAND,MODERATE,ex_bc84eb7f,REVIEW_RECOMMENDED,FINAL_CLOSEOUT_2026-08-04
MOVEMENT_01317,ex_bc84eb7f,6방향 랜덤 콕줍기,MOVEMENT_FAMILY,FOOTWORK_SPLIT_STEP_REACTION_DRILL_VARIANTS,ex_bc84eb7f,REVIEW_RECOMMENDED,FINAL_CLOSEOUT_2026-08-04
MOVEMENT_01318,ex_bc84eb7f,6방향 랜덤 콕줍기,MOVEMENT_SUBTYPE,RANDOM_SHUTTLE_PICKUP_6_DIRECTION,ex_bc84eb7f,REVIEW_RECOMMENDED,FINAL_CLOSEOUT_2026-08-04
MOVEMENT_01319,ex_c1a81cb2,로프 해머 컬,JOINT_ACTION,ELBOW_EXTENSION,ex_c1a81cb2,DRAFT_READY,FINAL_CLOSEOUT_2026-08-04
MOVEMENT_01320,ex_c1a81cb2,로프 해머 컬,JOINT_ACTION,ELBOW_FLEXION,ex_c1a81cb2,DRAFT_READY,FINAL_CLOSEOUT_2026-08-04
MOVEMENT_01321,ex_c1a81cb2,로프 해머 컬,KINETIC_CHAIN,OPEN_CHAIN,ex_c1a81cb2,DRAFT_READY,FINAL_CLOSEOUT_2026-08-04
MOVEMENT_01322,ex_c1a81cb2,로프 해머 컬,STABILITY_DEMAND,LOW,ex_c1a81cb2,DRAFT_READY,FINAL_CLOSEOUT_2026-08-04
MOVEMENT_01323,ex_c1a81cb2,로프 해머 컬,MOBILITY_DEMAND,LOW,ex_c1a81cb2,DRAFT_READY,FINAL_CLOSEOUT_2026-08-04
MOVEMENT_01324,ex_c1a81cb2,로프 해머 컬,MOVEMENT_FAMILY,ELBOW_FLEXION_BRACHIALIS_BRACHIORADIALIS_VARIANTS,ex_c1a81cb2,DRAFT_READY,FINAL_CLOSEOUT_2026-08-04
MOVEMENT_01325,ex_c1a81cb2,로프 해머 컬,MOVEMENT_SUBTYPE,ROPE_HAMMER_CURL,ex_c1a81cb2,DRAFT_READY,FINAL_CLOSEOUT_2026-08-04
MOVEMENT_01326,ex_c1bf2aa8,안세영 참고 고강도 랠리 풋워크,MOVEMENT_PATTERN,GAIT,ex_c1bf2aa8,REVIEW_RECOMMENDED,FINAL_CLOSEOUT_2026-08-04
MOVEMENT_01327,ex_c1bf2aa8,안세영 참고 고강도 랠리 풋워크,MOVEMENT_PATTERN,STEP,ex_c1bf2aa8,REVIEW_RECOMMENDED,FINAL_CLOSEOUT_2026-08-04
MOVEMENT_01328,ex_c1bf2aa8,안세영 참고 고강도 랠리 풋워크,MOVEMENT_EVENT,ACCELERATION,ex_c1bf2aa8,REVIEW_RECOMMENDED,FINAL_CLOSEOUT_2026-08-04
MOVEMENT_01329,ex_c1bf2aa8,안세영 참고 고강도 랠리 풋워크,MOVEMENT_EVENT,CHANGE_OF_DIRECTION,ex_c1bf2aa8,REVIEW_RECOMMENDED,FINAL_CLOSEOUT_2026-08-04
MOVEMENT_01330,ex_c1bf2aa8,안세영 참고 고강도 랠리 풋워크,MOVEMENT_EVENT,DECELERATION,ex_c1bf2aa8,REVIEW_RECOMMENDED,FINAL_CLOSEOUT_2026-08-04
MOVEMENT_01331,ex_c1bf2aa8,안세영 참고 고강도 랠리 풋워크,STABILITY_DEMAND,HIGH,ex_c1bf2aa8,REVIEW_RECOMMENDED,FINAL_CLOSEOUT_2026-08-04
MOVEMENT_01332,ex_c1bf2aa8,안세영 참고 고강도 랠리 풋워크,MOBILITY_DEMAND,MODERATE,ex_c1bf2aa8,REVIEW_RECOMMENDED,FINAL_CLOSEOUT_2026-08-04
MOVEMENT_01333,ex_c1bf2aa8,안세영 참고 고강도 랠리 풋워크,MOVEMENT_FAMILY,FOOTWORK_SPLIT_STEP_REACTION_DRILL_VARIANTS,ex_c1bf2aa8,REVIEW_RECOMMENDED,FINAL_CLOSEOUT_2026-08-04
MOVEMENT_01334,ex_c1bf2aa8,안세영 참고 고강도 랠리 풋워크,MOVEMENT_SUBTYPE,HIGH_INTENSITY_RALLY_FOOTWORK,ex_c1bf2aa8,REVIEW_RECOMMENDED,FINAL_CLOSEOUT_2026-08-04
MOVEMENT_01335,ex_c365e5e2,원암 스트레이트암 풀다운,JOINT_ACTION,SHOULDER_EXTENSION,ex_c365e5e2,DRAFT_READY,FINAL_CLOSEOUT_2026-08-04
MOVEMENT_01336,ex_c365e5e2,원암 스트레이트암 풀다운,JOINT_ACTION,SHOULDER_FLEXION,ex_c365e5e2,DRAFT_READY,FINAL_CLOSEOUT_2026-08-04
MOVEMENT_01337,ex_c365e5e2,원암 스트레이트암 풀다운,KINETIC_CHAIN,OPEN_CHAIN,ex_c365e5e2,DRAFT_READY,FINAL_CLOSEOUT_2026-08-04
MOVEMENT_01338,ex_c365e5e2,원암 스트레이트암 풀다운,STABILITY_DEMAND,LOW,ex_c365e5e2,DRAFT_READY,FINAL_CLOSEOUT_2026-08-04
MOVEMENT_01339,ex_c365e5e2,원암 스트레이트암 풀다운,MOBILITY_DEMAND,LOW,ex_c365e5e2,DRAFT_READY,FINAL_CLOSEOUT_2026-08-04
MOVEMENT_01340,ex_c365e5e2,원암 스트레이트암 풀다운,MOVEMENT_FAMILY,LAT_STRAIGHT_ARM_PULLDOWN_OR_PULLOVER_ACCESSORY,ex_c365e5e2,DRAFT_READY,FINAL_CLOSEOUT_2026-08-04
MOVEMENT_01341,ex_c365e5e2,원암 스트레이트암 풀다운,MOVEMENT_SUBTYPE,ONE_ARM_STRAIGHT_ARM_PULLDOWN,ex_c365e5e2,DRAFT_READY,FINAL_CLOSEOUT_2026-08-04
MOVEMENT_01342,ex_c4535de3,스캡 푸시업,MOVEMENT_PATTERN,HORIZONTAL_PUSH,ex_c4535de3,DRAFT_READY,FINAL_CLOSEOUT_2026-08-04
MOVEMENT_01343,ex_c4535de3,스캡 푸시업,JOINT_ACTION,SCAPULAR_PROTRACTION,ex_c4535de3,DRAFT_READY,FINAL_CLOSEOUT_2026-08-04
MOVEMENT_01344,ex_c4535de3,스캡 푸시업,JOINT_ACTION,SCAPULAR_RETRACTION,ex_c4535de3,DRAFT_READY,FINAL_CLOSEOUT_2026-08-04
MOVEMENT_01345,ex_c4535de3,스캡 푸시업,KINETIC_CHAIN,CLOSED_CHAIN,ex_c4535de3,DRAFT_READY,FINAL_CLOSEOUT_2026-08-04
MOVEMENT_01346,ex_c4535de3,스캡 푸시업,STABILITY_DEMAND,MODERATE,ex_c4535de3,DRAFT_READY,FINAL_CLOSEOUT_2026-08-04
MOVEMENT_01347,ex_c4535de3,스캡 푸시업,MOBILITY_DEMAND,MODERATE,ex_c4535de3,DRAFT_READY,FINAL_CLOSEOUT_2026-08-04
MOVEMENT_01348,ex_c4535de3,스캡 푸시업,MOVEMENT_FAMILY,SERRATUS_SCAPULAR_PROTRACTION_CONTROL_VARIANTS,ex_c4535de3,DRAFT_READY,FINAL_CLOSEOUT_2026-08-04
MOVEMENT_01349,ex_c4535de3,스캡 푸시업,MOVEMENT_SUBTYPE,SCAPULAR_PUSH_UP,ex_c4535de3,DRAFT_READY,FINAL_CLOSEOUT_2026-08-04
MOVEMENT_01350,ex_c4ea0a2a,스킵 바운드,MOVEMENT_PATTERN,BOUND,ex_c4ea0a2a,DRAFT_READY,FINAL_CLOSEOUT_2026-08-04
MOVEMENT_01351,ex_c4ea0a2a,스킵 바운드,MOVEMENT_PATTERN,GAIT,ex_c4ea0a2a,DRAFT_READY,FINAL_CLOSEOUT_2026-08-04
MOVEMENT_01352,ex_c4ea0a2a,스킵 바운드,MOVEMENT_EVENT,LANDING,ex_c4ea0a2a,DRAFT_READY,FINAL_CLOSEOUT_2026-08-04
MOVEMENT_01353,ex_c4ea0a2a,스킵 바운드,MOVEMENT_EVENT,REBOUND,ex_c4ea0a2a,DRAFT_READY,FINAL_CLOSEOUT_2026-08-04
MOVEMENT_01354,ex_c4ea0a2a,스킵 바운드,MOVEMENT_EVENT,TAKEOFF,ex_c4ea0a2a,DRAFT_READY,FINAL_CLOSEOUT_2026-08-04
MOVEMENT_01355,ex_c4ea0a2a,스킵 바운드,STABILITY_DEMAND,HIGH,ex_c4ea0a2a,DRAFT_READY,FINAL_CLOSEOUT_2026-08-04
MOVEMENT_01356,ex_c4ea0a2a,스킵 바운드,MOBILITY_DEMAND,MODERATE,ex_c4ea0a2a,DRAFT_READY,FINAL_CLOSEOUT_2026-08-04
MOVEMENT_01357,ex_c4ea0a2a,스킵 바운드,MOVEMENT_FAMILY,RUNNING_MECHANICS_SUPPORT,ex_c4ea0a2a,DRAFT_READY,FINAL_CLOSEOUT_2026-08-04
MOVEMENT_01358,ex_c4ea0a2a,스킵 바운드,MOVEMENT_SUBTYPE,SKIP_BOUND,ex_c4ea0a2a,DRAFT_READY,FINAL_CLOSEOUT_2026-08-04
MOVEMENT_01359,ex_c5043892,프론트 스쿼트,MOVEMENT_PATTERN,SQUAT,ex_c5043892,DRAFT_READY,FINAL_CLOSEOUT_2026-08-04
MOVEMENT_01360,ex_c5043892,프론트 스쿼트,JOINT_ACTION,ANKLE_DORSIFLEXION,ex_c5043892,DRAFT_READY,FINAL_CLOSEOUT_2026-08-04
MOVEMENT_01361,ex_c5043892,프론트 스쿼트,JOINT_ACTION,ANKLE_PLANTARFLEXION,ex_c5043892,DRAFT_READY,FINAL_CLOSEOUT_2026-08-04
MOVEMENT_01362,ex_c5043892,프론트 스쿼트,JOINT_ACTION,HIP_EXTENSION,ex_c5043892,DRAFT_READY,FINAL_CLOSEOUT_2026-08-04
MOVEMENT_01363,ex_c5043892,프론트 스쿼트,JOINT_ACTION,HIP_FLEXION,ex_c5043892,DRAFT_READY,FINAL_CLOSEOUT_2026-08-04
MOVEMENT_01364,ex_c5043892,프론트 스쿼트,JOINT_ACTION,KNEE_EXTENSION,ex_c5043892,DRAFT_READY,FINAL_CLOSEOUT_2026-08-04
MOVEMENT_01365,ex_c5043892,프론트 스쿼트,JOINT_ACTION,KNEE_FLEXION,ex_c5043892,DRAFT_READY,FINAL_CLOSEOUT_2026-08-04
MOVEMENT_01366,ex_c5043892,프론트 스쿼트,KINETIC_CHAIN,CLOSED_CHAIN,ex_c5043892,DRAFT_READY,FINAL_CLOSEOUT_2026-08-04
MOVEMENT_01367,ex_c5043892,프론트 스쿼트,STABILITY_DEMAND,MODERATE,ex_c5043892,DRAFT_READY,FINAL_CLOSEOUT_2026-08-04
MOVEMENT_01368,ex_c5043892,프론트 스쿼트,MOBILITY_DEMAND,HIGH,ex_c5043892,DRAFT_READY,FINAL_CLOSEOUT_2026-08-04
MOVEMENT_01369,ex_c5043892,프론트 스쿼트,MOVEMENT_FAMILY,SQUAT_VARIANTS,ex_c5043892,DRAFT_READY,FINAL_CLOSEOUT_2026-08-04
MOVEMENT_01370,ex_c5043892,프론트 스쿼트,MOVEMENT_SUBTYPE,FRONT_SQUAT,ex_c5043892,DRAFT_READY,FINAL_CLOSEOUT_2026-08-04
MOVEMENT_01371,ex_c536edc2,원암 케이블 숄더프레스,MOVEMENT_PATTERN,VERTICAL_PUSH,ex_c536edc2,DRAFT_READY,FINAL_CLOSEOUT_2026-08-04
MOVEMENT_01372,ex_c536edc2,원암 케이블 숄더프레스,JOINT_ACTION,ELBOW_EXTENSION,ex_c536edc2,DRAFT_READY,FINAL_CLOSEOUT_2026-08-04
MOVEMENT_01373,ex_c536edc2,원암 케이블 숄더프레스,JOINT_ACTION,ELBOW_FLEXION,ex_c536edc2,DRAFT_READY,FINAL_CLOSEOUT_2026-08-04
MOVEMENT_01374,ex_c536edc2,원암 케이블 숄더프레스,JOINT_ACTION,SCAPULAR_DOWNWARD_ROTATION,ex_c536edc2,DRAFT_READY,FINAL_CLOSEOUT_2026-08-04
MOVEMENT_01375,ex_c536edc2,원암 케이블 숄더프레스,JOINT_ACTION,SCAPULAR_UPWARD_ROTATION,ex_c536edc2,DRAFT_READY,FINAL_CLOSEOUT_2026-08-04
MOVEMENT_01376,ex_c536edc2,원암 케이블 숄더프레스,JOINT_ACTION,SHOULDER_EXTENSION,ex_c536edc2,DRAFT_READY,FINAL_CLOSEOUT_2026-08-04
MOVEMENT_01377,ex_c536edc2,원암 케이블 숄더프레스,JOINT_ACTION,SHOULDER_FLEXION,ex_c536edc2,DRAFT_READY,FINAL_CLOSEOUT_2026-08-04
MOVEMENT_01378,ex_c536edc2,원암 케이블 숄더프레스,KINETIC_CHAIN,OPEN_CHAIN,ex_c536edc2,DRAFT_READY,FINAL_CLOSEOUT_2026-08-04
MOVEMENT_01379,ex_c536edc2,원암 케이블 숄더프레스,STABILITY_DEMAND,HIGH,ex_c536edc2,DRAFT_READY,FINAL_CLOSEOUT_2026-08-04
MOVEMENT_01380,ex_c536edc2,원암 케이블 숄더프레스,MOBILITY_DEMAND,HIGH,ex_c536edc2,DRAFT_READY,FINAL_CLOSEOUT_2026-08-04
MOVEMENT_01381,ex_c536edc2,원암 케이블 숄더프레스,MOVEMENT_FAMILY,OVERHEAD_PRESS_VARIANTS,ex_c536edc2,DRAFT_READY,FINAL_CLOSEOUT_2026-08-04
MOVEMENT_01382,ex_c536edc2,원암 케이블 숄더프레스,MOVEMENT_SUBTYPE,ONE_ARM_OVERHEAD_PRESS,ex_c536edc2,DRAFT_READY,FINAL_CLOSEOUT_2026-08-04
MOVEMENT_01383,ex_c5c2fdef,스트라이드,MOVEMENT_PATTERN,GAIT,ex_c5c2fdef,DRAFT_READY,FINAL_CLOSEOUT_2026-08-04
MOVEMENT_01384,ex_c5c2fdef,스트라이드,MOVEMENT_EVENT,ACCELERATION,ex_c5c2fdef,DRAFT_READY,FINAL_CLOSEOUT_2026-08-04
MOVEMENT_01385,ex_c5c2fdef,스트라이드,STABILITY_DEMAND,MODERATE,ex_c5c2fdef,DRAFT_READY,FINAL_CLOSEOUT_2026-08-04
MOVEMENT_01386,ex_c5c2fdef,스트라이드,MOBILITY_DEMAND,MODERATE,ex_c5c2fdef,DRAFT_READY,FINAL_CLOSEOUT_2026-08-04
MOVEMENT_01387,ex_c5c2fdef,스트라이드,MOVEMENT_FAMILY,RUNNING_MECHANICS_SUPPORT,ex_c5c2fdef,DRAFT_READY,FINAL_CLOSEOUT_2026-08-04
MOVEMENT_01388,ex_c5c2fdef,스트라이드,MOVEMENT_SUBTYPE,STRIDE_RUN,ex_c5c2fdef,DRAFT_READY,FINAL_CLOSEOUT_2026-08-04
MOVEMENT_01389,ex_c5f4c242,랜덤 비프 풋워크,MOVEMENT_PATTERN,GAIT,ex_c5f4c242,DRAFT_READY,FINAL_CLOSEOUT_2026-08-04
MOVEMENT_01390,ex_c5f4c242,랜덤 비프 풋워크,MOVEMENT_PATTERN,STEP,ex_c5f4c242,DRAFT_READY,FINAL_CLOSEOUT_2026-08-04
MOVEMENT_01391,ex_c5f4c242,랜덤 비프 풋워크,MOVEMENT_EVENT,ACCELERATION,ex_c5f4c242,DRAFT_READY,FINAL_CLOSEOUT_2026-08-04
MOVEMENT_01392,ex_c5f4c242,랜덤 비프 풋워크,MOVEMENT_EVENT,CHANGE_OF_DIRECTION,ex_c5f4c242,DRAFT_READY,FINAL_CLOSEOUT_2026-08-04
MOVEMENT_01393,ex_c5f4c242,랜덤 비프 풋워크,MOVEMENT_EVENT,DECELERATION,ex_c5f4c242,DRAFT_READY,FINAL_CLOSEOUT_2026-08-04
MOVEMENT_01394,ex_c5f4c242,랜덤 비프 풋워크,STABILITY_DEMAND,HIGH,ex_c5f4c242,DRAFT_READY,FINAL_CLOSEOUT_2026-08-04
MOVEMENT_01395,ex_c5f4c242,랜덤 비프 풋워크,MOBILITY_DEMAND,MODERATE,ex_c5f4c242,DRAFT_READY,FINAL_CLOSEOUT_2026-08-04
MOVEMENT_01396,ex_c5f4c242,랜덤 비프 풋워크,MOVEMENT_FAMILY,FOOTWORK_SPLIT_STEP_REACTION_DRILL_VARIANTS,ex_c5f4c242,DRAFT_READY,FINAL_CLOSEOUT_2026-08-04
MOVEMENT_01397,ex_c5f4c242,랜덤 비프 풋워크,MOVEMENT_SUBTYPE,RANDOM_BEEP_FOOTWORK,ex_c5f4c242,DRAFT_READY,FINAL_CLOSEOUT_2026-08-04
MOVEMENT_01398,ex_c62c0716,컨센트레이션 컬,JOINT_ACTION,ELBOW_EXTENSION,ex_c62c0716,DRAFT_READY,FINAL_CLOSEOUT_2026-08-04
MOVEMENT_01399,ex_c62c0716,컨센트레이션 컬,JOINT_ACTION,ELBOW_FLEXION,ex_c62c0716,DRAFT_READY,FINAL_CLOSEOUT_2026-08-04
MOVEMENT_01400,ex_c62c0716,컨센트레이션 컬,KINETIC_CHAIN,OPEN_CHAIN,ex_c62c0716,DRAFT_READY,FINAL_CLOSEOUT_2026-08-04
MOVEMENT_01401,ex_c62c0716,컨센트레이션 컬,STABILITY_DEMAND,LOW,ex_c62c0716,DRAFT_READY,FINAL_CLOSEOUT_2026-08-04
MOVEMENT_01402,ex_c62c0716,컨센트레이션 컬,MOBILITY_DEMAND,LOW,ex_c62c0716,DRAFT_READY,FINAL_CLOSEOUT_2026-08-04
MOVEMENT_01403,ex_c62c0716,컨센트레이션 컬,MOVEMENT_FAMILY,ELBOW_FLEXION_BICEPS_CURL_VARIANTS,ex_c62c0716,DRAFT_READY,FINAL_CLOSEOUT_2026-08-04
MOVEMENT_01404,ex_c62c0716,컨센트레이션 컬,MOVEMENT_SUBTYPE,CONCENTRATION_CURL,ex_c62c0716,DRAFT_READY,FINAL_CLOSEOUT_2026-08-04
MOVEMENT_01405,ex_c6d9efef,스플릿 스텝,MOVEMENT_PATTERN,HOP,ex_c6d9efef,DRAFT_READY,FINAL_CLOSEOUT_2026-08-04
MOVEMENT_01406,ex_c6d9efef,스플릿 스텝,MOVEMENT_EVENT,LANDING,ex_c6d9efef,DRAFT_READY,FINAL_CLOSEOUT_2026-08-04
MOVEMENT_01407,ex_c6d9efef,스플릿 스텝,MOVEMENT_EVENT,REBOUND,ex_c6d9efef,DRAFT_READY,FINAL_CLOSEOUT_2026-08-04
MOVEMENT_01408,ex_c6d9efef,스플릿 스텝,MOVEMENT_EVENT,TAKEOFF,ex_c6d9efef,DRAFT_READY,FINAL_CLOSEOUT_2026-08-04
MOVEMENT_01409,ex_c6d9efef,스플릿 스텝,STABILITY_DEMAND,HIGH,ex_c6d9efef,DRAFT_READY,FINAL_CLOSEOUT_2026-08-04
MOVEMENT_01410,ex_c6d9efef,스플릿 스텝,MOBILITY_DEMAND,MODERATE,ex_c6d9efef,DRAFT_READY,FINAL_CLOSEOUT_2026-08-04
MOVEMENT_01411,ex_c6d9efef,스플릿 스텝,MOVEMENT_FAMILY,FOOTWORK_SPLIT_STEP_REACTION_DRILL_VARIANTS,ex_c6d9efef,DRAFT_READY,FINAL_CLOSEOUT_2026-08-04
MOVEMENT_01412,ex_c6d9efef,스플릿 스텝,MOVEMENT_SUBTYPE,SPLIT_STEP,ex_c6d9efef,DRAFT_READY,FINAL_CLOSEOUT_2026-08-04
MOVEMENT_01413,ex_c7977dfd,6코너 풋워크 최대반복 테스트,MOVEMENT_PATTERN,GAIT,ex_c7977dfd,DRAFT_READY,FINAL_CLOSEOUT_2026-08-04
MOVEMENT_01414,ex_c7977dfd,6코너 풋워크 최대반복 테스트,MOVEMENT_PATTERN,STEP,ex_c7977dfd,DRAFT_READY,FINAL_CLOSEOUT_2026-08-04
MOVEMENT_01415,ex_c7977dfd,6코너 풋워크 최대반복 테스트,MOVEMENT_EVENT,ACCELERATION,ex_c7977dfd,DRAFT_READY,FINAL_CLOSEOUT_2026-08-04
MOVEMENT_01416,ex_c7977dfd,6코너 풋워크 최대반복 테스트,MOVEMENT_EVENT,CHANGE_OF_DIRECTION,ex_c7977dfd,DRAFT_READY,FINAL_CLOSEOUT_2026-08-04
MOVEMENT_01417,ex_c7977dfd,6코너 풋워크 최대반복 테스트,MOVEMENT_EVENT,DECELERATION,ex_c7977dfd,DRAFT_READY,FINAL_CLOSEOUT_2026-08-04
MOVEMENT_01418,ex_c7977dfd,6코너 풋워크 최대반복 테스트,STABILITY_DEMAND,HIGH,ex_c7977dfd,DRAFT_READY,FINAL_CLOSEOUT_2026-08-04
MOVEMENT_01419,ex_c7977dfd,6코너 풋워크 최대반복 테스트,MOBILITY_DEMAND,MODERATE,ex_c7977dfd,DRAFT_READY,FINAL_CLOSEOUT_2026-08-04
MOVEMENT_01420,ex_c7977dfd,6코너 풋워크 최대반복 테스트,MOVEMENT_FAMILY,FOOTWORK_SPLIT_STEP_REACTION_DRILL_VARIANTS,ex_c7977dfd,DRAFT_READY,FINAL_CLOSEOUT_2026-08-04
MOVEMENT_01421,ex_c7977dfd,6코너 풋워크 최대반복 테스트,MOVEMENT_SUBTYPE,FOOTWORK_MAX_REPETITION_TEST_6_CORNER,ex_c7977dfd,DRAFT_READY,FINAL_CLOSEOUT_2026-08-04
MOVEMENT_01422,ex_c8bcf3ce,리버스 런지,MOVEMENT_PATTERN,LUNGE,ex_c8bcf3ce,DRAFT_READY,FINAL_CLOSEOUT_2026-08-04
MOVEMENT_01423,ex_c8bcf3ce,리버스 런지,JOINT_ACTION,ANKLE_DORSIFLEXION,ex_c8bcf3ce,DRAFT_READY,FINAL_CLOSEOUT_2026-08-04
MOVEMENT_01424,ex_c8bcf3ce,리버스 런지,JOINT_ACTION,ANKLE_PLANTARFLEXION,ex_c8bcf3ce,DRAFT_READY,FINAL_CLOSEOUT_2026-08-04
MOVEMENT_01425,ex_c8bcf3ce,리버스 런지,JOINT_ACTION,HIP_EXTENSION,ex_c8bcf3ce,DRAFT_READY,FINAL_CLOSEOUT_2026-08-04
MOVEMENT_01426,ex_c8bcf3ce,리버스 런지,JOINT_ACTION,HIP_FLEXION,ex_c8bcf3ce,DRAFT_READY,FINAL_CLOSEOUT_2026-08-04
MOVEMENT_01427,ex_c8bcf3ce,리버스 런지,JOINT_ACTION,KNEE_EXTENSION,ex_c8bcf3ce,DRAFT_READY,FINAL_CLOSEOUT_2026-08-04
MOVEMENT_01428,ex_c8bcf3ce,리버스 런지,JOINT_ACTION,KNEE_FLEXION,ex_c8bcf3ce,DRAFT_READY,FINAL_CLOSEOUT_2026-08-04
MOVEMENT_01429,ex_c8bcf3ce,리버스 런지,KINETIC_CHAIN,CLOSED_CHAIN,ex_c8bcf3ce,DRAFT_READY,FINAL_CLOSEOUT_2026-08-04
MOVEMENT_01430,ex_c8bcf3ce,리버스 런지,STABILITY_DEMAND,MODERATE,ex_c8bcf3ce,DRAFT_READY,FINAL_CLOSEOUT_2026-08-04
MOVEMENT_01431,ex_c8bcf3ce,리버스 런지,MOBILITY_DEMAND,MODERATE,ex_c8bcf3ce,DRAFT_READY,FINAL_CLOSEOUT_2026-08-04
MOVEMENT_01432,ex_c8bcf3ce,리버스 런지,MOVEMENT_FAMILY,LUNGE_SPLIT_SQUAT_VARIANTS,ex_c8bcf3ce,DRAFT_READY,FINAL_CLOSEOUT_2026-08-04
MOVEMENT_01433,ex_c8bcf3ce,리버스 런지,MOVEMENT_SUBTYPE,REVERSE_LUNGE,ex_c8bcf3ce,DRAFT_READY,FINAL_CLOSEOUT_2026-08-04
MOVEMENT_01434,ex_ca5cce66,스트레이트암 풀다운,JOINT_ACTION,SHOULDER_EXTENSION,ex_ca5cce66,DRAFT_READY,FINAL_CLOSEOUT_2026-08-04
MOVEMENT_01435,ex_ca5cce66,스트레이트암 풀다운,JOINT_ACTION,SHOULDER_FLEXION,ex_ca5cce66,DRAFT_READY,FINAL_CLOSEOUT_2026-08-04
MOVEMENT_01436,ex_ca5cce66,스트레이트암 풀다운,KINETIC_CHAIN,OPEN_CHAIN,ex_ca5cce66,DRAFT_READY,FINAL_CLOSEOUT_2026-08-04
MOVEMENT_01437,ex_ca5cce66,스트레이트암 풀다운,STABILITY_DEMAND,LOW,ex_ca5cce66,DRAFT_READY,FINAL_CLOSEOUT_2026-08-04
MOVEMENT_01438,ex_ca5cce66,스트레이트암 풀다운,MOBILITY_DEMAND,LOW,ex_ca5cce66,DRAFT_READY,FINAL_CLOSEOUT_2026-08-04
MOVEMENT_01439,ex_ca5cce66,스트레이트암 풀다운,MOVEMENT_FAMILY,LAT_STRAIGHT_ARM_PULLDOWN_OR_PULLOVER_ACCESSORY,ex_ca5cce66,DRAFT_READY,FINAL_CLOSEOUT_2026-08-04
MOVEMENT_01440,ex_ca5cce66,스트레이트암 풀다운,MOVEMENT_SUBTYPE,STRAIGHT_ARM_PULLDOWN,ex_ca5cce66,DRAFT_READY,FINAL_CLOSEOUT_2026-08-04
MOVEMENT_01441,ex_cb3c4dc2,맨몸 스쿼트,MOVEMENT_PATTERN,SQUAT,ex_cb3c4dc2,DRAFT_READY,FINAL_CLOSEOUT_2026-08-04
MOVEMENT_01442,ex_cb3c4dc2,맨몸 스쿼트,JOINT_ACTION,ANKLE_DORSIFLEXION,ex_cb3c4dc2,DRAFT_READY,FINAL_CLOSEOUT_2026-08-04
MOVEMENT_01443,ex_cb3c4dc2,맨몸 스쿼트,JOINT_ACTION,ANKLE_PLANTARFLEXION,ex_cb3c4dc2,DRAFT_READY,FINAL_CLOSEOUT_2026-08-04
MOVEMENT_01444,ex_cb3c4dc2,맨몸 스쿼트,JOINT_ACTION,HIP_EXTENSION,ex_cb3c4dc2,DRAFT_READY,FINAL_CLOSEOUT_2026-08-04
MOVEMENT_01445,ex_cb3c4dc2,맨몸 스쿼트,JOINT_ACTION,HIP_FLEXION,ex_cb3c4dc2,DRAFT_READY,FINAL_CLOSEOUT_2026-08-04
MOVEMENT_01446,ex_cb3c4dc2,맨몸 스쿼트,JOINT_ACTION,KNEE_EXTENSION,ex_cb3c4dc2,DRAFT_READY,FINAL_CLOSEOUT_2026-08-04
MOVEMENT_01447,ex_cb3c4dc2,맨몸 스쿼트,JOINT_ACTION,KNEE_FLEXION,ex_cb3c4dc2,DRAFT_READY,FINAL_CLOSEOUT_2026-08-04
MOVEMENT_01448,ex_cb3c4dc2,맨몸 스쿼트,KINETIC_CHAIN,CLOSED_CHAIN,ex_cb3c4dc2,DRAFT_READY,FINAL_CLOSEOUT_2026-08-04
MOVEMENT_01449,ex_cb3c4dc2,맨몸 스쿼트,STABILITY_DEMAND,MODERATE,ex_cb3c4dc2,DRAFT_READY,FINAL_CLOSEOUT_2026-08-04
MOVEMENT_01450,ex_cb3c4dc2,맨몸 스쿼트,MOBILITY_DEMAND,MODERATE,ex_cb3c4dc2,DRAFT_READY,FINAL_CLOSEOUT_2026-08-04
MOVEMENT_01451,ex_cb3c4dc2,맨몸 스쿼트,MOVEMENT_FAMILY,SQUAT_VARIANTS,ex_cb3c4dc2,DRAFT_READY,FINAL_CLOSEOUT_2026-08-04
MOVEMENT_01452,ex_cb3c4dc2,맨몸 스쿼트,MOVEMENT_SUBTYPE,BODYWEIGHT_SQUAT,ex_cb3c4dc2,DRAFT_READY,FINAL_CLOSEOUT_2026-08-04
MOVEMENT_01453,ex_d5048362,인클라인 덤벨 컬,JOINT_ACTION,ELBOW_EXTENSION,ex_d5048362,DRAFT_READY,FINAL_CLOSEOUT_2026-08-04
MOVEMENT_01454,ex_d5048362,인클라인 덤벨 컬,JOINT_ACTION,ELBOW_FLEXION,ex_d5048362,DRAFT_READY,FINAL_CLOSEOUT_2026-08-04
MOVEMENT_01455,ex_d5048362,인클라인 덤벨 컬,KINETIC_CHAIN,OPEN_CHAIN,ex_d5048362,DRAFT_READY,FINAL_CLOSEOUT_2026-08-04
MOVEMENT_01456,ex_d5048362,인클라인 덤벨 컬,STABILITY_DEMAND,LOW,ex_d5048362,DRAFT_READY,FINAL_CLOSEOUT_2026-08-04
MOVEMENT_01457,ex_d5048362,인클라인 덤벨 컬,MOBILITY_DEMAND,LOW,ex_d5048362,DRAFT_READY,FINAL_CLOSEOUT_2026-08-04
MOVEMENT_01458,ex_d5048362,인클라인 덤벨 컬,MOVEMENT_FAMILY,ELBOW_FLEXION_BICEPS_CURL_VARIANTS,ex_d5048362,DRAFT_READY,FINAL_CLOSEOUT_2026-08-04
MOVEMENT_01459,ex_d5048362,인클라인 덤벨 컬,MOVEMENT_SUBTYPE,INCLINE_DUMBBELL_CURL,ex_d5048362,DRAFT_READY,FINAL_CLOSEOUT_2026-08-04
MOVEMENT_01460,ex_d5bdffe1,데드버그,MOVEMENT_PATTERN,TRUNK_BRACE,ex_d5bdffe1,DRAFT_READY,FINAL_CLOSEOUT_2026-08-04
MOVEMENT_01461,ex_d5bdffe1,데드버그,JOINT_ACTION,HIP_EXTENSION,ex_d5bdffe1,DRAFT_READY,FINAL_CLOSEOUT_2026-08-04
MOVEMENT_01462,ex_d5bdffe1,데드버그,JOINT_ACTION,HIP_FLEXION,ex_d5bdffe1,DRAFT_READY,FINAL_CLOSEOUT_2026-08-04
MOVEMENT_01463,ex_d5bdffe1,데드버그,JOINT_ACTION,KNEE_EXTENSION,ex_d5bdffe1,DRAFT_READY,FINAL_CLOSEOUT_2026-08-04
MOVEMENT_01464,ex_d5bdffe1,데드버그,JOINT_ACTION,KNEE_FLEXION,ex_d5bdffe1,DRAFT_READY,FINAL_CLOSEOUT_2026-08-04
MOVEMENT_01465,ex_d5bdffe1,데드버그,JOINT_ACTION,SHOULDER_EXTENSION,ex_d5bdffe1,DRAFT_READY,FINAL_CLOSEOUT_2026-08-04
MOVEMENT_01466,ex_d5bdffe1,데드버그,JOINT_ACTION,SHOULDER_FLEXION,ex_d5bdffe1,DRAFT_READY,FINAL_CLOSEOUT_2026-08-04
MOVEMENT_01467,ex_d5bdffe1,데드버그,KINETIC_CHAIN,OPEN_CHAIN,ex_d5bdffe1,DRAFT_READY,FINAL_CLOSEOUT_2026-08-04
MOVEMENT_01468,ex_d5bdffe1,데드버그,STABILITY_DEMAND,HIGH,ex_d5bdffe1,DRAFT_READY,FINAL_CLOSEOUT_2026-08-04
MOVEMENT_01469,ex_d5bdffe1,데드버그,MOBILITY_DEMAND,LOW,ex_d5bdffe1,DRAFT_READY,FINAL_CLOSEOUT_2026-08-04
MOVEMENT_01470,ex_d5bdffe1,데드버그,MOVEMENT_FAMILY,ANTI_ROTATION_ANTI_EXTENSION_CORE,ex_d5bdffe1,DRAFT_READY,FINAL_CLOSEOUT_2026-08-04
MOVEMENT_01471,ex_d5bdffe1,데드버그,MOVEMENT_SUBTYPE,DEAD_BUG,ex_d5bdffe1,DRAFT_READY,FINAL_CLOSEOUT_2026-08-04
MOVEMENT_01472,ex_d60745b4,원레그 레그 익스텐션,JOINT_ACTION,KNEE_EXTENSION,ex_d60745b4,DRAFT_READY,FINAL_CLOSEOUT_2026-08-04
MOVEMENT_01473,ex_d60745b4,원레그 레그 익스텐션,JOINT_ACTION,KNEE_FLEXION,ex_d60745b4,DRAFT_READY,FINAL_CLOSEOUT_2026-08-04
MOVEMENT_01474,ex_d60745b4,원레그 레그 익스텐션,KINETIC_CHAIN,OPEN_CHAIN,ex_d60745b4,DRAFT_READY,FINAL_CLOSEOUT_2026-08-04
MOVEMENT_01475,ex_d60745b4,원레그 레그 익스텐션,STABILITY_DEMAND,LOW,ex_d60745b4,DRAFT_READY,FINAL_CLOSEOUT_2026-08-04
MOVEMENT_01476,ex_d60745b4,원레그 레그 익스텐션,MOBILITY_DEMAND,LOW,ex_d60745b4,DRAFT_READY,FINAL_CLOSEOUT_2026-08-04
MOVEMENT_01477,ex_d60745b4,원레그 레그 익스텐션,MOVEMENT_FAMILY,KNEE_EXTENSION_QUAD_ISOLATION,ex_d60745b4,DRAFT_READY,FINAL_CLOSEOUT_2026-08-04
MOVEMENT_01478,ex_d60745b4,원레그 레그 익스텐션,MOVEMENT_SUBTYPE,SINGLE_LEG_LEG_EXTENSION,ex_d60745b4,DRAFT_READY,FINAL_CLOSEOUT_2026-08-04
MOVEMENT_01479,ex_d6726746,드롭 점프,MOVEMENT_PATTERN,JUMP,ex_d6726746,DRAFT_READY,FINAL_CLOSEOUT_2026-08-04
MOVEMENT_01480,ex_d6726746,드롭 점프,MOVEMENT_EVENT,LANDING,ex_d6726746,DRAFT_READY,FINAL_CLOSEOUT_2026-08-04
MOVEMENT_01481,ex_d6726746,드롭 점프,MOVEMENT_EVENT,REBOUND,ex_d6726746,DRAFT_READY,FINAL_CLOSEOUT_2026-08-04
MOVEMENT_01482,ex_d6726746,드롭 점프,MOVEMENT_EVENT,TAKEOFF,ex_d6726746,DRAFT_READY,FINAL_CLOSEOUT_2026-08-04
MOVEMENT_01483,ex_d6726746,드롭 점프,STABILITY_DEMAND,HIGH,ex_d6726746,DRAFT_READY,FINAL_CLOSEOUT_2026-08-04
MOVEMENT_01484,ex_d6726746,드롭 점프,MOBILITY_DEMAND,MODERATE,ex_d6726746,DRAFT_READY,FINAL_CLOSEOUT_2026-08-04
MOVEMENT_01485,ex_d6726746,드롭 점프,MOVEMENT_FAMILY,PLYOMETRIC_JUMP_VARIANTS,ex_d6726746,DRAFT_READY,FINAL_CLOSEOUT_2026-08-04
MOVEMENT_01486,ex_d6726746,드롭 점프,MOVEMENT_SUBTYPE,DROP_JUMP,ex_d6726746,DRAFT_READY,FINAL_CLOSEOUT_2026-08-04
MOVEMENT_01487,ex_d67e5761,피스톨 스쿼트,MOVEMENT_PATTERN,SQUAT,ex_d67e5761,DRAFT_READY,FINAL_CLOSEOUT_2026-08-04
MOVEMENT_01488,ex_d67e5761,피스톨 스쿼트,JOINT_ACTION,ANKLE_DORSIFLEXION,ex_d67e5761,DRAFT_READY,FINAL_CLOSEOUT_2026-08-04
MOVEMENT_01489,ex_d67e5761,피스톨 스쿼트,JOINT_ACTION,ANKLE_PLANTARFLEXION,ex_d67e5761,DRAFT_READY,FINAL_CLOSEOUT_2026-08-04
MOVEMENT_01490,ex_d67e5761,피스톨 스쿼트,JOINT_ACTION,HIP_EXTENSION,ex_d67e5761,DRAFT_READY,FINAL_CLOSEOUT_2026-08-04
MOVEMENT_01491,ex_d67e5761,피스톨 스쿼트,JOINT_ACTION,HIP_FLEXION,ex_d67e5761,DRAFT_READY,FINAL_CLOSEOUT_2026-08-04
MOVEMENT_01492,ex_d67e5761,피스톨 스쿼트,JOINT_ACTION,KNEE_EXTENSION,ex_d67e5761,DRAFT_READY,FINAL_CLOSEOUT_2026-08-04
MOVEMENT_01493,ex_d67e5761,피스톨 스쿼트,JOINT_ACTION,KNEE_FLEXION,ex_d67e5761,DRAFT_READY,FINAL_CLOSEOUT_2026-08-04
MOVEMENT_01494,ex_d67e5761,피스톨 스쿼트,KINETIC_CHAIN,CLOSED_CHAIN,ex_d67e5761,DRAFT_READY,FINAL_CLOSEOUT_2026-08-04
MOVEMENT_01495,ex_d67e5761,피스톨 스쿼트,STABILITY_DEMAND,HIGH,ex_d67e5761,DRAFT_READY,FINAL_CLOSEOUT_2026-08-04
MOVEMENT_01496,ex_d67e5761,피스톨 스쿼트,MOBILITY_DEMAND,HIGH,ex_d67e5761,DRAFT_READY,FINAL_CLOSEOUT_2026-08-04
MOVEMENT_01497,ex_d67e5761,피스톨 스쿼트,MOVEMENT_FAMILY,SQUAT_VARIANTS,ex_d67e5761,DRAFT_READY,FINAL_CLOSEOUT_2026-08-04
MOVEMENT_01498,ex_d67e5761,피스톨 스쿼트,MOVEMENT_SUBTYPE,PISTOL_SQUAT,ex_d67e5761,DRAFT_READY,FINAL_CLOSEOUT_2026-08-04
MOVEMENT_01499,ex_d7c90536,로잉머신,MOVEMENT_PATTERN,HINGE,ex_d7c90536,REVIEW_RECOMMENDED,FINAL_CLOSEOUT_2026-08-04
MOVEMENT_01500,ex_d7c90536,로잉머신,MOVEMENT_PATTERN,HORIZONTAL_PULL,ex_d7c90536,REVIEW_RECOMMENDED,FINAL_CLOSEOUT_2026-08-04
MOVEMENT_01501,ex_d7c90536,로잉머신,JOINT_ACTION,ELBOW_EXTENSION,ex_d7c90536,REVIEW_RECOMMENDED,FINAL_CLOSEOUT_2026-08-04
MOVEMENT_01502,ex_d7c90536,로잉머신,JOINT_ACTION,ELBOW_FLEXION,ex_d7c90536,REVIEW_RECOMMENDED,FINAL_CLOSEOUT_2026-08-04
MOVEMENT_01503,ex_d7c90536,로잉머신,JOINT_ACTION,HIP_EXTENSION,ex_d7c90536,REVIEW_RECOMMENDED,FINAL_CLOSEOUT_2026-08-04
MOVEMENT_01504,ex_d7c90536,로잉머신,JOINT_ACTION,HIP_FLEXION,ex_d7c90536,REVIEW_RECOMMENDED,FINAL_CLOSEOUT_2026-08-04
MOVEMENT_01505,ex_d7c90536,로잉머신,JOINT_ACTION,KNEE_EXTENSION,ex_d7c90536,REVIEW_RECOMMENDED,FINAL_CLOSEOUT_2026-08-04
MOVEMENT_01506,ex_d7c90536,로잉머신,JOINT_ACTION,KNEE_FLEXION,ex_d7c90536,REVIEW_RECOMMENDED,FINAL_CLOSEOUT_2026-08-04
MOVEMENT_01507,ex_d7c90536,로잉머신,JOINT_ACTION,SCAPULAR_PROTRACTION,ex_d7c90536,REVIEW_RECOMMENDED,FINAL_CLOSEOUT_2026-08-04
MOVEMENT_01508,ex_d7c90536,로잉머신,JOINT_ACTION,SCAPULAR_RETRACTION,ex_d7c90536,REVIEW_RECOMMENDED,FINAL_CLOSEOUT_2026-08-04
MOVEMENT_01509,ex_d7c90536,로잉머신,JOINT_ACTION,SHOULDER_EXTENSION,ex_d7c90536,REVIEW_RECOMMENDED,FINAL_CLOSEOUT_2026-08-04
MOVEMENT_01510,ex_d7c90536,로잉머신,JOINT_ACTION,SHOULDER_FLEXION,ex_d7c90536,REVIEW_RECOMMENDED,FINAL_CLOSEOUT_2026-08-04
MOVEMENT_01511,ex_d7c90536,로잉머신,STABILITY_DEMAND,LOW,ex_d7c90536,REVIEW_RECOMMENDED,FINAL_CLOSEOUT_2026-08-04
MOVEMENT_01512,ex_d7c90536,로잉머신,MOBILITY_DEMAND,MODERATE,ex_d7c90536,REVIEW_RECOMMENDED,FINAL_CLOSEOUT_2026-08-04
MOVEMENT_01513,ex_d7c90536,로잉머신,MOVEMENT_FAMILY,CARDIO_RECORDS,ex_d7c90536,REVIEW_RECOMMENDED,FINAL_CLOSEOUT_2026-08-04
MOVEMENT_01514,ex_d7c90536,로잉머신,MOVEMENT_SUBTYPE,ROWING_MACHINE_CARDIO,ex_d7c90536,REVIEW_RECOMMENDED,FINAL_CLOSEOUT_2026-08-04
MOVEMENT_01515,ex_d9e141e4,박스 점프,MOVEMENT_PATTERN,JUMP,ex_d9e141e4,DRAFT_READY,FINAL_CLOSEOUT_2026-08-04
MOVEMENT_01516,ex_d9e141e4,박스 점프,MOVEMENT_EVENT,LANDING,ex_d9e141e4,DRAFT_READY,FINAL_CLOSEOUT_2026-08-04
MOVEMENT_01517,ex_d9e141e4,박스 점프,MOVEMENT_EVENT,TAKEOFF,ex_d9e141e4,DRAFT_READY,FINAL_CLOSEOUT_2026-08-04
MOVEMENT_01518,ex_d9e141e4,박스 점프,STABILITY_DEMAND,HIGH,ex_d9e141e4,DRAFT_READY,FINAL_CLOSEOUT_2026-08-04
MOVEMENT_01519,ex_d9e141e4,박스 점프,MOBILITY_DEMAND,MODERATE,ex_d9e141e4,DRAFT_READY,FINAL_CLOSEOUT_2026-08-04
MOVEMENT_01520,ex_d9e141e4,박스 점프,MOVEMENT_FAMILY,PLYOMETRIC_JUMP_VARIANTS,ex_d9e141e4,DRAFT_READY,FINAL_CLOSEOUT_2026-08-04
MOVEMENT_01521,ex_d9e141e4,박스 점프,MOVEMENT_SUBTYPE,BOX_JUMP,ex_d9e141e4,DRAFT_READY,FINAL_CLOSEOUT_2026-08-04
MOVEMENT_01522,ex_da56a4fe,덤벨 킥백,JOINT_ACTION,ELBOW_EXTENSION,ex_da56a4fe,DRAFT_READY,FINAL_CLOSEOUT_2026-08-04
MOVEMENT_01523,ex_da56a4fe,덤벨 킥백,JOINT_ACTION,ELBOW_FLEXION,ex_da56a4fe,DRAFT_READY,FINAL_CLOSEOUT_2026-08-04
MOVEMENT_01524,ex_da56a4fe,덤벨 킥백,KINETIC_CHAIN,OPEN_CHAIN,ex_da56a4fe,DRAFT_READY,FINAL_CLOSEOUT_2026-08-04
MOVEMENT_01525,ex_da56a4fe,덤벨 킥백,STABILITY_DEMAND,LOW,ex_da56a4fe,DRAFT_READY,FINAL_CLOSEOUT_2026-08-04
MOVEMENT_01526,ex_da56a4fe,덤벨 킥백,MOBILITY_DEMAND,LOW,ex_da56a4fe,DRAFT_READY,FINAL_CLOSEOUT_2026-08-04
MOVEMENT_01527,ex_da56a4fe,덤벨 킥백,MOVEMENT_FAMILY,ELBOW_EXTENSION_TRICEPS_ISOLATION_VARIANTS,ex_da56a4fe,DRAFT_READY,FINAL_CLOSEOUT_2026-08-04
MOVEMENT_01528,ex_da56a4fe,덤벨 킥백,MOVEMENT_SUBTYPE,DUMBBELL_KICKBACK,ex_da56a4fe,DRAFT_READY,FINAL_CLOSEOUT_2026-08-04
MOVEMENT_01529,ex_dc9e5953,랫풀다운,MOVEMENT_PATTERN,VERTICAL_PULL,ex_dc9e5953,REVIEW_RECOMMENDED,FINAL_CLOSEOUT_2026-08-04
MOVEMENT_01530,ex_dc9e5953,랫풀다운,JOINT_ACTION,ELBOW_EXTENSION,ex_dc9e5953,REVIEW_RECOMMENDED,FINAL_CLOSEOUT_2026-08-04
MOVEMENT_01531,ex_dc9e5953,랫풀다운,JOINT_ACTION,ELBOW_FLEXION,ex_dc9e5953,REVIEW_RECOMMENDED,FINAL_CLOSEOUT_2026-08-04
MOVEMENT_01532,ex_dc9e5953,랫풀다운,JOINT_ACTION,SCAPULAR_DEPRESSION,ex_dc9e5953,REVIEW_RECOMMENDED,FINAL_CLOSEOUT_2026-08-04
MOVEMENT_01533,ex_dc9e5953,랫풀다운,JOINT_ACTION,SCAPULAR_ELEVATION,ex_dc9e5953,REVIEW_RECOMMENDED,FINAL_CLOSEOUT_2026-08-04
MOVEMENT_01534,ex_dc9e5953,랫풀다운,JOINT_ACTION,SHOULDER_ABDUCTION,ex_dc9e5953,REVIEW_RECOMMENDED,FINAL_CLOSEOUT_2026-08-04
MOVEMENT_01535,ex_dc9e5953,랫풀다운,JOINT_ACTION,SHOULDER_ADDUCTION,ex_dc9e5953,REVIEW_RECOMMENDED,FINAL_CLOSEOUT_2026-08-04
MOVEMENT_01536,ex_dc9e5953,랫풀다운,KINETIC_CHAIN,OPEN_CHAIN,ex_dc9e5953,REVIEW_RECOMMENDED,FINAL_CLOSEOUT_2026-08-04
MOVEMENT_01537,ex_dc9e5953,랫풀다운,STABILITY_DEMAND,LOW,ex_dc9e5953,REVIEW_RECOMMENDED,FINAL_CLOSEOUT_2026-08-04
MOVEMENT_01538,ex_dc9e5953,랫풀다운,MOBILITY_DEMAND,MODERATE,ex_dc9e5953,REVIEW_RECOMMENDED,FINAL_CLOSEOUT_2026-08-04
MOVEMENT_01539,ex_dc9e5953,랫풀다운,MOVEMENT_FAMILY,PULL_UP_CHIN_UP_LAT_PULLDOWN_VARIANTS,ex_dc9e5953,REVIEW_RECOMMENDED,FINAL_CLOSEOUT_2026-08-04
MOVEMENT_01540,ex_dc9e5953,랫풀다운,MOVEMENT_SUBTYPE,LAT_PULLDOWN,ex_dc9e5953,REVIEW_RECOMMENDED,FINAL_CLOSEOUT_2026-08-04
MOVEMENT_01541,ex_dd16e07a,스트레칭,STABILITY_DEMAND,LOW,ex_dd16e07a,REVIEW_RECOMMENDED,FINAL_CLOSEOUT_2026-08-04
MOVEMENT_01542,ex_dd16e07a,스트레칭,MOBILITY_DEMAND,LOW,ex_dd16e07a,REVIEW_RECOMMENDED,FINAL_CLOSEOUT_2026-08-04
MOVEMENT_01543,ex_dd16e07a,스트레칭,MOVEMENT_FAMILY,MOBILITY_WARMUP_RECOVERY_EXERCISES,ex_dd16e07a,REVIEW_RECOMMENDED,FINAL_CLOSEOUT_2026-08-04
MOVEMENT_01544,ex_dd16e07a,스트레칭,MOVEMENT_SUBTYPE,GENERAL_STRETCHING,ex_dd16e07a,REVIEW_RECOMMENDED,FINAL_CLOSEOUT_2026-08-04
MOVEMENT_01545,ex_de46b7f6,바벨 로우,MOVEMENT_PATTERN,HORIZONTAL_PULL,ex_de46b7f6,DRAFT_READY,FINAL_CLOSEOUT_2026-08-04
MOVEMENT_01546,ex_de46b7f6,바벨 로우,JOINT_ACTION,ELBOW_EXTENSION,ex_de46b7f6,DRAFT_READY,FINAL_CLOSEOUT_2026-08-04
MOVEMENT_01547,ex_de46b7f6,바벨 로우,JOINT_ACTION,ELBOW_FLEXION,ex_de46b7f6,DRAFT_READY,FINAL_CLOSEOUT_2026-08-04
MOVEMENT_01548,ex_de46b7f6,바벨 로우,JOINT_ACTION,SCAPULAR_PROTRACTION,ex_de46b7f6,DRAFT_READY,FINAL_CLOSEOUT_2026-08-04
MOVEMENT_01549,ex_de46b7f6,바벨 로우,JOINT_ACTION,SCAPULAR_RETRACTION,ex_de46b7f6,DRAFT_READY,FINAL_CLOSEOUT_2026-08-04
MOVEMENT_01550,ex_de46b7f6,바벨 로우,JOINT_ACTION,SHOULDER_EXTENSION,ex_de46b7f6,DRAFT_READY,FINAL_CLOSEOUT_2026-08-04
MOVEMENT_01551,ex_de46b7f6,바벨 로우,JOINT_ACTION,SHOULDER_FLEXION,ex_de46b7f6,DRAFT_READY,FINAL_CLOSEOUT_2026-08-04
MOVEMENT_01552,ex_de46b7f6,바벨 로우,KINETIC_CHAIN,OPEN_CHAIN,ex_de46b7f6,DRAFT_READY,FINAL_CLOSEOUT_2026-08-04
MOVEMENT_01553,ex_de46b7f6,바벨 로우,STABILITY_DEMAND,MODERATE,ex_de46b7f6,DRAFT_READY,FINAL_CLOSEOUT_2026-08-04
MOVEMENT_01554,ex_de46b7f6,바벨 로우,MOBILITY_DEMAND,MODERATE,ex_de46b7f6,DRAFT_READY,FINAL_CLOSEOUT_2026-08-04
MOVEMENT_01555,ex_de46b7f6,바벨 로우,MOVEMENT_FAMILY,ROW_VARIANTS,ex_de46b7f6,DRAFT_READY,FINAL_CLOSEOUT_2026-08-04
MOVEMENT_01556,ex_de46b7f6,바벨 로우,MOVEMENT_SUBTYPE,BARBELL_ROW,ex_de46b7f6,DRAFT_READY,FINAL_CLOSEOUT_2026-08-04
MOVEMENT_01557,ex_debf6a8b,다이아몬드 푸시업,MOVEMENT_PATTERN,HORIZONTAL_PUSH,ex_debf6a8b,DRAFT_READY,FINAL_CLOSEOUT_2026-08-04
MOVEMENT_01558,ex_debf6a8b,다이아몬드 푸시업,JOINT_ACTION,ELBOW_EXTENSION,ex_debf6a8b,DRAFT_READY,FINAL_CLOSEOUT_2026-08-04
MOVEMENT_01559,ex_debf6a8b,다이아몬드 푸시업,JOINT_ACTION,ELBOW_FLEXION,ex_debf6a8b,DRAFT_READY,FINAL_CLOSEOUT_2026-08-04
MOVEMENT_01560,ex_debf6a8b,다이아몬드 푸시업,JOINT_ACTION,SHOULDER_HORIZONTAL_ABDUCTION,ex_debf6a8b,DRAFT_READY,FINAL_CLOSEOUT_2026-08-04
MOVEMENT_01561,ex_debf6a8b,다이아몬드 푸시업,JOINT_ACTION,SHOULDER_HORIZONTAL_ADDUCTION,ex_debf6a8b,DRAFT_READY,FINAL_CLOSEOUT_2026-08-04
MOVEMENT_01562,ex_debf6a8b,다이아몬드 푸시업,KINETIC_CHAIN,CLOSED_CHAIN,ex_debf6a8b,DRAFT_READY,FINAL_CLOSEOUT_2026-08-04
MOVEMENT_01563,ex_debf6a8b,다이아몬드 푸시업,STABILITY_DEMAND,MODERATE,ex_debf6a8b,DRAFT_READY,FINAL_CLOSEOUT_2026-08-04
MOVEMENT_01564,ex_debf6a8b,다이아몬드 푸시업,MOBILITY_DEMAND,MODERATE,ex_debf6a8b,DRAFT_READY,FINAL_CLOSEOUT_2026-08-04
MOVEMENT_01565,ex_debf6a8b,다이아몬드 푸시업,MOVEMENT_FAMILY,PUSH_UP_VARIANTS,ex_debf6a8b,DRAFT_READY,FINAL_CLOSEOUT_2026-08-04
MOVEMENT_01566,ex_debf6a8b,다이아몬드 푸시업,MOVEMENT_SUBTYPE,DIAMOND_PUSH_UP,ex_debf6a8b,DRAFT_READY,FINAL_CLOSEOUT_2026-08-04
MOVEMENT_01567,ex_deca2b61,벤치 딥스,MOVEMENT_PATTERN,VERTICAL_PUSH,ex_deca2b61,DRAFT_READY,FINAL_CLOSEOUT_2026-08-04
MOVEMENT_01568,ex_deca2b61,벤치 딥스,JOINT_ACTION,ELBOW_EXTENSION,ex_deca2b61,DRAFT_READY,FINAL_CLOSEOUT_2026-08-04
MOVEMENT_01569,ex_deca2b61,벤치 딥스,JOINT_ACTION,ELBOW_FLEXION,ex_deca2b61,DRAFT_READY,FINAL_CLOSEOUT_2026-08-04
MOVEMENT_01570,ex_deca2b61,벤치 딥스,JOINT_ACTION,SCAPULAR_DOWNWARD_ROTATION,ex_deca2b61,DRAFT_READY,FINAL_CLOSEOUT_2026-08-04
MOVEMENT_01571,ex_deca2b61,벤치 딥스,JOINT_ACTION,SCAPULAR_UPWARD_ROTATION,ex_deca2b61,DRAFT_READY,FINAL_CLOSEOUT_2026-08-04
MOVEMENT_01572,ex_deca2b61,벤치 딥스,JOINT_ACTION,SHOULDER_EXTENSION,ex_deca2b61,DRAFT_READY,FINAL_CLOSEOUT_2026-08-04
MOVEMENT_01573,ex_deca2b61,벤치 딥스,JOINT_ACTION,SHOULDER_FLEXION,ex_deca2b61,DRAFT_READY,FINAL_CLOSEOUT_2026-08-04
MOVEMENT_01574,ex_deca2b61,벤치 딥스,KINETIC_CHAIN,CLOSED_CHAIN,ex_deca2b61,DRAFT_READY,FINAL_CLOSEOUT_2026-08-04
MOVEMENT_01575,ex_deca2b61,벤치 딥스,STABILITY_DEMAND,MODERATE,ex_deca2b61,DRAFT_READY,FINAL_CLOSEOUT_2026-08-04
MOVEMENT_01576,ex_deca2b61,벤치 딥스,MOBILITY_DEMAND,MODERATE,ex_deca2b61,DRAFT_READY,FINAL_CLOSEOUT_2026-08-04
MOVEMENT_01577,ex_deca2b61,벤치 딥스,MOVEMENT_FAMILY,DIP_TRICEPS_PUSH,ex_deca2b61,DRAFT_READY,FINAL_CLOSEOUT_2026-08-04
MOVEMENT_01578,ex_deca2b61,벤치 딥스,MOVEMENT_SUBTYPE,BENCH_DIP,ex_deca2b61,DRAFT_READY,FINAL_CLOSEOUT_2026-08-04
MOVEMENT_01579,ex_df966b45,점프 런지,MOVEMENT_PATTERN,JUMP,ex_df966b45,DRAFT_READY,FINAL_CLOSEOUT_2026-08-04
MOVEMENT_01580,ex_df966b45,점프 런지,MOVEMENT_PATTERN,LUNGE,ex_df966b45,DRAFT_READY,FINAL_CLOSEOUT_2026-08-04
MOVEMENT_01581,ex_df966b45,점프 런지,JOINT_ACTION,ANKLE_DORSIFLEXION,ex_df966b45,DRAFT_READY,FINAL_CLOSEOUT_2026-08-04
MOVEMENT_01582,ex_df966b45,점프 런지,JOINT_ACTION,ANKLE_PLANTARFLEXION,ex_df966b45,DRAFT_READY,FINAL_CLOSEOUT_2026-08-04
MOVEMENT_01583,ex_df966b45,점프 런지,JOINT_ACTION,HIP_EXTENSION,ex_df966b45,DRAFT_READY,FINAL_CLOSEOUT_2026-08-04
MOVEMENT_01584,ex_df966b45,점프 런지,JOINT_ACTION,HIP_FLEXION,ex_df966b45,DRAFT_READY,FINAL_CLOSEOUT_2026-08-04
MOVEMENT_01585,ex_df966b45,점프 런지,JOINT_ACTION,KNEE_EXTENSION,ex_df966b45,DRAFT_READY,FINAL_CLOSEOUT_2026-08-04
MOVEMENT_01586,ex_df966b45,점프 런지,JOINT_ACTION,KNEE_FLEXION,ex_df966b45,DRAFT_READY,FINAL_CLOSEOUT_2026-08-04
MOVEMENT_01587,ex_df966b45,점프 런지,MOVEMENT_EVENT,LANDING,ex_df966b45,DRAFT_READY,FINAL_CLOSEOUT_2026-08-04
MOVEMENT_01588,ex_df966b45,점프 런지,MOVEMENT_EVENT,TAKEOFF,ex_df966b45,DRAFT_READY,FINAL_CLOSEOUT_2026-08-04
MOVEMENT_01589,ex_df966b45,점프 런지,KINETIC_CHAIN,CLOSED_CHAIN,ex_df966b45,DRAFT_READY,FINAL_CLOSEOUT_2026-08-04
MOVEMENT_01590,ex_df966b45,점프 런지,STABILITY_DEMAND,HIGH,ex_df966b45,DRAFT_READY,FINAL_CLOSEOUT_2026-08-04
MOVEMENT_01591,ex_df966b45,점프 런지,MOBILITY_DEMAND,MODERATE,ex_df966b45,DRAFT_READY,FINAL_CLOSEOUT_2026-08-04
MOVEMENT_01592,ex_df966b45,점프 런지,MOVEMENT_FAMILY,JUMP_LUNGE_PLYOMETRIC,ex_df966b45,DRAFT_READY,FINAL_CLOSEOUT_2026-08-04
MOVEMENT_01593,ex_df966b45,점프 런지,MOVEMENT_SUBTYPE,JUMP_LUNGE,ex_df966b45,DRAFT_READY,FINAL_CLOSEOUT_2026-08-04
MOVEMENT_01594,ex_e0b1e364,원암 덤벨 RDL,MOVEMENT_PATTERN,HINGE,ex_e0b1e364,DRAFT_READY,FINAL_CLOSEOUT_2026-08-04
MOVEMENT_01595,ex_e0b1e364,원암 덤벨 RDL,JOINT_ACTION,HIP_EXTENSION,ex_e0b1e364,DRAFT_READY,FINAL_CLOSEOUT_2026-08-04
MOVEMENT_01596,ex_e0b1e364,원암 덤벨 RDL,JOINT_ACTION,HIP_FLEXION,ex_e0b1e364,DRAFT_READY,FINAL_CLOSEOUT_2026-08-04
MOVEMENT_01597,ex_e0b1e364,원암 덤벨 RDL,KINETIC_CHAIN,CLOSED_CHAIN,ex_e0b1e364,DRAFT_READY,FINAL_CLOSEOUT_2026-08-04
MOVEMENT_01598,ex_e0b1e364,원암 덤벨 RDL,STABILITY_DEMAND,HIGH,ex_e0b1e364,DRAFT_READY,FINAL_CLOSEOUT_2026-08-04
MOVEMENT_01599,ex_e0b1e364,원암 덤벨 RDL,MOBILITY_DEMAND,MODERATE,ex_e0b1e364,DRAFT_READY,FINAL_CLOSEOUT_2026-08-04
MOVEMENT_01600,ex_e0b1e364,원암 덤벨 RDL,MOVEMENT_FAMILY,DEADLIFT_HINGE_VARIANTS,ex_e0b1e364,DRAFT_READY,FINAL_CLOSEOUT_2026-08-04
MOVEMENT_01601,ex_e0b1e364,원암 덤벨 RDL,MOVEMENT_SUBTYPE,ONE_ARM_DUMBBELL_RDL,ex_e0b1e364,DRAFT_READY,FINAL_CLOSEOUT_2026-08-04
MOVEMENT_01602,ex_e1894690,스캡 풀업,MOVEMENT_PATTERN,VERTICAL_PULL,ex_e1894690,DRAFT_READY,FINAL_CLOSEOUT_2026-08-04
MOVEMENT_01603,ex_e1894690,스캡 풀업,JOINT_ACTION,SCAPULAR_DEPRESSION,ex_e1894690,DRAFT_READY,FINAL_CLOSEOUT_2026-08-04
MOVEMENT_01604,ex_e1894690,스캡 풀업,JOINT_ACTION,SCAPULAR_ELEVATION,ex_e1894690,DRAFT_READY,FINAL_CLOSEOUT_2026-08-04
MOVEMENT_01605,ex_e1894690,스캡 풀업,KINETIC_CHAIN,CLOSED_CHAIN,ex_e1894690,DRAFT_READY,FINAL_CLOSEOUT_2026-08-04
MOVEMENT_01606,ex_e1894690,스캡 풀업,STABILITY_DEMAND,MODERATE,ex_e1894690,DRAFT_READY,FINAL_CLOSEOUT_2026-08-04
MOVEMENT_01607,ex_e1894690,스캡 풀업,MOBILITY_DEMAND,MODERATE,ex_e1894690,DRAFT_READY,FINAL_CLOSEOUT_2026-08-04
MOVEMENT_01608,ex_e1894690,스캡 풀업,MOVEMENT_FAMILY,PULL_UP_CHIN_UP_LAT_PULLDOWN_VARIANTS,ex_e1894690,DRAFT_READY,FINAL_CLOSEOUT_2026-08-04
MOVEMENT_01609,ex_e1894690,스캡 풀업,MOVEMENT_SUBTYPE,SCAPULAR_PULL_UP,ex_e1894690,DRAFT_READY,FINAL_CLOSEOUT_2026-08-04
MOVEMENT_01610,ex_e2efd0fe,불가리안 스플릿 스쿼트,MOVEMENT_PATTERN,LUNGE,ex_e2efd0fe,DRAFT_READY,FINAL_CLOSEOUT_2026-08-04
MOVEMENT_01611,ex_e2efd0fe,불가리안 스플릿 스쿼트,JOINT_ACTION,ANKLE_DORSIFLEXION,ex_e2efd0fe,DRAFT_READY,FINAL_CLOSEOUT_2026-08-04
MOVEMENT_01612,ex_e2efd0fe,불가리안 스플릿 스쿼트,JOINT_ACTION,ANKLE_PLANTARFLEXION,ex_e2efd0fe,DRAFT_READY,FINAL_CLOSEOUT_2026-08-04
MOVEMENT_01613,ex_e2efd0fe,불가리안 스플릿 스쿼트,JOINT_ACTION,HIP_EXTENSION,ex_e2efd0fe,DRAFT_READY,FINAL_CLOSEOUT_2026-08-04
MOVEMENT_01614,ex_e2efd0fe,불가리안 스플릿 스쿼트,JOINT_ACTION,HIP_FLEXION,ex_e2efd0fe,DRAFT_READY,FINAL_CLOSEOUT_2026-08-04
MOVEMENT_01615,ex_e2efd0fe,불가리안 스플릿 스쿼트,JOINT_ACTION,KNEE_EXTENSION,ex_e2efd0fe,DRAFT_READY,FINAL_CLOSEOUT_2026-08-04
MOVEMENT_01616,ex_e2efd0fe,불가리안 스플릿 스쿼트,JOINT_ACTION,KNEE_FLEXION,ex_e2efd0fe,DRAFT_READY,FINAL_CLOSEOUT_2026-08-04
MOVEMENT_01617,ex_e2efd0fe,불가리안 스플릿 스쿼트,KINETIC_CHAIN,CLOSED_CHAIN,ex_e2efd0fe,DRAFT_READY,FINAL_CLOSEOUT_2026-08-04
MOVEMENT_01618,ex_e2efd0fe,불가리안 스플릿 스쿼트,STABILITY_DEMAND,HIGH,ex_e2efd0fe,DRAFT_READY,FINAL_CLOSEOUT_2026-08-04
MOVEMENT_01619,ex_e2efd0fe,불가리안 스플릿 스쿼트,MOBILITY_DEMAND,HIGH,ex_e2efd0fe,DRAFT_READY,FINAL_CLOSEOUT_2026-08-04
MOVEMENT_01620,ex_e2efd0fe,불가리안 스플릿 스쿼트,MOVEMENT_FAMILY,LUNGE_SPLIT_SQUAT_VARIANTS,ex_e2efd0fe,DRAFT_READY,FINAL_CLOSEOUT_2026-08-04
MOVEMENT_01621,ex_e2efd0fe,불가리안 스플릿 스쿼트,MOVEMENT_SUBTYPE,BULGARIAN_SPLIT_SQUAT,ex_e2efd0fe,DRAFT_READY,FINAL_CLOSEOUT_2026-08-04
MOVEMENT_01622,ex_e3715c0b,워킹 런지,MOVEMENT_PATTERN,LUNGE,ex_e3715c0b,DRAFT_READY,FINAL_CLOSEOUT_2026-08-04
MOVEMENT_01623,ex_e3715c0b,워킹 런지,JOINT_ACTION,ANKLE_DORSIFLEXION,ex_e3715c0b,DRAFT_READY,FINAL_CLOSEOUT_2026-08-04
MOVEMENT_01624,ex_e3715c0b,워킹 런지,JOINT_ACTION,ANKLE_PLANTARFLEXION,ex_e3715c0b,DRAFT_READY,FINAL_CLOSEOUT_2026-08-04
MOVEMENT_01625,ex_e3715c0b,워킹 런지,JOINT_ACTION,HIP_EXTENSION,ex_e3715c0b,DRAFT_READY,FINAL_CLOSEOUT_2026-08-04
MOVEMENT_01626,ex_e3715c0b,워킹 런지,JOINT_ACTION,HIP_FLEXION,ex_e3715c0b,DRAFT_READY,FINAL_CLOSEOUT_2026-08-04
MOVEMENT_01627,ex_e3715c0b,워킹 런지,JOINT_ACTION,KNEE_EXTENSION,ex_e3715c0b,DRAFT_READY,FINAL_CLOSEOUT_2026-08-04
MOVEMENT_01628,ex_e3715c0b,워킹 런지,JOINT_ACTION,KNEE_FLEXION,ex_e3715c0b,DRAFT_READY,FINAL_CLOSEOUT_2026-08-04
MOVEMENT_01629,ex_e3715c0b,워킹 런지,KINETIC_CHAIN,CLOSED_CHAIN,ex_e3715c0b,DRAFT_READY,FINAL_CLOSEOUT_2026-08-04
MOVEMENT_01630,ex_e3715c0b,워킹 런지,STABILITY_DEMAND,MODERATE,ex_e3715c0b,DRAFT_READY,FINAL_CLOSEOUT_2026-08-04
MOVEMENT_01631,ex_e3715c0b,워킹 런지,MOBILITY_DEMAND,MODERATE,ex_e3715c0b,DRAFT_READY,FINAL_CLOSEOUT_2026-08-04
MOVEMENT_01632,ex_e3715c0b,워킹 런지,MOVEMENT_FAMILY,LUNGE_SPLIT_SQUAT_VARIANTS,ex_e3715c0b,DRAFT_READY,FINAL_CLOSEOUT_2026-08-04
MOVEMENT_01633,ex_e3715c0b,워킹 런지,MOVEMENT_SUBTYPE,WALKING_LUNGE,ex_e3715c0b,DRAFT_READY,FINAL_CLOSEOUT_2026-08-04
MOVEMENT_01634,ex_e41e8dcf,중량 친업,MOVEMENT_PATTERN,VERTICAL_PULL,ex_e41e8dcf,DRAFT_READY,FINAL_CLOSEOUT_2026-08-04
MOVEMENT_01635,ex_e41e8dcf,중량 친업,JOINT_ACTION,ELBOW_EXTENSION,ex_e41e8dcf,DRAFT_READY,FINAL_CLOSEOUT_2026-08-04
MOVEMENT_01636,ex_e41e8dcf,중량 친업,JOINT_ACTION,ELBOW_FLEXION,ex_e41e8dcf,DRAFT_READY,FINAL_CLOSEOUT_2026-08-04
MOVEMENT_01637,ex_e41e8dcf,중량 친업,JOINT_ACTION,SCAPULAR_DEPRESSION,ex_e41e8dcf,DRAFT_READY,FINAL_CLOSEOUT_2026-08-04
MOVEMENT_01638,ex_e41e8dcf,중량 친업,JOINT_ACTION,SCAPULAR_ELEVATION,ex_e41e8dcf,DRAFT_READY,FINAL_CLOSEOUT_2026-08-04
MOVEMENT_01639,ex_e41e8dcf,중량 친업,JOINT_ACTION,SHOULDER_ABDUCTION,ex_e41e8dcf,DRAFT_READY,FINAL_CLOSEOUT_2026-08-04
MOVEMENT_01640,ex_e41e8dcf,중량 친업,JOINT_ACTION,SHOULDER_ADDUCTION,ex_e41e8dcf,DRAFT_READY,FINAL_CLOSEOUT_2026-08-04
MOVEMENT_01641,ex_e41e8dcf,중량 친업,KINETIC_CHAIN,CLOSED_CHAIN,ex_e41e8dcf,DRAFT_READY,FINAL_CLOSEOUT_2026-08-04
MOVEMENT_01642,ex_e41e8dcf,중량 친업,STABILITY_DEMAND,MODERATE,ex_e41e8dcf,DRAFT_READY,FINAL_CLOSEOUT_2026-08-04
MOVEMENT_01643,ex_e41e8dcf,중량 친업,MOBILITY_DEMAND,MODERATE,ex_e41e8dcf,DRAFT_READY,FINAL_CLOSEOUT_2026-08-04
MOVEMENT_01644,ex_e41e8dcf,중량 친업,MOVEMENT_FAMILY,PULL_UP_CHIN_UP_LAT_PULLDOWN_VARIANTS,ex_e41e8dcf,DRAFT_READY,FINAL_CLOSEOUT_2026-08-04
MOVEMENT_01645,ex_e41e8dcf,중량 친업,MOVEMENT_SUBTYPE,WEIGHTED_CHIN_UP,ex_e41e8dcf,DRAFT_READY,FINAL_CLOSEOUT_2026-08-04
MOVEMENT_01646,ex_e41f4c2b,중량 풀업,MOVEMENT_PATTERN,VERTICAL_PULL,ex_e41f4c2b,DRAFT_READY,FINAL_CLOSEOUT_2026-08-04
MOVEMENT_01647,ex_e41f4c2b,중량 풀업,JOINT_ACTION,ELBOW_EXTENSION,ex_e41f4c2b,DRAFT_READY,FINAL_CLOSEOUT_2026-08-04
MOVEMENT_01648,ex_e41f4c2b,중량 풀업,JOINT_ACTION,ELBOW_FLEXION,ex_e41f4c2b,DRAFT_READY,FINAL_CLOSEOUT_2026-08-04
MOVEMENT_01649,ex_e41f4c2b,중량 풀업,JOINT_ACTION,SCAPULAR_DEPRESSION,ex_e41f4c2b,DRAFT_READY,FINAL_CLOSEOUT_2026-08-04
MOVEMENT_01650,ex_e41f4c2b,중량 풀업,JOINT_ACTION,SCAPULAR_ELEVATION,ex_e41f4c2b,DRAFT_READY,FINAL_CLOSEOUT_2026-08-04
MOVEMENT_01651,ex_e41f4c2b,중량 풀업,JOINT_ACTION,SHOULDER_ABDUCTION,ex_e41f4c2b,DRAFT_READY,FINAL_CLOSEOUT_2026-08-04
MOVEMENT_01652,ex_e41f4c2b,중량 풀업,JOINT_ACTION,SHOULDER_ADDUCTION,ex_e41f4c2b,DRAFT_READY,FINAL_CLOSEOUT_2026-08-04
MOVEMENT_01653,ex_e41f4c2b,중량 풀업,KINETIC_CHAIN,CLOSED_CHAIN,ex_e41f4c2b,DRAFT_READY,FINAL_CLOSEOUT_2026-08-04
MOVEMENT_01654,ex_e41f4c2b,중량 풀업,STABILITY_DEMAND,MODERATE,ex_e41f4c2b,DRAFT_READY,FINAL_CLOSEOUT_2026-08-04
MOVEMENT_01655,ex_e41f4c2b,중량 풀업,MOBILITY_DEMAND,MODERATE,ex_e41f4c2b,DRAFT_READY,FINAL_CLOSEOUT_2026-08-04
MOVEMENT_01656,ex_e41f4c2b,중량 풀업,MOVEMENT_FAMILY,PULL_UP_CHIN_UP_LAT_PULLDOWN_VARIANTS,ex_e41f4c2b,DRAFT_READY,FINAL_CLOSEOUT_2026-08-04
MOVEMENT_01657,ex_e41f4c2b,중량 풀업,MOVEMENT_SUBTYPE,WEIGHTED_PULL_UP,ex_e41f4c2b,DRAFT_READY,FINAL_CLOSEOUT_2026-08-04
MOVEMENT_01658,ex_e465d1e9,포고 점프,MOVEMENT_PATTERN,HOP,ex_e465d1e9,DRAFT_READY,FINAL_CLOSEOUT_2026-08-04
MOVEMENT_01659,ex_e465d1e9,포고 점프,MOVEMENT_EVENT,LANDING,ex_e465d1e9,DRAFT_READY,FINAL_CLOSEOUT_2026-08-04
MOVEMENT_01660,ex_e465d1e9,포고 점프,MOVEMENT_EVENT,REBOUND,ex_e465d1e9,DRAFT_READY,FINAL_CLOSEOUT_2026-08-04
MOVEMENT_01661,ex_e465d1e9,포고 점프,MOVEMENT_EVENT,TAKEOFF,ex_e465d1e9,DRAFT_READY,FINAL_CLOSEOUT_2026-08-04
MOVEMENT_01662,ex_e465d1e9,포고 점프,STABILITY_DEMAND,HIGH,ex_e465d1e9,DRAFT_READY,FINAL_CLOSEOUT_2026-08-04
MOVEMENT_01663,ex_e465d1e9,포고 점프,MOBILITY_DEMAND,MODERATE,ex_e465d1e9,DRAFT_READY,FINAL_CLOSEOUT_2026-08-04
MOVEMENT_01664,ex_e465d1e9,포고 점프,MOVEMENT_FAMILY,ANKLE_STIFFNESS_SSC_CONDITIONING,ex_e465d1e9,DRAFT_READY,FINAL_CLOSEOUT_2026-08-04
MOVEMENT_01665,ex_e465d1e9,포고 점프,MOVEMENT_SUBTYPE,POGO_JUMP,ex_e465d1e9,DRAFT_READY,FINAL_CLOSEOUT_2026-08-04
MOVEMENT_01666,ex_e4f911bb,네거티브 풀업,MOVEMENT_PATTERN,VERTICAL_PULL,ex_e4f911bb,DRAFT_READY,FINAL_CLOSEOUT_2026-08-04
MOVEMENT_01667,ex_e4f911bb,네거티브 풀업,JOINT_ACTION,ELBOW_EXTENSION,ex_e4f911bb,DRAFT_READY,FINAL_CLOSEOUT_2026-08-04
MOVEMENT_01668,ex_e4f911bb,네거티브 풀업,JOINT_ACTION,ELBOW_FLEXION,ex_e4f911bb,DRAFT_READY,FINAL_CLOSEOUT_2026-08-04
MOVEMENT_01669,ex_e4f911bb,네거티브 풀업,JOINT_ACTION,SCAPULAR_DEPRESSION,ex_e4f911bb,DRAFT_READY,FINAL_CLOSEOUT_2026-08-04
MOVEMENT_01670,ex_e4f911bb,네거티브 풀업,JOINT_ACTION,SCAPULAR_ELEVATION,ex_e4f911bb,DRAFT_READY,FINAL_CLOSEOUT_2026-08-04
MOVEMENT_01671,ex_e4f911bb,네거티브 풀업,JOINT_ACTION,SHOULDER_ABDUCTION,ex_e4f911bb,DRAFT_READY,FINAL_CLOSEOUT_2026-08-04
MOVEMENT_01672,ex_e4f911bb,네거티브 풀업,JOINT_ACTION,SHOULDER_ADDUCTION,ex_e4f911bb,DRAFT_READY,FINAL_CLOSEOUT_2026-08-04
MOVEMENT_01673,ex_e4f911bb,네거티브 풀업,KINETIC_CHAIN,CLOSED_CHAIN,ex_e4f911bb,DRAFT_READY,FINAL_CLOSEOUT_2026-08-04
MOVEMENT_01674,ex_e4f911bb,네거티브 풀업,STABILITY_DEMAND,MODERATE,ex_e4f911bb,DRAFT_READY,FINAL_CLOSEOUT_2026-08-04
MOVEMENT_01675,ex_e4f911bb,네거티브 풀업,MOBILITY_DEMAND,MODERATE,ex_e4f911bb,DRAFT_READY,FINAL_CLOSEOUT_2026-08-04
MOVEMENT_01676,ex_e4f911bb,네거티브 풀업,MOVEMENT_FAMILY,PULL_UP_CHIN_UP_LAT_PULLDOWN_VARIANTS,ex_e4f911bb,DRAFT_READY,FINAL_CLOSEOUT_2026-08-04
MOVEMENT_01677,ex_e4f911bb,네거티브 풀업,MOVEMENT_SUBTYPE,NEGATIVE_PULL_UP,ex_e4f911bb,DRAFT_READY,FINAL_CLOSEOUT_2026-08-04
MOVEMENT_01678,ex_e709eeda,케이블 컬,JOINT_ACTION,ELBOW_EXTENSION,ex_e709eeda,DRAFT_READY,FINAL_CLOSEOUT_2026-08-04
MOVEMENT_01679,ex_e709eeda,케이블 컬,JOINT_ACTION,ELBOW_FLEXION,ex_e709eeda,DRAFT_READY,FINAL_CLOSEOUT_2026-08-04
MOVEMENT_01680,ex_e709eeda,케이블 컬,KINETIC_CHAIN,OPEN_CHAIN,ex_e709eeda,DRAFT_READY,FINAL_CLOSEOUT_2026-08-04
MOVEMENT_01681,ex_e709eeda,케이블 컬,STABILITY_DEMAND,LOW,ex_e709eeda,DRAFT_READY,FINAL_CLOSEOUT_2026-08-04
MOVEMENT_01682,ex_e709eeda,케이블 컬,MOBILITY_DEMAND,LOW,ex_e709eeda,DRAFT_READY,FINAL_CLOSEOUT_2026-08-04
MOVEMENT_01683,ex_e709eeda,케이블 컬,MOVEMENT_FAMILY,ELBOW_FLEXION_BICEPS_CURL_VARIANTS,ex_e709eeda,DRAFT_READY,FINAL_CLOSEOUT_2026-08-04
MOVEMENT_01684,ex_e709eeda,케이블 컬,MOVEMENT_SUBTYPE,CABLE_CURL,ex_e709eeda,DRAFT_READY,FINAL_CLOSEOUT_2026-08-04
MOVEMENT_01685,ex_e8ff8cfa,밴드 외회전,JOINT_ACTION,SHOULDER_EXTERNAL_ROTATION,ex_e8ff8cfa,DRAFT_READY,FINAL_CLOSEOUT_2026-08-04
MOVEMENT_01686,ex_e8ff8cfa,밴드 외회전,JOINT_ACTION,SHOULDER_INTERNAL_ROTATION,ex_e8ff8cfa,DRAFT_READY,FINAL_CLOSEOUT_2026-08-04
MOVEMENT_01687,ex_e8ff8cfa,밴드 외회전,KINETIC_CHAIN,OPEN_CHAIN,ex_e8ff8cfa,DRAFT_READY,FINAL_CLOSEOUT_2026-08-04
MOVEMENT_01688,ex_e8ff8cfa,밴드 외회전,STABILITY_DEMAND,LOW,ex_e8ff8cfa,DRAFT_READY,FINAL_CLOSEOUT_2026-08-04
MOVEMENT_01689,ex_e8ff8cfa,밴드 외회전,MOBILITY_DEMAND,LOW,ex_e8ff8cfa,DRAFT_READY,FINAL_CLOSEOUT_2026-08-04
MOVEMENT_01690,ex_e8ff8cfa,밴드 외회전,MOVEMENT_FAMILY,EXTERNAL_ROTATION_INTERNAL_ROTATION_VARIANTS,ex_e8ff8cfa,DRAFT_READY,FINAL_CLOSEOUT_2026-08-04
MOVEMENT_01691,ex_e8ff8cfa,밴드 외회전,MOVEMENT_SUBTYPE,BAND_EXTERNAL_ROTATION,ex_e8ff8cfa,DRAFT_READY,FINAL_CLOSEOUT_2026-08-04
MOVEMENT_01692,ex_e9e97659,핵 스쿼트,MOVEMENT_PATTERN,SQUAT,ex_e9e97659,DRAFT_READY,FINAL_CLOSEOUT_2026-08-04
MOVEMENT_01693,ex_e9e97659,핵 스쿼트,JOINT_ACTION,ANKLE_DORSIFLEXION,ex_e9e97659,DRAFT_READY,FINAL_CLOSEOUT_2026-08-04
MOVEMENT_01694,ex_e9e97659,핵 스쿼트,JOINT_ACTION,ANKLE_PLANTARFLEXION,ex_e9e97659,DRAFT_READY,FINAL_CLOSEOUT_2026-08-04
MOVEMENT_01695,ex_e9e97659,핵 스쿼트,JOINT_ACTION,HIP_EXTENSION,ex_e9e97659,DRAFT_READY,FINAL_CLOSEOUT_2026-08-04
MOVEMENT_01696,ex_e9e97659,핵 스쿼트,JOINT_ACTION,HIP_FLEXION,ex_e9e97659,DRAFT_READY,FINAL_CLOSEOUT_2026-08-04
MOVEMENT_01697,ex_e9e97659,핵 스쿼트,JOINT_ACTION,KNEE_EXTENSION,ex_e9e97659,DRAFT_READY,FINAL_CLOSEOUT_2026-08-04
MOVEMENT_01698,ex_e9e97659,핵 스쿼트,JOINT_ACTION,KNEE_FLEXION,ex_e9e97659,DRAFT_READY,FINAL_CLOSEOUT_2026-08-04
MOVEMENT_01699,ex_e9e97659,핵 스쿼트,KINETIC_CHAIN,CLOSED_CHAIN,ex_e9e97659,DRAFT_READY,FINAL_CLOSEOUT_2026-08-04
MOVEMENT_01700,ex_e9e97659,핵 스쿼트,STABILITY_DEMAND,MODERATE,ex_e9e97659,DRAFT_READY,FINAL_CLOSEOUT_2026-08-04
MOVEMENT_01701,ex_e9e97659,핵 스쿼트,MOBILITY_DEMAND,MODERATE,ex_e9e97659,DRAFT_READY,FINAL_CLOSEOUT_2026-08-04
MOVEMENT_01702,ex_e9e97659,핵 스쿼트,MOVEMENT_FAMILY,SQUAT_VARIANTS,ex_e9e97659,DRAFT_READY,FINAL_CLOSEOUT_2026-08-04
MOVEMENT_01703,ex_e9e97659,핵 스쿼트,MOVEMENT_SUBTYPE,HACK_SQUAT,ex_e9e97659,DRAFT_READY,FINAL_CLOSEOUT_2026-08-04
MOVEMENT_01704,ex_eb636bac,원암 케이블 오버헤드 트라이셉스 익스텐션,JOINT_ACTION,ELBOW_EXTENSION,ex_eb636bac,DRAFT_READY,FINAL_CLOSEOUT_2026-08-04
MOVEMENT_01705,ex_eb636bac,원암 케이블 오버헤드 트라이셉스 익스텐션,JOINT_ACTION,ELBOW_FLEXION,ex_eb636bac,DRAFT_READY,FINAL_CLOSEOUT_2026-08-04
MOVEMENT_01706,ex_eb636bac,원암 케이블 오버헤드 트라이셉스 익스텐션,KINETIC_CHAIN,OPEN_CHAIN,ex_eb636bac,DRAFT_READY,FINAL_CLOSEOUT_2026-08-04
MOVEMENT_01707,ex_eb636bac,원암 케이블 오버헤드 트라이셉스 익스텐션,STABILITY_DEMAND,LOW,ex_eb636bac,DRAFT_READY,FINAL_CLOSEOUT_2026-08-04
MOVEMENT_01708,ex_eb636bac,원암 케이블 오버헤드 트라이셉스 익스텐션,MOBILITY_DEMAND,LOW,ex_eb636bac,DRAFT_READY,FINAL_CLOSEOUT_2026-08-04
MOVEMENT_01709,ex_eb636bac,원암 케이블 오버헤드 트라이셉스 익스텐션,MOVEMENT_FAMILY,ELBOW_EXTENSION_TRICEPS_ISOLATION_VARIANTS,ex_eb636bac,DRAFT_READY,FINAL_CLOSEOUT_2026-08-04
MOVEMENT_01710,ex_eb636bac,원암 케이블 오버헤드 트라이셉스 익스텐션,MOVEMENT_SUBTYPE,OVERHEAD_CABLE_SINGLE_ARM_TRICEPS_EXTENSION,ex_eb636bac,DRAFT_READY,FINAL_CLOSEOUT_2026-08-04
MOVEMENT_01711,ex_ee378da7,스케이터 스쿼트,MOVEMENT_PATTERN,SQUAT,ex_ee378da7,DRAFT_READY,FINAL_CLOSEOUT_2026-08-04
MOVEMENT_01712,ex_ee378da7,스케이터 스쿼트,JOINT_ACTION,ANKLE_DORSIFLEXION,ex_ee378da7,DRAFT_READY,FINAL_CLOSEOUT_2026-08-04
MOVEMENT_01713,ex_ee378da7,스케이터 스쿼트,JOINT_ACTION,ANKLE_PLANTARFLEXION,ex_ee378da7,DRAFT_READY,FINAL_CLOSEOUT_2026-08-04
MOVEMENT_01714,ex_ee378da7,스케이터 스쿼트,JOINT_ACTION,HIP_EXTENSION,ex_ee378da7,DRAFT_READY,FINAL_CLOSEOUT_2026-08-04
MOVEMENT_01715,ex_ee378da7,스케이터 스쿼트,JOINT_ACTION,HIP_FLEXION,ex_ee378da7,DRAFT_READY,FINAL_CLOSEOUT_2026-08-04
MOVEMENT_01716,ex_ee378da7,스케이터 스쿼트,JOINT_ACTION,KNEE_EXTENSION,ex_ee378da7,DRAFT_READY,FINAL_CLOSEOUT_2026-08-04
MOVEMENT_01717,ex_ee378da7,스케이터 스쿼트,JOINT_ACTION,KNEE_FLEXION,ex_ee378da7,DRAFT_READY,FINAL_CLOSEOUT_2026-08-04
MOVEMENT_01718,ex_ee378da7,스케이터 스쿼트,KINETIC_CHAIN,CLOSED_CHAIN,ex_ee378da7,DRAFT_READY,FINAL_CLOSEOUT_2026-08-04
MOVEMENT_01719,ex_ee378da7,스케이터 스쿼트,STABILITY_DEMAND,HIGH,ex_ee378da7,DRAFT_READY,FINAL_CLOSEOUT_2026-08-04
MOVEMENT_01720,ex_ee378da7,스케이터 스쿼트,MOBILITY_DEMAND,MODERATE,ex_ee378da7,DRAFT_READY,FINAL_CLOSEOUT_2026-08-04
MOVEMENT_01721,ex_ee378da7,스케이터 스쿼트,MOVEMENT_FAMILY,SQUAT_VARIANTS,ex_ee378da7,DRAFT_READY,FINAL_CLOSEOUT_2026-08-04
MOVEMENT_01722,ex_ee378da7,스케이터 스쿼트,MOVEMENT_SUBTYPE,SKATER_SQUAT,ex_ee378da7,DRAFT_READY,FINAL_CLOSEOUT_2026-08-04
MOVEMENT_01723,ex_f1d31d3d,원레그 핵 스쿼트,MOVEMENT_PATTERN,SQUAT,ex_f1d31d3d,DRAFT_READY,FINAL_CLOSEOUT_2026-08-04
MOVEMENT_01724,ex_f1d31d3d,원레그 핵 스쿼트,JOINT_ACTION,ANKLE_DORSIFLEXION,ex_f1d31d3d,DRAFT_READY,FINAL_CLOSEOUT_2026-08-04
MOVEMENT_01725,ex_f1d31d3d,원레그 핵 스쿼트,JOINT_ACTION,ANKLE_PLANTARFLEXION,ex_f1d31d3d,DRAFT_READY,FINAL_CLOSEOUT_2026-08-04
MOVEMENT_01726,ex_f1d31d3d,원레그 핵 스쿼트,JOINT_ACTION,HIP_EXTENSION,ex_f1d31d3d,DRAFT_READY,FINAL_CLOSEOUT_2026-08-04
MOVEMENT_01727,ex_f1d31d3d,원레그 핵 스쿼트,JOINT_ACTION,HIP_FLEXION,ex_f1d31d3d,DRAFT_READY,FINAL_CLOSEOUT_2026-08-04
MOVEMENT_01728,ex_f1d31d3d,원레그 핵 스쿼트,JOINT_ACTION,KNEE_EXTENSION,ex_f1d31d3d,DRAFT_READY,FINAL_CLOSEOUT_2026-08-04
MOVEMENT_01729,ex_f1d31d3d,원레그 핵 스쿼트,JOINT_ACTION,KNEE_FLEXION,ex_f1d31d3d,DRAFT_READY,FINAL_CLOSEOUT_2026-08-04
MOVEMENT_01730,ex_f1d31d3d,원레그 핵 스쿼트,KINETIC_CHAIN,CLOSED_CHAIN,ex_f1d31d3d,DRAFT_READY,FINAL_CLOSEOUT_2026-08-04
MOVEMENT_01731,ex_f1d31d3d,원레그 핵 스쿼트,STABILITY_DEMAND,MODERATE,ex_f1d31d3d,DRAFT_READY,FINAL_CLOSEOUT_2026-08-04
MOVEMENT_01732,ex_f1d31d3d,원레그 핵 스쿼트,MOBILITY_DEMAND,MODERATE,ex_f1d31d3d,DRAFT_READY,FINAL_CLOSEOUT_2026-08-04
MOVEMENT_01733,ex_f1d31d3d,원레그 핵 스쿼트,MOVEMENT_FAMILY,SQUAT_VARIANTS,ex_f1d31d3d,DRAFT_READY,FINAL_CLOSEOUT_2026-08-04
MOVEMENT_01734,ex_f1d31d3d,원레그 핵 스쿼트,MOVEMENT_SUBTYPE,SINGLE_LEG_HACK_SQUAT,ex_f1d31d3d,DRAFT_READY,FINAL_CLOSEOUT_2026-08-04
MOVEMENT_01735,ex_f2a79d37,스플릿 스쿼트,MOVEMENT_PATTERN,LUNGE,ex_f2a79d37,DRAFT_READY,FINAL_CLOSEOUT_2026-08-04
MOVEMENT_01736,ex_f2a79d37,스플릿 스쿼트,JOINT_ACTION,ANKLE_DORSIFLEXION,ex_f2a79d37,DRAFT_READY,FINAL_CLOSEOUT_2026-08-04
MOVEMENT_01737,ex_f2a79d37,스플릿 스쿼트,JOINT_ACTION,ANKLE_PLANTARFLEXION,ex_f2a79d37,DRAFT_READY,FINAL_CLOSEOUT_2026-08-04
MOVEMENT_01738,ex_f2a79d37,스플릿 스쿼트,JOINT_ACTION,HIP_EXTENSION,ex_f2a79d37,DRAFT_READY,FINAL_CLOSEOUT_2026-08-04
MOVEMENT_01739,ex_f2a79d37,스플릿 스쿼트,JOINT_ACTION,HIP_FLEXION,ex_f2a79d37,DRAFT_READY,FINAL_CLOSEOUT_2026-08-04
MOVEMENT_01740,ex_f2a79d37,스플릿 스쿼트,JOINT_ACTION,KNEE_EXTENSION,ex_f2a79d37,DRAFT_READY,FINAL_CLOSEOUT_2026-08-04
MOVEMENT_01741,ex_f2a79d37,스플릿 스쿼트,JOINT_ACTION,KNEE_FLEXION,ex_f2a79d37,DRAFT_READY,FINAL_CLOSEOUT_2026-08-04
MOVEMENT_01742,ex_f2a79d37,스플릿 스쿼트,KINETIC_CHAIN,CLOSED_CHAIN,ex_f2a79d37,DRAFT_READY,FINAL_CLOSEOUT_2026-08-04
MOVEMENT_01743,ex_f2a79d37,스플릿 스쿼트,STABILITY_DEMAND,HIGH,ex_f2a79d37,DRAFT_READY,FINAL_CLOSEOUT_2026-08-04
MOVEMENT_01744,ex_f2a79d37,스플릿 스쿼트,MOBILITY_DEMAND,MODERATE,ex_f2a79d37,DRAFT_READY,FINAL_CLOSEOUT_2026-08-04
MOVEMENT_01745,ex_f2a79d37,스플릿 스쿼트,MOVEMENT_FAMILY,LUNGE_SPLIT_SQUAT_VARIANTS,ex_f2a79d37,DRAFT_READY,FINAL_CLOSEOUT_2026-08-04
MOVEMENT_01746,ex_f2a79d37,스플릿 스쿼트,MOVEMENT_SUBTYPE,SPLIT_SQUAT,ex_f2a79d37,DRAFT_READY,FINAL_CLOSEOUT_2026-08-04
MOVEMENT_01747,ex_f332aeab,월 드라이브,MOVEMENT_PATTERN,GAIT,ex_f332aeab,DRAFT_READY,FINAL_CLOSEOUT_2026-08-04
MOVEMENT_01748,ex_f332aeab,월 드라이브,STABILITY_DEMAND,MODERATE,ex_f332aeab,DRAFT_READY,FINAL_CLOSEOUT_2026-08-04
MOVEMENT_01749,ex_f332aeab,월 드라이브,MOBILITY_DEMAND,MODERATE,ex_f332aeab,DRAFT_READY,FINAL_CLOSEOUT_2026-08-04
MOVEMENT_01750,ex_f332aeab,월 드라이브,MOVEMENT_FAMILY,RUNNING_MECHANICS_SUPPORT,ex_f332aeab,DRAFT_READY,FINAL_CLOSEOUT_2026-08-04
MOVEMENT_01751,ex_f332aeab,월 드라이브,MOVEMENT_SUBTYPE,WALL_DRIVE,ex_f332aeab,DRAFT_READY,FINAL_CLOSEOUT_2026-08-04
MOVEMENT_01752,ex_f459ad2a,메도우즈 로우,MOVEMENT_PATTERN,HORIZONTAL_PULL,ex_f459ad2a,DRAFT_READY,FINAL_CLOSEOUT_2026-08-04
MOVEMENT_01753,ex_f459ad2a,메도우즈 로우,JOINT_ACTION,ELBOW_EXTENSION,ex_f459ad2a,DRAFT_READY,FINAL_CLOSEOUT_2026-08-04
MOVEMENT_01754,ex_f459ad2a,메도우즈 로우,JOINT_ACTION,ELBOW_FLEXION,ex_f459ad2a,DRAFT_READY,FINAL_CLOSEOUT_2026-08-04
MOVEMENT_01755,ex_f459ad2a,메도우즈 로우,JOINT_ACTION,SCAPULAR_PROTRACTION,ex_f459ad2a,DRAFT_READY,FINAL_CLOSEOUT_2026-08-04
MOVEMENT_01756,ex_f459ad2a,메도우즈 로우,JOINT_ACTION,SCAPULAR_RETRACTION,ex_f459ad2a,DRAFT_READY,FINAL_CLOSEOUT_2026-08-04
MOVEMENT_01757,ex_f459ad2a,메도우즈 로우,JOINT_ACTION,SHOULDER_EXTENSION,ex_f459ad2a,DRAFT_READY,FINAL_CLOSEOUT_2026-08-04
MOVEMENT_01758,ex_f459ad2a,메도우즈 로우,JOINT_ACTION,SHOULDER_FLEXION,ex_f459ad2a,DRAFT_READY,FINAL_CLOSEOUT_2026-08-04
MOVEMENT_01759,ex_f459ad2a,메도우즈 로우,KINETIC_CHAIN,OPEN_CHAIN,ex_f459ad2a,DRAFT_READY,FINAL_CLOSEOUT_2026-08-04
MOVEMENT_01760,ex_f459ad2a,메도우즈 로우,STABILITY_DEMAND,HIGH,ex_f459ad2a,DRAFT_READY,FINAL_CLOSEOUT_2026-08-04
MOVEMENT_01761,ex_f459ad2a,메도우즈 로우,MOBILITY_DEMAND,MODERATE,ex_f459ad2a,DRAFT_READY,FINAL_CLOSEOUT_2026-08-04
MOVEMENT_01762,ex_f459ad2a,메도우즈 로우,MOVEMENT_FAMILY,ROW_VARIANTS,ex_f459ad2a,DRAFT_READY,FINAL_CLOSEOUT_2026-08-04
MOVEMENT_01763,ex_f459ad2a,메도우즈 로우,MOVEMENT_SUBTYPE,MEADOWS_ROW,ex_f459ad2a,DRAFT_READY,FINAL_CLOSEOUT_2026-08-04
MOVEMENT_01764,ex_f6703b06,덤벨 프로네이션/수피네이션,JOINT_ACTION,FOREARM_PRONATION,ex_f6703b06,DRAFT_READY,FINAL_CLOSEOUT_2026-08-04
MOVEMENT_01765,ex_f6703b06,덤벨 프로네이션/수피네이션,JOINT_ACTION,FOREARM_SUPINATION,ex_f6703b06,DRAFT_READY,FINAL_CLOSEOUT_2026-08-04
MOVEMENT_01766,ex_f6703b06,덤벨 프로네이션/수피네이션,KINETIC_CHAIN,OPEN_CHAIN,ex_f6703b06,DRAFT_READY,FINAL_CLOSEOUT_2026-08-04
MOVEMENT_01767,ex_f6703b06,덤벨 프로네이션/수피네이션,STABILITY_DEMAND,LOW,ex_f6703b06,DRAFT_READY,FINAL_CLOSEOUT_2026-08-04
MOVEMENT_01768,ex_f6703b06,덤벨 프로네이션/수피네이션,MOBILITY_DEMAND,LOW,ex_f6703b06,DRAFT_READY,FINAL_CLOSEOUT_2026-08-04
MOVEMENT_01769,ex_f6703b06,덤벨 프로네이션/수피네이션,MOVEMENT_FAMILY,FOREARM_GRIP_ACCESSORY,ex_f6703b06,DRAFT_READY,FINAL_CLOSEOUT_2026-08-04
MOVEMENT_01770,ex_f6703b06,덤벨 프로네이션/수피네이션,MOVEMENT_SUBTYPE,PRONATION_SUPINATION,ex_f6703b06,DRAFT_READY,FINAL_CLOSEOUT_2026-08-04
MOVEMENT_01771,ex_f6d43398,사이드 플랭크,MOVEMENT_PATTERN,TRUNK_BRACE,ex_f6d43398,DRAFT_READY,FINAL_CLOSEOUT_2026-08-04
MOVEMENT_01772,ex_f6d43398,사이드 플랭크,KINETIC_CHAIN,CLOSED_CHAIN,ex_f6d43398,DRAFT_READY,FINAL_CLOSEOUT_2026-08-04
MOVEMENT_01773,ex_f6d43398,사이드 플랭크,STABILITY_DEMAND,HIGH,ex_f6d43398,DRAFT_READY,FINAL_CLOSEOUT_2026-08-04
MOVEMENT_01774,ex_f6d43398,사이드 플랭크,MOBILITY_DEMAND,LOW,ex_f6d43398,DRAFT_READY,FINAL_CLOSEOUT_2026-08-04
MOVEMENT_01775,ex_f6d43398,사이드 플랭크,MOVEMENT_FAMILY,ANTI_ROTATION_ANTI_EXTENSION_CORE,ex_f6d43398,DRAFT_READY,FINAL_CLOSEOUT_2026-08-04
MOVEMENT_01776,ex_f6d43398,사이드 플랭크,MOVEMENT_SUBTYPE,SIDE_PLANK,ex_f6d43398,DRAFT_READY,FINAL_CLOSEOUT_2026-08-04
MOVEMENT_01777,ex_f97a05ab,월 슬라이드,JOINT_ACTION,SCAPULAR_DOWNWARD_ROTATION,ex_f97a05ab,DRAFT_READY,FINAL_CLOSEOUT_2026-08-04
MOVEMENT_01778,ex_f97a05ab,월 슬라이드,JOINT_ACTION,SCAPULAR_UPWARD_ROTATION,ex_f97a05ab,DRAFT_READY,FINAL_CLOSEOUT_2026-08-04
MOVEMENT_01779,ex_f97a05ab,월 슬라이드,JOINT_ACTION,SHOULDER_EXTENSION,ex_f97a05ab,DRAFT_READY,FINAL_CLOSEOUT_2026-08-04
MOVEMENT_01780,ex_f97a05ab,월 슬라이드,JOINT_ACTION,SHOULDER_FLEXION,ex_f97a05ab,DRAFT_READY,FINAL_CLOSEOUT_2026-08-04
MOVEMENT_01781,ex_f97a05ab,월 슬라이드,KINETIC_CHAIN,OPEN_CHAIN,ex_f97a05ab,DRAFT_READY,FINAL_CLOSEOUT_2026-08-04
MOVEMENT_01782,ex_f97a05ab,월 슬라이드,STABILITY_DEMAND,LOW,ex_f97a05ab,DRAFT_READY,FINAL_CLOSEOUT_2026-08-04
MOVEMENT_01783,ex_f97a05ab,월 슬라이드,MOBILITY_DEMAND,HIGH,ex_f97a05ab,DRAFT_READY,FINAL_CLOSEOUT_2026-08-04
MOVEMENT_01784,ex_f97a05ab,월 슬라이드,MOVEMENT_FAMILY,SCAPULAR_CONTROL_RECOVERY_PREHAB_VARIANTS,ex_f97a05ab,DRAFT_READY,FINAL_CLOSEOUT_2026-08-04
MOVEMENT_01785,ex_f97a05ab,월 슬라이드,MOVEMENT_SUBTYPE,WALL_SLIDE,ex_f97a05ab,DRAFT_READY,FINAL_CLOSEOUT_2026-08-04
MOVEMENT_01786,ex_fa2e73b3,핸드스탠드 푸시업,MOVEMENT_PATTERN,VERTICAL_PUSH,ex_fa2e73b3,REVIEW_RECOMMENDED,FINAL_CLOSEOUT_2026-08-04
MOVEMENT_01787,ex_fa2e73b3,핸드스탠드 푸시업,JOINT_ACTION,ELBOW_EXTENSION,ex_fa2e73b3,REVIEW_RECOMMENDED,FINAL_CLOSEOUT_2026-08-04
MOVEMENT_01788,ex_fa2e73b3,핸드스탠드 푸시업,JOINT_ACTION,ELBOW_FLEXION,ex_fa2e73b3,REVIEW_RECOMMENDED,FINAL_CLOSEOUT_2026-08-04
MOVEMENT_01789,ex_fa2e73b3,핸드스탠드 푸시업,JOINT_ACTION,SCAPULAR_DOWNWARD_ROTATION,ex_fa2e73b3,REVIEW_RECOMMENDED,FINAL_CLOSEOUT_2026-08-04
MOVEMENT_01790,ex_fa2e73b3,핸드스탠드 푸시업,JOINT_ACTION,SCAPULAR_UPWARD_ROTATION,ex_fa2e73b3,REVIEW_RECOMMENDED,FINAL_CLOSEOUT_2026-08-04
MOVEMENT_01791,ex_fa2e73b3,핸드스탠드 푸시업,JOINT_ACTION,SHOULDER_EXTENSION,ex_fa2e73b3,REVIEW_RECOMMENDED,FINAL_CLOSEOUT_2026-08-04
MOVEMENT_01792,ex_fa2e73b3,핸드스탠드 푸시업,JOINT_ACTION,SHOULDER_FLEXION,ex_fa2e73b3,REVIEW_RECOMMENDED,FINAL_CLOSEOUT_2026-08-04
MOVEMENT_01793,ex_fa2e73b3,핸드스탠드 푸시업,JOINT_ACTION,SHOULDER_HORIZONTAL_ABDUCTION,ex_fa2e73b3,REVIEW_RECOMMENDED,FINAL_CLOSEOUT_2026-08-04
MOVEMENT_01794,ex_fa2e73b3,핸드스탠드 푸시업,JOINT_ACTION,SHOULDER_HORIZONTAL_ADDUCTION,ex_fa2e73b3,REVIEW_RECOMMENDED,FINAL_CLOSEOUT_2026-08-04
MOVEMENT_01795,ex_fa2e73b3,핸드스탠드 푸시업,KINETIC_CHAIN,CLOSED_CHAIN,ex_fa2e73b3,REVIEW_RECOMMENDED,FINAL_CLOSEOUT_2026-08-04
MOVEMENT_01796,ex_fa2e73b3,핸드스탠드 푸시업,STABILITY_DEMAND,MODERATE,ex_fa2e73b3,REVIEW_RECOMMENDED,FINAL_CLOSEOUT_2026-08-04
MOVEMENT_01797,ex_fa2e73b3,핸드스탠드 푸시업,MOBILITY_DEMAND,HIGH,ex_fa2e73b3,REVIEW_RECOMMENDED,FINAL_CLOSEOUT_2026-08-04
MOVEMENT_01798,ex_fa2e73b3,핸드스탠드 푸시업,MOVEMENT_FAMILY,BODYWEIGHT_VERTICAL_PUSH_VARIANTS,ex_fa2e73b3,REVIEW_RECOMMENDED,FINAL_CLOSEOUT_2026-08-04
MOVEMENT_01799,ex_fa2e73b3,핸드스탠드 푸시업,MOVEMENT_SUBTYPE,HANDSTAND_PUSH_UP,ex_fa2e73b3,REVIEW_RECOMMENDED,FINAL_CLOSEOUT_2026-08-04
MOVEMENT_01800,ex_fa31f7a6,케이블 로우,MOVEMENT_PATTERN,HORIZONTAL_PULL,ex_fa31f7a6,DRAFT_READY,FINAL_CLOSEOUT_2026-08-04
MOVEMENT_01801,ex_fa31f7a6,케이블 로우,JOINT_ACTION,ELBOW_EXTENSION,ex_fa31f7a6,DRAFT_READY,FINAL_CLOSEOUT_2026-08-04
MOVEMENT_01802,ex_fa31f7a6,케이블 로우,JOINT_ACTION,ELBOW_FLEXION,ex_fa31f7a6,DRAFT_READY,FINAL_CLOSEOUT_2026-08-04
MOVEMENT_01803,ex_fa31f7a6,케이블 로우,JOINT_ACTION,SCAPULAR_PROTRACTION,ex_fa31f7a6,DRAFT_READY,FINAL_CLOSEOUT_2026-08-04
MOVEMENT_01804,ex_fa31f7a6,케이블 로우,JOINT_ACTION,SCAPULAR_RETRACTION,ex_fa31f7a6,DRAFT_READY,FINAL_CLOSEOUT_2026-08-04
MOVEMENT_01805,ex_fa31f7a6,케이블 로우,JOINT_ACTION,SHOULDER_EXTENSION,ex_fa31f7a6,DRAFT_READY,FINAL_CLOSEOUT_2026-08-04
MOVEMENT_01806,ex_fa31f7a6,케이블 로우,JOINT_ACTION,SHOULDER_FLEXION,ex_fa31f7a6,DRAFT_READY,FINAL_CLOSEOUT_2026-08-04
MOVEMENT_01807,ex_fa31f7a6,케이블 로우,KINETIC_CHAIN,OPEN_CHAIN,ex_fa31f7a6,DRAFT_READY,FINAL_CLOSEOUT_2026-08-04
MOVEMENT_01808,ex_fa31f7a6,케이블 로우,STABILITY_DEMAND,MODERATE,ex_fa31f7a6,DRAFT_READY,FINAL_CLOSEOUT_2026-08-04
MOVEMENT_01809,ex_fa31f7a6,케이블 로우,MOBILITY_DEMAND,MODERATE,ex_fa31f7a6,DRAFT_READY,FINAL_CLOSEOUT_2026-08-04
MOVEMENT_01810,ex_fa31f7a6,케이블 로우,MOVEMENT_FAMILY,ROW_VARIANTS,ex_fa31f7a6,DRAFT_READY,FINAL_CLOSEOUT_2026-08-04
MOVEMENT_01811,ex_fa31f7a6,케이블 로우,MOVEMENT_SUBTYPE,CABLE_ROW,ex_fa31f7a6,DRAFT_READY,FINAL_CLOSEOUT_2026-08-04
MOVEMENT_01812,ex_fa3416f6,스미스 머신 스쿼트,MOVEMENT_PATTERN,SQUAT,ex_fa3416f6,DRAFT_READY,FINAL_CLOSEOUT_2026-08-04
MOVEMENT_01813,ex_fa3416f6,스미스 머신 스쿼트,JOINT_ACTION,ANKLE_DORSIFLEXION,ex_fa3416f6,DRAFT_READY,FINAL_CLOSEOUT_2026-08-04
MOVEMENT_01814,ex_fa3416f6,스미스 머신 스쿼트,JOINT_ACTION,ANKLE_PLANTARFLEXION,ex_fa3416f6,DRAFT_READY,FINAL_CLOSEOUT_2026-08-04
MOVEMENT_01815,ex_fa3416f6,스미스 머신 스쿼트,JOINT_ACTION,HIP_EXTENSION,ex_fa3416f6,DRAFT_READY,FINAL_CLOSEOUT_2026-08-04
MOVEMENT_01816,ex_fa3416f6,스미스 머신 스쿼트,JOINT_ACTION,HIP_FLEXION,ex_fa3416f6,DRAFT_READY,FINAL_CLOSEOUT_2026-08-04
MOVEMENT_01817,ex_fa3416f6,스미스 머신 스쿼트,JOINT_ACTION,KNEE_EXTENSION,ex_fa3416f6,DRAFT_READY,FINAL_CLOSEOUT_2026-08-04
MOVEMENT_01818,ex_fa3416f6,스미스 머신 스쿼트,JOINT_ACTION,KNEE_FLEXION,ex_fa3416f6,DRAFT_READY,FINAL_CLOSEOUT_2026-08-04
MOVEMENT_01819,ex_fa3416f6,스미스 머신 스쿼트,KINETIC_CHAIN,CLOSED_CHAIN,ex_fa3416f6,DRAFT_READY,FINAL_CLOSEOUT_2026-08-04
MOVEMENT_01820,ex_fa3416f6,스미스 머신 스쿼트,STABILITY_DEMAND,MODERATE,ex_fa3416f6,DRAFT_READY,FINAL_CLOSEOUT_2026-08-04
MOVEMENT_01821,ex_fa3416f6,스미스 머신 스쿼트,MOBILITY_DEMAND,MODERATE,ex_fa3416f6,DRAFT_READY,FINAL_CLOSEOUT_2026-08-04
MOVEMENT_01822,ex_fa3416f6,스미스 머신 스쿼트,MOVEMENT_FAMILY,SQUAT_VARIANTS,ex_fa3416f6,DRAFT_READY,FINAL_CLOSEOUT_2026-08-04
MOVEMENT_01823,ex_fa3416f6,스미스 머신 스쿼트,MOVEMENT_SUBTYPE,SMITH_MACHINE_SQUAT,ex_fa3416f6,DRAFT_READY,FINAL_CLOSEOUT_2026-08-04
MOVEMENT_01824,ex_fa34ddfe,케이블 킥백,JOINT_ACTION,HIP_EXTENSION,ex_fa34ddfe,DRAFT_READY,FINAL_CLOSEOUT_2026-08-04
MOVEMENT_01825,ex_fa34ddfe,케이블 킥백,JOINT_ACTION,HIP_FLEXION,ex_fa34ddfe,DRAFT_READY,FINAL_CLOSEOUT_2026-08-04
MOVEMENT_01826,ex_fa34ddfe,케이블 킥백,KINETIC_CHAIN,OPEN_CHAIN,ex_fa34ddfe,DRAFT_READY,FINAL_CLOSEOUT_2026-08-04
MOVEMENT_01827,ex_fa34ddfe,케이블 킥백,STABILITY_DEMAND,LOW,ex_fa34ddfe,DRAFT_READY,FINAL_CLOSEOUT_2026-08-04
MOVEMENT_01828,ex_fa34ddfe,케이블 킥백,MOBILITY_DEMAND,LOW,ex_fa34ddfe,DRAFT_READY,FINAL_CLOSEOUT_2026-08-04
MOVEMENT_01829,ex_fa34ddfe,케이블 킥백,MOVEMENT_FAMILY,GLUTE_ISOLATION_ACCESSORY,ex_fa34ddfe,DRAFT_READY,FINAL_CLOSEOUT_2026-08-04
MOVEMENT_01830,ex_fa34ddfe,케이블 킥백,MOVEMENT_SUBTYPE,CABLE_KICKBACK,ex_fa34ddfe,DRAFT_READY,FINAL_CLOSEOUT_2026-08-04
MOVEMENT_01831,ex_fa570291,트라이셉스 푸시다운,JOINT_ACTION,ELBOW_EXTENSION,ex_fa570291,DRAFT_READY,FINAL_CLOSEOUT_2026-08-04
MOVEMENT_01832,ex_fa570291,트라이셉스 푸시다운,JOINT_ACTION,ELBOW_FLEXION,ex_fa570291,DRAFT_READY,FINAL_CLOSEOUT_2026-08-04
MOVEMENT_01833,ex_fa570291,트라이셉스 푸시다운,KINETIC_CHAIN,OPEN_CHAIN,ex_fa570291,DRAFT_READY,FINAL_CLOSEOUT_2026-08-04
MOVEMENT_01834,ex_fa570291,트라이셉스 푸시다운,STABILITY_DEMAND,LOW,ex_fa570291,DRAFT_READY,FINAL_CLOSEOUT_2026-08-04
MOVEMENT_01835,ex_fa570291,트라이셉스 푸시다운,MOBILITY_DEMAND,LOW,ex_fa570291,DRAFT_READY,FINAL_CLOSEOUT_2026-08-04
MOVEMENT_01836,ex_fa570291,트라이셉스 푸시다운,MOVEMENT_FAMILY,ELBOW_EXTENSION_TRICEPS_ISOLATION_VARIANTS,ex_fa570291,DRAFT_READY,FINAL_CLOSEOUT_2026-08-04
MOVEMENT_01837,ex_fa570291,트라이셉스 푸시다운,MOVEMENT_SUBTYPE,TRICEPS_PUSHDOWN,ex_fa570291,DRAFT_READY,FINAL_CLOSEOUT_2026-08-04
MOVEMENT_01838,ex_faae2044,인터벌 러닝,MOVEMENT_PATTERN,GAIT,ex_faae2044,DRAFT_READY,FINAL_CLOSEOUT_2026-08-04
MOVEMENT_01839,ex_faae2044,인터벌 러닝,STABILITY_DEMAND,MODERATE,ex_faae2044,DRAFT_READY,FINAL_CLOSEOUT_2026-08-04
MOVEMENT_01840,ex_faae2044,인터벌 러닝,MOBILITY_DEMAND,MODERATE,ex_faae2044,DRAFT_READY,FINAL_CLOSEOUT_2026-08-04
MOVEMENT_01841,ex_faae2044,인터벌 러닝,MOVEMENT_FAMILY,CARDIO_RECORDS,ex_faae2044,DRAFT_READY,FINAL_CLOSEOUT_2026-08-04
MOVEMENT_01842,ex_faae2044,인터벌 러닝,MOVEMENT_SUBTYPE,INTERVAL_RUNNING,ex_faae2044,DRAFT_READY,FINAL_CLOSEOUT_2026-08-04
MOVEMENT_01843,ex_fb67af37,디클라인 푸시업,MOVEMENT_PATTERN,HORIZONTAL_PUSH,ex_fb67af37,DRAFT_READY,FINAL_CLOSEOUT_2026-08-04
MOVEMENT_01844,ex_fb67af37,디클라인 푸시업,JOINT_ACTION,ELBOW_EXTENSION,ex_fb67af37,DRAFT_READY,FINAL_CLOSEOUT_2026-08-04
MOVEMENT_01845,ex_fb67af37,디클라인 푸시업,JOINT_ACTION,ELBOW_FLEXION,ex_fb67af37,DRAFT_READY,FINAL_CLOSEOUT_2026-08-04
MOVEMENT_01846,ex_fb67af37,디클라인 푸시업,JOINT_ACTION,SHOULDER_HORIZONTAL_ABDUCTION,ex_fb67af37,DRAFT_READY,FINAL_CLOSEOUT_2026-08-04
MOVEMENT_01847,ex_fb67af37,디클라인 푸시업,JOINT_ACTION,SHOULDER_HORIZONTAL_ADDUCTION,ex_fb67af37,DRAFT_READY,FINAL_CLOSEOUT_2026-08-04
MOVEMENT_01848,ex_fb67af37,디클라인 푸시업,KINETIC_CHAIN,CLOSED_CHAIN,ex_fb67af37,DRAFT_READY,FINAL_CLOSEOUT_2026-08-04
MOVEMENT_01849,ex_fb67af37,디클라인 푸시업,STABILITY_DEMAND,MODERATE,ex_fb67af37,DRAFT_READY,FINAL_CLOSEOUT_2026-08-04
MOVEMENT_01850,ex_fb67af37,디클라인 푸시업,MOBILITY_DEMAND,MODERATE,ex_fb67af37,DRAFT_READY,FINAL_CLOSEOUT_2026-08-04
MOVEMENT_01851,ex_fb67af37,디클라인 푸시업,MOVEMENT_FAMILY,PUSH_UP_VARIANTS,ex_fb67af37,DRAFT_READY,FINAL_CLOSEOUT_2026-08-04
MOVEMENT_01852,ex_fb67af37,디클라인 푸시업,MOVEMENT_SUBTYPE,DECLINE_PUSH_UP,ex_fb67af37,DRAFT_READY,FINAL_CLOSEOUT_2026-08-04
MOVEMENT_01853,ex_fdbdf454,원암 덤벨 오버헤드 트라이셉스 익스텐션,JOINT_ACTION,ELBOW_EXTENSION,ex_fdbdf454,DRAFT_READY,FINAL_CLOSEOUT_2026-08-04
MOVEMENT_01854,ex_fdbdf454,원암 덤벨 오버헤드 트라이셉스 익스텐션,JOINT_ACTION,ELBOW_FLEXION,ex_fdbdf454,DRAFT_READY,FINAL_CLOSEOUT_2026-08-04
MOVEMENT_01855,ex_fdbdf454,원암 덤벨 오버헤드 트라이셉스 익스텐션,KINETIC_CHAIN,OPEN_CHAIN,ex_fdbdf454,DRAFT_READY,FINAL_CLOSEOUT_2026-08-04
MOVEMENT_01856,ex_fdbdf454,원암 덤벨 오버헤드 트라이셉스 익스텐션,STABILITY_DEMAND,LOW,ex_fdbdf454,DRAFT_READY,FINAL_CLOSEOUT_2026-08-04
MOVEMENT_01857,ex_fdbdf454,원암 덤벨 오버헤드 트라이셉스 익스텐션,MOBILITY_DEMAND,LOW,ex_fdbdf454,DRAFT_READY,FINAL_CLOSEOUT_2026-08-04
MOVEMENT_01858,ex_fdbdf454,원암 덤벨 오버헤드 트라이셉스 익스텐션,MOVEMENT_FAMILY,OVERHEAD_TRICEPS_LONG_HEAD,ex_fdbdf454,DRAFT_READY,FINAL_CLOSEOUT_2026-08-04
MOVEMENT_01859,ex_fdbdf454,원암 덤벨 오버헤드 트라이셉스 익스텐션,MOVEMENT_SUBTYPE,ONE_ARM_OVERHEAD_TRICEPS_EXTENSION,ex_fdbdf454,DRAFT_READY,FINAL_CLOSEOUT_2026-08-04
MOVEMENT_01860,ez_bar_lying_triceps_extension,EZ바 라잉 트라이셉스 익스텐션,JOINT_ACTION,ELBOW_EXTENSION,ex_d20b7487,REVIEW_RECOMMENDED,FINAL_CLOSEOUT_SPLIT_FROM_ex_d20b7487
MOVEMENT_01861,ez_bar_lying_triceps_extension,EZ바 라잉 트라이셉스 익스텐션,JOINT_ACTION,ELBOW_FLEXION,ex_d20b7487,REVIEW_RECOMMENDED,FINAL_CLOSEOUT_SPLIT_FROM_ex_d20b7487
MOVEMENT_01862,ez_bar_lying_triceps_extension,EZ바 라잉 트라이셉스 익스텐션,KINETIC_CHAIN,OPEN_CHAIN,ex_d20b7487,REVIEW_RECOMMENDED,FINAL_CLOSEOUT_SPLIT_FROM_ex_d20b7487
MOVEMENT_01863,ez_bar_lying_triceps_extension,EZ바 라잉 트라이셉스 익스텐션,STABILITY_DEMAND,LOW,ex_d20b7487,REVIEW_RECOMMENDED,FINAL_CLOSEOUT_SPLIT_FROM_ex_d20b7487
MOVEMENT_01864,ez_bar_lying_triceps_extension,EZ바 라잉 트라이셉스 익스텐션,MOBILITY_DEMAND,LOW,ex_d20b7487,REVIEW_RECOMMENDED,FINAL_CLOSEOUT_SPLIT_FROM_ex_d20b7487
MOVEMENT_01865,ez_bar_lying_triceps_extension,EZ바 라잉 트라이셉스 익스텐션,MOVEMENT_FAMILY,ELBOW_EXTENSION_TRICEPS_ISOLATION_VARIANTS,ex_d20b7487,REVIEW_RECOMMENDED,FINAL_CLOSEOUT_SPLIT_FROM_ex_d20b7487
MOVEMENT_01866,ez_bar_lying_triceps_extension,EZ바 라잉 트라이셉스 익스텐션,MOVEMENT_SUBTYPE,LYING_TRICEPS_EXTENSION,ex_d20b7487,REVIEW_RECOMMENDED,FINAL_CLOSEOUT_SPLIT_FROM_ex_d20b7487
MOVEMENT_01867,ez_bar_preacher_curl,EZ바 프리처 컬,JOINT_ACTION,ELBOW_EXTENSION,ex_e994008a,REVIEW_RECOMMENDED,FINAL_CLOSEOUT_SPLIT_FROM_ex_e994008a
MOVEMENT_01868,ez_bar_preacher_curl,EZ바 프리처 컬,JOINT_ACTION,ELBOW_FLEXION,ex_e994008a,REVIEW_RECOMMENDED,FINAL_CLOSEOUT_SPLIT_FROM_ex_e994008a
MOVEMENT_01869,ez_bar_preacher_curl,EZ바 프리처 컬,KINETIC_CHAIN,OPEN_CHAIN,ex_e994008a,REVIEW_RECOMMENDED,FINAL_CLOSEOUT_SPLIT_FROM_ex_e994008a
MOVEMENT_01870,ez_bar_preacher_curl,EZ바 프리처 컬,STABILITY_DEMAND,LOW,ex_e994008a,REVIEW_RECOMMENDED,FINAL_CLOSEOUT_SPLIT_FROM_ex_e994008a
MOVEMENT_01871,ez_bar_preacher_curl,EZ바 프리처 컬,MOBILITY_DEMAND,LOW,ex_e994008a,REVIEW_RECOMMENDED,FINAL_CLOSEOUT_SPLIT_FROM_ex_e994008a
MOVEMENT_01872,ez_bar_preacher_curl,EZ바 프리처 컬,MOVEMENT_FAMILY,ELBOW_FLEXION_BICEPS_CURL_VARIANTS,ex_e994008a,REVIEW_RECOMMENDED,FINAL_CLOSEOUT_SPLIT_FROM_ex_e994008a
MOVEMENT_01873,ez_bar_preacher_curl,EZ바 프리처 컬,MOVEMENT_SUBTYPE,PREACHER_CURL,ex_e994008a,REVIEW_RECOMMENDED,FINAL_CLOSEOUT_SPLIT_FROM_ex_e994008a
MOVEMENT_01874,ez_bar_reverse_curl,EZ바 리버스 컬,JOINT_ACTION,ELBOW_EXTENSION,ex_dd2f732e,REVIEW_RECOMMENDED,FINAL_CLOSEOUT_SPLIT_FROM_ex_dd2f732e
MOVEMENT_01875,ez_bar_reverse_curl,EZ바 리버스 컬,JOINT_ACTION,ELBOW_FLEXION,ex_dd2f732e,REVIEW_RECOMMENDED,FINAL_CLOSEOUT_SPLIT_FROM_ex_dd2f732e
MOVEMENT_01876,ez_bar_reverse_curl,EZ바 리버스 컬,KINETIC_CHAIN,OPEN_CHAIN,ex_dd2f732e,REVIEW_RECOMMENDED,FINAL_CLOSEOUT_SPLIT_FROM_ex_dd2f732e
MOVEMENT_01877,ez_bar_reverse_curl,EZ바 리버스 컬,STABILITY_DEMAND,LOW,ex_dd2f732e,REVIEW_RECOMMENDED,FINAL_CLOSEOUT_SPLIT_FROM_ex_dd2f732e
MOVEMENT_01878,ez_bar_reverse_curl,EZ바 리버스 컬,MOBILITY_DEMAND,LOW,ex_dd2f732e,REVIEW_RECOMMENDED,FINAL_CLOSEOUT_SPLIT_FROM_ex_dd2f732e
MOVEMENT_01879,ez_bar_reverse_curl,EZ바 리버스 컬,MOVEMENT_FAMILY,ELBOW_FLEXION_BRACHIALIS_BRACHIORADIALIS_VARIANTS,ex_dd2f732e,REVIEW_RECOMMENDED,FINAL_CLOSEOUT_SPLIT_FROM_ex_dd2f732e
MOVEMENT_01880,ez_bar_reverse_curl,EZ바 리버스 컬,MOVEMENT_SUBTYPE,REVERSE_CURL,ex_dd2f732e,REVIEW_RECOMMENDED,FINAL_CLOSEOUT_SPLIT_FROM_ex_dd2f732e
MOVEMENT_01881,ez_bar_spider_curl,EZ바 스파이더 컬,JOINT_ACTION,ELBOW_EXTENSION,ex_516f4456,REVIEW_REQUIRED,FINAL_CLOSEOUT_SPLIT_FROM_ex_516f4456
MOVEMENT_01882,ez_bar_spider_curl,EZ바 스파이더 컬,JOINT_ACTION,ELBOW_FLEXION,ex_516f4456,REVIEW_REQUIRED,FINAL_CLOSEOUT_SPLIT_FROM_ex_516f4456
MOVEMENT_01883,ez_bar_spider_curl,EZ바 스파이더 컬,KINETIC_CHAIN,OPEN_CHAIN,ex_516f4456,REVIEW_REQUIRED,FINAL_CLOSEOUT_SPLIT_FROM_ex_516f4456
MOVEMENT_01884,ez_bar_spider_curl,EZ바 스파이더 컬,STABILITY_DEMAND,LOW,ex_516f4456,REVIEW_REQUIRED,FINAL_CLOSEOUT_SPLIT_FROM_ex_516f4456
MOVEMENT_01885,ez_bar_spider_curl,EZ바 스파이더 컬,MOBILITY_DEMAND,LOW,ex_516f4456,REVIEW_REQUIRED,FINAL_CLOSEOUT_SPLIT_FROM_ex_516f4456
MOVEMENT_01886,ez_bar_spider_curl,EZ바 스파이더 컬,MOVEMENT_FAMILY,ELBOW_FLEXION_BICEPS_CURL_VARIANTS,ex_516f4456,REVIEW_REQUIRED,FINAL_CLOSEOUT_SPLIT_FROM_ex_516f4456
MOVEMENT_01887,ez_bar_spider_curl,EZ바 스파이더 컬,MOVEMENT_SUBTYPE,SPIDER_CURL,ex_516f4456,REVIEW_REQUIRED,FINAL_CLOSEOUT_SPLIT_FROM_ex_516f4456
MOVEMENT_01888,face_pull,페이스풀,JOINT_ACTION,ELBOW_EXTENSION,face_pull,DRAFT_READY,FINAL_CLOSEOUT_2026-08-04
MOVEMENT_01889,face_pull,페이스풀,JOINT_ACTION,ELBOW_FLEXION,face_pull,DRAFT_READY,FINAL_CLOSEOUT_2026-08-04
MOVEMENT_01890,face_pull,페이스풀,JOINT_ACTION,SCAPULAR_PROTRACTION,face_pull,DRAFT_READY,FINAL_CLOSEOUT_2026-08-04
MOVEMENT_01891,face_pull,페이스풀,JOINT_ACTION,SCAPULAR_RETRACTION,face_pull,DRAFT_READY,FINAL_CLOSEOUT_2026-08-04
MOVEMENT_01892,face_pull,페이스풀,JOINT_ACTION,SHOULDER_EXTERNAL_ROTATION,face_pull,DRAFT_READY,FINAL_CLOSEOUT_2026-08-04
MOVEMENT_01893,face_pull,페이스풀,JOINT_ACTION,SHOULDER_HORIZONTAL_ABDUCTION,face_pull,DRAFT_READY,FINAL_CLOSEOUT_2026-08-04
MOVEMENT_01894,face_pull,페이스풀,JOINT_ACTION,SHOULDER_HORIZONTAL_ADDUCTION,face_pull,DRAFT_READY,FINAL_CLOSEOUT_2026-08-04
MOVEMENT_01895,face_pull,페이스풀,JOINT_ACTION,SHOULDER_INTERNAL_ROTATION,face_pull,DRAFT_READY,FINAL_CLOSEOUT_2026-08-04
MOVEMENT_01896,face_pull,페이스풀,KINETIC_CHAIN,OPEN_CHAIN,face_pull,DRAFT_READY,FINAL_CLOSEOUT_2026-08-04
MOVEMENT_01897,face_pull,페이스풀,STABILITY_DEMAND,MODERATE,face_pull,DRAFT_READY,FINAL_CLOSEOUT_2026-08-04
MOVEMENT_01898,face_pull,페이스풀,MOBILITY_DEMAND,LOW,face_pull,DRAFT_READY,FINAL_CLOSEOUT_2026-08-04
MOVEMENT_01899,face_pull,페이스풀,MOVEMENT_FAMILY,SCAPULAR_RETRACTION_EXTERNAL_ROTATION_CONTROL_VARIANTS,face_pull,DRAFT_READY,FINAL_CLOSEOUT_2026-08-04
MOVEMENT_01900,face_pull,페이스풀,MOVEMENT_SUBTYPE,FACE_PULL,face_pull,DRAFT_READY,FINAL_CLOSEOUT_2026-08-04
MOVEMENT_01901,gymnastic_ring_inverted_row,짐내스틱 링 인버티드 로우,MOVEMENT_PATTERN,HORIZONTAL_PULL,ex_e159d15a,DRAFT_READY,FINAL_CLOSEOUT_SPLIT_FROM_ex_e159d15a
MOVEMENT_01902,gymnastic_ring_inverted_row,짐내스틱 링 인버티드 로우,JOINT_ACTION,ELBOW_EXTENSION,ex_e159d15a,DRAFT_READY,FINAL_CLOSEOUT_SPLIT_FROM_ex_e159d15a
MOVEMENT_01903,gymnastic_ring_inverted_row,짐내스틱 링 인버티드 로우,JOINT_ACTION,ELBOW_FLEXION,ex_e159d15a,DRAFT_READY,FINAL_CLOSEOUT_SPLIT_FROM_ex_e159d15a
MOVEMENT_01904,gymnastic_ring_inverted_row,짐내스틱 링 인버티드 로우,JOINT_ACTION,SCAPULAR_PROTRACTION,ex_e159d15a,DRAFT_READY,FINAL_CLOSEOUT_SPLIT_FROM_ex_e159d15a
MOVEMENT_01905,gymnastic_ring_inverted_row,짐내스틱 링 인버티드 로우,JOINT_ACTION,SCAPULAR_RETRACTION,ex_e159d15a,DRAFT_READY,FINAL_CLOSEOUT_SPLIT_FROM_ex_e159d15a
MOVEMENT_01906,gymnastic_ring_inverted_row,짐내스틱 링 인버티드 로우,JOINT_ACTION,SHOULDER_EXTENSION,ex_e159d15a,DRAFT_READY,FINAL_CLOSEOUT_SPLIT_FROM_ex_e159d15a
MOVEMENT_01907,gymnastic_ring_inverted_row,짐내스틱 링 인버티드 로우,JOINT_ACTION,SHOULDER_FLEXION,ex_e159d15a,DRAFT_READY,FINAL_CLOSEOUT_SPLIT_FROM_ex_e159d15a
MOVEMENT_01908,gymnastic_ring_inverted_row,짐내스틱 링 인버티드 로우,KINETIC_CHAIN,CLOSED_CHAIN,ex_e159d15a,DRAFT_READY,FINAL_CLOSEOUT_SPLIT_FROM_ex_e159d15a
MOVEMENT_01909,gymnastic_ring_inverted_row,짐내스틱 링 인버티드 로우,STABILITY_DEMAND,HIGH,ex_e159d15a,DRAFT_READY,FINAL_CLOSEOUT_SPLIT_FROM_ex_e159d15a
MOVEMENT_01910,gymnastic_ring_inverted_row,짐내스틱 링 인버티드 로우,MOBILITY_DEMAND,MODERATE,ex_e159d15a,DRAFT_READY,FINAL_CLOSEOUT_SPLIT_FROM_ex_e159d15a
MOVEMENT_01911,gymnastic_ring_inverted_row,짐내스틱 링 인버티드 로우,MOVEMENT_FAMILY,ROW_VARIANTS,ex_e159d15a,DRAFT_READY,FINAL_CLOSEOUT_SPLIT_FROM_ex_e159d15a
MOVEMENT_01912,gymnastic_ring_inverted_row,짐내스틱 링 인버티드 로우,MOVEMENT_SUBTYPE,INVERTED_ROW,ex_e159d15a,DRAFT_READY,FINAL_CLOSEOUT_SPLIT_FROM_ex_e159d15a
MOVEMENT_01913,half_kneeling_single_arm_dumbbell_press,하프 닐링 원암 덤벨 프레스,MOVEMENT_PATTERN,VERTICAL_PUSH,half_kneeling_single_arm_dumbbell_press,REVIEW_RECOMMENDED,FINAL_CLOSEOUT_2026-08-04
MOVEMENT_01914,half_kneeling_single_arm_dumbbell_press,하프 닐링 원암 덤벨 프레스,JOINT_ACTION,ELBOW_EXTENSION,half_kneeling_single_arm_dumbbell_press,REVIEW_RECOMMENDED,FINAL_CLOSEOUT_2026-08-04
MOVEMENT_01915,half_kneeling_single_arm_dumbbell_press,하프 닐링 원암 덤벨 프레스,JOINT_ACTION,ELBOW_FLEXION,half_kneeling_single_arm_dumbbell_press,REVIEW_RECOMMENDED,FINAL_CLOSEOUT_2026-08-04
MOVEMENT_01916,half_kneeling_single_arm_dumbbell_press,하프 닐링 원암 덤벨 프레스,JOINT_ACTION,SCAPULAR_DOWNWARD_ROTATION,half_kneeling_single_arm_dumbbell_press,REVIEW_RECOMMENDED,FINAL_CLOSEOUT_2026-08-04
MOVEMENT_01917,half_kneeling_single_arm_dumbbell_press,하프 닐링 원암 덤벨 프레스,JOINT_ACTION,SCAPULAR_UPWARD_ROTATION,half_kneeling_single_arm_dumbbell_press,REVIEW_RECOMMENDED,FINAL_CLOSEOUT_2026-08-04
MOVEMENT_01918,half_kneeling_single_arm_dumbbell_press,하프 닐링 원암 덤벨 프레스,JOINT_ACTION,SHOULDER_EXTENSION,half_kneeling_single_arm_dumbbell_press,REVIEW_RECOMMENDED,FINAL_CLOSEOUT_2026-08-04
MOVEMENT_01919,half_kneeling_single_arm_dumbbell_press,하프 닐링 원암 덤벨 프레스,JOINT_ACTION,SHOULDER_FLEXION,half_kneeling_single_arm_dumbbell_press,REVIEW_RECOMMENDED,FINAL_CLOSEOUT_2026-08-04
MOVEMENT_01920,half_kneeling_single_arm_dumbbell_press,하프 닐링 원암 덤벨 프레스,KINETIC_CHAIN,OPEN_CHAIN,half_kneeling_single_arm_dumbbell_press,REVIEW_RECOMMENDED,FINAL_CLOSEOUT_2026-08-04
MOVEMENT_01921,half_kneeling_single_arm_dumbbell_press,하프 닐링 원암 덤벨 프레스,STABILITY_DEMAND,HIGH,half_kneeling_single_arm_dumbbell_press,REVIEW_RECOMMENDED,FINAL_CLOSEOUT_2026-08-04
MOVEMENT_01922,half_kneeling_single_arm_dumbbell_press,하프 닐링 원암 덤벨 프레스,MOBILITY_DEMAND,HIGH,half_kneeling_single_arm_dumbbell_press,REVIEW_RECOMMENDED,FINAL_CLOSEOUT_2026-08-04
MOVEMENT_01923,half_kneeling_single_arm_dumbbell_press,하프 닐링 원암 덤벨 프레스,MOVEMENT_FAMILY,HALF_KNEELING_UNILATERAL_SHOULDER_PRESS_VARIANTS,half_kneeling_single_arm_dumbbell_press,REVIEW_RECOMMENDED,FINAL_CLOSEOUT_2026-08-04
MOVEMENT_01924,half_kneeling_single_arm_dumbbell_press,하프 닐링 원암 덤벨 프레스,MOVEMENT_SUBTYPE,HALF_KNEELING_SINGLE_ARM_DUMBBELL_PRESS,half_kneeling_single_arm_dumbbell_press,REVIEW_RECOMMENDED,FINAL_CLOSEOUT_2026-08-04
MOVEMENT_01925,half_kneeling_single_arm_kettlebell_press,하프 닐링 원암 케틀벨 프레스,MOVEMENT_PATTERN,VERTICAL_PUSH,half_kneeling_single_arm_kettlebell_press,DRAFT_READY,FINAL_CLOSEOUT_2026-08-04
MOVEMENT_01926,half_kneeling_single_arm_kettlebell_press,하프 닐링 원암 케틀벨 프레스,JOINT_ACTION,ELBOW_EXTENSION,half_kneeling_single_arm_kettlebell_press,DRAFT_READY,FINAL_CLOSEOUT_2026-08-04
MOVEMENT_01927,half_kneeling_single_arm_kettlebell_press,하프 닐링 원암 케틀벨 프레스,JOINT_ACTION,ELBOW_FLEXION,half_kneeling_single_arm_kettlebell_press,DRAFT_READY,FINAL_CLOSEOUT_2026-08-04
MOVEMENT_01928,half_kneeling_single_arm_kettlebell_press,하프 닐링 원암 케틀벨 프레스,JOINT_ACTION,SCAPULAR_DOWNWARD_ROTATION,half_kneeling_single_arm_kettlebell_press,DRAFT_READY,FINAL_CLOSEOUT_2026-08-04
MOVEMENT_01929,half_kneeling_single_arm_kettlebell_press,하프 닐링 원암 케틀벨 프레스,JOINT_ACTION,SCAPULAR_UPWARD_ROTATION,half_kneeling_single_arm_kettlebell_press,DRAFT_READY,FINAL_CLOSEOUT_2026-08-04
MOVEMENT_01930,half_kneeling_single_arm_kettlebell_press,하프 닐링 원암 케틀벨 프레스,JOINT_ACTION,SHOULDER_EXTENSION,half_kneeling_single_arm_kettlebell_press,DRAFT_READY,FINAL_CLOSEOUT_2026-08-04
MOVEMENT_01931,half_kneeling_single_arm_kettlebell_press,하프 닐링 원암 케틀벨 프레스,JOINT_ACTION,SHOULDER_FLEXION,half_kneeling_single_arm_kettlebell_press,DRAFT_READY,FINAL_CLOSEOUT_2026-08-04
MOVEMENT_01932,half_kneeling_single_arm_kettlebell_press,하프 닐링 원암 케틀벨 프레스,KINETIC_CHAIN,OPEN_CHAIN,half_kneeling_single_arm_kettlebell_press,DRAFT_READY,FINAL_CLOSEOUT_2026-08-04
MOVEMENT_01933,half_kneeling_single_arm_kettlebell_press,하프 닐링 원암 케틀벨 프레스,STABILITY_DEMAND,HIGH,half_kneeling_single_arm_kettlebell_press,DRAFT_READY,FINAL_CLOSEOUT_2026-08-04
MOVEMENT_01934,half_kneeling_single_arm_kettlebell_press,하프 닐링 원암 케틀벨 프레스,MOBILITY_DEMAND,HIGH,half_kneeling_single_arm_kettlebell_press,DRAFT_READY,FINAL_CLOSEOUT_2026-08-04
MOVEMENT_01935,half_kneeling_single_arm_kettlebell_press,하프 닐링 원암 케틀벨 프레스,MOVEMENT_FAMILY,HALF_KNEELING_UNILATERAL_SHOULDER_PRESS_VARIANTS,half_kneeling_single_arm_kettlebell_press,DRAFT_READY,FINAL_CLOSEOUT_2026-08-04
MOVEMENT_01936,half_kneeling_single_arm_kettlebell_press,하프 닐링 원암 케틀벨 프레스,MOVEMENT_SUBTYPE,HALF_KNEELING_SINGLE_ARM_KETTLEBELL_PRESS,half_kneeling_single_arm_kettlebell_press,DRAFT_READY,FINAL_CLOSEOUT_2026-08-04
MOVEMENT_01937,hip_adduction_machine,힙 어덕션 머신,JOINT_ACTION,HIP_ABDUCTION,ex_eaea872c,REVIEW_REQUIRED,FINAL_CLOSEOUT_SPLIT_FROM_ex_eaea872c
MOVEMENT_01938,hip_adduction_machine,힙 어덕션 머신,JOINT_ACTION,HIP_ADDUCTION,ex_eaea872c,REVIEW_REQUIRED,FINAL_CLOSEOUT_SPLIT_FROM_ex_eaea872c
MOVEMENT_01939,hip_adduction_machine,힙 어덕션 머신,KINETIC_CHAIN,OPEN_CHAIN,ex_eaea872c,REVIEW_REQUIRED,FINAL_CLOSEOUT_SPLIT_FROM_ex_eaea872c
MOVEMENT_01940,hip_adduction_machine,힙 어덕션 머신,STABILITY_DEMAND,LOW,ex_eaea872c,REVIEW_REQUIRED,FINAL_CLOSEOUT_SPLIT_FROM_ex_eaea872c
MOVEMENT_01941,hip_adduction_machine,힙 어덕션 머신,MOBILITY_DEMAND,MODERATE,ex_eaea872c,REVIEW_REQUIRED,FINAL_CLOSEOUT_SPLIT_FROM_ex_eaea872c
MOVEMENT_01942,hip_adduction_machine,힙 어덕션 머신,MOVEMENT_FAMILY,HIP_ADDUCTION_ACCESSORY,ex_eaea872c,REVIEW_REQUIRED,FINAL_CLOSEOUT_SPLIT_FROM_ex_eaea872c
MOVEMENT_01943,hip_adduction_machine,힙 어덕션 머신,MOVEMENT_SUBTYPE,HIP_ADDUCTION_MACHINE_OR_CABLE,ex_eaea872c,REVIEW_REQUIRED,FINAL_CLOSEOUT_SPLIT_FROM_ex_eaea872c
MOVEMENT_01944,kettlebell_farmer_carry,케틀벨 파머스 캐리,MOVEMENT_PATTERN,CARRY,ex_a1fc4533,REVIEW_RECOMMENDED,FINAL_CLOSEOUT_SPLIT_FROM_ex_a1fc4533
MOVEMENT_01945,kettlebell_farmer_carry,케틀벨 파머스 캐리,MOVEMENT_PATTERN,GAIT,ex_a1fc4533,REVIEW_RECOMMENDED,FINAL_CLOSEOUT_SPLIT_FROM_ex_a1fc4533
MOVEMENT_01946,kettlebell_farmer_carry,케틀벨 파머스 캐리,JOINT_ACTION,ANKLE_DORSIFLEXION,ex_a1fc4533,REVIEW_RECOMMENDED,FINAL_CLOSEOUT_SPLIT_FROM_ex_a1fc4533
MOVEMENT_01947,kettlebell_farmer_carry,케틀벨 파머스 캐리,JOINT_ACTION,ANKLE_PLANTARFLEXION,ex_a1fc4533,REVIEW_RECOMMENDED,FINAL_CLOSEOUT_SPLIT_FROM_ex_a1fc4533
MOVEMENT_01948,kettlebell_farmer_carry,케틀벨 파머스 캐리,JOINT_ACTION,HIP_EXTENSION,ex_a1fc4533,REVIEW_RECOMMENDED,FINAL_CLOSEOUT_SPLIT_FROM_ex_a1fc4533
MOVEMENT_01949,kettlebell_farmer_carry,케틀벨 파머스 캐리,JOINT_ACTION,HIP_FLEXION,ex_a1fc4533,REVIEW_RECOMMENDED,FINAL_CLOSEOUT_SPLIT_FROM_ex_a1fc4533
MOVEMENT_01950,kettlebell_farmer_carry,케틀벨 파머스 캐리,JOINT_ACTION,KNEE_EXTENSION,ex_a1fc4533,REVIEW_RECOMMENDED,FINAL_CLOSEOUT_SPLIT_FROM_ex_a1fc4533
MOVEMENT_01951,kettlebell_farmer_carry,케틀벨 파머스 캐리,JOINT_ACTION,KNEE_FLEXION,ex_a1fc4533,REVIEW_RECOMMENDED,FINAL_CLOSEOUT_SPLIT_FROM_ex_a1fc4533
MOVEMENT_01952,kettlebell_farmer_carry,케틀벨 파머스 캐리,STABILITY_DEMAND,HIGH,ex_a1fc4533,REVIEW_RECOMMENDED,FINAL_CLOSEOUT_SPLIT_FROM_ex_a1fc4533
MOVEMENT_01953,kettlebell_farmer_carry,케틀벨 파머스 캐리,MOBILITY_DEMAND,LOW,ex_a1fc4533,REVIEW_RECOMMENDED,FINAL_CLOSEOUT_SPLIT_FROM_ex_a1fc4533
MOVEMENT_01954,kettlebell_farmer_carry,케틀벨 파머스 캐리,MOVEMENT_FAMILY,LOADED_CARRY_VARIANTS,ex_a1fc4533,REVIEW_RECOMMENDED,FINAL_CLOSEOUT_SPLIT_FROM_ex_a1fc4533
MOVEMENT_01955,kettlebell_farmer_carry,케틀벨 파머스 캐리,MOVEMENT_SUBTYPE,FARMERS_CARRY,ex_a1fc4533,REVIEW_RECOMMENDED,FINAL_CLOSEOUT_SPLIT_FROM_ex_a1fc4533
MOVEMENT_01956,kettlebell_goblet_squat,케틀벨 고블릿 스쿼트,MOVEMENT_PATTERN,SQUAT,ex_ac7df636,REVIEW_RECOMMENDED,FINAL_CLOSEOUT_SPLIT_FROM_ex_ac7df636
MOVEMENT_01957,kettlebell_goblet_squat,케틀벨 고블릿 스쿼트,JOINT_ACTION,ANKLE_DORSIFLEXION,ex_ac7df636,REVIEW_RECOMMENDED,FINAL_CLOSEOUT_SPLIT_FROM_ex_ac7df636
MOVEMENT_01958,kettlebell_goblet_squat,케틀벨 고블릿 스쿼트,JOINT_ACTION,ANKLE_PLANTARFLEXION,ex_ac7df636,REVIEW_RECOMMENDED,FINAL_CLOSEOUT_SPLIT_FROM_ex_ac7df636
MOVEMENT_01959,kettlebell_goblet_squat,케틀벨 고블릿 스쿼트,JOINT_ACTION,HIP_EXTENSION,ex_ac7df636,REVIEW_RECOMMENDED,FINAL_CLOSEOUT_SPLIT_FROM_ex_ac7df636
MOVEMENT_01960,kettlebell_goblet_squat,케틀벨 고블릿 스쿼트,JOINT_ACTION,HIP_FLEXION,ex_ac7df636,REVIEW_RECOMMENDED,FINAL_CLOSEOUT_SPLIT_FROM_ex_ac7df636
MOVEMENT_01961,kettlebell_goblet_squat,케틀벨 고블릿 스쿼트,JOINT_ACTION,KNEE_EXTENSION,ex_ac7df636,REVIEW_RECOMMENDED,FINAL_CLOSEOUT_SPLIT_FROM_ex_ac7df636
MOVEMENT_01962,kettlebell_goblet_squat,케틀벨 고블릿 스쿼트,JOINT_ACTION,KNEE_FLEXION,ex_ac7df636,REVIEW_RECOMMENDED,FINAL_CLOSEOUT_SPLIT_FROM_ex_ac7df636
MOVEMENT_01963,kettlebell_goblet_squat,케틀벨 고블릿 스쿼트,KINETIC_CHAIN,CLOSED_CHAIN,ex_ac7df636,REVIEW_RECOMMENDED,FINAL_CLOSEOUT_SPLIT_FROM_ex_ac7df636
MOVEMENT_01964,kettlebell_goblet_squat,케틀벨 고블릿 스쿼트,STABILITY_DEMAND,MODERATE,ex_ac7df636,REVIEW_RECOMMENDED,FINAL_CLOSEOUT_SPLIT_FROM_ex_ac7df636
MOVEMENT_01965,kettlebell_goblet_squat,케틀벨 고블릿 스쿼트,MOBILITY_DEMAND,MODERATE,ex_ac7df636,REVIEW_RECOMMENDED,FINAL_CLOSEOUT_SPLIT_FROM_ex_ac7df636
MOVEMENT_01966,kettlebell_goblet_squat,케틀벨 고블릿 스쿼트,MOVEMENT_FAMILY,SQUAT_VARIANTS,ex_ac7df636,REVIEW_RECOMMENDED,FINAL_CLOSEOUT_SPLIT_FROM_ex_ac7df636
MOVEMENT_01967,kettlebell_goblet_squat,케틀벨 고블릿 스쿼트,MOVEMENT_SUBTYPE,GOBLET_SQUAT,ex_ac7df636,REVIEW_RECOMMENDED,FINAL_CLOSEOUT_SPLIT_FROM_ex_ac7df636
MOVEMENT_01968,kettlebell_halo,케틀벨 헤일로,JOINT_ACTION,SCAPULAR_DOWNWARD_ROTATION,kettlebell_halo,DRAFT_READY,FINAL_CLOSEOUT_2026-08-04
MOVEMENT_01969,kettlebell_halo,케틀벨 헤일로,JOINT_ACTION,SCAPULAR_UPWARD_ROTATION,kettlebell_halo,DRAFT_READY,FINAL_CLOSEOUT_2026-08-04
MOVEMENT_01970,kettlebell_halo,케틀벨 헤일로,JOINT_ACTION,SHOULDER_ABDUCTION,kettlebell_halo,DRAFT_READY,FINAL_CLOSEOUT_2026-08-04
MOVEMENT_01971,kettlebell_halo,케틀벨 헤일로,JOINT_ACTION,SHOULDER_ADDUCTION,kettlebell_halo,DRAFT_READY,FINAL_CLOSEOUT_2026-08-04
MOVEMENT_01972,kettlebell_halo,케틀벨 헤일로,JOINT_ACTION,SHOULDER_EXTENSION,kettlebell_halo,DRAFT_READY,FINAL_CLOSEOUT_2026-08-04
MOVEMENT_01973,kettlebell_halo,케틀벨 헤일로,JOINT_ACTION,SHOULDER_EXTERNAL_ROTATION,kettlebell_halo,DRAFT_READY,FINAL_CLOSEOUT_2026-08-04
MOVEMENT_01974,kettlebell_halo,케틀벨 헤일로,JOINT_ACTION,SHOULDER_FLEXION,kettlebell_halo,DRAFT_READY,FINAL_CLOSEOUT_2026-08-04
MOVEMENT_01975,kettlebell_halo,케틀벨 헤일로,JOINT_ACTION,SHOULDER_INTERNAL_ROTATION,kettlebell_halo,DRAFT_READY,FINAL_CLOSEOUT_2026-08-04
MOVEMENT_01976,kettlebell_halo,케틀벨 헤일로,KINETIC_CHAIN,OPEN_CHAIN,kettlebell_halo,DRAFT_READY,FINAL_CLOSEOUT_2026-08-04
MOVEMENT_01977,kettlebell_halo,케틀벨 헤일로,STABILITY_DEMAND,LOW,kettlebell_halo,DRAFT_READY,FINAL_CLOSEOUT_2026-08-04
MOVEMENT_01978,kettlebell_halo,케틀벨 헤일로,MOBILITY_DEMAND,HIGH,kettlebell_halo,DRAFT_READY,FINAL_CLOSEOUT_2026-08-04
MOVEMENT_01979,kettlebell_halo,케틀벨 헤일로,MOVEMENT_FAMILY,SCAPULAR_SHOULDER_SUPPORT,kettlebell_halo,DRAFT_READY,FINAL_CLOSEOUT_2026-08-04
MOVEMENT_01980,kettlebell_halo,케틀벨 헤일로,MOVEMENT_SUBTYPE,KETTLEBELL_HALO,kettlebell_halo,DRAFT_READY,FINAL_CLOSEOUT_2026-08-04
MOVEMENT_01981,kettlebell_single_leg_rdl,케틀벨 원레그 루마니안 데드리프트,MOVEMENT_PATTERN,HINGE,single_leg_rdl,REVIEW_RECOMMENDED,FINAL_CLOSEOUT_SPLIT_FROM_single_leg_rdl
MOVEMENT_01982,kettlebell_single_leg_rdl,케틀벨 원레그 루마니안 데드리프트,JOINT_ACTION,HIP_EXTENSION,single_leg_rdl,REVIEW_RECOMMENDED,FINAL_CLOSEOUT_SPLIT_FROM_single_leg_rdl
MOVEMENT_01983,kettlebell_single_leg_rdl,케틀벨 원레그 루마니안 데드리프트,JOINT_ACTION,HIP_FLEXION,single_leg_rdl,REVIEW_RECOMMENDED,FINAL_CLOSEOUT_SPLIT_FROM_single_leg_rdl
MOVEMENT_01984,kettlebell_single_leg_rdl,케틀벨 원레그 루마니안 데드리프트,KINETIC_CHAIN,CLOSED_CHAIN,single_leg_rdl,REVIEW_RECOMMENDED,FINAL_CLOSEOUT_SPLIT_FROM_single_leg_rdl
MOVEMENT_01985,kettlebell_single_leg_rdl,케틀벨 원레그 루마니안 데드리프트,STABILITY_DEMAND,HIGH,single_leg_rdl,REVIEW_RECOMMENDED,FINAL_CLOSEOUT_SPLIT_FROM_single_leg_rdl
MOVEMENT_01986,kettlebell_single_leg_rdl,케틀벨 원레그 루마니안 데드리프트,MOBILITY_DEMAND,MODERATE,single_leg_rdl,REVIEW_RECOMMENDED,FINAL_CLOSEOUT_SPLIT_FROM_single_leg_rdl
MOVEMENT_01987,kettlebell_single_leg_rdl,케틀벨 원레그 루마니안 데드리프트,MOVEMENT_FAMILY,DEADLIFT_HINGE_VARIANTS,single_leg_rdl,REVIEW_RECOMMENDED,FINAL_CLOSEOUT_SPLIT_FROM_single_leg_rdl
MOVEMENT_01988,kettlebell_single_leg_rdl,케틀벨 원레그 루마니안 데드리프트,MOVEMENT_SUBTYPE,SINGLE_LEG_RDL,single_leg_rdl,REVIEW_RECOMMENDED,FINAL_CLOSEOUT_SPLIT_FROM_single_leg_rdl
MOVEMENT_01989,landmine_anti_rotation,랜드마인 안티로테이션,MOVEMENT_PATTERN,TRUNK_BRACE,landmine_anti_rotation,DRAFT_READY,FINAL_CLOSEOUT_2026-08-04
MOVEMENT_01990,landmine_anti_rotation,랜드마인 안티로테이션,STABILITY_DEMAND,HIGH,landmine_anti_rotation,DRAFT_READY,FINAL_CLOSEOUT_2026-08-04
MOVEMENT_01991,landmine_anti_rotation,랜드마인 안티로테이션,MOBILITY_DEMAND,MODERATE,landmine_anti_rotation,DRAFT_READY,FINAL_CLOSEOUT_2026-08-04
MOVEMENT_01992,landmine_anti_rotation,랜드마인 안티로테이션,MOVEMENT_FAMILY,TRUNK_ANTI_ROTATION_STABILITY,landmine_anti_rotation,DRAFT_READY,FINAL_CLOSEOUT_2026-08-04
MOVEMENT_01993,landmine_anti_rotation,랜드마인 안티로테이션,MOVEMENT_SUBTYPE,LANDMINE_ANTI_ROTATION,landmine_anti_rotation,DRAFT_READY,FINAL_CLOSEOUT_2026-08-04
MOVEMENT_01994,landmine_rotation,랜드마인 좌우 회전,MOVEMENT_PATTERN,TRUNK_ROTATION,landmine_rotation,REVIEW_RECOMMENDED,FINAL_CLOSEOUT_2026-08-04
MOVEMENT_01995,landmine_rotation,랜드마인 좌우 회전,JOINT_ACTION,HIP_EXTERNAL_ROTATION,landmine_rotation,REVIEW_RECOMMENDED,FINAL_CLOSEOUT_2026-08-04
MOVEMENT_01996,landmine_rotation,랜드마인 좌우 회전,JOINT_ACTION,HIP_INTERNAL_ROTATION,landmine_rotation,REVIEW_RECOMMENDED,FINAL_CLOSEOUT_2026-08-04
MOVEMENT_01997,landmine_rotation,랜드마인 좌우 회전,JOINT_ACTION,THORACIC_ROTATION,landmine_rotation,REVIEW_RECOMMENDED,FINAL_CLOSEOUT_2026-08-04
MOVEMENT_01998,landmine_rotation,랜드마인 좌우 회전,STABILITY_DEMAND,MODERATE,landmine_rotation,REVIEW_RECOMMENDED,FINAL_CLOSEOUT_2026-08-04
MOVEMENT_01999,landmine_rotation,랜드마인 좌우 회전,MOBILITY_DEMAND,MODERATE,landmine_rotation,REVIEW_RECOMMENDED,FINAL_CLOSEOUT_2026-08-04
MOVEMENT_02000,landmine_rotation,랜드마인 좌우 회전,MOVEMENT_FAMILY,ROTATIONAL_KINETIC_CHAIN,landmine_rotation,REVIEW_RECOMMENDED,FINAL_CLOSEOUT_2026-08-04
MOVEMENT_02001,landmine_rotation,랜드마인 좌우 회전,MOVEMENT_SUBTYPE,LANDMINE_ROTATION,landmine_rotation,REVIEW_RECOMMENDED,FINAL_CLOSEOUT_2026-08-04
MOVEMENT_02002,lateral_bound_continuous,래터럴 바운드,MOVEMENT_PATTERN,BOUND,lateral_bound_continuous,REVIEW_REQUIRED,FINAL_CLOSEOUT_2026-08-04
MOVEMENT_02003,lateral_bound_continuous,래터럴 바운드,MOVEMENT_EVENT,LANDING,lateral_bound_continuous,REVIEW_REQUIRED,FINAL_CLOSEOUT_2026-08-04
MOVEMENT_02004,lateral_bound_continuous,래터럴 바운드,MOVEMENT_EVENT,TAKEOFF,lateral_bound_continuous,REVIEW_REQUIRED,FINAL_CLOSEOUT_2026-08-04
MOVEMENT_02005,lateral_bound_continuous,래터럴 바운드,STABILITY_DEMAND,HIGH,lateral_bound_continuous,REVIEW_REQUIRED,FINAL_CLOSEOUT_2026-08-04
MOVEMENT_02006,lateral_bound_continuous,래터럴 바운드,MOBILITY_DEMAND,MODERATE,lateral_bound_continuous,REVIEW_REQUIRED,FINAL_CLOSEOUT_2026-08-04
MOVEMENT_02007,lateral_bound_continuous,래터럴 바운드,MOVEMENT_FAMILY,LATERAL_BOUND_CONTINUOUS_VARIANTS,lateral_bound_continuous,REVIEW_REQUIRED,FINAL_CLOSEOUT_2026-08-04
MOVEMENT_02008,lateral_bound_continuous,래터럴 바운드,MOVEMENT_SUBTYPE,LATERAL_BOUND_CONTINUOUS,lateral_bound_continuous,REVIEW_REQUIRED,FINAL_CLOSEOUT_2026-08-04
MOVEMENT_02009,med_ball_chest_pass,메디신볼 체스트 패스,MOVEMENT_PATTERN,HORIZONTAL_PUSH,med_ball_chest_pass,REVIEW_RECOMMENDED,FINAL_CLOSEOUT_2026-08-04
MOVEMENT_02010,med_ball_chest_pass,메디신볼 체스트 패스,MOVEMENT_PATTERN,THROW,med_ball_chest_pass,REVIEW_RECOMMENDED,FINAL_CLOSEOUT_2026-08-04
MOVEMENT_02011,med_ball_chest_pass,메디신볼 체스트 패스,JOINT_ACTION,ELBOW_EXTENSION,med_ball_chest_pass,REVIEW_RECOMMENDED,FINAL_CLOSEOUT_2026-08-04
MOVEMENT_02012,med_ball_chest_pass,메디신볼 체스트 패스,JOINT_ACTION,ELBOW_FLEXION,med_ball_chest_pass,REVIEW_RECOMMENDED,FINAL_CLOSEOUT_2026-08-04
MOVEMENT_02013,med_ball_chest_pass,메디신볼 체스트 패스,JOINT_ACTION,SHOULDER_HORIZONTAL_ABDUCTION,med_ball_chest_pass,REVIEW_RECOMMENDED,FINAL_CLOSEOUT_2026-08-04
MOVEMENT_02014,med_ball_chest_pass,메디신볼 체스트 패스,JOINT_ACTION,SHOULDER_HORIZONTAL_ADDUCTION,med_ball_chest_pass,REVIEW_RECOMMENDED,FINAL_CLOSEOUT_2026-08-04
MOVEMENT_02015,med_ball_chest_pass,메디신볼 체스트 패스,MOVEMENT_EVENT,RELEASE,med_ball_chest_pass,REVIEW_RECOMMENDED,FINAL_CLOSEOUT_2026-08-04
MOVEMENT_02016,med_ball_chest_pass,메디신볼 체스트 패스,STABILITY_DEMAND,MODERATE,med_ball_chest_pass,REVIEW_RECOMMENDED,FINAL_CLOSEOUT_2026-08-04
MOVEMENT_02017,med_ball_chest_pass,메디신볼 체스트 패스,MOBILITY_DEMAND,MODERATE,med_ball_chest_pass,REVIEW_RECOMMENDED,FINAL_CLOSEOUT_2026-08-04
MOVEMENT_02018,med_ball_chest_pass,메디신볼 체스트 패스,MOVEMENT_FAMILY,POWER_CORE_SHOULDER,med_ball_chest_pass,REVIEW_RECOMMENDED,FINAL_CLOSEOUT_2026-08-04
MOVEMENT_02019,med_ball_chest_pass,메디신볼 체스트 패스,MOVEMENT_SUBTYPE,MED_BALL_CHEST_PASS,med_ball_chest_pass,REVIEW_RECOMMENDED,FINAL_CLOSEOUT_2026-08-04
MOVEMENT_02020,med_ball_overhead_slam,메디신볼 위에서 아래로 슬램,MOVEMENT_PATTERN,THROW,med_ball_overhead_slam,REVIEW_RECOMMENDED,FINAL_CLOSEOUT_2026-08-04
MOVEMENT_02021,med_ball_overhead_slam,메디신볼 위에서 아래로 슬램,MOVEMENT_PATTERN,TRUNK_FLEXION,med_ball_overhead_slam,REVIEW_RECOMMENDED,FINAL_CLOSEOUT_2026-08-04
MOVEMENT_02022,med_ball_overhead_slam,메디신볼 위에서 아래로 슬램,JOINT_ACTION,ELBOW_EXTENSION,med_ball_overhead_slam,REVIEW_RECOMMENDED,FINAL_CLOSEOUT_2026-08-04
MOVEMENT_02023,med_ball_overhead_slam,메디신볼 위에서 아래로 슬램,JOINT_ACTION,ELBOW_FLEXION,med_ball_overhead_slam,REVIEW_RECOMMENDED,FINAL_CLOSEOUT_2026-08-04
MOVEMENT_02024,med_ball_overhead_slam,메디신볼 위에서 아래로 슬램,JOINT_ACTION,LUMBAR_EXTENSION,med_ball_overhead_slam,REVIEW_RECOMMENDED,FINAL_CLOSEOUT_2026-08-04
MOVEMENT_02025,med_ball_overhead_slam,메디신볼 위에서 아래로 슬램,JOINT_ACTION,LUMBAR_FLEXION,med_ball_overhead_slam,REVIEW_RECOMMENDED,FINAL_CLOSEOUT_2026-08-04
MOVEMENT_02026,med_ball_overhead_slam,메디신볼 위에서 아래로 슬램,JOINT_ACTION,SHOULDER_EXTENSION,med_ball_overhead_slam,REVIEW_RECOMMENDED,FINAL_CLOSEOUT_2026-08-04
MOVEMENT_02027,med_ball_overhead_slam,메디신볼 위에서 아래로 슬램,JOINT_ACTION,SHOULDER_FLEXION,med_ball_overhead_slam,REVIEW_RECOMMENDED,FINAL_CLOSEOUT_2026-08-04
MOVEMENT_02028,med_ball_overhead_slam,메디신볼 위에서 아래로 슬램,JOINT_ACTION,THORACIC_EXTENSION,med_ball_overhead_slam,REVIEW_RECOMMENDED,FINAL_CLOSEOUT_2026-08-04
MOVEMENT_02029,med_ball_overhead_slam,메디신볼 위에서 아래로 슬램,JOINT_ACTION,THORACIC_FLEXION,med_ball_overhead_slam,REVIEW_RECOMMENDED,FINAL_CLOSEOUT_2026-08-04
MOVEMENT_02030,med_ball_overhead_slam,메디신볼 위에서 아래로 슬램,MOVEMENT_EVENT,RELEASE,med_ball_overhead_slam,REVIEW_RECOMMENDED,FINAL_CLOSEOUT_2026-08-04
MOVEMENT_02031,med_ball_overhead_slam,메디신볼 위에서 아래로 슬램,STABILITY_DEMAND,MODERATE,med_ball_overhead_slam,REVIEW_RECOMMENDED,FINAL_CLOSEOUT_2026-08-04
MOVEMENT_02032,med_ball_overhead_slam,메디신볼 위에서 아래로 슬램,MOBILITY_DEMAND,HIGH,med_ball_overhead_slam,REVIEW_RECOMMENDED,FINAL_CLOSEOUT_2026-08-04
MOVEMENT_02033,med_ball_overhead_slam,메디신볼 위에서 아래로 슬램,MOVEMENT_FAMILY,POWER_CORE_SHOULDER,med_ball_overhead_slam,REVIEW_RECOMMENDED,FINAL_CLOSEOUT_2026-08-04
MOVEMENT_02034,med_ball_overhead_slam,메디신볼 위에서 아래로 슬램,MOVEMENT_SUBTYPE,MED_BALL_OVERHEAD_SLAM,med_ball_overhead_slam,REVIEW_RECOMMENDED,FINAL_CLOSEOUT_2026-08-04
MOVEMENT_02035,med_ball_rotational_scoop_toss,메디신볼 로테이셔널 스쿱 토스,MOVEMENT_PATTERN,TRUNK_ROTATION,med_ball_rotational_scoop_toss,REVIEW_RECOMMENDED,FINAL_CLOSEOUT_2026-08-04
MOVEMENT_02036,med_ball_rotational_scoop_toss,메디신볼 로테이셔널 스쿱 토스,MOVEMENT_PATTERN,THROW,med_ball_rotational_scoop_toss,REVIEW_RECOMMENDED,FINAL_CLOSEOUT_2026-08-04
MOVEMENT_02037,med_ball_rotational_scoop_toss,메디신볼 로테이셔널 스쿱 토스,JOINT_ACTION,ELBOW_EXTENSION,med_ball_rotational_scoop_toss,REVIEW_RECOMMENDED,FINAL_CLOSEOUT_2026-08-04
MOVEMENT_02038,med_ball_rotational_scoop_toss,메디신볼 로테이셔널 스쿱 토스,JOINT_ACTION,ELBOW_FLEXION,med_ball_rotational_scoop_toss,REVIEW_RECOMMENDED,FINAL_CLOSEOUT_2026-08-04
MOVEMENT_02039,med_ball_rotational_scoop_toss,메디신볼 로테이셔널 스쿱 토스,JOINT_ACTION,HIP_EXTERNAL_ROTATION,med_ball_rotational_scoop_toss,REVIEW_RECOMMENDED,FINAL_CLOSEOUT_2026-08-04
MOVEMENT_02040,med_ball_rotational_scoop_toss,메디신볼 로테이셔널 스쿱 토스,JOINT_ACTION,HIP_INTERNAL_ROTATION,med_ball_rotational_scoop_toss,REVIEW_RECOMMENDED,FINAL_CLOSEOUT_2026-08-04
MOVEMENT_02041,med_ball_rotational_scoop_toss,메디신볼 로테이셔널 스쿱 토스,JOINT_ACTION,SHOULDER_EXTENSION,med_ball_rotational_scoop_toss,REVIEW_RECOMMENDED,FINAL_CLOSEOUT_2026-08-04
MOVEMENT_02042,med_ball_rotational_scoop_toss,메디신볼 로테이셔널 스쿱 토스,JOINT_ACTION,SHOULDER_FLEXION,med_ball_rotational_scoop_toss,REVIEW_RECOMMENDED,FINAL_CLOSEOUT_2026-08-04
MOVEMENT_02043,med_ball_rotational_scoop_toss,메디신볼 로테이셔널 스쿱 토스,JOINT_ACTION,THORACIC_ROTATION,med_ball_rotational_scoop_toss,REVIEW_RECOMMENDED,FINAL_CLOSEOUT_2026-08-04
MOVEMENT_02044,med_ball_rotational_scoop_toss,메디신볼 로테이셔널 스쿱 토스,MOVEMENT_EVENT,RELEASE,med_ball_rotational_scoop_toss,REVIEW_RECOMMENDED,FINAL_CLOSEOUT_2026-08-04
MOVEMENT_02045,med_ball_rotational_scoop_toss,메디신볼 로테이셔널 스쿱 토스,STABILITY_DEMAND,HIGH,med_ball_rotational_scoop_toss,REVIEW_RECOMMENDED,FINAL_CLOSEOUT_2026-08-04
MOVEMENT_02046,med_ball_rotational_scoop_toss,메디신볼 로테이셔널 스쿱 토스,MOBILITY_DEMAND,MODERATE,med_ball_rotational_scoop_toss,REVIEW_RECOMMENDED,FINAL_CLOSEOUT_2026-08-04
MOVEMENT_02047,med_ball_rotational_scoop_toss,메디신볼 로테이셔널 스쿱 토스,MOVEMENT_FAMILY,ROTATIONAL_KINETIC_CHAIN,med_ball_rotational_scoop_toss,REVIEW_RECOMMENDED,FINAL_CLOSEOUT_2026-08-04
MOVEMENT_02048,med_ball_rotational_scoop_toss,메디신볼 로테이셔널 스쿱 토스,MOVEMENT_SUBTYPE,MED_BALL_SCOOP_TOSS,med_ball_rotational_scoop_toss,REVIEW_RECOMMENDED,FINAL_CLOSEOUT_2026-08-04
MOVEMENT_02049,med_ball_rotational_slam,메디신볼 회전 아래로 슬램,MOVEMENT_PATTERN,TRUNK_ROTATION,med_ball_rotational_slam,REVIEW_RECOMMENDED,FINAL_CLOSEOUT_2026-08-04
MOVEMENT_02050,med_ball_rotational_slam,메디신볼 회전 아래로 슬램,MOVEMENT_PATTERN,THROW,med_ball_rotational_slam,REVIEW_RECOMMENDED,FINAL_CLOSEOUT_2026-08-04
MOVEMENT_02051,med_ball_rotational_slam,메디신볼 회전 아래로 슬램,JOINT_ACTION,ELBOW_EXTENSION,med_ball_rotational_slam,REVIEW_RECOMMENDED,FINAL_CLOSEOUT_2026-08-04
MOVEMENT_02052,med_ball_rotational_slam,메디신볼 회전 아래로 슬램,JOINT_ACTION,ELBOW_FLEXION,med_ball_rotational_slam,REVIEW_RECOMMENDED,FINAL_CLOSEOUT_2026-08-04
MOVEMENT_02053,med_ball_rotational_slam,메디신볼 회전 아래로 슬램,JOINT_ACTION,HIP_EXTERNAL_ROTATION,med_ball_rotational_slam,REVIEW_RECOMMENDED,FINAL_CLOSEOUT_2026-08-04
MOVEMENT_02054,med_ball_rotational_slam,메디신볼 회전 아래로 슬램,JOINT_ACTION,HIP_INTERNAL_ROTATION,med_ball_rotational_slam,REVIEW_RECOMMENDED,FINAL_CLOSEOUT_2026-08-04
MOVEMENT_02055,med_ball_rotational_slam,메디신볼 회전 아래로 슬램,JOINT_ACTION,SHOULDER_EXTENSION,med_ball_rotational_slam,REVIEW_RECOMMENDED,FINAL_CLOSEOUT_2026-08-04
MOVEMENT_02056,med_ball_rotational_slam,메디신볼 회전 아래로 슬램,JOINT_ACTION,SHOULDER_FLEXION,med_ball_rotational_slam,REVIEW_RECOMMENDED,FINAL_CLOSEOUT_2026-08-04
MOVEMENT_02057,med_ball_rotational_slam,메디신볼 회전 아래로 슬램,JOINT_ACTION,THORACIC_ROTATION,med_ball_rotational_slam,REVIEW_RECOMMENDED,FINAL_CLOSEOUT_2026-08-04
MOVEMENT_02058,med_ball_rotational_slam,메디신볼 회전 아래로 슬램,MOVEMENT_EVENT,RELEASE,med_ball_rotational_slam,REVIEW_RECOMMENDED,FINAL_CLOSEOUT_2026-08-04
MOVEMENT_02059,med_ball_rotational_slam,메디신볼 회전 아래로 슬램,STABILITY_DEMAND,HIGH,med_ball_rotational_slam,REVIEW_RECOMMENDED,FINAL_CLOSEOUT_2026-08-04
MOVEMENT_02060,med_ball_rotational_slam,메디신볼 회전 아래로 슬램,MOBILITY_DEMAND,MODERATE,med_ball_rotational_slam,REVIEW_RECOMMENDED,FINAL_CLOSEOUT_2026-08-04
MOVEMENT_02061,med_ball_rotational_slam,메디신볼 회전 아래로 슬램,MOVEMENT_FAMILY,ROTATIONAL_KINETIC_CHAIN,med_ball_rotational_slam,REVIEW_RECOMMENDED,FINAL_CLOSEOUT_2026-08-04
MOVEMENT_02062,med_ball_rotational_slam,메디신볼 회전 아래로 슬램,MOVEMENT_SUBTYPE,MED_BALL_ROTATIONAL_SLAM,med_ball_rotational_slam,REVIEW_RECOMMENDED,FINAL_CLOSEOUT_2026-08-04
MOVEMENT_02063,medicine_ball_rotational_throw,메디신볼 회전 옆으로 던지기,MOVEMENT_PATTERN,TRUNK_ROTATION,medicine_ball_rotational_throw,REVIEW_RECOMMENDED,FINAL_CLOSEOUT_2026-08-04
MOVEMENT_02064,medicine_ball_rotational_throw,메디신볼 회전 옆으로 던지기,MOVEMENT_PATTERN,THROW,medicine_ball_rotational_throw,REVIEW_RECOMMENDED,FINAL_CLOSEOUT_2026-08-04
MOVEMENT_02065,medicine_ball_rotational_throw,메디신볼 회전 옆으로 던지기,JOINT_ACTION,ELBOW_EXTENSION,medicine_ball_rotational_throw,REVIEW_RECOMMENDED,FINAL_CLOSEOUT_2026-08-04
MOVEMENT_02066,medicine_ball_rotational_throw,메디신볼 회전 옆으로 던지기,JOINT_ACTION,ELBOW_FLEXION,medicine_ball_rotational_throw,REVIEW_RECOMMENDED,FINAL_CLOSEOUT_2026-08-04
MOVEMENT_02067,medicine_ball_rotational_throw,메디신볼 회전 옆으로 던지기,JOINT_ACTION,HIP_EXTERNAL_ROTATION,medicine_ball_rotational_throw,REVIEW_RECOMMENDED,FINAL_CLOSEOUT_2026-08-04
MOVEMENT_02068,medicine_ball_rotational_throw,메디신볼 회전 옆으로 던지기,JOINT_ACTION,HIP_INTERNAL_ROTATION,medicine_ball_rotational_throw,REVIEW_RECOMMENDED,FINAL_CLOSEOUT_2026-08-04
MOVEMENT_02069,medicine_ball_rotational_throw,메디신볼 회전 옆으로 던지기,JOINT_ACTION,SHOULDER_EXTENSION,medicine_ball_rotational_throw,REVIEW_RECOMMENDED,FINAL_CLOSEOUT_2026-08-04
MOVEMENT_02070,medicine_ball_rotational_throw,메디신볼 회전 옆으로 던지기,JOINT_ACTION,SHOULDER_FLEXION,medicine_ball_rotational_throw,REVIEW_RECOMMENDED,FINAL_CLOSEOUT_2026-08-04
MOVEMENT_02071,medicine_ball_rotational_throw,메디신볼 회전 옆으로 던지기,JOINT_ACTION,THORACIC_ROTATION,medicine_ball_rotational_throw,REVIEW_RECOMMENDED,FINAL_CLOSEOUT_2026-08-04
MOVEMENT_02072,medicine_ball_rotational_throw,메디신볼 회전 옆으로 던지기,MOVEMENT_EVENT,RELEASE,medicine_ball_rotational_throw,REVIEW_RECOMMENDED,FINAL_CLOSEOUT_2026-08-04
MOVEMENT_02073,medicine_ball_rotational_throw,메디신볼 회전 옆으로 던지기,STABILITY_DEMAND,HIGH,medicine_ball_rotational_throw,REVIEW_RECOMMENDED,FINAL_CLOSEOUT_2026-08-04
MOVEMENT_02074,medicine_ball_rotational_throw,메디신볼 회전 옆으로 던지기,MOBILITY_DEMAND,MODERATE,medicine_ball_rotational_throw,REVIEW_RECOMMENDED,FINAL_CLOSEOUT_2026-08-04
MOVEMENT_02075,medicine_ball_rotational_throw,메디신볼 회전 옆으로 던지기,MOVEMENT_FAMILY,ROTATIONAL_KINETIC_CHAIN,medicine_ball_rotational_throw,REVIEW_RECOMMENDED,FINAL_CLOSEOUT_2026-08-04
MOVEMENT_02076,medicine_ball_rotational_throw,메디신볼 회전 옆으로 던지기,MOVEMENT_SUBTYPE,MED_BALL_ROTATIONAL_THROW,medicine_ball_rotational_throw,REVIEW_RECOMMENDED,FINAL_CLOSEOUT_2026-08-04
MOVEMENT_02077,medicine_ball_three_step_acceleration_throw,메디신볼 3스텝 가속 던지기,MOVEMENT_PATTERN,TRUNK_ROTATION,medicine_ball_three_step_acceleration_throw,DRAFT_READY,FINAL_CLOSEOUT_2026-08-04
MOVEMENT_02078,medicine_ball_three_step_acceleration_throw,메디신볼 3스텝 가속 던지기,MOVEMENT_PATTERN,STEP,medicine_ball_three_step_acceleration_throw,DRAFT_READY,FINAL_CLOSEOUT_2026-08-04
MOVEMENT_02079,medicine_ball_three_step_acceleration_throw,메디신볼 3스텝 가속 던지기,MOVEMENT_PATTERN,THROW,medicine_ball_three_step_acceleration_throw,DRAFT_READY,FINAL_CLOSEOUT_2026-08-04
MOVEMENT_02080,medicine_ball_three_step_acceleration_throw,메디신볼 3스텝 가속 던지기,JOINT_ACTION,ANKLE_DORSIFLEXION,medicine_ball_three_step_acceleration_throw,DRAFT_READY,FINAL_CLOSEOUT_2026-08-04
MOVEMENT_02081,medicine_ball_three_step_acceleration_throw,메디신볼 3스텝 가속 던지기,JOINT_ACTION,ANKLE_PLANTARFLEXION,medicine_ball_three_step_acceleration_throw,DRAFT_READY,FINAL_CLOSEOUT_2026-08-04
MOVEMENT_02082,medicine_ball_three_step_acceleration_throw,메디신볼 3스텝 가속 던지기,JOINT_ACTION,ELBOW_EXTENSION,medicine_ball_three_step_acceleration_throw,DRAFT_READY,FINAL_CLOSEOUT_2026-08-04
MOVEMENT_02083,medicine_ball_three_step_acceleration_throw,메디신볼 3스텝 가속 던지기,JOINT_ACTION,ELBOW_FLEXION,medicine_ball_three_step_acceleration_throw,DRAFT_READY,FINAL_CLOSEOUT_2026-08-04
MOVEMENT_02084,medicine_ball_three_step_acceleration_throw,메디신볼 3스텝 가속 던지기,JOINT_ACTION,HIP_EXTENSION,medicine_ball_three_step_acceleration_throw,DRAFT_READY,FINAL_CLOSEOUT_2026-08-04
MOVEMENT_02085,medicine_ball_three_step_acceleration_throw,메디신볼 3스텝 가속 던지기,JOINT_ACTION,HIP_EXTERNAL_ROTATION,medicine_ball_three_step_acceleration_throw,DRAFT_READY,FINAL_CLOSEOUT_2026-08-04
MOVEMENT_02086,medicine_ball_three_step_acceleration_throw,메디신볼 3스텝 가속 던지기,JOINT_ACTION,HIP_FLEXION,medicine_ball_three_step_acceleration_throw,DRAFT_READY,FINAL_CLOSEOUT_2026-08-04
MOVEMENT_02087,medicine_ball_three_step_acceleration_throw,메디신볼 3스텝 가속 던지기,JOINT_ACTION,HIP_INTERNAL_ROTATION,medicine_ball_three_step_acceleration_throw,DRAFT_READY,FINAL_CLOSEOUT_2026-08-04
MOVEMENT_02088,medicine_ball_three_step_acceleration_throw,메디신볼 3스텝 가속 던지기,JOINT_ACTION,KNEE_EXTENSION,medicine_ball_three_step_acceleration_throw,DRAFT_READY,FINAL_CLOSEOUT_2026-08-04
MOVEMENT_02089,medicine_ball_three_step_acceleration_throw,메디신볼 3스텝 가속 던지기,JOINT_ACTION,KNEE_FLEXION,medicine_ball_three_step_acceleration_throw,DRAFT_READY,FINAL_CLOSEOUT_2026-08-04
MOVEMENT_02090,medicine_ball_three_step_acceleration_throw,메디신볼 3스텝 가속 던지기,JOINT_ACTION,SHOULDER_EXTENSION,medicine_ball_three_step_acceleration_throw,DRAFT_READY,FINAL_CLOSEOUT_2026-08-04
MOVEMENT_02091,medicine_ball_three_step_acceleration_throw,메디신볼 3스텝 가속 던지기,JOINT_ACTION,SHOULDER_FLEXION,medicine_ball_three_step_acceleration_throw,DRAFT_READY,FINAL_CLOSEOUT_2026-08-04
MOVEMENT_02092,medicine_ball_three_step_acceleration_throw,메디신볼 3스텝 가속 던지기,JOINT_ACTION,THORACIC_ROTATION,medicine_ball_three_step_acceleration_throw,DRAFT_READY,FINAL_CLOSEOUT_2026-08-04
MOVEMENT_02093,medicine_ball_three_step_acceleration_throw,메디신볼 3스텝 가속 던지기,MOVEMENT_EVENT,ACCELERATION,medicine_ball_three_step_acceleration_throw,DRAFT_READY,FINAL_CLOSEOUT_2026-08-04
MOVEMENT_02094,medicine_ball_three_step_acceleration_throw,메디신볼 3스텝 가속 던지기,MOVEMENT_EVENT,RELEASE,medicine_ball_three_step_acceleration_throw,DRAFT_READY,FINAL_CLOSEOUT_2026-08-04
MOVEMENT_02095,medicine_ball_three_step_acceleration_throw,메디신볼 3스텝 가속 던지기,STABILITY_DEMAND,HIGH,medicine_ball_three_step_acceleration_throw,DRAFT_READY,FINAL_CLOSEOUT_2026-08-04
MOVEMENT_02096,medicine_ball_three_step_acceleration_throw,메디신볼 3스텝 가속 던지기,MOBILITY_DEMAND,MODERATE,medicine_ball_three_step_acceleration_throw,DRAFT_READY,FINAL_CLOSEOUT_2026-08-04
MOVEMENT_02097,medicine_ball_three_step_acceleration_throw,메디신볼 3스텝 가속 던지기,MOVEMENT_FAMILY,ROTATIONAL_KINETIC_CHAIN,medicine_ball_three_step_acceleration_throw,DRAFT_READY,FINAL_CLOSEOUT_2026-08-04
MOVEMENT_02098,medicine_ball_three_step_acceleration_throw,메디신볼 3스텝 가속 던지기,MOVEMENT_SUBTYPE,MED_BALL_THREE_STEP_ACCELERATION_THROW,medicine_ball_three_step_acceleration_throw,DRAFT_READY,FINAL_CLOSEOUT_2026-08-04
MOVEMENT_02099,medicine_ball_three_step_deceleration_throw,메디신볼 3스텝 감속 던지기,MOVEMENT_PATTERN,TRUNK_ROTATION,medicine_ball_three_step_deceleration_throw,REVIEW_RECOMMENDED,FINAL_CLOSEOUT_2026-08-04
MOVEMENT_02100,medicine_ball_three_step_deceleration_throw,메디신볼 3스텝 감속 던지기,MOVEMENT_PATTERN,STEP,medicine_ball_three_step_deceleration_throw,REVIEW_RECOMMENDED,FINAL_CLOSEOUT_2026-08-04
MOVEMENT_02101,medicine_ball_three_step_deceleration_throw,메디신볼 3스텝 감속 던지기,MOVEMENT_PATTERN,THROW,medicine_ball_three_step_deceleration_throw,REVIEW_RECOMMENDED,FINAL_CLOSEOUT_2026-08-04
MOVEMENT_02102,medicine_ball_three_step_deceleration_throw,메디신볼 3스텝 감속 던지기,JOINT_ACTION,ANKLE_DORSIFLEXION,medicine_ball_three_step_deceleration_throw,REVIEW_RECOMMENDED,FINAL_CLOSEOUT_2026-08-04
MOVEMENT_02103,medicine_ball_three_step_deceleration_throw,메디신볼 3스텝 감속 던지기,JOINT_ACTION,ANKLE_PLANTARFLEXION,medicine_ball_three_step_deceleration_throw,REVIEW_RECOMMENDED,FINAL_CLOSEOUT_2026-08-04
MOVEMENT_02104,medicine_ball_three_step_deceleration_throw,메디신볼 3스텝 감속 던지기,JOINT_ACTION,ELBOW_EXTENSION,medicine_ball_three_step_deceleration_throw,REVIEW_RECOMMENDED,FINAL_CLOSEOUT_2026-08-04
MOVEMENT_02105,medicine_ball_three_step_deceleration_throw,메디신볼 3스텝 감속 던지기,JOINT_ACTION,ELBOW_FLEXION,medicine_ball_three_step_deceleration_throw,REVIEW_RECOMMENDED,FINAL_CLOSEOUT_2026-08-04
MOVEMENT_02106,medicine_ball_three_step_deceleration_throw,메디신볼 3스텝 감속 던지기,JOINT_ACTION,HIP_EXTENSION,medicine_ball_three_step_deceleration_throw,REVIEW_RECOMMENDED,FINAL_CLOSEOUT_2026-08-04
MOVEMENT_02107,medicine_ball_three_step_deceleration_throw,메디신볼 3스텝 감속 던지기,JOINT_ACTION,HIP_EXTERNAL_ROTATION,medicine_ball_three_step_deceleration_throw,REVIEW_RECOMMENDED,FINAL_CLOSEOUT_2026-08-04
MOVEMENT_02108,medicine_ball_three_step_deceleration_throw,메디신볼 3스텝 감속 던지기,JOINT_ACTION,HIP_FLEXION,medicine_ball_three_step_deceleration_throw,REVIEW_RECOMMENDED,FINAL_CLOSEOUT_2026-08-04
MOVEMENT_02109,medicine_ball_three_step_deceleration_throw,메디신볼 3스텝 감속 던지기,JOINT_ACTION,HIP_INTERNAL_ROTATION,medicine_ball_three_step_deceleration_throw,REVIEW_RECOMMENDED,FINAL_CLOSEOUT_2026-08-04
MOVEMENT_02110,medicine_ball_three_step_deceleration_throw,메디신볼 3스텝 감속 던지기,JOINT_ACTION,KNEE_EXTENSION,medicine_ball_three_step_deceleration_throw,REVIEW_RECOMMENDED,FINAL_CLOSEOUT_2026-08-04
MOVEMENT_02111,medicine_ball_three_step_deceleration_throw,메디신볼 3스텝 감속 던지기,JOINT_ACTION,KNEE_FLEXION,medicine_ball_three_step_deceleration_throw,REVIEW_RECOMMENDED,FINAL_CLOSEOUT_2026-08-04
MOVEMENT_02112,medicine_ball_three_step_deceleration_throw,메디신볼 3스텝 감속 던지기,JOINT_ACTION,SHOULDER_EXTENSION,medicine_ball_three_step_deceleration_throw,REVIEW_RECOMMENDED,FINAL_CLOSEOUT_2026-08-04
MOVEMENT_02113,medicine_ball_three_step_deceleration_throw,메디신볼 3스텝 감속 던지기,JOINT_ACTION,SHOULDER_FLEXION,medicine_ball_three_step_deceleration_throw,REVIEW_RECOMMENDED,FINAL_CLOSEOUT_2026-08-04
MOVEMENT_02114,medicine_ball_three_step_deceleration_throw,메디신볼 3스텝 감속 던지기,JOINT_ACTION,THORACIC_ROTATION,medicine_ball_three_step_deceleration_throw,REVIEW_RECOMMENDED,FINAL_CLOSEOUT_2026-08-04
MOVEMENT_02115,medicine_ball_three_step_deceleration_throw,메디신볼 3스텝 감속 던지기,MOVEMENT_EVENT,DECELERATION,medicine_ball_three_step_deceleration_throw,REVIEW_RECOMMENDED,FINAL_CLOSEOUT_2026-08-04
MOVEMENT_02116,medicine_ball_three_step_deceleration_throw,메디신볼 3스텝 감속 던지기,MOVEMENT_EVENT,RELEASE,medicine_ball_three_step_deceleration_throw,REVIEW_RECOMMENDED,FINAL_CLOSEOUT_2026-08-04
MOVEMENT_02117,medicine_ball_three_step_deceleration_throw,메디신볼 3스텝 감속 던지기,STABILITY_DEMAND,HIGH,medicine_ball_three_step_deceleration_throw,REVIEW_RECOMMENDED,FINAL_CLOSEOUT_2026-08-04
MOVEMENT_02118,medicine_ball_three_step_deceleration_throw,메디신볼 3스텝 감속 던지기,MOBILITY_DEMAND,MODERATE,medicine_ball_three_step_deceleration_throw,REVIEW_RECOMMENDED,FINAL_CLOSEOUT_2026-08-04
MOVEMENT_02119,medicine_ball_three_step_deceleration_throw,메디신볼 3스텝 감속 던지기,MOVEMENT_FAMILY,ROTATIONAL_KINETIC_CHAIN,medicine_ball_three_step_deceleration_throw,REVIEW_RECOMMENDED,FINAL_CLOSEOUT_2026-08-04
MOVEMENT_02120,medicine_ball_three_step_deceleration_throw,메디신볼 3스텝 감속 던지기,MOVEMENT_SUBTYPE,MED_BALL_THREE_STEP_DECELERATION_THROW,medicine_ball_three_step_deceleration_throw,REVIEW_RECOMMENDED,FINAL_CLOSEOUT_2026-08-04
MOVEMENT_02121,one_arm_gymnastic_ring_row,짐내스틱 링 원암 로우,MOVEMENT_PATTERN,HORIZONTAL_PULL,ex_d9084b5e,DRAFT_READY,FINAL_CLOSEOUT_SPLIT_FROM_ex_d9084b5e
MOVEMENT_02122,one_arm_gymnastic_ring_row,짐내스틱 링 원암 로우,JOINT_ACTION,ELBOW_EXTENSION,ex_d9084b5e,DRAFT_READY,FINAL_CLOSEOUT_SPLIT_FROM_ex_d9084b5e
MOVEMENT_02123,one_arm_gymnastic_ring_row,짐내스틱 링 원암 로우,JOINT_ACTION,ELBOW_FLEXION,ex_d9084b5e,DRAFT_READY,FINAL_CLOSEOUT_SPLIT_FROM_ex_d9084b5e
MOVEMENT_02124,one_arm_gymnastic_ring_row,짐내스틱 링 원암 로우,JOINT_ACTION,SCAPULAR_PROTRACTION,ex_d9084b5e,DRAFT_READY,FINAL_CLOSEOUT_SPLIT_FROM_ex_d9084b5e
MOVEMENT_02125,one_arm_gymnastic_ring_row,짐내스틱 링 원암 로우,JOINT_ACTION,SCAPULAR_RETRACTION,ex_d9084b5e,DRAFT_READY,FINAL_CLOSEOUT_SPLIT_FROM_ex_d9084b5e
MOVEMENT_02126,one_arm_gymnastic_ring_row,짐내스틱 링 원암 로우,JOINT_ACTION,SHOULDER_EXTENSION,ex_d9084b5e,DRAFT_READY,FINAL_CLOSEOUT_SPLIT_FROM_ex_d9084b5e
MOVEMENT_02127,one_arm_gymnastic_ring_row,짐내스틱 링 원암 로우,JOINT_ACTION,SHOULDER_FLEXION,ex_d9084b5e,DRAFT_READY,FINAL_CLOSEOUT_SPLIT_FROM_ex_d9084b5e
MOVEMENT_02128,one_arm_gymnastic_ring_row,짐내스틱 링 원암 로우,KINETIC_CHAIN,CLOSED_CHAIN,ex_d9084b5e,DRAFT_READY,FINAL_CLOSEOUT_SPLIT_FROM_ex_d9084b5e
MOVEMENT_02129,one_arm_gymnastic_ring_row,짐내스틱 링 원암 로우,STABILITY_DEMAND,HIGH,ex_d9084b5e,DRAFT_READY,FINAL_CLOSEOUT_SPLIT_FROM_ex_d9084b5e
MOVEMENT_02130,one_arm_gymnastic_ring_row,짐내스틱 링 원암 로우,MOBILITY_DEMAND,MODERATE,ex_d9084b5e,DRAFT_READY,FINAL_CLOSEOUT_SPLIT_FROM_ex_d9084b5e
MOVEMENT_02131,one_arm_gymnastic_ring_row,짐내스틱 링 원암 로우,MOVEMENT_FAMILY,ROW_VARIANTS,ex_d9084b5e,DRAFT_READY,FINAL_CLOSEOUT_SPLIT_FROM_ex_d9084b5e
MOVEMENT_02132,one_arm_gymnastic_ring_row,짐내스틱 링 원암 로우,MOVEMENT_SUBTYPE,ONE_ARM_INVERTED_ROW,ex_d9084b5e,DRAFT_READY,FINAL_CLOSEOUT_SPLIT_FROM_ex_d9084b5e
MOVEMENT_02133,one_arm_suspension_trainer_row,서스펜션 트레이너 원암 로우,MOVEMENT_PATTERN,HORIZONTAL_PULL,ex_d9084b5e,DRAFT_READY,FINAL_CLOSEOUT_SPLIT_FROM_ex_d9084b5e
MOVEMENT_02134,one_arm_suspension_trainer_row,서스펜션 트레이너 원암 로우,JOINT_ACTION,ELBOW_EXTENSION,ex_d9084b5e,DRAFT_READY,FINAL_CLOSEOUT_SPLIT_FROM_ex_d9084b5e
MOVEMENT_02135,one_arm_suspension_trainer_row,서스펜션 트레이너 원암 로우,JOINT_ACTION,ELBOW_FLEXION,ex_d9084b5e,DRAFT_READY,FINAL_CLOSEOUT_SPLIT_FROM_ex_d9084b5e
MOVEMENT_02136,one_arm_suspension_trainer_row,서스펜션 트레이너 원암 로우,JOINT_ACTION,SCAPULAR_PROTRACTION,ex_d9084b5e,DRAFT_READY,FINAL_CLOSEOUT_SPLIT_FROM_ex_d9084b5e
MOVEMENT_02137,one_arm_suspension_trainer_row,서스펜션 트레이너 원암 로우,JOINT_ACTION,SCAPULAR_RETRACTION,ex_d9084b5e,DRAFT_READY,FINAL_CLOSEOUT_SPLIT_FROM_ex_d9084b5e
MOVEMENT_02138,one_arm_suspension_trainer_row,서스펜션 트레이너 원암 로우,JOINT_ACTION,SHOULDER_EXTENSION,ex_d9084b5e,DRAFT_READY,FINAL_CLOSEOUT_SPLIT_FROM_ex_d9084b5e
MOVEMENT_02139,one_arm_suspension_trainer_row,서스펜션 트레이너 원암 로우,JOINT_ACTION,SHOULDER_FLEXION,ex_d9084b5e,DRAFT_READY,FINAL_CLOSEOUT_SPLIT_FROM_ex_d9084b5e
MOVEMENT_02140,one_arm_suspension_trainer_row,서스펜션 트레이너 원암 로우,KINETIC_CHAIN,CLOSED_CHAIN,ex_d9084b5e,DRAFT_READY,FINAL_CLOSEOUT_SPLIT_FROM_ex_d9084b5e
MOVEMENT_02141,one_arm_suspension_trainer_row,서스펜션 트레이너 원암 로우,STABILITY_DEMAND,HIGH,ex_d9084b5e,DRAFT_READY,FINAL_CLOSEOUT_SPLIT_FROM_ex_d9084b5e
MOVEMENT_02142,one_arm_suspension_trainer_row,서스펜션 트레이너 원암 로우,MOBILITY_DEMAND,MODERATE,ex_d9084b5e,DRAFT_READY,FINAL_CLOSEOUT_SPLIT_FROM_ex_d9084b5e
MOVEMENT_02143,one_arm_suspension_trainer_row,서스펜션 트레이너 원암 로우,MOVEMENT_FAMILY,ROW_VARIANTS,ex_d9084b5e,DRAFT_READY,FINAL_CLOSEOUT_SPLIT_FROM_ex_d9084b5e
MOVEMENT_02144,one_arm_suspension_trainer_row,서스펜션 트레이너 원암 로우,MOVEMENT_SUBTYPE,ONE_ARM_INVERTED_ROW,ex_d9084b5e,DRAFT_READY,FINAL_CLOSEOUT_SPLIT_FROM_ex_d9084b5e
MOVEMENT_02145,plate_rotational_press_out,플레이트 로테이셔널 프레스아웃,MOVEMENT_PATTERN,TRUNK_BRACE,plate_rotational_press_out,REVIEW_RECOMMENDED,FINAL_CLOSEOUT_2026-08-04
MOVEMENT_02146,plate_rotational_press_out,플레이트 로테이셔널 프레스아웃,STABILITY_DEMAND,HIGH,plate_rotational_press_out,REVIEW_RECOMMENDED,FINAL_CLOSEOUT_2026-08-04
MOVEMENT_02147,plate_rotational_press_out,플레이트 로테이셔널 프레스아웃,MOBILITY_DEMAND,MODERATE,plate_rotational_press_out,REVIEW_RECOMMENDED,FINAL_CLOSEOUT_2026-08-04
MOVEMENT_02148,plate_rotational_press_out,플레이트 로테이셔널 프레스아웃,MOVEMENT_FAMILY,TRUNK_ANTI_ROTATION_STABILITY,plate_rotational_press_out,REVIEW_RECOMMENDED,FINAL_CLOSEOUT_2026-08-04
MOVEMENT_02149,plate_rotational_press_out,플레이트 로테이셔널 프레스아웃,MOVEMENT_SUBTYPE,PLATE_ROTATIONAL_PRESS_OUT,plate_rotational_press_out,REVIEW_RECOMMENDED,FINAL_CLOSEOUT_2026-08-04
MOVEMENT_02150,pull_up,풀업,MOVEMENT_PATTERN,VERTICAL_PULL,pull_up,DRAFT_READY,FINAL_CLOSEOUT_2026-08-04
MOVEMENT_02151,pull_up,풀업,JOINT_ACTION,ELBOW_EXTENSION,pull_up,DRAFT_READY,FINAL_CLOSEOUT_2026-08-04
MOVEMENT_02152,pull_up,풀업,JOINT_ACTION,ELBOW_FLEXION,pull_up,DRAFT_READY,FINAL_CLOSEOUT_2026-08-04
MOVEMENT_02153,pull_up,풀업,JOINT_ACTION,SCAPULAR_DEPRESSION,pull_up,DRAFT_READY,FINAL_CLOSEOUT_2026-08-04
MOVEMENT_02154,pull_up,풀업,JOINT_ACTION,SCAPULAR_ELEVATION,pull_up,DRAFT_READY,FINAL_CLOSEOUT_2026-08-04
MOVEMENT_02155,pull_up,풀업,JOINT_ACTION,SHOULDER_ABDUCTION,pull_up,DRAFT_READY,FINAL_CLOSEOUT_2026-08-04
MOVEMENT_02156,pull_up,풀업,JOINT_ACTION,SHOULDER_ADDUCTION,pull_up,DRAFT_READY,FINAL_CLOSEOUT_2026-08-04
MOVEMENT_02157,pull_up,풀업,KINETIC_CHAIN,CLOSED_CHAIN,pull_up,DRAFT_READY,FINAL_CLOSEOUT_2026-08-04
MOVEMENT_02158,pull_up,풀업,STABILITY_DEMAND,MODERATE,pull_up,DRAFT_READY,FINAL_CLOSEOUT_2026-08-04
MOVEMENT_02159,pull_up,풀업,MOBILITY_DEMAND,MODERATE,pull_up,DRAFT_READY,FINAL_CLOSEOUT_2026-08-04
MOVEMENT_02160,pull_up,풀업,MOVEMENT_FAMILY,PULL_UP_CHIN_UP_LAT_PULLDOWN_VARIANTS,pull_up,DRAFT_READY,FINAL_CLOSEOUT_2026-08-04
MOVEMENT_02161,pull_up,풀업,MOVEMENT_SUBTYPE,PULL_UP,pull_up,DRAFT_READY,FINAL_CLOSEOUT_2026-08-04
MOVEMENT_02162,single_leg_hip_bridge,원레그 힙 브릿지,JOINT_ACTION,HIP_EXTENSION,single_leg_hip_bridge,DRAFT_READY,FINAL_CLOSEOUT_2026-08-04
MOVEMENT_02163,single_leg_hip_bridge,원레그 힙 브릿지,JOINT_ACTION,HIP_FLEXION,single_leg_hip_bridge,DRAFT_READY,FINAL_CLOSEOUT_2026-08-04
MOVEMENT_02164,single_leg_hip_bridge,원레그 힙 브릿지,KINETIC_CHAIN,CLOSED_CHAIN,single_leg_hip_bridge,DRAFT_READY,FINAL_CLOSEOUT_2026-08-04
MOVEMENT_02165,single_leg_hip_bridge,원레그 힙 브릿지,STABILITY_DEMAND,LOW,single_leg_hip_bridge,DRAFT_READY,FINAL_CLOSEOUT_2026-08-04
MOVEMENT_02166,single_leg_hip_bridge,원레그 힙 브릿지,MOBILITY_DEMAND,LOW,single_leg_hip_bridge,DRAFT_READY,FINAL_CLOSEOUT_2026-08-04
MOVEMENT_02167,single_leg_hip_bridge,원레그 힙 브릿지,MOVEMENT_FAMILY,HIP_THRUST_GLUTE_BRIDGE_VARIANTS,single_leg_hip_bridge,DRAFT_READY,FINAL_CLOSEOUT_2026-08-04
MOVEMENT_02168,single_leg_hip_bridge,원레그 힙 브릿지,MOVEMENT_SUBTYPE,SINGLE_LEG_GLUTE_BRIDGE,single_leg_hip_bridge,DRAFT_READY,FINAL_CLOSEOUT_2026-08-04
MOVEMENT_02169,standing_bodyweight_calf_raise,맨몸 스탠딩 카프 레이즈,JOINT_ACTION,ANKLE_DORSIFLEXION,ex_bd072cd,REVIEW_REQUIRED,FINAL_CLOSEOUT_SPLIT_FROM_ex_bd072cd
MOVEMENT_02170,standing_bodyweight_calf_raise,맨몸 스탠딩 카프 레이즈,JOINT_ACTION,ANKLE_PLANTARFLEXION,ex_bd072cd,REVIEW_REQUIRED,FINAL_CLOSEOUT_SPLIT_FROM_ex_bd072cd
MOVEMENT_02171,standing_bodyweight_calf_raise,맨몸 스탠딩 카프 레이즈,KINETIC_CHAIN,CLOSED_CHAIN,ex_bd072cd,REVIEW_REQUIRED,FINAL_CLOSEOUT_SPLIT_FROM_ex_bd072cd
MOVEMENT_02172,standing_bodyweight_calf_raise,맨몸 스탠딩 카프 레이즈,STABILITY_DEMAND,LOW,ex_bd072cd,REVIEW_REQUIRED,FINAL_CLOSEOUT_SPLIT_FROM_ex_bd072cd
MOVEMENT_02173,standing_bodyweight_calf_raise,맨몸 스탠딩 카프 레이즈,MOBILITY_DEMAND,MODERATE,ex_bd072cd,REVIEW_REQUIRED,FINAL_CLOSEOUT_SPLIT_FROM_ex_bd072cd
MOVEMENT_02174,standing_bodyweight_calf_raise,맨몸 스탠딩 카프 레이즈,MOVEMENT_FAMILY,CALF_RAISE_ANKLE_STIFFNESS_VARIANTS,ex_bd072cd,REVIEW_REQUIRED,FINAL_CLOSEOUT_SPLIT_FROM_ex_bd072cd
MOVEMENT_02175,standing_bodyweight_calf_raise,맨몸 스탠딩 카프 레이즈,MOVEMENT_SUBTYPE,STANDING_CALF_RAISE,ex_bd072cd,REVIEW_REQUIRED,FINAL_CLOSEOUT_SPLIT_FROM_ex_bd072cd
MOVEMENT_02176,standing_calf_raise_machine,스탠딩 카프 레이즈 머신,JOINT_ACTION,ANKLE_DORSIFLEXION,ex_bd072cd,REVIEW_REQUIRED,FINAL_CLOSEOUT_SPLIT_FROM_ex_bd072cd
MOVEMENT_02177,standing_calf_raise_machine,스탠딩 카프 레이즈 머신,JOINT_ACTION,ANKLE_PLANTARFLEXION,ex_bd072cd,REVIEW_REQUIRED,FINAL_CLOSEOUT_SPLIT_FROM_ex_bd072cd
MOVEMENT_02178,standing_calf_raise_machine,스탠딩 카프 레이즈 머신,KINETIC_CHAIN,CLOSED_CHAIN,ex_bd072cd,REVIEW_REQUIRED,FINAL_CLOSEOUT_SPLIT_FROM_ex_bd072cd
MOVEMENT_02179,standing_calf_raise_machine,스탠딩 카프 레이즈 머신,STABILITY_DEMAND,LOW,ex_bd072cd,REVIEW_REQUIRED,FINAL_CLOSEOUT_SPLIT_FROM_ex_bd072cd
MOVEMENT_02180,standing_calf_raise_machine,스탠딩 카프 레이즈 머신,MOBILITY_DEMAND,MODERATE,ex_bd072cd,REVIEW_REQUIRED,FINAL_CLOSEOUT_SPLIT_FROM_ex_bd072cd
MOVEMENT_02181,standing_calf_raise_machine,스탠딩 카프 레이즈 머신,MOVEMENT_FAMILY,CALF_RAISE_ANKLE_STIFFNESS_VARIANTS,ex_bd072cd,REVIEW_REQUIRED,FINAL_CLOSEOUT_SPLIT_FROM_ex_bd072cd
MOVEMENT_02182,standing_calf_raise_machine,스탠딩 카프 레이즈 머신,MOVEMENT_SUBTYPE,STANDING_CALF_RAISE,ex_bd072cd,REVIEW_REQUIRED,FINAL_CLOSEOUT_SPLIT_FROM_ex_bd072cd
MOVEMENT_02183,standing_dumbbell_calf_raise,덤벨 스탠딩 카프 레이즈,JOINT_ACTION,ANKLE_DORSIFLEXION,ex_bd072cd,REVIEW_REQUIRED,FINAL_CLOSEOUT_SPLIT_FROM_ex_bd072cd
MOVEMENT_02184,standing_dumbbell_calf_raise,덤벨 스탠딩 카프 레이즈,JOINT_ACTION,ANKLE_PLANTARFLEXION,ex_bd072cd,REVIEW_REQUIRED,FINAL_CLOSEOUT_SPLIT_FROM_ex_bd072cd
MOVEMENT_02185,standing_dumbbell_calf_raise,덤벨 스탠딩 카프 레이즈,KINETIC_CHAIN,CLOSED_CHAIN,ex_bd072cd,REVIEW_REQUIRED,FINAL_CLOSEOUT_SPLIT_FROM_ex_bd072cd
MOVEMENT_02186,standing_dumbbell_calf_raise,덤벨 스탠딩 카프 레이즈,STABILITY_DEMAND,LOW,ex_bd072cd,REVIEW_REQUIRED,FINAL_CLOSEOUT_SPLIT_FROM_ex_bd072cd
MOVEMENT_02187,standing_dumbbell_calf_raise,덤벨 스탠딩 카프 레이즈,MOBILITY_DEMAND,MODERATE,ex_bd072cd,REVIEW_REQUIRED,FINAL_CLOSEOUT_SPLIT_FROM_ex_bd072cd
MOVEMENT_02188,standing_dumbbell_calf_raise,덤벨 스탠딩 카프 레이즈,MOVEMENT_FAMILY,CALF_RAISE_ANKLE_STIFFNESS_VARIANTS,ex_bd072cd,REVIEW_REQUIRED,FINAL_CLOSEOUT_SPLIT_FROM_ex_bd072cd
MOVEMENT_02189,standing_dumbbell_calf_raise,덤벨 스탠딩 카프 레이즈,MOVEMENT_SUBTYPE,STANDING_CALF_RAISE,ex_bd072cd,REVIEW_REQUIRED,FINAL_CLOSEOUT_SPLIT_FROM_ex_bd072cd
MOVEMENT_02190,suspension_trainer_inverted_row,서스펜션 트레이너 인버티드 로우,MOVEMENT_PATTERN,HORIZONTAL_PULL,ex_e159d15a,DRAFT_READY,FINAL_CLOSEOUT_SPLIT_FROM_ex_e159d15a
MOVEMENT_02191,suspension_trainer_inverted_row,서스펜션 트레이너 인버티드 로우,JOINT_ACTION,ELBOW_EXTENSION,ex_e159d15a,DRAFT_READY,FINAL_CLOSEOUT_SPLIT_FROM_ex_e159d15a
MOVEMENT_02192,suspension_trainer_inverted_row,서스펜션 트레이너 인버티드 로우,JOINT_ACTION,ELBOW_FLEXION,ex_e159d15a,DRAFT_READY,FINAL_CLOSEOUT_SPLIT_FROM_ex_e159d15a
MOVEMENT_02193,suspension_trainer_inverted_row,서스펜션 트레이너 인버티드 로우,JOINT_ACTION,SCAPULAR_PROTRACTION,ex_e159d15a,DRAFT_READY,FINAL_CLOSEOUT_SPLIT_FROM_ex_e159d15a
MOVEMENT_02194,suspension_trainer_inverted_row,서스펜션 트레이너 인버티드 로우,JOINT_ACTION,SCAPULAR_RETRACTION,ex_e159d15a,DRAFT_READY,FINAL_CLOSEOUT_SPLIT_FROM_ex_e159d15a
MOVEMENT_02195,suspension_trainer_inverted_row,서스펜션 트레이너 인버티드 로우,JOINT_ACTION,SHOULDER_EXTENSION,ex_e159d15a,DRAFT_READY,FINAL_CLOSEOUT_SPLIT_FROM_ex_e159d15a
MOVEMENT_02196,suspension_trainer_inverted_row,서스펜션 트레이너 인버티드 로우,JOINT_ACTION,SHOULDER_FLEXION,ex_e159d15a,DRAFT_READY,FINAL_CLOSEOUT_SPLIT_FROM_ex_e159d15a
MOVEMENT_02197,suspension_trainer_inverted_row,서스펜션 트레이너 인버티드 로우,KINETIC_CHAIN,CLOSED_CHAIN,ex_e159d15a,DRAFT_READY,FINAL_CLOSEOUT_SPLIT_FROM_ex_e159d15a
MOVEMENT_02198,suspension_trainer_inverted_row,서스펜션 트레이너 인버티드 로우,STABILITY_DEMAND,HIGH,ex_e159d15a,DRAFT_READY,FINAL_CLOSEOUT_SPLIT_FROM_ex_e159d15a
MOVEMENT_02199,suspension_trainer_inverted_row,서스펜션 트레이너 인버티드 로우,MOBILITY_DEMAND,MODERATE,ex_e159d15a,DRAFT_READY,FINAL_CLOSEOUT_SPLIT_FROM_ex_e159d15a
MOVEMENT_02200,suspension_trainer_inverted_row,서스펜션 트레이너 인버티드 로우,MOVEMENT_FAMILY,ROW_VARIANTS,ex_e159d15a,DRAFT_READY,FINAL_CLOSEOUT_SPLIT_FROM_ex_e159d15a
MOVEMENT_02201,suspension_trainer_inverted_row,서스펜션 트레이너 인버티드 로우,MOVEMENT_SUBTYPE,INVERTED_ROW,ex_e159d15a,DRAFT_READY,FINAL_CLOSEOUT_SPLIT_FROM_ex_e159d15a
MOVEMENT_02202,vipr_chop,바이퍼 회전 아래로,MOVEMENT_PATTERN,TRUNK_ROTATION,vipr_chop,REVIEW_RECOMMENDED,FINAL_CLOSEOUT_2026-08-04
MOVEMENT_02203,vipr_chop,바이퍼 회전 아래로,JOINT_ACTION,HIP_EXTERNAL_ROTATION,vipr_chop,REVIEW_RECOMMENDED,FINAL_CLOSEOUT_2026-08-04
MOVEMENT_02204,vipr_chop,바이퍼 회전 아래로,JOINT_ACTION,HIP_INTERNAL_ROTATION,vipr_chop,REVIEW_RECOMMENDED,FINAL_CLOSEOUT_2026-08-04
MOVEMENT_02205,vipr_chop,바이퍼 회전 아래로,JOINT_ACTION,THORACIC_ROTATION,vipr_chop,REVIEW_RECOMMENDED,FINAL_CLOSEOUT_2026-08-04
MOVEMENT_02206,vipr_chop,바이퍼 회전 아래로,STABILITY_DEMAND,HIGH,vipr_chop,REVIEW_RECOMMENDED,FINAL_CLOSEOUT_2026-08-04
MOVEMENT_02207,vipr_chop,바이퍼 회전 아래로,MOBILITY_DEMAND,MODERATE,vipr_chop,REVIEW_RECOMMENDED,FINAL_CLOSEOUT_2026-08-04
MOVEMENT_02208,vipr_chop,바이퍼 회전 아래로,MOVEMENT_FAMILY,ROTATIONAL_KINETIC_CHAIN,vipr_chop,REVIEW_RECOMMENDED,FINAL_CLOSEOUT_2026-08-04
MOVEMENT_02209,vipr_chop,바이퍼 회전 아래로,MOVEMENT_SUBTYPE,VIPR_CHOP,vipr_chop,REVIEW_RECOMMENDED,FINAL_CLOSEOUT_2026-08-04
MOVEMENT_02210,vipr_rotational_lift,바이퍼 회전 위로,MOVEMENT_PATTERN,TRUNK_ROTATION,vipr_rotational_lift,REVIEW_RECOMMENDED,FINAL_CLOSEOUT_2026-08-04
MOVEMENT_02211,vipr_rotational_lift,바이퍼 회전 위로,JOINT_ACTION,HIP_EXTERNAL_ROTATION,vipr_rotational_lift,REVIEW_RECOMMENDED,FINAL_CLOSEOUT_2026-08-04
MOVEMENT_02212,vipr_rotational_lift,바이퍼 회전 위로,JOINT_ACTION,HIP_INTERNAL_ROTATION,vipr_rotational_lift,REVIEW_RECOMMENDED,FINAL_CLOSEOUT_2026-08-04
MOVEMENT_02213,vipr_rotational_lift,바이퍼 회전 위로,JOINT_ACTION,THORACIC_ROTATION,vipr_rotational_lift,REVIEW_RECOMMENDED,FINAL_CLOSEOUT_2026-08-04
MOVEMENT_02214,vipr_rotational_lift,바이퍼 회전 위로,STABILITY_DEMAND,HIGH,vipr_rotational_lift,REVIEW_RECOMMENDED,FINAL_CLOSEOUT_2026-08-04
MOVEMENT_02215,vipr_rotational_lift,바이퍼 회전 위로,MOBILITY_DEMAND,MODERATE,vipr_rotational_lift,REVIEW_RECOMMENDED,FINAL_CLOSEOUT_2026-08-04
MOVEMENT_02216,vipr_rotational_lift,바이퍼 회전 위로,MOVEMENT_FAMILY,ROTATIONAL_KINETIC_CHAIN,vipr_rotational_lift,REVIEW_RECOMMENDED,FINAL_CLOSEOUT_2026-08-04
MOVEMENT_02217,vipr_rotational_lift,바이퍼 회전 위로,MOVEMENT_SUBTYPE,VIPR_ROTATIONAL_LIFT,vipr_rotational_lift,REVIEW_RECOMMENDED,FINAL_CLOSEOUT_2026-08-04
MOVEMENT_02218,vipr_rotational_press_out,바이퍼 로테이셔널 프레스아웃,MOVEMENT_PATTERN,TRUNK_ROTATION,vipr_rotational_press_out,REVIEW_RECOMMENDED,FINAL_CLOSEOUT_2026-08-04
MOVEMENT_02219,vipr_rotational_press_out,바이퍼 로테이셔널 프레스아웃,JOINT_ACTION,HIP_EXTERNAL_ROTATION,vipr_rotational_press_out,REVIEW_RECOMMENDED,FINAL_CLOSEOUT_2026-08-04
MOVEMENT_02220,vipr_rotational_press_out,바이퍼 로테이셔널 프레스아웃,JOINT_ACTION,HIP_INTERNAL_ROTATION,vipr_rotational_press_out,REVIEW_RECOMMENDED,FINAL_CLOSEOUT_2026-08-04
MOVEMENT_02221,vipr_rotational_press_out,바이퍼 로테이셔널 프레스아웃,JOINT_ACTION,THORACIC_ROTATION,vipr_rotational_press_out,REVIEW_RECOMMENDED,FINAL_CLOSEOUT_2026-08-04
MOVEMENT_02222,vipr_rotational_press_out,바이퍼 로테이셔널 프레스아웃,STABILITY_DEMAND,HIGH,vipr_rotational_press_out,REVIEW_RECOMMENDED,FINAL_CLOSEOUT_2026-08-04
MOVEMENT_02223,vipr_rotational_press_out,바이퍼 로테이셔널 프레스아웃,MOBILITY_DEMAND,MODERATE,vipr_rotational_press_out,REVIEW_RECOMMENDED,FINAL_CLOSEOUT_2026-08-04
MOVEMENT_02224,vipr_rotational_press_out,바이퍼 로테이셔널 프레스아웃,MOVEMENT_FAMILY,ROTATIONAL_KINETIC_CHAIN,vipr_rotational_press_out,REVIEW_RECOMMENDED,FINAL_CLOSEOUT_2026-08-04
MOVEMENT_02225,vipr_rotational_press_out,바이퍼 로테이셔널 프레스아웃,MOVEMENT_SUBTYPE,VIPR_ROTATIONAL_PRESS_OUT,vipr_rotational_press_out,REVIEW_RECOMMENDED,FINAL_CLOSEOUT_2026-08-04
MOVEMENT_02226,vipr_step_and_rotate,바이퍼 스텝 앤 로테이트,MOVEMENT_PATTERN,TRUNK_ROTATION,vipr_step_and_rotate,DRAFT_READY,FINAL_CLOSEOUT_2026-08-04
MOVEMENT_02227,vipr_step_and_rotate,바이퍼 스텝 앤 로테이트,MOVEMENT_PATTERN,STEP,vipr_step_and_rotate,DRAFT_READY,FINAL_CLOSEOUT_2026-08-04
MOVEMENT_02228,vipr_step_and_rotate,바이퍼 스텝 앤 로테이트,JOINT_ACTION,ANKLE_DORSIFLEXION,vipr_step_and_rotate,DRAFT_READY,FINAL_CLOSEOUT_2026-08-04
MOVEMENT_02229,vipr_step_and_rotate,바이퍼 스텝 앤 로테이트,JOINT_ACTION,ANKLE_PLANTARFLEXION,vipr_step_and_rotate,DRAFT_READY,FINAL_CLOSEOUT_2026-08-04
MOVEMENT_02230,vipr_step_and_rotate,바이퍼 스텝 앤 로테이트,JOINT_ACTION,HIP_EXTENSION,vipr_step_and_rotate,DRAFT_READY,FINAL_CLOSEOUT_2026-08-04
MOVEMENT_02231,vipr_step_and_rotate,바이퍼 스텝 앤 로테이트,JOINT_ACTION,HIP_EXTERNAL_ROTATION,vipr_step_and_rotate,DRAFT_READY,FINAL_CLOSEOUT_2026-08-04
MOVEMENT_02232,vipr_step_and_rotate,바이퍼 스텝 앤 로테이트,JOINT_ACTION,HIP_FLEXION,vipr_step_and_rotate,DRAFT_READY,FINAL_CLOSEOUT_2026-08-04
MOVEMENT_02233,vipr_step_and_rotate,바이퍼 스텝 앤 로테이트,JOINT_ACTION,HIP_INTERNAL_ROTATION,vipr_step_and_rotate,DRAFT_READY,FINAL_CLOSEOUT_2026-08-04
MOVEMENT_02234,vipr_step_and_rotate,바이퍼 스텝 앤 로테이트,JOINT_ACTION,KNEE_EXTENSION,vipr_step_and_rotate,DRAFT_READY,FINAL_CLOSEOUT_2026-08-04
MOVEMENT_02235,vipr_step_and_rotate,바이퍼 스텝 앤 로테이트,JOINT_ACTION,KNEE_FLEXION,vipr_step_and_rotate,DRAFT_READY,FINAL_CLOSEOUT_2026-08-04
MOVEMENT_02236,vipr_step_and_rotate,바이퍼 스텝 앤 로테이트,JOINT_ACTION,THORACIC_ROTATION,vipr_step_and_rotate,DRAFT_READY,FINAL_CLOSEOUT_2026-08-04
MOVEMENT_02237,vipr_step_and_rotate,바이퍼 스텝 앤 로테이트,STABILITY_DEMAND,HIGH,vipr_step_and_rotate,DRAFT_READY,FINAL_CLOSEOUT_2026-08-04
MOVEMENT_02238,vipr_step_and_rotate,바이퍼 스텝 앤 로테이트,MOBILITY_DEMAND,MODERATE,vipr_step_and_rotate,DRAFT_READY,FINAL_CLOSEOUT_2026-08-04
MOVEMENT_02239,vipr_step_and_rotate,바이퍼 스텝 앤 로테이트,MOVEMENT_FAMILY,ROTATIONAL_KINETIC_CHAIN,vipr_step_and_rotate,DRAFT_READY,FINAL_CLOSEOUT_2026-08-04
MOVEMENT_02240,vipr_step_and_rotate,바이퍼 스텝 앤 로테이트,MOVEMENT_SUBTYPE,VIPR_STEP_AND_ROTATE,vipr_step_and_rotate,DRAFT_READY,FINAL_CLOSEOUT_2026-08-04
