relationKey,exerciseStableKey,exerciseName,relationType,relationId,role,qualifier,coefficient,confidence,sourceStatus,version,status,sourceStableKey,provenance
OFI_00001,band_lift,밴드 리프트,BADMINTON_FATIGUE_COST,MEDIUM,,,0,1,MIGRATED_CURRENT_BEHAVIOR,ANALYSIS_CONTRACT_BASELINE_V1,,band_lift,analysis_contract_baseline_v1.csv; identity inheritance per final closeout
OFI_00002,band_lift,밴드 리프트,OFI_AXIS,HIGH_FORCE_NEURAL,,MEDIUM,17.1875,1,MIGRATED_CURRENT_BEHAVIOR,ANALYSIS_CONTRACT_BASELINE_V1,,band_lift,analysis_contract_baseline_v1.csv; identity inheritance per final closeout
OFI_00003,band_lift,밴드 리프트,OFI_AXIS,HIGH_SPEED,,MEDIUM,17.1875,1,MIGRATED_CURRENT_BEHAVIOR,ANALYSIS_CONTRACT_BASELINE_V1,,band_lift,analysis_contract_baseline_v1.csv; identity inheritance per final closeout
OFI_00004,band_lift,밴드 리프트,OFI_AXIS,LOCAL_MUSCULAR,,MEDIUM,37.8125,1,MIGRATED_CURRENT_BEHAVIOR,ANALYSIS_CONTRACT_BASELINE_V1,,band_lift,analysis_contract_baseline_v1.csv; identity inheritance per final closeout
OFI_00005,band_lift,밴드 리프트,OFI_AXIS,REACTIVE,,MEDIUM,15.625,1,MIGRATED_CURRENT_BEHAVIOR,ANALYSIS_CONTRACT_BASELINE_V1,,band_lift,analysis_contract_baseline_v1.csv; identity inheritance per final closeout
OFI_00006,band_lift,밴드 리프트,OFI_AXIS,SYSTEMIC_MUSCULAR,,MEDIUM,15.625,1,MIGRATED_CURRENT_BEHAVIOR,ANALYSIS_CONTRACT_BASELINE_V1,,band_lift,analysis_contract_baseline_v1.csv; identity inheritance per final closeout
OFI_00007,band_lift,밴드 리프트,OFI_DOSE,QUALITY_BASED,,THREE_CONFIRMED_SETS_20KG_8REPS_600SECONDS_RPE8,0,1,MIGRATED_CURRENT_BEHAVIOR,ANALYSIS_CONTRACT_BASELINE_V1,,band_lift,analysis_contract_baseline_v1.csv; identity inheritance per final closeout
OFI_00008,band_lift,밴드 리프트,OFI_GROUP,BAND_ROTATIONAL_CHAIN,,LOCAL_REPEAT_DETECTION,0,1,MIGRATED_CURRENT_BEHAVIOR,ANALYSIS_CONTRACT_BASELINE_V1,,band_lift,analysis_contract_baseline_v1.csv; identity inheritance per final closeout
OFI_00009,band_lift,밴드 리프트,OFI_GROUP,ROTATION_POWER,,STRENGTH_COMPARISON,0,1,MIGRATED_CURRENT_BEHAVIOR,ANALYSIS_CONTRACT_BASELINE_V1,,band_lift,analysis_contract_baseline_v1.csv; identity inheritance per final closeout
OFI_00010,band_lift,밴드 리프트,OFI_GROUP,ROTATION_POWER,,WORKLOAD_BASELINE,0,1,MIGRATED_CURRENT_BEHAVIOR,ANALYSIS_CONTRACT_BASELINE_V1,,band_lift,analysis_contract_baseline_v1.csv; identity inheritance per final closeout
OFI_00011,band_lift,밴드 리프트,OFI_SCORE,HIGH_FORCE_NEURAL,,,21,1,MIGRATED_CURRENT_BEHAVIOR,ANALYSIS_CONTRACT_BASELINE_V1,,band_lift,analysis_contract_baseline_v1.csv; identity inheritance per final closeout
OFI_00012,band_lift,밴드 리프트,OFI_SCORE,HIGH_SPEED,,,21,1,MIGRATED_CURRENT_BEHAVIOR,ANALYSIS_CONTRACT_BASELINE_V1,,band_lift,analysis_contract_baseline_v1.csv; identity inheritance per final closeout
OFI_00013,band_lift,밴드 리프트,OFI_SCORE,LOCAL_MUSCULAR,,,47,1,MIGRATED_CURRENT_BEHAVIOR,ANALYSIS_CONTRACT_BASELINE_V1,,band_lift,analysis_contract_baseline_v1.csv; identity inheritance per final closeout
OFI_00014,band_lift,밴드 리프트,OFI_SCORE,REACTIVE,,,20,1,MIGRATED_CURRENT_BEHAVIOR,ANALYSIS_CONTRACT_BASELINE_V1,,band_lift,analysis_contract_baseline_v1.csv; identity inheritance per final closeout
OFI_00015,band_lift,밴드 리프트,OFI_SCORE,SYSTEMIC_MUSCULAR,,,20,1,MIGRATED_CURRENT_BEHAVIOR,ANALYSIS_CONTRACT_BASELINE_V1,,band_lift,analysis_contract_baseline_v1.csv; identity inheritance per final closeout
OFI_00016,band_lift,밴드 리프트,OFI_SNAPSHOT,SUMMARY,LOW,LOW,28,1,MIGRATED_CURRENT_BEHAVIOR,ANALYSIS_CONTRACT_BASELINE_V1,,band_lift,analysis_contract_baseline_v1.csv; identity inheritance per final closeout
OFI_00017,band_pallof_press,밴드 팔로프 프레스,BADMINTON_FATIGUE_COST,MEDIUM,,,0,1,MIGRATED_CURRENT_BEHAVIOR,ANALYSIS_CONTRACT_BASELINE_V1,,ex_99728d25,analysis_contract_baseline_v1.csv; identity inheritance per final closeout
OFI_00018,band_pallof_press,밴드 팔로프 프레스,OFI_AXIS,HIGH_FORCE_NEURAL,,SHORT,17.1875,1,MIGRATED_CURRENT_BEHAVIOR,ANALYSIS_CONTRACT_BASELINE_V1,,ex_99728d25,analysis_contract_baseline_v1.csv; identity inheritance per final closeout
OFI_00019,band_pallof_press,밴드 팔로프 프레스,OFI_AXIS,HIGH_SPEED,,SHORT,17.1875,1,MIGRATED_CURRENT_BEHAVIOR,ANALYSIS_CONTRACT_BASELINE_V1,,ex_99728d25,analysis_contract_baseline_v1.csv; identity inheritance per final closeout
OFI_00020,band_pallof_press,밴드 팔로프 프레스,OFI_AXIS,LOCAL_MUSCULAR,,SHORT,37.8125,1,MIGRATED_CURRENT_BEHAVIOR,ANALYSIS_CONTRACT_BASELINE_V1,,ex_99728d25,analysis_contract_baseline_v1.csv; identity inheritance per final closeout
OFI_00021,band_pallof_press,밴드 팔로프 프레스,OFI_AXIS,REACTIVE,,SHORT,63.75,1,MIGRATED_CURRENT_BEHAVIOR,ANALYSIS_CONTRACT_BASELINE_V1,,ex_99728d25,analysis_contract_baseline_v1.csv; identity inheritance per final closeout
OFI_00022,band_pallof_press,밴드 팔로프 프레스,OFI_AXIS,SYSTEMIC_MUSCULAR,,SHORT,15.625,1,MIGRATED_CURRENT_BEHAVIOR,ANALYSIS_CONTRACT_BASELINE_V1,,ex_99728d25,analysis_contract_baseline_v1.csv; identity inheritance per final closeout
OFI_00023,band_pallof_press,밴드 팔로프 프레스,OFI_DOSE,QUALITY_BASED,,THREE_CONFIRMED_SETS_20KG_8REPS_600SECONDS_RPE8,0,1,MIGRATED_CURRENT_BEHAVIOR,ANALYSIS_CONTRACT_BASELINE_V1,,ex_99728d25,analysis_contract_baseline_v1.csv; identity inheritance per final closeout
OFI_00024,band_pallof_press,밴드 팔로프 프레스,OFI_GROUP,TRUNK_ANTI_MOVEMENT,,LOCAL_REPEAT_DETECTION,0,1,MIGRATED_CURRENT_BEHAVIOR,ANALYSIS_CONTRACT_BASELINE_V1,,ex_99728d25,analysis_contract_baseline_v1.csv; identity inheritance per final closeout
OFI_00025,band_pallof_press,밴드 팔로프 프레스,OFI_GROUP,TRUNK_ANTI_MOVEMENT,,STRENGTH_COMPARISON,0,1,MIGRATED_CURRENT_BEHAVIOR,ANALYSIS_CONTRACT_BASELINE_V1,,ex_99728d25,analysis_contract_baseline_v1.csv; identity inheritance per final closeout
OFI_00026,band_pallof_press,밴드 팔로프 프레스,OFI_GROUP,TRUNK_ANTI_MOVEMENT,,WORKLOAD_BASELINE,0,1,MIGRATED_CURRENT_BEHAVIOR,ANALYSIS_CONTRACT_BASELINE_V1,,ex_99728d25,analysis_contract_baseline_v1.csv; identity inheritance per final closeout
OFI_00027,band_pallof_press,밴드 팔로프 프레스,OFI_SCORE,HIGH_FORCE_NEURAL,,,21,1,MIGRATED_CURRENT_BEHAVIOR,ANALYSIS_CONTRACT_BASELINE_V1,,ex_99728d25,analysis_contract_baseline_v1.csv; identity inheritance per final closeout
OFI_00028,band_pallof_press,밴드 팔로프 프레스,OFI_SCORE,HIGH_SPEED,,,21,1,MIGRATED_CURRENT_BEHAVIOR,ANALYSIS_CONTRACT_BASELINE_V1,,ex_99728d25,analysis_contract_baseline_v1.csv; identity inheritance per final closeout
OFI_00029,band_pallof_press,밴드 팔로프 프레스,OFI_SCORE,LOCAL_MUSCULAR,,,47,1,MIGRATED_CURRENT_BEHAVIOR,ANALYSIS_CONTRACT_BASELINE_V1,,ex_99728d25,analysis_contract_baseline_v1.csv; identity inheritance per final closeout
OFI_00030,band_pallof_press,밴드 팔로프 프레스,OFI_SCORE,REACTIVE,,,80,1,MIGRATED_CURRENT_BEHAVIOR,ANALYSIS_CONTRACT_BASELINE_V1,,ex_99728d25,analysis_contract_baseline_v1.csv; identity inheritance per final closeout
OFI_00031,band_pallof_press,밴드 팔로프 프레스,OFI_SCORE,SYSTEMIC_MUSCULAR,,,20,1,MIGRATED_CURRENT_BEHAVIOR,ANALYSIS_CONTRACT_BASELINE_V1,,ex_99728d25,analysis_contract_baseline_v1.csv; identity inheritance per final closeout
OFI_00032,band_pallof_press,밴드 팔로프 프레스,OFI_SNAPSHOT,SUMMARY,NORMAL,LOW,57,1,MIGRATED_CURRENT_BEHAVIOR,ANALYSIS_CONTRACT_BASELINE_V1,,ex_99728d25,analysis_contract_baseline_v1.csv; identity inheritance per final closeout
OFI_00033,band_woodchop,밴드 우드찹,BADMINTON_FATIGUE_COST,MEDIUM,,,0,1,MIGRATED_CURRENT_BEHAVIOR,ANALYSIS_CONTRACT_BASELINE_V1,,band_woodchop,analysis_contract_baseline_v1.csv; identity inheritance per final closeout
OFI_00034,band_woodchop,밴드 우드찹,OFI_AXIS,HIGH_FORCE_NEURAL,,MEDIUM,17.1875,1,MIGRATED_CURRENT_BEHAVIOR,ANALYSIS_CONTRACT_BASELINE_V1,,band_woodchop,analysis_contract_baseline_v1.csv; identity inheritance per final closeout
OFI_00035,band_woodchop,밴드 우드찹,OFI_AXIS,HIGH_SPEED,,MEDIUM,17.1875,1,MIGRATED_CURRENT_BEHAVIOR,ANALYSIS_CONTRACT_BASELINE_V1,,band_woodchop,analysis_contract_baseline_v1.csv; identity inheritance per final closeout
OFI_00036,band_woodchop,밴드 우드찹,OFI_AXIS,LOCAL_MUSCULAR,,MEDIUM,37.8125,1,MIGRATED_CURRENT_BEHAVIOR,ANALYSIS_CONTRACT_BASELINE_V1,,band_woodchop,analysis_contract_baseline_v1.csv; identity inheritance per final closeout
OFI_00037,band_woodchop,밴드 우드찹,OFI_AXIS,REACTIVE,,MEDIUM,15.625,1,MIGRATED_CURRENT_BEHAVIOR,ANALYSIS_CONTRACT_BASELINE_V1,,band_woodchop,analysis_contract_baseline_v1.csv; identity inheritance per final closeout
OFI_00038,band_woodchop,밴드 우드찹,OFI_AXIS,SYSTEMIC_MUSCULAR,,MEDIUM,15.625,1,MIGRATED_CURRENT_BEHAVIOR,ANALYSIS_CONTRACT_BASELINE_V1,,band_woodchop,analysis_contract_baseline_v1.csv; identity inheritance per final closeout
OFI_00039,band_woodchop,밴드 우드찹,OFI_DOSE,QUALITY_BASED,,THREE_CONFIRMED_SETS_20KG_8REPS_600SECONDS_RPE8,0,1,MIGRATED_CURRENT_BEHAVIOR,ANALYSIS_CONTRACT_BASELINE_V1,,band_woodchop,analysis_contract_baseline_v1.csv; identity inheritance per final closeout
OFI_00040,band_woodchop,밴드 우드찹,OFI_GROUP,BAND_ROTATIONAL_CHAIN,,LOCAL_REPEAT_DETECTION,0,1,MIGRATED_CURRENT_BEHAVIOR,ANALYSIS_CONTRACT_BASELINE_V1,,band_woodchop,analysis_contract_baseline_v1.csv; identity inheritance per final closeout
OFI_00041,band_woodchop,밴드 우드찹,OFI_GROUP,ROTATION_POWER,,STRENGTH_COMPARISON,0,1,MIGRATED_CURRENT_BEHAVIOR,ANALYSIS_CONTRACT_BASELINE_V1,,band_woodchop,analysis_contract_baseline_v1.csv; identity inheritance per final closeout
OFI_00042,band_woodchop,밴드 우드찹,OFI_GROUP,ROTATION_POWER,,WORKLOAD_BASELINE,0,1,MIGRATED_CURRENT_BEHAVIOR,ANALYSIS_CONTRACT_BASELINE_V1,,band_woodchop,analysis_contract_baseline_v1.csv; identity inheritance per final closeout
OFI_00043,band_woodchop,밴드 우드찹,OFI_SCORE,HIGH_FORCE_NEURAL,,,21,1,MIGRATED_CURRENT_BEHAVIOR,ANALYSIS_CONTRACT_BASELINE_V1,,band_woodchop,analysis_contract_baseline_v1.csv; identity inheritance per final closeout
OFI_00044,band_woodchop,밴드 우드찹,OFI_SCORE,HIGH_SPEED,,,21,1,MIGRATED_CURRENT_BEHAVIOR,ANALYSIS_CONTRACT_BASELINE_V1,,band_woodchop,analysis_contract_baseline_v1.csv; identity inheritance per final closeout
OFI_00045,band_woodchop,밴드 우드찹,OFI_SCORE,LOCAL_MUSCULAR,,,47,1,MIGRATED_CURRENT_BEHAVIOR,ANALYSIS_CONTRACT_BASELINE_V1,,band_woodchop,analysis_contract_baseline_v1.csv; identity inheritance per final closeout
OFI_00046,band_woodchop,밴드 우드찹,OFI_SCORE,REACTIVE,,,20,1,MIGRATED_CURRENT_BEHAVIOR,ANALYSIS_CONTRACT_BASELINE_V1,,band_woodchop,analysis_contract_baseline_v1.csv; identity inheritance per final closeout
OFI_00047,band_woodchop,밴드 우드찹,OFI_SCORE,SYSTEMIC_MUSCULAR,,,20,1,MIGRATED_CURRENT_BEHAVIOR,ANALYSIS_CONTRACT_BASELINE_V1,,band_woodchop,analysis_contract_baseline_v1.csv; identity inheritance per final closeout
OFI_00048,band_woodchop,밴드 우드찹,OFI_SNAPSHOT,SUMMARY,LOW,LOW,28,1,MIGRATED_CURRENT_BEHAVIOR,ANALYSIS_CONTRACT_BASELINE_V1,,band_woodchop,analysis_contract_baseline_v1.csv; identity inheritance per final closeout
OFI_00049,barbell_back_squat,스쿼트,BADMINTON_FATIGUE_COST,VERY_HIGH,,,0,1,MIGRATED_CURRENT_BEHAVIOR,ANALYSIS_CONTRACT_BASELINE_V1,,barbell_back_squat,analysis_contract_baseline_v1.csv; identity inheritance per final closeout
OFI_00050,barbell_back_squat,스쿼트,OFI_AXIS,HIGH_FORCE_NEURAL,,VERY_LONG,79.0625,1,MIGRATED_CURRENT_BEHAVIOR,ANALYSIS_CONTRACT_BASELINE_V1,,barbell_back_squat,analysis_contract_baseline_v1.csv; identity inheritance per final closeout
OFI_00051,barbell_back_squat,스쿼트,OFI_AXIS,HIGH_SPEED,,VERY_LONG,17.1875,1,MIGRATED_CURRENT_BEHAVIOR,ANALYSIS_CONTRACT_BASELINE_V1,,barbell_back_squat,analysis_contract_baseline_v1.csv; identity inheritance per final closeout
OFI_00052,barbell_back_squat,스쿼트,OFI_AXIS,LOCAL_MUSCULAR,,VERY_LONG,58.4375,1,MIGRATED_CURRENT_BEHAVIOR,ANALYSIS_CONTRACT_BASELINE_V1,,barbell_back_squat,analysis_contract_baseline_v1.csv; identity inheritance per final closeout
OFI_00053,barbell_back_squat,스쿼트,OFI_AXIS,REACTIVE,,VERY_LONG,15.625,1,MIGRATED_CURRENT_BEHAVIOR,ANALYSIS_CONTRACT_BASELINE_V1,,barbell_back_squat,analysis_contract_baseline_v1.csv; identity inheritance per final closeout
OFI_00054,barbell_back_squat,스쿼트,OFI_AXIS,SYSTEMIC_MUSCULAR,,VERY_LONG,61.09375,1,MIGRATED_CURRENT_BEHAVIOR,ANALYSIS_CONTRACT_BASELINE_V1,,barbell_back_squat,analysis_contract_baseline_v1.csv; identity inheritance per final closeout
OFI_00055,barbell_back_squat,스쿼트,OFI_CAUTION,RECOVERY_DEBT_HIGH,,,0,1,MIGRATED_CURRENT_BEHAVIOR,ANALYSIS_CONTRACT_BASELINE_V1,,barbell_back_squat,analysis_contract_baseline_v1.csv; identity inheritance per final closeout
OFI_00056,barbell_back_squat,스쿼트,OFI_DOSE,ESTIMATED_1RM,,THREE_CONFIRMED_SETS_20KG_8REPS_600SECONDS_RPE8,0,1,MIGRATED_CURRENT_BEHAVIOR,ANALYSIS_CONTRACT_BASELINE_V1,,barbell_back_squat,analysis_contract_baseline_v1.csv; identity inheritance per final closeout
OFI_00057,barbell_back_squat,스쿼트,OFI_GROUP,SQUAT_PATTERN_HEAVY_LOWER,,LOCAL_REPEAT_DETECTION,0,1,MIGRATED_CURRENT_BEHAVIOR,ANALYSIS_CONTRACT_BASELINE_V1,,barbell_back_squat,analysis_contract_baseline_v1.csv; identity inheritance per final closeout
OFI_00058,barbell_back_squat,스쿼트,OFI_GROUP,SQUAT_PATTERN_HEAVY_LOWER,,STRENGTH_COMPARISON,0,1,MIGRATED_CURRENT_BEHAVIOR,ANALYSIS_CONTRACT_BASELINE_V1,,barbell_back_squat,analysis_contract_baseline_v1.csv; identity inheritance per final closeout
OFI_00059,barbell_back_squat,스쿼트,OFI_GROUP,SQUAT_PATTERN_HEAVY_LOWER,,WORKLOAD_BASELINE,0,1,MIGRATED_CURRENT_BEHAVIOR,ANALYSIS_CONTRACT_BASELINE_V1,,barbell_back_squat,analysis_contract_baseline_v1.csv; identity inheritance per final closeout
OFI_00060,barbell_back_squat,스쿼트,OFI_SCORE,HIGH_FORCE_NEURAL,,,99,1,MIGRATED_CURRENT_BEHAVIOR,ANALYSIS_CONTRACT_BASELINE_V1,,barbell_back_squat,analysis_contract_baseline_v1.csv; identity inheritance per final closeout
OFI_00061,barbell_back_squat,스쿼트,OFI_SCORE,HIGH_SPEED,,,21,1,MIGRATED_CURRENT_BEHAVIOR,ANALYSIS_CONTRACT_BASELINE_V1,,barbell_back_squat,analysis_contract_baseline_v1.csv; identity inheritance per final closeout
OFI_00062,barbell_back_squat,스쿼트,OFI_SCORE,LOCAL_MUSCULAR,,,73,1,MIGRATED_CURRENT_BEHAVIOR,ANALYSIS_CONTRACT_BASELINE_V1,,barbell_back_squat,analysis_contract_baseline_v1.csv; identity inheritance per final closeout
OFI_00063,barbell_back_squat,스쿼트,OFI_SCORE,REACTIVE,,,20,1,MIGRATED_CURRENT_BEHAVIOR,ANALYSIS_CONTRACT_BASELINE_V1,,barbell_back_squat,analysis_contract_baseline_v1.csv; identity inheritance per final closeout
OFI_00064,barbell_back_squat,스쿼트,OFI_SCORE,SYSTEMIC_MUSCULAR,,,76,1,MIGRATED_CURRENT_BEHAVIOR,ANALYSIS_CONTRACT_BASELINE_V1,,barbell_back_squat,analysis_contract_baseline_v1.csv; identity inheritance per final closeout
OFI_00065,barbell_back_squat,스쿼트,OFI_SNAPSHOT,SUMMARY,NORMAL,LOW,73,1,MIGRATED_CURRENT_BEHAVIOR,ANALYSIS_CONTRACT_BASELINE_V1,,barbell_back_squat,analysis_contract_baseline_v1.csv; identity inheritance per final closeout
OFI_00066,barbell_bench_press,벤치프레스,BADMINTON_FATIGUE_COST,VERY_HIGH,,,0,1,MIGRATED_CURRENT_BEHAVIOR,ANALYSIS_CONTRACT_BASELINE_V1,,barbell_bench_press,analysis_contract_baseline_v1.csv; identity inheritance per final closeout
OFI_00067,barbell_bench_press,벤치프레스,OFI_AXIS,HIGH_FORCE_NEURAL,,MEDIUM,79.0625,1,MIGRATED_CURRENT_BEHAVIOR,ANALYSIS_CONTRACT_BASELINE_V1,,barbell_bench_press,analysis_contract_baseline_v1.csv; identity inheritance per final closeout
OFI_00068,barbell_bench_press,벤치프레스,OFI_AXIS,HIGH_SPEED,,MEDIUM,17.1875,1,MIGRATED_CURRENT_BEHAVIOR,ANALYSIS_CONTRACT_BASELINE_V1,,barbell_bench_press,analysis_contract_baseline_v1.csv; identity inheritance per final closeout
OFI_00069,barbell_bench_press,벤치프레스,OFI_AXIS,LOCAL_MUSCULAR,,MEDIUM,58.4375,1,MIGRATED_CURRENT_BEHAVIOR,ANALYSIS_CONTRACT_BASELINE_V1,,barbell_bench_press,analysis_contract_baseline_v1.csv; identity inheritance per final closeout
OFI_00070,barbell_bench_press,벤치프레스,OFI_AXIS,REACTIVE,,MEDIUM,15.625,1,MIGRATED_CURRENT_BEHAVIOR,ANALYSIS_CONTRACT_BASELINE_V1,,barbell_bench_press,analysis_contract_baseline_v1.csv; identity inheritance per final closeout
OFI_00071,barbell_bench_press,벤치프레스,OFI_AXIS,SYSTEMIC_MUSCULAR,,MEDIUM,34.375,1,MIGRATED_CURRENT_BEHAVIOR,ANALYSIS_CONTRACT_BASELINE_V1,,barbell_bench_press,analysis_contract_baseline_v1.csv; identity inheritance per final closeout
OFI_00072,barbell_bench_press,벤치프레스,OFI_DOSE,ESTIMATED_1RM,,THREE_CONFIRMED_SETS_20KG_8REPS_600SECONDS_RPE8,0,1,MIGRATED_CURRENT_BEHAVIOR,ANALYSIS_CONTRACT_BASELINE_V1,,barbell_bench_press,analysis_contract_baseline_v1.csv; identity inheritance per final closeout
OFI_00073,barbell_bench_press,벤치프레스,OFI_GROUP,HORIZONTAL_PUSH_COMPOUND,,LOCAL_REPEAT_DETECTION,0,1,MIGRATED_CURRENT_BEHAVIOR,ANALYSIS_CONTRACT_BASELINE_V1,,barbell_bench_press,analysis_contract_baseline_v1.csv; identity inheritance per final closeout
OFI_00074,barbell_bench_press,벤치프레스,OFI_GROUP,HORIZONTAL_PUSH_COMPOUND,,STRENGTH_COMPARISON,0,1,MIGRATED_CURRENT_BEHAVIOR,ANALYSIS_CONTRACT_BASELINE_V1,,barbell_bench_press,analysis_contract_baseline_v1.csv; identity inheritance per final closeout
OFI_00075,barbell_bench_press,벤치프레스,OFI_GROUP,HORIZONTAL_PUSH_COMPOUND,,WORKLOAD_BASELINE,0,1,MIGRATED_CURRENT_BEHAVIOR,ANALYSIS_CONTRACT_BASELINE_V1,,barbell_bench_press,analysis_contract_baseline_v1.csv; identity inheritance per final closeout
OFI_00076,barbell_bench_press,벤치프레스,OFI_SCORE,HIGH_FORCE_NEURAL,,,99,1,MIGRATED_CURRENT_BEHAVIOR,ANALYSIS_CONTRACT_BASELINE_V1,,barbell_bench_press,analysis_contract_baseline_v1.csv; identity inheritance per final closeout
OFI_00077,barbell_bench_press,벤치프레스,OFI_SCORE,HIGH_SPEED,,,21,1,MIGRATED_CURRENT_BEHAVIOR,ANALYSIS_CONTRACT_BASELINE_V1,,barbell_bench_press,analysis_contract_baseline_v1.csv; identity inheritance per final closeout
OFI_00078,barbell_bench_press,벤치프레스,OFI_SCORE,LOCAL_MUSCULAR,,,73,1,MIGRATED_CURRENT_BEHAVIOR,ANALYSIS_CONTRACT_BASELINE_V1,,barbell_bench_press,analysis_contract_baseline_v1.csv; identity inheritance per final closeout
OFI_00079,barbell_bench_press,벤치프레스,OFI_SCORE,REACTIVE,,,20,1,MIGRATED_CURRENT_BEHAVIOR,ANALYSIS_CONTRACT_BASELINE_V1,,barbell_bench_press,analysis_contract_baseline_v1.csv; identity inheritance per final closeout
OFI_00080,barbell_bench_press,벤치프레스,OFI_SCORE,SYSTEMIC_MUSCULAR,,,43,1,MIGRATED_CURRENT_BEHAVIOR,ANALYSIS_CONTRACT_BASELINE_V1,,barbell_bench_press,analysis_contract_baseline_v1.csv; identity inheritance per final closeout
OFI_00081,barbell_bench_press,벤치프레스,OFI_SNAPSHOT,SUMMARY,NORMAL,LOW,70,1,MIGRATED_CURRENT_BEHAVIOR,ANALYSIS_CONTRACT_BASELINE_V1,,barbell_bench_press,analysis_contract_baseline_v1.csv; identity inheritance per final closeout
OFI_00082,barbell_deadlift,데드리프트,BADMINTON_FATIGUE_COST,VERY_HIGH,,,0,1,MIGRATED_CURRENT_BEHAVIOR,ANALYSIS_CONTRACT_BASELINE_V1,,barbell_deadlift,analysis_contract_baseline_v1.csv; identity inheritance per final closeout
OFI_00083,barbell_deadlift,데드리프트,OFI_AXIS,HIGH_FORCE_NEURAL,,VERY_LONG,79.0625,1,MIGRATED_CURRENT_BEHAVIOR,ANALYSIS_CONTRACT_BASELINE_V1,,barbell_deadlift,analysis_contract_baseline_v1.csv; identity inheritance per final closeout
OFI_00084,barbell_deadlift,데드리프트,OFI_AXIS,HIGH_SPEED,,VERY_LONG,17.1875,1,MIGRATED_CURRENT_BEHAVIOR,ANALYSIS_CONTRACT_BASELINE_V1,,barbell_deadlift,analysis_contract_baseline_v1.csv; identity inheritance per final closeout
OFI_00085,barbell_deadlift,데드리프트,OFI_AXIS,LOCAL_MUSCULAR,,VERY_LONG,58.4375,1,MIGRATED_CURRENT_BEHAVIOR,ANALYSIS_CONTRACT_BASELINE_V1,,barbell_deadlift,analysis_contract_baseline_v1.csv; identity inheritance per final closeout
OFI_00086,barbell_deadlift,데드리프트,OFI_AXIS,REACTIVE,,VERY_LONG,15.625,1,MIGRATED_CURRENT_BEHAVIOR,ANALYSIS_CONTRACT_BASELINE_V1,,barbell_deadlift,analysis_contract_baseline_v1.csv; identity inheritance per final closeout
OFI_00087,barbell_deadlift,데드리프트,OFI_AXIS,SYSTEMIC_MUSCULAR,,VERY_LONG,39.53125,1,MIGRATED_CURRENT_BEHAVIOR,ANALYSIS_CONTRACT_BASELINE_V1,,barbell_deadlift,analysis_contract_baseline_v1.csv; identity inheritance per final closeout
OFI_00088,barbell_deadlift,데드리프트,OFI_CAUTION,RECOVERY_DEBT_HIGH,,,0,1,MIGRATED_CURRENT_BEHAVIOR,ANALYSIS_CONTRACT_BASELINE_V1,,barbell_deadlift,analysis_contract_baseline_v1.csv; identity inheritance per final closeout
OFI_00089,barbell_deadlift,데드리프트,OFI_DOSE,ESTIMATED_1RM,,THREE_CONFIRMED_SETS_20KG_8REPS_600SECONDS_RPE8,0,1,MIGRATED_CURRENT_BEHAVIOR,ANALYSIS_CONTRACT_BASELINE_V1,,barbell_deadlift,analysis_contract_baseline_v1.csv; identity inheritance per final closeout
OFI_00090,barbell_deadlift,데드리프트,OFI_GROUP,HEAVY_HINGE,,LOCAL_REPEAT_DETECTION,0,1,MIGRATED_CURRENT_BEHAVIOR,ANALYSIS_CONTRACT_BASELINE_V1,,barbell_deadlift,analysis_contract_baseline_v1.csv; identity inheritance per final closeout
OFI_00091,barbell_deadlift,데드리프트,OFI_GROUP,HEAVY_HINGE,,STRENGTH_COMPARISON,0,1,MIGRATED_CURRENT_BEHAVIOR,ANALYSIS_CONTRACT_BASELINE_V1,,barbell_deadlift,analysis_contract_baseline_v1.csv; identity inheritance per final closeout
OFI_00092,barbell_deadlift,데드리프트,OFI_GROUP,HEAVY_HINGE,,WORKLOAD_BASELINE,0,1,MIGRATED_CURRENT_BEHAVIOR,ANALYSIS_CONTRACT_BASELINE_V1,,barbell_deadlift,analysis_contract_baseline_v1.csv; identity inheritance per final closeout
OFI_00093,barbell_deadlift,데드리프트,OFI_SCORE,HIGH_FORCE_NEURAL,,,99,1,MIGRATED_CURRENT_BEHAVIOR,ANALYSIS_CONTRACT_BASELINE_V1,,barbell_deadlift,analysis_contract_baseline_v1.csv; identity inheritance per final closeout
OFI_00094,barbell_deadlift,데드리프트,OFI_SCORE,HIGH_SPEED,,,21,1,MIGRATED_CURRENT_BEHAVIOR,ANALYSIS_CONTRACT_BASELINE_V1,,barbell_deadlift,analysis_contract_baseline_v1.csv; identity inheritance per final closeout
OFI_00095,barbell_deadlift,데드리프트,OFI_SCORE,LOCAL_MUSCULAR,,,73,1,MIGRATED_CURRENT_BEHAVIOR,ANALYSIS_CONTRACT_BASELINE_V1,,barbell_deadlift,analysis_contract_baseline_v1.csv; identity inheritance per final closeout
OFI_00096,barbell_deadlift,데드리프트,OFI_SCORE,REACTIVE,,,20,1,MIGRATED_CURRENT_BEHAVIOR,ANALYSIS_CONTRACT_BASELINE_V1,,barbell_deadlift,analysis_contract_baseline_v1.csv; identity inheritance per final closeout
OFI_00097,barbell_deadlift,데드리프트,OFI_SCORE,SYSTEMIC_MUSCULAR,,,49,1,MIGRATED_CURRENT_BEHAVIOR,ANALYSIS_CONTRACT_BASELINE_V1,,barbell_deadlift,analysis_contract_baseline_v1.csv; identity inheritance per final closeout
OFI_00098,barbell_deadlift,데드리프트,OFI_SNAPSHOT,SUMMARY,NORMAL,LOW,70,1,MIGRATED_CURRENT_BEHAVIOR,ANALYSIS_CONTRACT_BASELINE_V1,,barbell_deadlift,analysis_contract_baseline_v1.csv; identity inheritance per final closeout
OFI_00099,barbell_reverse_curl,바벨 리버스 컬,BADMINTON_FATIGUE_COST,VERY_HIGH,,,0,1,MIGRATED_CURRENT_BEHAVIOR,ANALYSIS_CONTRACT_BASELINE_V1,,ex_dd2f732e,analysis_contract_baseline_v1.csv; identity inheritance per final closeout
OFI_00100,barbell_reverse_curl,바벨 리버스 컬,OFI_AXIS,HIGH_FORCE_NEURAL,,SHORT,17.1875,1,MIGRATED_CURRENT_BEHAVIOR,ANALYSIS_CONTRACT_BASELINE_V1,,ex_dd2f732e,analysis_contract_baseline_v1.csv; identity inheritance per final closeout
OFI_00101,barbell_reverse_curl,바벨 리버스 컬,OFI_AXIS,HIGH_SPEED,,SHORT,17.1875,1,MIGRATED_CURRENT_BEHAVIOR,ANALYSIS_CONTRACT_BASELINE_V1,,ex_dd2f732e,analysis_contract_baseline_v1.csv; identity inheritance per final closeout
OFI_00102,barbell_reverse_curl,바벨 리버스 컬,OFI_AXIS,LOCAL_MUSCULAR,,SHORT,58.4375,1,MIGRATED_CURRENT_BEHAVIOR,ANALYSIS_CONTRACT_BASELINE_V1,,ex_dd2f732e,analysis_contract_baseline_v1.csv; identity inheritance per final closeout
OFI_00103,barbell_reverse_curl,바벨 리버스 컬,OFI_AXIS,REACTIVE,,SHORT,15.625,1,MIGRATED_CURRENT_BEHAVIOR,ANALYSIS_CONTRACT_BASELINE_V1,,ex_dd2f732e,analysis_contract_baseline_v1.csv; identity inheritance per final closeout
OFI_00104,barbell_reverse_curl,바벨 리버스 컬,OFI_AXIS,SYSTEMIC_MUSCULAR,,SHORT,13.28125,1,MIGRATED_CURRENT_BEHAVIOR,ANALYSIS_CONTRACT_BASELINE_V1,,ex_dd2f732e,analysis_contract_baseline_v1.csv; identity inheritance per final closeout
OFI_00105,barbell_reverse_curl,바벨 리버스 컬,OFI_DOSE,VOLUME_LOAD,,THREE_CONFIRMED_SETS_20KG_8REPS_600SECONDS_RPE8,0,1,MIGRATED_CURRENT_BEHAVIOR,ANALYSIS_CONTRACT_BASELINE_V1,,ex_dd2f732e,analysis_contract_baseline_v1.csv; identity inheritance per final closeout
OFI_00106,barbell_reverse_curl,바벨 리버스 컬,OFI_GROUP,ELBOW_FLEXION_NEUTRAL_PRONATED_CURL,,LOCAL_REPEAT_DETECTION,0,1,MIGRATED_CURRENT_BEHAVIOR,ANALYSIS_CONTRACT_BASELINE_V1,,ex_dd2f732e,analysis_contract_baseline_v1.csv; identity inheritance per final closeout
OFI_00107,barbell_reverse_curl,바벨 리버스 컬,OFI_GROUP,ELBOW_FLEXION_NEUTRAL_PRONATED_CURL,,STRENGTH_COMPARISON,0,1,MIGRATED_CURRENT_BEHAVIOR,ANALYSIS_CONTRACT_BASELINE_V1,,ex_dd2f732e,analysis_contract_baseline_v1.csv; identity inheritance per final closeout
OFI_00108,barbell_reverse_curl,바벨 리버스 컬,OFI_GROUP,ELBOW_FLEXION_NEUTRAL_PRONATED_CURL,,WORKLOAD_BASELINE,0,1,MIGRATED_CURRENT_BEHAVIOR,ANALYSIS_CONTRACT_BASELINE_V1,,ex_dd2f732e,analysis_contract_baseline_v1.csv; identity inheritance per final closeout
OFI_00109,barbell_reverse_curl,바벨 리버스 컬,OFI_SCORE,HIGH_FORCE_NEURAL,,,21,1,MIGRATED_CURRENT_BEHAVIOR,ANALYSIS_CONTRACT_BASELINE_V1,,ex_dd2f732e,analysis_contract_baseline_v1.csv; identity inheritance per final closeout
OFI_00110,barbell_reverse_curl,바벨 리버스 컬,OFI_SCORE,HIGH_SPEED,,,21,1,MIGRATED_CURRENT_BEHAVIOR,ANALYSIS_CONTRACT_BASELINE_V1,,ex_dd2f732e,analysis_contract_baseline_v1.csv; identity inheritance per final closeout
OFI_00111,barbell_reverse_curl,바벨 리버스 컬,OFI_SCORE,LOCAL_MUSCULAR,,,73,1,MIGRATED_CURRENT_BEHAVIOR,ANALYSIS_CONTRACT_BASELINE_V1,,ex_dd2f732e,analysis_contract_baseline_v1.csv; identity inheritance per final closeout
OFI_00112,barbell_reverse_curl,바벨 리버스 컬,OFI_SCORE,REACTIVE,,,20,1,MIGRATED_CURRENT_BEHAVIOR,ANALYSIS_CONTRACT_BASELINE_V1,,ex_dd2f732e,analysis_contract_baseline_v1.csv; identity inheritance per final closeout
OFI_00113,barbell_reverse_curl,바벨 리버스 컬,OFI_SCORE,SYSTEMIC_MUSCULAR,,,17,1,MIGRATED_CURRENT_BEHAVIOR,ANALYSIS_CONTRACT_BASELINE_V1,,ex_dd2f732e,analysis_contract_baseline_v1.csv; identity inheritance per final closeout
OFI_00114,barbell_reverse_curl,바벨 리버스 컬,OFI_SNAPSHOT,SUMMARY,LOW,LOW,39,1,MIGRATED_CURRENT_BEHAVIOR,ANALYSIS_CONTRACT_BASELINE_V1,,ex_dd2f732e,analysis_contract_baseline_v1.csv; identity inheritance per final closeout
OFI_00115,barbell_reverse_wrist_curl,바벨 리버스 리스트 컬,BADMINTON_FATIGUE_COST,VERY_HIGH,,,0,1,MIGRATED_CURRENT_BEHAVIOR,ANALYSIS_CONTRACT_BASELINE_V1,,ex_8e18b02a,analysis_contract_baseline_v1.csv; identity inheritance per final closeout
OFI_00116,barbell_reverse_wrist_curl,바벨 리버스 리스트 컬,OFI_AXIS,HIGH_FORCE_NEURAL,,SHORT,17.1875,1,MIGRATED_CURRENT_BEHAVIOR,ANALYSIS_CONTRACT_BASELINE_V1,,ex_8e18b02a,analysis_contract_baseline_v1.csv; identity inheritance per final closeout
OFI_00117,barbell_reverse_wrist_curl,바벨 리버스 리스트 컬,OFI_AXIS,HIGH_SPEED,,SHORT,17.1875,1,MIGRATED_CURRENT_BEHAVIOR,ANALYSIS_CONTRACT_BASELINE_V1,,ex_8e18b02a,analysis_contract_baseline_v1.csv; identity inheritance per final closeout
OFI_00118,barbell_reverse_wrist_curl,바벨 리버스 리스트 컬,OFI_AXIS,LOCAL_MUSCULAR,,SHORT,58.4375,1,MIGRATED_CURRENT_BEHAVIOR,ANALYSIS_CONTRACT_BASELINE_V1,,ex_8e18b02a,analysis_contract_baseline_v1.csv; identity inheritance per final closeout
OFI_00119,barbell_reverse_wrist_curl,바벨 리버스 리스트 컬,OFI_AXIS,REACTIVE,,SHORT,15.625,1,MIGRATED_CURRENT_BEHAVIOR,ANALYSIS_CONTRACT_BASELINE_V1,,ex_8e18b02a,analysis_contract_baseline_v1.csv; identity inheritance per final closeout
OFI_00120,barbell_reverse_wrist_curl,바벨 리버스 리스트 컬,OFI_AXIS,SYSTEMIC_MUSCULAR,,SHORT,13.28125,1,MIGRATED_CURRENT_BEHAVIOR,ANALYSIS_CONTRACT_BASELINE_V1,,ex_8e18b02a,analysis_contract_baseline_v1.csv; identity inheritance per final closeout
OFI_00121,barbell_reverse_wrist_curl,바벨 리버스 리스트 컬,OFI_DOSE,LOAD_REPS,,THREE_CONFIRMED_SETS_20KG_8REPS_600SECONDS_RPE8,0,1,MIGRATED_CURRENT_BEHAVIOR,ANALYSIS_CONTRACT_BASELINE_V1,,ex_8e18b02a,analysis_contract_baseline_v1.csv; identity inheritance per final closeout
OFI_00122,barbell_reverse_wrist_curl,바벨 리버스 리스트 컬,OFI_GROUP,FOREARM_WRIST_GRIP_ACCESSORY,,LOCAL_REPEAT_DETECTION,0,1,MIGRATED_CURRENT_BEHAVIOR,ANALYSIS_CONTRACT_BASELINE_V1,,ex_8e18b02a,analysis_contract_baseline_v1.csv; identity inheritance per final closeout
OFI_00123,barbell_reverse_wrist_curl,바벨 리버스 리스트 컬,OFI_GROUP,FOREARM_WRIST_GRIP_ACCESSORY,,STRENGTH_COMPARISON,0,1,MIGRATED_CURRENT_BEHAVIOR,ANALYSIS_CONTRACT_BASELINE_V1,,ex_8e18b02a,analysis_contract_baseline_v1.csv; identity inheritance per final closeout
OFI_00124,barbell_reverse_wrist_curl,바벨 리버스 리스트 컬,OFI_GROUP,FOREARM_WRIST_GRIP_ACCESSORY,,WORKLOAD_BASELINE,0,1,MIGRATED_CURRENT_BEHAVIOR,ANALYSIS_CONTRACT_BASELINE_V1,,ex_8e18b02a,analysis_contract_baseline_v1.csv; identity inheritance per final closeout
OFI_00125,barbell_reverse_wrist_curl,바벨 리버스 리스트 컬,OFI_SCORE,HIGH_FORCE_NEURAL,,,21,1,MIGRATED_CURRENT_BEHAVIOR,ANALYSIS_CONTRACT_BASELINE_V1,,ex_8e18b02a,analysis_contract_baseline_v1.csv; identity inheritance per final closeout
OFI_00126,barbell_reverse_wrist_curl,바벨 리버스 리스트 컬,OFI_SCORE,HIGH_SPEED,,,21,1,MIGRATED_CURRENT_BEHAVIOR,ANALYSIS_CONTRACT_BASELINE_V1,,ex_8e18b02a,analysis_contract_baseline_v1.csv; identity inheritance per final closeout
OFI_00127,barbell_reverse_wrist_curl,바벨 리버스 리스트 컬,OFI_SCORE,LOCAL_MUSCULAR,,,73,1,MIGRATED_CURRENT_BEHAVIOR,ANALYSIS_CONTRACT_BASELINE_V1,,ex_8e18b02a,analysis_contract_baseline_v1.csv; identity inheritance per final closeout
OFI_00128,barbell_reverse_wrist_curl,바벨 리버스 리스트 컬,OFI_SCORE,REACTIVE,,,20,1,MIGRATED_CURRENT_BEHAVIOR,ANALYSIS_CONTRACT_BASELINE_V1,,ex_8e18b02a,analysis_contract_baseline_v1.csv; identity inheritance per final closeout
OFI_00129,barbell_reverse_wrist_curl,바벨 리버스 리스트 컬,OFI_SCORE,SYSTEMIC_MUSCULAR,,,17,1,MIGRATED_CURRENT_BEHAVIOR,ANALYSIS_CONTRACT_BASELINE_V1,,ex_8e18b02a,analysis_contract_baseline_v1.csv; identity inheritance per final closeout
OFI_00130,barbell_reverse_wrist_curl,바벨 리버스 리스트 컬,OFI_SNAPSHOT,SUMMARY,LOW,LOW,39,1,MIGRATED_CURRENT_BEHAVIOR,ANALYSIS_CONTRACT_BASELINE_V1,,ex_8e18b02a,analysis_contract_baseline_v1.csv; identity inheritance per final closeout
OFI_00131,barbell_romanian_deadlift,루마니안 바벨 데드리프트,BADMINTON_FATIGUE_COST,VERY_HIGH,,,0,1,MIGRATED_CURRENT_BEHAVIOR,ANALYSIS_CONTRACT_BASELINE_V1,,barbell_romanian_deadlift,analysis_contract_baseline_v1.csv; identity inheritance per final closeout
OFI_00132,barbell_romanian_deadlift,루마니안 바벨 데드리프트,OFI_AXIS,HIGH_FORCE_NEURAL,,LONG,79.0625,1,MIGRATED_CURRENT_BEHAVIOR,ANALYSIS_CONTRACT_BASELINE_V1,,barbell_romanian_deadlift,analysis_contract_baseline_v1.csv; identity inheritance per final closeout
OFI_00133,barbell_romanian_deadlift,루마니안 바벨 데드리프트,OFI_AXIS,HIGH_SPEED,,LONG,17.1875,1,MIGRATED_CURRENT_BEHAVIOR,ANALYSIS_CONTRACT_BASELINE_V1,,barbell_romanian_deadlift,analysis_contract_baseline_v1.csv; identity inheritance per final closeout
OFI_00134,barbell_romanian_deadlift,루마니안 바벨 데드리프트,OFI_AXIS,LOCAL_MUSCULAR,,LONG,58.4375,1,MIGRATED_CURRENT_BEHAVIOR,ANALYSIS_CONTRACT_BASELINE_V1,,barbell_romanian_deadlift,analysis_contract_baseline_v1.csv; identity inheritance per final closeout
OFI_00135,barbell_romanian_deadlift,루마니안 바벨 데드리프트,OFI_AXIS,REACTIVE,,LONG,15.625,1,MIGRATED_CURRENT_BEHAVIOR,ANALYSIS_CONTRACT_BASELINE_V1,,barbell_romanian_deadlift,analysis_contract_baseline_v1.csv; identity inheritance per final closeout
OFI_00136,barbell_romanian_deadlift,루마니안 바벨 데드리프트,OFI_AXIS,SYSTEMIC_MUSCULAR,,LONG,39.53125,1,MIGRATED_CURRENT_BEHAVIOR,ANALYSIS_CONTRACT_BASELINE_V1,,barbell_romanian_deadlift,analysis_contract_baseline_v1.csv; identity inheritance per final closeout
OFI_00137,barbell_romanian_deadlift,루마니안 바벨 데드리프트,OFI_DOSE,ESTIMATED_1RM,,THREE_CONFIRMED_SETS_20KG_8REPS_600SECONDS_RPE8,0,1,MIGRATED_CURRENT_BEHAVIOR,ANALYSIS_CONTRACT_BASELINE_V1,,barbell_romanian_deadlift,analysis_contract_baseline_v1.csv; identity inheritance per final closeout
OFI_00138,barbell_romanian_deadlift,루마니안 바벨 데드리프트,OFI_GROUP,HEAVY_HINGE,,LOCAL_REPEAT_DETECTION,0,1,MIGRATED_CURRENT_BEHAVIOR,ANALYSIS_CONTRACT_BASELINE_V1,,barbell_romanian_deadlift,analysis_contract_baseline_v1.csv; identity inheritance per final closeout
OFI_00139,barbell_romanian_deadlift,루마니안 바벨 데드리프트,OFI_GROUP,HEAVY_HINGE,,STRENGTH_COMPARISON,0,1,MIGRATED_CURRENT_BEHAVIOR,ANALYSIS_CONTRACT_BASELINE_V1,,barbell_romanian_deadlift,analysis_contract_baseline_v1.csv; identity inheritance per final closeout
OFI_00140,barbell_romanian_deadlift,루마니안 바벨 데드리프트,OFI_GROUP,HEAVY_HINGE,,WORKLOAD_BASELINE,0,1,MIGRATED_CURRENT_BEHAVIOR,ANALYSIS_CONTRACT_BASELINE_V1,,barbell_romanian_deadlift,analysis_contract_baseline_v1.csv; identity inheritance per final closeout
OFI_00141,barbell_romanian_deadlift,루마니안 바벨 데드리프트,OFI_SCORE,HIGH_FORCE_NEURAL,,,99,1,MIGRATED_CURRENT_BEHAVIOR,ANALYSIS_CONTRACT_BASELINE_V1,,barbell_romanian_deadlift,analysis_contract_baseline_v1.csv; identity inheritance per final closeout
OFI_00142,barbell_romanian_deadlift,루마니안 바벨 데드리프트,OFI_SCORE,HIGH_SPEED,,,21,1,MIGRATED_CURRENT_BEHAVIOR,ANALYSIS_CONTRACT_BASELINE_V1,,barbell_romanian_deadlift,analysis_contract_baseline_v1.csv; identity inheritance per final closeout
OFI_00143,barbell_romanian_deadlift,루마니안 바벨 데드리프트,OFI_SCORE,LOCAL_MUSCULAR,,,73,1,MIGRATED_CURRENT_BEHAVIOR,ANALYSIS_CONTRACT_BASELINE_V1,,barbell_romanian_deadlift,analysis_contract_baseline_v1.csv; identity inheritance per final closeout
OFI_00144,barbell_romanian_deadlift,루마니안 바벨 데드리프트,OFI_SCORE,REACTIVE,,,20,1,MIGRATED_CURRENT_BEHAVIOR,ANALYSIS_CONTRACT_BASELINE_V1,,barbell_romanian_deadlift,analysis_contract_baseline_v1.csv; identity inheritance per final closeout
OFI_00145,barbell_romanian_deadlift,루마니안 바벨 데드리프트,OFI_SCORE,SYSTEMIC_MUSCULAR,,,49,1,MIGRATED_CURRENT_BEHAVIOR,ANALYSIS_CONTRACT_BASELINE_V1,,barbell_romanian_deadlift,analysis_contract_baseline_v1.csv; identity inheritance per final closeout
OFI_00146,barbell_romanian_deadlift,루마니안 바벨 데드리프트,OFI_SNAPSHOT,SUMMARY,NORMAL,LOW,70,1,MIGRATED_CURRENT_BEHAVIOR,ANALYSIS_CONTRACT_BASELINE_V1,,barbell_romanian_deadlift,analysis_contract_baseline_v1.csv; identity inheritance per final closeout
OFI_00147,cable_hip_adduction,케이블 힙 어덕션,BADMINTON_FATIGUE_COST,HIGH,,,0,1,MIGRATED_CURRENT_BEHAVIOR,ANALYSIS_CONTRACT_BASELINE_V1,,ex_eaea872c,analysis_contract_baseline_v1.csv; identity inheritance per final closeout
OFI_00148,cable_hip_adduction,케이블 힙 어덕션,OFI_AXIS,HIGH_FORCE_NEURAL,,SHORT,17.1875,1,MIGRATED_CURRENT_BEHAVIOR,ANALYSIS_CONTRACT_BASELINE_V1,,ex_eaea872c,analysis_contract_baseline_v1.csv; identity inheritance per final closeout
OFI_00149,cable_hip_adduction,케이블 힙 어덕션,OFI_AXIS,HIGH_SPEED,,SHORT,70.125,1,MIGRATED_CURRENT_BEHAVIOR,ANALYSIS_CONTRACT_BASELINE_V1,,ex_eaea872c,analysis_contract_baseline_v1.csv; identity inheritance per final closeout
OFI_00150,cable_hip_adduction,케이블 힙 어덕션,OFI_AXIS,LOCAL_MUSCULAR,,SHORT,58.4375,1,MIGRATED_CURRENT_BEHAVIOR,ANALYSIS_CONTRACT_BASELINE_V1,,ex_eaea872c,analysis_contract_baseline_v1.csv; identity inheritance per final closeout
OFI_00151,cable_hip_adduction,케이블 힙 어덕션,OFI_AXIS,REACTIVE,,SHORT,63.75,1,MIGRATED_CURRENT_BEHAVIOR,ANALYSIS_CONTRACT_BASELINE_V1,,ex_eaea872c,analysis_contract_baseline_v1.csv; identity inheritance per final closeout
OFI_00152,cable_hip_adduction,케이블 힙 어덕션,OFI_AXIS,SYSTEMIC_MUSCULAR,,SHORT,13.28125,1,MIGRATED_CURRENT_BEHAVIOR,ANALYSIS_CONTRACT_BASELINE_V1,,ex_eaea872c,analysis_contract_baseline_v1.csv; identity inheritance per final closeout
OFI_00153,cable_hip_adduction,케이블 힙 어덕션,OFI_DOSE,LOAD_REPS,,THREE_CONFIRMED_SETS_20KG_8REPS_600SECONDS_RPE8,0,1,MIGRATED_CURRENT_BEHAVIOR,ANALYSIS_CONTRACT_BASELINE_V1,,ex_eaea872c,analysis_contract_baseline_v1.csv; identity inheritance per final closeout
OFI_00154,cable_hip_adduction,케이블 힙 어덕션,OFI_GROUP,HIP_ADDUCTION_ACCESSORY,,LOCAL_REPEAT_DETECTION,0,1,MIGRATED_CURRENT_BEHAVIOR,ANALYSIS_CONTRACT_BASELINE_V1,,ex_eaea872c,analysis_contract_baseline_v1.csv; identity inheritance per final closeout
OFI_00155,cable_hip_adduction,케이블 힙 어덕션,OFI_GROUP,HIP_ADDUCTION_ACCESSORY,,STRENGTH_COMPARISON,0,1,MIGRATED_CURRENT_BEHAVIOR,ANALYSIS_CONTRACT_BASELINE_V1,,ex_eaea872c,analysis_contract_baseline_v1.csv; identity inheritance per final closeout
OFI_00156,cable_hip_adduction,케이블 힙 어덕션,OFI_GROUP,HIP_ADDUCTION_ACCESSORY,,WORKLOAD_BASELINE,0,1,MIGRATED_CURRENT_BEHAVIOR,ANALYSIS_CONTRACT_BASELINE_V1,,ex_eaea872c,analysis_contract_baseline_v1.csv; identity inheritance per final closeout
OFI_00157,cable_hip_adduction,케이블 힙 어덕션,OFI_SCORE,HIGH_FORCE_NEURAL,,,21,1,MIGRATED_CURRENT_BEHAVIOR,ANALYSIS_CONTRACT_BASELINE_V1,,ex_eaea872c,analysis_contract_baseline_v1.csv; identity inheritance per final closeout
OFI_00158,cable_hip_adduction,케이블 힙 어덕션,OFI_SCORE,HIGH_SPEED,,,88,1,MIGRATED_CURRENT_BEHAVIOR,ANALYSIS_CONTRACT_BASELINE_V1,,ex_eaea872c,analysis_contract_baseline_v1.csv; identity inheritance per final closeout
OFI_00159,cable_hip_adduction,케이블 힙 어덕션,OFI_SCORE,LOCAL_MUSCULAR,,,73,1,MIGRATED_CURRENT_BEHAVIOR,ANALYSIS_CONTRACT_BASELINE_V1,,ex_eaea872c,analysis_contract_baseline_v1.csv; identity inheritance per final closeout
OFI_00160,cable_hip_adduction,케이블 힙 어덕션,OFI_SCORE,REACTIVE,,,80,1,MIGRATED_CURRENT_BEHAVIOR,ANALYSIS_CONTRACT_BASELINE_V1,,ex_eaea872c,analysis_contract_baseline_v1.csv; identity inheritance per final closeout
OFI_00161,cable_hip_adduction,케이블 힙 어덕션,OFI_SCORE,SYSTEMIC_MUSCULAR,,,17,1,MIGRATED_CURRENT_BEHAVIOR,ANALYSIS_CONTRACT_BASELINE_V1,,ex_eaea872c,analysis_contract_baseline_v1.csv; identity inheritance per final closeout
OFI_00162,cable_hip_adduction,케이블 힙 어덕션,OFI_SNAPSHOT,SUMMARY,NORMAL,LOW,72,1,MIGRATED_CURRENT_BEHAVIOR,ANALYSIS_CONTRACT_BASELINE_V1,,ex_eaea872c,analysis_contract_baseline_v1.csv; identity inheritance per final closeout
OFI_00163,cable_lift,케이블 리프트,BADMINTON_FATIGUE_COST,MEDIUM,,,0,1,MIGRATED_CURRENT_BEHAVIOR,ANALYSIS_CONTRACT_BASELINE_V1,,cable_lift,analysis_contract_baseline_v1.csv; identity inheritance per final closeout
OFI_00164,cable_lift,케이블 리프트,OFI_AXIS,HIGH_FORCE_NEURAL,,MEDIUM,17.1875,1,MIGRATED_CURRENT_BEHAVIOR,ANALYSIS_CONTRACT_BASELINE_V1,,cable_lift,analysis_contract_baseline_v1.csv; identity inheritance per final closeout
OFI_00165,cable_lift,케이블 리프트,OFI_AXIS,HIGH_SPEED,,MEDIUM,17.1875,1,MIGRATED_CURRENT_BEHAVIOR,ANALYSIS_CONTRACT_BASELINE_V1,,cable_lift,analysis_contract_baseline_v1.csv; identity inheritance per final closeout
OFI_00166,cable_lift,케이블 리프트,OFI_AXIS,LOCAL_MUSCULAR,,MEDIUM,37.8125,1,MIGRATED_CURRENT_BEHAVIOR,ANALYSIS_CONTRACT_BASELINE_V1,,cable_lift,analysis_contract_baseline_v1.csv; identity inheritance per final closeout
OFI_00167,cable_lift,케이블 리프트,OFI_AXIS,REACTIVE,,MEDIUM,15.625,1,MIGRATED_CURRENT_BEHAVIOR,ANALYSIS_CONTRACT_BASELINE_V1,,cable_lift,analysis_contract_baseline_v1.csv; identity inheritance per final closeout
OFI_00168,cable_lift,케이블 리프트,OFI_AXIS,SYSTEMIC_MUSCULAR,,MEDIUM,15.625,1,MIGRATED_CURRENT_BEHAVIOR,ANALYSIS_CONTRACT_BASELINE_V1,,cable_lift,analysis_contract_baseline_v1.csv; identity inheritance per final closeout
OFI_00169,cable_lift,케이블 리프트,OFI_DOSE,QUALITY_BASED,,THREE_CONFIRMED_SETS_20KG_8REPS_600SECONDS_RPE8,0,1,MIGRATED_CURRENT_BEHAVIOR,ANALYSIS_CONTRACT_BASELINE_V1,,cable_lift,analysis_contract_baseline_v1.csv; identity inheritance per final closeout
OFI_00170,cable_lift,케이블 리프트,OFI_GROUP,CABLE_ROTATIONAL_CHAIN,,LOCAL_REPEAT_DETECTION,0,1,MIGRATED_CURRENT_BEHAVIOR,ANALYSIS_CONTRACT_BASELINE_V1,,cable_lift,analysis_contract_baseline_v1.csv; identity inheritance per final closeout
OFI_00171,cable_lift,케이블 리프트,OFI_GROUP,ROTATION_POWER,,STRENGTH_COMPARISON,0,1,MIGRATED_CURRENT_BEHAVIOR,ANALYSIS_CONTRACT_BASELINE_V1,,cable_lift,analysis_contract_baseline_v1.csv; identity inheritance per final closeout
OFI_00172,cable_lift,케이블 리프트,OFI_GROUP,ROTATION_POWER,,WORKLOAD_BASELINE,0,1,MIGRATED_CURRENT_BEHAVIOR,ANALYSIS_CONTRACT_BASELINE_V1,,cable_lift,analysis_contract_baseline_v1.csv; identity inheritance per final closeout
OFI_00173,cable_lift,케이블 리프트,OFI_SCORE,HIGH_FORCE_NEURAL,,,21,1,MIGRATED_CURRENT_BEHAVIOR,ANALYSIS_CONTRACT_BASELINE_V1,,cable_lift,analysis_contract_baseline_v1.csv; identity inheritance per final closeout
OFI_00174,cable_lift,케이블 리프트,OFI_SCORE,HIGH_SPEED,,,21,1,MIGRATED_CURRENT_BEHAVIOR,ANALYSIS_CONTRACT_BASELINE_V1,,cable_lift,analysis_contract_baseline_v1.csv; identity inheritance per final closeout
OFI_00175,cable_lift,케이블 리프트,OFI_SCORE,LOCAL_MUSCULAR,,,47,1,MIGRATED_CURRENT_BEHAVIOR,ANALYSIS_CONTRACT_BASELINE_V1,,cable_lift,analysis_contract_baseline_v1.csv; identity inheritance per final closeout
OFI_00176,cable_lift,케이블 리프트,OFI_SCORE,REACTIVE,,,20,1,MIGRATED_CURRENT_BEHAVIOR,ANALYSIS_CONTRACT_BASELINE_V1,,cable_lift,analysis_contract_baseline_v1.csv; identity inheritance per final closeout
OFI_00177,cable_lift,케이블 리프트,OFI_SCORE,SYSTEMIC_MUSCULAR,,,20,1,MIGRATED_CURRENT_BEHAVIOR,ANALYSIS_CONTRACT_BASELINE_V1,,cable_lift,analysis_contract_baseline_v1.csv; identity inheritance per final closeout
OFI_00178,cable_lift,케이블 리프트,OFI_SNAPSHOT,SUMMARY,LOW,LOW,28,1,MIGRATED_CURRENT_BEHAVIOR,ANALYSIS_CONTRACT_BASELINE_V1,,cable_lift,analysis_contract_baseline_v1.csv; identity inheritance per final closeout
OFI_00179,cable_overhead_triceps_extension,케이블 오버헤드 트라이셉스 익스텐션,BADMINTON_FATIGUE_COST,MEDIUM,,,0,1,MIGRATED_CURRENT_BEHAVIOR,ANALYSIS_CONTRACT_BASELINE_V1,,ex_a9e8859c,analysis_contract_baseline_v1.csv; identity inheritance per final closeout
OFI_00180,cable_overhead_triceps_extension,케이블 오버헤드 트라이셉스 익스텐션,OFI_AXIS,HIGH_FORCE_NEURAL,,MEDIUM,17.1875,1,MIGRATED_CURRENT_BEHAVIOR,ANALYSIS_CONTRACT_BASELINE_V1,,ex_a9e8859c,analysis_contract_baseline_v1.csv; identity inheritance per final closeout
OFI_00181,cable_overhead_triceps_extension,케이블 오버헤드 트라이셉스 익스텐션,OFI_AXIS,HIGH_SPEED,,MEDIUM,17.1875,1,MIGRATED_CURRENT_BEHAVIOR,ANALYSIS_CONTRACT_BASELINE_V1,,ex_a9e8859c,analysis_contract_baseline_v1.csv; identity inheritance per final closeout
OFI_00182,cable_overhead_triceps_extension,케이블 오버헤드 트라이셉스 익스텐션,OFI_AXIS,LOCAL_MUSCULAR,,MEDIUM,58.4375,1,MIGRATED_CURRENT_BEHAVIOR,ANALYSIS_CONTRACT_BASELINE_V1,,ex_a9e8859c,analysis_contract_baseline_v1.csv; identity inheritance per final closeout
OFI_00183,cable_overhead_triceps_extension,케이블 오버헤드 트라이셉스 익스텐션,OFI_AXIS,REACTIVE,,MEDIUM,15.625,1,MIGRATED_CURRENT_BEHAVIOR,ANALYSIS_CONTRACT_BASELINE_V1,,ex_a9e8859c,analysis_contract_baseline_v1.csv; identity inheritance per final closeout
OFI_00184,cable_overhead_triceps_extension,케이블 오버헤드 트라이셉스 익스텐션,OFI_AXIS,SYSTEMIC_MUSCULAR,,MEDIUM,13.28125,1,MIGRATED_CURRENT_BEHAVIOR,ANALYSIS_CONTRACT_BASELINE_V1,,ex_a9e8859c,analysis_contract_baseline_v1.csv; identity inheritance per final closeout
OFI_00185,cable_overhead_triceps_extension,케이블 오버헤드 트라이셉스 익스텐션,OFI_DOSE,VOLUME_LOAD,,THREE_CONFIRMED_SETS_20KG_8REPS_600SECONDS_RPE8,0,1,MIGRATED_CURRENT_BEHAVIOR,ANALYSIS_CONTRACT_BASELINE_V1,,ex_a9e8859c,analysis_contract_baseline_v1.csv; identity inheritance per final closeout
OFI_00186,cable_overhead_triceps_extension,케이블 오버헤드 트라이셉스 익스텐션,OFI_GROUP,OVERHEAD_TRICEPS_LONG_HEAD,,LOCAL_REPEAT_DETECTION,0,1,MIGRATED_CURRENT_BEHAVIOR,ANALYSIS_CONTRACT_BASELINE_V1,,ex_a9e8859c,analysis_contract_baseline_v1.csv; identity inheritance per final closeout
OFI_00187,cable_overhead_triceps_extension,케이블 오버헤드 트라이셉스 익스텐션,OFI_GROUP,OVERHEAD_TRICEPS_LONG_HEAD,,STRENGTH_COMPARISON,0,1,MIGRATED_CURRENT_BEHAVIOR,ANALYSIS_CONTRACT_BASELINE_V1,,ex_a9e8859c,analysis_contract_baseline_v1.csv; identity inheritance per final closeout
OFI_00188,cable_overhead_triceps_extension,케이블 오버헤드 트라이셉스 익스텐션,OFI_GROUP,OVERHEAD_TRICEPS_LONG_HEAD,,WORKLOAD_BASELINE,0,1,MIGRATED_CURRENT_BEHAVIOR,ANALYSIS_CONTRACT_BASELINE_V1,,ex_a9e8859c,analysis_contract_baseline_v1.csv; identity inheritance per final closeout
OFI_00189,cable_overhead_triceps_extension,케이블 오버헤드 트라이셉스 익스텐션,OFI_SCORE,HIGH_FORCE_NEURAL,,,21,1,MIGRATED_CURRENT_BEHAVIOR,ANALYSIS_CONTRACT_BASELINE_V1,,ex_a9e8859c,analysis_contract_baseline_v1.csv; identity inheritance per final closeout
OFI_00190,cable_overhead_triceps_extension,케이블 오버헤드 트라이셉스 익스텐션,OFI_SCORE,HIGH_SPEED,,,21,1,MIGRATED_CURRENT_BEHAVIOR,ANALYSIS_CONTRACT_BASELINE_V1,,ex_a9e8859c,analysis_contract_baseline_v1.csv; identity inheritance per final closeout
OFI_00191,cable_overhead_triceps_extension,케이블 오버헤드 트라이셉스 익스텐션,OFI_SCORE,LOCAL_MUSCULAR,,,73,1,MIGRATED_CURRENT_BEHAVIOR,ANALYSIS_CONTRACT_BASELINE_V1,,ex_a9e8859c,analysis_contract_baseline_v1.csv; identity inheritance per final closeout
OFI_00192,cable_overhead_triceps_extension,케이블 오버헤드 트라이셉스 익스텐션,OFI_SCORE,REACTIVE,,,20,1,MIGRATED_CURRENT_BEHAVIOR,ANALYSIS_CONTRACT_BASELINE_V1,,ex_a9e8859c,analysis_contract_baseline_v1.csv; identity inheritance per final closeout
OFI_00193,cable_overhead_triceps_extension,케이블 오버헤드 트라이셉스 익스텐션,OFI_SCORE,SYSTEMIC_MUSCULAR,,,17,1,MIGRATED_CURRENT_BEHAVIOR,ANALYSIS_CONTRACT_BASELINE_V1,,ex_a9e8859c,analysis_contract_baseline_v1.csv; identity inheritance per final closeout
OFI_00194,cable_overhead_triceps_extension,케이블 오버헤드 트라이셉스 익스텐션,OFI_SNAPSHOT,SUMMARY,LOW,LOW,39,1,MIGRATED_CURRENT_BEHAVIOR,ANALYSIS_CONTRACT_BASELINE_V1,,ex_a9e8859c,analysis_contract_baseline_v1.csv; identity inheritance per final closeout
OFI_00195,cable_pallof_press,케이블 팔로프 프레스,BADMINTON_FATIGUE_COST,MEDIUM,,,0,1,MIGRATED_CURRENT_BEHAVIOR,ANALYSIS_CONTRACT_BASELINE_V1,,ex_99728d25,analysis_contract_baseline_v1.csv; identity inheritance per final closeout
OFI_00196,cable_pallof_press,케이블 팔로프 프레스,OFI_AXIS,HIGH_FORCE_NEURAL,,SHORT,17.1875,1,MIGRATED_CURRENT_BEHAVIOR,ANALYSIS_CONTRACT_BASELINE_V1,,ex_99728d25,analysis_contract_baseline_v1.csv; identity inheritance per final closeout
OFI_00197,cable_pallof_press,케이블 팔로프 프레스,OFI_AXIS,HIGH_SPEED,,SHORT,17.1875,1,MIGRATED_CURRENT_BEHAVIOR,ANALYSIS_CONTRACT_BASELINE_V1,,ex_99728d25,analysis_contract_baseline_v1.csv; identity inheritance per final closeout
OFI_00198,cable_pallof_press,케이블 팔로프 프레스,OFI_AXIS,LOCAL_MUSCULAR,,SHORT,37.8125,1,MIGRATED_CURRENT_BEHAVIOR,ANALYSIS_CONTRACT_BASELINE_V1,,ex_99728d25,analysis_contract_baseline_v1.csv; identity inheritance per final closeout
OFI_00199,cable_pallof_press,케이블 팔로프 프레스,OFI_AXIS,REACTIVE,,SHORT,63.75,1,MIGRATED_CURRENT_BEHAVIOR,ANALYSIS_CONTRACT_BASELINE_V1,,ex_99728d25,analysis_contract_baseline_v1.csv; identity inheritance per final closeout
OFI_00200,cable_pallof_press,케이블 팔로프 프레스,OFI_AXIS,SYSTEMIC_MUSCULAR,,SHORT,15.625,1,MIGRATED_CURRENT_BEHAVIOR,ANALYSIS_CONTRACT_BASELINE_V1,,ex_99728d25,analysis_contract_baseline_v1.csv; identity inheritance per final closeout
OFI_00201,cable_pallof_press,케이블 팔로프 프레스,OFI_DOSE,QUALITY_BASED,,THREE_CONFIRMED_SETS_20KG_8REPS_600SECONDS_RPE8,0,1,MIGRATED_CURRENT_BEHAVIOR,ANALYSIS_CONTRACT_BASELINE_V1,,ex_99728d25,analysis_contract_baseline_v1.csv; identity inheritance per final closeout
OFI_00202,cable_pallof_press,케이블 팔로프 프레스,OFI_GROUP,TRUNK_ANTI_MOVEMENT,,LOCAL_REPEAT_DETECTION,0,1,MIGRATED_CURRENT_BEHAVIOR,ANALYSIS_CONTRACT_BASELINE_V1,,ex_99728d25,analysis_contract_baseline_v1.csv; identity inheritance per final closeout
OFI_00203,cable_pallof_press,케이블 팔로프 프레스,OFI_GROUP,TRUNK_ANTI_MOVEMENT,,STRENGTH_COMPARISON,0,1,MIGRATED_CURRENT_BEHAVIOR,ANALYSIS_CONTRACT_BASELINE_V1,,ex_99728d25,analysis_contract_baseline_v1.csv; identity inheritance per final closeout
OFI_00204,cable_pallof_press,케이블 팔로프 프레스,OFI_GROUP,TRUNK_ANTI_MOVEMENT,,WORKLOAD_BASELINE,0,1,MIGRATED_CURRENT_BEHAVIOR,ANALYSIS_CONTRACT_BASELINE_V1,,ex_99728d25,analysis_contract_baseline_v1.csv; identity inheritance per final closeout
OFI_00205,cable_pallof_press,케이블 팔로프 프레스,OFI_SCORE,HIGH_FORCE_NEURAL,,,21,1,MIGRATED_CURRENT_BEHAVIOR,ANALYSIS_CONTRACT_BASELINE_V1,,ex_99728d25,analysis_contract_baseline_v1.csv; identity inheritance per final closeout
OFI_00206,cable_pallof_press,케이블 팔로프 프레스,OFI_SCORE,HIGH_SPEED,,,21,1,MIGRATED_CURRENT_BEHAVIOR,ANALYSIS_CONTRACT_BASELINE_V1,,ex_99728d25,analysis_contract_baseline_v1.csv; identity inheritance per final closeout
OFI_00207,cable_pallof_press,케이블 팔로프 프레스,OFI_SCORE,LOCAL_MUSCULAR,,,47,1,MIGRATED_CURRENT_BEHAVIOR,ANALYSIS_CONTRACT_BASELINE_V1,,ex_99728d25,analysis_contract_baseline_v1.csv; identity inheritance per final closeout
OFI_00208,cable_pallof_press,케이블 팔로프 프레스,OFI_SCORE,REACTIVE,,,80,1,MIGRATED_CURRENT_BEHAVIOR,ANALYSIS_CONTRACT_BASELINE_V1,,ex_99728d25,analysis_contract_baseline_v1.csv; identity inheritance per final closeout
OFI_00209,cable_pallof_press,케이블 팔로프 프레스,OFI_SCORE,SYSTEMIC_MUSCULAR,,,20,1,MIGRATED_CURRENT_BEHAVIOR,ANALYSIS_CONTRACT_BASELINE_V1,,ex_99728d25,analysis_contract_baseline_v1.csv; identity inheritance per final closeout
OFI_00210,cable_pallof_press,케이블 팔로프 프레스,OFI_SNAPSHOT,SUMMARY,NORMAL,LOW,57,1,MIGRATED_CURRENT_BEHAVIOR,ANALYSIS_CONTRACT_BASELINE_V1,,ex_99728d25,analysis_contract_baseline_v1.csv; identity inheritance per final closeout
OFI_00211,cable_rear_delt_fly,케이블 리어델트 플라이,BADMINTON_FATIGUE_COST,MEDIUM,,,0,1,MIGRATED_CURRENT_BEHAVIOR,ANALYSIS_CONTRACT_BASELINE_V1,,ex_7176cbee,analysis_contract_baseline_v1.csv; identity inheritance per final closeout
OFI_00212,cable_rear_delt_fly,케이블 리어델트 플라이,OFI_AXIS,HIGH_FORCE_NEURAL,,SHORT,17.1875,1,MIGRATED_CURRENT_BEHAVIOR,ANALYSIS_CONTRACT_BASELINE_V1,,ex_7176cbee,analysis_contract_baseline_v1.csv; identity inheritance per final closeout
OFI_00213,cable_rear_delt_fly,케이블 리어델트 플라이,OFI_AXIS,HIGH_SPEED,,SHORT,17.1875,1,MIGRATED_CURRENT_BEHAVIOR,ANALYSIS_CONTRACT_BASELINE_V1,,ex_7176cbee,analysis_contract_baseline_v1.csv; identity inheritance per final closeout
OFI_00214,cable_rear_delt_fly,케이블 리어델트 플라이,OFI_AXIS,LOCAL_MUSCULAR,,SHORT,58.4375,1,MIGRATED_CURRENT_BEHAVIOR,ANALYSIS_CONTRACT_BASELINE_V1,,ex_7176cbee,analysis_contract_baseline_v1.csv; identity inheritance per final closeout
OFI_00215,cable_rear_delt_fly,케이블 리어델트 플라이,OFI_AXIS,REACTIVE,,SHORT,15.625,1,MIGRATED_CURRENT_BEHAVIOR,ANALYSIS_CONTRACT_BASELINE_V1,,ex_7176cbee,analysis_contract_baseline_v1.csv; identity inheritance per final closeout
OFI_00216,cable_rear_delt_fly,케이블 리어델트 플라이,OFI_AXIS,SYSTEMIC_MUSCULAR,,SHORT,13.28125,1,MIGRATED_CURRENT_BEHAVIOR,ANALYSIS_CONTRACT_BASELINE_V1,,ex_7176cbee,analysis_contract_baseline_v1.csv; identity inheritance per final closeout
OFI_00217,cable_rear_delt_fly,케이블 리어델트 플라이,OFI_DOSE,VOLUME_LOAD,,THREE_CONFIRMED_SETS_20KG_8REPS_600SECONDS_RPE8,0,1,MIGRATED_CURRENT_BEHAVIOR,ANALYSIS_CONTRACT_BASELINE_V1,,ex_7176cbee,analysis_contract_baseline_v1.csv; identity inheritance per final closeout
OFI_00218,cable_rear_delt_fly,케이블 리어델트 플라이,OFI_GROUP,POSTERIOR_DELTOID_HORIZONTAL_ABDUCTION,,LOCAL_REPEAT_DETECTION,0,1,MIGRATED_CURRENT_BEHAVIOR,ANALYSIS_CONTRACT_BASELINE_V1,,ex_7176cbee,analysis_contract_baseline_v1.csv; identity inheritance per final closeout
OFI_00219,cable_rear_delt_fly,케이블 리어델트 플라이,OFI_GROUP,POSTERIOR_DELTOID_HORIZONTAL_ABDUCTION,,STRENGTH_COMPARISON,0,1,MIGRATED_CURRENT_BEHAVIOR,ANALYSIS_CONTRACT_BASELINE_V1,,ex_7176cbee,analysis_contract_baseline_v1.csv; identity inheritance per final closeout
OFI_00220,cable_rear_delt_fly,케이블 리어델트 플라이,OFI_GROUP,POSTERIOR_DELTOID_HORIZONTAL_ABDUCTION,,WORKLOAD_BASELINE,0,1,MIGRATED_CURRENT_BEHAVIOR,ANALYSIS_CONTRACT_BASELINE_V1,,ex_7176cbee,analysis_contract_baseline_v1.csv; identity inheritance per final closeout
OFI_00221,cable_rear_delt_fly,케이블 리어델트 플라이,OFI_SCORE,HIGH_FORCE_NEURAL,,,21,1,MIGRATED_CURRENT_BEHAVIOR,ANALYSIS_CONTRACT_BASELINE_V1,,ex_7176cbee,analysis_contract_baseline_v1.csv; identity inheritance per final closeout
OFI_00222,cable_rear_delt_fly,케이블 리어델트 플라이,OFI_SCORE,HIGH_SPEED,,,21,1,MIGRATED_CURRENT_BEHAVIOR,ANALYSIS_CONTRACT_BASELINE_V1,,ex_7176cbee,analysis_contract_baseline_v1.csv; identity inheritance per final closeout
OFI_00223,cable_rear_delt_fly,케이블 리어델트 플라이,OFI_SCORE,LOCAL_MUSCULAR,,,73,1,MIGRATED_CURRENT_BEHAVIOR,ANALYSIS_CONTRACT_BASELINE_V1,,ex_7176cbee,analysis_contract_baseline_v1.csv; identity inheritance per final closeout
OFI_00224,cable_rear_delt_fly,케이블 리어델트 플라이,OFI_SCORE,REACTIVE,,,20,1,MIGRATED_CURRENT_BEHAVIOR,ANALYSIS_CONTRACT_BASELINE_V1,,ex_7176cbee,analysis_contract_baseline_v1.csv; identity inheritance per final closeout
OFI_00225,cable_rear_delt_fly,케이블 리어델트 플라이,OFI_SCORE,SYSTEMIC_MUSCULAR,,,17,1,MIGRATED_CURRENT_BEHAVIOR,ANALYSIS_CONTRACT_BASELINE_V1,,ex_7176cbee,analysis_contract_baseline_v1.csv; identity inheritance per final closeout
OFI_00226,cable_rear_delt_fly,케이블 리어델트 플라이,OFI_SNAPSHOT,SUMMARY,LOW,LOW,39,1,MIGRATED_CURRENT_BEHAVIOR,ANALYSIS_CONTRACT_BASELINE_V1,,ex_7176cbee,analysis_contract_baseline_v1.csv; identity inheritance per final closeout
OFI_00227,cable_woodchop,케이블 우드찹,BADMINTON_FATIGUE_COST,MEDIUM,,,0,1,MIGRATED_CURRENT_BEHAVIOR,ANALYSIS_CONTRACT_BASELINE_V1,,cable_woodchop,analysis_contract_baseline_v1.csv; identity inheritance per final closeout
OFI_00228,cable_woodchop,케이블 우드찹,OFI_AXIS,HIGH_FORCE_NEURAL,,MEDIUM,17.1875,1,MIGRATED_CURRENT_BEHAVIOR,ANALYSIS_CONTRACT_BASELINE_V1,,cable_woodchop,analysis_contract_baseline_v1.csv; identity inheritance per final closeout
OFI_00229,cable_woodchop,케이블 우드찹,OFI_AXIS,HIGH_SPEED,,MEDIUM,17.1875,1,MIGRATED_CURRENT_BEHAVIOR,ANALYSIS_CONTRACT_BASELINE_V1,,cable_woodchop,analysis_contract_baseline_v1.csv; identity inheritance per final closeout
OFI_00230,cable_woodchop,케이블 우드찹,OFI_AXIS,LOCAL_MUSCULAR,,MEDIUM,37.8125,1,MIGRATED_CURRENT_BEHAVIOR,ANALYSIS_CONTRACT_BASELINE_V1,,cable_woodchop,analysis_contract_baseline_v1.csv; identity inheritance per final closeout
OFI_00231,cable_woodchop,케이블 우드찹,OFI_AXIS,REACTIVE,,MEDIUM,15.625,1,MIGRATED_CURRENT_BEHAVIOR,ANALYSIS_CONTRACT_BASELINE_V1,,cable_woodchop,analysis_contract_baseline_v1.csv; identity inheritance per final closeout
OFI_00232,cable_woodchop,케이블 우드찹,OFI_AXIS,SYSTEMIC_MUSCULAR,,MEDIUM,15.625,1,MIGRATED_CURRENT_BEHAVIOR,ANALYSIS_CONTRACT_BASELINE_V1,,cable_woodchop,analysis_contract_baseline_v1.csv; identity inheritance per final closeout
OFI_00233,cable_woodchop,케이블 우드찹,OFI_DOSE,QUALITY_BASED,,THREE_CONFIRMED_SETS_20KG_8REPS_600SECONDS_RPE8,0,1,MIGRATED_CURRENT_BEHAVIOR,ANALYSIS_CONTRACT_BASELINE_V1,,cable_woodchop,analysis_contract_baseline_v1.csv; identity inheritance per final closeout
OFI_00234,cable_woodchop,케이블 우드찹,OFI_GROUP,CABLE_ROTATIONAL_CHAIN,,LOCAL_REPEAT_DETECTION,0,1,MIGRATED_CURRENT_BEHAVIOR,ANALYSIS_CONTRACT_BASELINE_V1,,cable_woodchop,analysis_contract_baseline_v1.csv; identity inheritance per final closeout
OFI_00235,cable_woodchop,케이블 우드찹,OFI_GROUP,ROTATION_POWER,,STRENGTH_COMPARISON,0,1,MIGRATED_CURRENT_BEHAVIOR,ANALYSIS_CONTRACT_BASELINE_V1,,cable_woodchop,analysis_contract_baseline_v1.csv; identity inheritance per final closeout
OFI_00236,cable_woodchop,케이블 우드찹,OFI_GROUP,ROTATION_POWER,,WORKLOAD_BASELINE,0,1,MIGRATED_CURRENT_BEHAVIOR,ANALYSIS_CONTRACT_BASELINE_V1,,cable_woodchop,analysis_contract_baseline_v1.csv; identity inheritance per final closeout
OFI_00237,cable_woodchop,케이블 우드찹,OFI_SCORE,HIGH_FORCE_NEURAL,,,21,1,MIGRATED_CURRENT_BEHAVIOR,ANALYSIS_CONTRACT_BASELINE_V1,,cable_woodchop,analysis_contract_baseline_v1.csv; identity inheritance per final closeout
OFI_00238,cable_woodchop,케이블 우드찹,OFI_SCORE,HIGH_SPEED,,,21,1,MIGRATED_CURRENT_BEHAVIOR,ANALYSIS_CONTRACT_BASELINE_V1,,cable_woodchop,analysis_contract_baseline_v1.csv; identity inheritance per final closeout
OFI_00239,cable_woodchop,케이블 우드찹,OFI_SCORE,LOCAL_MUSCULAR,,,47,1,MIGRATED_CURRENT_BEHAVIOR,ANALYSIS_CONTRACT_BASELINE_V1,,cable_woodchop,analysis_contract_baseline_v1.csv; identity inheritance per final closeout
OFI_00240,cable_woodchop,케이블 우드찹,OFI_SCORE,REACTIVE,,,20,1,MIGRATED_CURRENT_BEHAVIOR,ANALYSIS_CONTRACT_BASELINE_V1,,cable_woodchop,analysis_contract_baseline_v1.csv; identity inheritance per final closeout
OFI_00241,cable_woodchop,케이블 우드찹,OFI_SCORE,SYSTEMIC_MUSCULAR,,,20,1,MIGRATED_CURRENT_BEHAVIOR,ANALYSIS_CONTRACT_BASELINE_V1,,cable_woodchop,analysis_contract_baseline_v1.csv; identity inheritance per final closeout
OFI_00242,cable_woodchop,케이블 우드찹,OFI_SNAPSHOT,SUMMARY,LOW,LOW,28,1,MIGRATED_CURRENT_BEHAVIOR,ANALYSIS_CONTRACT_BASELINE_V1,,cable_woodchop,analysis_contract_baseline_v1.csv; identity inheritance per final closeout
OFI_00243,chest_supported_row_machine,체스트 서포티드 로우 머신,BADMINTON_FATIGUE_COST,HIGH,,,0,1,MIGRATED_CURRENT_BEHAVIOR,ANALYSIS_CONTRACT_BASELINE_V1,,ex_8e51640a,analysis_contract_baseline_v1.csv; identity inheritance per final closeout
OFI_00244,chest_supported_row_machine,체스트 서포티드 로우 머신,OFI_AXIS,HIGH_FORCE_NEURAL,,MEDIUM,37.8125,1,MIGRATED_CURRENT_BEHAVIOR,ANALYSIS_CONTRACT_BASELINE_V1,,ex_8e51640a,analysis_contract_baseline_v1.csv; identity inheritance per final closeout
OFI_00245,chest_supported_row_machine,체스트 서포티드 로우 머신,OFI_AXIS,HIGH_SPEED,,MEDIUM,17.1875,1,MIGRATED_CURRENT_BEHAVIOR,ANALYSIS_CONTRACT_BASELINE_V1,,ex_8e51640a,analysis_contract_baseline_v1.csv; identity inheritance per final closeout
OFI_00246,chest_supported_row_machine,체스트 서포티드 로우 머신,OFI_AXIS,LOCAL_MUSCULAR,,MEDIUM,58.4375,1,MIGRATED_CURRENT_BEHAVIOR,ANALYSIS_CONTRACT_BASELINE_V1,,ex_8e51640a,analysis_contract_baseline_v1.csv; identity inheritance per final closeout
OFI_00247,chest_supported_row_machine,체스트 서포티드 로우 머신,OFI_AXIS,REACTIVE,,MEDIUM,15.625,1,MIGRATED_CURRENT_BEHAVIOR,ANALYSIS_CONTRACT_BASELINE_V1,,ex_8e51640a,analysis_contract_baseline_v1.csv; identity inheritance per final closeout
OFI_00248,chest_supported_row_machine,체스트 서포티드 로우 머신,OFI_AXIS,SYSTEMIC_MUSCULAR,,MEDIUM,34.375,1,MIGRATED_CURRENT_BEHAVIOR,ANALYSIS_CONTRACT_BASELINE_V1,,ex_8e51640a,analysis_contract_baseline_v1.csv; identity inheritance per final closeout
OFI_00249,chest_supported_row_machine,체스트 서포티드 로우 머신,OFI_DOSE,VOLUME_LOAD,,THREE_CONFIRMED_SETS_20KG_8REPS_600SECONDS_RPE8,0,1,MIGRATED_CURRENT_BEHAVIOR,ANALYSIS_CONTRACT_BASELINE_V1,,ex_8e51640a,analysis_contract_baseline_v1.csv; identity inheritance per final closeout
OFI_00250,chest_supported_row_machine,체스트 서포티드 로우 머신,OFI_GROUP,HORIZONTAL_PULL_COMPOUND,,LOCAL_REPEAT_DETECTION,0,1,MIGRATED_CURRENT_BEHAVIOR,ANALYSIS_CONTRACT_BASELINE_V1,,ex_8e51640a,analysis_contract_baseline_v1.csv; identity inheritance per final closeout
OFI_00251,chest_supported_row_machine,체스트 서포티드 로우 머신,OFI_GROUP,HORIZONTAL_PULL_COMPOUND,,STRENGTH_COMPARISON,0,1,MIGRATED_CURRENT_BEHAVIOR,ANALYSIS_CONTRACT_BASELINE_V1,,ex_8e51640a,analysis_contract_baseline_v1.csv; identity inheritance per final closeout
OFI_00252,chest_supported_row_machine,체스트 서포티드 로우 머신,OFI_GROUP,HORIZONTAL_PULL_COMPOUND,,WORKLOAD_BASELINE,0,1,MIGRATED_CURRENT_BEHAVIOR,ANALYSIS_CONTRACT_BASELINE_V1,,ex_8e51640a,analysis_contract_baseline_v1.csv; identity inheritance per final closeout
OFI_00253,chest_supported_row_machine,체스트 서포티드 로우 머신,OFI_SCORE,HIGH_FORCE_NEURAL,,,47,1,MIGRATED_CURRENT_BEHAVIOR,ANALYSIS_CONTRACT_BASELINE_V1,,ex_8e51640a,analysis_contract_baseline_v1.csv; identity inheritance per final closeout
OFI_00254,chest_supported_row_machine,체스트 서포티드 로우 머신,OFI_SCORE,HIGH_SPEED,,,21,1,MIGRATED_CURRENT_BEHAVIOR,ANALYSIS_CONTRACT_BASELINE_V1,,ex_8e51640a,analysis_contract_baseline_v1.csv; identity inheritance per final closeout
OFI_00255,chest_supported_row_machine,체스트 서포티드 로우 머신,OFI_SCORE,LOCAL_MUSCULAR,,,73,1,MIGRATED_CURRENT_BEHAVIOR,ANALYSIS_CONTRACT_BASELINE_V1,,ex_8e51640a,analysis_contract_baseline_v1.csv; identity inheritance per final closeout
OFI_00256,chest_supported_row_machine,체스트 서포티드 로우 머신,OFI_SCORE,REACTIVE,,,20,1,MIGRATED_CURRENT_BEHAVIOR,ANALYSIS_CONTRACT_BASELINE_V1,,ex_8e51640a,analysis_contract_baseline_v1.csv; identity inheritance per final closeout
OFI_00257,chest_supported_row_machine,체스트 서포티드 로우 머신,OFI_SCORE,SYSTEMIC_MUSCULAR,,,43,1,MIGRATED_CURRENT_BEHAVIOR,ANALYSIS_CONTRACT_BASELINE_V1,,ex_8e51640a,analysis_contract_baseline_v1.csv; identity inheritance per final closeout
OFI_00258,chest_supported_row_machine,체스트 서포티드 로우 머신,OFI_SNAPSHOT,SUMMARY,NORMAL,LOW,44,1,MIGRATED_CURRENT_BEHAVIOR,ANALYSIS_CONTRACT_BASELINE_V1,,ex_8e51640a,analysis_contract_baseline_v1.csv; identity inheritance per final closeout
OFI_00259,dumbbell_chest_supported_row,덤벨 체스트 서포티드 로우,BADMINTON_FATIGUE_COST,HIGH,,,0,1,MIGRATED_CURRENT_BEHAVIOR,ANALYSIS_CONTRACT_BASELINE_V1,,ex_8e51640a,analysis_contract_baseline_v1.csv; identity inheritance per final closeout
OFI_00260,dumbbell_chest_supported_row,덤벨 체스트 서포티드 로우,OFI_AXIS,HIGH_FORCE_NEURAL,,MEDIUM,37.8125,1,MIGRATED_CURRENT_BEHAVIOR,ANALYSIS_CONTRACT_BASELINE_V1,,ex_8e51640a,analysis_contract_baseline_v1.csv; identity inheritance per final closeout
OFI_00261,dumbbell_chest_supported_row,덤벨 체스트 서포티드 로우,OFI_AXIS,HIGH_SPEED,,MEDIUM,17.1875,1,MIGRATED_CURRENT_BEHAVIOR,ANALYSIS_CONTRACT_BASELINE_V1,,ex_8e51640a,analysis_contract_baseline_v1.csv; identity inheritance per final closeout
OFI_00262,dumbbell_chest_supported_row,덤벨 체스트 서포티드 로우,OFI_AXIS,LOCAL_MUSCULAR,,MEDIUM,58.4375,1,MIGRATED_CURRENT_BEHAVIOR,ANALYSIS_CONTRACT_BASELINE_V1,,ex_8e51640a,analysis_contract_baseline_v1.csv; identity inheritance per final closeout
OFI_00263,dumbbell_chest_supported_row,덤벨 체스트 서포티드 로우,OFI_AXIS,REACTIVE,,MEDIUM,15.625,1,MIGRATED_CURRENT_BEHAVIOR,ANALYSIS_CONTRACT_BASELINE_V1,,ex_8e51640a,analysis_contract_baseline_v1.csv; identity inheritance per final closeout
OFI_00264,dumbbell_chest_supported_row,덤벨 체스트 서포티드 로우,OFI_AXIS,SYSTEMIC_MUSCULAR,,MEDIUM,34.375,1,MIGRATED_CURRENT_BEHAVIOR,ANALYSIS_CONTRACT_BASELINE_V1,,ex_8e51640a,analysis_contract_baseline_v1.csv; identity inheritance per final closeout
OFI_00265,dumbbell_chest_supported_row,덤벨 체스트 서포티드 로우,OFI_DOSE,VOLUME_LOAD,,THREE_CONFIRMED_SETS_20KG_8REPS_600SECONDS_RPE8,0,1,MIGRATED_CURRENT_BEHAVIOR,ANALYSIS_CONTRACT_BASELINE_V1,,ex_8e51640a,analysis_contract_baseline_v1.csv; identity inheritance per final closeout
OFI_00266,dumbbell_chest_supported_row,덤벨 체스트 서포티드 로우,OFI_GROUP,HORIZONTAL_PULL_COMPOUND,,LOCAL_REPEAT_DETECTION,0,1,MIGRATED_CURRENT_BEHAVIOR,ANALYSIS_CONTRACT_BASELINE_V1,,ex_8e51640a,analysis_contract_baseline_v1.csv; identity inheritance per final closeout
OFI_00267,dumbbell_chest_supported_row,덤벨 체스트 서포티드 로우,OFI_GROUP,HORIZONTAL_PULL_COMPOUND,,STRENGTH_COMPARISON,0,1,MIGRATED_CURRENT_BEHAVIOR,ANALYSIS_CONTRACT_BASELINE_V1,,ex_8e51640a,analysis_contract_baseline_v1.csv; identity inheritance per final closeout
OFI_00268,dumbbell_chest_supported_row,덤벨 체스트 서포티드 로우,OFI_GROUP,HORIZONTAL_PULL_COMPOUND,,WORKLOAD_BASELINE,0,1,MIGRATED_CURRENT_BEHAVIOR,ANALYSIS_CONTRACT_BASELINE_V1,,ex_8e51640a,analysis_contract_baseline_v1.csv; identity inheritance per final closeout
OFI_00269,dumbbell_chest_supported_row,덤벨 체스트 서포티드 로우,OFI_SCORE,HIGH_FORCE_NEURAL,,,47,1,MIGRATED_CURRENT_BEHAVIOR,ANALYSIS_CONTRACT_BASELINE_V1,,ex_8e51640a,analysis_contract_baseline_v1.csv; identity inheritance per final closeout
OFI_00270,dumbbell_chest_supported_row,덤벨 체스트 서포티드 로우,OFI_SCORE,HIGH_SPEED,,,21,1,MIGRATED_CURRENT_BEHAVIOR,ANALYSIS_CONTRACT_BASELINE_V1,,ex_8e51640a,analysis_contract_baseline_v1.csv; identity inheritance per final closeout
OFI_00271,dumbbell_chest_supported_row,덤벨 체스트 서포티드 로우,OFI_SCORE,LOCAL_MUSCULAR,,,73,1,MIGRATED_CURRENT_BEHAVIOR,ANALYSIS_CONTRACT_BASELINE_V1,,ex_8e51640a,analysis_contract_baseline_v1.csv; identity inheritance per final closeout
OFI_00272,dumbbell_chest_supported_row,덤벨 체스트 서포티드 로우,OFI_SCORE,REACTIVE,,,20,1,MIGRATED_CURRENT_BEHAVIOR,ANALYSIS_CONTRACT_BASELINE_V1,,ex_8e51640a,analysis_contract_baseline_v1.csv; identity inheritance per final closeout
OFI_00273,dumbbell_chest_supported_row,덤벨 체스트 서포티드 로우,OFI_SCORE,SYSTEMIC_MUSCULAR,,,43,1,MIGRATED_CURRENT_BEHAVIOR,ANALYSIS_CONTRACT_BASELINE_V1,,ex_8e51640a,analysis_contract_baseline_v1.csv; identity inheritance per final closeout
OFI_00274,dumbbell_chest_supported_row,덤벨 체스트 서포티드 로우,OFI_SNAPSHOT,SUMMARY,NORMAL,LOW,44,1,MIGRATED_CURRENT_BEHAVIOR,ANALYSIS_CONTRACT_BASELINE_V1,,ex_8e51640a,analysis_contract_baseline_v1.csv; identity inheritance per final closeout
OFI_00275,dumbbell_farmer_carry,덤벨 파머스 캐리,BADMINTON_FATIGUE_COST,MEDIUM,,,0,1,MIGRATED_CURRENT_BEHAVIOR,ANALYSIS_CONTRACT_BASELINE_V1,,ex_a1fc4533,analysis_contract_baseline_v1.csv; identity inheritance per final closeout
OFI_00276,dumbbell_farmer_carry,덤벨 파머스 캐리,OFI_AXIS,HIGH_FORCE_NEURAL,,MEDIUM,17.1875,1,MIGRATED_CURRENT_BEHAVIOR,ANALYSIS_CONTRACT_BASELINE_V1,,ex_a1fc4533,analysis_contract_baseline_v1.csv; identity inheritance per final closeout
OFI_00277,dumbbell_farmer_carry,덤벨 파머스 캐리,OFI_AXIS,HIGH_SPEED,,MEDIUM,17.1875,1,MIGRATED_CURRENT_BEHAVIOR,ANALYSIS_CONTRACT_BASELINE_V1,,ex_a1fc4533,analysis_contract_baseline_v1.csv; identity inheritance per final closeout
OFI_00278,dumbbell_farmer_carry,덤벨 파머스 캐리,OFI_AXIS,LOCAL_MUSCULAR,,MEDIUM,58.4375,1,MIGRATED_CURRENT_BEHAVIOR,ANALYSIS_CONTRACT_BASELINE_V1,,ex_a1fc4533,analysis_contract_baseline_v1.csv; identity inheritance per final closeout
OFI_00279,dumbbell_farmer_carry,덤벨 파머스 캐리,OFI_AXIS,REACTIVE,,MEDIUM,63.75,1,MIGRATED_CURRENT_BEHAVIOR,ANALYSIS_CONTRACT_BASELINE_V1,,ex_a1fc4533,analysis_contract_baseline_v1.csv; identity inheritance per final closeout
OFI_00280,dumbbell_farmer_carry,덤벨 파머스 캐리,OFI_AXIS,SYSTEMIC_MUSCULAR,,MEDIUM,34.375,1,MIGRATED_CURRENT_BEHAVIOR,ANALYSIS_CONTRACT_BASELINE_V1,,ex_a1fc4533,analysis_contract_baseline_v1.csv; identity inheritance per final closeout
OFI_00281,dumbbell_farmer_carry,덤벨 파머스 캐리,OFI_DOSE,DISTANCE_OR_TIME,,THREE_CONFIRMED_SETS_20KG_8REPS_600SECONDS_RPE8,0,1,MIGRATED_CURRENT_BEHAVIOR,ANALYSIS_CONTRACT_BASELINE_V1,,ex_a1fc4533,analysis_contract_baseline_v1.csv; identity inheritance per final closeout
OFI_00282,dumbbell_farmer_carry,덤벨 파머스 캐리,OFI_GROUP,CARRY_GRIP_CORE_BRACING,,LOCAL_REPEAT_DETECTION,0,1,MIGRATED_CURRENT_BEHAVIOR,ANALYSIS_CONTRACT_BASELINE_V1,,ex_a1fc4533,analysis_contract_baseline_v1.csv; identity inheritance per final closeout
OFI_00283,dumbbell_farmer_carry,덤벨 파머스 캐리,OFI_GROUP,CARRY_GRIP_CORE_BRACING,,STRENGTH_COMPARISON,0,1,MIGRATED_CURRENT_BEHAVIOR,ANALYSIS_CONTRACT_BASELINE_V1,,ex_a1fc4533,analysis_contract_baseline_v1.csv; identity inheritance per final closeout
OFI_00284,dumbbell_farmer_carry,덤벨 파머스 캐리,OFI_GROUP,CARRY_GRIP_CORE_BRACING,,WORKLOAD_BASELINE,0,1,MIGRATED_CURRENT_BEHAVIOR,ANALYSIS_CONTRACT_BASELINE_V1,,ex_a1fc4533,analysis_contract_baseline_v1.csv; identity inheritance per final closeout
OFI_00285,dumbbell_farmer_carry,덤벨 파머스 캐리,OFI_SCORE,HIGH_FORCE_NEURAL,,,21,1,MIGRATED_CURRENT_BEHAVIOR,ANALYSIS_CONTRACT_BASELINE_V1,,ex_a1fc4533,analysis_contract_baseline_v1.csv; identity inheritance per final closeout
OFI_00286,dumbbell_farmer_carry,덤벨 파머스 캐리,OFI_SCORE,HIGH_SPEED,,,21,1,MIGRATED_CURRENT_BEHAVIOR,ANALYSIS_CONTRACT_BASELINE_V1,,ex_a1fc4533,analysis_contract_baseline_v1.csv; identity inheritance per final closeout
OFI_00287,dumbbell_farmer_carry,덤벨 파머스 캐리,OFI_SCORE,LOCAL_MUSCULAR,,,73,1,MIGRATED_CURRENT_BEHAVIOR,ANALYSIS_CONTRACT_BASELINE_V1,,ex_a1fc4533,analysis_contract_baseline_v1.csv; identity inheritance per final closeout
OFI_00288,dumbbell_farmer_carry,덤벨 파머스 캐리,OFI_SCORE,REACTIVE,,,80,1,MIGRATED_CURRENT_BEHAVIOR,ANALYSIS_CONTRACT_BASELINE_V1,,ex_a1fc4533,analysis_contract_baseline_v1.csv; identity inheritance per final closeout
OFI_00289,dumbbell_farmer_carry,덤벨 파머스 캐리,OFI_SCORE,SYSTEMIC_MUSCULAR,,,43,1,MIGRATED_CURRENT_BEHAVIOR,ANALYSIS_CONTRACT_BASELINE_V1,,ex_a1fc4533,analysis_contract_baseline_v1.csv; identity inheritance per final closeout
OFI_00290,dumbbell_farmer_carry,덤벨 파머스 캐리,OFI_SNAPSHOT,SUMMARY,NORMAL,LOW,61,1,MIGRATED_CURRENT_BEHAVIOR,ANALYSIS_CONTRACT_BASELINE_V1,,ex_a1fc4533,analysis_contract_baseline_v1.csv; identity inheritance per final closeout
OFI_00291,dumbbell_goblet_squat,덤벨 고블릿 스쿼트,BADMINTON_FATIGUE_COST,VERY_HIGH,,,0,1,MIGRATED_CURRENT_BEHAVIOR,ANALYSIS_CONTRACT_BASELINE_V1,,ex_ac7df636,analysis_contract_baseline_v1.csv; identity inheritance per final closeout
OFI_00292,dumbbell_goblet_squat,덤벨 고블릿 스쿼트,OFI_AXIS,HIGH_FORCE_NEURAL,,SHORT,17.1875,1,MIGRATED_CURRENT_BEHAVIOR,ANALYSIS_CONTRACT_BASELINE_V1,,ex_ac7df636,analysis_contract_baseline_v1.csv; identity inheritance per final closeout
OFI_00293,dumbbell_goblet_squat,덤벨 고블릿 스쿼트,OFI_AXIS,HIGH_SPEED,,SHORT,17.1875,1,MIGRATED_CURRENT_BEHAVIOR,ANALYSIS_CONTRACT_BASELINE_V1,,ex_ac7df636,analysis_contract_baseline_v1.csv; identity inheritance per final closeout
OFI_00294,dumbbell_goblet_squat,덤벨 고블릿 스쿼트,OFI_AXIS,LOCAL_MUSCULAR,,SHORT,37.8125,1,MIGRATED_CURRENT_BEHAVIOR,ANALYSIS_CONTRACT_BASELINE_V1,,ex_ac7df636,analysis_contract_baseline_v1.csv; identity inheritance per final closeout
OFI_00295,dumbbell_goblet_squat,덤벨 고블릿 스쿼트,OFI_AXIS,REACTIVE,,SHORT,15.625,1,MIGRATED_CURRENT_BEHAVIOR,ANALYSIS_CONTRACT_BASELINE_V1,,ex_ac7df636,analysis_contract_baseline_v1.csv; identity inheritance per final closeout
OFI_00296,dumbbell_goblet_squat,덤벨 고블릿 스쿼트,OFI_AXIS,SYSTEMIC_MUSCULAR,,SHORT,13.28125,1,MIGRATED_CURRENT_BEHAVIOR,ANALYSIS_CONTRACT_BASELINE_V1,,ex_ac7df636,analysis_contract_baseline_v1.csv; identity inheritance per final closeout
OFI_00297,dumbbell_goblet_squat,덤벨 고블릿 스쿼트,OFI_DOSE,VOLUME_LOAD,,THREE_CONFIRMED_SETS_20KG_8REPS_600SECONDS_RPE8,0,1,MIGRATED_CURRENT_BEHAVIOR,ANALYSIS_CONTRACT_BASELINE_V1,,ex_ac7df636,analysis_contract_baseline_v1.csv; identity inheritance per final closeout
OFI_00298,dumbbell_goblet_squat,덤벨 고블릿 스쿼트,OFI_GROUP,SQUAT_PATTERN_ACCESSORY,,LOCAL_REPEAT_DETECTION,0,1,MIGRATED_CURRENT_BEHAVIOR,ANALYSIS_CONTRACT_BASELINE_V1,,ex_ac7df636,analysis_contract_baseline_v1.csv; identity inheritance per final closeout
OFI_00299,dumbbell_goblet_squat,덤벨 고블릿 스쿼트,OFI_GROUP,SQUAT_PATTERN_ACCESSORY,,STRENGTH_COMPARISON,0,1,MIGRATED_CURRENT_BEHAVIOR,ANALYSIS_CONTRACT_BASELINE_V1,,ex_ac7df636,analysis_contract_baseline_v1.csv; identity inheritance per final closeout
OFI_00300,dumbbell_goblet_squat,덤벨 고블릿 스쿼트,OFI_GROUP,SQUAT_PATTERN_ACCESSORY,,WORKLOAD_BASELINE,0,1,MIGRATED_CURRENT_BEHAVIOR,ANALYSIS_CONTRACT_BASELINE_V1,,ex_ac7df636,analysis_contract_baseline_v1.csv; identity inheritance per final closeout
OFI_00301,dumbbell_goblet_squat,덤벨 고블릿 스쿼트,OFI_SCORE,HIGH_FORCE_NEURAL,,,21,1,MIGRATED_CURRENT_BEHAVIOR,ANALYSIS_CONTRACT_BASELINE_V1,,ex_ac7df636,analysis_contract_baseline_v1.csv; identity inheritance per final closeout
OFI_00302,dumbbell_goblet_squat,덤벨 고블릿 스쿼트,OFI_SCORE,HIGH_SPEED,,,21,1,MIGRATED_CURRENT_BEHAVIOR,ANALYSIS_CONTRACT_BASELINE_V1,,ex_ac7df636,analysis_contract_baseline_v1.csv; identity inheritance per final closeout
OFI_00303,dumbbell_goblet_squat,덤벨 고블릿 스쿼트,OFI_SCORE,LOCAL_MUSCULAR,,,47,1,MIGRATED_CURRENT_BEHAVIOR,ANALYSIS_CONTRACT_BASELINE_V1,,ex_ac7df636,analysis_contract_baseline_v1.csv; identity inheritance per final closeout
OFI_00304,dumbbell_goblet_squat,덤벨 고블릿 스쿼트,OFI_SCORE,REACTIVE,,,20,1,MIGRATED_CURRENT_BEHAVIOR,ANALYSIS_CONTRACT_BASELINE_V1,,ex_ac7df636,analysis_contract_baseline_v1.csv; identity inheritance per final closeout
OFI_00305,dumbbell_goblet_squat,덤벨 고블릿 스쿼트,OFI_SCORE,SYSTEMIC_MUSCULAR,,,17,1,MIGRATED_CURRENT_BEHAVIOR,ANALYSIS_CONTRACT_BASELINE_V1,,ex_ac7df636,analysis_contract_baseline_v1.csv; identity inheritance per final closeout
OFI_00306,dumbbell_goblet_squat,덤벨 고블릿 스쿼트,OFI_SNAPSHOT,SUMMARY,LOW,LOW,28,1,MIGRATED_CURRENT_BEHAVIOR,ANALYSIS_CONTRACT_BASELINE_V1,,ex_ac7df636,analysis_contract_baseline_v1.csv; identity inheritance per final closeout
OFI_00307,dumbbell_lying_triceps_extension,덤벨 라잉 트라이셉스 익스텐션,BADMINTON_FATIGUE_COST,LOW,,,0,1,MIGRATED_CURRENT_BEHAVIOR,ANALYSIS_CONTRACT_BASELINE_V1,,ex_d20b7487,analysis_contract_baseline_v1.csv; identity inheritance per final closeout
OFI_00308,dumbbell_lying_triceps_extension,덤벨 라잉 트라이셉스 익스텐션,OFI_AXIS,HIGH_FORCE_NEURAL,,SHORT,17.1875,1,MIGRATED_CURRENT_BEHAVIOR,ANALYSIS_CONTRACT_BASELINE_V1,,ex_d20b7487,analysis_contract_baseline_v1.csv; identity inheritance per final closeout
OFI_00309,dumbbell_lying_triceps_extension,덤벨 라잉 트라이셉스 익스텐션,OFI_AXIS,HIGH_SPEED,,SHORT,17.1875,1,MIGRATED_CURRENT_BEHAVIOR,ANALYSIS_CONTRACT_BASELINE_V1,,ex_d20b7487,analysis_contract_baseline_v1.csv; identity inheritance per final closeout
OFI_00310,dumbbell_lying_triceps_extension,덤벨 라잉 트라이셉스 익스텐션,OFI_AXIS,LOCAL_MUSCULAR,,SHORT,58.4375,1,MIGRATED_CURRENT_BEHAVIOR,ANALYSIS_CONTRACT_BASELINE_V1,,ex_d20b7487,analysis_contract_baseline_v1.csv; identity inheritance per final closeout
OFI_00311,dumbbell_lying_triceps_extension,덤벨 라잉 트라이셉스 익스텐션,OFI_AXIS,REACTIVE,,SHORT,15.625,1,MIGRATED_CURRENT_BEHAVIOR,ANALYSIS_CONTRACT_BASELINE_V1,,ex_d20b7487,analysis_contract_baseline_v1.csv; identity inheritance per final closeout
OFI_00312,dumbbell_lying_triceps_extension,덤벨 라잉 트라이셉스 익스텐션,OFI_AXIS,SYSTEMIC_MUSCULAR,,SHORT,10.9375,1,MIGRATED_CURRENT_BEHAVIOR,ANALYSIS_CONTRACT_BASELINE_V1,,ex_d20b7487,analysis_contract_baseline_v1.csv; identity inheritance per final closeout
OFI_00313,dumbbell_lying_triceps_extension,덤벨 라잉 트라이셉스 익스텐션,OFI_DOSE,VOLUME_LOAD,,THREE_CONFIRMED_SETS_20KG_8REPS_600SECONDS_RPE8,0,1,MIGRATED_CURRENT_BEHAVIOR,ANALYSIS_CONTRACT_BASELINE_V1,,ex_d20b7487,analysis_contract_baseline_v1.csv; identity inheritance per final closeout
OFI_00314,dumbbell_lying_triceps_extension,덤벨 라잉 트라이셉스 익스텐션,OFI_GROUP,ELBOW_EXTENSION_TRICEPS,,LOCAL_REPEAT_DETECTION,0,1,MIGRATED_CURRENT_BEHAVIOR,ANALYSIS_CONTRACT_BASELINE_V1,,ex_d20b7487,analysis_contract_baseline_v1.csv; identity inheritance per final closeout
OFI_00315,dumbbell_lying_triceps_extension,덤벨 라잉 트라이셉스 익스텐션,OFI_GROUP,ELBOW_EXTENSION_TRICEPS,,STRENGTH_COMPARISON,0,1,MIGRATED_CURRENT_BEHAVIOR,ANALYSIS_CONTRACT_BASELINE_V1,,ex_d20b7487,analysis_contract_baseline_v1.csv; identity inheritance per final closeout
OFI_00316,dumbbell_lying_triceps_extension,덤벨 라잉 트라이셉스 익스텐션,OFI_GROUP,ELBOW_EXTENSION_TRICEPS,,WORKLOAD_BASELINE,0,1,MIGRATED_CURRENT_BEHAVIOR,ANALYSIS_CONTRACT_BASELINE_V1,,ex_d20b7487,analysis_contract_baseline_v1.csv; identity inheritance per final closeout
OFI_00317,dumbbell_lying_triceps_extension,덤벨 라잉 트라이셉스 익스텐션,OFI_SCORE,HIGH_FORCE_NEURAL,,,21,1,MIGRATED_CURRENT_BEHAVIOR,ANALYSIS_CONTRACT_BASELINE_V1,,ex_d20b7487,analysis_contract_baseline_v1.csv; identity inheritance per final closeout
OFI_00318,dumbbell_lying_triceps_extension,덤벨 라잉 트라이셉스 익스텐션,OFI_SCORE,HIGH_SPEED,,,21,1,MIGRATED_CURRENT_BEHAVIOR,ANALYSIS_CONTRACT_BASELINE_V1,,ex_d20b7487,analysis_contract_baseline_v1.csv; identity inheritance per final closeout
OFI_00319,dumbbell_lying_triceps_extension,덤벨 라잉 트라이셉스 익스텐션,OFI_SCORE,LOCAL_MUSCULAR,,,73,1,MIGRATED_CURRENT_BEHAVIOR,ANALYSIS_CONTRACT_BASELINE_V1,,ex_d20b7487,analysis_contract_baseline_v1.csv; identity inheritance per final closeout
OFI_00320,dumbbell_lying_triceps_extension,덤벨 라잉 트라이셉스 익스텐션,OFI_SCORE,REACTIVE,,,20,1,MIGRATED_CURRENT_BEHAVIOR,ANALYSIS_CONTRACT_BASELINE_V1,,ex_d20b7487,analysis_contract_baseline_v1.csv; identity inheritance per final closeout
OFI_00321,dumbbell_lying_triceps_extension,덤벨 라잉 트라이셉스 익스텐션,OFI_SCORE,SYSTEMIC_MUSCULAR,,,14,1,MIGRATED_CURRENT_BEHAVIOR,ANALYSIS_CONTRACT_BASELINE_V1,,ex_d20b7487,analysis_contract_baseline_v1.csv; identity inheritance per final closeout
OFI_00322,dumbbell_lying_triceps_extension,덤벨 라잉 트라이셉스 익스텐션,OFI_SNAPSHOT,SUMMARY,LOW,LOW,39,1,MIGRATED_CURRENT_BEHAVIOR,ANALYSIS_CONTRACT_BASELINE_V1,,ex_d20b7487,analysis_contract_baseline_v1.csv; identity inheritance per final closeout
OFI_00323,dumbbell_overhead_triceps_extension,덤벨 오버헤드 트라이셉스 익스텐션,BADMINTON_FATIGUE_COST,MEDIUM,,,0,1,MIGRATED_CURRENT_BEHAVIOR,ANALYSIS_CONTRACT_BASELINE_V1,,ex_a9e8859c,analysis_contract_baseline_v1.csv; identity inheritance per final closeout
OFI_00324,dumbbell_overhead_triceps_extension,덤벨 오버헤드 트라이셉스 익스텐션,OFI_AXIS,HIGH_FORCE_NEURAL,,MEDIUM,17.1875,1,MIGRATED_CURRENT_BEHAVIOR,ANALYSIS_CONTRACT_BASELINE_V1,,ex_a9e8859c,analysis_contract_baseline_v1.csv; identity inheritance per final closeout
OFI_00325,dumbbell_overhead_triceps_extension,덤벨 오버헤드 트라이셉스 익스텐션,OFI_AXIS,HIGH_SPEED,,MEDIUM,17.1875,1,MIGRATED_CURRENT_BEHAVIOR,ANALYSIS_CONTRACT_BASELINE_V1,,ex_a9e8859c,analysis_contract_baseline_v1.csv; identity inheritance per final closeout
OFI_00326,dumbbell_overhead_triceps_extension,덤벨 오버헤드 트라이셉스 익스텐션,OFI_AXIS,LOCAL_MUSCULAR,,MEDIUM,58.4375,1,MIGRATED_CURRENT_BEHAVIOR,ANALYSIS_CONTRACT_BASELINE_V1,,ex_a9e8859c,analysis_contract_baseline_v1.csv; identity inheritance per final closeout
OFI_00327,dumbbell_overhead_triceps_extension,덤벨 오버헤드 트라이셉스 익스텐션,OFI_AXIS,REACTIVE,,MEDIUM,15.625,1,MIGRATED_CURRENT_BEHAVIOR,ANALYSIS_CONTRACT_BASELINE_V1,,ex_a9e8859c,analysis_contract_baseline_v1.csv; identity inheritance per final closeout
OFI_00328,dumbbell_overhead_triceps_extension,덤벨 오버헤드 트라이셉스 익스텐션,OFI_AXIS,SYSTEMIC_MUSCULAR,,MEDIUM,13.28125,1,MIGRATED_CURRENT_BEHAVIOR,ANALYSIS_CONTRACT_BASELINE_V1,,ex_a9e8859c,analysis_contract_baseline_v1.csv; identity inheritance per final closeout
OFI_00329,dumbbell_overhead_triceps_extension,덤벨 오버헤드 트라이셉스 익스텐션,OFI_DOSE,VOLUME_LOAD,,THREE_CONFIRMED_SETS_20KG_8REPS_600SECONDS_RPE8,0,1,MIGRATED_CURRENT_BEHAVIOR,ANALYSIS_CONTRACT_BASELINE_V1,,ex_a9e8859c,analysis_contract_baseline_v1.csv; identity inheritance per final closeout
OFI_00330,dumbbell_overhead_triceps_extension,덤벨 오버헤드 트라이셉스 익스텐션,OFI_GROUP,OVERHEAD_TRICEPS_LONG_HEAD,,LOCAL_REPEAT_DETECTION,0,1,MIGRATED_CURRENT_BEHAVIOR,ANALYSIS_CONTRACT_BASELINE_V1,,ex_a9e8859c,analysis_contract_baseline_v1.csv; identity inheritance per final closeout
OFI_00331,dumbbell_overhead_triceps_extension,덤벨 오버헤드 트라이셉스 익스텐션,OFI_GROUP,OVERHEAD_TRICEPS_LONG_HEAD,,STRENGTH_COMPARISON,0,1,MIGRATED_CURRENT_BEHAVIOR,ANALYSIS_CONTRACT_BASELINE_V1,,ex_a9e8859c,analysis_contract_baseline_v1.csv; identity inheritance per final closeout
OFI_00332,dumbbell_overhead_triceps_extension,덤벨 오버헤드 트라이셉스 익스텐션,OFI_GROUP,OVERHEAD_TRICEPS_LONG_HEAD,,WORKLOAD_BASELINE,0,1,MIGRATED_CURRENT_BEHAVIOR,ANALYSIS_CONTRACT_BASELINE_V1,,ex_a9e8859c,analysis_contract_baseline_v1.csv; identity inheritance per final closeout
OFI_00333,dumbbell_overhead_triceps_extension,덤벨 오버헤드 트라이셉스 익스텐션,OFI_SCORE,HIGH_FORCE_NEURAL,,,21,1,MIGRATED_CURRENT_BEHAVIOR,ANALYSIS_CONTRACT_BASELINE_V1,,ex_a9e8859c,analysis_contract_baseline_v1.csv; identity inheritance per final closeout
OFI_00334,dumbbell_overhead_triceps_extension,덤벨 오버헤드 트라이셉스 익스텐션,OFI_SCORE,HIGH_SPEED,,,21,1,MIGRATED_CURRENT_BEHAVIOR,ANALYSIS_CONTRACT_BASELINE_V1,,ex_a9e8859c,analysis_contract_baseline_v1.csv; identity inheritance per final closeout
OFI_00335,dumbbell_overhead_triceps_extension,덤벨 오버헤드 트라이셉스 익스텐션,OFI_SCORE,LOCAL_MUSCULAR,,,73,1,MIGRATED_CURRENT_BEHAVIOR,ANALYSIS_CONTRACT_BASELINE_V1,,ex_a9e8859c,analysis_contract_baseline_v1.csv; identity inheritance per final closeout
OFI_00336,dumbbell_overhead_triceps_extension,덤벨 오버헤드 트라이셉스 익스텐션,OFI_SCORE,REACTIVE,,,20,1,MIGRATED_CURRENT_BEHAVIOR,ANALYSIS_CONTRACT_BASELINE_V1,,ex_a9e8859c,analysis_contract_baseline_v1.csv; identity inheritance per final closeout
OFI_00337,dumbbell_overhead_triceps_extension,덤벨 오버헤드 트라이셉스 익스텐션,OFI_SCORE,SYSTEMIC_MUSCULAR,,,17,1,MIGRATED_CURRENT_BEHAVIOR,ANALYSIS_CONTRACT_BASELINE_V1,,ex_a9e8859c,analysis_contract_baseline_v1.csv; identity inheritance per final closeout
OFI_00338,dumbbell_overhead_triceps_extension,덤벨 오버헤드 트라이셉스 익스텐션,OFI_SNAPSHOT,SUMMARY,LOW,LOW,39,1,MIGRATED_CURRENT_BEHAVIOR,ANALYSIS_CONTRACT_BASELINE_V1,,ex_a9e8859c,analysis_contract_baseline_v1.csv; identity inheritance per final closeout
OFI_00339,dumbbell_preacher_curl,덤벨 프리처 컬,BADMINTON_FATIGUE_COST,LOW,,,0,1,MIGRATED_CURRENT_BEHAVIOR,ANALYSIS_CONTRACT_BASELINE_V1,,ex_e994008a,analysis_contract_baseline_v1.csv; identity inheritance per final closeout
OFI_00340,dumbbell_preacher_curl,덤벨 프리처 컬,OFI_AXIS,HIGH_FORCE_NEURAL,,SHORT,17.1875,1,MIGRATED_CURRENT_BEHAVIOR,ANALYSIS_CONTRACT_BASELINE_V1,,ex_e994008a,analysis_contract_baseline_v1.csv; identity inheritance per final closeout
OFI_00341,dumbbell_preacher_curl,덤벨 프리처 컬,OFI_AXIS,HIGH_SPEED,,SHORT,17.1875,1,MIGRATED_CURRENT_BEHAVIOR,ANALYSIS_CONTRACT_BASELINE_V1,,ex_e994008a,analysis_contract_baseline_v1.csv; identity inheritance per final closeout
OFI_00342,dumbbell_preacher_curl,덤벨 프리처 컬,OFI_AXIS,LOCAL_MUSCULAR,,SHORT,58.4375,1,MIGRATED_CURRENT_BEHAVIOR,ANALYSIS_CONTRACT_BASELINE_V1,,ex_e994008a,analysis_contract_baseline_v1.csv; identity inheritance per final closeout
OFI_00343,dumbbell_preacher_curl,덤벨 프리처 컬,OFI_AXIS,REACTIVE,,SHORT,15.625,1,MIGRATED_CURRENT_BEHAVIOR,ANALYSIS_CONTRACT_BASELINE_V1,,ex_e994008a,analysis_contract_baseline_v1.csv; identity inheritance per final closeout
OFI_00344,dumbbell_preacher_curl,덤벨 프리처 컬,OFI_AXIS,SYSTEMIC_MUSCULAR,,SHORT,13.28125,1,MIGRATED_CURRENT_BEHAVIOR,ANALYSIS_CONTRACT_BASELINE_V1,,ex_e994008a,analysis_contract_baseline_v1.csv; identity inheritance per final closeout
OFI_00345,dumbbell_preacher_curl,덤벨 프리처 컬,OFI_DOSE,VOLUME_LOAD,,THREE_CONFIRMED_SETS_20KG_8REPS_600SECONDS_RPE8,0,1,MIGRATED_CURRENT_BEHAVIOR,ANALYSIS_CONTRACT_BASELINE_V1,,ex_e994008a,analysis_contract_baseline_v1.csv; identity inheritance per final closeout
OFI_00346,dumbbell_preacher_curl,덤벨 프리처 컬,OFI_GROUP,ELBOW_FLEXION_CURL,,LOCAL_REPEAT_DETECTION,0,1,MIGRATED_CURRENT_BEHAVIOR,ANALYSIS_CONTRACT_BASELINE_V1,,ex_e994008a,analysis_contract_baseline_v1.csv; identity inheritance per final closeout
OFI_00347,dumbbell_preacher_curl,덤벨 프리처 컬,OFI_GROUP,ELBOW_FLEXION_CURL,,STRENGTH_COMPARISON,0,1,MIGRATED_CURRENT_BEHAVIOR,ANALYSIS_CONTRACT_BASELINE_V1,,ex_e994008a,analysis_contract_baseline_v1.csv; identity inheritance per final closeout
OFI_00348,dumbbell_preacher_curl,덤벨 프리처 컬,OFI_GROUP,ELBOW_FLEXION_CURL,,WORKLOAD_BASELINE,0,1,MIGRATED_CURRENT_BEHAVIOR,ANALYSIS_CONTRACT_BASELINE_V1,,ex_e994008a,analysis_contract_baseline_v1.csv; identity inheritance per final closeout
OFI_00349,dumbbell_preacher_curl,덤벨 프리처 컬,OFI_SCORE,HIGH_FORCE_NEURAL,,,21,1,MIGRATED_CURRENT_BEHAVIOR,ANALYSIS_CONTRACT_BASELINE_V1,,ex_e994008a,analysis_contract_baseline_v1.csv; identity inheritance per final closeout
OFI_00350,dumbbell_preacher_curl,덤벨 프리처 컬,OFI_SCORE,HIGH_SPEED,,,21,1,MIGRATED_CURRENT_BEHAVIOR,ANALYSIS_CONTRACT_BASELINE_V1,,ex_e994008a,analysis_contract_baseline_v1.csv; identity inheritance per final closeout
OFI_00351,dumbbell_preacher_curl,덤벨 프리처 컬,OFI_SCORE,LOCAL_MUSCULAR,,,73,1,MIGRATED_CURRENT_BEHAVIOR,ANALYSIS_CONTRACT_BASELINE_V1,,ex_e994008a,analysis_contract_baseline_v1.csv; identity inheritance per final closeout
OFI_00352,dumbbell_preacher_curl,덤벨 프리처 컬,OFI_SCORE,REACTIVE,,,20,1,MIGRATED_CURRENT_BEHAVIOR,ANALYSIS_CONTRACT_BASELINE_V1,,ex_e994008a,analysis_contract_baseline_v1.csv; identity inheritance per final closeout
OFI_00353,dumbbell_preacher_curl,덤벨 프리처 컬,OFI_SCORE,SYSTEMIC_MUSCULAR,,,17,1,MIGRATED_CURRENT_BEHAVIOR,ANALYSIS_CONTRACT_BASELINE_V1,,ex_e994008a,analysis_contract_baseline_v1.csv; identity inheritance per final closeout
OFI_00354,dumbbell_preacher_curl,덤벨 프리처 컬,OFI_SNAPSHOT,SUMMARY,LOW,LOW,39,1,MIGRATED_CURRENT_BEHAVIOR,ANALYSIS_CONTRACT_BASELINE_V1,,ex_e994008a,analysis_contract_baseline_v1.csv; identity inheritance per final closeout
OFI_00355,dumbbell_rear_delt_fly,덤벨 리어델트 플라이,BADMINTON_FATIGUE_COST,MEDIUM,,,0,1,MIGRATED_CURRENT_BEHAVIOR,ANALYSIS_CONTRACT_BASELINE_V1,,ex_7176cbee,analysis_contract_baseline_v1.csv; identity inheritance per final closeout
OFI_00356,dumbbell_rear_delt_fly,덤벨 리어델트 플라이,OFI_AXIS,HIGH_FORCE_NEURAL,,SHORT,17.1875,1,MIGRATED_CURRENT_BEHAVIOR,ANALYSIS_CONTRACT_BASELINE_V1,,ex_7176cbee,analysis_contract_baseline_v1.csv; identity inheritance per final closeout
OFI_00357,dumbbell_rear_delt_fly,덤벨 리어델트 플라이,OFI_AXIS,HIGH_SPEED,,SHORT,17.1875,1,MIGRATED_CURRENT_BEHAVIOR,ANALYSIS_CONTRACT_BASELINE_V1,,ex_7176cbee,analysis_contract_baseline_v1.csv; identity inheritance per final closeout
OFI_00358,dumbbell_rear_delt_fly,덤벨 리어델트 플라이,OFI_AXIS,LOCAL_MUSCULAR,,SHORT,58.4375,1,MIGRATED_CURRENT_BEHAVIOR,ANALYSIS_CONTRACT_BASELINE_V1,,ex_7176cbee,analysis_contract_baseline_v1.csv; identity inheritance per final closeout
OFI_00359,dumbbell_rear_delt_fly,덤벨 리어델트 플라이,OFI_AXIS,REACTIVE,,SHORT,15.625,1,MIGRATED_CURRENT_BEHAVIOR,ANALYSIS_CONTRACT_BASELINE_V1,,ex_7176cbee,analysis_contract_baseline_v1.csv; identity inheritance per final closeout
OFI_00360,dumbbell_rear_delt_fly,덤벨 리어델트 플라이,OFI_AXIS,SYSTEMIC_MUSCULAR,,SHORT,13.28125,1,MIGRATED_CURRENT_BEHAVIOR,ANALYSIS_CONTRACT_BASELINE_V1,,ex_7176cbee,analysis_contract_baseline_v1.csv; identity inheritance per final closeout
OFI_00361,dumbbell_rear_delt_fly,덤벨 리어델트 플라이,OFI_DOSE,VOLUME_LOAD,,THREE_CONFIRMED_SETS_20KG_8REPS_600SECONDS_RPE8,0,1,MIGRATED_CURRENT_BEHAVIOR,ANALYSIS_CONTRACT_BASELINE_V1,,ex_7176cbee,analysis_contract_baseline_v1.csv; identity inheritance per final closeout
OFI_00362,dumbbell_rear_delt_fly,덤벨 리어델트 플라이,OFI_GROUP,POSTERIOR_DELTOID_HORIZONTAL_ABDUCTION,,LOCAL_REPEAT_DETECTION,0,1,MIGRATED_CURRENT_BEHAVIOR,ANALYSIS_CONTRACT_BASELINE_V1,,ex_7176cbee,analysis_contract_baseline_v1.csv; identity inheritance per final closeout
OFI_00363,dumbbell_rear_delt_fly,덤벨 리어델트 플라이,OFI_GROUP,POSTERIOR_DELTOID_HORIZONTAL_ABDUCTION,,STRENGTH_COMPARISON,0,1,MIGRATED_CURRENT_BEHAVIOR,ANALYSIS_CONTRACT_BASELINE_V1,,ex_7176cbee,analysis_contract_baseline_v1.csv; identity inheritance per final closeout
OFI_00364,dumbbell_rear_delt_fly,덤벨 리어델트 플라이,OFI_GROUP,POSTERIOR_DELTOID_HORIZONTAL_ABDUCTION,,WORKLOAD_BASELINE,0,1,MIGRATED_CURRENT_BEHAVIOR,ANALYSIS_CONTRACT_BASELINE_V1,,ex_7176cbee,analysis_contract_baseline_v1.csv; identity inheritance per final closeout
OFI_00365,dumbbell_rear_delt_fly,덤벨 리어델트 플라이,OFI_SCORE,HIGH_FORCE_NEURAL,,,21,1,MIGRATED_CURRENT_BEHAVIOR,ANALYSIS_CONTRACT_BASELINE_V1,,ex_7176cbee,analysis_contract_baseline_v1.csv; identity inheritance per final closeout
OFI_00366,dumbbell_rear_delt_fly,덤벨 리어델트 플라이,OFI_SCORE,HIGH_SPEED,,,21,1,MIGRATED_CURRENT_BEHAVIOR,ANALYSIS_CONTRACT_BASELINE_V1,,ex_7176cbee,analysis_contract_baseline_v1.csv; identity inheritance per final closeout
OFI_00367,dumbbell_rear_delt_fly,덤벨 리어델트 플라이,OFI_SCORE,LOCAL_MUSCULAR,,,73,1,MIGRATED_CURRENT_BEHAVIOR,ANALYSIS_CONTRACT_BASELINE_V1,,ex_7176cbee,analysis_contract_baseline_v1.csv; identity inheritance per final closeout
OFI_00368,dumbbell_rear_delt_fly,덤벨 리어델트 플라이,OFI_SCORE,REACTIVE,,,20,1,MIGRATED_CURRENT_BEHAVIOR,ANALYSIS_CONTRACT_BASELINE_V1,,ex_7176cbee,analysis_contract_baseline_v1.csv; identity inheritance per final closeout
OFI_00369,dumbbell_rear_delt_fly,덤벨 리어델트 플라이,OFI_SCORE,SYSTEMIC_MUSCULAR,,,17,1,MIGRATED_CURRENT_BEHAVIOR,ANALYSIS_CONTRACT_BASELINE_V1,,ex_7176cbee,analysis_contract_baseline_v1.csv; identity inheritance per final closeout
OFI_00370,dumbbell_rear_delt_fly,덤벨 리어델트 플라이,OFI_SNAPSHOT,SUMMARY,LOW,LOW,39,1,MIGRATED_CURRENT_BEHAVIOR,ANALYSIS_CONTRACT_BASELINE_V1,,ex_7176cbee,analysis_contract_baseline_v1.csv; identity inheritance per final closeout
OFI_00371,dumbbell_reverse_wrist_curl,덤벨 리버스 리스트 컬,BADMINTON_FATIGUE_COST,VERY_HIGH,,,0,1,MIGRATED_CURRENT_BEHAVIOR,ANALYSIS_CONTRACT_BASELINE_V1,,ex_8e18b02a,analysis_contract_baseline_v1.csv; identity inheritance per final closeout
OFI_00372,dumbbell_reverse_wrist_curl,덤벨 리버스 리스트 컬,OFI_AXIS,HIGH_FORCE_NEURAL,,SHORT,17.1875,1,MIGRATED_CURRENT_BEHAVIOR,ANALYSIS_CONTRACT_BASELINE_V1,,ex_8e18b02a,analysis_contract_baseline_v1.csv; identity inheritance per final closeout
OFI_00373,dumbbell_reverse_wrist_curl,덤벨 리버스 리스트 컬,OFI_AXIS,HIGH_SPEED,,SHORT,17.1875,1,MIGRATED_CURRENT_BEHAVIOR,ANALYSIS_CONTRACT_BASELINE_V1,,ex_8e18b02a,analysis_contract_baseline_v1.csv; identity inheritance per final closeout
OFI_00374,dumbbell_reverse_wrist_curl,덤벨 리버스 리스트 컬,OFI_AXIS,LOCAL_MUSCULAR,,SHORT,58.4375,1,MIGRATED_CURRENT_BEHAVIOR,ANALYSIS_CONTRACT_BASELINE_V1,,ex_8e18b02a,analysis_contract_baseline_v1.csv; identity inheritance per final closeout
OFI_00375,dumbbell_reverse_wrist_curl,덤벨 리버스 리스트 컬,OFI_AXIS,REACTIVE,,SHORT,15.625,1,MIGRATED_CURRENT_BEHAVIOR,ANALYSIS_CONTRACT_BASELINE_V1,,ex_8e18b02a,analysis_contract_baseline_v1.csv; identity inheritance per final closeout
OFI_00376,dumbbell_reverse_wrist_curl,덤벨 리버스 리스트 컬,OFI_AXIS,SYSTEMIC_MUSCULAR,,SHORT,13.28125,1,MIGRATED_CURRENT_BEHAVIOR,ANALYSIS_CONTRACT_BASELINE_V1,,ex_8e18b02a,analysis_contract_baseline_v1.csv; identity inheritance per final closeout
OFI_00377,dumbbell_reverse_wrist_curl,덤벨 리버스 리스트 컬,OFI_DOSE,LOAD_REPS,,THREE_CONFIRMED_SETS_20KG_8REPS_600SECONDS_RPE8,0,1,MIGRATED_CURRENT_BEHAVIOR,ANALYSIS_CONTRACT_BASELINE_V1,,ex_8e18b02a,analysis_contract_baseline_v1.csv; identity inheritance per final closeout
OFI_00378,dumbbell_reverse_wrist_curl,덤벨 리버스 리스트 컬,OFI_GROUP,FOREARM_WRIST_GRIP_ACCESSORY,,LOCAL_REPEAT_DETECTION,0,1,MIGRATED_CURRENT_BEHAVIOR,ANALYSIS_CONTRACT_BASELINE_V1,,ex_8e18b02a,analysis_contract_baseline_v1.csv; identity inheritance per final closeout
OFI_00379,dumbbell_reverse_wrist_curl,덤벨 리버스 리스트 컬,OFI_GROUP,FOREARM_WRIST_GRIP_ACCESSORY,,STRENGTH_COMPARISON,0,1,MIGRATED_CURRENT_BEHAVIOR,ANALYSIS_CONTRACT_BASELINE_V1,,ex_8e18b02a,analysis_contract_baseline_v1.csv; identity inheritance per final closeout
OFI_00380,dumbbell_reverse_wrist_curl,덤벨 리버스 리스트 컬,OFI_GROUP,FOREARM_WRIST_GRIP_ACCESSORY,,WORKLOAD_BASELINE,0,1,MIGRATED_CURRENT_BEHAVIOR,ANALYSIS_CONTRACT_BASELINE_V1,,ex_8e18b02a,analysis_contract_baseline_v1.csv; identity inheritance per final closeout
OFI_00381,dumbbell_reverse_wrist_curl,덤벨 리버스 리스트 컬,OFI_SCORE,HIGH_FORCE_NEURAL,,,21,1,MIGRATED_CURRENT_BEHAVIOR,ANALYSIS_CONTRACT_BASELINE_V1,,ex_8e18b02a,analysis_contract_baseline_v1.csv; identity inheritance per final closeout
OFI_00382,dumbbell_reverse_wrist_curl,덤벨 리버스 리스트 컬,OFI_SCORE,HIGH_SPEED,,,21,1,MIGRATED_CURRENT_BEHAVIOR,ANALYSIS_CONTRACT_BASELINE_V1,,ex_8e18b02a,analysis_contract_baseline_v1.csv; identity inheritance per final closeout
OFI_00383,dumbbell_reverse_wrist_curl,덤벨 리버스 리스트 컬,OFI_SCORE,LOCAL_MUSCULAR,,,73,1,MIGRATED_CURRENT_BEHAVIOR,ANALYSIS_CONTRACT_BASELINE_V1,,ex_8e18b02a,analysis_contract_baseline_v1.csv; identity inheritance per final closeout
OFI_00384,dumbbell_reverse_wrist_curl,덤벨 리버스 리스트 컬,OFI_SCORE,REACTIVE,,,20,1,MIGRATED_CURRENT_BEHAVIOR,ANALYSIS_CONTRACT_BASELINE_V1,,ex_8e18b02a,analysis_contract_baseline_v1.csv; identity inheritance per final closeout
OFI_00385,dumbbell_reverse_wrist_curl,덤벨 리버스 리스트 컬,OFI_SCORE,SYSTEMIC_MUSCULAR,,,17,1,MIGRATED_CURRENT_BEHAVIOR,ANALYSIS_CONTRACT_BASELINE_V1,,ex_8e18b02a,analysis_contract_baseline_v1.csv; identity inheritance per final closeout
OFI_00386,dumbbell_reverse_wrist_curl,덤벨 리버스 리스트 컬,OFI_SNAPSHOT,SUMMARY,LOW,LOW,39,1,MIGRATED_CURRENT_BEHAVIOR,ANALYSIS_CONTRACT_BASELINE_V1,,ex_8e18b02a,analysis_contract_baseline_v1.csv; identity inheritance per final closeout
OFI_00387,dumbbell_romanian_deadlift,루마니안 덤벨 데드리프트,BADMINTON_FATIGUE_COST,VERY_HIGH,,,0,1,MIGRATED_CURRENT_BEHAVIOR,ANALYSIS_CONTRACT_BASELINE_V1,,dumbbell_romanian_deadlift,analysis_contract_baseline_v1.csv; identity inheritance per final closeout
OFI_00388,dumbbell_romanian_deadlift,루마니안 덤벨 데드리프트,OFI_AXIS,HIGH_FORCE_NEURAL,,LONG,58.4375,1,MIGRATED_CURRENT_BEHAVIOR,ANALYSIS_CONTRACT_BASELINE_V1,,dumbbell_romanian_deadlift,analysis_contract_baseline_v1.csv; identity inheritance per final closeout
OFI_00389,dumbbell_romanian_deadlift,루마니안 덤벨 데드리프트,OFI_AXIS,HIGH_SPEED,,LONG,17.1875,1,MIGRATED_CURRENT_BEHAVIOR,ANALYSIS_CONTRACT_BASELINE_V1,,dumbbell_romanian_deadlift,analysis_contract_baseline_v1.csv; identity inheritance per final closeout
OFI_00390,dumbbell_romanian_deadlift,루마니안 덤벨 데드리프트,OFI_AXIS,LOCAL_MUSCULAR,,LONG,58.4375,1,MIGRATED_CURRENT_BEHAVIOR,ANALYSIS_CONTRACT_BASELINE_V1,,dumbbell_romanian_deadlift,analysis_contract_baseline_v1.csv; identity inheritance per final closeout
OFI_00391,dumbbell_romanian_deadlift,루마니안 덤벨 데드리프트,OFI_AXIS,REACTIVE,,LONG,15.625,1,MIGRATED_CURRENT_BEHAVIOR,ANALYSIS_CONTRACT_BASELINE_V1,,dumbbell_romanian_deadlift,analysis_contract_baseline_v1.csv; identity inheritance per final closeout
OFI_00392,dumbbell_romanian_deadlift,루마니안 덤벨 데드리프트,OFI_AXIS,SYSTEMIC_MUSCULAR,,LONG,29.21875,1,MIGRATED_CURRENT_BEHAVIOR,ANALYSIS_CONTRACT_BASELINE_V1,,dumbbell_romanian_deadlift,analysis_contract_baseline_v1.csv; identity inheritance per final closeout
OFI_00393,dumbbell_romanian_deadlift,루마니안 덤벨 데드리프트,OFI_DOSE,VOLUME_LOAD,,THREE_CONFIRMED_SETS_20KG_8REPS_600SECONDS_RPE8,0,1,MIGRATED_CURRENT_BEHAVIOR,ANALYSIS_CONTRACT_BASELINE_V1,,dumbbell_romanian_deadlift,analysis_contract_baseline_v1.csv; identity inheritance per final closeout
OFI_00394,dumbbell_romanian_deadlift,루마니안 덤벨 데드리프트,OFI_GROUP,DUMBBELL_RDL_HINGE_ACCESSORY,,LOCAL_REPEAT_DETECTION,0,1,MIGRATED_CURRENT_BEHAVIOR,ANALYSIS_CONTRACT_BASELINE_V1,,dumbbell_romanian_deadlift,analysis_contract_baseline_v1.csv; identity inheritance per final closeout
OFI_00395,dumbbell_romanian_deadlift,루마니안 덤벨 데드리프트,OFI_GROUP,DUMBBELL_RDL_HINGE_ACCESSORY,,STRENGTH_COMPARISON,0,1,MIGRATED_CURRENT_BEHAVIOR,ANALYSIS_CONTRACT_BASELINE_V1,,dumbbell_romanian_deadlift,analysis_contract_baseline_v1.csv; identity inheritance per final closeout
OFI_00396,dumbbell_romanian_deadlift,루마니안 덤벨 데드리프트,OFI_GROUP,DUMBBELL_RDL_HINGE_ACCESSORY,,WORKLOAD_BASELINE,0,1,MIGRATED_CURRENT_BEHAVIOR,ANALYSIS_CONTRACT_BASELINE_V1,,dumbbell_romanian_deadlift,analysis_contract_baseline_v1.csv; identity inheritance per final closeout
OFI_00397,dumbbell_romanian_deadlift,루마니안 덤벨 데드리프트,OFI_SCORE,HIGH_FORCE_NEURAL,,,73,1,MIGRATED_CURRENT_BEHAVIOR,ANALYSIS_CONTRACT_BASELINE_V1,,dumbbell_romanian_deadlift,analysis_contract_baseline_v1.csv; identity inheritance per final closeout
OFI_00398,dumbbell_romanian_deadlift,루마니안 덤벨 데드리프트,OFI_SCORE,HIGH_SPEED,,,21,1,MIGRATED_CURRENT_BEHAVIOR,ANALYSIS_CONTRACT_BASELINE_V1,,dumbbell_romanian_deadlift,analysis_contract_baseline_v1.csv; identity inheritance per final closeout
OFI_00399,dumbbell_romanian_deadlift,루마니안 덤벨 데드리프트,OFI_SCORE,LOCAL_MUSCULAR,,,73,1,MIGRATED_CURRENT_BEHAVIOR,ANALYSIS_CONTRACT_BASELINE_V1,,dumbbell_romanian_deadlift,analysis_contract_baseline_v1.csv; identity inheritance per final closeout
OFI_00400,dumbbell_romanian_deadlift,루마니안 덤벨 데드리프트,OFI_SCORE,REACTIVE,,,20,1,MIGRATED_CURRENT_BEHAVIOR,ANALYSIS_CONTRACT_BASELINE_V1,,dumbbell_romanian_deadlift,analysis_contract_baseline_v1.csv; identity inheritance per final closeout
OFI_00401,dumbbell_romanian_deadlift,루마니안 덤벨 데드리프트,OFI_SCORE,SYSTEMIC_MUSCULAR,,,37,1,MIGRATED_CURRENT_BEHAVIOR,ANALYSIS_CONTRACT_BASELINE_V1,,dumbbell_romanian_deadlift,analysis_contract_baseline_v1.csv; identity inheritance per final closeout
OFI_00402,dumbbell_romanian_deadlift,루마니안 덤벨 데드리프트,OFI_SNAPSHOT,SUMMARY,NORMAL,LOW,46,1,MIGRATED_CURRENT_BEHAVIOR,ANALYSIS_CONTRACT_BASELINE_V1,,dumbbell_romanian_deadlift,analysis_contract_baseline_v1.csv; identity inheritance per final closeout
OFI_00403,dumbbell_single_leg_rdl,덤벨 원레그 루마니안 데드리프트,BADMINTON_FATIGUE_COST,HIGH,,,0,1,MIGRATED_CURRENT_BEHAVIOR,ANALYSIS_CONTRACT_BASELINE_V1,,single_leg_rdl,analysis_contract_baseline_v1.csv; identity inheritance per final closeout
OFI_00404,dumbbell_single_leg_rdl,덤벨 원레그 루마니안 데드리프트,OFI_AXIS,HIGH_FORCE_NEURAL,,MEDIUM,17.1875,1,MIGRATED_CURRENT_BEHAVIOR,ANALYSIS_CONTRACT_BASELINE_V1,,single_leg_rdl,analysis_contract_baseline_v1.csv; identity inheritance per final closeout
OFI_00405,dumbbell_single_leg_rdl,덤벨 원레그 루마니안 데드리프트,OFI_AXIS,HIGH_SPEED,,MEDIUM,70.125,1,MIGRATED_CURRENT_BEHAVIOR,ANALYSIS_CONTRACT_BASELINE_V1,,single_leg_rdl,analysis_contract_baseline_v1.csv; identity inheritance per final closeout
OFI_00406,dumbbell_single_leg_rdl,덤벨 원레그 루마니안 데드리프트,OFI_AXIS,LOCAL_MUSCULAR,,MEDIUM,58.4375,1,MIGRATED_CURRENT_BEHAVIOR,ANALYSIS_CONTRACT_BASELINE_V1,,single_leg_rdl,analysis_contract_baseline_v1.csv; identity inheritance per final closeout
OFI_00407,dumbbell_single_leg_rdl,덤벨 원레그 루마니안 데드리프트,OFI_AXIS,REACTIVE,,MEDIUM,63.75,1,MIGRATED_CURRENT_BEHAVIOR,ANALYSIS_CONTRACT_BASELINE_V1,,single_leg_rdl,analysis_contract_baseline_v1.csv; identity inheritance per final closeout
OFI_00408,dumbbell_single_leg_rdl,덤벨 원레그 루마니안 데드리프트,OFI_AXIS,SYSTEMIC_MUSCULAR,,MEDIUM,29.21875,1,MIGRATED_CURRENT_BEHAVIOR,ANALYSIS_CONTRACT_BASELINE_V1,,single_leg_rdl,analysis_contract_baseline_v1.csv; identity inheritance per final closeout
OFI_00409,dumbbell_single_leg_rdl,덤벨 원레그 루마니안 데드리프트,OFI_DOSE,VOLUME_LOAD,,THREE_CONFIRMED_SETS_20KG_8REPS_600SECONDS_RPE8,0,1,MIGRATED_CURRENT_BEHAVIOR,ANALYSIS_CONTRACT_BASELINE_V1,,single_leg_rdl,analysis_contract_baseline_v1.csv; identity inheritance per final closeout
OFI_00410,dumbbell_single_leg_rdl,덤벨 원레그 루마니안 데드리프트,OFI_GROUP,SINGLE_LEG_HINGE_STABILITY,,LOCAL_REPEAT_DETECTION,0,1,MIGRATED_CURRENT_BEHAVIOR,ANALYSIS_CONTRACT_BASELINE_V1,,single_leg_rdl,analysis_contract_baseline_v1.csv; identity inheritance per final closeout
OFI_00411,dumbbell_single_leg_rdl,덤벨 원레그 루마니안 데드리프트,OFI_GROUP,SINGLE_LEG_HINGE_STABILITY,,STRENGTH_COMPARISON,0,1,MIGRATED_CURRENT_BEHAVIOR,ANALYSIS_CONTRACT_BASELINE_V1,,single_leg_rdl,analysis_contract_baseline_v1.csv; identity inheritance per final closeout
OFI_00412,dumbbell_single_leg_rdl,덤벨 원레그 루마니안 데드리프트,OFI_GROUP,SINGLE_LEG_HINGE_STABILITY,,WORKLOAD_BASELINE,0,1,MIGRATED_CURRENT_BEHAVIOR,ANALYSIS_CONTRACT_BASELINE_V1,,single_leg_rdl,analysis_contract_baseline_v1.csv; identity inheritance per final closeout
OFI_00413,dumbbell_single_leg_rdl,덤벨 원레그 루마니안 데드리프트,OFI_SCORE,HIGH_FORCE_NEURAL,,,21,1,MIGRATED_CURRENT_BEHAVIOR,ANALYSIS_CONTRACT_BASELINE_V1,,single_leg_rdl,analysis_contract_baseline_v1.csv; identity inheritance per final closeout
OFI_00414,dumbbell_single_leg_rdl,덤벨 원레그 루마니안 데드리프트,OFI_SCORE,HIGH_SPEED,,,88,1,MIGRATED_CURRENT_BEHAVIOR,ANALYSIS_CONTRACT_BASELINE_V1,,single_leg_rdl,analysis_contract_baseline_v1.csv; identity inheritance per final closeout
OFI_00415,dumbbell_single_leg_rdl,덤벨 원레그 루마니안 데드리프트,OFI_SCORE,LOCAL_MUSCULAR,,,73,1,MIGRATED_CURRENT_BEHAVIOR,ANALYSIS_CONTRACT_BASELINE_V1,,single_leg_rdl,analysis_contract_baseline_v1.csv; identity inheritance per final closeout
OFI_00416,dumbbell_single_leg_rdl,덤벨 원레그 루마니안 데드리프트,OFI_SCORE,REACTIVE,,,80,1,MIGRATED_CURRENT_BEHAVIOR,ANALYSIS_CONTRACT_BASELINE_V1,,single_leg_rdl,analysis_contract_baseline_v1.csv; identity inheritance per final closeout
OFI_00417,dumbbell_single_leg_rdl,덤벨 원레그 루마니안 데드리프트,OFI_SCORE,SYSTEMIC_MUSCULAR,,,37,1,MIGRATED_CURRENT_BEHAVIOR,ANALYSIS_CONTRACT_BASELINE_V1,,single_leg_rdl,analysis_contract_baseline_v1.csv; identity inheritance per final closeout
OFI_00418,dumbbell_single_leg_rdl,덤벨 원레그 루마니안 데드리프트,OFI_SNAPSHOT,SUMMARY,NORMAL,LOW,74,1,MIGRATED_CURRENT_BEHAVIOR,ANALYSIS_CONTRACT_BASELINE_V1,,single_leg_rdl,analysis_contract_baseline_v1.csv; identity inheritance per final closeout
OFI_00419,dumbbell_spider_curl,덤벨 스파이더 컬,BADMINTON_FATIGUE_COST,LOW,,,0,1,MIGRATED_CURRENT_BEHAVIOR,ANALYSIS_CONTRACT_BASELINE_V1,,ex_516f4456,analysis_contract_baseline_v1.csv; identity inheritance per final closeout
OFI_00420,dumbbell_spider_curl,덤벨 스파이더 컬,OFI_AXIS,HIGH_FORCE_NEURAL,,SHORT,17.1875,1,MIGRATED_CURRENT_BEHAVIOR,ANALYSIS_CONTRACT_BASELINE_V1,,ex_516f4456,analysis_contract_baseline_v1.csv; identity inheritance per final closeout
OFI_00421,dumbbell_spider_curl,덤벨 스파이더 컬,OFI_AXIS,HIGH_SPEED,,SHORT,17.1875,1,MIGRATED_CURRENT_BEHAVIOR,ANALYSIS_CONTRACT_BASELINE_V1,,ex_516f4456,analysis_contract_baseline_v1.csv; identity inheritance per final closeout
OFI_00422,dumbbell_spider_curl,덤벨 스파이더 컬,OFI_AXIS,LOCAL_MUSCULAR,,SHORT,58.4375,1,MIGRATED_CURRENT_BEHAVIOR,ANALYSIS_CONTRACT_BASELINE_V1,,ex_516f4456,analysis_contract_baseline_v1.csv; identity inheritance per final closeout
OFI_00423,dumbbell_spider_curl,덤벨 스파이더 컬,OFI_AXIS,REACTIVE,,SHORT,15.625,1,MIGRATED_CURRENT_BEHAVIOR,ANALYSIS_CONTRACT_BASELINE_V1,,ex_516f4456,analysis_contract_baseline_v1.csv; identity inheritance per final closeout
OFI_00424,dumbbell_spider_curl,덤벨 스파이더 컬,OFI_AXIS,SYSTEMIC_MUSCULAR,,SHORT,13.28125,1,MIGRATED_CURRENT_BEHAVIOR,ANALYSIS_CONTRACT_BASELINE_V1,,ex_516f4456,analysis_contract_baseline_v1.csv; identity inheritance per final closeout
OFI_00425,dumbbell_spider_curl,덤벨 스파이더 컬,OFI_DOSE,VOLUME_LOAD,,THREE_CONFIRMED_SETS_20KG_8REPS_600SECONDS_RPE8,0,1,MIGRATED_CURRENT_BEHAVIOR,ANALYSIS_CONTRACT_BASELINE_V1,,ex_516f4456,analysis_contract_baseline_v1.csv; identity inheritance per final closeout
OFI_00426,dumbbell_spider_curl,덤벨 스파이더 컬,OFI_GROUP,ELBOW_FLEXION_CURL,,LOCAL_REPEAT_DETECTION,0,1,MIGRATED_CURRENT_BEHAVIOR,ANALYSIS_CONTRACT_BASELINE_V1,,ex_516f4456,analysis_contract_baseline_v1.csv; identity inheritance per final closeout
OFI_00427,dumbbell_spider_curl,덤벨 스파이더 컬,OFI_GROUP,ELBOW_FLEXION_CURL,,STRENGTH_COMPARISON,0,1,MIGRATED_CURRENT_BEHAVIOR,ANALYSIS_CONTRACT_BASELINE_V1,,ex_516f4456,analysis_contract_baseline_v1.csv; identity inheritance per final closeout
OFI_00428,dumbbell_spider_curl,덤벨 스파이더 컬,OFI_GROUP,ELBOW_FLEXION_CURL,,WORKLOAD_BASELINE,0,1,MIGRATED_CURRENT_BEHAVIOR,ANALYSIS_CONTRACT_BASELINE_V1,,ex_516f4456,analysis_contract_baseline_v1.csv; identity inheritance per final closeout
OFI_00429,dumbbell_spider_curl,덤벨 스파이더 컬,OFI_SCORE,HIGH_FORCE_NEURAL,,,21,1,MIGRATED_CURRENT_BEHAVIOR,ANALYSIS_CONTRACT_BASELINE_V1,,ex_516f4456,analysis_contract_baseline_v1.csv; identity inheritance per final closeout
OFI_00430,dumbbell_spider_curl,덤벨 스파이더 컬,OFI_SCORE,HIGH_SPEED,,,21,1,MIGRATED_CURRENT_BEHAVIOR,ANALYSIS_CONTRACT_BASELINE_V1,,ex_516f4456,analysis_contract_baseline_v1.csv; identity inheritance per final closeout
OFI_00431,dumbbell_spider_curl,덤벨 스파이더 컬,OFI_SCORE,LOCAL_MUSCULAR,,,73,1,MIGRATED_CURRENT_BEHAVIOR,ANALYSIS_CONTRACT_BASELINE_V1,,ex_516f4456,analysis_contract_baseline_v1.csv; identity inheritance per final closeout
OFI_00432,dumbbell_spider_curl,덤벨 스파이더 컬,OFI_SCORE,REACTIVE,,,20,1,MIGRATED_CURRENT_BEHAVIOR,ANALYSIS_CONTRACT_BASELINE_V1,,ex_516f4456,analysis_contract_baseline_v1.csv; identity inheritance per final closeout
OFI_00433,dumbbell_spider_curl,덤벨 스파이더 컬,OFI_SCORE,SYSTEMIC_MUSCULAR,,,17,1,MIGRATED_CURRENT_BEHAVIOR,ANALYSIS_CONTRACT_BASELINE_V1,,ex_516f4456,analysis_contract_baseline_v1.csv; identity inheritance per final closeout
OFI_00434,dumbbell_spider_curl,덤벨 스파이더 컬,OFI_SNAPSHOT,SUMMARY,LOW,LOW,39,1,MIGRATED_CURRENT_BEHAVIOR,ANALYSIS_CONTRACT_BASELINE_V1,,ex_516f4456,analysis_contract_baseline_v1.csv; identity inheritance per final closeout
OFI_00435,dumbbell_woodchop,덤벨 우드찹,BADMINTON_FATIGUE_COST,MEDIUM,,,0,1,MIGRATED_CURRENT_BEHAVIOR,ANALYSIS_CONTRACT_BASELINE_V1,,dumbbell_woodchop,analysis_contract_baseline_v1.csv; identity inheritance per final closeout
OFI_00436,dumbbell_woodchop,덤벨 우드찹,OFI_AXIS,HIGH_FORCE_NEURAL,,MEDIUM,17.1875,1,MIGRATED_CURRENT_BEHAVIOR,ANALYSIS_CONTRACT_BASELINE_V1,,dumbbell_woodchop,analysis_contract_baseline_v1.csv; identity inheritance per final closeout
OFI_00437,dumbbell_woodchop,덤벨 우드찹,OFI_AXIS,HIGH_SPEED,,MEDIUM,17.1875,1,MIGRATED_CURRENT_BEHAVIOR,ANALYSIS_CONTRACT_BASELINE_V1,,dumbbell_woodchop,analysis_contract_baseline_v1.csv; identity inheritance per final closeout
OFI_00438,dumbbell_woodchop,덤벨 우드찹,OFI_AXIS,LOCAL_MUSCULAR,,MEDIUM,37.8125,1,MIGRATED_CURRENT_BEHAVIOR,ANALYSIS_CONTRACT_BASELINE_V1,,dumbbell_woodchop,analysis_contract_baseline_v1.csv; identity inheritance per final closeout
OFI_00439,dumbbell_woodchop,덤벨 우드찹,OFI_AXIS,REACTIVE,,MEDIUM,15.625,1,MIGRATED_CURRENT_BEHAVIOR,ANALYSIS_CONTRACT_BASELINE_V1,,dumbbell_woodchop,analysis_contract_baseline_v1.csv; identity inheritance per final closeout
OFI_00440,dumbbell_woodchop,덤벨 우드찹,OFI_AXIS,SYSTEMIC_MUSCULAR,,MEDIUM,15.625,1,MIGRATED_CURRENT_BEHAVIOR,ANALYSIS_CONTRACT_BASELINE_V1,,dumbbell_woodchop,analysis_contract_baseline_v1.csv; identity inheritance per final closeout
OFI_00441,dumbbell_woodchop,덤벨 우드찹,OFI_DOSE,QUALITY_BASED,,THREE_CONFIRMED_SETS_20KG_8REPS_600SECONDS_RPE8,0,1,MIGRATED_CURRENT_BEHAVIOR,ANALYSIS_CONTRACT_BASELINE_V1,,dumbbell_woodchop,analysis_contract_baseline_v1.csv; identity inheritance per final closeout
OFI_00442,dumbbell_woodchop,덤벨 우드찹,OFI_GROUP,LOADED_ROTATIONAL_CHAIN,,LOCAL_REPEAT_DETECTION,0,1,MIGRATED_CURRENT_BEHAVIOR,ANALYSIS_CONTRACT_BASELINE_V1,,dumbbell_woodchop,analysis_contract_baseline_v1.csv; identity inheritance per final closeout
OFI_00443,dumbbell_woodchop,덤벨 우드찹,OFI_GROUP,ROTATION_POWER,,STRENGTH_COMPARISON,0,1,MIGRATED_CURRENT_BEHAVIOR,ANALYSIS_CONTRACT_BASELINE_V1,,dumbbell_woodchop,analysis_contract_baseline_v1.csv; identity inheritance per final closeout
OFI_00444,dumbbell_woodchop,덤벨 우드찹,OFI_GROUP,ROTATION_POWER,,WORKLOAD_BASELINE,0,1,MIGRATED_CURRENT_BEHAVIOR,ANALYSIS_CONTRACT_BASELINE_V1,,dumbbell_woodchop,analysis_contract_baseline_v1.csv; identity inheritance per final closeout
OFI_00445,dumbbell_woodchop,덤벨 우드찹,OFI_SCORE,HIGH_FORCE_NEURAL,,,21,1,MIGRATED_CURRENT_BEHAVIOR,ANALYSIS_CONTRACT_BASELINE_V1,,dumbbell_woodchop,analysis_contract_baseline_v1.csv; identity inheritance per final closeout
OFI_00446,dumbbell_woodchop,덤벨 우드찹,OFI_SCORE,HIGH_SPEED,,,21,1,MIGRATED_CURRENT_BEHAVIOR,ANALYSIS_CONTRACT_BASELINE_V1,,dumbbell_woodchop,analysis_contract_baseline_v1.csv; identity inheritance per final closeout
OFI_00447,dumbbell_woodchop,덤벨 우드찹,OFI_SCORE,LOCAL_MUSCULAR,,,47,1,MIGRATED_CURRENT_BEHAVIOR,ANALYSIS_CONTRACT_BASELINE_V1,,dumbbell_woodchop,analysis_contract_baseline_v1.csv; identity inheritance per final closeout
OFI_00448,dumbbell_woodchop,덤벨 우드찹,OFI_SCORE,REACTIVE,,,20,1,MIGRATED_CURRENT_BEHAVIOR,ANALYSIS_CONTRACT_BASELINE_V1,,dumbbell_woodchop,analysis_contract_baseline_v1.csv; identity inheritance per final closeout
OFI_00449,dumbbell_woodchop,덤벨 우드찹,OFI_SCORE,SYSTEMIC_MUSCULAR,,,20,1,MIGRATED_CURRENT_BEHAVIOR,ANALYSIS_CONTRACT_BASELINE_V1,,dumbbell_woodchop,analysis_contract_baseline_v1.csv; identity inheritance per final closeout
OFI_00450,dumbbell_woodchop,덤벨 우드찹,OFI_SNAPSHOT,SUMMARY,LOW,LOW,28,1,MIGRATED_CURRENT_BEHAVIOR,ANALYSIS_CONTRACT_BASELINE_V1,,dumbbell_woodchop,analysis_contract_baseline_v1.csv; identity inheritance per final closeout
OFI_00451,ex_1052e9fa,스미스 머신 런지,BADMINTON_FATIGUE_COST,HIGH,,,0,1,MIGRATED_CURRENT_BEHAVIOR,ANALYSIS_CONTRACT_BASELINE_V1,,ex_1052e9fa,analysis_contract_baseline_v1.csv; identity inheritance per final closeout
OFI_00452,ex_1052e9fa,스미스 머신 런지,OFI_AXIS,HIGH_FORCE_NEURAL,,MEDIUM,37.8125,1,MIGRATED_CURRENT_BEHAVIOR,ANALYSIS_CONTRACT_BASELINE_V1,,ex_1052e9fa,analysis_contract_baseline_v1.csv; identity inheritance per final closeout
OFI_00453,ex_1052e9fa,스미스 머신 런지,OFI_AXIS,HIGH_SPEED,,MEDIUM,70.125,1,MIGRATED_CURRENT_BEHAVIOR,ANALYSIS_CONTRACT_BASELINE_V1,,ex_1052e9fa,analysis_contract_baseline_v1.csv; identity inheritance per final closeout
OFI_00454,ex_1052e9fa,스미스 머신 런지,OFI_AXIS,LOCAL_MUSCULAR,,MEDIUM,58.4375,1,MIGRATED_CURRENT_BEHAVIOR,ANALYSIS_CONTRACT_BASELINE_V1,,ex_1052e9fa,analysis_contract_baseline_v1.csv; identity inheritance per final closeout
OFI_00455,ex_1052e9fa,스미스 머신 런지,OFI_AXIS,REACTIVE,,MEDIUM,63.75,1,MIGRATED_CURRENT_BEHAVIOR,ANALYSIS_CONTRACT_BASELINE_V1,,ex_1052e9fa,analysis_contract_baseline_v1.csv; identity inheritance per final closeout
OFI_00456,ex_1052e9fa,스미스 머신 런지,OFI_AXIS,SYSTEMIC_MUSCULAR,,MEDIUM,34.375,1,MIGRATED_CURRENT_BEHAVIOR,ANALYSIS_CONTRACT_BASELINE_V1,,ex_1052e9fa,analysis_contract_baseline_v1.csv; identity inheritance per final closeout
OFI_00457,ex_1052e9fa,스미스 머신 런지,OFI_DOSE,VOLUME_LOAD,,THREE_CONFIRMED_SETS_20KG_8REPS_600SECONDS_RPE8,0,1,MIGRATED_CURRENT_BEHAVIOR,ANALYSIS_CONTRACT_BASELINE_V1,,ex_1052e9fa,analysis_contract_baseline_v1.csv; identity inheritance per final closeout
OFI_00458,ex_1052e9fa,스미스 머신 런지,OFI_GROUP,LUNGE_UNILATERAL_LOWER,,LOCAL_REPEAT_DETECTION,0,1,MIGRATED_CURRENT_BEHAVIOR,ANALYSIS_CONTRACT_BASELINE_V1,,ex_1052e9fa,analysis_contract_baseline_v1.csv; identity inheritance per final closeout
OFI_00459,ex_1052e9fa,스미스 머신 런지,OFI_GROUP,LUNGE_UNILATERAL_LOWER,,STRENGTH_COMPARISON,0,1,MIGRATED_CURRENT_BEHAVIOR,ANALYSIS_CONTRACT_BASELINE_V1,,ex_1052e9fa,analysis_contract_baseline_v1.csv; identity inheritance per final closeout
OFI_00460,ex_1052e9fa,스미스 머신 런지,OFI_GROUP,LUNGE_UNILATERAL_LOWER,,WORKLOAD_BASELINE,0,1,MIGRATED_CURRENT_BEHAVIOR,ANALYSIS_CONTRACT_BASELINE_V1,,ex_1052e9fa,analysis_contract_baseline_v1.csv; identity inheritance per final closeout
OFI_00461,ex_1052e9fa,스미스 머신 런지,OFI_SCORE,HIGH_FORCE_NEURAL,,,47,1,MIGRATED_CURRENT_BEHAVIOR,ANALYSIS_CONTRACT_BASELINE_V1,,ex_1052e9fa,analysis_contract_baseline_v1.csv; identity inheritance per final closeout
OFI_00462,ex_1052e9fa,스미스 머신 런지,OFI_SCORE,HIGH_SPEED,,,88,1,MIGRATED_CURRENT_BEHAVIOR,ANALYSIS_CONTRACT_BASELINE_V1,,ex_1052e9fa,analysis_contract_baseline_v1.csv; identity inheritance per final closeout
OFI_00463,ex_1052e9fa,스미스 머신 런지,OFI_SCORE,LOCAL_MUSCULAR,,,73,1,MIGRATED_CURRENT_BEHAVIOR,ANALYSIS_CONTRACT_BASELINE_V1,,ex_1052e9fa,analysis_contract_baseline_v1.csv; identity inheritance per final closeout
OFI_00464,ex_1052e9fa,스미스 머신 런지,OFI_SCORE,REACTIVE,,,80,1,MIGRATED_CURRENT_BEHAVIOR,ANALYSIS_CONTRACT_BASELINE_V1,,ex_1052e9fa,analysis_contract_baseline_v1.csv; identity inheritance per final closeout
OFI_00465,ex_1052e9fa,스미스 머신 런지,OFI_SCORE,SYSTEMIC_MUSCULAR,,,43,1,MIGRATED_CURRENT_BEHAVIOR,ANALYSIS_CONTRACT_BASELINE_V1,,ex_1052e9fa,analysis_contract_baseline_v1.csv; identity inheritance per final closeout
OFI_00466,ex_1052e9fa,스미스 머신 런지,OFI_SNAPSHOT,SUMMARY,ELEVATED,LOW,77,1,MIGRATED_CURRENT_BEHAVIOR,ANALYSIS_CONTRACT_BASELINE_V1,,ex_1052e9fa,analysis_contract_baseline_v1.csv; identity inheritance per final closeout
OFI_00467,ex_149730de,발목/고관절 가동성,BADMINTON_FATIGUE_COST,MEDIUM,,,0,1,MIGRATED_CURRENT_BEHAVIOR,ANALYSIS_CONTRACT_BASELINE_V1,,ex_149730de,analysis_contract_baseline_v1.csv; identity inheritance per final closeout
OFI_00468,ex_149730de,발목/고관절 가동성,OFI_AXIS,HIGH_FORCE_NEURAL,,SHORT,8.59375,1,MIGRATED_CURRENT_BEHAVIOR,ANALYSIS_CONTRACT_BASELINE_V1,,ex_149730de,analysis_contract_baseline_v1.csv; identity inheritance per final closeout
OFI_00469,ex_149730de,발목/고관절 가동성,OFI_AXIS,HIGH_SPEED,,SHORT,8.59375,1,MIGRATED_CURRENT_BEHAVIOR,ANALYSIS_CONTRACT_BASELINE_V1,,ex_149730de,analysis_contract_baseline_v1.csv; identity inheritance per final closeout
OFI_00470,ex_149730de,발목/고관절 가동성,OFI_AXIS,LOCAL_MUSCULAR,,SHORT,17.1875,1,MIGRATED_CURRENT_BEHAVIOR,ANALYSIS_CONTRACT_BASELINE_V1,,ex_149730de,analysis_contract_baseline_v1.csv; identity inheritance per final closeout
OFI_00471,ex_149730de,발목/고관절 가동성,OFI_AXIS,REACTIVE,,SHORT,7.8125,1,MIGRATED_CURRENT_BEHAVIOR,ANALYSIS_CONTRACT_BASELINE_V1,,ex_149730de,analysis_contract_baseline_v1.csv; identity inheritance per final closeout
OFI_00472,ex_149730de,발목/고관절 가동성,OFI_AXIS,SYSTEMIC_MUSCULAR,,SHORT,15.625,1,MIGRATED_CURRENT_BEHAVIOR,ANALYSIS_CONTRACT_BASELINE_V1,,ex_149730de,analysis_contract_baseline_v1.csv; identity inheritance per final closeout
OFI_00473,ex_149730de,발목/고관절 가동성,OFI_DOSE,REPS_OR_TIME,,THREE_CONFIRMED_SETS_20KG_8REPS_600SECONDS_RPE8,0,1,MIGRATED_CURRENT_BEHAVIOR,ANALYSIS_CONTRACT_BASELINE_V1,,ex_149730de,analysis_contract_baseline_v1.csv; identity inheritance per final closeout
OFI_00474,ex_149730de,발목/고관절 가동성,OFI_GROUP,MOBILITY_RECOVERY_PREP,,LOCAL_REPEAT_DETECTION,0,1,MIGRATED_CURRENT_BEHAVIOR,ANALYSIS_CONTRACT_BASELINE_V1,,ex_149730de,analysis_contract_baseline_v1.csv; identity inheritance per final closeout
OFI_00475,ex_149730de,발목/고관절 가동성,OFI_GROUP,MOBILITY_RECOVERY_PREP,,STRENGTH_COMPARISON,0,1,MIGRATED_CURRENT_BEHAVIOR,ANALYSIS_CONTRACT_BASELINE_V1,,ex_149730de,analysis_contract_baseline_v1.csv; identity inheritance per final closeout
OFI_00476,ex_149730de,발목/고관절 가동성,OFI_GROUP,MOBILITY_RECOVERY_PREP,,WORKLOAD_BASELINE,0,1,MIGRATED_CURRENT_BEHAVIOR,ANALYSIS_CONTRACT_BASELINE_V1,,ex_149730de,analysis_contract_baseline_v1.csv; identity inheritance per final closeout
OFI_00477,ex_149730de,발목/고관절 가동성,OFI_SCORE,HIGH_FORCE_NEURAL,,,11,1,MIGRATED_CURRENT_BEHAVIOR,ANALYSIS_CONTRACT_BASELINE_V1,,ex_149730de,analysis_contract_baseline_v1.csv; identity inheritance per final closeout
OFI_00478,ex_149730de,발목/고관절 가동성,OFI_SCORE,HIGH_SPEED,,,11,1,MIGRATED_CURRENT_BEHAVIOR,ANALYSIS_CONTRACT_BASELINE_V1,,ex_149730de,analysis_contract_baseline_v1.csv; identity inheritance per final closeout
OFI_00479,ex_149730de,발목/고관절 가동성,OFI_SCORE,LOCAL_MUSCULAR,,,21,1,MIGRATED_CURRENT_BEHAVIOR,ANALYSIS_CONTRACT_BASELINE_V1,,ex_149730de,analysis_contract_baseline_v1.csv; identity inheritance per final closeout
OFI_00480,ex_149730de,발목/고관절 가동성,OFI_SCORE,REACTIVE,,,10,1,MIGRATED_CURRENT_BEHAVIOR,ANALYSIS_CONTRACT_BASELINE_V1,,ex_149730de,analysis_contract_baseline_v1.csv; identity inheritance per final closeout
OFI_00481,ex_149730de,발목/고관절 가동성,OFI_SCORE,SYSTEMIC_MUSCULAR,,,20,1,MIGRATED_CURRENT_BEHAVIOR,ANALYSIS_CONTRACT_BASELINE_V1,,ex_149730de,analysis_contract_baseline_v1.csv; identity inheritance per final closeout
OFI_00482,ex_149730de,발목/고관절 가동성,OFI_SNAPSHOT,SUMMARY,LOW,LOW,14,1,MIGRATED_CURRENT_BEHAVIOR,ANALYSIS_CONTRACT_BASELINE_V1,,ex_149730de,analysis_contract_baseline_v1.csv; identity inheritance per final closeout
OFI_00483,ex_16b298db,미니밴드 사이드워크,BADMINTON_FATIGUE_COST,VERY_HIGH,,,0,1,MIGRATED_CURRENT_BEHAVIOR,ANALYSIS_CONTRACT_BASELINE_V1,,ex_16b298db,analysis_contract_baseline_v1.csv; identity inheritance per final closeout
OFI_00484,ex_16b298db,미니밴드 사이드워크,OFI_AXIS,HIGH_FORCE_NEURAL,,SHORT,17.1875,1,MIGRATED_CURRENT_BEHAVIOR,ANALYSIS_CONTRACT_BASELINE_V1,,ex_16b298db,analysis_contract_baseline_v1.csv; identity inheritance per final closeout
OFI_00485,ex_16b298db,미니밴드 사이드워크,OFI_AXIS,HIGH_SPEED,,SHORT,70.125,1,MIGRATED_CURRENT_BEHAVIOR,ANALYSIS_CONTRACT_BASELINE_V1,,ex_16b298db,analysis_contract_baseline_v1.csv; identity inheritance per final closeout
OFI_00486,ex_16b298db,미니밴드 사이드워크,OFI_AXIS,LOCAL_MUSCULAR,,SHORT,58.4375,1,MIGRATED_CURRENT_BEHAVIOR,ANALYSIS_CONTRACT_BASELINE_V1,,ex_16b298db,analysis_contract_baseline_v1.csv; identity inheritance per final closeout
OFI_00487,ex_16b298db,미니밴드 사이드워크,OFI_AXIS,REACTIVE,,SHORT,63.75,1,MIGRATED_CURRENT_BEHAVIOR,ANALYSIS_CONTRACT_BASELINE_V1,,ex_16b298db,analysis_contract_baseline_v1.csv; identity inheritance per final closeout
OFI_00488,ex_16b298db,미니밴드 사이드워크,OFI_AXIS,SYSTEMIC_MUSCULAR,,SHORT,13.28125,1,MIGRATED_CURRENT_BEHAVIOR,ANALYSIS_CONTRACT_BASELINE_V1,,ex_16b298db,analysis_contract_baseline_v1.csv; identity inheritance per final closeout
OFI_00489,ex_16b298db,미니밴드 사이드워크,OFI_DOSE,LOAD_REPS,,THREE_CONFIRMED_SETS_20KG_8REPS_600SECONDS_RPE8,0,1,MIGRATED_CURRENT_BEHAVIOR,ANALYSIS_CONTRACT_BASELINE_V1,,ex_16b298db,analysis_contract_baseline_v1.csv; identity inheritance per final closeout
OFI_00490,ex_16b298db,미니밴드 사이드워크,OFI_GROUP,HIP_ABDUCTION_GLUTE_MED_ACCESSORY,,LOCAL_REPEAT_DETECTION,0,1,MIGRATED_CURRENT_BEHAVIOR,ANALYSIS_CONTRACT_BASELINE_V1,,ex_16b298db,analysis_contract_baseline_v1.csv; identity inheritance per final closeout
OFI_00491,ex_16b298db,미니밴드 사이드워크,OFI_GROUP,HIP_ABDUCTION_GLUTE_MED_ACCESSORY,,STRENGTH_COMPARISON,0,1,MIGRATED_CURRENT_BEHAVIOR,ANALYSIS_CONTRACT_BASELINE_V1,,ex_16b298db,analysis_contract_baseline_v1.csv; identity inheritance per final closeout
OFI_00492,ex_16b298db,미니밴드 사이드워크,OFI_GROUP,HIP_ABDUCTION_GLUTE_MED_ACCESSORY,,WORKLOAD_BASELINE,0,1,MIGRATED_CURRENT_BEHAVIOR,ANALYSIS_CONTRACT_BASELINE_V1,,ex_16b298db,analysis_contract_baseline_v1.csv; identity inheritance per final closeout
OFI_00493,ex_16b298db,미니밴드 사이드워크,OFI_SCORE,HIGH_FORCE_NEURAL,,,21,1,MIGRATED_CURRENT_BEHAVIOR,ANALYSIS_CONTRACT_BASELINE_V1,,ex_16b298db,analysis_contract_baseline_v1.csv; identity inheritance per final closeout
OFI_00494,ex_16b298db,미니밴드 사이드워크,OFI_SCORE,HIGH_SPEED,,,88,1,MIGRATED_CURRENT_BEHAVIOR,ANALYSIS_CONTRACT_BASELINE_V1,,ex_16b298db,analysis_contract_baseline_v1.csv; identity inheritance per final closeout
OFI_00495,ex_16b298db,미니밴드 사이드워크,OFI_SCORE,LOCAL_MUSCULAR,,,73,1,MIGRATED_CURRENT_BEHAVIOR,ANALYSIS_CONTRACT_BASELINE_V1,,ex_16b298db,analysis_contract_baseline_v1.csv; identity inheritance per final closeout
OFI_00496,ex_16b298db,미니밴드 사이드워크,OFI_SCORE,REACTIVE,,,80,1,MIGRATED_CURRENT_BEHAVIOR,ANALYSIS_CONTRACT_BASELINE_V1,,ex_16b298db,analysis_contract_baseline_v1.csv; identity inheritance per final closeout
OFI_00497,ex_16b298db,미니밴드 사이드워크,OFI_SCORE,SYSTEMIC_MUSCULAR,,,17,1,MIGRATED_CURRENT_BEHAVIOR,ANALYSIS_CONTRACT_BASELINE_V1,,ex_16b298db,analysis_contract_baseline_v1.csv; identity inheritance per final closeout
OFI_00498,ex_16b298db,미니밴드 사이드워크,OFI_SNAPSHOT,SUMMARY,NORMAL,LOW,72,1,MIGRATED_CURRENT_BEHAVIOR,ANALYSIS_CONTRACT_BASELINE_V1,,ex_16b298db,analysis_contract_baseline_v1.csv; identity inheritance per final closeout
OFI_00499,ex_1a4858d7,농구,BADMINTON_FATIGUE_COST,HIGH,,,0,1,MIGRATED_CURRENT_BEHAVIOR,ANALYSIS_CONTRACT_BASELINE_V1,,ex_1a4858d7,analysis_contract_baseline_v1.csv; identity inheritance per final closeout
OFI_00500,ex_1a4858d7,농구,OFI_AXIS,HIGH_FORCE_NEURAL,,LONG,17.1875,1,MIGRATED_CURRENT_BEHAVIOR,ANALYSIS_CONTRACT_BASELINE_V1,,ex_1a4858d7,analysis_contract_baseline_v1.csv; identity inheritance per final closeout
OFI_00501,ex_1a4858d7,농구,OFI_AXIS,HIGH_SPEED,,LONG,70.125,1,MIGRATED_CURRENT_BEHAVIOR,ANALYSIS_CONTRACT_BASELINE_V1,,ex_1a4858d7,analysis_contract_baseline_v1.csv; identity inheritance per final closeout
OFI_00502,ex_1a4858d7,농구,OFI_AXIS,LOCAL_MUSCULAR,,LONG,58.4375,1,MIGRATED_CURRENT_BEHAVIOR,ANALYSIS_CONTRACT_BASELINE_V1,,ex_1a4858d7,analysis_contract_baseline_v1.csv; identity inheritance per final closeout
OFI_00503,ex_1a4858d7,농구,OFI_AXIS,REACTIVE,,LONG,93.75,1,MIGRATED_CURRENT_BEHAVIOR,ANALYSIS_CONTRACT_BASELINE_V1,,ex_1a4858d7,analysis_contract_baseline_v1.csv; identity inheritance per final closeout
OFI_00504,ex_1a4858d7,농구,OFI_AXIS,SYSTEMIC_MUSCULAR,,LONG,63.75,1,MIGRATED_CURRENT_BEHAVIOR,ANALYSIS_CONTRACT_BASELINE_V1,,ex_1a4858d7,analysis_contract_baseline_v1.csv; identity inheritance per final closeout
OFI_00505,ex_1a4858d7,농구,OFI_CAUTION,REACTIVE_CAUTION,,,0,1,MIGRATED_CURRENT_BEHAVIOR,ANALYSIS_CONTRACT_BASELINE_V1,,ex_1a4858d7,analysis_contract_baseline_v1.csv; identity inheritance per final closeout
OFI_00506,ex_1a4858d7,농구,OFI_CAUTION,RECOVERY_DEBT_HIGH,,,0,1,MIGRATED_CURRENT_BEHAVIOR,ANALYSIS_CONTRACT_BASELINE_V1,,ex_1a4858d7,analysis_contract_baseline_v1.csv; identity inheritance per final closeout
OFI_00507,ex_1a4858d7,농구,OFI_DOSE,SESSION_DURATION,,THREE_CONFIRMED_SETS_20KG_8REPS_600SECONDS_RPE8,0,1,MIGRATED_CURRENT_BEHAVIOR,ANALYSIS_CONTRACT_BASELINE_V1,,ex_1a4858d7,analysis_contract_baseline_v1.csv; identity inheritance per final closeout
OFI_00508,ex_1a4858d7,농구,OFI_GROUP,NOT_APPLICABLE,,LOCAL_REPEAT_DETECTION,0,1,MIGRATED_CURRENT_BEHAVIOR,ANALYSIS_CONTRACT_BASELINE_V1,,ex_1a4858d7,analysis_contract_baseline_v1.csv; identity inheritance per final closeout
OFI_00509,ex_1a4858d7,농구,OFI_GROUP,NOT_APPLICABLE,,STRENGTH_COMPARISON,0,1,MIGRATED_CURRENT_BEHAVIOR,ANALYSIS_CONTRACT_BASELINE_V1,,ex_1a4858d7,analysis_contract_baseline_v1.csv; identity inheritance per final closeout
OFI_00510,ex_1a4858d7,농구,OFI_GROUP,NOT_APPLICABLE,,WORKLOAD_BASELINE,0,1,MIGRATED_CURRENT_BEHAVIOR,ANALYSIS_CONTRACT_BASELINE_V1,,ex_1a4858d7,analysis_contract_baseline_v1.csv; identity inheritance per final closeout
OFI_00511,ex_1a4858d7,농구,OFI_SCORE,HIGH_FORCE_NEURAL,,,21,1,MIGRATED_CURRENT_BEHAVIOR,ANALYSIS_CONTRACT_BASELINE_V1,,ex_1a4858d7,analysis_contract_baseline_v1.csv; identity inheritance per final closeout
OFI_00512,ex_1a4858d7,농구,OFI_SCORE,HIGH_SPEED,,,88,1,MIGRATED_CURRENT_BEHAVIOR,ANALYSIS_CONTRACT_BASELINE_V1,,ex_1a4858d7,analysis_contract_baseline_v1.csv; identity inheritance per final closeout
OFI_00513,ex_1a4858d7,농구,OFI_SCORE,LOCAL_MUSCULAR,,,73,1,MIGRATED_CURRENT_BEHAVIOR,ANALYSIS_CONTRACT_BASELINE_V1,,ex_1a4858d7,analysis_contract_baseline_v1.csv; identity inheritance per final closeout
OFI_00514,ex_1a4858d7,농구,OFI_SCORE,REACTIVE,,,100,1,MIGRATED_CURRENT_BEHAVIOR,ANALYSIS_CONTRACT_BASELINE_V1,,ex_1a4858d7,analysis_contract_baseline_v1.csv; identity inheritance per final closeout
OFI_00515,ex_1a4858d7,농구,OFI_SCORE,SYSTEMIC_MUSCULAR,,,80,1,MIGRATED_CURRENT_BEHAVIOR,ANALYSIS_CONTRACT_BASELINE_V1,,ex_1a4858d7,analysis_contract_baseline_v1.csv; identity inheritance per final closeout
OFI_00516,ex_1a4858d7,농구,OFI_SNAPSHOT,SUMMARY,CAUTION,LOW,88,1,MIGRATED_CURRENT_BEHAVIOR,ANALYSIS_CONTRACT_BASELINE_V1,,ex_1a4858d7,analysis_contract_baseline_v1.csv; identity inheritance per final closeout
OFI_00517,ex_1a4bbdcf,축구,BADMINTON_FATIGUE_COST,HIGH,,,0,1,MIGRATED_CURRENT_BEHAVIOR,ANALYSIS_CONTRACT_BASELINE_V1,,ex_1a4bbdcf,analysis_contract_baseline_v1.csv; identity inheritance per final closeout
OFI_00518,ex_1a4bbdcf,축구,OFI_AXIS,HIGH_FORCE_NEURAL,,LONG,17.1875,1,MIGRATED_CURRENT_BEHAVIOR,ANALYSIS_CONTRACT_BASELINE_V1,,ex_1a4bbdcf,analysis_contract_baseline_v1.csv; identity inheritance per final closeout
OFI_00519,ex_1a4bbdcf,축구,OFI_AXIS,HIGH_SPEED,,LONG,73.046875,1,MIGRATED_CURRENT_BEHAVIOR,ANALYSIS_CONTRACT_BASELINE_V1,,ex_1a4bbdcf,analysis_contract_baseline_v1.csv; identity inheritance per final closeout
OFI_00520,ex_1a4bbdcf,축구,OFI_AXIS,LOCAL_MUSCULAR,,LONG,58.4375,1,MIGRATED_CURRENT_BEHAVIOR,ANALYSIS_CONTRACT_BASELINE_V1,,ex_1a4bbdcf,analysis_contract_baseline_v1.csv; identity inheritance per final closeout
OFI_00521,ex_1a4bbdcf,축구,OFI_AXIS,REACTIVE,,LONG,93.75,1,MIGRATED_CURRENT_BEHAVIOR,ANALYSIS_CONTRACT_BASELINE_V1,,ex_1a4bbdcf,analysis_contract_baseline_v1.csv; identity inheritance per final closeout
OFI_00522,ex_1a4bbdcf,축구,OFI_AXIS,SYSTEMIC_MUSCULAR,,LONG,63.75,1,MIGRATED_CURRENT_BEHAVIOR,ANALYSIS_CONTRACT_BASELINE_V1,,ex_1a4bbdcf,analysis_contract_baseline_v1.csv; identity inheritance per final closeout
OFI_00523,ex_1a4bbdcf,축구,OFI_CAUTION,REACTIVE_CAUTION,,,0,1,MIGRATED_CURRENT_BEHAVIOR,ANALYSIS_CONTRACT_BASELINE_V1,,ex_1a4bbdcf,analysis_contract_baseline_v1.csv; identity inheritance per final closeout
OFI_00524,ex_1a4bbdcf,축구,OFI_CAUTION,RECOVERY_DEBT_HIGH,,,0,1,MIGRATED_CURRENT_BEHAVIOR,ANALYSIS_CONTRACT_BASELINE_V1,,ex_1a4bbdcf,analysis_contract_baseline_v1.csv; identity inheritance per final closeout
OFI_00525,ex_1a4bbdcf,축구,OFI_DOSE,SESSION_DURATION,,THREE_CONFIRMED_SETS_20KG_8REPS_600SECONDS_RPE8,0,1,MIGRATED_CURRENT_BEHAVIOR,ANALYSIS_CONTRACT_BASELINE_V1,,ex_1a4bbdcf,analysis_contract_baseline_v1.csv; identity inheritance per final closeout
OFI_00526,ex_1a4bbdcf,축구,OFI_GROUP,NOT_APPLICABLE,,LOCAL_REPEAT_DETECTION,0,1,MIGRATED_CURRENT_BEHAVIOR,ANALYSIS_CONTRACT_BASELINE_V1,,ex_1a4bbdcf,analysis_contract_baseline_v1.csv; identity inheritance per final closeout
OFI_00527,ex_1a4bbdcf,축구,OFI_GROUP,NOT_APPLICABLE,,STRENGTH_COMPARISON,0,1,MIGRATED_CURRENT_BEHAVIOR,ANALYSIS_CONTRACT_BASELINE_V1,,ex_1a4bbdcf,analysis_contract_baseline_v1.csv; identity inheritance per final closeout
OFI_00528,ex_1a4bbdcf,축구,OFI_GROUP,NOT_APPLICABLE,,WORKLOAD_BASELINE,0,1,MIGRATED_CURRENT_BEHAVIOR,ANALYSIS_CONTRACT_BASELINE_V1,,ex_1a4bbdcf,analysis_contract_baseline_v1.csv; identity inheritance per final closeout
OFI_00529,ex_1a4bbdcf,축구,OFI_SCORE,HIGH_FORCE_NEURAL,,,21,1,MIGRATED_CURRENT_BEHAVIOR,ANALYSIS_CONTRACT_BASELINE_V1,,ex_1a4bbdcf,analysis_contract_baseline_v1.csv; identity inheritance per final closeout
OFI_00530,ex_1a4bbdcf,축구,OFI_SCORE,HIGH_SPEED,,,91,1,MIGRATED_CURRENT_BEHAVIOR,ANALYSIS_CONTRACT_BASELINE_V1,,ex_1a4bbdcf,analysis_contract_baseline_v1.csv; identity inheritance per final closeout
OFI_00531,ex_1a4bbdcf,축구,OFI_SCORE,LOCAL_MUSCULAR,,,73,1,MIGRATED_CURRENT_BEHAVIOR,ANALYSIS_CONTRACT_BASELINE_V1,,ex_1a4bbdcf,analysis_contract_baseline_v1.csv; identity inheritance per final closeout
OFI_00532,ex_1a4bbdcf,축구,OFI_SCORE,REACTIVE,,,100,1,MIGRATED_CURRENT_BEHAVIOR,ANALYSIS_CONTRACT_BASELINE_V1,,ex_1a4bbdcf,analysis_contract_baseline_v1.csv; identity inheritance per final closeout
OFI_00533,ex_1a4bbdcf,축구,OFI_SCORE,SYSTEMIC_MUSCULAR,,,80,1,MIGRATED_CURRENT_BEHAVIOR,ANALYSIS_CONTRACT_BASELINE_V1,,ex_1a4bbdcf,analysis_contract_baseline_v1.csv; identity inheritance per final closeout
OFI_00534,ex_1a4bbdcf,축구,OFI_SNAPSHOT,SUMMARY,CAUTION,LOW,88,1,MIGRATED_CURRENT_BEHAVIOR,ANALYSIS_CONTRACT_BASELINE_V1,,ex_1a4bbdcf,analysis_contract_baseline_v1.csv; identity inheritance per final closeout
OFI_00535,ex_1c7f2342,랜덤 풋워크,BADMINTON_FATIGUE_COST,HIGH,,,0,1,MIGRATED_CURRENT_BEHAVIOR,ANALYSIS_CONTRACT_BASELINE_V1,,ex_1c7f2342,analysis_contract_baseline_v1.csv; identity inheritance per final closeout
OFI_00536,ex_1c7f2342,랜덤 풋워크,OFI_AXIS,HIGH_FORCE_NEURAL,,MEDIUM,17.1875,1,MIGRATED_CURRENT_BEHAVIOR,ANALYSIS_CONTRACT_BASELINE_V1,,ex_1c7f2342,analysis_contract_baseline_v1.csv; identity inheritance per final closeout
OFI_00537,ex_1c7f2342,랜덤 풋워크,OFI_AXIS,HIGH_SPEED,,MEDIUM,85.9375,1,MIGRATED_CURRENT_BEHAVIOR,ANALYSIS_CONTRACT_BASELINE_V1,,ex_1c7f2342,analysis_contract_baseline_v1.csv; identity inheritance per final closeout
OFI_00538,ex_1c7f2342,랜덤 풋워크,OFI_AXIS,LOCAL_MUSCULAR,,MEDIUM,58.4375,1,MIGRATED_CURRENT_BEHAVIOR,ANALYSIS_CONTRACT_BASELINE_V1,,ex_1c7f2342,analysis_contract_baseline_v1.csv; identity inheritance per final closeout
OFI_00539,ex_1c7f2342,랜덤 풋워크,OFI_AXIS,REACTIVE,,MEDIUM,93.75,1,MIGRATED_CURRENT_BEHAVIOR,ANALYSIS_CONTRACT_BASELINE_V1,,ex_1c7f2342,analysis_contract_baseline_v1.csv; identity inheritance per final closeout
OFI_00540,ex_1c7f2342,랜덤 풋워크,OFI_AXIS,SYSTEMIC_MUSCULAR,,MEDIUM,53.125,1,MIGRATED_CURRENT_BEHAVIOR,ANALYSIS_CONTRACT_BASELINE_V1,,ex_1c7f2342,analysis_contract_baseline_v1.csv; identity inheritance per final closeout
OFI_00541,ex_1c7f2342,랜덤 풋워크,OFI_CAUTION,HIGH_SPEED_CAUTION,,,0,1,MIGRATED_CURRENT_BEHAVIOR,ANALYSIS_CONTRACT_BASELINE_V1,,ex_1c7f2342,analysis_contract_baseline_v1.csv; identity inheritance per final closeout
OFI_00542,ex_1c7f2342,랜덤 풋워크,OFI_CAUTION,REACTIVE_CAUTION,,,0,1,MIGRATED_CURRENT_BEHAVIOR,ANALYSIS_CONTRACT_BASELINE_V1,,ex_1c7f2342,analysis_contract_baseline_v1.csv; identity inheritance per final closeout
OFI_00543,ex_1c7f2342,랜덤 풋워크,OFI_DOSE,DISTANCE_OR_TIME,,THREE_CONFIRMED_SETS_20KG_8REPS_600SECONDS_RPE8,0,1,MIGRATED_CURRENT_BEHAVIOR,ANALYSIS_CONTRACT_BASELINE_V1,,ex_1c7f2342,analysis_contract_baseline_v1.csv; identity inheritance per final closeout
OFI_00544,ex_1c7f2342,랜덤 풋워크,OFI_GROUP,BADMINTON_COURT_FOOTWORK,,LOCAL_REPEAT_DETECTION,0,1,MIGRATED_CURRENT_BEHAVIOR,ANALYSIS_CONTRACT_BASELINE_V1,,ex_1c7f2342,analysis_contract_baseline_v1.csv; identity inheritance per final closeout
OFI_00545,ex_1c7f2342,랜덤 풋워크,OFI_GROUP,NOT_APPLICABLE,,STRENGTH_COMPARISON,0,1,MIGRATED_CURRENT_BEHAVIOR,ANALYSIS_CONTRACT_BASELINE_V1,,ex_1c7f2342,analysis_contract_baseline_v1.csv; identity inheritance per final closeout
OFI_00546,ex_1c7f2342,랜덤 풋워크,OFI_GROUP,NOT_APPLICABLE,,WORKLOAD_BASELINE,0,1,MIGRATED_CURRENT_BEHAVIOR,ANALYSIS_CONTRACT_BASELINE_V1,,ex_1c7f2342,analysis_contract_baseline_v1.csv; identity inheritance per final closeout
OFI_00547,ex_1c7f2342,랜덤 풋워크,OFI_SCORE,HIGH_FORCE_NEURAL,,,21,1,MIGRATED_CURRENT_BEHAVIOR,ANALYSIS_CONTRACT_BASELINE_V1,,ex_1c7f2342,analysis_contract_baseline_v1.csv; identity inheritance per final closeout
OFI_00548,ex_1c7f2342,랜덤 풋워크,OFI_SCORE,HIGH_SPEED,,,100,1,MIGRATED_CURRENT_BEHAVIOR,ANALYSIS_CONTRACT_BASELINE_V1,,ex_1c7f2342,analysis_contract_baseline_v1.csv; identity inheritance per final closeout
OFI_00549,ex_1c7f2342,랜덤 풋워크,OFI_SCORE,LOCAL_MUSCULAR,,,73,1,MIGRATED_CURRENT_BEHAVIOR,ANALYSIS_CONTRACT_BASELINE_V1,,ex_1c7f2342,analysis_contract_baseline_v1.csv; identity inheritance per final closeout
OFI_00550,ex_1c7f2342,랜덤 풋워크,OFI_SCORE,REACTIVE,,,100,1,MIGRATED_CURRENT_BEHAVIOR,ANALYSIS_CONTRACT_BASELINE_V1,,ex_1c7f2342,analysis_contract_baseline_v1.csv; identity inheritance per final closeout
OFI_00551,ex_1c7f2342,랜덤 풋워크,OFI_SCORE,SYSTEMIC_MUSCULAR,,,66,1,MIGRATED_CURRENT_BEHAVIOR,ANALYSIS_CONTRACT_BASELINE_V1,,ex_1c7f2342,analysis_contract_baseline_v1.csv; identity inheritance per final closeout
OFI_00552,ex_1c7f2342,랜덤 풋워크,OFI_SNAPSHOT,SUMMARY,ELEVATED,LOW,83,1,MIGRATED_CURRENT_BEHAVIOR,ANALYSIS_CONTRACT_BASELINE_V1,,ex_1c7f2342,analysis_contract_baseline_v1.csv; identity inheritance per final closeout
OFI_00553,ex_1cf51b6b,노르딕 햄스트링 컬,BADMINTON_FATIGUE_COST,VERY_HIGH,,,0,1,MIGRATED_CURRENT_BEHAVIOR,ANALYSIS_CONTRACT_BASELINE_V1,,ex_1cf51b6b,analysis_contract_baseline_v1.csv; identity inheritance per final closeout
OFI_00554,ex_1cf51b6b,노르딕 햄스트링 컬,OFI_AXIS,HIGH_FORCE_NEURAL,,VERY_LONG,17.1875,1,MIGRATED_CURRENT_BEHAVIOR,ANALYSIS_CONTRACT_BASELINE_V1,,ex_1cf51b6b,analysis_contract_baseline_v1.csv; identity inheritance per final closeout
OFI_00555,ex_1cf51b6b,노르딕 햄스트링 컬,OFI_AXIS,HIGH_SPEED,,VERY_LONG,70.125,1,MIGRATED_CURRENT_BEHAVIOR,ANALYSIS_CONTRACT_BASELINE_V1,,ex_1cf51b6b,analysis_contract_baseline_v1.csv; identity inheritance per final closeout
OFI_00556,ex_1cf51b6b,노르딕 햄스트링 컬,OFI_AXIS,LOCAL_MUSCULAR,,VERY_LONG,68.75,1,MIGRATED_CURRENT_BEHAVIOR,ANALYSIS_CONTRACT_BASELINE_V1,,ex_1cf51b6b,analysis_contract_baseline_v1.csv; identity inheritance per final closeout
OFI_00557,ex_1cf51b6b,노르딕 햄스트링 컬,OFI_AXIS,REACTIVE,,VERY_LONG,63.75,1,MIGRATED_CURRENT_BEHAVIOR,ANALYSIS_CONTRACT_BASELINE_V1,,ex_1cf51b6b,analysis_contract_baseline_v1.csv; identity inheritance per final closeout
OFI_00558,ex_1cf51b6b,노르딕 햄스트링 컬,OFI_AXIS,SYSTEMIC_MUSCULAR,,VERY_LONG,13.28125,1,MIGRATED_CURRENT_BEHAVIOR,ANALYSIS_CONTRACT_BASELINE_V1,,ex_1cf51b6b,analysis_contract_baseline_v1.csv; identity inheritance per final closeout
OFI_00559,ex_1cf51b6b,노르딕 햄스트링 컬,OFI_CAUTION,RECOVERY_DEBT_HIGH,,,0,1,MIGRATED_CURRENT_BEHAVIOR,ANALYSIS_CONTRACT_BASELINE_V1,,ex_1cf51b6b,analysis_contract_baseline_v1.csv; identity inheritance per final closeout
OFI_00560,ex_1cf51b6b,노르딕 햄스트링 컬,OFI_DOSE,LOAD_REPS,,THREE_CONFIRMED_SETS_20KG_8REPS_600SECONDS_RPE8,0,1,MIGRATED_CURRENT_BEHAVIOR,ANALYSIS_CONTRACT_BASELINE_V1,,ex_1cf51b6b,analysis_contract_baseline_v1.csv; identity inheritance per final closeout
OFI_00561,ex_1cf51b6b,노르딕 햄스트링 컬,OFI_GROUP,NORDIC_HAMSTRING_ECCENTRIC,,LOCAL_REPEAT_DETECTION,0,1,MIGRATED_CURRENT_BEHAVIOR,ANALYSIS_CONTRACT_BASELINE_V1,,ex_1cf51b6b,analysis_contract_baseline_v1.csv; identity inheritance per final closeout
OFI_00562,ex_1cf51b6b,노르딕 햄스트링 컬,OFI_GROUP,NORDIC_HAMSTRING_ECCENTRIC,,STRENGTH_COMPARISON,0,1,MIGRATED_CURRENT_BEHAVIOR,ANALYSIS_CONTRACT_BASELINE_V1,,ex_1cf51b6b,analysis_contract_baseline_v1.csv; identity inheritance per final closeout
OFI_00563,ex_1cf51b6b,노르딕 햄스트링 컬,OFI_GROUP,NORDIC_HAMSTRING_ECCENTRIC,,WORKLOAD_BASELINE,0,1,MIGRATED_CURRENT_BEHAVIOR,ANALYSIS_CONTRACT_BASELINE_V1,,ex_1cf51b6b,analysis_contract_baseline_v1.csv; identity inheritance per final closeout
OFI_00564,ex_1cf51b6b,노르딕 햄스트링 컬,OFI_SCORE,HIGH_FORCE_NEURAL,,,21,1,MIGRATED_CURRENT_BEHAVIOR,ANALYSIS_CONTRACT_BASELINE_V1,,ex_1cf51b6b,analysis_contract_baseline_v1.csv; identity inheritance per final closeout
OFI_00565,ex_1cf51b6b,노르딕 햄스트링 컬,OFI_SCORE,HIGH_SPEED,,,88,1,MIGRATED_CURRENT_BEHAVIOR,ANALYSIS_CONTRACT_BASELINE_V1,,ex_1cf51b6b,analysis_contract_baseline_v1.csv; identity inheritance per final closeout
OFI_00566,ex_1cf51b6b,노르딕 햄스트링 컬,OFI_SCORE,LOCAL_MUSCULAR,,,86,1,MIGRATED_CURRENT_BEHAVIOR,ANALYSIS_CONTRACT_BASELINE_V1,,ex_1cf51b6b,analysis_contract_baseline_v1.csv; identity inheritance per final closeout
OFI_00567,ex_1cf51b6b,노르딕 햄스트링 컬,OFI_SCORE,REACTIVE,,,80,1,MIGRATED_CURRENT_BEHAVIOR,ANALYSIS_CONTRACT_BASELINE_V1,,ex_1cf51b6b,analysis_contract_baseline_v1.csv; identity inheritance per final closeout
OFI_00568,ex_1cf51b6b,노르딕 햄스트링 컬,OFI_SCORE,SYSTEMIC_MUSCULAR,,,17,1,MIGRATED_CURRENT_BEHAVIOR,ANALYSIS_CONTRACT_BASELINE_V1,,ex_1cf51b6b,analysis_contract_baseline_v1.csv; identity inheritance per final closeout
OFI_00569,ex_1cf51b6b,노르딕 햄스트링 컬,OFI_SNAPSHOT,SUMMARY,ELEVATED,LOW,77,1,MIGRATED_CURRENT_BEHAVIOR,ANALYSIS_CONTRACT_BASELINE_V1,,ex_1cf51b6b,analysis_contract_baseline_v1.csv; identity inheritance per final closeout
OFI_00570,ex_1dbee10e,머신 체스트프레스,BADMINTON_FATIGUE_COST,MEDIUM,,,0,1,MIGRATED_CURRENT_BEHAVIOR,ANALYSIS_CONTRACT_BASELINE_V1,,ex_1dbee10e,analysis_contract_baseline_v1.csv; identity inheritance per final closeout
OFI_00571,ex_1dbee10e,머신 체스트프레스,OFI_AXIS,HIGH_FORCE_NEURAL,,MEDIUM,37.8125,1,MIGRATED_CURRENT_BEHAVIOR,ANALYSIS_CONTRACT_BASELINE_V1,,ex_1dbee10e,analysis_contract_baseline_v1.csv; identity inheritance per final closeout
OFI_00572,ex_1dbee10e,머신 체스트프레스,OFI_AXIS,HIGH_SPEED,,MEDIUM,17.1875,1,MIGRATED_CURRENT_BEHAVIOR,ANALYSIS_CONTRACT_BASELINE_V1,,ex_1dbee10e,analysis_contract_baseline_v1.csv; identity inheritance per final closeout
OFI_00573,ex_1dbee10e,머신 체스트프레스,OFI_AXIS,LOCAL_MUSCULAR,,MEDIUM,58.4375,1,MIGRATED_CURRENT_BEHAVIOR,ANALYSIS_CONTRACT_BASELINE_V1,,ex_1dbee10e,analysis_contract_baseline_v1.csv; identity inheritance per final closeout
OFI_00574,ex_1dbee10e,머신 체스트프레스,OFI_AXIS,REACTIVE,,MEDIUM,15.625,1,MIGRATED_CURRENT_BEHAVIOR,ANALYSIS_CONTRACT_BASELINE_V1,,ex_1dbee10e,analysis_contract_baseline_v1.csv; identity inheritance per final closeout
OFI_00575,ex_1dbee10e,머신 체스트프레스,OFI_AXIS,SYSTEMIC_MUSCULAR,,MEDIUM,29.21875,1,MIGRATED_CURRENT_BEHAVIOR,ANALYSIS_CONTRACT_BASELINE_V1,,ex_1dbee10e,analysis_contract_baseline_v1.csv; identity inheritance per final closeout
OFI_00576,ex_1dbee10e,머신 체스트프레스,OFI_DOSE,LOAD_REPS,,THREE_CONFIRMED_SETS_20KG_8REPS_600SECONDS_RPE8,0,1,MIGRATED_CURRENT_BEHAVIOR,ANALYSIS_CONTRACT_BASELINE_V1,,ex_1dbee10e,analysis_contract_baseline_v1.csv; identity inheritance per final closeout
OFI_00577,ex_1dbee10e,머신 체스트프레스,OFI_GROUP,HORIZONTAL_PUSH_COMPOUND,,LOCAL_REPEAT_DETECTION,0,1,MIGRATED_CURRENT_BEHAVIOR,ANALYSIS_CONTRACT_BASELINE_V1,,ex_1dbee10e,analysis_contract_baseline_v1.csv; identity inheritance per final closeout
OFI_00578,ex_1dbee10e,머신 체스트프레스,OFI_GROUP,HORIZONTAL_PUSH_COMPOUND,,STRENGTH_COMPARISON,0,1,MIGRATED_CURRENT_BEHAVIOR,ANALYSIS_CONTRACT_BASELINE_V1,,ex_1dbee10e,analysis_contract_baseline_v1.csv; identity inheritance per final closeout
OFI_00579,ex_1dbee10e,머신 체스트프레스,OFI_GROUP,HORIZONTAL_PUSH_COMPOUND,,WORKLOAD_BASELINE,0,1,MIGRATED_CURRENT_BEHAVIOR,ANALYSIS_CONTRACT_BASELINE_V1,,ex_1dbee10e,analysis_contract_baseline_v1.csv; identity inheritance per final closeout
OFI_00580,ex_1dbee10e,머신 체스트프레스,OFI_SCORE,HIGH_FORCE_NEURAL,,,47,1,MIGRATED_CURRENT_BEHAVIOR,ANALYSIS_CONTRACT_BASELINE_V1,,ex_1dbee10e,analysis_contract_baseline_v1.csv; identity inheritance per final closeout
OFI_00581,ex_1dbee10e,머신 체스트프레스,OFI_SCORE,HIGH_SPEED,,,21,1,MIGRATED_CURRENT_BEHAVIOR,ANALYSIS_CONTRACT_BASELINE_V1,,ex_1dbee10e,analysis_contract_baseline_v1.csv; identity inheritance per final closeout
OFI_00582,ex_1dbee10e,머신 체스트프레스,OFI_SCORE,LOCAL_MUSCULAR,,,73,1,MIGRATED_CURRENT_BEHAVIOR,ANALYSIS_CONTRACT_BASELINE_V1,,ex_1dbee10e,analysis_contract_baseline_v1.csv; identity inheritance per final closeout
OFI_00583,ex_1dbee10e,머신 체스트프레스,OFI_SCORE,REACTIVE,,,20,1,MIGRATED_CURRENT_BEHAVIOR,ANALYSIS_CONTRACT_BASELINE_V1,,ex_1dbee10e,analysis_contract_baseline_v1.csv; identity inheritance per final closeout
OFI_00584,ex_1dbee10e,머신 체스트프레스,OFI_SCORE,SYSTEMIC_MUSCULAR,,,37,1,MIGRATED_CURRENT_BEHAVIOR,ANALYSIS_CONTRACT_BASELINE_V1,,ex_1dbee10e,analysis_contract_baseline_v1.csv; identity inheritance per final closeout
OFI_00585,ex_1dbee10e,머신 체스트프레스,OFI_SNAPSHOT,SUMMARY,NORMAL,LOW,43,1,MIGRATED_CURRENT_BEHAVIOR,ANALYSIS_CONTRACT_BASELINE_V1,,ex_1dbee10e,analysis_contract_baseline_v1.csv; identity inheritance per final closeout
OFI_00586,ex_2055b629,애질리티 래더,BADMINTON_FATIGUE_COST,HIGH,,,0,1,MIGRATED_CURRENT_BEHAVIOR,ANALYSIS_CONTRACT_BASELINE_V1,,ex_2055b629,analysis_contract_baseline_v1.csv; identity inheritance per final closeout
OFI_00587,ex_2055b629,애질리티 래더,OFI_AXIS,HIGH_FORCE_NEURAL,,MEDIUM,17.1875,1,MIGRATED_CURRENT_BEHAVIOR,ANALYSIS_CONTRACT_BASELINE_V1,,ex_2055b629,analysis_contract_baseline_v1.csv; identity inheritance per final closeout
OFI_00588,ex_2055b629,애질리티 래더,OFI_AXIS,HIGH_SPEED,,MEDIUM,85.9375,1,MIGRATED_CURRENT_BEHAVIOR,ANALYSIS_CONTRACT_BASELINE_V1,,ex_2055b629,analysis_contract_baseline_v1.csv; identity inheritance per final closeout
OFI_00589,ex_2055b629,애질리티 래더,OFI_AXIS,LOCAL_MUSCULAR,,MEDIUM,58.4375,1,MIGRATED_CURRENT_BEHAVIOR,ANALYSIS_CONTRACT_BASELINE_V1,,ex_2055b629,analysis_contract_baseline_v1.csv; identity inheritance per final closeout
OFI_00590,ex_2055b629,애질리티 래더,OFI_AXIS,REACTIVE,,MEDIUM,76.5,1,MIGRATED_CURRENT_BEHAVIOR,ANALYSIS_CONTRACT_BASELINE_V1,,ex_2055b629,analysis_contract_baseline_v1.csv; identity inheritance per final closeout
OFI_00591,ex_2055b629,애질리티 래더,OFI_AXIS,SYSTEMIC_MUSCULAR,,MEDIUM,53.125,1,MIGRATED_CURRENT_BEHAVIOR,ANALYSIS_CONTRACT_BASELINE_V1,,ex_2055b629,analysis_contract_baseline_v1.csv; identity inheritance per final closeout
OFI_00592,ex_2055b629,애질리티 래더,OFI_CAUTION,HIGH_SPEED_CAUTION,,,0,1,MIGRATED_CURRENT_BEHAVIOR,ANALYSIS_CONTRACT_BASELINE_V1,,ex_2055b629,analysis_contract_baseline_v1.csv; identity inheritance per final closeout
OFI_00593,ex_2055b629,애질리티 래더,OFI_DOSE,DISTANCE_OR_TIME,,THREE_CONFIRMED_SETS_20KG_8REPS_600SECONDS_RPE8,0,1,MIGRATED_CURRENT_BEHAVIOR,ANALYSIS_CONTRACT_BASELINE_V1,,ex_2055b629,analysis_contract_baseline_v1.csv; identity inheritance per final closeout
OFI_00594,ex_2055b629,애질리티 래더,OFI_GROUP,BADMINTON_COURT_FOOTWORK,,LOCAL_REPEAT_DETECTION,0,1,MIGRATED_CURRENT_BEHAVIOR,ANALYSIS_CONTRACT_BASELINE_V1,,ex_2055b629,analysis_contract_baseline_v1.csv; identity inheritance per final closeout
OFI_00595,ex_2055b629,애질리티 래더,OFI_GROUP,NOT_APPLICABLE,,STRENGTH_COMPARISON,0,1,MIGRATED_CURRENT_BEHAVIOR,ANALYSIS_CONTRACT_BASELINE_V1,,ex_2055b629,analysis_contract_baseline_v1.csv; identity inheritance per final closeout
OFI_00596,ex_2055b629,애질리티 래더,OFI_GROUP,NOT_APPLICABLE,,WORKLOAD_BASELINE,0,1,MIGRATED_CURRENT_BEHAVIOR,ANALYSIS_CONTRACT_BASELINE_V1,,ex_2055b629,analysis_contract_baseline_v1.csv; identity inheritance per final closeout
OFI_00597,ex_2055b629,애질리티 래더,OFI_SCORE,HIGH_FORCE_NEURAL,,,21,1,MIGRATED_CURRENT_BEHAVIOR,ANALYSIS_CONTRACT_BASELINE_V1,,ex_2055b629,analysis_contract_baseline_v1.csv; identity inheritance per final closeout
OFI_00598,ex_2055b629,애질리티 래더,OFI_SCORE,HIGH_SPEED,,,100,1,MIGRATED_CURRENT_BEHAVIOR,ANALYSIS_CONTRACT_BASELINE_V1,,ex_2055b629,analysis_contract_baseline_v1.csv; identity inheritance per final closeout
OFI_00599,ex_2055b629,애질리티 래더,OFI_SCORE,LOCAL_MUSCULAR,,,73,1,MIGRATED_CURRENT_BEHAVIOR,ANALYSIS_CONTRACT_BASELINE_V1,,ex_2055b629,analysis_contract_baseline_v1.csv; identity inheritance per final closeout
OFI_00600,ex_2055b629,애질리티 래더,OFI_SCORE,REACTIVE,,,96,1,MIGRATED_CURRENT_BEHAVIOR,ANALYSIS_CONTRACT_BASELINE_V1,,ex_2055b629,analysis_contract_baseline_v1.csv; identity inheritance per final closeout
OFI_00601,ex_2055b629,애질리티 래더,OFI_SCORE,SYSTEMIC_MUSCULAR,,,66,1,MIGRATED_CURRENT_BEHAVIOR,ANALYSIS_CONTRACT_BASELINE_V1,,ex_2055b629,analysis_contract_baseline_v1.csv; identity inheritance per final closeout
OFI_00602,ex_2055b629,애질리티 래더,OFI_SNAPSHOT,SUMMARY,ELEVATED,LOW,83,1,MIGRATED_CURRENT_BEHAVIOR,ANALYSIS_CONTRACT_BASELINE_V1,,ex_2055b629,analysis_contract_baseline_v1.csv; identity inheritance per final closeout
OFI_00603,ex_216351a1,가벼운 콕줍기,BADMINTON_FATIGUE_COST,HIGH,,,0,1,MIGRATED_CURRENT_BEHAVIOR,ANALYSIS_CONTRACT_BASELINE_V1,,ex_216351a1,analysis_contract_baseline_v1.csv; identity inheritance per final closeout
OFI_00604,ex_216351a1,가벼운 콕줍기,OFI_AXIS,HIGH_FORCE_NEURAL,,MEDIUM,17.1875,1,MIGRATED_CURRENT_BEHAVIOR,ANALYSIS_CONTRACT_BASELINE_V1,,ex_216351a1,analysis_contract_baseline_v1.csv; identity inheritance per final closeout
OFI_00605,ex_216351a1,가벼운 콕줍기,OFI_AXIS,HIGH_SPEED,,MEDIUM,85.9375,1,MIGRATED_CURRENT_BEHAVIOR,ANALYSIS_CONTRACT_BASELINE_V1,,ex_216351a1,analysis_contract_baseline_v1.csv; identity inheritance per final closeout
OFI_00606,ex_216351a1,가벼운 콕줍기,OFI_AXIS,LOCAL_MUSCULAR,,MEDIUM,58.4375,1,MIGRATED_CURRENT_BEHAVIOR,ANALYSIS_CONTRACT_BASELINE_V1,,ex_216351a1,analysis_contract_baseline_v1.csv; identity inheritance per final closeout
OFI_00607,ex_216351a1,가벼운 콕줍기,OFI_AXIS,REACTIVE,,MEDIUM,93.75,1,MIGRATED_CURRENT_BEHAVIOR,ANALYSIS_CONTRACT_BASELINE_V1,,ex_216351a1,analysis_contract_baseline_v1.csv; identity inheritance per final closeout
OFI_00608,ex_216351a1,가벼운 콕줍기,OFI_AXIS,SYSTEMIC_MUSCULAR,,MEDIUM,53.125,1,MIGRATED_CURRENT_BEHAVIOR,ANALYSIS_CONTRACT_BASELINE_V1,,ex_216351a1,analysis_contract_baseline_v1.csv; identity inheritance per final closeout
OFI_00609,ex_216351a1,가벼운 콕줍기,OFI_CAUTION,HIGH_SPEED_CAUTION,,,0,1,MIGRATED_CURRENT_BEHAVIOR,ANALYSIS_CONTRACT_BASELINE_V1,,ex_216351a1,analysis_contract_baseline_v1.csv; identity inheritance per final closeout
OFI_00610,ex_216351a1,가벼운 콕줍기,OFI_CAUTION,REACTIVE_CAUTION,,,0,1,MIGRATED_CURRENT_BEHAVIOR,ANALYSIS_CONTRACT_BASELINE_V1,,ex_216351a1,analysis_contract_baseline_v1.csv; identity inheritance per final closeout
OFI_00611,ex_216351a1,가벼운 콕줍기,OFI_DOSE,DISTANCE_OR_TIME,,THREE_CONFIRMED_SETS_20KG_8REPS_600SECONDS_RPE8,0,1,MIGRATED_CURRENT_BEHAVIOR,ANALYSIS_CONTRACT_BASELINE_V1,,ex_216351a1,analysis_contract_baseline_v1.csv; identity inheritance per final closeout
OFI_00612,ex_216351a1,가벼운 콕줍기,OFI_GROUP,BADMINTON_COURT_FOOTWORK,,LOCAL_REPEAT_DETECTION,0,1,MIGRATED_CURRENT_BEHAVIOR,ANALYSIS_CONTRACT_BASELINE_V1,,ex_216351a1,analysis_contract_baseline_v1.csv; identity inheritance per final closeout
OFI_00613,ex_216351a1,가벼운 콕줍기,OFI_GROUP,NOT_APPLICABLE,,STRENGTH_COMPARISON,0,1,MIGRATED_CURRENT_BEHAVIOR,ANALYSIS_CONTRACT_BASELINE_V1,,ex_216351a1,analysis_contract_baseline_v1.csv; identity inheritance per final closeout
OFI_00614,ex_216351a1,가벼운 콕줍기,OFI_GROUP,NOT_APPLICABLE,,WORKLOAD_BASELINE,0,1,MIGRATED_CURRENT_BEHAVIOR,ANALYSIS_CONTRACT_BASELINE_V1,,ex_216351a1,analysis_contract_baseline_v1.csv; identity inheritance per final closeout
OFI_00615,ex_216351a1,가벼운 콕줍기,OFI_SCORE,HIGH_FORCE_NEURAL,,,21,1,MIGRATED_CURRENT_BEHAVIOR,ANALYSIS_CONTRACT_BASELINE_V1,,ex_216351a1,analysis_contract_baseline_v1.csv; identity inheritance per final closeout
OFI_00616,ex_216351a1,가벼운 콕줍기,OFI_SCORE,HIGH_SPEED,,,100,1,MIGRATED_CURRENT_BEHAVIOR,ANALYSIS_CONTRACT_BASELINE_V1,,ex_216351a1,analysis_contract_baseline_v1.csv; identity inheritance per final closeout
OFI_00617,ex_216351a1,가벼운 콕줍기,OFI_SCORE,LOCAL_MUSCULAR,,,73,1,MIGRATED_CURRENT_BEHAVIOR,ANALYSIS_CONTRACT_BASELINE_V1,,ex_216351a1,analysis_contract_baseline_v1.csv; identity inheritance per final closeout
OFI_00618,ex_216351a1,가벼운 콕줍기,OFI_SCORE,REACTIVE,,,100,1,MIGRATED_CURRENT_BEHAVIOR,ANALYSIS_CONTRACT_BASELINE_V1,,ex_216351a1,analysis_contract_baseline_v1.csv; identity inheritance per final closeout
OFI_00619,ex_216351a1,가벼운 콕줍기,OFI_SCORE,SYSTEMIC_MUSCULAR,,,66,1,MIGRATED_CURRENT_BEHAVIOR,ANALYSIS_CONTRACT_BASELINE_V1,,ex_216351a1,analysis_contract_baseline_v1.csv; identity inheritance per final closeout
OFI_00620,ex_216351a1,가벼운 콕줍기,OFI_SNAPSHOT,SUMMARY,ELEVATED,LOW,83,1,MIGRATED_CURRENT_BEHAVIOR,ANALYSIS_CONTRACT_BASELINE_V1,,ex_216351a1,analysis_contract_baseline_v1.csv; identity inheritance per final closeout
OFI_00621,ex_27b3deb5,클로즈그립 벤치프레스,BADMINTON_FATIGUE_COST,VERY_HIGH,,,0,1,MIGRATED_CURRENT_BEHAVIOR,ANALYSIS_CONTRACT_BASELINE_V1,,ex_27b3deb5,analysis_contract_baseline_v1.csv; identity inheritance per final closeout
OFI_00622,ex_27b3deb5,클로즈그립 벤치프레스,OFI_AXIS,HIGH_FORCE_NEURAL,,MEDIUM,37.8125,1,MIGRATED_CURRENT_BEHAVIOR,ANALYSIS_CONTRACT_BASELINE_V1,,ex_27b3deb5,analysis_contract_baseline_v1.csv; identity inheritance per final closeout
OFI_00623,ex_27b3deb5,클로즈그립 벤치프레스,OFI_AXIS,HIGH_SPEED,,MEDIUM,17.1875,1,MIGRATED_CURRENT_BEHAVIOR,ANALYSIS_CONTRACT_BASELINE_V1,,ex_27b3deb5,analysis_contract_baseline_v1.csv; identity inheritance per final closeout
OFI_00624,ex_27b3deb5,클로즈그립 벤치프레스,OFI_AXIS,LOCAL_MUSCULAR,,MEDIUM,58.4375,1,MIGRATED_CURRENT_BEHAVIOR,ANALYSIS_CONTRACT_BASELINE_V1,,ex_27b3deb5,analysis_contract_baseline_v1.csv; identity inheritance per final closeout
OFI_00625,ex_27b3deb5,클로즈그립 벤치프레스,OFI_AXIS,REACTIVE,,MEDIUM,15.625,1,MIGRATED_CURRENT_BEHAVIOR,ANALYSIS_CONTRACT_BASELINE_V1,,ex_27b3deb5,analysis_contract_baseline_v1.csv; identity inheritance per final closeout
OFI_00626,ex_27b3deb5,클로즈그립 벤치프레스,OFI_AXIS,SYSTEMIC_MUSCULAR,,MEDIUM,34.375,1,MIGRATED_CURRENT_BEHAVIOR,ANALYSIS_CONTRACT_BASELINE_V1,,ex_27b3deb5,analysis_contract_baseline_v1.csv; identity inheritance per final closeout
OFI_00627,ex_27b3deb5,클로즈그립 벤치프레스,OFI_DOSE,VOLUME_LOAD,,THREE_CONFIRMED_SETS_20KG_8REPS_600SECONDS_RPE8,0,1,MIGRATED_CURRENT_BEHAVIOR,ANALYSIS_CONTRACT_BASELINE_V1,,ex_27b3deb5,analysis_contract_baseline_v1.csv; identity inheritance per final closeout
OFI_00628,ex_27b3deb5,클로즈그립 벤치프레스,OFI_GROUP,CLOSE_GRIP_BENCH_TRICEPS_PUSH,,LOCAL_REPEAT_DETECTION,0,1,MIGRATED_CURRENT_BEHAVIOR,ANALYSIS_CONTRACT_BASELINE_V1,,ex_27b3deb5,analysis_contract_baseline_v1.csv; identity inheritance per final closeout
OFI_00629,ex_27b3deb5,클로즈그립 벤치프레스,OFI_GROUP,CLOSE_GRIP_BENCH_TRICEPS_PUSH,,STRENGTH_COMPARISON,0,1,MIGRATED_CURRENT_BEHAVIOR,ANALYSIS_CONTRACT_BASELINE_V1,,ex_27b3deb5,analysis_contract_baseline_v1.csv; identity inheritance per final closeout
OFI_00630,ex_27b3deb5,클로즈그립 벤치프레스,OFI_GROUP,CLOSE_GRIP_BENCH_TRICEPS_PUSH,,WORKLOAD_BASELINE,0,1,MIGRATED_CURRENT_BEHAVIOR,ANALYSIS_CONTRACT_BASELINE_V1,,ex_27b3deb5,analysis_contract_baseline_v1.csv; identity inheritance per final closeout
OFI_00631,ex_27b3deb5,클로즈그립 벤치프레스,OFI_SCORE,HIGH_FORCE_NEURAL,,,47,1,MIGRATED_CURRENT_BEHAVIOR,ANALYSIS_CONTRACT_BASELINE_V1,,ex_27b3deb5,analysis_contract_baseline_v1.csv; identity inheritance per final closeout
OFI_00632,ex_27b3deb5,클로즈그립 벤치프레스,OFI_SCORE,HIGH_SPEED,,,21,1,MIGRATED_CURRENT_BEHAVIOR,ANALYSIS_CONTRACT_BASELINE_V1,,ex_27b3deb5,analysis_contract_baseline_v1.csv; identity inheritance per final closeout
OFI_00633,ex_27b3deb5,클로즈그립 벤치프레스,OFI_SCORE,LOCAL_MUSCULAR,,,73,1,MIGRATED_CURRENT_BEHAVIOR,ANALYSIS_CONTRACT_BASELINE_V1,,ex_27b3deb5,analysis_contract_baseline_v1.csv; identity inheritance per final closeout
OFI_00634,ex_27b3deb5,클로즈그립 벤치프레스,OFI_SCORE,REACTIVE,,,20,1,MIGRATED_CURRENT_BEHAVIOR,ANALYSIS_CONTRACT_BASELINE_V1,,ex_27b3deb5,analysis_contract_baseline_v1.csv; identity inheritance per final closeout
OFI_00635,ex_27b3deb5,클로즈그립 벤치프레스,OFI_SCORE,SYSTEMIC_MUSCULAR,,,43,1,MIGRATED_CURRENT_BEHAVIOR,ANALYSIS_CONTRACT_BASELINE_V1,,ex_27b3deb5,analysis_contract_baseline_v1.csv; identity inheritance per final closeout
OFI_00636,ex_27b3deb5,클로즈그립 벤치프레스,OFI_SNAPSHOT,SUMMARY,NORMAL,LOW,44,1,MIGRATED_CURRENT_BEHAVIOR,ANALYSIS_CONTRACT_BASELINE_V1,,ex_27b3deb5,analysis_contract_baseline_v1.csv; identity inheritance per final closeout
OFI_00637,ex_281347da,덤벨 컬,BADMINTON_FATIGUE_COST,LOW,,,0,1,MIGRATED_CURRENT_BEHAVIOR,ANALYSIS_CONTRACT_BASELINE_V1,,ex_281347da,analysis_contract_baseline_v1.csv; identity inheritance per final closeout
OFI_00638,ex_281347da,덤벨 컬,OFI_AXIS,HIGH_FORCE_NEURAL,,SHORT,17.1875,1,MIGRATED_CURRENT_BEHAVIOR,ANALYSIS_CONTRACT_BASELINE_V1,,ex_281347da,analysis_contract_baseline_v1.csv; identity inheritance per final closeout
OFI_00639,ex_281347da,덤벨 컬,OFI_AXIS,HIGH_SPEED,,SHORT,17.1875,1,MIGRATED_CURRENT_BEHAVIOR,ANALYSIS_CONTRACT_BASELINE_V1,,ex_281347da,analysis_contract_baseline_v1.csv; identity inheritance per final closeout
OFI_00640,ex_281347da,덤벨 컬,OFI_AXIS,LOCAL_MUSCULAR,,SHORT,58.4375,1,MIGRATED_CURRENT_BEHAVIOR,ANALYSIS_CONTRACT_BASELINE_V1,,ex_281347da,analysis_contract_baseline_v1.csv; identity inheritance per final closeout
OFI_00641,ex_281347da,덤벨 컬,OFI_AXIS,REACTIVE,,SHORT,15.625,1,MIGRATED_CURRENT_BEHAVIOR,ANALYSIS_CONTRACT_BASELINE_V1,,ex_281347da,analysis_contract_baseline_v1.csv; identity inheritance per final closeout
OFI_00642,ex_281347da,덤벨 컬,OFI_AXIS,SYSTEMIC_MUSCULAR,,SHORT,13.28125,1,MIGRATED_CURRENT_BEHAVIOR,ANALYSIS_CONTRACT_BASELINE_V1,,ex_281347da,analysis_contract_baseline_v1.csv; identity inheritance per final closeout
OFI_00643,ex_281347da,덤벨 컬,OFI_DOSE,VOLUME_LOAD,,THREE_CONFIRMED_SETS_20KG_8REPS_600SECONDS_RPE8,0,1,MIGRATED_CURRENT_BEHAVIOR,ANALYSIS_CONTRACT_BASELINE_V1,,ex_281347da,analysis_contract_baseline_v1.csv; identity inheritance per final closeout
OFI_00644,ex_281347da,덤벨 컬,OFI_GROUP,ELBOW_FLEXION_CURL,,LOCAL_REPEAT_DETECTION,0,1,MIGRATED_CURRENT_BEHAVIOR,ANALYSIS_CONTRACT_BASELINE_V1,,ex_281347da,analysis_contract_baseline_v1.csv; identity inheritance per final closeout
OFI_00645,ex_281347da,덤벨 컬,OFI_GROUP,ELBOW_FLEXION_CURL,,STRENGTH_COMPARISON,0,1,MIGRATED_CURRENT_BEHAVIOR,ANALYSIS_CONTRACT_BASELINE_V1,,ex_281347da,analysis_contract_baseline_v1.csv; identity inheritance per final closeout
OFI_00646,ex_281347da,덤벨 컬,OFI_GROUP,ELBOW_FLEXION_CURL,,WORKLOAD_BASELINE,0,1,MIGRATED_CURRENT_BEHAVIOR,ANALYSIS_CONTRACT_BASELINE_V1,,ex_281347da,analysis_contract_baseline_v1.csv; identity inheritance per final closeout
OFI_00647,ex_281347da,덤벨 컬,OFI_SCORE,HIGH_FORCE_NEURAL,,,21,1,MIGRATED_CURRENT_BEHAVIOR,ANALYSIS_CONTRACT_BASELINE_V1,,ex_281347da,analysis_contract_baseline_v1.csv; identity inheritance per final closeout
OFI_00648,ex_281347da,덤벨 컬,OFI_SCORE,HIGH_SPEED,,,21,1,MIGRATED_CURRENT_BEHAVIOR,ANALYSIS_CONTRACT_BASELINE_V1,,ex_281347da,analysis_contract_baseline_v1.csv; identity inheritance per final closeout
OFI_00649,ex_281347da,덤벨 컬,OFI_SCORE,LOCAL_MUSCULAR,,,73,1,MIGRATED_CURRENT_BEHAVIOR,ANALYSIS_CONTRACT_BASELINE_V1,,ex_281347da,analysis_contract_baseline_v1.csv; identity inheritance per final closeout
OFI_00650,ex_281347da,덤벨 컬,OFI_SCORE,REACTIVE,,,20,1,MIGRATED_CURRENT_BEHAVIOR,ANALYSIS_CONTRACT_BASELINE_V1,,ex_281347da,analysis_contract_baseline_v1.csv; identity inheritance per final closeout
OFI_00651,ex_281347da,덤벨 컬,OFI_SCORE,SYSTEMIC_MUSCULAR,,,17,1,MIGRATED_CURRENT_BEHAVIOR,ANALYSIS_CONTRACT_BASELINE_V1,,ex_281347da,analysis_contract_baseline_v1.csv; identity inheritance per final closeout
OFI_00652,ex_281347da,덤벨 컬,OFI_SNAPSHOT,SUMMARY,LOW,LOW,39,1,MIGRATED_CURRENT_BEHAVIOR,ANALYSIS_CONTRACT_BASELINE_V1,,ex_281347da,analysis_contract_baseline_v1.csv; identity inheritance per final closeout
OFI_00653,ex_2822ec2e,레그 컬,BADMINTON_FATIGUE_COST,LOW,,,0,1,MIGRATED_CURRENT_BEHAVIOR,ANALYSIS_CONTRACT_BASELINE_V1,,ex_2822ec2e,analysis_contract_baseline_v1.csv; identity inheritance per final closeout
OFI_00654,ex_2822ec2e,레그 컬,OFI_AXIS,HIGH_FORCE_NEURAL,,SHORT,17.1875,1,MIGRATED_CURRENT_BEHAVIOR,ANALYSIS_CONTRACT_BASELINE_V1,,ex_2822ec2e,analysis_contract_baseline_v1.csv; identity inheritance per final closeout
OFI_00655,ex_2822ec2e,레그 컬,OFI_AXIS,HIGH_SPEED,,SHORT,17.1875,1,MIGRATED_CURRENT_BEHAVIOR,ANALYSIS_CONTRACT_BASELINE_V1,,ex_2822ec2e,analysis_contract_baseline_v1.csv; identity inheritance per final closeout
OFI_00656,ex_2822ec2e,레그 컬,OFI_AXIS,LOCAL_MUSCULAR,,SHORT,58.4375,1,MIGRATED_CURRENT_BEHAVIOR,ANALYSIS_CONTRACT_BASELINE_V1,,ex_2822ec2e,analysis_contract_baseline_v1.csv; identity inheritance per final closeout
OFI_00657,ex_2822ec2e,레그 컬,OFI_AXIS,REACTIVE,,SHORT,15.625,1,MIGRATED_CURRENT_BEHAVIOR,ANALYSIS_CONTRACT_BASELINE_V1,,ex_2822ec2e,analysis_contract_baseline_v1.csv; identity inheritance per final closeout
OFI_00658,ex_2822ec2e,레그 컬,OFI_AXIS,SYSTEMIC_MUSCULAR,,SHORT,13.28125,1,MIGRATED_CURRENT_BEHAVIOR,ANALYSIS_CONTRACT_BASELINE_V1,,ex_2822ec2e,analysis_contract_baseline_v1.csv; identity inheritance per final closeout
OFI_00659,ex_2822ec2e,레그 컬,OFI_DOSE,LOAD_REPS,,THREE_CONFIRMED_SETS_20KG_8REPS_600SECONDS_RPE8,0,1,MIGRATED_CURRENT_BEHAVIOR,ANALYSIS_CONTRACT_BASELINE_V1,,ex_2822ec2e,analysis_contract_baseline_v1.csv; identity inheritance per final closeout
OFI_00660,ex_2822ec2e,레그 컬,OFI_GROUP,HAMSTRING_KNEE_FLEXION_ISOLATION,,LOCAL_REPEAT_DETECTION,0,1,MIGRATED_CURRENT_BEHAVIOR,ANALYSIS_CONTRACT_BASELINE_V1,,ex_2822ec2e,analysis_contract_baseline_v1.csv; identity inheritance per final closeout
OFI_00661,ex_2822ec2e,레그 컬,OFI_GROUP,HAMSTRING_KNEE_FLEXION_ISOLATION,,STRENGTH_COMPARISON,0,1,MIGRATED_CURRENT_BEHAVIOR,ANALYSIS_CONTRACT_BASELINE_V1,,ex_2822ec2e,analysis_contract_baseline_v1.csv; identity inheritance per final closeout
OFI_00662,ex_2822ec2e,레그 컬,OFI_GROUP,HAMSTRING_KNEE_FLEXION_ISOLATION,,WORKLOAD_BASELINE,0,1,MIGRATED_CURRENT_BEHAVIOR,ANALYSIS_CONTRACT_BASELINE_V1,,ex_2822ec2e,analysis_contract_baseline_v1.csv; identity inheritance per final closeout
OFI_00663,ex_2822ec2e,레그 컬,OFI_SCORE,HIGH_FORCE_NEURAL,,,21,1,MIGRATED_CURRENT_BEHAVIOR,ANALYSIS_CONTRACT_BASELINE_V1,,ex_2822ec2e,analysis_contract_baseline_v1.csv; identity inheritance per final closeout
OFI_00664,ex_2822ec2e,레그 컬,OFI_SCORE,HIGH_SPEED,,,21,1,MIGRATED_CURRENT_BEHAVIOR,ANALYSIS_CONTRACT_BASELINE_V1,,ex_2822ec2e,analysis_contract_baseline_v1.csv; identity inheritance per final closeout
OFI_00665,ex_2822ec2e,레그 컬,OFI_SCORE,LOCAL_MUSCULAR,,,73,1,MIGRATED_CURRENT_BEHAVIOR,ANALYSIS_CONTRACT_BASELINE_V1,,ex_2822ec2e,analysis_contract_baseline_v1.csv; identity inheritance per final closeout
OFI_00666,ex_2822ec2e,레그 컬,OFI_SCORE,REACTIVE,,,20,1,MIGRATED_CURRENT_BEHAVIOR,ANALYSIS_CONTRACT_BASELINE_V1,,ex_2822ec2e,analysis_contract_baseline_v1.csv; identity inheritance per final closeout
OFI_00667,ex_2822ec2e,레그 컬,OFI_SCORE,SYSTEMIC_MUSCULAR,,,17,1,MIGRATED_CURRENT_BEHAVIOR,ANALYSIS_CONTRACT_BASELINE_V1,,ex_2822ec2e,analysis_contract_baseline_v1.csv; identity inheritance per final closeout
OFI_00668,ex_2822ec2e,레그 컬,OFI_SNAPSHOT,SUMMARY,LOW,LOW,39,1,MIGRATED_CURRENT_BEHAVIOR,ANALYSIS_CONTRACT_BASELINE_V1,,ex_2822ec2e,analysis_contract_baseline_v1.csv; identity inheritance per final closeout
OFI_00669,ex_282a9d87,링 로우,BADMINTON_FATIGUE_COST,MEDIUM,,,0,1,MIGRATED_CURRENT_BEHAVIOR,ANALYSIS_CONTRACT_BASELINE_V1,,ex_282a9d87,analysis_contract_baseline_v1.csv; identity inheritance per final closeout
OFI_00670,ex_282a9d87,링 로우,OFI_AXIS,HIGH_FORCE_NEURAL,,MEDIUM,37.8125,1,MIGRATED_CURRENT_BEHAVIOR,ANALYSIS_CONTRACT_BASELINE_V1,,ex_282a9d87,analysis_contract_baseline_v1.csv; identity inheritance per final closeout
OFI_00671,ex_282a9d87,링 로우,OFI_AXIS,HIGH_SPEED,,MEDIUM,17.1875,1,MIGRATED_CURRENT_BEHAVIOR,ANALYSIS_CONTRACT_BASELINE_V1,,ex_282a9d87,analysis_contract_baseline_v1.csv; identity inheritance per final closeout
OFI_00672,ex_282a9d87,링 로우,OFI_AXIS,LOCAL_MUSCULAR,,MEDIUM,58.4375,1,MIGRATED_CURRENT_BEHAVIOR,ANALYSIS_CONTRACT_BASELINE_V1,,ex_282a9d87,analysis_contract_baseline_v1.csv; identity inheritance per final closeout
OFI_00673,ex_282a9d87,링 로우,OFI_AXIS,REACTIVE,,MEDIUM,15.625,1,MIGRATED_CURRENT_BEHAVIOR,ANALYSIS_CONTRACT_BASELINE_V1,,ex_282a9d87,analysis_contract_baseline_v1.csv; identity inheritance per final closeout
OFI_00674,ex_282a9d87,링 로우,OFI_AXIS,SYSTEMIC_MUSCULAR,,MEDIUM,34.375,1,MIGRATED_CURRENT_BEHAVIOR,ANALYSIS_CONTRACT_BASELINE_V1,,ex_282a9d87,analysis_contract_baseline_v1.csv; identity inheritance per final closeout
OFI_00675,ex_282a9d87,링 로우,OFI_DOSE,VOLUME_LOAD,,THREE_CONFIRMED_SETS_20KG_8REPS_600SECONDS_RPE8,0,1,MIGRATED_CURRENT_BEHAVIOR,ANALYSIS_CONTRACT_BASELINE_V1,,ex_282a9d87,analysis_contract_baseline_v1.csv; identity inheritance per final closeout
OFI_00676,ex_282a9d87,링 로우,OFI_GROUP,HORIZONTAL_PULL_COMPOUND,,LOCAL_REPEAT_DETECTION,0,1,MIGRATED_CURRENT_BEHAVIOR,ANALYSIS_CONTRACT_BASELINE_V1,,ex_282a9d87,analysis_contract_baseline_v1.csv; identity inheritance per final closeout
OFI_00677,ex_282a9d87,링 로우,OFI_GROUP,HORIZONTAL_PULL_COMPOUND,,STRENGTH_COMPARISON,0,1,MIGRATED_CURRENT_BEHAVIOR,ANALYSIS_CONTRACT_BASELINE_V1,,ex_282a9d87,analysis_contract_baseline_v1.csv; identity inheritance per final closeout
OFI_00678,ex_282a9d87,링 로우,OFI_GROUP,HORIZONTAL_PULL_COMPOUND,,WORKLOAD_BASELINE,0,1,MIGRATED_CURRENT_BEHAVIOR,ANALYSIS_CONTRACT_BASELINE_V1,,ex_282a9d87,analysis_contract_baseline_v1.csv; identity inheritance per final closeout
OFI_00679,ex_282a9d87,링 로우,OFI_SCORE,HIGH_FORCE_NEURAL,,,47,1,MIGRATED_CURRENT_BEHAVIOR,ANALYSIS_CONTRACT_BASELINE_V1,,ex_282a9d87,analysis_contract_baseline_v1.csv; identity inheritance per final closeout
OFI_00680,ex_282a9d87,링 로우,OFI_SCORE,HIGH_SPEED,,,21,1,MIGRATED_CURRENT_BEHAVIOR,ANALYSIS_CONTRACT_BASELINE_V1,,ex_282a9d87,analysis_contract_baseline_v1.csv; identity inheritance per final closeout
OFI_00681,ex_282a9d87,링 로우,OFI_SCORE,LOCAL_MUSCULAR,,,73,1,MIGRATED_CURRENT_BEHAVIOR,ANALYSIS_CONTRACT_BASELINE_V1,,ex_282a9d87,analysis_contract_baseline_v1.csv; identity inheritance per final closeout
OFI_00682,ex_282a9d87,링 로우,OFI_SCORE,REACTIVE,,,20,1,MIGRATED_CURRENT_BEHAVIOR,ANALYSIS_CONTRACT_BASELINE_V1,,ex_282a9d87,analysis_contract_baseline_v1.csv; identity inheritance per final closeout
OFI_00683,ex_282a9d87,링 로우,OFI_SCORE,SYSTEMIC_MUSCULAR,,,43,1,MIGRATED_CURRENT_BEHAVIOR,ANALYSIS_CONTRACT_BASELINE_V1,,ex_282a9d87,analysis_contract_baseline_v1.csv; identity inheritance per final closeout
OFI_00684,ex_282a9d87,링 로우,OFI_SNAPSHOT,SUMMARY,NORMAL,LOW,44,1,MIGRATED_CURRENT_BEHAVIOR,ANALYSIS_CONTRACT_BASELINE_V1,,ex_282a9d87,analysis_contract_baseline_v1.csv; identity inheritance per final closeout
OFI_00685,ex_28347c1f,버드독,BADMINTON_FATIGUE_COST,HIGH,,,0,1,MIGRATED_CURRENT_BEHAVIOR,ANALYSIS_CONTRACT_BASELINE_V1,,ex_28347c1f,analysis_contract_baseline_v1.csv; identity inheritance per final closeout
OFI_00686,ex_28347c1f,버드독,OFI_AXIS,HIGH_FORCE_NEURAL,,SHORT,17.1875,1,MIGRATED_CURRENT_BEHAVIOR,ANALYSIS_CONTRACT_BASELINE_V1,,ex_28347c1f,analysis_contract_baseline_v1.csv; identity inheritance per final closeout
OFI_00687,ex_28347c1f,버드독,OFI_AXIS,HIGH_SPEED,,SHORT,17.1875,1,MIGRATED_CURRENT_BEHAVIOR,ANALYSIS_CONTRACT_BASELINE_V1,,ex_28347c1f,analysis_contract_baseline_v1.csv; identity inheritance per final closeout
OFI_00688,ex_28347c1f,버드독,OFI_AXIS,LOCAL_MUSCULAR,,SHORT,37.8125,1,MIGRATED_CURRENT_BEHAVIOR,ANALYSIS_CONTRACT_BASELINE_V1,,ex_28347c1f,analysis_contract_baseline_v1.csv; identity inheritance per final closeout
OFI_00689,ex_28347c1f,버드독,OFI_AXIS,REACTIVE,,SHORT,63.75,1,MIGRATED_CURRENT_BEHAVIOR,ANALYSIS_CONTRACT_BASELINE_V1,,ex_28347c1f,analysis_contract_baseline_v1.csv; identity inheritance per final closeout
OFI_00690,ex_28347c1f,버드독,OFI_AXIS,SYSTEMIC_MUSCULAR,,SHORT,13.28125,1,MIGRATED_CURRENT_BEHAVIOR,ANALYSIS_CONTRACT_BASELINE_V1,,ex_28347c1f,analysis_contract_baseline_v1.csv; identity inheritance per final closeout
OFI_00691,ex_28347c1f,버드독,OFI_DOSE,REPS_OR_TIME,,THREE_CONFIRMED_SETS_20KG_8REPS_600SECONDS_RPE8,0,1,MIGRATED_CURRENT_BEHAVIOR,ANALYSIS_CONTRACT_BASELINE_V1,,ex_28347c1f,analysis_contract_baseline_v1.csv; identity inheritance per final closeout
OFI_00692,ex_28347c1f,버드독,OFI_GROUP,CORE_BRACING_CONTROL,,LOCAL_REPEAT_DETECTION,0,1,MIGRATED_CURRENT_BEHAVIOR,ANALYSIS_CONTRACT_BASELINE_V1,,ex_28347c1f,analysis_contract_baseline_v1.csv; identity inheritance per final closeout
OFI_00693,ex_28347c1f,버드독,OFI_GROUP,CORE_BRACING_CONTROL,,STRENGTH_COMPARISON,0,1,MIGRATED_CURRENT_BEHAVIOR,ANALYSIS_CONTRACT_BASELINE_V1,,ex_28347c1f,analysis_contract_baseline_v1.csv; identity inheritance per final closeout
OFI_00694,ex_28347c1f,버드독,OFI_GROUP,CORE_BRACING_CONTROL,,WORKLOAD_BASELINE,0,1,MIGRATED_CURRENT_BEHAVIOR,ANALYSIS_CONTRACT_BASELINE_V1,,ex_28347c1f,analysis_contract_baseline_v1.csv; identity inheritance per final closeout
OFI_00695,ex_28347c1f,버드독,OFI_SCORE,HIGH_FORCE_NEURAL,,,21,1,MIGRATED_CURRENT_BEHAVIOR,ANALYSIS_CONTRACT_BASELINE_V1,,ex_28347c1f,analysis_contract_baseline_v1.csv; identity inheritance per final closeout
OFI_00696,ex_28347c1f,버드독,OFI_SCORE,HIGH_SPEED,,,21,1,MIGRATED_CURRENT_BEHAVIOR,ANALYSIS_CONTRACT_BASELINE_V1,,ex_28347c1f,analysis_contract_baseline_v1.csv; identity inheritance per final closeout
OFI_00697,ex_28347c1f,버드독,OFI_SCORE,LOCAL_MUSCULAR,,,47,1,MIGRATED_CURRENT_BEHAVIOR,ANALYSIS_CONTRACT_BASELINE_V1,,ex_28347c1f,analysis_contract_baseline_v1.csv; identity inheritance per final closeout
OFI_00698,ex_28347c1f,버드독,OFI_SCORE,REACTIVE,,,80,1,MIGRATED_CURRENT_BEHAVIOR,ANALYSIS_CONTRACT_BASELINE_V1,,ex_28347c1f,analysis_contract_baseline_v1.csv; identity inheritance per final closeout
OFI_00699,ex_28347c1f,버드독,OFI_SCORE,SYSTEMIC_MUSCULAR,,,17,1,MIGRATED_CURRENT_BEHAVIOR,ANALYSIS_CONTRACT_BASELINE_V1,,ex_28347c1f,analysis_contract_baseline_v1.csv; identity inheritance per final closeout
OFI_00700,ex_28347c1f,버드독,OFI_SNAPSHOT,SUMMARY,NORMAL,LOW,57,1,MIGRATED_CURRENT_BEHAVIOR,ANALYSIS_CONTRACT_BASELINE_V1,,ex_28347c1f,analysis_contract_baseline_v1.csv; identity inheritance per final closeout
OFI_00701,ex_284ecca6,슈퍼맨,BADMINTON_FATIGUE_COST,HIGH,,,0,1,MIGRATED_CURRENT_BEHAVIOR,ANALYSIS_CONTRACT_BASELINE_V1,,ex_284ecca6,analysis_contract_baseline_v1.csv; identity inheritance per final closeout
OFI_00702,ex_284ecca6,슈퍼맨,OFI_AXIS,HIGH_FORCE_NEURAL,,SHORT,17.1875,1,MIGRATED_CURRENT_BEHAVIOR,ANALYSIS_CONTRACT_BASELINE_V1,,ex_284ecca6,analysis_contract_baseline_v1.csv; identity inheritance per final closeout
OFI_00703,ex_284ecca6,슈퍼맨,OFI_AXIS,HIGH_SPEED,,SHORT,17.1875,1,MIGRATED_CURRENT_BEHAVIOR,ANALYSIS_CONTRACT_BASELINE_V1,,ex_284ecca6,analysis_contract_baseline_v1.csv; identity inheritance per final closeout
OFI_00704,ex_284ecca6,슈퍼맨,OFI_AXIS,LOCAL_MUSCULAR,,SHORT,37.8125,1,MIGRATED_CURRENT_BEHAVIOR,ANALYSIS_CONTRACT_BASELINE_V1,,ex_284ecca6,analysis_contract_baseline_v1.csv; identity inheritance per final closeout
OFI_00705,ex_284ecca6,슈퍼맨,OFI_AXIS,REACTIVE,,SHORT,15.625,1,MIGRATED_CURRENT_BEHAVIOR,ANALYSIS_CONTRACT_BASELINE_V1,,ex_284ecca6,analysis_contract_baseline_v1.csv; identity inheritance per final closeout
OFI_00706,ex_284ecca6,슈퍼맨,OFI_AXIS,SYSTEMIC_MUSCULAR,,SHORT,13.28125,1,MIGRATED_CURRENT_BEHAVIOR,ANALYSIS_CONTRACT_BASELINE_V1,,ex_284ecca6,analysis_contract_baseline_v1.csv; identity inheritance per final closeout
OFI_00707,ex_284ecca6,슈퍼맨,OFI_DOSE,REPS_OR_TIME,,THREE_CONFIRMED_SETS_20KG_8REPS_600SECONDS_RPE8,0,1,MIGRATED_CURRENT_BEHAVIOR,ANALYSIS_CONTRACT_BASELINE_V1,,ex_284ecca6,analysis_contract_baseline_v1.csv; identity inheritance per final closeout
OFI_00708,ex_284ecca6,슈퍼맨,OFI_GROUP,LOW_LOAD_POSTERIOR_CHAIN_CONTROL,,LOCAL_REPEAT_DETECTION,0,1,MIGRATED_CURRENT_BEHAVIOR,ANALYSIS_CONTRACT_BASELINE_V1,,ex_284ecca6,analysis_contract_baseline_v1.csv; identity inheritance per final closeout
OFI_00709,ex_284ecca6,슈퍼맨,OFI_GROUP,LOW_LOAD_POSTERIOR_CHAIN_CONTROL,,STRENGTH_COMPARISON,0,1,MIGRATED_CURRENT_BEHAVIOR,ANALYSIS_CONTRACT_BASELINE_V1,,ex_284ecca6,analysis_contract_baseline_v1.csv; identity inheritance per final closeout
OFI_00710,ex_284ecca6,슈퍼맨,OFI_GROUP,LOW_LOAD_POSTERIOR_CHAIN_CONTROL,,WORKLOAD_BASELINE,0,1,MIGRATED_CURRENT_BEHAVIOR,ANALYSIS_CONTRACT_BASELINE_V1,,ex_284ecca6,analysis_contract_baseline_v1.csv; identity inheritance per final closeout
OFI_00711,ex_284ecca6,슈퍼맨,OFI_SCORE,HIGH_FORCE_NEURAL,,,21,1,MIGRATED_CURRENT_BEHAVIOR,ANALYSIS_CONTRACT_BASELINE_V1,,ex_284ecca6,analysis_contract_baseline_v1.csv; identity inheritance per final closeout
OFI_00712,ex_284ecca6,슈퍼맨,OFI_SCORE,HIGH_SPEED,,,21,1,MIGRATED_CURRENT_BEHAVIOR,ANALYSIS_CONTRACT_BASELINE_V1,,ex_284ecca6,analysis_contract_baseline_v1.csv; identity inheritance per final closeout
OFI_00713,ex_284ecca6,슈퍼맨,OFI_SCORE,LOCAL_MUSCULAR,,,47,1,MIGRATED_CURRENT_BEHAVIOR,ANALYSIS_CONTRACT_BASELINE_V1,,ex_284ecca6,analysis_contract_baseline_v1.csv; identity inheritance per final closeout
OFI_00714,ex_284ecca6,슈퍼맨,OFI_SCORE,REACTIVE,,,20,1,MIGRATED_CURRENT_BEHAVIOR,ANALYSIS_CONTRACT_BASELINE_V1,,ex_284ecca6,analysis_contract_baseline_v1.csv; identity inheritance per final closeout
OFI_00715,ex_284ecca6,슈퍼맨,OFI_SCORE,SYSTEMIC_MUSCULAR,,,17,1,MIGRATED_CURRENT_BEHAVIOR,ANALYSIS_CONTRACT_BASELINE_V1,,ex_284ecca6,analysis_contract_baseline_v1.csv; identity inheritance per final closeout
OFI_00716,ex_284ecca6,슈퍼맨,OFI_SNAPSHOT,SUMMARY,LOW,LOW,28,1,MIGRATED_CURRENT_BEHAVIOR,ANALYSIS_CONTRACT_BASELINE_V1,,ex_284ecca6,analysis_contract_baseline_v1.csv; identity inheritance per final closeout
OFI_00717,ex_28902b13,푸시업,BADMINTON_FATIGUE_COST,MEDIUM,,,0,1,MIGRATED_CURRENT_BEHAVIOR,ANALYSIS_CONTRACT_BASELINE_V1,,ex_28902b13,analysis_contract_baseline_v1.csv; identity inheritance per final closeout
OFI_00718,ex_28902b13,푸시업,OFI_AXIS,HIGH_FORCE_NEURAL,,SHORT,17.1875,1,MIGRATED_CURRENT_BEHAVIOR,ANALYSIS_CONTRACT_BASELINE_V1,,ex_28902b13,analysis_contract_baseline_v1.csv; identity inheritance per final closeout
OFI_00719,ex_28902b13,푸시업,OFI_AXIS,HIGH_SPEED,,SHORT,17.1875,1,MIGRATED_CURRENT_BEHAVIOR,ANALYSIS_CONTRACT_BASELINE_V1,,ex_28902b13,analysis_contract_baseline_v1.csv; identity inheritance per final closeout
OFI_00720,ex_28902b13,푸시업,OFI_AXIS,LOCAL_MUSCULAR,,SHORT,37.8125,1,MIGRATED_CURRENT_BEHAVIOR,ANALYSIS_CONTRACT_BASELINE_V1,,ex_28902b13,analysis_contract_baseline_v1.csv; identity inheritance per final closeout
OFI_00721,ex_28902b13,푸시업,OFI_AXIS,REACTIVE,,SHORT,15.625,1,MIGRATED_CURRENT_BEHAVIOR,ANALYSIS_CONTRACT_BASELINE_V1,,ex_28902b13,analysis_contract_baseline_v1.csv; identity inheritance per final closeout
OFI_00722,ex_28902b13,푸시업,OFI_AXIS,SYSTEMIC_MUSCULAR,,SHORT,13.28125,1,MIGRATED_CURRENT_BEHAVIOR,ANALYSIS_CONTRACT_BASELINE_V1,,ex_28902b13,analysis_contract_baseline_v1.csv; identity inheritance per final closeout
OFI_00723,ex_28902b13,푸시업,OFI_DOSE,LOAD_REPS,,THREE_CONFIRMED_SETS_20KG_8REPS_600SECONDS_RPE8,0,1,MIGRATED_CURRENT_BEHAVIOR,ANALYSIS_CONTRACT_BASELINE_V1,,ex_28902b13,analysis_contract_baseline_v1.csv; identity inheritance per final closeout
OFI_00724,ex_28902b13,푸시업,OFI_GROUP,BODYWEIGHT_HORIZONTAL_PUSH,,LOCAL_REPEAT_DETECTION,0,1,MIGRATED_CURRENT_BEHAVIOR,ANALYSIS_CONTRACT_BASELINE_V1,,ex_28902b13,analysis_contract_baseline_v1.csv; identity inheritance per final closeout
OFI_00725,ex_28902b13,푸시업,OFI_GROUP,BODYWEIGHT_HORIZONTAL_PUSH,,STRENGTH_COMPARISON,0,1,MIGRATED_CURRENT_BEHAVIOR,ANALYSIS_CONTRACT_BASELINE_V1,,ex_28902b13,analysis_contract_baseline_v1.csv; identity inheritance per final closeout
OFI_00726,ex_28902b13,푸시업,OFI_GROUP,BODYWEIGHT_HORIZONTAL_PUSH,,WORKLOAD_BASELINE,0,1,MIGRATED_CURRENT_BEHAVIOR,ANALYSIS_CONTRACT_BASELINE_V1,,ex_28902b13,analysis_contract_baseline_v1.csv; identity inheritance per final closeout
OFI_00727,ex_28902b13,푸시업,OFI_SCORE,HIGH_FORCE_NEURAL,,,21,1,MIGRATED_CURRENT_BEHAVIOR,ANALYSIS_CONTRACT_BASELINE_V1,,ex_28902b13,analysis_contract_baseline_v1.csv; identity inheritance per final closeout
OFI_00728,ex_28902b13,푸시업,OFI_SCORE,HIGH_SPEED,,,21,1,MIGRATED_CURRENT_BEHAVIOR,ANALYSIS_CONTRACT_BASELINE_V1,,ex_28902b13,analysis_contract_baseline_v1.csv; identity inheritance per final closeout
OFI_00729,ex_28902b13,푸시업,OFI_SCORE,LOCAL_MUSCULAR,,,47,1,MIGRATED_CURRENT_BEHAVIOR,ANALYSIS_CONTRACT_BASELINE_V1,,ex_28902b13,analysis_contract_baseline_v1.csv; identity inheritance per final closeout
OFI_00730,ex_28902b13,푸시업,OFI_SCORE,REACTIVE,,,20,1,MIGRATED_CURRENT_BEHAVIOR,ANALYSIS_CONTRACT_BASELINE_V1,,ex_28902b13,analysis_contract_baseline_v1.csv; identity inheritance per final closeout
OFI_00731,ex_28902b13,푸시업,OFI_SCORE,SYSTEMIC_MUSCULAR,,,17,1,MIGRATED_CURRENT_BEHAVIOR,ANALYSIS_CONTRACT_BASELINE_V1,,ex_28902b13,analysis_contract_baseline_v1.csv; identity inheritance per final closeout
OFI_00732,ex_28902b13,푸시업,OFI_SNAPSHOT,SUMMARY,LOW,LOW,28,1,MIGRATED_CURRENT_BEHAVIOR,ANALYSIS_CONTRACT_BASELINE_V1,,ex_28902b13,analysis_contract_baseline_v1.csv; identity inheritance per final closeout
OFI_00733,ex_2892da5a,해머 컬,BADMINTON_FATIGUE_COST,LOW,,,0,1,MIGRATED_CURRENT_BEHAVIOR,ANALYSIS_CONTRACT_BASELINE_V1,,ex_2892da5a,analysis_contract_baseline_v1.csv; identity inheritance per final closeout
OFI_00734,ex_2892da5a,해머 컬,OFI_AXIS,HIGH_FORCE_NEURAL,,SHORT,17.1875,1,MIGRATED_CURRENT_BEHAVIOR,ANALYSIS_CONTRACT_BASELINE_V1,,ex_2892da5a,analysis_contract_baseline_v1.csv; identity inheritance per final closeout
OFI_00735,ex_2892da5a,해머 컬,OFI_AXIS,HIGH_SPEED,,SHORT,17.1875,1,MIGRATED_CURRENT_BEHAVIOR,ANALYSIS_CONTRACT_BASELINE_V1,,ex_2892da5a,analysis_contract_baseline_v1.csv; identity inheritance per final closeout
OFI_00736,ex_2892da5a,해머 컬,OFI_AXIS,LOCAL_MUSCULAR,,SHORT,58.4375,1,MIGRATED_CURRENT_BEHAVIOR,ANALYSIS_CONTRACT_BASELINE_V1,,ex_2892da5a,analysis_contract_baseline_v1.csv; identity inheritance per final closeout
OFI_00737,ex_2892da5a,해머 컬,OFI_AXIS,REACTIVE,,SHORT,15.625,1,MIGRATED_CURRENT_BEHAVIOR,ANALYSIS_CONTRACT_BASELINE_V1,,ex_2892da5a,analysis_contract_baseline_v1.csv; identity inheritance per final closeout
OFI_00738,ex_2892da5a,해머 컬,OFI_AXIS,SYSTEMIC_MUSCULAR,,SHORT,13.28125,1,MIGRATED_CURRENT_BEHAVIOR,ANALYSIS_CONTRACT_BASELINE_V1,,ex_2892da5a,analysis_contract_baseline_v1.csv; identity inheritance per final closeout
OFI_00739,ex_2892da5a,해머 컬,OFI_DOSE,VOLUME_LOAD,,THREE_CONFIRMED_SETS_20KG_8REPS_600SECONDS_RPE8,0,1,MIGRATED_CURRENT_BEHAVIOR,ANALYSIS_CONTRACT_BASELINE_V1,,ex_2892da5a,analysis_contract_baseline_v1.csv; identity inheritance per final closeout
OFI_00740,ex_2892da5a,해머 컬,OFI_GROUP,ELBOW_FLEXION_NEUTRAL_PRONATED_CURL,,LOCAL_REPEAT_DETECTION,0,1,MIGRATED_CURRENT_BEHAVIOR,ANALYSIS_CONTRACT_BASELINE_V1,,ex_2892da5a,analysis_contract_baseline_v1.csv; identity inheritance per final closeout
OFI_00741,ex_2892da5a,해머 컬,OFI_GROUP,ELBOW_FLEXION_NEUTRAL_PRONATED_CURL,,STRENGTH_COMPARISON,0,1,MIGRATED_CURRENT_BEHAVIOR,ANALYSIS_CONTRACT_BASELINE_V1,,ex_2892da5a,analysis_contract_baseline_v1.csv; identity inheritance per final closeout
OFI_00742,ex_2892da5a,해머 컬,OFI_GROUP,ELBOW_FLEXION_NEUTRAL_PRONATED_CURL,,WORKLOAD_BASELINE,0,1,MIGRATED_CURRENT_BEHAVIOR,ANALYSIS_CONTRACT_BASELINE_V1,,ex_2892da5a,analysis_contract_baseline_v1.csv; identity inheritance per final closeout
OFI_00743,ex_2892da5a,해머 컬,OFI_SCORE,HIGH_FORCE_NEURAL,,,21,1,MIGRATED_CURRENT_BEHAVIOR,ANALYSIS_CONTRACT_BASELINE_V1,,ex_2892da5a,analysis_contract_baseline_v1.csv; identity inheritance per final closeout
OFI_00744,ex_2892da5a,해머 컬,OFI_SCORE,HIGH_SPEED,,,21,1,MIGRATED_CURRENT_BEHAVIOR,ANALYSIS_CONTRACT_BASELINE_V1,,ex_2892da5a,analysis_contract_baseline_v1.csv; identity inheritance per final closeout
OFI_00745,ex_2892da5a,해머 컬,OFI_SCORE,LOCAL_MUSCULAR,,,73,1,MIGRATED_CURRENT_BEHAVIOR,ANALYSIS_CONTRACT_BASELINE_V1,,ex_2892da5a,analysis_contract_baseline_v1.csv; identity inheritance per final closeout
OFI_00746,ex_2892da5a,해머 컬,OFI_SCORE,REACTIVE,,,20,1,MIGRATED_CURRENT_BEHAVIOR,ANALYSIS_CONTRACT_BASELINE_V1,,ex_2892da5a,analysis_contract_baseline_v1.csv; identity inheritance per final closeout
OFI_00747,ex_2892da5a,해머 컬,OFI_SCORE,SYSTEMIC_MUSCULAR,,,17,1,MIGRATED_CURRENT_BEHAVIOR,ANALYSIS_CONTRACT_BASELINE_V1,,ex_2892da5a,analysis_contract_baseline_v1.csv; identity inheritance per final closeout
OFI_00748,ex_2892da5a,해머 컬,OFI_SNAPSHOT,SUMMARY,LOW,LOW,39,1,MIGRATED_CURRENT_BEHAVIOR,ANALYSIS_CONTRACT_BASELINE_V1,,ex_2892da5a,analysis_contract_baseline_v1.csv; identity inheritance per final closeout
OFI_00749,ex_2a826c82,할로우 바디 홀드,BADMINTON_FATIGUE_COST,HIGH,,,0,1,MIGRATED_CURRENT_BEHAVIOR,ANALYSIS_CONTRACT_BASELINE_V1,,ex_2a826c82,analysis_contract_baseline_v1.csv; identity inheritance per final closeout
OFI_00750,ex_2a826c82,할로우 바디 홀드,OFI_AXIS,HIGH_FORCE_NEURAL,,SHORT,17.1875,1,MIGRATED_CURRENT_BEHAVIOR,ANALYSIS_CONTRACT_BASELINE_V1,,ex_2a826c82,analysis_contract_baseline_v1.csv; identity inheritance per final closeout
OFI_00751,ex_2a826c82,할로우 바디 홀드,OFI_AXIS,HIGH_SPEED,,SHORT,17.1875,1,MIGRATED_CURRENT_BEHAVIOR,ANALYSIS_CONTRACT_BASELINE_V1,,ex_2a826c82,analysis_contract_baseline_v1.csv; identity inheritance per final closeout
OFI_00752,ex_2a826c82,할로우 바디 홀드,OFI_AXIS,LOCAL_MUSCULAR,,SHORT,37.8125,1,MIGRATED_CURRENT_BEHAVIOR,ANALYSIS_CONTRACT_BASELINE_V1,,ex_2a826c82,analysis_contract_baseline_v1.csv; identity inheritance per final closeout
OFI_00753,ex_2a826c82,할로우 바디 홀드,OFI_AXIS,REACTIVE,,SHORT,63.75,1,MIGRATED_CURRENT_BEHAVIOR,ANALYSIS_CONTRACT_BASELINE_V1,,ex_2a826c82,analysis_contract_baseline_v1.csv; identity inheritance per final closeout
OFI_00754,ex_2a826c82,할로우 바디 홀드,OFI_AXIS,SYSTEMIC_MUSCULAR,,SHORT,13.28125,1,MIGRATED_CURRENT_BEHAVIOR,ANALYSIS_CONTRACT_BASELINE_V1,,ex_2a826c82,analysis_contract_baseline_v1.csv; identity inheritance per final closeout
OFI_00755,ex_2a826c82,할로우 바디 홀드,OFI_DOSE,REPS_OR_TIME,,THREE_CONFIRMED_SETS_20KG_8REPS_600SECONDS_RPE8,0,1,MIGRATED_CURRENT_BEHAVIOR,ANALYSIS_CONTRACT_BASELINE_V1,,ex_2a826c82,analysis_contract_baseline_v1.csv; identity inheritance per final closeout
OFI_00756,ex_2a826c82,할로우 바디 홀드,OFI_GROUP,CORE_BRACING_CONTROL,,LOCAL_REPEAT_DETECTION,0,1,MIGRATED_CURRENT_BEHAVIOR,ANALYSIS_CONTRACT_BASELINE_V1,,ex_2a826c82,analysis_contract_baseline_v1.csv; identity inheritance per final closeout
OFI_00757,ex_2a826c82,할로우 바디 홀드,OFI_GROUP,CORE_BRACING_CONTROL,,STRENGTH_COMPARISON,0,1,MIGRATED_CURRENT_BEHAVIOR,ANALYSIS_CONTRACT_BASELINE_V1,,ex_2a826c82,analysis_contract_baseline_v1.csv; identity inheritance per final closeout
OFI_00758,ex_2a826c82,할로우 바디 홀드,OFI_GROUP,CORE_BRACING_CONTROL,,WORKLOAD_BASELINE,0,1,MIGRATED_CURRENT_BEHAVIOR,ANALYSIS_CONTRACT_BASELINE_V1,,ex_2a826c82,analysis_contract_baseline_v1.csv; identity inheritance per final closeout
OFI_00759,ex_2a826c82,할로우 바디 홀드,OFI_SCORE,HIGH_FORCE_NEURAL,,,21,1,MIGRATED_CURRENT_BEHAVIOR,ANALYSIS_CONTRACT_BASELINE_V1,,ex_2a826c82,analysis_contract_baseline_v1.csv; identity inheritance per final closeout
OFI_00760,ex_2a826c82,할로우 바디 홀드,OFI_SCORE,HIGH_SPEED,,,21,1,MIGRATED_CURRENT_BEHAVIOR,ANALYSIS_CONTRACT_BASELINE_V1,,ex_2a826c82,analysis_contract_baseline_v1.csv; identity inheritance per final closeout
OFI_00761,ex_2a826c82,할로우 바디 홀드,OFI_SCORE,LOCAL_MUSCULAR,,,47,1,MIGRATED_CURRENT_BEHAVIOR,ANALYSIS_CONTRACT_BASELINE_V1,,ex_2a826c82,analysis_contract_baseline_v1.csv; identity inheritance per final closeout
OFI_00762,ex_2a826c82,할로우 바디 홀드,OFI_SCORE,REACTIVE,,,80,1,MIGRATED_CURRENT_BEHAVIOR,ANALYSIS_CONTRACT_BASELINE_V1,,ex_2a826c82,analysis_contract_baseline_v1.csv; identity inheritance per final closeout
OFI_00763,ex_2a826c82,할로우 바디 홀드,OFI_SCORE,SYSTEMIC_MUSCULAR,,,17,1,MIGRATED_CURRENT_BEHAVIOR,ANALYSIS_CONTRACT_BASELINE_V1,,ex_2a826c82,analysis_contract_baseline_v1.csv; identity inheritance per final closeout
OFI_00764,ex_2a826c82,할로우 바디 홀드,OFI_SNAPSHOT,SUMMARY,NORMAL,LOW,57,1,MIGRATED_CURRENT_BEHAVIOR,ANALYSIS_CONTRACT_BASELINE_V1,,ex_2a826c82,analysis_contract_baseline_v1.csv; identity inheritance per final closeout
OFI_00765,ex_2f3b56d0,테니스,BADMINTON_FATIGUE_COST,HIGH,,,0,1,MIGRATED_CURRENT_BEHAVIOR,ANALYSIS_CONTRACT_BASELINE_V1,,ex_2f3b56d0,analysis_contract_baseline_v1.csv; identity inheritance per final closeout
OFI_00766,ex_2f3b56d0,테니스,OFI_AXIS,HIGH_FORCE_NEURAL,,LONG,17.1875,1,MIGRATED_CURRENT_BEHAVIOR,ANALYSIS_CONTRACT_BASELINE_V1,,ex_2f3b56d0,analysis_contract_baseline_v1.csv; identity inheritance per final closeout
OFI_00767,ex_2f3b56d0,테니스,OFI_AXIS,HIGH_SPEED,,LONG,70.125,1,MIGRATED_CURRENT_BEHAVIOR,ANALYSIS_CONTRACT_BASELINE_V1,,ex_2f3b56d0,analysis_contract_baseline_v1.csv; identity inheritance per final closeout
OFI_00768,ex_2f3b56d0,테니스,OFI_AXIS,LOCAL_MUSCULAR,,LONG,58.4375,1,MIGRATED_CURRENT_BEHAVIOR,ANALYSIS_CONTRACT_BASELINE_V1,,ex_2f3b56d0,analysis_contract_baseline_v1.csv; identity inheritance per final closeout
OFI_00769,ex_2f3b56d0,테니스,OFI_AXIS,REACTIVE,,LONG,93.75,1,MIGRATED_CURRENT_BEHAVIOR,ANALYSIS_CONTRACT_BASELINE_V1,,ex_2f3b56d0,analysis_contract_baseline_v1.csv; identity inheritance per final closeout
OFI_00770,ex_2f3b56d0,테니스,OFI_AXIS,SYSTEMIC_MUSCULAR,,LONG,63.75,1,MIGRATED_CURRENT_BEHAVIOR,ANALYSIS_CONTRACT_BASELINE_V1,,ex_2f3b56d0,analysis_contract_baseline_v1.csv; identity inheritance per final closeout
OFI_00771,ex_2f3b56d0,테니스,OFI_CAUTION,REACTIVE_CAUTION,,,0,1,MIGRATED_CURRENT_BEHAVIOR,ANALYSIS_CONTRACT_BASELINE_V1,,ex_2f3b56d0,analysis_contract_baseline_v1.csv; identity inheritance per final closeout
OFI_00772,ex_2f3b56d0,테니스,OFI_CAUTION,RECOVERY_DEBT_HIGH,,,0,1,MIGRATED_CURRENT_BEHAVIOR,ANALYSIS_CONTRACT_BASELINE_V1,,ex_2f3b56d0,analysis_contract_baseline_v1.csv; identity inheritance per final closeout
OFI_00773,ex_2f3b56d0,테니스,OFI_DOSE,SESSION_DURATION,,THREE_CONFIRMED_SETS_20KG_8REPS_600SECONDS_RPE8,0,1,MIGRATED_CURRENT_BEHAVIOR,ANALYSIS_CONTRACT_BASELINE_V1,,ex_2f3b56d0,analysis_contract_baseline_v1.csv; identity inheritance per final closeout
OFI_00774,ex_2f3b56d0,테니스,OFI_GROUP,NOT_APPLICABLE,,LOCAL_REPEAT_DETECTION,0,1,MIGRATED_CURRENT_BEHAVIOR,ANALYSIS_CONTRACT_BASELINE_V1,,ex_2f3b56d0,analysis_contract_baseline_v1.csv; identity inheritance per final closeout
OFI_00775,ex_2f3b56d0,테니스,OFI_GROUP,NOT_APPLICABLE,,STRENGTH_COMPARISON,0,1,MIGRATED_CURRENT_BEHAVIOR,ANALYSIS_CONTRACT_BASELINE_V1,,ex_2f3b56d0,analysis_contract_baseline_v1.csv; identity inheritance per final closeout
OFI_00776,ex_2f3b56d0,테니스,OFI_GROUP,NOT_APPLICABLE,,WORKLOAD_BASELINE,0,1,MIGRATED_CURRENT_BEHAVIOR,ANALYSIS_CONTRACT_BASELINE_V1,,ex_2f3b56d0,analysis_contract_baseline_v1.csv; identity inheritance per final closeout
OFI_00777,ex_2f3b56d0,테니스,OFI_SCORE,HIGH_FORCE_NEURAL,,,21,1,MIGRATED_CURRENT_BEHAVIOR,ANALYSIS_CONTRACT_BASELINE_V1,,ex_2f3b56d0,analysis_contract_baseline_v1.csv; identity inheritance per final closeout
OFI_00778,ex_2f3b56d0,테니스,OFI_SCORE,HIGH_SPEED,,,88,1,MIGRATED_CURRENT_BEHAVIOR,ANALYSIS_CONTRACT_BASELINE_V1,,ex_2f3b56d0,analysis_contract_baseline_v1.csv; identity inheritance per final closeout
OFI_00779,ex_2f3b56d0,테니스,OFI_SCORE,LOCAL_MUSCULAR,,,73,1,MIGRATED_CURRENT_BEHAVIOR,ANALYSIS_CONTRACT_BASELINE_V1,,ex_2f3b56d0,analysis_contract_baseline_v1.csv; identity inheritance per final closeout
OFI_00780,ex_2f3b56d0,테니스,OFI_SCORE,REACTIVE,,,100,1,MIGRATED_CURRENT_BEHAVIOR,ANALYSIS_CONTRACT_BASELINE_V1,,ex_2f3b56d0,analysis_contract_baseline_v1.csv; identity inheritance per final closeout
OFI_00781,ex_2f3b56d0,테니스,OFI_SCORE,SYSTEMIC_MUSCULAR,,,80,1,MIGRATED_CURRENT_BEHAVIOR,ANALYSIS_CONTRACT_BASELINE_V1,,ex_2f3b56d0,analysis_contract_baseline_v1.csv; identity inheritance per final closeout
OFI_00782,ex_2f3b56d0,테니스,OFI_SNAPSHOT,SUMMARY,CAUTION,LOW,88,1,MIGRATED_CURRENT_BEHAVIOR,ANALYSIS_CONTRACT_BASELINE_V1,,ex_2f3b56d0,analysis_contract_baseline_v1.csv; identity inheritance per final closeout
OFI_00783,ex_30a0e9aa,원암 덤벨 로우,BADMINTON_FATIGUE_COST,MEDIUM,,,0,1,MIGRATED_CURRENT_BEHAVIOR,ANALYSIS_CONTRACT_BASELINE_V1,,ex_30a0e9aa,analysis_contract_baseline_v1.csv; identity inheritance per final closeout
OFI_00784,ex_30a0e9aa,원암 덤벨 로우,OFI_AXIS,HIGH_FORCE_NEURAL,,MEDIUM,37.8125,1,MIGRATED_CURRENT_BEHAVIOR,ANALYSIS_CONTRACT_BASELINE_V1,,ex_30a0e9aa,analysis_contract_baseline_v1.csv; identity inheritance per final closeout
OFI_00785,ex_30a0e9aa,원암 덤벨 로우,OFI_AXIS,HIGH_SPEED,,MEDIUM,17.1875,1,MIGRATED_CURRENT_BEHAVIOR,ANALYSIS_CONTRACT_BASELINE_V1,,ex_30a0e9aa,analysis_contract_baseline_v1.csv; identity inheritance per final closeout
OFI_00786,ex_30a0e9aa,원암 덤벨 로우,OFI_AXIS,LOCAL_MUSCULAR,,MEDIUM,58.4375,1,MIGRATED_CURRENT_BEHAVIOR,ANALYSIS_CONTRACT_BASELINE_V1,,ex_30a0e9aa,analysis_contract_baseline_v1.csv; identity inheritance per final closeout
OFI_00787,ex_30a0e9aa,원암 덤벨 로우,OFI_AXIS,REACTIVE,,MEDIUM,15.625,1,MIGRATED_CURRENT_BEHAVIOR,ANALYSIS_CONTRACT_BASELINE_V1,,ex_30a0e9aa,analysis_contract_baseline_v1.csv; identity inheritance per final closeout
OFI_00788,ex_30a0e9aa,원암 덤벨 로우,OFI_AXIS,SYSTEMIC_MUSCULAR,,MEDIUM,34.375,1,MIGRATED_CURRENT_BEHAVIOR,ANALYSIS_CONTRACT_BASELINE_V1,,ex_30a0e9aa,analysis_contract_baseline_v1.csv; identity inheritance per final closeout
OFI_00789,ex_30a0e9aa,원암 덤벨 로우,OFI_DOSE,VOLUME_LOAD,,THREE_CONFIRMED_SETS_20KG_8REPS_600SECONDS_RPE8,0,1,MIGRATED_CURRENT_BEHAVIOR,ANALYSIS_CONTRACT_BASELINE_V1,,ex_30a0e9aa,analysis_contract_baseline_v1.csv; identity inheritance per final closeout
OFI_00790,ex_30a0e9aa,원암 덤벨 로우,OFI_GROUP,HORIZONTAL_PULL_COMPOUND,,LOCAL_REPEAT_DETECTION,0,1,MIGRATED_CURRENT_BEHAVIOR,ANALYSIS_CONTRACT_BASELINE_V1,,ex_30a0e9aa,analysis_contract_baseline_v1.csv; identity inheritance per final closeout
OFI_00791,ex_30a0e9aa,원암 덤벨 로우,OFI_GROUP,HORIZONTAL_PULL_COMPOUND,,STRENGTH_COMPARISON,0,1,MIGRATED_CURRENT_BEHAVIOR,ANALYSIS_CONTRACT_BASELINE_V1,,ex_30a0e9aa,analysis_contract_baseline_v1.csv; identity inheritance per final closeout
OFI_00792,ex_30a0e9aa,원암 덤벨 로우,OFI_GROUP,HORIZONTAL_PULL_COMPOUND,,WORKLOAD_BASELINE,0,1,MIGRATED_CURRENT_BEHAVIOR,ANALYSIS_CONTRACT_BASELINE_V1,,ex_30a0e9aa,analysis_contract_baseline_v1.csv; identity inheritance per final closeout
OFI_00793,ex_30a0e9aa,원암 덤벨 로우,OFI_SCORE,HIGH_FORCE_NEURAL,,,47,1,MIGRATED_CURRENT_BEHAVIOR,ANALYSIS_CONTRACT_BASELINE_V1,,ex_30a0e9aa,analysis_contract_baseline_v1.csv; identity inheritance per final closeout
OFI_00794,ex_30a0e9aa,원암 덤벨 로우,OFI_SCORE,HIGH_SPEED,,,21,1,MIGRATED_CURRENT_BEHAVIOR,ANALYSIS_CONTRACT_BASELINE_V1,,ex_30a0e9aa,analysis_contract_baseline_v1.csv; identity inheritance per final closeout
OFI_00795,ex_30a0e9aa,원암 덤벨 로우,OFI_SCORE,LOCAL_MUSCULAR,,,73,1,MIGRATED_CURRENT_BEHAVIOR,ANALYSIS_CONTRACT_BASELINE_V1,,ex_30a0e9aa,analysis_contract_baseline_v1.csv; identity inheritance per final closeout
OFI_00796,ex_30a0e9aa,원암 덤벨 로우,OFI_SCORE,REACTIVE,,,20,1,MIGRATED_CURRENT_BEHAVIOR,ANALYSIS_CONTRACT_BASELINE_V1,,ex_30a0e9aa,analysis_contract_baseline_v1.csv; identity inheritance per final closeout
OFI_00797,ex_30a0e9aa,원암 덤벨 로우,OFI_SCORE,SYSTEMIC_MUSCULAR,,,43,1,MIGRATED_CURRENT_BEHAVIOR,ANALYSIS_CONTRACT_BASELINE_V1,,ex_30a0e9aa,analysis_contract_baseline_v1.csv; identity inheritance per final closeout
OFI_00798,ex_30a0e9aa,원암 덤벨 로우,OFI_SNAPSHOT,SUMMARY,NORMAL,LOW,44,1,MIGRATED_CURRENT_BEHAVIOR,ANALYSIS_CONTRACT_BASELINE_V1,,ex_30a0e9aa,analysis_contract_baseline_v1.csv; identity inheritance per final closeout
OFI_00799,ex_314df428,원레그 홉 투 스틱,BADMINTON_FATIGUE_COST,HIGH,,,0,1,MIGRATED_CURRENT_BEHAVIOR,ANALYSIS_CONTRACT_BASELINE_V1,,ex_314df428,analysis_contract_baseline_v1.csv; identity inheritance per final closeout
OFI_00800,ex_314df428,원레그 홉 투 스틱,OFI_AXIS,HIGH_FORCE_NEURAL,,LONG,17.1875,1,MIGRATED_CURRENT_BEHAVIOR,ANALYSIS_CONTRACT_BASELINE_V1,,ex_314df428,analysis_contract_baseline_v1.csv; identity inheritance per final closeout
OFI_00801,ex_314df428,원레그 홉 투 스틱,OFI_AXIS,HIGH_SPEED,,LONG,70.125,1,MIGRATED_CURRENT_BEHAVIOR,ANALYSIS_CONTRACT_BASELINE_V1,,ex_314df428,analysis_contract_baseline_v1.csv; identity inheritance per final closeout
OFI_00802,ex_314df428,원레그 홉 투 스틱,OFI_AXIS,LOCAL_MUSCULAR,,LONG,58.4375,1,MIGRATED_CURRENT_BEHAVIOR,ANALYSIS_CONTRACT_BASELINE_V1,,ex_314df428,analysis_contract_baseline_v1.csv; identity inheritance per final closeout
OFI_00803,ex_314df428,원레그 홉 투 스틱,OFI_AXIS,REACTIVE,,LONG,63.75,1,MIGRATED_CURRENT_BEHAVIOR,ANALYSIS_CONTRACT_BASELINE_V1,,ex_314df428,analysis_contract_baseline_v1.csv; identity inheritance per final closeout
OFI_00804,ex_314df428,원레그 홉 투 스틱,OFI_AXIS,SYSTEMIC_MUSCULAR,,LONG,53.125,1,MIGRATED_CURRENT_BEHAVIOR,ANALYSIS_CONTRACT_BASELINE_V1,,ex_314df428,analysis_contract_baseline_v1.csv; identity inheritance per final closeout
OFI_00805,ex_314df428,원레그 홉 투 스틱,OFI_DOSE,QUALITY_BASED,,THREE_CONFIRMED_SETS_20KG_8REPS_600SECONDS_RPE8,0,1,MIGRATED_CURRENT_BEHAVIOR,ANALYSIS_CONTRACT_BASELINE_V1,,ex_314df428,analysis_contract_baseline_v1.csv; identity inheritance per final closeout
OFI_00806,ex_314df428,원레그 홉 투 스틱,OFI_GROUP,NOT_APPLICABLE,,STRENGTH_COMPARISON,0,1,MIGRATED_CURRENT_BEHAVIOR,ANALYSIS_CONTRACT_BASELINE_V1,,ex_314df428,analysis_contract_baseline_v1.csv; identity inheritance per final closeout
OFI_00807,ex_314df428,원레그 홉 투 스틱,OFI_GROUP,NOT_APPLICABLE,,WORKLOAD_BASELINE,0,1,MIGRATED_CURRENT_BEHAVIOR,ANALYSIS_CONTRACT_BASELINE_V1,,ex_314df428,analysis_contract_baseline_v1.csv; identity inheritance per final closeout
OFI_00808,ex_314df428,원레그 홉 투 스틱,OFI_GROUP,VERTICAL_JUMP_SSC,,LOCAL_REPEAT_DETECTION,0,1,MIGRATED_CURRENT_BEHAVIOR,ANALYSIS_CONTRACT_BASELINE_V1,,ex_314df428,analysis_contract_baseline_v1.csv; identity inheritance per final closeout
OFI_00809,ex_314df428,원레그 홉 투 스틱,OFI_SCORE,HIGH_FORCE_NEURAL,,,21,1,MIGRATED_CURRENT_BEHAVIOR,ANALYSIS_CONTRACT_BASELINE_V1,,ex_314df428,analysis_contract_baseline_v1.csv; identity inheritance per final closeout
OFI_00810,ex_314df428,원레그 홉 투 스틱,OFI_SCORE,HIGH_SPEED,,,88,1,MIGRATED_CURRENT_BEHAVIOR,ANALYSIS_CONTRACT_BASELINE_V1,,ex_314df428,analysis_contract_baseline_v1.csv; identity inheritance per final closeout
OFI_00811,ex_314df428,원레그 홉 투 스틱,OFI_SCORE,LOCAL_MUSCULAR,,,73,1,MIGRATED_CURRENT_BEHAVIOR,ANALYSIS_CONTRACT_BASELINE_V1,,ex_314df428,analysis_contract_baseline_v1.csv; identity inheritance per final closeout
OFI_00812,ex_314df428,원레그 홉 투 스틱,OFI_SCORE,REACTIVE,,,80,1,MIGRATED_CURRENT_BEHAVIOR,ANALYSIS_CONTRACT_BASELINE_V1,,ex_314df428,analysis_contract_baseline_v1.csv; identity inheritance per final closeout
OFI_00813,ex_314df428,원레그 홉 투 스틱,OFI_SCORE,SYSTEMIC_MUSCULAR,,,66,1,MIGRATED_CURRENT_BEHAVIOR,ANALYSIS_CONTRACT_BASELINE_V1,,ex_314df428,analysis_contract_baseline_v1.csv; identity inheritance per final closeout
OFI_00814,ex_314df428,원레그 홉 투 스틱,OFI_SNAPSHOT,SUMMARY,ELEVATED,LOW,76,1,MIGRATED_CURRENT_BEHAVIOR,ANALYSIS_CONTRACT_BASELINE_V1,,ex_314df428,analysis_contract_baseline_v1.csv; identity inheritance per final closeout
OFI_00815,ex_32219f7a,오버헤드 프레스,BADMINTON_FATIGUE_COST,VERY_HIGH,,,0,1,MIGRATED_CURRENT_BEHAVIOR,ANALYSIS_CONTRACT_BASELINE_V1,,ex_32219f7a,analysis_contract_baseline_v1.csv; identity inheritance per final closeout
OFI_00816,ex_32219f7a,오버헤드 프레스,OFI_AXIS,HIGH_FORCE_NEURAL,,MEDIUM,37.8125,1,MIGRATED_CURRENT_BEHAVIOR,ANALYSIS_CONTRACT_BASELINE_V1,,ex_32219f7a,analysis_contract_baseline_v1.csv; identity inheritance per final closeout
OFI_00817,ex_32219f7a,오버헤드 프레스,OFI_AXIS,HIGH_SPEED,,MEDIUM,17.1875,1,MIGRATED_CURRENT_BEHAVIOR,ANALYSIS_CONTRACT_BASELINE_V1,,ex_32219f7a,analysis_contract_baseline_v1.csv; identity inheritance per final closeout
OFI_00818,ex_32219f7a,오버헤드 프레스,OFI_AXIS,LOCAL_MUSCULAR,,MEDIUM,58.4375,1,MIGRATED_CURRENT_BEHAVIOR,ANALYSIS_CONTRACT_BASELINE_V1,,ex_32219f7a,analysis_contract_baseline_v1.csv; identity inheritance per final closeout
OFI_00819,ex_32219f7a,오버헤드 프레스,OFI_AXIS,REACTIVE,,MEDIUM,15.625,1,MIGRATED_CURRENT_BEHAVIOR,ANALYSIS_CONTRACT_BASELINE_V1,,ex_32219f7a,analysis_contract_baseline_v1.csv; identity inheritance per final closeout
OFI_00820,ex_32219f7a,오버헤드 프레스,OFI_AXIS,SYSTEMIC_MUSCULAR,,MEDIUM,29.21875,1,MIGRATED_CURRENT_BEHAVIOR,ANALYSIS_CONTRACT_BASELINE_V1,,ex_32219f7a,analysis_contract_baseline_v1.csv; identity inheritance per final closeout
OFI_00821,ex_32219f7a,오버헤드 프레스,OFI_DOSE,LOAD_REPS,,THREE_CONFIRMED_SETS_20KG_8REPS_600SECONDS_RPE8,0,1,MIGRATED_CURRENT_BEHAVIOR,ANALYSIS_CONTRACT_BASELINE_V1,,ex_32219f7a,analysis_contract_baseline_v1.csv; identity inheritance per final closeout
OFI_00822,ex_32219f7a,오버헤드 프레스,OFI_GROUP,OVERHEAD_PRESS_SHOULDER_DOMINANT,,LOCAL_REPEAT_DETECTION,0,1,MIGRATED_CURRENT_BEHAVIOR,ANALYSIS_CONTRACT_BASELINE_V1,,ex_32219f7a,analysis_contract_baseline_v1.csv; identity inheritance per final closeout
OFI_00823,ex_32219f7a,오버헤드 프레스,OFI_GROUP,OVERHEAD_PRESS_SHOULDER_DOMINANT,,STRENGTH_COMPARISON,0,1,MIGRATED_CURRENT_BEHAVIOR,ANALYSIS_CONTRACT_BASELINE_V1,,ex_32219f7a,analysis_contract_baseline_v1.csv; identity inheritance per final closeout
OFI_00824,ex_32219f7a,오버헤드 프레스,OFI_GROUP,OVERHEAD_PRESS_SHOULDER_DOMINANT,,WORKLOAD_BASELINE,0,1,MIGRATED_CURRENT_BEHAVIOR,ANALYSIS_CONTRACT_BASELINE_V1,,ex_32219f7a,analysis_contract_baseline_v1.csv; identity inheritance per final closeout
OFI_00825,ex_32219f7a,오버헤드 프레스,OFI_SCORE,HIGH_FORCE_NEURAL,,,47,1,MIGRATED_CURRENT_BEHAVIOR,ANALYSIS_CONTRACT_BASELINE_V1,,ex_32219f7a,analysis_contract_baseline_v1.csv; identity inheritance per final closeout
OFI_00826,ex_32219f7a,오버헤드 프레스,OFI_SCORE,HIGH_SPEED,,,21,1,MIGRATED_CURRENT_BEHAVIOR,ANALYSIS_CONTRACT_BASELINE_V1,,ex_32219f7a,analysis_contract_baseline_v1.csv; identity inheritance per final closeout
OFI_00827,ex_32219f7a,오버헤드 프레스,OFI_SCORE,LOCAL_MUSCULAR,,,73,1,MIGRATED_CURRENT_BEHAVIOR,ANALYSIS_CONTRACT_BASELINE_V1,,ex_32219f7a,analysis_contract_baseline_v1.csv; identity inheritance per final closeout
OFI_00828,ex_32219f7a,오버헤드 프레스,OFI_SCORE,REACTIVE,,,20,1,MIGRATED_CURRENT_BEHAVIOR,ANALYSIS_CONTRACT_BASELINE_V1,,ex_32219f7a,analysis_contract_baseline_v1.csv; identity inheritance per final closeout
OFI_00829,ex_32219f7a,오버헤드 프레스,OFI_SCORE,SYSTEMIC_MUSCULAR,,,37,1,MIGRATED_CURRENT_BEHAVIOR,ANALYSIS_CONTRACT_BASELINE_V1,,ex_32219f7a,analysis_contract_baseline_v1.csv; identity inheritance per final closeout
OFI_00830,ex_32219f7a,오버헤드 프레스,OFI_SNAPSHOT,SUMMARY,NORMAL,LOW,43,1,MIGRATED_CURRENT_BEHAVIOR,ANALYSIS_CONTRACT_BASELINE_V1,,ex_32219f7a,analysis_contract_baseline_v1.csv; identity inheritance per final closeout
OFI_00831,ex_32eb8457,원암 랫풀다운,BADMINTON_FATIGUE_COST,MEDIUM,,,0,1,MIGRATED_CURRENT_BEHAVIOR,ANALYSIS_CONTRACT_BASELINE_V1,,ex_32eb8457,analysis_contract_baseline_v1.csv; identity inheritance per final closeout
OFI_00832,ex_32eb8457,원암 랫풀다운,OFI_AXIS,HIGH_FORCE_NEURAL,,MEDIUM,37.8125,1,MIGRATED_CURRENT_BEHAVIOR,ANALYSIS_CONTRACT_BASELINE_V1,,ex_32eb8457,analysis_contract_baseline_v1.csv; identity inheritance per final closeout
OFI_00833,ex_32eb8457,원암 랫풀다운,OFI_AXIS,HIGH_SPEED,,MEDIUM,17.1875,1,MIGRATED_CURRENT_BEHAVIOR,ANALYSIS_CONTRACT_BASELINE_V1,,ex_32eb8457,analysis_contract_baseline_v1.csv; identity inheritance per final closeout
OFI_00834,ex_32eb8457,원암 랫풀다운,OFI_AXIS,LOCAL_MUSCULAR,,MEDIUM,58.4375,1,MIGRATED_CURRENT_BEHAVIOR,ANALYSIS_CONTRACT_BASELINE_V1,,ex_32eb8457,analysis_contract_baseline_v1.csv; identity inheritance per final closeout
OFI_00835,ex_32eb8457,원암 랫풀다운,OFI_AXIS,REACTIVE,,MEDIUM,15.625,1,MIGRATED_CURRENT_BEHAVIOR,ANALYSIS_CONTRACT_BASELINE_V1,,ex_32eb8457,analysis_contract_baseline_v1.csv; identity inheritance per final closeout
OFI_00836,ex_32eb8457,원암 랫풀다운,OFI_AXIS,SYSTEMIC_MUSCULAR,,MEDIUM,34.375,1,MIGRATED_CURRENT_BEHAVIOR,ANALYSIS_CONTRACT_BASELINE_V1,,ex_32eb8457,analysis_contract_baseline_v1.csv; identity inheritance per final closeout
OFI_00837,ex_32eb8457,원암 랫풀다운,OFI_DOSE,VOLUME_LOAD,,THREE_CONFIRMED_SETS_20KG_8REPS_600SECONDS_RPE8,0,1,MIGRATED_CURRENT_BEHAVIOR,ANALYSIS_CONTRACT_BASELINE_V1,,ex_32eb8457,analysis_contract_baseline_v1.csv; identity inheritance per final closeout
OFI_00838,ex_32eb8457,원암 랫풀다운,OFI_GROUP,VERTICAL_PULL_COMPOUND,,LOCAL_REPEAT_DETECTION,0,1,MIGRATED_CURRENT_BEHAVIOR,ANALYSIS_CONTRACT_BASELINE_V1,,ex_32eb8457,analysis_contract_baseline_v1.csv; identity inheritance per final closeout
OFI_00839,ex_32eb8457,원암 랫풀다운,OFI_GROUP,VERTICAL_PULL_COMPOUND,,STRENGTH_COMPARISON,0,1,MIGRATED_CURRENT_BEHAVIOR,ANALYSIS_CONTRACT_BASELINE_V1,,ex_32eb8457,analysis_contract_baseline_v1.csv; identity inheritance per final closeout
OFI_00840,ex_32eb8457,원암 랫풀다운,OFI_GROUP,VERTICAL_PULL_COMPOUND,,WORKLOAD_BASELINE,0,1,MIGRATED_CURRENT_BEHAVIOR,ANALYSIS_CONTRACT_BASELINE_V1,,ex_32eb8457,analysis_contract_baseline_v1.csv; identity inheritance per final closeout
OFI_00841,ex_32eb8457,원암 랫풀다운,OFI_SCORE,HIGH_FORCE_NEURAL,,,47,1,MIGRATED_CURRENT_BEHAVIOR,ANALYSIS_CONTRACT_BASELINE_V1,,ex_32eb8457,analysis_contract_baseline_v1.csv; identity inheritance per final closeout
OFI_00842,ex_32eb8457,원암 랫풀다운,OFI_SCORE,HIGH_SPEED,,,21,1,MIGRATED_CURRENT_BEHAVIOR,ANALYSIS_CONTRACT_BASELINE_V1,,ex_32eb8457,analysis_contract_baseline_v1.csv; identity inheritance per final closeout
OFI_00843,ex_32eb8457,원암 랫풀다운,OFI_SCORE,LOCAL_MUSCULAR,,,73,1,MIGRATED_CURRENT_BEHAVIOR,ANALYSIS_CONTRACT_BASELINE_V1,,ex_32eb8457,analysis_contract_baseline_v1.csv; identity inheritance per final closeout
OFI_00844,ex_32eb8457,원암 랫풀다운,OFI_SCORE,REACTIVE,,,20,1,MIGRATED_CURRENT_BEHAVIOR,ANALYSIS_CONTRACT_BASELINE_V1,,ex_32eb8457,analysis_contract_baseline_v1.csv; identity inheritance per final closeout
OFI_00845,ex_32eb8457,원암 랫풀다운,OFI_SCORE,SYSTEMIC_MUSCULAR,,,43,1,MIGRATED_CURRENT_BEHAVIOR,ANALYSIS_CONTRACT_BASELINE_V1,,ex_32eb8457,analysis_contract_baseline_v1.csv; identity inheritance per final closeout
OFI_00846,ex_32eb8457,원암 랫풀다운,OFI_SNAPSHOT,SUMMARY,NORMAL,LOW,44,1,MIGRATED_CURRENT_BEHAVIOR,ANALYSIS_CONTRACT_BASELINE_V1,,ex_32eb8457,analysis_contract_baseline_v1.csv; identity inheritance per final closeout
OFI_00847,ex_33841b88,6코너 풋워크,BADMINTON_FATIGUE_COST,HIGH,,,0,1,MIGRATED_CURRENT_BEHAVIOR,ANALYSIS_CONTRACT_BASELINE_V1,,ex_33841b88,analysis_contract_baseline_v1.csv; identity inheritance per final closeout
OFI_00848,ex_33841b88,6코너 풋워크,OFI_AXIS,HIGH_FORCE_NEURAL,,MEDIUM,17.1875,1,MIGRATED_CURRENT_BEHAVIOR,ANALYSIS_CONTRACT_BASELINE_V1,,ex_33841b88,analysis_contract_baseline_v1.csv; identity inheritance per final closeout
OFI_00849,ex_33841b88,6코너 풋워크,OFI_AXIS,HIGH_SPEED,,MEDIUM,85.9375,1,MIGRATED_CURRENT_BEHAVIOR,ANALYSIS_CONTRACT_BASELINE_V1,,ex_33841b88,analysis_contract_baseline_v1.csv; identity inheritance per final closeout
OFI_00850,ex_33841b88,6코너 풋워크,OFI_AXIS,LOCAL_MUSCULAR,,MEDIUM,58.4375,1,MIGRATED_CURRENT_BEHAVIOR,ANALYSIS_CONTRACT_BASELINE_V1,,ex_33841b88,analysis_contract_baseline_v1.csv; identity inheritance per final closeout
OFI_00851,ex_33841b88,6코너 풋워크,OFI_AXIS,REACTIVE,,MEDIUM,93.75,1,MIGRATED_CURRENT_BEHAVIOR,ANALYSIS_CONTRACT_BASELINE_V1,,ex_33841b88,analysis_contract_baseline_v1.csv; identity inheritance per final closeout
OFI_00852,ex_33841b88,6코너 풋워크,OFI_AXIS,SYSTEMIC_MUSCULAR,,MEDIUM,53.125,1,MIGRATED_CURRENT_BEHAVIOR,ANALYSIS_CONTRACT_BASELINE_V1,,ex_33841b88,analysis_contract_baseline_v1.csv; identity inheritance per final closeout
OFI_00853,ex_33841b88,6코너 풋워크,OFI_CAUTION,HIGH_SPEED_CAUTION,,,0,1,MIGRATED_CURRENT_BEHAVIOR,ANALYSIS_CONTRACT_BASELINE_V1,,ex_33841b88,analysis_contract_baseline_v1.csv; identity inheritance per final closeout
OFI_00854,ex_33841b88,6코너 풋워크,OFI_CAUTION,REACTIVE_CAUTION,,,0,1,MIGRATED_CURRENT_BEHAVIOR,ANALYSIS_CONTRACT_BASELINE_V1,,ex_33841b88,analysis_contract_baseline_v1.csv; identity inheritance per final closeout
OFI_00855,ex_33841b88,6코너 풋워크,OFI_DOSE,DISTANCE_OR_TIME,,THREE_CONFIRMED_SETS_20KG_8REPS_600SECONDS_RPE8,0,1,MIGRATED_CURRENT_BEHAVIOR,ANALYSIS_CONTRACT_BASELINE_V1,,ex_33841b88,analysis_contract_baseline_v1.csv; identity inheritance per final closeout
OFI_00856,ex_33841b88,6코너 풋워크,OFI_GROUP,BADMINTON_COURT_FOOTWORK,,LOCAL_REPEAT_DETECTION,0,1,MIGRATED_CURRENT_BEHAVIOR,ANALYSIS_CONTRACT_BASELINE_V1,,ex_33841b88,analysis_contract_baseline_v1.csv; identity inheritance per final closeout
OFI_00857,ex_33841b88,6코너 풋워크,OFI_GROUP,NOT_APPLICABLE,,STRENGTH_COMPARISON,0,1,MIGRATED_CURRENT_BEHAVIOR,ANALYSIS_CONTRACT_BASELINE_V1,,ex_33841b88,analysis_contract_baseline_v1.csv; identity inheritance per final closeout
OFI_00858,ex_33841b88,6코너 풋워크,OFI_GROUP,NOT_APPLICABLE,,WORKLOAD_BASELINE,0,1,MIGRATED_CURRENT_BEHAVIOR,ANALYSIS_CONTRACT_BASELINE_V1,,ex_33841b88,analysis_contract_baseline_v1.csv; identity inheritance per final closeout
OFI_00859,ex_33841b88,6코너 풋워크,OFI_SCORE,HIGH_FORCE_NEURAL,,,21,1,MIGRATED_CURRENT_BEHAVIOR,ANALYSIS_CONTRACT_BASELINE_V1,,ex_33841b88,analysis_contract_baseline_v1.csv; identity inheritance per final closeout
OFI_00860,ex_33841b88,6코너 풋워크,OFI_SCORE,HIGH_SPEED,,,100,1,MIGRATED_CURRENT_BEHAVIOR,ANALYSIS_CONTRACT_BASELINE_V1,,ex_33841b88,analysis_contract_baseline_v1.csv; identity inheritance per final closeout
OFI_00861,ex_33841b88,6코너 풋워크,OFI_SCORE,LOCAL_MUSCULAR,,,73,1,MIGRATED_CURRENT_BEHAVIOR,ANALYSIS_CONTRACT_BASELINE_V1,,ex_33841b88,analysis_contract_baseline_v1.csv; identity inheritance per final closeout
OFI_00862,ex_33841b88,6코너 풋워크,OFI_SCORE,REACTIVE,,,100,1,MIGRATED_CURRENT_BEHAVIOR,ANALYSIS_CONTRACT_BASELINE_V1,,ex_33841b88,analysis_contract_baseline_v1.csv; identity inheritance per final closeout
OFI_00863,ex_33841b88,6코너 풋워크,OFI_SCORE,SYSTEMIC_MUSCULAR,,,66,1,MIGRATED_CURRENT_BEHAVIOR,ANALYSIS_CONTRACT_BASELINE_V1,,ex_33841b88,analysis_contract_baseline_v1.csv; identity inheritance per final closeout
OFI_00864,ex_33841b88,6코너 풋워크,OFI_SNAPSHOT,SUMMARY,ELEVATED,LOW,83,1,MIGRATED_CURRENT_BEHAVIOR,ANALYSIS_CONTRACT_BASELINE_V1,,ex_33841b88,analysis_contract_baseline_v1.csv; identity inheritance per final closeout
OFI_00865,ex_33d2da8e,원암 머신 로우,BADMINTON_FATIGUE_COST,MEDIUM,,,0,1,MIGRATED_CURRENT_BEHAVIOR,ANALYSIS_CONTRACT_BASELINE_V1,,ex_33d2da8e,analysis_contract_baseline_v1.csv; identity inheritance per final closeout
OFI_00866,ex_33d2da8e,원암 머신 로우,OFI_AXIS,HIGH_FORCE_NEURAL,,MEDIUM,37.8125,1,MIGRATED_CURRENT_BEHAVIOR,ANALYSIS_CONTRACT_BASELINE_V1,,ex_33d2da8e,analysis_contract_baseline_v1.csv; identity inheritance per final closeout
OFI_00867,ex_33d2da8e,원암 머신 로우,OFI_AXIS,HIGH_SPEED,,MEDIUM,17.1875,1,MIGRATED_CURRENT_BEHAVIOR,ANALYSIS_CONTRACT_BASELINE_V1,,ex_33d2da8e,analysis_contract_baseline_v1.csv; identity inheritance per final closeout
OFI_00868,ex_33d2da8e,원암 머신 로우,OFI_AXIS,LOCAL_MUSCULAR,,MEDIUM,58.4375,1,MIGRATED_CURRENT_BEHAVIOR,ANALYSIS_CONTRACT_BASELINE_V1,,ex_33d2da8e,analysis_contract_baseline_v1.csv; identity inheritance per final closeout
OFI_00869,ex_33d2da8e,원암 머신 로우,OFI_AXIS,REACTIVE,,MEDIUM,15.625,1,MIGRATED_CURRENT_BEHAVIOR,ANALYSIS_CONTRACT_BASELINE_V1,,ex_33d2da8e,analysis_contract_baseline_v1.csv; identity inheritance per final closeout
OFI_00870,ex_33d2da8e,원암 머신 로우,OFI_AXIS,SYSTEMIC_MUSCULAR,,MEDIUM,34.375,1,MIGRATED_CURRENT_BEHAVIOR,ANALYSIS_CONTRACT_BASELINE_V1,,ex_33d2da8e,analysis_contract_baseline_v1.csv; identity inheritance per final closeout
OFI_00871,ex_33d2da8e,원암 머신 로우,OFI_DOSE,VOLUME_LOAD,,THREE_CONFIRMED_SETS_20KG_8REPS_600SECONDS_RPE8,0,1,MIGRATED_CURRENT_BEHAVIOR,ANALYSIS_CONTRACT_BASELINE_V1,,ex_33d2da8e,analysis_contract_baseline_v1.csv; identity inheritance per final closeout
OFI_00872,ex_33d2da8e,원암 머신 로우,OFI_GROUP,HORIZONTAL_PULL_COMPOUND,,LOCAL_REPEAT_DETECTION,0,1,MIGRATED_CURRENT_BEHAVIOR,ANALYSIS_CONTRACT_BASELINE_V1,,ex_33d2da8e,analysis_contract_baseline_v1.csv; identity inheritance per final closeout
OFI_00873,ex_33d2da8e,원암 머신 로우,OFI_GROUP,HORIZONTAL_PULL_COMPOUND,,STRENGTH_COMPARISON,0,1,MIGRATED_CURRENT_BEHAVIOR,ANALYSIS_CONTRACT_BASELINE_V1,,ex_33d2da8e,analysis_contract_baseline_v1.csv; identity inheritance per final closeout
OFI_00874,ex_33d2da8e,원암 머신 로우,OFI_GROUP,HORIZONTAL_PULL_COMPOUND,,WORKLOAD_BASELINE,0,1,MIGRATED_CURRENT_BEHAVIOR,ANALYSIS_CONTRACT_BASELINE_V1,,ex_33d2da8e,analysis_contract_baseline_v1.csv; identity inheritance per final closeout
OFI_00875,ex_33d2da8e,원암 머신 로우,OFI_SCORE,HIGH_FORCE_NEURAL,,,47,1,MIGRATED_CURRENT_BEHAVIOR,ANALYSIS_CONTRACT_BASELINE_V1,,ex_33d2da8e,analysis_contract_baseline_v1.csv; identity inheritance per final closeout
OFI_00876,ex_33d2da8e,원암 머신 로우,OFI_SCORE,HIGH_SPEED,,,21,1,MIGRATED_CURRENT_BEHAVIOR,ANALYSIS_CONTRACT_BASELINE_V1,,ex_33d2da8e,analysis_contract_baseline_v1.csv; identity inheritance per final closeout
OFI_00877,ex_33d2da8e,원암 머신 로우,OFI_SCORE,LOCAL_MUSCULAR,,,73,1,MIGRATED_CURRENT_BEHAVIOR,ANALYSIS_CONTRACT_BASELINE_V1,,ex_33d2da8e,analysis_contract_baseline_v1.csv; identity inheritance per final closeout
OFI_00878,ex_33d2da8e,원암 머신 로우,OFI_SCORE,REACTIVE,,,20,1,MIGRATED_CURRENT_BEHAVIOR,ANALYSIS_CONTRACT_BASELINE_V1,,ex_33d2da8e,analysis_contract_baseline_v1.csv; identity inheritance per final closeout
OFI_00879,ex_33d2da8e,원암 머신 로우,OFI_SCORE,SYSTEMIC_MUSCULAR,,,43,1,MIGRATED_CURRENT_BEHAVIOR,ANALYSIS_CONTRACT_BASELINE_V1,,ex_33d2da8e,analysis_contract_baseline_v1.csv; identity inheritance per final closeout
OFI_00880,ex_33d2da8e,원암 머신 로우,OFI_SNAPSHOT,SUMMARY,NORMAL,LOW,44,1,MIGRATED_CURRENT_BEHAVIOR,ANALYSIS_CONTRACT_BASELINE_V1,,ex_33d2da8e,analysis_contract_baseline_v1.csv; identity inheritance per final closeout
OFI_00881,ex_34e7d21,래터럴 바운드 투 스틱,BADMINTON_FATIGUE_COST,HIGH,,,0,1,MIGRATED_CURRENT_BEHAVIOR,ANALYSIS_CONTRACT_BASELINE_V1,,ex_34e7d21,analysis_contract_baseline_v1.csv; identity inheritance per final closeout
OFI_00882,ex_34e7d21,래터럴 바운드 투 스틱,OFI_AXIS,HIGH_FORCE_NEURAL,,LONG,17.1875,1,MIGRATED_CURRENT_BEHAVIOR,ANALYSIS_CONTRACT_BASELINE_V1,,ex_34e7d21,analysis_contract_baseline_v1.csv; identity inheritance per final closeout
OFI_00883,ex_34e7d21,래터럴 바운드 투 스틱,OFI_AXIS,HIGH_SPEED,,LONG,70.125,1,MIGRATED_CURRENT_BEHAVIOR,ANALYSIS_CONTRACT_BASELINE_V1,,ex_34e7d21,analysis_contract_baseline_v1.csv; identity inheritance per final closeout
OFI_00884,ex_34e7d21,래터럴 바운드 투 스틱,OFI_AXIS,LOCAL_MUSCULAR,,LONG,58.4375,1,MIGRATED_CURRENT_BEHAVIOR,ANALYSIS_CONTRACT_BASELINE_V1,,ex_34e7d21,analysis_contract_baseline_v1.csv; identity inheritance per final closeout
OFI_00885,ex_34e7d21,래터럴 바운드 투 스틱,OFI_AXIS,REACTIVE,,LONG,63.75,1,MIGRATED_CURRENT_BEHAVIOR,ANALYSIS_CONTRACT_BASELINE_V1,,ex_34e7d21,analysis_contract_baseline_v1.csv; identity inheritance per final closeout
OFI_00886,ex_34e7d21,래터럴 바운드 투 스틱,OFI_AXIS,SYSTEMIC_MUSCULAR,,LONG,53.125,1,MIGRATED_CURRENT_BEHAVIOR,ANALYSIS_CONTRACT_BASELINE_V1,,ex_34e7d21,analysis_contract_baseline_v1.csv; identity inheritance per final closeout
OFI_00887,ex_34e7d21,래터럴 바운드 투 스틱,OFI_DOSE,QUALITY_BASED,,THREE_CONFIRMED_SETS_20KG_8REPS_600SECONDS_RPE8,0,1,MIGRATED_CURRENT_BEHAVIOR,ANALYSIS_CONTRACT_BASELINE_V1,,ex_34e7d21,analysis_contract_baseline_v1.csv; identity inheritance per final closeout
OFI_00888,ex_34e7d21,래터럴 바운드 투 스틱,OFI_GROUP,LATERAL_DECELERATION_SSC,,LOCAL_REPEAT_DETECTION,0,1,MIGRATED_CURRENT_BEHAVIOR,ANALYSIS_CONTRACT_BASELINE_V1,,ex_34e7d21,analysis_contract_baseline_v1.csv; identity inheritance per final closeout
OFI_00889,ex_34e7d21,래터럴 바운드 투 스틱,OFI_GROUP,NOT_APPLICABLE,,STRENGTH_COMPARISON,0,1,MIGRATED_CURRENT_BEHAVIOR,ANALYSIS_CONTRACT_BASELINE_V1,,ex_34e7d21,analysis_contract_baseline_v1.csv; identity inheritance per final closeout
OFI_00890,ex_34e7d21,래터럴 바운드 투 스틱,OFI_GROUP,NOT_APPLICABLE,,WORKLOAD_BASELINE,0,1,MIGRATED_CURRENT_BEHAVIOR,ANALYSIS_CONTRACT_BASELINE_V1,,ex_34e7d21,analysis_contract_baseline_v1.csv; identity inheritance per final closeout
OFI_00891,ex_34e7d21,래터럴 바운드 투 스틱,OFI_SCORE,HIGH_FORCE_NEURAL,,,21,1,MIGRATED_CURRENT_BEHAVIOR,ANALYSIS_CONTRACT_BASELINE_V1,,ex_34e7d21,analysis_contract_baseline_v1.csv; identity inheritance per final closeout
OFI_00892,ex_34e7d21,래터럴 바운드 투 스틱,OFI_SCORE,HIGH_SPEED,,,88,1,MIGRATED_CURRENT_BEHAVIOR,ANALYSIS_CONTRACT_BASELINE_V1,,ex_34e7d21,analysis_contract_baseline_v1.csv; identity inheritance per final closeout
OFI_00893,ex_34e7d21,래터럴 바운드 투 스틱,OFI_SCORE,LOCAL_MUSCULAR,,,73,1,MIGRATED_CURRENT_BEHAVIOR,ANALYSIS_CONTRACT_BASELINE_V1,,ex_34e7d21,analysis_contract_baseline_v1.csv; identity inheritance per final closeout
OFI_00894,ex_34e7d21,래터럴 바운드 투 스틱,OFI_SCORE,REACTIVE,,,80,1,MIGRATED_CURRENT_BEHAVIOR,ANALYSIS_CONTRACT_BASELINE_V1,,ex_34e7d21,analysis_contract_baseline_v1.csv; identity inheritance per final closeout
OFI_00895,ex_34e7d21,래터럴 바운드 투 스틱,OFI_SCORE,SYSTEMIC_MUSCULAR,,,66,1,MIGRATED_CURRENT_BEHAVIOR,ANALYSIS_CONTRACT_BASELINE_V1,,ex_34e7d21,analysis_contract_baseline_v1.csv; identity inheritance per final closeout
OFI_00896,ex_34e7d21,래터럴 바운드 투 스틱,OFI_SNAPSHOT,SUMMARY,ELEVATED,LOW,76,1,MIGRATED_CURRENT_BEHAVIOR,ANALYSIS_CONTRACT_BASELINE_V1,,ex_34e7d21,analysis_contract_baseline_v1.csv; identity inheritance per final closeout
OFI_00897,ex_377448a9,스플릿 스텝 후 좌우 런지,BADMINTON_FATIGUE_COST,HIGH,,,0,1,MIGRATED_CURRENT_BEHAVIOR,ANALYSIS_CONTRACT_BASELINE_V1,,ex_377448a9,analysis_contract_baseline_v1.csv; identity inheritance per final closeout
OFI_00898,ex_377448a9,스플릿 스텝 후 좌우 런지,OFI_AXIS,HIGH_FORCE_NEURAL,,LONG,17.1875,1,MIGRATED_CURRENT_BEHAVIOR,ANALYSIS_CONTRACT_BASELINE_V1,,ex_377448a9,analysis_contract_baseline_v1.csv; identity inheritance per final closeout
OFI_00899,ex_377448a9,스플릿 스텝 후 좌우 런지,OFI_AXIS,HIGH_SPEED,,LONG,67.203125,1,MIGRATED_CURRENT_BEHAVIOR,ANALYSIS_CONTRACT_BASELINE_V1,,ex_377448a9,analysis_contract_baseline_v1.csv; identity inheritance per final closeout
OFI_00900,ex_377448a9,스플릿 스텝 후 좌우 런지,OFI_AXIS,LOCAL_MUSCULAR,,LONG,58.4375,1,MIGRATED_CURRENT_BEHAVIOR,ANALYSIS_CONTRACT_BASELINE_V1,,ex_377448a9,analysis_contract_baseline_v1.csv; identity inheritance per final closeout
OFI_00901,ex_377448a9,스플릿 스텝 후 좌우 런지,OFI_AXIS,REACTIVE,,LONG,93.75,1,MIGRATED_CURRENT_BEHAVIOR,ANALYSIS_CONTRACT_BASELINE_V1,,ex_377448a9,analysis_contract_baseline_v1.csv; identity inheritance per final closeout
OFI_00902,ex_377448a9,스플릿 스텝 후 좌우 런지,OFI_AXIS,SYSTEMIC_MUSCULAR,,LONG,53.125,1,MIGRATED_CURRENT_BEHAVIOR,ANALYSIS_CONTRACT_BASELINE_V1,,ex_377448a9,analysis_contract_baseline_v1.csv; identity inheritance per final closeout
OFI_00903,ex_377448a9,스플릿 스텝 후 좌우 런지,OFI_CAUTION,REACTIVE_CAUTION,,,0,1,MIGRATED_CURRENT_BEHAVIOR,ANALYSIS_CONTRACT_BASELINE_V1,,ex_377448a9,analysis_contract_baseline_v1.csv; identity inheritance per final closeout
OFI_00904,ex_377448a9,스플릿 스텝 후 좌우 런지,OFI_CAUTION,RECOVERY_DEBT_HIGH,,,0,1,MIGRATED_CURRENT_BEHAVIOR,ANALYSIS_CONTRACT_BASELINE_V1,,ex_377448a9,analysis_contract_baseline_v1.csv; identity inheritance per final closeout
OFI_00905,ex_377448a9,스플릿 스텝 후 좌우 런지,OFI_DOSE,DISTANCE_OR_TIME,,THREE_CONFIRMED_SETS_20KG_8REPS_600SECONDS_RPE8,0,1,MIGRATED_CURRENT_BEHAVIOR,ANALYSIS_CONTRACT_BASELINE_V1,,ex_377448a9,analysis_contract_baseline_v1.csv; identity inheritance per final closeout
OFI_00906,ex_377448a9,스플릿 스텝 후 좌우 런지,OFI_GROUP,BADMINTON_REACTIVE_LUNGE_FOOTWORK,,LOCAL_REPEAT_DETECTION,0,1,MIGRATED_CURRENT_BEHAVIOR,ANALYSIS_CONTRACT_BASELINE_V1,,ex_377448a9,analysis_contract_baseline_v1.csv; identity inheritance per final closeout
OFI_00907,ex_377448a9,스플릿 스텝 후 좌우 런지,OFI_GROUP,NOT_APPLICABLE,,STRENGTH_COMPARISON,0,1,MIGRATED_CURRENT_BEHAVIOR,ANALYSIS_CONTRACT_BASELINE_V1,,ex_377448a9,analysis_contract_baseline_v1.csv; identity inheritance per final closeout
OFI_00908,ex_377448a9,스플릿 스텝 후 좌우 런지,OFI_GROUP,NOT_APPLICABLE,,WORKLOAD_BASELINE,0,1,MIGRATED_CURRENT_BEHAVIOR,ANALYSIS_CONTRACT_BASELINE_V1,,ex_377448a9,analysis_contract_baseline_v1.csv; identity inheritance per final closeout
OFI_00909,ex_377448a9,스플릿 스텝 후 좌우 런지,OFI_SCORE,HIGH_FORCE_NEURAL,,,21,1,MIGRATED_CURRENT_BEHAVIOR,ANALYSIS_CONTRACT_BASELINE_V1,,ex_377448a9,analysis_contract_baseline_v1.csv; identity inheritance per final closeout
OFI_00910,ex_377448a9,스플릿 스텝 후 좌우 런지,OFI_SCORE,HIGH_SPEED,,,84,1,MIGRATED_CURRENT_BEHAVIOR,ANALYSIS_CONTRACT_BASELINE_V1,,ex_377448a9,analysis_contract_baseline_v1.csv; identity inheritance per final closeout
OFI_00911,ex_377448a9,스플릿 스텝 후 좌우 런지,OFI_SCORE,LOCAL_MUSCULAR,,,73,1,MIGRATED_CURRENT_BEHAVIOR,ANALYSIS_CONTRACT_BASELINE_V1,,ex_377448a9,analysis_contract_baseline_v1.csv; identity inheritance per final closeout
OFI_00912,ex_377448a9,스플릿 스텝 후 좌우 런지,OFI_SCORE,REACTIVE,,,100,1,MIGRATED_CURRENT_BEHAVIOR,ANALYSIS_CONTRACT_BASELINE_V1,,ex_377448a9,analysis_contract_baseline_v1.csv; identity inheritance per final closeout
OFI_00913,ex_377448a9,스플릿 스텝 후 좌우 런지,OFI_SCORE,SYSTEMIC_MUSCULAR,,,66,1,MIGRATED_CURRENT_BEHAVIOR,ANALYSIS_CONTRACT_BASELINE_V1,,ex_377448a9,analysis_contract_baseline_v1.csv; identity inheritance per final closeout
OFI_00914,ex_377448a9,스플릿 스텝 후 좌우 런지,OFI_SNAPSHOT,SUMMARY,ELEVATED,LOW,82,1,MIGRATED_CURRENT_BEHAVIOR,ANALYSIS_CONTRACT_BASELINE_V1,,ex_377448a9,analysis_contract_baseline_v1.csv; identity inheritance per final closeout
OFI_00915,ex_389920ab,글루트 브릿지,BADMINTON_FATIGUE_COST,VERY_HIGH,,,0,1,MIGRATED_CURRENT_BEHAVIOR,ANALYSIS_CONTRACT_BASELINE_V1,,ex_389920ab,analysis_contract_baseline_v1.csv; identity inheritance per final closeout
OFI_00916,ex_389920ab,글루트 브릿지,OFI_AXIS,HIGH_FORCE_NEURAL,,MEDIUM,17.1875,1,MIGRATED_CURRENT_BEHAVIOR,ANALYSIS_CONTRACT_BASELINE_V1,,ex_389920ab,analysis_contract_baseline_v1.csv; identity inheritance per final closeout
OFI_00917,ex_389920ab,글루트 브릿지,OFI_AXIS,HIGH_SPEED,,MEDIUM,17.1875,1,MIGRATED_CURRENT_BEHAVIOR,ANALYSIS_CONTRACT_BASELINE_V1,,ex_389920ab,analysis_contract_baseline_v1.csv; identity inheritance per final closeout
OFI_00918,ex_389920ab,글루트 브릿지,OFI_AXIS,LOCAL_MUSCULAR,,MEDIUM,58.4375,1,MIGRATED_CURRENT_BEHAVIOR,ANALYSIS_CONTRACT_BASELINE_V1,,ex_389920ab,analysis_contract_baseline_v1.csv; identity inheritance per final closeout
OFI_00919,ex_389920ab,글루트 브릿지,OFI_AXIS,REACTIVE,,MEDIUM,15.625,1,MIGRATED_CURRENT_BEHAVIOR,ANALYSIS_CONTRACT_BASELINE_V1,,ex_389920ab,analysis_contract_baseline_v1.csv; identity inheritance per final closeout
OFI_00920,ex_389920ab,글루트 브릿지,OFI_AXIS,SYSTEMIC_MUSCULAR,,MEDIUM,29.21875,1,MIGRATED_CURRENT_BEHAVIOR,ANALYSIS_CONTRACT_BASELINE_V1,,ex_389920ab,analysis_contract_baseline_v1.csv; identity inheritance per final closeout
OFI_00921,ex_389920ab,글루트 브릿지,OFI_DOSE,VOLUME_LOAD,,THREE_CONFIRMED_SETS_20KG_8REPS_600SECONDS_RPE8,0,1,MIGRATED_CURRENT_BEHAVIOR,ANALYSIS_CONTRACT_BASELINE_V1,,ex_389920ab,analysis_contract_baseline_v1.csv; identity inheritance per final closeout
OFI_00922,ex_389920ab,글루트 브릿지,OFI_GROUP,HIP_THRUST_GLUTE,,LOCAL_REPEAT_DETECTION,0,1,MIGRATED_CURRENT_BEHAVIOR,ANALYSIS_CONTRACT_BASELINE_V1,,ex_389920ab,analysis_contract_baseline_v1.csv; identity inheritance per final closeout
OFI_00923,ex_389920ab,글루트 브릿지,OFI_GROUP,HIP_THRUST_GLUTE,,STRENGTH_COMPARISON,0,1,MIGRATED_CURRENT_BEHAVIOR,ANALYSIS_CONTRACT_BASELINE_V1,,ex_389920ab,analysis_contract_baseline_v1.csv; identity inheritance per final closeout
OFI_00924,ex_389920ab,글루트 브릿지,OFI_GROUP,HIP_THRUST_GLUTE,,WORKLOAD_BASELINE,0,1,MIGRATED_CURRENT_BEHAVIOR,ANALYSIS_CONTRACT_BASELINE_V1,,ex_389920ab,analysis_contract_baseline_v1.csv; identity inheritance per final closeout
OFI_00925,ex_389920ab,글루트 브릿지,OFI_SCORE,HIGH_FORCE_NEURAL,,,21,1,MIGRATED_CURRENT_BEHAVIOR,ANALYSIS_CONTRACT_BASELINE_V1,,ex_389920ab,analysis_contract_baseline_v1.csv; identity inheritance per final closeout
OFI_00926,ex_389920ab,글루트 브릿지,OFI_SCORE,HIGH_SPEED,,,21,1,MIGRATED_CURRENT_BEHAVIOR,ANALYSIS_CONTRACT_BASELINE_V1,,ex_389920ab,analysis_contract_baseline_v1.csv; identity inheritance per final closeout
OFI_00927,ex_389920ab,글루트 브릿지,OFI_SCORE,LOCAL_MUSCULAR,,,73,1,MIGRATED_CURRENT_BEHAVIOR,ANALYSIS_CONTRACT_BASELINE_V1,,ex_389920ab,analysis_contract_baseline_v1.csv; identity inheritance per final closeout
OFI_00928,ex_389920ab,글루트 브릿지,OFI_SCORE,REACTIVE,,,20,1,MIGRATED_CURRENT_BEHAVIOR,ANALYSIS_CONTRACT_BASELINE_V1,,ex_389920ab,analysis_contract_baseline_v1.csv; identity inheritance per final closeout
OFI_00929,ex_389920ab,글루트 브릿지,OFI_SCORE,SYSTEMIC_MUSCULAR,,,37,1,MIGRATED_CURRENT_BEHAVIOR,ANALYSIS_CONTRACT_BASELINE_V1,,ex_389920ab,analysis_contract_baseline_v1.csv; identity inheritance per final closeout
OFI_00930,ex_389920ab,글루트 브릿지,OFI_SNAPSHOT,SUMMARY,NORMAL,LOW,41,1,MIGRATED_CURRENT_BEHAVIOR,ANALYSIS_CONTRACT_BASELINE_V1,,ex_389920ab,analysis_contract_baseline_v1.csv; identity inheritance per final closeout
OFI_00931,ex_389e0556,원암 덤벨 벤치프레스,BADMINTON_FATIGUE_COST,MEDIUM,,,0,1,MIGRATED_CURRENT_BEHAVIOR,ANALYSIS_CONTRACT_BASELINE_V1,,ex_389e0556,analysis_contract_baseline_v1.csv; identity inheritance per final closeout
OFI_00932,ex_389e0556,원암 덤벨 벤치프레스,OFI_AXIS,HIGH_FORCE_NEURAL,,MEDIUM,17.1875,1,MIGRATED_CURRENT_BEHAVIOR,ANALYSIS_CONTRACT_BASELINE_V1,,ex_389e0556,analysis_contract_baseline_v1.csv; identity inheritance per final closeout
OFI_00933,ex_389e0556,원암 덤벨 벤치프레스,OFI_AXIS,HIGH_SPEED,,MEDIUM,17.1875,1,MIGRATED_CURRENT_BEHAVIOR,ANALYSIS_CONTRACT_BASELINE_V1,,ex_389e0556,analysis_contract_baseline_v1.csv; identity inheritance per final closeout
OFI_00934,ex_389e0556,원암 덤벨 벤치프레스,OFI_AXIS,LOCAL_MUSCULAR,,MEDIUM,58.4375,1,MIGRATED_CURRENT_BEHAVIOR,ANALYSIS_CONTRACT_BASELINE_V1,,ex_389e0556,analysis_contract_baseline_v1.csv; identity inheritance per final closeout
OFI_00935,ex_389e0556,원암 덤벨 벤치프레스,OFI_AXIS,REACTIVE,,MEDIUM,15.625,1,MIGRATED_CURRENT_BEHAVIOR,ANALYSIS_CONTRACT_BASELINE_V1,,ex_389e0556,analysis_contract_baseline_v1.csv; identity inheritance per final closeout
OFI_00936,ex_389e0556,원암 덤벨 벤치프레스,OFI_AXIS,SYSTEMIC_MUSCULAR,,MEDIUM,34.375,1,MIGRATED_CURRENT_BEHAVIOR,ANALYSIS_CONTRACT_BASELINE_V1,,ex_389e0556,analysis_contract_baseline_v1.csv; identity inheritance per final closeout
OFI_00937,ex_389e0556,원암 덤벨 벤치프레스,OFI_DOSE,VOLUME_LOAD,,THREE_CONFIRMED_SETS_20KG_8REPS_600SECONDS_RPE8,0,1,MIGRATED_CURRENT_BEHAVIOR,ANALYSIS_CONTRACT_BASELINE_V1,,ex_389e0556,analysis_contract_baseline_v1.csv; identity inheritance per final closeout
OFI_00938,ex_389e0556,원암 덤벨 벤치프레스,OFI_GROUP,UNILATERAL_HORIZONTAL_PUSH,,LOCAL_REPEAT_DETECTION,0,1,MIGRATED_CURRENT_BEHAVIOR,ANALYSIS_CONTRACT_BASELINE_V1,,ex_389e0556,analysis_contract_baseline_v1.csv; identity inheritance per final closeout
OFI_00939,ex_389e0556,원암 덤벨 벤치프레스,OFI_GROUP,UNILATERAL_HORIZONTAL_PUSH,,STRENGTH_COMPARISON,0,1,MIGRATED_CURRENT_BEHAVIOR,ANALYSIS_CONTRACT_BASELINE_V1,,ex_389e0556,analysis_contract_baseline_v1.csv; identity inheritance per final closeout
OFI_00940,ex_389e0556,원암 덤벨 벤치프레스,OFI_GROUP,UNILATERAL_HORIZONTAL_PUSH,,WORKLOAD_BASELINE,0,1,MIGRATED_CURRENT_BEHAVIOR,ANALYSIS_CONTRACT_BASELINE_V1,,ex_389e0556,analysis_contract_baseline_v1.csv; identity inheritance per final closeout
OFI_00941,ex_389e0556,원암 덤벨 벤치프레스,OFI_SCORE,HIGH_FORCE_NEURAL,,,21,1,MIGRATED_CURRENT_BEHAVIOR,ANALYSIS_CONTRACT_BASELINE_V1,,ex_389e0556,analysis_contract_baseline_v1.csv; identity inheritance per final closeout
OFI_00942,ex_389e0556,원암 덤벨 벤치프레스,OFI_SCORE,HIGH_SPEED,,,21,1,MIGRATED_CURRENT_BEHAVIOR,ANALYSIS_CONTRACT_BASELINE_V1,,ex_389e0556,analysis_contract_baseline_v1.csv; identity inheritance per final closeout
OFI_00943,ex_389e0556,원암 덤벨 벤치프레스,OFI_SCORE,LOCAL_MUSCULAR,,,73,1,MIGRATED_CURRENT_BEHAVIOR,ANALYSIS_CONTRACT_BASELINE_V1,,ex_389e0556,analysis_contract_baseline_v1.csv; identity inheritance per final closeout
OFI_00944,ex_389e0556,원암 덤벨 벤치프레스,OFI_SCORE,REACTIVE,,,20,1,MIGRATED_CURRENT_BEHAVIOR,ANALYSIS_CONTRACT_BASELINE_V1,,ex_389e0556,analysis_contract_baseline_v1.csv; identity inheritance per final closeout
OFI_00945,ex_389e0556,원암 덤벨 벤치프레스,OFI_SCORE,SYSTEMIC_MUSCULAR,,,43,1,MIGRATED_CURRENT_BEHAVIOR,ANALYSIS_CONTRACT_BASELINE_V1,,ex_389e0556,analysis_contract_baseline_v1.csv; identity inheritance per final closeout
OFI_00946,ex_389e0556,원암 덤벨 벤치프레스,OFI_SNAPSHOT,SUMMARY,NORMAL,LOW,42,1,MIGRATED_CURRENT_BEHAVIOR,ANALYSIS_CONTRACT_BASELINE_V1,,ex_389e0556,analysis_contract_baseline_v1.csv; identity inheritance per final closeout
OFI_00947,ex_3a7d3eda,덤벨 벤치프레스,BADMINTON_FATIGUE_COST,MEDIUM,,,0,1,MIGRATED_CURRENT_BEHAVIOR,ANALYSIS_CONTRACT_BASELINE_V1,,ex_3a7d3eda,analysis_contract_baseline_v1.csv; identity inheritance per final closeout
OFI_00948,ex_3a7d3eda,덤벨 벤치프레스,OFI_AXIS,HIGH_FORCE_NEURAL,,MEDIUM,37.8125,1,MIGRATED_CURRENT_BEHAVIOR,ANALYSIS_CONTRACT_BASELINE_V1,,ex_3a7d3eda,analysis_contract_baseline_v1.csv; identity inheritance per final closeout
OFI_00949,ex_3a7d3eda,덤벨 벤치프레스,OFI_AXIS,HIGH_SPEED,,MEDIUM,17.1875,1,MIGRATED_CURRENT_BEHAVIOR,ANALYSIS_CONTRACT_BASELINE_V1,,ex_3a7d3eda,analysis_contract_baseline_v1.csv; identity inheritance per final closeout
OFI_00950,ex_3a7d3eda,덤벨 벤치프레스,OFI_AXIS,LOCAL_MUSCULAR,,MEDIUM,58.4375,1,MIGRATED_CURRENT_BEHAVIOR,ANALYSIS_CONTRACT_BASELINE_V1,,ex_3a7d3eda,analysis_contract_baseline_v1.csv; identity inheritance per final closeout
OFI_00951,ex_3a7d3eda,덤벨 벤치프레스,OFI_AXIS,REACTIVE,,MEDIUM,15.625,1,MIGRATED_CURRENT_BEHAVIOR,ANALYSIS_CONTRACT_BASELINE_V1,,ex_3a7d3eda,analysis_contract_baseline_v1.csv; identity inheritance per final closeout
OFI_00952,ex_3a7d3eda,덤벨 벤치프레스,OFI_AXIS,SYSTEMIC_MUSCULAR,,MEDIUM,29.21875,1,MIGRATED_CURRENT_BEHAVIOR,ANALYSIS_CONTRACT_BASELINE_V1,,ex_3a7d3eda,analysis_contract_baseline_v1.csv; identity inheritance per final closeout
OFI_00953,ex_3a7d3eda,덤벨 벤치프레스,OFI_DOSE,LOAD_REPS,,THREE_CONFIRMED_SETS_20KG_8REPS_600SECONDS_RPE8,0,1,MIGRATED_CURRENT_BEHAVIOR,ANALYSIS_CONTRACT_BASELINE_V1,,ex_3a7d3eda,analysis_contract_baseline_v1.csv; identity inheritance per final closeout
OFI_00954,ex_3a7d3eda,덤벨 벤치프레스,OFI_GROUP,HORIZONTAL_PUSH_COMPOUND,,LOCAL_REPEAT_DETECTION,0,1,MIGRATED_CURRENT_BEHAVIOR,ANALYSIS_CONTRACT_BASELINE_V1,,ex_3a7d3eda,analysis_contract_baseline_v1.csv; identity inheritance per final closeout
OFI_00955,ex_3a7d3eda,덤벨 벤치프레스,OFI_GROUP,HORIZONTAL_PUSH_COMPOUND,,STRENGTH_COMPARISON,0,1,MIGRATED_CURRENT_BEHAVIOR,ANALYSIS_CONTRACT_BASELINE_V1,,ex_3a7d3eda,analysis_contract_baseline_v1.csv; identity inheritance per final closeout
OFI_00956,ex_3a7d3eda,덤벨 벤치프레스,OFI_GROUP,HORIZONTAL_PUSH_COMPOUND,,WORKLOAD_BASELINE,0,1,MIGRATED_CURRENT_BEHAVIOR,ANALYSIS_CONTRACT_BASELINE_V1,,ex_3a7d3eda,analysis_contract_baseline_v1.csv; identity inheritance per final closeout
OFI_00957,ex_3a7d3eda,덤벨 벤치프레스,OFI_SCORE,HIGH_FORCE_NEURAL,,,47,1,MIGRATED_CURRENT_BEHAVIOR,ANALYSIS_CONTRACT_BASELINE_V1,,ex_3a7d3eda,analysis_contract_baseline_v1.csv; identity inheritance per final closeout
OFI_00958,ex_3a7d3eda,덤벨 벤치프레스,OFI_SCORE,HIGH_SPEED,,,21,1,MIGRATED_CURRENT_BEHAVIOR,ANALYSIS_CONTRACT_BASELINE_V1,,ex_3a7d3eda,analysis_contract_baseline_v1.csv; identity inheritance per final closeout
OFI_00959,ex_3a7d3eda,덤벨 벤치프레스,OFI_SCORE,LOCAL_MUSCULAR,,,73,1,MIGRATED_CURRENT_BEHAVIOR,ANALYSIS_CONTRACT_BASELINE_V1,,ex_3a7d3eda,analysis_contract_baseline_v1.csv; identity inheritance per final closeout
OFI_00960,ex_3a7d3eda,덤벨 벤치프레스,OFI_SCORE,REACTIVE,,,20,1,MIGRATED_CURRENT_BEHAVIOR,ANALYSIS_CONTRACT_BASELINE_V1,,ex_3a7d3eda,analysis_contract_baseline_v1.csv; identity inheritance per final closeout
OFI_00961,ex_3a7d3eda,덤벨 벤치프레스,OFI_SCORE,SYSTEMIC_MUSCULAR,,,37,1,MIGRATED_CURRENT_BEHAVIOR,ANALYSIS_CONTRACT_BASELINE_V1,,ex_3a7d3eda,analysis_contract_baseline_v1.csv; identity inheritance per final closeout
OFI_00962,ex_3a7d3eda,덤벨 벤치프레스,OFI_SNAPSHOT,SUMMARY,NORMAL,LOW,43,1,MIGRATED_CURRENT_BEHAVIOR,ANALYSIS_CONTRACT_BASELINE_V1,,ex_3a7d3eda,analysis_contract_baseline_v1.csv; identity inheritance per final closeout
OFI_00963,ex_3c3692aa,케이블 원암 로우,BADMINTON_FATIGUE_COST,MEDIUM,,,0,1,MIGRATED_CURRENT_BEHAVIOR,ANALYSIS_CONTRACT_BASELINE_V1,,ex_3c3692aa,analysis_contract_baseline_v1.csv; identity inheritance per final closeout
OFI_00964,ex_3c3692aa,케이블 원암 로우,OFI_AXIS,HIGH_FORCE_NEURAL,,MEDIUM,37.8125,1,MIGRATED_CURRENT_BEHAVIOR,ANALYSIS_CONTRACT_BASELINE_V1,,ex_3c3692aa,analysis_contract_baseline_v1.csv; identity inheritance per final closeout
OFI_00965,ex_3c3692aa,케이블 원암 로우,OFI_AXIS,HIGH_SPEED,,MEDIUM,17.1875,1,MIGRATED_CURRENT_BEHAVIOR,ANALYSIS_CONTRACT_BASELINE_V1,,ex_3c3692aa,analysis_contract_baseline_v1.csv; identity inheritance per final closeout
OFI_00966,ex_3c3692aa,케이블 원암 로우,OFI_AXIS,LOCAL_MUSCULAR,,MEDIUM,58.4375,1,MIGRATED_CURRENT_BEHAVIOR,ANALYSIS_CONTRACT_BASELINE_V1,,ex_3c3692aa,analysis_contract_baseline_v1.csv; identity inheritance per final closeout
OFI_00967,ex_3c3692aa,케이블 원암 로우,OFI_AXIS,REACTIVE,,MEDIUM,15.625,1,MIGRATED_CURRENT_BEHAVIOR,ANALYSIS_CONTRACT_BASELINE_V1,,ex_3c3692aa,analysis_contract_baseline_v1.csv; identity inheritance per final closeout
OFI_00968,ex_3c3692aa,케이블 원암 로우,OFI_AXIS,SYSTEMIC_MUSCULAR,,MEDIUM,34.375,1,MIGRATED_CURRENT_BEHAVIOR,ANALYSIS_CONTRACT_BASELINE_V1,,ex_3c3692aa,analysis_contract_baseline_v1.csv; identity inheritance per final closeout
OFI_00969,ex_3c3692aa,케이블 원암 로우,OFI_DOSE,VOLUME_LOAD,,THREE_CONFIRMED_SETS_20KG_8REPS_600SECONDS_RPE8,0,1,MIGRATED_CURRENT_BEHAVIOR,ANALYSIS_CONTRACT_BASELINE_V1,,ex_3c3692aa,analysis_contract_baseline_v1.csv; identity inheritance per final closeout
OFI_00970,ex_3c3692aa,케이블 원암 로우,OFI_GROUP,HORIZONTAL_PULL_COMPOUND,,LOCAL_REPEAT_DETECTION,0,1,MIGRATED_CURRENT_BEHAVIOR,ANALYSIS_CONTRACT_BASELINE_V1,,ex_3c3692aa,analysis_contract_baseline_v1.csv; identity inheritance per final closeout
OFI_00971,ex_3c3692aa,케이블 원암 로우,OFI_GROUP,HORIZONTAL_PULL_COMPOUND,,STRENGTH_COMPARISON,0,1,MIGRATED_CURRENT_BEHAVIOR,ANALYSIS_CONTRACT_BASELINE_V1,,ex_3c3692aa,analysis_contract_baseline_v1.csv; identity inheritance per final closeout
OFI_00972,ex_3c3692aa,케이블 원암 로우,OFI_GROUP,HORIZONTAL_PULL_COMPOUND,,WORKLOAD_BASELINE,0,1,MIGRATED_CURRENT_BEHAVIOR,ANALYSIS_CONTRACT_BASELINE_V1,,ex_3c3692aa,analysis_contract_baseline_v1.csv; identity inheritance per final closeout
OFI_00973,ex_3c3692aa,케이블 원암 로우,OFI_SCORE,HIGH_FORCE_NEURAL,,,47,1,MIGRATED_CURRENT_BEHAVIOR,ANALYSIS_CONTRACT_BASELINE_V1,,ex_3c3692aa,analysis_contract_baseline_v1.csv; identity inheritance per final closeout
OFI_00974,ex_3c3692aa,케이블 원암 로우,OFI_SCORE,HIGH_SPEED,,,21,1,MIGRATED_CURRENT_BEHAVIOR,ANALYSIS_CONTRACT_BASELINE_V1,,ex_3c3692aa,analysis_contract_baseline_v1.csv; identity inheritance per final closeout
OFI_00975,ex_3c3692aa,케이블 원암 로우,OFI_SCORE,LOCAL_MUSCULAR,,,73,1,MIGRATED_CURRENT_BEHAVIOR,ANALYSIS_CONTRACT_BASELINE_V1,,ex_3c3692aa,analysis_contract_baseline_v1.csv; identity inheritance per final closeout
OFI_00976,ex_3c3692aa,케이블 원암 로우,OFI_SCORE,REACTIVE,,,20,1,MIGRATED_CURRENT_BEHAVIOR,ANALYSIS_CONTRACT_BASELINE_V1,,ex_3c3692aa,analysis_contract_baseline_v1.csv; identity inheritance per final closeout
OFI_00977,ex_3c3692aa,케이블 원암 로우,OFI_SCORE,SYSTEMIC_MUSCULAR,,,43,1,MIGRATED_CURRENT_BEHAVIOR,ANALYSIS_CONTRACT_BASELINE_V1,,ex_3c3692aa,analysis_contract_baseline_v1.csv; identity inheritance per final closeout
OFI_00978,ex_3c3692aa,케이블 원암 로우,OFI_SNAPSHOT,SUMMARY,NORMAL,LOW,44,1,MIGRATED_CURRENT_BEHAVIOR,ANALYSIS_CONTRACT_BASELINE_V1,,ex_3c3692aa,analysis_contract_baseline_v1.csv; identity inheritance per final closeout
OFI_00979,ex_3caa236b,파이크 푸시업,BADMINTON_FATIGUE_COST,MEDIUM,,,0,1,MIGRATED_CURRENT_BEHAVIOR,ANALYSIS_CONTRACT_BASELINE_V1,,ex_3caa236b,analysis_contract_baseline_v1.csv; identity inheritance per final closeout
OFI_00980,ex_3caa236b,파이크 푸시업,OFI_AXIS,HIGH_FORCE_NEURAL,,MEDIUM,17.1875,1,MIGRATED_CURRENT_BEHAVIOR,ANALYSIS_CONTRACT_BASELINE_V1,,ex_3caa236b,analysis_contract_baseline_v1.csv; identity inheritance per final closeout
OFI_00981,ex_3caa236b,파이크 푸시업,OFI_AXIS,HIGH_SPEED,,MEDIUM,17.1875,1,MIGRATED_CURRENT_BEHAVIOR,ANALYSIS_CONTRACT_BASELINE_V1,,ex_3caa236b,analysis_contract_baseline_v1.csv; identity inheritance per final closeout
OFI_00982,ex_3caa236b,파이크 푸시업,OFI_AXIS,LOCAL_MUSCULAR,,MEDIUM,58.4375,1,MIGRATED_CURRENT_BEHAVIOR,ANALYSIS_CONTRACT_BASELINE_V1,,ex_3caa236b,analysis_contract_baseline_v1.csv; identity inheritance per final closeout
OFI_00983,ex_3caa236b,파이크 푸시업,OFI_AXIS,REACTIVE,,MEDIUM,15.625,1,MIGRATED_CURRENT_BEHAVIOR,ANALYSIS_CONTRACT_BASELINE_V1,,ex_3caa236b,analysis_contract_baseline_v1.csv; identity inheritance per final closeout
OFI_00984,ex_3caa236b,파이크 푸시업,OFI_AXIS,SYSTEMIC_MUSCULAR,,MEDIUM,34.375,1,MIGRATED_CURRENT_BEHAVIOR,ANALYSIS_CONTRACT_BASELINE_V1,,ex_3caa236b,analysis_contract_baseline_v1.csv; identity inheritance per final closeout
OFI_00985,ex_3caa236b,파이크 푸시업,OFI_DOSE,VOLUME_LOAD,,THREE_CONFIRMED_SETS_20KG_8REPS_600SECONDS_RPE8,0,1,MIGRATED_CURRENT_BEHAVIOR,ANALYSIS_CONTRACT_BASELINE_V1,,ex_3caa236b,analysis_contract_baseline_v1.csv; identity inheritance per final closeout
OFI_00986,ex_3caa236b,파이크 푸시업,OFI_GROUP,BODYWEIGHT_VERTICAL_PUSH,,LOCAL_REPEAT_DETECTION,0,1,MIGRATED_CURRENT_BEHAVIOR,ANALYSIS_CONTRACT_BASELINE_V1,,ex_3caa236b,analysis_contract_baseline_v1.csv; identity inheritance per final closeout
OFI_00987,ex_3caa236b,파이크 푸시업,OFI_GROUP,BODYWEIGHT_VERTICAL_PUSH,,STRENGTH_COMPARISON,0,1,MIGRATED_CURRENT_BEHAVIOR,ANALYSIS_CONTRACT_BASELINE_V1,,ex_3caa236b,analysis_contract_baseline_v1.csv; identity inheritance per final closeout
OFI_00988,ex_3caa236b,파이크 푸시업,OFI_GROUP,BODYWEIGHT_VERTICAL_PUSH,,WORKLOAD_BASELINE,0,1,MIGRATED_CURRENT_BEHAVIOR,ANALYSIS_CONTRACT_BASELINE_V1,,ex_3caa236b,analysis_contract_baseline_v1.csv; identity inheritance per final closeout
OFI_00989,ex_3caa236b,파이크 푸시업,OFI_SCORE,HIGH_FORCE_NEURAL,,,21,1,MIGRATED_CURRENT_BEHAVIOR,ANALYSIS_CONTRACT_BASELINE_V1,,ex_3caa236b,analysis_contract_baseline_v1.csv; identity inheritance per final closeout
OFI_00990,ex_3caa236b,파이크 푸시업,OFI_SCORE,HIGH_SPEED,,,21,1,MIGRATED_CURRENT_BEHAVIOR,ANALYSIS_CONTRACT_BASELINE_V1,,ex_3caa236b,analysis_contract_baseline_v1.csv; identity inheritance per final closeout
OFI_00991,ex_3caa236b,파이크 푸시업,OFI_SCORE,LOCAL_MUSCULAR,,,73,1,MIGRATED_CURRENT_BEHAVIOR,ANALYSIS_CONTRACT_BASELINE_V1,,ex_3caa236b,analysis_contract_baseline_v1.csv; identity inheritance per final closeout
OFI_00992,ex_3caa236b,파이크 푸시업,OFI_SCORE,REACTIVE,,,20,1,MIGRATED_CURRENT_BEHAVIOR,ANALYSIS_CONTRACT_BASELINE_V1,,ex_3caa236b,analysis_contract_baseline_v1.csv; identity inheritance per final closeout
OFI_00993,ex_3caa236b,파이크 푸시업,OFI_SCORE,SYSTEMIC_MUSCULAR,,,43,1,MIGRATED_CURRENT_BEHAVIOR,ANALYSIS_CONTRACT_BASELINE_V1,,ex_3caa236b,analysis_contract_baseline_v1.csv; identity inheritance per final closeout
OFI_00994,ex_3caa236b,파이크 푸시업,OFI_SNAPSHOT,SUMMARY,NORMAL,LOW,42,1,MIGRATED_CURRENT_BEHAVIOR,ANALYSIS_CONTRACT_BASELINE_V1,,ex_3caa236b,analysis_contract_baseline_v1.csv; identity inheritance per final closeout
OFI_00995,ex_3d5719de,원암 케이블 컬,BADMINTON_FATIGUE_COST,MEDIUM,,,0,1,MIGRATED_CURRENT_BEHAVIOR,ANALYSIS_CONTRACT_BASELINE_V1,,ex_3d5719de,analysis_contract_baseline_v1.csv; identity inheritance per final closeout
OFI_00996,ex_3d5719de,원암 케이블 컬,OFI_AXIS,HIGH_FORCE_NEURAL,,SHORT,17.1875,1,MIGRATED_CURRENT_BEHAVIOR,ANALYSIS_CONTRACT_BASELINE_V1,,ex_3d5719de,analysis_contract_baseline_v1.csv; identity inheritance per final closeout
OFI_00997,ex_3d5719de,원암 케이블 컬,OFI_AXIS,HIGH_SPEED,,SHORT,17.1875,1,MIGRATED_CURRENT_BEHAVIOR,ANALYSIS_CONTRACT_BASELINE_V1,,ex_3d5719de,analysis_contract_baseline_v1.csv; identity inheritance per final closeout
OFI_00998,ex_3d5719de,원암 케이블 컬,OFI_AXIS,LOCAL_MUSCULAR,,SHORT,58.4375,1,MIGRATED_CURRENT_BEHAVIOR,ANALYSIS_CONTRACT_BASELINE_V1,,ex_3d5719de,analysis_contract_baseline_v1.csv; identity inheritance per final closeout
OFI_00999,ex_3d5719de,원암 케이블 컬,OFI_AXIS,REACTIVE,,SHORT,15.625,1,MIGRATED_CURRENT_BEHAVIOR,ANALYSIS_CONTRACT_BASELINE_V1,,ex_3d5719de,analysis_contract_baseline_v1.csv; identity inheritance per final closeout
OFI_01000,ex_3d5719de,원암 케이블 컬,OFI_AXIS,SYSTEMIC_MUSCULAR,,SHORT,13.28125,1,MIGRATED_CURRENT_BEHAVIOR,ANALYSIS_CONTRACT_BASELINE_V1,,ex_3d5719de,analysis_contract_baseline_v1.csv; identity inheritance per final closeout
OFI_01001,ex_3d5719de,원암 케이블 컬,OFI_DOSE,VOLUME_LOAD,,THREE_CONFIRMED_SETS_20KG_8REPS_600SECONDS_RPE8,0,1,MIGRATED_CURRENT_BEHAVIOR,ANALYSIS_CONTRACT_BASELINE_V1,,ex_3d5719de,analysis_contract_baseline_v1.csv; identity inheritance per final closeout
OFI_01002,ex_3d5719de,원암 케이블 컬,OFI_GROUP,ELBOW_FLEXION_CURL,,LOCAL_REPEAT_DETECTION,0,1,MIGRATED_CURRENT_BEHAVIOR,ANALYSIS_CONTRACT_BASELINE_V1,,ex_3d5719de,analysis_contract_baseline_v1.csv; identity inheritance per final closeout
OFI_01003,ex_3d5719de,원암 케이블 컬,OFI_GROUP,ELBOW_FLEXION_CURL,,STRENGTH_COMPARISON,0,1,MIGRATED_CURRENT_BEHAVIOR,ANALYSIS_CONTRACT_BASELINE_V1,,ex_3d5719de,analysis_contract_baseline_v1.csv; identity inheritance per final closeout
OFI_01004,ex_3d5719de,원암 케이블 컬,OFI_GROUP,ELBOW_FLEXION_CURL,,WORKLOAD_BASELINE,0,1,MIGRATED_CURRENT_BEHAVIOR,ANALYSIS_CONTRACT_BASELINE_V1,,ex_3d5719de,analysis_contract_baseline_v1.csv; identity inheritance per final closeout
OFI_01005,ex_3d5719de,원암 케이블 컬,OFI_SCORE,HIGH_FORCE_NEURAL,,,21,1,MIGRATED_CURRENT_BEHAVIOR,ANALYSIS_CONTRACT_BASELINE_V1,,ex_3d5719de,analysis_contract_baseline_v1.csv; identity inheritance per final closeout
OFI_01006,ex_3d5719de,원암 케이블 컬,OFI_SCORE,HIGH_SPEED,,,21,1,MIGRATED_CURRENT_BEHAVIOR,ANALYSIS_CONTRACT_BASELINE_V1,,ex_3d5719de,analysis_contract_baseline_v1.csv; identity inheritance per final closeout
OFI_01007,ex_3d5719de,원암 케이블 컬,OFI_SCORE,LOCAL_MUSCULAR,,,73,1,MIGRATED_CURRENT_BEHAVIOR,ANALYSIS_CONTRACT_BASELINE_V1,,ex_3d5719de,analysis_contract_baseline_v1.csv; identity inheritance per final closeout
OFI_01008,ex_3d5719de,원암 케이블 컬,OFI_SCORE,REACTIVE,,,20,1,MIGRATED_CURRENT_BEHAVIOR,ANALYSIS_CONTRACT_BASELINE_V1,,ex_3d5719de,analysis_contract_baseline_v1.csv; identity inheritance per final closeout
OFI_01009,ex_3d5719de,원암 케이블 컬,OFI_SCORE,SYSTEMIC_MUSCULAR,,,17,1,MIGRATED_CURRENT_BEHAVIOR,ANALYSIS_CONTRACT_BASELINE_V1,,ex_3d5719de,analysis_contract_baseline_v1.csv; identity inheritance per final closeout
OFI_01010,ex_3d5719de,원암 케이블 컬,OFI_SNAPSHOT,SUMMARY,LOW,LOW,39,1,MIGRATED_CURRENT_BEHAVIOR,ANALYSIS_CONTRACT_BASELINE_V1,,ex_3d5719de,analysis_contract_baseline_v1.csv; identity inheritance per final closeout
OFI_01011,ex_3f184ef9,버피,BADMINTON_FATIGUE_COST,MEDIUM,,,0,1,MIGRATED_CURRENT_BEHAVIOR,ANALYSIS_CONTRACT_BASELINE_V1,,ex_3f184ef9,analysis_contract_baseline_v1.csv; identity inheritance per final closeout
OFI_01012,ex_3f184ef9,버피,OFI_AXIS,HIGH_FORCE_NEURAL,,MEDIUM,17.1875,1,MIGRATED_CURRENT_BEHAVIOR,ANALYSIS_CONTRACT_BASELINE_V1,,ex_3f184ef9,analysis_contract_baseline_v1.csv; identity inheritance per final closeout
OFI_01013,ex_3f184ef9,버피,OFI_AXIS,HIGH_SPEED,,MEDIUM,17.1875,1,MIGRATED_CURRENT_BEHAVIOR,ANALYSIS_CONTRACT_BASELINE_V1,,ex_3f184ef9,analysis_contract_baseline_v1.csv; identity inheritance per final closeout
OFI_01014,ex_3f184ef9,버피,OFI_AXIS,LOCAL_MUSCULAR,,MEDIUM,37.8125,1,MIGRATED_CURRENT_BEHAVIOR,ANALYSIS_CONTRACT_BASELINE_V1,,ex_3f184ef9,analysis_contract_baseline_v1.csv; identity inheritance per final closeout
OFI_01015,ex_3f184ef9,버피,OFI_AXIS,REACTIVE,,MEDIUM,15.625,1,MIGRATED_CURRENT_BEHAVIOR,ANALYSIS_CONTRACT_BASELINE_V1,,ex_3f184ef9,analysis_contract_baseline_v1.csv; identity inheritance per final closeout
OFI_01016,ex_3f184ef9,버피,OFI_AXIS,SYSTEMIC_MUSCULAR,,MEDIUM,53.125,1,MIGRATED_CURRENT_BEHAVIOR,ANALYSIS_CONTRACT_BASELINE_V1,,ex_3f184ef9,analysis_contract_baseline_v1.csv; identity inheritance per final closeout
OFI_01017,ex_3f184ef9,버피,OFI_DOSE,REPS_OR_TIME,,THREE_CONFIRMED_SETS_20KG_8REPS_600SECONDS_RPE8,0,1,MIGRATED_CURRENT_BEHAVIOR,ANALYSIS_CONTRACT_BASELINE_V1,,ex_3f184ef9,analysis_contract_baseline_v1.csv; identity inheritance per final closeout
OFI_01018,ex_3f184ef9,버피,OFI_GROUP,BODYWEIGHT_CONDITIONING_POWER,,LOCAL_REPEAT_DETECTION,0,1,MIGRATED_CURRENT_BEHAVIOR,ANALYSIS_CONTRACT_BASELINE_V1,,ex_3f184ef9,analysis_contract_baseline_v1.csv; identity inheritance per final closeout
OFI_01019,ex_3f184ef9,버피,OFI_GROUP,NOT_APPLICABLE,,STRENGTH_COMPARISON,0,1,MIGRATED_CURRENT_BEHAVIOR,ANALYSIS_CONTRACT_BASELINE_V1,,ex_3f184ef9,analysis_contract_baseline_v1.csv; identity inheritance per final closeout
OFI_01020,ex_3f184ef9,버피,OFI_GROUP,NOT_APPLICABLE,,WORKLOAD_BASELINE,0,1,MIGRATED_CURRENT_BEHAVIOR,ANALYSIS_CONTRACT_BASELINE_V1,,ex_3f184ef9,analysis_contract_baseline_v1.csv; identity inheritance per final closeout
OFI_01021,ex_3f184ef9,버피,OFI_SCORE,HIGH_FORCE_NEURAL,,,21,1,MIGRATED_CURRENT_BEHAVIOR,ANALYSIS_CONTRACT_BASELINE_V1,,ex_3f184ef9,analysis_contract_baseline_v1.csv; identity inheritance per final closeout
OFI_01022,ex_3f184ef9,버피,OFI_SCORE,HIGH_SPEED,,,21,1,MIGRATED_CURRENT_BEHAVIOR,ANALYSIS_CONTRACT_BASELINE_V1,,ex_3f184ef9,analysis_contract_baseline_v1.csv; identity inheritance per final closeout
OFI_01023,ex_3f184ef9,버피,OFI_SCORE,LOCAL_MUSCULAR,,,47,1,MIGRATED_CURRENT_BEHAVIOR,ANALYSIS_CONTRACT_BASELINE_V1,,ex_3f184ef9,analysis_contract_baseline_v1.csv; identity inheritance per final closeout
OFI_01024,ex_3f184ef9,버피,OFI_SCORE,REACTIVE,,,20,1,MIGRATED_CURRENT_BEHAVIOR,ANALYSIS_CONTRACT_BASELINE_V1,,ex_3f184ef9,analysis_contract_baseline_v1.csv; identity inheritance per final closeout
OFI_01025,ex_3f184ef9,버피,OFI_SCORE,SYSTEMIC_MUSCULAR,,,66,1,MIGRATED_CURRENT_BEHAVIOR,ANALYSIS_CONTRACT_BASELINE_V1,,ex_3f184ef9,analysis_contract_baseline_v1.csv; identity inheritance per final closeout
OFI_01026,ex_3f184ef9,버피,OFI_SNAPSHOT,SUMMARY,LOW,LOW,39,1,MIGRATED_CURRENT_BEHAVIOR,ANALYSIS_CONTRACT_BASELINE_V1,,ex_3f184ef9,analysis_contract_baseline_v1.csv; identity inheritance per final closeout
OFI_01027,ex_40fa57be,원암 케이블 하이 로우,BADMINTON_FATIGUE_COST,MEDIUM,,,0,1,MIGRATED_CURRENT_BEHAVIOR,ANALYSIS_CONTRACT_BASELINE_V1,,ex_40fa57be,analysis_contract_baseline_v1.csv; identity inheritance per final closeout
OFI_01028,ex_40fa57be,원암 케이블 하이 로우,OFI_AXIS,HIGH_FORCE_NEURAL,,MEDIUM,37.8125,1,MIGRATED_CURRENT_BEHAVIOR,ANALYSIS_CONTRACT_BASELINE_V1,,ex_40fa57be,analysis_contract_baseline_v1.csv; identity inheritance per final closeout
OFI_01029,ex_40fa57be,원암 케이블 하이 로우,OFI_AXIS,HIGH_SPEED,,MEDIUM,17.1875,1,MIGRATED_CURRENT_BEHAVIOR,ANALYSIS_CONTRACT_BASELINE_V1,,ex_40fa57be,analysis_contract_baseline_v1.csv; identity inheritance per final closeout
OFI_01030,ex_40fa57be,원암 케이블 하이 로우,OFI_AXIS,LOCAL_MUSCULAR,,MEDIUM,58.4375,1,MIGRATED_CURRENT_BEHAVIOR,ANALYSIS_CONTRACT_BASELINE_V1,,ex_40fa57be,analysis_contract_baseline_v1.csv; identity inheritance per final closeout
OFI_01031,ex_40fa57be,원암 케이블 하이 로우,OFI_AXIS,REACTIVE,,MEDIUM,15.625,1,MIGRATED_CURRENT_BEHAVIOR,ANALYSIS_CONTRACT_BASELINE_V1,,ex_40fa57be,analysis_contract_baseline_v1.csv; identity inheritance per final closeout
OFI_01032,ex_40fa57be,원암 케이블 하이 로우,OFI_AXIS,SYSTEMIC_MUSCULAR,,MEDIUM,34.375,1,MIGRATED_CURRENT_BEHAVIOR,ANALYSIS_CONTRACT_BASELINE_V1,,ex_40fa57be,analysis_contract_baseline_v1.csv; identity inheritance per final closeout
OFI_01033,ex_40fa57be,원암 케이블 하이 로우,OFI_DOSE,VOLUME_LOAD,,THREE_CONFIRMED_SETS_20KG_8REPS_600SECONDS_RPE8,0,1,MIGRATED_CURRENT_BEHAVIOR,ANALYSIS_CONTRACT_BASELINE_V1,,ex_40fa57be,analysis_contract_baseline_v1.csv; identity inheritance per final closeout
OFI_01034,ex_40fa57be,원암 케이블 하이 로우,OFI_GROUP,HORIZONTAL_PULL_COMPOUND,,LOCAL_REPEAT_DETECTION,0,1,MIGRATED_CURRENT_BEHAVIOR,ANALYSIS_CONTRACT_BASELINE_V1,,ex_40fa57be,analysis_contract_baseline_v1.csv; identity inheritance per final closeout
OFI_01035,ex_40fa57be,원암 케이블 하이 로우,OFI_GROUP,HORIZONTAL_PULL_COMPOUND,,STRENGTH_COMPARISON,0,1,MIGRATED_CURRENT_BEHAVIOR,ANALYSIS_CONTRACT_BASELINE_V1,,ex_40fa57be,analysis_contract_baseline_v1.csv; identity inheritance per final closeout
OFI_01036,ex_40fa57be,원암 케이블 하이 로우,OFI_GROUP,HORIZONTAL_PULL_COMPOUND,,WORKLOAD_BASELINE,0,1,MIGRATED_CURRENT_BEHAVIOR,ANALYSIS_CONTRACT_BASELINE_V1,,ex_40fa57be,analysis_contract_baseline_v1.csv; identity inheritance per final closeout
OFI_01037,ex_40fa57be,원암 케이블 하이 로우,OFI_SCORE,HIGH_FORCE_NEURAL,,,47,1,MIGRATED_CURRENT_BEHAVIOR,ANALYSIS_CONTRACT_BASELINE_V1,,ex_40fa57be,analysis_contract_baseline_v1.csv; identity inheritance per final closeout
OFI_01038,ex_40fa57be,원암 케이블 하이 로우,OFI_SCORE,HIGH_SPEED,,,21,1,MIGRATED_CURRENT_BEHAVIOR,ANALYSIS_CONTRACT_BASELINE_V1,,ex_40fa57be,analysis_contract_baseline_v1.csv; identity inheritance per final closeout
OFI_01039,ex_40fa57be,원암 케이블 하이 로우,OFI_SCORE,LOCAL_MUSCULAR,,,73,1,MIGRATED_CURRENT_BEHAVIOR,ANALYSIS_CONTRACT_BASELINE_V1,,ex_40fa57be,analysis_contract_baseline_v1.csv; identity inheritance per final closeout
OFI_01040,ex_40fa57be,원암 케이블 하이 로우,OFI_SCORE,REACTIVE,,,20,1,MIGRATED_CURRENT_BEHAVIOR,ANALYSIS_CONTRACT_BASELINE_V1,,ex_40fa57be,analysis_contract_baseline_v1.csv; identity inheritance per final closeout
OFI_01041,ex_40fa57be,원암 케이블 하이 로우,OFI_SCORE,SYSTEMIC_MUSCULAR,,,43,1,MIGRATED_CURRENT_BEHAVIOR,ANALYSIS_CONTRACT_BASELINE_V1,,ex_40fa57be,analysis_contract_baseline_v1.csv; identity inheritance per final closeout
OFI_01042,ex_40fa57be,원암 케이블 하이 로우,OFI_SNAPSHOT,SUMMARY,NORMAL,LOW,44,1,MIGRATED_CURRENT_BEHAVIOR,ANALYSIS_CONTRACT_BASELINE_V1,,ex_40fa57be,analysis_contract_baseline_v1.csv; identity inheritance per final closeout
OFI_01043,ex_421ba24b,좌우 랜덤 콕줍기,BADMINTON_FATIGUE_COST,HIGH,,,0,1,MIGRATED_CURRENT_BEHAVIOR,ANALYSIS_CONTRACT_BASELINE_V1,,ex_421ba24b,analysis_contract_baseline_v1.csv; identity inheritance per final closeout
OFI_01044,ex_421ba24b,좌우 랜덤 콕줍기,OFI_AXIS,HIGH_FORCE_NEURAL,,MEDIUM,17.1875,1,MIGRATED_CURRENT_BEHAVIOR,ANALYSIS_CONTRACT_BASELINE_V1,,ex_421ba24b,analysis_contract_baseline_v1.csv; identity inheritance per final closeout
OFI_01045,ex_421ba24b,좌우 랜덤 콕줍기,OFI_AXIS,HIGH_SPEED,,MEDIUM,85.9375,1,MIGRATED_CURRENT_BEHAVIOR,ANALYSIS_CONTRACT_BASELINE_V1,,ex_421ba24b,analysis_contract_baseline_v1.csv; identity inheritance per final closeout
OFI_01046,ex_421ba24b,좌우 랜덤 콕줍기,OFI_AXIS,LOCAL_MUSCULAR,,MEDIUM,58.4375,1,MIGRATED_CURRENT_BEHAVIOR,ANALYSIS_CONTRACT_BASELINE_V1,,ex_421ba24b,analysis_contract_baseline_v1.csv; identity inheritance per final closeout
OFI_01047,ex_421ba24b,좌우 랜덤 콕줍기,OFI_AXIS,REACTIVE,,MEDIUM,93.75,1,MIGRATED_CURRENT_BEHAVIOR,ANALYSIS_CONTRACT_BASELINE_V1,,ex_421ba24b,analysis_contract_baseline_v1.csv; identity inheritance per final closeout
OFI_01048,ex_421ba24b,좌우 랜덤 콕줍기,OFI_AXIS,SYSTEMIC_MUSCULAR,,MEDIUM,53.125,1,MIGRATED_CURRENT_BEHAVIOR,ANALYSIS_CONTRACT_BASELINE_V1,,ex_421ba24b,analysis_contract_baseline_v1.csv; identity inheritance per final closeout
OFI_01049,ex_421ba24b,좌우 랜덤 콕줍기,OFI_CAUTION,HIGH_SPEED_CAUTION,,,0,1,MIGRATED_CURRENT_BEHAVIOR,ANALYSIS_CONTRACT_BASELINE_V1,,ex_421ba24b,analysis_contract_baseline_v1.csv; identity inheritance per final closeout
OFI_01050,ex_421ba24b,좌우 랜덤 콕줍기,OFI_CAUTION,REACTIVE_CAUTION,,,0,1,MIGRATED_CURRENT_BEHAVIOR,ANALYSIS_CONTRACT_BASELINE_V1,,ex_421ba24b,analysis_contract_baseline_v1.csv; identity inheritance per final closeout
OFI_01051,ex_421ba24b,좌우 랜덤 콕줍기,OFI_DOSE,DISTANCE_OR_TIME,,THREE_CONFIRMED_SETS_20KG_8REPS_600SECONDS_RPE8,0,1,MIGRATED_CURRENT_BEHAVIOR,ANALYSIS_CONTRACT_BASELINE_V1,,ex_421ba24b,analysis_contract_baseline_v1.csv; identity inheritance per final closeout
OFI_01052,ex_421ba24b,좌우 랜덤 콕줍기,OFI_GROUP,BADMINTON_COURT_FOOTWORK,,LOCAL_REPEAT_DETECTION,0,1,MIGRATED_CURRENT_BEHAVIOR,ANALYSIS_CONTRACT_BASELINE_V1,,ex_421ba24b,analysis_contract_baseline_v1.csv; identity inheritance per final closeout
OFI_01053,ex_421ba24b,좌우 랜덤 콕줍기,OFI_GROUP,NOT_APPLICABLE,,STRENGTH_COMPARISON,0,1,MIGRATED_CURRENT_BEHAVIOR,ANALYSIS_CONTRACT_BASELINE_V1,,ex_421ba24b,analysis_contract_baseline_v1.csv; identity inheritance per final closeout
OFI_01054,ex_421ba24b,좌우 랜덤 콕줍기,OFI_GROUP,NOT_APPLICABLE,,WORKLOAD_BASELINE,0,1,MIGRATED_CURRENT_BEHAVIOR,ANALYSIS_CONTRACT_BASELINE_V1,,ex_421ba24b,analysis_contract_baseline_v1.csv; identity inheritance per final closeout
OFI_01055,ex_421ba24b,좌우 랜덤 콕줍기,OFI_SCORE,HIGH_FORCE_NEURAL,,,21,1,MIGRATED_CURRENT_BEHAVIOR,ANALYSIS_CONTRACT_BASELINE_V1,,ex_421ba24b,analysis_contract_baseline_v1.csv; identity inheritance per final closeout
OFI_01056,ex_421ba24b,좌우 랜덤 콕줍기,OFI_SCORE,HIGH_SPEED,,,100,1,MIGRATED_CURRENT_BEHAVIOR,ANALYSIS_CONTRACT_BASELINE_V1,,ex_421ba24b,analysis_contract_baseline_v1.csv; identity inheritance per final closeout
OFI_01057,ex_421ba24b,좌우 랜덤 콕줍기,OFI_SCORE,LOCAL_MUSCULAR,,,73,1,MIGRATED_CURRENT_BEHAVIOR,ANALYSIS_CONTRACT_BASELINE_V1,,ex_421ba24b,analysis_contract_baseline_v1.csv; identity inheritance per final closeout
OFI_01058,ex_421ba24b,좌우 랜덤 콕줍기,OFI_SCORE,REACTIVE,,,100,1,MIGRATED_CURRENT_BEHAVIOR,ANALYSIS_CONTRACT_BASELINE_V1,,ex_421ba24b,analysis_contract_baseline_v1.csv; identity inheritance per final closeout
OFI_01059,ex_421ba24b,좌우 랜덤 콕줍기,OFI_SCORE,SYSTEMIC_MUSCULAR,,,66,1,MIGRATED_CURRENT_BEHAVIOR,ANALYSIS_CONTRACT_BASELINE_V1,,ex_421ba24b,analysis_contract_baseline_v1.csv; identity inheritance per final closeout
OFI_01060,ex_421ba24b,좌우 랜덤 콕줍기,OFI_SNAPSHOT,SUMMARY,ELEVATED,LOW,83,1,MIGRATED_CURRENT_BEHAVIOR,ANALYSIS_CONTRACT_BASELINE_V1,,ex_421ba24b,analysis_contract_baseline_v1.csv; identity inheritance per final closeout
OFI_01061,ex_4255e429,앞뒤 랜덤 콕줍기,BADMINTON_FATIGUE_COST,HIGH,,,0,1,MIGRATED_CURRENT_BEHAVIOR,ANALYSIS_CONTRACT_BASELINE_V1,,ex_4255e429,analysis_contract_baseline_v1.csv; identity inheritance per final closeout
OFI_01062,ex_4255e429,앞뒤 랜덤 콕줍기,OFI_AXIS,HIGH_FORCE_NEURAL,,MEDIUM,17.1875,1,MIGRATED_CURRENT_BEHAVIOR,ANALYSIS_CONTRACT_BASELINE_V1,,ex_4255e429,analysis_contract_baseline_v1.csv; identity inheritance per final closeout
OFI_01063,ex_4255e429,앞뒤 랜덤 콕줍기,OFI_AXIS,HIGH_SPEED,,MEDIUM,85.9375,1,MIGRATED_CURRENT_BEHAVIOR,ANALYSIS_CONTRACT_BASELINE_V1,,ex_4255e429,analysis_contract_baseline_v1.csv; identity inheritance per final closeout
OFI_01064,ex_4255e429,앞뒤 랜덤 콕줍기,OFI_AXIS,LOCAL_MUSCULAR,,MEDIUM,58.4375,1,MIGRATED_CURRENT_BEHAVIOR,ANALYSIS_CONTRACT_BASELINE_V1,,ex_4255e429,analysis_contract_baseline_v1.csv; identity inheritance per final closeout
OFI_01065,ex_4255e429,앞뒤 랜덤 콕줍기,OFI_AXIS,REACTIVE,,MEDIUM,93.75,1,MIGRATED_CURRENT_BEHAVIOR,ANALYSIS_CONTRACT_BASELINE_V1,,ex_4255e429,analysis_contract_baseline_v1.csv; identity inheritance per final closeout
OFI_01066,ex_4255e429,앞뒤 랜덤 콕줍기,OFI_AXIS,SYSTEMIC_MUSCULAR,,MEDIUM,53.125,1,MIGRATED_CURRENT_BEHAVIOR,ANALYSIS_CONTRACT_BASELINE_V1,,ex_4255e429,analysis_contract_baseline_v1.csv; identity inheritance per final closeout
OFI_01067,ex_4255e429,앞뒤 랜덤 콕줍기,OFI_CAUTION,HIGH_SPEED_CAUTION,,,0,1,MIGRATED_CURRENT_BEHAVIOR,ANALYSIS_CONTRACT_BASELINE_V1,,ex_4255e429,analysis_contract_baseline_v1.csv; identity inheritance per final closeout
OFI_01068,ex_4255e429,앞뒤 랜덤 콕줍기,OFI_CAUTION,REACTIVE_CAUTION,,,0,1,MIGRATED_CURRENT_BEHAVIOR,ANALYSIS_CONTRACT_BASELINE_V1,,ex_4255e429,analysis_contract_baseline_v1.csv; identity inheritance per final closeout
OFI_01069,ex_4255e429,앞뒤 랜덤 콕줍기,OFI_DOSE,DISTANCE_OR_TIME,,THREE_CONFIRMED_SETS_20KG_8REPS_600SECONDS_RPE8,0,1,MIGRATED_CURRENT_BEHAVIOR,ANALYSIS_CONTRACT_BASELINE_V1,,ex_4255e429,analysis_contract_baseline_v1.csv; identity inheritance per final closeout
OFI_01070,ex_4255e429,앞뒤 랜덤 콕줍기,OFI_GROUP,BADMINTON_COURT_FOOTWORK,,LOCAL_REPEAT_DETECTION,0,1,MIGRATED_CURRENT_BEHAVIOR,ANALYSIS_CONTRACT_BASELINE_V1,,ex_4255e429,analysis_contract_baseline_v1.csv; identity inheritance per final closeout
OFI_01071,ex_4255e429,앞뒤 랜덤 콕줍기,OFI_GROUP,NOT_APPLICABLE,,STRENGTH_COMPARISON,0,1,MIGRATED_CURRENT_BEHAVIOR,ANALYSIS_CONTRACT_BASELINE_V1,,ex_4255e429,analysis_contract_baseline_v1.csv; identity inheritance per final closeout
OFI_01072,ex_4255e429,앞뒤 랜덤 콕줍기,OFI_GROUP,NOT_APPLICABLE,,WORKLOAD_BASELINE,0,1,MIGRATED_CURRENT_BEHAVIOR,ANALYSIS_CONTRACT_BASELINE_V1,,ex_4255e429,analysis_contract_baseline_v1.csv; identity inheritance per final closeout
OFI_01073,ex_4255e429,앞뒤 랜덤 콕줍기,OFI_SCORE,HIGH_FORCE_NEURAL,,,21,1,MIGRATED_CURRENT_BEHAVIOR,ANALYSIS_CONTRACT_BASELINE_V1,,ex_4255e429,analysis_contract_baseline_v1.csv; identity inheritance per final closeout
OFI_01074,ex_4255e429,앞뒤 랜덤 콕줍기,OFI_SCORE,HIGH_SPEED,,,100,1,MIGRATED_CURRENT_BEHAVIOR,ANALYSIS_CONTRACT_BASELINE_V1,,ex_4255e429,analysis_contract_baseline_v1.csv; identity inheritance per final closeout
OFI_01075,ex_4255e429,앞뒤 랜덤 콕줍기,OFI_SCORE,LOCAL_MUSCULAR,,,73,1,MIGRATED_CURRENT_BEHAVIOR,ANALYSIS_CONTRACT_BASELINE_V1,,ex_4255e429,analysis_contract_baseline_v1.csv; identity inheritance per final closeout
OFI_01076,ex_4255e429,앞뒤 랜덤 콕줍기,OFI_SCORE,REACTIVE,,,100,1,MIGRATED_CURRENT_BEHAVIOR,ANALYSIS_CONTRACT_BASELINE_V1,,ex_4255e429,analysis_contract_baseline_v1.csv; identity inheritance per final closeout
OFI_01077,ex_4255e429,앞뒤 랜덤 콕줍기,OFI_SCORE,SYSTEMIC_MUSCULAR,,,66,1,MIGRATED_CURRENT_BEHAVIOR,ANALYSIS_CONTRACT_BASELINE_V1,,ex_4255e429,analysis_contract_baseline_v1.csv; identity inheritance per final closeout
OFI_01078,ex_4255e429,앞뒤 랜덤 콕줍기,OFI_SNAPSHOT,SUMMARY,ELEVATED,LOW,83,1,MIGRATED_CURRENT_BEHAVIOR,ANALYSIS_CONTRACT_BASELINE_V1,,ex_4255e429,analysis_contract_baseline_v1.csv; identity inheritance per final closeout
OFI_01079,ex_442617f6,원암 케이블 플라이,BADMINTON_FATIGUE_COST,MEDIUM,,,0,1,MIGRATED_CURRENT_BEHAVIOR,ANALYSIS_CONTRACT_BASELINE_V1,,ex_442617f6,analysis_contract_baseline_v1.csv; identity inheritance per final closeout
OFI_01080,ex_442617f6,원암 케이블 플라이,OFI_AXIS,HIGH_FORCE_NEURAL,,SHORT,17.1875,1,MIGRATED_CURRENT_BEHAVIOR,ANALYSIS_CONTRACT_BASELINE_V1,,ex_442617f6,analysis_contract_baseline_v1.csv; identity inheritance per final closeout
OFI_01081,ex_442617f6,원암 케이블 플라이,OFI_AXIS,HIGH_SPEED,,SHORT,17.1875,1,MIGRATED_CURRENT_BEHAVIOR,ANALYSIS_CONTRACT_BASELINE_V1,,ex_442617f6,analysis_contract_baseline_v1.csv; identity inheritance per final closeout
OFI_01082,ex_442617f6,원암 케이블 플라이,OFI_AXIS,LOCAL_MUSCULAR,,SHORT,58.4375,1,MIGRATED_CURRENT_BEHAVIOR,ANALYSIS_CONTRACT_BASELINE_V1,,ex_442617f6,analysis_contract_baseline_v1.csv; identity inheritance per final closeout
OFI_01083,ex_442617f6,원암 케이블 플라이,OFI_AXIS,REACTIVE,,SHORT,15.625,1,MIGRATED_CURRENT_BEHAVIOR,ANALYSIS_CONTRACT_BASELINE_V1,,ex_442617f6,analysis_contract_baseline_v1.csv; identity inheritance per final closeout
OFI_01084,ex_442617f6,원암 케이블 플라이,OFI_AXIS,SYSTEMIC_MUSCULAR,,SHORT,10.9375,1,MIGRATED_CURRENT_BEHAVIOR,ANALYSIS_CONTRACT_BASELINE_V1,,ex_442617f6,analysis_contract_baseline_v1.csv; identity inheritance per final closeout
OFI_01085,ex_442617f6,원암 케이블 플라이,OFI_DOSE,LOAD_REPS,,THREE_CONFIRMED_SETS_20KG_8REPS_600SECONDS_RPE8,0,1,MIGRATED_CURRENT_BEHAVIOR,ANALYSIS_CONTRACT_BASELINE_V1,,ex_442617f6,analysis_contract_baseline_v1.csv; identity inheritance per final closeout
OFI_01086,ex_442617f6,원암 케이블 플라이,OFI_GROUP,CHEST_FLY_ISOLATION,,LOCAL_REPEAT_DETECTION,0,1,MIGRATED_CURRENT_BEHAVIOR,ANALYSIS_CONTRACT_BASELINE_V1,,ex_442617f6,analysis_contract_baseline_v1.csv; identity inheritance per final closeout
OFI_01087,ex_442617f6,원암 케이블 플라이,OFI_GROUP,CHEST_FLY_ISOLATION,,STRENGTH_COMPARISON,0,1,MIGRATED_CURRENT_BEHAVIOR,ANALYSIS_CONTRACT_BASELINE_V1,,ex_442617f6,analysis_contract_baseline_v1.csv; identity inheritance per final closeout
OFI_01088,ex_442617f6,원암 케이블 플라이,OFI_GROUP,CHEST_FLY_ISOLATION,,WORKLOAD_BASELINE,0,1,MIGRATED_CURRENT_BEHAVIOR,ANALYSIS_CONTRACT_BASELINE_V1,,ex_442617f6,analysis_contract_baseline_v1.csv; identity inheritance per final closeout
OFI_01089,ex_442617f6,원암 케이블 플라이,OFI_SCORE,HIGH_FORCE_NEURAL,,,21,1,MIGRATED_CURRENT_BEHAVIOR,ANALYSIS_CONTRACT_BASELINE_V1,,ex_442617f6,analysis_contract_baseline_v1.csv; identity inheritance per final closeout
OFI_01090,ex_442617f6,원암 케이블 플라이,OFI_SCORE,HIGH_SPEED,,,21,1,MIGRATED_CURRENT_BEHAVIOR,ANALYSIS_CONTRACT_BASELINE_V1,,ex_442617f6,analysis_contract_baseline_v1.csv; identity inheritance per final closeout
OFI_01091,ex_442617f6,원암 케이블 플라이,OFI_SCORE,LOCAL_MUSCULAR,,,73,1,MIGRATED_CURRENT_BEHAVIOR,ANALYSIS_CONTRACT_BASELINE_V1,,ex_442617f6,analysis_contract_baseline_v1.csv; identity inheritance per final closeout
OFI_01092,ex_442617f6,원암 케이블 플라이,OFI_SCORE,REACTIVE,,,20,1,MIGRATED_CURRENT_BEHAVIOR,ANALYSIS_CONTRACT_BASELINE_V1,,ex_442617f6,analysis_contract_baseline_v1.csv; identity inheritance per final closeout
OFI_01093,ex_442617f6,원암 케이블 플라이,OFI_SCORE,SYSTEMIC_MUSCULAR,,,14,1,MIGRATED_CURRENT_BEHAVIOR,ANALYSIS_CONTRACT_BASELINE_V1,,ex_442617f6,analysis_contract_baseline_v1.csv; identity inheritance per final closeout
OFI_01094,ex_442617f6,원암 케이블 플라이,OFI_SNAPSHOT,SUMMARY,LOW,LOW,39,1,MIGRATED_CURRENT_BEHAVIOR,ANALYSIS_CONTRACT_BASELINE_V1,,ex_442617f6,analysis_contract_baseline_v1.csv; identity inheritance per final closeout
OFI_01095,ex_462c760e,체스트 서포티드 원암 머신 로우,BADMINTON_FATIGUE_COST,MEDIUM,,,0,1,MIGRATED_CURRENT_BEHAVIOR,ANALYSIS_CONTRACT_BASELINE_V1,,ex_462c760e,analysis_contract_baseline_v1.csv; identity inheritance per final closeout
OFI_01096,ex_462c760e,체스트 서포티드 원암 머신 로우,OFI_AXIS,HIGH_FORCE_NEURAL,,MEDIUM,37.8125,1,MIGRATED_CURRENT_BEHAVIOR,ANALYSIS_CONTRACT_BASELINE_V1,,ex_462c760e,analysis_contract_baseline_v1.csv; identity inheritance per final closeout
OFI_01097,ex_462c760e,체스트 서포티드 원암 머신 로우,OFI_AXIS,HIGH_SPEED,,MEDIUM,17.1875,1,MIGRATED_CURRENT_BEHAVIOR,ANALYSIS_CONTRACT_BASELINE_V1,,ex_462c760e,analysis_contract_baseline_v1.csv; identity inheritance per final closeout
OFI_01098,ex_462c760e,체스트 서포티드 원암 머신 로우,OFI_AXIS,LOCAL_MUSCULAR,,MEDIUM,58.4375,1,MIGRATED_CURRENT_BEHAVIOR,ANALYSIS_CONTRACT_BASELINE_V1,,ex_462c760e,analysis_contract_baseline_v1.csv; identity inheritance per final closeout
OFI_01099,ex_462c760e,체스트 서포티드 원암 머신 로우,OFI_AXIS,REACTIVE,,MEDIUM,15.625,1,MIGRATED_CURRENT_BEHAVIOR,ANALYSIS_CONTRACT_BASELINE_V1,,ex_462c760e,analysis_contract_baseline_v1.csv; identity inheritance per final closeout
OFI_01100,ex_462c760e,체스트 서포티드 원암 머신 로우,OFI_AXIS,SYSTEMIC_MUSCULAR,,MEDIUM,34.375,1,MIGRATED_CURRENT_BEHAVIOR,ANALYSIS_CONTRACT_BASELINE_V1,,ex_462c760e,analysis_contract_baseline_v1.csv; identity inheritance per final closeout
OFI_01101,ex_462c760e,체스트 서포티드 원암 머신 로우,OFI_DOSE,VOLUME_LOAD,,THREE_CONFIRMED_SETS_20KG_8REPS_600SECONDS_RPE8,0,1,MIGRATED_CURRENT_BEHAVIOR,ANALYSIS_CONTRACT_BASELINE_V1,,ex_462c760e,analysis_contract_baseline_v1.csv; identity inheritance per final closeout
OFI_01102,ex_462c760e,체스트 서포티드 원암 머신 로우,OFI_GROUP,HORIZONTAL_PULL_COMPOUND,,LOCAL_REPEAT_DETECTION,0,1,MIGRATED_CURRENT_BEHAVIOR,ANALYSIS_CONTRACT_BASELINE_V1,,ex_462c760e,analysis_contract_baseline_v1.csv; identity inheritance per final closeout
OFI_01103,ex_462c760e,체스트 서포티드 원암 머신 로우,OFI_GROUP,HORIZONTAL_PULL_COMPOUND,,STRENGTH_COMPARISON,0,1,MIGRATED_CURRENT_BEHAVIOR,ANALYSIS_CONTRACT_BASELINE_V1,,ex_462c760e,analysis_contract_baseline_v1.csv; identity inheritance per final closeout
OFI_01104,ex_462c760e,체스트 서포티드 원암 머신 로우,OFI_GROUP,HORIZONTAL_PULL_COMPOUND,,WORKLOAD_BASELINE,0,1,MIGRATED_CURRENT_BEHAVIOR,ANALYSIS_CONTRACT_BASELINE_V1,,ex_462c760e,analysis_contract_baseline_v1.csv; identity inheritance per final closeout
OFI_01105,ex_462c760e,체스트 서포티드 원암 머신 로우,OFI_SCORE,HIGH_FORCE_NEURAL,,,47,1,MIGRATED_CURRENT_BEHAVIOR,ANALYSIS_CONTRACT_BASELINE_V1,,ex_462c760e,analysis_contract_baseline_v1.csv; identity inheritance per final closeout
OFI_01106,ex_462c760e,체스트 서포티드 원암 머신 로우,OFI_SCORE,HIGH_SPEED,,,21,1,MIGRATED_CURRENT_BEHAVIOR,ANALYSIS_CONTRACT_BASELINE_V1,,ex_462c760e,analysis_contract_baseline_v1.csv; identity inheritance per final closeout
OFI_01107,ex_462c760e,체스트 서포티드 원암 머신 로우,OFI_SCORE,LOCAL_MUSCULAR,,,73,1,MIGRATED_CURRENT_BEHAVIOR,ANALYSIS_CONTRACT_BASELINE_V1,,ex_462c760e,analysis_contract_baseline_v1.csv; identity inheritance per final closeout
OFI_01108,ex_462c760e,체스트 서포티드 원암 머신 로우,OFI_SCORE,REACTIVE,,,20,1,MIGRATED_CURRENT_BEHAVIOR,ANALYSIS_CONTRACT_BASELINE_V1,,ex_462c760e,analysis_contract_baseline_v1.csv; identity inheritance per final closeout
OFI_01109,ex_462c760e,체스트 서포티드 원암 머신 로우,OFI_SCORE,SYSTEMIC_MUSCULAR,,,43,1,MIGRATED_CURRENT_BEHAVIOR,ANALYSIS_CONTRACT_BASELINE_V1,,ex_462c760e,analysis_contract_baseline_v1.csv; identity inheritance per final closeout
OFI_01110,ex_462c760e,체스트 서포티드 원암 머신 로우,OFI_SNAPSHOT,SUMMARY,NORMAL,LOW,44,1,MIGRATED_CURRENT_BEHAVIOR,ANALYSIS_CONTRACT_BASELINE_V1,,ex_462c760e,analysis_contract_baseline_v1.csv; identity inheritance per final closeout
OFI_01111,ex_4773b6ea,린단 참고 트랙 스프린트,BADMINTON_FATIGUE_COST,HIGH,,,0,1,MIGRATED_CURRENT_BEHAVIOR,ANALYSIS_CONTRACT_BASELINE_V1,,ex_4773b6ea,analysis_contract_baseline_v1.csv; identity inheritance per final closeout
OFI_01112,ex_4773b6ea,린단 참고 트랙 스프린트,OFI_AXIS,HIGH_FORCE_NEURAL,,LONG,17.1875,1,MIGRATED_CURRENT_BEHAVIOR,ANALYSIS_CONTRACT_BASELINE_V1,,ex_4773b6ea,analysis_contract_baseline_v1.csv; identity inheritance per final closeout
OFI_01113,ex_4773b6ea,린단 참고 트랙 스프린트,OFI_AXIS,HIGH_SPEED,,LONG,73.046875,1,MIGRATED_CURRENT_BEHAVIOR,ANALYSIS_CONTRACT_BASELINE_V1,,ex_4773b6ea,analysis_contract_baseline_v1.csv; identity inheritance per final closeout
OFI_01114,ex_4773b6ea,린단 참고 트랙 스프린트,OFI_AXIS,LOCAL_MUSCULAR,,LONG,37.8125,1,MIGRATED_CURRENT_BEHAVIOR,ANALYSIS_CONTRACT_BASELINE_V1,,ex_4773b6ea,analysis_contract_baseline_v1.csv; identity inheritance per final closeout
OFI_01115,ex_4773b6ea,린단 참고 트랙 스프린트,OFI_AXIS,REACTIVE,,LONG,15.625,1,MIGRATED_CURRENT_BEHAVIOR,ANALYSIS_CONTRACT_BASELINE_V1,,ex_4773b6ea,analysis_contract_baseline_v1.csv; identity inheritance per final closeout
OFI_01116,ex_4773b6ea,린단 참고 트랙 스프린트,OFI_AXIS,SYSTEMIC_MUSCULAR,,LONG,53.125,1,MIGRATED_CURRENT_BEHAVIOR,ANALYSIS_CONTRACT_BASELINE_V1,,ex_4773b6ea,analysis_contract_baseline_v1.csv; identity inheritance per final closeout
OFI_01117,ex_4773b6ea,린단 참고 트랙 스프린트,OFI_DOSE,DISTANCE_OR_TIME,,THREE_CONFIRMED_SETS_20KG_8REPS_600SECONDS_RPE8,0,1,MIGRATED_CURRENT_BEHAVIOR,ANALYSIS_CONTRACT_BASELINE_V1,,ex_4773b6ea,analysis_contract_baseline_v1.csv; identity inheritance per final closeout
OFI_01118,ex_4773b6ea,린단 참고 트랙 스프린트,OFI_GROUP,NOT_APPLICABLE,,STRENGTH_COMPARISON,0,1,MIGRATED_CURRENT_BEHAVIOR,ANALYSIS_CONTRACT_BASELINE_V1,,ex_4773b6ea,analysis_contract_baseline_v1.csv; identity inheritance per final closeout
OFI_01119,ex_4773b6ea,린단 참고 트랙 스프린트,OFI_GROUP,NOT_APPLICABLE,,WORKLOAD_BASELINE,0,1,MIGRATED_CURRENT_BEHAVIOR,ANALYSIS_CONTRACT_BASELINE_V1,,ex_4773b6ea,analysis_contract_baseline_v1.csv; identity inheritance per final closeout
OFI_01120,ex_4773b6ea,린단 참고 트랙 스프린트,OFI_GROUP,SPRINT_ACCELERATION_CONDITIONING,,LOCAL_REPEAT_DETECTION,0,1,MIGRATED_CURRENT_BEHAVIOR,ANALYSIS_CONTRACT_BASELINE_V1,,ex_4773b6ea,analysis_contract_baseline_v1.csv; identity inheritance per final closeout
OFI_01121,ex_4773b6ea,린단 참고 트랙 스프린트,OFI_SCORE,HIGH_FORCE_NEURAL,,,21,1,MIGRATED_CURRENT_BEHAVIOR,ANALYSIS_CONTRACT_BASELINE_V1,,ex_4773b6ea,analysis_contract_baseline_v1.csv; identity inheritance per final closeout
OFI_01122,ex_4773b6ea,린단 참고 트랙 스프린트,OFI_SCORE,HIGH_SPEED,,,91,1,MIGRATED_CURRENT_BEHAVIOR,ANALYSIS_CONTRACT_BASELINE_V1,,ex_4773b6ea,analysis_contract_baseline_v1.csv; identity inheritance per final closeout
OFI_01123,ex_4773b6ea,린단 참고 트랙 스프린트,OFI_SCORE,LOCAL_MUSCULAR,,,47,1,MIGRATED_CURRENT_BEHAVIOR,ANALYSIS_CONTRACT_BASELINE_V1,,ex_4773b6ea,analysis_contract_baseline_v1.csv; identity inheritance per final closeout
OFI_01124,ex_4773b6ea,린단 참고 트랙 스프린트,OFI_SCORE,REACTIVE,,,20,1,MIGRATED_CURRENT_BEHAVIOR,ANALYSIS_CONTRACT_BASELINE_V1,,ex_4773b6ea,analysis_contract_baseline_v1.csv; identity inheritance per final closeout
OFI_01125,ex_4773b6ea,린단 참고 트랙 스프린트,OFI_SCORE,SYSTEMIC_MUSCULAR,,,66,1,MIGRATED_CURRENT_BEHAVIOR,ANALYSIS_CONTRACT_BASELINE_V1,,ex_4773b6ea,analysis_contract_baseline_v1.csv; identity inheritance per final closeout
OFI_01126,ex_4773b6ea,린단 참고 트랙 스프린트,OFI_SNAPSHOT,SUMMARY,NORMAL,LOW,66,1,MIGRATED_CURRENT_BEHAVIOR,ANALYSIS_CONTRACT_BASELINE_V1,,ex_4773b6ea,analysis_contract_baseline_v1.csv; identity inheritance per final closeout
OFI_01127,ex_4aa3725a,머신 숄더프레스,BADMINTON_FATIGUE_COST,MEDIUM,,,0,1,MIGRATED_CURRENT_BEHAVIOR,ANALYSIS_CONTRACT_BASELINE_V1,,ex_4aa3725a,analysis_contract_baseline_v1.csv; identity inheritance per final closeout
OFI_01128,ex_4aa3725a,머신 숄더프레스,OFI_AXIS,HIGH_FORCE_NEURAL,,MEDIUM,37.8125,1,MIGRATED_CURRENT_BEHAVIOR,ANALYSIS_CONTRACT_BASELINE_V1,,ex_4aa3725a,analysis_contract_baseline_v1.csv; identity inheritance per final closeout
OFI_01129,ex_4aa3725a,머신 숄더프레스,OFI_AXIS,HIGH_SPEED,,MEDIUM,17.1875,1,MIGRATED_CURRENT_BEHAVIOR,ANALYSIS_CONTRACT_BASELINE_V1,,ex_4aa3725a,analysis_contract_baseline_v1.csv; identity inheritance per final closeout
OFI_01130,ex_4aa3725a,머신 숄더프레스,OFI_AXIS,LOCAL_MUSCULAR,,MEDIUM,58.4375,1,MIGRATED_CURRENT_BEHAVIOR,ANALYSIS_CONTRACT_BASELINE_V1,,ex_4aa3725a,analysis_contract_baseline_v1.csv; identity inheritance per final closeout
OFI_01131,ex_4aa3725a,머신 숄더프레스,OFI_AXIS,REACTIVE,,MEDIUM,15.625,1,MIGRATED_CURRENT_BEHAVIOR,ANALYSIS_CONTRACT_BASELINE_V1,,ex_4aa3725a,analysis_contract_baseline_v1.csv; identity inheritance per final closeout
OFI_01132,ex_4aa3725a,머신 숄더프레스,OFI_AXIS,SYSTEMIC_MUSCULAR,,MEDIUM,29.21875,1,MIGRATED_CURRENT_BEHAVIOR,ANALYSIS_CONTRACT_BASELINE_V1,,ex_4aa3725a,analysis_contract_baseline_v1.csv; identity inheritance per final closeout
OFI_01133,ex_4aa3725a,머신 숄더프레스,OFI_DOSE,LOAD_REPS,,THREE_CONFIRMED_SETS_20KG_8REPS_600SECONDS_RPE8,0,1,MIGRATED_CURRENT_BEHAVIOR,ANALYSIS_CONTRACT_BASELINE_V1,,ex_4aa3725a,analysis_contract_baseline_v1.csv; identity inheritance per final closeout
OFI_01134,ex_4aa3725a,머신 숄더프레스,OFI_GROUP,OVERHEAD_PRESS_SHOULDER_DOMINANT,,LOCAL_REPEAT_DETECTION,0,1,MIGRATED_CURRENT_BEHAVIOR,ANALYSIS_CONTRACT_BASELINE_V1,,ex_4aa3725a,analysis_contract_baseline_v1.csv; identity inheritance per final closeout
OFI_01135,ex_4aa3725a,머신 숄더프레스,OFI_GROUP,OVERHEAD_PRESS_SHOULDER_DOMINANT,,STRENGTH_COMPARISON,0,1,MIGRATED_CURRENT_BEHAVIOR,ANALYSIS_CONTRACT_BASELINE_V1,,ex_4aa3725a,analysis_contract_baseline_v1.csv; identity inheritance per final closeout
OFI_01136,ex_4aa3725a,머신 숄더프레스,OFI_GROUP,OVERHEAD_PRESS_SHOULDER_DOMINANT,,WORKLOAD_BASELINE,0,1,MIGRATED_CURRENT_BEHAVIOR,ANALYSIS_CONTRACT_BASELINE_V1,,ex_4aa3725a,analysis_contract_baseline_v1.csv; identity inheritance per final closeout
OFI_01137,ex_4aa3725a,머신 숄더프레스,OFI_SCORE,HIGH_FORCE_NEURAL,,,47,1,MIGRATED_CURRENT_BEHAVIOR,ANALYSIS_CONTRACT_BASELINE_V1,,ex_4aa3725a,analysis_contract_baseline_v1.csv; identity inheritance per final closeout
OFI_01138,ex_4aa3725a,머신 숄더프레스,OFI_SCORE,HIGH_SPEED,,,21,1,MIGRATED_CURRENT_BEHAVIOR,ANALYSIS_CONTRACT_BASELINE_V1,,ex_4aa3725a,analysis_contract_baseline_v1.csv; identity inheritance per final closeout
OFI_01139,ex_4aa3725a,머신 숄더프레스,OFI_SCORE,LOCAL_MUSCULAR,,,73,1,MIGRATED_CURRENT_BEHAVIOR,ANALYSIS_CONTRACT_BASELINE_V1,,ex_4aa3725a,analysis_contract_baseline_v1.csv; identity inheritance per final closeout
OFI_01140,ex_4aa3725a,머신 숄더프레스,OFI_SCORE,REACTIVE,,,20,1,MIGRATED_CURRENT_BEHAVIOR,ANALYSIS_CONTRACT_BASELINE_V1,,ex_4aa3725a,analysis_contract_baseline_v1.csv; identity inheritance per final closeout
OFI_01141,ex_4aa3725a,머신 숄더프레스,OFI_SCORE,SYSTEMIC_MUSCULAR,,,37,1,MIGRATED_CURRENT_BEHAVIOR,ANALYSIS_CONTRACT_BASELINE_V1,,ex_4aa3725a,analysis_contract_baseline_v1.csv; identity inheritance per final closeout
OFI_01142,ex_4aa3725a,머신 숄더프레스,OFI_SNAPSHOT,SUMMARY,NORMAL,LOW,43,1,MIGRATED_CURRENT_BEHAVIOR,ANALYSIS_CONTRACT_BASELINE_V1,,ex_4aa3725a,analysis_contract_baseline_v1.csv; identity inheritance per final closeout
OFI_01143,ex_4c76dbb2,케이블 풀스루,BADMINTON_FATIGUE_COST,HIGH,,,0,1,MIGRATED_CURRENT_BEHAVIOR,ANALYSIS_CONTRACT_BASELINE_V1,,ex_4c76dbb2,analysis_contract_baseline_v1.csv; identity inheritance per final closeout
OFI_01144,ex_4c76dbb2,케이블 풀스루,OFI_AXIS,HIGH_FORCE_NEURAL,,MEDIUM,17.1875,1,MIGRATED_CURRENT_BEHAVIOR,ANALYSIS_CONTRACT_BASELINE_V1,,ex_4c76dbb2,analysis_contract_baseline_v1.csv; identity inheritance per final closeout
OFI_01145,ex_4c76dbb2,케이블 풀스루,OFI_AXIS,HIGH_SPEED,,MEDIUM,17.1875,1,MIGRATED_CURRENT_BEHAVIOR,ANALYSIS_CONTRACT_BASELINE_V1,,ex_4c76dbb2,analysis_contract_baseline_v1.csv; identity inheritance per final closeout
OFI_01146,ex_4c76dbb2,케이블 풀스루,OFI_AXIS,LOCAL_MUSCULAR,,MEDIUM,58.4375,1,MIGRATED_CURRENT_BEHAVIOR,ANALYSIS_CONTRACT_BASELINE_V1,,ex_4c76dbb2,analysis_contract_baseline_v1.csv; identity inheritance per final closeout
OFI_01147,ex_4c76dbb2,케이블 풀스루,OFI_AXIS,REACTIVE,,MEDIUM,15.625,1,MIGRATED_CURRENT_BEHAVIOR,ANALYSIS_CONTRACT_BASELINE_V1,,ex_4c76dbb2,analysis_contract_baseline_v1.csv; identity inheritance per final closeout
OFI_01148,ex_4c76dbb2,케이블 풀스루,OFI_AXIS,SYSTEMIC_MUSCULAR,,MEDIUM,29.21875,1,MIGRATED_CURRENT_BEHAVIOR,ANALYSIS_CONTRACT_BASELINE_V1,,ex_4c76dbb2,analysis_contract_baseline_v1.csv; identity inheritance per final closeout
OFI_01149,ex_4c76dbb2,케이블 풀스루,OFI_DOSE,VOLUME_LOAD,,THREE_CONFIRMED_SETS_20KG_8REPS_600SECONDS_RPE8,0,1,MIGRATED_CURRENT_BEHAVIOR,ANALYSIS_CONTRACT_BASELINE_V1,,ex_4c76dbb2,analysis_contract_baseline_v1.csv; identity inheritance per final closeout
OFI_01150,ex_4c76dbb2,케이블 풀스루,OFI_GROUP,HIP_EXTENSION_ACCESSORY,,LOCAL_REPEAT_DETECTION,0,1,MIGRATED_CURRENT_BEHAVIOR,ANALYSIS_CONTRACT_BASELINE_V1,,ex_4c76dbb2,analysis_contract_baseline_v1.csv; identity inheritance per final closeout
OFI_01151,ex_4c76dbb2,케이블 풀스루,OFI_GROUP,HIP_EXTENSION_ACCESSORY,,STRENGTH_COMPARISON,0,1,MIGRATED_CURRENT_BEHAVIOR,ANALYSIS_CONTRACT_BASELINE_V1,,ex_4c76dbb2,analysis_contract_baseline_v1.csv; identity inheritance per final closeout
OFI_01152,ex_4c76dbb2,케이블 풀스루,OFI_GROUP,HIP_EXTENSION_ACCESSORY,,WORKLOAD_BASELINE,0,1,MIGRATED_CURRENT_BEHAVIOR,ANALYSIS_CONTRACT_BASELINE_V1,,ex_4c76dbb2,analysis_contract_baseline_v1.csv; identity inheritance per final closeout
OFI_01153,ex_4c76dbb2,케이블 풀스루,OFI_SCORE,HIGH_FORCE_NEURAL,,,21,1,MIGRATED_CURRENT_BEHAVIOR,ANALYSIS_CONTRACT_BASELINE_V1,,ex_4c76dbb2,analysis_contract_baseline_v1.csv; identity inheritance per final closeout
OFI_01154,ex_4c76dbb2,케이블 풀스루,OFI_SCORE,HIGH_SPEED,,,21,1,MIGRATED_CURRENT_BEHAVIOR,ANALYSIS_CONTRACT_BASELINE_V1,,ex_4c76dbb2,analysis_contract_baseline_v1.csv; identity inheritance per final closeout
OFI_01155,ex_4c76dbb2,케이블 풀스루,OFI_SCORE,LOCAL_MUSCULAR,,,73,1,MIGRATED_CURRENT_BEHAVIOR,ANALYSIS_CONTRACT_BASELINE_V1,,ex_4c76dbb2,analysis_contract_baseline_v1.csv; identity inheritance per final closeout
OFI_01156,ex_4c76dbb2,케이블 풀스루,OFI_SCORE,REACTIVE,,,20,1,MIGRATED_CURRENT_BEHAVIOR,ANALYSIS_CONTRACT_BASELINE_V1,,ex_4c76dbb2,analysis_contract_baseline_v1.csv; identity inheritance per final closeout
OFI_01157,ex_4c76dbb2,케이블 풀스루,OFI_SCORE,SYSTEMIC_MUSCULAR,,,37,1,MIGRATED_CURRENT_BEHAVIOR,ANALYSIS_CONTRACT_BASELINE_V1,,ex_4c76dbb2,analysis_contract_baseline_v1.csv; identity inheritance per final closeout
OFI_01158,ex_4c76dbb2,케이블 풀스루,OFI_SNAPSHOT,SUMMARY,NORMAL,LOW,41,1,MIGRATED_CURRENT_BEHAVIOR,ANALYSIS_CONTRACT_BASELINE_V1,,ex_4c76dbb2,analysis_contract_baseline_v1.csv; identity inheritance per final closeout
OFI_01159,ex_4c779df2,케이블 플라이,BADMINTON_FATIGUE_COST,MEDIUM,,,0,1,MIGRATED_CURRENT_BEHAVIOR,ANALYSIS_CONTRACT_BASELINE_V1,,ex_4c779df2,analysis_contract_baseline_v1.csv; identity inheritance per final closeout
OFI_01160,ex_4c779df2,케이블 플라이,OFI_AXIS,HIGH_FORCE_NEURAL,,SHORT,17.1875,1,MIGRATED_CURRENT_BEHAVIOR,ANALYSIS_CONTRACT_BASELINE_V1,,ex_4c779df2,analysis_contract_baseline_v1.csv; identity inheritance per final closeout
OFI_01161,ex_4c779df2,케이블 플라이,OFI_AXIS,HIGH_SPEED,,SHORT,17.1875,1,MIGRATED_CURRENT_BEHAVIOR,ANALYSIS_CONTRACT_BASELINE_V1,,ex_4c779df2,analysis_contract_baseline_v1.csv; identity inheritance per final closeout
OFI_01162,ex_4c779df2,케이블 플라이,OFI_AXIS,LOCAL_MUSCULAR,,SHORT,58.4375,1,MIGRATED_CURRENT_BEHAVIOR,ANALYSIS_CONTRACT_BASELINE_V1,,ex_4c779df2,analysis_contract_baseline_v1.csv; identity inheritance per final closeout
OFI_01163,ex_4c779df2,케이블 플라이,OFI_AXIS,REACTIVE,,SHORT,15.625,1,MIGRATED_CURRENT_BEHAVIOR,ANALYSIS_CONTRACT_BASELINE_V1,,ex_4c779df2,analysis_contract_baseline_v1.csv; identity inheritance per final closeout
OFI_01164,ex_4c779df2,케이블 플라이,OFI_AXIS,SYSTEMIC_MUSCULAR,,SHORT,10.9375,1,MIGRATED_CURRENT_BEHAVIOR,ANALYSIS_CONTRACT_BASELINE_V1,,ex_4c779df2,analysis_contract_baseline_v1.csv; identity inheritance per final closeout
OFI_01165,ex_4c779df2,케이블 플라이,OFI_DOSE,LOAD_REPS,,THREE_CONFIRMED_SETS_20KG_8REPS_600SECONDS_RPE8,0,1,MIGRATED_CURRENT_BEHAVIOR,ANALYSIS_CONTRACT_BASELINE_V1,,ex_4c779df2,analysis_contract_baseline_v1.csv; identity inheritance per final closeout
OFI_01166,ex_4c779df2,케이블 플라이,OFI_GROUP,CHEST_FLY_ISOLATION,,LOCAL_REPEAT_DETECTION,0,1,MIGRATED_CURRENT_BEHAVIOR,ANALYSIS_CONTRACT_BASELINE_V1,,ex_4c779df2,analysis_contract_baseline_v1.csv; identity inheritance per final closeout
OFI_01167,ex_4c779df2,케이블 플라이,OFI_GROUP,CHEST_FLY_ISOLATION,,STRENGTH_COMPARISON,0,1,MIGRATED_CURRENT_BEHAVIOR,ANALYSIS_CONTRACT_BASELINE_V1,,ex_4c779df2,analysis_contract_baseline_v1.csv; identity inheritance per final closeout
OFI_01168,ex_4c779df2,케이블 플라이,OFI_GROUP,CHEST_FLY_ISOLATION,,WORKLOAD_BASELINE,0,1,MIGRATED_CURRENT_BEHAVIOR,ANALYSIS_CONTRACT_BASELINE_V1,,ex_4c779df2,analysis_contract_baseline_v1.csv; identity inheritance per final closeout
OFI_01169,ex_4c779df2,케이블 플라이,OFI_SCORE,HIGH_FORCE_NEURAL,,,21,1,MIGRATED_CURRENT_BEHAVIOR,ANALYSIS_CONTRACT_BASELINE_V1,,ex_4c779df2,analysis_contract_baseline_v1.csv; identity inheritance per final closeout
OFI_01170,ex_4c779df2,케이블 플라이,OFI_SCORE,HIGH_SPEED,,,21,1,MIGRATED_CURRENT_BEHAVIOR,ANALYSIS_CONTRACT_BASELINE_V1,,ex_4c779df2,analysis_contract_baseline_v1.csv; identity inheritance per final closeout
OFI_01171,ex_4c779df2,케이블 플라이,OFI_SCORE,LOCAL_MUSCULAR,,,73,1,MIGRATED_CURRENT_BEHAVIOR,ANALYSIS_CONTRACT_BASELINE_V1,,ex_4c779df2,analysis_contract_baseline_v1.csv; identity inheritance per final closeout
OFI_01172,ex_4c779df2,케이블 플라이,OFI_SCORE,REACTIVE,,,20,1,MIGRATED_CURRENT_BEHAVIOR,ANALYSIS_CONTRACT_BASELINE_V1,,ex_4c779df2,analysis_contract_baseline_v1.csv; identity inheritance per final closeout
OFI_01173,ex_4c779df2,케이블 플라이,OFI_SCORE,SYSTEMIC_MUSCULAR,,,14,1,MIGRATED_CURRENT_BEHAVIOR,ANALYSIS_CONTRACT_BASELINE_V1,,ex_4c779df2,analysis_contract_baseline_v1.csv; identity inheritance per final closeout
OFI_01174,ex_4c779df2,케이블 플라이,OFI_SNAPSHOT,SUMMARY,LOW,LOW,39,1,MIGRATED_CURRENT_BEHAVIOR,ANALYSIS_CONTRACT_BASELINE_V1,,ex_4c779df2,analysis_contract_baseline_v1.csv; identity inheritance per final closeout
OFI_01175,ex_5004ca76,린단 참고 페이스 체인지 풋워크,BADMINTON_FATIGUE_COST,HIGH,,,0,1,MIGRATED_CURRENT_BEHAVIOR,ANALYSIS_CONTRACT_BASELINE_V1,,ex_5004ca76,analysis_contract_baseline_v1.csv; identity inheritance per final closeout
OFI_01176,ex_5004ca76,린단 참고 페이스 체인지 풋워크,OFI_AXIS,HIGH_FORCE_NEURAL,,MEDIUM,17.1875,1,MIGRATED_CURRENT_BEHAVIOR,ANALYSIS_CONTRACT_BASELINE_V1,,ex_5004ca76,analysis_contract_baseline_v1.csv; identity inheritance per final closeout
OFI_01177,ex_5004ca76,린단 참고 페이스 체인지 풋워크,OFI_AXIS,HIGH_SPEED,,MEDIUM,85.9375,1,MIGRATED_CURRENT_BEHAVIOR,ANALYSIS_CONTRACT_BASELINE_V1,,ex_5004ca76,analysis_contract_baseline_v1.csv; identity inheritance per final closeout
OFI_01178,ex_5004ca76,린단 참고 페이스 체인지 풋워크,OFI_AXIS,LOCAL_MUSCULAR,,MEDIUM,58.4375,1,MIGRATED_CURRENT_BEHAVIOR,ANALYSIS_CONTRACT_BASELINE_V1,,ex_5004ca76,analysis_contract_baseline_v1.csv; identity inheritance per final closeout
OFI_01179,ex_5004ca76,린단 참고 페이스 체인지 풋워크,OFI_AXIS,REACTIVE,,MEDIUM,93.75,1,MIGRATED_CURRENT_BEHAVIOR,ANALYSIS_CONTRACT_BASELINE_V1,,ex_5004ca76,analysis_contract_baseline_v1.csv; identity inheritance per final closeout
OFI_01180,ex_5004ca76,린단 참고 페이스 체인지 풋워크,OFI_AXIS,SYSTEMIC_MUSCULAR,,MEDIUM,53.125,1,MIGRATED_CURRENT_BEHAVIOR,ANALYSIS_CONTRACT_BASELINE_V1,,ex_5004ca76,analysis_contract_baseline_v1.csv; identity inheritance per final closeout
OFI_01181,ex_5004ca76,린단 참고 페이스 체인지 풋워크,OFI_CAUTION,HIGH_SPEED_CAUTION,,,0,1,MIGRATED_CURRENT_BEHAVIOR,ANALYSIS_CONTRACT_BASELINE_V1,,ex_5004ca76,analysis_contract_baseline_v1.csv; identity inheritance per final closeout
OFI_01182,ex_5004ca76,린단 참고 페이스 체인지 풋워크,OFI_CAUTION,REACTIVE_CAUTION,,,0,1,MIGRATED_CURRENT_BEHAVIOR,ANALYSIS_CONTRACT_BASELINE_V1,,ex_5004ca76,analysis_contract_baseline_v1.csv; identity inheritance per final closeout
OFI_01183,ex_5004ca76,린단 참고 페이스 체인지 풋워크,OFI_DOSE,DISTANCE_OR_TIME,,THREE_CONFIRMED_SETS_20KG_8REPS_600SECONDS_RPE8,0,1,MIGRATED_CURRENT_BEHAVIOR,ANALYSIS_CONTRACT_BASELINE_V1,,ex_5004ca76,analysis_contract_baseline_v1.csv; identity inheritance per final closeout
OFI_01184,ex_5004ca76,린단 참고 페이스 체인지 풋워크,OFI_GROUP,BADMINTON_COURT_FOOTWORK,,LOCAL_REPEAT_DETECTION,0,1,MIGRATED_CURRENT_BEHAVIOR,ANALYSIS_CONTRACT_BASELINE_V1,,ex_5004ca76,analysis_contract_baseline_v1.csv; identity inheritance per final closeout
OFI_01185,ex_5004ca76,린단 참고 페이스 체인지 풋워크,OFI_GROUP,NOT_APPLICABLE,,STRENGTH_COMPARISON,0,1,MIGRATED_CURRENT_BEHAVIOR,ANALYSIS_CONTRACT_BASELINE_V1,,ex_5004ca76,analysis_contract_baseline_v1.csv; identity inheritance per final closeout
OFI_01186,ex_5004ca76,린단 참고 페이스 체인지 풋워크,OFI_GROUP,NOT_APPLICABLE,,WORKLOAD_BASELINE,0,1,MIGRATED_CURRENT_BEHAVIOR,ANALYSIS_CONTRACT_BASELINE_V1,,ex_5004ca76,analysis_contract_baseline_v1.csv; identity inheritance per final closeout
OFI_01187,ex_5004ca76,린단 참고 페이스 체인지 풋워크,OFI_SCORE,HIGH_FORCE_NEURAL,,,21,1,MIGRATED_CURRENT_BEHAVIOR,ANALYSIS_CONTRACT_BASELINE_V1,,ex_5004ca76,analysis_contract_baseline_v1.csv; identity inheritance per final closeout
OFI_01188,ex_5004ca76,린단 참고 페이스 체인지 풋워크,OFI_SCORE,HIGH_SPEED,,,100,1,MIGRATED_CURRENT_BEHAVIOR,ANALYSIS_CONTRACT_BASELINE_V1,,ex_5004ca76,analysis_contract_baseline_v1.csv; identity inheritance per final closeout
OFI_01189,ex_5004ca76,린단 참고 페이스 체인지 풋워크,OFI_SCORE,LOCAL_MUSCULAR,,,73,1,MIGRATED_CURRENT_BEHAVIOR,ANALYSIS_CONTRACT_BASELINE_V1,,ex_5004ca76,analysis_contract_baseline_v1.csv; identity inheritance per final closeout
OFI_01190,ex_5004ca76,린단 참고 페이스 체인지 풋워크,OFI_SCORE,REACTIVE,,,100,1,MIGRATED_CURRENT_BEHAVIOR,ANALYSIS_CONTRACT_BASELINE_V1,,ex_5004ca76,analysis_contract_baseline_v1.csv; identity inheritance per final closeout
OFI_01191,ex_5004ca76,린단 참고 페이스 체인지 풋워크,OFI_SCORE,SYSTEMIC_MUSCULAR,,,66,1,MIGRATED_CURRENT_BEHAVIOR,ANALYSIS_CONTRACT_BASELINE_V1,,ex_5004ca76,analysis_contract_baseline_v1.csv; identity inheritance per final closeout
OFI_01192,ex_5004ca76,린단 참고 페이스 체인지 풋워크,OFI_SNAPSHOT,SUMMARY,ELEVATED,LOW,83,1,MIGRATED_CURRENT_BEHAVIOR,ANALYSIS_CONTRACT_BASELINE_V1,,ex_5004ca76,analysis_contract_baseline_v1.csv; identity inheritance per final closeout
OFI_01193,ex_5322f2d1,원암 케이블 트라이셉스 푸시다운,BADMINTON_FATIGUE_COST,MEDIUM,,,0,1,MIGRATED_CURRENT_BEHAVIOR,ANALYSIS_CONTRACT_BASELINE_V1,,ex_5322f2d1,analysis_contract_baseline_v1.csv; identity inheritance per final closeout
OFI_01194,ex_5322f2d1,원암 케이블 트라이셉스 푸시다운,OFI_AXIS,HIGH_FORCE_NEURAL,,SHORT,17.1875,1,MIGRATED_CURRENT_BEHAVIOR,ANALYSIS_CONTRACT_BASELINE_V1,,ex_5322f2d1,analysis_contract_baseline_v1.csv; identity inheritance per final closeout
OFI_01195,ex_5322f2d1,원암 케이블 트라이셉스 푸시다운,OFI_AXIS,HIGH_SPEED,,SHORT,17.1875,1,MIGRATED_CURRENT_BEHAVIOR,ANALYSIS_CONTRACT_BASELINE_V1,,ex_5322f2d1,analysis_contract_baseline_v1.csv; identity inheritance per final closeout
OFI_01196,ex_5322f2d1,원암 케이블 트라이셉스 푸시다운,OFI_AXIS,LOCAL_MUSCULAR,,SHORT,58.4375,1,MIGRATED_CURRENT_BEHAVIOR,ANALYSIS_CONTRACT_BASELINE_V1,,ex_5322f2d1,analysis_contract_baseline_v1.csv; identity inheritance per final closeout
OFI_01197,ex_5322f2d1,원암 케이블 트라이셉스 푸시다운,OFI_AXIS,REACTIVE,,SHORT,15.625,1,MIGRATED_CURRENT_BEHAVIOR,ANALYSIS_CONTRACT_BASELINE_V1,,ex_5322f2d1,analysis_contract_baseline_v1.csv; identity inheritance per final closeout
OFI_01198,ex_5322f2d1,원암 케이블 트라이셉스 푸시다운,OFI_AXIS,SYSTEMIC_MUSCULAR,,SHORT,10.9375,1,MIGRATED_CURRENT_BEHAVIOR,ANALYSIS_CONTRACT_BASELINE_V1,,ex_5322f2d1,analysis_contract_baseline_v1.csv; identity inheritance per final closeout
OFI_01199,ex_5322f2d1,원암 케이블 트라이셉스 푸시다운,OFI_DOSE,VOLUME_LOAD,,THREE_CONFIRMED_SETS_20KG_8REPS_600SECONDS_RPE8,0,1,MIGRATED_CURRENT_BEHAVIOR,ANALYSIS_CONTRACT_BASELINE_V1,,ex_5322f2d1,analysis_contract_baseline_v1.csv; identity inheritance per final closeout
OFI_01200,ex_5322f2d1,원암 케이블 트라이셉스 푸시다운,OFI_GROUP,ELBOW_EXTENSION_TRICEPS,,LOCAL_REPEAT_DETECTION,0,1,MIGRATED_CURRENT_BEHAVIOR,ANALYSIS_CONTRACT_BASELINE_V1,,ex_5322f2d1,analysis_contract_baseline_v1.csv; identity inheritance per final closeout
OFI_01201,ex_5322f2d1,원암 케이블 트라이셉스 푸시다운,OFI_GROUP,ELBOW_EXTENSION_TRICEPS,,STRENGTH_COMPARISON,0,1,MIGRATED_CURRENT_BEHAVIOR,ANALYSIS_CONTRACT_BASELINE_V1,,ex_5322f2d1,analysis_contract_baseline_v1.csv; identity inheritance per final closeout
OFI_01202,ex_5322f2d1,원암 케이블 트라이셉스 푸시다운,OFI_GROUP,ELBOW_EXTENSION_TRICEPS,,WORKLOAD_BASELINE,0,1,MIGRATED_CURRENT_BEHAVIOR,ANALYSIS_CONTRACT_BASELINE_V1,,ex_5322f2d1,analysis_contract_baseline_v1.csv; identity inheritance per final closeout
OFI_01203,ex_5322f2d1,원암 케이블 트라이셉스 푸시다운,OFI_SCORE,HIGH_FORCE_NEURAL,,,21,1,MIGRATED_CURRENT_BEHAVIOR,ANALYSIS_CONTRACT_BASELINE_V1,,ex_5322f2d1,analysis_contract_baseline_v1.csv; identity inheritance per final closeout
OFI_01204,ex_5322f2d1,원암 케이블 트라이셉스 푸시다운,OFI_SCORE,HIGH_SPEED,,,21,1,MIGRATED_CURRENT_BEHAVIOR,ANALYSIS_CONTRACT_BASELINE_V1,,ex_5322f2d1,analysis_contract_baseline_v1.csv; identity inheritance per final closeout
OFI_01205,ex_5322f2d1,원암 케이블 트라이셉스 푸시다운,OFI_SCORE,LOCAL_MUSCULAR,,,73,1,MIGRATED_CURRENT_BEHAVIOR,ANALYSIS_CONTRACT_BASELINE_V1,,ex_5322f2d1,analysis_contract_baseline_v1.csv; identity inheritance per final closeout
OFI_01206,ex_5322f2d1,원암 케이블 트라이셉스 푸시다운,OFI_SCORE,REACTIVE,,,20,1,MIGRATED_CURRENT_BEHAVIOR,ANALYSIS_CONTRACT_BASELINE_V1,,ex_5322f2d1,analysis_contract_baseline_v1.csv; identity inheritance per final closeout
OFI_01207,ex_5322f2d1,원암 케이블 트라이셉스 푸시다운,OFI_SCORE,SYSTEMIC_MUSCULAR,,,14,1,MIGRATED_CURRENT_BEHAVIOR,ANALYSIS_CONTRACT_BASELINE_V1,,ex_5322f2d1,analysis_contract_baseline_v1.csv; identity inheritance per final closeout
OFI_01208,ex_5322f2d1,원암 케이블 트라이셉스 푸시다운,OFI_SNAPSHOT,SUMMARY,LOW,LOW,39,1,MIGRATED_CURRENT_BEHAVIOR,ANALYSIS_CONTRACT_BASELINE_V1,,ex_5322f2d1,analysis_contract_baseline_v1.csv; identity inheritance per final closeout
OFI_01209,ex_5c8751d2,시티드 카프 레이즈,BADMINTON_FATIGUE_COST,LOW,,,0,1,MIGRATED_CURRENT_BEHAVIOR,ANALYSIS_CONTRACT_BASELINE_V1,,ex_5c8751d2,analysis_contract_baseline_v1.csv; identity inheritance per final closeout
OFI_01210,ex_5c8751d2,시티드 카프 레이즈,OFI_AXIS,HIGH_FORCE_NEURAL,,SHORT,17.1875,1,MIGRATED_CURRENT_BEHAVIOR,ANALYSIS_CONTRACT_BASELINE_V1,,ex_5c8751d2,analysis_contract_baseline_v1.csv; identity inheritance per final closeout
OFI_01211,ex_5c8751d2,시티드 카프 레이즈,OFI_AXIS,HIGH_SPEED,,SHORT,70.125,1,MIGRATED_CURRENT_BEHAVIOR,ANALYSIS_CONTRACT_BASELINE_V1,,ex_5c8751d2,analysis_contract_baseline_v1.csv; identity inheritance per final closeout
OFI_01212,ex_5c8751d2,시티드 카프 레이즈,OFI_AXIS,LOCAL_MUSCULAR,,SHORT,58.4375,1,MIGRATED_CURRENT_BEHAVIOR,ANALYSIS_CONTRACT_BASELINE_V1,,ex_5c8751d2,analysis_contract_baseline_v1.csv; identity inheritance per final closeout
OFI_01213,ex_5c8751d2,시티드 카프 레이즈,OFI_AXIS,REACTIVE,,SHORT,63.75,1,MIGRATED_CURRENT_BEHAVIOR,ANALYSIS_CONTRACT_BASELINE_V1,,ex_5c8751d2,analysis_contract_baseline_v1.csv; identity inheritance per final closeout
OFI_01214,ex_5c8751d2,시티드 카프 레이즈,OFI_AXIS,SYSTEMIC_MUSCULAR,,SHORT,15.625,1,MIGRATED_CURRENT_BEHAVIOR,ANALYSIS_CONTRACT_BASELINE_V1,,ex_5c8751d2,analysis_contract_baseline_v1.csv; identity inheritance per final closeout
OFI_01215,ex_5c8751d2,시티드 카프 레이즈,OFI_DOSE,VOLUME_LOAD,,THREE_CONFIRMED_SETS_20KG_8REPS_600SECONDS_RPE8,0,1,MIGRATED_CURRENT_BEHAVIOR,ANALYSIS_CONTRACT_BASELINE_V1,,ex_5c8751d2,analysis_contract_baseline_v1.csv; identity inheritance per final closeout
OFI_01216,ex_5c8751d2,시티드 카프 레이즈,OFI_GROUP,CALF_ACHILLES_ANKLE_STIFFNESS,,LOCAL_REPEAT_DETECTION,0,1,MIGRATED_CURRENT_BEHAVIOR,ANALYSIS_CONTRACT_BASELINE_V1,,ex_5c8751d2,analysis_contract_baseline_v1.csv; identity inheritance per final closeout
OFI_01217,ex_5c8751d2,시티드 카프 레이즈,OFI_GROUP,CALF_ACHILLES_ANKLE_STIFFNESS,,STRENGTH_COMPARISON,0,1,MIGRATED_CURRENT_BEHAVIOR,ANALYSIS_CONTRACT_BASELINE_V1,,ex_5c8751d2,analysis_contract_baseline_v1.csv; identity inheritance per final closeout
OFI_01218,ex_5c8751d2,시티드 카프 레이즈,OFI_GROUP,CALF_ACHILLES_ANKLE_STIFFNESS,,WORKLOAD_BASELINE,0,1,MIGRATED_CURRENT_BEHAVIOR,ANALYSIS_CONTRACT_BASELINE_V1,,ex_5c8751d2,analysis_contract_baseline_v1.csv; identity inheritance per final closeout
OFI_01219,ex_5c8751d2,시티드 카프 레이즈,OFI_SCORE,HIGH_FORCE_NEURAL,,,21,1,MIGRATED_CURRENT_BEHAVIOR,ANALYSIS_CONTRACT_BASELINE_V1,,ex_5c8751d2,analysis_contract_baseline_v1.csv; identity inheritance per final closeout
OFI_01220,ex_5c8751d2,시티드 카프 레이즈,OFI_SCORE,HIGH_SPEED,,,88,1,MIGRATED_CURRENT_BEHAVIOR,ANALYSIS_CONTRACT_BASELINE_V1,,ex_5c8751d2,analysis_contract_baseline_v1.csv; identity inheritance per final closeout
OFI_01221,ex_5c8751d2,시티드 카프 레이즈,OFI_SCORE,LOCAL_MUSCULAR,,,73,1,MIGRATED_CURRENT_BEHAVIOR,ANALYSIS_CONTRACT_BASELINE_V1,,ex_5c8751d2,analysis_contract_baseline_v1.csv; identity inheritance per final closeout
OFI_01222,ex_5c8751d2,시티드 카프 레이즈,OFI_SCORE,REACTIVE,,,80,1,MIGRATED_CURRENT_BEHAVIOR,ANALYSIS_CONTRACT_BASELINE_V1,,ex_5c8751d2,analysis_contract_baseline_v1.csv; identity inheritance per final closeout
OFI_01223,ex_5c8751d2,시티드 카프 레이즈,OFI_SCORE,SYSTEMIC_MUSCULAR,,,20,1,MIGRATED_CURRENT_BEHAVIOR,ANALYSIS_CONTRACT_BASELINE_V1,,ex_5c8751d2,analysis_contract_baseline_v1.csv; identity inheritance per final closeout
OFI_01224,ex_5c8751d2,시티드 카프 레이즈,OFI_SNAPSHOT,SUMMARY,NORMAL,LOW,72,1,MIGRATED_CURRENT_BEHAVIOR,ANALYSIS_CONTRACT_BASELINE_V1,,ex_5c8751d2,analysis_contract_baseline_v1.csv; identity inheritance per final closeout
OFI_01225,ex_5ca7133f,원레그 카프 레이즈,BADMINTON_FATIGUE_COST,LOW,,,0,1,MIGRATED_CURRENT_BEHAVIOR,ANALYSIS_CONTRACT_BASELINE_V1,,ex_5ca7133f,analysis_contract_baseline_v1.csv; identity inheritance per final closeout
OFI_01226,ex_5ca7133f,원레그 카프 레이즈,OFI_AXIS,HIGH_FORCE_NEURAL,,SHORT,17.1875,1,MIGRATED_CURRENT_BEHAVIOR,ANALYSIS_CONTRACT_BASELINE_V1,,ex_5ca7133f,analysis_contract_baseline_v1.csv; identity inheritance per final closeout
OFI_01227,ex_5ca7133f,원레그 카프 레이즈,OFI_AXIS,HIGH_SPEED,,SHORT,70.125,1,MIGRATED_CURRENT_BEHAVIOR,ANALYSIS_CONTRACT_BASELINE_V1,,ex_5ca7133f,analysis_contract_baseline_v1.csv; identity inheritance per final closeout
OFI_01228,ex_5ca7133f,원레그 카프 레이즈,OFI_AXIS,LOCAL_MUSCULAR,,SHORT,58.4375,1,MIGRATED_CURRENT_BEHAVIOR,ANALYSIS_CONTRACT_BASELINE_V1,,ex_5ca7133f,analysis_contract_baseline_v1.csv; identity inheritance per final closeout
OFI_01229,ex_5ca7133f,원레그 카프 레이즈,OFI_AXIS,REACTIVE,,SHORT,63.75,1,MIGRATED_CURRENT_BEHAVIOR,ANALYSIS_CONTRACT_BASELINE_V1,,ex_5ca7133f,analysis_contract_baseline_v1.csv; identity inheritance per final closeout
OFI_01230,ex_5ca7133f,원레그 카프 레이즈,OFI_AXIS,SYSTEMIC_MUSCULAR,,SHORT,15.625,1,MIGRATED_CURRENT_BEHAVIOR,ANALYSIS_CONTRACT_BASELINE_V1,,ex_5ca7133f,analysis_contract_baseline_v1.csv; identity inheritance per final closeout
OFI_01231,ex_5ca7133f,원레그 카프 레이즈,OFI_DOSE,VOLUME_LOAD,,THREE_CONFIRMED_SETS_20KG_8REPS_600SECONDS_RPE8,0,1,MIGRATED_CURRENT_BEHAVIOR,ANALYSIS_CONTRACT_BASELINE_V1,,ex_5ca7133f,analysis_contract_baseline_v1.csv; identity inheritance per final closeout
OFI_01232,ex_5ca7133f,원레그 카프 레이즈,OFI_GROUP,CALF_ACHILLES_ANKLE_STIFFNESS,,LOCAL_REPEAT_DETECTION,0,1,MIGRATED_CURRENT_BEHAVIOR,ANALYSIS_CONTRACT_BASELINE_V1,,ex_5ca7133f,analysis_contract_baseline_v1.csv; identity inheritance per final closeout
OFI_01233,ex_5ca7133f,원레그 카프 레이즈,OFI_GROUP,CALF_ACHILLES_ANKLE_STIFFNESS,,STRENGTH_COMPARISON,0,1,MIGRATED_CURRENT_BEHAVIOR,ANALYSIS_CONTRACT_BASELINE_V1,,ex_5ca7133f,analysis_contract_baseline_v1.csv; identity inheritance per final closeout
OFI_01234,ex_5ca7133f,원레그 카프 레이즈,OFI_GROUP,CALF_ACHILLES_ANKLE_STIFFNESS,,WORKLOAD_BASELINE,0,1,MIGRATED_CURRENT_BEHAVIOR,ANALYSIS_CONTRACT_BASELINE_V1,,ex_5ca7133f,analysis_contract_baseline_v1.csv; identity inheritance per final closeout
OFI_01235,ex_5ca7133f,원레그 카프 레이즈,OFI_SCORE,HIGH_FORCE_NEURAL,,,21,1,MIGRATED_CURRENT_BEHAVIOR,ANALYSIS_CONTRACT_BASELINE_V1,,ex_5ca7133f,analysis_contract_baseline_v1.csv; identity inheritance per final closeout
OFI_01236,ex_5ca7133f,원레그 카프 레이즈,OFI_SCORE,HIGH_SPEED,,,88,1,MIGRATED_CURRENT_BEHAVIOR,ANALYSIS_CONTRACT_BASELINE_V1,,ex_5ca7133f,analysis_contract_baseline_v1.csv; identity inheritance per final closeout
OFI_01237,ex_5ca7133f,원레그 카프 레이즈,OFI_SCORE,LOCAL_MUSCULAR,,,73,1,MIGRATED_CURRENT_BEHAVIOR,ANALYSIS_CONTRACT_BASELINE_V1,,ex_5ca7133f,analysis_contract_baseline_v1.csv; identity inheritance per final closeout
OFI_01238,ex_5ca7133f,원레그 카프 레이즈,OFI_SCORE,REACTIVE,,,80,1,MIGRATED_CURRENT_BEHAVIOR,ANALYSIS_CONTRACT_BASELINE_V1,,ex_5ca7133f,analysis_contract_baseline_v1.csv; identity inheritance per final closeout
OFI_01239,ex_5ca7133f,원레그 카프 레이즈,OFI_SCORE,SYSTEMIC_MUSCULAR,,,20,1,MIGRATED_CURRENT_BEHAVIOR,ANALYSIS_CONTRACT_BASELINE_V1,,ex_5ca7133f,analysis_contract_baseline_v1.csv; identity inheritance per final closeout
OFI_01240,ex_5ca7133f,원레그 카프 레이즈,OFI_SNAPSHOT,SUMMARY,NORMAL,LOW,72,1,MIGRATED_CURRENT_BEHAVIOR,ANALYSIS_CONTRACT_BASELINE_V1,,ex_5ca7133f,analysis_contract_baseline_v1.csv; identity inheritance per final closeout
OFI_01241,ex_6232f4bc,박스 스텝업,BADMINTON_FATIGUE_COST,HIGH,,,0,1,MIGRATED_CURRENT_BEHAVIOR,ANALYSIS_CONTRACT_BASELINE_V1,,ex_6232f4bc,analysis_contract_baseline_v1.csv; identity inheritance per final closeout
OFI_01242,ex_6232f4bc,박스 스텝업,OFI_AXIS,HIGH_FORCE_NEURAL,,MEDIUM,17.1875,1,MIGRATED_CURRENT_BEHAVIOR,ANALYSIS_CONTRACT_BASELINE_V1,,ex_6232f4bc,analysis_contract_baseline_v1.csv; identity inheritance per final closeout
OFI_01243,ex_6232f4bc,박스 스텝업,OFI_AXIS,HIGH_SPEED,,MEDIUM,70.125,1,MIGRATED_CURRENT_BEHAVIOR,ANALYSIS_CONTRACT_BASELINE_V1,,ex_6232f4bc,analysis_contract_baseline_v1.csv; identity inheritance per final closeout
OFI_01244,ex_6232f4bc,박스 스텝업,OFI_AXIS,LOCAL_MUSCULAR,,MEDIUM,58.4375,1,MIGRATED_CURRENT_BEHAVIOR,ANALYSIS_CONTRACT_BASELINE_V1,,ex_6232f4bc,analysis_contract_baseline_v1.csv; identity inheritance per final closeout
OFI_01245,ex_6232f4bc,박스 스텝업,OFI_AXIS,REACTIVE,,MEDIUM,63.75,1,MIGRATED_CURRENT_BEHAVIOR,ANALYSIS_CONTRACT_BASELINE_V1,,ex_6232f4bc,analysis_contract_baseline_v1.csv; identity inheritance per final closeout
OFI_01246,ex_6232f4bc,박스 스텝업,OFI_AXIS,SYSTEMIC_MUSCULAR,,MEDIUM,29.21875,1,MIGRATED_CURRENT_BEHAVIOR,ANALYSIS_CONTRACT_BASELINE_V1,,ex_6232f4bc,analysis_contract_baseline_v1.csv; identity inheritance per final closeout
OFI_01247,ex_6232f4bc,박스 스텝업,OFI_DOSE,LOAD_REPS,,THREE_CONFIRMED_SETS_20KG_8REPS_600SECONDS_RPE8,0,1,MIGRATED_CURRENT_BEHAVIOR,ANALYSIS_CONTRACT_BASELINE_V1,,ex_6232f4bc,analysis_contract_baseline_v1.csv; identity inheritance per final closeout
OFI_01248,ex_6232f4bc,박스 스텝업,OFI_GROUP,STEP_UP_SINGLE_LEG_KNEE_HIP_EXTENSION,,LOCAL_REPEAT_DETECTION,0,1,MIGRATED_CURRENT_BEHAVIOR,ANALYSIS_CONTRACT_BASELINE_V1,,ex_6232f4bc,analysis_contract_baseline_v1.csv; identity inheritance per final closeout
OFI_01249,ex_6232f4bc,박스 스텝업,OFI_GROUP,STEP_UP_SINGLE_LEG_KNEE_HIP_EXTENSION,,STRENGTH_COMPARISON,0,1,MIGRATED_CURRENT_BEHAVIOR,ANALYSIS_CONTRACT_BASELINE_V1,,ex_6232f4bc,analysis_contract_baseline_v1.csv; identity inheritance per final closeout
OFI_01250,ex_6232f4bc,박스 스텝업,OFI_GROUP,STEP_UP_SINGLE_LEG_KNEE_HIP_EXTENSION,,WORKLOAD_BASELINE,0,1,MIGRATED_CURRENT_BEHAVIOR,ANALYSIS_CONTRACT_BASELINE_V1,,ex_6232f4bc,analysis_contract_baseline_v1.csv; identity inheritance per final closeout
OFI_01251,ex_6232f4bc,박스 스텝업,OFI_SCORE,HIGH_FORCE_NEURAL,,,21,1,MIGRATED_CURRENT_BEHAVIOR,ANALYSIS_CONTRACT_BASELINE_V1,,ex_6232f4bc,analysis_contract_baseline_v1.csv; identity inheritance per final closeout
OFI_01252,ex_6232f4bc,박스 스텝업,OFI_SCORE,HIGH_SPEED,,,88,1,MIGRATED_CURRENT_BEHAVIOR,ANALYSIS_CONTRACT_BASELINE_V1,,ex_6232f4bc,analysis_contract_baseline_v1.csv; identity inheritance per final closeout
OFI_01253,ex_6232f4bc,박스 스텝업,OFI_SCORE,LOCAL_MUSCULAR,,,73,1,MIGRATED_CURRENT_BEHAVIOR,ANALYSIS_CONTRACT_BASELINE_V1,,ex_6232f4bc,analysis_contract_baseline_v1.csv; identity inheritance per final closeout
OFI_01254,ex_6232f4bc,박스 스텝업,OFI_SCORE,REACTIVE,,,80,1,MIGRATED_CURRENT_BEHAVIOR,ANALYSIS_CONTRACT_BASELINE_V1,,ex_6232f4bc,analysis_contract_baseline_v1.csv; identity inheritance per final closeout
OFI_01255,ex_6232f4bc,박스 스텝업,OFI_SCORE,SYSTEMIC_MUSCULAR,,,37,1,MIGRATED_CURRENT_BEHAVIOR,ANALYSIS_CONTRACT_BASELINE_V1,,ex_6232f4bc,analysis_contract_baseline_v1.csv; identity inheritance per final closeout
OFI_01256,ex_6232f4bc,박스 스텝업,OFI_SNAPSHOT,SUMMARY,NORMAL,LOW,74,1,MIGRATED_CURRENT_BEHAVIOR,ANALYSIS_CONTRACT_BASELINE_V1,,ex_6232f4bc,analysis_contract_baseline_v1.csv; identity inheritance per final closeout
OFI_01257,ex_64422511,랜덤 방향전환 드릴,BADMINTON_FATIGUE_COST,HIGH,,,0,1,MIGRATED_CURRENT_BEHAVIOR,ANALYSIS_CONTRACT_BASELINE_V1,,ex_64422511,analysis_contract_baseline_v1.csv; identity inheritance per final closeout
OFI_01258,ex_64422511,랜덤 방향전환 드릴,OFI_AXIS,HIGH_FORCE_NEURAL,,MEDIUM,17.1875,1,MIGRATED_CURRENT_BEHAVIOR,ANALYSIS_CONTRACT_BASELINE_V1,,ex_64422511,analysis_contract_baseline_v1.csv; identity inheritance per final closeout
OFI_01259,ex_64422511,랜덤 방향전환 드릴,OFI_AXIS,HIGH_SPEED,,MEDIUM,85.9375,1,MIGRATED_CURRENT_BEHAVIOR,ANALYSIS_CONTRACT_BASELINE_V1,,ex_64422511,analysis_contract_baseline_v1.csv; identity inheritance per final closeout
OFI_01260,ex_64422511,랜덤 방향전환 드릴,OFI_AXIS,LOCAL_MUSCULAR,,MEDIUM,58.4375,1,MIGRATED_CURRENT_BEHAVIOR,ANALYSIS_CONTRACT_BASELINE_V1,,ex_64422511,analysis_contract_baseline_v1.csv; identity inheritance per final closeout
OFI_01261,ex_64422511,랜덤 방향전환 드릴,OFI_AXIS,REACTIVE,,MEDIUM,93.75,1,MIGRATED_CURRENT_BEHAVIOR,ANALYSIS_CONTRACT_BASELINE_V1,,ex_64422511,analysis_contract_baseline_v1.csv; identity inheritance per final closeout
OFI_01262,ex_64422511,랜덤 방향전환 드릴,OFI_AXIS,SYSTEMIC_MUSCULAR,,MEDIUM,53.125,1,MIGRATED_CURRENT_BEHAVIOR,ANALYSIS_CONTRACT_BASELINE_V1,,ex_64422511,analysis_contract_baseline_v1.csv; identity inheritance per final closeout
OFI_01263,ex_64422511,랜덤 방향전환 드릴,OFI_CAUTION,HIGH_SPEED_CAUTION,,,0,1,MIGRATED_CURRENT_BEHAVIOR,ANALYSIS_CONTRACT_BASELINE_V1,,ex_64422511,analysis_contract_baseline_v1.csv; identity inheritance per final closeout
OFI_01264,ex_64422511,랜덤 방향전환 드릴,OFI_CAUTION,REACTIVE_CAUTION,,,0,1,MIGRATED_CURRENT_BEHAVIOR,ANALYSIS_CONTRACT_BASELINE_V1,,ex_64422511,analysis_contract_baseline_v1.csv; identity inheritance per final closeout
OFI_01265,ex_64422511,랜덤 방향전환 드릴,OFI_DOSE,DISTANCE_OR_TIME,,THREE_CONFIRMED_SETS_20KG_8REPS_600SECONDS_RPE8,0,1,MIGRATED_CURRENT_BEHAVIOR,ANALYSIS_CONTRACT_BASELINE_V1,,ex_64422511,analysis_contract_baseline_v1.csv; identity inheritance per final closeout
OFI_01266,ex_64422511,랜덤 방향전환 드릴,OFI_GROUP,BADMINTON_COURT_FOOTWORK,,LOCAL_REPEAT_DETECTION,0,1,MIGRATED_CURRENT_BEHAVIOR,ANALYSIS_CONTRACT_BASELINE_V1,,ex_64422511,analysis_contract_baseline_v1.csv; identity inheritance per final closeout
OFI_01267,ex_64422511,랜덤 방향전환 드릴,OFI_GROUP,NOT_APPLICABLE,,STRENGTH_COMPARISON,0,1,MIGRATED_CURRENT_BEHAVIOR,ANALYSIS_CONTRACT_BASELINE_V1,,ex_64422511,analysis_contract_baseline_v1.csv; identity inheritance per final closeout
OFI_01268,ex_64422511,랜덤 방향전환 드릴,OFI_GROUP,NOT_APPLICABLE,,WORKLOAD_BASELINE,0,1,MIGRATED_CURRENT_BEHAVIOR,ANALYSIS_CONTRACT_BASELINE_V1,,ex_64422511,analysis_contract_baseline_v1.csv; identity inheritance per final closeout
OFI_01269,ex_64422511,랜덤 방향전환 드릴,OFI_SCORE,HIGH_FORCE_NEURAL,,,21,1,MIGRATED_CURRENT_BEHAVIOR,ANALYSIS_CONTRACT_BASELINE_V1,,ex_64422511,analysis_contract_baseline_v1.csv; identity inheritance per final closeout
OFI_01270,ex_64422511,랜덤 방향전환 드릴,OFI_SCORE,HIGH_SPEED,,,100,1,MIGRATED_CURRENT_BEHAVIOR,ANALYSIS_CONTRACT_BASELINE_V1,,ex_64422511,analysis_contract_baseline_v1.csv; identity inheritance per final closeout
OFI_01271,ex_64422511,랜덤 방향전환 드릴,OFI_SCORE,LOCAL_MUSCULAR,,,73,1,MIGRATED_CURRENT_BEHAVIOR,ANALYSIS_CONTRACT_BASELINE_V1,,ex_64422511,analysis_contract_baseline_v1.csv; identity inheritance per final closeout
OFI_01272,ex_64422511,랜덤 방향전환 드릴,OFI_SCORE,REACTIVE,,,100,1,MIGRATED_CURRENT_BEHAVIOR,ANALYSIS_CONTRACT_BASELINE_V1,,ex_64422511,analysis_contract_baseline_v1.csv; identity inheritance per final closeout
OFI_01273,ex_64422511,랜덤 방향전환 드릴,OFI_SCORE,SYSTEMIC_MUSCULAR,,,66,1,MIGRATED_CURRENT_BEHAVIOR,ANALYSIS_CONTRACT_BASELINE_V1,,ex_64422511,analysis_contract_baseline_v1.csv; identity inheritance per final closeout
OFI_01274,ex_64422511,랜덤 방향전환 드릴,OFI_SNAPSHOT,SUMMARY,ELEVATED,LOW,83,1,MIGRATED_CURRENT_BEHAVIOR,ANALYSIS_CONTRACT_BASELINE_V1,,ex_64422511,analysis_contract_baseline_v1.csv; identity inheritance per final closeout
OFI_01275,ex_644e0f9d,V업,BADMINTON_FATIGUE_COST,HIGH,,,0,1,MIGRATED_CURRENT_BEHAVIOR,ANALYSIS_CONTRACT_BASELINE_V1,,ex_644e0f9d,analysis_contract_baseline_v1.csv; identity inheritance per final closeout
OFI_01276,ex_644e0f9d,V업,OFI_AXIS,HIGH_FORCE_NEURAL,,SHORT,17.1875,1,MIGRATED_CURRENT_BEHAVIOR,ANALYSIS_CONTRACT_BASELINE_V1,,ex_644e0f9d,analysis_contract_baseline_v1.csv; identity inheritance per final closeout
OFI_01277,ex_644e0f9d,V업,OFI_AXIS,HIGH_SPEED,,SHORT,17.1875,1,MIGRATED_CURRENT_BEHAVIOR,ANALYSIS_CONTRACT_BASELINE_V1,,ex_644e0f9d,analysis_contract_baseline_v1.csv; identity inheritance per final closeout
OFI_01278,ex_644e0f9d,V업,OFI_AXIS,LOCAL_MUSCULAR,,SHORT,58.4375,1,MIGRATED_CURRENT_BEHAVIOR,ANALYSIS_CONTRACT_BASELINE_V1,,ex_644e0f9d,analysis_contract_baseline_v1.csv; identity inheritance per final closeout
OFI_01279,ex_644e0f9d,V업,OFI_AXIS,REACTIVE,,SHORT,15.625,1,MIGRATED_CURRENT_BEHAVIOR,ANALYSIS_CONTRACT_BASELINE_V1,,ex_644e0f9d,analysis_contract_baseline_v1.csv; identity inheritance per final closeout
OFI_01280,ex_644e0f9d,V업,OFI_AXIS,SYSTEMIC_MUSCULAR,,SHORT,13.28125,1,MIGRATED_CURRENT_BEHAVIOR,ANALYSIS_CONTRACT_BASELINE_V1,,ex_644e0f9d,analysis_contract_baseline_v1.csv; identity inheritance per final closeout
OFI_01281,ex_644e0f9d,V업,OFI_DOSE,REPS_OR_TIME,,THREE_CONFIRMED_SETS_20KG_8REPS_600SECONDS_RPE8,0,1,MIGRATED_CURRENT_BEHAVIOR,ANALYSIS_CONTRACT_BASELINE_V1,,ex_644e0f9d,analysis_contract_baseline_v1.csv; identity inheritance per final closeout
OFI_01282,ex_644e0f9d,V업,OFI_GROUP,ANTERIOR_CORE_FLEXION,,LOCAL_REPEAT_DETECTION,0,1,MIGRATED_CURRENT_BEHAVIOR,ANALYSIS_CONTRACT_BASELINE_V1,,ex_644e0f9d,analysis_contract_baseline_v1.csv; identity inheritance per final closeout
OFI_01283,ex_644e0f9d,V업,OFI_GROUP,ANTERIOR_CORE_FLEXION,,STRENGTH_COMPARISON,0,1,MIGRATED_CURRENT_BEHAVIOR,ANALYSIS_CONTRACT_BASELINE_V1,,ex_644e0f9d,analysis_contract_baseline_v1.csv; identity inheritance per final closeout
OFI_01284,ex_644e0f9d,V업,OFI_GROUP,ANTERIOR_CORE_FLEXION,,WORKLOAD_BASELINE,0,1,MIGRATED_CURRENT_BEHAVIOR,ANALYSIS_CONTRACT_BASELINE_V1,,ex_644e0f9d,analysis_contract_baseline_v1.csv; identity inheritance per final closeout
OFI_01285,ex_644e0f9d,V업,OFI_SCORE,HIGH_FORCE_NEURAL,,,21,1,MIGRATED_CURRENT_BEHAVIOR,ANALYSIS_CONTRACT_BASELINE_V1,,ex_644e0f9d,analysis_contract_baseline_v1.csv; identity inheritance per final closeout
OFI_01286,ex_644e0f9d,V업,OFI_SCORE,HIGH_SPEED,,,21,1,MIGRATED_CURRENT_BEHAVIOR,ANALYSIS_CONTRACT_BASELINE_V1,,ex_644e0f9d,analysis_contract_baseline_v1.csv; identity inheritance per final closeout
OFI_01287,ex_644e0f9d,V업,OFI_SCORE,LOCAL_MUSCULAR,,,73,1,MIGRATED_CURRENT_BEHAVIOR,ANALYSIS_CONTRACT_BASELINE_V1,,ex_644e0f9d,analysis_contract_baseline_v1.csv; identity inheritance per final closeout
OFI_01288,ex_644e0f9d,V업,OFI_SCORE,REACTIVE,,,20,1,MIGRATED_CURRENT_BEHAVIOR,ANALYSIS_CONTRACT_BASELINE_V1,,ex_644e0f9d,analysis_contract_baseline_v1.csv; identity inheritance per final closeout
OFI_01289,ex_644e0f9d,V업,OFI_SCORE,SYSTEMIC_MUSCULAR,,,17,1,MIGRATED_CURRENT_BEHAVIOR,ANALYSIS_CONTRACT_BASELINE_V1,,ex_644e0f9d,analysis_contract_baseline_v1.csv; identity inheritance per final closeout
OFI_01290,ex_644e0f9d,V업,OFI_SNAPSHOT,SUMMARY,LOW,LOW,39,1,MIGRATED_CURRENT_BEHAVIOR,ANALYSIS_CONTRACT_BASELINE_V1,,ex_644e0f9d,analysis_contract_baseline_v1.csv; identity inheritance per final closeout
OFI_01291,ex_6463edad,딥스,BADMINTON_FATIGUE_COST,MEDIUM,,,0,1,MIGRATED_CURRENT_BEHAVIOR,ANALYSIS_CONTRACT_BASELINE_V1,,ex_6463edad,analysis_contract_baseline_v1.csv; identity inheritance per final closeout
OFI_01292,ex_6463edad,딥스,OFI_AXIS,HIGH_FORCE_NEURAL,,MEDIUM,37.8125,1,MIGRATED_CURRENT_BEHAVIOR,ANALYSIS_CONTRACT_BASELINE_V1,,ex_6463edad,analysis_contract_baseline_v1.csv; identity inheritance per final closeout
OFI_01293,ex_6463edad,딥스,OFI_AXIS,HIGH_SPEED,,MEDIUM,17.1875,1,MIGRATED_CURRENT_BEHAVIOR,ANALYSIS_CONTRACT_BASELINE_V1,,ex_6463edad,analysis_contract_baseline_v1.csv; identity inheritance per final closeout
OFI_01294,ex_6463edad,딥스,OFI_AXIS,LOCAL_MUSCULAR,,MEDIUM,58.4375,1,MIGRATED_CURRENT_BEHAVIOR,ANALYSIS_CONTRACT_BASELINE_V1,,ex_6463edad,analysis_contract_baseline_v1.csv; identity inheritance per final closeout
OFI_01295,ex_6463edad,딥스,OFI_AXIS,REACTIVE,,MEDIUM,15.625,1,MIGRATED_CURRENT_BEHAVIOR,ANALYSIS_CONTRACT_BASELINE_V1,,ex_6463edad,analysis_contract_baseline_v1.csv; identity inheritance per final closeout
OFI_01296,ex_6463edad,딥스,OFI_AXIS,SYSTEMIC_MUSCULAR,,MEDIUM,34.375,1,MIGRATED_CURRENT_BEHAVIOR,ANALYSIS_CONTRACT_BASELINE_V1,,ex_6463edad,analysis_contract_baseline_v1.csv; identity inheritance per final closeout
OFI_01297,ex_6463edad,딥스,OFI_DOSE,LOAD_REPS,,THREE_CONFIRMED_SETS_20KG_8REPS_600SECONDS_RPE8,0,1,MIGRATED_CURRENT_BEHAVIOR,ANALYSIS_CONTRACT_BASELINE_V1,,ex_6463edad,analysis_contract_baseline_v1.csv; identity inheritance per final closeout
OFI_01298,ex_6463edad,딥스,OFI_GROUP,DIP_COMPOUND_PUSH,,LOCAL_REPEAT_DETECTION,0,1,MIGRATED_CURRENT_BEHAVIOR,ANALYSIS_CONTRACT_BASELINE_V1,,ex_6463edad,analysis_contract_baseline_v1.csv; identity inheritance per final closeout
OFI_01299,ex_6463edad,딥스,OFI_GROUP,DIP_COMPOUND_PUSH,,STRENGTH_COMPARISON,0,1,MIGRATED_CURRENT_BEHAVIOR,ANALYSIS_CONTRACT_BASELINE_V1,,ex_6463edad,analysis_contract_baseline_v1.csv; identity inheritance per final closeout
OFI_01300,ex_6463edad,딥스,OFI_GROUP,DIP_COMPOUND_PUSH,,WORKLOAD_BASELINE,0,1,MIGRATED_CURRENT_BEHAVIOR,ANALYSIS_CONTRACT_BASELINE_V1,,ex_6463edad,analysis_contract_baseline_v1.csv; identity inheritance per final closeout
OFI_01301,ex_6463edad,딥스,OFI_SCORE,HIGH_FORCE_NEURAL,,,47,1,MIGRATED_CURRENT_BEHAVIOR,ANALYSIS_CONTRACT_BASELINE_V1,,ex_6463edad,analysis_contract_baseline_v1.csv; identity inheritance per final closeout
OFI_01302,ex_6463edad,딥스,OFI_SCORE,HIGH_SPEED,,,21,1,MIGRATED_CURRENT_BEHAVIOR,ANALYSIS_CONTRACT_BASELINE_V1,,ex_6463edad,analysis_contract_baseline_v1.csv; identity inheritance per final closeout
OFI_01303,ex_6463edad,딥스,OFI_SCORE,LOCAL_MUSCULAR,,,73,1,MIGRATED_CURRENT_BEHAVIOR,ANALYSIS_CONTRACT_BASELINE_V1,,ex_6463edad,analysis_contract_baseline_v1.csv; identity inheritance per final closeout
OFI_01304,ex_6463edad,딥스,OFI_SCORE,REACTIVE,,,20,1,MIGRATED_CURRENT_BEHAVIOR,ANALYSIS_CONTRACT_BASELINE_V1,,ex_6463edad,analysis_contract_baseline_v1.csv; identity inheritance per final closeout
OFI_01305,ex_6463edad,딥스,OFI_SCORE,SYSTEMIC_MUSCULAR,,,43,1,MIGRATED_CURRENT_BEHAVIOR,ANALYSIS_CONTRACT_BASELINE_V1,,ex_6463edad,analysis_contract_baseline_v1.csv; identity inheritance per final closeout
OFI_01306,ex_6463edad,딥스,OFI_SNAPSHOT,SUMMARY,NORMAL,LOW,44,1,MIGRATED_CURRENT_BEHAVIOR,ANALYSIS_CONTRACT_BASELINE_V1,,ex_6463edad,analysis_contract_baseline_v1.csv; identity inheritance per final closeout
OFI_01307,ex_64644b5e,런지,BADMINTON_FATIGUE_COST,HIGH,,,0,1,MIGRATED_CURRENT_BEHAVIOR,ANALYSIS_CONTRACT_BASELINE_V1,,ex_64644b5e,analysis_contract_baseline_v1.csv; identity inheritance per final closeout
OFI_01308,ex_64644b5e,런지,OFI_AXIS,HIGH_FORCE_NEURAL,,LONG,37.8125,1,MIGRATED_CURRENT_BEHAVIOR,ANALYSIS_CONTRACT_BASELINE_V1,,ex_64644b5e,analysis_contract_baseline_v1.csv; identity inheritance per final closeout
OFI_01309,ex_64644b5e,런지,OFI_AXIS,HIGH_SPEED,,LONG,70.125,1,MIGRATED_CURRENT_BEHAVIOR,ANALYSIS_CONTRACT_BASELINE_V1,,ex_64644b5e,analysis_contract_baseline_v1.csv; identity inheritance per final closeout
OFI_01310,ex_64644b5e,런지,OFI_AXIS,LOCAL_MUSCULAR,,LONG,58.4375,1,MIGRATED_CURRENT_BEHAVIOR,ANALYSIS_CONTRACT_BASELINE_V1,,ex_64644b5e,analysis_contract_baseline_v1.csv; identity inheritance per final closeout
OFI_01311,ex_64644b5e,런지,OFI_AXIS,REACTIVE,,LONG,63.75,1,MIGRATED_CURRENT_BEHAVIOR,ANALYSIS_CONTRACT_BASELINE_V1,,ex_64644b5e,analysis_contract_baseline_v1.csv; identity inheritance per final closeout
OFI_01312,ex_64644b5e,런지,OFI_AXIS,SYSTEMIC_MUSCULAR,,LONG,53.125,1,MIGRATED_CURRENT_BEHAVIOR,ANALYSIS_CONTRACT_BASELINE_V1,,ex_64644b5e,analysis_contract_baseline_v1.csv; identity inheritance per final closeout
OFI_01313,ex_64644b5e,런지,OFI_DOSE,VOLUME_LOAD,,THREE_CONFIRMED_SETS_20KG_8REPS_600SECONDS_RPE8,0,1,MIGRATED_CURRENT_BEHAVIOR,ANALYSIS_CONTRACT_BASELINE_V1,,ex_64644b5e,analysis_contract_baseline_v1.csv; identity inheritance per final closeout
OFI_01314,ex_64644b5e,런지,OFI_GROUP,LUNGE_UNILATERAL_LOWER,,LOCAL_REPEAT_DETECTION,0,1,MIGRATED_CURRENT_BEHAVIOR,ANALYSIS_CONTRACT_BASELINE_V1,,ex_64644b5e,analysis_contract_baseline_v1.csv; identity inheritance per final closeout
OFI_01315,ex_64644b5e,런지,OFI_GROUP,LUNGE_UNILATERAL_LOWER,,STRENGTH_COMPARISON,0,1,MIGRATED_CURRENT_BEHAVIOR,ANALYSIS_CONTRACT_BASELINE_V1,,ex_64644b5e,analysis_contract_baseline_v1.csv; identity inheritance per final closeout
OFI_01316,ex_64644b5e,런지,OFI_GROUP,LUNGE_UNILATERAL_LOWER,,WORKLOAD_BASELINE,0,1,MIGRATED_CURRENT_BEHAVIOR,ANALYSIS_CONTRACT_BASELINE_V1,,ex_64644b5e,analysis_contract_baseline_v1.csv; identity inheritance per final closeout
OFI_01317,ex_64644b5e,런지,OFI_SCORE,HIGH_FORCE_NEURAL,,,47,1,MIGRATED_CURRENT_BEHAVIOR,ANALYSIS_CONTRACT_BASELINE_V1,,ex_64644b5e,analysis_contract_baseline_v1.csv; identity inheritance per final closeout
OFI_01318,ex_64644b5e,런지,OFI_SCORE,HIGH_SPEED,,,88,1,MIGRATED_CURRENT_BEHAVIOR,ANALYSIS_CONTRACT_BASELINE_V1,,ex_64644b5e,analysis_contract_baseline_v1.csv; identity inheritance per final closeout
OFI_01319,ex_64644b5e,런지,OFI_SCORE,LOCAL_MUSCULAR,,,73,1,MIGRATED_CURRENT_BEHAVIOR,ANALYSIS_CONTRACT_BASELINE_V1,,ex_64644b5e,analysis_contract_baseline_v1.csv; identity inheritance per final closeout
OFI_01320,ex_64644b5e,런지,OFI_SCORE,REACTIVE,,,80,1,MIGRATED_CURRENT_BEHAVIOR,ANALYSIS_CONTRACT_BASELINE_V1,,ex_64644b5e,analysis_contract_baseline_v1.csv; identity inheritance per final closeout
OFI_01321,ex_64644b5e,런지,OFI_SCORE,SYSTEMIC_MUSCULAR,,,66,1,MIGRATED_CURRENT_BEHAVIOR,ANALYSIS_CONTRACT_BASELINE_V1,,ex_64644b5e,analysis_contract_baseline_v1.csv; identity inheritance per final closeout
OFI_01322,ex_64644b5e,런지,OFI_SNAPSHOT,SUMMARY,ELEVATED,LOW,79,1,MIGRATED_CURRENT_BEHAVIOR,ANALYSIS_CONTRACT_BASELINE_V1,,ex_64644b5e,analysis_contract_baseline_v1.csv; identity inheritance per final closeout
OFI_01323,ex_64661229,월싯,BADMINTON_FATIGUE_COST,HIGH,,,0,1,MIGRATED_CURRENT_BEHAVIOR,ANALYSIS_CONTRACT_BASELINE_V1,,ex_64661229,analysis_contract_baseline_v1.csv; identity inheritance per final closeout
OFI_01324,ex_64661229,월싯,OFI_AXIS,HIGH_FORCE_NEURAL,,SHORT,17.1875,1,MIGRATED_CURRENT_BEHAVIOR,ANALYSIS_CONTRACT_BASELINE_V1,,ex_64661229,analysis_contract_baseline_v1.csv; identity inheritance per final closeout
OFI_01325,ex_64661229,월싯,OFI_AXIS,HIGH_SPEED,,SHORT,17.1875,1,MIGRATED_CURRENT_BEHAVIOR,ANALYSIS_CONTRACT_BASELINE_V1,,ex_64661229,analysis_contract_baseline_v1.csv; identity inheritance per final closeout
OFI_01326,ex_64661229,월싯,OFI_AXIS,LOCAL_MUSCULAR,,SHORT,37.8125,1,MIGRATED_CURRENT_BEHAVIOR,ANALYSIS_CONTRACT_BASELINE_V1,,ex_64661229,analysis_contract_baseline_v1.csv; identity inheritance per final closeout
OFI_01327,ex_64661229,월싯,OFI_AXIS,REACTIVE,,SHORT,15.625,1,MIGRATED_CURRENT_BEHAVIOR,ANALYSIS_CONTRACT_BASELINE_V1,,ex_64661229,analysis_contract_baseline_v1.csv; identity inheritance per final closeout
OFI_01328,ex_64661229,월싯,OFI_AXIS,SYSTEMIC_MUSCULAR,,SHORT,13.28125,1,MIGRATED_CURRENT_BEHAVIOR,ANALYSIS_CONTRACT_BASELINE_V1,,ex_64661229,analysis_contract_baseline_v1.csv; identity inheritance per final closeout
OFI_01329,ex_64661229,월싯,OFI_DOSE,REPS_OR_TIME,,THREE_CONFIRMED_SETS_20KG_8REPS_600SECONDS_RPE8,0,1,MIGRATED_CURRENT_BEHAVIOR,ANALYSIS_CONTRACT_BASELINE_V1,,ex_64661229,analysis_contract_baseline_v1.csv; identity inheritance per final closeout
OFI_01330,ex_64661229,월싯,OFI_GROUP,LOWER_BODY_ISOMETRIC_HOLD,,LOCAL_REPEAT_DETECTION,0,1,MIGRATED_CURRENT_BEHAVIOR,ANALYSIS_CONTRACT_BASELINE_V1,,ex_64661229,analysis_contract_baseline_v1.csv; identity inheritance per final closeout
OFI_01331,ex_64661229,월싯,OFI_GROUP,LOWER_BODY_ISOMETRIC_HOLD,,STRENGTH_COMPARISON,0,1,MIGRATED_CURRENT_BEHAVIOR,ANALYSIS_CONTRACT_BASELINE_V1,,ex_64661229,analysis_contract_baseline_v1.csv; identity inheritance per final closeout
OFI_01332,ex_64661229,월싯,OFI_GROUP,LOWER_BODY_ISOMETRIC_HOLD,,WORKLOAD_BASELINE,0,1,MIGRATED_CURRENT_BEHAVIOR,ANALYSIS_CONTRACT_BASELINE_V1,,ex_64661229,analysis_contract_baseline_v1.csv; identity inheritance per final closeout
OFI_01333,ex_64661229,월싯,OFI_SCORE,HIGH_FORCE_NEURAL,,,21,1,MIGRATED_CURRENT_BEHAVIOR,ANALYSIS_CONTRACT_BASELINE_V1,,ex_64661229,analysis_contract_baseline_v1.csv; identity inheritance per final closeout
OFI_01334,ex_64661229,월싯,OFI_SCORE,HIGH_SPEED,,,21,1,MIGRATED_CURRENT_BEHAVIOR,ANALYSIS_CONTRACT_BASELINE_V1,,ex_64661229,analysis_contract_baseline_v1.csv; identity inheritance per final closeout
OFI_01335,ex_64661229,월싯,OFI_SCORE,LOCAL_MUSCULAR,,,47,1,MIGRATED_CURRENT_BEHAVIOR,ANALYSIS_CONTRACT_BASELINE_V1,,ex_64661229,analysis_contract_baseline_v1.csv; identity inheritance per final closeout
OFI_01336,ex_64661229,월싯,OFI_SCORE,REACTIVE,,,20,1,MIGRATED_CURRENT_BEHAVIOR,ANALYSIS_CONTRACT_BASELINE_V1,,ex_64661229,analysis_contract_baseline_v1.csv; identity inheritance per final closeout
OFI_01337,ex_64661229,월싯,OFI_SCORE,SYSTEMIC_MUSCULAR,,,17,1,MIGRATED_CURRENT_BEHAVIOR,ANALYSIS_CONTRACT_BASELINE_V1,,ex_64661229,analysis_contract_baseline_v1.csv; identity inheritance per final closeout
OFI_01338,ex_64661229,월싯,OFI_SNAPSHOT,SUMMARY,LOW,LOW,28,1,MIGRATED_CURRENT_BEHAVIOR,ANALYSIS_CONTRACT_BASELINE_V1,,ex_64661229,analysis_contract_baseline_v1.csv; identity inheritance per final closeout
OFI_01339,ex_6466fe77,친업,BADMINTON_FATIGUE_COST,MEDIUM,,,0,1,MIGRATED_CURRENT_BEHAVIOR,ANALYSIS_CONTRACT_BASELINE_V1,,ex_6466fe77,analysis_contract_baseline_v1.csv; identity inheritance per final closeout
OFI_01340,ex_6466fe77,친업,OFI_AXIS,HIGH_FORCE_NEURAL,,MEDIUM,37.8125,1,MIGRATED_CURRENT_BEHAVIOR,ANALYSIS_CONTRACT_BASELINE_V1,,ex_6466fe77,analysis_contract_baseline_v1.csv; identity inheritance per final closeout
OFI_01341,ex_6466fe77,친업,OFI_AXIS,HIGH_SPEED,,MEDIUM,17.1875,1,MIGRATED_CURRENT_BEHAVIOR,ANALYSIS_CONTRACT_BASELINE_V1,,ex_6466fe77,analysis_contract_baseline_v1.csv; identity inheritance per final closeout
OFI_01342,ex_6466fe77,친업,OFI_AXIS,LOCAL_MUSCULAR,,MEDIUM,58.4375,1,MIGRATED_CURRENT_BEHAVIOR,ANALYSIS_CONTRACT_BASELINE_V1,,ex_6466fe77,analysis_contract_baseline_v1.csv; identity inheritance per final closeout
OFI_01343,ex_6466fe77,친업,OFI_AXIS,REACTIVE,,MEDIUM,15.625,1,MIGRATED_CURRENT_BEHAVIOR,ANALYSIS_CONTRACT_BASELINE_V1,,ex_6466fe77,analysis_contract_baseline_v1.csv; identity inheritance per final closeout
OFI_01344,ex_6466fe77,친업,OFI_AXIS,SYSTEMIC_MUSCULAR,,MEDIUM,34.375,1,MIGRATED_CURRENT_BEHAVIOR,ANALYSIS_CONTRACT_BASELINE_V1,,ex_6466fe77,analysis_contract_baseline_v1.csv; identity inheritance per final closeout
OFI_01345,ex_6466fe77,친업,OFI_DOSE,VOLUME_LOAD,,THREE_CONFIRMED_SETS_20KG_8REPS_600SECONDS_RPE8,0,1,MIGRATED_CURRENT_BEHAVIOR,ANALYSIS_CONTRACT_BASELINE_V1,,ex_6466fe77,analysis_contract_baseline_v1.csv; identity inheritance per final closeout
OFI_01346,ex_6466fe77,친업,OFI_GROUP,VERTICAL_PULL_COMPOUND,,LOCAL_REPEAT_DETECTION,0,1,MIGRATED_CURRENT_BEHAVIOR,ANALYSIS_CONTRACT_BASELINE_V1,,ex_6466fe77,analysis_contract_baseline_v1.csv; identity inheritance per final closeout
OFI_01347,ex_6466fe77,친업,OFI_GROUP,VERTICAL_PULL_COMPOUND,,STRENGTH_COMPARISON,0,1,MIGRATED_CURRENT_BEHAVIOR,ANALYSIS_CONTRACT_BASELINE_V1,,ex_6466fe77,analysis_contract_baseline_v1.csv; identity inheritance per final closeout
OFI_01348,ex_6466fe77,친업,OFI_GROUP,VERTICAL_PULL_COMPOUND,,WORKLOAD_BASELINE,0,1,MIGRATED_CURRENT_BEHAVIOR,ANALYSIS_CONTRACT_BASELINE_V1,,ex_6466fe77,analysis_contract_baseline_v1.csv; identity inheritance per final closeout
OFI_01349,ex_6466fe77,친업,OFI_SCORE,HIGH_FORCE_NEURAL,,,47,1,MIGRATED_CURRENT_BEHAVIOR,ANALYSIS_CONTRACT_BASELINE_V1,,ex_6466fe77,analysis_contract_baseline_v1.csv; identity inheritance per final closeout
OFI_01350,ex_6466fe77,친업,OFI_SCORE,HIGH_SPEED,,,21,1,MIGRATED_CURRENT_BEHAVIOR,ANALYSIS_CONTRACT_BASELINE_V1,,ex_6466fe77,analysis_contract_baseline_v1.csv; identity inheritance per final closeout
OFI_01351,ex_6466fe77,친업,OFI_SCORE,LOCAL_MUSCULAR,,,73,1,MIGRATED_CURRENT_BEHAVIOR,ANALYSIS_CONTRACT_BASELINE_V1,,ex_6466fe77,analysis_contract_baseline_v1.csv; identity inheritance per final closeout
OFI_01352,ex_6466fe77,친업,OFI_SCORE,REACTIVE,,,20,1,MIGRATED_CURRENT_BEHAVIOR,ANALYSIS_CONTRACT_BASELINE_V1,,ex_6466fe77,analysis_contract_baseline_v1.csv; identity inheritance per final closeout
OFI_01353,ex_6466fe77,친업,OFI_SCORE,SYSTEMIC_MUSCULAR,,,43,1,MIGRATED_CURRENT_BEHAVIOR,ANALYSIS_CONTRACT_BASELINE_V1,,ex_6466fe77,analysis_contract_baseline_v1.csv; identity inheritance per final closeout
OFI_01354,ex_6466fe77,친업,OFI_SNAPSHOT,SUMMARY,NORMAL,LOW,44,1,MIGRATED_CURRENT_BEHAVIOR,ANALYSIS_CONTRACT_BASELINE_V1,,ex_6466fe77,analysis_contract_baseline_v1.csv; identity inheritance per final closeout
OFI_01355,ex_681d9ed2,러닝,BADMINTON_FATIGUE_COST,MEDIUM,,,0,1,MIGRATED_CURRENT_BEHAVIOR,ANALYSIS_CONTRACT_BASELINE_V1,,ex_681d9ed2,analysis_contract_baseline_v1.csv; identity inheritance per final closeout
OFI_01356,ex_681d9ed2,러닝,OFI_AXIS,HIGH_FORCE_NEURAL,,MEDIUM,17.1875,1,MIGRATED_CURRENT_BEHAVIOR,ANALYSIS_CONTRACT_BASELINE_V1,,ex_681d9ed2,analysis_contract_baseline_v1.csv; identity inheritance per final closeout
OFI_01357,ex_681d9ed2,러닝,OFI_AXIS,HIGH_SPEED,,MEDIUM,43.484375,1,MIGRATED_CURRENT_BEHAVIOR,ANALYSIS_CONTRACT_BASELINE_V1,,ex_681d9ed2,analysis_contract_baseline_v1.csv; identity inheritance per final closeout
OFI_01358,ex_681d9ed2,러닝,OFI_AXIS,LOCAL_MUSCULAR,,MEDIUM,37.8125,1,MIGRATED_CURRENT_BEHAVIOR,ANALYSIS_CONTRACT_BASELINE_V1,,ex_681d9ed2,analysis_contract_baseline_v1.csv; identity inheritance per final closeout
OFI_01359,ex_681d9ed2,러닝,OFI_AXIS,REACTIVE,,MEDIUM,15.625,1,MIGRATED_CURRENT_BEHAVIOR,ANALYSIS_CONTRACT_BASELINE_V1,,ex_681d9ed2,analysis_contract_baseline_v1.csv; identity inheritance per final closeout
OFI_01360,ex_681d9ed2,러닝,OFI_AXIS,SYSTEMIC_MUSCULAR,,MEDIUM,53.125,1,MIGRATED_CURRENT_BEHAVIOR,ANALYSIS_CONTRACT_BASELINE_V1,,ex_681d9ed2,analysis_contract_baseline_v1.csv; identity inheritance per final closeout
OFI_01361,ex_681d9ed2,러닝,OFI_DOSE,DISTANCE_OR_TIME,,THREE_CONFIRMED_SETS_20KG_8REPS_600SECONDS_RPE8,0,1,MIGRATED_CURRENT_BEHAVIOR,ANALYSIS_CONTRACT_BASELINE_V1,,ex_681d9ed2,analysis_contract_baseline_v1.csv; identity inheritance per final closeout
OFI_01362,ex_681d9ed2,러닝,OFI_GROUP,CARDIO_CONDITIONING,,LOCAL_REPEAT_DETECTION,0,1,MIGRATED_CURRENT_BEHAVIOR,ANALYSIS_CONTRACT_BASELINE_V1,,ex_681d9ed2,analysis_contract_baseline_v1.csv; identity inheritance per final closeout
OFI_01363,ex_681d9ed2,러닝,OFI_GROUP,CARDIO_CONDITIONING,,STRENGTH_COMPARISON,0,1,MIGRATED_CURRENT_BEHAVIOR,ANALYSIS_CONTRACT_BASELINE_V1,,ex_681d9ed2,analysis_contract_baseline_v1.csv; identity inheritance per final closeout
OFI_01364,ex_681d9ed2,러닝,OFI_GROUP,CARDIO_CONDITIONING,,WORKLOAD_BASELINE,0,1,MIGRATED_CURRENT_BEHAVIOR,ANALYSIS_CONTRACT_BASELINE_V1,,ex_681d9ed2,analysis_contract_baseline_v1.csv; identity inheritance per final closeout
OFI_01365,ex_681d9ed2,러닝,OFI_SCORE,HIGH_FORCE_NEURAL,,,21,1,MIGRATED_CURRENT_BEHAVIOR,ANALYSIS_CONTRACT_BASELINE_V1,,ex_681d9ed2,analysis_contract_baseline_v1.csv; identity inheritance per final closeout
OFI_01366,ex_681d9ed2,러닝,OFI_SCORE,HIGH_SPEED,,,54,1,MIGRATED_CURRENT_BEHAVIOR,ANALYSIS_CONTRACT_BASELINE_V1,,ex_681d9ed2,analysis_contract_baseline_v1.csv; identity inheritance per final closeout
OFI_01367,ex_681d9ed2,러닝,OFI_SCORE,LOCAL_MUSCULAR,,,47,1,MIGRATED_CURRENT_BEHAVIOR,ANALYSIS_CONTRACT_BASELINE_V1,,ex_681d9ed2,analysis_contract_baseline_v1.csv; identity inheritance per final closeout
OFI_01368,ex_681d9ed2,러닝,OFI_SCORE,REACTIVE,,,20,1,MIGRATED_CURRENT_BEHAVIOR,ANALYSIS_CONTRACT_BASELINE_V1,,ex_681d9ed2,analysis_contract_baseline_v1.csv; identity inheritance per final closeout
OFI_01369,ex_681d9ed2,러닝,OFI_SCORE,SYSTEMIC_MUSCULAR,,,66,1,MIGRATED_CURRENT_BEHAVIOR,ANALYSIS_CONTRACT_BASELINE_V1,,ex_681d9ed2,analysis_contract_baseline_v1.csv; identity inheritance per final closeout
OFI_01370,ex_681d9ed2,러닝,OFI_SNAPSHOT,SUMMARY,NORMAL,LOW,42,1,MIGRATED_CURRENT_BEHAVIOR,ANALYSIS_CONTRACT_BASELINE_V1,,ex_681d9ed2,analysis_contract_baseline_v1.csv; identity inheritance per final closeout
OFI_01371,ex_681eed4a,수영,BADMINTON_FATIGUE_COST,MEDIUM,,,0,1,MIGRATED_CURRENT_BEHAVIOR,ANALYSIS_CONTRACT_BASELINE_V1,,ex_681eed4a,analysis_contract_baseline_v1.csv; identity inheritance per final closeout
OFI_01372,ex_681eed4a,수영,OFI_AXIS,HIGH_FORCE_NEURAL,,MEDIUM,17.1875,1,MIGRATED_CURRENT_BEHAVIOR,ANALYSIS_CONTRACT_BASELINE_V1,,ex_681eed4a,analysis_contract_baseline_v1.csv; identity inheritance per final closeout
OFI_01373,ex_681eed4a,수영,OFI_AXIS,HIGH_SPEED,,MEDIUM,17.1875,1,MIGRATED_CURRENT_BEHAVIOR,ANALYSIS_CONTRACT_BASELINE_V1,,ex_681eed4a,analysis_contract_baseline_v1.csv; identity inheritance per final closeout
OFI_01374,ex_681eed4a,수영,OFI_AXIS,LOCAL_MUSCULAR,,MEDIUM,37.8125,1,MIGRATED_CURRENT_BEHAVIOR,ANALYSIS_CONTRACT_BASELINE_V1,,ex_681eed4a,analysis_contract_baseline_v1.csv; identity inheritance per final closeout
OFI_01375,ex_681eed4a,수영,OFI_AXIS,REACTIVE,,MEDIUM,15.625,1,MIGRATED_CURRENT_BEHAVIOR,ANALYSIS_CONTRACT_BASELINE_V1,,ex_681eed4a,analysis_contract_baseline_v1.csv; identity inheritance per final closeout
OFI_01376,ex_681eed4a,수영,OFI_AXIS,SYSTEMIC_MUSCULAR,,MEDIUM,53.125,1,MIGRATED_CURRENT_BEHAVIOR,ANALYSIS_CONTRACT_BASELINE_V1,,ex_681eed4a,analysis_contract_baseline_v1.csv; identity inheritance per final closeout
OFI_01377,ex_681eed4a,수영,OFI_DOSE,DISTANCE_OR_TIME,,THREE_CONFIRMED_SETS_20KG_8REPS_600SECONDS_RPE8,0,1,MIGRATED_CURRENT_BEHAVIOR,ANALYSIS_CONTRACT_BASELINE_V1,,ex_681eed4a,analysis_contract_baseline_v1.csv; identity inheritance per final closeout
OFI_01378,ex_681eed4a,수영,OFI_GROUP,CARDIO_CONDITIONING,,LOCAL_REPEAT_DETECTION,0,1,MIGRATED_CURRENT_BEHAVIOR,ANALYSIS_CONTRACT_BASELINE_V1,,ex_681eed4a,analysis_contract_baseline_v1.csv; identity inheritance per final closeout
OFI_01379,ex_681eed4a,수영,OFI_GROUP,CARDIO_CONDITIONING,,STRENGTH_COMPARISON,0,1,MIGRATED_CURRENT_BEHAVIOR,ANALYSIS_CONTRACT_BASELINE_V1,,ex_681eed4a,analysis_contract_baseline_v1.csv; identity inheritance per final closeout
OFI_01380,ex_681eed4a,수영,OFI_GROUP,CARDIO_CONDITIONING,,WORKLOAD_BASELINE,0,1,MIGRATED_CURRENT_BEHAVIOR,ANALYSIS_CONTRACT_BASELINE_V1,,ex_681eed4a,analysis_contract_baseline_v1.csv; identity inheritance per final closeout
OFI_01381,ex_681eed4a,수영,OFI_SCORE,HIGH_FORCE_NEURAL,,,21,1,MIGRATED_CURRENT_BEHAVIOR,ANALYSIS_CONTRACT_BASELINE_V1,,ex_681eed4a,analysis_contract_baseline_v1.csv; identity inheritance per final closeout
OFI_01382,ex_681eed4a,수영,OFI_SCORE,HIGH_SPEED,,,21,1,MIGRATED_CURRENT_BEHAVIOR,ANALYSIS_CONTRACT_BASELINE_V1,,ex_681eed4a,analysis_contract_baseline_v1.csv; identity inheritance per final closeout
OFI_01383,ex_681eed4a,수영,OFI_SCORE,LOCAL_MUSCULAR,,,47,1,MIGRATED_CURRENT_BEHAVIOR,ANALYSIS_CONTRACT_BASELINE_V1,,ex_681eed4a,analysis_contract_baseline_v1.csv; identity inheritance per final closeout
OFI_01384,ex_681eed4a,수영,OFI_SCORE,REACTIVE,,,20,1,MIGRATED_CURRENT_BEHAVIOR,ANALYSIS_CONTRACT_BASELINE_V1,,ex_681eed4a,analysis_contract_baseline_v1.csv; identity inheritance per final closeout
OFI_01385,ex_681eed4a,수영,OFI_SCORE,SYSTEMIC_MUSCULAR,,,66,1,MIGRATED_CURRENT_BEHAVIOR,ANALYSIS_CONTRACT_BASELINE_V1,,ex_681eed4a,analysis_contract_baseline_v1.csv; identity inheritance per final closeout
OFI_01386,ex_681eed4a,수영,OFI_SNAPSHOT,SUMMARY,LOW,LOW,39,1,MIGRATED_CURRENT_BEHAVIOR,ANALYSIS_CONTRACT_BASELINE_V1,,ex_681eed4a,analysis_contract_baseline_v1.csv; identity inheritance per final closeout
OFI_01387,ex_69a56484,래터럴 스텝다운,BADMINTON_FATIGUE_COST,HIGH,,,0,1,MIGRATED_CURRENT_BEHAVIOR,ANALYSIS_CONTRACT_BASELINE_V1,,ex_69a56484,analysis_contract_baseline_v1.csv; identity inheritance per final closeout
OFI_01388,ex_69a56484,래터럴 스텝다운,OFI_AXIS,HIGH_FORCE_NEURAL,,MEDIUM,17.1875,1,MIGRATED_CURRENT_BEHAVIOR,ANALYSIS_CONTRACT_BASELINE_V1,,ex_69a56484,analysis_contract_baseline_v1.csv; identity inheritance per final closeout
OFI_01389,ex_69a56484,래터럴 스텝다운,OFI_AXIS,HIGH_SPEED,,MEDIUM,70.125,1,MIGRATED_CURRENT_BEHAVIOR,ANALYSIS_CONTRACT_BASELINE_V1,,ex_69a56484,analysis_contract_baseline_v1.csv; identity inheritance per final closeout
OFI_01390,ex_69a56484,래터럴 스텝다운,OFI_AXIS,LOCAL_MUSCULAR,,MEDIUM,58.4375,1,MIGRATED_CURRENT_BEHAVIOR,ANALYSIS_CONTRACT_BASELINE_V1,,ex_69a56484,analysis_contract_baseline_v1.csv; identity inheritance per final closeout
OFI_01391,ex_69a56484,래터럴 스텝다운,OFI_AXIS,REACTIVE,,MEDIUM,63.75,1,MIGRATED_CURRENT_BEHAVIOR,ANALYSIS_CONTRACT_BASELINE_V1,,ex_69a56484,analysis_contract_baseline_v1.csv; identity inheritance per final closeout
OFI_01392,ex_69a56484,래터럴 스텝다운,OFI_AXIS,SYSTEMIC_MUSCULAR,,MEDIUM,29.21875,1,MIGRATED_CURRENT_BEHAVIOR,ANALYSIS_CONTRACT_BASELINE_V1,,ex_69a56484,analysis_contract_baseline_v1.csv; identity inheritance per final closeout
OFI_01393,ex_69a56484,래터럴 스텝다운,OFI_DOSE,LOAD_REPS,,THREE_CONFIRMED_SETS_20KG_8REPS_600SECONDS_RPE8,0,1,MIGRATED_CURRENT_BEHAVIOR,ANALYSIS_CONTRACT_BASELINE_V1,,ex_69a56484,analysis_contract_baseline_v1.csv; identity inheritance per final closeout
OFI_01394,ex_69a56484,래터럴 스텝다운,OFI_GROUP,STEP_UP_SINGLE_LEG_KNEE_HIP_EXTENSION,,LOCAL_REPEAT_DETECTION,0,1,MIGRATED_CURRENT_BEHAVIOR,ANALYSIS_CONTRACT_BASELINE_V1,,ex_69a56484,analysis_contract_baseline_v1.csv; identity inheritance per final closeout
OFI_01395,ex_69a56484,래터럴 스텝다운,OFI_GROUP,STEP_UP_SINGLE_LEG_KNEE_HIP_EXTENSION,,STRENGTH_COMPARISON,0,1,MIGRATED_CURRENT_BEHAVIOR,ANALYSIS_CONTRACT_BASELINE_V1,,ex_69a56484,analysis_contract_baseline_v1.csv; identity inheritance per final closeout
OFI_01396,ex_69a56484,래터럴 스텝다운,OFI_GROUP,STEP_UP_SINGLE_LEG_KNEE_HIP_EXTENSION,,WORKLOAD_BASELINE,0,1,MIGRATED_CURRENT_BEHAVIOR,ANALYSIS_CONTRACT_BASELINE_V1,,ex_69a56484,analysis_contract_baseline_v1.csv; identity inheritance per final closeout
OFI_01397,ex_69a56484,래터럴 스텝다운,OFI_SCORE,HIGH_FORCE_NEURAL,,,21,1,MIGRATED_CURRENT_BEHAVIOR,ANALYSIS_CONTRACT_BASELINE_V1,,ex_69a56484,analysis_contract_baseline_v1.csv; identity inheritance per final closeout
OFI_01398,ex_69a56484,래터럴 스텝다운,OFI_SCORE,HIGH_SPEED,,,88,1,MIGRATED_CURRENT_BEHAVIOR,ANALYSIS_CONTRACT_BASELINE_V1,,ex_69a56484,analysis_contract_baseline_v1.csv; identity inheritance per final closeout
OFI_01399,ex_69a56484,래터럴 스텝다운,OFI_SCORE,LOCAL_MUSCULAR,,,73,1,MIGRATED_CURRENT_BEHAVIOR,ANALYSIS_CONTRACT_BASELINE_V1,,ex_69a56484,analysis_contract_baseline_v1.csv; identity inheritance per final closeout
OFI_01400,ex_69a56484,래터럴 스텝다운,OFI_SCORE,REACTIVE,,,80,1,MIGRATED_CURRENT_BEHAVIOR,ANALYSIS_CONTRACT_BASELINE_V1,,ex_69a56484,analysis_contract_baseline_v1.csv; identity inheritance per final closeout
OFI_01401,ex_69a56484,래터럴 스텝다운,OFI_SCORE,SYSTEMIC_MUSCULAR,,,37,1,MIGRATED_CURRENT_BEHAVIOR,ANALYSIS_CONTRACT_BASELINE_V1,,ex_69a56484,analysis_contract_baseline_v1.csv; identity inheritance per final closeout
OFI_01402,ex_69a56484,래터럴 스텝다운,OFI_SNAPSHOT,SUMMARY,NORMAL,LOW,74,1,MIGRATED_CURRENT_BEHAVIOR,ANALYSIS_CONTRACT_BASELINE_V1,,ex_69a56484,analysis_contract_baseline_v1.csv; identity inheritance per final closeout
OFI_01403,ex_6a966452,체스트 서포티드 원암 덤벨 로우,BADMINTON_FATIGUE_COST,HIGH,,,0,1,MIGRATED_CURRENT_BEHAVIOR,ANALYSIS_CONTRACT_BASELINE_V1,,ex_6a966452,analysis_contract_baseline_v1.csv; identity inheritance per final closeout
OFI_01404,ex_6a966452,체스트 서포티드 원암 덤벨 로우,OFI_AXIS,HIGH_FORCE_NEURAL,,MEDIUM,37.8125,1,MIGRATED_CURRENT_BEHAVIOR,ANALYSIS_CONTRACT_BASELINE_V1,,ex_6a966452,analysis_contract_baseline_v1.csv; identity inheritance per final closeout
OFI_01405,ex_6a966452,체스트 서포티드 원암 덤벨 로우,OFI_AXIS,HIGH_SPEED,,MEDIUM,17.1875,1,MIGRATED_CURRENT_BEHAVIOR,ANALYSIS_CONTRACT_BASELINE_V1,,ex_6a966452,analysis_contract_baseline_v1.csv; identity inheritance per final closeout
OFI_01406,ex_6a966452,체스트 서포티드 원암 덤벨 로우,OFI_AXIS,LOCAL_MUSCULAR,,MEDIUM,58.4375,1,MIGRATED_CURRENT_BEHAVIOR,ANALYSIS_CONTRACT_BASELINE_V1,,ex_6a966452,analysis_contract_baseline_v1.csv; identity inheritance per final closeout
OFI_01407,ex_6a966452,체스트 서포티드 원암 덤벨 로우,OFI_AXIS,REACTIVE,,MEDIUM,15.625,1,MIGRATED_CURRENT_BEHAVIOR,ANALYSIS_CONTRACT_BASELINE_V1,,ex_6a966452,analysis_contract_baseline_v1.csv; identity inheritance per final closeout
OFI_01408,ex_6a966452,체스트 서포티드 원암 덤벨 로우,OFI_AXIS,SYSTEMIC_MUSCULAR,,MEDIUM,34.375,1,MIGRATED_CURRENT_BEHAVIOR,ANALYSIS_CONTRACT_BASELINE_V1,,ex_6a966452,analysis_contract_baseline_v1.csv; identity inheritance per final closeout
OFI_01409,ex_6a966452,체스트 서포티드 원암 덤벨 로우,OFI_DOSE,VOLUME_LOAD,,THREE_CONFIRMED_SETS_20KG_8REPS_600SECONDS_RPE8,0,1,MIGRATED_CURRENT_BEHAVIOR,ANALYSIS_CONTRACT_BASELINE_V1,,ex_6a966452,analysis_contract_baseline_v1.csv; identity inheritance per final closeout
OFI_01410,ex_6a966452,체스트 서포티드 원암 덤벨 로우,OFI_GROUP,HORIZONTAL_PULL_COMPOUND,,LOCAL_REPEAT_DETECTION,0,1,MIGRATED_CURRENT_BEHAVIOR,ANALYSIS_CONTRACT_BASELINE_V1,,ex_6a966452,analysis_contract_baseline_v1.csv; identity inheritance per final closeout
OFI_01411,ex_6a966452,체스트 서포티드 원암 덤벨 로우,OFI_GROUP,HORIZONTAL_PULL_COMPOUND,,STRENGTH_COMPARISON,0,1,MIGRATED_CURRENT_BEHAVIOR,ANALYSIS_CONTRACT_BASELINE_V1,,ex_6a966452,analysis_contract_baseline_v1.csv; identity inheritance per final closeout
OFI_01412,ex_6a966452,체스트 서포티드 원암 덤벨 로우,OFI_GROUP,HORIZONTAL_PULL_COMPOUND,,WORKLOAD_BASELINE,0,1,MIGRATED_CURRENT_BEHAVIOR,ANALYSIS_CONTRACT_BASELINE_V1,,ex_6a966452,analysis_contract_baseline_v1.csv; identity inheritance per final closeout
OFI_01413,ex_6a966452,체스트 서포티드 원암 덤벨 로우,OFI_SCORE,HIGH_FORCE_NEURAL,,,47,1,MIGRATED_CURRENT_BEHAVIOR,ANALYSIS_CONTRACT_BASELINE_V1,,ex_6a966452,analysis_contract_baseline_v1.csv; identity inheritance per final closeout
OFI_01414,ex_6a966452,체스트 서포티드 원암 덤벨 로우,OFI_SCORE,HIGH_SPEED,,,21,1,MIGRATED_CURRENT_BEHAVIOR,ANALYSIS_CONTRACT_BASELINE_V1,,ex_6a966452,analysis_contract_baseline_v1.csv; identity inheritance per final closeout
OFI_01415,ex_6a966452,체스트 서포티드 원암 덤벨 로우,OFI_SCORE,LOCAL_MUSCULAR,,,73,1,MIGRATED_CURRENT_BEHAVIOR,ANALYSIS_CONTRACT_BASELINE_V1,,ex_6a966452,analysis_contract_baseline_v1.csv; identity inheritance per final closeout
OFI_01416,ex_6a966452,체스트 서포티드 원암 덤벨 로우,OFI_SCORE,REACTIVE,,,20,1,MIGRATED_CURRENT_BEHAVIOR,ANALYSIS_CONTRACT_BASELINE_V1,,ex_6a966452,analysis_contract_baseline_v1.csv; identity inheritance per final closeout
OFI_01417,ex_6a966452,체스트 서포티드 원암 덤벨 로우,OFI_SCORE,SYSTEMIC_MUSCULAR,,,43,1,MIGRATED_CURRENT_BEHAVIOR,ANALYSIS_CONTRACT_BASELINE_V1,,ex_6a966452,analysis_contract_baseline_v1.csv; identity inheritance per final closeout
OFI_01418,ex_6a966452,체스트 서포티드 원암 덤벨 로우,OFI_SNAPSHOT,SUMMARY,NORMAL,LOW,44,1,MIGRATED_CURRENT_BEHAVIOR,ANALYSIS_CONTRACT_BASELINE_V1,,ex_6a966452,analysis_contract_baseline_v1.csv; identity inheritance per final closeout
OFI_01419,ex_704cbf1a,덤벨 스텝업,BADMINTON_FATIGUE_COST,HIGH,,,0,1,MIGRATED_CURRENT_BEHAVIOR,ANALYSIS_CONTRACT_BASELINE_V1,,ex_704cbf1a,analysis_contract_baseline_v1.csv; identity inheritance per final closeout
OFI_01420,ex_704cbf1a,덤벨 스텝업,OFI_AXIS,HIGH_FORCE_NEURAL,,MEDIUM,17.1875,1,MIGRATED_CURRENT_BEHAVIOR,ANALYSIS_CONTRACT_BASELINE_V1,,ex_704cbf1a,analysis_contract_baseline_v1.csv; identity inheritance per final closeout
OFI_01421,ex_704cbf1a,덤벨 스텝업,OFI_AXIS,HIGH_SPEED,,MEDIUM,70.125,1,MIGRATED_CURRENT_BEHAVIOR,ANALYSIS_CONTRACT_BASELINE_V1,,ex_704cbf1a,analysis_contract_baseline_v1.csv; identity inheritance per final closeout
OFI_01422,ex_704cbf1a,덤벨 스텝업,OFI_AXIS,LOCAL_MUSCULAR,,MEDIUM,58.4375,1,MIGRATED_CURRENT_BEHAVIOR,ANALYSIS_CONTRACT_BASELINE_V1,,ex_704cbf1a,analysis_contract_baseline_v1.csv; identity inheritance per final closeout
OFI_01423,ex_704cbf1a,덤벨 스텝업,OFI_AXIS,REACTIVE,,MEDIUM,63.75,1,MIGRATED_CURRENT_BEHAVIOR,ANALYSIS_CONTRACT_BASELINE_V1,,ex_704cbf1a,analysis_contract_baseline_v1.csv; identity inheritance per final closeout
OFI_01424,ex_704cbf1a,덤벨 스텝업,OFI_AXIS,SYSTEMIC_MUSCULAR,,MEDIUM,29.21875,1,MIGRATED_CURRENT_BEHAVIOR,ANALYSIS_CONTRACT_BASELINE_V1,,ex_704cbf1a,analysis_contract_baseline_v1.csv; identity inheritance per final closeout
OFI_01425,ex_704cbf1a,덤벨 스텝업,OFI_DOSE,LOAD_REPS,,THREE_CONFIRMED_SETS_20KG_8REPS_600SECONDS_RPE8,0,1,MIGRATED_CURRENT_BEHAVIOR,ANALYSIS_CONTRACT_BASELINE_V1,,ex_704cbf1a,analysis_contract_baseline_v1.csv; identity inheritance per final closeout
OFI_01426,ex_704cbf1a,덤벨 스텝업,OFI_GROUP,STEP_UP_SINGLE_LEG_KNEE_HIP_EXTENSION,,LOCAL_REPEAT_DETECTION,0,1,MIGRATED_CURRENT_BEHAVIOR,ANALYSIS_CONTRACT_BASELINE_V1,,ex_704cbf1a,analysis_contract_baseline_v1.csv; identity inheritance per final closeout
OFI_01427,ex_704cbf1a,덤벨 스텝업,OFI_GROUP,STEP_UP_SINGLE_LEG_KNEE_HIP_EXTENSION,,STRENGTH_COMPARISON,0,1,MIGRATED_CURRENT_BEHAVIOR,ANALYSIS_CONTRACT_BASELINE_V1,,ex_704cbf1a,analysis_contract_baseline_v1.csv; identity inheritance per final closeout
OFI_01428,ex_704cbf1a,덤벨 스텝업,OFI_GROUP,STEP_UP_SINGLE_LEG_KNEE_HIP_EXTENSION,,WORKLOAD_BASELINE,0,1,MIGRATED_CURRENT_BEHAVIOR,ANALYSIS_CONTRACT_BASELINE_V1,,ex_704cbf1a,analysis_contract_baseline_v1.csv; identity inheritance per final closeout
OFI_01429,ex_704cbf1a,덤벨 스텝업,OFI_SCORE,HIGH_FORCE_NEURAL,,,21,1,MIGRATED_CURRENT_BEHAVIOR,ANALYSIS_CONTRACT_BASELINE_V1,,ex_704cbf1a,analysis_contract_baseline_v1.csv; identity inheritance per final closeout
OFI_01430,ex_704cbf1a,덤벨 스텝업,OFI_SCORE,HIGH_SPEED,,,88,1,MIGRATED_CURRENT_BEHAVIOR,ANALYSIS_CONTRACT_BASELINE_V1,,ex_704cbf1a,analysis_contract_baseline_v1.csv; identity inheritance per final closeout
OFI_01431,ex_704cbf1a,덤벨 스텝업,OFI_SCORE,LOCAL_MUSCULAR,,,73,1,MIGRATED_CURRENT_BEHAVIOR,ANALYSIS_CONTRACT_BASELINE_V1,,ex_704cbf1a,analysis_contract_baseline_v1.csv; identity inheritance per final closeout
OFI_01432,ex_704cbf1a,덤벨 스텝업,OFI_SCORE,REACTIVE,,,80,1,MIGRATED_CURRENT_BEHAVIOR,ANALYSIS_CONTRACT_BASELINE_V1,,ex_704cbf1a,analysis_contract_baseline_v1.csv; identity inheritance per final closeout
OFI_01433,ex_704cbf1a,덤벨 스텝업,OFI_SCORE,SYSTEMIC_MUSCULAR,,,37,1,MIGRATED_CURRENT_BEHAVIOR,ANALYSIS_CONTRACT_BASELINE_V1,,ex_704cbf1a,analysis_contract_baseline_v1.csv; identity inheritance per final closeout
OFI_01434,ex_704cbf1a,덤벨 스텝업,OFI_SNAPSHOT,SUMMARY,NORMAL,LOW,74,1,MIGRATED_CURRENT_BEHAVIOR,ANALYSIS_CONTRACT_BASELINE_V1,,ex_704cbf1a,analysis_contract_baseline_v1.csv; identity inheritance per final closeout
OFI_01435,ex_708e64ce,덤벨 풀오버,BADMINTON_FATIGUE_COST,MEDIUM,,,0,1,MIGRATED_CURRENT_BEHAVIOR,ANALYSIS_CONTRACT_BASELINE_V1,,ex_708e64ce,analysis_contract_baseline_v1.csv; identity inheritance per final closeout
OFI_01436,ex_708e64ce,덤벨 풀오버,OFI_AXIS,HIGH_FORCE_NEURAL,,MEDIUM,17.1875,1,MIGRATED_CURRENT_BEHAVIOR,ANALYSIS_CONTRACT_BASELINE_V1,,ex_708e64ce,analysis_contract_baseline_v1.csv; identity inheritance per final closeout
OFI_01437,ex_708e64ce,덤벨 풀오버,OFI_AXIS,HIGH_SPEED,,MEDIUM,17.1875,1,MIGRATED_CURRENT_BEHAVIOR,ANALYSIS_CONTRACT_BASELINE_V1,,ex_708e64ce,analysis_contract_baseline_v1.csv; identity inheritance per final closeout
OFI_01438,ex_708e64ce,덤벨 풀오버,OFI_AXIS,LOCAL_MUSCULAR,,MEDIUM,58.4375,1,MIGRATED_CURRENT_BEHAVIOR,ANALYSIS_CONTRACT_BASELINE_V1,,ex_708e64ce,analysis_contract_baseline_v1.csv; identity inheritance per final closeout
OFI_01439,ex_708e64ce,덤벨 풀오버,OFI_AXIS,REACTIVE,,MEDIUM,15.625,1,MIGRATED_CURRENT_BEHAVIOR,ANALYSIS_CONTRACT_BASELINE_V1,,ex_708e64ce,analysis_contract_baseline_v1.csv; identity inheritance per final closeout
OFI_01440,ex_708e64ce,덤벨 풀오버,OFI_AXIS,SYSTEMIC_MUSCULAR,,MEDIUM,13.28125,1,MIGRATED_CURRENT_BEHAVIOR,ANALYSIS_CONTRACT_BASELINE_V1,,ex_708e64ce,analysis_contract_baseline_v1.csv; identity inheritance per final closeout
OFI_01441,ex_708e64ce,덤벨 풀오버,OFI_DOSE,LOAD_REPS,,THREE_CONFIRMED_SETS_20KG_8REPS_600SECONDS_RPE8,0,1,MIGRATED_CURRENT_BEHAVIOR,ANALYSIS_CONTRACT_BASELINE_V1,,ex_708e64ce,analysis_contract_baseline_v1.csv; identity inheritance per final closeout
OFI_01442,ex_708e64ce,덤벨 풀오버,OFI_GROUP,PULLOVER_LAT_CHEST_ACCESSORY,,LOCAL_REPEAT_DETECTION,0,1,MIGRATED_CURRENT_BEHAVIOR,ANALYSIS_CONTRACT_BASELINE_V1,,ex_708e64ce,analysis_contract_baseline_v1.csv; identity inheritance per final closeout
OFI_01443,ex_708e64ce,덤벨 풀오버,OFI_GROUP,PULLOVER_LAT_CHEST_ACCESSORY,,STRENGTH_COMPARISON,0,1,MIGRATED_CURRENT_BEHAVIOR,ANALYSIS_CONTRACT_BASELINE_V1,,ex_708e64ce,analysis_contract_baseline_v1.csv; identity inheritance per final closeout
OFI_01444,ex_708e64ce,덤벨 풀오버,OFI_GROUP,PULLOVER_LAT_CHEST_ACCESSORY,,WORKLOAD_BASELINE,0,1,MIGRATED_CURRENT_BEHAVIOR,ANALYSIS_CONTRACT_BASELINE_V1,,ex_708e64ce,analysis_contract_baseline_v1.csv; identity inheritance per final closeout
OFI_01445,ex_708e64ce,덤벨 풀오버,OFI_SCORE,HIGH_FORCE_NEURAL,,,21,1,MIGRATED_CURRENT_BEHAVIOR,ANALYSIS_CONTRACT_BASELINE_V1,,ex_708e64ce,analysis_contract_baseline_v1.csv; identity inheritance per final closeout
OFI_01446,ex_708e64ce,덤벨 풀오버,OFI_SCORE,HIGH_SPEED,,,21,1,MIGRATED_CURRENT_BEHAVIOR,ANALYSIS_CONTRACT_BASELINE_V1,,ex_708e64ce,analysis_contract_baseline_v1.csv; identity inheritance per final closeout
OFI_01447,ex_708e64ce,덤벨 풀오버,OFI_SCORE,LOCAL_MUSCULAR,,,73,1,MIGRATED_CURRENT_BEHAVIOR,ANALYSIS_CONTRACT_BASELINE_V1,,ex_708e64ce,analysis_contract_baseline_v1.csv; identity inheritance per final closeout
OFI_01448,ex_708e64ce,덤벨 풀오버,OFI_SCORE,REACTIVE,,,20,1,MIGRATED_CURRENT_BEHAVIOR,ANALYSIS_CONTRACT_BASELINE_V1,,ex_708e64ce,analysis_contract_baseline_v1.csv; identity inheritance per final closeout
OFI_01449,ex_708e64ce,덤벨 풀오버,OFI_SCORE,SYSTEMIC_MUSCULAR,,,17,1,MIGRATED_CURRENT_BEHAVIOR,ANALYSIS_CONTRACT_BASELINE_V1,,ex_708e64ce,analysis_contract_baseline_v1.csv; identity inheritance per final closeout
OFI_01450,ex_708e64ce,덤벨 풀오버,OFI_SNAPSHOT,SUMMARY,LOW,LOW,39,1,MIGRATED_CURRENT_BEHAVIOR,ANALYSIS_CONTRACT_BASELINE_V1,,ex_708e64ce,analysis_contract_baseline_v1.csv; identity inheritance per final closeout
OFI_01451,ex_70f19bf,리닝 래터럴 레이즈,BADMINTON_FATIGUE_COST,MEDIUM,,,0,1,MIGRATED_CURRENT_BEHAVIOR,ANALYSIS_CONTRACT_BASELINE_V1,,ex_70f19bf,analysis_contract_baseline_v1.csv; identity inheritance per final closeout
OFI_01452,ex_70f19bf,리닝 래터럴 레이즈,OFI_AXIS,HIGH_FORCE_NEURAL,,SHORT,17.1875,1,MIGRATED_CURRENT_BEHAVIOR,ANALYSIS_CONTRACT_BASELINE_V1,,ex_70f19bf,analysis_contract_baseline_v1.csv; identity inheritance per final closeout
OFI_01453,ex_70f19bf,리닝 래터럴 레이즈,OFI_AXIS,HIGH_SPEED,,SHORT,17.1875,1,MIGRATED_CURRENT_BEHAVIOR,ANALYSIS_CONTRACT_BASELINE_V1,,ex_70f19bf,analysis_contract_baseline_v1.csv; identity inheritance per final closeout
OFI_01454,ex_70f19bf,리닝 래터럴 레이즈,OFI_AXIS,LOCAL_MUSCULAR,,SHORT,58.4375,1,MIGRATED_CURRENT_BEHAVIOR,ANALYSIS_CONTRACT_BASELINE_V1,,ex_70f19bf,analysis_contract_baseline_v1.csv; identity inheritance per final closeout
OFI_01455,ex_70f19bf,리닝 래터럴 레이즈,OFI_AXIS,REACTIVE,,SHORT,15.625,1,MIGRATED_CURRENT_BEHAVIOR,ANALYSIS_CONTRACT_BASELINE_V1,,ex_70f19bf,analysis_contract_baseline_v1.csv; identity inheritance per final closeout
OFI_01456,ex_70f19bf,리닝 래터럴 레이즈,OFI_AXIS,SYSTEMIC_MUSCULAR,,SHORT,10.9375,1,MIGRATED_CURRENT_BEHAVIOR,ANALYSIS_CONTRACT_BASELINE_V1,,ex_70f19bf,analysis_contract_baseline_v1.csv; identity inheritance per final closeout
OFI_01457,ex_70f19bf,리닝 래터럴 레이즈,OFI_DOSE,VOLUME_LOAD,,THREE_CONFIRMED_SETS_20KG_8REPS_600SECONDS_RPE8,0,1,MIGRATED_CURRENT_BEHAVIOR,ANALYSIS_CONTRACT_BASELINE_V1,,ex_70f19bf,analysis_contract_baseline_v1.csv; identity inheritance per final closeout
OFI_01458,ex_70f19bf,리닝 래터럴 레이즈,OFI_GROUP,LATERAL_DELTOID_ISOLATION,,LOCAL_REPEAT_DETECTION,0,1,MIGRATED_CURRENT_BEHAVIOR,ANALYSIS_CONTRACT_BASELINE_V1,,ex_70f19bf,analysis_contract_baseline_v1.csv; identity inheritance per final closeout
OFI_01459,ex_70f19bf,리닝 래터럴 레이즈,OFI_GROUP,LATERAL_DELTOID_ISOLATION,,STRENGTH_COMPARISON,0,1,MIGRATED_CURRENT_BEHAVIOR,ANALYSIS_CONTRACT_BASELINE_V1,,ex_70f19bf,analysis_contract_baseline_v1.csv; identity inheritance per final closeout
OFI_01460,ex_70f19bf,리닝 래터럴 레이즈,OFI_GROUP,LATERAL_DELTOID_ISOLATION,,WORKLOAD_BASELINE,0,1,MIGRATED_CURRENT_BEHAVIOR,ANALYSIS_CONTRACT_BASELINE_V1,,ex_70f19bf,analysis_contract_baseline_v1.csv; identity inheritance per final closeout
OFI_01461,ex_70f19bf,리닝 래터럴 레이즈,OFI_SCORE,HIGH_FORCE_NEURAL,,,21,1,MIGRATED_CURRENT_BEHAVIOR,ANALYSIS_CONTRACT_BASELINE_V1,,ex_70f19bf,analysis_contract_baseline_v1.csv; identity inheritance per final closeout
OFI_01462,ex_70f19bf,리닝 래터럴 레이즈,OFI_SCORE,HIGH_SPEED,,,21,1,MIGRATED_CURRENT_BEHAVIOR,ANALYSIS_CONTRACT_BASELINE_V1,,ex_70f19bf,analysis_contract_baseline_v1.csv; identity inheritance per final closeout
OFI_01463,ex_70f19bf,리닝 래터럴 레이즈,OFI_SCORE,LOCAL_MUSCULAR,,,73,1,MIGRATED_CURRENT_BEHAVIOR,ANALYSIS_CONTRACT_BASELINE_V1,,ex_70f19bf,analysis_contract_baseline_v1.csv; identity inheritance per final closeout
OFI_01464,ex_70f19bf,리닝 래터럴 레이즈,OFI_SCORE,REACTIVE,,,20,1,MIGRATED_CURRENT_BEHAVIOR,ANALYSIS_CONTRACT_BASELINE_V1,,ex_70f19bf,analysis_contract_baseline_v1.csv; identity inheritance per final closeout
OFI_01465,ex_70f19bf,리닝 래터럴 레이즈,OFI_SCORE,SYSTEMIC_MUSCULAR,,,14,1,MIGRATED_CURRENT_BEHAVIOR,ANALYSIS_CONTRACT_BASELINE_V1,,ex_70f19bf,analysis_contract_baseline_v1.csv; identity inheritance per final closeout
OFI_01466,ex_70f19bf,리닝 래터럴 레이즈,OFI_SNAPSHOT,SUMMARY,LOW,LOW,39,1,MIGRATED_CURRENT_BEHAVIOR,ANALYSIS_CONTRACT_BASELINE_V1,,ex_70f19bf,analysis_contract_baseline_v1.csv; identity inheritance per final closeout
OFI_01467,ex_721f7b5b,힙 쓰러스트,BADMINTON_FATIGUE_COST,VERY_HIGH,,,0,1,MIGRATED_CURRENT_BEHAVIOR,ANALYSIS_CONTRACT_BASELINE_V1,,ex_721f7b5b,analysis_contract_baseline_v1.csv; identity inheritance per final closeout
OFI_01468,ex_721f7b5b,힙 쓰러스트,OFI_AXIS,HIGH_FORCE_NEURAL,,MEDIUM,17.1875,1,MIGRATED_CURRENT_BEHAVIOR,ANALYSIS_CONTRACT_BASELINE_V1,,ex_721f7b5b,analysis_contract_baseline_v1.csv; identity inheritance per final closeout
OFI_01469,ex_721f7b5b,힙 쓰러스트,OFI_AXIS,HIGH_SPEED,,MEDIUM,17.1875,1,MIGRATED_CURRENT_BEHAVIOR,ANALYSIS_CONTRACT_BASELINE_V1,,ex_721f7b5b,analysis_contract_baseline_v1.csv; identity inheritance per final closeout
OFI_01470,ex_721f7b5b,힙 쓰러스트,OFI_AXIS,LOCAL_MUSCULAR,,MEDIUM,58.4375,1,MIGRATED_CURRENT_BEHAVIOR,ANALYSIS_CONTRACT_BASELINE_V1,,ex_721f7b5b,analysis_contract_baseline_v1.csv; identity inheritance per final closeout
OFI_01471,ex_721f7b5b,힙 쓰러스트,OFI_AXIS,REACTIVE,,MEDIUM,15.625,1,MIGRATED_CURRENT_BEHAVIOR,ANALYSIS_CONTRACT_BASELINE_V1,,ex_721f7b5b,analysis_contract_baseline_v1.csv; identity inheritance per final closeout
OFI_01472,ex_721f7b5b,힙 쓰러스트,OFI_AXIS,SYSTEMIC_MUSCULAR,,MEDIUM,29.21875,1,MIGRATED_CURRENT_BEHAVIOR,ANALYSIS_CONTRACT_BASELINE_V1,,ex_721f7b5b,analysis_contract_baseline_v1.csv; identity inheritance per final closeout
OFI_01473,ex_721f7b5b,힙 쓰러스트,OFI_DOSE,VOLUME_LOAD,,THREE_CONFIRMED_SETS_20KG_8REPS_600SECONDS_RPE8,0,1,MIGRATED_CURRENT_BEHAVIOR,ANALYSIS_CONTRACT_BASELINE_V1,,ex_721f7b5b,analysis_contract_baseline_v1.csv; identity inheritance per final closeout
OFI_01474,ex_721f7b5b,힙 쓰러스트,OFI_GROUP,HIP_THRUST_GLUTE,,LOCAL_REPEAT_DETECTION,0,1,MIGRATED_CURRENT_BEHAVIOR,ANALYSIS_CONTRACT_BASELINE_V1,,ex_721f7b5b,analysis_contract_baseline_v1.csv; identity inheritance per final closeout
OFI_01475,ex_721f7b5b,힙 쓰러스트,OFI_GROUP,HIP_THRUST_GLUTE,,STRENGTH_COMPARISON,0,1,MIGRATED_CURRENT_BEHAVIOR,ANALYSIS_CONTRACT_BASELINE_V1,,ex_721f7b5b,analysis_contract_baseline_v1.csv; identity inheritance per final closeout
OFI_01476,ex_721f7b5b,힙 쓰러스트,OFI_GROUP,HIP_THRUST_GLUTE,,WORKLOAD_BASELINE,0,1,MIGRATED_CURRENT_BEHAVIOR,ANALYSIS_CONTRACT_BASELINE_V1,,ex_721f7b5b,analysis_contract_baseline_v1.csv; identity inheritance per final closeout
OFI_01477,ex_721f7b5b,힙 쓰러스트,OFI_SCORE,HIGH_FORCE_NEURAL,,,21,1,MIGRATED_CURRENT_BEHAVIOR,ANALYSIS_CONTRACT_BASELINE_V1,,ex_721f7b5b,analysis_contract_baseline_v1.csv; identity inheritance per final closeout
OFI_01478,ex_721f7b5b,힙 쓰러스트,OFI_SCORE,HIGH_SPEED,,,21,1,MIGRATED_CURRENT_BEHAVIOR,ANALYSIS_CONTRACT_BASELINE_V1,,ex_721f7b5b,analysis_contract_baseline_v1.csv; identity inheritance per final closeout
OFI_01479,ex_721f7b5b,힙 쓰러스트,OFI_SCORE,LOCAL_MUSCULAR,,,73,1,MIGRATED_CURRENT_BEHAVIOR,ANALYSIS_CONTRACT_BASELINE_V1,,ex_721f7b5b,analysis_contract_baseline_v1.csv; identity inheritance per final closeout
OFI_01480,ex_721f7b5b,힙 쓰러스트,OFI_SCORE,REACTIVE,,,20,1,MIGRATED_CURRENT_BEHAVIOR,ANALYSIS_CONTRACT_BASELINE_V1,,ex_721f7b5b,analysis_contract_baseline_v1.csv; identity inheritance per final closeout
OFI_01481,ex_721f7b5b,힙 쓰러스트,OFI_SCORE,SYSTEMIC_MUSCULAR,,,37,1,MIGRATED_CURRENT_BEHAVIOR,ANALYSIS_CONTRACT_BASELINE_V1,,ex_721f7b5b,analysis_contract_baseline_v1.csv; identity inheritance per final closeout
OFI_01482,ex_721f7b5b,힙 쓰러스트,OFI_SNAPSHOT,SUMMARY,NORMAL,LOW,41,1,MIGRATED_CURRENT_BEHAVIOR,ANALYSIS_CONTRACT_BASELINE_V1,,ex_721f7b5b,analysis_contract_baseline_v1.csv; identity inheritance per final closeout
OFI_01483,ex_728da646,힙 어브덕션,BADMINTON_FATIGUE_COST,HIGH,,,0,1,MIGRATED_CURRENT_BEHAVIOR,ANALYSIS_CONTRACT_BASELINE_V1,,ex_728da646,analysis_contract_baseline_v1.csv; identity inheritance per final closeout
OFI_01484,ex_728da646,힙 어브덕션,OFI_AXIS,HIGH_FORCE_NEURAL,,SHORT,17.1875,1,MIGRATED_CURRENT_BEHAVIOR,ANALYSIS_CONTRACT_BASELINE_V1,,ex_728da646,analysis_contract_baseline_v1.csv; identity inheritance per final closeout
OFI_01485,ex_728da646,힙 어브덕션,OFI_AXIS,HIGH_SPEED,,SHORT,70.125,1,MIGRATED_CURRENT_BEHAVIOR,ANALYSIS_CONTRACT_BASELINE_V1,,ex_728da646,analysis_contract_baseline_v1.csv; identity inheritance per final closeout
OFI_01486,ex_728da646,힙 어브덕션,OFI_AXIS,LOCAL_MUSCULAR,,SHORT,58.4375,1,MIGRATED_CURRENT_BEHAVIOR,ANALYSIS_CONTRACT_BASELINE_V1,,ex_728da646,analysis_contract_baseline_v1.csv; identity inheritance per final closeout
OFI_01487,ex_728da646,힙 어브덕션,OFI_AXIS,REACTIVE,,SHORT,63.75,1,MIGRATED_CURRENT_BEHAVIOR,ANALYSIS_CONTRACT_BASELINE_V1,,ex_728da646,analysis_contract_baseline_v1.csv; identity inheritance per final closeout
OFI_01488,ex_728da646,힙 어브덕션,OFI_AXIS,SYSTEMIC_MUSCULAR,,SHORT,13.28125,1,MIGRATED_CURRENT_BEHAVIOR,ANALYSIS_CONTRACT_BASELINE_V1,,ex_728da646,analysis_contract_baseline_v1.csv; identity inheritance per final closeout
OFI_01489,ex_728da646,힙 어브덕션,OFI_DOSE,LOAD_REPS,,THREE_CONFIRMED_SETS_20KG_8REPS_600SECONDS_RPE8,0,1,MIGRATED_CURRENT_BEHAVIOR,ANALYSIS_CONTRACT_BASELINE_V1,,ex_728da646,analysis_contract_baseline_v1.csv; identity inheritance per final closeout
OFI_01490,ex_728da646,힙 어브덕션,OFI_GROUP,HIP_ABDUCTION_GLUTE_MED_ACCESSORY,,LOCAL_REPEAT_DETECTION,0,1,MIGRATED_CURRENT_BEHAVIOR,ANALYSIS_CONTRACT_BASELINE_V1,,ex_728da646,analysis_contract_baseline_v1.csv; identity inheritance per final closeout
OFI_01491,ex_728da646,힙 어브덕션,OFI_GROUP,HIP_ABDUCTION_GLUTE_MED_ACCESSORY,,STRENGTH_COMPARISON,0,1,MIGRATED_CURRENT_BEHAVIOR,ANALYSIS_CONTRACT_BASELINE_V1,,ex_728da646,analysis_contract_baseline_v1.csv; identity inheritance per final closeout
OFI_01492,ex_728da646,힙 어브덕션,OFI_GROUP,HIP_ABDUCTION_GLUTE_MED_ACCESSORY,,WORKLOAD_BASELINE,0,1,MIGRATED_CURRENT_BEHAVIOR,ANALYSIS_CONTRACT_BASELINE_V1,,ex_728da646,analysis_contract_baseline_v1.csv; identity inheritance per final closeout
OFI_01493,ex_728da646,힙 어브덕션,OFI_SCORE,HIGH_FORCE_NEURAL,,,21,1,MIGRATED_CURRENT_BEHAVIOR,ANALYSIS_CONTRACT_BASELINE_V1,,ex_728da646,analysis_contract_baseline_v1.csv; identity inheritance per final closeout
OFI_01494,ex_728da646,힙 어브덕션,OFI_SCORE,HIGH_SPEED,,,88,1,MIGRATED_CURRENT_BEHAVIOR,ANALYSIS_CONTRACT_BASELINE_V1,,ex_728da646,analysis_contract_baseline_v1.csv; identity inheritance per final closeout
OFI_01495,ex_728da646,힙 어브덕션,OFI_SCORE,LOCAL_MUSCULAR,,,73,1,MIGRATED_CURRENT_BEHAVIOR,ANALYSIS_CONTRACT_BASELINE_V1,,ex_728da646,analysis_contract_baseline_v1.csv; identity inheritance per final closeout
OFI_01496,ex_728da646,힙 어브덕션,OFI_SCORE,REACTIVE,,,80,1,MIGRATED_CURRENT_BEHAVIOR,ANALYSIS_CONTRACT_BASELINE_V1,,ex_728da646,analysis_contract_baseline_v1.csv; identity inheritance per final closeout
OFI_01497,ex_728da646,힙 어브덕션,OFI_SCORE,SYSTEMIC_MUSCULAR,,,17,1,MIGRATED_CURRENT_BEHAVIOR,ANALYSIS_CONTRACT_BASELINE_V1,,ex_728da646,analysis_contract_baseline_v1.csv; identity inheritance per final closeout
OFI_01498,ex_728da646,힙 어브덕션,OFI_SNAPSHOT,SUMMARY,NORMAL,LOW,72,1,MIGRATED_CURRENT_BEHAVIOR,ANALYSIS_CONTRACT_BASELINE_V1,,ex_728da646,analysis_contract_baseline_v1.csv; identity inheritance per final closeout
OFI_01499,ex_72f11dc5,덤벨 리스트 익스텐션,BADMINTON_FATIGUE_COST,LOW,,,0,1,MIGRATED_CURRENT_BEHAVIOR,ANALYSIS_CONTRACT_BASELINE_V1,,ex_72f11dc5,analysis_contract_baseline_v1.csv; identity inheritance per final closeout
OFI_01500,ex_72f11dc5,덤벨 리스트 익스텐션,OFI_AXIS,HIGH_FORCE_NEURAL,,SHORT,17.1875,1,MIGRATED_CURRENT_BEHAVIOR,ANALYSIS_CONTRACT_BASELINE_V1,,ex_72f11dc5,analysis_contract_baseline_v1.csv; identity inheritance per final closeout
OFI_01501,ex_72f11dc5,덤벨 리스트 익스텐션,OFI_AXIS,HIGH_SPEED,,SHORT,17.1875,1,MIGRATED_CURRENT_BEHAVIOR,ANALYSIS_CONTRACT_BASELINE_V1,,ex_72f11dc5,analysis_contract_baseline_v1.csv; identity inheritance per final closeout
OFI_01502,ex_72f11dc5,덤벨 리스트 익스텐션,OFI_AXIS,LOCAL_MUSCULAR,,SHORT,58.4375,1,MIGRATED_CURRENT_BEHAVIOR,ANALYSIS_CONTRACT_BASELINE_V1,,ex_72f11dc5,analysis_contract_baseline_v1.csv; identity inheritance per final closeout
OFI_01503,ex_72f11dc5,덤벨 리스트 익스텐션,OFI_AXIS,REACTIVE,,SHORT,15.625,1,MIGRATED_CURRENT_BEHAVIOR,ANALYSIS_CONTRACT_BASELINE_V1,,ex_72f11dc5,analysis_contract_baseline_v1.csv; identity inheritance per final closeout
OFI_01504,ex_72f11dc5,덤벨 리스트 익스텐션,OFI_AXIS,SYSTEMIC_MUSCULAR,,SHORT,13.28125,1,MIGRATED_CURRENT_BEHAVIOR,ANALYSIS_CONTRACT_BASELINE_V1,,ex_72f11dc5,analysis_contract_baseline_v1.csv; identity inheritance per final closeout
OFI_01505,ex_72f11dc5,덤벨 리스트 익스텐션,OFI_DOSE,LOAD_REPS,,THREE_CONFIRMED_SETS_20KG_8REPS_600SECONDS_RPE8,0,1,MIGRATED_CURRENT_BEHAVIOR,ANALYSIS_CONTRACT_BASELINE_V1,,ex_72f11dc5,analysis_contract_baseline_v1.csv; identity inheritance per final closeout
OFI_01506,ex_72f11dc5,덤벨 리스트 익스텐션,OFI_GROUP,FOREARM_WRIST_GRIP_ACCESSORY,,LOCAL_REPEAT_DETECTION,0,1,MIGRATED_CURRENT_BEHAVIOR,ANALYSIS_CONTRACT_BASELINE_V1,,ex_72f11dc5,analysis_contract_baseline_v1.csv; identity inheritance per final closeout
OFI_01507,ex_72f11dc5,덤벨 리스트 익스텐션,OFI_GROUP,FOREARM_WRIST_GRIP_ACCESSORY,,STRENGTH_COMPARISON,0,1,MIGRATED_CURRENT_BEHAVIOR,ANALYSIS_CONTRACT_BASELINE_V1,,ex_72f11dc5,analysis_contract_baseline_v1.csv; identity inheritance per final closeout
OFI_01508,ex_72f11dc5,덤벨 리스트 익스텐션,OFI_GROUP,FOREARM_WRIST_GRIP_ACCESSORY,,WORKLOAD_BASELINE,0,1,MIGRATED_CURRENT_BEHAVIOR,ANALYSIS_CONTRACT_BASELINE_V1,,ex_72f11dc5,analysis_contract_baseline_v1.csv; identity inheritance per final closeout
OFI_01509,ex_72f11dc5,덤벨 리스트 익스텐션,OFI_SCORE,HIGH_FORCE_NEURAL,,,21,1,MIGRATED_CURRENT_BEHAVIOR,ANALYSIS_CONTRACT_BASELINE_V1,,ex_72f11dc5,analysis_contract_baseline_v1.csv; identity inheritance per final closeout
OFI_01510,ex_72f11dc5,덤벨 리스트 익스텐션,OFI_SCORE,HIGH_SPEED,,,21,1,MIGRATED_CURRENT_BEHAVIOR,ANALYSIS_CONTRACT_BASELINE_V1,,ex_72f11dc5,analysis_contract_baseline_v1.csv; identity inheritance per final closeout
OFI_01511,ex_72f11dc5,덤벨 리스트 익스텐션,OFI_SCORE,LOCAL_MUSCULAR,,,73,1,MIGRATED_CURRENT_BEHAVIOR,ANALYSIS_CONTRACT_BASELINE_V1,,ex_72f11dc5,analysis_contract_baseline_v1.csv; identity inheritance per final closeout
OFI_01512,ex_72f11dc5,덤벨 리스트 익스텐션,OFI_SCORE,REACTIVE,,,20,1,MIGRATED_CURRENT_BEHAVIOR,ANALYSIS_CONTRACT_BASELINE_V1,,ex_72f11dc5,analysis_contract_baseline_v1.csv; identity inheritance per final closeout
OFI_01513,ex_72f11dc5,덤벨 리스트 익스텐션,OFI_SCORE,SYSTEMIC_MUSCULAR,,,17,1,MIGRATED_CURRENT_BEHAVIOR,ANALYSIS_CONTRACT_BASELINE_V1,,ex_72f11dc5,analysis_contract_baseline_v1.csv; identity inheritance per final closeout
OFI_01514,ex_72f11dc5,덤벨 리스트 익스텐션,OFI_SNAPSHOT,SUMMARY,LOW,LOW,39,1,MIGRATED_CURRENT_BEHAVIOR,ANALYSIS_CONTRACT_BASELINE_V1,,ex_72f11dc5,analysis_contract_baseline_v1.csv; identity inheritance per final closeout
OFI_01515,ex_73b0b63f,아처 푸시업,BADMINTON_FATIGUE_COST,MEDIUM,,,0,1,MIGRATED_CURRENT_BEHAVIOR,ANALYSIS_CONTRACT_BASELINE_V1,,ex_73b0b63f,analysis_contract_baseline_v1.csv; identity inheritance per final closeout
OFI_01516,ex_73b0b63f,아처 푸시업,OFI_AXIS,HIGH_FORCE_NEURAL,,SHORT,17.1875,1,MIGRATED_CURRENT_BEHAVIOR,ANALYSIS_CONTRACT_BASELINE_V1,,ex_73b0b63f,analysis_contract_baseline_v1.csv; identity inheritance per final closeout
OFI_01517,ex_73b0b63f,아처 푸시업,OFI_AXIS,HIGH_SPEED,,SHORT,17.1875,1,MIGRATED_CURRENT_BEHAVIOR,ANALYSIS_CONTRACT_BASELINE_V1,,ex_73b0b63f,analysis_contract_baseline_v1.csv; identity inheritance per final closeout
OFI_01518,ex_73b0b63f,아처 푸시업,OFI_AXIS,LOCAL_MUSCULAR,,SHORT,37.8125,1,MIGRATED_CURRENT_BEHAVIOR,ANALYSIS_CONTRACT_BASELINE_V1,,ex_73b0b63f,analysis_contract_baseline_v1.csv; identity inheritance per final closeout
OFI_01519,ex_73b0b63f,아처 푸시업,OFI_AXIS,REACTIVE,,SHORT,15.625,1,MIGRATED_CURRENT_BEHAVIOR,ANALYSIS_CONTRACT_BASELINE_V1,,ex_73b0b63f,analysis_contract_baseline_v1.csv; identity inheritance per final closeout
OFI_01520,ex_73b0b63f,아처 푸시업,OFI_AXIS,SYSTEMIC_MUSCULAR,,SHORT,13.28125,1,MIGRATED_CURRENT_BEHAVIOR,ANALYSIS_CONTRACT_BASELINE_V1,,ex_73b0b63f,analysis_contract_baseline_v1.csv; identity inheritance per final closeout
OFI_01521,ex_73b0b63f,아처 푸시업,OFI_DOSE,LOAD_REPS,,THREE_CONFIRMED_SETS_20KG_8REPS_600SECONDS_RPE8,0,1,MIGRATED_CURRENT_BEHAVIOR,ANALYSIS_CONTRACT_BASELINE_V1,,ex_73b0b63f,analysis_contract_baseline_v1.csv; identity inheritance per final closeout
OFI_01522,ex_73b0b63f,아처 푸시업,OFI_GROUP,BODYWEIGHT_HORIZONTAL_PUSH,,LOCAL_REPEAT_DETECTION,0,1,MIGRATED_CURRENT_BEHAVIOR,ANALYSIS_CONTRACT_BASELINE_V1,,ex_73b0b63f,analysis_contract_baseline_v1.csv; identity inheritance per final closeout
OFI_01523,ex_73b0b63f,아처 푸시업,OFI_GROUP,BODYWEIGHT_HORIZONTAL_PUSH,,STRENGTH_COMPARISON,0,1,MIGRATED_CURRENT_BEHAVIOR,ANALYSIS_CONTRACT_BASELINE_V1,,ex_73b0b63f,analysis_contract_baseline_v1.csv; identity inheritance per final closeout
OFI_01524,ex_73b0b63f,아처 푸시업,OFI_GROUP,BODYWEIGHT_HORIZONTAL_PUSH,,WORKLOAD_BASELINE,0,1,MIGRATED_CURRENT_BEHAVIOR,ANALYSIS_CONTRACT_BASELINE_V1,,ex_73b0b63f,analysis_contract_baseline_v1.csv; identity inheritance per final closeout
OFI_01525,ex_73b0b63f,아처 푸시업,OFI_SCORE,HIGH_FORCE_NEURAL,,,21,1,MIGRATED_CURRENT_BEHAVIOR,ANALYSIS_CONTRACT_BASELINE_V1,,ex_73b0b63f,analysis_contract_baseline_v1.csv; identity inheritance per final closeout
OFI_01526,ex_73b0b63f,아처 푸시업,OFI_SCORE,HIGH_SPEED,,,21,1,MIGRATED_CURRENT_BEHAVIOR,ANALYSIS_CONTRACT_BASELINE_V1,,ex_73b0b63f,analysis_contract_baseline_v1.csv; identity inheritance per final closeout
OFI_01527,ex_73b0b63f,아처 푸시업,OFI_SCORE,LOCAL_MUSCULAR,,,47,1,MIGRATED_CURRENT_BEHAVIOR,ANALYSIS_CONTRACT_BASELINE_V1,,ex_73b0b63f,analysis_contract_baseline_v1.csv; identity inheritance per final closeout
OFI_01528,ex_73b0b63f,아처 푸시업,OFI_SCORE,REACTIVE,,,20,1,MIGRATED_CURRENT_BEHAVIOR,ANALYSIS_CONTRACT_BASELINE_V1,,ex_73b0b63f,analysis_contract_baseline_v1.csv; identity inheritance per final closeout
OFI_01529,ex_73b0b63f,아처 푸시업,OFI_SCORE,SYSTEMIC_MUSCULAR,,,17,1,MIGRATED_CURRENT_BEHAVIOR,ANALYSIS_CONTRACT_BASELINE_V1,,ex_73b0b63f,analysis_contract_baseline_v1.csv; identity inheritance per final closeout
OFI_01530,ex_73b0b63f,아처 푸시업,OFI_SNAPSHOT,SUMMARY,LOW,LOW,28,1,MIGRATED_CURRENT_BEHAVIOR,ANALYSIS_CONTRACT_BASELINE_V1,,ex_73b0b63f,analysis_contract_baseline_v1.csv; identity inheritance per final closeout
OFI_01531,ex_7404067c,케틀벨 스윙,BADMINTON_FATIGUE_COST,HIGH,,,0,1,MIGRATED_CURRENT_BEHAVIOR,ANALYSIS_CONTRACT_BASELINE_V1,,ex_7404067c,analysis_contract_baseline_v1.csv; identity inheritance per final closeout
OFI_01532,ex_7404067c,케틀벨 스윙,OFI_AXIS,HIGH_FORCE_NEURAL,,LONG,17.1875,1,MIGRATED_CURRENT_BEHAVIOR,ANALYSIS_CONTRACT_BASELINE_V1,,ex_7404067c,analysis_contract_baseline_v1.csv; identity inheritance per final closeout
OFI_01533,ex_7404067c,케틀벨 스윙,OFI_AXIS,HIGH_SPEED,,LONG,70.125,1,MIGRATED_CURRENT_BEHAVIOR,ANALYSIS_CONTRACT_BASELINE_V1,,ex_7404067c,analysis_contract_baseline_v1.csv; identity inheritance per final closeout
OFI_01534,ex_7404067c,케틀벨 스윙,OFI_AXIS,LOCAL_MUSCULAR,,LONG,37.8125,1,MIGRATED_CURRENT_BEHAVIOR,ANALYSIS_CONTRACT_BASELINE_V1,,ex_7404067c,analysis_contract_baseline_v1.csv; identity inheritance per final closeout
OFI_01535,ex_7404067c,케틀벨 스윙,OFI_AXIS,REACTIVE,,LONG,63.75,1,MIGRATED_CURRENT_BEHAVIOR,ANALYSIS_CONTRACT_BASELINE_V1,,ex_7404067c,analysis_contract_baseline_v1.csv; identity inheritance per final closeout
OFI_01536,ex_7404067c,케틀벨 스윙,OFI_AXIS,SYSTEMIC_MUSCULAR,,LONG,53.125,1,MIGRATED_CURRENT_BEHAVIOR,ANALYSIS_CONTRACT_BASELINE_V1,,ex_7404067c,analysis_contract_baseline_v1.csv; identity inheritance per final closeout
OFI_01537,ex_7404067c,케틀벨 스윙,OFI_DOSE,QUALITY_BASED,,THREE_CONFIRMED_SETS_20KG_8REPS_600SECONDS_RPE8,0,1,MIGRATED_CURRENT_BEHAVIOR,ANALYSIS_CONTRACT_BASELINE_V1,,ex_7404067c,analysis_contract_baseline_v1.csv; identity inheritance per final closeout
OFI_01538,ex_7404067c,케틀벨 스윙,OFI_GROUP,BALLISTIC_HINGE_POWER,,LOCAL_REPEAT_DETECTION,0,1,MIGRATED_CURRENT_BEHAVIOR,ANALYSIS_CONTRACT_BASELINE_V1,,ex_7404067c,analysis_contract_baseline_v1.csv; identity inheritance per final closeout
OFI_01539,ex_7404067c,케틀벨 스윙,OFI_GROUP,BALLISTIC_HINGE_POWER,,STRENGTH_COMPARISON,0,1,MIGRATED_CURRENT_BEHAVIOR,ANALYSIS_CONTRACT_BASELINE_V1,,ex_7404067c,analysis_contract_baseline_v1.csv; identity inheritance per final closeout
OFI_01540,ex_7404067c,케틀벨 스윙,OFI_GROUP,BALLISTIC_HINGE_POWER,,WORKLOAD_BASELINE,0,1,MIGRATED_CURRENT_BEHAVIOR,ANALYSIS_CONTRACT_BASELINE_V1,,ex_7404067c,analysis_contract_baseline_v1.csv; identity inheritance per final closeout
OFI_01541,ex_7404067c,케틀벨 스윙,OFI_SCORE,HIGH_FORCE_NEURAL,,,21,1,MIGRATED_CURRENT_BEHAVIOR,ANALYSIS_CONTRACT_BASELINE_V1,,ex_7404067c,analysis_contract_baseline_v1.csv; identity inheritance per final closeout
OFI_01542,ex_7404067c,케틀벨 스윙,OFI_SCORE,HIGH_SPEED,,,88,1,MIGRATED_CURRENT_BEHAVIOR,ANALYSIS_CONTRACT_BASELINE_V1,,ex_7404067c,analysis_contract_baseline_v1.csv; identity inheritance per final closeout
OFI_01543,ex_7404067c,케틀벨 스윙,OFI_SCORE,LOCAL_MUSCULAR,,,47,1,MIGRATED_CURRENT_BEHAVIOR,ANALYSIS_CONTRACT_BASELINE_V1,,ex_7404067c,analysis_contract_baseline_v1.csv; identity inheritance per final closeout
OFI_01544,ex_7404067c,케틀벨 스윙,OFI_SCORE,REACTIVE,,,80,1,MIGRATED_CURRENT_BEHAVIOR,ANALYSIS_CONTRACT_BASELINE_V1,,ex_7404067c,analysis_contract_baseline_v1.csv; identity inheritance per final closeout
OFI_01545,ex_7404067c,케틀벨 스윙,OFI_SCORE,SYSTEMIC_MUSCULAR,,,66,1,MIGRATED_CURRENT_BEHAVIOR,ANALYSIS_CONTRACT_BASELINE_V1,,ex_7404067c,analysis_contract_baseline_v1.csv; identity inheritance per final closeout
OFI_01546,ex_7404067c,케틀벨 스윙,OFI_SNAPSHOT,SUMMARY,NORMAL,LOW,74,1,MIGRATED_CURRENT_BEHAVIOR,ANALYSIS_CONTRACT_BASELINE_V1,,ex_7404067c,analysis_contract_baseline_v1.csv; identity inheritance per final closeout
OFI_01547,ex_74c2d13b,계단 오르기,BADMINTON_FATIGUE_COST,HIGH,,,0,1,MIGRATED_CURRENT_BEHAVIOR,ANALYSIS_CONTRACT_BASELINE_V1,,ex_74c2d13b,analysis_contract_baseline_v1.csv; identity inheritance per final closeout
OFI_01548,ex_74c2d13b,계단 오르기,OFI_AXIS,HIGH_FORCE_NEURAL,,MEDIUM,17.1875,1,MIGRATED_CURRENT_BEHAVIOR,ANALYSIS_CONTRACT_BASELINE_V1,,ex_74c2d13b,analysis_contract_baseline_v1.csv; identity inheritance per final closeout
OFI_01549,ex_74c2d13b,계단 오르기,OFI_AXIS,HIGH_SPEED,,MEDIUM,17.1875,1,MIGRATED_CURRENT_BEHAVIOR,ANALYSIS_CONTRACT_BASELINE_V1,,ex_74c2d13b,analysis_contract_baseline_v1.csv; identity inheritance per final closeout
OFI_01550,ex_74c2d13b,계단 오르기,OFI_AXIS,LOCAL_MUSCULAR,,MEDIUM,37.8125,1,MIGRATED_CURRENT_BEHAVIOR,ANALYSIS_CONTRACT_BASELINE_V1,,ex_74c2d13b,analysis_contract_baseline_v1.csv; identity inheritance per final closeout
OFI_01551,ex_74c2d13b,계단 오르기,OFI_AXIS,REACTIVE,,MEDIUM,15.625,1,MIGRATED_CURRENT_BEHAVIOR,ANALYSIS_CONTRACT_BASELINE_V1,,ex_74c2d13b,analysis_contract_baseline_v1.csv; identity inheritance per final closeout
OFI_01552,ex_74c2d13b,계단 오르기,OFI_AXIS,SYSTEMIC_MUSCULAR,,MEDIUM,53.125,1,MIGRATED_CURRENT_BEHAVIOR,ANALYSIS_CONTRACT_BASELINE_V1,,ex_74c2d13b,analysis_contract_baseline_v1.csv; identity inheritance per final closeout
OFI_01553,ex_74c2d13b,계단 오르기,OFI_DOSE,DISTANCE_OR_TIME,,THREE_CONFIRMED_SETS_20KG_8REPS_600SECONDS_RPE8,0,1,MIGRATED_CURRENT_BEHAVIOR,ANALYSIS_CONTRACT_BASELINE_V1,,ex_74c2d13b,analysis_contract_baseline_v1.csv; identity inheritance per final closeout
OFI_01554,ex_74c2d13b,계단 오르기,OFI_GROUP,CARDIO_CONDITIONING,,LOCAL_REPEAT_DETECTION,0,1,MIGRATED_CURRENT_BEHAVIOR,ANALYSIS_CONTRACT_BASELINE_V1,,ex_74c2d13b,analysis_contract_baseline_v1.csv; identity inheritance per final closeout
OFI_01555,ex_74c2d13b,계단 오르기,OFI_GROUP,CARDIO_CONDITIONING,,STRENGTH_COMPARISON,0,1,MIGRATED_CURRENT_BEHAVIOR,ANALYSIS_CONTRACT_BASELINE_V1,,ex_74c2d13b,analysis_contract_baseline_v1.csv; identity inheritance per final closeout
OFI_01556,ex_74c2d13b,계단 오르기,OFI_GROUP,CARDIO_CONDITIONING,,WORKLOAD_BASELINE,0,1,MIGRATED_CURRENT_BEHAVIOR,ANALYSIS_CONTRACT_BASELINE_V1,,ex_74c2d13b,analysis_contract_baseline_v1.csv; identity inheritance per final closeout
OFI_01557,ex_74c2d13b,계단 오르기,OFI_SCORE,HIGH_FORCE_NEURAL,,,21,1,MIGRATED_CURRENT_BEHAVIOR,ANALYSIS_CONTRACT_BASELINE_V1,,ex_74c2d13b,analysis_contract_baseline_v1.csv; identity inheritance per final closeout
OFI_01558,ex_74c2d13b,계단 오르기,OFI_SCORE,HIGH_SPEED,,,21,1,MIGRATED_CURRENT_BEHAVIOR,ANALYSIS_CONTRACT_BASELINE_V1,,ex_74c2d13b,analysis_contract_baseline_v1.csv; identity inheritance per final closeout
OFI_01559,ex_74c2d13b,계단 오르기,OFI_SCORE,LOCAL_MUSCULAR,,,47,1,MIGRATED_CURRENT_BEHAVIOR,ANALYSIS_CONTRACT_BASELINE_V1,,ex_74c2d13b,analysis_contract_baseline_v1.csv; identity inheritance per final closeout
OFI_01560,ex_74c2d13b,계단 오르기,OFI_SCORE,REACTIVE,,,20,1,MIGRATED_CURRENT_BEHAVIOR,ANALYSIS_CONTRACT_BASELINE_V1,,ex_74c2d13b,analysis_contract_baseline_v1.csv; identity inheritance per final closeout
OFI_01561,ex_74c2d13b,계단 오르기,OFI_SCORE,SYSTEMIC_MUSCULAR,,,66,1,MIGRATED_CURRENT_BEHAVIOR,ANALYSIS_CONTRACT_BASELINE_V1,,ex_74c2d13b,analysis_contract_baseline_v1.csv; identity inheritance per final closeout
OFI_01562,ex_74c2d13b,계단 오르기,OFI_SNAPSHOT,SUMMARY,LOW,LOW,39,1,MIGRATED_CURRENT_BEHAVIOR,ANALYSIS_CONTRACT_BASELINE_V1,,ex_74c2d13b,analysis_contract_baseline_v1.csv; identity inheritance per final closeout
OFI_01563,ex_752b45ae,멀티셔틀 풋워크,BADMINTON_FATIGUE_COST,HIGH,,,0,1,MIGRATED_CURRENT_BEHAVIOR,ANALYSIS_CONTRACT_BASELINE_V1,,ex_752b45ae,analysis_contract_baseline_v1.csv; identity inheritance per final closeout
OFI_01564,ex_752b45ae,멀티셔틀 풋워크,OFI_AXIS,HIGH_FORCE_NEURAL,,LONG,17.1875,1,MIGRATED_CURRENT_BEHAVIOR,ANALYSIS_CONTRACT_BASELINE_V1,,ex_752b45ae,analysis_contract_baseline_v1.csv; identity inheritance per final closeout
OFI_01565,ex_752b45ae,멀티셔틀 풋워크,OFI_AXIS,HIGH_SPEED,,LONG,85.9375,1,MIGRATED_CURRENT_BEHAVIOR,ANALYSIS_CONTRACT_BASELINE_V1,,ex_752b45ae,analysis_contract_baseline_v1.csv; identity inheritance per final closeout
OFI_01566,ex_752b45ae,멀티셔틀 풋워크,OFI_AXIS,LOCAL_MUSCULAR,,LONG,58.4375,1,MIGRATED_CURRENT_BEHAVIOR,ANALYSIS_CONTRACT_BASELINE_V1,,ex_752b45ae,analysis_contract_baseline_v1.csv; identity inheritance per final closeout
OFI_01567,ex_752b45ae,멀티셔틀 풋워크,OFI_AXIS,REACTIVE,,LONG,93.75,1,MIGRATED_CURRENT_BEHAVIOR,ANALYSIS_CONTRACT_BASELINE_V1,,ex_752b45ae,analysis_contract_baseline_v1.csv; identity inheritance per final closeout
OFI_01568,ex_752b45ae,멀티셔틀 풋워크,OFI_AXIS,SYSTEMIC_MUSCULAR,,LONG,53.125,1,MIGRATED_CURRENT_BEHAVIOR,ANALYSIS_CONTRACT_BASELINE_V1,,ex_752b45ae,analysis_contract_baseline_v1.csv; identity inheritance per final closeout
OFI_01569,ex_752b45ae,멀티셔틀 풋워크,OFI_CAUTION,HIGH_SPEED_CAUTION,,,0,1,MIGRATED_CURRENT_BEHAVIOR,ANALYSIS_CONTRACT_BASELINE_V1,,ex_752b45ae,analysis_contract_baseline_v1.csv; identity inheritance per final closeout
OFI_01570,ex_752b45ae,멀티셔틀 풋워크,OFI_CAUTION,REACTIVE_CAUTION,,,0,1,MIGRATED_CURRENT_BEHAVIOR,ANALYSIS_CONTRACT_BASELINE_V1,,ex_752b45ae,analysis_contract_baseline_v1.csv; identity inheritance per final closeout
OFI_01571,ex_752b45ae,멀티셔틀 풋워크,OFI_CAUTION,RECOVERY_DEBT_HIGH,,,0,1,MIGRATED_CURRENT_BEHAVIOR,ANALYSIS_CONTRACT_BASELINE_V1,,ex_752b45ae,analysis_contract_baseline_v1.csv; identity inheritance per final closeout
OFI_01572,ex_752b45ae,멀티셔틀 풋워크,OFI_DOSE,DISTANCE_OR_TIME,,THREE_CONFIRMED_SETS_20KG_8REPS_600SECONDS_RPE8,0,1,MIGRATED_CURRENT_BEHAVIOR,ANALYSIS_CONTRACT_BASELINE_V1,,ex_752b45ae,analysis_contract_baseline_v1.csv; identity inheritance per final closeout
OFI_01573,ex_752b45ae,멀티셔틀 풋워크,OFI_GROUP,BADMINTON_COURT_FOOTWORK,,LOCAL_REPEAT_DETECTION,0,1,MIGRATED_CURRENT_BEHAVIOR,ANALYSIS_CONTRACT_BASELINE_V1,,ex_752b45ae,analysis_contract_baseline_v1.csv; identity inheritance per final closeout
OFI_01574,ex_752b45ae,멀티셔틀 풋워크,OFI_GROUP,NOT_APPLICABLE,,STRENGTH_COMPARISON,0,1,MIGRATED_CURRENT_BEHAVIOR,ANALYSIS_CONTRACT_BASELINE_V1,,ex_752b45ae,analysis_contract_baseline_v1.csv; identity inheritance per final closeout
OFI_01575,ex_752b45ae,멀티셔틀 풋워크,OFI_GROUP,NOT_APPLICABLE,,WORKLOAD_BASELINE,0,1,MIGRATED_CURRENT_BEHAVIOR,ANALYSIS_CONTRACT_BASELINE_V1,,ex_752b45ae,analysis_contract_baseline_v1.csv; identity inheritance per final closeout
OFI_01576,ex_752b45ae,멀티셔틀 풋워크,OFI_SCORE,HIGH_FORCE_NEURAL,,,21,1,MIGRATED_CURRENT_BEHAVIOR,ANALYSIS_CONTRACT_BASELINE_V1,,ex_752b45ae,analysis_contract_baseline_v1.csv; identity inheritance per final closeout
OFI_01577,ex_752b45ae,멀티셔틀 풋워크,OFI_SCORE,HIGH_SPEED,,,100,1,MIGRATED_CURRENT_BEHAVIOR,ANALYSIS_CONTRACT_BASELINE_V1,,ex_752b45ae,analysis_contract_baseline_v1.csv; identity inheritance per final closeout
OFI_01578,ex_752b45ae,멀티셔틀 풋워크,OFI_SCORE,LOCAL_MUSCULAR,,,73,1,MIGRATED_CURRENT_BEHAVIOR,ANALYSIS_CONTRACT_BASELINE_V1,,ex_752b45ae,analysis_contract_baseline_v1.csv; identity inheritance per final closeout
OFI_01579,ex_752b45ae,멀티셔틀 풋워크,OFI_SCORE,REACTIVE,,,100,1,MIGRATED_CURRENT_BEHAVIOR,ANALYSIS_CONTRACT_BASELINE_V1,,ex_752b45ae,analysis_contract_baseline_v1.csv; identity inheritance per final closeout
OFI_01580,ex_752b45ae,멀티셔틀 풋워크,OFI_SCORE,SYSTEMIC_MUSCULAR,,,66,1,MIGRATED_CURRENT_BEHAVIOR,ANALYSIS_CONTRACT_BASELINE_V1,,ex_752b45ae,analysis_contract_baseline_v1.csv; identity inheritance per final closeout
OFI_01581,ex_752b45ae,멀티셔틀 풋워크,OFI_SNAPSHOT,SUMMARY,ELEVATED,LOW,83,1,MIGRATED_CURRENT_BEHAVIOR,ANALYSIS_CONTRACT_BASELINE_V1,,ex_752b45ae,analysis_contract_baseline_v1.csv; identity inheritance per final closeout
OFI_01582,ex_767e188e,아놀드 프레스,BADMINTON_FATIGUE_COST,MEDIUM,,,0,1,MIGRATED_CURRENT_BEHAVIOR,ANALYSIS_CONTRACT_BASELINE_V1,,ex_767e188e,analysis_contract_baseline_v1.csv; identity inheritance per final closeout
OFI_01583,ex_767e188e,아놀드 프레스,OFI_AXIS,HIGH_FORCE_NEURAL,,MEDIUM,37.8125,1,MIGRATED_CURRENT_BEHAVIOR,ANALYSIS_CONTRACT_BASELINE_V1,,ex_767e188e,analysis_contract_baseline_v1.csv; identity inheritance per final closeout
OFI_01584,ex_767e188e,아놀드 프레스,OFI_AXIS,HIGH_SPEED,,MEDIUM,17.1875,1,MIGRATED_CURRENT_BEHAVIOR,ANALYSIS_CONTRACT_BASELINE_V1,,ex_767e188e,analysis_contract_baseline_v1.csv; identity inheritance per final closeout
OFI_01585,ex_767e188e,아놀드 프레스,OFI_AXIS,LOCAL_MUSCULAR,,MEDIUM,58.4375,1,MIGRATED_CURRENT_BEHAVIOR,ANALYSIS_CONTRACT_BASELINE_V1,,ex_767e188e,analysis_contract_baseline_v1.csv; identity inheritance per final closeout
OFI_01586,ex_767e188e,아놀드 프레스,OFI_AXIS,REACTIVE,,MEDIUM,15.625,1,MIGRATED_CURRENT_BEHAVIOR,ANALYSIS_CONTRACT_BASELINE_V1,,ex_767e188e,analysis_contract_baseline_v1.csv; identity inheritance per final closeout
OFI_01587,ex_767e188e,아놀드 프레스,OFI_AXIS,SYSTEMIC_MUSCULAR,,MEDIUM,29.21875,1,MIGRATED_CURRENT_BEHAVIOR,ANALYSIS_CONTRACT_BASELINE_V1,,ex_767e188e,analysis_contract_baseline_v1.csv; identity inheritance per final closeout
OFI_01588,ex_767e188e,아놀드 프레스,OFI_DOSE,LOAD_REPS,,THREE_CONFIRMED_SETS_20KG_8REPS_600SECONDS_RPE8,0,1,MIGRATED_CURRENT_BEHAVIOR,ANALYSIS_CONTRACT_BASELINE_V1,,ex_767e188e,analysis_contract_baseline_v1.csv; identity inheritance per final closeout
OFI_01589,ex_767e188e,아놀드 프레스,OFI_GROUP,OVERHEAD_PRESS_SHOULDER_DOMINANT,,LOCAL_REPEAT_DETECTION,0,1,MIGRATED_CURRENT_BEHAVIOR,ANALYSIS_CONTRACT_BASELINE_V1,,ex_767e188e,analysis_contract_baseline_v1.csv; identity inheritance per final closeout
OFI_01590,ex_767e188e,아놀드 프레스,OFI_GROUP,OVERHEAD_PRESS_SHOULDER_DOMINANT,,STRENGTH_COMPARISON,0,1,MIGRATED_CURRENT_BEHAVIOR,ANALYSIS_CONTRACT_BASELINE_V1,,ex_767e188e,analysis_contract_baseline_v1.csv; identity inheritance per final closeout
OFI_01591,ex_767e188e,아놀드 프레스,OFI_GROUP,OVERHEAD_PRESS_SHOULDER_DOMINANT,,WORKLOAD_BASELINE,0,1,MIGRATED_CURRENT_BEHAVIOR,ANALYSIS_CONTRACT_BASELINE_V1,,ex_767e188e,analysis_contract_baseline_v1.csv; identity inheritance per final closeout
OFI_01592,ex_767e188e,아놀드 프레스,OFI_SCORE,HIGH_FORCE_NEURAL,,,47,1,MIGRATED_CURRENT_BEHAVIOR,ANALYSIS_CONTRACT_BASELINE_V1,,ex_767e188e,analysis_contract_baseline_v1.csv; identity inheritance per final closeout
OFI_01593,ex_767e188e,아놀드 프레스,OFI_SCORE,HIGH_SPEED,,,21,1,MIGRATED_CURRENT_BEHAVIOR,ANALYSIS_CONTRACT_BASELINE_V1,,ex_767e188e,analysis_contract_baseline_v1.csv; identity inheritance per final closeout
OFI_01594,ex_767e188e,아놀드 프레스,OFI_SCORE,LOCAL_MUSCULAR,,,73,1,MIGRATED_CURRENT_BEHAVIOR,ANALYSIS_CONTRACT_BASELINE_V1,,ex_767e188e,analysis_contract_baseline_v1.csv; identity inheritance per final closeout
OFI_01595,ex_767e188e,아놀드 프레스,OFI_SCORE,REACTIVE,,,20,1,MIGRATED_CURRENT_BEHAVIOR,ANALYSIS_CONTRACT_BASELINE_V1,,ex_767e188e,analysis_contract_baseline_v1.csv; identity inheritance per final closeout
OFI_01596,ex_767e188e,아놀드 프레스,OFI_SCORE,SYSTEMIC_MUSCULAR,,,37,1,MIGRATED_CURRENT_BEHAVIOR,ANALYSIS_CONTRACT_BASELINE_V1,,ex_767e188e,analysis_contract_baseline_v1.csv; identity inheritance per final closeout
OFI_01597,ex_767e188e,아놀드 프레스,OFI_SNAPSHOT,SUMMARY,NORMAL,LOW,43,1,MIGRATED_CURRENT_BEHAVIOR,ANALYSIS_CONTRACT_BASELINE_V1,,ex_767e188e,analysis_contract_baseline_v1.csv; identity inheritance per final closeout
OFI_01598,ex_7814843a,원암 덤벨 숄더프레스,BADMINTON_FATIGUE_COST,MEDIUM,,,0,1,MIGRATED_CURRENT_BEHAVIOR,ANALYSIS_CONTRACT_BASELINE_V1,,ex_7814843a,analysis_contract_baseline_v1.csv; identity inheritance per final closeout
OFI_01599,ex_7814843a,원암 덤벨 숄더프레스,OFI_AXIS,HIGH_FORCE_NEURAL,,MEDIUM,37.8125,1,MIGRATED_CURRENT_BEHAVIOR,ANALYSIS_CONTRACT_BASELINE_V1,,ex_7814843a,analysis_contract_baseline_v1.csv; identity inheritance per final closeout
OFI_01600,ex_7814843a,원암 덤벨 숄더프레스,OFI_AXIS,HIGH_SPEED,,MEDIUM,17.1875,1,MIGRATED_CURRENT_BEHAVIOR,ANALYSIS_CONTRACT_BASELINE_V1,,ex_7814843a,analysis_contract_baseline_v1.csv; identity inheritance per final closeout
OFI_01601,ex_7814843a,원암 덤벨 숄더프레스,OFI_AXIS,LOCAL_MUSCULAR,,MEDIUM,58.4375,1,MIGRATED_CURRENT_BEHAVIOR,ANALYSIS_CONTRACT_BASELINE_V1,,ex_7814843a,analysis_contract_baseline_v1.csv; identity inheritance per final closeout
OFI_01602,ex_7814843a,원암 덤벨 숄더프레스,OFI_AXIS,REACTIVE,,MEDIUM,15.625,1,MIGRATED_CURRENT_BEHAVIOR,ANALYSIS_CONTRACT_BASELINE_V1,,ex_7814843a,analysis_contract_baseline_v1.csv; identity inheritance per final closeout
OFI_01603,ex_7814843a,원암 덤벨 숄더프레스,OFI_AXIS,SYSTEMIC_MUSCULAR,,MEDIUM,29.21875,1,MIGRATED_CURRENT_BEHAVIOR,ANALYSIS_CONTRACT_BASELINE_V1,,ex_7814843a,analysis_contract_baseline_v1.csv; identity inheritance per final closeout
OFI_01604,ex_7814843a,원암 덤벨 숄더프레스,OFI_DOSE,LOAD_REPS,,THREE_CONFIRMED_SETS_20KG_8REPS_600SECONDS_RPE8,0,1,MIGRATED_CURRENT_BEHAVIOR,ANALYSIS_CONTRACT_BASELINE_V1,,ex_7814843a,analysis_contract_baseline_v1.csv; identity inheritance per final closeout
OFI_01605,ex_7814843a,원암 덤벨 숄더프레스,OFI_GROUP,OVERHEAD_PRESS_SHOULDER_DOMINANT,,LOCAL_REPEAT_DETECTION,0,1,MIGRATED_CURRENT_BEHAVIOR,ANALYSIS_CONTRACT_BASELINE_V1,,ex_7814843a,analysis_contract_baseline_v1.csv; identity inheritance per final closeout
OFI_01606,ex_7814843a,원암 덤벨 숄더프레스,OFI_GROUP,OVERHEAD_PRESS_SHOULDER_DOMINANT,,STRENGTH_COMPARISON,0,1,MIGRATED_CURRENT_BEHAVIOR,ANALYSIS_CONTRACT_BASELINE_V1,,ex_7814843a,analysis_contract_baseline_v1.csv; identity inheritance per final closeout
OFI_01607,ex_7814843a,원암 덤벨 숄더프레스,OFI_GROUP,OVERHEAD_PRESS_SHOULDER_DOMINANT,,WORKLOAD_BASELINE,0,1,MIGRATED_CURRENT_BEHAVIOR,ANALYSIS_CONTRACT_BASELINE_V1,,ex_7814843a,analysis_contract_baseline_v1.csv; identity inheritance per final closeout
OFI_01608,ex_7814843a,원암 덤벨 숄더프레스,OFI_SCORE,HIGH_FORCE_NEURAL,,,47,1,MIGRATED_CURRENT_BEHAVIOR,ANALYSIS_CONTRACT_BASELINE_V1,,ex_7814843a,analysis_contract_baseline_v1.csv; identity inheritance per final closeout
OFI_01609,ex_7814843a,원암 덤벨 숄더프레스,OFI_SCORE,HIGH_SPEED,,,21,1,MIGRATED_CURRENT_BEHAVIOR,ANALYSIS_CONTRACT_BASELINE_V1,,ex_7814843a,analysis_contract_baseline_v1.csv; identity inheritance per final closeout
OFI_01610,ex_7814843a,원암 덤벨 숄더프레스,OFI_SCORE,LOCAL_MUSCULAR,,,73,1,MIGRATED_CURRENT_BEHAVIOR,ANALYSIS_CONTRACT_BASELINE_V1,,ex_7814843a,analysis_contract_baseline_v1.csv; identity inheritance per final closeout
OFI_01611,ex_7814843a,원암 덤벨 숄더프레스,OFI_SCORE,REACTIVE,,,20,1,MIGRATED_CURRENT_BEHAVIOR,ANALYSIS_CONTRACT_BASELINE_V1,,ex_7814843a,analysis_contract_baseline_v1.csv; identity inheritance per final closeout
OFI_01612,ex_7814843a,원암 덤벨 숄더프레스,OFI_SCORE,SYSTEMIC_MUSCULAR,,,37,1,MIGRATED_CURRENT_BEHAVIOR,ANALYSIS_CONTRACT_BASELINE_V1,,ex_7814843a,analysis_contract_baseline_v1.csv; identity inheritance per final closeout
OFI_01613,ex_7814843a,원암 덤벨 숄더프레스,OFI_SNAPSHOT,SUMMARY,NORMAL,LOW,43,1,MIGRATED_CURRENT_BEHAVIOR,ANALYSIS_CONTRACT_BASELINE_V1,,ex_7814843a,analysis_contract_baseline_v1.csv; identity inheritance per final closeout
OFI_01614,ex_79f3bdbe,덤벨 숄더프레스,BADMINTON_FATIGUE_COST,VERY_HIGH,,,0,1,MIGRATED_CURRENT_BEHAVIOR,ANALYSIS_CONTRACT_BASELINE_V1,,ex_79f3bdbe,analysis_contract_baseline_v1.csv; identity inheritance per final closeout
OFI_01615,ex_79f3bdbe,덤벨 숄더프레스,OFI_AXIS,HIGH_FORCE_NEURAL,,MEDIUM,37.8125,1,MIGRATED_CURRENT_BEHAVIOR,ANALYSIS_CONTRACT_BASELINE_V1,,ex_79f3bdbe,analysis_contract_baseline_v1.csv; identity inheritance per final closeout
OFI_01616,ex_79f3bdbe,덤벨 숄더프레스,OFI_AXIS,HIGH_SPEED,,MEDIUM,17.1875,1,MIGRATED_CURRENT_BEHAVIOR,ANALYSIS_CONTRACT_BASELINE_V1,,ex_79f3bdbe,analysis_contract_baseline_v1.csv; identity inheritance per final closeout
OFI_01617,ex_79f3bdbe,덤벨 숄더프레스,OFI_AXIS,LOCAL_MUSCULAR,,MEDIUM,58.4375,1,MIGRATED_CURRENT_BEHAVIOR,ANALYSIS_CONTRACT_BASELINE_V1,,ex_79f3bdbe,analysis_contract_baseline_v1.csv; identity inheritance per final closeout
OFI_01618,ex_79f3bdbe,덤벨 숄더프레스,OFI_AXIS,REACTIVE,,MEDIUM,15.625,1,MIGRATED_CURRENT_BEHAVIOR,ANALYSIS_CONTRACT_BASELINE_V1,,ex_79f3bdbe,analysis_contract_baseline_v1.csv; identity inheritance per final closeout
OFI_01619,ex_79f3bdbe,덤벨 숄더프레스,OFI_AXIS,SYSTEMIC_MUSCULAR,,MEDIUM,29.21875,1,MIGRATED_CURRENT_BEHAVIOR,ANALYSIS_CONTRACT_BASELINE_V1,,ex_79f3bdbe,analysis_contract_baseline_v1.csv; identity inheritance per final closeout
OFI_01620,ex_79f3bdbe,덤벨 숄더프레스,OFI_DOSE,LOAD_REPS,,THREE_CONFIRMED_SETS_20KG_8REPS_600SECONDS_RPE8,0,1,MIGRATED_CURRENT_BEHAVIOR,ANALYSIS_CONTRACT_BASELINE_V1,,ex_79f3bdbe,analysis_contract_baseline_v1.csv; identity inheritance per final closeout
OFI_01621,ex_79f3bdbe,덤벨 숄더프레스,OFI_GROUP,OVERHEAD_PRESS_SHOULDER_DOMINANT,,LOCAL_REPEAT_DETECTION,0,1,MIGRATED_CURRENT_BEHAVIOR,ANALYSIS_CONTRACT_BASELINE_V1,,ex_79f3bdbe,analysis_contract_baseline_v1.csv; identity inheritance per final closeout
OFI_01622,ex_79f3bdbe,덤벨 숄더프레스,OFI_GROUP,OVERHEAD_PRESS_SHOULDER_DOMINANT,,STRENGTH_COMPARISON,0,1,MIGRATED_CURRENT_BEHAVIOR,ANALYSIS_CONTRACT_BASELINE_V1,,ex_79f3bdbe,analysis_contract_baseline_v1.csv; identity inheritance per final closeout
OFI_01623,ex_79f3bdbe,덤벨 숄더프레스,OFI_GROUP,OVERHEAD_PRESS_SHOULDER_DOMINANT,,WORKLOAD_BASELINE,0,1,MIGRATED_CURRENT_BEHAVIOR,ANALYSIS_CONTRACT_BASELINE_V1,,ex_79f3bdbe,analysis_contract_baseline_v1.csv; identity inheritance per final closeout
OFI_01624,ex_79f3bdbe,덤벨 숄더프레스,OFI_SCORE,HIGH_FORCE_NEURAL,,,47,1,MIGRATED_CURRENT_BEHAVIOR,ANALYSIS_CONTRACT_BASELINE_V1,,ex_79f3bdbe,analysis_contract_baseline_v1.csv; identity inheritance per final closeout
OFI_01625,ex_79f3bdbe,덤벨 숄더프레스,OFI_SCORE,HIGH_SPEED,,,21,1,MIGRATED_CURRENT_BEHAVIOR,ANALYSIS_CONTRACT_BASELINE_V1,,ex_79f3bdbe,analysis_contract_baseline_v1.csv; identity inheritance per final closeout
OFI_01626,ex_79f3bdbe,덤벨 숄더프레스,OFI_SCORE,LOCAL_MUSCULAR,,,73,1,MIGRATED_CURRENT_BEHAVIOR,ANALYSIS_CONTRACT_BASELINE_V1,,ex_79f3bdbe,analysis_contract_baseline_v1.csv; identity inheritance per final closeout
OFI_01627,ex_79f3bdbe,덤벨 숄더프레스,OFI_SCORE,REACTIVE,,,20,1,MIGRATED_CURRENT_BEHAVIOR,ANALYSIS_CONTRACT_BASELINE_V1,,ex_79f3bdbe,analysis_contract_baseline_v1.csv; identity inheritance per final closeout
OFI_01628,ex_79f3bdbe,덤벨 숄더프레스,OFI_SCORE,SYSTEMIC_MUSCULAR,,,37,1,MIGRATED_CURRENT_BEHAVIOR,ANALYSIS_CONTRACT_BASELINE_V1,,ex_79f3bdbe,analysis_contract_baseline_v1.csv; identity inheritance per final closeout
OFI_01629,ex_79f3bdbe,덤벨 숄더프레스,OFI_SNAPSHOT,SUMMARY,NORMAL,LOW,43,1,MIGRATED_CURRENT_BEHAVIOR,ANALYSIS_CONTRACT_BASELINE_V1,,ex_79f3bdbe,analysis_contract_baseline_v1.csv; identity inheritance per final closeout
OFI_01630,ex_7ce96a7a,프론트풋 엘리베이티드 스플릿 스쿼트,BADMINTON_FATIGUE_COST,VERY_HIGH,,,0,1,MIGRATED_CURRENT_BEHAVIOR,ANALYSIS_CONTRACT_BASELINE_V1,,ex_7ce96a7a,analysis_contract_baseline_v1.csv; identity inheritance per final closeout
OFI_01631,ex_7ce96a7a,프론트풋 엘리베이티드 스플릿 스쿼트,OFI_AXIS,HIGH_FORCE_NEURAL,,MEDIUM,37.8125,1,MIGRATED_CURRENT_BEHAVIOR,ANALYSIS_CONTRACT_BASELINE_V1,,ex_7ce96a7a,analysis_contract_baseline_v1.csv; identity inheritance per final closeout
OFI_01632,ex_7ce96a7a,프론트풋 엘리베이티드 스플릿 스쿼트,OFI_AXIS,HIGH_SPEED,,MEDIUM,70.125,1,MIGRATED_CURRENT_BEHAVIOR,ANALYSIS_CONTRACT_BASELINE_V1,,ex_7ce96a7a,analysis_contract_baseline_v1.csv; identity inheritance per final closeout
OFI_01633,ex_7ce96a7a,프론트풋 엘리베이티드 스플릿 스쿼트,OFI_AXIS,LOCAL_MUSCULAR,,MEDIUM,58.4375,1,MIGRATED_CURRENT_BEHAVIOR,ANALYSIS_CONTRACT_BASELINE_V1,,ex_7ce96a7a,analysis_contract_baseline_v1.csv; identity inheritance per final closeout
OFI_01634,ex_7ce96a7a,프론트풋 엘리베이티드 스플릿 스쿼트,OFI_AXIS,REACTIVE,,MEDIUM,63.75,1,MIGRATED_CURRENT_BEHAVIOR,ANALYSIS_CONTRACT_BASELINE_V1,,ex_7ce96a7a,analysis_contract_baseline_v1.csv; identity inheritance per final closeout
OFI_01635,ex_7ce96a7a,프론트풋 엘리베이티드 스플릿 스쿼트,OFI_AXIS,SYSTEMIC_MUSCULAR,,MEDIUM,34.375,1,MIGRATED_CURRENT_BEHAVIOR,ANALYSIS_CONTRACT_BASELINE_V1,,ex_7ce96a7a,analysis_contract_baseline_v1.csv; identity inheritance per final closeout
OFI_01636,ex_7ce96a7a,프론트풋 엘리베이티드 스플릿 스쿼트,OFI_DOSE,VOLUME_LOAD,,THREE_CONFIRMED_SETS_20KG_8REPS_600SECONDS_RPE8,0,1,MIGRATED_CURRENT_BEHAVIOR,ANALYSIS_CONTRACT_BASELINE_V1,,ex_7ce96a7a,analysis_contract_baseline_v1.csv; identity inheritance per final closeout
OFI_01637,ex_7ce96a7a,프론트풋 엘리베이티드 스플릿 스쿼트,OFI_GROUP,LUNGE_UNILATERAL_LOWER,,LOCAL_REPEAT_DETECTION,0,1,MIGRATED_CURRENT_BEHAVIOR,ANALYSIS_CONTRACT_BASELINE_V1,,ex_7ce96a7a,analysis_contract_baseline_v1.csv; identity inheritance per final closeout
OFI_01638,ex_7ce96a7a,프론트풋 엘리베이티드 스플릿 스쿼트,OFI_GROUP,LUNGE_UNILATERAL_LOWER,,STRENGTH_COMPARISON,0,1,MIGRATED_CURRENT_BEHAVIOR,ANALYSIS_CONTRACT_BASELINE_V1,,ex_7ce96a7a,analysis_contract_baseline_v1.csv; identity inheritance per final closeout
OFI_01639,ex_7ce96a7a,프론트풋 엘리베이티드 스플릿 스쿼트,OFI_GROUP,LUNGE_UNILATERAL_LOWER,,WORKLOAD_BASELINE,0,1,MIGRATED_CURRENT_BEHAVIOR,ANALYSIS_CONTRACT_BASELINE_V1,,ex_7ce96a7a,analysis_contract_baseline_v1.csv; identity inheritance per final closeout
OFI_01640,ex_7ce96a7a,프론트풋 엘리베이티드 스플릿 스쿼트,OFI_SCORE,HIGH_FORCE_NEURAL,,,47,1,MIGRATED_CURRENT_BEHAVIOR,ANALYSIS_CONTRACT_BASELINE_V1,,ex_7ce96a7a,analysis_contract_baseline_v1.csv; identity inheritance per final closeout
OFI_01641,ex_7ce96a7a,프론트풋 엘리베이티드 스플릿 스쿼트,OFI_SCORE,HIGH_SPEED,,,88,1,MIGRATED_CURRENT_BEHAVIOR,ANALYSIS_CONTRACT_BASELINE_V1,,ex_7ce96a7a,analysis_contract_baseline_v1.csv; identity inheritance per final closeout
OFI_01642,ex_7ce96a7a,프론트풋 엘리베이티드 스플릿 스쿼트,OFI_SCORE,LOCAL_MUSCULAR,,,73,1,MIGRATED_CURRENT_BEHAVIOR,ANALYSIS_CONTRACT_BASELINE_V1,,ex_7ce96a7a,analysis_contract_baseline_v1.csv; identity inheritance per final closeout
OFI_01643,ex_7ce96a7a,프론트풋 엘리베이티드 스플릿 스쿼트,OFI_SCORE,REACTIVE,,,80,1,MIGRATED_CURRENT_BEHAVIOR,ANALYSIS_CONTRACT_BASELINE_V1,,ex_7ce96a7a,analysis_contract_baseline_v1.csv; identity inheritance per final closeout
OFI_01644,ex_7ce96a7a,프론트풋 엘리베이티드 스플릿 스쿼트,OFI_SCORE,SYSTEMIC_MUSCULAR,,,43,1,MIGRATED_CURRENT_BEHAVIOR,ANALYSIS_CONTRACT_BASELINE_V1,,ex_7ce96a7a,analysis_contract_baseline_v1.csv; identity inheritance per final closeout
OFI_01645,ex_7ce96a7a,프론트풋 엘리베이티드 스플릿 스쿼트,OFI_SNAPSHOT,SUMMARY,ELEVATED,LOW,77,1,MIGRATED_CURRENT_BEHAVIOR,ANALYSIS_CONTRACT_BASELINE_V1,,ex_7ce96a7a,analysis_contract_baseline_v1.csv; identity inheritance per final closeout
OFI_01646,ex_7deabeba,리어델트 케이블 플라이,BADMINTON_FATIGUE_COST,HIGH,,,0,1,MIGRATED_CURRENT_BEHAVIOR,ANALYSIS_CONTRACT_BASELINE_V1,,ex_7deabeba,analysis_contract_baseline_v1.csv; identity inheritance per final closeout
OFI_01647,ex_7deabeba,리어델트 케이블 플라이,OFI_AXIS,HIGH_FORCE_NEURAL,,SHORT,17.1875,1,MIGRATED_CURRENT_BEHAVIOR,ANALYSIS_CONTRACT_BASELINE_V1,,ex_7deabeba,analysis_contract_baseline_v1.csv; identity inheritance per final closeout
OFI_01648,ex_7deabeba,리어델트 케이블 플라이,OFI_AXIS,HIGH_SPEED,,SHORT,17.1875,1,MIGRATED_CURRENT_BEHAVIOR,ANALYSIS_CONTRACT_BASELINE_V1,,ex_7deabeba,analysis_contract_baseline_v1.csv; identity inheritance per final closeout
OFI_01649,ex_7deabeba,리어델트 케이블 플라이,OFI_AXIS,LOCAL_MUSCULAR,,SHORT,58.4375,1,MIGRATED_CURRENT_BEHAVIOR,ANALYSIS_CONTRACT_BASELINE_V1,,ex_7deabeba,analysis_contract_baseline_v1.csv; identity inheritance per final closeout
OFI_01650,ex_7deabeba,리어델트 케이블 플라이,OFI_AXIS,REACTIVE,,SHORT,15.625,1,MIGRATED_CURRENT_BEHAVIOR,ANALYSIS_CONTRACT_BASELINE_V1,,ex_7deabeba,analysis_contract_baseline_v1.csv; identity inheritance per final closeout
OFI_01651,ex_7deabeba,리어델트 케이블 플라이,OFI_AXIS,SYSTEMIC_MUSCULAR,,SHORT,13.28125,1,MIGRATED_CURRENT_BEHAVIOR,ANALYSIS_CONTRACT_BASELINE_V1,,ex_7deabeba,analysis_contract_baseline_v1.csv; identity inheritance per final closeout
OFI_01652,ex_7deabeba,리어델트 케이블 플라이,OFI_DOSE,VOLUME_LOAD,,THREE_CONFIRMED_SETS_20KG_8REPS_600SECONDS_RPE8,0,1,MIGRATED_CURRENT_BEHAVIOR,ANALYSIS_CONTRACT_BASELINE_V1,,ex_7deabeba,analysis_contract_baseline_v1.csv; identity inheritance per final closeout
OFI_01653,ex_7deabeba,리어델트 케이블 플라이,OFI_GROUP,POSTERIOR_DELTOID_HORIZONTAL_ABDUCTION,,LOCAL_REPEAT_DETECTION,0,1,MIGRATED_CURRENT_BEHAVIOR,ANALYSIS_CONTRACT_BASELINE_V1,,ex_7deabeba,analysis_contract_baseline_v1.csv; identity inheritance per final closeout
OFI_01654,ex_7deabeba,리어델트 케이블 플라이,OFI_GROUP,POSTERIOR_DELTOID_HORIZONTAL_ABDUCTION,,STRENGTH_COMPARISON,0,1,MIGRATED_CURRENT_BEHAVIOR,ANALYSIS_CONTRACT_BASELINE_V1,,ex_7deabeba,analysis_contract_baseline_v1.csv; identity inheritance per final closeout
OFI_01655,ex_7deabeba,리어델트 케이블 플라이,OFI_GROUP,POSTERIOR_DELTOID_HORIZONTAL_ABDUCTION,,WORKLOAD_BASELINE,0,1,MIGRATED_CURRENT_BEHAVIOR,ANALYSIS_CONTRACT_BASELINE_V1,,ex_7deabeba,analysis_contract_baseline_v1.csv; identity inheritance per final closeout
OFI_01656,ex_7deabeba,리어델트 케이블 플라이,OFI_SCORE,HIGH_FORCE_NEURAL,,,21,1,MIGRATED_CURRENT_BEHAVIOR,ANALYSIS_CONTRACT_BASELINE_V1,,ex_7deabeba,analysis_contract_baseline_v1.csv; identity inheritance per final closeout
OFI_01657,ex_7deabeba,리어델트 케이블 플라이,OFI_SCORE,HIGH_SPEED,,,21,1,MIGRATED_CURRENT_BEHAVIOR,ANALYSIS_CONTRACT_BASELINE_V1,,ex_7deabeba,analysis_contract_baseline_v1.csv; identity inheritance per final closeout
OFI_01658,ex_7deabeba,리어델트 케이블 플라이,OFI_SCORE,LOCAL_MUSCULAR,,,73,1,MIGRATED_CURRENT_BEHAVIOR,ANALYSIS_CONTRACT_BASELINE_V1,,ex_7deabeba,analysis_contract_baseline_v1.csv; identity inheritance per final closeout
OFI_01659,ex_7deabeba,리어델트 케이블 플라이,OFI_SCORE,REACTIVE,,,20,1,MIGRATED_CURRENT_BEHAVIOR,ANALYSIS_CONTRACT_BASELINE_V1,,ex_7deabeba,analysis_contract_baseline_v1.csv; identity inheritance per final closeout
OFI_01660,ex_7deabeba,리어델트 케이블 플라이,OFI_SCORE,SYSTEMIC_MUSCULAR,,,17,1,MIGRATED_CURRENT_BEHAVIOR,ANALYSIS_CONTRACT_BASELINE_V1,,ex_7deabeba,analysis_contract_baseline_v1.csv; identity inheritance per final closeout
OFI_01661,ex_7deabeba,리어델트 케이블 플라이,OFI_SNAPSHOT,SUMMARY,LOW,LOW,39,1,MIGRATED_CURRENT_BEHAVIOR,ANALYSIS_CONTRACT_BASELINE_V1,,ex_7deabeba,analysis_contract_baseline_v1.csv; identity inheritance per final closeout
OFI_01662,ex_85b2ac56,원암 덤벨 컬,BADMINTON_FATIGUE_COST,MEDIUM,,,0,1,MIGRATED_CURRENT_BEHAVIOR,ANALYSIS_CONTRACT_BASELINE_V1,,ex_85b2ac56,analysis_contract_baseline_v1.csv; identity inheritance per final closeout
OFI_01663,ex_85b2ac56,원암 덤벨 컬,OFI_AXIS,HIGH_FORCE_NEURAL,,SHORT,17.1875,1,MIGRATED_CURRENT_BEHAVIOR,ANALYSIS_CONTRACT_BASELINE_V1,,ex_85b2ac56,analysis_contract_baseline_v1.csv; identity inheritance per final closeout
OFI_01664,ex_85b2ac56,원암 덤벨 컬,OFI_AXIS,HIGH_SPEED,,SHORT,17.1875,1,MIGRATED_CURRENT_BEHAVIOR,ANALYSIS_CONTRACT_BASELINE_V1,,ex_85b2ac56,analysis_contract_baseline_v1.csv; identity inheritance per final closeout
OFI_01665,ex_85b2ac56,원암 덤벨 컬,OFI_AXIS,LOCAL_MUSCULAR,,SHORT,58.4375,1,MIGRATED_CURRENT_BEHAVIOR,ANALYSIS_CONTRACT_BASELINE_V1,,ex_85b2ac56,analysis_contract_baseline_v1.csv; identity inheritance per final closeout
OFI_01666,ex_85b2ac56,원암 덤벨 컬,OFI_AXIS,REACTIVE,,SHORT,15.625,1,MIGRATED_CURRENT_BEHAVIOR,ANALYSIS_CONTRACT_BASELINE_V1,,ex_85b2ac56,analysis_contract_baseline_v1.csv; identity inheritance per final closeout
OFI_01667,ex_85b2ac56,원암 덤벨 컬,OFI_AXIS,SYSTEMIC_MUSCULAR,,SHORT,13.28125,1,MIGRATED_CURRENT_BEHAVIOR,ANALYSIS_CONTRACT_BASELINE_V1,,ex_85b2ac56,analysis_contract_baseline_v1.csv; identity inheritance per final closeout
OFI_01668,ex_85b2ac56,원암 덤벨 컬,OFI_DOSE,VOLUME_LOAD,,THREE_CONFIRMED_SETS_20KG_8REPS_600SECONDS_RPE8,0,1,MIGRATED_CURRENT_BEHAVIOR,ANALYSIS_CONTRACT_BASELINE_V1,,ex_85b2ac56,analysis_contract_baseline_v1.csv; identity inheritance per final closeout
OFI_01669,ex_85b2ac56,원암 덤벨 컬,OFI_GROUP,ELBOW_FLEXION_CURL,,LOCAL_REPEAT_DETECTION,0,1,MIGRATED_CURRENT_BEHAVIOR,ANALYSIS_CONTRACT_BASELINE_V1,,ex_85b2ac56,analysis_contract_baseline_v1.csv; identity inheritance per final closeout
OFI_01670,ex_85b2ac56,원암 덤벨 컬,OFI_GROUP,ELBOW_FLEXION_CURL,,STRENGTH_COMPARISON,0,1,MIGRATED_CURRENT_BEHAVIOR,ANALYSIS_CONTRACT_BASELINE_V1,,ex_85b2ac56,analysis_contract_baseline_v1.csv; identity inheritance per final closeout
OFI_01671,ex_85b2ac56,원암 덤벨 컬,OFI_GROUP,ELBOW_FLEXION_CURL,,WORKLOAD_BASELINE,0,1,MIGRATED_CURRENT_BEHAVIOR,ANALYSIS_CONTRACT_BASELINE_V1,,ex_85b2ac56,analysis_contract_baseline_v1.csv; identity inheritance per final closeout
OFI_01672,ex_85b2ac56,원암 덤벨 컬,OFI_SCORE,HIGH_FORCE_NEURAL,,,21,1,MIGRATED_CURRENT_BEHAVIOR,ANALYSIS_CONTRACT_BASELINE_V1,,ex_85b2ac56,analysis_contract_baseline_v1.csv; identity inheritance per final closeout
OFI_01673,ex_85b2ac56,원암 덤벨 컬,OFI_SCORE,HIGH_SPEED,,,21,1,MIGRATED_CURRENT_BEHAVIOR,ANALYSIS_CONTRACT_BASELINE_V1,,ex_85b2ac56,analysis_contract_baseline_v1.csv; identity inheritance per final closeout
OFI_01674,ex_85b2ac56,원암 덤벨 컬,OFI_SCORE,LOCAL_MUSCULAR,,,73,1,MIGRATED_CURRENT_BEHAVIOR,ANALYSIS_CONTRACT_BASELINE_V1,,ex_85b2ac56,analysis_contract_baseline_v1.csv; identity inheritance per final closeout
OFI_01675,ex_85b2ac56,원암 덤벨 컬,OFI_SCORE,REACTIVE,,,20,1,MIGRATED_CURRENT_BEHAVIOR,ANALYSIS_CONTRACT_BASELINE_V1,,ex_85b2ac56,analysis_contract_baseline_v1.csv; identity inheritance per final closeout
OFI_01676,ex_85b2ac56,원암 덤벨 컬,OFI_SCORE,SYSTEMIC_MUSCULAR,,,17,1,MIGRATED_CURRENT_BEHAVIOR,ANALYSIS_CONTRACT_BASELINE_V1,,ex_85b2ac56,analysis_contract_baseline_v1.csv; identity inheritance per final closeout
OFI_01677,ex_85b2ac56,원암 덤벨 컬,OFI_SNAPSHOT,SUMMARY,LOW,LOW,39,1,MIGRATED_CURRENT_BEHAVIOR,ANALYSIS_CONTRACT_BASELINE_V1,,ex_85b2ac56,analysis_contract_baseline_v1.csv; identity inheritance per final closeout
OFI_01678,ex_85f12271,원레그 박스 스쿼트,BADMINTON_FATIGUE_COST,VERY_HIGH,,,0,1,MIGRATED_CURRENT_BEHAVIOR,ANALYSIS_CONTRACT_BASELINE_V1,,ex_85f12271,analysis_contract_baseline_v1.csv; identity inheritance per final closeout
OFI_01679,ex_85f12271,원레그 박스 스쿼트,OFI_AXIS,HIGH_FORCE_NEURAL,,MEDIUM,17.1875,1,MIGRATED_CURRENT_BEHAVIOR,ANALYSIS_CONTRACT_BASELINE_V1,,ex_85f12271,analysis_contract_baseline_v1.csv; identity inheritance per final closeout
OFI_01680,ex_85f12271,원레그 박스 스쿼트,OFI_AXIS,HIGH_SPEED,,MEDIUM,70.125,1,MIGRATED_CURRENT_BEHAVIOR,ANALYSIS_CONTRACT_BASELINE_V1,,ex_85f12271,analysis_contract_baseline_v1.csv; identity inheritance per final closeout
OFI_01681,ex_85f12271,원레그 박스 스쿼트,OFI_AXIS,LOCAL_MUSCULAR,,MEDIUM,58.4375,1,MIGRATED_CURRENT_BEHAVIOR,ANALYSIS_CONTRACT_BASELINE_V1,,ex_85f12271,analysis_contract_baseline_v1.csv; identity inheritance per final closeout
OFI_01682,ex_85f12271,원레그 박스 스쿼트,OFI_AXIS,REACTIVE,,MEDIUM,63.75,1,MIGRATED_CURRENT_BEHAVIOR,ANALYSIS_CONTRACT_BASELINE_V1,,ex_85f12271,analysis_contract_baseline_v1.csv; identity inheritance per final closeout
OFI_01683,ex_85f12271,원레그 박스 스쿼트,OFI_AXIS,SYSTEMIC_MUSCULAR,,MEDIUM,29.21875,1,MIGRATED_CURRENT_BEHAVIOR,ANALYSIS_CONTRACT_BASELINE_V1,,ex_85f12271,analysis_contract_baseline_v1.csv; identity inheritance per final closeout
OFI_01684,ex_85f12271,원레그 박스 스쿼트,OFI_DOSE,VOLUME_LOAD,,THREE_CONFIRMED_SETS_20KG_8REPS_600SECONDS_RPE8,0,1,MIGRATED_CURRENT_BEHAVIOR,ANALYSIS_CONTRACT_BASELINE_V1,,ex_85f12271,analysis_contract_baseline_v1.csv; identity inheritance per final closeout
OFI_01685,ex_85f12271,원레그 박스 스쿼트,OFI_GROUP,SINGLE_LEG_SQUAT_STABILITY,,LOCAL_REPEAT_DETECTION,0,1,MIGRATED_CURRENT_BEHAVIOR,ANALYSIS_CONTRACT_BASELINE_V1,,ex_85f12271,analysis_contract_baseline_v1.csv; identity inheritance per final closeout
OFI_01686,ex_85f12271,원레그 박스 스쿼트,OFI_GROUP,SINGLE_LEG_SQUAT_STABILITY,,STRENGTH_COMPARISON,0,1,MIGRATED_CURRENT_BEHAVIOR,ANALYSIS_CONTRACT_BASELINE_V1,,ex_85f12271,analysis_contract_baseline_v1.csv; identity inheritance per final closeout
OFI_01687,ex_85f12271,원레그 박스 스쿼트,OFI_GROUP,SINGLE_LEG_SQUAT_STABILITY,,WORKLOAD_BASELINE,0,1,MIGRATED_CURRENT_BEHAVIOR,ANALYSIS_CONTRACT_BASELINE_V1,,ex_85f12271,analysis_contract_baseline_v1.csv; identity inheritance per final closeout
OFI_01688,ex_85f12271,원레그 박스 스쿼트,OFI_SCORE,HIGH_FORCE_NEURAL,,,21,1,MIGRATED_CURRENT_BEHAVIOR,ANALYSIS_CONTRACT_BASELINE_V1,,ex_85f12271,analysis_contract_baseline_v1.csv; identity inheritance per final closeout
OFI_01689,ex_85f12271,원레그 박스 스쿼트,OFI_SCORE,HIGH_SPEED,,,88,1,MIGRATED_CURRENT_BEHAVIOR,ANALYSIS_CONTRACT_BASELINE_V1,,ex_85f12271,analysis_contract_baseline_v1.csv; identity inheritance per final closeout
OFI_01690,ex_85f12271,원레그 박스 스쿼트,OFI_SCORE,LOCAL_MUSCULAR,,,73,1,MIGRATED_CURRENT_BEHAVIOR,ANALYSIS_CONTRACT_BASELINE_V1,,ex_85f12271,analysis_contract_baseline_v1.csv; identity inheritance per final closeout
OFI_01691,ex_85f12271,원레그 박스 스쿼트,OFI_SCORE,REACTIVE,,,80,1,MIGRATED_CURRENT_BEHAVIOR,ANALYSIS_CONTRACT_BASELINE_V1,,ex_85f12271,analysis_contract_baseline_v1.csv; identity inheritance per final closeout
OFI_01692,ex_85f12271,원레그 박스 스쿼트,OFI_SCORE,SYSTEMIC_MUSCULAR,,,37,1,MIGRATED_CURRENT_BEHAVIOR,ANALYSIS_CONTRACT_BASELINE_V1,,ex_85f12271,analysis_contract_baseline_v1.csv; identity inheritance per final closeout
OFI_01693,ex_85f12271,원레그 박스 스쿼트,OFI_SNAPSHOT,SUMMARY,NORMAL,LOW,74,1,MIGRATED_CURRENT_BEHAVIOR,ANALYSIS_CONTRACT_BASELINE_V1,,ex_85f12271,analysis_contract_baseline_v1.csv; identity inheritance per final closeout
OFI_01694,ex_86323ed6,원암 해머 컬,BADMINTON_FATIGUE_COST,LOW,,,0,1,MIGRATED_CURRENT_BEHAVIOR,ANALYSIS_CONTRACT_BASELINE_V1,,ex_86323ed6,analysis_contract_baseline_v1.csv; identity inheritance per final closeout
OFI_01695,ex_86323ed6,원암 해머 컬,OFI_AXIS,HIGH_FORCE_NEURAL,,SHORT,17.1875,1,MIGRATED_CURRENT_BEHAVIOR,ANALYSIS_CONTRACT_BASELINE_V1,,ex_86323ed6,analysis_contract_baseline_v1.csv; identity inheritance per final closeout
OFI_01696,ex_86323ed6,원암 해머 컬,OFI_AXIS,HIGH_SPEED,,SHORT,17.1875,1,MIGRATED_CURRENT_BEHAVIOR,ANALYSIS_CONTRACT_BASELINE_V1,,ex_86323ed6,analysis_contract_baseline_v1.csv; identity inheritance per final closeout
OFI_01697,ex_86323ed6,원암 해머 컬,OFI_AXIS,LOCAL_MUSCULAR,,SHORT,58.4375,1,MIGRATED_CURRENT_BEHAVIOR,ANALYSIS_CONTRACT_BASELINE_V1,,ex_86323ed6,analysis_contract_baseline_v1.csv; identity inheritance per final closeout
OFI_01698,ex_86323ed6,원암 해머 컬,OFI_AXIS,REACTIVE,,SHORT,15.625,1,MIGRATED_CURRENT_BEHAVIOR,ANALYSIS_CONTRACT_BASELINE_V1,,ex_86323ed6,analysis_contract_baseline_v1.csv; identity inheritance per final closeout
OFI_01699,ex_86323ed6,원암 해머 컬,OFI_AXIS,SYSTEMIC_MUSCULAR,,SHORT,13.28125,1,MIGRATED_CURRENT_BEHAVIOR,ANALYSIS_CONTRACT_BASELINE_V1,,ex_86323ed6,analysis_contract_baseline_v1.csv; identity inheritance per final closeout
OFI_01700,ex_86323ed6,원암 해머 컬,OFI_DOSE,VOLUME_LOAD,,THREE_CONFIRMED_SETS_20KG_8REPS_600SECONDS_RPE8,0,1,MIGRATED_CURRENT_BEHAVIOR,ANALYSIS_CONTRACT_BASELINE_V1,,ex_86323ed6,analysis_contract_baseline_v1.csv; identity inheritance per final closeout
OFI_01701,ex_86323ed6,원암 해머 컬,OFI_GROUP,ELBOW_FLEXION_NEUTRAL_PRONATED_CURL,,LOCAL_REPEAT_DETECTION,0,1,MIGRATED_CURRENT_BEHAVIOR,ANALYSIS_CONTRACT_BASELINE_V1,,ex_86323ed6,analysis_contract_baseline_v1.csv; identity inheritance per final closeout
OFI_01702,ex_86323ed6,원암 해머 컬,OFI_GROUP,ELBOW_FLEXION_NEUTRAL_PRONATED_CURL,,STRENGTH_COMPARISON,0,1,MIGRATED_CURRENT_BEHAVIOR,ANALYSIS_CONTRACT_BASELINE_V1,,ex_86323ed6,analysis_contract_baseline_v1.csv; identity inheritance per final closeout
OFI_01703,ex_86323ed6,원암 해머 컬,OFI_GROUP,ELBOW_FLEXION_NEUTRAL_PRONATED_CURL,,WORKLOAD_BASELINE,0,1,MIGRATED_CURRENT_BEHAVIOR,ANALYSIS_CONTRACT_BASELINE_V1,,ex_86323ed6,analysis_contract_baseline_v1.csv; identity inheritance per final closeout
OFI_01704,ex_86323ed6,원암 해머 컬,OFI_SCORE,HIGH_FORCE_NEURAL,,,21,1,MIGRATED_CURRENT_BEHAVIOR,ANALYSIS_CONTRACT_BASELINE_V1,,ex_86323ed6,analysis_contract_baseline_v1.csv; identity inheritance per final closeout
OFI_01705,ex_86323ed6,원암 해머 컬,OFI_SCORE,HIGH_SPEED,,,21,1,MIGRATED_CURRENT_BEHAVIOR,ANALYSIS_CONTRACT_BASELINE_V1,,ex_86323ed6,analysis_contract_baseline_v1.csv; identity inheritance per final closeout
OFI_01706,ex_86323ed6,원암 해머 컬,OFI_SCORE,LOCAL_MUSCULAR,,,73,1,MIGRATED_CURRENT_BEHAVIOR,ANALYSIS_CONTRACT_BASELINE_V1,,ex_86323ed6,analysis_contract_baseline_v1.csv; identity inheritance per final closeout
OFI_01707,ex_86323ed6,원암 해머 컬,OFI_SCORE,REACTIVE,,,20,1,MIGRATED_CURRENT_BEHAVIOR,ANALYSIS_CONTRACT_BASELINE_V1,,ex_86323ed6,analysis_contract_baseline_v1.csv; identity inheritance per final closeout
OFI_01708,ex_86323ed6,원암 해머 컬,OFI_SCORE,SYSTEMIC_MUSCULAR,,,17,1,MIGRATED_CURRENT_BEHAVIOR,ANALYSIS_CONTRACT_BASELINE_V1,,ex_86323ed6,analysis_contract_baseline_v1.csv; identity inheritance per final closeout
OFI_01709,ex_86323ed6,원암 해머 컬,OFI_SNAPSHOT,SUMMARY,LOW,LOW,39,1,MIGRATED_CURRENT_BEHAVIOR,ANALYSIS_CONTRACT_BASELINE_V1,,ex_86323ed6,analysis_contract_baseline_v1.csv; identity inheritance per final closeout
OFI_01710,ex_8633d8db,EZ바 컬,BADMINTON_FATIGUE_COST,LOW,,,0,1,MIGRATED_CURRENT_BEHAVIOR,ANALYSIS_CONTRACT_BASELINE_V1,,ex_8633d8db,analysis_contract_baseline_v1.csv; identity inheritance per final closeout
OFI_01711,ex_8633d8db,EZ바 컬,OFI_AXIS,HIGH_FORCE_NEURAL,,SHORT,17.1875,1,MIGRATED_CURRENT_BEHAVIOR,ANALYSIS_CONTRACT_BASELINE_V1,,ex_8633d8db,analysis_contract_baseline_v1.csv; identity inheritance per final closeout
OFI_01712,ex_8633d8db,EZ바 컬,OFI_AXIS,HIGH_SPEED,,SHORT,17.1875,1,MIGRATED_CURRENT_BEHAVIOR,ANALYSIS_CONTRACT_BASELINE_V1,,ex_8633d8db,analysis_contract_baseline_v1.csv; identity inheritance per final closeout
OFI_01713,ex_8633d8db,EZ바 컬,OFI_AXIS,LOCAL_MUSCULAR,,SHORT,58.4375,1,MIGRATED_CURRENT_BEHAVIOR,ANALYSIS_CONTRACT_BASELINE_V1,,ex_8633d8db,analysis_contract_baseline_v1.csv; identity inheritance per final closeout
OFI_01714,ex_8633d8db,EZ바 컬,OFI_AXIS,REACTIVE,,SHORT,15.625,1,MIGRATED_CURRENT_BEHAVIOR,ANALYSIS_CONTRACT_BASELINE_V1,,ex_8633d8db,analysis_contract_baseline_v1.csv; identity inheritance per final closeout
OFI_01715,ex_8633d8db,EZ바 컬,OFI_AXIS,SYSTEMIC_MUSCULAR,,SHORT,13.28125,1,MIGRATED_CURRENT_BEHAVIOR,ANALYSIS_CONTRACT_BASELINE_V1,,ex_8633d8db,analysis_contract_baseline_v1.csv; identity inheritance per final closeout
OFI_01716,ex_8633d8db,EZ바 컬,OFI_DOSE,VOLUME_LOAD,,THREE_CONFIRMED_SETS_20KG_8REPS_600SECONDS_RPE8,0,1,MIGRATED_CURRENT_BEHAVIOR,ANALYSIS_CONTRACT_BASELINE_V1,,ex_8633d8db,analysis_contract_baseline_v1.csv; identity inheritance per final closeout
OFI_01717,ex_8633d8db,EZ바 컬,OFI_GROUP,ELBOW_FLEXION_CURL,,LOCAL_REPEAT_DETECTION,0,1,MIGRATED_CURRENT_BEHAVIOR,ANALYSIS_CONTRACT_BASELINE_V1,,ex_8633d8db,analysis_contract_baseline_v1.csv; identity inheritance per final closeout
OFI_01718,ex_8633d8db,EZ바 컬,OFI_GROUP,ELBOW_FLEXION_CURL,,STRENGTH_COMPARISON,0,1,MIGRATED_CURRENT_BEHAVIOR,ANALYSIS_CONTRACT_BASELINE_V1,,ex_8633d8db,analysis_contract_baseline_v1.csv; identity inheritance per final closeout
OFI_01719,ex_8633d8db,EZ바 컬,OFI_GROUP,ELBOW_FLEXION_CURL,,WORKLOAD_BASELINE,0,1,MIGRATED_CURRENT_BEHAVIOR,ANALYSIS_CONTRACT_BASELINE_V1,,ex_8633d8db,analysis_contract_baseline_v1.csv; identity inheritance per final closeout
OFI_01720,ex_8633d8db,EZ바 컬,OFI_SCORE,HIGH_FORCE_NEURAL,,,21,1,MIGRATED_CURRENT_BEHAVIOR,ANALYSIS_CONTRACT_BASELINE_V1,,ex_8633d8db,analysis_contract_baseline_v1.csv; identity inheritance per final closeout
OFI_01721,ex_8633d8db,EZ바 컬,OFI_SCORE,HIGH_SPEED,,,21,1,MIGRATED_CURRENT_BEHAVIOR,ANALYSIS_CONTRACT_BASELINE_V1,,ex_8633d8db,analysis_contract_baseline_v1.csv; identity inheritance per final closeout
OFI_01722,ex_8633d8db,EZ바 컬,OFI_SCORE,LOCAL_MUSCULAR,,,73,1,MIGRATED_CURRENT_BEHAVIOR,ANALYSIS_CONTRACT_BASELINE_V1,,ex_8633d8db,analysis_contract_baseline_v1.csv; identity inheritance per final closeout
OFI_01723,ex_8633d8db,EZ바 컬,OFI_SCORE,REACTIVE,,,20,1,MIGRATED_CURRENT_BEHAVIOR,ANALYSIS_CONTRACT_BASELINE_V1,,ex_8633d8db,analysis_contract_baseline_v1.csv; identity inheritance per final closeout
OFI_01724,ex_8633d8db,EZ바 컬,OFI_SCORE,SYSTEMIC_MUSCULAR,,,17,1,MIGRATED_CURRENT_BEHAVIOR,ANALYSIS_CONTRACT_BASELINE_V1,,ex_8633d8db,analysis_contract_baseline_v1.csv; identity inheritance per final closeout
OFI_01725,ex_8633d8db,EZ바 컬,OFI_SNAPSHOT,SUMMARY,LOW,LOW,39,1,MIGRATED_CURRENT_BEHAVIOR,ANALYSIS_CONTRACT_BASELINE_V1,,ex_8633d8db,analysis_contract_baseline_v1.csv; identity inheritance per final closeout
OFI_01726,ex_8824026f,원레그 레그 컬,BADMINTON_FATIGUE_COST,HIGH,,,0,1,MIGRATED_CURRENT_BEHAVIOR,ANALYSIS_CONTRACT_BASELINE_V1,,ex_8824026f,analysis_contract_baseline_v1.csv; identity inheritance per final closeout
OFI_01727,ex_8824026f,원레그 레그 컬,OFI_AXIS,HIGH_FORCE_NEURAL,,SHORT,17.1875,1,MIGRATED_CURRENT_BEHAVIOR,ANALYSIS_CONTRACT_BASELINE_V1,,ex_8824026f,analysis_contract_baseline_v1.csv; identity inheritance per final closeout
OFI_01728,ex_8824026f,원레그 레그 컬,OFI_AXIS,HIGH_SPEED,,SHORT,17.1875,1,MIGRATED_CURRENT_BEHAVIOR,ANALYSIS_CONTRACT_BASELINE_V1,,ex_8824026f,analysis_contract_baseline_v1.csv; identity inheritance per final closeout
OFI_01729,ex_8824026f,원레그 레그 컬,OFI_AXIS,LOCAL_MUSCULAR,,SHORT,58.4375,1,MIGRATED_CURRENT_BEHAVIOR,ANALYSIS_CONTRACT_BASELINE_V1,,ex_8824026f,analysis_contract_baseline_v1.csv; identity inheritance per final closeout
OFI_01730,ex_8824026f,원레그 레그 컬,OFI_AXIS,REACTIVE,,SHORT,15.625,1,MIGRATED_CURRENT_BEHAVIOR,ANALYSIS_CONTRACT_BASELINE_V1,,ex_8824026f,analysis_contract_baseline_v1.csv; identity inheritance per final closeout
OFI_01731,ex_8824026f,원레그 레그 컬,OFI_AXIS,SYSTEMIC_MUSCULAR,,SHORT,13.28125,1,MIGRATED_CURRENT_BEHAVIOR,ANALYSIS_CONTRACT_BASELINE_V1,,ex_8824026f,analysis_contract_baseline_v1.csv; identity inheritance per final closeout
OFI_01732,ex_8824026f,원레그 레그 컬,OFI_DOSE,LOAD_REPS,,THREE_CONFIRMED_SETS_20KG_8REPS_600SECONDS_RPE8,0,1,MIGRATED_CURRENT_BEHAVIOR,ANALYSIS_CONTRACT_BASELINE_V1,,ex_8824026f,analysis_contract_baseline_v1.csv; identity inheritance per final closeout
OFI_01733,ex_8824026f,원레그 레그 컬,OFI_GROUP,HAMSTRING_KNEE_FLEXION_ISOLATION,,LOCAL_REPEAT_DETECTION,0,1,MIGRATED_CURRENT_BEHAVIOR,ANALYSIS_CONTRACT_BASELINE_V1,,ex_8824026f,analysis_contract_baseline_v1.csv; identity inheritance per final closeout
OFI_01734,ex_8824026f,원레그 레그 컬,OFI_GROUP,HAMSTRING_KNEE_FLEXION_ISOLATION,,STRENGTH_COMPARISON,0,1,MIGRATED_CURRENT_BEHAVIOR,ANALYSIS_CONTRACT_BASELINE_V1,,ex_8824026f,analysis_contract_baseline_v1.csv; identity inheritance per final closeout
OFI_01735,ex_8824026f,원레그 레그 컬,OFI_GROUP,HAMSTRING_KNEE_FLEXION_ISOLATION,,WORKLOAD_BASELINE,0,1,MIGRATED_CURRENT_BEHAVIOR,ANALYSIS_CONTRACT_BASELINE_V1,,ex_8824026f,analysis_contract_baseline_v1.csv; identity inheritance per final closeout
OFI_01736,ex_8824026f,원레그 레그 컬,OFI_SCORE,HIGH_FORCE_NEURAL,,,21,1,MIGRATED_CURRENT_BEHAVIOR,ANALYSIS_CONTRACT_BASELINE_V1,,ex_8824026f,analysis_contract_baseline_v1.csv; identity inheritance per final closeout
OFI_01737,ex_8824026f,원레그 레그 컬,OFI_SCORE,HIGH_SPEED,,,21,1,MIGRATED_CURRENT_BEHAVIOR,ANALYSIS_CONTRACT_BASELINE_V1,,ex_8824026f,analysis_contract_baseline_v1.csv; identity inheritance per final closeout
OFI_01738,ex_8824026f,원레그 레그 컬,OFI_SCORE,LOCAL_MUSCULAR,,,73,1,MIGRATED_CURRENT_BEHAVIOR,ANALYSIS_CONTRACT_BASELINE_V1,,ex_8824026f,analysis_contract_baseline_v1.csv; identity inheritance per final closeout
OFI_01739,ex_8824026f,원레그 레그 컬,OFI_SCORE,REACTIVE,,,20,1,MIGRATED_CURRENT_BEHAVIOR,ANALYSIS_CONTRACT_BASELINE_V1,,ex_8824026f,analysis_contract_baseline_v1.csv; identity inheritance per final closeout
OFI_01740,ex_8824026f,원레그 레그 컬,OFI_SCORE,SYSTEMIC_MUSCULAR,,,17,1,MIGRATED_CURRENT_BEHAVIOR,ANALYSIS_CONTRACT_BASELINE_V1,,ex_8824026f,analysis_contract_baseline_v1.csv; identity inheritance per final closeout
OFI_01741,ex_8824026f,원레그 레그 컬,OFI_SNAPSHOT,SUMMARY,LOW,LOW,39,1,MIGRATED_CURRENT_BEHAVIOR,ANALYSIS_CONTRACT_BASELINE_V1,,ex_8824026f,analysis_contract_baseline_v1.csv; identity inheritance per final closeout
OFI_01742,ex_8a3800f1,리버스 노르딕 컬,BADMINTON_FATIGUE_COST,VERY_HIGH,,,0,1,MIGRATED_CURRENT_BEHAVIOR,ANALYSIS_CONTRACT_BASELINE_V1,,ex_8a3800f1,analysis_contract_baseline_v1.csv; identity inheritance per final closeout
OFI_01743,ex_8a3800f1,리버스 노르딕 컬,OFI_AXIS,HIGH_FORCE_NEURAL,,VERY_LONG,17.1875,1,MIGRATED_CURRENT_BEHAVIOR,ANALYSIS_CONTRACT_BASELINE_V1,,ex_8a3800f1,analysis_contract_baseline_v1.csv; identity inheritance per final closeout
OFI_01744,ex_8a3800f1,리버스 노르딕 컬,OFI_AXIS,HIGH_SPEED,,VERY_LONG,70.125,1,MIGRATED_CURRENT_BEHAVIOR,ANALYSIS_CONTRACT_BASELINE_V1,,ex_8a3800f1,analysis_contract_baseline_v1.csv; identity inheritance per final closeout
OFI_01745,ex_8a3800f1,리버스 노르딕 컬,OFI_AXIS,LOCAL_MUSCULAR,,VERY_LONG,68.75,1,MIGRATED_CURRENT_BEHAVIOR,ANALYSIS_CONTRACT_BASELINE_V1,,ex_8a3800f1,analysis_contract_baseline_v1.csv; identity inheritance per final closeout
OFI_01746,ex_8a3800f1,리버스 노르딕 컬,OFI_AXIS,REACTIVE,,VERY_LONG,63.75,1,MIGRATED_CURRENT_BEHAVIOR,ANALYSIS_CONTRACT_BASELINE_V1,,ex_8a3800f1,analysis_contract_baseline_v1.csv; identity inheritance per final closeout
OFI_01747,ex_8a3800f1,리버스 노르딕 컬,OFI_AXIS,SYSTEMIC_MUSCULAR,,VERY_LONG,13.28125,1,MIGRATED_CURRENT_BEHAVIOR,ANALYSIS_CONTRACT_BASELINE_V1,,ex_8a3800f1,analysis_contract_baseline_v1.csv; identity inheritance per final closeout
OFI_01748,ex_8a3800f1,리버스 노르딕 컬,OFI_CAUTION,RECOVERY_DEBT_HIGH,,,0,1,MIGRATED_CURRENT_BEHAVIOR,ANALYSIS_CONTRACT_BASELINE_V1,,ex_8a3800f1,analysis_contract_baseline_v1.csv; identity inheritance per final closeout
OFI_01749,ex_8a3800f1,리버스 노르딕 컬,OFI_DOSE,QUALITY_BASED,,THREE_CONFIRMED_SETS_20KG_8REPS_600SECONDS_RPE8,0,1,MIGRATED_CURRENT_BEHAVIOR,ANALYSIS_CONTRACT_BASELINE_V1,,ex_8a3800f1,analysis_contract_baseline_v1.csv; identity inheritance per final closeout
OFI_01750,ex_8a3800f1,리버스 노르딕 컬,OFI_GROUP,QUAD_ECCENTRIC_KNEE_DOMINANT,,LOCAL_REPEAT_DETECTION,0,1,MIGRATED_CURRENT_BEHAVIOR,ANALYSIS_CONTRACT_BASELINE_V1,,ex_8a3800f1,analysis_contract_baseline_v1.csv; identity inheritance per final closeout
OFI_01751,ex_8a3800f1,리버스 노르딕 컬,OFI_GROUP,QUAD_ECCENTRIC_KNEE_DOMINANT,,STRENGTH_COMPARISON,0,1,MIGRATED_CURRENT_BEHAVIOR,ANALYSIS_CONTRACT_BASELINE_V1,,ex_8a3800f1,analysis_contract_baseline_v1.csv; identity inheritance per final closeout
OFI_01752,ex_8a3800f1,리버스 노르딕 컬,OFI_GROUP,QUAD_ECCENTRIC_KNEE_DOMINANT,,WORKLOAD_BASELINE,0,1,MIGRATED_CURRENT_BEHAVIOR,ANALYSIS_CONTRACT_BASELINE_V1,,ex_8a3800f1,analysis_contract_baseline_v1.csv; identity inheritance per final closeout
OFI_01753,ex_8a3800f1,리버스 노르딕 컬,OFI_SCORE,HIGH_FORCE_NEURAL,,,21,1,MIGRATED_CURRENT_BEHAVIOR,ANALYSIS_CONTRACT_BASELINE_V1,,ex_8a3800f1,analysis_contract_baseline_v1.csv; identity inheritance per final closeout
OFI_01754,ex_8a3800f1,리버스 노르딕 컬,OFI_SCORE,HIGH_SPEED,,,88,1,MIGRATED_CURRENT_BEHAVIOR,ANALYSIS_CONTRACT_BASELINE_V1,,ex_8a3800f1,analysis_contract_baseline_v1.csv; identity inheritance per final closeout
OFI_01755,ex_8a3800f1,리버스 노르딕 컬,OFI_SCORE,LOCAL_MUSCULAR,,,86,1,MIGRATED_CURRENT_BEHAVIOR,ANALYSIS_CONTRACT_BASELINE_V1,,ex_8a3800f1,analysis_contract_baseline_v1.csv; identity inheritance per final closeout
OFI_01756,ex_8a3800f1,리버스 노르딕 컬,OFI_SCORE,REACTIVE,,,80,1,MIGRATED_CURRENT_BEHAVIOR,ANALYSIS_CONTRACT_BASELINE_V1,,ex_8a3800f1,analysis_contract_baseline_v1.csv; identity inheritance per final closeout
OFI_01757,ex_8a3800f1,리버스 노르딕 컬,OFI_SCORE,SYSTEMIC_MUSCULAR,,,17,1,MIGRATED_CURRENT_BEHAVIOR,ANALYSIS_CONTRACT_BASELINE_V1,,ex_8a3800f1,analysis_contract_baseline_v1.csv; identity inheritance per final closeout
OFI_01758,ex_8a3800f1,리버스 노르딕 컬,OFI_SNAPSHOT,SUMMARY,ELEVATED,LOW,77,1,MIGRATED_CURRENT_BEHAVIOR,ANALYSIS_CONTRACT_BASELINE_V1,,ex_8a3800f1,analysis_contract_baseline_v1.csv; identity inheritance per final closeout
OFI_01759,ex_8e4bf08e,Yates Row,BADMINTON_FATIGUE_COST,VERY_HIGH,,,0,1,MIGRATED_CURRENT_BEHAVIOR,ANALYSIS_CONTRACT_BASELINE_V1,,ex_8e4bf08e,analysis_contract_baseline_v1.csv; identity inheritance per final closeout
OFI_01760,ex_8e4bf08e,Yates Row,OFI_AXIS,HIGH_FORCE_NEURAL,,MEDIUM,37.8125,1,MIGRATED_CURRENT_BEHAVIOR,ANALYSIS_CONTRACT_BASELINE_V1,,ex_8e4bf08e,analysis_contract_baseline_v1.csv; identity inheritance per final closeout
OFI_01761,ex_8e4bf08e,Yates Row,OFI_AXIS,HIGH_SPEED,,MEDIUM,17.1875,1,MIGRATED_CURRENT_BEHAVIOR,ANALYSIS_CONTRACT_BASELINE_V1,,ex_8e4bf08e,analysis_contract_baseline_v1.csv; identity inheritance per final closeout
OFI_01762,ex_8e4bf08e,Yates Row,OFI_AXIS,LOCAL_MUSCULAR,,MEDIUM,58.4375,1,MIGRATED_CURRENT_BEHAVIOR,ANALYSIS_CONTRACT_BASELINE_V1,,ex_8e4bf08e,analysis_contract_baseline_v1.csv; identity inheritance per final closeout
OFI_01763,ex_8e4bf08e,Yates Row,OFI_AXIS,REACTIVE,,MEDIUM,15.625,1,MIGRATED_CURRENT_BEHAVIOR,ANALYSIS_CONTRACT_BASELINE_V1,,ex_8e4bf08e,analysis_contract_baseline_v1.csv; identity inheritance per final closeout
OFI_01764,ex_8e4bf08e,Yates Row,OFI_AXIS,SYSTEMIC_MUSCULAR,,MEDIUM,34.375,1,MIGRATED_CURRENT_BEHAVIOR,ANALYSIS_CONTRACT_BASELINE_V1,,ex_8e4bf08e,analysis_contract_baseline_v1.csv; identity inheritance per final closeout
OFI_01765,ex_8e4bf08e,Yates Row,OFI_DOSE,VOLUME_LOAD,,THREE_CONFIRMED_SETS_20KG_8REPS_600SECONDS_RPE8,0,1,MIGRATED_CURRENT_BEHAVIOR,ANALYSIS_CONTRACT_BASELINE_V1,,ex_8e4bf08e,analysis_contract_baseline_v1.csv; identity inheritance per final closeout
OFI_01766,ex_8e4bf08e,Yates Row,OFI_GROUP,HORIZONTAL_PULL_COMPOUND,,LOCAL_REPEAT_DETECTION,0,1,MIGRATED_CURRENT_BEHAVIOR,ANALYSIS_CONTRACT_BASELINE_V1,,ex_8e4bf08e,analysis_contract_baseline_v1.csv; identity inheritance per final closeout
OFI_01767,ex_8e4bf08e,Yates Row,OFI_GROUP,HORIZONTAL_PULL_COMPOUND,,STRENGTH_COMPARISON,0,1,MIGRATED_CURRENT_BEHAVIOR,ANALYSIS_CONTRACT_BASELINE_V1,,ex_8e4bf08e,analysis_contract_baseline_v1.csv; identity inheritance per final closeout
OFI_01768,ex_8e4bf08e,Yates Row,OFI_GROUP,HORIZONTAL_PULL_COMPOUND,,WORKLOAD_BASELINE,0,1,MIGRATED_CURRENT_BEHAVIOR,ANALYSIS_CONTRACT_BASELINE_V1,,ex_8e4bf08e,analysis_contract_baseline_v1.csv; identity inheritance per final closeout
OFI_01769,ex_8e4bf08e,Yates Row,OFI_SCORE,HIGH_FORCE_NEURAL,,,47,1,MIGRATED_CURRENT_BEHAVIOR,ANALYSIS_CONTRACT_BASELINE_V1,,ex_8e4bf08e,analysis_contract_baseline_v1.csv; identity inheritance per final closeout
OFI_01770,ex_8e4bf08e,Yates Row,OFI_SCORE,HIGH_SPEED,,,21,1,MIGRATED_CURRENT_BEHAVIOR,ANALYSIS_CONTRACT_BASELINE_V1,,ex_8e4bf08e,analysis_contract_baseline_v1.csv; identity inheritance per final closeout
OFI_01771,ex_8e4bf08e,Yates Row,OFI_SCORE,LOCAL_MUSCULAR,,,73,1,MIGRATED_CURRENT_BEHAVIOR,ANALYSIS_CONTRACT_BASELINE_V1,,ex_8e4bf08e,analysis_contract_baseline_v1.csv; identity inheritance per final closeout
OFI_01772,ex_8e4bf08e,Yates Row,OFI_SCORE,REACTIVE,,,20,1,MIGRATED_CURRENT_BEHAVIOR,ANALYSIS_CONTRACT_BASELINE_V1,,ex_8e4bf08e,analysis_contract_baseline_v1.csv; identity inheritance per final closeout
OFI_01773,ex_8e4bf08e,Yates Row,OFI_SCORE,SYSTEMIC_MUSCULAR,,,43,1,MIGRATED_CURRENT_BEHAVIOR,ANALYSIS_CONTRACT_BASELINE_V1,,ex_8e4bf08e,analysis_contract_baseline_v1.csv; identity inheritance per final closeout
OFI_01774,ex_8e4bf08e,Yates Row,OFI_SNAPSHOT,SUMMARY,NORMAL,LOW,44,1,MIGRATED_CURRENT_BEHAVIOR,ANALYSIS_CONTRACT_BASELINE_V1,,ex_8e4bf08e,analysis_contract_baseline_v1.csv; identity inheritance per final closeout
OFI_01775,ex_8e69fc74,스플릿 스텝 리액션,BADMINTON_FATIGUE_COST,HIGH,,,0,1,MIGRATED_CURRENT_BEHAVIOR,ANALYSIS_CONTRACT_BASELINE_V1,,ex_8e69fc74,analysis_contract_baseline_v1.csv; identity inheritance per final closeout
OFI_01776,ex_8e69fc74,스플릿 스텝 리액션,OFI_AXIS,HIGH_FORCE_NEURAL,,MEDIUM,17.1875,1,MIGRATED_CURRENT_BEHAVIOR,ANALYSIS_CONTRACT_BASELINE_V1,,ex_8e69fc74,analysis_contract_baseline_v1.csv; identity inheritance per final closeout
OFI_01777,ex_8e69fc74,스플릿 스텝 리액션,OFI_AXIS,HIGH_SPEED,,MEDIUM,85.9375,1,MIGRATED_CURRENT_BEHAVIOR,ANALYSIS_CONTRACT_BASELINE_V1,,ex_8e69fc74,analysis_contract_baseline_v1.csv; identity inheritance per final closeout
OFI_01778,ex_8e69fc74,스플릿 스텝 리액션,OFI_AXIS,LOCAL_MUSCULAR,,MEDIUM,58.4375,1,MIGRATED_CURRENT_BEHAVIOR,ANALYSIS_CONTRACT_BASELINE_V1,,ex_8e69fc74,analysis_contract_baseline_v1.csv; identity inheritance per final closeout
OFI_01779,ex_8e69fc74,스플릿 스텝 리액션,OFI_AXIS,REACTIVE,,MEDIUM,93.75,1,MIGRATED_CURRENT_BEHAVIOR,ANALYSIS_CONTRACT_BASELINE_V1,,ex_8e69fc74,analysis_contract_baseline_v1.csv; identity inheritance per final closeout
OFI_01780,ex_8e69fc74,스플릿 스텝 리액션,OFI_AXIS,SYSTEMIC_MUSCULAR,,MEDIUM,53.125,1,MIGRATED_CURRENT_BEHAVIOR,ANALYSIS_CONTRACT_BASELINE_V1,,ex_8e69fc74,analysis_contract_baseline_v1.csv; identity inheritance per final closeout
OFI_01781,ex_8e69fc74,스플릿 스텝 리액션,OFI_CAUTION,HIGH_SPEED_CAUTION,,,0,1,MIGRATED_CURRENT_BEHAVIOR,ANALYSIS_CONTRACT_BASELINE_V1,,ex_8e69fc74,analysis_contract_baseline_v1.csv; identity inheritance per final closeout
OFI_01782,ex_8e69fc74,스플릿 스텝 리액션,OFI_CAUTION,REACTIVE_CAUTION,,,0,1,MIGRATED_CURRENT_BEHAVIOR,ANALYSIS_CONTRACT_BASELINE_V1,,ex_8e69fc74,analysis_contract_baseline_v1.csv; identity inheritance per final closeout
OFI_01783,ex_8e69fc74,스플릿 스텝 리액션,OFI_DOSE,DISTANCE_OR_TIME,,THREE_CONFIRMED_SETS_20KG_8REPS_600SECONDS_RPE8,0,1,MIGRATED_CURRENT_BEHAVIOR,ANALYSIS_CONTRACT_BASELINE_V1,,ex_8e69fc74,analysis_contract_baseline_v1.csv; identity inheritance per final closeout
OFI_01784,ex_8e69fc74,스플릿 스텝 리액션,OFI_GROUP,BADMINTON_COURT_FOOTWORK,,LOCAL_REPEAT_DETECTION,0,1,MIGRATED_CURRENT_BEHAVIOR,ANALYSIS_CONTRACT_BASELINE_V1,,ex_8e69fc74,analysis_contract_baseline_v1.csv; identity inheritance per final closeout
OFI_01785,ex_8e69fc74,스플릿 스텝 리액션,OFI_GROUP,NOT_APPLICABLE,,STRENGTH_COMPARISON,0,1,MIGRATED_CURRENT_BEHAVIOR,ANALYSIS_CONTRACT_BASELINE_V1,,ex_8e69fc74,analysis_contract_baseline_v1.csv; identity inheritance per final closeout
OFI_01786,ex_8e69fc74,스플릿 스텝 리액션,OFI_GROUP,NOT_APPLICABLE,,WORKLOAD_BASELINE,0,1,MIGRATED_CURRENT_BEHAVIOR,ANALYSIS_CONTRACT_BASELINE_V1,,ex_8e69fc74,analysis_contract_baseline_v1.csv; identity inheritance per final closeout
OFI_01787,ex_8e69fc74,스플릿 스텝 리액션,OFI_SCORE,HIGH_FORCE_NEURAL,,,21,1,MIGRATED_CURRENT_BEHAVIOR,ANALYSIS_CONTRACT_BASELINE_V1,,ex_8e69fc74,analysis_contract_baseline_v1.csv; identity inheritance per final closeout
OFI_01788,ex_8e69fc74,스플릿 스텝 리액션,OFI_SCORE,HIGH_SPEED,,,100,1,MIGRATED_CURRENT_BEHAVIOR,ANALYSIS_CONTRACT_BASELINE_V1,,ex_8e69fc74,analysis_contract_baseline_v1.csv; identity inheritance per final closeout
OFI_01789,ex_8e69fc74,스플릿 스텝 리액션,OFI_SCORE,LOCAL_MUSCULAR,,,73,1,MIGRATED_CURRENT_BEHAVIOR,ANALYSIS_CONTRACT_BASELINE_V1,,ex_8e69fc74,analysis_contract_baseline_v1.csv; identity inheritance per final closeout
OFI_01790,ex_8e69fc74,스플릿 스텝 리액션,OFI_SCORE,REACTIVE,,,100,1,MIGRATED_CURRENT_BEHAVIOR,ANALYSIS_CONTRACT_BASELINE_V1,,ex_8e69fc74,analysis_contract_baseline_v1.csv; identity inheritance per final closeout
OFI_01791,ex_8e69fc74,스플릿 스텝 리액션,OFI_SCORE,SYSTEMIC_MUSCULAR,,,66,1,MIGRATED_CURRENT_BEHAVIOR,ANALYSIS_CONTRACT_BASELINE_V1,,ex_8e69fc74,analysis_contract_baseline_v1.csv; identity inheritance per final closeout
OFI_01792,ex_8e69fc74,스플릿 스텝 리액션,OFI_SNAPSHOT,SUMMARY,ELEVATED,LOW,83,1,MIGRATED_CURRENT_BEHAVIOR,ANALYSIS_CONTRACT_BASELINE_V1,,ex_8e69fc74,analysis_contract_baseline_v1.csv; identity inheritance per final closeout
OFI_01793,ex_91b749b3,플랫 덤벨 플라이,BADMINTON_FATIGUE_COST,LOW,,,0,1,MIGRATED_CURRENT_BEHAVIOR,ANALYSIS_CONTRACT_BASELINE_V1,,ex_91b749b3,analysis_contract_baseline_v1.csv; identity inheritance per final closeout
OFI_01794,ex_91b749b3,플랫 덤벨 플라이,OFI_AXIS,HIGH_FORCE_NEURAL,,SHORT,17.1875,1,MIGRATED_CURRENT_BEHAVIOR,ANALYSIS_CONTRACT_BASELINE_V1,,ex_91b749b3,analysis_contract_baseline_v1.csv; identity inheritance per final closeout
OFI_01795,ex_91b749b3,플랫 덤벨 플라이,OFI_AXIS,HIGH_SPEED,,SHORT,17.1875,1,MIGRATED_CURRENT_BEHAVIOR,ANALYSIS_CONTRACT_BASELINE_V1,,ex_91b749b3,analysis_contract_baseline_v1.csv; identity inheritance per final closeout
OFI_01796,ex_91b749b3,플랫 덤벨 플라이,OFI_AXIS,LOCAL_MUSCULAR,,SHORT,58.4375,1,MIGRATED_CURRENT_BEHAVIOR,ANALYSIS_CONTRACT_BASELINE_V1,,ex_91b749b3,analysis_contract_baseline_v1.csv; identity inheritance per final closeout
OFI_01797,ex_91b749b3,플랫 덤벨 플라이,OFI_AXIS,REACTIVE,,SHORT,15.625,1,MIGRATED_CURRENT_BEHAVIOR,ANALYSIS_CONTRACT_BASELINE_V1,,ex_91b749b3,analysis_contract_baseline_v1.csv; identity inheritance per final closeout
OFI_01798,ex_91b749b3,플랫 덤벨 플라이,OFI_AXIS,SYSTEMIC_MUSCULAR,,SHORT,10.9375,1,MIGRATED_CURRENT_BEHAVIOR,ANALYSIS_CONTRACT_BASELINE_V1,,ex_91b749b3,analysis_contract_baseline_v1.csv; identity inheritance per final closeout
OFI_01799,ex_91b749b3,플랫 덤벨 플라이,OFI_DOSE,LOAD_REPS,,THREE_CONFIRMED_SETS_20KG_8REPS_600SECONDS_RPE8,0,1,MIGRATED_CURRENT_BEHAVIOR,ANALYSIS_CONTRACT_BASELINE_V1,,ex_91b749b3,analysis_contract_baseline_v1.csv; identity inheritance per final closeout
OFI_01800,ex_91b749b3,플랫 덤벨 플라이,OFI_GROUP,CHEST_FLY_ISOLATION,,LOCAL_REPEAT_DETECTION,0,1,MIGRATED_CURRENT_BEHAVIOR,ANALYSIS_CONTRACT_BASELINE_V1,,ex_91b749b3,analysis_contract_baseline_v1.csv; identity inheritance per final closeout
OFI_01801,ex_91b749b3,플랫 덤벨 플라이,OFI_GROUP,CHEST_FLY_ISOLATION,,STRENGTH_COMPARISON,0,1,MIGRATED_CURRENT_BEHAVIOR,ANALYSIS_CONTRACT_BASELINE_V1,,ex_91b749b3,analysis_contract_baseline_v1.csv; identity inheritance per final closeout
OFI_01802,ex_91b749b3,플랫 덤벨 플라이,OFI_GROUP,CHEST_FLY_ISOLATION,,WORKLOAD_BASELINE,0,1,MIGRATED_CURRENT_BEHAVIOR,ANALYSIS_CONTRACT_BASELINE_V1,,ex_91b749b3,analysis_contract_baseline_v1.csv; identity inheritance per final closeout
OFI_01803,ex_91b749b3,플랫 덤벨 플라이,OFI_SCORE,HIGH_FORCE_NEURAL,,,21,1,MIGRATED_CURRENT_BEHAVIOR,ANALYSIS_CONTRACT_BASELINE_V1,,ex_91b749b3,analysis_contract_baseline_v1.csv; identity inheritance per final closeout
OFI_01804,ex_91b749b3,플랫 덤벨 플라이,OFI_SCORE,HIGH_SPEED,,,21,1,MIGRATED_CURRENT_BEHAVIOR,ANALYSIS_CONTRACT_BASELINE_V1,,ex_91b749b3,analysis_contract_baseline_v1.csv; identity inheritance per final closeout
OFI_01805,ex_91b749b3,플랫 덤벨 플라이,OFI_SCORE,LOCAL_MUSCULAR,,,73,1,MIGRATED_CURRENT_BEHAVIOR,ANALYSIS_CONTRACT_BASELINE_V1,,ex_91b749b3,analysis_contract_baseline_v1.csv; identity inheritance per final closeout
OFI_01806,ex_91b749b3,플랫 덤벨 플라이,OFI_SCORE,REACTIVE,,,20,1,MIGRATED_CURRENT_BEHAVIOR,ANALYSIS_CONTRACT_BASELINE_V1,,ex_91b749b3,analysis_contract_baseline_v1.csv; identity inheritance per final closeout
OFI_01807,ex_91b749b3,플랫 덤벨 플라이,OFI_SCORE,SYSTEMIC_MUSCULAR,,,14,1,MIGRATED_CURRENT_BEHAVIOR,ANALYSIS_CONTRACT_BASELINE_V1,,ex_91b749b3,analysis_contract_baseline_v1.csv; identity inheritance per final closeout
OFI_01808,ex_91b749b3,플랫 덤벨 플라이,OFI_SNAPSHOT,SUMMARY,LOW,LOW,39,1,MIGRATED_CURRENT_BEHAVIOR,ANALYSIS_CONTRACT_BASELINE_V1,,ex_91b749b3,analysis_contract_baseline_v1.csv; identity inheritance per final closeout
OFI_01809,ex_91d8430b,30초 반복 스매시 테스트,BADMINTON_FATIGUE_COST,HIGH,,,0,1,MIGRATED_CURRENT_BEHAVIOR,ANALYSIS_CONTRACT_BASELINE_V1,,ex_91d8430b,analysis_contract_baseline_v1.csv; identity inheritance per final closeout
OFI_01810,ex_91d8430b,30초 반복 스매시 테스트,OFI_AXIS,HIGH_FORCE_NEURAL,,MEDIUM,20.625,1,MIGRATED_CURRENT_BEHAVIOR,ANALYSIS_CONTRACT_BASELINE_V1,,ex_91d8430b,analysis_contract_baseline_v1.csv; identity inheritance per final closeout
OFI_01811,ex_91d8430b,30초 반복 스매시 테스트,OFI_AXIS,HIGH_SPEED,,MEDIUM,37.8125,1,MIGRATED_CURRENT_BEHAVIOR,ANALYSIS_CONTRACT_BASELINE_V1,,ex_91d8430b,analysis_contract_baseline_v1.csv; identity inheritance per final closeout
OFI_01812,ex_91d8430b,30초 반복 스매시 테스트,OFI_AXIS,LOCAL_MUSCULAR,,MEDIUM,37.8125,1,MIGRATED_CURRENT_BEHAVIOR,ANALYSIS_CONTRACT_BASELINE_V1,,ex_91d8430b,analysis_contract_baseline_v1.csv; identity inheritance per final closeout
OFI_01813,ex_91d8430b,30초 반복 스매시 테스트,OFI_AXIS,REACTIVE,,MEDIUM,34.375,1,MIGRATED_CURRENT_BEHAVIOR,ANALYSIS_CONTRACT_BASELINE_V1,,ex_91d8430b,analysis_contract_baseline_v1.csv; identity inheritance per final closeout
OFI_01814,ex_91d8430b,30초 반복 스매시 테스트,OFI_AXIS,SYSTEMIC_MUSCULAR,,MEDIUM,34.375,1,MIGRATED_CURRENT_BEHAVIOR,ANALYSIS_CONTRACT_BASELINE_V1,,ex_91d8430b,analysis_contract_baseline_v1.csv; identity inheritance per final closeout
OFI_01815,ex_91d8430b,30초 반복 스매시 테스트,OFI_DOSE,COUNT_ONLY,,THREE_CONFIRMED_SETS_20KG_8REPS_600SECONDS_RPE8,0,1,MIGRATED_CURRENT_BEHAVIOR,ANALYSIS_CONTRACT_BASELINE_V1,,ex_91d8430b,analysis_contract_baseline_v1.csv; identity inheritance per final closeout
OFI_01816,ex_91d8430b,30초 반복 스매시 테스트,OFI_GROUP,NOT_APPLICABLE,,LOCAL_REPEAT_DETECTION,0,1,MIGRATED_CURRENT_BEHAVIOR,ANALYSIS_CONTRACT_BASELINE_V1,,ex_91d8430b,analysis_contract_baseline_v1.csv; identity inheritance per final closeout
OFI_01817,ex_91d8430b,30초 반복 스매시 테스트,OFI_GROUP,NOT_APPLICABLE,,STRENGTH_COMPARISON,0,1,MIGRATED_CURRENT_BEHAVIOR,ANALYSIS_CONTRACT_BASELINE_V1,,ex_91d8430b,analysis_contract_baseline_v1.csv; identity inheritance per final closeout
OFI_01818,ex_91d8430b,30초 반복 스매시 테스트,OFI_GROUP,NOT_APPLICABLE,,WORKLOAD_BASELINE,0,1,MIGRATED_CURRENT_BEHAVIOR,ANALYSIS_CONTRACT_BASELINE_V1,,ex_91d8430b,analysis_contract_baseline_v1.csv; identity inheritance per final closeout
OFI_01819,ex_91d8430b,30초 반복 스매시 테스트,OFI_SCORE,HIGH_FORCE_NEURAL,,,26,1,MIGRATED_CURRENT_BEHAVIOR,ANALYSIS_CONTRACT_BASELINE_V1,,ex_91d8430b,analysis_contract_baseline_v1.csv; identity inheritance per final closeout
OFI_01820,ex_91d8430b,30초 반복 스매시 테스트,OFI_SCORE,HIGH_SPEED,,,47,1,MIGRATED_CURRENT_BEHAVIOR,ANALYSIS_CONTRACT_BASELINE_V1,,ex_91d8430b,analysis_contract_baseline_v1.csv; identity inheritance per final closeout
OFI_01821,ex_91d8430b,30초 반복 스매시 테스트,OFI_SCORE,LOCAL_MUSCULAR,,,47,1,MIGRATED_CURRENT_BEHAVIOR,ANALYSIS_CONTRACT_BASELINE_V1,,ex_91d8430b,analysis_contract_baseline_v1.csv; identity inheritance per final closeout
OFI_01822,ex_91d8430b,30초 반복 스매시 테스트,OFI_SCORE,REACTIVE,,,43,1,MIGRATED_CURRENT_BEHAVIOR,ANALYSIS_CONTRACT_BASELINE_V1,,ex_91d8430b,analysis_contract_baseline_v1.csv; identity inheritance per final closeout
OFI_01823,ex_91d8430b,30초 반복 스매시 테스트,OFI_SCORE,SYSTEMIC_MUSCULAR,,,43,1,MIGRATED_CURRENT_BEHAVIOR,ANALYSIS_CONTRACT_BASELINE_V1,,ex_91d8430b,analysis_contract_baseline_v1.csv; identity inheritance per final closeout
OFI_01824,ex_91d8430b,30초 반복 스매시 테스트,OFI_SNAPSHOT,SUMMARY,LOW,LOW,35,1,MIGRATED_CURRENT_BEHAVIOR,ANALYSIS_CONTRACT_BASELINE_V1,,ex_91d8430b,analysis_contract_baseline_v1.csv; identity inheritance per final closeout
OFI_01825,ex_91f6958d,터키시 겟업,BADMINTON_FATIGUE_COST,MEDIUM,,,0,1,MIGRATED_CURRENT_BEHAVIOR,ANALYSIS_CONTRACT_BASELINE_V1,,ex_91f6958d,analysis_contract_baseline_v1.csv; identity inheritance per final closeout
OFI_01826,ex_91f6958d,터키시 겟업,OFI_AXIS,HIGH_FORCE_NEURAL,,MEDIUM,17.1875,1,MIGRATED_CURRENT_BEHAVIOR,ANALYSIS_CONTRACT_BASELINE_V1,,ex_91f6958d,analysis_contract_baseline_v1.csv; identity inheritance per final closeout
OFI_01827,ex_91f6958d,터키시 겟업,OFI_AXIS,HIGH_SPEED,,MEDIUM,17.1875,1,MIGRATED_CURRENT_BEHAVIOR,ANALYSIS_CONTRACT_BASELINE_V1,,ex_91f6958d,analysis_contract_baseline_v1.csv; identity inheritance per final closeout
OFI_01828,ex_91f6958d,터키시 겟업,OFI_AXIS,LOCAL_MUSCULAR,,MEDIUM,58.4375,1,MIGRATED_CURRENT_BEHAVIOR,ANALYSIS_CONTRACT_BASELINE_V1,,ex_91f6958d,analysis_contract_baseline_v1.csv; identity inheritance per final closeout
OFI_01829,ex_91f6958d,터키시 겟업,OFI_AXIS,REACTIVE,,MEDIUM,63.75,1,MIGRATED_CURRENT_BEHAVIOR,ANALYSIS_CONTRACT_BASELINE_V1,,ex_91f6958d,analysis_contract_baseline_v1.csv; identity inheritance per final closeout
OFI_01830,ex_91f6958d,터키시 겟업,OFI_AXIS,SYSTEMIC_MUSCULAR,,MEDIUM,34.375,1,MIGRATED_CURRENT_BEHAVIOR,ANALYSIS_CONTRACT_BASELINE_V1,,ex_91f6958d,analysis_contract_baseline_v1.csv; identity inheritance per final closeout
OFI_01831,ex_91f6958d,터키시 겟업,OFI_DOSE,QUALITY_BASED,,THREE_CONFIRMED_SETS_20KG_8REPS_600SECONDS_RPE8,0,1,MIGRATED_CURRENT_BEHAVIOR,ANALYSIS_CONTRACT_BASELINE_V1,,ex_91f6958d,analysis_contract_baseline_v1.csv; identity inheritance per final closeout
OFI_01832,ex_91f6958d,터키시 겟업,OFI_GROUP,TOTAL_BODY_STABILITY_SKILL,,LOCAL_REPEAT_DETECTION,0,1,MIGRATED_CURRENT_BEHAVIOR,ANALYSIS_CONTRACT_BASELINE_V1,,ex_91f6958d,analysis_contract_baseline_v1.csv; identity inheritance per final closeout
OFI_01833,ex_91f6958d,터키시 겟업,OFI_GROUP,TOTAL_BODY_STABILITY_SKILL,,STRENGTH_COMPARISON,0,1,MIGRATED_CURRENT_BEHAVIOR,ANALYSIS_CONTRACT_BASELINE_V1,,ex_91f6958d,analysis_contract_baseline_v1.csv; identity inheritance per final closeout
OFI_01834,ex_91f6958d,터키시 겟업,OFI_GROUP,TOTAL_BODY_STABILITY_SKILL,,WORKLOAD_BASELINE,0,1,MIGRATED_CURRENT_BEHAVIOR,ANALYSIS_CONTRACT_BASELINE_V1,,ex_91f6958d,analysis_contract_baseline_v1.csv; identity inheritance per final closeout
OFI_01835,ex_91f6958d,터키시 겟업,OFI_SCORE,HIGH_FORCE_NEURAL,,,21,1,MIGRATED_CURRENT_BEHAVIOR,ANALYSIS_CONTRACT_BASELINE_V1,,ex_91f6958d,analysis_contract_baseline_v1.csv; identity inheritance per final closeout
OFI_01836,ex_91f6958d,터키시 겟업,OFI_SCORE,HIGH_SPEED,,,21,1,MIGRATED_CURRENT_BEHAVIOR,ANALYSIS_CONTRACT_BASELINE_V1,,ex_91f6958d,analysis_contract_baseline_v1.csv; identity inheritance per final closeout
OFI_01837,ex_91f6958d,터키시 겟업,OFI_SCORE,LOCAL_MUSCULAR,,,73,1,MIGRATED_CURRENT_BEHAVIOR,ANALYSIS_CONTRACT_BASELINE_V1,,ex_91f6958d,analysis_contract_baseline_v1.csv; identity inheritance per final closeout
OFI_01838,ex_91f6958d,터키시 겟업,OFI_SCORE,REACTIVE,,,80,1,MIGRATED_CURRENT_BEHAVIOR,ANALYSIS_CONTRACT_BASELINE_V1,,ex_91f6958d,analysis_contract_baseline_v1.csv; identity inheritance per final closeout
OFI_01839,ex_91f6958d,터키시 겟업,OFI_SCORE,SYSTEMIC_MUSCULAR,,,43,1,MIGRATED_CURRENT_BEHAVIOR,ANALYSIS_CONTRACT_BASELINE_V1,,ex_91f6958d,analysis_contract_baseline_v1.csv; identity inheritance per final closeout
OFI_01840,ex_91f6958d,터키시 겟업,OFI_SNAPSHOT,SUMMARY,NORMAL,LOW,61,1,MIGRATED_CURRENT_BEHAVIOR,ANALYSIS_CONTRACT_BASELINE_V1,,ex_91f6958d,analysis_contract_baseline_v1.csv; identity inheritance per final closeout
OFI_01841,ex_93538692,덤벨 래터럴 레이즈,BADMINTON_FATIGUE_COST,MEDIUM,,,0,1,MIGRATED_CURRENT_BEHAVIOR,ANALYSIS_CONTRACT_BASELINE_V1,,ex_93538692,analysis_contract_baseline_v1.csv; identity inheritance per final closeout
OFI_01842,ex_93538692,덤벨 래터럴 레이즈,OFI_AXIS,HIGH_FORCE_NEURAL,,SHORT,17.1875,1,MIGRATED_CURRENT_BEHAVIOR,ANALYSIS_CONTRACT_BASELINE_V1,,ex_93538692,analysis_contract_baseline_v1.csv; identity inheritance per final closeout
OFI_01843,ex_93538692,덤벨 래터럴 레이즈,OFI_AXIS,HIGH_SPEED,,SHORT,17.1875,1,MIGRATED_CURRENT_BEHAVIOR,ANALYSIS_CONTRACT_BASELINE_V1,,ex_93538692,analysis_contract_baseline_v1.csv; identity inheritance per final closeout
OFI_01844,ex_93538692,덤벨 래터럴 레이즈,OFI_AXIS,LOCAL_MUSCULAR,,SHORT,58.4375,1,MIGRATED_CURRENT_BEHAVIOR,ANALYSIS_CONTRACT_BASELINE_V1,,ex_93538692,analysis_contract_baseline_v1.csv; identity inheritance per final closeout
OFI_01845,ex_93538692,덤벨 래터럴 레이즈,OFI_AXIS,REACTIVE,,SHORT,15.625,1,MIGRATED_CURRENT_BEHAVIOR,ANALYSIS_CONTRACT_BASELINE_V1,,ex_93538692,analysis_contract_baseline_v1.csv; identity inheritance per final closeout
OFI_01846,ex_93538692,덤벨 래터럴 레이즈,OFI_AXIS,SYSTEMIC_MUSCULAR,,SHORT,10.9375,1,MIGRATED_CURRENT_BEHAVIOR,ANALYSIS_CONTRACT_BASELINE_V1,,ex_93538692,analysis_contract_baseline_v1.csv; identity inheritance per final closeout
OFI_01847,ex_93538692,덤벨 래터럴 레이즈,OFI_DOSE,VOLUME_LOAD,,THREE_CONFIRMED_SETS_20KG_8REPS_600SECONDS_RPE8,0,1,MIGRATED_CURRENT_BEHAVIOR,ANALYSIS_CONTRACT_BASELINE_V1,,ex_93538692,analysis_contract_baseline_v1.csv; identity inheritance per final closeout
OFI_01848,ex_93538692,덤벨 래터럴 레이즈,OFI_GROUP,LATERAL_DELTOID_ISOLATION,,LOCAL_REPEAT_DETECTION,0,1,MIGRATED_CURRENT_BEHAVIOR,ANALYSIS_CONTRACT_BASELINE_V1,,ex_93538692,analysis_contract_baseline_v1.csv; identity inheritance per final closeout
OFI_01849,ex_93538692,덤벨 래터럴 레이즈,OFI_GROUP,LATERAL_DELTOID_ISOLATION,,STRENGTH_COMPARISON,0,1,MIGRATED_CURRENT_BEHAVIOR,ANALYSIS_CONTRACT_BASELINE_V1,,ex_93538692,analysis_contract_baseline_v1.csv; identity inheritance per final closeout
OFI_01850,ex_93538692,덤벨 래터럴 레이즈,OFI_GROUP,LATERAL_DELTOID_ISOLATION,,WORKLOAD_BASELINE,0,1,MIGRATED_CURRENT_BEHAVIOR,ANALYSIS_CONTRACT_BASELINE_V1,,ex_93538692,analysis_contract_baseline_v1.csv; identity inheritance per final closeout
OFI_01851,ex_93538692,덤벨 래터럴 레이즈,OFI_SCORE,HIGH_FORCE_NEURAL,,,21,1,MIGRATED_CURRENT_BEHAVIOR,ANALYSIS_CONTRACT_BASELINE_V1,,ex_93538692,analysis_contract_baseline_v1.csv; identity inheritance per final closeout
OFI_01852,ex_93538692,덤벨 래터럴 레이즈,OFI_SCORE,HIGH_SPEED,,,21,1,MIGRATED_CURRENT_BEHAVIOR,ANALYSIS_CONTRACT_BASELINE_V1,,ex_93538692,analysis_contract_baseline_v1.csv; identity inheritance per final closeout
OFI_01853,ex_93538692,덤벨 래터럴 레이즈,OFI_SCORE,LOCAL_MUSCULAR,,,73,1,MIGRATED_CURRENT_BEHAVIOR,ANALYSIS_CONTRACT_BASELINE_V1,,ex_93538692,analysis_contract_baseline_v1.csv; identity inheritance per final closeout
OFI_01854,ex_93538692,덤벨 래터럴 레이즈,OFI_SCORE,REACTIVE,,,20,1,MIGRATED_CURRENT_BEHAVIOR,ANALYSIS_CONTRACT_BASELINE_V1,,ex_93538692,analysis_contract_baseline_v1.csv; identity inheritance per final closeout
OFI_01855,ex_93538692,덤벨 래터럴 레이즈,OFI_SCORE,SYSTEMIC_MUSCULAR,,,14,1,MIGRATED_CURRENT_BEHAVIOR,ANALYSIS_CONTRACT_BASELINE_V1,,ex_93538692,analysis_contract_baseline_v1.csv; identity inheritance per final closeout
OFI_01856,ex_93538692,덤벨 래터럴 레이즈,OFI_SNAPSHOT,SUMMARY,LOW,LOW,39,1,MIGRATED_CURRENT_BEHAVIOR,ANALYSIS_CONTRACT_BASELINE_V1,,ex_93538692,analysis_contract_baseline_v1.csv; identity inheritance per final closeout
OFI_01857,ex_95028bfe,덤벨 리스트 컬,BADMINTON_FATIGUE_COST,LOW,,,0,1,MIGRATED_CURRENT_BEHAVIOR,ANALYSIS_CONTRACT_BASELINE_V1,,ex_95028bfe,analysis_contract_baseline_v1.csv; identity inheritance per final closeout
OFI_01858,ex_95028bfe,덤벨 리스트 컬,OFI_AXIS,HIGH_FORCE_NEURAL,,SHORT,17.1875,1,MIGRATED_CURRENT_BEHAVIOR,ANALYSIS_CONTRACT_BASELINE_V1,,ex_95028bfe,analysis_contract_baseline_v1.csv; identity inheritance per final closeout
OFI_01859,ex_95028bfe,덤벨 리스트 컬,OFI_AXIS,HIGH_SPEED,,SHORT,17.1875,1,MIGRATED_CURRENT_BEHAVIOR,ANALYSIS_CONTRACT_BASELINE_V1,,ex_95028bfe,analysis_contract_baseline_v1.csv; identity inheritance per final closeout
OFI_01860,ex_95028bfe,덤벨 리스트 컬,OFI_AXIS,LOCAL_MUSCULAR,,SHORT,58.4375,1,MIGRATED_CURRENT_BEHAVIOR,ANALYSIS_CONTRACT_BASELINE_V1,,ex_95028bfe,analysis_contract_baseline_v1.csv; identity inheritance per final closeout
OFI_01861,ex_95028bfe,덤벨 리스트 컬,OFI_AXIS,REACTIVE,,SHORT,15.625,1,MIGRATED_CURRENT_BEHAVIOR,ANALYSIS_CONTRACT_BASELINE_V1,,ex_95028bfe,analysis_contract_baseline_v1.csv; identity inheritance per final closeout
OFI_01862,ex_95028bfe,덤벨 리스트 컬,OFI_AXIS,SYSTEMIC_MUSCULAR,,SHORT,13.28125,1,MIGRATED_CURRENT_BEHAVIOR,ANALYSIS_CONTRACT_BASELINE_V1,,ex_95028bfe,analysis_contract_baseline_v1.csv; identity inheritance per final closeout
OFI_01863,ex_95028bfe,덤벨 리스트 컬,OFI_DOSE,LOAD_REPS,,THREE_CONFIRMED_SETS_20KG_8REPS_600SECONDS_RPE8,0,1,MIGRATED_CURRENT_BEHAVIOR,ANALYSIS_CONTRACT_BASELINE_V1,,ex_95028bfe,analysis_contract_baseline_v1.csv; identity inheritance per final closeout
OFI_01864,ex_95028bfe,덤벨 리스트 컬,OFI_GROUP,FOREARM_WRIST_GRIP_ACCESSORY,,LOCAL_REPEAT_DETECTION,0,1,MIGRATED_CURRENT_BEHAVIOR,ANALYSIS_CONTRACT_BASELINE_V1,,ex_95028bfe,analysis_contract_baseline_v1.csv; identity inheritance per final closeout
OFI_01865,ex_95028bfe,덤벨 리스트 컬,OFI_GROUP,FOREARM_WRIST_GRIP_ACCESSORY,,STRENGTH_COMPARISON,0,1,MIGRATED_CURRENT_BEHAVIOR,ANALYSIS_CONTRACT_BASELINE_V1,,ex_95028bfe,analysis_contract_baseline_v1.csv; identity inheritance per final closeout
OFI_01866,ex_95028bfe,덤벨 리스트 컬,OFI_GROUP,FOREARM_WRIST_GRIP_ACCESSORY,,WORKLOAD_BASELINE,0,1,MIGRATED_CURRENT_BEHAVIOR,ANALYSIS_CONTRACT_BASELINE_V1,,ex_95028bfe,analysis_contract_baseline_v1.csv; identity inheritance per final closeout
OFI_01867,ex_95028bfe,덤벨 리스트 컬,OFI_SCORE,HIGH_FORCE_NEURAL,,,21,1,MIGRATED_CURRENT_BEHAVIOR,ANALYSIS_CONTRACT_BASELINE_V1,,ex_95028bfe,analysis_contract_baseline_v1.csv; identity inheritance per final closeout
OFI_01868,ex_95028bfe,덤벨 리스트 컬,OFI_SCORE,HIGH_SPEED,,,21,1,MIGRATED_CURRENT_BEHAVIOR,ANALYSIS_CONTRACT_BASELINE_V1,,ex_95028bfe,analysis_contract_baseline_v1.csv; identity inheritance per final closeout
OFI_01869,ex_95028bfe,덤벨 리스트 컬,OFI_SCORE,LOCAL_MUSCULAR,,,73,1,MIGRATED_CURRENT_BEHAVIOR,ANALYSIS_CONTRACT_BASELINE_V1,,ex_95028bfe,analysis_contract_baseline_v1.csv; identity inheritance per final closeout
OFI_01870,ex_95028bfe,덤벨 리스트 컬,OFI_SCORE,REACTIVE,,,20,1,MIGRATED_CURRENT_BEHAVIOR,ANALYSIS_CONTRACT_BASELINE_V1,,ex_95028bfe,analysis_contract_baseline_v1.csv; identity inheritance per final closeout
OFI_01871,ex_95028bfe,덤벨 리스트 컬,OFI_SCORE,SYSTEMIC_MUSCULAR,,,17,1,MIGRATED_CURRENT_BEHAVIOR,ANALYSIS_CONTRACT_BASELINE_V1,,ex_95028bfe,analysis_contract_baseline_v1.csv; identity inheritance per final closeout
OFI_01872,ex_95028bfe,덤벨 리스트 컬,OFI_SNAPSHOT,SUMMARY,LOW,LOW,39,1,MIGRATED_CURRENT_BEHAVIOR,ANALYSIS_CONTRACT_BASELINE_V1,,ex_95028bfe,analysis_contract_baseline_v1.csv; identity inheritance per final closeout
OFI_01873,ex_9b132c23,사이드 스텝 후 정지,BADMINTON_FATIGUE_COST,HIGH,,,0,1,MIGRATED_CURRENT_BEHAVIOR,ANALYSIS_CONTRACT_BASELINE_V1,,ex_9b132c23,analysis_contract_baseline_v1.csv; identity inheritance per final closeout
OFI_01874,ex_9b132c23,사이드 스텝 후 정지,OFI_AXIS,HIGH_FORCE_NEURAL,,LONG,17.1875,1,MIGRATED_CURRENT_BEHAVIOR,ANALYSIS_CONTRACT_BASELINE_V1,,ex_9b132c23,analysis_contract_baseline_v1.csv; identity inheritance per final closeout
OFI_01875,ex_9b132c23,사이드 스텝 후 정지,OFI_AXIS,HIGH_SPEED,,LONG,70.125,1,MIGRATED_CURRENT_BEHAVIOR,ANALYSIS_CONTRACT_BASELINE_V1,,ex_9b132c23,analysis_contract_baseline_v1.csv; identity inheritance per final closeout
OFI_01876,ex_9b132c23,사이드 스텝 후 정지,OFI_AXIS,LOCAL_MUSCULAR,,LONG,58.4375,1,MIGRATED_CURRENT_BEHAVIOR,ANALYSIS_CONTRACT_BASELINE_V1,,ex_9b132c23,analysis_contract_baseline_v1.csv; identity inheritance per final closeout
OFI_01877,ex_9b132c23,사이드 스텝 후 정지,OFI_AXIS,REACTIVE,,LONG,63.75,1,MIGRATED_CURRENT_BEHAVIOR,ANALYSIS_CONTRACT_BASELINE_V1,,ex_9b132c23,analysis_contract_baseline_v1.csv; identity inheritance per final closeout
OFI_01878,ex_9b132c23,사이드 스텝 후 정지,OFI_AXIS,SYSTEMIC_MUSCULAR,,LONG,53.125,1,MIGRATED_CURRENT_BEHAVIOR,ANALYSIS_CONTRACT_BASELINE_V1,,ex_9b132c23,analysis_contract_baseline_v1.csv; identity inheritance per final closeout
OFI_01879,ex_9b132c23,사이드 스텝 후 정지,OFI_DOSE,QUALITY_BASED,,THREE_CONFIRMED_SETS_20KG_8REPS_600SECONDS_RPE8,0,1,MIGRATED_CURRENT_BEHAVIOR,ANALYSIS_CONTRACT_BASELINE_V1,,ex_9b132c23,analysis_contract_baseline_v1.csv; identity inheritance per final closeout
OFI_01880,ex_9b132c23,사이드 스텝 후 정지,OFI_GROUP,LATERAL_DECELERATION_SSC,,LOCAL_REPEAT_DETECTION,0,1,MIGRATED_CURRENT_BEHAVIOR,ANALYSIS_CONTRACT_BASELINE_V1,,ex_9b132c23,analysis_contract_baseline_v1.csv; identity inheritance per final closeout
OFI_01881,ex_9b132c23,사이드 스텝 후 정지,OFI_GROUP,NOT_APPLICABLE,,STRENGTH_COMPARISON,0,1,MIGRATED_CURRENT_BEHAVIOR,ANALYSIS_CONTRACT_BASELINE_V1,,ex_9b132c23,analysis_contract_baseline_v1.csv; identity inheritance per final closeout
OFI_01882,ex_9b132c23,사이드 스텝 후 정지,OFI_GROUP,NOT_APPLICABLE,,WORKLOAD_BASELINE,0,1,MIGRATED_CURRENT_BEHAVIOR,ANALYSIS_CONTRACT_BASELINE_V1,,ex_9b132c23,analysis_contract_baseline_v1.csv; identity inheritance per final closeout
OFI_01883,ex_9b132c23,사이드 스텝 후 정지,OFI_SCORE,HIGH_FORCE_NEURAL,,,21,1,MIGRATED_CURRENT_BEHAVIOR,ANALYSIS_CONTRACT_BASELINE_V1,,ex_9b132c23,analysis_contract_baseline_v1.csv; identity inheritance per final closeout
OFI_01884,ex_9b132c23,사이드 스텝 후 정지,OFI_SCORE,HIGH_SPEED,,,88,1,MIGRATED_CURRENT_BEHAVIOR,ANALYSIS_CONTRACT_BASELINE_V1,,ex_9b132c23,analysis_contract_baseline_v1.csv; identity inheritance per final closeout
OFI_01885,ex_9b132c23,사이드 스텝 후 정지,OFI_SCORE,LOCAL_MUSCULAR,,,73,1,MIGRATED_CURRENT_BEHAVIOR,ANALYSIS_CONTRACT_BASELINE_V1,,ex_9b132c23,analysis_contract_baseline_v1.csv; identity inheritance per final closeout
OFI_01886,ex_9b132c23,사이드 스텝 후 정지,OFI_SCORE,REACTIVE,,,80,1,MIGRATED_CURRENT_BEHAVIOR,ANALYSIS_CONTRACT_BASELINE_V1,,ex_9b132c23,analysis_contract_baseline_v1.csv; identity inheritance per final closeout
OFI_01887,ex_9b132c23,사이드 스텝 후 정지,OFI_SCORE,SYSTEMIC_MUSCULAR,,,66,1,MIGRATED_CURRENT_BEHAVIOR,ANALYSIS_CONTRACT_BASELINE_V1,,ex_9b132c23,analysis_contract_baseline_v1.csv; identity inheritance per final closeout
OFI_01888,ex_9b132c23,사이드 스텝 후 정지,OFI_SNAPSHOT,SUMMARY,ELEVATED,LOW,76,1,MIGRATED_CURRENT_BEHAVIOR,ANALYSIS_CONTRACT_BASELINE_V1,,ex_9b132c23,analysis_contract_baseline_v1.csv; identity inheritance per final closeout
OFI_01889,ex_9bd6dddb,줄넘기,BADMINTON_FATIGUE_COST,HIGH,,,0,1,MIGRATED_CURRENT_BEHAVIOR,ANALYSIS_CONTRACT_BASELINE_V1,,ex_9bd6dddb,analysis_contract_baseline_v1.csv; identity inheritance per final closeout
OFI_01890,ex_9bd6dddb,줄넘기,OFI_AXIS,HIGH_FORCE_NEURAL,,LONG,17.1875,1,MIGRATED_CURRENT_BEHAVIOR,ANALYSIS_CONTRACT_BASELINE_V1,,ex_9bd6dddb,analysis_contract_baseline_v1.csv; identity inheritance per final closeout
OFI_01891,ex_9bd6dddb,줄넘기,OFI_AXIS,HIGH_SPEED,,LONG,70.125,1,MIGRATED_CURRENT_BEHAVIOR,ANALYSIS_CONTRACT_BASELINE_V1,,ex_9bd6dddb,analysis_contract_baseline_v1.csv; identity inheritance per final closeout
OFI_01892,ex_9bd6dddb,줄넘기,OFI_AXIS,LOCAL_MUSCULAR,,LONG,37.8125,1,MIGRATED_CURRENT_BEHAVIOR,ANALYSIS_CONTRACT_BASELINE_V1,,ex_9bd6dddb,analysis_contract_baseline_v1.csv; identity inheritance per final closeout
OFI_01893,ex_9bd6dddb,줄넘기,OFI_AXIS,REACTIVE,,LONG,63.75,1,MIGRATED_CURRENT_BEHAVIOR,ANALYSIS_CONTRACT_BASELINE_V1,,ex_9bd6dddb,analysis_contract_baseline_v1.csv; identity inheritance per final closeout
OFI_01894,ex_9bd6dddb,줄넘기,OFI_AXIS,SYSTEMIC_MUSCULAR,,LONG,34.375,1,MIGRATED_CURRENT_BEHAVIOR,ANALYSIS_CONTRACT_BASELINE_V1,,ex_9bd6dddb,analysis_contract_baseline_v1.csv; identity inheritance per final closeout
OFI_01895,ex_9bd6dddb,줄넘기,OFI_DOSE,REPS_OR_TIME,,THREE_CONFIRMED_SETS_20KG_8REPS_600SECONDS_RPE8,0,1,MIGRATED_CURRENT_BEHAVIOR,ANALYSIS_CONTRACT_BASELINE_V1,,ex_9bd6dddb,analysis_contract_baseline_v1.csv; identity inheritance per final closeout
OFI_01896,ex_9bd6dddb,줄넘기,OFI_GROUP,ANKLE_STIFFNESS_SSC_CONDITIONING,,LOCAL_REPEAT_DETECTION,0,1,MIGRATED_CURRENT_BEHAVIOR,ANALYSIS_CONTRACT_BASELINE_V1,,ex_9bd6dddb,analysis_contract_baseline_v1.csv; identity inheritance per final closeout
OFI_01897,ex_9bd6dddb,줄넘기,OFI_GROUP,NOT_APPLICABLE,,STRENGTH_COMPARISON,0,1,MIGRATED_CURRENT_BEHAVIOR,ANALYSIS_CONTRACT_BASELINE_V1,,ex_9bd6dddb,analysis_contract_baseline_v1.csv; identity inheritance per final closeout
OFI_01898,ex_9bd6dddb,줄넘기,OFI_GROUP,NOT_APPLICABLE,,WORKLOAD_BASELINE,0,1,MIGRATED_CURRENT_BEHAVIOR,ANALYSIS_CONTRACT_BASELINE_V1,,ex_9bd6dddb,analysis_contract_baseline_v1.csv; identity inheritance per final closeout
OFI_01899,ex_9bd6dddb,줄넘기,OFI_SCORE,HIGH_FORCE_NEURAL,,,21,1,MIGRATED_CURRENT_BEHAVIOR,ANALYSIS_CONTRACT_BASELINE_V1,,ex_9bd6dddb,analysis_contract_baseline_v1.csv; identity inheritance per final closeout
OFI_01900,ex_9bd6dddb,줄넘기,OFI_SCORE,HIGH_SPEED,,,88,1,MIGRATED_CURRENT_BEHAVIOR,ANALYSIS_CONTRACT_BASELINE_V1,,ex_9bd6dddb,analysis_contract_baseline_v1.csv; identity inheritance per final closeout
OFI_01901,ex_9bd6dddb,줄넘기,OFI_SCORE,LOCAL_MUSCULAR,,,47,1,MIGRATED_CURRENT_BEHAVIOR,ANALYSIS_CONTRACT_BASELINE_V1,,ex_9bd6dddb,analysis_contract_baseline_v1.csv; identity inheritance per final closeout
OFI_01902,ex_9bd6dddb,줄넘기,OFI_SCORE,REACTIVE,,,80,1,MIGRATED_CURRENT_BEHAVIOR,ANALYSIS_CONTRACT_BASELINE_V1,,ex_9bd6dddb,analysis_contract_baseline_v1.csv; identity inheritance per final closeout
OFI_01903,ex_9bd6dddb,줄넘기,OFI_SCORE,SYSTEMIC_MUSCULAR,,,43,1,MIGRATED_CURRENT_BEHAVIOR,ANALYSIS_CONTRACT_BASELINE_V1,,ex_9bd6dddb,analysis_contract_baseline_v1.csv; identity inheritance per final closeout
OFI_01904,ex_9bd6dddb,줄넘기,OFI_SNAPSHOT,SUMMARY,NORMAL,LOW,72,1,MIGRATED_CURRENT_BEHAVIOR,ANALYSIS_CONTRACT_BASELINE_V1,,ex_9bd6dddb,analysis_contract_baseline_v1.csv; identity inheritance per final closeout
OFI_01905,ex_9f283612,원암 인클라인 덤벨 프레스,BADMINTON_FATIGUE_COST,MEDIUM,,,0,1,MIGRATED_CURRENT_BEHAVIOR,ANALYSIS_CONTRACT_BASELINE_V1,,ex_9f283612,analysis_contract_baseline_v1.csv; identity inheritance per final closeout
OFI_01906,ex_9f283612,원암 인클라인 덤벨 프레스,OFI_AXIS,HIGH_FORCE_NEURAL,,MEDIUM,17.1875,1,MIGRATED_CURRENT_BEHAVIOR,ANALYSIS_CONTRACT_BASELINE_V1,,ex_9f283612,analysis_contract_baseline_v1.csv; identity inheritance per final closeout
OFI_01907,ex_9f283612,원암 인클라인 덤벨 프레스,OFI_AXIS,HIGH_SPEED,,MEDIUM,17.1875,1,MIGRATED_CURRENT_BEHAVIOR,ANALYSIS_CONTRACT_BASELINE_V1,,ex_9f283612,analysis_contract_baseline_v1.csv; identity inheritance per final closeout
OFI_01908,ex_9f283612,원암 인클라인 덤벨 프레스,OFI_AXIS,LOCAL_MUSCULAR,,MEDIUM,58.4375,1,MIGRATED_CURRENT_BEHAVIOR,ANALYSIS_CONTRACT_BASELINE_V1,,ex_9f283612,analysis_contract_baseline_v1.csv; identity inheritance per final closeout
OFI_01909,ex_9f283612,원암 인클라인 덤벨 프레스,OFI_AXIS,REACTIVE,,MEDIUM,15.625,1,MIGRATED_CURRENT_BEHAVIOR,ANALYSIS_CONTRACT_BASELINE_V1,,ex_9f283612,analysis_contract_baseline_v1.csv; identity inheritance per final closeout
OFI_01910,ex_9f283612,원암 인클라인 덤벨 프레스,OFI_AXIS,SYSTEMIC_MUSCULAR,,MEDIUM,34.375,1,MIGRATED_CURRENT_BEHAVIOR,ANALYSIS_CONTRACT_BASELINE_V1,,ex_9f283612,analysis_contract_baseline_v1.csv; identity inheritance per final closeout
OFI_01911,ex_9f283612,원암 인클라인 덤벨 프레스,OFI_DOSE,VOLUME_LOAD,,THREE_CONFIRMED_SETS_20KG_8REPS_600SECONDS_RPE8,0,1,MIGRATED_CURRENT_BEHAVIOR,ANALYSIS_CONTRACT_BASELINE_V1,,ex_9f283612,analysis_contract_baseline_v1.csv; identity inheritance per final closeout
OFI_01912,ex_9f283612,원암 인클라인 덤벨 프레스,OFI_GROUP,UNILATERAL_INCLINE_PUSH,,LOCAL_REPEAT_DETECTION,0,1,MIGRATED_CURRENT_BEHAVIOR,ANALYSIS_CONTRACT_BASELINE_V1,,ex_9f283612,analysis_contract_baseline_v1.csv; identity inheritance per final closeout
OFI_01913,ex_9f283612,원암 인클라인 덤벨 프레스,OFI_GROUP,UNILATERAL_INCLINE_PUSH,,STRENGTH_COMPARISON,0,1,MIGRATED_CURRENT_BEHAVIOR,ANALYSIS_CONTRACT_BASELINE_V1,,ex_9f283612,analysis_contract_baseline_v1.csv; identity inheritance per final closeout
OFI_01914,ex_9f283612,원암 인클라인 덤벨 프레스,OFI_GROUP,UNILATERAL_INCLINE_PUSH,,WORKLOAD_BASELINE,0,1,MIGRATED_CURRENT_BEHAVIOR,ANALYSIS_CONTRACT_BASELINE_V1,,ex_9f283612,analysis_contract_baseline_v1.csv; identity inheritance per final closeout
OFI_01915,ex_9f283612,원암 인클라인 덤벨 프레스,OFI_SCORE,HIGH_FORCE_NEURAL,,,21,1,MIGRATED_CURRENT_BEHAVIOR,ANALYSIS_CONTRACT_BASELINE_V1,,ex_9f283612,analysis_contract_baseline_v1.csv; identity inheritance per final closeout
OFI_01916,ex_9f283612,원암 인클라인 덤벨 프레스,OFI_SCORE,HIGH_SPEED,,,21,1,MIGRATED_CURRENT_BEHAVIOR,ANALYSIS_CONTRACT_BASELINE_V1,,ex_9f283612,analysis_contract_baseline_v1.csv; identity inheritance per final closeout
OFI_01917,ex_9f283612,원암 인클라인 덤벨 프레스,OFI_SCORE,LOCAL_MUSCULAR,,,73,1,MIGRATED_CURRENT_BEHAVIOR,ANALYSIS_CONTRACT_BASELINE_V1,,ex_9f283612,analysis_contract_baseline_v1.csv; identity inheritance per final closeout
OFI_01918,ex_9f283612,원암 인클라인 덤벨 프레스,OFI_SCORE,REACTIVE,,,20,1,MIGRATED_CURRENT_BEHAVIOR,ANALYSIS_CONTRACT_BASELINE_V1,,ex_9f283612,analysis_contract_baseline_v1.csv; identity inheritance per final closeout
OFI_01919,ex_9f283612,원암 인클라인 덤벨 프레스,OFI_SCORE,SYSTEMIC_MUSCULAR,,,43,1,MIGRATED_CURRENT_BEHAVIOR,ANALYSIS_CONTRACT_BASELINE_V1,,ex_9f283612,analysis_contract_baseline_v1.csv; identity inheritance per final closeout
OFI_01920,ex_9f283612,원암 인클라인 덤벨 프레스,OFI_SNAPSHOT,SUMMARY,NORMAL,LOW,42,1,MIGRATED_CURRENT_BEHAVIOR,ANALYSIS_CONTRACT_BASELINE_V1,,ex_9f283612,analysis_contract_baseline_v1.csv; identity inheritance per final closeout
OFI_01921,ex_a091b9fe,원레그 레그 프레스,BADMINTON_FATIGUE_COST,HIGH,,,0,1,MIGRATED_CURRENT_BEHAVIOR,ANALYSIS_CONTRACT_BASELINE_V1,,ex_a091b9fe,analysis_contract_baseline_v1.csv; identity inheritance per final closeout
OFI_01922,ex_a091b9fe,원레그 레그 프레스,OFI_AXIS,HIGH_FORCE_NEURAL,,MEDIUM,37.8125,1,MIGRATED_CURRENT_BEHAVIOR,ANALYSIS_CONTRACT_BASELINE_V1,,ex_a091b9fe,analysis_contract_baseline_v1.csv; identity inheritance per final closeout
OFI_01923,ex_a091b9fe,원레그 레그 프레스,OFI_AXIS,HIGH_SPEED,,MEDIUM,17.1875,1,MIGRATED_CURRENT_BEHAVIOR,ANALYSIS_CONTRACT_BASELINE_V1,,ex_a091b9fe,analysis_contract_baseline_v1.csv; identity inheritance per final closeout
OFI_01924,ex_a091b9fe,원레그 레그 프레스,OFI_AXIS,LOCAL_MUSCULAR,,MEDIUM,58.4375,1,MIGRATED_CURRENT_BEHAVIOR,ANALYSIS_CONTRACT_BASELINE_V1,,ex_a091b9fe,analysis_contract_baseline_v1.csv; identity inheritance per final closeout
OFI_01925,ex_a091b9fe,원레그 레그 프레스,OFI_AXIS,REACTIVE,,MEDIUM,15.625,1,MIGRATED_CURRENT_BEHAVIOR,ANALYSIS_CONTRACT_BASELINE_V1,,ex_a091b9fe,analysis_contract_baseline_v1.csv; identity inheritance per final closeout
OFI_01926,ex_a091b9fe,원레그 레그 프레스,OFI_AXIS,SYSTEMIC_MUSCULAR,,MEDIUM,34.375,1,MIGRATED_CURRENT_BEHAVIOR,ANALYSIS_CONTRACT_BASELINE_V1,,ex_a091b9fe,analysis_contract_baseline_v1.csv; identity inheritance per final closeout
OFI_01927,ex_a091b9fe,원레그 레그 프레스,OFI_DOSE,LOAD_REPS,,THREE_CONFIRMED_SETS_20KG_8REPS_600SECONDS_RPE8,0,1,MIGRATED_CURRENT_BEHAVIOR,ANALYSIS_CONTRACT_BASELINE_V1,,ex_a091b9fe,analysis_contract_baseline_v1.csv; identity inheritance per final closeout
OFI_01928,ex_a091b9fe,원레그 레그 프레스,OFI_GROUP,MACHINE_KNEE_DOMINANT_PRESS,,LOCAL_REPEAT_DETECTION,0,1,MIGRATED_CURRENT_BEHAVIOR,ANALYSIS_CONTRACT_BASELINE_V1,,ex_a091b9fe,analysis_contract_baseline_v1.csv; identity inheritance per final closeout
OFI_01929,ex_a091b9fe,원레그 레그 프레스,OFI_GROUP,MACHINE_KNEE_DOMINANT_PRESS,,STRENGTH_COMPARISON,0,1,MIGRATED_CURRENT_BEHAVIOR,ANALYSIS_CONTRACT_BASELINE_V1,,ex_a091b9fe,analysis_contract_baseline_v1.csv; identity inheritance per final closeout
OFI_01930,ex_a091b9fe,원레그 레그 프레스,OFI_GROUP,MACHINE_KNEE_DOMINANT_PRESS,,WORKLOAD_BASELINE,0,1,MIGRATED_CURRENT_BEHAVIOR,ANALYSIS_CONTRACT_BASELINE_V1,,ex_a091b9fe,analysis_contract_baseline_v1.csv; identity inheritance per final closeout
OFI_01931,ex_a091b9fe,원레그 레그 프레스,OFI_SCORE,HIGH_FORCE_NEURAL,,,47,1,MIGRATED_CURRENT_BEHAVIOR,ANALYSIS_CONTRACT_BASELINE_V1,,ex_a091b9fe,analysis_contract_baseline_v1.csv; identity inheritance per final closeout
OFI_01932,ex_a091b9fe,원레그 레그 프레스,OFI_SCORE,HIGH_SPEED,,,21,1,MIGRATED_CURRENT_BEHAVIOR,ANALYSIS_CONTRACT_BASELINE_V1,,ex_a091b9fe,analysis_contract_baseline_v1.csv; identity inheritance per final closeout
OFI_01933,ex_a091b9fe,원레그 레그 프레스,OFI_SCORE,LOCAL_MUSCULAR,,,73,1,MIGRATED_CURRENT_BEHAVIOR,ANALYSIS_CONTRACT_BASELINE_V1,,ex_a091b9fe,analysis_contract_baseline_v1.csv; identity inheritance per final closeout
OFI_01934,ex_a091b9fe,원레그 레그 프레스,OFI_SCORE,REACTIVE,,,20,1,MIGRATED_CURRENT_BEHAVIOR,ANALYSIS_CONTRACT_BASELINE_V1,,ex_a091b9fe,analysis_contract_baseline_v1.csv; identity inheritance per final closeout
OFI_01935,ex_a091b9fe,원레그 레그 프레스,OFI_SCORE,SYSTEMIC_MUSCULAR,,,43,1,MIGRATED_CURRENT_BEHAVIOR,ANALYSIS_CONTRACT_BASELINE_V1,,ex_a091b9fe,analysis_contract_baseline_v1.csv; identity inheritance per final closeout
OFI_01936,ex_a091b9fe,원레그 레그 프레스,OFI_SNAPSHOT,SUMMARY,NORMAL,LOW,44,1,MIGRATED_CURRENT_BEHAVIOR,ANALYSIS_CONTRACT_BASELINE_V1,,ex_a091b9fe,analysis_contract_baseline_v1.csv; identity inheritance per final closeout
OFI_01937,ex_a12de111,A스킵,BADMINTON_FATIGUE_COST,HIGH,,,0,1,MIGRATED_CURRENT_BEHAVIOR,ANALYSIS_CONTRACT_BASELINE_V1,,ex_a12de111,analysis_contract_baseline_v1.csv; identity inheritance per final closeout
OFI_01938,ex_a12de111,A스킵,OFI_AXIS,HIGH_FORCE_NEURAL,,MEDIUM,17.1875,1,MIGRATED_CURRENT_BEHAVIOR,ANALYSIS_CONTRACT_BASELINE_V1,,ex_a12de111,analysis_contract_baseline_v1.csv; identity inheritance per final closeout
OFI_01939,ex_a12de111,A스킵,OFI_AXIS,HIGH_SPEED,,MEDIUM,85.9375,1,MIGRATED_CURRENT_BEHAVIOR,ANALYSIS_CONTRACT_BASELINE_V1,,ex_a12de111,analysis_contract_baseline_v1.csv; identity inheritance per final closeout
OFI_01940,ex_a12de111,A스킵,OFI_AXIS,LOCAL_MUSCULAR,,MEDIUM,37.8125,1,MIGRATED_CURRENT_BEHAVIOR,ANALYSIS_CONTRACT_BASELINE_V1,,ex_a12de111,analysis_contract_baseline_v1.csv; identity inheritance per final closeout
OFI_01941,ex_a12de111,A스킵,OFI_AXIS,REACTIVE,,MEDIUM,15.625,1,MIGRATED_CURRENT_BEHAVIOR,ANALYSIS_CONTRACT_BASELINE_V1,,ex_a12de111,analysis_contract_baseline_v1.csv; identity inheritance per final closeout
OFI_01942,ex_a12de111,A스킵,OFI_AXIS,SYSTEMIC_MUSCULAR,,MEDIUM,34.375,1,MIGRATED_CURRENT_BEHAVIOR,ANALYSIS_CONTRACT_BASELINE_V1,,ex_a12de111,analysis_contract_baseline_v1.csv; identity inheritance per final closeout
OFI_01943,ex_a12de111,A스킵,OFI_CAUTION,HIGH_SPEED_CAUTION,,,0,1,MIGRATED_CURRENT_BEHAVIOR,ANALYSIS_CONTRACT_BASELINE_V1,,ex_a12de111,analysis_contract_baseline_v1.csv; identity inheritance per final closeout
OFI_01944,ex_a12de111,A스킵,OFI_DOSE,QUALITY_BASED,,THREE_CONFIRMED_SETS_20KG_8REPS_600SECONDS_RPE8,0,1,MIGRATED_CURRENT_BEHAVIOR,ANALYSIS_CONTRACT_BASELINE_V1,,ex_a12de111,analysis_contract_baseline_v1.csv; identity inheritance per final closeout
OFI_01945,ex_a12de111,A스킵,OFI_GROUP,NOT_APPLICABLE,,STRENGTH_COMPARISON,0,1,MIGRATED_CURRENT_BEHAVIOR,ANALYSIS_CONTRACT_BASELINE_V1,,ex_a12de111,analysis_contract_baseline_v1.csv; identity inheritance per final closeout
OFI_01946,ex_a12de111,A스킵,OFI_GROUP,NOT_APPLICABLE,,WORKLOAD_BASELINE,0,1,MIGRATED_CURRENT_BEHAVIOR,ANALYSIS_CONTRACT_BASELINE_V1,,ex_a12de111,analysis_contract_baseline_v1.csv; identity inheritance per final closeout
OFI_01947,ex_a12de111,A스킵,OFI_GROUP,RUNNING_MECHANICS_SUPPORT,,LOCAL_REPEAT_DETECTION,0,1,MIGRATED_CURRENT_BEHAVIOR,ANALYSIS_CONTRACT_BASELINE_V1,,ex_a12de111,analysis_contract_baseline_v1.csv; identity inheritance per final closeout
OFI_01948,ex_a12de111,A스킵,OFI_SCORE,HIGH_FORCE_NEURAL,,,21,1,MIGRATED_CURRENT_BEHAVIOR,ANALYSIS_CONTRACT_BASELINE_V1,,ex_a12de111,analysis_contract_baseline_v1.csv; identity inheritance per final closeout
OFI_01949,ex_a12de111,A스킵,OFI_SCORE,HIGH_SPEED,,,100,1,MIGRATED_CURRENT_BEHAVIOR,ANALYSIS_CONTRACT_BASELINE_V1,,ex_a12de111,analysis_contract_baseline_v1.csv; identity inheritance per final closeout
OFI_01950,ex_a12de111,A스킵,OFI_SCORE,LOCAL_MUSCULAR,,,47,1,MIGRATED_CURRENT_BEHAVIOR,ANALYSIS_CONTRACT_BASELINE_V1,,ex_a12de111,analysis_contract_baseline_v1.csv; identity inheritance per final closeout
OFI_01951,ex_a12de111,A스킵,OFI_SCORE,REACTIVE,,,20,1,MIGRATED_CURRENT_BEHAVIOR,ANALYSIS_CONTRACT_BASELINE_V1,,ex_a12de111,analysis_contract_baseline_v1.csv; identity inheritance per final closeout
OFI_01952,ex_a12de111,A스킵,OFI_SCORE,SYSTEMIC_MUSCULAR,,,43,1,MIGRATED_CURRENT_BEHAVIOR,ANALYSIS_CONTRACT_BASELINE_V1,,ex_a12de111,analysis_contract_baseline_v1.csv; identity inheritance per final closeout
OFI_01953,ex_a12de111,A스킵,OFI_SNAPSHOT,SUMMARY,NORMAL,LOW,68,1,MIGRATED_CURRENT_BEHAVIOR,ANALYSIS_CONTRACT_BASELINE_V1,,ex_a12de111,analysis_contract_baseline_v1.csv; identity inheritance per final closeout
OFI_01954,ex_a12de4d2,B스킵,BADMINTON_FATIGUE_COST,HIGH,,,0,1,MIGRATED_CURRENT_BEHAVIOR,ANALYSIS_CONTRACT_BASELINE_V1,,ex_a12de4d2,analysis_contract_baseline_v1.csv; identity inheritance per final closeout
OFI_01955,ex_a12de4d2,B스킵,OFI_AXIS,HIGH_FORCE_NEURAL,,MEDIUM,17.1875,1,MIGRATED_CURRENT_BEHAVIOR,ANALYSIS_CONTRACT_BASELINE_V1,,ex_a12de4d2,analysis_contract_baseline_v1.csv; identity inheritance per final closeout
OFI_01956,ex_a12de4d2,B스킵,OFI_AXIS,HIGH_SPEED,,MEDIUM,85.9375,1,MIGRATED_CURRENT_BEHAVIOR,ANALYSIS_CONTRACT_BASELINE_V1,,ex_a12de4d2,analysis_contract_baseline_v1.csv; identity inheritance per final closeout
OFI_01957,ex_a12de4d2,B스킵,OFI_AXIS,LOCAL_MUSCULAR,,MEDIUM,37.8125,1,MIGRATED_CURRENT_BEHAVIOR,ANALYSIS_CONTRACT_BASELINE_V1,,ex_a12de4d2,analysis_contract_baseline_v1.csv; identity inheritance per final closeout
OFI_01958,ex_a12de4d2,B스킵,OFI_AXIS,REACTIVE,,MEDIUM,15.625,1,MIGRATED_CURRENT_BEHAVIOR,ANALYSIS_CONTRACT_BASELINE_V1,,ex_a12de4d2,analysis_contract_baseline_v1.csv; identity inheritance per final closeout
OFI_01959,ex_a12de4d2,B스킵,OFI_AXIS,SYSTEMIC_MUSCULAR,,MEDIUM,34.375,1,MIGRATED_CURRENT_BEHAVIOR,ANALYSIS_CONTRACT_BASELINE_V1,,ex_a12de4d2,analysis_contract_baseline_v1.csv; identity inheritance per final closeout
OFI_01960,ex_a12de4d2,B스킵,OFI_CAUTION,HIGH_SPEED_CAUTION,,,0,1,MIGRATED_CURRENT_BEHAVIOR,ANALYSIS_CONTRACT_BASELINE_V1,,ex_a12de4d2,analysis_contract_baseline_v1.csv; identity inheritance per final closeout
OFI_01961,ex_a12de4d2,B스킵,OFI_DOSE,QUALITY_BASED,,THREE_CONFIRMED_SETS_20KG_8REPS_600SECONDS_RPE8,0,1,MIGRATED_CURRENT_BEHAVIOR,ANALYSIS_CONTRACT_BASELINE_V1,,ex_a12de4d2,analysis_contract_baseline_v1.csv; identity inheritance per final closeout
OFI_01962,ex_a12de4d2,B스킵,OFI_GROUP,NOT_APPLICABLE,,STRENGTH_COMPARISON,0,1,MIGRATED_CURRENT_BEHAVIOR,ANALYSIS_CONTRACT_BASELINE_V1,,ex_a12de4d2,analysis_contract_baseline_v1.csv; identity inheritance per final closeout
OFI_01963,ex_a12de4d2,B스킵,OFI_GROUP,NOT_APPLICABLE,,WORKLOAD_BASELINE,0,1,MIGRATED_CURRENT_BEHAVIOR,ANALYSIS_CONTRACT_BASELINE_V1,,ex_a12de4d2,analysis_contract_baseline_v1.csv; identity inheritance per final closeout
OFI_01964,ex_a12de4d2,B스킵,OFI_GROUP,RUNNING_MECHANICS_SUPPORT,,LOCAL_REPEAT_DETECTION,0,1,MIGRATED_CURRENT_BEHAVIOR,ANALYSIS_CONTRACT_BASELINE_V1,,ex_a12de4d2,analysis_contract_baseline_v1.csv; identity inheritance per final closeout
OFI_01965,ex_a12de4d2,B스킵,OFI_SCORE,HIGH_FORCE_NEURAL,,,21,1,MIGRATED_CURRENT_BEHAVIOR,ANALYSIS_CONTRACT_BASELINE_V1,,ex_a12de4d2,analysis_contract_baseline_v1.csv; identity inheritance per final closeout
OFI_01966,ex_a12de4d2,B스킵,OFI_SCORE,HIGH_SPEED,,,100,1,MIGRATED_CURRENT_BEHAVIOR,ANALYSIS_CONTRACT_BASELINE_V1,,ex_a12de4d2,analysis_contract_baseline_v1.csv; identity inheritance per final closeout
OFI_01967,ex_a12de4d2,B스킵,OFI_SCORE,LOCAL_MUSCULAR,,,47,1,MIGRATED_CURRENT_BEHAVIOR,ANALYSIS_CONTRACT_BASELINE_V1,,ex_a12de4d2,analysis_contract_baseline_v1.csv; identity inheritance per final closeout
OFI_01968,ex_a12de4d2,B스킵,OFI_SCORE,REACTIVE,,,20,1,MIGRATED_CURRENT_BEHAVIOR,ANALYSIS_CONTRACT_BASELINE_V1,,ex_a12de4d2,analysis_contract_baseline_v1.csv; identity inheritance per final closeout
OFI_01969,ex_a12de4d2,B스킵,OFI_SCORE,SYSTEMIC_MUSCULAR,,,43,1,MIGRATED_CURRENT_BEHAVIOR,ANALYSIS_CONTRACT_BASELINE_V1,,ex_a12de4d2,analysis_contract_baseline_v1.csv; identity inheritance per final closeout
OFI_01970,ex_a12de4d2,B스킵,OFI_SNAPSHOT,SUMMARY,NORMAL,LOW,68,1,MIGRATED_CURRENT_BEHAVIOR,ANALYSIS_CONTRACT_BASELINE_V1,,ex_a12de4d2,analysis_contract_baseline_v1.csv; identity inheritance per final closeout
OFI_01971,ex_a345e30b,캡틴체어 레그 레이즈,BADMINTON_FATIGUE_COST,LOW,,,0,1,MIGRATED_CURRENT_BEHAVIOR,ANALYSIS_CONTRACT_BASELINE_V1,,ex_a345e30b,analysis_contract_baseline_v1.csv; identity inheritance per final closeout
OFI_01972,ex_a345e30b,캡틴체어 레그 레이즈,OFI_AXIS,HIGH_FORCE_NEURAL,,SHORT,17.1875,1,MIGRATED_CURRENT_BEHAVIOR,ANALYSIS_CONTRACT_BASELINE_V1,,ex_a345e30b,analysis_contract_baseline_v1.csv; identity inheritance per final closeout
OFI_01973,ex_a345e30b,캡틴체어 레그 레이즈,OFI_AXIS,HIGH_SPEED,,SHORT,17.1875,1,MIGRATED_CURRENT_BEHAVIOR,ANALYSIS_CONTRACT_BASELINE_V1,,ex_a345e30b,analysis_contract_baseline_v1.csv; identity inheritance per final closeout
OFI_01974,ex_a345e30b,캡틴체어 레그 레이즈,OFI_AXIS,LOCAL_MUSCULAR,,SHORT,58.4375,1,MIGRATED_CURRENT_BEHAVIOR,ANALYSIS_CONTRACT_BASELINE_V1,,ex_a345e30b,analysis_contract_baseline_v1.csv; identity inheritance per final closeout
OFI_01975,ex_a345e30b,캡틴체어 레그 레이즈,OFI_AXIS,REACTIVE,,SHORT,15.625,1,MIGRATED_CURRENT_BEHAVIOR,ANALYSIS_CONTRACT_BASELINE_V1,,ex_a345e30b,analysis_contract_baseline_v1.csv; identity inheritance per final closeout
OFI_01976,ex_a345e30b,캡틴체어 레그 레이즈,OFI_AXIS,SYSTEMIC_MUSCULAR,,SHORT,13.28125,1,MIGRATED_CURRENT_BEHAVIOR,ANALYSIS_CONTRACT_BASELINE_V1,,ex_a345e30b,analysis_contract_baseline_v1.csv; identity inheritance per final closeout
OFI_01977,ex_a345e30b,캡틴체어 레그 레이즈,OFI_DOSE,REPS_OR_TIME,,THREE_CONFIRMED_SETS_20KG_8REPS_600SECONDS_RPE8,0,1,MIGRATED_CURRENT_BEHAVIOR,ANALYSIS_CONTRACT_BASELINE_V1,,ex_a345e30b,analysis_contract_baseline_v1.csv; identity inheritance per final closeout
OFI_01978,ex_a345e30b,캡틴체어 레그 레이즈,OFI_GROUP,ANTERIOR_CORE_FLEXION,,LOCAL_REPEAT_DETECTION,0,1,MIGRATED_CURRENT_BEHAVIOR,ANALYSIS_CONTRACT_BASELINE_V1,,ex_a345e30b,analysis_contract_baseline_v1.csv; identity inheritance per final closeout
OFI_01979,ex_a345e30b,캡틴체어 레그 레이즈,OFI_GROUP,ANTERIOR_CORE_FLEXION,,STRENGTH_COMPARISON,0,1,MIGRATED_CURRENT_BEHAVIOR,ANALYSIS_CONTRACT_BASELINE_V1,,ex_a345e30b,analysis_contract_baseline_v1.csv; identity inheritance per final closeout
OFI_01980,ex_a345e30b,캡틴체어 레그 레이즈,OFI_GROUP,ANTERIOR_CORE_FLEXION,,WORKLOAD_BASELINE,0,1,MIGRATED_CURRENT_BEHAVIOR,ANALYSIS_CONTRACT_BASELINE_V1,,ex_a345e30b,analysis_contract_baseline_v1.csv; identity inheritance per final closeout
OFI_01981,ex_a345e30b,캡틴체어 레그 레이즈,OFI_SCORE,HIGH_FORCE_NEURAL,,,21,1,MIGRATED_CURRENT_BEHAVIOR,ANALYSIS_CONTRACT_BASELINE_V1,,ex_a345e30b,analysis_contract_baseline_v1.csv; identity inheritance per final closeout
OFI_01982,ex_a345e30b,캡틴체어 레그 레이즈,OFI_SCORE,HIGH_SPEED,,,21,1,MIGRATED_CURRENT_BEHAVIOR,ANALYSIS_CONTRACT_BASELINE_V1,,ex_a345e30b,analysis_contract_baseline_v1.csv; identity inheritance per final closeout
OFI_01983,ex_a345e30b,캡틴체어 레그 레이즈,OFI_SCORE,LOCAL_MUSCULAR,,,73,1,MIGRATED_CURRENT_BEHAVIOR,ANALYSIS_CONTRACT_BASELINE_V1,,ex_a345e30b,analysis_contract_baseline_v1.csv; identity inheritance per final closeout
OFI_01984,ex_a345e30b,캡틴체어 레그 레이즈,OFI_SCORE,REACTIVE,,,20,1,MIGRATED_CURRENT_BEHAVIOR,ANALYSIS_CONTRACT_BASELINE_V1,,ex_a345e30b,analysis_contract_baseline_v1.csv; identity inheritance per final closeout
OFI_01985,ex_a345e30b,캡틴체어 레그 레이즈,OFI_SCORE,SYSTEMIC_MUSCULAR,,,17,1,MIGRATED_CURRENT_BEHAVIOR,ANALYSIS_CONTRACT_BASELINE_V1,,ex_a345e30b,analysis_contract_baseline_v1.csv; identity inheritance per final closeout
OFI_01986,ex_a345e30b,캡틴체어 레그 레이즈,OFI_SNAPSHOT,SUMMARY,LOW,LOW,39,1,MIGRATED_CURRENT_BEHAVIOR,ANALYSIS_CONTRACT_BASELINE_V1,,ex_a345e30b,analysis_contract_baseline_v1.csv; identity inheritance per final closeout
OFI_01987,ex_a3ddd8ac,라인 홉,BADMINTON_FATIGUE_COST,HIGH,,,0,1,MIGRATED_CURRENT_BEHAVIOR,ANALYSIS_CONTRACT_BASELINE_V1,,ex_a3ddd8ac,analysis_contract_baseline_v1.csv; identity inheritance per final closeout
OFI_01988,ex_a3ddd8ac,라인 홉,OFI_AXIS,HIGH_FORCE_NEURAL,,LONG,17.1875,1,MIGRATED_CURRENT_BEHAVIOR,ANALYSIS_CONTRACT_BASELINE_V1,,ex_a3ddd8ac,analysis_contract_baseline_v1.csv; identity inheritance per final closeout
OFI_01989,ex_a3ddd8ac,라인 홉,OFI_AXIS,HIGH_SPEED,,LONG,70.125,1,MIGRATED_CURRENT_BEHAVIOR,ANALYSIS_CONTRACT_BASELINE_V1,,ex_a3ddd8ac,analysis_contract_baseline_v1.csv; identity inheritance per final closeout
OFI_01990,ex_a3ddd8ac,라인 홉,OFI_AXIS,LOCAL_MUSCULAR,,LONG,37.8125,1,MIGRATED_CURRENT_BEHAVIOR,ANALYSIS_CONTRACT_BASELINE_V1,,ex_a3ddd8ac,analysis_contract_baseline_v1.csv; identity inheritance per final closeout
OFI_01991,ex_a3ddd8ac,라인 홉,OFI_AXIS,REACTIVE,,LONG,63.75,1,MIGRATED_CURRENT_BEHAVIOR,ANALYSIS_CONTRACT_BASELINE_V1,,ex_a3ddd8ac,analysis_contract_baseline_v1.csv; identity inheritance per final closeout
OFI_01992,ex_a3ddd8ac,라인 홉,OFI_AXIS,SYSTEMIC_MUSCULAR,,LONG,34.375,1,MIGRATED_CURRENT_BEHAVIOR,ANALYSIS_CONTRACT_BASELINE_V1,,ex_a3ddd8ac,analysis_contract_baseline_v1.csv; identity inheritance per final closeout
OFI_01993,ex_a3ddd8ac,라인 홉,OFI_DOSE,REPS_OR_TIME,,THREE_CONFIRMED_SETS_20KG_8REPS_600SECONDS_RPE8,0,1,MIGRATED_CURRENT_BEHAVIOR,ANALYSIS_CONTRACT_BASELINE_V1,,ex_a3ddd8ac,analysis_contract_baseline_v1.csv; identity inheritance per final closeout
OFI_01994,ex_a3ddd8ac,라인 홉,OFI_GROUP,ANKLE_STIFFNESS_SSC_CONDITIONING,,LOCAL_REPEAT_DETECTION,0,1,MIGRATED_CURRENT_BEHAVIOR,ANALYSIS_CONTRACT_BASELINE_V1,,ex_a3ddd8ac,analysis_contract_baseline_v1.csv; identity inheritance per final closeout
OFI_01995,ex_a3ddd8ac,라인 홉,OFI_GROUP,NOT_APPLICABLE,,STRENGTH_COMPARISON,0,1,MIGRATED_CURRENT_BEHAVIOR,ANALYSIS_CONTRACT_BASELINE_V1,,ex_a3ddd8ac,analysis_contract_baseline_v1.csv; identity inheritance per final closeout
OFI_01996,ex_a3ddd8ac,라인 홉,OFI_GROUP,NOT_APPLICABLE,,WORKLOAD_BASELINE,0,1,MIGRATED_CURRENT_BEHAVIOR,ANALYSIS_CONTRACT_BASELINE_V1,,ex_a3ddd8ac,analysis_contract_baseline_v1.csv; identity inheritance per final closeout
OFI_01997,ex_a3ddd8ac,라인 홉,OFI_SCORE,HIGH_FORCE_NEURAL,,,21,1,MIGRATED_CURRENT_BEHAVIOR,ANALYSIS_CONTRACT_BASELINE_V1,,ex_a3ddd8ac,analysis_contract_baseline_v1.csv; identity inheritance per final closeout
OFI_01998,ex_a3ddd8ac,라인 홉,OFI_SCORE,HIGH_SPEED,,,88,1,MIGRATED_CURRENT_BEHAVIOR,ANALYSIS_CONTRACT_BASELINE_V1,,ex_a3ddd8ac,analysis_contract_baseline_v1.csv; identity inheritance per final closeout
OFI_01999,ex_a3ddd8ac,라인 홉,OFI_SCORE,LOCAL_MUSCULAR,,,47,1,MIGRATED_CURRENT_BEHAVIOR,ANALYSIS_CONTRACT_BASELINE_V1,,ex_a3ddd8ac,analysis_contract_baseline_v1.csv; identity inheritance per final closeout
OFI_02000,ex_a3ddd8ac,라인 홉,OFI_SCORE,REACTIVE,,,80,1,MIGRATED_CURRENT_BEHAVIOR,ANALYSIS_CONTRACT_BASELINE_V1,,ex_a3ddd8ac,analysis_contract_baseline_v1.csv; identity inheritance per final closeout
OFI_02001,ex_a3ddd8ac,라인 홉,OFI_SCORE,SYSTEMIC_MUSCULAR,,,43,1,MIGRATED_CURRENT_BEHAVIOR,ANALYSIS_CONTRACT_BASELINE_V1,,ex_a3ddd8ac,analysis_contract_baseline_v1.csv; identity inheritance per final closeout
OFI_02002,ex_a3ddd8ac,라인 홉,OFI_SNAPSHOT,SUMMARY,NORMAL,LOW,72,1,MIGRATED_CURRENT_BEHAVIOR,ANALYSIS_CONTRACT_BASELINE_V1,,ex_a3ddd8ac,analysis_contract_baseline_v1.csv; identity inheritance per final closeout
OFI_02003,ex_a4040be3,셔틀런,BADMINTON_FATIGUE_COST,HIGH,,,0,1,MIGRATED_CURRENT_BEHAVIOR,ANALYSIS_CONTRACT_BASELINE_V1,,ex_a4040be3,analysis_contract_baseline_v1.csv; identity inheritance per final closeout
OFI_02004,ex_a4040be3,셔틀런,OFI_AXIS,HIGH_FORCE_NEURAL,,MEDIUM,17.1875,1,MIGRATED_CURRENT_BEHAVIOR,ANALYSIS_CONTRACT_BASELINE_V1,,ex_a4040be3,analysis_contract_baseline_v1.csv; identity inheritance per final closeout
OFI_02005,ex_a4040be3,셔틀런,OFI_AXIS,HIGH_SPEED,,MEDIUM,85.9375,1,MIGRATED_CURRENT_BEHAVIOR,ANALYSIS_CONTRACT_BASELINE_V1,,ex_a4040be3,analysis_contract_baseline_v1.csv; identity inheritance per final closeout
OFI_02006,ex_a4040be3,셔틀런,OFI_AXIS,LOCAL_MUSCULAR,,MEDIUM,58.4375,1,MIGRATED_CURRENT_BEHAVIOR,ANALYSIS_CONTRACT_BASELINE_V1,,ex_a4040be3,analysis_contract_baseline_v1.csv; identity inheritance per final closeout
OFI_02007,ex_a4040be3,셔틀런,OFI_AXIS,REACTIVE,,MEDIUM,76.5,1,MIGRATED_CURRENT_BEHAVIOR,ANALYSIS_CONTRACT_BASELINE_V1,,ex_a4040be3,analysis_contract_baseline_v1.csv; identity inheritance per final closeout
OFI_02008,ex_a4040be3,셔틀런,OFI_AXIS,SYSTEMIC_MUSCULAR,,MEDIUM,53.125,1,MIGRATED_CURRENT_BEHAVIOR,ANALYSIS_CONTRACT_BASELINE_V1,,ex_a4040be3,analysis_contract_baseline_v1.csv; identity inheritance per final closeout
OFI_02009,ex_a4040be3,셔틀런,OFI_CAUTION,HIGH_SPEED_CAUTION,,,0,1,MIGRATED_CURRENT_BEHAVIOR,ANALYSIS_CONTRACT_BASELINE_V1,,ex_a4040be3,analysis_contract_baseline_v1.csv; identity inheritance per final closeout
OFI_02010,ex_a4040be3,셔틀런,OFI_DOSE,DISTANCE_OR_TIME,,THREE_CONFIRMED_SETS_20KG_8REPS_600SECONDS_RPE8,0,1,MIGRATED_CURRENT_BEHAVIOR,ANALYSIS_CONTRACT_BASELINE_V1,,ex_a4040be3,analysis_contract_baseline_v1.csv; identity inheritance per final closeout
OFI_02011,ex_a4040be3,셔틀런,OFI_GROUP,BADMINTON_COURT_FOOTWORK,,LOCAL_REPEAT_DETECTION,0,1,MIGRATED_CURRENT_BEHAVIOR,ANALYSIS_CONTRACT_BASELINE_V1,,ex_a4040be3,analysis_contract_baseline_v1.csv; identity inheritance per final closeout
OFI_02012,ex_a4040be3,셔틀런,OFI_GROUP,NOT_APPLICABLE,,STRENGTH_COMPARISON,0,1,MIGRATED_CURRENT_BEHAVIOR,ANALYSIS_CONTRACT_BASELINE_V1,,ex_a4040be3,analysis_contract_baseline_v1.csv; identity inheritance per final closeout
OFI_02013,ex_a4040be3,셔틀런,OFI_GROUP,NOT_APPLICABLE,,WORKLOAD_BASELINE,0,1,MIGRATED_CURRENT_BEHAVIOR,ANALYSIS_CONTRACT_BASELINE_V1,,ex_a4040be3,analysis_contract_baseline_v1.csv; identity inheritance per final closeout
OFI_02014,ex_a4040be3,셔틀런,OFI_SCORE,HIGH_FORCE_NEURAL,,,21,1,MIGRATED_CURRENT_BEHAVIOR,ANALYSIS_CONTRACT_BASELINE_V1,,ex_a4040be3,analysis_contract_baseline_v1.csv; identity inheritance per final closeout
OFI_02015,ex_a4040be3,셔틀런,OFI_SCORE,HIGH_SPEED,,,100,1,MIGRATED_CURRENT_BEHAVIOR,ANALYSIS_CONTRACT_BASELINE_V1,,ex_a4040be3,analysis_contract_baseline_v1.csv; identity inheritance per final closeout
OFI_02016,ex_a4040be3,셔틀런,OFI_SCORE,LOCAL_MUSCULAR,,,73,1,MIGRATED_CURRENT_BEHAVIOR,ANALYSIS_CONTRACT_BASELINE_V1,,ex_a4040be3,analysis_contract_baseline_v1.csv; identity inheritance per final closeout
OFI_02017,ex_a4040be3,셔틀런,OFI_SCORE,REACTIVE,,,96,1,MIGRATED_CURRENT_BEHAVIOR,ANALYSIS_CONTRACT_BASELINE_V1,,ex_a4040be3,analysis_contract_baseline_v1.csv; identity inheritance per final closeout
OFI_02018,ex_a4040be3,셔틀런,OFI_SCORE,SYSTEMIC_MUSCULAR,,,66,1,MIGRATED_CURRENT_BEHAVIOR,ANALYSIS_CONTRACT_BASELINE_V1,,ex_a4040be3,analysis_contract_baseline_v1.csv; identity inheritance per final closeout
OFI_02019,ex_a4040be3,셔틀런,OFI_SNAPSHOT,SUMMARY,ELEVATED,LOW,83,1,MIGRATED_CURRENT_BEHAVIOR,ANALYSIS_CONTRACT_BASELINE_V1,,ex_a4040be3,analysis_contract_baseline_v1.csv; identity inheritance per final closeout
OFI_02020,ex_a412dd45,앙클링,BADMINTON_FATIGUE_COST,HIGH,,,0,1,MIGRATED_CURRENT_BEHAVIOR,ANALYSIS_CONTRACT_BASELINE_V1,,ex_a412dd45,analysis_contract_baseline_v1.csv; identity inheritance per final closeout
OFI_02021,ex_a412dd45,앙클링,OFI_AXIS,HIGH_FORCE_NEURAL,,MEDIUM,17.1875,1,MIGRATED_CURRENT_BEHAVIOR,ANALYSIS_CONTRACT_BASELINE_V1,,ex_a412dd45,analysis_contract_baseline_v1.csv; identity inheritance per final closeout
OFI_02022,ex_a412dd45,앙클링,OFI_AXIS,HIGH_SPEED,,MEDIUM,85.9375,1,MIGRATED_CURRENT_BEHAVIOR,ANALYSIS_CONTRACT_BASELINE_V1,,ex_a412dd45,analysis_contract_baseline_v1.csv; identity inheritance per final closeout
OFI_02023,ex_a412dd45,앙클링,OFI_AXIS,LOCAL_MUSCULAR,,MEDIUM,37.8125,1,MIGRATED_CURRENT_BEHAVIOR,ANALYSIS_CONTRACT_BASELINE_V1,,ex_a412dd45,analysis_contract_baseline_v1.csv; identity inheritance per final closeout
OFI_02024,ex_a412dd45,앙클링,OFI_AXIS,REACTIVE,,MEDIUM,15.625,1,MIGRATED_CURRENT_BEHAVIOR,ANALYSIS_CONTRACT_BASELINE_V1,,ex_a412dd45,analysis_contract_baseline_v1.csv; identity inheritance per final closeout
OFI_02025,ex_a412dd45,앙클링,OFI_AXIS,SYSTEMIC_MUSCULAR,,MEDIUM,34.375,1,MIGRATED_CURRENT_BEHAVIOR,ANALYSIS_CONTRACT_BASELINE_V1,,ex_a412dd45,analysis_contract_baseline_v1.csv; identity inheritance per final closeout
OFI_02026,ex_a412dd45,앙클링,OFI_CAUTION,HIGH_SPEED_CAUTION,,,0,1,MIGRATED_CURRENT_BEHAVIOR,ANALYSIS_CONTRACT_BASELINE_V1,,ex_a412dd45,analysis_contract_baseline_v1.csv; identity inheritance per final closeout
OFI_02027,ex_a412dd45,앙클링,OFI_DOSE,QUALITY_BASED,,THREE_CONFIRMED_SETS_20KG_8REPS_600SECONDS_RPE8,0,1,MIGRATED_CURRENT_BEHAVIOR,ANALYSIS_CONTRACT_BASELINE_V1,,ex_a412dd45,analysis_contract_baseline_v1.csv; identity inheritance per final closeout
OFI_02028,ex_a412dd45,앙클링,OFI_GROUP,NOT_APPLICABLE,,STRENGTH_COMPARISON,0,1,MIGRATED_CURRENT_BEHAVIOR,ANALYSIS_CONTRACT_BASELINE_V1,,ex_a412dd45,analysis_contract_baseline_v1.csv; identity inheritance per final closeout
OFI_02029,ex_a412dd45,앙클링,OFI_GROUP,NOT_APPLICABLE,,WORKLOAD_BASELINE,0,1,MIGRATED_CURRENT_BEHAVIOR,ANALYSIS_CONTRACT_BASELINE_V1,,ex_a412dd45,analysis_contract_baseline_v1.csv; identity inheritance per final closeout
OFI_02030,ex_a412dd45,앙클링,OFI_GROUP,RUNNING_MECHANICS_SUPPORT,,LOCAL_REPEAT_DETECTION,0,1,MIGRATED_CURRENT_BEHAVIOR,ANALYSIS_CONTRACT_BASELINE_V1,,ex_a412dd45,analysis_contract_baseline_v1.csv; identity inheritance per final closeout
OFI_02031,ex_a412dd45,앙클링,OFI_SCORE,HIGH_FORCE_NEURAL,,,21,1,MIGRATED_CURRENT_BEHAVIOR,ANALYSIS_CONTRACT_BASELINE_V1,,ex_a412dd45,analysis_contract_baseline_v1.csv; identity inheritance per final closeout
OFI_02032,ex_a412dd45,앙클링,OFI_SCORE,HIGH_SPEED,,,100,1,MIGRATED_CURRENT_BEHAVIOR,ANALYSIS_CONTRACT_BASELINE_V1,,ex_a412dd45,analysis_contract_baseline_v1.csv; identity inheritance per final closeout
OFI_02033,ex_a412dd45,앙클링,OFI_SCORE,LOCAL_MUSCULAR,,,47,1,MIGRATED_CURRENT_BEHAVIOR,ANALYSIS_CONTRACT_BASELINE_V1,,ex_a412dd45,analysis_contract_baseline_v1.csv; identity inheritance per final closeout
OFI_02034,ex_a412dd45,앙클링,OFI_SCORE,REACTIVE,,,20,1,MIGRATED_CURRENT_BEHAVIOR,ANALYSIS_CONTRACT_BASELINE_V1,,ex_a412dd45,analysis_contract_baseline_v1.csv; identity inheritance per final closeout
OFI_02035,ex_a412dd45,앙클링,OFI_SCORE,SYSTEMIC_MUSCULAR,,,43,1,MIGRATED_CURRENT_BEHAVIOR,ANALYSIS_CONTRACT_BASELINE_V1,,ex_a412dd45,analysis_contract_baseline_v1.csv; identity inheritance per final closeout
OFI_02036,ex_a412dd45,앙클링,OFI_SNAPSHOT,SUMMARY,NORMAL,LOW,68,1,MIGRATED_CURRENT_BEHAVIOR,ANALYSIS_CONTRACT_BASELINE_V1,,ex_a412dd45,analysis_contract_baseline_v1.csv; identity inheritance per final closeout
OFI_02037,ex_a4350c0f,콘 드릴,BADMINTON_FATIGUE_COST,HIGH,,,0,1,MIGRATED_CURRENT_BEHAVIOR,ANALYSIS_CONTRACT_BASELINE_V1,,ex_a4350c0f,analysis_contract_baseline_v1.csv; identity inheritance per final closeout
OFI_02038,ex_a4350c0f,콘 드릴,OFI_AXIS,HIGH_FORCE_NEURAL,,MEDIUM,17.1875,1,MIGRATED_CURRENT_BEHAVIOR,ANALYSIS_CONTRACT_BASELINE_V1,,ex_a4350c0f,analysis_contract_baseline_v1.csv; identity inheritance per final closeout
OFI_02039,ex_a4350c0f,콘 드릴,OFI_AXIS,HIGH_SPEED,,MEDIUM,85.9375,1,MIGRATED_CURRENT_BEHAVIOR,ANALYSIS_CONTRACT_BASELINE_V1,,ex_a4350c0f,analysis_contract_baseline_v1.csv; identity inheritance per final closeout
OFI_02040,ex_a4350c0f,콘 드릴,OFI_AXIS,LOCAL_MUSCULAR,,MEDIUM,58.4375,1,MIGRATED_CURRENT_BEHAVIOR,ANALYSIS_CONTRACT_BASELINE_V1,,ex_a4350c0f,analysis_contract_baseline_v1.csv; identity inheritance per final closeout
OFI_02041,ex_a4350c0f,콘 드릴,OFI_AXIS,REACTIVE,,MEDIUM,76.5,1,MIGRATED_CURRENT_BEHAVIOR,ANALYSIS_CONTRACT_BASELINE_V1,,ex_a4350c0f,analysis_contract_baseline_v1.csv; identity inheritance per final closeout
OFI_02042,ex_a4350c0f,콘 드릴,OFI_AXIS,SYSTEMIC_MUSCULAR,,MEDIUM,53.125,1,MIGRATED_CURRENT_BEHAVIOR,ANALYSIS_CONTRACT_BASELINE_V1,,ex_a4350c0f,analysis_contract_baseline_v1.csv; identity inheritance per final closeout
OFI_02043,ex_a4350c0f,콘 드릴,OFI_CAUTION,HIGH_SPEED_CAUTION,,,0,1,MIGRATED_CURRENT_BEHAVIOR,ANALYSIS_CONTRACT_BASELINE_V1,,ex_a4350c0f,analysis_contract_baseline_v1.csv; identity inheritance per final closeout
OFI_02044,ex_a4350c0f,콘 드릴,OFI_DOSE,DISTANCE_OR_TIME,,THREE_CONFIRMED_SETS_20KG_8REPS_600SECONDS_RPE8,0,1,MIGRATED_CURRENT_BEHAVIOR,ANALYSIS_CONTRACT_BASELINE_V1,,ex_a4350c0f,analysis_contract_baseline_v1.csv; identity inheritance per final closeout
OFI_02045,ex_a4350c0f,콘 드릴,OFI_GROUP,BADMINTON_COURT_FOOTWORK,,LOCAL_REPEAT_DETECTION,0,1,MIGRATED_CURRENT_BEHAVIOR,ANALYSIS_CONTRACT_BASELINE_V1,,ex_a4350c0f,analysis_contract_baseline_v1.csv; identity inheritance per final closeout
OFI_02046,ex_a4350c0f,콘 드릴,OFI_GROUP,NOT_APPLICABLE,,STRENGTH_COMPARISON,0,1,MIGRATED_CURRENT_BEHAVIOR,ANALYSIS_CONTRACT_BASELINE_V1,,ex_a4350c0f,analysis_contract_baseline_v1.csv; identity inheritance per final closeout
OFI_02047,ex_a4350c0f,콘 드릴,OFI_GROUP,NOT_APPLICABLE,,WORKLOAD_BASELINE,0,1,MIGRATED_CURRENT_BEHAVIOR,ANALYSIS_CONTRACT_BASELINE_V1,,ex_a4350c0f,analysis_contract_baseline_v1.csv; identity inheritance per final closeout
OFI_02048,ex_a4350c0f,콘 드릴,OFI_SCORE,HIGH_FORCE_NEURAL,,,21,1,MIGRATED_CURRENT_BEHAVIOR,ANALYSIS_CONTRACT_BASELINE_V1,,ex_a4350c0f,analysis_contract_baseline_v1.csv; identity inheritance per final closeout
OFI_02049,ex_a4350c0f,콘 드릴,OFI_SCORE,HIGH_SPEED,,,100,1,MIGRATED_CURRENT_BEHAVIOR,ANALYSIS_CONTRACT_BASELINE_V1,,ex_a4350c0f,analysis_contract_baseline_v1.csv; identity inheritance per final closeout
OFI_02050,ex_a4350c0f,콘 드릴,OFI_SCORE,LOCAL_MUSCULAR,,,73,1,MIGRATED_CURRENT_BEHAVIOR,ANALYSIS_CONTRACT_BASELINE_V1,,ex_a4350c0f,analysis_contract_baseline_v1.csv; identity inheritance per final closeout
OFI_02051,ex_a4350c0f,콘 드릴,OFI_SCORE,REACTIVE,,,96,1,MIGRATED_CURRENT_BEHAVIOR,ANALYSIS_CONTRACT_BASELINE_V1,,ex_a4350c0f,analysis_contract_baseline_v1.csv; identity inheritance per final closeout
OFI_02052,ex_a4350c0f,콘 드릴,OFI_SCORE,SYSTEMIC_MUSCULAR,,,66,1,MIGRATED_CURRENT_BEHAVIOR,ANALYSIS_CONTRACT_BASELINE_V1,,ex_a4350c0f,analysis_contract_baseline_v1.csv; identity inheritance per final closeout
OFI_02053,ex_a4350c0f,콘 드릴,OFI_SNAPSHOT,SUMMARY,ELEVATED,LOW,83,1,MIGRATED_CURRENT_BEHAVIOR,ANALYSIS_CONTRACT_BASELINE_V1,,ex_a4350c0f,analysis_contract_baseline_v1.csv; identity inheritance per final closeout
OFI_02054,ex_a44ae2ca,플랭크,BADMINTON_FATIGUE_COST,MEDIUM,,,0,1,MIGRATED_CURRENT_BEHAVIOR,ANALYSIS_CONTRACT_BASELINE_V1,,ex_a44ae2ca,analysis_contract_baseline_v1.csv; identity inheritance per final closeout
OFI_02055,ex_a44ae2ca,플랭크,OFI_AXIS,HIGH_FORCE_NEURAL,,SHORT,17.1875,1,MIGRATED_CURRENT_BEHAVIOR,ANALYSIS_CONTRACT_BASELINE_V1,,ex_a44ae2ca,analysis_contract_baseline_v1.csv; identity inheritance per final closeout
OFI_02056,ex_a44ae2ca,플랭크,OFI_AXIS,HIGH_SPEED,,SHORT,17.1875,1,MIGRATED_CURRENT_BEHAVIOR,ANALYSIS_CONTRACT_BASELINE_V1,,ex_a44ae2ca,analysis_contract_baseline_v1.csv; identity inheritance per final closeout
OFI_02057,ex_a44ae2ca,플랭크,OFI_AXIS,LOCAL_MUSCULAR,,SHORT,37.8125,1,MIGRATED_CURRENT_BEHAVIOR,ANALYSIS_CONTRACT_BASELINE_V1,,ex_a44ae2ca,analysis_contract_baseline_v1.csv; identity inheritance per final closeout
OFI_02058,ex_a44ae2ca,플랭크,OFI_AXIS,REACTIVE,,SHORT,63.75,1,MIGRATED_CURRENT_BEHAVIOR,ANALYSIS_CONTRACT_BASELINE_V1,,ex_a44ae2ca,analysis_contract_baseline_v1.csv; identity inheritance per final closeout
OFI_02059,ex_a44ae2ca,플랭크,OFI_AXIS,SYSTEMIC_MUSCULAR,,SHORT,13.28125,1,MIGRATED_CURRENT_BEHAVIOR,ANALYSIS_CONTRACT_BASELINE_V1,,ex_a44ae2ca,analysis_contract_baseline_v1.csv; identity inheritance per final closeout
OFI_02060,ex_a44ae2ca,플랭크,OFI_DOSE,REPS_OR_TIME,,THREE_CONFIRMED_SETS_20KG_8REPS_600SECONDS_RPE8,0,1,MIGRATED_CURRENT_BEHAVIOR,ANALYSIS_CONTRACT_BASELINE_V1,,ex_a44ae2ca,analysis_contract_baseline_v1.csv; identity inheritance per final closeout
OFI_02061,ex_a44ae2ca,플랭크,OFI_GROUP,CORE_BRACING_CONTROL,,LOCAL_REPEAT_DETECTION,0,1,MIGRATED_CURRENT_BEHAVIOR,ANALYSIS_CONTRACT_BASELINE_V1,,ex_a44ae2ca,analysis_contract_baseline_v1.csv; identity inheritance per final closeout
OFI_02062,ex_a44ae2ca,플랭크,OFI_GROUP,CORE_BRACING_CONTROL,,STRENGTH_COMPARISON,0,1,MIGRATED_CURRENT_BEHAVIOR,ANALYSIS_CONTRACT_BASELINE_V1,,ex_a44ae2ca,analysis_contract_baseline_v1.csv; identity inheritance per final closeout
OFI_02063,ex_a44ae2ca,플랭크,OFI_GROUP,CORE_BRACING_CONTROL,,WORKLOAD_BASELINE,0,1,MIGRATED_CURRENT_BEHAVIOR,ANALYSIS_CONTRACT_BASELINE_V1,,ex_a44ae2ca,analysis_contract_baseline_v1.csv; identity inheritance per final closeout
OFI_02064,ex_a44ae2ca,플랭크,OFI_SCORE,HIGH_FORCE_NEURAL,,,21,1,MIGRATED_CURRENT_BEHAVIOR,ANALYSIS_CONTRACT_BASELINE_V1,,ex_a44ae2ca,analysis_contract_baseline_v1.csv; identity inheritance per final closeout
OFI_02065,ex_a44ae2ca,플랭크,OFI_SCORE,HIGH_SPEED,,,21,1,MIGRATED_CURRENT_BEHAVIOR,ANALYSIS_CONTRACT_BASELINE_V1,,ex_a44ae2ca,analysis_contract_baseline_v1.csv; identity inheritance per final closeout
OFI_02066,ex_a44ae2ca,플랭크,OFI_SCORE,LOCAL_MUSCULAR,,,47,1,MIGRATED_CURRENT_BEHAVIOR,ANALYSIS_CONTRACT_BASELINE_V1,,ex_a44ae2ca,analysis_contract_baseline_v1.csv; identity inheritance per final closeout
OFI_02067,ex_a44ae2ca,플랭크,OFI_SCORE,REACTIVE,,,80,1,MIGRATED_CURRENT_BEHAVIOR,ANALYSIS_CONTRACT_BASELINE_V1,,ex_a44ae2ca,analysis_contract_baseline_v1.csv; identity inheritance per final closeout
OFI_02068,ex_a44ae2ca,플랭크,OFI_SCORE,SYSTEMIC_MUSCULAR,,,17,1,MIGRATED_CURRENT_BEHAVIOR,ANALYSIS_CONTRACT_BASELINE_V1,,ex_a44ae2ca,analysis_contract_baseline_v1.csv; identity inheritance per final closeout
OFI_02069,ex_a44ae2ca,플랭크,OFI_SNAPSHOT,SUMMARY,NORMAL,LOW,57,1,MIGRATED_CURRENT_BEHAVIOR,ANALYSIS_CONTRACT_BASELINE_V1,,ex_a44ae2ca,analysis_contract_baseline_v1.csv; identity inheritance per final closeout
OFI_02070,ex_a60496be,원암 리어델트 케이블 플라이,BADMINTON_FATIGUE_COST,MEDIUM,,,0,1,MIGRATED_CURRENT_BEHAVIOR,ANALYSIS_CONTRACT_BASELINE_V1,,ex_a60496be,analysis_contract_baseline_v1.csv; identity inheritance per final closeout
OFI_02071,ex_a60496be,원암 리어델트 케이블 플라이,OFI_AXIS,HIGH_FORCE_NEURAL,,SHORT,17.1875,1,MIGRATED_CURRENT_BEHAVIOR,ANALYSIS_CONTRACT_BASELINE_V1,,ex_a60496be,analysis_contract_baseline_v1.csv; identity inheritance per final closeout
OFI_02072,ex_a60496be,원암 리어델트 케이블 플라이,OFI_AXIS,HIGH_SPEED,,SHORT,17.1875,1,MIGRATED_CURRENT_BEHAVIOR,ANALYSIS_CONTRACT_BASELINE_V1,,ex_a60496be,analysis_contract_baseline_v1.csv; identity inheritance per final closeout
OFI_02073,ex_a60496be,원암 리어델트 케이블 플라이,OFI_AXIS,LOCAL_MUSCULAR,,SHORT,58.4375,1,MIGRATED_CURRENT_BEHAVIOR,ANALYSIS_CONTRACT_BASELINE_V1,,ex_a60496be,analysis_contract_baseline_v1.csv; identity inheritance per final closeout
OFI_02074,ex_a60496be,원암 리어델트 케이블 플라이,OFI_AXIS,REACTIVE,,SHORT,15.625,1,MIGRATED_CURRENT_BEHAVIOR,ANALYSIS_CONTRACT_BASELINE_V1,,ex_a60496be,analysis_contract_baseline_v1.csv; identity inheritance per final closeout
OFI_02075,ex_a60496be,원암 리어델트 케이블 플라이,OFI_AXIS,SYSTEMIC_MUSCULAR,,SHORT,13.28125,1,MIGRATED_CURRENT_BEHAVIOR,ANALYSIS_CONTRACT_BASELINE_V1,,ex_a60496be,analysis_contract_baseline_v1.csv; identity inheritance per final closeout
OFI_02076,ex_a60496be,원암 리어델트 케이블 플라이,OFI_DOSE,VOLUME_LOAD,,THREE_CONFIRMED_SETS_20KG_8REPS_600SECONDS_RPE8,0,1,MIGRATED_CURRENT_BEHAVIOR,ANALYSIS_CONTRACT_BASELINE_V1,,ex_a60496be,analysis_contract_baseline_v1.csv; identity inheritance per final closeout
OFI_02077,ex_a60496be,원암 리어델트 케이블 플라이,OFI_GROUP,POSTERIOR_DELTOID_HORIZONTAL_ABDUCTION,,LOCAL_REPEAT_DETECTION,0,1,MIGRATED_CURRENT_BEHAVIOR,ANALYSIS_CONTRACT_BASELINE_V1,,ex_a60496be,analysis_contract_baseline_v1.csv; identity inheritance per final closeout
OFI_02078,ex_a60496be,원암 리어델트 케이블 플라이,OFI_GROUP,POSTERIOR_DELTOID_HORIZONTAL_ABDUCTION,,STRENGTH_COMPARISON,0,1,MIGRATED_CURRENT_BEHAVIOR,ANALYSIS_CONTRACT_BASELINE_V1,,ex_a60496be,analysis_contract_baseline_v1.csv; identity inheritance per final closeout
OFI_02079,ex_a60496be,원암 리어델트 케이블 플라이,OFI_GROUP,POSTERIOR_DELTOID_HORIZONTAL_ABDUCTION,,WORKLOAD_BASELINE,0,1,MIGRATED_CURRENT_BEHAVIOR,ANALYSIS_CONTRACT_BASELINE_V1,,ex_a60496be,analysis_contract_baseline_v1.csv; identity inheritance per final closeout
OFI_02080,ex_a60496be,원암 리어델트 케이블 플라이,OFI_SCORE,HIGH_FORCE_NEURAL,,,21,1,MIGRATED_CURRENT_BEHAVIOR,ANALYSIS_CONTRACT_BASELINE_V1,,ex_a60496be,analysis_contract_baseline_v1.csv; identity inheritance per final closeout
OFI_02081,ex_a60496be,원암 리어델트 케이블 플라이,OFI_SCORE,HIGH_SPEED,,,21,1,MIGRATED_CURRENT_BEHAVIOR,ANALYSIS_CONTRACT_BASELINE_V1,,ex_a60496be,analysis_contract_baseline_v1.csv; identity inheritance per final closeout
OFI_02082,ex_a60496be,원암 리어델트 케이블 플라이,OFI_SCORE,LOCAL_MUSCULAR,,,73,1,MIGRATED_CURRENT_BEHAVIOR,ANALYSIS_CONTRACT_BASELINE_V1,,ex_a60496be,analysis_contract_baseline_v1.csv; identity inheritance per final closeout
OFI_02083,ex_a60496be,원암 리어델트 케이블 플라이,OFI_SCORE,REACTIVE,,,20,1,MIGRATED_CURRENT_BEHAVIOR,ANALYSIS_CONTRACT_BASELINE_V1,,ex_a60496be,analysis_contract_baseline_v1.csv; identity inheritance per final closeout
OFI_02084,ex_a60496be,원암 리어델트 케이블 플라이,OFI_SCORE,SYSTEMIC_MUSCULAR,,,17,1,MIGRATED_CURRENT_BEHAVIOR,ANALYSIS_CONTRACT_BASELINE_V1,,ex_a60496be,analysis_contract_baseline_v1.csv; identity inheritance per final closeout
OFI_02085,ex_a60496be,원암 리어델트 케이블 플라이,OFI_SNAPSHOT,SUMMARY,LOW,LOW,39,1,MIGRATED_CURRENT_BEHAVIOR,ANALYSIS_CONTRACT_BASELINE_V1,,ex_a60496be,analysis_contract_baseline_v1.csv; identity inheritance per final closeout
OFI_02086,ex_a611010d,코사크 스쿼트,BADMINTON_FATIGUE_COST,VERY_HIGH,,,0,1,MIGRATED_CURRENT_BEHAVIOR,ANALYSIS_CONTRACT_BASELINE_V1,,ex_a611010d,analysis_contract_baseline_v1.csv; identity inheritance per final closeout
OFI_02087,ex_a611010d,코사크 스쿼트,OFI_AXIS,HIGH_FORCE_NEURAL,,MEDIUM,17.1875,1,MIGRATED_CURRENT_BEHAVIOR,ANALYSIS_CONTRACT_BASELINE_V1,,ex_a611010d,analysis_contract_baseline_v1.csv; identity inheritance per final closeout
OFI_02088,ex_a611010d,코사크 스쿼트,OFI_AXIS,HIGH_SPEED,,MEDIUM,70.125,1,MIGRATED_CURRENT_BEHAVIOR,ANALYSIS_CONTRACT_BASELINE_V1,,ex_a611010d,analysis_contract_baseline_v1.csv; identity inheritance per final closeout
OFI_02089,ex_a611010d,코사크 스쿼트,OFI_AXIS,LOCAL_MUSCULAR,,MEDIUM,58.4375,1,MIGRATED_CURRENT_BEHAVIOR,ANALYSIS_CONTRACT_BASELINE_V1,,ex_a611010d,analysis_contract_baseline_v1.csv; identity inheritance per final closeout
OFI_02090,ex_a611010d,코사크 스쿼트,OFI_AXIS,REACTIVE,,MEDIUM,63.75,1,MIGRATED_CURRENT_BEHAVIOR,ANALYSIS_CONTRACT_BASELINE_V1,,ex_a611010d,analysis_contract_baseline_v1.csv; identity inheritance per final closeout
OFI_02091,ex_a611010d,코사크 스쿼트,OFI_AXIS,SYSTEMIC_MUSCULAR,,MEDIUM,29.21875,1,MIGRATED_CURRENT_BEHAVIOR,ANALYSIS_CONTRACT_BASELINE_V1,,ex_a611010d,analysis_contract_baseline_v1.csv; identity inheritance per final closeout
OFI_02092,ex_a611010d,코사크 스쿼트,OFI_DOSE,VOLUME_LOAD,,THREE_CONFIRMED_SETS_20KG_8REPS_600SECONDS_RPE8,0,1,MIGRATED_CURRENT_BEHAVIOR,ANALYSIS_CONTRACT_BASELINE_V1,,ex_a611010d,analysis_contract_baseline_v1.csv; identity inheritance per final closeout
OFI_02093,ex_a611010d,코사크 스쿼트,OFI_GROUP,FRONTAL_PLANE_SQUAT_ACCESSORY,,LOCAL_REPEAT_DETECTION,0,1,MIGRATED_CURRENT_BEHAVIOR,ANALYSIS_CONTRACT_BASELINE_V1,,ex_a611010d,analysis_contract_baseline_v1.csv; identity inheritance per final closeout
OFI_02094,ex_a611010d,코사크 스쿼트,OFI_GROUP,FRONTAL_PLANE_SQUAT_ACCESSORY,,STRENGTH_COMPARISON,0,1,MIGRATED_CURRENT_BEHAVIOR,ANALYSIS_CONTRACT_BASELINE_V1,,ex_a611010d,analysis_contract_baseline_v1.csv; identity inheritance per final closeout
OFI_02095,ex_a611010d,코사크 스쿼트,OFI_GROUP,FRONTAL_PLANE_SQUAT_ACCESSORY,,WORKLOAD_BASELINE,0,1,MIGRATED_CURRENT_BEHAVIOR,ANALYSIS_CONTRACT_BASELINE_V1,,ex_a611010d,analysis_contract_baseline_v1.csv; identity inheritance per final closeout
OFI_02096,ex_a611010d,코사크 스쿼트,OFI_SCORE,HIGH_FORCE_NEURAL,,,21,1,MIGRATED_CURRENT_BEHAVIOR,ANALYSIS_CONTRACT_BASELINE_V1,,ex_a611010d,analysis_contract_baseline_v1.csv; identity inheritance per final closeout
OFI_02097,ex_a611010d,코사크 스쿼트,OFI_SCORE,HIGH_SPEED,,,88,1,MIGRATED_CURRENT_BEHAVIOR,ANALYSIS_CONTRACT_BASELINE_V1,,ex_a611010d,analysis_contract_baseline_v1.csv; identity inheritance per final closeout
OFI_02098,ex_a611010d,코사크 스쿼트,OFI_SCORE,LOCAL_MUSCULAR,,,73,1,MIGRATED_CURRENT_BEHAVIOR,ANALYSIS_CONTRACT_BASELINE_V1,,ex_a611010d,analysis_contract_baseline_v1.csv; identity inheritance per final closeout
OFI_02099,ex_a611010d,코사크 스쿼트,OFI_SCORE,REACTIVE,,,80,1,MIGRATED_CURRENT_BEHAVIOR,ANALYSIS_CONTRACT_BASELINE_V1,,ex_a611010d,analysis_contract_baseline_v1.csv; identity inheritance per final closeout
OFI_02100,ex_a611010d,코사크 스쿼트,OFI_SCORE,SYSTEMIC_MUSCULAR,,,37,1,MIGRATED_CURRENT_BEHAVIOR,ANALYSIS_CONTRACT_BASELINE_V1,,ex_a611010d,analysis_contract_baseline_v1.csv; identity inheritance per final closeout
OFI_02101,ex_a611010d,코사크 스쿼트,OFI_SNAPSHOT,SUMMARY,NORMAL,LOW,74,1,MIGRATED_CURRENT_BEHAVIOR,ANALYSIS_CONTRACT_BASELINE_V1,,ex_a611010d,analysis_contract_baseline_v1.csv; identity inheritance per final closeout
OFI_02102,ex_a61f1e96,인클라인 덤벨 프레스,BADMINTON_FATIGUE_COST,MEDIUM,,,0,1,MIGRATED_CURRENT_BEHAVIOR,ANALYSIS_CONTRACT_BASELINE_V1,,ex_a61f1e96,analysis_contract_baseline_v1.csv; identity inheritance per final closeout
OFI_02103,ex_a61f1e96,인클라인 덤벨 프레스,OFI_AXIS,HIGH_FORCE_NEURAL,,MEDIUM,37.8125,1,MIGRATED_CURRENT_BEHAVIOR,ANALYSIS_CONTRACT_BASELINE_V1,,ex_a61f1e96,analysis_contract_baseline_v1.csv; identity inheritance per final closeout
OFI_02104,ex_a61f1e96,인클라인 덤벨 프레스,OFI_AXIS,HIGH_SPEED,,MEDIUM,17.1875,1,MIGRATED_CURRENT_BEHAVIOR,ANALYSIS_CONTRACT_BASELINE_V1,,ex_a61f1e96,analysis_contract_baseline_v1.csv; identity inheritance per final closeout
OFI_02105,ex_a61f1e96,인클라인 덤벨 프레스,OFI_AXIS,LOCAL_MUSCULAR,,MEDIUM,58.4375,1,MIGRATED_CURRENT_BEHAVIOR,ANALYSIS_CONTRACT_BASELINE_V1,,ex_a61f1e96,analysis_contract_baseline_v1.csv; identity inheritance per final closeout
OFI_02106,ex_a61f1e96,인클라인 덤벨 프레스,OFI_AXIS,REACTIVE,,MEDIUM,15.625,1,MIGRATED_CURRENT_BEHAVIOR,ANALYSIS_CONTRACT_BASELINE_V1,,ex_a61f1e96,analysis_contract_baseline_v1.csv; identity inheritance per final closeout
OFI_02107,ex_a61f1e96,인클라인 덤벨 프레스,OFI_AXIS,SYSTEMIC_MUSCULAR,,MEDIUM,29.21875,1,MIGRATED_CURRENT_BEHAVIOR,ANALYSIS_CONTRACT_BASELINE_V1,,ex_a61f1e96,analysis_contract_baseline_v1.csv; identity inheritance per final closeout
OFI_02108,ex_a61f1e96,인클라인 덤벨 프레스,OFI_DOSE,LOAD_REPS,,THREE_CONFIRMED_SETS_20KG_8REPS_600SECONDS_RPE8,0,1,MIGRATED_CURRENT_BEHAVIOR,ANALYSIS_CONTRACT_BASELINE_V1,,ex_a61f1e96,analysis_contract_baseline_v1.csv; identity inheritance per final closeout
OFI_02109,ex_a61f1e96,인클라인 덤벨 프레스,OFI_GROUP,HORIZONTAL_PUSH_COMPOUND,,LOCAL_REPEAT_DETECTION,0,1,MIGRATED_CURRENT_BEHAVIOR,ANALYSIS_CONTRACT_BASELINE_V1,,ex_a61f1e96,analysis_contract_baseline_v1.csv; identity inheritance per final closeout
OFI_02110,ex_a61f1e96,인클라인 덤벨 프레스,OFI_GROUP,HORIZONTAL_PUSH_COMPOUND,,STRENGTH_COMPARISON,0,1,MIGRATED_CURRENT_BEHAVIOR,ANALYSIS_CONTRACT_BASELINE_V1,,ex_a61f1e96,analysis_contract_baseline_v1.csv; identity inheritance per final closeout
OFI_02111,ex_a61f1e96,인클라인 덤벨 프레스,OFI_GROUP,HORIZONTAL_PUSH_COMPOUND,,WORKLOAD_BASELINE,0,1,MIGRATED_CURRENT_BEHAVIOR,ANALYSIS_CONTRACT_BASELINE_V1,,ex_a61f1e96,analysis_contract_baseline_v1.csv; identity inheritance per final closeout
OFI_02112,ex_a61f1e96,인클라인 덤벨 프레스,OFI_SCORE,HIGH_FORCE_NEURAL,,,47,1,MIGRATED_CURRENT_BEHAVIOR,ANALYSIS_CONTRACT_BASELINE_V1,,ex_a61f1e96,analysis_contract_baseline_v1.csv; identity inheritance per final closeout
OFI_02113,ex_a61f1e96,인클라인 덤벨 프레스,OFI_SCORE,HIGH_SPEED,,,21,1,MIGRATED_CURRENT_BEHAVIOR,ANALYSIS_CONTRACT_BASELINE_V1,,ex_a61f1e96,analysis_contract_baseline_v1.csv; identity inheritance per final closeout
OFI_02114,ex_a61f1e96,인클라인 덤벨 프레스,OFI_SCORE,LOCAL_MUSCULAR,,,73,1,MIGRATED_CURRENT_BEHAVIOR,ANALYSIS_CONTRACT_BASELINE_V1,,ex_a61f1e96,analysis_contract_baseline_v1.csv; identity inheritance per final closeout
OFI_02115,ex_a61f1e96,인클라인 덤벨 프레스,OFI_SCORE,REACTIVE,,,20,1,MIGRATED_CURRENT_BEHAVIOR,ANALYSIS_CONTRACT_BASELINE_V1,,ex_a61f1e96,analysis_contract_baseline_v1.csv; identity inheritance per final closeout
OFI_02116,ex_a61f1e96,인클라인 덤벨 프레스,OFI_SCORE,SYSTEMIC_MUSCULAR,,,37,1,MIGRATED_CURRENT_BEHAVIOR,ANALYSIS_CONTRACT_BASELINE_V1,,ex_a61f1e96,analysis_contract_baseline_v1.csv; identity inheritance per final closeout
OFI_02117,ex_a61f1e96,인클라인 덤벨 프레스,OFI_SNAPSHOT,SUMMARY,NORMAL,LOW,43,1,MIGRATED_CURRENT_BEHAVIOR,ANALYSIS_CONTRACT_BASELINE_V1,,ex_a61f1e96,analysis_contract_baseline_v1.csv; identity inheritance per final closeout
OFI_02118,ex_a61f307a,인클라인 덤벨 플라이,BADMINTON_FATIGUE_COST,LOW,,,0,1,MIGRATED_CURRENT_BEHAVIOR,ANALYSIS_CONTRACT_BASELINE_V1,,ex_a61f307a,analysis_contract_baseline_v1.csv; identity inheritance per final closeout
OFI_02119,ex_a61f307a,인클라인 덤벨 플라이,OFI_AXIS,HIGH_FORCE_NEURAL,,SHORT,17.1875,1,MIGRATED_CURRENT_BEHAVIOR,ANALYSIS_CONTRACT_BASELINE_V1,,ex_a61f307a,analysis_contract_baseline_v1.csv; identity inheritance per final closeout
OFI_02120,ex_a61f307a,인클라인 덤벨 플라이,OFI_AXIS,HIGH_SPEED,,SHORT,17.1875,1,MIGRATED_CURRENT_BEHAVIOR,ANALYSIS_CONTRACT_BASELINE_V1,,ex_a61f307a,analysis_contract_baseline_v1.csv; identity inheritance per final closeout
OFI_02121,ex_a61f307a,인클라인 덤벨 플라이,OFI_AXIS,LOCAL_MUSCULAR,,SHORT,58.4375,1,MIGRATED_CURRENT_BEHAVIOR,ANALYSIS_CONTRACT_BASELINE_V1,,ex_a61f307a,analysis_contract_baseline_v1.csv; identity inheritance per final closeout
OFI_02122,ex_a61f307a,인클라인 덤벨 플라이,OFI_AXIS,REACTIVE,,SHORT,15.625,1,MIGRATED_CURRENT_BEHAVIOR,ANALYSIS_CONTRACT_BASELINE_V1,,ex_a61f307a,analysis_contract_baseline_v1.csv; identity inheritance per final closeout
OFI_02123,ex_a61f307a,인클라인 덤벨 플라이,OFI_AXIS,SYSTEMIC_MUSCULAR,,SHORT,10.9375,1,MIGRATED_CURRENT_BEHAVIOR,ANALYSIS_CONTRACT_BASELINE_V1,,ex_a61f307a,analysis_contract_baseline_v1.csv; identity inheritance per final closeout
OFI_02124,ex_a61f307a,인클라인 덤벨 플라이,OFI_DOSE,LOAD_REPS,,THREE_CONFIRMED_SETS_20KG_8REPS_600SECONDS_RPE8,0,1,MIGRATED_CURRENT_BEHAVIOR,ANALYSIS_CONTRACT_BASELINE_V1,,ex_a61f307a,analysis_contract_baseline_v1.csv; identity inheritance per final closeout
OFI_02125,ex_a61f307a,인클라인 덤벨 플라이,OFI_GROUP,CHEST_FLY_ISOLATION,,LOCAL_REPEAT_DETECTION,0,1,MIGRATED_CURRENT_BEHAVIOR,ANALYSIS_CONTRACT_BASELINE_V1,,ex_a61f307a,analysis_contract_baseline_v1.csv; identity inheritance per final closeout
OFI_02126,ex_a61f307a,인클라인 덤벨 플라이,OFI_GROUP,CHEST_FLY_ISOLATION,,STRENGTH_COMPARISON,0,1,MIGRATED_CURRENT_BEHAVIOR,ANALYSIS_CONTRACT_BASELINE_V1,,ex_a61f307a,analysis_contract_baseline_v1.csv; identity inheritance per final closeout
OFI_02127,ex_a61f307a,인클라인 덤벨 플라이,OFI_GROUP,CHEST_FLY_ISOLATION,,WORKLOAD_BASELINE,0,1,MIGRATED_CURRENT_BEHAVIOR,ANALYSIS_CONTRACT_BASELINE_V1,,ex_a61f307a,analysis_contract_baseline_v1.csv; identity inheritance per final closeout
OFI_02128,ex_a61f307a,인클라인 덤벨 플라이,OFI_SCORE,HIGH_FORCE_NEURAL,,,21,1,MIGRATED_CURRENT_BEHAVIOR,ANALYSIS_CONTRACT_BASELINE_V1,,ex_a61f307a,analysis_contract_baseline_v1.csv; identity inheritance per final closeout
OFI_02129,ex_a61f307a,인클라인 덤벨 플라이,OFI_SCORE,HIGH_SPEED,,,21,1,MIGRATED_CURRENT_BEHAVIOR,ANALYSIS_CONTRACT_BASELINE_V1,,ex_a61f307a,analysis_contract_baseline_v1.csv; identity inheritance per final closeout
OFI_02130,ex_a61f307a,인클라인 덤벨 플라이,OFI_SCORE,LOCAL_MUSCULAR,,,73,1,MIGRATED_CURRENT_BEHAVIOR,ANALYSIS_CONTRACT_BASELINE_V1,,ex_a61f307a,analysis_contract_baseline_v1.csv; identity inheritance per final closeout
OFI_02131,ex_a61f307a,인클라인 덤벨 플라이,OFI_SCORE,REACTIVE,,,20,1,MIGRATED_CURRENT_BEHAVIOR,ANALYSIS_CONTRACT_BASELINE_V1,,ex_a61f307a,analysis_contract_baseline_v1.csv; identity inheritance per final closeout
OFI_02132,ex_a61f307a,인클라인 덤벨 플라이,OFI_SCORE,SYSTEMIC_MUSCULAR,,,14,1,MIGRATED_CURRENT_BEHAVIOR,ANALYSIS_CONTRACT_BASELINE_V1,,ex_a61f307a,analysis_contract_baseline_v1.csv; identity inheritance per final closeout
OFI_02133,ex_a61f307a,인클라인 덤벨 플라이,OFI_SNAPSHOT,SUMMARY,LOW,LOW,39,1,MIGRATED_CURRENT_BEHAVIOR,ANALYSIS_CONTRACT_BASELINE_V1,,ex_a61f307a,analysis_contract_baseline_v1.csv; identity inheritance per final closeout
OFI_02134,ex_a76f20b6,시티드 원암 케이블 로우,BADMINTON_FATIGUE_COST,HIGH,,,0,1,MIGRATED_CURRENT_BEHAVIOR,ANALYSIS_CONTRACT_BASELINE_V1,,ex_a76f20b6,analysis_contract_baseline_v1.csv; identity inheritance per final closeout
OFI_02135,ex_a76f20b6,시티드 원암 케이블 로우,OFI_AXIS,HIGH_FORCE_NEURAL,,MEDIUM,37.8125,1,MIGRATED_CURRENT_BEHAVIOR,ANALYSIS_CONTRACT_BASELINE_V1,,ex_a76f20b6,analysis_contract_baseline_v1.csv; identity inheritance per final closeout
OFI_02136,ex_a76f20b6,시티드 원암 케이블 로우,OFI_AXIS,HIGH_SPEED,,MEDIUM,17.1875,1,MIGRATED_CURRENT_BEHAVIOR,ANALYSIS_CONTRACT_BASELINE_V1,,ex_a76f20b6,analysis_contract_baseline_v1.csv; identity inheritance per final closeout
OFI_02137,ex_a76f20b6,시티드 원암 케이블 로우,OFI_AXIS,LOCAL_MUSCULAR,,MEDIUM,58.4375,1,MIGRATED_CURRENT_BEHAVIOR,ANALYSIS_CONTRACT_BASELINE_V1,,ex_a76f20b6,analysis_contract_baseline_v1.csv; identity inheritance per final closeout
OFI_02138,ex_a76f20b6,시티드 원암 케이블 로우,OFI_AXIS,REACTIVE,,MEDIUM,15.625,1,MIGRATED_CURRENT_BEHAVIOR,ANALYSIS_CONTRACT_BASELINE_V1,,ex_a76f20b6,analysis_contract_baseline_v1.csv; identity inheritance per final closeout
OFI_02139,ex_a76f20b6,시티드 원암 케이블 로우,OFI_AXIS,SYSTEMIC_MUSCULAR,,MEDIUM,34.375,1,MIGRATED_CURRENT_BEHAVIOR,ANALYSIS_CONTRACT_BASELINE_V1,,ex_a76f20b6,analysis_contract_baseline_v1.csv; identity inheritance per final closeout
OFI_02140,ex_a76f20b6,시티드 원암 케이블 로우,OFI_DOSE,VOLUME_LOAD,,THREE_CONFIRMED_SETS_20KG_8REPS_600SECONDS_RPE8,0,1,MIGRATED_CURRENT_BEHAVIOR,ANALYSIS_CONTRACT_BASELINE_V1,,ex_a76f20b6,analysis_contract_baseline_v1.csv; identity inheritance per final closeout
OFI_02141,ex_a76f20b6,시티드 원암 케이블 로우,OFI_GROUP,HORIZONTAL_PULL_COMPOUND,,LOCAL_REPEAT_DETECTION,0,1,MIGRATED_CURRENT_BEHAVIOR,ANALYSIS_CONTRACT_BASELINE_V1,,ex_a76f20b6,analysis_contract_baseline_v1.csv; identity inheritance per final closeout
OFI_02142,ex_a76f20b6,시티드 원암 케이블 로우,OFI_GROUP,HORIZONTAL_PULL_COMPOUND,,STRENGTH_COMPARISON,0,1,MIGRATED_CURRENT_BEHAVIOR,ANALYSIS_CONTRACT_BASELINE_V1,,ex_a76f20b6,analysis_contract_baseline_v1.csv; identity inheritance per final closeout
OFI_02143,ex_a76f20b6,시티드 원암 케이블 로우,OFI_GROUP,HORIZONTAL_PULL_COMPOUND,,WORKLOAD_BASELINE,0,1,MIGRATED_CURRENT_BEHAVIOR,ANALYSIS_CONTRACT_BASELINE_V1,,ex_a76f20b6,analysis_contract_baseline_v1.csv; identity inheritance per final closeout
OFI_02144,ex_a76f20b6,시티드 원암 케이블 로우,OFI_SCORE,HIGH_FORCE_NEURAL,,,47,1,MIGRATED_CURRENT_BEHAVIOR,ANALYSIS_CONTRACT_BASELINE_V1,,ex_a76f20b6,analysis_contract_baseline_v1.csv; identity inheritance per final closeout
OFI_02145,ex_a76f20b6,시티드 원암 케이블 로우,OFI_SCORE,HIGH_SPEED,,,21,1,MIGRATED_CURRENT_BEHAVIOR,ANALYSIS_CONTRACT_BASELINE_V1,,ex_a76f20b6,analysis_contract_baseline_v1.csv; identity inheritance per final closeout
OFI_02146,ex_a76f20b6,시티드 원암 케이블 로우,OFI_SCORE,LOCAL_MUSCULAR,,,73,1,MIGRATED_CURRENT_BEHAVIOR,ANALYSIS_CONTRACT_BASELINE_V1,,ex_a76f20b6,analysis_contract_baseline_v1.csv; identity inheritance per final closeout
OFI_02147,ex_a76f20b6,시티드 원암 케이블 로우,OFI_SCORE,REACTIVE,,,20,1,MIGRATED_CURRENT_BEHAVIOR,ANALYSIS_CONTRACT_BASELINE_V1,,ex_a76f20b6,analysis_contract_baseline_v1.csv; identity inheritance per final closeout
OFI_02148,ex_a76f20b6,시티드 원암 케이블 로우,OFI_SCORE,SYSTEMIC_MUSCULAR,,,43,1,MIGRATED_CURRENT_BEHAVIOR,ANALYSIS_CONTRACT_BASELINE_V1,,ex_a76f20b6,analysis_contract_baseline_v1.csv; identity inheritance per final closeout
OFI_02149,ex_a76f20b6,시티드 원암 케이블 로우,OFI_SNAPSHOT,SUMMARY,NORMAL,LOW,44,1,MIGRATED_CURRENT_BEHAVIOR,ANALYSIS_CONTRACT_BASELINE_V1,,ex_a76f20b6,analysis_contract_baseline_v1.csv; identity inheritance per final closeout
OFI_02150,ex_a8385c4a,코펜하겐 플랭크,BADMINTON_FATIGUE_COST,MEDIUM,,,0,1,MIGRATED_CURRENT_BEHAVIOR,ANALYSIS_CONTRACT_BASELINE_V1,,ex_a8385c4a,analysis_contract_baseline_v1.csv; identity inheritance per final closeout
OFI_02151,ex_a8385c4a,코펜하겐 플랭크,OFI_AXIS,HIGH_FORCE_NEURAL,,SHORT,17.1875,1,MIGRATED_CURRENT_BEHAVIOR,ANALYSIS_CONTRACT_BASELINE_V1,,ex_a8385c4a,analysis_contract_baseline_v1.csv; identity inheritance per final closeout
OFI_02152,ex_a8385c4a,코펜하겐 플랭크,OFI_AXIS,HIGH_SPEED,,SHORT,17.1875,1,MIGRATED_CURRENT_BEHAVIOR,ANALYSIS_CONTRACT_BASELINE_V1,,ex_a8385c4a,analysis_contract_baseline_v1.csv; identity inheritance per final closeout
OFI_02153,ex_a8385c4a,코펜하겐 플랭크,OFI_AXIS,LOCAL_MUSCULAR,,SHORT,37.8125,1,MIGRATED_CURRENT_BEHAVIOR,ANALYSIS_CONTRACT_BASELINE_V1,,ex_a8385c4a,analysis_contract_baseline_v1.csv; identity inheritance per final closeout
OFI_02154,ex_a8385c4a,코펜하겐 플랭크,OFI_AXIS,REACTIVE,,SHORT,63.75,1,MIGRATED_CURRENT_BEHAVIOR,ANALYSIS_CONTRACT_BASELINE_V1,,ex_a8385c4a,analysis_contract_baseline_v1.csv; identity inheritance per final closeout
OFI_02155,ex_a8385c4a,코펜하겐 플랭크,OFI_AXIS,SYSTEMIC_MUSCULAR,,SHORT,13.28125,1,MIGRATED_CURRENT_BEHAVIOR,ANALYSIS_CONTRACT_BASELINE_V1,,ex_a8385c4a,analysis_contract_baseline_v1.csv; identity inheritance per final closeout
OFI_02156,ex_a8385c4a,코펜하겐 플랭크,OFI_DOSE,REPS_OR_TIME,,THREE_CONFIRMED_SETS_20KG_8REPS_600SECONDS_RPE8,0,1,MIGRATED_CURRENT_BEHAVIOR,ANALYSIS_CONTRACT_BASELINE_V1,,ex_a8385c4a,analysis_contract_baseline_v1.csv; identity inheritance per final closeout
OFI_02157,ex_a8385c4a,코펜하겐 플랭크,OFI_GROUP,CORE_BRACING_CONTROL,,LOCAL_REPEAT_DETECTION,0,1,MIGRATED_CURRENT_BEHAVIOR,ANALYSIS_CONTRACT_BASELINE_V1,,ex_a8385c4a,analysis_contract_baseline_v1.csv; identity inheritance per final closeout
OFI_02158,ex_a8385c4a,코펜하겐 플랭크,OFI_GROUP,CORE_BRACING_CONTROL,,STRENGTH_COMPARISON,0,1,MIGRATED_CURRENT_BEHAVIOR,ANALYSIS_CONTRACT_BASELINE_V1,,ex_a8385c4a,analysis_contract_baseline_v1.csv; identity inheritance per final closeout
OFI_02159,ex_a8385c4a,코펜하겐 플랭크,OFI_GROUP,CORE_BRACING_CONTROL,,WORKLOAD_BASELINE,0,1,MIGRATED_CURRENT_BEHAVIOR,ANALYSIS_CONTRACT_BASELINE_V1,,ex_a8385c4a,analysis_contract_baseline_v1.csv; identity inheritance per final closeout
OFI_02160,ex_a8385c4a,코펜하겐 플랭크,OFI_SCORE,HIGH_FORCE_NEURAL,,,21,1,MIGRATED_CURRENT_BEHAVIOR,ANALYSIS_CONTRACT_BASELINE_V1,,ex_a8385c4a,analysis_contract_baseline_v1.csv; identity inheritance per final closeout
OFI_02161,ex_a8385c4a,코펜하겐 플랭크,OFI_SCORE,HIGH_SPEED,,,21,1,MIGRATED_CURRENT_BEHAVIOR,ANALYSIS_CONTRACT_BASELINE_V1,,ex_a8385c4a,analysis_contract_baseline_v1.csv; identity inheritance per final closeout
OFI_02162,ex_a8385c4a,코펜하겐 플랭크,OFI_SCORE,LOCAL_MUSCULAR,,,47,1,MIGRATED_CURRENT_BEHAVIOR,ANALYSIS_CONTRACT_BASELINE_V1,,ex_a8385c4a,analysis_contract_baseline_v1.csv; identity inheritance per final closeout
OFI_02163,ex_a8385c4a,코펜하겐 플랭크,OFI_SCORE,REACTIVE,,,80,1,MIGRATED_CURRENT_BEHAVIOR,ANALYSIS_CONTRACT_BASELINE_V1,,ex_a8385c4a,analysis_contract_baseline_v1.csv; identity inheritance per final closeout
OFI_02164,ex_a8385c4a,코펜하겐 플랭크,OFI_SCORE,SYSTEMIC_MUSCULAR,,,17,1,MIGRATED_CURRENT_BEHAVIOR,ANALYSIS_CONTRACT_BASELINE_V1,,ex_a8385c4a,analysis_contract_baseline_v1.csv; identity inheritance per final closeout
OFI_02165,ex_a8385c4a,코펜하겐 플랭크,OFI_SNAPSHOT,SUMMARY,NORMAL,LOW,57,1,MIGRATED_CURRENT_BEHAVIOR,ANALYSIS_CONTRACT_BASELINE_V1,,ex_a8385c4a,analysis_contract_baseline_v1.csv; identity inheritance per final closeout
OFI_02166,ex_a9b52886,마운틴 클라이머,BADMINTON_FATIGUE_COST,MEDIUM,,,0,1,MIGRATED_CURRENT_BEHAVIOR,ANALYSIS_CONTRACT_BASELINE_V1,,ex_a9b52886,analysis_contract_baseline_v1.csv; identity inheritance per final closeout
OFI_02167,ex_a9b52886,마운틴 클라이머,OFI_AXIS,HIGH_FORCE_NEURAL,,SHORT,17.1875,1,MIGRATED_CURRENT_BEHAVIOR,ANALYSIS_CONTRACT_BASELINE_V1,,ex_a9b52886,analysis_contract_baseline_v1.csv; identity inheritance per final closeout
OFI_02168,ex_a9b52886,마운틴 클라이머,OFI_AXIS,HIGH_SPEED,,SHORT,17.1875,1,MIGRATED_CURRENT_BEHAVIOR,ANALYSIS_CONTRACT_BASELINE_V1,,ex_a9b52886,analysis_contract_baseline_v1.csv; identity inheritance per final closeout
OFI_02169,ex_a9b52886,마운틴 클라이머,OFI_AXIS,LOCAL_MUSCULAR,,SHORT,58.4375,1,MIGRATED_CURRENT_BEHAVIOR,ANALYSIS_CONTRACT_BASELINE_V1,,ex_a9b52886,analysis_contract_baseline_v1.csv; identity inheritance per final closeout
OFI_02170,ex_a9b52886,마운틴 클라이머,OFI_AXIS,REACTIVE,,SHORT,15.625,1,MIGRATED_CURRENT_BEHAVIOR,ANALYSIS_CONTRACT_BASELINE_V1,,ex_a9b52886,analysis_contract_baseline_v1.csv; identity inheritance per final closeout
OFI_02171,ex_a9b52886,마운틴 클라이머,OFI_AXIS,SYSTEMIC_MUSCULAR,,SHORT,15.625,1,MIGRATED_CURRENT_BEHAVIOR,ANALYSIS_CONTRACT_BASELINE_V1,,ex_a9b52886,analysis_contract_baseline_v1.csv; identity inheritance per final closeout
OFI_02172,ex_a9b52886,마운틴 클라이머,OFI_DOSE,REPS_OR_TIME,,THREE_CONFIRMED_SETS_20KG_8REPS_600SECONDS_RPE8,0,1,MIGRATED_CURRENT_BEHAVIOR,ANALYSIS_CONTRACT_BASELINE_V1,,ex_a9b52886,analysis_contract_baseline_v1.csv; identity inheritance per final closeout
OFI_02173,ex_a9b52886,마운틴 클라이머,OFI_GROUP,BODYWEIGHT_CONDITIONING_CORE,,LOCAL_REPEAT_DETECTION,0,1,MIGRATED_CURRENT_BEHAVIOR,ANALYSIS_CONTRACT_BASELINE_V1,,ex_a9b52886,analysis_contract_baseline_v1.csv; identity inheritance per final closeout
OFI_02174,ex_a9b52886,마운틴 클라이머,OFI_GROUP,BODYWEIGHT_CONDITIONING_CORE,,STRENGTH_COMPARISON,0,1,MIGRATED_CURRENT_BEHAVIOR,ANALYSIS_CONTRACT_BASELINE_V1,,ex_a9b52886,analysis_contract_baseline_v1.csv; identity inheritance per final closeout
OFI_02175,ex_a9b52886,마운틴 클라이머,OFI_GROUP,BODYWEIGHT_CONDITIONING_CORE,,WORKLOAD_BASELINE,0,1,MIGRATED_CURRENT_BEHAVIOR,ANALYSIS_CONTRACT_BASELINE_V1,,ex_a9b52886,analysis_contract_baseline_v1.csv; identity inheritance per final closeout
OFI_02176,ex_a9b52886,마운틴 클라이머,OFI_SCORE,HIGH_FORCE_NEURAL,,,21,1,MIGRATED_CURRENT_BEHAVIOR,ANALYSIS_CONTRACT_BASELINE_V1,,ex_a9b52886,analysis_contract_baseline_v1.csv; identity inheritance per final closeout
OFI_02177,ex_a9b52886,마운틴 클라이머,OFI_SCORE,HIGH_SPEED,,,21,1,MIGRATED_CURRENT_BEHAVIOR,ANALYSIS_CONTRACT_BASELINE_V1,,ex_a9b52886,analysis_contract_baseline_v1.csv; identity inheritance per final closeout
OFI_02178,ex_a9b52886,마운틴 클라이머,OFI_SCORE,LOCAL_MUSCULAR,,,73,1,MIGRATED_CURRENT_BEHAVIOR,ANALYSIS_CONTRACT_BASELINE_V1,,ex_a9b52886,analysis_contract_baseline_v1.csv; identity inheritance per final closeout
OFI_02179,ex_a9b52886,마운틴 클라이머,OFI_SCORE,REACTIVE,,,20,1,MIGRATED_CURRENT_BEHAVIOR,ANALYSIS_CONTRACT_BASELINE_V1,,ex_a9b52886,analysis_contract_baseline_v1.csv; identity inheritance per final closeout
OFI_02180,ex_a9b52886,마운틴 클라이머,OFI_SCORE,SYSTEMIC_MUSCULAR,,,20,1,MIGRATED_CURRENT_BEHAVIOR,ANALYSIS_CONTRACT_BASELINE_V1,,ex_a9b52886,analysis_contract_baseline_v1.csv; identity inheritance per final closeout
OFI_02181,ex_a9b52886,마운틴 클라이머,OFI_SNAPSHOT,SUMMARY,NORMAL,LOW,40,1,MIGRATED_CURRENT_BEHAVIOR,ANALYSIS_CONTRACT_BASELINE_V1,,ex_a9b52886,analysis_contract_baseline_v1.csv; identity inheritance per final closeout
OFI_02182,ex_ab468462,레그 프레스,BADMINTON_FATIGUE_COST,HIGH,,,0,1,MIGRATED_CURRENT_BEHAVIOR,ANALYSIS_CONTRACT_BASELINE_V1,,ex_ab468462,analysis_contract_baseline_v1.csv; identity inheritance per final closeout
OFI_02183,ex_ab468462,레그 프레스,OFI_AXIS,HIGH_FORCE_NEURAL,,MEDIUM,37.8125,1,MIGRATED_CURRENT_BEHAVIOR,ANALYSIS_CONTRACT_BASELINE_V1,,ex_ab468462,analysis_contract_baseline_v1.csv; identity inheritance per final closeout
OFI_02184,ex_ab468462,레그 프레스,OFI_AXIS,HIGH_SPEED,,MEDIUM,17.1875,1,MIGRATED_CURRENT_BEHAVIOR,ANALYSIS_CONTRACT_BASELINE_V1,,ex_ab468462,analysis_contract_baseline_v1.csv; identity inheritance per final closeout
OFI_02185,ex_ab468462,레그 프레스,OFI_AXIS,LOCAL_MUSCULAR,,MEDIUM,58.4375,1,MIGRATED_CURRENT_BEHAVIOR,ANALYSIS_CONTRACT_BASELINE_V1,,ex_ab468462,analysis_contract_baseline_v1.csv; identity inheritance per final closeout
OFI_02186,ex_ab468462,레그 프레스,OFI_AXIS,REACTIVE,,MEDIUM,15.625,1,MIGRATED_CURRENT_BEHAVIOR,ANALYSIS_CONTRACT_BASELINE_V1,,ex_ab468462,analysis_contract_baseline_v1.csv; identity inheritance per final closeout
OFI_02187,ex_ab468462,레그 프레스,OFI_AXIS,SYSTEMIC_MUSCULAR,,MEDIUM,34.375,1,MIGRATED_CURRENT_BEHAVIOR,ANALYSIS_CONTRACT_BASELINE_V1,,ex_ab468462,analysis_contract_baseline_v1.csv; identity inheritance per final closeout
OFI_02188,ex_ab468462,레그 프레스,OFI_DOSE,LOAD_REPS,,THREE_CONFIRMED_SETS_20KG_8REPS_600SECONDS_RPE8,0,1,MIGRATED_CURRENT_BEHAVIOR,ANALYSIS_CONTRACT_BASELINE_V1,,ex_ab468462,analysis_contract_baseline_v1.csv; identity inheritance per final closeout
OFI_02189,ex_ab468462,레그 프레스,OFI_GROUP,MACHINE_KNEE_DOMINANT_PRESS,,LOCAL_REPEAT_DETECTION,0,1,MIGRATED_CURRENT_BEHAVIOR,ANALYSIS_CONTRACT_BASELINE_V1,,ex_ab468462,analysis_contract_baseline_v1.csv; identity inheritance per final closeout
OFI_02190,ex_ab468462,레그 프레스,OFI_GROUP,MACHINE_KNEE_DOMINANT_PRESS,,STRENGTH_COMPARISON,0,1,MIGRATED_CURRENT_BEHAVIOR,ANALYSIS_CONTRACT_BASELINE_V1,,ex_ab468462,analysis_contract_baseline_v1.csv; identity inheritance per final closeout
OFI_02191,ex_ab468462,레그 프레스,OFI_GROUP,MACHINE_KNEE_DOMINANT_PRESS,,WORKLOAD_BASELINE,0,1,MIGRATED_CURRENT_BEHAVIOR,ANALYSIS_CONTRACT_BASELINE_V1,,ex_ab468462,analysis_contract_baseline_v1.csv; identity inheritance per final closeout
OFI_02192,ex_ab468462,레그 프레스,OFI_SCORE,HIGH_FORCE_NEURAL,,,47,1,MIGRATED_CURRENT_BEHAVIOR,ANALYSIS_CONTRACT_BASELINE_V1,,ex_ab468462,analysis_contract_baseline_v1.csv; identity inheritance per final closeout
OFI_02193,ex_ab468462,레그 프레스,OFI_SCORE,HIGH_SPEED,,,21,1,MIGRATED_CURRENT_BEHAVIOR,ANALYSIS_CONTRACT_BASELINE_V1,,ex_ab468462,analysis_contract_baseline_v1.csv; identity inheritance per final closeout
OFI_02194,ex_ab468462,레그 프레스,OFI_SCORE,LOCAL_MUSCULAR,,,73,1,MIGRATED_CURRENT_BEHAVIOR,ANALYSIS_CONTRACT_BASELINE_V1,,ex_ab468462,analysis_contract_baseline_v1.csv; identity inheritance per final closeout
OFI_02195,ex_ab468462,레그 프레스,OFI_SCORE,REACTIVE,,,20,1,MIGRATED_CURRENT_BEHAVIOR,ANALYSIS_CONTRACT_BASELINE_V1,,ex_ab468462,analysis_contract_baseline_v1.csv; identity inheritance per final closeout
OFI_02196,ex_ab468462,레그 프레스,OFI_SCORE,SYSTEMIC_MUSCULAR,,,43,1,MIGRATED_CURRENT_BEHAVIOR,ANALYSIS_CONTRACT_BASELINE_V1,,ex_ab468462,analysis_contract_baseline_v1.csv; identity inheritance per final closeout
OFI_02197,ex_ab468462,레그 프레스,OFI_SNAPSHOT,SUMMARY,NORMAL,LOW,44,1,MIGRATED_CURRENT_BEHAVIOR,ANALYSIS_CONTRACT_BASELINE_V1,,ex_ab468462,analysis_contract_baseline_v1.csv; identity inheritance per final closeout
OFI_02198,ex_ab918e2b,실내 자전거,BADMINTON_FATIGUE_COST,MEDIUM,,,0,1,MIGRATED_CURRENT_BEHAVIOR,ANALYSIS_CONTRACT_BASELINE_V1,,ex_ab918e2b,analysis_contract_baseline_v1.csv; identity inheritance per final closeout
OFI_02199,ex_ab918e2b,실내 자전거,OFI_AXIS,HIGH_FORCE_NEURAL,,MEDIUM,17.1875,1,MIGRATED_CURRENT_BEHAVIOR,ANALYSIS_CONTRACT_BASELINE_V1,,ex_ab918e2b,analysis_contract_baseline_v1.csv; identity inheritance per final closeout
OFI_02200,ex_ab918e2b,실내 자전거,OFI_AXIS,HIGH_SPEED,,MEDIUM,17.1875,1,MIGRATED_CURRENT_BEHAVIOR,ANALYSIS_CONTRACT_BASELINE_V1,,ex_ab918e2b,analysis_contract_baseline_v1.csv; identity inheritance per final closeout
OFI_02201,ex_ab918e2b,실내 자전거,OFI_AXIS,LOCAL_MUSCULAR,,MEDIUM,37.8125,1,MIGRATED_CURRENT_BEHAVIOR,ANALYSIS_CONTRACT_BASELINE_V1,,ex_ab918e2b,analysis_contract_baseline_v1.csv; identity inheritance per final closeout
OFI_02202,ex_ab918e2b,실내 자전거,OFI_AXIS,REACTIVE,,MEDIUM,15.625,1,MIGRATED_CURRENT_BEHAVIOR,ANALYSIS_CONTRACT_BASELINE_V1,,ex_ab918e2b,analysis_contract_baseline_v1.csv; identity inheritance per final closeout
OFI_02203,ex_ab918e2b,실내 자전거,OFI_AXIS,SYSTEMIC_MUSCULAR,,MEDIUM,53.125,1,MIGRATED_CURRENT_BEHAVIOR,ANALYSIS_CONTRACT_BASELINE_V1,,ex_ab918e2b,analysis_contract_baseline_v1.csv; identity inheritance per final closeout
OFI_02204,ex_ab918e2b,실내 자전거,OFI_DOSE,DISTANCE_OR_TIME,,THREE_CONFIRMED_SETS_20KG_8REPS_600SECONDS_RPE8,0,1,MIGRATED_CURRENT_BEHAVIOR,ANALYSIS_CONTRACT_BASELINE_V1,,ex_ab918e2b,analysis_contract_baseline_v1.csv; identity inheritance per final closeout
OFI_02205,ex_ab918e2b,실내 자전거,OFI_GROUP,CARDIO_CONDITIONING,,LOCAL_REPEAT_DETECTION,0,1,MIGRATED_CURRENT_BEHAVIOR,ANALYSIS_CONTRACT_BASELINE_V1,,ex_ab918e2b,analysis_contract_baseline_v1.csv; identity inheritance per final closeout
OFI_02206,ex_ab918e2b,실내 자전거,OFI_GROUP,CARDIO_CONDITIONING,,STRENGTH_COMPARISON,0,1,MIGRATED_CURRENT_BEHAVIOR,ANALYSIS_CONTRACT_BASELINE_V1,,ex_ab918e2b,analysis_contract_baseline_v1.csv; identity inheritance per final closeout
OFI_02207,ex_ab918e2b,실내 자전거,OFI_GROUP,CARDIO_CONDITIONING,,WORKLOAD_BASELINE,0,1,MIGRATED_CURRENT_BEHAVIOR,ANALYSIS_CONTRACT_BASELINE_V1,,ex_ab918e2b,analysis_contract_baseline_v1.csv; identity inheritance per final closeout
OFI_02208,ex_ab918e2b,실내 자전거,OFI_SCORE,HIGH_FORCE_NEURAL,,,21,1,MIGRATED_CURRENT_BEHAVIOR,ANALYSIS_CONTRACT_BASELINE_V1,,ex_ab918e2b,analysis_contract_baseline_v1.csv; identity inheritance per final closeout
OFI_02209,ex_ab918e2b,실내 자전거,OFI_SCORE,HIGH_SPEED,,,21,1,MIGRATED_CURRENT_BEHAVIOR,ANALYSIS_CONTRACT_BASELINE_V1,,ex_ab918e2b,analysis_contract_baseline_v1.csv; identity inheritance per final closeout
OFI_02210,ex_ab918e2b,실내 자전거,OFI_SCORE,LOCAL_MUSCULAR,,,47,1,MIGRATED_CURRENT_BEHAVIOR,ANALYSIS_CONTRACT_BASELINE_V1,,ex_ab918e2b,analysis_contract_baseline_v1.csv; identity inheritance per final closeout
OFI_02211,ex_ab918e2b,실내 자전거,OFI_SCORE,REACTIVE,,,20,1,MIGRATED_CURRENT_BEHAVIOR,ANALYSIS_CONTRACT_BASELINE_V1,,ex_ab918e2b,analysis_contract_baseline_v1.csv; identity inheritance per final closeout
OFI_02212,ex_ab918e2b,실내 자전거,OFI_SCORE,SYSTEMIC_MUSCULAR,,,66,1,MIGRATED_CURRENT_BEHAVIOR,ANALYSIS_CONTRACT_BASELINE_V1,,ex_ab918e2b,analysis_contract_baseline_v1.csv; identity inheritance per final closeout
OFI_02213,ex_ab918e2b,실내 자전거,OFI_SNAPSHOT,SUMMARY,LOW,LOW,39,1,MIGRATED_CURRENT_BEHAVIOR,ANALYSIS_CONTRACT_BASELINE_V1,,ex_ab918e2b,analysis_contract_baseline_v1.csv; identity inheritance per final closeout
OFI_02214,ex_aca9d312,러닝 풋살,BADMINTON_FATIGUE_COST,HIGH,,,0,1,MIGRATED_CURRENT_BEHAVIOR,ANALYSIS_CONTRACT_BASELINE_V1,,ex_aca9d312,analysis_contract_baseline_v1.csv; identity inheritance per final closeout
OFI_02215,ex_aca9d312,러닝 풋살,OFI_AXIS,HIGH_FORCE_NEURAL,,LONG,17.1875,1,MIGRATED_CURRENT_BEHAVIOR,ANALYSIS_CONTRACT_BASELINE_V1,,ex_aca9d312,analysis_contract_baseline_v1.csv; identity inheritance per final closeout
OFI_02216,ex_aca9d312,러닝 풋살,OFI_AXIS,HIGH_SPEED,,LONG,73.046875,1,MIGRATED_CURRENT_BEHAVIOR,ANALYSIS_CONTRACT_BASELINE_V1,,ex_aca9d312,analysis_contract_baseline_v1.csv; identity inheritance per final closeout
OFI_02217,ex_aca9d312,러닝 풋살,OFI_AXIS,LOCAL_MUSCULAR,,LONG,58.4375,1,MIGRATED_CURRENT_BEHAVIOR,ANALYSIS_CONTRACT_BASELINE_V1,,ex_aca9d312,analysis_contract_baseline_v1.csv; identity inheritance per final closeout
OFI_02218,ex_aca9d312,러닝 풋살,OFI_AXIS,REACTIVE,,LONG,93.75,1,MIGRATED_CURRENT_BEHAVIOR,ANALYSIS_CONTRACT_BASELINE_V1,,ex_aca9d312,analysis_contract_baseline_v1.csv; identity inheritance per final closeout
OFI_02219,ex_aca9d312,러닝 풋살,OFI_AXIS,SYSTEMIC_MUSCULAR,,LONG,63.75,1,MIGRATED_CURRENT_BEHAVIOR,ANALYSIS_CONTRACT_BASELINE_V1,,ex_aca9d312,analysis_contract_baseline_v1.csv; identity inheritance per final closeout
OFI_02220,ex_aca9d312,러닝 풋살,OFI_CAUTION,REACTIVE_CAUTION,,,0,1,MIGRATED_CURRENT_BEHAVIOR,ANALYSIS_CONTRACT_BASELINE_V1,,ex_aca9d312,analysis_contract_baseline_v1.csv; identity inheritance per final closeout
OFI_02221,ex_aca9d312,러닝 풋살,OFI_CAUTION,RECOVERY_DEBT_HIGH,,,0,1,MIGRATED_CURRENT_BEHAVIOR,ANALYSIS_CONTRACT_BASELINE_V1,,ex_aca9d312,analysis_contract_baseline_v1.csv; identity inheritance per final closeout
OFI_02222,ex_aca9d312,러닝 풋살,OFI_DOSE,SESSION_DURATION,,THREE_CONFIRMED_SETS_20KG_8REPS_600SECONDS_RPE8,0,1,MIGRATED_CURRENT_BEHAVIOR,ANALYSIS_CONTRACT_BASELINE_V1,,ex_aca9d312,analysis_contract_baseline_v1.csv; identity inheritance per final closeout
OFI_02223,ex_aca9d312,러닝 풋살,OFI_GROUP,NOT_APPLICABLE,,LOCAL_REPEAT_DETECTION,0,1,MIGRATED_CURRENT_BEHAVIOR,ANALYSIS_CONTRACT_BASELINE_V1,,ex_aca9d312,analysis_contract_baseline_v1.csv; identity inheritance per final closeout
OFI_02224,ex_aca9d312,러닝 풋살,OFI_GROUP,NOT_APPLICABLE,,STRENGTH_COMPARISON,0,1,MIGRATED_CURRENT_BEHAVIOR,ANALYSIS_CONTRACT_BASELINE_V1,,ex_aca9d312,analysis_contract_baseline_v1.csv; identity inheritance per final closeout
OFI_02225,ex_aca9d312,러닝 풋살,OFI_GROUP,NOT_APPLICABLE,,WORKLOAD_BASELINE,0,1,MIGRATED_CURRENT_BEHAVIOR,ANALYSIS_CONTRACT_BASELINE_V1,,ex_aca9d312,analysis_contract_baseline_v1.csv; identity inheritance per final closeout
OFI_02226,ex_aca9d312,러닝 풋살,OFI_SCORE,HIGH_FORCE_NEURAL,,,21,1,MIGRATED_CURRENT_BEHAVIOR,ANALYSIS_CONTRACT_BASELINE_V1,,ex_aca9d312,analysis_contract_baseline_v1.csv; identity inheritance per final closeout
OFI_02227,ex_aca9d312,러닝 풋살,OFI_SCORE,HIGH_SPEED,,,91,1,MIGRATED_CURRENT_BEHAVIOR,ANALYSIS_CONTRACT_BASELINE_V1,,ex_aca9d312,analysis_contract_baseline_v1.csv; identity inheritance per final closeout
OFI_02228,ex_aca9d312,러닝 풋살,OFI_SCORE,LOCAL_MUSCULAR,,,73,1,MIGRATED_CURRENT_BEHAVIOR,ANALYSIS_CONTRACT_BASELINE_V1,,ex_aca9d312,analysis_contract_baseline_v1.csv; identity inheritance per final closeout
OFI_02229,ex_aca9d312,러닝 풋살,OFI_SCORE,REACTIVE,,,100,1,MIGRATED_CURRENT_BEHAVIOR,ANALYSIS_CONTRACT_BASELINE_V1,,ex_aca9d312,analysis_contract_baseline_v1.csv; identity inheritance per final closeout
OFI_02230,ex_aca9d312,러닝 풋살,OFI_SCORE,SYSTEMIC_MUSCULAR,,,80,1,MIGRATED_CURRENT_BEHAVIOR,ANALYSIS_CONTRACT_BASELINE_V1,,ex_aca9d312,analysis_contract_baseline_v1.csv; identity inheritance per final closeout
OFI_02231,ex_aca9d312,러닝 풋살,OFI_SNAPSHOT,SUMMARY,CAUTION,LOW,88,1,MIGRATED_CURRENT_BEHAVIOR,ANALYSIS_CONTRACT_BASELINE_V1,,ex_aca9d312,analysis_contract_baseline_v1.csv; identity inheritance per final closeout
OFI_02232,ex_ae9ecdbc,배드민턴,BADMINTON_FATIGUE_COST,MEDIUM,,,0,1,MIGRATED_CURRENT_BEHAVIOR,ANALYSIS_CONTRACT_BASELINE_V1,,ex_ae9ecdbc,analysis_contract_baseline_v1.csv; identity inheritance per final closeout
OFI_02233,ex_ae9ecdbc,배드민턴,OFI_AXIS,HIGH_FORCE_NEURAL,,MEDIUM,17.1875,1,MIGRATED_CURRENT_BEHAVIOR,ANALYSIS_CONTRACT_BASELINE_V1,,ex_ae9ecdbc,analysis_contract_baseline_v1.csv; identity inheritance per final closeout
OFI_02234,ex_ae9ecdbc,배드민턴,OFI_AXIS,HIGH_SPEED,,MEDIUM,67.203125,1,MIGRATED_CURRENT_BEHAVIOR,ANALYSIS_CONTRACT_BASELINE_V1,,ex_ae9ecdbc,analysis_contract_baseline_v1.csv; identity inheritance per final closeout
OFI_02235,ex_ae9ecdbc,배드민턴,OFI_AXIS,LOCAL_MUSCULAR,,MEDIUM,58.4375,1,MIGRATED_CURRENT_BEHAVIOR,ANALYSIS_CONTRACT_BASELINE_V1,,ex_ae9ecdbc,analysis_contract_baseline_v1.csv; identity inheritance per final closeout
OFI_02236,ex_ae9ecdbc,배드민턴,OFI_AXIS,REACTIVE,,MEDIUM,93.75,1,MIGRATED_CURRENT_BEHAVIOR,ANALYSIS_CONTRACT_BASELINE_V1,,ex_ae9ecdbc,analysis_contract_baseline_v1.csv; identity inheritance per final closeout
OFI_02237,ex_ae9ecdbc,배드민턴,OFI_AXIS,SYSTEMIC_MUSCULAR,,MEDIUM,63.75,1,MIGRATED_CURRENT_BEHAVIOR,ANALYSIS_CONTRACT_BASELINE_V1,,ex_ae9ecdbc,analysis_contract_baseline_v1.csv; identity inheritance per final closeout
OFI_02238,ex_ae9ecdbc,배드민턴,OFI_CAUTION,REACTIVE_CAUTION,,,0,1,MIGRATED_CURRENT_BEHAVIOR,ANALYSIS_CONTRACT_BASELINE_V1,,ex_ae9ecdbc,analysis_contract_baseline_v1.csv; identity inheritance per final closeout
OFI_02239,ex_ae9ecdbc,배드민턴,OFI_DOSE,SESSION_DURATION,,THREE_CONFIRMED_SETS_20KG_8REPS_600SECONDS_RPE8,0,1,MIGRATED_CURRENT_BEHAVIOR,ANALYSIS_CONTRACT_BASELINE_V1,,ex_ae9ecdbc,analysis_contract_baseline_v1.csv; identity inheritance per final closeout
OFI_02240,ex_ae9ecdbc,배드민턴,OFI_GROUP,NOT_APPLICABLE,,LOCAL_REPEAT_DETECTION,0,1,MIGRATED_CURRENT_BEHAVIOR,ANALYSIS_CONTRACT_BASELINE_V1,,ex_ae9ecdbc,analysis_contract_baseline_v1.csv; identity inheritance per final closeout
OFI_02241,ex_ae9ecdbc,배드민턴,OFI_GROUP,NOT_APPLICABLE,,STRENGTH_COMPARISON,0,1,MIGRATED_CURRENT_BEHAVIOR,ANALYSIS_CONTRACT_BASELINE_V1,,ex_ae9ecdbc,analysis_contract_baseline_v1.csv; identity inheritance per final closeout
OFI_02242,ex_ae9ecdbc,배드민턴,OFI_GROUP,NOT_APPLICABLE,,WORKLOAD_BASELINE,0,1,MIGRATED_CURRENT_BEHAVIOR,ANALYSIS_CONTRACT_BASELINE_V1,,ex_ae9ecdbc,analysis_contract_baseline_v1.csv; identity inheritance per final closeout
OFI_02243,ex_ae9ecdbc,배드민턴,OFI_SCORE,HIGH_FORCE_NEURAL,,,21,1,MIGRATED_CURRENT_BEHAVIOR,ANALYSIS_CONTRACT_BASELINE_V1,,ex_ae9ecdbc,analysis_contract_baseline_v1.csv; identity inheritance per final closeout
OFI_02244,ex_ae9ecdbc,배드민턴,OFI_SCORE,HIGH_SPEED,,,84,1,MIGRATED_CURRENT_BEHAVIOR,ANALYSIS_CONTRACT_BASELINE_V1,,ex_ae9ecdbc,analysis_contract_baseline_v1.csv; identity inheritance per final closeout
OFI_02245,ex_ae9ecdbc,배드민턴,OFI_SCORE,LOCAL_MUSCULAR,,,73,1,MIGRATED_CURRENT_BEHAVIOR,ANALYSIS_CONTRACT_BASELINE_V1,,ex_ae9ecdbc,analysis_contract_baseline_v1.csv; identity inheritance per final closeout
OFI_02246,ex_ae9ecdbc,배드민턴,OFI_SCORE,REACTIVE,,,100,1,MIGRATED_CURRENT_BEHAVIOR,ANALYSIS_CONTRACT_BASELINE_V1,,ex_ae9ecdbc,analysis_contract_baseline_v1.csv; identity inheritance per final closeout
OFI_02247,ex_ae9ecdbc,배드민턴,OFI_SCORE,SYSTEMIC_MUSCULAR,,,80,1,MIGRATED_CURRENT_BEHAVIOR,ANALYSIS_CONTRACT_BASELINE_V1,,ex_ae9ecdbc,analysis_contract_baseline_v1.csv; identity inheritance per final closeout
OFI_02248,ex_ae9ecdbc,배드민턴,OFI_SNAPSHOT,SUMMARY,CAUTION,LOW,87,1,MIGRATED_CURRENT_BEHAVIOR,ANALYSIS_CONTRACT_BASELINE_V1,,ex_ae9ecdbc,analysis_contract_baseline_v1.csv; identity inheritance per final closeout
OFI_02249,ex_b076570e,원암 케이블 래터럴 레이즈,BADMINTON_FATIGUE_COST,MEDIUM,,,0,1,MIGRATED_CURRENT_BEHAVIOR,ANALYSIS_CONTRACT_BASELINE_V1,,ex_b076570e,analysis_contract_baseline_v1.csv; identity inheritance per final closeout
OFI_02250,ex_b076570e,원암 케이블 래터럴 레이즈,OFI_AXIS,HIGH_FORCE_NEURAL,,SHORT,17.1875,1,MIGRATED_CURRENT_BEHAVIOR,ANALYSIS_CONTRACT_BASELINE_V1,,ex_b076570e,analysis_contract_baseline_v1.csv; identity inheritance per final closeout
OFI_02251,ex_b076570e,원암 케이블 래터럴 레이즈,OFI_AXIS,HIGH_SPEED,,SHORT,17.1875,1,MIGRATED_CURRENT_BEHAVIOR,ANALYSIS_CONTRACT_BASELINE_V1,,ex_b076570e,analysis_contract_baseline_v1.csv; identity inheritance per final closeout
OFI_02252,ex_b076570e,원암 케이블 래터럴 레이즈,OFI_AXIS,LOCAL_MUSCULAR,,SHORT,58.4375,1,MIGRATED_CURRENT_BEHAVIOR,ANALYSIS_CONTRACT_BASELINE_V1,,ex_b076570e,analysis_contract_baseline_v1.csv; identity inheritance per final closeout
OFI_02253,ex_b076570e,원암 케이블 래터럴 레이즈,OFI_AXIS,REACTIVE,,SHORT,15.625,1,MIGRATED_CURRENT_BEHAVIOR,ANALYSIS_CONTRACT_BASELINE_V1,,ex_b076570e,analysis_contract_baseline_v1.csv; identity inheritance per final closeout
OFI_02254,ex_b076570e,원암 케이블 래터럴 레이즈,OFI_AXIS,SYSTEMIC_MUSCULAR,,SHORT,10.9375,1,MIGRATED_CURRENT_BEHAVIOR,ANALYSIS_CONTRACT_BASELINE_V1,,ex_b076570e,analysis_contract_baseline_v1.csv; identity inheritance per final closeout
OFI_02255,ex_b076570e,원암 케이블 래터럴 레이즈,OFI_DOSE,VOLUME_LOAD,,THREE_CONFIRMED_SETS_20KG_8REPS_600SECONDS_RPE8,0,1,MIGRATED_CURRENT_BEHAVIOR,ANALYSIS_CONTRACT_BASELINE_V1,,ex_b076570e,analysis_contract_baseline_v1.csv; identity inheritance per final closeout
OFI_02256,ex_b076570e,원암 케이블 래터럴 레이즈,OFI_GROUP,LATERAL_DELTOID_ISOLATION,,LOCAL_REPEAT_DETECTION,0,1,MIGRATED_CURRENT_BEHAVIOR,ANALYSIS_CONTRACT_BASELINE_V1,,ex_b076570e,analysis_contract_baseline_v1.csv; identity inheritance per final closeout
OFI_02257,ex_b076570e,원암 케이블 래터럴 레이즈,OFI_GROUP,LATERAL_DELTOID_ISOLATION,,STRENGTH_COMPARISON,0,1,MIGRATED_CURRENT_BEHAVIOR,ANALYSIS_CONTRACT_BASELINE_V1,,ex_b076570e,analysis_contract_baseline_v1.csv; identity inheritance per final closeout
OFI_02258,ex_b076570e,원암 케이블 래터럴 레이즈,OFI_GROUP,LATERAL_DELTOID_ISOLATION,,WORKLOAD_BASELINE,0,1,MIGRATED_CURRENT_BEHAVIOR,ANALYSIS_CONTRACT_BASELINE_V1,,ex_b076570e,analysis_contract_baseline_v1.csv; identity inheritance per final closeout
OFI_02259,ex_b076570e,원암 케이블 래터럴 레이즈,OFI_SCORE,HIGH_FORCE_NEURAL,,,21,1,MIGRATED_CURRENT_BEHAVIOR,ANALYSIS_CONTRACT_BASELINE_V1,,ex_b076570e,analysis_contract_baseline_v1.csv; identity inheritance per final closeout
OFI_02260,ex_b076570e,원암 케이블 래터럴 레이즈,OFI_SCORE,HIGH_SPEED,,,21,1,MIGRATED_CURRENT_BEHAVIOR,ANALYSIS_CONTRACT_BASELINE_V1,,ex_b076570e,analysis_contract_baseline_v1.csv; identity inheritance per final closeout
OFI_02261,ex_b076570e,원암 케이블 래터럴 레이즈,OFI_SCORE,LOCAL_MUSCULAR,,,73,1,MIGRATED_CURRENT_BEHAVIOR,ANALYSIS_CONTRACT_BASELINE_V1,,ex_b076570e,analysis_contract_baseline_v1.csv; identity inheritance per final closeout
OFI_02262,ex_b076570e,원암 케이블 래터럴 레이즈,OFI_SCORE,REACTIVE,,,20,1,MIGRATED_CURRENT_BEHAVIOR,ANALYSIS_CONTRACT_BASELINE_V1,,ex_b076570e,analysis_contract_baseline_v1.csv; identity inheritance per final closeout
OFI_02263,ex_b076570e,원암 케이블 래터럴 레이즈,OFI_SCORE,SYSTEMIC_MUSCULAR,,,14,1,MIGRATED_CURRENT_BEHAVIOR,ANALYSIS_CONTRACT_BASELINE_V1,,ex_b076570e,analysis_contract_baseline_v1.csv; identity inheritance per final closeout
OFI_02264,ex_b076570e,원암 케이블 래터럴 레이즈,OFI_SNAPSHOT,SUMMARY,LOW,LOW,39,1,MIGRATED_CURRENT_BEHAVIOR,ANALYSIS_CONTRACT_BASELINE_V1,,ex_b076570e,analysis_contract_baseline_v1.csv; identity inheritance per final closeout
OFI_02265,ex_b3f447be,행잉 레그 레이즈,BADMINTON_FATIGUE_COST,MEDIUM,,,0,1,MIGRATED_CURRENT_BEHAVIOR,ANALYSIS_CONTRACT_BASELINE_V1,,ex_b3f447be,analysis_contract_baseline_v1.csv; identity inheritance per final closeout
OFI_02266,ex_b3f447be,행잉 레그 레이즈,OFI_AXIS,HIGH_FORCE_NEURAL,,SHORT,17.1875,1,MIGRATED_CURRENT_BEHAVIOR,ANALYSIS_CONTRACT_BASELINE_V1,,ex_b3f447be,analysis_contract_baseline_v1.csv; identity inheritance per final closeout
OFI_02267,ex_b3f447be,행잉 레그 레이즈,OFI_AXIS,HIGH_SPEED,,SHORT,17.1875,1,MIGRATED_CURRENT_BEHAVIOR,ANALYSIS_CONTRACT_BASELINE_V1,,ex_b3f447be,analysis_contract_baseline_v1.csv; identity inheritance per final closeout
OFI_02268,ex_b3f447be,행잉 레그 레이즈,OFI_AXIS,LOCAL_MUSCULAR,,SHORT,58.4375,1,MIGRATED_CURRENT_BEHAVIOR,ANALYSIS_CONTRACT_BASELINE_V1,,ex_b3f447be,analysis_contract_baseline_v1.csv; identity inheritance per final closeout
OFI_02269,ex_b3f447be,행잉 레그 레이즈,OFI_AXIS,REACTIVE,,SHORT,15.625,1,MIGRATED_CURRENT_BEHAVIOR,ANALYSIS_CONTRACT_BASELINE_V1,,ex_b3f447be,analysis_contract_baseline_v1.csv; identity inheritance per final closeout
OFI_02270,ex_b3f447be,행잉 레그 레이즈,OFI_AXIS,SYSTEMIC_MUSCULAR,,SHORT,13.28125,1,MIGRATED_CURRENT_BEHAVIOR,ANALYSIS_CONTRACT_BASELINE_V1,,ex_b3f447be,analysis_contract_baseline_v1.csv; identity inheritance per final closeout
OFI_02271,ex_b3f447be,행잉 레그 레이즈,OFI_DOSE,REPS_OR_TIME,,THREE_CONFIRMED_SETS_20KG_8REPS_600SECONDS_RPE8,0,1,MIGRATED_CURRENT_BEHAVIOR,ANALYSIS_CONTRACT_BASELINE_V1,,ex_b3f447be,analysis_contract_baseline_v1.csv; identity inheritance per final closeout
OFI_02272,ex_b3f447be,행잉 레그 레이즈,OFI_GROUP,ANTERIOR_CORE_FLEXION,,LOCAL_REPEAT_DETECTION,0,1,MIGRATED_CURRENT_BEHAVIOR,ANALYSIS_CONTRACT_BASELINE_V1,,ex_b3f447be,analysis_contract_baseline_v1.csv; identity inheritance per final closeout
OFI_02273,ex_b3f447be,행잉 레그 레이즈,OFI_GROUP,ANTERIOR_CORE_FLEXION,,STRENGTH_COMPARISON,0,1,MIGRATED_CURRENT_BEHAVIOR,ANALYSIS_CONTRACT_BASELINE_V1,,ex_b3f447be,analysis_contract_baseline_v1.csv; identity inheritance per final closeout
OFI_02274,ex_b3f447be,행잉 레그 레이즈,OFI_GROUP,ANTERIOR_CORE_FLEXION,,WORKLOAD_BASELINE,0,1,MIGRATED_CURRENT_BEHAVIOR,ANALYSIS_CONTRACT_BASELINE_V1,,ex_b3f447be,analysis_contract_baseline_v1.csv; identity inheritance per final closeout
OFI_02275,ex_b3f447be,행잉 레그 레이즈,OFI_SCORE,HIGH_FORCE_NEURAL,,,21,1,MIGRATED_CURRENT_BEHAVIOR,ANALYSIS_CONTRACT_BASELINE_V1,,ex_b3f447be,analysis_contract_baseline_v1.csv; identity inheritance per final closeout
OFI_02276,ex_b3f447be,행잉 레그 레이즈,OFI_SCORE,HIGH_SPEED,,,21,1,MIGRATED_CURRENT_BEHAVIOR,ANALYSIS_CONTRACT_BASELINE_V1,,ex_b3f447be,analysis_contract_baseline_v1.csv; identity inheritance per final closeout
OFI_02277,ex_b3f447be,행잉 레그 레이즈,OFI_SCORE,LOCAL_MUSCULAR,,,73,1,MIGRATED_CURRENT_BEHAVIOR,ANALYSIS_CONTRACT_BASELINE_V1,,ex_b3f447be,analysis_contract_baseline_v1.csv; identity inheritance per final closeout
OFI_02278,ex_b3f447be,행잉 레그 레이즈,OFI_SCORE,REACTIVE,,,20,1,MIGRATED_CURRENT_BEHAVIOR,ANALYSIS_CONTRACT_BASELINE_V1,,ex_b3f447be,analysis_contract_baseline_v1.csv; identity inheritance per final closeout
OFI_02279,ex_b3f447be,행잉 레그 레이즈,OFI_SCORE,SYSTEMIC_MUSCULAR,,,17,1,MIGRATED_CURRENT_BEHAVIOR,ANALYSIS_CONTRACT_BASELINE_V1,,ex_b3f447be,analysis_contract_baseline_v1.csv; identity inheritance per final closeout
OFI_02280,ex_b3f447be,행잉 레그 레이즈,OFI_SNAPSHOT,SUMMARY,LOW,LOW,39,1,MIGRATED_CURRENT_BEHAVIOR,ANALYSIS_CONTRACT_BASELINE_V1,,ex_b3f447be,analysis_contract_baseline_v1.csv; identity inheritance per final closeout
OFI_02281,ex_b4b198de,래터럴 런지,BADMINTON_FATIGUE_COST,HIGH,,,0,1,MIGRATED_CURRENT_BEHAVIOR,ANALYSIS_CONTRACT_BASELINE_V1,,ex_b4b198de,analysis_contract_baseline_v1.csv; identity inheritance per final closeout
OFI_02282,ex_b4b198de,래터럴 런지,OFI_AXIS,HIGH_FORCE_NEURAL,,LONG,37.8125,1,MIGRATED_CURRENT_BEHAVIOR,ANALYSIS_CONTRACT_BASELINE_V1,,ex_b4b198de,analysis_contract_baseline_v1.csv; identity inheritance per final closeout
OFI_02283,ex_b4b198de,래터럴 런지,OFI_AXIS,HIGH_SPEED,,LONG,70.125,1,MIGRATED_CURRENT_BEHAVIOR,ANALYSIS_CONTRACT_BASELINE_V1,,ex_b4b198de,analysis_contract_baseline_v1.csv; identity inheritance per final closeout
OFI_02284,ex_b4b198de,래터럴 런지,OFI_AXIS,LOCAL_MUSCULAR,,LONG,58.4375,1,MIGRATED_CURRENT_BEHAVIOR,ANALYSIS_CONTRACT_BASELINE_V1,,ex_b4b198de,analysis_contract_baseline_v1.csv; identity inheritance per final closeout
OFI_02285,ex_b4b198de,래터럴 런지,OFI_AXIS,REACTIVE,,LONG,63.75,1,MIGRATED_CURRENT_BEHAVIOR,ANALYSIS_CONTRACT_BASELINE_V1,,ex_b4b198de,analysis_contract_baseline_v1.csv; identity inheritance per final closeout
OFI_02286,ex_b4b198de,래터럴 런지,OFI_AXIS,SYSTEMIC_MUSCULAR,,LONG,53.125,1,MIGRATED_CURRENT_BEHAVIOR,ANALYSIS_CONTRACT_BASELINE_V1,,ex_b4b198de,analysis_contract_baseline_v1.csv; identity inheritance per final closeout
OFI_02287,ex_b4b198de,래터럴 런지,OFI_DOSE,VOLUME_LOAD,,THREE_CONFIRMED_SETS_20KG_8REPS_600SECONDS_RPE8,0,1,MIGRATED_CURRENT_BEHAVIOR,ANALYSIS_CONTRACT_BASELINE_V1,,ex_b4b198de,analysis_contract_baseline_v1.csv; identity inheritance per final closeout
OFI_02288,ex_b4b198de,래터럴 런지,OFI_GROUP,LUNGE_UNILATERAL_LOWER,,LOCAL_REPEAT_DETECTION,0,1,MIGRATED_CURRENT_BEHAVIOR,ANALYSIS_CONTRACT_BASELINE_V1,,ex_b4b198de,analysis_contract_baseline_v1.csv; identity inheritance per final closeout
OFI_02289,ex_b4b198de,래터럴 런지,OFI_GROUP,LUNGE_UNILATERAL_LOWER,,STRENGTH_COMPARISON,0,1,MIGRATED_CURRENT_BEHAVIOR,ANALYSIS_CONTRACT_BASELINE_V1,,ex_b4b198de,analysis_contract_baseline_v1.csv; identity inheritance per final closeout
OFI_02290,ex_b4b198de,래터럴 런지,OFI_GROUP,LUNGE_UNILATERAL_LOWER,,WORKLOAD_BASELINE,0,1,MIGRATED_CURRENT_BEHAVIOR,ANALYSIS_CONTRACT_BASELINE_V1,,ex_b4b198de,analysis_contract_baseline_v1.csv; identity inheritance per final closeout
OFI_02291,ex_b4b198de,래터럴 런지,OFI_SCORE,HIGH_FORCE_NEURAL,,,47,1,MIGRATED_CURRENT_BEHAVIOR,ANALYSIS_CONTRACT_BASELINE_V1,,ex_b4b198de,analysis_contract_baseline_v1.csv; identity inheritance per final closeout
OFI_02292,ex_b4b198de,래터럴 런지,OFI_SCORE,HIGH_SPEED,,,88,1,MIGRATED_CURRENT_BEHAVIOR,ANALYSIS_CONTRACT_BASELINE_V1,,ex_b4b198de,analysis_contract_baseline_v1.csv; identity inheritance per final closeout
OFI_02293,ex_b4b198de,래터럴 런지,OFI_SCORE,LOCAL_MUSCULAR,,,73,1,MIGRATED_CURRENT_BEHAVIOR,ANALYSIS_CONTRACT_BASELINE_V1,,ex_b4b198de,analysis_contract_baseline_v1.csv; identity inheritance per final closeout
OFI_02294,ex_b4b198de,래터럴 런지,OFI_SCORE,REACTIVE,,,80,1,MIGRATED_CURRENT_BEHAVIOR,ANALYSIS_CONTRACT_BASELINE_V1,,ex_b4b198de,analysis_contract_baseline_v1.csv; identity inheritance per final closeout
OFI_02295,ex_b4b198de,래터럴 런지,OFI_SCORE,SYSTEMIC_MUSCULAR,,,66,1,MIGRATED_CURRENT_BEHAVIOR,ANALYSIS_CONTRACT_BASELINE_V1,,ex_b4b198de,analysis_contract_baseline_v1.csv; identity inheritance per final closeout
OFI_02296,ex_b4b198de,래터럴 런지,OFI_SNAPSHOT,SUMMARY,ELEVATED,LOW,79,1,MIGRATED_CURRENT_BEHAVIOR,ANALYSIS_CONTRACT_BASELINE_V1,,ex_b4b198de,analysis_contract_baseline_v1.csv; identity inheritance per final closeout
OFI_02297,ex_b59bed7d,스탠딩 레그 컬,BADMINTON_FATIGUE_COST,LOW,,,0,1,MIGRATED_CURRENT_BEHAVIOR,ANALYSIS_CONTRACT_BASELINE_V1,,ex_b59bed7d,analysis_contract_baseline_v1.csv; identity inheritance per final closeout
OFI_02298,ex_b59bed7d,스탠딩 레그 컬,OFI_AXIS,HIGH_FORCE_NEURAL,,SHORT,17.1875,1,MIGRATED_CURRENT_BEHAVIOR,ANALYSIS_CONTRACT_BASELINE_V1,,ex_b59bed7d,analysis_contract_baseline_v1.csv; identity inheritance per final closeout
OFI_02299,ex_b59bed7d,스탠딩 레그 컬,OFI_AXIS,HIGH_SPEED,,SHORT,17.1875,1,MIGRATED_CURRENT_BEHAVIOR,ANALYSIS_CONTRACT_BASELINE_V1,,ex_b59bed7d,analysis_contract_baseline_v1.csv; identity inheritance per final closeout
OFI_02300,ex_b59bed7d,스탠딩 레그 컬,OFI_AXIS,LOCAL_MUSCULAR,,SHORT,58.4375,1,MIGRATED_CURRENT_BEHAVIOR,ANALYSIS_CONTRACT_BASELINE_V1,,ex_b59bed7d,analysis_contract_baseline_v1.csv; identity inheritance per final closeout
OFI_02301,ex_b59bed7d,스탠딩 레그 컬,OFI_AXIS,REACTIVE,,SHORT,15.625,1,MIGRATED_CURRENT_BEHAVIOR,ANALYSIS_CONTRACT_BASELINE_V1,,ex_b59bed7d,analysis_contract_baseline_v1.csv; identity inheritance per final closeout
OFI_02302,ex_b59bed7d,스탠딩 레그 컬,OFI_AXIS,SYSTEMIC_MUSCULAR,,SHORT,13.28125,1,MIGRATED_CURRENT_BEHAVIOR,ANALYSIS_CONTRACT_BASELINE_V1,,ex_b59bed7d,analysis_contract_baseline_v1.csv; identity inheritance per final closeout
OFI_02303,ex_b59bed7d,스탠딩 레그 컬,OFI_DOSE,LOAD_REPS,,THREE_CONFIRMED_SETS_20KG_8REPS_600SECONDS_RPE8,0,1,MIGRATED_CURRENT_BEHAVIOR,ANALYSIS_CONTRACT_BASELINE_V1,,ex_b59bed7d,analysis_contract_baseline_v1.csv; identity inheritance per final closeout
OFI_02304,ex_b59bed7d,스탠딩 레그 컬,OFI_GROUP,HAMSTRING_KNEE_FLEXION_ISOLATION,,LOCAL_REPEAT_DETECTION,0,1,MIGRATED_CURRENT_BEHAVIOR,ANALYSIS_CONTRACT_BASELINE_V1,,ex_b59bed7d,analysis_contract_baseline_v1.csv; identity inheritance per final closeout
OFI_02305,ex_b59bed7d,스탠딩 레그 컬,OFI_GROUP,HAMSTRING_KNEE_FLEXION_ISOLATION,,STRENGTH_COMPARISON,0,1,MIGRATED_CURRENT_BEHAVIOR,ANALYSIS_CONTRACT_BASELINE_V1,,ex_b59bed7d,analysis_contract_baseline_v1.csv; identity inheritance per final closeout
OFI_02306,ex_b59bed7d,스탠딩 레그 컬,OFI_GROUP,HAMSTRING_KNEE_FLEXION_ISOLATION,,WORKLOAD_BASELINE,0,1,MIGRATED_CURRENT_BEHAVIOR,ANALYSIS_CONTRACT_BASELINE_V1,,ex_b59bed7d,analysis_contract_baseline_v1.csv; identity inheritance per final closeout
OFI_02307,ex_b59bed7d,스탠딩 레그 컬,OFI_SCORE,HIGH_FORCE_NEURAL,,,21,1,MIGRATED_CURRENT_BEHAVIOR,ANALYSIS_CONTRACT_BASELINE_V1,,ex_b59bed7d,analysis_contract_baseline_v1.csv; identity inheritance per final closeout
OFI_02308,ex_b59bed7d,스탠딩 레그 컬,OFI_SCORE,HIGH_SPEED,,,21,1,MIGRATED_CURRENT_BEHAVIOR,ANALYSIS_CONTRACT_BASELINE_V1,,ex_b59bed7d,analysis_contract_baseline_v1.csv; identity inheritance per final closeout
OFI_02309,ex_b59bed7d,스탠딩 레그 컬,OFI_SCORE,LOCAL_MUSCULAR,,,73,1,MIGRATED_CURRENT_BEHAVIOR,ANALYSIS_CONTRACT_BASELINE_V1,,ex_b59bed7d,analysis_contract_baseline_v1.csv; identity inheritance per final closeout
OFI_02310,ex_b59bed7d,스탠딩 레그 컬,OFI_SCORE,REACTIVE,,,20,1,MIGRATED_CURRENT_BEHAVIOR,ANALYSIS_CONTRACT_BASELINE_V1,,ex_b59bed7d,analysis_contract_baseline_v1.csv; identity inheritance per final closeout
OFI_02311,ex_b59bed7d,스탠딩 레그 컬,OFI_SCORE,SYSTEMIC_MUSCULAR,,,17,1,MIGRATED_CURRENT_BEHAVIOR,ANALYSIS_CONTRACT_BASELINE_V1,,ex_b59bed7d,analysis_contract_baseline_v1.csv; identity inheritance per final closeout
OFI_02312,ex_b59bed7d,스탠딩 레그 컬,OFI_SNAPSHOT,SUMMARY,LOW,LOW,39,1,MIGRATED_CURRENT_BEHAVIOR,ANALYSIS_CONTRACT_BASELINE_V1,,ex_b59bed7d,analysis_contract_baseline_v1.csv; identity inheritance per final closeout
OFI_02313,ex_b69ab702,크로스바디 해머 컬,BADMINTON_FATIGUE_COST,LOW,,,0,1,MIGRATED_CURRENT_BEHAVIOR,ANALYSIS_CONTRACT_BASELINE_V1,,ex_b69ab702,analysis_contract_baseline_v1.csv; identity inheritance per final closeout
OFI_02314,ex_b69ab702,크로스바디 해머 컬,OFI_AXIS,HIGH_FORCE_NEURAL,,SHORT,17.1875,1,MIGRATED_CURRENT_BEHAVIOR,ANALYSIS_CONTRACT_BASELINE_V1,,ex_b69ab702,analysis_contract_baseline_v1.csv; identity inheritance per final closeout
OFI_02315,ex_b69ab702,크로스바디 해머 컬,OFI_AXIS,HIGH_SPEED,,SHORT,17.1875,1,MIGRATED_CURRENT_BEHAVIOR,ANALYSIS_CONTRACT_BASELINE_V1,,ex_b69ab702,analysis_contract_baseline_v1.csv; identity inheritance per final closeout
OFI_02316,ex_b69ab702,크로스바디 해머 컬,OFI_AXIS,LOCAL_MUSCULAR,,SHORT,58.4375,1,MIGRATED_CURRENT_BEHAVIOR,ANALYSIS_CONTRACT_BASELINE_V1,,ex_b69ab702,analysis_contract_baseline_v1.csv; identity inheritance per final closeout
OFI_02317,ex_b69ab702,크로스바디 해머 컬,OFI_AXIS,REACTIVE,,SHORT,15.625,1,MIGRATED_CURRENT_BEHAVIOR,ANALYSIS_CONTRACT_BASELINE_V1,,ex_b69ab702,analysis_contract_baseline_v1.csv; identity inheritance per final closeout
OFI_02318,ex_b69ab702,크로스바디 해머 컬,OFI_AXIS,SYSTEMIC_MUSCULAR,,SHORT,13.28125,1,MIGRATED_CURRENT_BEHAVIOR,ANALYSIS_CONTRACT_BASELINE_V1,,ex_b69ab702,analysis_contract_baseline_v1.csv; identity inheritance per final closeout
OFI_02319,ex_b69ab702,크로스바디 해머 컬,OFI_DOSE,VOLUME_LOAD,,THREE_CONFIRMED_SETS_20KG_8REPS_600SECONDS_RPE8,0,1,MIGRATED_CURRENT_BEHAVIOR,ANALYSIS_CONTRACT_BASELINE_V1,,ex_b69ab702,analysis_contract_baseline_v1.csv; identity inheritance per final closeout
OFI_02320,ex_b69ab702,크로스바디 해머 컬,OFI_GROUP,ELBOW_FLEXION_NEUTRAL_PRONATED_CURL,,LOCAL_REPEAT_DETECTION,0,1,MIGRATED_CURRENT_BEHAVIOR,ANALYSIS_CONTRACT_BASELINE_V1,,ex_b69ab702,analysis_contract_baseline_v1.csv; identity inheritance per final closeout
OFI_02321,ex_b69ab702,크로스바디 해머 컬,OFI_GROUP,ELBOW_FLEXION_NEUTRAL_PRONATED_CURL,,STRENGTH_COMPARISON,0,1,MIGRATED_CURRENT_BEHAVIOR,ANALYSIS_CONTRACT_BASELINE_V1,,ex_b69ab702,analysis_contract_baseline_v1.csv; identity inheritance per final closeout
OFI_02322,ex_b69ab702,크로스바디 해머 컬,OFI_GROUP,ELBOW_FLEXION_NEUTRAL_PRONATED_CURL,,WORKLOAD_BASELINE,0,1,MIGRATED_CURRENT_BEHAVIOR,ANALYSIS_CONTRACT_BASELINE_V1,,ex_b69ab702,analysis_contract_baseline_v1.csv; identity inheritance per final closeout
OFI_02323,ex_b69ab702,크로스바디 해머 컬,OFI_SCORE,HIGH_FORCE_NEURAL,,,21,1,MIGRATED_CURRENT_BEHAVIOR,ANALYSIS_CONTRACT_BASELINE_V1,,ex_b69ab702,analysis_contract_baseline_v1.csv; identity inheritance per final closeout
OFI_02324,ex_b69ab702,크로스바디 해머 컬,OFI_SCORE,HIGH_SPEED,,,21,1,MIGRATED_CURRENT_BEHAVIOR,ANALYSIS_CONTRACT_BASELINE_V1,,ex_b69ab702,analysis_contract_baseline_v1.csv; identity inheritance per final closeout
OFI_02325,ex_b69ab702,크로스바디 해머 컬,OFI_SCORE,LOCAL_MUSCULAR,,,73,1,MIGRATED_CURRENT_BEHAVIOR,ANALYSIS_CONTRACT_BASELINE_V1,,ex_b69ab702,analysis_contract_baseline_v1.csv; identity inheritance per final closeout
OFI_02326,ex_b69ab702,크로스바디 해머 컬,OFI_SCORE,REACTIVE,,,20,1,MIGRATED_CURRENT_BEHAVIOR,ANALYSIS_CONTRACT_BASELINE_V1,,ex_b69ab702,analysis_contract_baseline_v1.csv; identity inheritance per final closeout
OFI_02327,ex_b69ab702,크로스바디 해머 컬,OFI_SCORE,SYSTEMIC_MUSCULAR,,,17,1,MIGRATED_CURRENT_BEHAVIOR,ANALYSIS_CONTRACT_BASELINE_V1,,ex_b69ab702,analysis_contract_baseline_v1.csv; identity inheritance per final closeout
OFI_02328,ex_b69ab702,크로스바디 해머 컬,OFI_SNAPSHOT,SUMMARY,LOW,LOW,39,1,MIGRATED_CURRENT_BEHAVIOR,ANALYSIS_CONTRACT_BASELINE_V1,,ex_b69ab702,analysis_contract_baseline_v1.csv; identity inheritance per final closeout
OFI_02329,ex_b76d3f92,케이블 래터럴 레이즈,BADMINTON_FATIGUE_COST,MEDIUM,,,0,1,MIGRATED_CURRENT_BEHAVIOR,ANALYSIS_CONTRACT_BASELINE_V1,,ex_b76d3f92,analysis_contract_baseline_v1.csv; identity inheritance per final closeout
OFI_02330,ex_b76d3f92,케이블 래터럴 레이즈,OFI_AXIS,HIGH_FORCE_NEURAL,,SHORT,17.1875,1,MIGRATED_CURRENT_BEHAVIOR,ANALYSIS_CONTRACT_BASELINE_V1,,ex_b76d3f92,analysis_contract_baseline_v1.csv; identity inheritance per final closeout
OFI_02331,ex_b76d3f92,케이블 래터럴 레이즈,OFI_AXIS,HIGH_SPEED,,SHORT,17.1875,1,MIGRATED_CURRENT_BEHAVIOR,ANALYSIS_CONTRACT_BASELINE_V1,,ex_b76d3f92,analysis_contract_baseline_v1.csv; identity inheritance per final closeout
OFI_02332,ex_b76d3f92,케이블 래터럴 레이즈,OFI_AXIS,LOCAL_MUSCULAR,,SHORT,58.4375,1,MIGRATED_CURRENT_BEHAVIOR,ANALYSIS_CONTRACT_BASELINE_V1,,ex_b76d3f92,analysis_contract_baseline_v1.csv; identity inheritance per final closeout
OFI_02333,ex_b76d3f92,케이블 래터럴 레이즈,OFI_AXIS,REACTIVE,,SHORT,15.625,1,MIGRATED_CURRENT_BEHAVIOR,ANALYSIS_CONTRACT_BASELINE_V1,,ex_b76d3f92,analysis_contract_baseline_v1.csv; identity inheritance per final closeout
OFI_02334,ex_b76d3f92,케이블 래터럴 레이즈,OFI_AXIS,SYSTEMIC_MUSCULAR,,SHORT,10.9375,1,MIGRATED_CURRENT_BEHAVIOR,ANALYSIS_CONTRACT_BASELINE_V1,,ex_b76d3f92,analysis_contract_baseline_v1.csv; identity inheritance per final closeout
OFI_02335,ex_b76d3f92,케이블 래터럴 레이즈,OFI_DOSE,VOLUME_LOAD,,THREE_CONFIRMED_SETS_20KG_8REPS_600SECONDS_RPE8,0,1,MIGRATED_CURRENT_BEHAVIOR,ANALYSIS_CONTRACT_BASELINE_V1,,ex_b76d3f92,analysis_contract_baseline_v1.csv; identity inheritance per final closeout
OFI_02336,ex_b76d3f92,케이블 래터럴 레이즈,OFI_GROUP,LATERAL_DELTOID_ISOLATION,,LOCAL_REPEAT_DETECTION,0,1,MIGRATED_CURRENT_BEHAVIOR,ANALYSIS_CONTRACT_BASELINE_V1,,ex_b76d3f92,analysis_contract_baseline_v1.csv; identity inheritance per final closeout
OFI_02337,ex_b76d3f92,케이블 래터럴 레이즈,OFI_GROUP,LATERAL_DELTOID_ISOLATION,,STRENGTH_COMPARISON,0,1,MIGRATED_CURRENT_BEHAVIOR,ANALYSIS_CONTRACT_BASELINE_V1,,ex_b76d3f92,analysis_contract_baseline_v1.csv; identity inheritance per final closeout
OFI_02338,ex_b76d3f92,케이블 래터럴 레이즈,OFI_GROUP,LATERAL_DELTOID_ISOLATION,,WORKLOAD_BASELINE,0,1,MIGRATED_CURRENT_BEHAVIOR,ANALYSIS_CONTRACT_BASELINE_V1,,ex_b76d3f92,analysis_contract_baseline_v1.csv; identity inheritance per final closeout
OFI_02339,ex_b76d3f92,케이블 래터럴 레이즈,OFI_SCORE,HIGH_FORCE_NEURAL,,,21,1,MIGRATED_CURRENT_BEHAVIOR,ANALYSIS_CONTRACT_BASELINE_V1,,ex_b76d3f92,analysis_contract_baseline_v1.csv; identity inheritance per final closeout
OFI_02340,ex_b76d3f92,케이블 래터럴 레이즈,OFI_SCORE,HIGH_SPEED,,,21,1,MIGRATED_CURRENT_BEHAVIOR,ANALYSIS_CONTRACT_BASELINE_V1,,ex_b76d3f92,analysis_contract_baseline_v1.csv; identity inheritance per final closeout
OFI_02341,ex_b76d3f92,케이블 래터럴 레이즈,OFI_SCORE,LOCAL_MUSCULAR,,,73,1,MIGRATED_CURRENT_BEHAVIOR,ANALYSIS_CONTRACT_BASELINE_V1,,ex_b76d3f92,analysis_contract_baseline_v1.csv; identity inheritance per final closeout
OFI_02342,ex_b76d3f92,케이블 래터럴 레이즈,OFI_SCORE,REACTIVE,,,20,1,MIGRATED_CURRENT_BEHAVIOR,ANALYSIS_CONTRACT_BASELINE_V1,,ex_b76d3f92,analysis_contract_baseline_v1.csv; identity inheritance per final closeout
OFI_02343,ex_b76d3f92,케이블 래터럴 레이즈,OFI_SCORE,SYSTEMIC_MUSCULAR,,,14,1,MIGRATED_CURRENT_BEHAVIOR,ANALYSIS_CONTRACT_BASELINE_V1,,ex_b76d3f92,analysis_contract_baseline_v1.csv; identity inheritance per final closeout
OFI_02344,ex_b76d3f92,케이블 래터럴 레이즈,OFI_SNAPSHOT,SUMMARY,LOW,LOW,39,1,MIGRATED_CURRENT_BEHAVIOR,ANALYSIS_CONTRACT_BASELINE_V1,,ex_b76d3f92,analysis_contract_baseline_v1.csv; identity inheritance per final closeout
OFI_02345,ex_b78a8f95,레그 익스텐션,BADMINTON_FATIGUE_COST,VERY_HIGH,,,0,1,MIGRATED_CURRENT_BEHAVIOR,ANALYSIS_CONTRACT_BASELINE_V1,,ex_b78a8f95,analysis_contract_baseline_v1.csv; identity inheritance per final closeout
OFI_02346,ex_b78a8f95,레그 익스텐션,OFI_AXIS,HIGH_FORCE_NEURAL,,SHORT,17.1875,1,MIGRATED_CURRENT_BEHAVIOR,ANALYSIS_CONTRACT_BASELINE_V1,,ex_b78a8f95,analysis_contract_baseline_v1.csv; identity inheritance per final closeout
OFI_02347,ex_b78a8f95,레그 익스텐션,OFI_AXIS,HIGH_SPEED,,SHORT,17.1875,1,MIGRATED_CURRENT_BEHAVIOR,ANALYSIS_CONTRACT_BASELINE_V1,,ex_b78a8f95,analysis_contract_baseline_v1.csv; identity inheritance per final closeout
OFI_02348,ex_b78a8f95,레그 익스텐션,OFI_AXIS,LOCAL_MUSCULAR,,SHORT,58.4375,1,MIGRATED_CURRENT_BEHAVIOR,ANALYSIS_CONTRACT_BASELINE_V1,,ex_b78a8f95,analysis_contract_baseline_v1.csv; identity inheritance per final closeout
OFI_02349,ex_b78a8f95,레그 익스텐션,OFI_AXIS,REACTIVE,,SHORT,15.625,1,MIGRATED_CURRENT_BEHAVIOR,ANALYSIS_CONTRACT_BASELINE_V1,,ex_b78a8f95,analysis_contract_baseline_v1.csv; identity inheritance per final closeout
OFI_02350,ex_b78a8f95,레그 익스텐션,OFI_AXIS,SYSTEMIC_MUSCULAR,,SHORT,10.9375,1,MIGRATED_CURRENT_BEHAVIOR,ANALYSIS_CONTRACT_BASELINE_V1,,ex_b78a8f95,analysis_contract_baseline_v1.csv; identity inheritance per final closeout
OFI_02351,ex_b78a8f95,레그 익스텐션,OFI_DOSE,LOAD_REPS,,THREE_CONFIRMED_SETS_20KG_8REPS_600SECONDS_RPE8,0,1,MIGRATED_CURRENT_BEHAVIOR,ANALYSIS_CONTRACT_BASELINE_V1,,ex_b78a8f95,analysis_contract_baseline_v1.csv; identity inheritance per final closeout
OFI_02352,ex_b78a8f95,레그 익스텐션,OFI_GROUP,KNEE_EXTENSION_QUAD_ISOLATION,,LOCAL_REPEAT_DETECTION,0,1,MIGRATED_CURRENT_BEHAVIOR,ANALYSIS_CONTRACT_BASELINE_V1,,ex_b78a8f95,analysis_contract_baseline_v1.csv; identity inheritance per final closeout
OFI_02353,ex_b78a8f95,레그 익스텐션,OFI_GROUP,KNEE_EXTENSION_QUAD_ISOLATION,,STRENGTH_COMPARISON,0,1,MIGRATED_CURRENT_BEHAVIOR,ANALYSIS_CONTRACT_BASELINE_V1,,ex_b78a8f95,analysis_contract_baseline_v1.csv; identity inheritance per final closeout
OFI_02354,ex_b78a8f95,레그 익스텐션,OFI_GROUP,KNEE_EXTENSION_QUAD_ISOLATION,,WORKLOAD_BASELINE,0,1,MIGRATED_CURRENT_BEHAVIOR,ANALYSIS_CONTRACT_BASELINE_V1,,ex_b78a8f95,analysis_contract_baseline_v1.csv; identity inheritance per final closeout
OFI_02355,ex_b78a8f95,레그 익스텐션,OFI_SCORE,HIGH_FORCE_NEURAL,,,21,1,MIGRATED_CURRENT_BEHAVIOR,ANALYSIS_CONTRACT_BASELINE_V1,,ex_b78a8f95,analysis_contract_baseline_v1.csv; identity inheritance per final closeout
OFI_02356,ex_b78a8f95,레그 익스텐션,OFI_SCORE,HIGH_SPEED,,,21,1,MIGRATED_CURRENT_BEHAVIOR,ANALYSIS_CONTRACT_BASELINE_V1,,ex_b78a8f95,analysis_contract_baseline_v1.csv; identity inheritance per final closeout
OFI_02357,ex_b78a8f95,레그 익스텐션,OFI_SCORE,LOCAL_MUSCULAR,,,73,1,MIGRATED_CURRENT_BEHAVIOR,ANALYSIS_CONTRACT_BASELINE_V1,,ex_b78a8f95,analysis_contract_baseline_v1.csv; identity inheritance per final closeout
OFI_02358,ex_b78a8f95,레그 익스텐션,OFI_SCORE,REACTIVE,,,20,1,MIGRATED_CURRENT_BEHAVIOR,ANALYSIS_CONTRACT_BASELINE_V1,,ex_b78a8f95,analysis_contract_baseline_v1.csv; identity inheritance per final closeout
OFI_02359,ex_b78a8f95,레그 익스텐션,OFI_SCORE,SYSTEMIC_MUSCULAR,,,14,1,MIGRATED_CURRENT_BEHAVIOR,ANALYSIS_CONTRACT_BASELINE_V1,,ex_b78a8f95,analysis_contract_baseline_v1.csv; identity inheritance per final closeout
OFI_02360,ex_b78a8f95,레그 익스텐션,OFI_SNAPSHOT,SUMMARY,LOW,LOW,39,1,MIGRATED_CURRENT_BEHAVIOR,ANALYSIS_CONTRACT_BASELINE_V1,,ex_b78a8f95,analysis_contract_baseline_v1.csv; identity inheritance per final closeout
OFI_02361,ex_badminton_lesson,배드민턴 레슨,BADMINTON_FATIGUE_COST,MEDIUM,,,0,1,MIGRATED_CURRENT_BEHAVIOR,ANALYSIS_CONTRACT_BASELINE_V1,,ex_badminton_lesson,analysis_contract_baseline_v1.csv; identity inheritance per final closeout
OFI_02362,ex_badminton_lesson,배드민턴 레슨,OFI_AXIS,HIGH_FORCE_NEURAL,,MEDIUM,17.1875,1,MIGRATED_CURRENT_BEHAVIOR,ANALYSIS_CONTRACT_BASELINE_V1,,ex_badminton_lesson,analysis_contract_baseline_v1.csv; identity inheritance per final closeout
OFI_02363,ex_badminton_lesson,배드민턴 레슨,OFI_AXIS,HIGH_SPEED,,MEDIUM,67.203125,1,MIGRATED_CURRENT_BEHAVIOR,ANALYSIS_CONTRACT_BASELINE_V1,,ex_badminton_lesson,analysis_contract_baseline_v1.csv; identity inheritance per final closeout
OFI_02364,ex_badminton_lesson,배드민턴 레슨,OFI_AXIS,LOCAL_MUSCULAR,,MEDIUM,37.8125,1,MIGRATED_CURRENT_BEHAVIOR,ANALYSIS_CONTRACT_BASELINE_V1,,ex_badminton_lesson,analysis_contract_baseline_v1.csv; identity inheritance per final closeout
OFI_02365,ex_badminton_lesson,배드민턴 레슨,OFI_AXIS,REACTIVE,,MEDIUM,76.5,1,MIGRATED_CURRENT_BEHAVIOR,ANALYSIS_CONTRACT_BASELINE_V1,,ex_badminton_lesson,analysis_contract_baseline_v1.csv; identity inheritance per final closeout
OFI_02366,ex_badminton_lesson,배드민턴 레슨,OFI_AXIS,SYSTEMIC_MUSCULAR,,MEDIUM,41.25,1,MIGRATED_CURRENT_BEHAVIOR,ANALYSIS_CONTRACT_BASELINE_V1,,ex_badminton_lesson,analysis_contract_baseline_v1.csv; identity inheritance per final closeout
OFI_02367,ex_badminton_lesson,배드민턴 레슨,OFI_DOSE,SESSION_DURATION,,THREE_CONFIRMED_SETS_20KG_8REPS_600SECONDS_RPE8,0,1,MIGRATED_CURRENT_BEHAVIOR,ANALYSIS_CONTRACT_BASELINE_V1,,ex_badminton_lesson,analysis_contract_baseline_v1.csv; identity inheritance per final closeout
OFI_02368,ex_badminton_lesson,배드민턴 레슨,OFI_GROUP,NOT_APPLICABLE,,LOCAL_REPEAT_DETECTION,0,1,MIGRATED_CURRENT_BEHAVIOR,ANALYSIS_CONTRACT_BASELINE_V1,,ex_badminton_lesson,analysis_contract_baseline_v1.csv; identity inheritance per final closeout
OFI_02369,ex_badminton_lesson,배드민턴 레슨,OFI_GROUP,NOT_APPLICABLE,,STRENGTH_COMPARISON,0,1,MIGRATED_CURRENT_BEHAVIOR,ANALYSIS_CONTRACT_BASELINE_V1,,ex_badminton_lesson,analysis_contract_baseline_v1.csv; identity inheritance per final closeout
OFI_02370,ex_badminton_lesson,배드민턴 레슨,OFI_GROUP,NOT_APPLICABLE,,WORKLOAD_BASELINE,0,1,MIGRATED_CURRENT_BEHAVIOR,ANALYSIS_CONTRACT_BASELINE_V1,,ex_badminton_lesson,analysis_contract_baseline_v1.csv; identity inheritance per final closeout
OFI_02371,ex_badminton_lesson,배드민턴 레슨,OFI_SCORE,HIGH_FORCE_NEURAL,,,21,1,MIGRATED_CURRENT_BEHAVIOR,ANALYSIS_CONTRACT_BASELINE_V1,,ex_badminton_lesson,analysis_contract_baseline_v1.csv; identity inheritance per final closeout
OFI_02372,ex_badminton_lesson,배드민턴 레슨,OFI_SCORE,HIGH_SPEED,,,84,1,MIGRATED_CURRENT_BEHAVIOR,ANALYSIS_CONTRACT_BASELINE_V1,,ex_badminton_lesson,analysis_contract_baseline_v1.csv; identity inheritance per final closeout
OFI_02373,ex_badminton_lesson,배드민턴 레슨,OFI_SCORE,LOCAL_MUSCULAR,,,47,1,MIGRATED_CURRENT_BEHAVIOR,ANALYSIS_CONTRACT_BASELINE_V1,,ex_badminton_lesson,analysis_contract_baseline_v1.csv; identity inheritance per final closeout
OFI_02374,ex_badminton_lesson,배드민턴 레슨,OFI_SCORE,REACTIVE,,,96,1,MIGRATED_CURRENT_BEHAVIOR,ANALYSIS_CONTRACT_BASELINE_V1,,ex_badminton_lesson,analysis_contract_baseline_v1.csv; identity inheritance per final closeout
OFI_02375,ex_badminton_lesson,배드민턴 레슨,OFI_SCORE,SYSTEMIC_MUSCULAR,,,52,1,MIGRATED_CURRENT_BEHAVIOR,ANALYSIS_CONTRACT_BASELINE_V1,,ex_badminton_lesson,analysis_contract_baseline_v1.csv; identity inheritance per final closeout
OFI_02376,ex_badminton_lesson,배드민턴 레슨,OFI_SNAPSHOT,SUMMARY,ELEVATED,LOW,77,1,MIGRATED_CURRENT_BEHAVIOR,ANALYSIS_CONTRACT_BASELINE_V1,,ex_badminton_lesson,analysis_contract_baseline_v1.csv; identity inheritance per final closeout
OFI_02377,ex_bb4b4276,등받이 없는 덤벨 시티드 숄더프레스,BADMINTON_FATIGUE_COST,MEDIUM,,,0,1,MIGRATED_CURRENT_BEHAVIOR,ANALYSIS_CONTRACT_BASELINE_V1,,ex_bb4b4276,analysis_contract_baseline_v1.csv; identity inheritance per final closeout
OFI_02378,ex_bb4b4276,등받이 없는 덤벨 시티드 숄더프레스,OFI_AXIS,HIGH_FORCE_NEURAL,,MEDIUM,37.8125,1,MIGRATED_CURRENT_BEHAVIOR,ANALYSIS_CONTRACT_BASELINE_V1,,ex_bb4b4276,analysis_contract_baseline_v1.csv; identity inheritance per final closeout
OFI_02379,ex_bb4b4276,등받이 없는 덤벨 시티드 숄더프레스,OFI_AXIS,HIGH_SPEED,,MEDIUM,17.1875,1,MIGRATED_CURRENT_BEHAVIOR,ANALYSIS_CONTRACT_BASELINE_V1,,ex_bb4b4276,analysis_contract_baseline_v1.csv; identity inheritance per final closeout
OFI_02380,ex_bb4b4276,등받이 없는 덤벨 시티드 숄더프레스,OFI_AXIS,LOCAL_MUSCULAR,,MEDIUM,58.4375,1,MIGRATED_CURRENT_BEHAVIOR,ANALYSIS_CONTRACT_BASELINE_V1,,ex_bb4b4276,analysis_contract_baseline_v1.csv; identity inheritance per final closeout
OFI_02381,ex_bb4b4276,등받이 없는 덤벨 시티드 숄더프레스,OFI_AXIS,REACTIVE,,MEDIUM,15.625,1,MIGRATED_CURRENT_BEHAVIOR,ANALYSIS_CONTRACT_BASELINE_V1,,ex_bb4b4276,analysis_contract_baseline_v1.csv; identity inheritance per final closeout
OFI_02382,ex_bb4b4276,등받이 없는 덤벨 시티드 숄더프레스,OFI_AXIS,SYSTEMIC_MUSCULAR,,MEDIUM,29.21875,1,MIGRATED_CURRENT_BEHAVIOR,ANALYSIS_CONTRACT_BASELINE_V1,,ex_bb4b4276,analysis_contract_baseline_v1.csv; identity inheritance per final closeout
OFI_02383,ex_bb4b4276,등받이 없는 덤벨 시티드 숄더프레스,OFI_DOSE,LOAD_REPS,,THREE_CONFIRMED_SETS_20KG_8REPS_600SECONDS_RPE8,0,1,MIGRATED_CURRENT_BEHAVIOR,ANALYSIS_CONTRACT_BASELINE_V1,,ex_bb4b4276,analysis_contract_baseline_v1.csv; identity inheritance per final closeout
OFI_02384,ex_bb4b4276,등받이 없는 덤벨 시티드 숄더프레스,OFI_GROUP,OVERHEAD_PRESS_SHOULDER_DOMINANT,,LOCAL_REPEAT_DETECTION,0,1,MIGRATED_CURRENT_BEHAVIOR,ANALYSIS_CONTRACT_BASELINE_V1,,ex_bb4b4276,analysis_contract_baseline_v1.csv; identity inheritance per final closeout
OFI_02385,ex_bb4b4276,등받이 없는 덤벨 시티드 숄더프레스,OFI_GROUP,OVERHEAD_PRESS_SHOULDER_DOMINANT,,STRENGTH_COMPARISON,0,1,MIGRATED_CURRENT_BEHAVIOR,ANALYSIS_CONTRACT_BASELINE_V1,,ex_bb4b4276,analysis_contract_baseline_v1.csv; identity inheritance per final closeout
OFI_02386,ex_bb4b4276,등받이 없는 덤벨 시티드 숄더프레스,OFI_GROUP,OVERHEAD_PRESS_SHOULDER_DOMINANT,,WORKLOAD_BASELINE,0,1,MIGRATED_CURRENT_BEHAVIOR,ANALYSIS_CONTRACT_BASELINE_V1,,ex_bb4b4276,analysis_contract_baseline_v1.csv; identity inheritance per final closeout
OFI_02387,ex_bb4b4276,등받이 없는 덤벨 시티드 숄더프레스,OFI_SCORE,HIGH_FORCE_NEURAL,,,47,1,MIGRATED_CURRENT_BEHAVIOR,ANALYSIS_CONTRACT_BASELINE_V1,,ex_bb4b4276,analysis_contract_baseline_v1.csv; identity inheritance per final closeout
OFI_02388,ex_bb4b4276,등받이 없는 덤벨 시티드 숄더프레스,OFI_SCORE,HIGH_SPEED,,,21,1,MIGRATED_CURRENT_BEHAVIOR,ANALYSIS_CONTRACT_BASELINE_V1,,ex_bb4b4276,analysis_contract_baseline_v1.csv; identity inheritance per final closeout
OFI_02389,ex_bb4b4276,등받이 없는 덤벨 시티드 숄더프레스,OFI_SCORE,LOCAL_MUSCULAR,,,73,1,MIGRATED_CURRENT_BEHAVIOR,ANALYSIS_CONTRACT_BASELINE_V1,,ex_bb4b4276,analysis_contract_baseline_v1.csv; identity inheritance per final closeout
OFI_02390,ex_bb4b4276,등받이 없는 덤벨 시티드 숄더프레스,OFI_SCORE,REACTIVE,,,20,1,MIGRATED_CURRENT_BEHAVIOR,ANALYSIS_CONTRACT_BASELINE_V1,,ex_bb4b4276,analysis_contract_baseline_v1.csv; identity inheritance per final closeout
OFI_02391,ex_bb4b4276,등받이 없는 덤벨 시티드 숄더프레스,OFI_SCORE,SYSTEMIC_MUSCULAR,,,37,1,MIGRATED_CURRENT_BEHAVIOR,ANALYSIS_CONTRACT_BASELINE_V1,,ex_bb4b4276,analysis_contract_baseline_v1.csv; identity inheritance per final closeout
OFI_02392,ex_bb4b4276,등받이 없는 덤벨 시티드 숄더프레스,OFI_SNAPSHOT,SUMMARY,NORMAL,LOW,43,1,MIGRATED_CURRENT_BEHAVIOR,ANALYSIS_CONTRACT_BASELINE_V1,,ex_bb4b4276,analysis_contract_baseline_v1.csv; identity inheritance per final closeout
OFI_02393,ex_bc84eb7f,6방향 랜덤 콕줍기,BADMINTON_FATIGUE_COST,HIGH,,,0,1,MIGRATED_CURRENT_BEHAVIOR,ANALYSIS_CONTRACT_BASELINE_V1,,ex_bc84eb7f,analysis_contract_baseline_v1.csv; identity inheritance per final closeout
OFI_02394,ex_bc84eb7f,6방향 랜덤 콕줍기,OFI_AXIS,HIGH_FORCE_NEURAL,,MEDIUM,17.1875,1,MIGRATED_CURRENT_BEHAVIOR,ANALYSIS_CONTRACT_BASELINE_V1,,ex_bc84eb7f,analysis_contract_baseline_v1.csv; identity inheritance per final closeout
OFI_02395,ex_bc84eb7f,6방향 랜덤 콕줍기,OFI_AXIS,HIGH_SPEED,,MEDIUM,85.9375,1,MIGRATED_CURRENT_BEHAVIOR,ANALYSIS_CONTRACT_BASELINE_V1,,ex_bc84eb7f,analysis_contract_baseline_v1.csv; identity inheritance per final closeout
OFI_02396,ex_bc84eb7f,6방향 랜덤 콕줍기,OFI_AXIS,LOCAL_MUSCULAR,,MEDIUM,58.4375,1,MIGRATED_CURRENT_BEHAVIOR,ANALYSIS_CONTRACT_BASELINE_V1,,ex_bc84eb7f,analysis_contract_baseline_v1.csv; identity inheritance per final closeout
OFI_02397,ex_bc84eb7f,6방향 랜덤 콕줍기,OFI_AXIS,REACTIVE,,MEDIUM,93.75,1,MIGRATED_CURRENT_BEHAVIOR,ANALYSIS_CONTRACT_BASELINE_V1,,ex_bc84eb7f,analysis_contract_baseline_v1.csv; identity inheritance per final closeout
OFI_02398,ex_bc84eb7f,6방향 랜덤 콕줍기,OFI_AXIS,SYSTEMIC_MUSCULAR,,MEDIUM,53.125,1,MIGRATED_CURRENT_BEHAVIOR,ANALYSIS_CONTRACT_BASELINE_V1,,ex_bc84eb7f,analysis_contract_baseline_v1.csv; identity inheritance per final closeout
OFI_02399,ex_bc84eb7f,6방향 랜덤 콕줍기,OFI_CAUTION,HIGH_SPEED_CAUTION,,,0,1,MIGRATED_CURRENT_BEHAVIOR,ANALYSIS_CONTRACT_BASELINE_V1,,ex_bc84eb7f,analysis_contract_baseline_v1.csv; identity inheritance per final closeout
OFI_02400,ex_bc84eb7f,6방향 랜덤 콕줍기,OFI_CAUTION,REACTIVE_CAUTION,,,0,1,MIGRATED_CURRENT_BEHAVIOR,ANALYSIS_CONTRACT_BASELINE_V1,,ex_bc84eb7f,analysis_contract_baseline_v1.csv; identity inheritance per final closeout
OFI_02401,ex_bc84eb7f,6방향 랜덤 콕줍기,OFI_DOSE,DISTANCE_OR_TIME,,THREE_CONFIRMED_SETS_20KG_8REPS_600SECONDS_RPE8,0,1,MIGRATED_CURRENT_BEHAVIOR,ANALYSIS_CONTRACT_BASELINE_V1,,ex_bc84eb7f,analysis_contract_baseline_v1.csv; identity inheritance per final closeout
OFI_02402,ex_bc84eb7f,6방향 랜덤 콕줍기,OFI_GROUP,BADMINTON_COURT_FOOTWORK,,LOCAL_REPEAT_DETECTION,0,1,MIGRATED_CURRENT_BEHAVIOR,ANALYSIS_CONTRACT_BASELINE_V1,,ex_bc84eb7f,analysis_contract_baseline_v1.csv; identity inheritance per final closeout
OFI_02403,ex_bc84eb7f,6방향 랜덤 콕줍기,OFI_GROUP,NOT_APPLICABLE,,STRENGTH_COMPARISON,0,1,MIGRATED_CURRENT_BEHAVIOR,ANALYSIS_CONTRACT_BASELINE_V1,,ex_bc84eb7f,analysis_contract_baseline_v1.csv; identity inheritance per final closeout
OFI_02404,ex_bc84eb7f,6방향 랜덤 콕줍기,OFI_GROUP,NOT_APPLICABLE,,WORKLOAD_BASELINE,0,1,MIGRATED_CURRENT_BEHAVIOR,ANALYSIS_CONTRACT_BASELINE_V1,,ex_bc84eb7f,analysis_contract_baseline_v1.csv; identity inheritance per final closeout
OFI_02405,ex_bc84eb7f,6방향 랜덤 콕줍기,OFI_SCORE,HIGH_FORCE_NEURAL,,,21,1,MIGRATED_CURRENT_BEHAVIOR,ANALYSIS_CONTRACT_BASELINE_V1,,ex_bc84eb7f,analysis_contract_baseline_v1.csv; identity inheritance per final closeout
OFI_02406,ex_bc84eb7f,6방향 랜덤 콕줍기,OFI_SCORE,HIGH_SPEED,,,100,1,MIGRATED_CURRENT_BEHAVIOR,ANALYSIS_CONTRACT_BASELINE_V1,,ex_bc84eb7f,analysis_contract_baseline_v1.csv; identity inheritance per final closeout
OFI_02407,ex_bc84eb7f,6방향 랜덤 콕줍기,OFI_SCORE,LOCAL_MUSCULAR,,,73,1,MIGRATED_CURRENT_BEHAVIOR,ANALYSIS_CONTRACT_BASELINE_V1,,ex_bc84eb7f,analysis_contract_baseline_v1.csv; identity inheritance per final closeout
OFI_02408,ex_bc84eb7f,6방향 랜덤 콕줍기,OFI_SCORE,REACTIVE,,,100,1,MIGRATED_CURRENT_BEHAVIOR,ANALYSIS_CONTRACT_BASELINE_V1,,ex_bc84eb7f,analysis_contract_baseline_v1.csv; identity inheritance per final closeout
OFI_02409,ex_bc84eb7f,6방향 랜덤 콕줍기,OFI_SCORE,SYSTEMIC_MUSCULAR,,,66,1,MIGRATED_CURRENT_BEHAVIOR,ANALYSIS_CONTRACT_BASELINE_V1,,ex_bc84eb7f,analysis_contract_baseline_v1.csv; identity inheritance per final closeout
OFI_02410,ex_bc84eb7f,6방향 랜덤 콕줍기,OFI_SNAPSHOT,SUMMARY,ELEVATED,LOW,83,1,MIGRATED_CURRENT_BEHAVIOR,ANALYSIS_CONTRACT_BASELINE_V1,,ex_bc84eb7f,analysis_contract_baseline_v1.csv; identity inheritance per final closeout
OFI_02411,ex_c1a81cb2,로프 해머 컬,BADMINTON_FATIGUE_COST,LOW,,,0,1,MIGRATED_CURRENT_BEHAVIOR,ANALYSIS_CONTRACT_BASELINE_V1,,ex_c1a81cb2,analysis_contract_baseline_v1.csv; identity inheritance per final closeout
OFI_02412,ex_c1a81cb2,로프 해머 컬,OFI_AXIS,HIGH_FORCE_NEURAL,,SHORT,17.1875,1,MIGRATED_CURRENT_BEHAVIOR,ANALYSIS_CONTRACT_BASELINE_V1,,ex_c1a81cb2,analysis_contract_baseline_v1.csv; identity inheritance per final closeout
OFI_02413,ex_c1a81cb2,로프 해머 컬,OFI_AXIS,HIGH_SPEED,,SHORT,17.1875,1,MIGRATED_CURRENT_BEHAVIOR,ANALYSIS_CONTRACT_BASELINE_V1,,ex_c1a81cb2,analysis_contract_baseline_v1.csv; identity inheritance per final closeout
OFI_02414,ex_c1a81cb2,로프 해머 컬,OFI_AXIS,LOCAL_MUSCULAR,,SHORT,58.4375,1,MIGRATED_CURRENT_BEHAVIOR,ANALYSIS_CONTRACT_BASELINE_V1,,ex_c1a81cb2,analysis_contract_baseline_v1.csv; identity inheritance per final closeout
OFI_02415,ex_c1a81cb2,로프 해머 컬,OFI_AXIS,REACTIVE,,SHORT,15.625,1,MIGRATED_CURRENT_BEHAVIOR,ANALYSIS_CONTRACT_BASELINE_V1,,ex_c1a81cb2,analysis_contract_baseline_v1.csv; identity inheritance per final closeout
OFI_02416,ex_c1a81cb2,로프 해머 컬,OFI_AXIS,SYSTEMIC_MUSCULAR,,SHORT,13.28125,1,MIGRATED_CURRENT_BEHAVIOR,ANALYSIS_CONTRACT_BASELINE_V1,,ex_c1a81cb2,analysis_contract_baseline_v1.csv; identity inheritance per final closeout
OFI_02417,ex_c1a81cb2,로프 해머 컬,OFI_DOSE,VOLUME_LOAD,,THREE_CONFIRMED_SETS_20KG_8REPS_600SECONDS_RPE8,0,1,MIGRATED_CURRENT_BEHAVIOR,ANALYSIS_CONTRACT_BASELINE_V1,,ex_c1a81cb2,analysis_contract_baseline_v1.csv; identity inheritance per final closeout
OFI_02418,ex_c1a81cb2,로프 해머 컬,OFI_GROUP,ELBOW_FLEXION_NEUTRAL_PRONATED_CURL,,LOCAL_REPEAT_DETECTION,0,1,MIGRATED_CURRENT_BEHAVIOR,ANALYSIS_CONTRACT_BASELINE_V1,,ex_c1a81cb2,analysis_contract_baseline_v1.csv; identity inheritance per final closeout
OFI_02419,ex_c1a81cb2,로프 해머 컬,OFI_GROUP,ELBOW_FLEXION_NEUTRAL_PRONATED_CURL,,STRENGTH_COMPARISON,0,1,MIGRATED_CURRENT_BEHAVIOR,ANALYSIS_CONTRACT_BASELINE_V1,,ex_c1a81cb2,analysis_contract_baseline_v1.csv; identity inheritance per final closeout
OFI_02420,ex_c1a81cb2,로프 해머 컬,OFI_GROUP,ELBOW_FLEXION_NEUTRAL_PRONATED_CURL,,WORKLOAD_BASELINE,0,1,MIGRATED_CURRENT_BEHAVIOR,ANALYSIS_CONTRACT_BASELINE_V1,,ex_c1a81cb2,analysis_contract_baseline_v1.csv; identity inheritance per final closeout
OFI_02421,ex_c1a81cb2,로프 해머 컬,OFI_SCORE,HIGH_FORCE_NEURAL,,,21,1,MIGRATED_CURRENT_BEHAVIOR,ANALYSIS_CONTRACT_BASELINE_V1,,ex_c1a81cb2,analysis_contract_baseline_v1.csv; identity inheritance per final closeout
OFI_02422,ex_c1a81cb2,로프 해머 컬,OFI_SCORE,HIGH_SPEED,,,21,1,MIGRATED_CURRENT_BEHAVIOR,ANALYSIS_CONTRACT_BASELINE_V1,,ex_c1a81cb2,analysis_contract_baseline_v1.csv; identity inheritance per final closeout
OFI_02423,ex_c1a81cb2,로프 해머 컬,OFI_SCORE,LOCAL_MUSCULAR,,,73,1,MIGRATED_CURRENT_BEHAVIOR,ANALYSIS_CONTRACT_BASELINE_V1,,ex_c1a81cb2,analysis_contract_baseline_v1.csv; identity inheritance per final closeout
OFI_02424,ex_c1a81cb2,로프 해머 컬,OFI_SCORE,REACTIVE,,,20,1,MIGRATED_CURRENT_BEHAVIOR,ANALYSIS_CONTRACT_BASELINE_V1,,ex_c1a81cb2,analysis_contract_baseline_v1.csv; identity inheritance per final closeout
OFI_02425,ex_c1a81cb2,로프 해머 컬,OFI_SCORE,SYSTEMIC_MUSCULAR,,,17,1,MIGRATED_CURRENT_BEHAVIOR,ANALYSIS_CONTRACT_BASELINE_V1,,ex_c1a81cb2,analysis_contract_baseline_v1.csv; identity inheritance per final closeout
OFI_02426,ex_c1a81cb2,로프 해머 컬,OFI_SNAPSHOT,SUMMARY,LOW,LOW,39,1,MIGRATED_CURRENT_BEHAVIOR,ANALYSIS_CONTRACT_BASELINE_V1,,ex_c1a81cb2,analysis_contract_baseline_v1.csv; identity inheritance per final closeout
OFI_02427,ex_c1bf2aa8,안세영 참고 고강도 랠리 풋워크,BADMINTON_FATIGUE_COST,HIGH,,,0,1,MIGRATED_CURRENT_BEHAVIOR,ANALYSIS_CONTRACT_BASELINE_V1,,ex_c1bf2aa8,analysis_contract_baseline_v1.csv; identity inheritance per final closeout
OFI_02428,ex_c1bf2aa8,안세영 참고 고강도 랠리 풋워크,OFI_AXIS,HIGH_FORCE_NEURAL,,LONG,17.1875,1,MIGRATED_CURRENT_BEHAVIOR,ANALYSIS_CONTRACT_BASELINE_V1,,ex_c1bf2aa8,analysis_contract_baseline_v1.csv; identity inheritance per final closeout
OFI_02429,ex_c1bf2aa8,안세영 참고 고강도 랠리 풋워크,OFI_AXIS,HIGH_SPEED,,LONG,85.9375,1,MIGRATED_CURRENT_BEHAVIOR,ANALYSIS_CONTRACT_BASELINE_V1,,ex_c1bf2aa8,analysis_contract_baseline_v1.csv; identity inheritance per final closeout
OFI_02430,ex_c1bf2aa8,안세영 참고 고강도 랠리 풋워크,OFI_AXIS,LOCAL_MUSCULAR,,LONG,58.4375,1,MIGRATED_CURRENT_BEHAVIOR,ANALYSIS_CONTRACT_BASELINE_V1,,ex_c1bf2aa8,analysis_contract_baseline_v1.csv; identity inheritance per final closeout
OFI_02431,ex_c1bf2aa8,안세영 참고 고강도 랠리 풋워크,OFI_AXIS,REACTIVE,,LONG,93.75,1,MIGRATED_CURRENT_BEHAVIOR,ANALYSIS_CONTRACT_BASELINE_V1,,ex_c1bf2aa8,analysis_contract_baseline_v1.csv; identity inheritance per final closeout
OFI_02432,ex_c1bf2aa8,안세영 참고 고강도 랠리 풋워크,OFI_AXIS,SYSTEMIC_MUSCULAR,,LONG,53.125,1,MIGRATED_CURRENT_BEHAVIOR,ANALYSIS_CONTRACT_BASELINE_V1,,ex_c1bf2aa8,analysis_contract_baseline_v1.csv; identity inheritance per final closeout
OFI_02433,ex_c1bf2aa8,안세영 참고 고강도 랠리 풋워크,OFI_CAUTION,HIGH_SPEED_CAUTION,,,0,1,MIGRATED_CURRENT_BEHAVIOR,ANALYSIS_CONTRACT_BASELINE_V1,,ex_c1bf2aa8,analysis_contract_baseline_v1.csv; identity inheritance per final closeout
OFI_02434,ex_c1bf2aa8,안세영 참고 고강도 랠리 풋워크,OFI_CAUTION,REACTIVE_CAUTION,,,0,1,MIGRATED_CURRENT_BEHAVIOR,ANALYSIS_CONTRACT_BASELINE_V1,,ex_c1bf2aa8,analysis_contract_baseline_v1.csv; identity inheritance per final closeout
OFI_02435,ex_c1bf2aa8,안세영 참고 고강도 랠리 풋워크,OFI_CAUTION,RECOVERY_DEBT_HIGH,,,0,1,MIGRATED_CURRENT_BEHAVIOR,ANALYSIS_CONTRACT_BASELINE_V1,,ex_c1bf2aa8,analysis_contract_baseline_v1.csv; identity inheritance per final closeout
OFI_02436,ex_c1bf2aa8,안세영 참고 고강도 랠리 풋워크,OFI_DOSE,DISTANCE_OR_TIME,,THREE_CONFIRMED_SETS_20KG_8REPS_600SECONDS_RPE8,0,1,MIGRATED_CURRENT_BEHAVIOR,ANALYSIS_CONTRACT_BASELINE_V1,,ex_c1bf2aa8,analysis_contract_baseline_v1.csv; identity inheritance per final closeout
OFI_02437,ex_c1bf2aa8,안세영 참고 고강도 랠리 풋워크,OFI_GROUP,BADMINTON_COURT_FOOTWORK,,LOCAL_REPEAT_DETECTION,0,1,MIGRATED_CURRENT_BEHAVIOR,ANALYSIS_CONTRACT_BASELINE_V1,,ex_c1bf2aa8,analysis_contract_baseline_v1.csv; identity inheritance per final closeout
OFI_02438,ex_c1bf2aa8,안세영 참고 고강도 랠리 풋워크,OFI_GROUP,NOT_APPLICABLE,,STRENGTH_COMPARISON,0,1,MIGRATED_CURRENT_BEHAVIOR,ANALYSIS_CONTRACT_BASELINE_V1,,ex_c1bf2aa8,analysis_contract_baseline_v1.csv; identity inheritance per final closeout
OFI_02439,ex_c1bf2aa8,안세영 참고 고강도 랠리 풋워크,OFI_GROUP,NOT_APPLICABLE,,WORKLOAD_BASELINE,0,1,MIGRATED_CURRENT_BEHAVIOR,ANALYSIS_CONTRACT_BASELINE_V1,,ex_c1bf2aa8,analysis_contract_baseline_v1.csv; identity inheritance per final closeout
OFI_02440,ex_c1bf2aa8,안세영 참고 고강도 랠리 풋워크,OFI_SCORE,HIGH_FORCE_NEURAL,,,21,1,MIGRATED_CURRENT_BEHAVIOR,ANALYSIS_CONTRACT_BASELINE_V1,,ex_c1bf2aa8,analysis_contract_baseline_v1.csv; identity inheritance per final closeout
OFI_02441,ex_c1bf2aa8,안세영 참고 고강도 랠리 풋워크,OFI_SCORE,HIGH_SPEED,,,100,1,MIGRATED_CURRENT_BEHAVIOR,ANALYSIS_CONTRACT_BASELINE_V1,,ex_c1bf2aa8,analysis_contract_baseline_v1.csv; identity inheritance per final closeout
OFI_02442,ex_c1bf2aa8,안세영 참고 고강도 랠리 풋워크,OFI_SCORE,LOCAL_MUSCULAR,,,73,1,MIGRATED_CURRENT_BEHAVIOR,ANALYSIS_CONTRACT_BASELINE_V1,,ex_c1bf2aa8,analysis_contract_baseline_v1.csv; identity inheritance per final closeout
OFI_02443,ex_c1bf2aa8,안세영 참고 고강도 랠리 풋워크,OFI_SCORE,REACTIVE,,,100,1,MIGRATED_CURRENT_BEHAVIOR,ANALYSIS_CONTRACT_BASELINE_V1,,ex_c1bf2aa8,analysis_contract_baseline_v1.csv; identity inheritance per final closeout
OFI_02444,ex_c1bf2aa8,안세영 참고 고강도 랠리 풋워크,OFI_SCORE,SYSTEMIC_MUSCULAR,,,66,1,MIGRATED_CURRENT_BEHAVIOR,ANALYSIS_CONTRACT_BASELINE_V1,,ex_c1bf2aa8,analysis_contract_baseline_v1.csv; identity inheritance per final closeout
OFI_02445,ex_c1bf2aa8,안세영 참고 고강도 랠리 풋워크,OFI_SNAPSHOT,SUMMARY,ELEVATED,LOW,83,1,MIGRATED_CURRENT_BEHAVIOR,ANALYSIS_CONTRACT_BASELINE_V1,,ex_c1bf2aa8,analysis_contract_baseline_v1.csv; identity inheritance per final closeout
OFI_02446,ex_c365e5e2,원암 스트레이트암 풀다운,BADMINTON_FATIGUE_COST,MEDIUM,,,0,1,MIGRATED_CURRENT_BEHAVIOR,ANALYSIS_CONTRACT_BASELINE_V1,,ex_c365e5e2,analysis_contract_baseline_v1.csv; identity inheritance per final closeout
OFI_02447,ex_c365e5e2,원암 스트레이트암 풀다운,OFI_AXIS,HIGH_FORCE_NEURAL,,SHORT,17.1875,1,MIGRATED_CURRENT_BEHAVIOR,ANALYSIS_CONTRACT_BASELINE_V1,,ex_c365e5e2,analysis_contract_baseline_v1.csv; identity inheritance per final closeout
OFI_02448,ex_c365e5e2,원암 스트레이트암 풀다운,OFI_AXIS,HIGH_SPEED,,SHORT,17.1875,1,MIGRATED_CURRENT_BEHAVIOR,ANALYSIS_CONTRACT_BASELINE_V1,,ex_c365e5e2,analysis_contract_baseline_v1.csv; identity inheritance per final closeout
OFI_02449,ex_c365e5e2,원암 스트레이트암 풀다운,OFI_AXIS,LOCAL_MUSCULAR,,SHORT,58.4375,1,MIGRATED_CURRENT_BEHAVIOR,ANALYSIS_CONTRACT_BASELINE_V1,,ex_c365e5e2,analysis_contract_baseline_v1.csv; identity inheritance per final closeout
OFI_02450,ex_c365e5e2,원암 스트레이트암 풀다운,OFI_AXIS,REACTIVE,,SHORT,15.625,1,MIGRATED_CURRENT_BEHAVIOR,ANALYSIS_CONTRACT_BASELINE_V1,,ex_c365e5e2,analysis_contract_baseline_v1.csv; identity inheritance per final closeout
OFI_02451,ex_c365e5e2,원암 스트레이트암 풀다운,OFI_AXIS,SYSTEMIC_MUSCULAR,,SHORT,13.28125,1,MIGRATED_CURRENT_BEHAVIOR,ANALYSIS_CONTRACT_BASELINE_V1,,ex_c365e5e2,analysis_contract_baseline_v1.csv; identity inheritance per final closeout
OFI_02452,ex_c365e5e2,원암 스트레이트암 풀다운,OFI_DOSE,LOAD_REPS,,THREE_CONFIRMED_SETS_20KG_8REPS_600SECONDS_RPE8,0,1,MIGRATED_CURRENT_BEHAVIOR,ANALYSIS_CONTRACT_BASELINE_V1,,ex_c365e5e2,analysis_contract_baseline_v1.csv; identity inheritance per final closeout
OFI_02453,ex_c365e5e2,원암 스트레이트암 풀다운,OFI_GROUP,STRAIGHT_ARM_LAT_ACCESSORY,,LOCAL_REPEAT_DETECTION,0,1,MIGRATED_CURRENT_BEHAVIOR,ANALYSIS_CONTRACT_BASELINE_V1,,ex_c365e5e2,analysis_contract_baseline_v1.csv; identity inheritance per final closeout
OFI_02454,ex_c365e5e2,원암 스트레이트암 풀다운,OFI_GROUP,STRAIGHT_ARM_LAT_ACCESSORY,,STRENGTH_COMPARISON,0,1,MIGRATED_CURRENT_BEHAVIOR,ANALYSIS_CONTRACT_BASELINE_V1,,ex_c365e5e2,analysis_contract_baseline_v1.csv; identity inheritance per final closeout
OFI_02455,ex_c365e5e2,원암 스트레이트암 풀다운,OFI_GROUP,STRAIGHT_ARM_LAT_ACCESSORY,,WORKLOAD_BASELINE,0,1,MIGRATED_CURRENT_BEHAVIOR,ANALYSIS_CONTRACT_BASELINE_V1,,ex_c365e5e2,analysis_contract_baseline_v1.csv; identity inheritance per final closeout
OFI_02456,ex_c365e5e2,원암 스트레이트암 풀다운,OFI_SCORE,HIGH_FORCE_NEURAL,,,21,1,MIGRATED_CURRENT_BEHAVIOR,ANALYSIS_CONTRACT_BASELINE_V1,,ex_c365e5e2,analysis_contract_baseline_v1.csv; identity inheritance per final closeout
OFI_02457,ex_c365e5e2,원암 스트레이트암 풀다운,OFI_SCORE,HIGH_SPEED,,,21,1,MIGRATED_CURRENT_BEHAVIOR,ANALYSIS_CONTRACT_BASELINE_V1,,ex_c365e5e2,analysis_contract_baseline_v1.csv; identity inheritance per final closeout
OFI_02458,ex_c365e5e2,원암 스트레이트암 풀다운,OFI_SCORE,LOCAL_MUSCULAR,,,73,1,MIGRATED_CURRENT_BEHAVIOR,ANALYSIS_CONTRACT_BASELINE_V1,,ex_c365e5e2,analysis_contract_baseline_v1.csv; identity inheritance per final closeout
OFI_02459,ex_c365e5e2,원암 스트레이트암 풀다운,OFI_SCORE,REACTIVE,,,20,1,MIGRATED_CURRENT_BEHAVIOR,ANALYSIS_CONTRACT_BASELINE_V1,,ex_c365e5e2,analysis_contract_baseline_v1.csv; identity inheritance per final closeout
OFI_02460,ex_c365e5e2,원암 스트레이트암 풀다운,OFI_SCORE,SYSTEMIC_MUSCULAR,,,17,1,MIGRATED_CURRENT_BEHAVIOR,ANALYSIS_CONTRACT_BASELINE_V1,,ex_c365e5e2,analysis_contract_baseline_v1.csv; identity inheritance per final closeout
OFI_02461,ex_c365e5e2,원암 스트레이트암 풀다운,OFI_SNAPSHOT,SUMMARY,LOW,LOW,39,1,MIGRATED_CURRENT_BEHAVIOR,ANALYSIS_CONTRACT_BASELINE_V1,,ex_c365e5e2,analysis_contract_baseline_v1.csv; identity inheritance per final closeout
OFI_02462,ex_c4535de3,스캡 푸시업,BADMINTON_FATIGUE_COST,LOW,,,0,1,MIGRATED_CURRENT_BEHAVIOR,ANALYSIS_CONTRACT_BASELINE_V1,,ex_c4535de3,analysis_contract_baseline_v1.csv; identity inheritance per final closeout
OFI_02463,ex_c4535de3,스캡 푸시업,OFI_AXIS,HIGH_FORCE_NEURAL,,SHORT,8.59375,1,MIGRATED_CURRENT_BEHAVIOR,ANALYSIS_CONTRACT_BASELINE_V1,,ex_c4535de3,analysis_contract_baseline_v1.csv; identity inheritance per final closeout
OFI_02464,ex_c4535de3,스캡 푸시업,OFI_AXIS,HIGH_SPEED,,SHORT,8.59375,1,MIGRATED_CURRENT_BEHAVIOR,ANALYSIS_CONTRACT_BASELINE_V1,,ex_c4535de3,analysis_contract_baseline_v1.csv; identity inheritance per final closeout
OFI_02465,ex_c4535de3,스캡 푸시업,OFI_AXIS,LOCAL_MUSCULAR,,SHORT,37.8125,1,MIGRATED_CURRENT_BEHAVIOR,ANALYSIS_CONTRACT_BASELINE_V1,,ex_c4535de3,analysis_contract_baseline_v1.csv; identity inheritance per final closeout
OFI_02466,ex_c4535de3,스캡 푸시업,OFI_AXIS,REACTIVE,,SHORT,7.8125,1,MIGRATED_CURRENT_BEHAVIOR,ANALYSIS_CONTRACT_BASELINE_V1,,ex_c4535de3,analysis_contract_baseline_v1.csv; identity inheritance per final closeout
OFI_02467,ex_c4535de3,스캡 푸시업,OFI_AXIS,SYSTEMIC_MUSCULAR,,SHORT,15.625,1,MIGRATED_CURRENT_BEHAVIOR,ANALYSIS_CONTRACT_BASELINE_V1,,ex_c4535de3,analysis_contract_baseline_v1.csv; identity inheritance per final closeout
OFI_02468,ex_c4535de3,스캡 푸시업,OFI_DOSE,QUALITY_BASED,,THREE_CONFIRMED_SETS_20KG_8REPS_600SECONDS_RPE8,0,1,MIGRATED_CURRENT_BEHAVIOR,ANALYSIS_CONTRACT_BASELINE_V1,,ex_c4535de3,analysis_contract_baseline_v1.csv; identity inheritance per final closeout
OFI_02469,ex_c4535de3,스캡 푸시업,OFI_GROUP,NOT_APPLICABLE,,STRENGTH_COMPARISON,0,1,MIGRATED_CURRENT_BEHAVIOR,ANALYSIS_CONTRACT_BASELINE_V1,,ex_c4535de3,analysis_contract_baseline_v1.csv; identity inheritance per final closeout
OFI_02470,ex_c4535de3,스캡 푸시업,OFI_GROUP,NOT_APPLICABLE,,WORKLOAD_BASELINE,0,1,MIGRATED_CURRENT_BEHAVIOR,ANALYSIS_CONTRACT_BASELINE_V1,,ex_c4535de3,analysis_contract_baseline_v1.csv; identity inheritance per final closeout
OFI_02471,ex_c4535de3,스캡 푸시업,OFI_GROUP,SCAPULAR_PROTRACTION_CONTROL,,LOCAL_REPEAT_DETECTION,0,1,MIGRATED_CURRENT_BEHAVIOR,ANALYSIS_CONTRACT_BASELINE_V1,,ex_c4535de3,analysis_contract_baseline_v1.csv; identity inheritance per final closeout
OFI_02472,ex_c4535de3,스캡 푸시업,OFI_SCORE,HIGH_FORCE_NEURAL,,,11,1,MIGRATED_CURRENT_BEHAVIOR,ANALYSIS_CONTRACT_BASELINE_V1,,ex_c4535de3,analysis_contract_baseline_v1.csv; identity inheritance per final closeout
OFI_02473,ex_c4535de3,스캡 푸시업,OFI_SCORE,HIGH_SPEED,,,11,1,MIGRATED_CURRENT_BEHAVIOR,ANALYSIS_CONTRACT_BASELINE_V1,,ex_c4535de3,analysis_contract_baseline_v1.csv; identity inheritance per final closeout
OFI_02474,ex_c4535de3,스캡 푸시업,OFI_SCORE,LOCAL_MUSCULAR,,,47,1,MIGRATED_CURRENT_BEHAVIOR,ANALYSIS_CONTRACT_BASELINE_V1,,ex_c4535de3,analysis_contract_baseline_v1.csv; identity inheritance per final closeout
OFI_02475,ex_c4535de3,스캡 푸시업,OFI_SCORE,REACTIVE,,,10,1,MIGRATED_CURRENT_BEHAVIOR,ANALYSIS_CONTRACT_BASELINE_V1,,ex_c4535de3,analysis_contract_baseline_v1.csv; identity inheritance per final closeout
OFI_02476,ex_c4535de3,스캡 푸시업,OFI_SCORE,SYSTEMIC_MUSCULAR,,,20,1,MIGRATED_CURRENT_BEHAVIOR,ANALYSIS_CONTRACT_BASELINE_V1,,ex_c4535de3,analysis_contract_baseline_v1.csv; identity inheritance per final closeout
OFI_02477,ex_c4535de3,스캡 푸시업,OFI_SNAPSHOT,SUMMARY,LOW,LOW,25,1,MIGRATED_CURRENT_BEHAVIOR,ANALYSIS_CONTRACT_BASELINE_V1,,ex_c4535de3,analysis_contract_baseline_v1.csv; identity inheritance per final closeout
OFI_02478,ex_c4ea0a2a,스킵 바운드,BADMINTON_FATIGUE_COST,HIGH,,,0,1,MIGRATED_CURRENT_BEHAVIOR,ANALYSIS_CONTRACT_BASELINE_V1,,ex_c4ea0a2a,analysis_contract_baseline_v1.csv; identity inheritance per final closeout
OFI_02479,ex_c4ea0a2a,스킵 바운드,OFI_AXIS,HIGH_FORCE_NEURAL,,MEDIUM,17.1875,1,MIGRATED_CURRENT_BEHAVIOR,ANALYSIS_CONTRACT_BASELINE_V1,,ex_c4ea0a2a,analysis_contract_baseline_v1.csv; identity inheritance per final closeout
OFI_02480,ex_c4ea0a2a,스킵 바운드,OFI_AXIS,HIGH_SPEED,,MEDIUM,85.9375,1,MIGRATED_CURRENT_BEHAVIOR,ANALYSIS_CONTRACT_BASELINE_V1,,ex_c4ea0a2a,analysis_contract_baseline_v1.csv; identity inheritance per final closeout
OFI_02481,ex_c4ea0a2a,스킵 바운드,OFI_AXIS,LOCAL_MUSCULAR,,MEDIUM,37.8125,1,MIGRATED_CURRENT_BEHAVIOR,ANALYSIS_CONTRACT_BASELINE_V1,,ex_c4ea0a2a,analysis_contract_baseline_v1.csv; identity inheritance per final closeout
OFI_02482,ex_c4ea0a2a,스킵 바운드,OFI_AXIS,REACTIVE,,MEDIUM,15.625,1,MIGRATED_CURRENT_BEHAVIOR,ANALYSIS_CONTRACT_BASELINE_V1,,ex_c4ea0a2a,analysis_contract_baseline_v1.csv; identity inheritance per final closeout
OFI_02483,ex_c4ea0a2a,스킵 바운드,OFI_AXIS,SYSTEMIC_MUSCULAR,,MEDIUM,34.375,1,MIGRATED_CURRENT_BEHAVIOR,ANALYSIS_CONTRACT_BASELINE_V1,,ex_c4ea0a2a,analysis_contract_baseline_v1.csv; identity inheritance per final closeout
OFI_02484,ex_c4ea0a2a,스킵 바운드,OFI_CAUTION,HIGH_SPEED_CAUTION,,,0,1,MIGRATED_CURRENT_BEHAVIOR,ANALYSIS_CONTRACT_BASELINE_V1,,ex_c4ea0a2a,analysis_contract_baseline_v1.csv; identity inheritance per final closeout
OFI_02485,ex_c4ea0a2a,스킵 바운드,OFI_DOSE,QUALITY_BASED,,THREE_CONFIRMED_SETS_20KG_8REPS_600SECONDS_RPE8,0,1,MIGRATED_CURRENT_BEHAVIOR,ANALYSIS_CONTRACT_BASELINE_V1,,ex_c4ea0a2a,analysis_contract_baseline_v1.csv; identity inheritance per final closeout
OFI_02486,ex_c4ea0a2a,스킵 바운드,OFI_GROUP,NOT_APPLICABLE,,STRENGTH_COMPARISON,0,1,MIGRATED_CURRENT_BEHAVIOR,ANALYSIS_CONTRACT_BASELINE_V1,,ex_c4ea0a2a,analysis_contract_baseline_v1.csv; identity inheritance per final closeout
OFI_02487,ex_c4ea0a2a,스킵 바운드,OFI_GROUP,NOT_APPLICABLE,,WORKLOAD_BASELINE,0,1,MIGRATED_CURRENT_BEHAVIOR,ANALYSIS_CONTRACT_BASELINE_V1,,ex_c4ea0a2a,analysis_contract_baseline_v1.csv; identity inheritance per final closeout
OFI_02488,ex_c4ea0a2a,스킵 바운드,OFI_GROUP,RUNNING_MECHANICS_SUPPORT,,LOCAL_REPEAT_DETECTION,0,1,MIGRATED_CURRENT_BEHAVIOR,ANALYSIS_CONTRACT_BASELINE_V1,,ex_c4ea0a2a,analysis_contract_baseline_v1.csv; identity inheritance per final closeout
OFI_02489,ex_c4ea0a2a,스킵 바운드,OFI_SCORE,HIGH_FORCE_NEURAL,,,21,1,MIGRATED_CURRENT_BEHAVIOR,ANALYSIS_CONTRACT_BASELINE_V1,,ex_c4ea0a2a,analysis_contract_baseline_v1.csv; identity inheritance per final closeout
OFI_02490,ex_c4ea0a2a,스킵 바운드,OFI_SCORE,HIGH_SPEED,,,100,1,MIGRATED_CURRENT_BEHAVIOR,ANALYSIS_CONTRACT_BASELINE_V1,,ex_c4ea0a2a,analysis_contract_baseline_v1.csv; identity inheritance per final closeout
OFI_02491,ex_c4ea0a2a,스킵 바운드,OFI_SCORE,LOCAL_MUSCULAR,,,47,1,MIGRATED_CURRENT_BEHAVIOR,ANALYSIS_CONTRACT_BASELINE_V1,,ex_c4ea0a2a,analysis_contract_baseline_v1.csv; identity inheritance per final closeout
OFI_02492,ex_c4ea0a2a,스킵 바운드,OFI_SCORE,REACTIVE,,,20,1,MIGRATED_CURRENT_BEHAVIOR,ANALYSIS_CONTRACT_BASELINE_V1,,ex_c4ea0a2a,analysis_contract_baseline_v1.csv; identity inheritance per final closeout
OFI_02493,ex_c4ea0a2a,스킵 바운드,OFI_SCORE,SYSTEMIC_MUSCULAR,,,43,1,MIGRATED_CURRENT_BEHAVIOR,ANALYSIS_CONTRACT_BASELINE_V1,,ex_c4ea0a2a,analysis_contract_baseline_v1.csv; identity inheritance per final closeout
OFI_02494,ex_c4ea0a2a,스킵 바운드,OFI_SNAPSHOT,SUMMARY,NORMAL,LOW,68,1,MIGRATED_CURRENT_BEHAVIOR,ANALYSIS_CONTRACT_BASELINE_V1,,ex_c4ea0a2a,analysis_contract_baseline_v1.csv; identity inheritance per final closeout
OFI_02495,ex_c5043892,프론트 스쿼트,BADMINTON_FATIGUE_COST,VERY_HIGH,,,0,1,MIGRATED_CURRENT_BEHAVIOR,ANALYSIS_CONTRACT_BASELINE_V1,,ex_c5043892,analysis_contract_baseline_v1.csv; identity inheritance per final closeout
OFI_02496,ex_c5043892,프론트 스쿼트,OFI_AXIS,HIGH_FORCE_NEURAL,,VERY_LONG,79.0625,1,MIGRATED_CURRENT_BEHAVIOR,ANALYSIS_CONTRACT_BASELINE_V1,,ex_c5043892,analysis_contract_baseline_v1.csv; identity inheritance per final closeout
OFI_02497,ex_c5043892,프론트 스쿼트,OFI_AXIS,HIGH_SPEED,,VERY_LONG,17.1875,1,MIGRATED_CURRENT_BEHAVIOR,ANALYSIS_CONTRACT_BASELINE_V1,,ex_c5043892,analysis_contract_baseline_v1.csv; identity inheritance per final closeout
OFI_02498,ex_c5043892,프론트 스쿼트,OFI_AXIS,LOCAL_MUSCULAR,,VERY_LONG,58.4375,1,MIGRATED_CURRENT_BEHAVIOR,ANALYSIS_CONTRACT_BASELINE_V1,,ex_c5043892,analysis_contract_baseline_v1.csv; identity inheritance per final closeout
OFI_02499,ex_c5043892,프론트 스쿼트,OFI_AXIS,REACTIVE,,VERY_LONG,15.625,1,MIGRATED_CURRENT_BEHAVIOR,ANALYSIS_CONTRACT_BASELINE_V1,,ex_c5043892,analysis_contract_baseline_v1.csv; identity inheritance per final closeout
OFI_02500,ex_c5043892,프론트 스쿼트,OFI_AXIS,SYSTEMIC_MUSCULAR,,VERY_LONG,61.09375,1,MIGRATED_CURRENT_BEHAVIOR,ANALYSIS_CONTRACT_BASELINE_V1,,ex_c5043892,analysis_contract_baseline_v1.csv; identity inheritance per final closeout
OFI_02501,ex_c5043892,프론트 스쿼트,OFI_CAUTION,RECOVERY_DEBT_HIGH,,,0,1,MIGRATED_CURRENT_BEHAVIOR,ANALYSIS_CONTRACT_BASELINE_V1,,ex_c5043892,analysis_contract_baseline_v1.csv; identity inheritance per final closeout
OFI_02502,ex_c5043892,프론트 스쿼트,OFI_DOSE,ESTIMATED_1RM,,THREE_CONFIRMED_SETS_20KG_8REPS_600SECONDS_RPE8,0,1,MIGRATED_CURRENT_BEHAVIOR,ANALYSIS_CONTRACT_BASELINE_V1,,ex_c5043892,analysis_contract_baseline_v1.csv; identity inheritance per final closeout
OFI_02503,ex_c5043892,프론트 스쿼트,OFI_GROUP,SQUAT_PATTERN_HEAVY_LOWER,,LOCAL_REPEAT_DETECTION,0,1,MIGRATED_CURRENT_BEHAVIOR,ANALYSIS_CONTRACT_BASELINE_V1,,ex_c5043892,analysis_contract_baseline_v1.csv; identity inheritance per final closeout
OFI_02504,ex_c5043892,프론트 스쿼트,OFI_GROUP,SQUAT_PATTERN_HEAVY_LOWER,,STRENGTH_COMPARISON,0,1,MIGRATED_CURRENT_BEHAVIOR,ANALYSIS_CONTRACT_BASELINE_V1,,ex_c5043892,analysis_contract_baseline_v1.csv; identity inheritance per final closeout
OFI_02505,ex_c5043892,프론트 스쿼트,OFI_GROUP,SQUAT_PATTERN_HEAVY_LOWER,,WORKLOAD_BASELINE,0,1,MIGRATED_CURRENT_BEHAVIOR,ANALYSIS_CONTRACT_BASELINE_V1,,ex_c5043892,analysis_contract_baseline_v1.csv; identity inheritance per final closeout
OFI_02506,ex_c5043892,프론트 스쿼트,OFI_SCORE,HIGH_FORCE_NEURAL,,,99,1,MIGRATED_CURRENT_BEHAVIOR,ANALYSIS_CONTRACT_BASELINE_V1,,ex_c5043892,analysis_contract_baseline_v1.csv; identity inheritance per final closeout
OFI_02507,ex_c5043892,프론트 스쿼트,OFI_SCORE,HIGH_SPEED,,,21,1,MIGRATED_CURRENT_BEHAVIOR,ANALYSIS_CONTRACT_BASELINE_V1,,ex_c5043892,analysis_contract_baseline_v1.csv; identity inheritance per final closeout
OFI_02508,ex_c5043892,프론트 스쿼트,OFI_SCORE,LOCAL_MUSCULAR,,,73,1,MIGRATED_CURRENT_BEHAVIOR,ANALYSIS_CONTRACT_BASELINE_V1,,ex_c5043892,analysis_contract_baseline_v1.csv; identity inheritance per final closeout
OFI_02509,ex_c5043892,프론트 스쿼트,OFI_SCORE,REACTIVE,,,20,1,MIGRATED_CURRENT_BEHAVIOR,ANALYSIS_CONTRACT_BASELINE_V1,,ex_c5043892,analysis_contract_baseline_v1.csv; identity inheritance per final closeout
OFI_02510,ex_c5043892,프론트 스쿼트,OFI_SCORE,SYSTEMIC_MUSCULAR,,,76,1,MIGRATED_CURRENT_BEHAVIOR,ANALYSIS_CONTRACT_BASELINE_V1,,ex_c5043892,analysis_contract_baseline_v1.csv; identity inheritance per final closeout
OFI_02511,ex_c5043892,프론트 스쿼트,OFI_SNAPSHOT,SUMMARY,NORMAL,LOW,73,1,MIGRATED_CURRENT_BEHAVIOR,ANALYSIS_CONTRACT_BASELINE_V1,,ex_c5043892,analysis_contract_baseline_v1.csv; identity inheritance per final closeout
OFI_02512,ex_c536edc2,원암 케이블 숄더프레스,BADMINTON_FATIGUE_COST,MEDIUM,,,0,1,MIGRATED_CURRENT_BEHAVIOR,ANALYSIS_CONTRACT_BASELINE_V1,,ex_c536edc2,analysis_contract_baseline_v1.csv; identity inheritance per final closeout
OFI_02513,ex_c536edc2,원암 케이블 숄더프레스,OFI_AXIS,HIGH_FORCE_NEURAL,,MEDIUM,37.8125,1,MIGRATED_CURRENT_BEHAVIOR,ANALYSIS_CONTRACT_BASELINE_V1,,ex_c536edc2,analysis_contract_baseline_v1.csv; identity inheritance per final closeout
OFI_02514,ex_c536edc2,원암 케이블 숄더프레스,OFI_AXIS,HIGH_SPEED,,MEDIUM,17.1875,1,MIGRATED_CURRENT_BEHAVIOR,ANALYSIS_CONTRACT_BASELINE_V1,,ex_c536edc2,analysis_contract_baseline_v1.csv; identity inheritance per final closeout
OFI_02515,ex_c536edc2,원암 케이블 숄더프레스,OFI_AXIS,LOCAL_MUSCULAR,,MEDIUM,58.4375,1,MIGRATED_CURRENT_BEHAVIOR,ANALYSIS_CONTRACT_BASELINE_V1,,ex_c536edc2,analysis_contract_baseline_v1.csv; identity inheritance per final closeout
OFI_02516,ex_c536edc2,원암 케이블 숄더프레스,OFI_AXIS,REACTIVE,,MEDIUM,15.625,1,MIGRATED_CURRENT_BEHAVIOR,ANALYSIS_CONTRACT_BASELINE_V1,,ex_c536edc2,analysis_contract_baseline_v1.csv; identity inheritance per final closeout
OFI_02517,ex_c536edc2,원암 케이블 숄더프레스,OFI_AXIS,SYSTEMIC_MUSCULAR,,MEDIUM,29.21875,1,MIGRATED_CURRENT_BEHAVIOR,ANALYSIS_CONTRACT_BASELINE_V1,,ex_c536edc2,analysis_contract_baseline_v1.csv; identity inheritance per final closeout
OFI_02518,ex_c536edc2,원암 케이블 숄더프레스,OFI_DOSE,LOAD_REPS,,THREE_CONFIRMED_SETS_20KG_8REPS_600SECONDS_RPE8,0,1,MIGRATED_CURRENT_BEHAVIOR,ANALYSIS_CONTRACT_BASELINE_V1,,ex_c536edc2,analysis_contract_baseline_v1.csv; identity inheritance per final closeout
OFI_02519,ex_c536edc2,원암 케이블 숄더프레스,OFI_GROUP,OVERHEAD_PRESS_SHOULDER_DOMINANT,,LOCAL_REPEAT_DETECTION,0,1,MIGRATED_CURRENT_BEHAVIOR,ANALYSIS_CONTRACT_BASELINE_V1,,ex_c536edc2,analysis_contract_baseline_v1.csv; identity inheritance per final closeout
OFI_02520,ex_c536edc2,원암 케이블 숄더프레스,OFI_GROUP,OVERHEAD_PRESS_SHOULDER_DOMINANT,,STRENGTH_COMPARISON,0,1,MIGRATED_CURRENT_BEHAVIOR,ANALYSIS_CONTRACT_BASELINE_V1,,ex_c536edc2,analysis_contract_baseline_v1.csv; identity inheritance per final closeout
OFI_02521,ex_c536edc2,원암 케이블 숄더프레스,OFI_GROUP,OVERHEAD_PRESS_SHOULDER_DOMINANT,,WORKLOAD_BASELINE,0,1,MIGRATED_CURRENT_BEHAVIOR,ANALYSIS_CONTRACT_BASELINE_V1,,ex_c536edc2,analysis_contract_baseline_v1.csv; identity inheritance per final closeout
OFI_02522,ex_c536edc2,원암 케이블 숄더프레스,OFI_SCORE,HIGH_FORCE_NEURAL,,,47,1,MIGRATED_CURRENT_BEHAVIOR,ANALYSIS_CONTRACT_BASELINE_V1,,ex_c536edc2,analysis_contract_baseline_v1.csv; identity inheritance per final closeout
OFI_02523,ex_c536edc2,원암 케이블 숄더프레스,OFI_SCORE,HIGH_SPEED,,,21,1,MIGRATED_CURRENT_BEHAVIOR,ANALYSIS_CONTRACT_BASELINE_V1,,ex_c536edc2,analysis_contract_baseline_v1.csv; identity inheritance per final closeout
OFI_02524,ex_c536edc2,원암 케이블 숄더프레스,OFI_SCORE,LOCAL_MUSCULAR,,,73,1,MIGRATED_CURRENT_BEHAVIOR,ANALYSIS_CONTRACT_BASELINE_V1,,ex_c536edc2,analysis_contract_baseline_v1.csv; identity inheritance per final closeout
OFI_02525,ex_c536edc2,원암 케이블 숄더프레스,OFI_SCORE,REACTIVE,,,20,1,MIGRATED_CURRENT_BEHAVIOR,ANALYSIS_CONTRACT_BASELINE_V1,,ex_c536edc2,analysis_contract_baseline_v1.csv; identity inheritance per final closeout
OFI_02526,ex_c536edc2,원암 케이블 숄더프레스,OFI_SCORE,SYSTEMIC_MUSCULAR,,,37,1,MIGRATED_CURRENT_BEHAVIOR,ANALYSIS_CONTRACT_BASELINE_V1,,ex_c536edc2,analysis_contract_baseline_v1.csv; identity inheritance per final closeout
OFI_02527,ex_c536edc2,원암 케이블 숄더프레스,OFI_SNAPSHOT,SUMMARY,NORMAL,LOW,43,1,MIGRATED_CURRENT_BEHAVIOR,ANALYSIS_CONTRACT_BASELINE_V1,,ex_c536edc2,analysis_contract_baseline_v1.csv; identity inheritance per final closeout
OFI_02528,ex_c5c2fdef,스트라이드,BADMINTON_FATIGUE_COST,HIGH,,,0,1,MIGRATED_CURRENT_BEHAVIOR,ANALYSIS_CONTRACT_BASELINE_V1,,ex_c5c2fdef,analysis_contract_baseline_v1.csv; identity inheritance per final closeout
OFI_02529,ex_c5c2fdef,스트라이드,OFI_AXIS,HIGH_FORCE_NEURAL,,MEDIUM,17.1875,1,MIGRATED_CURRENT_BEHAVIOR,ANALYSIS_CONTRACT_BASELINE_V1,,ex_c5c2fdef,analysis_contract_baseline_v1.csv; identity inheritance per final closeout
OFI_02530,ex_c5c2fdef,스트라이드,OFI_AXIS,HIGH_SPEED,,MEDIUM,85.9375,1,MIGRATED_CURRENT_BEHAVIOR,ANALYSIS_CONTRACT_BASELINE_V1,,ex_c5c2fdef,analysis_contract_baseline_v1.csv; identity inheritance per final closeout
OFI_02531,ex_c5c2fdef,스트라이드,OFI_AXIS,LOCAL_MUSCULAR,,MEDIUM,37.8125,1,MIGRATED_CURRENT_BEHAVIOR,ANALYSIS_CONTRACT_BASELINE_V1,,ex_c5c2fdef,analysis_contract_baseline_v1.csv; identity inheritance per final closeout
OFI_02532,ex_c5c2fdef,스트라이드,OFI_AXIS,REACTIVE,,MEDIUM,15.625,1,MIGRATED_CURRENT_BEHAVIOR,ANALYSIS_CONTRACT_BASELINE_V1,,ex_c5c2fdef,analysis_contract_baseline_v1.csv; identity inheritance per final closeout
OFI_02533,ex_c5c2fdef,스트라이드,OFI_AXIS,SYSTEMIC_MUSCULAR,,MEDIUM,34.375,1,MIGRATED_CURRENT_BEHAVIOR,ANALYSIS_CONTRACT_BASELINE_V1,,ex_c5c2fdef,analysis_contract_baseline_v1.csv; identity inheritance per final closeout
OFI_02534,ex_c5c2fdef,스트라이드,OFI_CAUTION,HIGH_SPEED_CAUTION,,,0,1,MIGRATED_CURRENT_BEHAVIOR,ANALYSIS_CONTRACT_BASELINE_V1,,ex_c5c2fdef,analysis_contract_baseline_v1.csv; identity inheritance per final closeout
OFI_02535,ex_c5c2fdef,스트라이드,OFI_DOSE,QUALITY_BASED,,THREE_CONFIRMED_SETS_20KG_8REPS_600SECONDS_RPE8,0,1,MIGRATED_CURRENT_BEHAVIOR,ANALYSIS_CONTRACT_BASELINE_V1,,ex_c5c2fdef,analysis_contract_baseline_v1.csv; identity inheritance per final closeout
OFI_02536,ex_c5c2fdef,스트라이드,OFI_GROUP,NOT_APPLICABLE,,STRENGTH_COMPARISON,0,1,MIGRATED_CURRENT_BEHAVIOR,ANALYSIS_CONTRACT_BASELINE_V1,,ex_c5c2fdef,analysis_contract_baseline_v1.csv; identity inheritance per final closeout
OFI_02537,ex_c5c2fdef,스트라이드,OFI_GROUP,NOT_APPLICABLE,,WORKLOAD_BASELINE,0,1,MIGRATED_CURRENT_BEHAVIOR,ANALYSIS_CONTRACT_BASELINE_V1,,ex_c5c2fdef,analysis_contract_baseline_v1.csv; identity inheritance per final closeout
OFI_02538,ex_c5c2fdef,스트라이드,OFI_GROUP,RUNNING_MECHANICS_SUPPORT,,LOCAL_REPEAT_DETECTION,0,1,MIGRATED_CURRENT_BEHAVIOR,ANALYSIS_CONTRACT_BASELINE_V1,,ex_c5c2fdef,analysis_contract_baseline_v1.csv; identity inheritance per final closeout
OFI_02539,ex_c5c2fdef,스트라이드,OFI_SCORE,HIGH_FORCE_NEURAL,,,21,1,MIGRATED_CURRENT_BEHAVIOR,ANALYSIS_CONTRACT_BASELINE_V1,,ex_c5c2fdef,analysis_contract_baseline_v1.csv; identity inheritance per final closeout
OFI_02540,ex_c5c2fdef,스트라이드,OFI_SCORE,HIGH_SPEED,,,100,1,MIGRATED_CURRENT_BEHAVIOR,ANALYSIS_CONTRACT_BASELINE_V1,,ex_c5c2fdef,analysis_contract_baseline_v1.csv; identity inheritance per final closeout
OFI_02541,ex_c5c2fdef,스트라이드,OFI_SCORE,LOCAL_MUSCULAR,,,47,1,MIGRATED_CURRENT_BEHAVIOR,ANALYSIS_CONTRACT_BASELINE_V1,,ex_c5c2fdef,analysis_contract_baseline_v1.csv; identity inheritance per final closeout
OFI_02542,ex_c5c2fdef,스트라이드,OFI_SCORE,REACTIVE,,,20,1,MIGRATED_CURRENT_BEHAVIOR,ANALYSIS_CONTRACT_BASELINE_V1,,ex_c5c2fdef,analysis_contract_baseline_v1.csv; identity inheritance per final closeout
OFI_02543,ex_c5c2fdef,스트라이드,OFI_SCORE,SYSTEMIC_MUSCULAR,,,43,1,MIGRATED_CURRENT_BEHAVIOR,ANALYSIS_CONTRACT_BASELINE_V1,,ex_c5c2fdef,analysis_contract_baseline_v1.csv; identity inheritance per final closeout
OFI_02544,ex_c5c2fdef,스트라이드,OFI_SNAPSHOT,SUMMARY,NORMAL,LOW,68,1,MIGRATED_CURRENT_BEHAVIOR,ANALYSIS_CONTRACT_BASELINE_V1,,ex_c5c2fdef,analysis_contract_baseline_v1.csv; identity inheritance per final closeout
OFI_02545,ex_c5f4c242,랜덤 비프 풋워크,BADMINTON_FATIGUE_COST,HIGH,,,0,1,MIGRATED_CURRENT_BEHAVIOR,ANALYSIS_CONTRACT_BASELINE_V1,,ex_c5f4c242,analysis_contract_baseline_v1.csv; identity inheritance per final closeout
OFI_02546,ex_c5f4c242,랜덤 비프 풋워크,OFI_AXIS,HIGH_FORCE_NEURAL,,MEDIUM,17.1875,1,MIGRATED_CURRENT_BEHAVIOR,ANALYSIS_CONTRACT_BASELINE_V1,,ex_c5f4c242,analysis_contract_baseline_v1.csv; identity inheritance per final closeout
OFI_02547,ex_c5f4c242,랜덤 비프 풋워크,OFI_AXIS,HIGH_SPEED,,MEDIUM,85.9375,1,MIGRATED_CURRENT_BEHAVIOR,ANALYSIS_CONTRACT_BASELINE_V1,,ex_c5f4c242,analysis_contract_baseline_v1.csv; identity inheritance per final closeout
OFI_02548,ex_c5f4c242,랜덤 비프 풋워크,OFI_AXIS,LOCAL_MUSCULAR,,MEDIUM,58.4375,1,MIGRATED_CURRENT_BEHAVIOR,ANALYSIS_CONTRACT_BASELINE_V1,,ex_c5f4c242,analysis_contract_baseline_v1.csv; identity inheritance per final closeout
OFI_02549,ex_c5f4c242,랜덤 비프 풋워크,OFI_AXIS,REACTIVE,,MEDIUM,93.75,1,MIGRATED_CURRENT_BEHAVIOR,ANALYSIS_CONTRACT_BASELINE_V1,,ex_c5f4c242,analysis_contract_baseline_v1.csv; identity inheritance per final closeout
OFI_02550,ex_c5f4c242,랜덤 비프 풋워크,OFI_AXIS,SYSTEMIC_MUSCULAR,,MEDIUM,53.125,1,MIGRATED_CURRENT_BEHAVIOR,ANALYSIS_CONTRACT_BASELINE_V1,,ex_c5f4c242,analysis_contract_baseline_v1.csv; identity inheritance per final closeout
OFI_02551,ex_c5f4c242,랜덤 비프 풋워크,OFI_CAUTION,HIGH_SPEED_CAUTION,,,0,1,MIGRATED_CURRENT_BEHAVIOR,ANALYSIS_CONTRACT_BASELINE_V1,,ex_c5f4c242,analysis_contract_baseline_v1.csv; identity inheritance per final closeout
OFI_02552,ex_c5f4c242,랜덤 비프 풋워크,OFI_CAUTION,REACTIVE_CAUTION,,,0,1,MIGRATED_CURRENT_BEHAVIOR,ANALYSIS_CONTRACT_BASELINE_V1,,ex_c5f4c242,analysis_contract_baseline_v1.csv; identity inheritance per final closeout
OFI_02553,ex_c5f4c242,랜덤 비프 풋워크,OFI_DOSE,DISTANCE_OR_TIME,,THREE_CONFIRMED_SETS_20KG_8REPS_600SECONDS_RPE8,0,1,MIGRATED_CURRENT_BEHAVIOR,ANALYSIS_CONTRACT_BASELINE_V1,,ex_c5f4c242,analysis_contract_baseline_v1.csv; identity inheritance per final closeout
OFI_02554,ex_c5f4c242,랜덤 비프 풋워크,OFI_GROUP,BADMINTON_COURT_FOOTWORK,,LOCAL_REPEAT_DETECTION,0,1,MIGRATED_CURRENT_BEHAVIOR,ANALYSIS_CONTRACT_BASELINE_V1,,ex_c5f4c242,analysis_contract_baseline_v1.csv; identity inheritance per final closeout
OFI_02555,ex_c5f4c242,랜덤 비프 풋워크,OFI_GROUP,NOT_APPLICABLE,,STRENGTH_COMPARISON,0,1,MIGRATED_CURRENT_BEHAVIOR,ANALYSIS_CONTRACT_BASELINE_V1,,ex_c5f4c242,analysis_contract_baseline_v1.csv; identity inheritance per final closeout
OFI_02556,ex_c5f4c242,랜덤 비프 풋워크,OFI_GROUP,NOT_APPLICABLE,,WORKLOAD_BASELINE,0,1,MIGRATED_CURRENT_BEHAVIOR,ANALYSIS_CONTRACT_BASELINE_V1,,ex_c5f4c242,analysis_contract_baseline_v1.csv; identity inheritance per final closeout
OFI_02557,ex_c5f4c242,랜덤 비프 풋워크,OFI_SCORE,HIGH_FORCE_NEURAL,,,21,1,MIGRATED_CURRENT_BEHAVIOR,ANALYSIS_CONTRACT_BASELINE_V1,,ex_c5f4c242,analysis_contract_baseline_v1.csv; identity inheritance per final closeout
OFI_02558,ex_c5f4c242,랜덤 비프 풋워크,OFI_SCORE,HIGH_SPEED,,,100,1,MIGRATED_CURRENT_BEHAVIOR,ANALYSIS_CONTRACT_BASELINE_V1,,ex_c5f4c242,analysis_contract_baseline_v1.csv; identity inheritance per final closeout
OFI_02559,ex_c5f4c242,랜덤 비프 풋워크,OFI_SCORE,LOCAL_MUSCULAR,,,73,1,MIGRATED_CURRENT_BEHAVIOR,ANALYSIS_CONTRACT_BASELINE_V1,,ex_c5f4c242,analysis_contract_baseline_v1.csv; identity inheritance per final closeout
OFI_02560,ex_c5f4c242,랜덤 비프 풋워크,OFI_SCORE,REACTIVE,,,100,1,MIGRATED_CURRENT_BEHAVIOR,ANALYSIS_CONTRACT_BASELINE_V1,,ex_c5f4c242,analysis_contract_baseline_v1.csv; identity inheritance per final closeout
OFI_02561,ex_c5f4c242,랜덤 비프 풋워크,OFI_SCORE,SYSTEMIC_MUSCULAR,,,66,1,MIGRATED_CURRENT_BEHAVIOR,ANALYSIS_CONTRACT_BASELINE_V1,,ex_c5f4c242,analysis_contract_baseline_v1.csv; identity inheritance per final closeout
OFI_02562,ex_c5f4c242,랜덤 비프 풋워크,OFI_SNAPSHOT,SUMMARY,ELEVATED,LOW,83,1,MIGRATED_CURRENT_BEHAVIOR,ANALYSIS_CONTRACT_BASELINE_V1,,ex_c5f4c242,analysis_contract_baseline_v1.csv; identity inheritance per final closeout
OFI_02563,ex_c62c0716,컨센트레이션 컬,BADMINTON_FATIGUE_COST,LOW,,,0,1,MIGRATED_CURRENT_BEHAVIOR,ANALYSIS_CONTRACT_BASELINE_V1,,ex_c62c0716,analysis_contract_baseline_v1.csv; identity inheritance per final closeout
OFI_02564,ex_c62c0716,컨센트레이션 컬,OFI_AXIS,HIGH_FORCE_NEURAL,,SHORT,17.1875,1,MIGRATED_CURRENT_BEHAVIOR,ANALYSIS_CONTRACT_BASELINE_V1,,ex_c62c0716,analysis_contract_baseline_v1.csv; identity inheritance per final closeout
OFI_02565,ex_c62c0716,컨센트레이션 컬,OFI_AXIS,HIGH_SPEED,,SHORT,17.1875,1,MIGRATED_CURRENT_BEHAVIOR,ANALYSIS_CONTRACT_BASELINE_V1,,ex_c62c0716,analysis_contract_baseline_v1.csv; identity inheritance per final closeout
OFI_02566,ex_c62c0716,컨센트레이션 컬,OFI_AXIS,LOCAL_MUSCULAR,,SHORT,58.4375,1,MIGRATED_CURRENT_BEHAVIOR,ANALYSIS_CONTRACT_BASELINE_V1,,ex_c62c0716,analysis_contract_baseline_v1.csv; identity inheritance per final closeout
OFI_02567,ex_c62c0716,컨센트레이션 컬,OFI_AXIS,REACTIVE,,SHORT,15.625,1,MIGRATED_CURRENT_BEHAVIOR,ANALYSIS_CONTRACT_BASELINE_V1,,ex_c62c0716,analysis_contract_baseline_v1.csv; identity inheritance per final closeout
OFI_02568,ex_c62c0716,컨센트레이션 컬,OFI_AXIS,SYSTEMIC_MUSCULAR,,SHORT,13.28125,1,MIGRATED_CURRENT_BEHAVIOR,ANALYSIS_CONTRACT_BASELINE_V1,,ex_c62c0716,analysis_contract_baseline_v1.csv; identity inheritance per final closeout
OFI_02569,ex_c62c0716,컨센트레이션 컬,OFI_DOSE,VOLUME_LOAD,,THREE_CONFIRMED_SETS_20KG_8REPS_600SECONDS_RPE8,0,1,MIGRATED_CURRENT_BEHAVIOR,ANALYSIS_CONTRACT_BASELINE_V1,,ex_c62c0716,analysis_contract_baseline_v1.csv; identity inheritance per final closeout
OFI_02570,ex_c62c0716,컨센트레이션 컬,OFI_GROUP,ELBOW_FLEXION_CURL,,LOCAL_REPEAT_DETECTION,0,1,MIGRATED_CURRENT_BEHAVIOR,ANALYSIS_CONTRACT_BASELINE_V1,,ex_c62c0716,analysis_contract_baseline_v1.csv; identity inheritance per final closeout
OFI_02571,ex_c62c0716,컨센트레이션 컬,OFI_GROUP,ELBOW_FLEXION_CURL,,STRENGTH_COMPARISON,0,1,MIGRATED_CURRENT_BEHAVIOR,ANALYSIS_CONTRACT_BASELINE_V1,,ex_c62c0716,analysis_contract_baseline_v1.csv; identity inheritance per final closeout
OFI_02572,ex_c62c0716,컨센트레이션 컬,OFI_GROUP,ELBOW_FLEXION_CURL,,WORKLOAD_BASELINE,0,1,MIGRATED_CURRENT_BEHAVIOR,ANALYSIS_CONTRACT_BASELINE_V1,,ex_c62c0716,analysis_contract_baseline_v1.csv; identity inheritance per final closeout
OFI_02573,ex_c62c0716,컨센트레이션 컬,OFI_SCORE,HIGH_FORCE_NEURAL,,,21,1,MIGRATED_CURRENT_BEHAVIOR,ANALYSIS_CONTRACT_BASELINE_V1,,ex_c62c0716,analysis_contract_baseline_v1.csv; identity inheritance per final closeout
OFI_02574,ex_c62c0716,컨센트레이션 컬,OFI_SCORE,HIGH_SPEED,,,21,1,MIGRATED_CURRENT_BEHAVIOR,ANALYSIS_CONTRACT_BASELINE_V1,,ex_c62c0716,analysis_contract_baseline_v1.csv; identity inheritance per final closeout
OFI_02575,ex_c62c0716,컨센트레이션 컬,OFI_SCORE,LOCAL_MUSCULAR,,,73,1,MIGRATED_CURRENT_BEHAVIOR,ANALYSIS_CONTRACT_BASELINE_V1,,ex_c62c0716,analysis_contract_baseline_v1.csv; identity inheritance per final closeout
OFI_02576,ex_c62c0716,컨센트레이션 컬,OFI_SCORE,REACTIVE,,,20,1,MIGRATED_CURRENT_BEHAVIOR,ANALYSIS_CONTRACT_BASELINE_V1,,ex_c62c0716,analysis_contract_baseline_v1.csv; identity inheritance per final closeout
OFI_02577,ex_c62c0716,컨센트레이션 컬,OFI_SCORE,SYSTEMIC_MUSCULAR,,,17,1,MIGRATED_CURRENT_BEHAVIOR,ANALYSIS_CONTRACT_BASELINE_V1,,ex_c62c0716,analysis_contract_baseline_v1.csv; identity inheritance per final closeout
OFI_02578,ex_c62c0716,컨센트레이션 컬,OFI_SNAPSHOT,SUMMARY,LOW,LOW,39,1,MIGRATED_CURRENT_BEHAVIOR,ANALYSIS_CONTRACT_BASELINE_V1,,ex_c62c0716,analysis_contract_baseline_v1.csv; identity inheritance per final closeout
OFI_02579,ex_c6d9efef,스플릿 스텝,BADMINTON_FATIGUE_COST,HIGH,,,0,1,MIGRATED_CURRENT_BEHAVIOR,ANALYSIS_CONTRACT_BASELINE_V1,,ex_c6d9efef,analysis_contract_baseline_v1.csv; identity inheritance per final closeout
OFI_02580,ex_c6d9efef,스플릿 스텝,OFI_AXIS,HIGH_FORCE_NEURAL,,MEDIUM,17.1875,1,MIGRATED_CURRENT_BEHAVIOR,ANALYSIS_CONTRACT_BASELINE_V1,,ex_c6d9efef,analysis_contract_baseline_v1.csv; identity inheritance per final closeout
OFI_02581,ex_c6d9efef,스플릿 스텝,OFI_AXIS,HIGH_SPEED,,MEDIUM,85.9375,1,MIGRATED_CURRENT_BEHAVIOR,ANALYSIS_CONTRACT_BASELINE_V1,,ex_c6d9efef,analysis_contract_baseline_v1.csv; identity inheritance per final closeout
OFI_02582,ex_c6d9efef,스플릿 스텝,OFI_AXIS,LOCAL_MUSCULAR,,MEDIUM,58.4375,1,MIGRATED_CURRENT_BEHAVIOR,ANALYSIS_CONTRACT_BASELINE_V1,,ex_c6d9efef,analysis_contract_baseline_v1.csv; identity inheritance per final closeout
OFI_02583,ex_c6d9efef,스플릿 스텝,OFI_AXIS,REACTIVE,,MEDIUM,93.75,1,MIGRATED_CURRENT_BEHAVIOR,ANALYSIS_CONTRACT_BASELINE_V1,,ex_c6d9efef,analysis_contract_baseline_v1.csv; identity inheritance per final closeout
OFI_02584,ex_c6d9efef,스플릿 스텝,OFI_AXIS,SYSTEMIC_MUSCULAR,,MEDIUM,53.125,1,MIGRATED_CURRENT_BEHAVIOR,ANALYSIS_CONTRACT_BASELINE_V1,,ex_c6d9efef,analysis_contract_baseline_v1.csv; identity inheritance per final closeout
OFI_02585,ex_c6d9efef,스플릿 스텝,OFI_CAUTION,HIGH_SPEED_CAUTION,,,0,1,MIGRATED_CURRENT_BEHAVIOR,ANALYSIS_CONTRACT_BASELINE_V1,,ex_c6d9efef,analysis_contract_baseline_v1.csv; identity inheritance per final closeout
OFI_02586,ex_c6d9efef,스플릿 스텝,OFI_CAUTION,REACTIVE_CAUTION,,,0,1,MIGRATED_CURRENT_BEHAVIOR,ANALYSIS_CONTRACT_BASELINE_V1,,ex_c6d9efef,analysis_contract_baseline_v1.csv; identity inheritance per final closeout
OFI_02587,ex_c6d9efef,스플릿 스텝,OFI_DOSE,DISTANCE_OR_TIME,,THREE_CONFIRMED_SETS_20KG_8REPS_600SECONDS_RPE8,0,1,MIGRATED_CURRENT_BEHAVIOR,ANALYSIS_CONTRACT_BASELINE_V1,,ex_c6d9efef,analysis_contract_baseline_v1.csv; identity inheritance per final closeout
OFI_02588,ex_c6d9efef,스플릿 스텝,OFI_GROUP,BADMINTON_COURT_FOOTWORK,,LOCAL_REPEAT_DETECTION,0,1,MIGRATED_CURRENT_BEHAVIOR,ANALYSIS_CONTRACT_BASELINE_V1,,ex_c6d9efef,analysis_contract_baseline_v1.csv; identity inheritance per final closeout
OFI_02589,ex_c6d9efef,스플릿 스텝,OFI_GROUP,NOT_APPLICABLE,,STRENGTH_COMPARISON,0,1,MIGRATED_CURRENT_BEHAVIOR,ANALYSIS_CONTRACT_BASELINE_V1,,ex_c6d9efef,analysis_contract_baseline_v1.csv; identity inheritance per final closeout
OFI_02590,ex_c6d9efef,스플릿 스텝,OFI_GROUP,NOT_APPLICABLE,,WORKLOAD_BASELINE,0,1,MIGRATED_CURRENT_BEHAVIOR,ANALYSIS_CONTRACT_BASELINE_V1,,ex_c6d9efef,analysis_contract_baseline_v1.csv; identity inheritance per final closeout
OFI_02591,ex_c6d9efef,스플릿 스텝,OFI_SCORE,HIGH_FORCE_NEURAL,,,21,1,MIGRATED_CURRENT_BEHAVIOR,ANALYSIS_CONTRACT_BASELINE_V1,,ex_c6d9efef,analysis_contract_baseline_v1.csv; identity inheritance per final closeout
OFI_02592,ex_c6d9efef,스플릿 스텝,OFI_SCORE,HIGH_SPEED,,,100,1,MIGRATED_CURRENT_BEHAVIOR,ANALYSIS_CONTRACT_BASELINE_V1,,ex_c6d9efef,analysis_contract_baseline_v1.csv; identity inheritance per final closeout
OFI_02593,ex_c6d9efef,스플릿 스텝,OFI_SCORE,LOCAL_MUSCULAR,,,73,1,MIGRATED_CURRENT_BEHAVIOR,ANALYSIS_CONTRACT_BASELINE_V1,,ex_c6d9efef,analysis_contract_baseline_v1.csv; identity inheritance per final closeout
OFI_02594,ex_c6d9efef,스플릿 스텝,OFI_SCORE,REACTIVE,,,100,1,MIGRATED_CURRENT_BEHAVIOR,ANALYSIS_CONTRACT_BASELINE_V1,,ex_c6d9efef,analysis_contract_baseline_v1.csv; identity inheritance per final closeout
OFI_02595,ex_c6d9efef,스플릿 스텝,OFI_SCORE,SYSTEMIC_MUSCULAR,,,66,1,MIGRATED_CURRENT_BEHAVIOR,ANALYSIS_CONTRACT_BASELINE_V1,,ex_c6d9efef,analysis_contract_baseline_v1.csv; identity inheritance per final closeout
OFI_02596,ex_c6d9efef,스플릿 스텝,OFI_SNAPSHOT,SUMMARY,ELEVATED,LOW,83,1,MIGRATED_CURRENT_BEHAVIOR,ANALYSIS_CONTRACT_BASELINE_V1,,ex_c6d9efef,analysis_contract_baseline_v1.csv; identity inheritance per final closeout
OFI_02597,ex_c7977dfd,6코너 풋워크 최대반복 테스트,BADMINTON_FATIGUE_COST,HIGH,,,0,1,MIGRATED_CURRENT_BEHAVIOR,ANALYSIS_CONTRACT_BASELINE_V1,,ex_c7977dfd,analysis_contract_baseline_v1.csv; identity inheritance per final closeout
OFI_02598,ex_c7977dfd,6코너 풋워크 최대반복 테스트,OFI_AXIS,HIGH_FORCE_NEURAL,,LONG,20.625,1,MIGRATED_CURRENT_BEHAVIOR,ANALYSIS_CONTRACT_BASELINE_V1,,ex_c7977dfd,analysis_contract_baseline_v1.csv; identity inheritance per final closeout
OFI_02599,ex_c7977dfd,6코너 풋워크 최대반복 테스트,OFI_AXIS,HIGH_SPEED,,LONG,85.9375,1,MIGRATED_CURRENT_BEHAVIOR,ANALYSIS_CONTRACT_BASELINE_V1,,ex_c7977dfd,analysis_contract_baseline_v1.csv; identity inheritance per final closeout
OFI_02600,ex_c7977dfd,6코너 풋워크 최대반복 테스트,OFI_AXIS,LOCAL_MUSCULAR,,LONG,58.4375,1,MIGRATED_CURRENT_BEHAVIOR,ANALYSIS_CONTRACT_BASELINE_V1,,ex_c7977dfd,analysis_contract_baseline_v1.csv; identity inheritance per final closeout
OFI_02601,ex_c7977dfd,6코너 풋워크 최대반복 테스트,OFI_AXIS,REACTIVE,,LONG,93.75,1,MIGRATED_CURRENT_BEHAVIOR,ANALYSIS_CONTRACT_BASELINE_V1,,ex_c7977dfd,analysis_contract_baseline_v1.csv; identity inheritance per final closeout
OFI_02602,ex_c7977dfd,6코너 풋워크 최대반복 테스트,OFI_AXIS,SYSTEMIC_MUSCULAR,,LONG,53.125,1,MIGRATED_CURRENT_BEHAVIOR,ANALYSIS_CONTRACT_BASELINE_V1,,ex_c7977dfd,analysis_contract_baseline_v1.csv; identity inheritance per final closeout
OFI_02603,ex_c7977dfd,6코너 풋워크 최대반복 테스트,OFI_CAUTION,HIGH_SPEED_CAUTION,,,0,1,MIGRATED_CURRENT_BEHAVIOR,ANALYSIS_CONTRACT_BASELINE_V1,,ex_c7977dfd,analysis_contract_baseline_v1.csv; identity inheritance per final closeout
OFI_02604,ex_c7977dfd,6코너 풋워크 최대반복 테스트,OFI_CAUTION,REACTIVE_CAUTION,,,0,1,MIGRATED_CURRENT_BEHAVIOR,ANALYSIS_CONTRACT_BASELINE_V1,,ex_c7977dfd,analysis_contract_baseline_v1.csv; identity inheritance per final closeout
OFI_02605,ex_c7977dfd,6코너 풋워크 최대반복 테스트,OFI_CAUTION,RECOVERY_DEBT_HIGH,,,0,1,MIGRATED_CURRENT_BEHAVIOR,ANALYSIS_CONTRACT_BASELINE_V1,,ex_c7977dfd,analysis_contract_baseline_v1.csv; identity inheritance per final closeout
OFI_02606,ex_c7977dfd,6코너 풋워크 최대반복 테스트,OFI_DOSE,COUNT_ONLY,,THREE_CONFIRMED_SETS_20KG_8REPS_600SECONDS_RPE8,0,1,MIGRATED_CURRENT_BEHAVIOR,ANALYSIS_CONTRACT_BASELINE_V1,,ex_c7977dfd,analysis_contract_baseline_v1.csv; identity inheritance per final closeout
OFI_02607,ex_c7977dfd,6코너 풋워크 최대반복 테스트,OFI_GROUP,NOT_APPLICABLE,,LOCAL_REPEAT_DETECTION,0,1,MIGRATED_CURRENT_BEHAVIOR,ANALYSIS_CONTRACT_BASELINE_V1,,ex_c7977dfd,analysis_contract_baseline_v1.csv; identity inheritance per final closeout
OFI_02608,ex_c7977dfd,6코너 풋워크 최대반복 테스트,OFI_GROUP,NOT_APPLICABLE,,STRENGTH_COMPARISON,0,1,MIGRATED_CURRENT_BEHAVIOR,ANALYSIS_CONTRACT_BASELINE_V1,,ex_c7977dfd,analysis_contract_baseline_v1.csv; identity inheritance per final closeout
OFI_02609,ex_c7977dfd,6코너 풋워크 최대반복 테스트,OFI_GROUP,NOT_APPLICABLE,,WORKLOAD_BASELINE,0,1,MIGRATED_CURRENT_BEHAVIOR,ANALYSIS_CONTRACT_BASELINE_V1,,ex_c7977dfd,analysis_contract_baseline_v1.csv; identity inheritance per final closeout
OFI_02610,ex_c7977dfd,6코너 풋워크 최대반복 테스트,OFI_SCORE,HIGH_FORCE_NEURAL,,,26,1,MIGRATED_CURRENT_BEHAVIOR,ANALYSIS_CONTRACT_BASELINE_V1,,ex_c7977dfd,analysis_contract_baseline_v1.csv; identity inheritance per final closeout
OFI_02611,ex_c7977dfd,6코너 풋워크 최대반복 테스트,OFI_SCORE,HIGH_SPEED,,,100,1,MIGRATED_CURRENT_BEHAVIOR,ANALYSIS_CONTRACT_BASELINE_V1,,ex_c7977dfd,analysis_contract_baseline_v1.csv; identity inheritance per final closeout
OFI_02612,ex_c7977dfd,6코너 풋워크 최대반복 테스트,OFI_SCORE,LOCAL_MUSCULAR,,,73,1,MIGRATED_CURRENT_BEHAVIOR,ANALYSIS_CONTRACT_BASELINE_V1,,ex_c7977dfd,analysis_contract_baseline_v1.csv; identity inheritance per final closeout
OFI_02613,ex_c7977dfd,6코너 풋워크 최대반복 테스트,OFI_SCORE,REACTIVE,,,100,1,MIGRATED_CURRENT_BEHAVIOR,ANALYSIS_CONTRACT_BASELINE_V1,,ex_c7977dfd,analysis_contract_baseline_v1.csv; identity inheritance per final closeout
OFI_02614,ex_c7977dfd,6코너 풋워크 최대반복 테스트,OFI_SCORE,SYSTEMIC_MUSCULAR,,,66,1,MIGRATED_CURRENT_BEHAVIOR,ANALYSIS_CONTRACT_BASELINE_V1,,ex_c7977dfd,analysis_contract_baseline_v1.csv; identity inheritance per final closeout
OFI_02615,ex_c7977dfd,6코너 풋워크 최대반복 테스트,OFI_SNAPSHOT,SUMMARY,ELEVATED,LOW,84,1,MIGRATED_CURRENT_BEHAVIOR,ANALYSIS_CONTRACT_BASELINE_V1,,ex_c7977dfd,analysis_contract_baseline_v1.csv; identity inheritance per final closeout
OFI_02616,ex_c8bcf3ce,리버스 런지,BADMINTON_FATIGUE_COST,HIGH,,,0,1,MIGRATED_CURRENT_BEHAVIOR,ANALYSIS_CONTRACT_BASELINE_V1,,ex_c8bcf3ce,analysis_contract_baseline_v1.csv; identity inheritance per final closeout
OFI_02617,ex_c8bcf3ce,리버스 런지,OFI_AXIS,HIGH_FORCE_NEURAL,,LONG,37.8125,1,MIGRATED_CURRENT_BEHAVIOR,ANALYSIS_CONTRACT_BASELINE_V1,,ex_c8bcf3ce,analysis_contract_baseline_v1.csv; identity inheritance per final closeout
OFI_02618,ex_c8bcf3ce,리버스 런지,OFI_AXIS,HIGH_SPEED,,LONG,70.125,1,MIGRATED_CURRENT_BEHAVIOR,ANALYSIS_CONTRACT_BASELINE_V1,,ex_c8bcf3ce,analysis_contract_baseline_v1.csv; identity inheritance per final closeout
OFI_02619,ex_c8bcf3ce,리버스 런지,OFI_AXIS,LOCAL_MUSCULAR,,LONG,58.4375,1,MIGRATED_CURRENT_BEHAVIOR,ANALYSIS_CONTRACT_BASELINE_V1,,ex_c8bcf3ce,analysis_contract_baseline_v1.csv; identity inheritance per final closeout
OFI_02620,ex_c8bcf3ce,리버스 런지,OFI_AXIS,REACTIVE,,LONG,63.75,1,MIGRATED_CURRENT_BEHAVIOR,ANALYSIS_CONTRACT_BASELINE_V1,,ex_c8bcf3ce,analysis_contract_baseline_v1.csv; identity inheritance per final closeout
OFI_02621,ex_c8bcf3ce,리버스 런지,OFI_AXIS,SYSTEMIC_MUSCULAR,,LONG,53.125,1,MIGRATED_CURRENT_BEHAVIOR,ANALYSIS_CONTRACT_BASELINE_V1,,ex_c8bcf3ce,analysis_contract_baseline_v1.csv; identity inheritance per final closeout
OFI_02622,ex_c8bcf3ce,리버스 런지,OFI_DOSE,VOLUME_LOAD,,THREE_CONFIRMED_SETS_20KG_8REPS_600SECONDS_RPE8,0,1,MIGRATED_CURRENT_BEHAVIOR,ANALYSIS_CONTRACT_BASELINE_V1,,ex_c8bcf3ce,analysis_contract_baseline_v1.csv; identity inheritance per final closeout
OFI_02623,ex_c8bcf3ce,리버스 런지,OFI_GROUP,LUNGE_UNILATERAL_LOWER,,LOCAL_REPEAT_DETECTION,0,1,MIGRATED_CURRENT_BEHAVIOR,ANALYSIS_CONTRACT_BASELINE_V1,,ex_c8bcf3ce,analysis_contract_baseline_v1.csv; identity inheritance per final closeout
OFI_02624,ex_c8bcf3ce,리버스 런지,OFI_GROUP,LUNGE_UNILATERAL_LOWER,,STRENGTH_COMPARISON,0,1,MIGRATED_CURRENT_BEHAVIOR,ANALYSIS_CONTRACT_BASELINE_V1,,ex_c8bcf3ce,analysis_contract_baseline_v1.csv; identity inheritance per final closeout
OFI_02625,ex_c8bcf3ce,리버스 런지,OFI_GROUP,LUNGE_UNILATERAL_LOWER,,WORKLOAD_BASELINE,0,1,MIGRATED_CURRENT_BEHAVIOR,ANALYSIS_CONTRACT_BASELINE_V1,,ex_c8bcf3ce,analysis_contract_baseline_v1.csv; identity inheritance per final closeout
OFI_02626,ex_c8bcf3ce,리버스 런지,OFI_SCORE,HIGH_FORCE_NEURAL,,,47,1,MIGRATED_CURRENT_BEHAVIOR,ANALYSIS_CONTRACT_BASELINE_V1,,ex_c8bcf3ce,analysis_contract_baseline_v1.csv; identity inheritance per final closeout
OFI_02627,ex_c8bcf3ce,리버스 런지,OFI_SCORE,HIGH_SPEED,,,88,1,MIGRATED_CURRENT_BEHAVIOR,ANALYSIS_CONTRACT_BASELINE_V1,,ex_c8bcf3ce,analysis_contract_baseline_v1.csv; identity inheritance per final closeout
OFI_02628,ex_c8bcf3ce,리버스 런지,OFI_SCORE,LOCAL_MUSCULAR,,,73,1,MIGRATED_CURRENT_BEHAVIOR,ANALYSIS_CONTRACT_BASELINE_V1,,ex_c8bcf3ce,analysis_contract_baseline_v1.csv; identity inheritance per final closeout
OFI_02629,ex_c8bcf3ce,리버스 런지,OFI_SCORE,REACTIVE,,,80,1,MIGRATED_CURRENT_BEHAVIOR,ANALYSIS_CONTRACT_BASELINE_V1,,ex_c8bcf3ce,analysis_contract_baseline_v1.csv; identity inheritance per final closeout
OFI_02630,ex_c8bcf3ce,리버스 런지,OFI_SCORE,SYSTEMIC_MUSCULAR,,,66,1,MIGRATED_CURRENT_BEHAVIOR,ANALYSIS_CONTRACT_BASELINE_V1,,ex_c8bcf3ce,analysis_contract_baseline_v1.csv; identity inheritance per final closeout
OFI_02631,ex_c8bcf3ce,리버스 런지,OFI_SNAPSHOT,SUMMARY,ELEVATED,LOW,79,1,MIGRATED_CURRENT_BEHAVIOR,ANALYSIS_CONTRACT_BASELINE_V1,,ex_c8bcf3ce,analysis_contract_baseline_v1.csv; identity inheritance per final closeout
OFI_02632,ex_ca5cce66,스트레이트암 풀다운,BADMINTON_FATIGUE_COST,MEDIUM,,,0,1,MIGRATED_CURRENT_BEHAVIOR,ANALYSIS_CONTRACT_BASELINE_V1,,ex_ca5cce66,analysis_contract_baseline_v1.csv; identity inheritance per final closeout
OFI_02633,ex_ca5cce66,스트레이트암 풀다운,OFI_AXIS,HIGH_FORCE_NEURAL,,SHORT,17.1875,1,MIGRATED_CURRENT_BEHAVIOR,ANALYSIS_CONTRACT_BASELINE_V1,,ex_ca5cce66,analysis_contract_baseline_v1.csv; identity inheritance per final closeout
OFI_02634,ex_ca5cce66,스트레이트암 풀다운,OFI_AXIS,HIGH_SPEED,,SHORT,17.1875,1,MIGRATED_CURRENT_BEHAVIOR,ANALYSIS_CONTRACT_BASELINE_V1,,ex_ca5cce66,analysis_contract_baseline_v1.csv; identity inheritance per final closeout
OFI_02635,ex_ca5cce66,스트레이트암 풀다운,OFI_AXIS,LOCAL_MUSCULAR,,SHORT,58.4375,1,MIGRATED_CURRENT_BEHAVIOR,ANALYSIS_CONTRACT_BASELINE_V1,,ex_ca5cce66,analysis_contract_baseline_v1.csv; identity inheritance per final closeout
OFI_02636,ex_ca5cce66,스트레이트암 풀다운,OFI_AXIS,REACTIVE,,SHORT,15.625,1,MIGRATED_CURRENT_BEHAVIOR,ANALYSIS_CONTRACT_BASELINE_V1,,ex_ca5cce66,analysis_contract_baseline_v1.csv; identity inheritance per final closeout
OFI_02637,ex_ca5cce66,스트레이트암 풀다운,OFI_AXIS,SYSTEMIC_MUSCULAR,,SHORT,13.28125,1,MIGRATED_CURRENT_BEHAVIOR,ANALYSIS_CONTRACT_BASELINE_V1,,ex_ca5cce66,analysis_contract_baseline_v1.csv; identity inheritance per final closeout
OFI_02638,ex_ca5cce66,스트레이트암 풀다운,OFI_DOSE,LOAD_REPS,,THREE_CONFIRMED_SETS_20KG_8REPS_600SECONDS_RPE8,0,1,MIGRATED_CURRENT_BEHAVIOR,ANALYSIS_CONTRACT_BASELINE_V1,,ex_ca5cce66,analysis_contract_baseline_v1.csv; identity inheritance per final closeout
OFI_02639,ex_ca5cce66,스트레이트암 풀다운,OFI_GROUP,STRAIGHT_ARM_LAT_ACCESSORY,,LOCAL_REPEAT_DETECTION,0,1,MIGRATED_CURRENT_BEHAVIOR,ANALYSIS_CONTRACT_BASELINE_V1,,ex_ca5cce66,analysis_contract_baseline_v1.csv; identity inheritance per final closeout
OFI_02640,ex_ca5cce66,스트레이트암 풀다운,OFI_GROUP,STRAIGHT_ARM_LAT_ACCESSORY,,STRENGTH_COMPARISON,0,1,MIGRATED_CURRENT_BEHAVIOR,ANALYSIS_CONTRACT_BASELINE_V1,,ex_ca5cce66,analysis_contract_baseline_v1.csv; identity inheritance per final closeout
OFI_02641,ex_ca5cce66,스트레이트암 풀다운,OFI_GROUP,STRAIGHT_ARM_LAT_ACCESSORY,,WORKLOAD_BASELINE,0,1,MIGRATED_CURRENT_BEHAVIOR,ANALYSIS_CONTRACT_BASELINE_V1,,ex_ca5cce66,analysis_contract_baseline_v1.csv; identity inheritance per final closeout
OFI_02642,ex_ca5cce66,스트레이트암 풀다운,OFI_SCORE,HIGH_FORCE_NEURAL,,,21,1,MIGRATED_CURRENT_BEHAVIOR,ANALYSIS_CONTRACT_BASELINE_V1,,ex_ca5cce66,analysis_contract_baseline_v1.csv; identity inheritance per final closeout
OFI_02643,ex_ca5cce66,스트레이트암 풀다운,OFI_SCORE,HIGH_SPEED,,,21,1,MIGRATED_CURRENT_BEHAVIOR,ANALYSIS_CONTRACT_BASELINE_V1,,ex_ca5cce66,analysis_contract_baseline_v1.csv; identity inheritance per final closeout
OFI_02644,ex_ca5cce66,스트레이트암 풀다운,OFI_SCORE,LOCAL_MUSCULAR,,,73,1,MIGRATED_CURRENT_BEHAVIOR,ANALYSIS_CONTRACT_BASELINE_V1,,ex_ca5cce66,analysis_contract_baseline_v1.csv; identity inheritance per final closeout
OFI_02645,ex_ca5cce66,스트레이트암 풀다운,OFI_SCORE,REACTIVE,,,20,1,MIGRATED_CURRENT_BEHAVIOR,ANALYSIS_CONTRACT_BASELINE_V1,,ex_ca5cce66,analysis_contract_baseline_v1.csv; identity inheritance per final closeout
OFI_02646,ex_ca5cce66,스트레이트암 풀다운,OFI_SCORE,SYSTEMIC_MUSCULAR,,,17,1,MIGRATED_CURRENT_BEHAVIOR,ANALYSIS_CONTRACT_BASELINE_V1,,ex_ca5cce66,analysis_contract_baseline_v1.csv; identity inheritance per final closeout
OFI_02647,ex_ca5cce66,스트레이트암 풀다운,OFI_SNAPSHOT,SUMMARY,LOW,LOW,39,1,MIGRATED_CURRENT_BEHAVIOR,ANALYSIS_CONTRACT_BASELINE_V1,,ex_ca5cce66,analysis_contract_baseline_v1.csv; identity inheritance per final closeout
OFI_02648,ex_cb3c4dc2,맨몸 스쿼트,BADMINTON_FATIGUE_COST,VERY_HIGH,,,0,1,MIGRATED_CURRENT_BEHAVIOR,ANALYSIS_CONTRACT_BASELINE_V1,,ex_cb3c4dc2,analysis_contract_baseline_v1.csv; identity inheritance per final closeout
OFI_02649,ex_cb3c4dc2,맨몸 스쿼트,OFI_AXIS,HIGH_FORCE_NEURAL,,SHORT,17.1875,1,MIGRATED_CURRENT_BEHAVIOR,ANALYSIS_CONTRACT_BASELINE_V1,,ex_cb3c4dc2,analysis_contract_baseline_v1.csv; identity inheritance per final closeout
OFI_02650,ex_cb3c4dc2,맨몸 스쿼트,OFI_AXIS,HIGH_SPEED,,SHORT,17.1875,1,MIGRATED_CURRENT_BEHAVIOR,ANALYSIS_CONTRACT_BASELINE_V1,,ex_cb3c4dc2,analysis_contract_baseline_v1.csv; identity inheritance per final closeout
OFI_02651,ex_cb3c4dc2,맨몸 스쿼트,OFI_AXIS,LOCAL_MUSCULAR,,SHORT,37.8125,1,MIGRATED_CURRENT_BEHAVIOR,ANALYSIS_CONTRACT_BASELINE_V1,,ex_cb3c4dc2,analysis_contract_baseline_v1.csv; identity inheritance per final closeout
OFI_02652,ex_cb3c4dc2,맨몸 스쿼트,OFI_AXIS,REACTIVE,,SHORT,15.625,1,MIGRATED_CURRENT_BEHAVIOR,ANALYSIS_CONTRACT_BASELINE_V1,,ex_cb3c4dc2,analysis_contract_baseline_v1.csv; identity inheritance per final closeout
OFI_02653,ex_cb3c4dc2,맨몸 스쿼트,OFI_AXIS,SYSTEMIC_MUSCULAR,,SHORT,15.625,1,MIGRATED_CURRENT_BEHAVIOR,ANALYSIS_CONTRACT_BASELINE_V1,,ex_cb3c4dc2,analysis_contract_baseline_v1.csv; identity inheritance per final closeout
OFI_02654,ex_cb3c4dc2,맨몸 스쿼트,OFI_DOSE,REPS_OR_TIME,,THREE_CONFIRMED_SETS_20KG_8REPS_600SECONDS_RPE8,0,1,MIGRATED_CURRENT_BEHAVIOR,ANALYSIS_CONTRACT_BASELINE_V1,,ex_cb3c4dc2,analysis_contract_baseline_v1.csv; identity inheritance per final closeout
OFI_02655,ex_cb3c4dc2,맨몸 스쿼트,OFI_GROUP,BODYWEIGHT_SQUAT_PATTERN,,LOCAL_REPEAT_DETECTION,0,1,MIGRATED_CURRENT_BEHAVIOR,ANALYSIS_CONTRACT_BASELINE_V1,,ex_cb3c4dc2,analysis_contract_baseline_v1.csv; identity inheritance per final closeout
OFI_02656,ex_cb3c4dc2,맨몸 스쿼트,OFI_GROUP,BODYWEIGHT_SQUAT_PATTERN,,STRENGTH_COMPARISON,0,1,MIGRATED_CURRENT_BEHAVIOR,ANALYSIS_CONTRACT_BASELINE_V1,,ex_cb3c4dc2,analysis_contract_baseline_v1.csv; identity inheritance per final closeout
OFI_02657,ex_cb3c4dc2,맨몸 스쿼트,OFI_GROUP,BODYWEIGHT_SQUAT_PATTERN,,WORKLOAD_BASELINE,0,1,MIGRATED_CURRENT_BEHAVIOR,ANALYSIS_CONTRACT_BASELINE_V1,,ex_cb3c4dc2,analysis_contract_baseline_v1.csv; identity inheritance per final closeout
OFI_02658,ex_cb3c4dc2,맨몸 스쿼트,OFI_SCORE,HIGH_FORCE_NEURAL,,,21,1,MIGRATED_CURRENT_BEHAVIOR,ANALYSIS_CONTRACT_BASELINE_V1,,ex_cb3c4dc2,analysis_contract_baseline_v1.csv; identity inheritance per final closeout
OFI_02659,ex_cb3c4dc2,맨몸 스쿼트,OFI_SCORE,HIGH_SPEED,,,21,1,MIGRATED_CURRENT_BEHAVIOR,ANALYSIS_CONTRACT_BASELINE_V1,,ex_cb3c4dc2,analysis_contract_baseline_v1.csv; identity inheritance per final closeout
OFI_02660,ex_cb3c4dc2,맨몸 스쿼트,OFI_SCORE,LOCAL_MUSCULAR,,,47,1,MIGRATED_CURRENT_BEHAVIOR,ANALYSIS_CONTRACT_BASELINE_V1,,ex_cb3c4dc2,analysis_contract_baseline_v1.csv; identity inheritance per final closeout
OFI_02661,ex_cb3c4dc2,맨몸 스쿼트,OFI_SCORE,REACTIVE,,,20,1,MIGRATED_CURRENT_BEHAVIOR,ANALYSIS_CONTRACT_BASELINE_V1,,ex_cb3c4dc2,analysis_contract_baseline_v1.csv; identity inheritance per final closeout
OFI_02662,ex_cb3c4dc2,맨몸 스쿼트,OFI_SCORE,SYSTEMIC_MUSCULAR,,,20,1,MIGRATED_CURRENT_BEHAVIOR,ANALYSIS_CONTRACT_BASELINE_V1,,ex_cb3c4dc2,analysis_contract_baseline_v1.csv; identity inheritance per final closeout
OFI_02663,ex_cb3c4dc2,맨몸 스쿼트,OFI_SNAPSHOT,SUMMARY,LOW,LOW,28,1,MIGRATED_CURRENT_BEHAVIOR,ANALYSIS_CONTRACT_BASELINE_V1,,ex_cb3c4dc2,analysis_contract_baseline_v1.csv; identity inheritance per final closeout
OFI_02664,ex_d5048362,인클라인 덤벨 컬,BADMINTON_FATIGUE_COST,LOW,,,0,1,MIGRATED_CURRENT_BEHAVIOR,ANALYSIS_CONTRACT_BASELINE_V1,,ex_d5048362,analysis_contract_baseline_v1.csv; identity inheritance per final closeout
OFI_02665,ex_d5048362,인클라인 덤벨 컬,OFI_AXIS,HIGH_FORCE_NEURAL,,SHORT,17.1875,1,MIGRATED_CURRENT_BEHAVIOR,ANALYSIS_CONTRACT_BASELINE_V1,,ex_d5048362,analysis_contract_baseline_v1.csv; identity inheritance per final closeout
OFI_02666,ex_d5048362,인클라인 덤벨 컬,OFI_AXIS,HIGH_SPEED,,SHORT,17.1875,1,MIGRATED_CURRENT_BEHAVIOR,ANALYSIS_CONTRACT_BASELINE_V1,,ex_d5048362,analysis_contract_baseline_v1.csv; identity inheritance per final closeout
OFI_02667,ex_d5048362,인클라인 덤벨 컬,OFI_AXIS,LOCAL_MUSCULAR,,SHORT,58.4375,1,MIGRATED_CURRENT_BEHAVIOR,ANALYSIS_CONTRACT_BASELINE_V1,,ex_d5048362,analysis_contract_baseline_v1.csv; identity inheritance per final closeout
OFI_02668,ex_d5048362,인클라인 덤벨 컬,OFI_AXIS,REACTIVE,,SHORT,15.625,1,MIGRATED_CURRENT_BEHAVIOR,ANALYSIS_CONTRACT_BASELINE_V1,,ex_d5048362,analysis_contract_baseline_v1.csv; identity inheritance per final closeout
OFI_02669,ex_d5048362,인클라인 덤벨 컬,OFI_AXIS,SYSTEMIC_MUSCULAR,,SHORT,13.28125,1,MIGRATED_CURRENT_BEHAVIOR,ANALYSIS_CONTRACT_BASELINE_V1,,ex_d5048362,analysis_contract_baseline_v1.csv; identity inheritance per final closeout
OFI_02670,ex_d5048362,인클라인 덤벨 컬,OFI_DOSE,VOLUME_LOAD,,THREE_CONFIRMED_SETS_20KG_8REPS_600SECONDS_RPE8,0,1,MIGRATED_CURRENT_BEHAVIOR,ANALYSIS_CONTRACT_BASELINE_V1,,ex_d5048362,analysis_contract_baseline_v1.csv; identity inheritance per final closeout
OFI_02671,ex_d5048362,인클라인 덤벨 컬,OFI_GROUP,ELBOW_FLEXION_CURL,,LOCAL_REPEAT_DETECTION,0,1,MIGRATED_CURRENT_BEHAVIOR,ANALYSIS_CONTRACT_BASELINE_V1,,ex_d5048362,analysis_contract_baseline_v1.csv; identity inheritance per final closeout
OFI_02672,ex_d5048362,인클라인 덤벨 컬,OFI_GROUP,ELBOW_FLEXION_CURL,,STRENGTH_COMPARISON,0,1,MIGRATED_CURRENT_BEHAVIOR,ANALYSIS_CONTRACT_BASELINE_V1,,ex_d5048362,analysis_contract_baseline_v1.csv; identity inheritance per final closeout
OFI_02673,ex_d5048362,인클라인 덤벨 컬,OFI_GROUP,ELBOW_FLEXION_CURL,,WORKLOAD_BASELINE,0,1,MIGRATED_CURRENT_BEHAVIOR,ANALYSIS_CONTRACT_BASELINE_V1,,ex_d5048362,analysis_contract_baseline_v1.csv; identity inheritance per final closeout
OFI_02674,ex_d5048362,인클라인 덤벨 컬,OFI_SCORE,HIGH_FORCE_NEURAL,,,21,1,MIGRATED_CURRENT_BEHAVIOR,ANALYSIS_CONTRACT_BASELINE_V1,,ex_d5048362,analysis_contract_baseline_v1.csv; identity inheritance per final closeout
OFI_02675,ex_d5048362,인클라인 덤벨 컬,OFI_SCORE,HIGH_SPEED,,,21,1,MIGRATED_CURRENT_BEHAVIOR,ANALYSIS_CONTRACT_BASELINE_V1,,ex_d5048362,analysis_contract_baseline_v1.csv; identity inheritance per final closeout
OFI_02676,ex_d5048362,인클라인 덤벨 컬,OFI_SCORE,LOCAL_MUSCULAR,,,73,1,MIGRATED_CURRENT_BEHAVIOR,ANALYSIS_CONTRACT_BASELINE_V1,,ex_d5048362,analysis_contract_baseline_v1.csv; identity inheritance per final closeout
OFI_02677,ex_d5048362,인클라인 덤벨 컬,OFI_SCORE,REACTIVE,,,20,1,MIGRATED_CURRENT_BEHAVIOR,ANALYSIS_CONTRACT_BASELINE_V1,,ex_d5048362,analysis_contract_baseline_v1.csv; identity inheritance per final closeout
OFI_02678,ex_d5048362,인클라인 덤벨 컬,OFI_SCORE,SYSTEMIC_MUSCULAR,,,17,1,MIGRATED_CURRENT_BEHAVIOR,ANALYSIS_CONTRACT_BASELINE_V1,,ex_d5048362,analysis_contract_baseline_v1.csv; identity inheritance per final closeout
OFI_02679,ex_d5048362,인클라인 덤벨 컬,OFI_SNAPSHOT,SUMMARY,LOW,LOW,39,1,MIGRATED_CURRENT_BEHAVIOR,ANALYSIS_CONTRACT_BASELINE_V1,,ex_d5048362,analysis_contract_baseline_v1.csv; identity inheritance per final closeout
OFI_02680,ex_d5bdffe1,데드버그,BADMINTON_FATIGUE_COST,MEDIUM,,,0,1,MIGRATED_CURRENT_BEHAVIOR,ANALYSIS_CONTRACT_BASELINE_V1,,ex_d5bdffe1,analysis_contract_baseline_v1.csv; identity inheritance per final closeout
OFI_02681,ex_d5bdffe1,데드버그,OFI_AXIS,HIGH_FORCE_NEURAL,,SHORT,17.1875,1,MIGRATED_CURRENT_BEHAVIOR,ANALYSIS_CONTRACT_BASELINE_V1,,ex_d5bdffe1,analysis_contract_baseline_v1.csv; identity inheritance per final closeout
OFI_02682,ex_d5bdffe1,데드버그,OFI_AXIS,HIGH_SPEED,,SHORT,17.1875,1,MIGRATED_CURRENT_BEHAVIOR,ANALYSIS_CONTRACT_BASELINE_V1,,ex_d5bdffe1,analysis_contract_baseline_v1.csv; identity inheritance per final closeout
OFI_02683,ex_d5bdffe1,데드버그,OFI_AXIS,LOCAL_MUSCULAR,,SHORT,37.8125,1,MIGRATED_CURRENT_BEHAVIOR,ANALYSIS_CONTRACT_BASELINE_V1,,ex_d5bdffe1,analysis_contract_baseline_v1.csv; identity inheritance per final closeout
OFI_02684,ex_d5bdffe1,데드버그,OFI_AXIS,REACTIVE,,SHORT,63.75,1,MIGRATED_CURRENT_BEHAVIOR,ANALYSIS_CONTRACT_BASELINE_V1,,ex_d5bdffe1,analysis_contract_baseline_v1.csv; identity inheritance per final closeout
OFI_02685,ex_d5bdffe1,데드버그,OFI_AXIS,SYSTEMIC_MUSCULAR,,SHORT,13.28125,1,MIGRATED_CURRENT_BEHAVIOR,ANALYSIS_CONTRACT_BASELINE_V1,,ex_d5bdffe1,analysis_contract_baseline_v1.csv; identity inheritance per final closeout
OFI_02686,ex_d5bdffe1,데드버그,OFI_DOSE,REPS_OR_TIME,,THREE_CONFIRMED_SETS_20KG_8REPS_600SECONDS_RPE8,0,1,MIGRATED_CURRENT_BEHAVIOR,ANALYSIS_CONTRACT_BASELINE_V1,,ex_d5bdffe1,analysis_contract_baseline_v1.csv; identity inheritance per final closeout
OFI_02687,ex_d5bdffe1,데드버그,OFI_GROUP,CORE_BRACING_CONTROL,,LOCAL_REPEAT_DETECTION,0,1,MIGRATED_CURRENT_BEHAVIOR,ANALYSIS_CONTRACT_BASELINE_V1,,ex_d5bdffe1,analysis_contract_baseline_v1.csv; identity inheritance per final closeout
OFI_02688,ex_d5bdffe1,데드버그,OFI_GROUP,CORE_BRACING_CONTROL,,STRENGTH_COMPARISON,0,1,MIGRATED_CURRENT_BEHAVIOR,ANALYSIS_CONTRACT_BASELINE_V1,,ex_d5bdffe1,analysis_contract_baseline_v1.csv; identity inheritance per final closeout
OFI_02689,ex_d5bdffe1,데드버그,OFI_GROUP,CORE_BRACING_CONTROL,,WORKLOAD_BASELINE,0,1,MIGRATED_CURRENT_BEHAVIOR,ANALYSIS_CONTRACT_BASELINE_V1,,ex_d5bdffe1,analysis_contract_baseline_v1.csv; identity inheritance per final closeout
OFI_02690,ex_d5bdffe1,데드버그,OFI_SCORE,HIGH_FORCE_NEURAL,,,21,1,MIGRATED_CURRENT_BEHAVIOR,ANALYSIS_CONTRACT_BASELINE_V1,,ex_d5bdffe1,analysis_contract_baseline_v1.csv; identity inheritance per final closeout
OFI_02691,ex_d5bdffe1,데드버그,OFI_SCORE,HIGH_SPEED,,,21,1,MIGRATED_CURRENT_BEHAVIOR,ANALYSIS_CONTRACT_BASELINE_V1,,ex_d5bdffe1,analysis_contract_baseline_v1.csv; identity inheritance per final closeout
OFI_02692,ex_d5bdffe1,데드버그,OFI_SCORE,LOCAL_MUSCULAR,,,47,1,MIGRATED_CURRENT_BEHAVIOR,ANALYSIS_CONTRACT_BASELINE_V1,,ex_d5bdffe1,analysis_contract_baseline_v1.csv; identity inheritance per final closeout
OFI_02693,ex_d5bdffe1,데드버그,OFI_SCORE,REACTIVE,,,80,1,MIGRATED_CURRENT_BEHAVIOR,ANALYSIS_CONTRACT_BASELINE_V1,,ex_d5bdffe1,analysis_contract_baseline_v1.csv; identity inheritance per final closeout
OFI_02694,ex_d5bdffe1,데드버그,OFI_SCORE,SYSTEMIC_MUSCULAR,,,17,1,MIGRATED_CURRENT_BEHAVIOR,ANALYSIS_CONTRACT_BASELINE_V1,,ex_d5bdffe1,analysis_contract_baseline_v1.csv; identity inheritance per final closeout
OFI_02695,ex_d5bdffe1,데드버그,OFI_SNAPSHOT,SUMMARY,NORMAL,LOW,57,1,MIGRATED_CURRENT_BEHAVIOR,ANALYSIS_CONTRACT_BASELINE_V1,,ex_d5bdffe1,analysis_contract_baseline_v1.csv; identity inheritance per final closeout
OFI_02696,ex_d60745b4,원레그 레그 익스텐션,BADMINTON_FATIGUE_COST,LOW,,,0,1,MIGRATED_CURRENT_BEHAVIOR,ANALYSIS_CONTRACT_BASELINE_V1,,ex_d60745b4,analysis_contract_baseline_v1.csv; identity inheritance per final closeout
OFI_02697,ex_d60745b4,원레그 레그 익스텐션,OFI_AXIS,HIGH_FORCE_NEURAL,,SHORT,17.1875,1,MIGRATED_CURRENT_BEHAVIOR,ANALYSIS_CONTRACT_BASELINE_V1,,ex_d60745b4,analysis_contract_baseline_v1.csv; identity inheritance per final closeout
OFI_02698,ex_d60745b4,원레그 레그 익스텐션,OFI_AXIS,HIGH_SPEED,,SHORT,17.1875,1,MIGRATED_CURRENT_BEHAVIOR,ANALYSIS_CONTRACT_BASELINE_V1,,ex_d60745b4,analysis_contract_baseline_v1.csv; identity inheritance per final closeout
OFI_02699,ex_d60745b4,원레그 레그 익스텐션,OFI_AXIS,LOCAL_MUSCULAR,,SHORT,58.4375,1,MIGRATED_CURRENT_BEHAVIOR,ANALYSIS_CONTRACT_BASELINE_V1,,ex_d60745b4,analysis_contract_baseline_v1.csv; identity inheritance per final closeout
OFI_02700,ex_d60745b4,원레그 레그 익스텐션,OFI_AXIS,REACTIVE,,SHORT,15.625,1,MIGRATED_CURRENT_BEHAVIOR,ANALYSIS_CONTRACT_BASELINE_V1,,ex_d60745b4,analysis_contract_baseline_v1.csv; identity inheritance per final closeout
OFI_02701,ex_d60745b4,원레그 레그 익스텐션,OFI_AXIS,SYSTEMIC_MUSCULAR,,SHORT,10.9375,1,MIGRATED_CURRENT_BEHAVIOR,ANALYSIS_CONTRACT_BASELINE_V1,,ex_d60745b4,analysis_contract_baseline_v1.csv; identity inheritance per final closeout
OFI_02702,ex_d60745b4,원레그 레그 익스텐션,OFI_DOSE,LOAD_REPS,,THREE_CONFIRMED_SETS_20KG_8REPS_600SECONDS_RPE8,0,1,MIGRATED_CURRENT_BEHAVIOR,ANALYSIS_CONTRACT_BASELINE_V1,,ex_d60745b4,analysis_contract_baseline_v1.csv; identity inheritance per final closeout
OFI_02703,ex_d60745b4,원레그 레그 익스텐션,OFI_GROUP,KNEE_EXTENSION_QUAD_ISOLATION,,LOCAL_REPEAT_DETECTION,0,1,MIGRATED_CURRENT_BEHAVIOR,ANALYSIS_CONTRACT_BASELINE_V1,,ex_d60745b4,analysis_contract_baseline_v1.csv; identity inheritance per final closeout
OFI_02704,ex_d60745b4,원레그 레그 익스텐션,OFI_GROUP,KNEE_EXTENSION_QUAD_ISOLATION,,STRENGTH_COMPARISON,0,1,MIGRATED_CURRENT_BEHAVIOR,ANALYSIS_CONTRACT_BASELINE_V1,,ex_d60745b4,analysis_contract_baseline_v1.csv; identity inheritance per final closeout
OFI_02705,ex_d60745b4,원레그 레그 익스텐션,OFI_GROUP,KNEE_EXTENSION_QUAD_ISOLATION,,WORKLOAD_BASELINE,0,1,MIGRATED_CURRENT_BEHAVIOR,ANALYSIS_CONTRACT_BASELINE_V1,,ex_d60745b4,analysis_contract_baseline_v1.csv; identity inheritance per final closeout
OFI_02706,ex_d60745b4,원레그 레그 익스텐션,OFI_SCORE,HIGH_FORCE_NEURAL,,,21,1,MIGRATED_CURRENT_BEHAVIOR,ANALYSIS_CONTRACT_BASELINE_V1,,ex_d60745b4,analysis_contract_baseline_v1.csv; identity inheritance per final closeout
OFI_02707,ex_d60745b4,원레그 레그 익스텐션,OFI_SCORE,HIGH_SPEED,,,21,1,MIGRATED_CURRENT_BEHAVIOR,ANALYSIS_CONTRACT_BASELINE_V1,,ex_d60745b4,analysis_contract_baseline_v1.csv; identity inheritance per final closeout
OFI_02708,ex_d60745b4,원레그 레그 익스텐션,OFI_SCORE,LOCAL_MUSCULAR,,,73,1,MIGRATED_CURRENT_BEHAVIOR,ANALYSIS_CONTRACT_BASELINE_V1,,ex_d60745b4,analysis_contract_baseline_v1.csv; identity inheritance per final closeout
OFI_02709,ex_d60745b4,원레그 레그 익스텐션,OFI_SCORE,REACTIVE,,,20,1,MIGRATED_CURRENT_BEHAVIOR,ANALYSIS_CONTRACT_BASELINE_V1,,ex_d60745b4,analysis_contract_baseline_v1.csv; identity inheritance per final closeout
OFI_02710,ex_d60745b4,원레그 레그 익스텐션,OFI_SCORE,SYSTEMIC_MUSCULAR,,,14,1,MIGRATED_CURRENT_BEHAVIOR,ANALYSIS_CONTRACT_BASELINE_V1,,ex_d60745b4,analysis_contract_baseline_v1.csv; identity inheritance per final closeout
OFI_02711,ex_d60745b4,원레그 레그 익스텐션,OFI_SNAPSHOT,SUMMARY,LOW,LOW,39,1,MIGRATED_CURRENT_BEHAVIOR,ANALYSIS_CONTRACT_BASELINE_V1,,ex_d60745b4,analysis_contract_baseline_v1.csv; identity inheritance per final closeout
OFI_02712,ex_d6726746,드롭 점프,BADMINTON_FATIGUE_COST,HIGH,,,0,1,MIGRATED_CURRENT_BEHAVIOR,ANALYSIS_CONTRACT_BASELINE_V1,,ex_d6726746,analysis_contract_baseline_v1.csv; identity inheritance per final closeout
OFI_02713,ex_d6726746,드롭 점프,OFI_AXIS,HIGH_FORCE_NEURAL,,LONG,17.1875,1,MIGRATED_CURRENT_BEHAVIOR,ANALYSIS_CONTRACT_BASELINE_V1,,ex_d6726746,analysis_contract_baseline_v1.csv; identity inheritance per final closeout
OFI_02714,ex_d6726746,드롭 점프,OFI_AXIS,HIGH_SPEED,,LONG,70.125,1,MIGRATED_CURRENT_BEHAVIOR,ANALYSIS_CONTRACT_BASELINE_V1,,ex_d6726746,analysis_contract_baseline_v1.csv; identity inheritance per final closeout
OFI_02715,ex_d6726746,드롭 점프,OFI_AXIS,LOCAL_MUSCULAR,,LONG,58.4375,1,MIGRATED_CURRENT_BEHAVIOR,ANALYSIS_CONTRACT_BASELINE_V1,,ex_d6726746,analysis_contract_baseline_v1.csv; identity inheritance per final closeout
OFI_02716,ex_d6726746,드롭 점프,OFI_AXIS,REACTIVE,,LONG,63.75,1,MIGRATED_CURRENT_BEHAVIOR,ANALYSIS_CONTRACT_BASELINE_V1,,ex_d6726746,analysis_contract_baseline_v1.csv; identity inheritance per final closeout
OFI_02717,ex_d6726746,드롭 점프,OFI_AXIS,SYSTEMIC_MUSCULAR,,LONG,53.125,1,MIGRATED_CURRENT_BEHAVIOR,ANALYSIS_CONTRACT_BASELINE_V1,,ex_d6726746,analysis_contract_baseline_v1.csv; identity inheritance per final closeout
OFI_02718,ex_d6726746,드롭 점프,OFI_DOSE,QUALITY_BASED,,THREE_CONFIRMED_SETS_20KG_8REPS_600SECONDS_RPE8,0,1,MIGRATED_CURRENT_BEHAVIOR,ANALYSIS_CONTRACT_BASELINE_V1,,ex_d6726746,analysis_contract_baseline_v1.csv; identity inheritance per final closeout
OFI_02719,ex_d6726746,드롭 점프,OFI_GROUP,NOT_APPLICABLE,,STRENGTH_COMPARISON,0,1,MIGRATED_CURRENT_BEHAVIOR,ANALYSIS_CONTRACT_BASELINE_V1,,ex_d6726746,analysis_contract_baseline_v1.csv; identity inheritance per final closeout
OFI_02720,ex_d6726746,드롭 점프,OFI_GROUP,NOT_APPLICABLE,,WORKLOAD_BASELINE,0,1,MIGRATED_CURRENT_BEHAVIOR,ANALYSIS_CONTRACT_BASELINE_V1,,ex_d6726746,analysis_contract_baseline_v1.csv; identity inheritance per final closeout
OFI_02721,ex_d6726746,드롭 점프,OFI_GROUP,VERTICAL_JUMP_SSC,,LOCAL_REPEAT_DETECTION,0,1,MIGRATED_CURRENT_BEHAVIOR,ANALYSIS_CONTRACT_BASELINE_V1,,ex_d6726746,analysis_contract_baseline_v1.csv; identity inheritance per final closeout
OFI_02722,ex_d6726746,드롭 점프,OFI_SCORE,HIGH_FORCE_NEURAL,,,21,1,MIGRATED_CURRENT_BEHAVIOR,ANALYSIS_CONTRACT_BASELINE_V1,,ex_d6726746,analysis_contract_baseline_v1.csv; identity inheritance per final closeout
OFI_02723,ex_d6726746,드롭 점프,OFI_SCORE,HIGH_SPEED,,,88,1,MIGRATED_CURRENT_BEHAVIOR,ANALYSIS_CONTRACT_BASELINE_V1,,ex_d6726746,analysis_contract_baseline_v1.csv; identity inheritance per final closeout
OFI_02724,ex_d6726746,드롭 점프,OFI_SCORE,LOCAL_MUSCULAR,,,73,1,MIGRATED_CURRENT_BEHAVIOR,ANALYSIS_CONTRACT_BASELINE_V1,,ex_d6726746,analysis_contract_baseline_v1.csv; identity inheritance per final closeout
OFI_02725,ex_d6726746,드롭 점프,OFI_SCORE,REACTIVE,,,80,1,MIGRATED_CURRENT_BEHAVIOR,ANALYSIS_CONTRACT_BASELINE_V1,,ex_d6726746,analysis_contract_baseline_v1.csv; identity inheritance per final closeout
OFI_02726,ex_d6726746,드롭 점프,OFI_SCORE,SYSTEMIC_MUSCULAR,,,66,1,MIGRATED_CURRENT_BEHAVIOR,ANALYSIS_CONTRACT_BASELINE_V1,,ex_d6726746,analysis_contract_baseline_v1.csv; identity inheritance per final closeout
OFI_02727,ex_d6726746,드롭 점프,OFI_SNAPSHOT,SUMMARY,ELEVATED,LOW,76,1,MIGRATED_CURRENT_BEHAVIOR,ANALYSIS_CONTRACT_BASELINE_V1,,ex_d6726746,analysis_contract_baseline_v1.csv; identity inheritance per final closeout
OFI_02728,ex_d67e5761,피스톨 스쿼트,BADMINTON_FATIGUE_COST,VERY_HIGH,,,0,1,MIGRATED_CURRENT_BEHAVIOR,ANALYSIS_CONTRACT_BASELINE_V1,,ex_d67e5761,analysis_contract_baseline_v1.csv; identity inheritance per final closeout
OFI_02729,ex_d67e5761,피스톨 스쿼트,OFI_AXIS,HIGH_FORCE_NEURAL,,MEDIUM,17.1875,1,MIGRATED_CURRENT_BEHAVIOR,ANALYSIS_CONTRACT_BASELINE_V1,,ex_d67e5761,analysis_contract_baseline_v1.csv; identity inheritance per final closeout
OFI_02730,ex_d67e5761,피스톨 스쿼트,OFI_AXIS,HIGH_SPEED,,MEDIUM,70.125,1,MIGRATED_CURRENT_BEHAVIOR,ANALYSIS_CONTRACT_BASELINE_V1,,ex_d67e5761,analysis_contract_baseline_v1.csv; identity inheritance per final closeout
OFI_02731,ex_d67e5761,피스톨 스쿼트,OFI_AXIS,LOCAL_MUSCULAR,,MEDIUM,58.4375,1,MIGRATED_CURRENT_BEHAVIOR,ANALYSIS_CONTRACT_BASELINE_V1,,ex_d67e5761,analysis_contract_baseline_v1.csv; identity inheritance per final closeout
OFI_02732,ex_d67e5761,피스톨 스쿼트,OFI_AXIS,REACTIVE,,MEDIUM,63.75,1,MIGRATED_CURRENT_BEHAVIOR,ANALYSIS_CONTRACT_BASELINE_V1,,ex_d67e5761,analysis_contract_baseline_v1.csv; identity inheritance per final closeout
OFI_02733,ex_d67e5761,피스톨 스쿼트,OFI_AXIS,SYSTEMIC_MUSCULAR,,MEDIUM,29.21875,1,MIGRATED_CURRENT_BEHAVIOR,ANALYSIS_CONTRACT_BASELINE_V1,,ex_d67e5761,analysis_contract_baseline_v1.csv; identity inheritance per final closeout
OFI_02734,ex_d67e5761,피스톨 스쿼트,OFI_DOSE,VOLUME_LOAD,,THREE_CONFIRMED_SETS_20KG_8REPS_600SECONDS_RPE8,0,1,MIGRATED_CURRENT_BEHAVIOR,ANALYSIS_CONTRACT_BASELINE_V1,,ex_d67e5761,analysis_contract_baseline_v1.csv; identity inheritance per final closeout
OFI_02735,ex_d67e5761,피스톨 스쿼트,OFI_GROUP,SINGLE_LEG_SQUAT_STABILITY,,LOCAL_REPEAT_DETECTION,0,1,MIGRATED_CURRENT_BEHAVIOR,ANALYSIS_CONTRACT_BASELINE_V1,,ex_d67e5761,analysis_contract_baseline_v1.csv; identity inheritance per final closeout
OFI_02736,ex_d67e5761,피스톨 스쿼트,OFI_GROUP,SINGLE_LEG_SQUAT_STABILITY,,STRENGTH_COMPARISON,0,1,MIGRATED_CURRENT_BEHAVIOR,ANALYSIS_CONTRACT_BASELINE_V1,,ex_d67e5761,analysis_contract_baseline_v1.csv; identity inheritance per final closeout
OFI_02737,ex_d67e5761,피스톨 스쿼트,OFI_GROUP,SINGLE_LEG_SQUAT_STABILITY,,WORKLOAD_BASELINE,0,1,MIGRATED_CURRENT_BEHAVIOR,ANALYSIS_CONTRACT_BASELINE_V1,,ex_d67e5761,analysis_contract_baseline_v1.csv; identity inheritance per final closeout
OFI_02738,ex_d67e5761,피스톨 스쿼트,OFI_SCORE,HIGH_FORCE_NEURAL,,,21,1,MIGRATED_CURRENT_BEHAVIOR,ANALYSIS_CONTRACT_BASELINE_V1,,ex_d67e5761,analysis_contract_baseline_v1.csv; identity inheritance per final closeout
OFI_02739,ex_d67e5761,피스톨 스쿼트,OFI_SCORE,HIGH_SPEED,,,88,1,MIGRATED_CURRENT_BEHAVIOR,ANALYSIS_CONTRACT_BASELINE_V1,,ex_d67e5761,analysis_contract_baseline_v1.csv; identity inheritance per final closeout
OFI_02740,ex_d67e5761,피스톨 스쿼트,OFI_SCORE,LOCAL_MUSCULAR,,,73,1,MIGRATED_CURRENT_BEHAVIOR,ANALYSIS_CONTRACT_BASELINE_V1,,ex_d67e5761,analysis_contract_baseline_v1.csv; identity inheritance per final closeout
OFI_02741,ex_d67e5761,피스톨 스쿼트,OFI_SCORE,REACTIVE,,,80,1,MIGRATED_CURRENT_BEHAVIOR,ANALYSIS_CONTRACT_BASELINE_V1,,ex_d67e5761,analysis_contract_baseline_v1.csv; identity inheritance per final closeout
OFI_02742,ex_d67e5761,피스톨 스쿼트,OFI_SCORE,SYSTEMIC_MUSCULAR,,,37,1,MIGRATED_CURRENT_BEHAVIOR,ANALYSIS_CONTRACT_BASELINE_V1,,ex_d67e5761,analysis_contract_baseline_v1.csv; identity inheritance per final closeout
OFI_02743,ex_d67e5761,피스톨 스쿼트,OFI_SNAPSHOT,SUMMARY,NORMAL,LOW,74,1,MIGRATED_CURRENT_BEHAVIOR,ANALYSIS_CONTRACT_BASELINE_V1,,ex_d67e5761,analysis_contract_baseline_v1.csv; identity inheritance per final closeout
OFI_02744,ex_d7c90536,로잉머신,BADMINTON_FATIGUE_COST,MEDIUM,,,0,1,MIGRATED_CURRENT_BEHAVIOR,ANALYSIS_CONTRACT_BASELINE_V1,,ex_d7c90536,analysis_contract_baseline_v1.csv; identity inheritance per final closeout
OFI_02745,ex_d7c90536,로잉머신,OFI_AXIS,HIGH_FORCE_NEURAL,,MEDIUM,17.1875,1,MIGRATED_CURRENT_BEHAVIOR,ANALYSIS_CONTRACT_BASELINE_V1,,ex_d7c90536,analysis_contract_baseline_v1.csv; identity inheritance per final closeout
OFI_02746,ex_d7c90536,로잉머신,OFI_AXIS,HIGH_SPEED,,MEDIUM,17.1875,1,MIGRATED_CURRENT_BEHAVIOR,ANALYSIS_CONTRACT_BASELINE_V1,,ex_d7c90536,analysis_contract_baseline_v1.csv; identity inheritance per final closeout
OFI_02747,ex_d7c90536,로잉머신,OFI_AXIS,LOCAL_MUSCULAR,,MEDIUM,37.8125,1,MIGRATED_CURRENT_BEHAVIOR,ANALYSIS_CONTRACT_BASELINE_V1,,ex_d7c90536,analysis_contract_baseline_v1.csv; identity inheritance per final closeout
OFI_02748,ex_d7c90536,로잉머신,OFI_AXIS,REACTIVE,,MEDIUM,15.625,1,MIGRATED_CURRENT_BEHAVIOR,ANALYSIS_CONTRACT_BASELINE_V1,,ex_d7c90536,analysis_contract_baseline_v1.csv; identity inheritance per final closeout
OFI_02749,ex_d7c90536,로잉머신,OFI_AXIS,SYSTEMIC_MUSCULAR,,MEDIUM,53.125,1,MIGRATED_CURRENT_BEHAVIOR,ANALYSIS_CONTRACT_BASELINE_V1,,ex_d7c90536,analysis_contract_baseline_v1.csv; identity inheritance per final closeout
OFI_02750,ex_d7c90536,로잉머신,OFI_DOSE,DISTANCE_OR_TIME,,THREE_CONFIRMED_SETS_20KG_8REPS_600SECONDS_RPE8,0,1,MIGRATED_CURRENT_BEHAVIOR,ANALYSIS_CONTRACT_BASELINE_V1,,ex_d7c90536,analysis_contract_baseline_v1.csv; identity inheritance per final closeout
OFI_02751,ex_d7c90536,로잉머신,OFI_GROUP,CARDIO_CONDITIONING,,LOCAL_REPEAT_DETECTION,0,1,MIGRATED_CURRENT_BEHAVIOR,ANALYSIS_CONTRACT_BASELINE_V1,,ex_d7c90536,analysis_contract_baseline_v1.csv; identity inheritance per final closeout
OFI_02752,ex_d7c90536,로잉머신,OFI_GROUP,CARDIO_CONDITIONING,,STRENGTH_COMPARISON,0,1,MIGRATED_CURRENT_BEHAVIOR,ANALYSIS_CONTRACT_BASELINE_V1,,ex_d7c90536,analysis_contract_baseline_v1.csv; identity inheritance per final closeout
OFI_02753,ex_d7c90536,로잉머신,OFI_GROUP,CARDIO_CONDITIONING,,WORKLOAD_BASELINE,0,1,MIGRATED_CURRENT_BEHAVIOR,ANALYSIS_CONTRACT_BASELINE_V1,,ex_d7c90536,analysis_contract_baseline_v1.csv; identity inheritance per final closeout
OFI_02754,ex_d7c90536,로잉머신,OFI_SCORE,HIGH_FORCE_NEURAL,,,21,1,MIGRATED_CURRENT_BEHAVIOR,ANALYSIS_CONTRACT_BASELINE_V1,,ex_d7c90536,analysis_contract_baseline_v1.csv; identity inheritance per final closeout
OFI_02755,ex_d7c90536,로잉머신,OFI_SCORE,HIGH_SPEED,,,21,1,MIGRATED_CURRENT_BEHAVIOR,ANALYSIS_CONTRACT_BASELINE_V1,,ex_d7c90536,analysis_contract_baseline_v1.csv; identity inheritance per final closeout
OFI_02756,ex_d7c90536,로잉머신,OFI_SCORE,LOCAL_MUSCULAR,,,47,1,MIGRATED_CURRENT_BEHAVIOR,ANALYSIS_CONTRACT_BASELINE_V1,,ex_d7c90536,analysis_contract_baseline_v1.csv; identity inheritance per final closeout
OFI_02757,ex_d7c90536,로잉머신,OFI_SCORE,REACTIVE,,,20,1,MIGRATED_CURRENT_BEHAVIOR,ANALYSIS_CONTRACT_BASELINE_V1,,ex_d7c90536,analysis_contract_baseline_v1.csv; identity inheritance per final closeout
OFI_02758,ex_d7c90536,로잉머신,OFI_SCORE,SYSTEMIC_MUSCULAR,,,66,1,MIGRATED_CURRENT_BEHAVIOR,ANALYSIS_CONTRACT_BASELINE_V1,,ex_d7c90536,analysis_contract_baseline_v1.csv; identity inheritance per final closeout
OFI_02759,ex_d7c90536,로잉머신,OFI_SNAPSHOT,SUMMARY,LOW,LOW,39,1,MIGRATED_CURRENT_BEHAVIOR,ANALYSIS_CONTRACT_BASELINE_V1,,ex_d7c90536,analysis_contract_baseline_v1.csv; identity inheritance per final closeout
OFI_02760,ex_d9e141e4,박스 점프,BADMINTON_FATIGUE_COST,HIGH,,,0,1,MIGRATED_CURRENT_BEHAVIOR,ANALYSIS_CONTRACT_BASELINE_V1,,ex_d9e141e4,analysis_contract_baseline_v1.csv; identity inheritance per final closeout
OFI_02761,ex_d9e141e4,박스 점프,OFI_AXIS,HIGH_FORCE_NEURAL,,LONG,17.1875,1,MIGRATED_CURRENT_BEHAVIOR,ANALYSIS_CONTRACT_BASELINE_V1,,ex_d9e141e4,analysis_contract_baseline_v1.csv; identity inheritance per final closeout
OFI_02762,ex_d9e141e4,박스 점프,OFI_AXIS,HIGH_SPEED,,LONG,70.125,1,MIGRATED_CURRENT_BEHAVIOR,ANALYSIS_CONTRACT_BASELINE_V1,,ex_d9e141e4,analysis_contract_baseline_v1.csv; identity inheritance per final closeout
OFI_02763,ex_d9e141e4,박스 점프,OFI_AXIS,LOCAL_MUSCULAR,,LONG,58.4375,1,MIGRATED_CURRENT_BEHAVIOR,ANALYSIS_CONTRACT_BASELINE_V1,,ex_d9e141e4,analysis_contract_baseline_v1.csv; identity inheritance per final closeout
OFI_02764,ex_d9e141e4,박스 점프,OFI_AXIS,REACTIVE,,LONG,63.75,1,MIGRATED_CURRENT_BEHAVIOR,ANALYSIS_CONTRACT_BASELINE_V1,,ex_d9e141e4,analysis_contract_baseline_v1.csv; identity inheritance per final closeout
OFI_02765,ex_d9e141e4,박스 점프,OFI_AXIS,SYSTEMIC_MUSCULAR,,LONG,53.125,1,MIGRATED_CURRENT_BEHAVIOR,ANALYSIS_CONTRACT_BASELINE_V1,,ex_d9e141e4,analysis_contract_baseline_v1.csv; identity inheritance per final closeout
OFI_02766,ex_d9e141e4,박스 점프,OFI_DOSE,QUALITY_BASED,,THREE_CONFIRMED_SETS_20KG_8REPS_600SECONDS_RPE8,0,1,MIGRATED_CURRENT_BEHAVIOR,ANALYSIS_CONTRACT_BASELINE_V1,,ex_d9e141e4,analysis_contract_baseline_v1.csv; identity inheritance per final closeout
OFI_02767,ex_d9e141e4,박스 점프,OFI_GROUP,NOT_APPLICABLE,,STRENGTH_COMPARISON,0,1,MIGRATED_CURRENT_BEHAVIOR,ANALYSIS_CONTRACT_BASELINE_V1,,ex_d9e141e4,analysis_contract_baseline_v1.csv; identity inheritance per final closeout
OFI_02768,ex_d9e141e4,박스 점프,OFI_GROUP,NOT_APPLICABLE,,WORKLOAD_BASELINE,0,1,MIGRATED_CURRENT_BEHAVIOR,ANALYSIS_CONTRACT_BASELINE_V1,,ex_d9e141e4,analysis_contract_baseline_v1.csv; identity inheritance per final closeout
OFI_02769,ex_d9e141e4,박스 점프,OFI_GROUP,VERTICAL_JUMP_SSC,,LOCAL_REPEAT_DETECTION,0,1,MIGRATED_CURRENT_BEHAVIOR,ANALYSIS_CONTRACT_BASELINE_V1,,ex_d9e141e4,analysis_contract_baseline_v1.csv; identity inheritance per final closeout
OFI_02770,ex_d9e141e4,박스 점프,OFI_SCORE,HIGH_FORCE_NEURAL,,,21,1,MIGRATED_CURRENT_BEHAVIOR,ANALYSIS_CONTRACT_BASELINE_V1,,ex_d9e141e4,analysis_contract_baseline_v1.csv; identity inheritance per final closeout
OFI_02771,ex_d9e141e4,박스 점프,OFI_SCORE,HIGH_SPEED,,,88,1,MIGRATED_CURRENT_BEHAVIOR,ANALYSIS_CONTRACT_BASELINE_V1,,ex_d9e141e4,analysis_contract_baseline_v1.csv; identity inheritance per final closeout
OFI_02772,ex_d9e141e4,박스 점프,OFI_SCORE,LOCAL_MUSCULAR,,,73,1,MIGRATED_CURRENT_BEHAVIOR,ANALYSIS_CONTRACT_BASELINE_V1,,ex_d9e141e4,analysis_contract_baseline_v1.csv; identity inheritance per final closeout
OFI_02773,ex_d9e141e4,박스 점프,OFI_SCORE,REACTIVE,,,80,1,MIGRATED_CURRENT_BEHAVIOR,ANALYSIS_CONTRACT_BASELINE_V1,,ex_d9e141e4,analysis_contract_baseline_v1.csv; identity inheritance per final closeout
OFI_02774,ex_d9e141e4,박스 점프,OFI_SCORE,SYSTEMIC_MUSCULAR,,,66,1,MIGRATED_CURRENT_BEHAVIOR,ANALYSIS_CONTRACT_BASELINE_V1,,ex_d9e141e4,analysis_contract_baseline_v1.csv; identity inheritance per final closeout
OFI_02775,ex_d9e141e4,박스 점프,OFI_SNAPSHOT,SUMMARY,ELEVATED,LOW,76,1,MIGRATED_CURRENT_BEHAVIOR,ANALYSIS_CONTRACT_BASELINE_V1,,ex_d9e141e4,analysis_contract_baseline_v1.csv; identity inheritance per final closeout
OFI_02776,ex_da56a4fe,덤벨 킥백,BADMINTON_FATIGUE_COST,MEDIUM,,,0,1,MIGRATED_CURRENT_BEHAVIOR,ANALYSIS_CONTRACT_BASELINE_V1,,ex_da56a4fe,analysis_contract_baseline_v1.csv; identity inheritance per final closeout
OFI_02777,ex_da56a4fe,덤벨 킥백,OFI_AXIS,HIGH_FORCE_NEURAL,,SHORT,17.1875,1,MIGRATED_CURRENT_BEHAVIOR,ANALYSIS_CONTRACT_BASELINE_V1,,ex_da56a4fe,analysis_contract_baseline_v1.csv; identity inheritance per final closeout
OFI_02778,ex_da56a4fe,덤벨 킥백,OFI_AXIS,HIGH_SPEED,,SHORT,17.1875,1,MIGRATED_CURRENT_BEHAVIOR,ANALYSIS_CONTRACT_BASELINE_V1,,ex_da56a4fe,analysis_contract_baseline_v1.csv; identity inheritance per final closeout
OFI_02779,ex_da56a4fe,덤벨 킥백,OFI_AXIS,LOCAL_MUSCULAR,,SHORT,58.4375,1,MIGRATED_CURRENT_BEHAVIOR,ANALYSIS_CONTRACT_BASELINE_V1,,ex_da56a4fe,analysis_contract_baseline_v1.csv; identity inheritance per final closeout
OFI_02780,ex_da56a4fe,덤벨 킥백,OFI_AXIS,REACTIVE,,SHORT,15.625,1,MIGRATED_CURRENT_BEHAVIOR,ANALYSIS_CONTRACT_BASELINE_V1,,ex_da56a4fe,analysis_contract_baseline_v1.csv; identity inheritance per final closeout
OFI_02781,ex_da56a4fe,덤벨 킥백,OFI_AXIS,SYSTEMIC_MUSCULAR,,SHORT,10.9375,1,MIGRATED_CURRENT_BEHAVIOR,ANALYSIS_CONTRACT_BASELINE_V1,,ex_da56a4fe,analysis_contract_baseline_v1.csv; identity inheritance per final closeout
OFI_02782,ex_da56a4fe,덤벨 킥백,OFI_DOSE,VOLUME_LOAD,,THREE_CONFIRMED_SETS_20KG_8REPS_600SECONDS_RPE8,0,1,MIGRATED_CURRENT_BEHAVIOR,ANALYSIS_CONTRACT_BASELINE_V1,,ex_da56a4fe,analysis_contract_baseline_v1.csv; identity inheritance per final closeout
OFI_02783,ex_da56a4fe,덤벨 킥백,OFI_GROUP,ELBOW_EXTENSION_TRICEPS,,LOCAL_REPEAT_DETECTION,0,1,MIGRATED_CURRENT_BEHAVIOR,ANALYSIS_CONTRACT_BASELINE_V1,,ex_da56a4fe,analysis_contract_baseline_v1.csv; identity inheritance per final closeout
OFI_02784,ex_da56a4fe,덤벨 킥백,OFI_GROUP,ELBOW_EXTENSION_TRICEPS,,STRENGTH_COMPARISON,0,1,MIGRATED_CURRENT_BEHAVIOR,ANALYSIS_CONTRACT_BASELINE_V1,,ex_da56a4fe,analysis_contract_baseline_v1.csv; identity inheritance per final closeout
OFI_02785,ex_da56a4fe,덤벨 킥백,OFI_GROUP,ELBOW_EXTENSION_TRICEPS,,WORKLOAD_BASELINE,0,1,MIGRATED_CURRENT_BEHAVIOR,ANALYSIS_CONTRACT_BASELINE_V1,,ex_da56a4fe,analysis_contract_baseline_v1.csv; identity inheritance per final closeout
OFI_02786,ex_da56a4fe,덤벨 킥백,OFI_SCORE,HIGH_FORCE_NEURAL,,,21,1,MIGRATED_CURRENT_BEHAVIOR,ANALYSIS_CONTRACT_BASELINE_V1,,ex_da56a4fe,analysis_contract_baseline_v1.csv; identity inheritance per final closeout
OFI_02787,ex_da56a4fe,덤벨 킥백,OFI_SCORE,HIGH_SPEED,,,21,1,MIGRATED_CURRENT_BEHAVIOR,ANALYSIS_CONTRACT_BASELINE_V1,,ex_da56a4fe,analysis_contract_baseline_v1.csv; identity inheritance per final closeout
OFI_02788,ex_da56a4fe,덤벨 킥백,OFI_SCORE,LOCAL_MUSCULAR,,,73,1,MIGRATED_CURRENT_BEHAVIOR,ANALYSIS_CONTRACT_BASELINE_V1,,ex_da56a4fe,analysis_contract_baseline_v1.csv; identity inheritance per final closeout
OFI_02789,ex_da56a4fe,덤벨 킥백,OFI_SCORE,REACTIVE,,,20,1,MIGRATED_CURRENT_BEHAVIOR,ANALYSIS_CONTRACT_BASELINE_V1,,ex_da56a4fe,analysis_contract_baseline_v1.csv; identity inheritance per final closeout
OFI_02790,ex_da56a4fe,덤벨 킥백,OFI_SCORE,SYSTEMIC_MUSCULAR,,,14,1,MIGRATED_CURRENT_BEHAVIOR,ANALYSIS_CONTRACT_BASELINE_V1,,ex_da56a4fe,analysis_contract_baseline_v1.csv; identity inheritance per final closeout
OFI_02791,ex_da56a4fe,덤벨 킥백,OFI_SNAPSHOT,SUMMARY,LOW,LOW,39,1,MIGRATED_CURRENT_BEHAVIOR,ANALYSIS_CONTRACT_BASELINE_V1,,ex_da56a4fe,analysis_contract_baseline_v1.csv; identity inheritance per final closeout
OFI_02792,ex_dc9e5953,랫풀다운,BADMINTON_FATIGUE_COST,MEDIUM,,,0,1,MIGRATED_CURRENT_BEHAVIOR,ANALYSIS_CONTRACT_BASELINE_V1,,ex_dc9e5953,analysis_contract_baseline_v1.csv; identity inheritance per final closeout
OFI_02793,ex_dc9e5953,랫풀다운,OFI_AXIS,HIGH_FORCE_NEURAL,,MEDIUM,37.8125,1,MIGRATED_CURRENT_BEHAVIOR,ANALYSIS_CONTRACT_BASELINE_V1,,ex_dc9e5953,analysis_contract_baseline_v1.csv; identity inheritance per final closeout
OFI_02794,ex_dc9e5953,랫풀다운,OFI_AXIS,HIGH_SPEED,,MEDIUM,17.1875,1,MIGRATED_CURRENT_BEHAVIOR,ANALYSIS_CONTRACT_BASELINE_V1,,ex_dc9e5953,analysis_contract_baseline_v1.csv; identity inheritance per final closeout
OFI_02795,ex_dc9e5953,랫풀다운,OFI_AXIS,LOCAL_MUSCULAR,,MEDIUM,58.4375,1,MIGRATED_CURRENT_BEHAVIOR,ANALYSIS_CONTRACT_BASELINE_V1,,ex_dc9e5953,analysis_contract_baseline_v1.csv; identity inheritance per final closeout
OFI_02796,ex_dc9e5953,랫풀다운,OFI_AXIS,REACTIVE,,MEDIUM,15.625,1,MIGRATED_CURRENT_BEHAVIOR,ANALYSIS_CONTRACT_BASELINE_V1,,ex_dc9e5953,analysis_contract_baseline_v1.csv; identity inheritance per final closeout
OFI_02797,ex_dc9e5953,랫풀다운,OFI_AXIS,SYSTEMIC_MUSCULAR,,MEDIUM,34.375,1,MIGRATED_CURRENT_BEHAVIOR,ANALYSIS_CONTRACT_BASELINE_V1,,ex_dc9e5953,analysis_contract_baseline_v1.csv; identity inheritance per final closeout
OFI_02798,ex_dc9e5953,랫풀다운,OFI_DOSE,VOLUME_LOAD,,THREE_CONFIRMED_SETS_20KG_8REPS_600SECONDS_RPE8,0,1,MIGRATED_CURRENT_BEHAVIOR,ANALYSIS_CONTRACT_BASELINE_V1,,ex_dc9e5953,analysis_contract_baseline_v1.csv; identity inheritance per final closeout
OFI_02799,ex_dc9e5953,랫풀다운,OFI_GROUP,VERTICAL_PULL_COMPOUND,,LOCAL_REPEAT_DETECTION,0,1,MIGRATED_CURRENT_BEHAVIOR,ANALYSIS_CONTRACT_BASELINE_V1,,ex_dc9e5953,analysis_contract_baseline_v1.csv; identity inheritance per final closeout
OFI_02800,ex_dc9e5953,랫풀다운,OFI_GROUP,VERTICAL_PULL_COMPOUND,,STRENGTH_COMPARISON,0,1,MIGRATED_CURRENT_BEHAVIOR,ANALYSIS_CONTRACT_BASELINE_V1,,ex_dc9e5953,analysis_contract_baseline_v1.csv; identity inheritance per final closeout
OFI_02801,ex_dc9e5953,랫풀다운,OFI_GROUP,VERTICAL_PULL_COMPOUND,,WORKLOAD_BASELINE,0,1,MIGRATED_CURRENT_BEHAVIOR,ANALYSIS_CONTRACT_BASELINE_V1,,ex_dc9e5953,analysis_contract_baseline_v1.csv; identity inheritance per final closeout
OFI_02802,ex_dc9e5953,랫풀다운,OFI_SCORE,HIGH_FORCE_NEURAL,,,47,1,MIGRATED_CURRENT_BEHAVIOR,ANALYSIS_CONTRACT_BASELINE_V1,,ex_dc9e5953,analysis_contract_baseline_v1.csv; identity inheritance per final closeout
OFI_02803,ex_dc9e5953,랫풀다운,OFI_SCORE,HIGH_SPEED,,,21,1,MIGRATED_CURRENT_BEHAVIOR,ANALYSIS_CONTRACT_BASELINE_V1,,ex_dc9e5953,analysis_contract_baseline_v1.csv; identity inheritance per final closeout
OFI_02804,ex_dc9e5953,랫풀다운,OFI_SCORE,LOCAL_MUSCULAR,,,73,1,MIGRATED_CURRENT_BEHAVIOR,ANALYSIS_CONTRACT_BASELINE_V1,,ex_dc9e5953,analysis_contract_baseline_v1.csv; identity inheritance per final closeout
OFI_02805,ex_dc9e5953,랫풀다운,OFI_SCORE,REACTIVE,,,20,1,MIGRATED_CURRENT_BEHAVIOR,ANALYSIS_CONTRACT_BASELINE_V1,,ex_dc9e5953,analysis_contract_baseline_v1.csv; identity inheritance per final closeout
OFI_02806,ex_dc9e5953,랫풀다운,OFI_SCORE,SYSTEMIC_MUSCULAR,,,43,1,MIGRATED_CURRENT_BEHAVIOR,ANALYSIS_CONTRACT_BASELINE_V1,,ex_dc9e5953,analysis_contract_baseline_v1.csv; identity inheritance per final closeout
OFI_02807,ex_dc9e5953,랫풀다운,OFI_SNAPSHOT,SUMMARY,NORMAL,LOW,44,1,MIGRATED_CURRENT_BEHAVIOR,ANALYSIS_CONTRACT_BASELINE_V1,,ex_dc9e5953,analysis_contract_baseline_v1.csv; identity inheritance per final closeout
OFI_02808,ex_dd16e07a,스트레칭,BADMINTON_FATIGUE_COST,MEDIUM,,,0,1,MIGRATED_CURRENT_BEHAVIOR,ANALYSIS_CONTRACT_BASELINE_V1,,ex_dd16e07a,analysis_contract_baseline_v1.csv; identity inheritance per final closeout
OFI_02809,ex_dd16e07a,스트레칭,OFI_AXIS,HIGH_FORCE_NEURAL,,SHORT,8.59375,1,MIGRATED_CURRENT_BEHAVIOR,ANALYSIS_CONTRACT_BASELINE_V1,,ex_dd16e07a,analysis_contract_baseline_v1.csv; identity inheritance per final closeout
OFI_02810,ex_dd16e07a,스트레칭,OFI_AXIS,HIGH_SPEED,,SHORT,8.59375,1,MIGRATED_CURRENT_BEHAVIOR,ANALYSIS_CONTRACT_BASELINE_V1,,ex_dd16e07a,analysis_contract_baseline_v1.csv; identity inheritance per final closeout
OFI_02811,ex_dd16e07a,스트레칭,OFI_AXIS,LOCAL_MUSCULAR,,SHORT,17.1875,1,MIGRATED_CURRENT_BEHAVIOR,ANALYSIS_CONTRACT_BASELINE_V1,,ex_dd16e07a,analysis_contract_baseline_v1.csv; identity inheritance per final closeout
OFI_02812,ex_dd16e07a,스트레칭,OFI_AXIS,REACTIVE,,SHORT,7.8125,1,MIGRATED_CURRENT_BEHAVIOR,ANALYSIS_CONTRACT_BASELINE_V1,,ex_dd16e07a,analysis_contract_baseline_v1.csv; identity inheritance per final closeout
OFI_02813,ex_dd16e07a,스트레칭,OFI_AXIS,SYSTEMIC_MUSCULAR,,SHORT,15.625,1,MIGRATED_CURRENT_BEHAVIOR,ANALYSIS_CONTRACT_BASELINE_V1,,ex_dd16e07a,analysis_contract_baseline_v1.csv; identity inheritance per final closeout
OFI_02814,ex_dd16e07a,스트레칭,OFI_DOSE,REPS_OR_TIME,,THREE_CONFIRMED_SETS_20KG_8REPS_600SECONDS_RPE8,0,1,MIGRATED_CURRENT_BEHAVIOR,ANALYSIS_CONTRACT_BASELINE_V1,,ex_dd16e07a,analysis_contract_baseline_v1.csv; identity inheritance per final closeout
OFI_02815,ex_dd16e07a,스트레칭,OFI_GROUP,MOBILITY_RECOVERY_PREP,,LOCAL_REPEAT_DETECTION,0,1,MIGRATED_CURRENT_BEHAVIOR,ANALYSIS_CONTRACT_BASELINE_V1,,ex_dd16e07a,analysis_contract_baseline_v1.csv; identity inheritance per final closeout
OFI_02816,ex_dd16e07a,스트레칭,OFI_GROUP,MOBILITY_RECOVERY_PREP,,STRENGTH_COMPARISON,0,1,MIGRATED_CURRENT_BEHAVIOR,ANALYSIS_CONTRACT_BASELINE_V1,,ex_dd16e07a,analysis_contract_baseline_v1.csv; identity inheritance per final closeout
OFI_02817,ex_dd16e07a,스트레칭,OFI_GROUP,MOBILITY_RECOVERY_PREP,,WORKLOAD_BASELINE,0,1,MIGRATED_CURRENT_BEHAVIOR,ANALYSIS_CONTRACT_BASELINE_V1,,ex_dd16e07a,analysis_contract_baseline_v1.csv; identity inheritance per final closeout
OFI_02818,ex_dd16e07a,스트레칭,OFI_SCORE,HIGH_FORCE_NEURAL,,,11,1,MIGRATED_CURRENT_BEHAVIOR,ANALYSIS_CONTRACT_BASELINE_V1,,ex_dd16e07a,analysis_contract_baseline_v1.csv; identity inheritance per final closeout
OFI_02819,ex_dd16e07a,스트레칭,OFI_SCORE,HIGH_SPEED,,,11,1,MIGRATED_CURRENT_BEHAVIOR,ANALYSIS_CONTRACT_BASELINE_V1,,ex_dd16e07a,analysis_contract_baseline_v1.csv; identity inheritance per final closeout
OFI_02820,ex_dd16e07a,스트레칭,OFI_SCORE,LOCAL_MUSCULAR,,,21,1,MIGRATED_CURRENT_BEHAVIOR,ANALYSIS_CONTRACT_BASELINE_V1,,ex_dd16e07a,analysis_contract_baseline_v1.csv; identity inheritance per final closeout
OFI_02821,ex_dd16e07a,스트레칭,OFI_SCORE,REACTIVE,,,10,1,MIGRATED_CURRENT_BEHAVIOR,ANALYSIS_CONTRACT_BASELINE_V1,,ex_dd16e07a,analysis_contract_baseline_v1.csv; identity inheritance per final closeout
OFI_02822,ex_dd16e07a,스트레칭,OFI_SCORE,SYSTEMIC_MUSCULAR,,,20,1,MIGRATED_CURRENT_BEHAVIOR,ANALYSIS_CONTRACT_BASELINE_V1,,ex_dd16e07a,analysis_contract_baseline_v1.csv; identity inheritance per final closeout
OFI_02823,ex_dd16e07a,스트레칭,OFI_SNAPSHOT,SUMMARY,LOW,LOW,14,1,MIGRATED_CURRENT_BEHAVIOR,ANALYSIS_CONTRACT_BASELINE_V1,,ex_dd16e07a,analysis_contract_baseline_v1.csv; identity inheritance per final closeout
OFI_02824,ex_de46b7f6,바벨 로우,BADMINTON_FATIGUE_COST,VERY_HIGH,,,0,1,MIGRATED_CURRENT_BEHAVIOR,ANALYSIS_CONTRACT_BASELINE_V1,,ex_de46b7f6,analysis_contract_baseline_v1.csv; identity inheritance per final closeout
OFI_02825,ex_de46b7f6,바벨 로우,OFI_AXIS,HIGH_FORCE_NEURAL,,MEDIUM,79.0625,1,MIGRATED_CURRENT_BEHAVIOR,ANALYSIS_CONTRACT_BASELINE_V1,,ex_de46b7f6,analysis_contract_baseline_v1.csv; identity inheritance per final closeout
OFI_02826,ex_de46b7f6,바벨 로우,OFI_AXIS,HIGH_SPEED,,MEDIUM,17.1875,1,MIGRATED_CURRENT_BEHAVIOR,ANALYSIS_CONTRACT_BASELINE_V1,,ex_de46b7f6,analysis_contract_baseline_v1.csv; identity inheritance per final closeout
OFI_02827,ex_de46b7f6,바벨 로우,OFI_AXIS,LOCAL_MUSCULAR,,MEDIUM,58.4375,1,MIGRATED_CURRENT_BEHAVIOR,ANALYSIS_CONTRACT_BASELINE_V1,,ex_de46b7f6,analysis_contract_baseline_v1.csv; identity inheritance per final closeout
OFI_02828,ex_de46b7f6,바벨 로우,OFI_AXIS,REACTIVE,,MEDIUM,15.625,1,MIGRATED_CURRENT_BEHAVIOR,ANALYSIS_CONTRACT_BASELINE_V1,,ex_de46b7f6,analysis_contract_baseline_v1.csv; identity inheritance per final closeout
OFI_02829,ex_de46b7f6,바벨 로우,OFI_AXIS,SYSTEMIC_MUSCULAR,,MEDIUM,34.375,1,MIGRATED_CURRENT_BEHAVIOR,ANALYSIS_CONTRACT_BASELINE_V1,,ex_de46b7f6,analysis_contract_baseline_v1.csv; identity inheritance per final closeout
OFI_02830,ex_de46b7f6,바벨 로우,OFI_DOSE,ESTIMATED_1RM,,THREE_CONFIRMED_SETS_20KG_8REPS_600SECONDS_RPE8,0,1,MIGRATED_CURRENT_BEHAVIOR,ANALYSIS_CONTRACT_BASELINE_V1,,ex_de46b7f6,analysis_contract_baseline_v1.csv; identity inheritance per final closeout
OFI_02831,ex_de46b7f6,바벨 로우,OFI_GROUP,HORIZONTAL_PULL_COMPOUND,,LOCAL_REPEAT_DETECTION,0,1,MIGRATED_CURRENT_BEHAVIOR,ANALYSIS_CONTRACT_BASELINE_V1,,ex_de46b7f6,analysis_contract_baseline_v1.csv; identity inheritance per final closeout
OFI_02832,ex_de46b7f6,바벨 로우,OFI_GROUP,HORIZONTAL_PULL_COMPOUND,,STRENGTH_COMPARISON,0,1,MIGRATED_CURRENT_BEHAVIOR,ANALYSIS_CONTRACT_BASELINE_V1,,ex_de46b7f6,analysis_contract_baseline_v1.csv; identity inheritance per final closeout
OFI_02833,ex_de46b7f6,바벨 로우,OFI_GROUP,HORIZONTAL_PULL_COMPOUND,,WORKLOAD_BASELINE,0,1,MIGRATED_CURRENT_BEHAVIOR,ANALYSIS_CONTRACT_BASELINE_V1,,ex_de46b7f6,analysis_contract_baseline_v1.csv; identity inheritance per final closeout
OFI_02834,ex_de46b7f6,바벨 로우,OFI_SCORE,HIGH_FORCE_NEURAL,,,99,1,MIGRATED_CURRENT_BEHAVIOR,ANALYSIS_CONTRACT_BASELINE_V1,,ex_de46b7f6,analysis_contract_baseline_v1.csv; identity inheritance per final closeout
OFI_02835,ex_de46b7f6,바벨 로우,OFI_SCORE,HIGH_SPEED,,,21,1,MIGRATED_CURRENT_BEHAVIOR,ANALYSIS_CONTRACT_BASELINE_V1,,ex_de46b7f6,analysis_contract_baseline_v1.csv; identity inheritance per final closeout
OFI_02836,ex_de46b7f6,바벨 로우,OFI_SCORE,LOCAL_MUSCULAR,,,73,1,MIGRATED_CURRENT_BEHAVIOR,ANALYSIS_CONTRACT_BASELINE_V1,,ex_de46b7f6,analysis_contract_baseline_v1.csv; identity inheritance per final closeout
OFI_02837,ex_de46b7f6,바벨 로우,OFI_SCORE,REACTIVE,,,20,1,MIGRATED_CURRENT_BEHAVIOR,ANALYSIS_CONTRACT_BASELINE_V1,,ex_de46b7f6,analysis_contract_baseline_v1.csv; identity inheritance per final closeout
OFI_02838,ex_de46b7f6,바벨 로우,OFI_SCORE,SYSTEMIC_MUSCULAR,,,43,1,MIGRATED_CURRENT_BEHAVIOR,ANALYSIS_CONTRACT_BASELINE_V1,,ex_de46b7f6,analysis_contract_baseline_v1.csv; identity inheritance per final closeout
OFI_02839,ex_de46b7f6,바벨 로우,OFI_SNAPSHOT,SUMMARY,NORMAL,LOW,70,1,MIGRATED_CURRENT_BEHAVIOR,ANALYSIS_CONTRACT_BASELINE_V1,,ex_de46b7f6,analysis_contract_baseline_v1.csv; identity inheritance per final closeout
OFI_02840,ex_debf6a8b,다이아몬드 푸시업,BADMINTON_FATIGUE_COST,MEDIUM,,,0,1,MIGRATED_CURRENT_BEHAVIOR,ANALYSIS_CONTRACT_BASELINE_V1,,ex_debf6a8b,analysis_contract_baseline_v1.csv; identity inheritance per final closeout
OFI_02841,ex_debf6a8b,다이아몬드 푸시업,OFI_AXIS,HIGH_FORCE_NEURAL,,SHORT,17.1875,1,MIGRATED_CURRENT_BEHAVIOR,ANALYSIS_CONTRACT_BASELINE_V1,,ex_debf6a8b,analysis_contract_baseline_v1.csv; identity inheritance per final closeout
OFI_02842,ex_debf6a8b,다이아몬드 푸시업,OFI_AXIS,HIGH_SPEED,,SHORT,17.1875,1,MIGRATED_CURRENT_BEHAVIOR,ANALYSIS_CONTRACT_BASELINE_V1,,ex_debf6a8b,analysis_contract_baseline_v1.csv; identity inheritance per final closeout
OFI_02843,ex_debf6a8b,다이아몬드 푸시업,OFI_AXIS,LOCAL_MUSCULAR,,SHORT,37.8125,1,MIGRATED_CURRENT_BEHAVIOR,ANALYSIS_CONTRACT_BASELINE_V1,,ex_debf6a8b,analysis_contract_baseline_v1.csv; identity inheritance per final closeout
OFI_02844,ex_debf6a8b,다이아몬드 푸시업,OFI_AXIS,REACTIVE,,SHORT,15.625,1,MIGRATED_CURRENT_BEHAVIOR,ANALYSIS_CONTRACT_BASELINE_V1,,ex_debf6a8b,analysis_contract_baseline_v1.csv; identity inheritance per final closeout
OFI_02845,ex_debf6a8b,다이아몬드 푸시업,OFI_AXIS,SYSTEMIC_MUSCULAR,,SHORT,13.28125,1,MIGRATED_CURRENT_BEHAVIOR,ANALYSIS_CONTRACT_BASELINE_V1,,ex_debf6a8b,analysis_contract_baseline_v1.csv; identity inheritance per final closeout
OFI_02846,ex_debf6a8b,다이아몬드 푸시업,OFI_DOSE,LOAD_REPS,,THREE_CONFIRMED_SETS_20KG_8REPS_600SECONDS_RPE8,0,1,MIGRATED_CURRENT_BEHAVIOR,ANALYSIS_CONTRACT_BASELINE_V1,,ex_debf6a8b,analysis_contract_baseline_v1.csv; identity inheritance per final closeout
OFI_02847,ex_debf6a8b,다이아몬드 푸시업,OFI_GROUP,BODYWEIGHT_HORIZONTAL_PUSH,,LOCAL_REPEAT_DETECTION,0,1,MIGRATED_CURRENT_BEHAVIOR,ANALYSIS_CONTRACT_BASELINE_V1,,ex_debf6a8b,analysis_contract_baseline_v1.csv; identity inheritance per final closeout
OFI_02848,ex_debf6a8b,다이아몬드 푸시업,OFI_GROUP,BODYWEIGHT_HORIZONTAL_PUSH,,STRENGTH_COMPARISON,0,1,MIGRATED_CURRENT_BEHAVIOR,ANALYSIS_CONTRACT_BASELINE_V1,,ex_debf6a8b,analysis_contract_baseline_v1.csv; identity inheritance per final closeout
OFI_02849,ex_debf6a8b,다이아몬드 푸시업,OFI_GROUP,BODYWEIGHT_HORIZONTAL_PUSH,,WORKLOAD_BASELINE,0,1,MIGRATED_CURRENT_BEHAVIOR,ANALYSIS_CONTRACT_BASELINE_V1,,ex_debf6a8b,analysis_contract_baseline_v1.csv; identity inheritance per final closeout
OFI_02850,ex_debf6a8b,다이아몬드 푸시업,OFI_SCORE,HIGH_FORCE_NEURAL,,,21,1,MIGRATED_CURRENT_BEHAVIOR,ANALYSIS_CONTRACT_BASELINE_V1,,ex_debf6a8b,analysis_contract_baseline_v1.csv; identity inheritance per final closeout
OFI_02851,ex_debf6a8b,다이아몬드 푸시업,OFI_SCORE,HIGH_SPEED,,,21,1,MIGRATED_CURRENT_BEHAVIOR,ANALYSIS_CONTRACT_BASELINE_V1,,ex_debf6a8b,analysis_contract_baseline_v1.csv; identity inheritance per final closeout
OFI_02852,ex_debf6a8b,다이아몬드 푸시업,OFI_SCORE,LOCAL_MUSCULAR,,,47,1,MIGRATED_CURRENT_BEHAVIOR,ANALYSIS_CONTRACT_BASELINE_V1,,ex_debf6a8b,analysis_contract_baseline_v1.csv; identity inheritance per final closeout
OFI_02853,ex_debf6a8b,다이아몬드 푸시업,OFI_SCORE,REACTIVE,,,20,1,MIGRATED_CURRENT_BEHAVIOR,ANALYSIS_CONTRACT_BASELINE_V1,,ex_debf6a8b,analysis_contract_baseline_v1.csv; identity inheritance per final closeout
OFI_02854,ex_debf6a8b,다이아몬드 푸시업,OFI_SCORE,SYSTEMIC_MUSCULAR,,,17,1,MIGRATED_CURRENT_BEHAVIOR,ANALYSIS_CONTRACT_BASELINE_V1,,ex_debf6a8b,analysis_contract_baseline_v1.csv; identity inheritance per final closeout
OFI_02855,ex_debf6a8b,다이아몬드 푸시업,OFI_SNAPSHOT,SUMMARY,LOW,LOW,28,1,MIGRATED_CURRENT_BEHAVIOR,ANALYSIS_CONTRACT_BASELINE_V1,,ex_debf6a8b,analysis_contract_baseline_v1.csv; identity inheritance per final closeout
OFI_02856,ex_deca2b61,벤치 딥스,BADMINTON_FATIGUE_COST,LOW,,,0,1,MIGRATED_CURRENT_BEHAVIOR,ANALYSIS_CONTRACT_BASELINE_V1,,ex_deca2b61,analysis_contract_baseline_v1.csv; identity inheritance per final closeout
OFI_02857,ex_deca2b61,벤치 딥스,OFI_AXIS,HIGH_FORCE_NEURAL,,MEDIUM,17.1875,1,MIGRATED_CURRENT_BEHAVIOR,ANALYSIS_CONTRACT_BASELINE_V1,,ex_deca2b61,analysis_contract_baseline_v1.csv; identity inheritance per final closeout
OFI_02858,ex_deca2b61,벤치 딥스,OFI_AXIS,HIGH_SPEED,,MEDIUM,17.1875,1,MIGRATED_CURRENT_BEHAVIOR,ANALYSIS_CONTRACT_BASELINE_V1,,ex_deca2b61,analysis_contract_baseline_v1.csv; identity inheritance per final closeout
OFI_02859,ex_deca2b61,벤치 딥스,OFI_AXIS,LOCAL_MUSCULAR,,MEDIUM,58.4375,1,MIGRATED_CURRENT_BEHAVIOR,ANALYSIS_CONTRACT_BASELINE_V1,,ex_deca2b61,analysis_contract_baseline_v1.csv; identity inheritance per final closeout
OFI_02860,ex_deca2b61,벤치 딥스,OFI_AXIS,REACTIVE,,MEDIUM,15.625,1,MIGRATED_CURRENT_BEHAVIOR,ANALYSIS_CONTRACT_BASELINE_V1,,ex_deca2b61,analysis_contract_baseline_v1.csv; identity inheritance per final closeout
OFI_02861,ex_deca2b61,벤치 딥스,OFI_AXIS,SYSTEMIC_MUSCULAR,,MEDIUM,29.21875,1,MIGRATED_CURRENT_BEHAVIOR,ANALYSIS_CONTRACT_BASELINE_V1,,ex_deca2b61,analysis_contract_baseline_v1.csv; identity inheritance per final closeout
OFI_02862,ex_deca2b61,벤치 딥스,OFI_DOSE,VOLUME_LOAD,,THREE_CONFIRMED_SETS_20KG_8REPS_600SECONDS_RPE8,0,1,MIGRATED_CURRENT_BEHAVIOR,ANALYSIS_CONTRACT_BASELINE_V1,,ex_deca2b61,analysis_contract_baseline_v1.csv; identity inheritance per final closeout
OFI_02863,ex_deca2b61,벤치 딥스,OFI_GROUP,DIP_TRICEPS_PUSH,,LOCAL_REPEAT_DETECTION,0,1,MIGRATED_CURRENT_BEHAVIOR,ANALYSIS_CONTRACT_BASELINE_V1,,ex_deca2b61,analysis_contract_baseline_v1.csv; identity inheritance per final closeout
OFI_02864,ex_deca2b61,벤치 딥스,OFI_GROUP,DIP_TRICEPS_PUSH,,STRENGTH_COMPARISON,0,1,MIGRATED_CURRENT_BEHAVIOR,ANALYSIS_CONTRACT_BASELINE_V1,,ex_deca2b61,analysis_contract_baseline_v1.csv; identity inheritance per final closeout
OFI_02865,ex_deca2b61,벤치 딥스,OFI_GROUP,DIP_TRICEPS_PUSH,,WORKLOAD_BASELINE,0,1,MIGRATED_CURRENT_BEHAVIOR,ANALYSIS_CONTRACT_BASELINE_V1,,ex_deca2b61,analysis_contract_baseline_v1.csv; identity inheritance per final closeout
OFI_02866,ex_deca2b61,벤치 딥스,OFI_SCORE,HIGH_FORCE_NEURAL,,,21,1,MIGRATED_CURRENT_BEHAVIOR,ANALYSIS_CONTRACT_BASELINE_V1,,ex_deca2b61,analysis_contract_baseline_v1.csv; identity inheritance per final closeout
OFI_02867,ex_deca2b61,벤치 딥스,OFI_SCORE,HIGH_SPEED,,,21,1,MIGRATED_CURRENT_BEHAVIOR,ANALYSIS_CONTRACT_BASELINE_V1,,ex_deca2b61,analysis_contract_baseline_v1.csv; identity inheritance per final closeout
OFI_02868,ex_deca2b61,벤치 딥스,OFI_SCORE,LOCAL_MUSCULAR,,,73,1,MIGRATED_CURRENT_BEHAVIOR,ANALYSIS_CONTRACT_BASELINE_V1,,ex_deca2b61,analysis_contract_baseline_v1.csv; identity inheritance per final closeout
OFI_02869,ex_deca2b61,벤치 딥스,OFI_SCORE,REACTIVE,,,20,1,MIGRATED_CURRENT_BEHAVIOR,ANALYSIS_CONTRACT_BASELINE_V1,,ex_deca2b61,analysis_contract_baseline_v1.csv; identity inheritance per final closeout
OFI_02870,ex_deca2b61,벤치 딥스,OFI_SCORE,SYSTEMIC_MUSCULAR,,,37,1,MIGRATED_CURRENT_BEHAVIOR,ANALYSIS_CONTRACT_BASELINE_V1,,ex_deca2b61,analysis_contract_baseline_v1.csv; identity inheritance per final closeout
OFI_02871,ex_deca2b61,벤치 딥스,OFI_SNAPSHOT,SUMMARY,NORMAL,LOW,41,1,MIGRATED_CURRENT_BEHAVIOR,ANALYSIS_CONTRACT_BASELINE_V1,,ex_deca2b61,analysis_contract_baseline_v1.csv; identity inheritance per final closeout
OFI_02872,ex_df966b45,점프 런지,BADMINTON_FATIGUE_COST,HIGH,,,0,1,MIGRATED_CURRENT_BEHAVIOR,ANALYSIS_CONTRACT_BASELINE_V1,,ex_df966b45,analysis_contract_baseline_v1.csv; identity inheritance per final closeout
OFI_02873,ex_df966b45,점프 런지,OFI_AXIS,HIGH_FORCE_NEURAL,,LONG,17.1875,1,MIGRATED_CURRENT_BEHAVIOR,ANALYSIS_CONTRACT_BASELINE_V1,,ex_df966b45,analysis_contract_baseline_v1.csv; identity inheritance per final closeout
OFI_02874,ex_df966b45,점프 런지,OFI_AXIS,HIGH_SPEED,,LONG,70.125,1,MIGRATED_CURRENT_BEHAVIOR,ANALYSIS_CONTRACT_BASELINE_V1,,ex_df966b45,analysis_contract_baseline_v1.csv; identity inheritance per final closeout
OFI_02875,ex_df966b45,점프 런지,OFI_AXIS,LOCAL_MUSCULAR,,LONG,58.4375,1,MIGRATED_CURRENT_BEHAVIOR,ANALYSIS_CONTRACT_BASELINE_V1,,ex_df966b45,analysis_contract_baseline_v1.csv; identity inheritance per final closeout
OFI_02876,ex_df966b45,점프 런지,OFI_AXIS,REACTIVE,,LONG,63.75,1,MIGRATED_CURRENT_BEHAVIOR,ANALYSIS_CONTRACT_BASELINE_V1,,ex_df966b45,analysis_contract_baseline_v1.csv; identity inheritance per final closeout
OFI_02877,ex_df966b45,점프 런지,OFI_AXIS,SYSTEMIC_MUSCULAR,,LONG,53.125,1,MIGRATED_CURRENT_BEHAVIOR,ANALYSIS_CONTRACT_BASELINE_V1,,ex_df966b45,analysis_contract_baseline_v1.csv; identity inheritance per final closeout
OFI_02878,ex_df966b45,점프 런지,OFI_DOSE,REPS_OR_TIME,,THREE_CONFIRMED_SETS_20KG_8REPS_600SECONDS_RPE8,0,1,MIGRATED_CURRENT_BEHAVIOR,ANALYSIS_CONTRACT_BASELINE_V1,,ex_df966b45,analysis_contract_baseline_v1.csv; identity inheritance per final closeout
OFI_02879,ex_df966b45,점프 런지,OFI_GROUP,NOT_APPLICABLE,,STRENGTH_COMPARISON,0,1,MIGRATED_CURRENT_BEHAVIOR,ANALYSIS_CONTRACT_BASELINE_V1,,ex_df966b45,analysis_contract_baseline_v1.csv; identity inheritance per final closeout
OFI_02880,ex_df966b45,점프 런지,OFI_GROUP,NOT_APPLICABLE,,WORKLOAD_BASELINE,0,1,MIGRATED_CURRENT_BEHAVIOR,ANALYSIS_CONTRACT_BASELINE_V1,,ex_df966b45,analysis_contract_baseline_v1.csv; identity inheritance per final closeout
OFI_02881,ex_df966b45,점프 런지,OFI_GROUP,PLYOMETRIC_LUNGE_SSC,,LOCAL_REPEAT_DETECTION,0,1,MIGRATED_CURRENT_BEHAVIOR,ANALYSIS_CONTRACT_BASELINE_V1,,ex_df966b45,analysis_contract_baseline_v1.csv; identity inheritance per final closeout
OFI_02882,ex_df966b45,점프 런지,OFI_SCORE,HIGH_FORCE_NEURAL,,,21,1,MIGRATED_CURRENT_BEHAVIOR,ANALYSIS_CONTRACT_BASELINE_V1,,ex_df966b45,analysis_contract_baseline_v1.csv; identity inheritance per final closeout
OFI_02883,ex_df966b45,점프 런지,OFI_SCORE,HIGH_SPEED,,,88,1,MIGRATED_CURRENT_BEHAVIOR,ANALYSIS_CONTRACT_BASELINE_V1,,ex_df966b45,analysis_contract_baseline_v1.csv; identity inheritance per final closeout
OFI_02884,ex_df966b45,점프 런지,OFI_SCORE,LOCAL_MUSCULAR,,,73,1,MIGRATED_CURRENT_BEHAVIOR,ANALYSIS_CONTRACT_BASELINE_V1,,ex_df966b45,analysis_contract_baseline_v1.csv; identity inheritance per final closeout
OFI_02885,ex_df966b45,점프 런지,OFI_SCORE,REACTIVE,,,80,1,MIGRATED_CURRENT_BEHAVIOR,ANALYSIS_CONTRACT_BASELINE_V1,,ex_df966b45,analysis_contract_baseline_v1.csv; identity inheritance per final closeout
OFI_02886,ex_df966b45,점프 런지,OFI_SCORE,SYSTEMIC_MUSCULAR,,,66,1,MIGRATED_CURRENT_BEHAVIOR,ANALYSIS_CONTRACT_BASELINE_V1,,ex_df966b45,analysis_contract_baseline_v1.csv; identity inheritance per final closeout
OFI_02887,ex_df966b45,점프 런지,OFI_SNAPSHOT,SUMMARY,ELEVATED,LOW,76,1,MIGRATED_CURRENT_BEHAVIOR,ANALYSIS_CONTRACT_BASELINE_V1,,ex_df966b45,analysis_contract_baseline_v1.csv; identity inheritance per final closeout
OFI_02888,ex_e0b1e364,원암 덤벨 RDL,BADMINTON_FATIGUE_COST,HIGH,,,0,1,MIGRATED_CURRENT_BEHAVIOR,ANALYSIS_CONTRACT_BASELINE_V1,,ex_e0b1e364,analysis_contract_baseline_v1.csv; identity inheritance per final closeout
OFI_02889,ex_e0b1e364,원암 덤벨 RDL,OFI_AXIS,HIGH_FORCE_NEURAL,,MEDIUM,17.1875,1,MIGRATED_CURRENT_BEHAVIOR,ANALYSIS_CONTRACT_BASELINE_V1,,ex_e0b1e364,analysis_contract_baseline_v1.csv; identity inheritance per final closeout
OFI_02890,ex_e0b1e364,원암 덤벨 RDL,OFI_AXIS,HIGH_SPEED,,MEDIUM,70.125,1,MIGRATED_CURRENT_BEHAVIOR,ANALYSIS_CONTRACT_BASELINE_V1,,ex_e0b1e364,analysis_contract_baseline_v1.csv; identity inheritance per final closeout
OFI_02891,ex_e0b1e364,원암 덤벨 RDL,OFI_AXIS,LOCAL_MUSCULAR,,MEDIUM,58.4375,1,MIGRATED_CURRENT_BEHAVIOR,ANALYSIS_CONTRACT_BASELINE_V1,,ex_e0b1e364,analysis_contract_baseline_v1.csv; identity inheritance per final closeout
OFI_02892,ex_e0b1e364,원암 덤벨 RDL,OFI_AXIS,REACTIVE,,MEDIUM,63.75,1,MIGRATED_CURRENT_BEHAVIOR,ANALYSIS_CONTRACT_BASELINE_V1,,ex_e0b1e364,analysis_contract_baseline_v1.csv; identity inheritance per final closeout
OFI_02893,ex_e0b1e364,원암 덤벨 RDL,OFI_AXIS,SYSTEMIC_MUSCULAR,,MEDIUM,29.21875,1,MIGRATED_CURRENT_BEHAVIOR,ANALYSIS_CONTRACT_BASELINE_V1,,ex_e0b1e364,analysis_contract_baseline_v1.csv; identity inheritance per final closeout
OFI_02894,ex_e0b1e364,원암 덤벨 RDL,OFI_DOSE,VOLUME_LOAD,,THREE_CONFIRMED_SETS_20KG_8REPS_600SECONDS_RPE8,0,1,MIGRATED_CURRENT_BEHAVIOR,ANALYSIS_CONTRACT_BASELINE_V1,,ex_e0b1e364,analysis_contract_baseline_v1.csv; identity inheritance per final closeout
OFI_02895,ex_e0b1e364,원암 덤벨 RDL,OFI_GROUP,SINGLE_LEG_HINGE_STABILITY,,LOCAL_REPEAT_DETECTION,0,1,MIGRATED_CURRENT_BEHAVIOR,ANALYSIS_CONTRACT_BASELINE_V1,,ex_e0b1e364,analysis_contract_baseline_v1.csv; identity inheritance per final closeout
OFI_02896,ex_e0b1e364,원암 덤벨 RDL,OFI_GROUP,SINGLE_LEG_HINGE_STABILITY,,STRENGTH_COMPARISON,0,1,MIGRATED_CURRENT_BEHAVIOR,ANALYSIS_CONTRACT_BASELINE_V1,,ex_e0b1e364,analysis_contract_baseline_v1.csv; identity inheritance per final closeout
OFI_02897,ex_e0b1e364,원암 덤벨 RDL,OFI_GROUP,SINGLE_LEG_HINGE_STABILITY,,WORKLOAD_BASELINE,0,1,MIGRATED_CURRENT_BEHAVIOR,ANALYSIS_CONTRACT_BASELINE_V1,,ex_e0b1e364,analysis_contract_baseline_v1.csv; identity inheritance per final closeout
OFI_02898,ex_e0b1e364,원암 덤벨 RDL,OFI_SCORE,HIGH_FORCE_NEURAL,,,21,1,MIGRATED_CURRENT_BEHAVIOR,ANALYSIS_CONTRACT_BASELINE_V1,,ex_e0b1e364,analysis_contract_baseline_v1.csv; identity inheritance per final closeout
OFI_02899,ex_e0b1e364,원암 덤벨 RDL,OFI_SCORE,HIGH_SPEED,,,88,1,MIGRATED_CURRENT_BEHAVIOR,ANALYSIS_CONTRACT_BASELINE_V1,,ex_e0b1e364,analysis_contract_baseline_v1.csv; identity inheritance per final closeout
OFI_02900,ex_e0b1e364,원암 덤벨 RDL,OFI_SCORE,LOCAL_MUSCULAR,,,73,1,MIGRATED_CURRENT_BEHAVIOR,ANALYSIS_CONTRACT_BASELINE_V1,,ex_e0b1e364,analysis_contract_baseline_v1.csv; identity inheritance per final closeout
OFI_02901,ex_e0b1e364,원암 덤벨 RDL,OFI_SCORE,REACTIVE,,,80,1,MIGRATED_CURRENT_BEHAVIOR,ANALYSIS_CONTRACT_BASELINE_V1,,ex_e0b1e364,analysis_contract_baseline_v1.csv; identity inheritance per final closeout
OFI_02902,ex_e0b1e364,원암 덤벨 RDL,OFI_SCORE,SYSTEMIC_MUSCULAR,,,37,1,MIGRATED_CURRENT_BEHAVIOR,ANALYSIS_CONTRACT_BASELINE_V1,,ex_e0b1e364,analysis_contract_baseline_v1.csv; identity inheritance per final closeout
OFI_02903,ex_e0b1e364,원암 덤벨 RDL,OFI_SNAPSHOT,SUMMARY,NORMAL,LOW,74,1,MIGRATED_CURRENT_BEHAVIOR,ANALYSIS_CONTRACT_BASELINE_V1,,ex_e0b1e364,analysis_contract_baseline_v1.csv; identity inheritance per final closeout
OFI_02904,ex_e1894690,스캡 풀업,BADMINTON_FATIGUE_COST,LOW,,,0,1,MIGRATED_CURRENT_BEHAVIOR,ANALYSIS_CONTRACT_BASELINE_V1,,ex_e1894690,analysis_contract_baseline_v1.csv; identity inheritance per final closeout
OFI_02905,ex_e1894690,스캡 풀업,OFI_AXIS,HIGH_FORCE_NEURAL,,MEDIUM,37.8125,1,MIGRATED_CURRENT_BEHAVIOR,ANALYSIS_CONTRACT_BASELINE_V1,,ex_e1894690,analysis_contract_baseline_v1.csv; identity inheritance per final closeout
OFI_02906,ex_e1894690,스캡 풀업,OFI_AXIS,HIGH_SPEED,,MEDIUM,17.1875,1,MIGRATED_CURRENT_BEHAVIOR,ANALYSIS_CONTRACT_BASELINE_V1,,ex_e1894690,analysis_contract_baseline_v1.csv; identity inheritance per final closeout
OFI_02907,ex_e1894690,스캡 풀업,OFI_AXIS,LOCAL_MUSCULAR,,MEDIUM,58.4375,1,MIGRATED_CURRENT_BEHAVIOR,ANALYSIS_CONTRACT_BASELINE_V1,,ex_e1894690,analysis_contract_baseline_v1.csv; identity inheritance per final closeout
OFI_02908,ex_e1894690,스캡 풀업,OFI_AXIS,REACTIVE,,MEDIUM,15.625,1,MIGRATED_CURRENT_BEHAVIOR,ANALYSIS_CONTRACT_BASELINE_V1,,ex_e1894690,analysis_contract_baseline_v1.csv; identity inheritance per final closeout
OFI_02909,ex_e1894690,스캡 풀업,OFI_AXIS,SYSTEMIC_MUSCULAR,,MEDIUM,34.375,1,MIGRATED_CURRENT_BEHAVIOR,ANALYSIS_CONTRACT_BASELINE_V1,,ex_e1894690,analysis_contract_baseline_v1.csv; identity inheritance per final closeout
OFI_02910,ex_e1894690,스캡 풀업,OFI_DOSE,VOLUME_LOAD,,THREE_CONFIRMED_SETS_20KG_8REPS_600SECONDS_RPE8,0,1,MIGRATED_CURRENT_BEHAVIOR,ANALYSIS_CONTRACT_BASELINE_V1,,ex_e1894690,analysis_contract_baseline_v1.csv; identity inheritance per final closeout
OFI_02911,ex_e1894690,스캡 풀업,OFI_GROUP,VERTICAL_PULL_COMPOUND,,LOCAL_REPEAT_DETECTION,0,1,MIGRATED_CURRENT_BEHAVIOR,ANALYSIS_CONTRACT_BASELINE_V1,,ex_e1894690,analysis_contract_baseline_v1.csv; identity inheritance per final closeout
OFI_02912,ex_e1894690,스캡 풀업,OFI_GROUP,VERTICAL_PULL_COMPOUND,,STRENGTH_COMPARISON,0,1,MIGRATED_CURRENT_BEHAVIOR,ANALYSIS_CONTRACT_BASELINE_V1,,ex_e1894690,analysis_contract_baseline_v1.csv; identity inheritance per final closeout
OFI_02913,ex_e1894690,스캡 풀업,OFI_GROUP,VERTICAL_PULL_COMPOUND,,WORKLOAD_BASELINE,0,1,MIGRATED_CURRENT_BEHAVIOR,ANALYSIS_CONTRACT_BASELINE_V1,,ex_e1894690,analysis_contract_baseline_v1.csv; identity inheritance per final closeout
OFI_02914,ex_e1894690,스캡 풀업,OFI_SCORE,HIGH_FORCE_NEURAL,,,47,1,MIGRATED_CURRENT_BEHAVIOR,ANALYSIS_CONTRACT_BASELINE_V1,,ex_e1894690,analysis_contract_baseline_v1.csv; identity inheritance per final closeout
OFI_02915,ex_e1894690,스캡 풀업,OFI_SCORE,HIGH_SPEED,,,21,1,MIGRATED_CURRENT_BEHAVIOR,ANALYSIS_CONTRACT_BASELINE_V1,,ex_e1894690,analysis_contract_baseline_v1.csv; identity inheritance per final closeout
OFI_02916,ex_e1894690,스캡 풀업,OFI_SCORE,LOCAL_MUSCULAR,,,73,1,MIGRATED_CURRENT_BEHAVIOR,ANALYSIS_CONTRACT_BASELINE_V1,,ex_e1894690,analysis_contract_baseline_v1.csv; identity inheritance per final closeout
OFI_02917,ex_e1894690,스캡 풀업,OFI_SCORE,REACTIVE,,,20,1,MIGRATED_CURRENT_BEHAVIOR,ANALYSIS_CONTRACT_BASELINE_V1,,ex_e1894690,analysis_contract_baseline_v1.csv; identity inheritance per final closeout
OFI_02918,ex_e1894690,스캡 풀업,OFI_SCORE,SYSTEMIC_MUSCULAR,,,43,1,MIGRATED_CURRENT_BEHAVIOR,ANALYSIS_CONTRACT_BASELINE_V1,,ex_e1894690,analysis_contract_baseline_v1.csv; identity inheritance per final closeout
OFI_02919,ex_e1894690,스캡 풀업,OFI_SNAPSHOT,SUMMARY,NORMAL,LOW,44,1,MIGRATED_CURRENT_BEHAVIOR,ANALYSIS_CONTRACT_BASELINE_V1,,ex_e1894690,analysis_contract_baseline_v1.csv; identity inheritance per final closeout
OFI_02920,ex_e2efd0fe,불가리안 스플릿 스쿼트,BADMINTON_FATIGUE_COST,VERY_HIGH,,,0,1,MIGRATED_CURRENT_BEHAVIOR,ANALYSIS_CONTRACT_BASELINE_V1,,ex_e2efd0fe,analysis_contract_baseline_v1.csv; identity inheritance per final closeout
OFI_02921,ex_e2efd0fe,불가리안 스플릿 스쿼트,OFI_AXIS,HIGH_FORCE_NEURAL,,MEDIUM,37.8125,1,MIGRATED_CURRENT_BEHAVIOR,ANALYSIS_CONTRACT_BASELINE_V1,,ex_e2efd0fe,analysis_contract_baseline_v1.csv; identity inheritance per final closeout
OFI_02922,ex_e2efd0fe,불가리안 스플릿 스쿼트,OFI_AXIS,HIGH_SPEED,,MEDIUM,70.125,1,MIGRATED_CURRENT_BEHAVIOR,ANALYSIS_CONTRACT_BASELINE_V1,,ex_e2efd0fe,analysis_contract_baseline_v1.csv; identity inheritance per final closeout
OFI_02923,ex_e2efd0fe,불가리안 스플릿 스쿼트,OFI_AXIS,LOCAL_MUSCULAR,,MEDIUM,58.4375,1,MIGRATED_CURRENT_BEHAVIOR,ANALYSIS_CONTRACT_BASELINE_V1,,ex_e2efd0fe,analysis_contract_baseline_v1.csv; identity inheritance per final closeout
OFI_02924,ex_e2efd0fe,불가리안 스플릿 스쿼트,OFI_AXIS,REACTIVE,,MEDIUM,63.75,1,MIGRATED_CURRENT_BEHAVIOR,ANALYSIS_CONTRACT_BASELINE_V1,,ex_e2efd0fe,analysis_contract_baseline_v1.csv; identity inheritance per final closeout
OFI_02925,ex_e2efd0fe,불가리안 스플릿 스쿼트,OFI_AXIS,SYSTEMIC_MUSCULAR,,MEDIUM,34.375,1,MIGRATED_CURRENT_BEHAVIOR,ANALYSIS_CONTRACT_BASELINE_V1,,ex_e2efd0fe,analysis_contract_baseline_v1.csv; identity inheritance per final closeout
OFI_02926,ex_e2efd0fe,불가리안 스플릿 스쿼트,OFI_DOSE,VOLUME_LOAD,,THREE_CONFIRMED_SETS_20KG_8REPS_600SECONDS_RPE8,0,1,MIGRATED_CURRENT_BEHAVIOR,ANALYSIS_CONTRACT_BASELINE_V1,,ex_e2efd0fe,analysis_contract_baseline_v1.csv; identity inheritance per final closeout
OFI_02927,ex_e2efd0fe,불가리안 스플릿 스쿼트,OFI_GROUP,LUNGE_UNILATERAL_LOWER,,LOCAL_REPEAT_DETECTION,0,1,MIGRATED_CURRENT_BEHAVIOR,ANALYSIS_CONTRACT_BASELINE_V1,,ex_e2efd0fe,analysis_contract_baseline_v1.csv; identity inheritance per final closeout
OFI_02928,ex_e2efd0fe,불가리안 스플릿 스쿼트,OFI_GROUP,LUNGE_UNILATERAL_LOWER,,STRENGTH_COMPARISON,0,1,MIGRATED_CURRENT_BEHAVIOR,ANALYSIS_CONTRACT_BASELINE_V1,,ex_e2efd0fe,analysis_contract_baseline_v1.csv; identity inheritance per final closeout
OFI_02929,ex_e2efd0fe,불가리안 스플릿 스쿼트,OFI_GROUP,LUNGE_UNILATERAL_LOWER,,WORKLOAD_BASELINE,0,1,MIGRATED_CURRENT_BEHAVIOR,ANALYSIS_CONTRACT_BASELINE_V1,,ex_e2efd0fe,analysis_contract_baseline_v1.csv; identity inheritance per final closeout
OFI_02930,ex_e2efd0fe,불가리안 스플릿 스쿼트,OFI_SCORE,HIGH_FORCE_NEURAL,,,47,1,MIGRATED_CURRENT_BEHAVIOR,ANALYSIS_CONTRACT_BASELINE_V1,,ex_e2efd0fe,analysis_contract_baseline_v1.csv; identity inheritance per final closeout
OFI_02931,ex_e2efd0fe,불가리안 스플릿 스쿼트,OFI_SCORE,HIGH_SPEED,,,88,1,MIGRATED_CURRENT_BEHAVIOR,ANALYSIS_CONTRACT_BASELINE_V1,,ex_e2efd0fe,analysis_contract_baseline_v1.csv; identity inheritance per final closeout
OFI_02932,ex_e2efd0fe,불가리안 스플릿 스쿼트,OFI_SCORE,LOCAL_MUSCULAR,,,73,1,MIGRATED_CURRENT_BEHAVIOR,ANALYSIS_CONTRACT_BASELINE_V1,,ex_e2efd0fe,analysis_contract_baseline_v1.csv; identity inheritance per final closeout
OFI_02933,ex_e2efd0fe,불가리안 스플릿 스쿼트,OFI_SCORE,REACTIVE,,,80,1,MIGRATED_CURRENT_BEHAVIOR,ANALYSIS_CONTRACT_BASELINE_V1,,ex_e2efd0fe,analysis_contract_baseline_v1.csv; identity inheritance per final closeout
OFI_02934,ex_e2efd0fe,불가리안 스플릿 스쿼트,OFI_SCORE,SYSTEMIC_MUSCULAR,,,43,1,MIGRATED_CURRENT_BEHAVIOR,ANALYSIS_CONTRACT_BASELINE_V1,,ex_e2efd0fe,analysis_contract_baseline_v1.csv; identity inheritance per final closeout
OFI_02935,ex_e2efd0fe,불가리안 스플릿 스쿼트,OFI_SNAPSHOT,SUMMARY,ELEVATED,LOW,77,1,MIGRATED_CURRENT_BEHAVIOR,ANALYSIS_CONTRACT_BASELINE_V1,,ex_e2efd0fe,analysis_contract_baseline_v1.csv; identity inheritance per final closeout
OFI_02936,ex_e3715c0b,워킹 런지,BADMINTON_FATIGUE_COST,HIGH,,,0,1,MIGRATED_CURRENT_BEHAVIOR,ANALYSIS_CONTRACT_BASELINE_V1,,ex_e3715c0b,analysis_contract_baseline_v1.csv; identity inheritance per final closeout
OFI_02937,ex_e3715c0b,워킹 런지,OFI_AXIS,HIGH_FORCE_NEURAL,,LONG,37.8125,1,MIGRATED_CURRENT_BEHAVIOR,ANALYSIS_CONTRACT_BASELINE_V1,,ex_e3715c0b,analysis_contract_baseline_v1.csv; identity inheritance per final closeout
OFI_02938,ex_e3715c0b,워킹 런지,OFI_AXIS,HIGH_SPEED,,LONG,70.125,1,MIGRATED_CURRENT_BEHAVIOR,ANALYSIS_CONTRACT_BASELINE_V1,,ex_e3715c0b,analysis_contract_baseline_v1.csv; identity inheritance per final closeout
OFI_02939,ex_e3715c0b,워킹 런지,OFI_AXIS,LOCAL_MUSCULAR,,LONG,58.4375,1,MIGRATED_CURRENT_BEHAVIOR,ANALYSIS_CONTRACT_BASELINE_V1,,ex_e3715c0b,analysis_contract_baseline_v1.csv; identity inheritance per final closeout
OFI_02940,ex_e3715c0b,워킹 런지,OFI_AXIS,REACTIVE,,LONG,63.75,1,MIGRATED_CURRENT_BEHAVIOR,ANALYSIS_CONTRACT_BASELINE_V1,,ex_e3715c0b,analysis_contract_baseline_v1.csv; identity inheritance per final closeout
OFI_02941,ex_e3715c0b,워킹 런지,OFI_AXIS,SYSTEMIC_MUSCULAR,,LONG,53.125,1,MIGRATED_CURRENT_BEHAVIOR,ANALYSIS_CONTRACT_BASELINE_V1,,ex_e3715c0b,analysis_contract_baseline_v1.csv; identity inheritance per final closeout
OFI_02942,ex_e3715c0b,워킹 런지,OFI_DOSE,VOLUME_LOAD,,THREE_CONFIRMED_SETS_20KG_8REPS_600SECONDS_RPE8,0,1,MIGRATED_CURRENT_BEHAVIOR,ANALYSIS_CONTRACT_BASELINE_V1,,ex_e3715c0b,analysis_contract_baseline_v1.csv; identity inheritance per final closeout
OFI_02943,ex_e3715c0b,워킹 런지,OFI_GROUP,LUNGE_UNILATERAL_LOWER,,LOCAL_REPEAT_DETECTION,0,1,MIGRATED_CURRENT_BEHAVIOR,ANALYSIS_CONTRACT_BASELINE_V1,,ex_e3715c0b,analysis_contract_baseline_v1.csv; identity inheritance per final closeout
OFI_02944,ex_e3715c0b,워킹 런지,OFI_GROUP,LUNGE_UNILATERAL_LOWER,,STRENGTH_COMPARISON,0,1,MIGRATED_CURRENT_BEHAVIOR,ANALYSIS_CONTRACT_BASELINE_V1,,ex_e3715c0b,analysis_contract_baseline_v1.csv; identity inheritance per final closeout
OFI_02945,ex_e3715c0b,워킹 런지,OFI_GROUP,LUNGE_UNILATERAL_LOWER,,WORKLOAD_BASELINE,0,1,MIGRATED_CURRENT_BEHAVIOR,ANALYSIS_CONTRACT_BASELINE_V1,,ex_e3715c0b,analysis_contract_baseline_v1.csv; identity inheritance per final closeout
OFI_02946,ex_e3715c0b,워킹 런지,OFI_SCORE,HIGH_FORCE_NEURAL,,,47,1,MIGRATED_CURRENT_BEHAVIOR,ANALYSIS_CONTRACT_BASELINE_V1,,ex_e3715c0b,analysis_contract_baseline_v1.csv; identity inheritance per final closeout
OFI_02947,ex_e3715c0b,워킹 런지,OFI_SCORE,HIGH_SPEED,,,88,1,MIGRATED_CURRENT_BEHAVIOR,ANALYSIS_CONTRACT_BASELINE_V1,,ex_e3715c0b,analysis_contract_baseline_v1.csv; identity inheritance per final closeout
OFI_02948,ex_e3715c0b,워킹 런지,OFI_SCORE,LOCAL_MUSCULAR,,,73,1,MIGRATED_CURRENT_BEHAVIOR,ANALYSIS_CONTRACT_BASELINE_V1,,ex_e3715c0b,analysis_contract_baseline_v1.csv; identity inheritance per final closeout
OFI_02949,ex_e3715c0b,워킹 런지,OFI_SCORE,REACTIVE,,,80,1,MIGRATED_CURRENT_BEHAVIOR,ANALYSIS_CONTRACT_BASELINE_V1,,ex_e3715c0b,analysis_contract_baseline_v1.csv; identity inheritance per final closeout
OFI_02950,ex_e3715c0b,워킹 런지,OFI_SCORE,SYSTEMIC_MUSCULAR,,,66,1,MIGRATED_CURRENT_BEHAVIOR,ANALYSIS_CONTRACT_BASELINE_V1,,ex_e3715c0b,analysis_contract_baseline_v1.csv; identity inheritance per final closeout
OFI_02951,ex_e3715c0b,워킹 런지,OFI_SNAPSHOT,SUMMARY,ELEVATED,LOW,79,1,MIGRATED_CURRENT_BEHAVIOR,ANALYSIS_CONTRACT_BASELINE_V1,,ex_e3715c0b,analysis_contract_baseline_v1.csv; identity inheritance per final closeout
OFI_02952,ex_e41e8dcf,중량 친업,BADMINTON_FATIGUE_COST,HIGH,,,0,1,MIGRATED_CURRENT_BEHAVIOR,ANALYSIS_CONTRACT_BASELINE_V1,,ex_e41e8dcf,analysis_contract_baseline_v1.csv; identity inheritance per final closeout
OFI_02953,ex_e41e8dcf,중량 친업,OFI_AXIS,HIGH_FORCE_NEURAL,,LONG,58.4375,1,MIGRATED_CURRENT_BEHAVIOR,ANALYSIS_CONTRACT_BASELINE_V1,,ex_e41e8dcf,analysis_contract_baseline_v1.csv; identity inheritance per final closeout
OFI_02954,ex_e41e8dcf,중량 친업,OFI_AXIS,HIGH_SPEED,,LONG,17.1875,1,MIGRATED_CURRENT_BEHAVIOR,ANALYSIS_CONTRACT_BASELINE_V1,,ex_e41e8dcf,analysis_contract_baseline_v1.csv; identity inheritance per final closeout
OFI_02955,ex_e41e8dcf,중량 친업,OFI_AXIS,LOCAL_MUSCULAR,,LONG,58.4375,1,MIGRATED_CURRENT_BEHAVIOR,ANALYSIS_CONTRACT_BASELINE_V1,,ex_e41e8dcf,analysis_contract_baseline_v1.csv; identity inheritance per final closeout
OFI_02956,ex_e41e8dcf,중량 친업,OFI_AXIS,REACTIVE,,LONG,15.625,1,MIGRATED_CURRENT_BEHAVIOR,ANALYSIS_CONTRACT_BASELINE_V1,,ex_e41e8dcf,analysis_contract_baseline_v1.csv; identity inheritance per final closeout
OFI_02957,ex_e41e8dcf,중량 친업,OFI_AXIS,SYSTEMIC_MUSCULAR,,LONG,34.375,1,MIGRATED_CURRENT_BEHAVIOR,ANALYSIS_CONTRACT_BASELINE_V1,,ex_e41e8dcf,analysis_contract_baseline_v1.csv; identity inheritance per final closeout
OFI_02958,ex_e41e8dcf,중량 친업,OFI_DOSE,VOLUME_LOAD,,THREE_CONFIRMED_SETS_20KG_8REPS_600SECONDS_RPE8,0,1,MIGRATED_CURRENT_BEHAVIOR,ANALYSIS_CONTRACT_BASELINE_V1,,ex_e41e8dcf,analysis_contract_baseline_v1.csv; identity inheritance per final closeout
OFI_02959,ex_e41e8dcf,중량 친업,OFI_GROUP,VERTICAL_PULL_COMPOUND,,LOCAL_REPEAT_DETECTION,0,1,MIGRATED_CURRENT_BEHAVIOR,ANALYSIS_CONTRACT_BASELINE_V1,,ex_e41e8dcf,analysis_contract_baseline_v1.csv; identity inheritance per final closeout
OFI_02960,ex_e41e8dcf,중량 친업,OFI_GROUP,VERTICAL_PULL_COMPOUND,,STRENGTH_COMPARISON,0,1,MIGRATED_CURRENT_BEHAVIOR,ANALYSIS_CONTRACT_BASELINE_V1,,ex_e41e8dcf,analysis_contract_baseline_v1.csv; identity inheritance per final closeout
OFI_02961,ex_e41e8dcf,중량 친업,OFI_GROUP,VERTICAL_PULL_COMPOUND,,WORKLOAD_BASELINE,0,1,MIGRATED_CURRENT_BEHAVIOR,ANALYSIS_CONTRACT_BASELINE_V1,,ex_e41e8dcf,analysis_contract_baseline_v1.csv; identity inheritance per final closeout
OFI_02962,ex_e41e8dcf,중량 친업,OFI_SCORE,HIGH_FORCE_NEURAL,,,73,1,MIGRATED_CURRENT_BEHAVIOR,ANALYSIS_CONTRACT_BASELINE_V1,,ex_e41e8dcf,analysis_contract_baseline_v1.csv; identity inheritance per final closeout
OFI_02963,ex_e41e8dcf,중량 친업,OFI_SCORE,HIGH_SPEED,,,21,1,MIGRATED_CURRENT_BEHAVIOR,ANALYSIS_CONTRACT_BASELINE_V1,,ex_e41e8dcf,analysis_contract_baseline_v1.csv; identity inheritance per final closeout
OFI_02964,ex_e41e8dcf,중량 친업,OFI_SCORE,LOCAL_MUSCULAR,,,73,1,MIGRATED_CURRENT_BEHAVIOR,ANALYSIS_CONTRACT_BASELINE_V1,,ex_e41e8dcf,analysis_contract_baseline_v1.csv; identity inheritance per final closeout
OFI_02965,ex_e41e8dcf,중량 친업,OFI_SCORE,REACTIVE,,,20,1,MIGRATED_CURRENT_BEHAVIOR,ANALYSIS_CONTRACT_BASELINE_V1,,ex_e41e8dcf,analysis_contract_baseline_v1.csv; identity inheritance per final closeout
OFI_02966,ex_e41e8dcf,중량 친업,OFI_SCORE,SYSTEMIC_MUSCULAR,,,43,1,MIGRATED_CURRENT_BEHAVIOR,ANALYSIS_CONTRACT_BASELINE_V1,,ex_e41e8dcf,analysis_contract_baseline_v1.csv; identity inheritance per final closeout
OFI_02967,ex_e41e8dcf,중량 친업,OFI_SNAPSHOT,SUMMARY,NORMAL,LOW,46,1,MIGRATED_CURRENT_BEHAVIOR,ANALYSIS_CONTRACT_BASELINE_V1,,ex_e41e8dcf,analysis_contract_baseline_v1.csv; identity inheritance per final closeout
OFI_02968,ex_e41f4c2b,중량 풀업,BADMINTON_FATIGUE_COST,HIGH,,,0,1,MIGRATED_CURRENT_BEHAVIOR,ANALYSIS_CONTRACT_BASELINE_V1,,ex_e41f4c2b,analysis_contract_baseline_v1.csv; identity inheritance per final closeout
OFI_02969,ex_e41f4c2b,중량 풀업,OFI_AXIS,HIGH_FORCE_NEURAL,,LONG,79.0625,1,MIGRATED_CURRENT_BEHAVIOR,ANALYSIS_CONTRACT_BASELINE_V1,,ex_e41f4c2b,analysis_contract_baseline_v1.csv; identity inheritance per final closeout
OFI_02970,ex_e41f4c2b,중량 풀업,OFI_AXIS,HIGH_SPEED,,LONG,17.1875,1,MIGRATED_CURRENT_BEHAVIOR,ANALYSIS_CONTRACT_BASELINE_V1,,ex_e41f4c2b,analysis_contract_baseline_v1.csv; identity inheritance per final closeout
OFI_02971,ex_e41f4c2b,중량 풀업,OFI_AXIS,LOCAL_MUSCULAR,,LONG,58.4375,1,MIGRATED_CURRENT_BEHAVIOR,ANALYSIS_CONTRACT_BASELINE_V1,,ex_e41f4c2b,analysis_contract_baseline_v1.csv; identity inheritance per final closeout
OFI_02972,ex_e41f4c2b,중량 풀업,OFI_AXIS,REACTIVE,,LONG,15.625,1,MIGRATED_CURRENT_BEHAVIOR,ANALYSIS_CONTRACT_BASELINE_V1,,ex_e41f4c2b,analysis_contract_baseline_v1.csv; identity inheritance per final closeout
OFI_02973,ex_e41f4c2b,중량 풀업,OFI_AXIS,SYSTEMIC_MUSCULAR,,LONG,34.375,1,MIGRATED_CURRENT_BEHAVIOR,ANALYSIS_CONTRACT_BASELINE_V1,,ex_e41f4c2b,analysis_contract_baseline_v1.csv; identity inheritance per final closeout
OFI_02974,ex_e41f4c2b,중량 풀업,OFI_DOSE,ESTIMATED_1RM,,THREE_CONFIRMED_SETS_20KG_8REPS_600SECONDS_RPE8,0,1,MIGRATED_CURRENT_BEHAVIOR,ANALYSIS_CONTRACT_BASELINE_V1,,ex_e41f4c2b,analysis_contract_baseline_v1.csv; identity inheritance per final closeout
OFI_02975,ex_e41f4c2b,중량 풀업,OFI_GROUP,VERTICAL_PULL_COMPOUND,,LOCAL_REPEAT_DETECTION,0,1,MIGRATED_CURRENT_BEHAVIOR,ANALYSIS_CONTRACT_BASELINE_V1,,ex_e41f4c2b,analysis_contract_baseline_v1.csv; identity inheritance per final closeout
OFI_02976,ex_e41f4c2b,중량 풀업,OFI_GROUP,VERTICAL_PULL_COMPOUND,,STRENGTH_COMPARISON,0,1,MIGRATED_CURRENT_BEHAVIOR,ANALYSIS_CONTRACT_BASELINE_V1,,ex_e41f4c2b,analysis_contract_baseline_v1.csv; identity inheritance per final closeout
OFI_02977,ex_e41f4c2b,중량 풀업,OFI_GROUP,VERTICAL_PULL_COMPOUND,,WORKLOAD_BASELINE,0,1,MIGRATED_CURRENT_BEHAVIOR,ANALYSIS_CONTRACT_BASELINE_V1,,ex_e41f4c2b,analysis_contract_baseline_v1.csv; identity inheritance per final closeout
OFI_02978,ex_e41f4c2b,중량 풀업,OFI_SCORE,HIGH_FORCE_NEURAL,,,99,1,MIGRATED_CURRENT_BEHAVIOR,ANALYSIS_CONTRACT_BASELINE_V1,,ex_e41f4c2b,analysis_contract_baseline_v1.csv; identity inheritance per final closeout
OFI_02979,ex_e41f4c2b,중량 풀업,OFI_SCORE,HIGH_SPEED,,,21,1,MIGRATED_CURRENT_BEHAVIOR,ANALYSIS_CONTRACT_BASELINE_V1,,ex_e41f4c2b,analysis_contract_baseline_v1.csv; identity inheritance per final closeout
OFI_02980,ex_e41f4c2b,중량 풀업,OFI_SCORE,LOCAL_MUSCULAR,,,73,1,MIGRATED_CURRENT_BEHAVIOR,ANALYSIS_CONTRACT_BASELINE_V1,,ex_e41f4c2b,analysis_contract_baseline_v1.csv; identity inheritance per final closeout
OFI_02981,ex_e41f4c2b,중량 풀업,OFI_SCORE,REACTIVE,,,20,1,MIGRATED_CURRENT_BEHAVIOR,ANALYSIS_CONTRACT_BASELINE_V1,,ex_e41f4c2b,analysis_contract_baseline_v1.csv; identity inheritance per final closeout
OFI_02982,ex_e41f4c2b,중량 풀업,OFI_SCORE,SYSTEMIC_MUSCULAR,,,43,1,MIGRATED_CURRENT_BEHAVIOR,ANALYSIS_CONTRACT_BASELINE_V1,,ex_e41f4c2b,analysis_contract_baseline_v1.csv; identity inheritance per final closeout
OFI_02983,ex_e41f4c2b,중량 풀업,OFI_SNAPSHOT,SUMMARY,NORMAL,LOW,70,1,MIGRATED_CURRENT_BEHAVIOR,ANALYSIS_CONTRACT_BASELINE_V1,,ex_e41f4c2b,analysis_contract_baseline_v1.csv; identity inheritance per final closeout
OFI_02984,ex_e465d1e9,포고 점프,BADMINTON_FATIGUE_COST,HIGH,,,0,1,MIGRATED_CURRENT_BEHAVIOR,ANALYSIS_CONTRACT_BASELINE_V1,,ex_e465d1e9,analysis_contract_baseline_v1.csv; identity inheritance per final closeout
OFI_02985,ex_e465d1e9,포고 점프,OFI_AXIS,HIGH_FORCE_NEURAL,,LONG,17.1875,1,MIGRATED_CURRENT_BEHAVIOR,ANALYSIS_CONTRACT_BASELINE_V1,,ex_e465d1e9,analysis_contract_baseline_v1.csv; identity inheritance per final closeout
OFI_02986,ex_e465d1e9,포고 점프,OFI_AXIS,HIGH_SPEED,,LONG,70.125,1,MIGRATED_CURRENT_BEHAVIOR,ANALYSIS_CONTRACT_BASELINE_V1,,ex_e465d1e9,analysis_contract_baseline_v1.csv; identity inheritance per final closeout
OFI_02987,ex_e465d1e9,포고 점프,OFI_AXIS,LOCAL_MUSCULAR,,LONG,37.8125,1,MIGRATED_CURRENT_BEHAVIOR,ANALYSIS_CONTRACT_BASELINE_V1,,ex_e465d1e9,analysis_contract_baseline_v1.csv; identity inheritance per final closeout
OFI_02988,ex_e465d1e9,포고 점프,OFI_AXIS,REACTIVE,,LONG,63.75,1,MIGRATED_CURRENT_BEHAVIOR,ANALYSIS_CONTRACT_BASELINE_V1,,ex_e465d1e9,analysis_contract_baseline_v1.csv; identity inheritance per final closeout
OFI_02989,ex_e465d1e9,포고 점프,OFI_AXIS,SYSTEMIC_MUSCULAR,,LONG,34.375,1,MIGRATED_CURRENT_BEHAVIOR,ANALYSIS_CONTRACT_BASELINE_V1,,ex_e465d1e9,analysis_contract_baseline_v1.csv; identity inheritance per final closeout
OFI_02990,ex_e465d1e9,포고 점프,OFI_DOSE,REPS_OR_TIME,,THREE_CONFIRMED_SETS_20KG_8REPS_600SECONDS_RPE8,0,1,MIGRATED_CURRENT_BEHAVIOR,ANALYSIS_CONTRACT_BASELINE_V1,,ex_e465d1e9,analysis_contract_baseline_v1.csv; identity inheritance per final closeout
OFI_02991,ex_e465d1e9,포고 점프,OFI_GROUP,ANKLE_STIFFNESS_SSC_CONDITIONING,,LOCAL_REPEAT_DETECTION,0,1,MIGRATED_CURRENT_BEHAVIOR,ANALYSIS_CONTRACT_BASELINE_V1,,ex_e465d1e9,analysis_contract_baseline_v1.csv; identity inheritance per final closeout
OFI_02992,ex_e465d1e9,포고 점프,OFI_GROUP,NOT_APPLICABLE,,STRENGTH_COMPARISON,0,1,MIGRATED_CURRENT_BEHAVIOR,ANALYSIS_CONTRACT_BASELINE_V1,,ex_e465d1e9,analysis_contract_baseline_v1.csv; identity inheritance per final closeout
OFI_02993,ex_e465d1e9,포고 점프,OFI_GROUP,NOT_APPLICABLE,,WORKLOAD_BASELINE,0,1,MIGRATED_CURRENT_BEHAVIOR,ANALYSIS_CONTRACT_BASELINE_V1,,ex_e465d1e9,analysis_contract_baseline_v1.csv; identity inheritance per final closeout
OFI_02994,ex_e465d1e9,포고 점프,OFI_SCORE,HIGH_FORCE_NEURAL,,,21,1,MIGRATED_CURRENT_BEHAVIOR,ANALYSIS_CONTRACT_BASELINE_V1,,ex_e465d1e9,analysis_contract_baseline_v1.csv; identity inheritance per final closeout
OFI_02995,ex_e465d1e9,포고 점프,OFI_SCORE,HIGH_SPEED,,,88,1,MIGRATED_CURRENT_BEHAVIOR,ANALYSIS_CONTRACT_BASELINE_V1,,ex_e465d1e9,analysis_contract_baseline_v1.csv; identity inheritance per final closeout
OFI_02996,ex_e465d1e9,포고 점프,OFI_SCORE,LOCAL_MUSCULAR,,,47,1,MIGRATED_CURRENT_BEHAVIOR,ANALYSIS_CONTRACT_BASELINE_V1,,ex_e465d1e9,analysis_contract_baseline_v1.csv; identity inheritance per final closeout
OFI_02997,ex_e465d1e9,포고 점프,OFI_SCORE,REACTIVE,,,80,1,MIGRATED_CURRENT_BEHAVIOR,ANALYSIS_CONTRACT_BASELINE_V1,,ex_e465d1e9,analysis_contract_baseline_v1.csv; identity inheritance per final closeout
OFI_02998,ex_e465d1e9,포고 점프,OFI_SCORE,SYSTEMIC_MUSCULAR,,,43,1,MIGRATED_CURRENT_BEHAVIOR,ANALYSIS_CONTRACT_BASELINE_V1,,ex_e465d1e9,analysis_contract_baseline_v1.csv; identity inheritance per final closeout
OFI_02999,ex_e465d1e9,포고 점프,OFI_SNAPSHOT,SUMMARY,NORMAL,LOW,72,1,MIGRATED_CURRENT_BEHAVIOR,ANALYSIS_CONTRACT_BASELINE_V1,,ex_e465d1e9,analysis_contract_baseline_v1.csv; identity inheritance per final closeout
OFI_03000,ex_e4f911bb,네거티브 풀업,BADMINTON_FATIGUE_COST,MEDIUM,,,0,1,MIGRATED_CURRENT_BEHAVIOR,ANALYSIS_CONTRACT_BASELINE_V1,,ex_e4f911bb,analysis_contract_baseline_v1.csv; identity inheritance per final closeout
OFI_03001,ex_e4f911bb,네거티브 풀업,OFI_AXIS,HIGH_FORCE_NEURAL,,MEDIUM,37.8125,1,MIGRATED_CURRENT_BEHAVIOR,ANALYSIS_CONTRACT_BASELINE_V1,,ex_e4f911bb,analysis_contract_baseline_v1.csv; identity inheritance per final closeout
OFI_03002,ex_e4f911bb,네거티브 풀업,OFI_AXIS,HIGH_SPEED,,MEDIUM,17.1875,1,MIGRATED_CURRENT_BEHAVIOR,ANALYSIS_CONTRACT_BASELINE_V1,,ex_e4f911bb,analysis_contract_baseline_v1.csv; identity inheritance per final closeout
OFI_03003,ex_e4f911bb,네거티브 풀업,OFI_AXIS,LOCAL_MUSCULAR,,MEDIUM,58.4375,1,MIGRATED_CURRENT_BEHAVIOR,ANALYSIS_CONTRACT_BASELINE_V1,,ex_e4f911bb,analysis_contract_baseline_v1.csv; identity inheritance per final closeout
OFI_03004,ex_e4f911bb,네거티브 풀업,OFI_AXIS,REACTIVE,,MEDIUM,15.625,1,MIGRATED_CURRENT_BEHAVIOR,ANALYSIS_CONTRACT_BASELINE_V1,,ex_e4f911bb,analysis_contract_baseline_v1.csv; identity inheritance per final closeout
OFI_03005,ex_e4f911bb,네거티브 풀업,OFI_AXIS,SYSTEMIC_MUSCULAR,,MEDIUM,34.375,1,MIGRATED_CURRENT_BEHAVIOR,ANALYSIS_CONTRACT_BASELINE_V1,,ex_e4f911bb,analysis_contract_baseline_v1.csv; identity inheritance per final closeout
OFI_03006,ex_e4f911bb,네거티브 풀업,OFI_DOSE,VOLUME_LOAD,,THREE_CONFIRMED_SETS_20KG_8REPS_600SECONDS_RPE8,0,1,MIGRATED_CURRENT_BEHAVIOR,ANALYSIS_CONTRACT_BASELINE_V1,,ex_e4f911bb,analysis_contract_baseline_v1.csv; identity inheritance per final closeout
OFI_03007,ex_e4f911bb,네거티브 풀업,OFI_GROUP,VERTICAL_PULL_COMPOUND,,LOCAL_REPEAT_DETECTION,0,1,MIGRATED_CURRENT_BEHAVIOR,ANALYSIS_CONTRACT_BASELINE_V1,,ex_e4f911bb,analysis_contract_baseline_v1.csv; identity inheritance per final closeout
OFI_03008,ex_e4f911bb,네거티브 풀업,OFI_GROUP,VERTICAL_PULL_COMPOUND,,STRENGTH_COMPARISON,0,1,MIGRATED_CURRENT_BEHAVIOR,ANALYSIS_CONTRACT_BASELINE_V1,,ex_e4f911bb,analysis_contract_baseline_v1.csv; identity inheritance per final closeout
OFI_03009,ex_e4f911bb,네거티브 풀업,OFI_GROUP,VERTICAL_PULL_COMPOUND,,WORKLOAD_BASELINE,0,1,MIGRATED_CURRENT_BEHAVIOR,ANALYSIS_CONTRACT_BASELINE_V1,,ex_e4f911bb,analysis_contract_baseline_v1.csv; identity inheritance per final closeout
OFI_03010,ex_e4f911bb,네거티브 풀업,OFI_SCORE,HIGH_FORCE_NEURAL,,,47,1,MIGRATED_CURRENT_BEHAVIOR,ANALYSIS_CONTRACT_BASELINE_V1,,ex_e4f911bb,analysis_contract_baseline_v1.csv; identity inheritance per final closeout
OFI_03011,ex_e4f911bb,네거티브 풀업,OFI_SCORE,HIGH_SPEED,,,21,1,MIGRATED_CURRENT_BEHAVIOR,ANALYSIS_CONTRACT_BASELINE_V1,,ex_e4f911bb,analysis_contract_baseline_v1.csv; identity inheritance per final closeout
OFI_03012,ex_e4f911bb,네거티브 풀업,OFI_SCORE,LOCAL_MUSCULAR,,,73,1,MIGRATED_CURRENT_BEHAVIOR,ANALYSIS_CONTRACT_BASELINE_V1,,ex_e4f911bb,analysis_contract_baseline_v1.csv; identity inheritance per final closeout
OFI_03013,ex_e4f911bb,네거티브 풀업,OFI_SCORE,REACTIVE,,,20,1,MIGRATED_CURRENT_BEHAVIOR,ANALYSIS_CONTRACT_BASELINE_V1,,ex_e4f911bb,analysis_contract_baseline_v1.csv; identity inheritance per final closeout
OFI_03014,ex_e4f911bb,네거티브 풀업,OFI_SCORE,SYSTEMIC_MUSCULAR,,,43,1,MIGRATED_CURRENT_BEHAVIOR,ANALYSIS_CONTRACT_BASELINE_V1,,ex_e4f911bb,analysis_contract_baseline_v1.csv; identity inheritance per final closeout
OFI_03015,ex_e4f911bb,네거티브 풀업,OFI_SNAPSHOT,SUMMARY,NORMAL,LOW,44,1,MIGRATED_CURRENT_BEHAVIOR,ANALYSIS_CONTRACT_BASELINE_V1,,ex_e4f911bb,analysis_contract_baseline_v1.csv; identity inheritance per final closeout
OFI_03016,ex_e709eeda,케이블 컬,BADMINTON_FATIGUE_COST,LOW,,,0,1,MIGRATED_CURRENT_BEHAVIOR,ANALYSIS_CONTRACT_BASELINE_V1,,ex_e709eeda,analysis_contract_baseline_v1.csv; identity inheritance per final closeout
OFI_03017,ex_e709eeda,케이블 컬,OFI_AXIS,HIGH_FORCE_NEURAL,,SHORT,17.1875,1,MIGRATED_CURRENT_BEHAVIOR,ANALYSIS_CONTRACT_BASELINE_V1,,ex_e709eeda,analysis_contract_baseline_v1.csv; identity inheritance per final closeout
OFI_03018,ex_e709eeda,케이블 컬,OFI_AXIS,HIGH_SPEED,,SHORT,17.1875,1,MIGRATED_CURRENT_BEHAVIOR,ANALYSIS_CONTRACT_BASELINE_V1,,ex_e709eeda,analysis_contract_baseline_v1.csv; identity inheritance per final closeout
OFI_03019,ex_e709eeda,케이블 컬,OFI_AXIS,LOCAL_MUSCULAR,,SHORT,58.4375,1,MIGRATED_CURRENT_BEHAVIOR,ANALYSIS_CONTRACT_BASELINE_V1,,ex_e709eeda,analysis_contract_baseline_v1.csv; identity inheritance per final closeout
OFI_03020,ex_e709eeda,케이블 컬,OFI_AXIS,REACTIVE,,SHORT,15.625,1,MIGRATED_CURRENT_BEHAVIOR,ANALYSIS_CONTRACT_BASELINE_V1,,ex_e709eeda,analysis_contract_baseline_v1.csv; identity inheritance per final closeout
OFI_03021,ex_e709eeda,케이블 컬,OFI_AXIS,SYSTEMIC_MUSCULAR,,SHORT,13.28125,1,MIGRATED_CURRENT_BEHAVIOR,ANALYSIS_CONTRACT_BASELINE_V1,,ex_e709eeda,analysis_contract_baseline_v1.csv; identity inheritance per final closeout
OFI_03022,ex_e709eeda,케이블 컬,OFI_DOSE,VOLUME_LOAD,,THREE_CONFIRMED_SETS_20KG_8REPS_600SECONDS_RPE8,0,1,MIGRATED_CURRENT_BEHAVIOR,ANALYSIS_CONTRACT_BASELINE_V1,,ex_e709eeda,analysis_contract_baseline_v1.csv; identity inheritance per final closeout
OFI_03023,ex_e709eeda,케이블 컬,OFI_GROUP,ELBOW_FLEXION_CURL,,LOCAL_REPEAT_DETECTION,0,1,MIGRATED_CURRENT_BEHAVIOR,ANALYSIS_CONTRACT_BASELINE_V1,,ex_e709eeda,analysis_contract_baseline_v1.csv; identity inheritance per final closeout
OFI_03024,ex_e709eeda,케이블 컬,OFI_GROUP,ELBOW_FLEXION_CURL,,STRENGTH_COMPARISON,0,1,MIGRATED_CURRENT_BEHAVIOR,ANALYSIS_CONTRACT_BASELINE_V1,,ex_e709eeda,analysis_contract_baseline_v1.csv; identity inheritance per final closeout
OFI_03025,ex_e709eeda,케이블 컬,OFI_GROUP,ELBOW_FLEXION_CURL,,WORKLOAD_BASELINE,0,1,MIGRATED_CURRENT_BEHAVIOR,ANALYSIS_CONTRACT_BASELINE_V1,,ex_e709eeda,analysis_contract_baseline_v1.csv; identity inheritance per final closeout
OFI_03026,ex_e709eeda,케이블 컬,OFI_SCORE,HIGH_FORCE_NEURAL,,,21,1,MIGRATED_CURRENT_BEHAVIOR,ANALYSIS_CONTRACT_BASELINE_V1,,ex_e709eeda,analysis_contract_baseline_v1.csv; identity inheritance per final closeout
OFI_03027,ex_e709eeda,케이블 컬,OFI_SCORE,HIGH_SPEED,,,21,1,MIGRATED_CURRENT_BEHAVIOR,ANALYSIS_CONTRACT_BASELINE_V1,,ex_e709eeda,analysis_contract_baseline_v1.csv; identity inheritance per final closeout
OFI_03028,ex_e709eeda,케이블 컬,OFI_SCORE,LOCAL_MUSCULAR,,,73,1,MIGRATED_CURRENT_BEHAVIOR,ANALYSIS_CONTRACT_BASELINE_V1,,ex_e709eeda,analysis_contract_baseline_v1.csv; identity inheritance per final closeout
OFI_03029,ex_e709eeda,케이블 컬,OFI_SCORE,REACTIVE,,,20,1,MIGRATED_CURRENT_BEHAVIOR,ANALYSIS_CONTRACT_BASELINE_V1,,ex_e709eeda,analysis_contract_baseline_v1.csv; identity inheritance per final closeout
OFI_03030,ex_e709eeda,케이블 컬,OFI_SCORE,SYSTEMIC_MUSCULAR,,,17,1,MIGRATED_CURRENT_BEHAVIOR,ANALYSIS_CONTRACT_BASELINE_V1,,ex_e709eeda,analysis_contract_baseline_v1.csv; identity inheritance per final closeout
OFI_03031,ex_e709eeda,케이블 컬,OFI_SNAPSHOT,SUMMARY,LOW,LOW,39,1,MIGRATED_CURRENT_BEHAVIOR,ANALYSIS_CONTRACT_BASELINE_V1,,ex_e709eeda,analysis_contract_baseline_v1.csv; identity inheritance per final closeout
OFI_03032,ex_e8ff8cfa,밴드 외회전,BADMINTON_FATIGUE_COST,MEDIUM,,,0,1,MIGRATED_CURRENT_BEHAVIOR,ANALYSIS_CONTRACT_BASELINE_V1,,ex_e8ff8cfa,analysis_contract_baseline_v1.csv; identity inheritance per final closeout
OFI_03033,ex_e8ff8cfa,밴드 외회전,OFI_AXIS,HIGH_FORCE_NEURAL,,SHORT,17.1875,1,MIGRATED_CURRENT_BEHAVIOR,ANALYSIS_CONTRACT_BASELINE_V1,,ex_e8ff8cfa,analysis_contract_baseline_v1.csv; identity inheritance per final closeout
OFI_03034,ex_e8ff8cfa,밴드 외회전,OFI_AXIS,HIGH_SPEED,,SHORT,17.1875,1,MIGRATED_CURRENT_BEHAVIOR,ANALYSIS_CONTRACT_BASELINE_V1,,ex_e8ff8cfa,analysis_contract_baseline_v1.csv; identity inheritance per final closeout
OFI_03035,ex_e8ff8cfa,밴드 외회전,OFI_AXIS,LOCAL_MUSCULAR,,SHORT,37.8125,1,MIGRATED_CURRENT_BEHAVIOR,ANALYSIS_CONTRACT_BASELINE_V1,,ex_e8ff8cfa,analysis_contract_baseline_v1.csv; identity inheritance per final closeout
OFI_03036,ex_e8ff8cfa,밴드 외회전,OFI_AXIS,REACTIVE,,SHORT,15.625,1,MIGRATED_CURRENT_BEHAVIOR,ANALYSIS_CONTRACT_BASELINE_V1,,ex_e8ff8cfa,analysis_contract_baseline_v1.csv; identity inheritance per final closeout
OFI_03037,ex_e8ff8cfa,밴드 외회전,OFI_AXIS,SYSTEMIC_MUSCULAR,,SHORT,15.625,1,MIGRATED_CURRENT_BEHAVIOR,ANALYSIS_CONTRACT_BASELINE_V1,,ex_e8ff8cfa,analysis_contract_baseline_v1.csv; identity inheritance per final closeout
OFI_03038,ex_e8ff8cfa,밴드 외회전,OFI_DOSE,QUALITY_BASED,,THREE_CONFIRMED_SETS_20KG_8REPS_600SECONDS_RPE8,0,1,MIGRATED_CURRENT_BEHAVIOR,ANALYSIS_CONTRACT_BASELINE_V1,,ex_e8ff8cfa,analysis_contract_baseline_v1.csv; identity inheritance per final closeout
OFI_03039,ex_e8ff8cfa,밴드 외회전,OFI_GROUP,NOT_APPLICABLE,,STRENGTH_COMPARISON,0,1,MIGRATED_CURRENT_BEHAVIOR,ANALYSIS_CONTRACT_BASELINE_V1,,ex_e8ff8cfa,analysis_contract_baseline_v1.csv; identity inheritance per final closeout
OFI_03040,ex_e8ff8cfa,밴드 외회전,OFI_GROUP,NOT_APPLICABLE,,WORKLOAD_BASELINE,0,1,MIGRATED_CURRENT_BEHAVIOR,ANALYSIS_CONTRACT_BASELINE_V1,,ex_e8ff8cfa,analysis_contract_baseline_v1.csv; identity inheritance per final closeout
OFI_03041,ex_e8ff8cfa,밴드 외회전,OFI_GROUP,ROTATOR_CUFF_PREHAB,,LOCAL_REPEAT_DETECTION,0,1,MIGRATED_CURRENT_BEHAVIOR,ANALYSIS_CONTRACT_BASELINE_V1,,ex_e8ff8cfa,analysis_contract_baseline_v1.csv; identity inheritance per final closeout
OFI_03042,ex_e8ff8cfa,밴드 외회전,OFI_SCORE,HIGH_FORCE_NEURAL,,,21,1,MIGRATED_CURRENT_BEHAVIOR,ANALYSIS_CONTRACT_BASELINE_V1,,ex_e8ff8cfa,analysis_contract_baseline_v1.csv; identity inheritance per final closeout
OFI_03043,ex_e8ff8cfa,밴드 외회전,OFI_SCORE,HIGH_SPEED,,,21,1,MIGRATED_CURRENT_BEHAVIOR,ANALYSIS_CONTRACT_BASELINE_V1,,ex_e8ff8cfa,analysis_contract_baseline_v1.csv; identity inheritance per final closeout
OFI_03044,ex_e8ff8cfa,밴드 외회전,OFI_SCORE,LOCAL_MUSCULAR,,,47,1,MIGRATED_CURRENT_BEHAVIOR,ANALYSIS_CONTRACT_BASELINE_V1,,ex_e8ff8cfa,analysis_contract_baseline_v1.csv; identity inheritance per final closeout
OFI_03045,ex_e8ff8cfa,밴드 외회전,OFI_SCORE,REACTIVE,,,20,1,MIGRATED_CURRENT_BEHAVIOR,ANALYSIS_CONTRACT_BASELINE_V1,,ex_e8ff8cfa,analysis_contract_baseline_v1.csv; identity inheritance per final closeout
OFI_03046,ex_e8ff8cfa,밴드 외회전,OFI_SCORE,SYSTEMIC_MUSCULAR,,,20,1,MIGRATED_CURRENT_BEHAVIOR,ANALYSIS_CONTRACT_BASELINE_V1,,ex_e8ff8cfa,analysis_contract_baseline_v1.csv; identity inheritance per final closeout
OFI_03047,ex_e8ff8cfa,밴드 외회전,OFI_SNAPSHOT,SUMMARY,LOW,LOW,28,1,MIGRATED_CURRENT_BEHAVIOR,ANALYSIS_CONTRACT_BASELINE_V1,,ex_e8ff8cfa,analysis_contract_baseline_v1.csv; identity inheritance per final closeout
OFI_03048,ex_e9e97659,핵 스쿼트,BADMINTON_FATIGUE_COST,VERY_HIGH,,,0,1,MIGRATED_CURRENT_BEHAVIOR,ANALYSIS_CONTRACT_BASELINE_V1,,ex_e9e97659,analysis_contract_baseline_v1.csv; identity inheritance per final closeout
OFI_03049,ex_e9e97659,핵 스쿼트,OFI_AXIS,HIGH_FORCE_NEURAL,,LONG,79.0625,1,MIGRATED_CURRENT_BEHAVIOR,ANALYSIS_CONTRACT_BASELINE_V1,,ex_e9e97659,analysis_contract_baseline_v1.csv; identity inheritance per final closeout
OFI_03050,ex_e9e97659,핵 스쿼트,OFI_AXIS,HIGH_SPEED,,LONG,17.1875,1,MIGRATED_CURRENT_BEHAVIOR,ANALYSIS_CONTRACT_BASELINE_V1,,ex_e9e97659,analysis_contract_baseline_v1.csv; identity inheritance per final closeout
OFI_03051,ex_e9e97659,핵 스쿼트,OFI_AXIS,LOCAL_MUSCULAR,,LONG,58.4375,1,MIGRATED_CURRENT_BEHAVIOR,ANALYSIS_CONTRACT_BASELINE_V1,,ex_e9e97659,analysis_contract_baseline_v1.csv; identity inheritance per final closeout
OFI_03052,ex_e9e97659,핵 스쿼트,OFI_AXIS,REACTIVE,,LONG,15.625,1,MIGRATED_CURRENT_BEHAVIOR,ANALYSIS_CONTRACT_BASELINE_V1,,ex_e9e97659,analysis_contract_baseline_v1.csv; identity inheritance per final closeout
OFI_03053,ex_e9e97659,핵 스쿼트,OFI_AXIS,SYSTEMIC_MUSCULAR,,LONG,39.53125,1,MIGRATED_CURRENT_BEHAVIOR,ANALYSIS_CONTRACT_BASELINE_V1,,ex_e9e97659,analysis_contract_baseline_v1.csv; identity inheritance per final closeout
OFI_03054,ex_e9e97659,핵 스쿼트,OFI_DOSE,VOLUME_LOAD,,THREE_CONFIRMED_SETS_20KG_8REPS_600SECONDS_RPE8,0,1,MIGRATED_CURRENT_BEHAVIOR,ANALYSIS_CONTRACT_BASELINE_V1,,ex_e9e97659,analysis_contract_baseline_v1.csv; identity inheritance per final closeout
OFI_03055,ex_e9e97659,핵 스쿼트,OFI_GROUP,SQUAT_PATTERN_HEAVY_LOWER,,LOCAL_REPEAT_DETECTION,0,1,MIGRATED_CURRENT_BEHAVIOR,ANALYSIS_CONTRACT_BASELINE_V1,,ex_e9e97659,analysis_contract_baseline_v1.csv; identity inheritance per final closeout
OFI_03056,ex_e9e97659,핵 스쿼트,OFI_GROUP,SQUAT_PATTERN_HEAVY_LOWER,,STRENGTH_COMPARISON,0,1,MIGRATED_CURRENT_BEHAVIOR,ANALYSIS_CONTRACT_BASELINE_V1,,ex_e9e97659,analysis_contract_baseline_v1.csv; identity inheritance per final closeout
OFI_03057,ex_e9e97659,핵 스쿼트,OFI_GROUP,SQUAT_PATTERN_HEAVY_LOWER,,WORKLOAD_BASELINE,0,1,MIGRATED_CURRENT_BEHAVIOR,ANALYSIS_CONTRACT_BASELINE_V1,,ex_e9e97659,analysis_contract_baseline_v1.csv; identity inheritance per final closeout
OFI_03058,ex_e9e97659,핵 스쿼트,OFI_SCORE,HIGH_FORCE_NEURAL,,,99,1,MIGRATED_CURRENT_BEHAVIOR,ANALYSIS_CONTRACT_BASELINE_V1,,ex_e9e97659,analysis_contract_baseline_v1.csv; identity inheritance per final closeout
OFI_03059,ex_e9e97659,핵 스쿼트,OFI_SCORE,HIGH_SPEED,,,21,1,MIGRATED_CURRENT_BEHAVIOR,ANALYSIS_CONTRACT_BASELINE_V1,,ex_e9e97659,analysis_contract_baseline_v1.csv; identity inheritance per final closeout
OFI_03060,ex_e9e97659,핵 스쿼트,OFI_SCORE,LOCAL_MUSCULAR,,,73,1,MIGRATED_CURRENT_BEHAVIOR,ANALYSIS_CONTRACT_BASELINE_V1,,ex_e9e97659,analysis_contract_baseline_v1.csv; identity inheritance per final closeout
OFI_03061,ex_e9e97659,핵 스쿼트,OFI_SCORE,REACTIVE,,,20,1,MIGRATED_CURRENT_BEHAVIOR,ANALYSIS_CONTRACT_BASELINE_V1,,ex_e9e97659,analysis_contract_baseline_v1.csv; identity inheritance per final closeout
OFI_03062,ex_e9e97659,핵 스쿼트,OFI_SCORE,SYSTEMIC_MUSCULAR,,,49,1,MIGRATED_CURRENT_BEHAVIOR,ANALYSIS_CONTRACT_BASELINE_V1,,ex_e9e97659,analysis_contract_baseline_v1.csv; identity inheritance per final closeout
OFI_03063,ex_e9e97659,핵 스쿼트,OFI_SNAPSHOT,SUMMARY,NORMAL,LOW,70,1,MIGRATED_CURRENT_BEHAVIOR,ANALYSIS_CONTRACT_BASELINE_V1,,ex_e9e97659,analysis_contract_baseline_v1.csv; identity inheritance per final closeout
OFI_03064,ex_eb636bac,원암 케이블 오버헤드 트라이셉스 익스텐션,BADMINTON_FATIGUE_COST,MEDIUM,,,0,1,MIGRATED_CURRENT_BEHAVIOR,ANALYSIS_CONTRACT_BASELINE_V1,,ex_eb636bac,analysis_contract_baseline_v1.csv; identity inheritance per final closeout
OFI_03065,ex_eb636bac,원암 케이블 오버헤드 트라이셉스 익스텐션,OFI_AXIS,HIGH_FORCE_NEURAL,,SHORT,17.1875,1,MIGRATED_CURRENT_BEHAVIOR,ANALYSIS_CONTRACT_BASELINE_V1,,ex_eb636bac,analysis_contract_baseline_v1.csv; identity inheritance per final closeout
OFI_03066,ex_eb636bac,원암 케이블 오버헤드 트라이셉스 익스텐션,OFI_AXIS,HIGH_SPEED,,SHORT,17.1875,1,MIGRATED_CURRENT_BEHAVIOR,ANALYSIS_CONTRACT_BASELINE_V1,,ex_eb636bac,analysis_contract_baseline_v1.csv; identity inheritance per final closeout
OFI_03067,ex_eb636bac,원암 케이블 오버헤드 트라이셉스 익스텐션,OFI_AXIS,LOCAL_MUSCULAR,,SHORT,58.4375,1,MIGRATED_CURRENT_BEHAVIOR,ANALYSIS_CONTRACT_BASELINE_V1,,ex_eb636bac,analysis_contract_baseline_v1.csv; identity inheritance per final closeout
OFI_03068,ex_eb636bac,원암 케이블 오버헤드 트라이셉스 익스텐션,OFI_AXIS,REACTIVE,,SHORT,15.625,1,MIGRATED_CURRENT_BEHAVIOR,ANALYSIS_CONTRACT_BASELINE_V1,,ex_eb636bac,analysis_contract_baseline_v1.csv; identity inheritance per final closeout
OFI_03069,ex_eb636bac,원암 케이블 오버헤드 트라이셉스 익스텐션,OFI_AXIS,SYSTEMIC_MUSCULAR,,SHORT,10.9375,1,MIGRATED_CURRENT_BEHAVIOR,ANALYSIS_CONTRACT_BASELINE_V1,,ex_eb636bac,analysis_contract_baseline_v1.csv; identity inheritance per final closeout
OFI_03070,ex_eb636bac,원암 케이블 오버헤드 트라이셉스 익스텐션,OFI_DOSE,VOLUME_LOAD,,THREE_CONFIRMED_SETS_20KG_8REPS_600SECONDS_RPE8,0,1,MIGRATED_CURRENT_BEHAVIOR,ANALYSIS_CONTRACT_BASELINE_V1,,ex_eb636bac,analysis_contract_baseline_v1.csv; identity inheritance per final closeout
OFI_03071,ex_eb636bac,원암 케이블 오버헤드 트라이셉스 익스텐션,OFI_GROUP,ELBOW_EXTENSION_TRICEPS,,LOCAL_REPEAT_DETECTION,0,1,MIGRATED_CURRENT_BEHAVIOR,ANALYSIS_CONTRACT_BASELINE_V1,,ex_eb636bac,analysis_contract_baseline_v1.csv; identity inheritance per final closeout
OFI_03072,ex_eb636bac,원암 케이블 오버헤드 트라이셉스 익스텐션,OFI_GROUP,ELBOW_EXTENSION_TRICEPS,,STRENGTH_COMPARISON,0,1,MIGRATED_CURRENT_BEHAVIOR,ANALYSIS_CONTRACT_BASELINE_V1,,ex_eb636bac,analysis_contract_baseline_v1.csv; identity inheritance per final closeout
OFI_03073,ex_eb636bac,원암 케이블 오버헤드 트라이셉스 익스텐션,OFI_GROUP,ELBOW_EXTENSION_TRICEPS,,WORKLOAD_BASELINE,0,1,MIGRATED_CURRENT_BEHAVIOR,ANALYSIS_CONTRACT_BASELINE_V1,,ex_eb636bac,analysis_contract_baseline_v1.csv; identity inheritance per final closeout
OFI_03074,ex_eb636bac,원암 케이블 오버헤드 트라이셉스 익스텐션,OFI_SCORE,HIGH_FORCE_NEURAL,,,21,1,MIGRATED_CURRENT_BEHAVIOR,ANALYSIS_CONTRACT_BASELINE_V1,,ex_eb636bac,analysis_contract_baseline_v1.csv; identity inheritance per final closeout
OFI_03075,ex_eb636bac,원암 케이블 오버헤드 트라이셉스 익스텐션,OFI_SCORE,HIGH_SPEED,,,21,1,MIGRATED_CURRENT_BEHAVIOR,ANALYSIS_CONTRACT_BASELINE_V1,,ex_eb636bac,analysis_contract_baseline_v1.csv; identity inheritance per final closeout
OFI_03076,ex_eb636bac,원암 케이블 오버헤드 트라이셉스 익스텐션,OFI_SCORE,LOCAL_MUSCULAR,,,73,1,MIGRATED_CURRENT_BEHAVIOR,ANALYSIS_CONTRACT_BASELINE_V1,,ex_eb636bac,analysis_contract_baseline_v1.csv; identity inheritance per final closeout
OFI_03077,ex_eb636bac,원암 케이블 오버헤드 트라이셉스 익스텐션,OFI_SCORE,REACTIVE,,,20,1,MIGRATED_CURRENT_BEHAVIOR,ANALYSIS_CONTRACT_BASELINE_V1,,ex_eb636bac,analysis_contract_baseline_v1.csv; identity inheritance per final closeout
OFI_03078,ex_eb636bac,원암 케이블 오버헤드 트라이셉스 익스텐션,OFI_SCORE,SYSTEMIC_MUSCULAR,,,14,1,MIGRATED_CURRENT_BEHAVIOR,ANALYSIS_CONTRACT_BASELINE_V1,,ex_eb636bac,analysis_contract_baseline_v1.csv; identity inheritance per final closeout
OFI_03079,ex_eb636bac,원암 케이블 오버헤드 트라이셉스 익스텐션,OFI_SNAPSHOT,SUMMARY,LOW,LOW,39,1,MIGRATED_CURRENT_BEHAVIOR,ANALYSIS_CONTRACT_BASELINE_V1,,ex_eb636bac,analysis_contract_baseline_v1.csv; identity inheritance per final closeout
OFI_03080,ex_ee378da7,스케이터 스쿼트,BADMINTON_FATIGUE_COST,VERY_HIGH,,,0,1,MIGRATED_CURRENT_BEHAVIOR,ANALYSIS_CONTRACT_BASELINE_V1,,ex_ee378da7,analysis_contract_baseline_v1.csv; identity inheritance per final closeout
OFI_03081,ex_ee378da7,스케이터 스쿼트,OFI_AXIS,HIGH_FORCE_NEURAL,,MEDIUM,17.1875,1,MIGRATED_CURRENT_BEHAVIOR,ANALYSIS_CONTRACT_BASELINE_V1,,ex_ee378da7,analysis_contract_baseline_v1.csv; identity inheritance per final closeout
OFI_03082,ex_ee378da7,스케이터 스쿼트,OFI_AXIS,HIGH_SPEED,,MEDIUM,70.125,1,MIGRATED_CURRENT_BEHAVIOR,ANALYSIS_CONTRACT_BASELINE_V1,,ex_ee378da7,analysis_contract_baseline_v1.csv; identity inheritance per final closeout
OFI_03083,ex_ee378da7,스케이터 스쿼트,OFI_AXIS,LOCAL_MUSCULAR,,MEDIUM,58.4375,1,MIGRATED_CURRENT_BEHAVIOR,ANALYSIS_CONTRACT_BASELINE_V1,,ex_ee378da7,analysis_contract_baseline_v1.csv; identity inheritance per final closeout
OFI_03084,ex_ee378da7,스케이터 스쿼트,OFI_AXIS,REACTIVE,,MEDIUM,63.75,1,MIGRATED_CURRENT_BEHAVIOR,ANALYSIS_CONTRACT_BASELINE_V1,,ex_ee378da7,analysis_contract_baseline_v1.csv; identity inheritance per final closeout
OFI_03085,ex_ee378da7,스케이터 스쿼트,OFI_AXIS,SYSTEMIC_MUSCULAR,,MEDIUM,29.21875,1,MIGRATED_CURRENT_BEHAVIOR,ANALYSIS_CONTRACT_BASELINE_V1,,ex_ee378da7,analysis_contract_baseline_v1.csv; identity inheritance per final closeout
OFI_03086,ex_ee378da7,스케이터 스쿼트,OFI_DOSE,VOLUME_LOAD,,THREE_CONFIRMED_SETS_20KG_8REPS_600SECONDS_RPE8,0,1,MIGRATED_CURRENT_BEHAVIOR,ANALYSIS_CONTRACT_BASELINE_V1,,ex_ee378da7,analysis_contract_baseline_v1.csv; identity inheritance per final closeout
OFI_03087,ex_ee378da7,스케이터 스쿼트,OFI_GROUP,SINGLE_LEG_SQUAT_STABILITY,,LOCAL_REPEAT_DETECTION,0,1,MIGRATED_CURRENT_BEHAVIOR,ANALYSIS_CONTRACT_BASELINE_V1,,ex_ee378da7,analysis_contract_baseline_v1.csv; identity inheritance per final closeout
OFI_03088,ex_ee378da7,스케이터 스쿼트,OFI_GROUP,SINGLE_LEG_SQUAT_STABILITY,,STRENGTH_COMPARISON,0,1,MIGRATED_CURRENT_BEHAVIOR,ANALYSIS_CONTRACT_BASELINE_V1,,ex_ee378da7,analysis_contract_baseline_v1.csv; identity inheritance per final closeout
OFI_03089,ex_ee378da7,스케이터 스쿼트,OFI_GROUP,SINGLE_LEG_SQUAT_STABILITY,,WORKLOAD_BASELINE,0,1,MIGRATED_CURRENT_BEHAVIOR,ANALYSIS_CONTRACT_BASELINE_V1,,ex_ee378da7,analysis_contract_baseline_v1.csv; identity inheritance per final closeout
OFI_03090,ex_ee378da7,스케이터 스쿼트,OFI_SCORE,HIGH_FORCE_NEURAL,,,21,1,MIGRATED_CURRENT_BEHAVIOR,ANALYSIS_CONTRACT_BASELINE_V1,,ex_ee378da7,analysis_contract_baseline_v1.csv; identity inheritance per final closeout
OFI_03091,ex_ee378da7,스케이터 스쿼트,OFI_SCORE,HIGH_SPEED,,,88,1,MIGRATED_CURRENT_BEHAVIOR,ANALYSIS_CONTRACT_BASELINE_V1,,ex_ee378da7,analysis_contract_baseline_v1.csv; identity inheritance per final closeout
OFI_03092,ex_ee378da7,스케이터 스쿼트,OFI_SCORE,LOCAL_MUSCULAR,,,73,1,MIGRATED_CURRENT_BEHAVIOR,ANALYSIS_CONTRACT_BASELINE_V1,,ex_ee378da7,analysis_contract_baseline_v1.csv; identity inheritance per final closeout
OFI_03093,ex_ee378da7,스케이터 스쿼트,OFI_SCORE,REACTIVE,,,80,1,MIGRATED_CURRENT_BEHAVIOR,ANALYSIS_CONTRACT_BASELINE_V1,,ex_ee378da7,analysis_contract_baseline_v1.csv; identity inheritance per final closeout
OFI_03094,ex_ee378da7,스케이터 스쿼트,OFI_SCORE,SYSTEMIC_MUSCULAR,,,37,1,MIGRATED_CURRENT_BEHAVIOR,ANALYSIS_CONTRACT_BASELINE_V1,,ex_ee378da7,analysis_contract_baseline_v1.csv; identity inheritance per final closeout
OFI_03095,ex_ee378da7,스케이터 스쿼트,OFI_SNAPSHOT,SUMMARY,NORMAL,LOW,74,1,MIGRATED_CURRENT_BEHAVIOR,ANALYSIS_CONTRACT_BASELINE_V1,,ex_ee378da7,analysis_contract_baseline_v1.csv; identity inheritance per final closeout
OFI_03096,ex_f1d31d3d,원레그 핵 스쿼트,BADMINTON_FATIGUE_COST,VERY_HIGH,,,0,1,MIGRATED_CURRENT_BEHAVIOR,ANALYSIS_CONTRACT_BASELINE_V1,,ex_f1d31d3d,analysis_contract_baseline_v1.csv; identity inheritance per final closeout
OFI_03097,ex_f1d31d3d,원레그 핵 스쿼트,OFI_AXIS,HIGH_FORCE_NEURAL,,LONG,79.0625,1,MIGRATED_CURRENT_BEHAVIOR,ANALYSIS_CONTRACT_BASELINE_V1,,ex_f1d31d3d,analysis_contract_baseline_v1.csv; identity inheritance per final closeout
OFI_03098,ex_f1d31d3d,원레그 핵 스쿼트,OFI_AXIS,HIGH_SPEED,,LONG,17.1875,1,MIGRATED_CURRENT_BEHAVIOR,ANALYSIS_CONTRACT_BASELINE_V1,,ex_f1d31d3d,analysis_contract_baseline_v1.csv; identity inheritance per final closeout
OFI_03099,ex_f1d31d3d,원레그 핵 스쿼트,OFI_AXIS,LOCAL_MUSCULAR,,LONG,58.4375,1,MIGRATED_CURRENT_BEHAVIOR,ANALYSIS_CONTRACT_BASELINE_V1,,ex_f1d31d3d,analysis_contract_baseline_v1.csv; identity inheritance per final closeout
OFI_03100,ex_f1d31d3d,원레그 핵 스쿼트,OFI_AXIS,REACTIVE,,LONG,15.625,1,MIGRATED_CURRENT_BEHAVIOR,ANALYSIS_CONTRACT_BASELINE_V1,,ex_f1d31d3d,analysis_contract_baseline_v1.csv; identity inheritance per final closeout
OFI_03101,ex_f1d31d3d,원레그 핵 스쿼트,OFI_AXIS,SYSTEMIC_MUSCULAR,,LONG,39.53125,1,MIGRATED_CURRENT_BEHAVIOR,ANALYSIS_CONTRACT_BASELINE_V1,,ex_f1d31d3d,analysis_contract_baseline_v1.csv; identity inheritance per final closeout
OFI_03102,ex_f1d31d3d,원레그 핵 스쿼트,OFI_DOSE,VOLUME_LOAD,,THREE_CONFIRMED_SETS_20KG_8REPS_600SECONDS_RPE8,0,1,MIGRATED_CURRENT_BEHAVIOR,ANALYSIS_CONTRACT_BASELINE_V1,,ex_f1d31d3d,analysis_contract_baseline_v1.csv; identity inheritance per final closeout
OFI_03103,ex_f1d31d3d,원레그 핵 스쿼트,OFI_GROUP,SQUAT_PATTERN_HEAVY_LOWER,,LOCAL_REPEAT_DETECTION,0,1,MIGRATED_CURRENT_BEHAVIOR,ANALYSIS_CONTRACT_BASELINE_V1,,ex_f1d31d3d,analysis_contract_baseline_v1.csv; identity inheritance per final closeout
OFI_03104,ex_f1d31d3d,원레그 핵 스쿼트,OFI_GROUP,SQUAT_PATTERN_HEAVY_LOWER,,STRENGTH_COMPARISON,0,1,MIGRATED_CURRENT_BEHAVIOR,ANALYSIS_CONTRACT_BASELINE_V1,,ex_f1d31d3d,analysis_contract_baseline_v1.csv; identity inheritance per final closeout
OFI_03105,ex_f1d31d3d,원레그 핵 스쿼트,OFI_GROUP,SQUAT_PATTERN_HEAVY_LOWER,,WORKLOAD_BASELINE,0,1,MIGRATED_CURRENT_BEHAVIOR,ANALYSIS_CONTRACT_BASELINE_V1,,ex_f1d31d3d,analysis_contract_baseline_v1.csv; identity inheritance per final closeout
OFI_03106,ex_f1d31d3d,원레그 핵 스쿼트,OFI_SCORE,HIGH_FORCE_NEURAL,,,99,1,MIGRATED_CURRENT_BEHAVIOR,ANALYSIS_CONTRACT_BASELINE_V1,,ex_f1d31d3d,analysis_contract_baseline_v1.csv; identity inheritance per final closeout
OFI_03107,ex_f1d31d3d,원레그 핵 스쿼트,OFI_SCORE,HIGH_SPEED,,,21,1,MIGRATED_CURRENT_BEHAVIOR,ANALYSIS_CONTRACT_BASELINE_V1,,ex_f1d31d3d,analysis_contract_baseline_v1.csv; identity inheritance per final closeout
OFI_03108,ex_f1d31d3d,원레그 핵 스쿼트,OFI_SCORE,LOCAL_MUSCULAR,,,73,1,MIGRATED_CURRENT_BEHAVIOR,ANALYSIS_CONTRACT_BASELINE_V1,,ex_f1d31d3d,analysis_contract_baseline_v1.csv; identity inheritance per final closeout
OFI_03109,ex_f1d31d3d,원레그 핵 스쿼트,OFI_SCORE,REACTIVE,,,20,1,MIGRATED_CURRENT_BEHAVIOR,ANALYSIS_CONTRACT_BASELINE_V1,,ex_f1d31d3d,analysis_contract_baseline_v1.csv; identity inheritance per final closeout
OFI_03110,ex_f1d31d3d,원레그 핵 스쿼트,OFI_SCORE,SYSTEMIC_MUSCULAR,,,49,1,MIGRATED_CURRENT_BEHAVIOR,ANALYSIS_CONTRACT_BASELINE_V1,,ex_f1d31d3d,analysis_contract_baseline_v1.csv; identity inheritance per final closeout
OFI_03111,ex_f1d31d3d,원레그 핵 스쿼트,OFI_SNAPSHOT,SUMMARY,NORMAL,LOW,70,1,MIGRATED_CURRENT_BEHAVIOR,ANALYSIS_CONTRACT_BASELINE_V1,,ex_f1d31d3d,analysis_contract_baseline_v1.csv; identity inheritance per final closeout
OFI_03112,ex_f2a79d37,스플릿 스쿼트,BADMINTON_FATIGUE_COST,VERY_HIGH,,,0,1,MIGRATED_CURRENT_BEHAVIOR,ANALYSIS_CONTRACT_BASELINE_V1,,ex_f2a79d37,analysis_contract_baseline_v1.csv; identity inheritance per final closeout
OFI_03113,ex_f2a79d37,스플릿 스쿼트,OFI_AXIS,HIGH_FORCE_NEURAL,,MEDIUM,37.8125,1,MIGRATED_CURRENT_BEHAVIOR,ANALYSIS_CONTRACT_BASELINE_V1,,ex_f2a79d37,analysis_contract_baseline_v1.csv; identity inheritance per final closeout
OFI_03114,ex_f2a79d37,스플릿 스쿼트,OFI_AXIS,HIGH_SPEED,,MEDIUM,70.125,1,MIGRATED_CURRENT_BEHAVIOR,ANALYSIS_CONTRACT_BASELINE_V1,,ex_f2a79d37,analysis_contract_baseline_v1.csv; identity inheritance per final closeout
OFI_03115,ex_f2a79d37,스플릿 스쿼트,OFI_AXIS,LOCAL_MUSCULAR,,MEDIUM,58.4375,1,MIGRATED_CURRENT_BEHAVIOR,ANALYSIS_CONTRACT_BASELINE_V1,,ex_f2a79d37,analysis_contract_baseline_v1.csv; identity inheritance per final closeout
OFI_03116,ex_f2a79d37,스플릿 스쿼트,OFI_AXIS,REACTIVE,,MEDIUM,63.75,1,MIGRATED_CURRENT_BEHAVIOR,ANALYSIS_CONTRACT_BASELINE_V1,,ex_f2a79d37,analysis_contract_baseline_v1.csv; identity inheritance per final closeout
OFI_03117,ex_f2a79d37,스플릿 스쿼트,OFI_AXIS,SYSTEMIC_MUSCULAR,,MEDIUM,34.375,1,MIGRATED_CURRENT_BEHAVIOR,ANALYSIS_CONTRACT_BASELINE_V1,,ex_f2a79d37,analysis_contract_baseline_v1.csv; identity inheritance per final closeout
OFI_03118,ex_f2a79d37,스플릿 스쿼트,OFI_DOSE,VOLUME_LOAD,,THREE_CONFIRMED_SETS_20KG_8REPS_600SECONDS_RPE8,0,1,MIGRATED_CURRENT_BEHAVIOR,ANALYSIS_CONTRACT_BASELINE_V1,,ex_f2a79d37,analysis_contract_baseline_v1.csv; identity inheritance per final closeout
OFI_03119,ex_f2a79d37,스플릿 스쿼트,OFI_GROUP,LUNGE_UNILATERAL_LOWER,,LOCAL_REPEAT_DETECTION,0,1,MIGRATED_CURRENT_BEHAVIOR,ANALYSIS_CONTRACT_BASELINE_V1,,ex_f2a79d37,analysis_contract_baseline_v1.csv; identity inheritance per final closeout
OFI_03120,ex_f2a79d37,스플릿 스쿼트,OFI_GROUP,LUNGE_UNILATERAL_LOWER,,STRENGTH_COMPARISON,0,1,MIGRATED_CURRENT_BEHAVIOR,ANALYSIS_CONTRACT_BASELINE_V1,,ex_f2a79d37,analysis_contract_baseline_v1.csv; identity inheritance per final closeout
OFI_03121,ex_f2a79d37,스플릿 스쿼트,OFI_GROUP,LUNGE_UNILATERAL_LOWER,,WORKLOAD_BASELINE,0,1,MIGRATED_CURRENT_BEHAVIOR,ANALYSIS_CONTRACT_BASELINE_V1,,ex_f2a79d37,analysis_contract_baseline_v1.csv; identity inheritance per final closeout
OFI_03122,ex_f2a79d37,스플릿 스쿼트,OFI_SCORE,HIGH_FORCE_NEURAL,,,47,1,MIGRATED_CURRENT_BEHAVIOR,ANALYSIS_CONTRACT_BASELINE_V1,,ex_f2a79d37,analysis_contract_baseline_v1.csv; identity inheritance per final closeout
OFI_03123,ex_f2a79d37,스플릿 스쿼트,OFI_SCORE,HIGH_SPEED,,,88,1,MIGRATED_CURRENT_BEHAVIOR,ANALYSIS_CONTRACT_BASELINE_V1,,ex_f2a79d37,analysis_contract_baseline_v1.csv; identity inheritance per final closeout
OFI_03124,ex_f2a79d37,스플릿 스쿼트,OFI_SCORE,LOCAL_MUSCULAR,,,73,1,MIGRATED_CURRENT_BEHAVIOR,ANALYSIS_CONTRACT_BASELINE_V1,,ex_f2a79d37,analysis_contract_baseline_v1.csv; identity inheritance per final closeout
OFI_03125,ex_f2a79d37,스플릿 스쿼트,OFI_SCORE,REACTIVE,,,80,1,MIGRATED_CURRENT_BEHAVIOR,ANALYSIS_CONTRACT_BASELINE_V1,,ex_f2a79d37,analysis_contract_baseline_v1.csv; identity inheritance per final closeout
OFI_03126,ex_f2a79d37,스플릿 스쿼트,OFI_SCORE,SYSTEMIC_MUSCULAR,,,43,1,MIGRATED_CURRENT_BEHAVIOR,ANALYSIS_CONTRACT_BASELINE_V1,,ex_f2a79d37,analysis_contract_baseline_v1.csv; identity inheritance per final closeout
OFI_03127,ex_f2a79d37,스플릿 스쿼트,OFI_SNAPSHOT,SUMMARY,ELEVATED,LOW,77,1,MIGRATED_CURRENT_BEHAVIOR,ANALYSIS_CONTRACT_BASELINE_V1,,ex_f2a79d37,analysis_contract_baseline_v1.csv; identity inheritance per final closeout
OFI_03128,ex_f332aeab,월 드라이브,BADMINTON_FATIGUE_COST,HIGH,,,0,1,MIGRATED_CURRENT_BEHAVIOR,ANALYSIS_CONTRACT_BASELINE_V1,,ex_f332aeab,analysis_contract_baseline_v1.csv; identity inheritance per final closeout
OFI_03129,ex_f332aeab,월 드라이브,OFI_AXIS,HIGH_FORCE_NEURAL,,MEDIUM,17.1875,1,MIGRATED_CURRENT_BEHAVIOR,ANALYSIS_CONTRACT_BASELINE_V1,,ex_f332aeab,analysis_contract_baseline_v1.csv; identity inheritance per final closeout
OFI_03130,ex_f332aeab,월 드라이브,OFI_AXIS,HIGH_SPEED,,MEDIUM,85.9375,1,MIGRATED_CURRENT_BEHAVIOR,ANALYSIS_CONTRACT_BASELINE_V1,,ex_f332aeab,analysis_contract_baseline_v1.csv; identity inheritance per final closeout
OFI_03131,ex_f332aeab,월 드라이브,OFI_AXIS,LOCAL_MUSCULAR,,MEDIUM,37.8125,1,MIGRATED_CURRENT_BEHAVIOR,ANALYSIS_CONTRACT_BASELINE_V1,,ex_f332aeab,analysis_contract_baseline_v1.csv; identity inheritance per final closeout
OFI_03132,ex_f332aeab,월 드라이브,OFI_AXIS,REACTIVE,,MEDIUM,15.625,1,MIGRATED_CURRENT_BEHAVIOR,ANALYSIS_CONTRACT_BASELINE_V1,,ex_f332aeab,analysis_contract_baseline_v1.csv; identity inheritance per final closeout
OFI_03133,ex_f332aeab,월 드라이브,OFI_AXIS,SYSTEMIC_MUSCULAR,,MEDIUM,34.375,1,MIGRATED_CURRENT_BEHAVIOR,ANALYSIS_CONTRACT_BASELINE_V1,,ex_f332aeab,analysis_contract_baseline_v1.csv; identity inheritance per final closeout
OFI_03134,ex_f332aeab,월 드라이브,OFI_CAUTION,HIGH_SPEED_CAUTION,,,0,1,MIGRATED_CURRENT_BEHAVIOR,ANALYSIS_CONTRACT_BASELINE_V1,,ex_f332aeab,analysis_contract_baseline_v1.csv; identity inheritance per final closeout
OFI_03135,ex_f332aeab,월 드라이브,OFI_DOSE,QUALITY_BASED,,THREE_CONFIRMED_SETS_20KG_8REPS_600SECONDS_RPE8,0,1,MIGRATED_CURRENT_BEHAVIOR,ANALYSIS_CONTRACT_BASELINE_V1,,ex_f332aeab,analysis_contract_baseline_v1.csv; identity inheritance per final closeout
OFI_03136,ex_f332aeab,월 드라이브,OFI_GROUP,NOT_APPLICABLE,,STRENGTH_COMPARISON,0,1,MIGRATED_CURRENT_BEHAVIOR,ANALYSIS_CONTRACT_BASELINE_V1,,ex_f332aeab,analysis_contract_baseline_v1.csv; identity inheritance per final closeout
OFI_03137,ex_f332aeab,월 드라이브,OFI_GROUP,NOT_APPLICABLE,,WORKLOAD_BASELINE,0,1,MIGRATED_CURRENT_BEHAVIOR,ANALYSIS_CONTRACT_BASELINE_V1,,ex_f332aeab,analysis_contract_baseline_v1.csv; identity inheritance per final closeout
OFI_03138,ex_f332aeab,월 드라이브,OFI_GROUP,RUNNING_MECHANICS_SUPPORT,,LOCAL_REPEAT_DETECTION,0,1,MIGRATED_CURRENT_BEHAVIOR,ANALYSIS_CONTRACT_BASELINE_V1,,ex_f332aeab,analysis_contract_baseline_v1.csv; identity inheritance per final closeout
OFI_03139,ex_f332aeab,월 드라이브,OFI_SCORE,HIGH_FORCE_NEURAL,,,21,1,MIGRATED_CURRENT_BEHAVIOR,ANALYSIS_CONTRACT_BASELINE_V1,,ex_f332aeab,analysis_contract_baseline_v1.csv; identity inheritance per final closeout
OFI_03140,ex_f332aeab,월 드라이브,OFI_SCORE,HIGH_SPEED,,,100,1,MIGRATED_CURRENT_BEHAVIOR,ANALYSIS_CONTRACT_BASELINE_V1,,ex_f332aeab,analysis_contract_baseline_v1.csv; identity inheritance per final closeout
OFI_03141,ex_f332aeab,월 드라이브,OFI_SCORE,LOCAL_MUSCULAR,,,47,1,MIGRATED_CURRENT_BEHAVIOR,ANALYSIS_CONTRACT_BASELINE_V1,,ex_f332aeab,analysis_contract_baseline_v1.csv; identity inheritance per final closeout
OFI_03142,ex_f332aeab,월 드라이브,OFI_SCORE,REACTIVE,,,20,1,MIGRATED_CURRENT_BEHAVIOR,ANALYSIS_CONTRACT_BASELINE_V1,,ex_f332aeab,analysis_contract_baseline_v1.csv; identity inheritance per final closeout
OFI_03143,ex_f332aeab,월 드라이브,OFI_SCORE,SYSTEMIC_MUSCULAR,,,43,1,MIGRATED_CURRENT_BEHAVIOR,ANALYSIS_CONTRACT_BASELINE_V1,,ex_f332aeab,analysis_contract_baseline_v1.csv; identity inheritance per final closeout
OFI_03144,ex_f332aeab,월 드라이브,OFI_SNAPSHOT,SUMMARY,NORMAL,LOW,68,1,MIGRATED_CURRENT_BEHAVIOR,ANALYSIS_CONTRACT_BASELINE_V1,,ex_f332aeab,analysis_contract_baseline_v1.csv; identity inheritance per final closeout
OFI_03145,ex_f459ad2a,메도우즈 로우,BADMINTON_FATIGUE_COST,VERY_HIGH,,,0,1,MIGRATED_CURRENT_BEHAVIOR,ANALYSIS_CONTRACT_BASELINE_V1,,ex_f459ad2a,analysis_contract_baseline_v1.csv; identity inheritance per final closeout
OFI_03146,ex_f459ad2a,메도우즈 로우,OFI_AXIS,HIGH_FORCE_NEURAL,,MEDIUM,37.8125,1,MIGRATED_CURRENT_BEHAVIOR,ANALYSIS_CONTRACT_BASELINE_V1,,ex_f459ad2a,analysis_contract_baseline_v1.csv; identity inheritance per final closeout
OFI_03147,ex_f459ad2a,메도우즈 로우,OFI_AXIS,HIGH_SPEED,,MEDIUM,17.1875,1,MIGRATED_CURRENT_BEHAVIOR,ANALYSIS_CONTRACT_BASELINE_V1,,ex_f459ad2a,analysis_contract_baseline_v1.csv; identity inheritance per final closeout
OFI_03148,ex_f459ad2a,메도우즈 로우,OFI_AXIS,LOCAL_MUSCULAR,,MEDIUM,58.4375,1,MIGRATED_CURRENT_BEHAVIOR,ANALYSIS_CONTRACT_BASELINE_V1,,ex_f459ad2a,analysis_contract_baseline_v1.csv; identity inheritance per final closeout
OFI_03149,ex_f459ad2a,메도우즈 로우,OFI_AXIS,REACTIVE,,MEDIUM,15.625,1,MIGRATED_CURRENT_BEHAVIOR,ANALYSIS_CONTRACT_BASELINE_V1,,ex_f459ad2a,analysis_contract_baseline_v1.csv; identity inheritance per final closeout
OFI_03150,ex_f459ad2a,메도우즈 로우,OFI_AXIS,SYSTEMIC_MUSCULAR,,MEDIUM,34.375,1,MIGRATED_CURRENT_BEHAVIOR,ANALYSIS_CONTRACT_BASELINE_V1,,ex_f459ad2a,analysis_contract_baseline_v1.csv; identity inheritance per final closeout
OFI_03151,ex_f459ad2a,메도우즈 로우,OFI_DOSE,VOLUME_LOAD,,THREE_CONFIRMED_SETS_20KG_8REPS_600SECONDS_RPE8,0,1,MIGRATED_CURRENT_BEHAVIOR,ANALYSIS_CONTRACT_BASELINE_V1,,ex_f459ad2a,analysis_contract_baseline_v1.csv; identity inheritance per final closeout
OFI_03152,ex_f459ad2a,메도우즈 로우,OFI_GROUP,HORIZONTAL_PULL_COMPOUND,,LOCAL_REPEAT_DETECTION,0,1,MIGRATED_CURRENT_BEHAVIOR,ANALYSIS_CONTRACT_BASELINE_V1,,ex_f459ad2a,analysis_contract_baseline_v1.csv; identity inheritance per final closeout
OFI_03153,ex_f459ad2a,메도우즈 로우,OFI_GROUP,HORIZONTAL_PULL_COMPOUND,,STRENGTH_COMPARISON,0,1,MIGRATED_CURRENT_BEHAVIOR,ANALYSIS_CONTRACT_BASELINE_V1,,ex_f459ad2a,analysis_contract_baseline_v1.csv; identity inheritance per final closeout
OFI_03154,ex_f459ad2a,메도우즈 로우,OFI_GROUP,HORIZONTAL_PULL_COMPOUND,,WORKLOAD_BASELINE,0,1,MIGRATED_CURRENT_BEHAVIOR,ANALYSIS_CONTRACT_BASELINE_V1,,ex_f459ad2a,analysis_contract_baseline_v1.csv; identity inheritance per final closeout
OFI_03155,ex_f459ad2a,메도우즈 로우,OFI_SCORE,HIGH_FORCE_NEURAL,,,47,1,MIGRATED_CURRENT_BEHAVIOR,ANALYSIS_CONTRACT_BASELINE_V1,,ex_f459ad2a,analysis_contract_baseline_v1.csv; identity inheritance per final closeout
OFI_03156,ex_f459ad2a,메도우즈 로우,OFI_SCORE,HIGH_SPEED,,,21,1,MIGRATED_CURRENT_BEHAVIOR,ANALYSIS_CONTRACT_BASELINE_V1,,ex_f459ad2a,analysis_contract_baseline_v1.csv; identity inheritance per final closeout
OFI_03157,ex_f459ad2a,메도우즈 로우,OFI_SCORE,LOCAL_MUSCULAR,,,73,1,MIGRATED_CURRENT_BEHAVIOR,ANALYSIS_CONTRACT_BASELINE_V1,,ex_f459ad2a,analysis_contract_baseline_v1.csv; identity inheritance per final closeout
OFI_03158,ex_f459ad2a,메도우즈 로우,OFI_SCORE,REACTIVE,,,20,1,MIGRATED_CURRENT_BEHAVIOR,ANALYSIS_CONTRACT_BASELINE_V1,,ex_f459ad2a,analysis_contract_baseline_v1.csv; identity inheritance per final closeout
OFI_03159,ex_f459ad2a,메도우즈 로우,OFI_SCORE,SYSTEMIC_MUSCULAR,,,43,1,MIGRATED_CURRENT_BEHAVIOR,ANALYSIS_CONTRACT_BASELINE_V1,,ex_f459ad2a,analysis_contract_baseline_v1.csv; identity inheritance per final closeout
OFI_03160,ex_f459ad2a,메도우즈 로우,OFI_SNAPSHOT,SUMMARY,NORMAL,LOW,44,1,MIGRATED_CURRENT_BEHAVIOR,ANALYSIS_CONTRACT_BASELINE_V1,,ex_f459ad2a,analysis_contract_baseline_v1.csv; identity inheritance per final closeout
OFI_03161,ex_f6703b06,덤벨 프로네이션/수피네이션,BADMINTON_FATIGUE_COST,MEDIUM,,,0,1,MIGRATED_CURRENT_BEHAVIOR,ANALYSIS_CONTRACT_BASELINE_V1,,ex_f6703b06,analysis_contract_baseline_v1.csv; identity inheritance per final closeout
OFI_03162,ex_f6703b06,덤벨 프로네이션/수피네이션,OFI_AXIS,HIGH_FORCE_NEURAL,,SHORT,17.1875,1,MIGRATED_CURRENT_BEHAVIOR,ANALYSIS_CONTRACT_BASELINE_V1,,ex_f6703b06,analysis_contract_baseline_v1.csv; identity inheritance per final closeout
OFI_03163,ex_f6703b06,덤벨 프로네이션/수피네이션,OFI_AXIS,HIGH_SPEED,,SHORT,17.1875,1,MIGRATED_CURRENT_BEHAVIOR,ANALYSIS_CONTRACT_BASELINE_V1,,ex_f6703b06,analysis_contract_baseline_v1.csv; identity inheritance per final closeout
OFI_03164,ex_f6703b06,덤벨 프로네이션/수피네이션,OFI_AXIS,LOCAL_MUSCULAR,,SHORT,58.4375,1,MIGRATED_CURRENT_BEHAVIOR,ANALYSIS_CONTRACT_BASELINE_V1,,ex_f6703b06,analysis_contract_baseline_v1.csv; identity inheritance per final closeout
OFI_03165,ex_f6703b06,덤벨 프로네이션/수피네이션,OFI_AXIS,REACTIVE,,SHORT,15.625,1,MIGRATED_CURRENT_BEHAVIOR,ANALYSIS_CONTRACT_BASELINE_V1,,ex_f6703b06,analysis_contract_baseline_v1.csv; identity inheritance per final closeout
OFI_03166,ex_f6703b06,덤벨 프로네이션/수피네이션,OFI_AXIS,SYSTEMIC_MUSCULAR,,SHORT,13.28125,1,MIGRATED_CURRENT_BEHAVIOR,ANALYSIS_CONTRACT_BASELINE_V1,,ex_f6703b06,analysis_contract_baseline_v1.csv; identity inheritance per final closeout
OFI_03167,ex_f6703b06,덤벨 프로네이션/수피네이션,OFI_DOSE,LOAD_REPS,,THREE_CONFIRMED_SETS_20KG_8REPS_600SECONDS_RPE8,0,1,MIGRATED_CURRENT_BEHAVIOR,ANALYSIS_CONTRACT_BASELINE_V1,,ex_f6703b06,analysis_contract_baseline_v1.csv; identity inheritance per final closeout
OFI_03168,ex_f6703b06,덤벨 프로네이션/수피네이션,OFI_GROUP,FOREARM_WRIST_GRIP_ACCESSORY,,LOCAL_REPEAT_DETECTION,0,1,MIGRATED_CURRENT_BEHAVIOR,ANALYSIS_CONTRACT_BASELINE_V1,,ex_f6703b06,analysis_contract_baseline_v1.csv; identity inheritance per final closeout
OFI_03169,ex_f6703b06,덤벨 프로네이션/수피네이션,OFI_GROUP,FOREARM_WRIST_GRIP_ACCESSORY,,STRENGTH_COMPARISON,0,1,MIGRATED_CURRENT_BEHAVIOR,ANALYSIS_CONTRACT_BASELINE_V1,,ex_f6703b06,analysis_contract_baseline_v1.csv; identity inheritance per final closeout
OFI_03170,ex_f6703b06,덤벨 프로네이션/수피네이션,OFI_GROUP,FOREARM_WRIST_GRIP_ACCESSORY,,WORKLOAD_BASELINE,0,1,MIGRATED_CURRENT_BEHAVIOR,ANALYSIS_CONTRACT_BASELINE_V1,,ex_f6703b06,analysis_contract_baseline_v1.csv; identity inheritance per final closeout
OFI_03171,ex_f6703b06,덤벨 프로네이션/수피네이션,OFI_SCORE,HIGH_FORCE_NEURAL,,,21,1,MIGRATED_CURRENT_BEHAVIOR,ANALYSIS_CONTRACT_BASELINE_V1,,ex_f6703b06,analysis_contract_baseline_v1.csv; identity inheritance per final closeout
OFI_03172,ex_f6703b06,덤벨 프로네이션/수피네이션,OFI_SCORE,HIGH_SPEED,,,21,1,MIGRATED_CURRENT_BEHAVIOR,ANALYSIS_CONTRACT_BASELINE_V1,,ex_f6703b06,analysis_contract_baseline_v1.csv; identity inheritance per final closeout
OFI_03173,ex_f6703b06,덤벨 프로네이션/수피네이션,OFI_SCORE,LOCAL_MUSCULAR,,,73,1,MIGRATED_CURRENT_BEHAVIOR,ANALYSIS_CONTRACT_BASELINE_V1,,ex_f6703b06,analysis_contract_baseline_v1.csv; identity inheritance per final closeout
OFI_03174,ex_f6703b06,덤벨 프로네이션/수피네이션,OFI_SCORE,REACTIVE,,,20,1,MIGRATED_CURRENT_BEHAVIOR,ANALYSIS_CONTRACT_BASELINE_V1,,ex_f6703b06,analysis_contract_baseline_v1.csv; identity inheritance per final closeout
OFI_03175,ex_f6703b06,덤벨 프로네이션/수피네이션,OFI_SCORE,SYSTEMIC_MUSCULAR,,,17,1,MIGRATED_CURRENT_BEHAVIOR,ANALYSIS_CONTRACT_BASELINE_V1,,ex_f6703b06,analysis_contract_baseline_v1.csv; identity inheritance per final closeout
OFI_03176,ex_f6703b06,덤벨 프로네이션/수피네이션,OFI_SNAPSHOT,SUMMARY,LOW,LOW,39,1,MIGRATED_CURRENT_BEHAVIOR,ANALYSIS_CONTRACT_BASELINE_V1,,ex_f6703b06,analysis_contract_baseline_v1.csv; identity inheritance per final closeout
OFI_03177,ex_f6d43398,사이드 플랭크,BADMINTON_FATIGUE_COST,MEDIUM,,,0,1,MIGRATED_CURRENT_BEHAVIOR,ANALYSIS_CONTRACT_BASELINE_V1,,ex_f6d43398,analysis_contract_baseline_v1.csv; identity inheritance per final closeout
OFI_03178,ex_f6d43398,사이드 플랭크,OFI_AXIS,HIGH_FORCE_NEURAL,,SHORT,17.1875,1,MIGRATED_CURRENT_BEHAVIOR,ANALYSIS_CONTRACT_BASELINE_V1,,ex_f6d43398,analysis_contract_baseline_v1.csv; identity inheritance per final closeout
OFI_03179,ex_f6d43398,사이드 플랭크,OFI_AXIS,HIGH_SPEED,,SHORT,17.1875,1,MIGRATED_CURRENT_BEHAVIOR,ANALYSIS_CONTRACT_BASELINE_V1,,ex_f6d43398,analysis_contract_baseline_v1.csv; identity inheritance per final closeout
OFI_03180,ex_f6d43398,사이드 플랭크,OFI_AXIS,LOCAL_MUSCULAR,,SHORT,37.8125,1,MIGRATED_CURRENT_BEHAVIOR,ANALYSIS_CONTRACT_BASELINE_V1,,ex_f6d43398,analysis_contract_baseline_v1.csv; identity inheritance per final closeout
OFI_03181,ex_f6d43398,사이드 플랭크,OFI_AXIS,REACTIVE,,SHORT,63.75,1,MIGRATED_CURRENT_BEHAVIOR,ANALYSIS_CONTRACT_BASELINE_V1,,ex_f6d43398,analysis_contract_baseline_v1.csv; identity inheritance per final closeout
OFI_03182,ex_f6d43398,사이드 플랭크,OFI_AXIS,SYSTEMIC_MUSCULAR,,SHORT,13.28125,1,MIGRATED_CURRENT_BEHAVIOR,ANALYSIS_CONTRACT_BASELINE_V1,,ex_f6d43398,analysis_contract_baseline_v1.csv; identity inheritance per final closeout
OFI_03183,ex_f6d43398,사이드 플랭크,OFI_DOSE,REPS_OR_TIME,,THREE_CONFIRMED_SETS_20KG_8REPS_600SECONDS_RPE8,0,1,MIGRATED_CURRENT_BEHAVIOR,ANALYSIS_CONTRACT_BASELINE_V1,,ex_f6d43398,analysis_contract_baseline_v1.csv; identity inheritance per final closeout
OFI_03184,ex_f6d43398,사이드 플랭크,OFI_GROUP,CORE_BRACING_CONTROL,,LOCAL_REPEAT_DETECTION,0,1,MIGRATED_CURRENT_BEHAVIOR,ANALYSIS_CONTRACT_BASELINE_V1,,ex_f6d43398,analysis_contract_baseline_v1.csv; identity inheritance per final closeout
OFI_03185,ex_f6d43398,사이드 플랭크,OFI_GROUP,CORE_BRACING_CONTROL,,STRENGTH_COMPARISON,0,1,MIGRATED_CURRENT_BEHAVIOR,ANALYSIS_CONTRACT_BASELINE_V1,,ex_f6d43398,analysis_contract_baseline_v1.csv; identity inheritance per final closeout
OFI_03186,ex_f6d43398,사이드 플랭크,OFI_GROUP,CORE_BRACING_CONTROL,,WORKLOAD_BASELINE,0,1,MIGRATED_CURRENT_BEHAVIOR,ANALYSIS_CONTRACT_BASELINE_V1,,ex_f6d43398,analysis_contract_baseline_v1.csv; identity inheritance per final closeout
OFI_03187,ex_f6d43398,사이드 플랭크,OFI_SCORE,HIGH_FORCE_NEURAL,,,21,1,MIGRATED_CURRENT_BEHAVIOR,ANALYSIS_CONTRACT_BASELINE_V1,,ex_f6d43398,analysis_contract_baseline_v1.csv; identity inheritance per final closeout
OFI_03188,ex_f6d43398,사이드 플랭크,OFI_SCORE,HIGH_SPEED,,,21,1,MIGRATED_CURRENT_BEHAVIOR,ANALYSIS_CONTRACT_BASELINE_V1,,ex_f6d43398,analysis_contract_baseline_v1.csv; identity inheritance per final closeout
OFI_03189,ex_f6d43398,사이드 플랭크,OFI_SCORE,LOCAL_MUSCULAR,,,47,1,MIGRATED_CURRENT_BEHAVIOR,ANALYSIS_CONTRACT_BASELINE_V1,,ex_f6d43398,analysis_contract_baseline_v1.csv; identity inheritance per final closeout
OFI_03190,ex_f6d43398,사이드 플랭크,OFI_SCORE,REACTIVE,,,80,1,MIGRATED_CURRENT_BEHAVIOR,ANALYSIS_CONTRACT_BASELINE_V1,,ex_f6d43398,analysis_contract_baseline_v1.csv; identity inheritance per final closeout
OFI_03191,ex_f6d43398,사이드 플랭크,OFI_SCORE,SYSTEMIC_MUSCULAR,,,17,1,MIGRATED_CURRENT_BEHAVIOR,ANALYSIS_CONTRACT_BASELINE_V1,,ex_f6d43398,analysis_contract_baseline_v1.csv; identity inheritance per final closeout
OFI_03192,ex_f6d43398,사이드 플랭크,OFI_SNAPSHOT,SUMMARY,NORMAL,LOW,57,1,MIGRATED_CURRENT_BEHAVIOR,ANALYSIS_CONTRACT_BASELINE_V1,,ex_f6d43398,analysis_contract_baseline_v1.csv; identity inheritance per final closeout
OFI_03193,ex_f97a05ab,월 슬라이드,BADMINTON_FATIGUE_COST,MEDIUM,,,0,1,MIGRATED_CURRENT_BEHAVIOR,ANALYSIS_CONTRACT_BASELINE_V1,,ex_f97a05ab,analysis_contract_baseline_v1.csv; identity inheritance per final closeout
OFI_03194,ex_f97a05ab,월 슬라이드,OFI_AXIS,HIGH_FORCE_NEURAL,,SHORT,8.59375,1,MIGRATED_CURRENT_BEHAVIOR,ANALYSIS_CONTRACT_BASELINE_V1,,ex_f97a05ab,analysis_contract_baseline_v1.csv; identity inheritance per final closeout
OFI_03195,ex_f97a05ab,월 슬라이드,OFI_AXIS,HIGH_SPEED,,SHORT,8.59375,1,MIGRATED_CURRENT_BEHAVIOR,ANALYSIS_CONTRACT_BASELINE_V1,,ex_f97a05ab,analysis_contract_baseline_v1.csv; identity inheritance per final closeout
OFI_03196,ex_f97a05ab,월 슬라이드,OFI_AXIS,LOCAL_MUSCULAR,,SHORT,37.8125,1,MIGRATED_CURRENT_BEHAVIOR,ANALYSIS_CONTRACT_BASELINE_V1,,ex_f97a05ab,analysis_contract_baseline_v1.csv; identity inheritance per final closeout
OFI_03197,ex_f97a05ab,월 슬라이드,OFI_AXIS,REACTIVE,,SHORT,7.8125,1,MIGRATED_CURRENT_BEHAVIOR,ANALYSIS_CONTRACT_BASELINE_V1,,ex_f97a05ab,analysis_contract_baseline_v1.csv; identity inheritance per final closeout
OFI_03198,ex_f97a05ab,월 슬라이드,OFI_AXIS,SYSTEMIC_MUSCULAR,,SHORT,15.625,1,MIGRATED_CURRENT_BEHAVIOR,ANALYSIS_CONTRACT_BASELINE_V1,,ex_f97a05ab,analysis_contract_baseline_v1.csv; identity inheritance per final closeout
OFI_03199,ex_f97a05ab,월 슬라이드,OFI_DOSE,QUALITY_BASED,,THREE_CONFIRMED_SETS_20KG_8REPS_600SECONDS_RPE8,0,1,MIGRATED_CURRENT_BEHAVIOR,ANALYSIS_CONTRACT_BASELINE_V1,,ex_f97a05ab,analysis_contract_baseline_v1.csv; identity inheritance per final closeout
OFI_03200,ex_f97a05ab,월 슬라이드,OFI_GROUP,NOT_APPLICABLE,,STRENGTH_COMPARISON,0,1,MIGRATED_CURRENT_BEHAVIOR,ANALYSIS_CONTRACT_BASELINE_V1,,ex_f97a05ab,analysis_contract_baseline_v1.csv; identity inheritance per final closeout
OFI_03201,ex_f97a05ab,월 슬라이드,OFI_GROUP,NOT_APPLICABLE,,WORKLOAD_BASELINE,0,1,MIGRATED_CURRENT_BEHAVIOR,ANALYSIS_CONTRACT_BASELINE_V1,,ex_f97a05ab,analysis_contract_baseline_v1.csv; identity inheritance per final closeout
OFI_03202,ex_f97a05ab,월 슬라이드,OFI_GROUP,SCAPULAR_UPWARD_ROTATION_CONTROL,,LOCAL_REPEAT_DETECTION,0,1,MIGRATED_CURRENT_BEHAVIOR,ANALYSIS_CONTRACT_BASELINE_V1,,ex_f97a05ab,analysis_contract_baseline_v1.csv; identity inheritance per final closeout
OFI_03203,ex_f97a05ab,월 슬라이드,OFI_SCORE,HIGH_FORCE_NEURAL,,,11,1,MIGRATED_CURRENT_BEHAVIOR,ANALYSIS_CONTRACT_BASELINE_V1,,ex_f97a05ab,analysis_contract_baseline_v1.csv; identity inheritance per final closeout
OFI_03204,ex_f97a05ab,월 슬라이드,OFI_SCORE,HIGH_SPEED,,,11,1,MIGRATED_CURRENT_BEHAVIOR,ANALYSIS_CONTRACT_BASELINE_V1,,ex_f97a05ab,analysis_contract_baseline_v1.csv; identity inheritance per final closeout
OFI_03205,ex_f97a05ab,월 슬라이드,OFI_SCORE,LOCAL_MUSCULAR,,,47,1,MIGRATED_CURRENT_BEHAVIOR,ANALYSIS_CONTRACT_BASELINE_V1,,ex_f97a05ab,analysis_contract_baseline_v1.csv; identity inheritance per final closeout
OFI_03206,ex_f97a05ab,월 슬라이드,OFI_SCORE,REACTIVE,,,10,1,MIGRATED_CURRENT_BEHAVIOR,ANALYSIS_CONTRACT_BASELINE_V1,,ex_f97a05ab,analysis_contract_baseline_v1.csv; identity inheritance per final closeout
OFI_03207,ex_f97a05ab,월 슬라이드,OFI_SCORE,SYSTEMIC_MUSCULAR,,,20,1,MIGRATED_CURRENT_BEHAVIOR,ANALYSIS_CONTRACT_BASELINE_V1,,ex_f97a05ab,analysis_contract_baseline_v1.csv; identity inheritance per final closeout
OFI_03208,ex_f97a05ab,월 슬라이드,OFI_SNAPSHOT,SUMMARY,LOW,LOW,25,1,MIGRATED_CURRENT_BEHAVIOR,ANALYSIS_CONTRACT_BASELINE_V1,,ex_f97a05ab,analysis_contract_baseline_v1.csv; identity inheritance per final closeout
OFI_03209,ex_fa2e73b3,핸드스탠드 푸시업,BADMINTON_FATIGUE_COST,MEDIUM,,,0,1,MIGRATED_CURRENT_BEHAVIOR,ANALYSIS_CONTRACT_BASELINE_V1,,ex_fa2e73b3,analysis_contract_baseline_v1.csv; identity inheritance per final closeout
OFI_03210,ex_fa2e73b3,핸드스탠드 푸시업,OFI_AXIS,HIGH_FORCE_NEURAL,,MEDIUM,17.1875,1,MIGRATED_CURRENT_BEHAVIOR,ANALYSIS_CONTRACT_BASELINE_V1,,ex_fa2e73b3,analysis_contract_baseline_v1.csv; identity inheritance per final closeout
OFI_03211,ex_fa2e73b3,핸드스탠드 푸시업,OFI_AXIS,HIGH_SPEED,,MEDIUM,17.1875,1,MIGRATED_CURRENT_BEHAVIOR,ANALYSIS_CONTRACT_BASELINE_V1,,ex_fa2e73b3,analysis_contract_baseline_v1.csv; identity inheritance per final closeout
OFI_03212,ex_fa2e73b3,핸드스탠드 푸시업,OFI_AXIS,LOCAL_MUSCULAR,,MEDIUM,58.4375,1,MIGRATED_CURRENT_BEHAVIOR,ANALYSIS_CONTRACT_BASELINE_V1,,ex_fa2e73b3,analysis_contract_baseline_v1.csv; identity inheritance per final closeout
OFI_03213,ex_fa2e73b3,핸드스탠드 푸시업,OFI_AXIS,REACTIVE,,MEDIUM,15.625,1,MIGRATED_CURRENT_BEHAVIOR,ANALYSIS_CONTRACT_BASELINE_V1,,ex_fa2e73b3,analysis_contract_baseline_v1.csv; identity inheritance per final closeout
OFI_03214,ex_fa2e73b3,핸드스탠드 푸시업,OFI_AXIS,SYSTEMIC_MUSCULAR,,MEDIUM,34.375,1,MIGRATED_CURRENT_BEHAVIOR,ANALYSIS_CONTRACT_BASELINE_V1,,ex_fa2e73b3,analysis_contract_baseline_v1.csv; identity inheritance per final closeout
OFI_03215,ex_fa2e73b3,핸드스탠드 푸시업,OFI_DOSE,VOLUME_LOAD,,THREE_CONFIRMED_SETS_20KG_8REPS_600SECONDS_RPE8,0,1,MIGRATED_CURRENT_BEHAVIOR,ANALYSIS_CONTRACT_BASELINE_V1,,ex_fa2e73b3,analysis_contract_baseline_v1.csv; identity inheritance per final closeout
OFI_03216,ex_fa2e73b3,핸드스탠드 푸시업,OFI_GROUP,HANDSTAND_VERTICAL_PUSH,,LOCAL_REPEAT_DETECTION,0,1,MIGRATED_CURRENT_BEHAVIOR,ANALYSIS_CONTRACT_BASELINE_V1,,ex_fa2e73b3,analysis_contract_baseline_v1.csv; identity inheritance per final closeout
OFI_03217,ex_fa2e73b3,핸드스탠드 푸시업,OFI_GROUP,HANDSTAND_VERTICAL_PUSH,,STRENGTH_COMPARISON,0,1,MIGRATED_CURRENT_BEHAVIOR,ANALYSIS_CONTRACT_BASELINE_V1,,ex_fa2e73b3,analysis_contract_baseline_v1.csv; identity inheritance per final closeout
OFI_03218,ex_fa2e73b3,핸드스탠드 푸시업,OFI_GROUP,HANDSTAND_VERTICAL_PUSH,,WORKLOAD_BASELINE,0,1,MIGRATED_CURRENT_BEHAVIOR,ANALYSIS_CONTRACT_BASELINE_V1,,ex_fa2e73b3,analysis_contract_baseline_v1.csv; identity inheritance per final closeout
OFI_03219,ex_fa2e73b3,핸드스탠드 푸시업,OFI_SCORE,HIGH_FORCE_NEURAL,,,21,1,MIGRATED_CURRENT_BEHAVIOR,ANALYSIS_CONTRACT_BASELINE_V1,,ex_fa2e73b3,analysis_contract_baseline_v1.csv; identity inheritance per final closeout
OFI_03220,ex_fa2e73b3,핸드스탠드 푸시업,OFI_SCORE,HIGH_SPEED,,,21,1,MIGRATED_CURRENT_BEHAVIOR,ANALYSIS_CONTRACT_BASELINE_V1,,ex_fa2e73b3,analysis_contract_baseline_v1.csv; identity inheritance per final closeout
OFI_03221,ex_fa2e73b3,핸드스탠드 푸시업,OFI_SCORE,LOCAL_MUSCULAR,,,73,1,MIGRATED_CURRENT_BEHAVIOR,ANALYSIS_CONTRACT_BASELINE_V1,,ex_fa2e73b3,analysis_contract_baseline_v1.csv; identity inheritance per final closeout
OFI_03222,ex_fa2e73b3,핸드스탠드 푸시업,OFI_SCORE,REACTIVE,,,20,1,MIGRATED_CURRENT_BEHAVIOR,ANALYSIS_CONTRACT_BASELINE_V1,,ex_fa2e73b3,analysis_contract_baseline_v1.csv; identity inheritance per final closeout
OFI_03223,ex_fa2e73b3,핸드스탠드 푸시업,OFI_SCORE,SYSTEMIC_MUSCULAR,,,43,1,MIGRATED_CURRENT_BEHAVIOR,ANALYSIS_CONTRACT_BASELINE_V1,,ex_fa2e73b3,analysis_contract_baseline_v1.csv; identity inheritance per final closeout
OFI_03224,ex_fa2e73b3,핸드스탠드 푸시업,OFI_SNAPSHOT,SUMMARY,NORMAL,LOW,42,1,MIGRATED_CURRENT_BEHAVIOR,ANALYSIS_CONTRACT_BASELINE_V1,,ex_fa2e73b3,analysis_contract_baseline_v1.csv; identity inheritance per final closeout
OFI_03225,ex_fa31f7a6,케이블 로우,BADMINTON_FATIGUE_COST,HIGH,,,0,1,MIGRATED_CURRENT_BEHAVIOR,ANALYSIS_CONTRACT_BASELINE_V1,,ex_fa31f7a6,analysis_contract_baseline_v1.csv; identity inheritance per final closeout
OFI_03226,ex_fa31f7a6,케이블 로우,OFI_AXIS,HIGH_FORCE_NEURAL,,MEDIUM,37.8125,1,MIGRATED_CURRENT_BEHAVIOR,ANALYSIS_CONTRACT_BASELINE_V1,,ex_fa31f7a6,analysis_contract_baseline_v1.csv; identity inheritance per final closeout
OFI_03227,ex_fa31f7a6,케이블 로우,OFI_AXIS,HIGH_SPEED,,MEDIUM,17.1875,1,MIGRATED_CURRENT_BEHAVIOR,ANALYSIS_CONTRACT_BASELINE_V1,,ex_fa31f7a6,analysis_contract_baseline_v1.csv; identity inheritance per final closeout
OFI_03228,ex_fa31f7a6,케이블 로우,OFI_AXIS,LOCAL_MUSCULAR,,MEDIUM,58.4375,1,MIGRATED_CURRENT_BEHAVIOR,ANALYSIS_CONTRACT_BASELINE_V1,,ex_fa31f7a6,analysis_contract_baseline_v1.csv; identity inheritance per final closeout
OFI_03229,ex_fa31f7a6,케이블 로우,OFI_AXIS,REACTIVE,,MEDIUM,15.625,1,MIGRATED_CURRENT_BEHAVIOR,ANALYSIS_CONTRACT_BASELINE_V1,,ex_fa31f7a6,analysis_contract_baseline_v1.csv; identity inheritance per final closeout
OFI_03230,ex_fa31f7a6,케이블 로우,OFI_AXIS,SYSTEMIC_MUSCULAR,,MEDIUM,34.375,1,MIGRATED_CURRENT_BEHAVIOR,ANALYSIS_CONTRACT_BASELINE_V1,,ex_fa31f7a6,analysis_contract_baseline_v1.csv; identity inheritance per final closeout
OFI_03231,ex_fa31f7a6,케이블 로우,OFI_DOSE,VOLUME_LOAD,,THREE_CONFIRMED_SETS_20KG_8REPS_600SECONDS_RPE8,0,1,MIGRATED_CURRENT_BEHAVIOR,ANALYSIS_CONTRACT_BASELINE_V1,,ex_fa31f7a6,analysis_contract_baseline_v1.csv; identity inheritance per final closeout
OFI_03232,ex_fa31f7a6,케이블 로우,OFI_GROUP,HORIZONTAL_PULL_COMPOUND,,LOCAL_REPEAT_DETECTION,0,1,MIGRATED_CURRENT_BEHAVIOR,ANALYSIS_CONTRACT_BASELINE_V1,,ex_fa31f7a6,analysis_contract_baseline_v1.csv; identity inheritance per final closeout
OFI_03233,ex_fa31f7a6,케이블 로우,OFI_GROUP,HORIZONTAL_PULL_COMPOUND,,STRENGTH_COMPARISON,0,1,MIGRATED_CURRENT_BEHAVIOR,ANALYSIS_CONTRACT_BASELINE_V1,,ex_fa31f7a6,analysis_contract_baseline_v1.csv; identity inheritance per final closeout
OFI_03234,ex_fa31f7a6,케이블 로우,OFI_GROUP,HORIZONTAL_PULL_COMPOUND,,WORKLOAD_BASELINE,0,1,MIGRATED_CURRENT_BEHAVIOR,ANALYSIS_CONTRACT_BASELINE_V1,,ex_fa31f7a6,analysis_contract_baseline_v1.csv; identity inheritance per final closeout
OFI_03235,ex_fa31f7a6,케이블 로우,OFI_SCORE,HIGH_FORCE_NEURAL,,,47,1,MIGRATED_CURRENT_BEHAVIOR,ANALYSIS_CONTRACT_BASELINE_V1,,ex_fa31f7a6,analysis_contract_baseline_v1.csv; identity inheritance per final closeout
OFI_03236,ex_fa31f7a6,케이블 로우,OFI_SCORE,HIGH_SPEED,,,21,1,MIGRATED_CURRENT_BEHAVIOR,ANALYSIS_CONTRACT_BASELINE_V1,,ex_fa31f7a6,analysis_contract_baseline_v1.csv; identity inheritance per final closeout
OFI_03237,ex_fa31f7a6,케이블 로우,OFI_SCORE,LOCAL_MUSCULAR,,,73,1,MIGRATED_CURRENT_BEHAVIOR,ANALYSIS_CONTRACT_BASELINE_V1,,ex_fa31f7a6,analysis_contract_baseline_v1.csv; identity inheritance per final closeout
OFI_03238,ex_fa31f7a6,케이블 로우,OFI_SCORE,REACTIVE,,,20,1,MIGRATED_CURRENT_BEHAVIOR,ANALYSIS_CONTRACT_BASELINE_V1,,ex_fa31f7a6,analysis_contract_baseline_v1.csv; identity inheritance per final closeout
OFI_03239,ex_fa31f7a6,케이블 로우,OFI_SCORE,SYSTEMIC_MUSCULAR,,,43,1,MIGRATED_CURRENT_BEHAVIOR,ANALYSIS_CONTRACT_BASELINE_V1,,ex_fa31f7a6,analysis_contract_baseline_v1.csv; identity inheritance per final closeout
OFI_03240,ex_fa31f7a6,케이블 로우,OFI_SNAPSHOT,SUMMARY,NORMAL,LOW,44,1,MIGRATED_CURRENT_BEHAVIOR,ANALYSIS_CONTRACT_BASELINE_V1,,ex_fa31f7a6,analysis_contract_baseline_v1.csv; identity inheritance per final closeout
OFI_03241,ex_fa3416f6,스미스 머신 스쿼트,BADMINTON_FATIGUE_COST,VERY_HIGH,,,0,1,MIGRATED_CURRENT_BEHAVIOR,ANALYSIS_CONTRACT_BASELINE_V1,,ex_fa3416f6,analysis_contract_baseline_v1.csv; identity inheritance per final closeout
OFI_03242,ex_fa3416f6,스미스 머신 스쿼트,OFI_AXIS,HIGH_FORCE_NEURAL,,VERY_LONG,79.0625,1,MIGRATED_CURRENT_BEHAVIOR,ANALYSIS_CONTRACT_BASELINE_V1,,ex_fa3416f6,analysis_contract_baseline_v1.csv; identity inheritance per final closeout
OFI_03243,ex_fa3416f6,스미스 머신 스쿼트,OFI_AXIS,HIGH_SPEED,,VERY_LONG,17.1875,1,MIGRATED_CURRENT_BEHAVIOR,ANALYSIS_CONTRACT_BASELINE_V1,,ex_fa3416f6,analysis_contract_baseline_v1.csv; identity inheritance per final closeout
OFI_03244,ex_fa3416f6,스미스 머신 스쿼트,OFI_AXIS,LOCAL_MUSCULAR,,VERY_LONG,58.4375,1,MIGRATED_CURRENT_BEHAVIOR,ANALYSIS_CONTRACT_BASELINE_V1,,ex_fa3416f6,analysis_contract_baseline_v1.csv; identity inheritance per final closeout
OFI_03245,ex_fa3416f6,스미스 머신 스쿼트,OFI_AXIS,REACTIVE,,VERY_LONG,15.625,1,MIGRATED_CURRENT_BEHAVIOR,ANALYSIS_CONTRACT_BASELINE_V1,,ex_fa3416f6,analysis_contract_baseline_v1.csv; identity inheritance per final closeout
OFI_03246,ex_fa3416f6,스미스 머신 스쿼트,OFI_AXIS,SYSTEMIC_MUSCULAR,,VERY_LONG,61.09375,1,MIGRATED_CURRENT_BEHAVIOR,ANALYSIS_CONTRACT_BASELINE_V1,,ex_fa3416f6,analysis_contract_baseline_v1.csv; identity inheritance per final closeout
OFI_03247,ex_fa3416f6,스미스 머신 스쿼트,OFI_CAUTION,RECOVERY_DEBT_HIGH,,,0,1,MIGRATED_CURRENT_BEHAVIOR,ANALYSIS_CONTRACT_BASELINE_V1,,ex_fa3416f6,analysis_contract_baseline_v1.csv; identity inheritance per final closeout
OFI_03248,ex_fa3416f6,스미스 머신 스쿼트,OFI_DOSE,VOLUME_LOAD,,THREE_CONFIRMED_SETS_20KG_8REPS_600SECONDS_RPE8,0,1,MIGRATED_CURRENT_BEHAVIOR,ANALYSIS_CONTRACT_BASELINE_V1,,ex_fa3416f6,analysis_contract_baseline_v1.csv; identity inheritance per final closeout
OFI_03249,ex_fa3416f6,스미스 머신 스쿼트,OFI_GROUP,SQUAT_PATTERN_HEAVY_LOWER,,LOCAL_REPEAT_DETECTION,0,1,MIGRATED_CURRENT_BEHAVIOR,ANALYSIS_CONTRACT_BASELINE_V1,,ex_fa3416f6,analysis_contract_baseline_v1.csv; identity inheritance per final closeout
OFI_03250,ex_fa3416f6,스미스 머신 스쿼트,OFI_GROUP,SQUAT_PATTERN_HEAVY_LOWER,,STRENGTH_COMPARISON,0,1,MIGRATED_CURRENT_BEHAVIOR,ANALYSIS_CONTRACT_BASELINE_V1,,ex_fa3416f6,analysis_contract_baseline_v1.csv; identity inheritance per final closeout
OFI_03251,ex_fa3416f6,스미스 머신 스쿼트,OFI_GROUP,SQUAT_PATTERN_HEAVY_LOWER,,WORKLOAD_BASELINE,0,1,MIGRATED_CURRENT_BEHAVIOR,ANALYSIS_CONTRACT_BASELINE_V1,,ex_fa3416f6,analysis_contract_baseline_v1.csv; identity inheritance per final closeout
OFI_03252,ex_fa3416f6,스미스 머신 스쿼트,OFI_SCORE,HIGH_FORCE_NEURAL,,,99,1,MIGRATED_CURRENT_BEHAVIOR,ANALYSIS_CONTRACT_BASELINE_V1,,ex_fa3416f6,analysis_contract_baseline_v1.csv; identity inheritance per final closeout
OFI_03253,ex_fa3416f6,스미스 머신 스쿼트,OFI_SCORE,HIGH_SPEED,,,21,1,MIGRATED_CURRENT_BEHAVIOR,ANALYSIS_CONTRACT_BASELINE_V1,,ex_fa3416f6,analysis_contract_baseline_v1.csv; identity inheritance per final closeout
OFI_03254,ex_fa3416f6,스미스 머신 스쿼트,OFI_SCORE,LOCAL_MUSCULAR,,,73,1,MIGRATED_CURRENT_BEHAVIOR,ANALYSIS_CONTRACT_BASELINE_V1,,ex_fa3416f6,analysis_contract_baseline_v1.csv; identity inheritance per final closeout
OFI_03255,ex_fa3416f6,스미스 머신 스쿼트,OFI_SCORE,REACTIVE,,,20,1,MIGRATED_CURRENT_BEHAVIOR,ANALYSIS_CONTRACT_BASELINE_V1,,ex_fa3416f6,analysis_contract_baseline_v1.csv; identity inheritance per final closeout
OFI_03256,ex_fa3416f6,스미스 머신 스쿼트,OFI_SCORE,SYSTEMIC_MUSCULAR,,,76,1,MIGRATED_CURRENT_BEHAVIOR,ANALYSIS_CONTRACT_BASELINE_V1,,ex_fa3416f6,analysis_contract_baseline_v1.csv; identity inheritance per final closeout
OFI_03257,ex_fa3416f6,스미스 머신 스쿼트,OFI_SNAPSHOT,SUMMARY,NORMAL,LOW,73,1,MIGRATED_CURRENT_BEHAVIOR,ANALYSIS_CONTRACT_BASELINE_V1,,ex_fa3416f6,analysis_contract_baseline_v1.csv; identity inheritance per final closeout
OFI_03258,ex_fa34ddfe,케이블 킥백,BADMINTON_FATIGUE_COST,HIGH,,,0,1,MIGRATED_CURRENT_BEHAVIOR,ANALYSIS_CONTRACT_BASELINE_V1,,ex_fa34ddfe,analysis_contract_baseline_v1.csv; identity inheritance per final closeout
OFI_03259,ex_fa34ddfe,케이블 킥백,OFI_AXIS,HIGH_FORCE_NEURAL,,SHORT,17.1875,1,MIGRATED_CURRENT_BEHAVIOR,ANALYSIS_CONTRACT_BASELINE_V1,,ex_fa34ddfe,analysis_contract_baseline_v1.csv; identity inheritance per final closeout
OFI_03260,ex_fa34ddfe,케이블 킥백,OFI_AXIS,HIGH_SPEED,,SHORT,17.1875,1,MIGRATED_CURRENT_BEHAVIOR,ANALYSIS_CONTRACT_BASELINE_V1,,ex_fa34ddfe,analysis_contract_baseline_v1.csv; identity inheritance per final closeout
OFI_03261,ex_fa34ddfe,케이블 킥백,OFI_AXIS,LOCAL_MUSCULAR,,SHORT,58.4375,1,MIGRATED_CURRENT_BEHAVIOR,ANALYSIS_CONTRACT_BASELINE_V1,,ex_fa34ddfe,analysis_contract_baseline_v1.csv; identity inheritance per final closeout
OFI_03262,ex_fa34ddfe,케이블 킥백,OFI_AXIS,REACTIVE,,SHORT,15.625,1,MIGRATED_CURRENT_BEHAVIOR,ANALYSIS_CONTRACT_BASELINE_V1,,ex_fa34ddfe,analysis_contract_baseline_v1.csv; identity inheritance per final closeout
OFI_03263,ex_fa34ddfe,케이블 킥백,OFI_AXIS,SYSTEMIC_MUSCULAR,,SHORT,10.9375,1,MIGRATED_CURRENT_BEHAVIOR,ANALYSIS_CONTRACT_BASELINE_V1,,ex_fa34ddfe,analysis_contract_baseline_v1.csv; identity inheritance per final closeout
OFI_03264,ex_fa34ddfe,케이블 킥백,OFI_DOSE,LOAD_REPS,,THREE_CONFIRMED_SETS_20KG_8REPS_600SECONDS_RPE8,0,1,MIGRATED_CURRENT_BEHAVIOR,ANALYSIS_CONTRACT_BASELINE_V1,,ex_fa34ddfe,analysis_contract_baseline_v1.csv; identity inheritance per final closeout
OFI_03265,ex_fa34ddfe,케이블 킥백,OFI_GROUP,GLUTE_ISOLATION_ACCESSORY,,LOCAL_REPEAT_DETECTION,0,1,MIGRATED_CURRENT_BEHAVIOR,ANALYSIS_CONTRACT_BASELINE_V1,,ex_fa34ddfe,analysis_contract_baseline_v1.csv; identity inheritance per final closeout
OFI_03266,ex_fa34ddfe,케이블 킥백,OFI_GROUP,GLUTE_ISOLATION_ACCESSORY,,STRENGTH_COMPARISON,0,1,MIGRATED_CURRENT_BEHAVIOR,ANALYSIS_CONTRACT_BASELINE_V1,,ex_fa34ddfe,analysis_contract_baseline_v1.csv; identity inheritance per final closeout
OFI_03267,ex_fa34ddfe,케이블 킥백,OFI_GROUP,GLUTE_ISOLATION_ACCESSORY,,WORKLOAD_BASELINE,0,1,MIGRATED_CURRENT_BEHAVIOR,ANALYSIS_CONTRACT_BASELINE_V1,,ex_fa34ddfe,analysis_contract_baseline_v1.csv; identity inheritance per final closeout
OFI_03268,ex_fa34ddfe,케이블 킥백,OFI_SCORE,HIGH_FORCE_NEURAL,,,21,1,MIGRATED_CURRENT_BEHAVIOR,ANALYSIS_CONTRACT_BASELINE_V1,,ex_fa34ddfe,analysis_contract_baseline_v1.csv; identity inheritance per final closeout
OFI_03269,ex_fa34ddfe,케이블 킥백,OFI_SCORE,HIGH_SPEED,,,21,1,MIGRATED_CURRENT_BEHAVIOR,ANALYSIS_CONTRACT_BASELINE_V1,,ex_fa34ddfe,analysis_contract_baseline_v1.csv; identity inheritance per final closeout
OFI_03270,ex_fa34ddfe,케이블 킥백,OFI_SCORE,LOCAL_MUSCULAR,,,73,1,MIGRATED_CURRENT_BEHAVIOR,ANALYSIS_CONTRACT_BASELINE_V1,,ex_fa34ddfe,analysis_contract_baseline_v1.csv; identity inheritance per final closeout
OFI_03271,ex_fa34ddfe,케이블 킥백,OFI_SCORE,REACTIVE,,,20,1,MIGRATED_CURRENT_BEHAVIOR,ANALYSIS_CONTRACT_BASELINE_V1,,ex_fa34ddfe,analysis_contract_baseline_v1.csv; identity inheritance per final closeout
OFI_03272,ex_fa34ddfe,케이블 킥백,OFI_SCORE,SYSTEMIC_MUSCULAR,,,14,1,MIGRATED_CURRENT_BEHAVIOR,ANALYSIS_CONTRACT_BASELINE_V1,,ex_fa34ddfe,analysis_contract_baseline_v1.csv; identity inheritance per final closeout
OFI_03273,ex_fa34ddfe,케이블 킥백,OFI_SNAPSHOT,SUMMARY,LOW,LOW,39,1,MIGRATED_CURRENT_BEHAVIOR,ANALYSIS_CONTRACT_BASELINE_V1,,ex_fa34ddfe,analysis_contract_baseline_v1.csv; identity inheritance per final closeout
OFI_03274,ex_fa570291,트라이셉스 푸시다운,BADMINTON_FATIGUE_COST,LOW,,,0,1,MIGRATED_CURRENT_BEHAVIOR,ANALYSIS_CONTRACT_BASELINE_V1,,ex_fa570291,analysis_contract_baseline_v1.csv; identity inheritance per final closeout
OFI_03275,ex_fa570291,트라이셉스 푸시다운,OFI_AXIS,HIGH_FORCE_NEURAL,,SHORT,17.1875,1,MIGRATED_CURRENT_BEHAVIOR,ANALYSIS_CONTRACT_BASELINE_V1,,ex_fa570291,analysis_contract_baseline_v1.csv; identity inheritance per final closeout
OFI_03276,ex_fa570291,트라이셉스 푸시다운,OFI_AXIS,HIGH_SPEED,,SHORT,17.1875,1,MIGRATED_CURRENT_BEHAVIOR,ANALYSIS_CONTRACT_BASELINE_V1,,ex_fa570291,analysis_contract_baseline_v1.csv; identity inheritance per final closeout
OFI_03277,ex_fa570291,트라이셉스 푸시다운,OFI_AXIS,LOCAL_MUSCULAR,,SHORT,58.4375,1,MIGRATED_CURRENT_BEHAVIOR,ANALYSIS_CONTRACT_BASELINE_V1,,ex_fa570291,analysis_contract_baseline_v1.csv; identity inheritance per final closeout
OFI_03278,ex_fa570291,트라이셉스 푸시다운,OFI_AXIS,REACTIVE,,SHORT,15.625,1,MIGRATED_CURRENT_BEHAVIOR,ANALYSIS_CONTRACT_BASELINE_V1,,ex_fa570291,analysis_contract_baseline_v1.csv; identity inheritance per final closeout
OFI_03279,ex_fa570291,트라이셉스 푸시다운,OFI_AXIS,SYSTEMIC_MUSCULAR,,SHORT,10.9375,1,MIGRATED_CURRENT_BEHAVIOR,ANALYSIS_CONTRACT_BASELINE_V1,,ex_fa570291,analysis_contract_baseline_v1.csv; identity inheritance per final closeout
OFI_03280,ex_fa570291,트라이셉스 푸시다운,OFI_DOSE,VOLUME_LOAD,,THREE_CONFIRMED_SETS_20KG_8REPS_600SECONDS_RPE8,0,1,MIGRATED_CURRENT_BEHAVIOR,ANALYSIS_CONTRACT_BASELINE_V1,,ex_fa570291,analysis_contract_baseline_v1.csv; identity inheritance per final closeout
OFI_03281,ex_fa570291,트라이셉스 푸시다운,OFI_GROUP,ELBOW_EXTENSION_TRICEPS,,LOCAL_REPEAT_DETECTION,0,1,MIGRATED_CURRENT_BEHAVIOR,ANALYSIS_CONTRACT_BASELINE_V1,,ex_fa570291,analysis_contract_baseline_v1.csv; identity inheritance per final closeout
OFI_03282,ex_fa570291,트라이셉스 푸시다운,OFI_GROUP,ELBOW_EXTENSION_TRICEPS,,STRENGTH_COMPARISON,0,1,MIGRATED_CURRENT_BEHAVIOR,ANALYSIS_CONTRACT_BASELINE_V1,,ex_fa570291,analysis_contract_baseline_v1.csv; identity inheritance per final closeout
OFI_03283,ex_fa570291,트라이셉스 푸시다운,OFI_GROUP,ELBOW_EXTENSION_TRICEPS,,WORKLOAD_BASELINE,0,1,MIGRATED_CURRENT_BEHAVIOR,ANALYSIS_CONTRACT_BASELINE_V1,,ex_fa570291,analysis_contract_baseline_v1.csv; identity inheritance per final closeout
OFI_03284,ex_fa570291,트라이셉스 푸시다운,OFI_SCORE,HIGH_FORCE_NEURAL,,,21,1,MIGRATED_CURRENT_BEHAVIOR,ANALYSIS_CONTRACT_BASELINE_V1,,ex_fa570291,analysis_contract_baseline_v1.csv; identity inheritance per final closeout
OFI_03285,ex_fa570291,트라이셉스 푸시다운,OFI_SCORE,HIGH_SPEED,,,21,1,MIGRATED_CURRENT_BEHAVIOR,ANALYSIS_CONTRACT_BASELINE_V1,,ex_fa570291,analysis_contract_baseline_v1.csv; identity inheritance per final closeout
OFI_03286,ex_fa570291,트라이셉스 푸시다운,OFI_SCORE,LOCAL_MUSCULAR,,,73,1,MIGRATED_CURRENT_BEHAVIOR,ANALYSIS_CONTRACT_BASELINE_V1,,ex_fa570291,analysis_contract_baseline_v1.csv; identity inheritance per final closeout
OFI_03287,ex_fa570291,트라이셉스 푸시다운,OFI_SCORE,REACTIVE,,,20,1,MIGRATED_CURRENT_BEHAVIOR,ANALYSIS_CONTRACT_BASELINE_V1,,ex_fa570291,analysis_contract_baseline_v1.csv; identity inheritance per final closeout
OFI_03288,ex_fa570291,트라이셉스 푸시다운,OFI_SCORE,SYSTEMIC_MUSCULAR,,,14,1,MIGRATED_CURRENT_BEHAVIOR,ANALYSIS_CONTRACT_BASELINE_V1,,ex_fa570291,analysis_contract_baseline_v1.csv; identity inheritance per final closeout
OFI_03289,ex_fa570291,트라이셉스 푸시다운,OFI_SNAPSHOT,SUMMARY,LOW,LOW,39,1,MIGRATED_CURRENT_BEHAVIOR,ANALYSIS_CONTRACT_BASELINE_V1,,ex_fa570291,analysis_contract_baseline_v1.csv; identity inheritance per final closeout
OFI_03290,ex_faae2044,인터벌 러닝,BADMINTON_FATIGUE_COST,HIGH,,,0,1,MIGRATED_CURRENT_BEHAVIOR,ANALYSIS_CONTRACT_BASELINE_V1,,ex_faae2044,analysis_contract_baseline_v1.csv; identity inheritance per final closeout
OFI_03291,ex_faae2044,인터벌 러닝,OFI_AXIS,HIGH_FORCE_NEURAL,,LONG,17.1875,1,MIGRATED_CURRENT_BEHAVIOR,ANALYSIS_CONTRACT_BASELINE_V1,,ex_faae2044,analysis_contract_baseline_v1.csv; identity inheritance per final closeout
OFI_03292,ex_faae2044,인터벌 러닝,OFI_AXIS,HIGH_SPEED,,LONG,43.484375,1,MIGRATED_CURRENT_BEHAVIOR,ANALYSIS_CONTRACT_BASELINE_V1,,ex_faae2044,analysis_contract_baseline_v1.csv; identity inheritance per final closeout
OFI_03293,ex_faae2044,인터벌 러닝,OFI_AXIS,LOCAL_MUSCULAR,,LONG,37.8125,1,MIGRATED_CURRENT_BEHAVIOR,ANALYSIS_CONTRACT_BASELINE_V1,,ex_faae2044,analysis_contract_baseline_v1.csv; identity inheritance per final closeout
OFI_03294,ex_faae2044,인터벌 러닝,OFI_AXIS,REACTIVE,,LONG,15.625,1,MIGRATED_CURRENT_BEHAVIOR,ANALYSIS_CONTRACT_BASELINE_V1,,ex_faae2044,analysis_contract_baseline_v1.csv; identity inheritance per final closeout
OFI_03295,ex_faae2044,인터벌 러닝,OFI_AXIS,SYSTEMIC_MUSCULAR,,LONG,53.125,1,MIGRATED_CURRENT_BEHAVIOR,ANALYSIS_CONTRACT_BASELINE_V1,,ex_faae2044,analysis_contract_baseline_v1.csv; identity inheritance per final closeout
OFI_03296,ex_faae2044,인터벌 러닝,OFI_DOSE,DISTANCE_OR_TIME,,THREE_CONFIRMED_SETS_20KG_8REPS_600SECONDS_RPE8,0,1,MIGRATED_CURRENT_BEHAVIOR,ANALYSIS_CONTRACT_BASELINE_V1,,ex_faae2044,analysis_contract_baseline_v1.csv; identity inheritance per final closeout
OFI_03297,ex_faae2044,인터벌 러닝,OFI_GROUP,CARDIO_CONDITIONING,,LOCAL_REPEAT_DETECTION,0,1,MIGRATED_CURRENT_BEHAVIOR,ANALYSIS_CONTRACT_BASELINE_V1,,ex_faae2044,analysis_contract_baseline_v1.csv; identity inheritance per final closeout
OFI_03298,ex_faae2044,인터벌 러닝,OFI_GROUP,CARDIO_CONDITIONING,,STRENGTH_COMPARISON,0,1,MIGRATED_CURRENT_BEHAVIOR,ANALYSIS_CONTRACT_BASELINE_V1,,ex_faae2044,analysis_contract_baseline_v1.csv; identity inheritance per final closeout
OFI_03299,ex_faae2044,인터벌 러닝,OFI_GROUP,CARDIO_CONDITIONING,,WORKLOAD_BASELINE,0,1,MIGRATED_CURRENT_BEHAVIOR,ANALYSIS_CONTRACT_BASELINE_V1,,ex_faae2044,analysis_contract_baseline_v1.csv; identity inheritance per final closeout
OFI_03300,ex_faae2044,인터벌 러닝,OFI_SCORE,HIGH_FORCE_NEURAL,,,21,1,MIGRATED_CURRENT_BEHAVIOR,ANALYSIS_CONTRACT_BASELINE_V1,,ex_faae2044,analysis_contract_baseline_v1.csv; identity inheritance per final closeout
OFI_03301,ex_faae2044,인터벌 러닝,OFI_SCORE,HIGH_SPEED,,,54,1,MIGRATED_CURRENT_BEHAVIOR,ANALYSIS_CONTRACT_BASELINE_V1,,ex_faae2044,analysis_contract_baseline_v1.csv; identity inheritance per final closeout
OFI_03302,ex_faae2044,인터벌 러닝,OFI_SCORE,LOCAL_MUSCULAR,,,47,1,MIGRATED_CURRENT_BEHAVIOR,ANALYSIS_CONTRACT_BASELINE_V1,,ex_faae2044,analysis_contract_baseline_v1.csv; identity inheritance per final closeout
OFI_03303,ex_faae2044,인터벌 러닝,OFI_SCORE,REACTIVE,,,20,1,MIGRATED_CURRENT_BEHAVIOR,ANALYSIS_CONTRACT_BASELINE_V1,,ex_faae2044,analysis_contract_baseline_v1.csv; identity inheritance per final closeout
OFI_03304,ex_faae2044,인터벌 러닝,OFI_SCORE,SYSTEMIC_MUSCULAR,,,66,1,MIGRATED_CURRENT_BEHAVIOR,ANALYSIS_CONTRACT_BASELINE_V1,,ex_faae2044,analysis_contract_baseline_v1.csv; identity inheritance per final closeout
OFI_03305,ex_faae2044,인터벌 러닝,OFI_SNAPSHOT,SUMMARY,NORMAL,LOW,42,1,MIGRATED_CURRENT_BEHAVIOR,ANALYSIS_CONTRACT_BASELINE_V1,,ex_faae2044,analysis_contract_baseline_v1.csv; identity inheritance per final closeout
OFI_03306,ex_fb67af37,디클라인 푸시업,BADMINTON_FATIGUE_COST,MEDIUM,,,0,1,MIGRATED_CURRENT_BEHAVIOR,ANALYSIS_CONTRACT_BASELINE_V1,,ex_fb67af37,analysis_contract_baseline_v1.csv; identity inheritance per final closeout
OFI_03307,ex_fb67af37,디클라인 푸시업,OFI_AXIS,HIGH_FORCE_NEURAL,,SHORT,17.1875,1,MIGRATED_CURRENT_BEHAVIOR,ANALYSIS_CONTRACT_BASELINE_V1,,ex_fb67af37,analysis_contract_baseline_v1.csv; identity inheritance per final closeout
OFI_03308,ex_fb67af37,디클라인 푸시업,OFI_AXIS,HIGH_SPEED,,SHORT,17.1875,1,MIGRATED_CURRENT_BEHAVIOR,ANALYSIS_CONTRACT_BASELINE_V1,,ex_fb67af37,analysis_contract_baseline_v1.csv; identity inheritance per final closeout
OFI_03309,ex_fb67af37,디클라인 푸시업,OFI_AXIS,LOCAL_MUSCULAR,,SHORT,37.8125,1,MIGRATED_CURRENT_BEHAVIOR,ANALYSIS_CONTRACT_BASELINE_V1,,ex_fb67af37,analysis_contract_baseline_v1.csv; identity inheritance per final closeout
OFI_03310,ex_fb67af37,디클라인 푸시업,OFI_AXIS,REACTIVE,,SHORT,15.625,1,MIGRATED_CURRENT_BEHAVIOR,ANALYSIS_CONTRACT_BASELINE_V1,,ex_fb67af37,analysis_contract_baseline_v1.csv; identity inheritance per final closeout
OFI_03311,ex_fb67af37,디클라인 푸시업,OFI_AXIS,SYSTEMIC_MUSCULAR,,SHORT,13.28125,1,MIGRATED_CURRENT_BEHAVIOR,ANALYSIS_CONTRACT_BASELINE_V1,,ex_fb67af37,analysis_contract_baseline_v1.csv; identity inheritance per final closeout
OFI_03312,ex_fb67af37,디클라인 푸시업,OFI_DOSE,LOAD_REPS,,THREE_CONFIRMED_SETS_20KG_8REPS_600SECONDS_RPE8,0,1,MIGRATED_CURRENT_BEHAVIOR,ANALYSIS_CONTRACT_BASELINE_V1,,ex_fb67af37,analysis_contract_baseline_v1.csv; identity inheritance per final closeout
OFI_03313,ex_fb67af37,디클라인 푸시업,OFI_GROUP,BODYWEIGHT_HORIZONTAL_PUSH,,LOCAL_REPEAT_DETECTION,0,1,MIGRATED_CURRENT_BEHAVIOR,ANALYSIS_CONTRACT_BASELINE_V1,,ex_fb67af37,analysis_contract_baseline_v1.csv; identity inheritance per final closeout
OFI_03314,ex_fb67af37,디클라인 푸시업,OFI_GROUP,BODYWEIGHT_HORIZONTAL_PUSH,,STRENGTH_COMPARISON,0,1,MIGRATED_CURRENT_BEHAVIOR,ANALYSIS_CONTRACT_BASELINE_V1,,ex_fb67af37,analysis_contract_baseline_v1.csv; identity inheritance per final closeout
OFI_03315,ex_fb67af37,디클라인 푸시업,OFI_GROUP,BODYWEIGHT_HORIZONTAL_PUSH,,WORKLOAD_BASELINE,0,1,MIGRATED_CURRENT_BEHAVIOR,ANALYSIS_CONTRACT_BASELINE_V1,,ex_fb67af37,analysis_contract_baseline_v1.csv; identity inheritance per final closeout
OFI_03316,ex_fb67af37,디클라인 푸시업,OFI_SCORE,HIGH_FORCE_NEURAL,,,21,1,MIGRATED_CURRENT_BEHAVIOR,ANALYSIS_CONTRACT_BASELINE_V1,,ex_fb67af37,analysis_contract_baseline_v1.csv; identity inheritance per final closeout
OFI_03317,ex_fb67af37,디클라인 푸시업,OFI_SCORE,HIGH_SPEED,,,21,1,MIGRATED_CURRENT_BEHAVIOR,ANALYSIS_CONTRACT_BASELINE_V1,,ex_fb67af37,analysis_contract_baseline_v1.csv; identity inheritance per final closeout
OFI_03318,ex_fb67af37,디클라인 푸시업,OFI_SCORE,LOCAL_MUSCULAR,,,47,1,MIGRATED_CURRENT_BEHAVIOR,ANALYSIS_CONTRACT_BASELINE_V1,,ex_fb67af37,analysis_contract_baseline_v1.csv; identity inheritance per final closeout
OFI_03319,ex_fb67af37,디클라인 푸시업,OFI_SCORE,REACTIVE,,,20,1,MIGRATED_CURRENT_BEHAVIOR,ANALYSIS_CONTRACT_BASELINE_V1,,ex_fb67af37,analysis_contract_baseline_v1.csv; identity inheritance per final closeout
OFI_03320,ex_fb67af37,디클라인 푸시업,OFI_SCORE,SYSTEMIC_MUSCULAR,,,17,1,MIGRATED_CURRENT_BEHAVIOR,ANALYSIS_CONTRACT_BASELINE_V1,,ex_fb67af37,analysis_contract_baseline_v1.csv; identity inheritance per final closeout
OFI_03321,ex_fb67af37,디클라인 푸시업,OFI_SNAPSHOT,SUMMARY,LOW,LOW,28,1,MIGRATED_CURRENT_BEHAVIOR,ANALYSIS_CONTRACT_BASELINE_V1,,ex_fb67af37,analysis_contract_baseline_v1.csv; identity inheritance per final closeout
OFI_03322,ex_fdbdf454,원암 덤벨 오버헤드 트라이셉스 익스텐션,BADMINTON_FATIGUE_COST,MEDIUM,,,0,1,MIGRATED_CURRENT_BEHAVIOR,ANALYSIS_CONTRACT_BASELINE_V1,,ex_fdbdf454,analysis_contract_baseline_v1.csv; identity inheritance per final closeout
OFI_03323,ex_fdbdf454,원암 덤벨 오버헤드 트라이셉스 익스텐션,OFI_AXIS,HIGH_FORCE_NEURAL,,MEDIUM,17.1875,1,MIGRATED_CURRENT_BEHAVIOR,ANALYSIS_CONTRACT_BASELINE_V1,,ex_fdbdf454,analysis_contract_baseline_v1.csv; identity inheritance per final closeout
OFI_03324,ex_fdbdf454,원암 덤벨 오버헤드 트라이셉스 익스텐션,OFI_AXIS,HIGH_SPEED,,MEDIUM,17.1875,1,MIGRATED_CURRENT_BEHAVIOR,ANALYSIS_CONTRACT_BASELINE_V1,,ex_fdbdf454,analysis_contract_baseline_v1.csv; identity inheritance per final closeout
OFI_03325,ex_fdbdf454,원암 덤벨 오버헤드 트라이셉스 익스텐션,OFI_AXIS,LOCAL_MUSCULAR,,MEDIUM,58.4375,1,MIGRATED_CURRENT_BEHAVIOR,ANALYSIS_CONTRACT_BASELINE_V1,,ex_fdbdf454,analysis_contract_baseline_v1.csv; identity inheritance per final closeout
OFI_03326,ex_fdbdf454,원암 덤벨 오버헤드 트라이셉스 익스텐션,OFI_AXIS,REACTIVE,,MEDIUM,15.625,1,MIGRATED_CURRENT_BEHAVIOR,ANALYSIS_CONTRACT_BASELINE_V1,,ex_fdbdf454,analysis_contract_baseline_v1.csv; identity inheritance per final closeout
OFI_03327,ex_fdbdf454,원암 덤벨 오버헤드 트라이셉스 익스텐션,OFI_AXIS,SYSTEMIC_MUSCULAR,,MEDIUM,13.28125,1,MIGRATED_CURRENT_BEHAVIOR,ANALYSIS_CONTRACT_BASELINE_V1,,ex_fdbdf454,analysis_contract_baseline_v1.csv; identity inheritance per final closeout
OFI_03328,ex_fdbdf454,원암 덤벨 오버헤드 트라이셉스 익스텐션,OFI_DOSE,VOLUME_LOAD,,THREE_CONFIRMED_SETS_20KG_8REPS_600SECONDS_RPE8,0,1,MIGRATED_CURRENT_BEHAVIOR,ANALYSIS_CONTRACT_BASELINE_V1,,ex_fdbdf454,analysis_contract_baseline_v1.csv; identity inheritance per final closeout
OFI_03329,ex_fdbdf454,원암 덤벨 오버헤드 트라이셉스 익스텐션,OFI_GROUP,OVERHEAD_TRICEPS_LONG_HEAD,,LOCAL_REPEAT_DETECTION,0,1,MIGRATED_CURRENT_BEHAVIOR,ANALYSIS_CONTRACT_BASELINE_V1,,ex_fdbdf454,analysis_contract_baseline_v1.csv; identity inheritance per final closeout
OFI_03330,ex_fdbdf454,원암 덤벨 오버헤드 트라이셉스 익스텐션,OFI_GROUP,OVERHEAD_TRICEPS_LONG_HEAD,,STRENGTH_COMPARISON,0,1,MIGRATED_CURRENT_BEHAVIOR,ANALYSIS_CONTRACT_BASELINE_V1,,ex_fdbdf454,analysis_contract_baseline_v1.csv; identity inheritance per final closeout
OFI_03331,ex_fdbdf454,원암 덤벨 오버헤드 트라이셉스 익스텐션,OFI_GROUP,OVERHEAD_TRICEPS_LONG_HEAD,,WORKLOAD_BASELINE,0,1,MIGRATED_CURRENT_BEHAVIOR,ANALYSIS_CONTRACT_BASELINE_V1,,ex_fdbdf454,analysis_contract_baseline_v1.csv; identity inheritance per final closeout
OFI_03332,ex_fdbdf454,원암 덤벨 오버헤드 트라이셉스 익스텐션,OFI_SCORE,HIGH_FORCE_NEURAL,,,21,1,MIGRATED_CURRENT_BEHAVIOR,ANALYSIS_CONTRACT_BASELINE_V1,,ex_fdbdf454,analysis_contract_baseline_v1.csv; identity inheritance per final closeout
OFI_03333,ex_fdbdf454,원암 덤벨 오버헤드 트라이셉스 익스텐션,OFI_SCORE,HIGH_SPEED,,,21,1,MIGRATED_CURRENT_BEHAVIOR,ANALYSIS_CONTRACT_BASELINE_V1,,ex_fdbdf454,analysis_contract_baseline_v1.csv; identity inheritance per final closeout
OFI_03334,ex_fdbdf454,원암 덤벨 오버헤드 트라이셉스 익스텐션,OFI_SCORE,LOCAL_MUSCULAR,,,73,1,MIGRATED_CURRENT_BEHAVIOR,ANALYSIS_CONTRACT_BASELINE_V1,,ex_fdbdf454,analysis_contract_baseline_v1.csv; identity inheritance per final closeout
OFI_03335,ex_fdbdf454,원암 덤벨 오버헤드 트라이셉스 익스텐션,OFI_SCORE,REACTIVE,,,20,1,MIGRATED_CURRENT_BEHAVIOR,ANALYSIS_CONTRACT_BASELINE_V1,,ex_fdbdf454,analysis_contract_baseline_v1.csv; identity inheritance per final closeout
OFI_03336,ex_fdbdf454,원암 덤벨 오버헤드 트라이셉스 익스텐션,OFI_SCORE,SYSTEMIC_MUSCULAR,,,17,1,MIGRATED_CURRENT_BEHAVIOR,ANALYSIS_CONTRACT_BASELINE_V1,,ex_fdbdf454,analysis_contract_baseline_v1.csv; identity inheritance per final closeout
OFI_03337,ex_fdbdf454,원암 덤벨 오버헤드 트라이셉스 익스텐션,OFI_SNAPSHOT,SUMMARY,LOW,LOW,39,1,MIGRATED_CURRENT_BEHAVIOR,ANALYSIS_CONTRACT_BASELINE_V1,,ex_fdbdf454,analysis_contract_baseline_v1.csv; identity inheritance per final closeout
OFI_03338,ez_bar_lying_triceps_extension,EZ바 라잉 트라이셉스 익스텐션,BADMINTON_FATIGUE_COST,LOW,,,0,1,MIGRATED_CURRENT_BEHAVIOR,ANALYSIS_CONTRACT_BASELINE_V1,,ex_d20b7487,analysis_contract_baseline_v1.csv; identity inheritance per final closeout
OFI_03339,ez_bar_lying_triceps_extension,EZ바 라잉 트라이셉스 익스텐션,OFI_AXIS,HIGH_FORCE_NEURAL,,SHORT,17.1875,1,MIGRATED_CURRENT_BEHAVIOR,ANALYSIS_CONTRACT_BASELINE_V1,,ex_d20b7487,analysis_contract_baseline_v1.csv; identity inheritance per final closeout
OFI_03340,ez_bar_lying_triceps_extension,EZ바 라잉 트라이셉스 익스텐션,OFI_AXIS,HIGH_SPEED,,SHORT,17.1875,1,MIGRATED_CURRENT_BEHAVIOR,ANALYSIS_CONTRACT_BASELINE_V1,,ex_d20b7487,analysis_contract_baseline_v1.csv; identity inheritance per final closeout
OFI_03341,ez_bar_lying_triceps_extension,EZ바 라잉 트라이셉스 익스텐션,OFI_AXIS,LOCAL_MUSCULAR,,SHORT,58.4375,1,MIGRATED_CURRENT_BEHAVIOR,ANALYSIS_CONTRACT_BASELINE_V1,,ex_d20b7487,analysis_contract_baseline_v1.csv; identity inheritance per final closeout
OFI_03342,ez_bar_lying_triceps_extension,EZ바 라잉 트라이셉스 익스텐션,OFI_AXIS,REACTIVE,,SHORT,15.625,1,MIGRATED_CURRENT_BEHAVIOR,ANALYSIS_CONTRACT_BASELINE_V1,,ex_d20b7487,analysis_contract_baseline_v1.csv; identity inheritance per final closeout
OFI_03343,ez_bar_lying_triceps_extension,EZ바 라잉 트라이셉스 익스텐션,OFI_AXIS,SYSTEMIC_MUSCULAR,,SHORT,10.9375,1,MIGRATED_CURRENT_BEHAVIOR,ANALYSIS_CONTRACT_BASELINE_V1,,ex_d20b7487,analysis_contract_baseline_v1.csv; identity inheritance per final closeout
OFI_03344,ez_bar_lying_triceps_extension,EZ바 라잉 트라이셉스 익스텐션,OFI_DOSE,VOLUME_LOAD,,THREE_CONFIRMED_SETS_20KG_8REPS_600SECONDS_RPE8,0,1,MIGRATED_CURRENT_BEHAVIOR,ANALYSIS_CONTRACT_BASELINE_V1,,ex_d20b7487,analysis_contract_baseline_v1.csv; identity inheritance per final closeout
OFI_03345,ez_bar_lying_triceps_extension,EZ바 라잉 트라이셉스 익스텐션,OFI_GROUP,ELBOW_EXTENSION_TRICEPS,,LOCAL_REPEAT_DETECTION,0,1,MIGRATED_CURRENT_BEHAVIOR,ANALYSIS_CONTRACT_BASELINE_V1,,ex_d20b7487,analysis_contract_baseline_v1.csv; identity inheritance per final closeout
OFI_03346,ez_bar_lying_triceps_extension,EZ바 라잉 트라이셉스 익스텐션,OFI_GROUP,ELBOW_EXTENSION_TRICEPS,,STRENGTH_COMPARISON,0,1,MIGRATED_CURRENT_BEHAVIOR,ANALYSIS_CONTRACT_BASELINE_V1,,ex_d20b7487,analysis_contract_baseline_v1.csv; identity inheritance per final closeout
OFI_03347,ez_bar_lying_triceps_extension,EZ바 라잉 트라이셉스 익스텐션,OFI_GROUP,ELBOW_EXTENSION_TRICEPS,,WORKLOAD_BASELINE,0,1,MIGRATED_CURRENT_BEHAVIOR,ANALYSIS_CONTRACT_BASELINE_V1,,ex_d20b7487,analysis_contract_baseline_v1.csv; identity inheritance per final closeout
OFI_03348,ez_bar_lying_triceps_extension,EZ바 라잉 트라이셉스 익스텐션,OFI_SCORE,HIGH_FORCE_NEURAL,,,21,1,MIGRATED_CURRENT_BEHAVIOR,ANALYSIS_CONTRACT_BASELINE_V1,,ex_d20b7487,analysis_contract_baseline_v1.csv; identity inheritance per final closeout
OFI_03349,ez_bar_lying_triceps_extension,EZ바 라잉 트라이셉스 익스텐션,OFI_SCORE,HIGH_SPEED,,,21,1,MIGRATED_CURRENT_BEHAVIOR,ANALYSIS_CONTRACT_BASELINE_V1,,ex_d20b7487,analysis_contract_baseline_v1.csv; identity inheritance per final closeout
OFI_03350,ez_bar_lying_triceps_extension,EZ바 라잉 트라이셉스 익스텐션,OFI_SCORE,LOCAL_MUSCULAR,,,73,1,MIGRATED_CURRENT_BEHAVIOR,ANALYSIS_CONTRACT_BASELINE_V1,,ex_d20b7487,analysis_contract_baseline_v1.csv; identity inheritance per final closeout
OFI_03351,ez_bar_lying_triceps_extension,EZ바 라잉 트라이셉스 익스텐션,OFI_SCORE,REACTIVE,,,20,1,MIGRATED_CURRENT_BEHAVIOR,ANALYSIS_CONTRACT_BASELINE_V1,,ex_d20b7487,analysis_contract_baseline_v1.csv; identity inheritance per final closeout
OFI_03352,ez_bar_lying_triceps_extension,EZ바 라잉 트라이셉스 익스텐션,OFI_SCORE,SYSTEMIC_MUSCULAR,,,14,1,MIGRATED_CURRENT_BEHAVIOR,ANALYSIS_CONTRACT_BASELINE_V1,,ex_d20b7487,analysis_contract_baseline_v1.csv; identity inheritance per final closeout
OFI_03353,ez_bar_lying_triceps_extension,EZ바 라잉 트라이셉스 익스텐션,OFI_SNAPSHOT,SUMMARY,LOW,LOW,39,1,MIGRATED_CURRENT_BEHAVIOR,ANALYSIS_CONTRACT_BASELINE_V1,,ex_d20b7487,analysis_contract_baseline_v1.csv; identity inheritance per final closeout
OFI_03354,ez_bar_preacher_curl,EZ바 프리처 컬,BADMINTON_FATIGUE_COST,LOW,,,0,1,MIGRATED_CURRENT_BEHAVIOR,ANALYSIS_CONTRACT_BASELINE_V1,,ex_e994008a,analysis_contract_baseline_v1.csv; identity inheritance per final closeout
OFI_03355,ez_bar_preacher_curl,EZ바 프리처 컬,OFI_AXIS,HIGH_FORCE_NEURAL,,SHORT,17.1875,1,MIGRATED_CURRENT_BEHAVIOR,ANALYSIS_CONTRACT_BASELINE_V1,,ex_e994008a,analysis_contract_baseline_v1.csv; identity inheritance per final closeout
OFI_03356,ez_bar_preacher_curl,EZ바 프리처 컬,OFI_AXIS,HIGH_SPEED,,SHORT,17.1875,1,MIGRATED_CURRENT_BEHAVIOR,ANALYSIS_CONTRACT_BASELINE_V1,,ex_e994008a,analysis_contract_baseline_v1.csv; identity inheritance per final closeout
OFI_03357,ez_bar_preacher_curl,EZ바 프리처 컬,OFI_AXIS,LOCAL_MUSCULAR,,SHORT,58.4375,1,MIGRATED_CURRENT_BEHAVIOR,ANALYSIS_CONTRACT_BASELINE_V1,,ex_e994008a,analysis_contract_baseline_v1.csv; identity inheritance per final closeout
OFI_03358,ez_bar_preacher_curl,EZ바 프리처 컬,OFI_AXIS,REACTIVE,,SHORT,15.625,1,MIGRATED_CURRENT_BEHAVIOR,ANALYSIS_CONTRACT_BASELINE_V1,,ex_e994008a,analysis_contract_baseline_v1.csv; identity inheritance per final closeout
OFI_03359,ez_bar_preacher_curl,EZ바 프리처 컬,OFI_AXIS,SYSTEMIC_MUSCULAR,,SHORT,13.28125,1,MIGRATED_CURRENT_BEHAVIOR,ANALYSIS_CONTRACT_BASELINE_V1,,ex_e994008a,analysis_contract_baseline_v1.csv; identity inheritance per final closeout
OFI_03360,ez_bar_preacher_curl,EZ바 프리처 컬,OFI_DOSE,VOLUME_LOAD,,THREE_CONFIRMED_SETS_20KG_8REPS_600SECONDS_RPE8,0,1,MIGRATED_CURRENT_BEHAVIOR,ANALYSIS_CONTRACT_BASELINE_V1,,ex_e994008a,analysis_contract_baseline_v1.csv; identity inheritance per final closeout
OFI_03361,ez_bar_preacher_curl,EZ바 프리처 컬,OFI_GROUP,ELBOW_FLEXION_CURL,,LOCAL_REPEAT_DETECTION,0,1,MIGRATED_CURRENT_BEHAVIOR,ANALYSIS_CONTRACT_BASELINE_V1,,ex_e994008a,analysis_contract_baseline_v1.csv; identity inheritance per final closeout
OFI_03362,ez_bar_preacher_curl,EZ바 프리처 컬,OFI_GROUP,ELBOW_FLEXION_CURL,,STRENGTH_COMPARISON,0,1,MIGRATED_CURRENT_BEHAVIOR,ANALYSIS_CONTRACT_BASELINE_V1,,ex_e994008a,analysis_contract_baseline_v1.csv; identity inheritance per final closeout
OFI_03363,ez_bar_preacher_curl,EZ바 프리처 컬,OFI_GROUP,ELBOW_FLEXION_CURL,,WORKLOAD_BASELINE,0,1,MIGRATED_CURRENT_BEHAVIOR,ANALYSIS_CONTRACT_BASELINE_V1,,ex_e994008a,analysis_contract_baseline_v1.csv; identity inheritance per final closeout
OFI_03364,ez_bar_preacher_curl,EZ바 프리처 컬,OFI_SCORE,HIGH_FORCE_NEURAL,,,21,1,MIGRATED_CURRENT_BEHAVIOR,ANALYSIS_CONTRACT_BASELINE_V1,,ex_e994008a,analysis_contract_baseline_v1.csv; identity inheritance per final closeout
OFI_03365,ez_bar_preacher_curl,EZ바 프리처 컬,OFI_SCORE,HIGH_SPEED,,,21,1,MIGRATED_CURRENT_BEHAVIOR,ANALYSIS_CONTRACT_BASELINE_V1,,ex_e994008a,analysis_contract_baseline_v1.csv; identity inheritance per final closeout
OFI_03366,ez_bar_preacher_curl,EZ바 프리처 컬,OFI_SCORE,LOCAL_MUSCULAR,,,73,1,MIGRATED_CURRENT_BEHAVIOR,ANALYSIS_CONTRACT_BASELINE_V1,,ex_e994008a,analysis_contract_baseline_v1.csv; identity inheritance per final closeout
OFI_03367,ez_bar_preacher_curl,EZ바 프리처 컬,OFI_SCORE,REACTIVE,,,20,1,MIGRATED_CURRENT_BEHAVIOR,ANALYSIS_CONTRACT_BASELINE_V1,,ex_e994008a,analysis_contract_baseline_v1.csv; identity inheritance per final closeout
OFI_03368,ez_bar_preacher_curl,EZ바 프리처 컬,OFI_SCORE,SYSTEMIC_MUSCULAR,,,17,1,MIGRATED_CURRENT_BEHAVIOR,ANALYSIS_CONTRACT_BASELINE_V1,,ex_e994008a,analysis_contract_baseline_v1.csv; identity inheritance per final closeout
OFI_03369,ez_bar_preacher_curl,EZ바 프리처 컬,OFI_SNAPSHOT,SUMMARY,LOW,LOW,39,1,MIGRATED_CURRENT_BEHAVIOR,ANALYSIS_CONTRACT_BASELINE_V1,,ex_e994008a,analysis_contract_baseline_v1.csv; identity inheritance per final closeout
OFI_03370,ez_bar_reverse_curl,EZ바 리버스 컬,BADMINTON_FATIGUE_COST,VERY_HIGH,,,0,1,MIGRATED_CURRENT_BEHAVIOR,ANALYSIS_CONTRACT_BASELINE_V1,,ex_dd2f732e,analysis_contract_baseline_v1.csv; identity inheritance per final closeout
OFI_03371,ez_bar_reverse_curl,EZ바 리버스 컬,OFI_AXIS,HIGH_FORCE_NEURAL,,SHORT,17.1875,1,MIGRATED_CURRENT_BEHAVIOR,ANALYSIS_CONTRACT_BASELINE_V1,,ex_dd2f732e,analysis_contract_baseline_v1.csv; identity inheritance per final closeout
OFI_03372,ez_bar_reverse_curl,EZ바 리버스 컬,OFI_AXIS,HIGH_SPEED,,SHORT,17.1875,1,MIGRATED_CURRENT_BEHAVIOR,ANALYSIS_CONTRACT_BASELINE_V1,,ex_dd2f732e,analysis_contract_baseline_v1.csv; identity inheritance per final closeout
OFI_03373,ez_bar_reverse_curl,EZ바 리버스 컬,OFI_AXIS,LOCAL_MUSCULAR,,SHORT,58.4375,1,MIGRATED_CURRENT_BEHAVIOR,ANALYSIS_CONTRACT_BASELINE_V1,,ex_dd2f732e,analysis_contract_baseline_v1.csv; identity inheritance per final closeout
OFI_03374,ez_bar_reverse_curl,EZ바 리버스 컬,OFI_AXIS,REACTIVE,,SHORT,15.625,1,MIGRATED_CURRENT_BEHAVIOR,ANALYSIS_CONTRACT_BASELINE_V1,,ex_dd2f732e,analysis_contract_baseline_v1.csv; identity inheritance per final closeout
OFI_03375,ez_bar_reverse_curl,EZ바 리버스 컬,OFI_AXIS,SYSTEMIC_MUSCULAR,,SHORT,13.28125,1,MIGRATED_CURRENT_BEHAVIOR,ANALYSIS_CONTRACT_BASELINE_V1,,ex_dd2f732e,analysis_contract_baseline_v1.csv; identity inheritance per final closeout
OFI_03376,ez_bar_reverse_curl,EZ바 리버스 컬,OFI_DOSE,VOLUME_LOAD,,THREE_CONFIRMED_SETS_20KG_8REPS_600SECONDS_RPE8,0,1,MIGRATED_CURRENT_BEHAVIOR,ANALYSIS_CONTRACT_BASELINE_V1,,ex_dd2f732e,analysis_contract_baseline_v1.csv; identity inheritance per final closeout
OFI_03377,ez_bar_reverse_curl,EZ바 리버스 컬,OFI_GROUP,ELBOW_FLEXION_NEUTRAL_PRONATED_CURL,,LOCAL_REPEAT_DETECTION,0,1,MIGRATED_CURRENT_BEHAVIOR,ANALYSIS_CONTRACT_BASELINE_V1,,ex_dd2f732e,analysis_contract_baseline_v1.csv; identity inheritance per final closeout
OFI_03378,ez_bar_reverse_curl,EZ바 리버스 컬,OFI_GROUP,ELBOW_FLEXION_NEUTRAL_PRONATED_CURL,,STRENGTH_COMPARISON,0,1,MIGRATED_CURRENT_BEHAVIOR,ANALYSIS_CONTRACT_BASELINE_V1,,ex_dd2f732e,analysis_contract_baseline_v1.csv; identity inheritance per final closeout
OFI_03379,ez_bar_reverse_curl,EZ바 리버스 컬,OFI_GROUP,ELBOW_FLEXION_NEUTRAL_PRONATED_CURL,,WORKLOAD_BASELINE,0,1,MIGRATED_CURRENT_BEHAVIOR,ANALYSIS_CONTRACT_BASELINE_V1,,ex_dd2f732e,analysis_contract_baseline_v1.csv; identity inheritance per final closeout
OFI_03380,ez_bar_reverse_curl,EZ바 리버스 컬,OFI_SCORE,HIGH_FORCE_NEURAL,,,21,1,MIGRATED_CURRENT_BEHAVIOR,ANALYSIS_CONTRACT_BASELINE_V1,,ex_dd2f732e,analysis_contract_baseline_v1.csv; identity inheritance per final closeout
OFI_03381,ez_bar_reverse_curl,EZ바 리버스 컬,OFI_SCORE,HIGH_SPEED,,,21,1,MIGRATED_CURRENT_BEHAVIOR,ANALYSIS_CONTRACT_BASELINE_V1,,ex_dd2f732e,analysis_contract_baseline_v1.csv; identity inheritance per final closeout
OFI_03382,ez_bar_reverse_curl,EZ바 리버스 컬,OFI_SCORE,LOCAL_MUSCULAR,,,73,1,MIGRATED_CURRENT_BEHAVIOR,ANALYSIS_CONTRACT_BASELINE_V1,,ex_dd2f732e,analysis_contract_baseline_v1.csv; identity inheritance per final closeout
OFI_03383,ez_bar_reverse_curl,EZ바 리버스 컬,OFI_SCORE,REACTIVE,,,20,1,MIGRATED_CURRENT_BEHAVIOR,ANALYSIS_CONTRACT_BASELINE_V1,,ex_dd2f732e,analysis_contract_baseline_v1.csv; identity inheritance per final closeout
OFI_03384,ez_bar_reverse_curl,EZ바 리버스 컬,OFI_SCORE,SYSTEMIC_MUSCULAR,,,17,1,MIGRATED_CURRENT_BEHAVIOR,ANALYSIS_CONTRACT_BASELINE_V1,,ex_dd2f732e,analysis_contract_baseline_v1.csv; identity inheritance per final closeout
OFI_03385,ez_bar_reverse_curl,EZ바 리버스 컬,OFI_SNAPSHOT,SUMMARY,LOW,LOW,39,1,MIGRATED_CURRENT_BEHAVIOR,ANALYSIS_CONTRACT_BASELINE_V1,,ex_dd2f732e,analysis_contract_baseline_v1.csv; identity inheritance per final closeout
OFI_03386,ez_bar_spider_curl,EZ바 스파이더 컬,BADMINTON_FATIGUE_COST,LOW,,,0,1,MIGRATED_CURRENT_BEHAVIOR,ANALYSIS_CONTRACT_BASELINE_V1,,ex_516f4456,analysis_contract_baseline_v1.csv; identity inheritance per final closeout
OFI_03387,ez_bar_spider_curl,EZ바 스파이더 컬,OFI_AXIS,HIGH_FORCE_NEURAL,,SHORT,17.1875,1,MIGRATED_CURRENT_BEHAVIOR,ANALYSIS_CONTRACT_BASELINE_V1,,ex_516f4456,analysis_contract_baseline_v1.csv; identity inheritance per final closeout
OFI_03388,ez_bar_spider_curl,EZ바 스파이더 컬,OFI_AXIS,HIGH_SPEED,,SHORT,17.1875,1,MIGRATED_CURRENT_BEHAVIOR,ANALYSIS_CONTRACT_BASELINE_V1,,ex_516f4456,analysis_contract_baseline_v1.csv; identity inheritance per final closeout
OFI_03389,ez_bar_spider_curl,EZ바 스파이더 컬,OFI_AXIS,LOCAL_MUSCULAR,,SHORT,58.4375,1,MIGRATED_CURRENT_BEHAVIOR,ANALYSIS_CONTRACT_BASELINE_V1,,ex_516f4456,analysis_contract_baseline_v1.csv; identity inheritance per final closeout
OFI_03390,ez_bar_spider_curl,EZ바 스파이더 컬,OFI_AXIS,REACTIVE,,SHORT,15.625,1,MIGRATED_CURRENT_BEHAVIOR,ANALYSIS_CONTRACT_BASELINE_V1,,ex_516f4456,analysis_contract_baseline_v1.csv; identity inheritance per final closeout
OFI_03391,ez_bar_spider_curl,EZ바 스파이더 컬,OFI_AXIS,SYSTEMIC_MUSCULAR,,SHORT,13.28125,1,MIGRATED_CURRENT_BEHAVIOR,ANALYSIS_CONTRACT_BASELINE_V1,,ex_516f4456,analysis_contract_baseline_v1.csv; identity inheritance per final closeout
OFI_03392,ez_bar_spider_curl,EZ바 스파이더 컬,OFI_DOSE,VOLUME_LOAD,,THREE_CONFIRMED_SETS_20KG_8REPS_600SECONDS_RPE8,0,1,MIGRATED_CURRENT_BEHAVIOR,ANALYSIS_CONTRACT_BASELINE_V1,,ex_516f4456,analysis_contract_baseline_v1.csv; identity inheritance per final closeout
OFI_03393,ez_bar_spider_curl,EZ바 스파이더 컬,OFI_GROUP,ELBOW_FLEXION_CURL,,LOCAL_REPEAT_DETECTION,0,1,MIGRATED_CURRENT_BEHAVIOR,ANALYSIS_CONTRACT_BASELINE_V1,,ex_516f4456,analysis_contract_baseline_v1.csv; identity inheritance per final closeout
OFI_03394,ez_bar_spider_curl,EZ바 스파이더 컬,OFI_GROUP,ELBOW_FLEXION_CURL,,STRENGTH_COMPARISON,0,1,MIGRATED_CURRENT_BEHAVIOR,ANALYSIS_CONTRACT_BASELINE_V1,,ex_516f4456,analysis_contract_baseline_v1.csv; identity inheritance per final closeout
OFI_03395,ez_bar_spider_curl,EZ바 스파이더 컬,OFI_GROUP,ELBOW_FLEXION_CURL,,WORKLOAD_BASELINE,0,1,MIGRATED_CURRENT_BEHAVIOR,ANALYSIS_CONTRACT_BASELINE_V1,,ex_516f4456,analysis_contract_baseline_v1.csv; identity inheritance per final closeout
OFI_03396,ez_bar_spider_curl,EZ바 스파이더 컬,OFI_SCORE,HIGH_FORCE_NEURAL,,,21,1,MIGRATED_CURRENT_BEHAVIOR,ANALYSIS_CONTRACT_BASELINE_V1,,ex_516f4456,analysis_contract_baseline_v1.csv; identity inheritance per final closeout
OFI_03397,ez_bar_spider_curl,EZ바 스파이더 컬,OFI_SCORE,HIGH_SPEED,,,21,1,MIGRATED_CURRENT_BEHAVIOR,ANALYSIS_CONTRACT_BASELINE_V1,,ex_516f4456,analysis_contract_baseline_v1.csv; identity inheritance per final closeout
OFI_03398,ez_bar_spider_curl,EZ바 스파이더 컬,OFI_SCORE,LOCAL_MUSCULAR,,,73,1,MIGRATED_CURRENT_BEHAVIOR,ANALYSIS_CONTRACT_BASELINE_V1,,ex_516f4456,analysis_contract_baseline_v1.csv; identity inheritance per final closeout
OFI_03399,ez_bar_spider_curl,EZ바 스파이더 컬,OFI_SCORE,REACTIVE,,,20,1,MIGRATED_CURRENT_BEHAVIOR,ANALYSIS_CONTRACT_BASELINE_V1,,ex_516f4456,analysis_contract_baseline_v1.csv; identity inheritance per final closeout
OFI_03400,ez_bar_spider_curl,EZ바 스파이더 컬,OFI_SCORE,SYSTEMIC_MUSCULAR,,,17,1,MIGRATED_CURRENT_BEHAVIOR,ANALYSIS_CONTRACT_BASELINE_V1,,ex_516f4456,analysis_contract_baseline_v1.csv; identity inheritance per final closeout
OFI_03401,ez_bar_spider_curl,EZ바 스파이더 컬,OFI_SNAPSHOT,SUMMARY,LOW,LOW,39,1,MIGRATED_CURRENT_BEHAVIOR,ANALYSIS_CONTRACT_BASELINE_V1,,ex_516f4456,analysis_contract_baseline_v1.csv; identity inheritance per final closeout
OFI_03402,face_pull,페이스풀,BADMINTON_FATIGUE_COST,MEDIUM,,,0,1,MIGRATED_CURRENT_BEHAVIOR,ANALYSIS_CONTRACT_BASELINE_V1,,face_pull,analysis_contract_baseline_v1.csv; identity inheritance per final closeout
OFI_03403,face_pull,페이스풀,OFI_AXIS,HIGH_FORCE_NEURAL,,SHORT,17.1875,1,MIGRATED_CURRENT_BEHAVIOR,ANALYSIS_CONTRACT_BASELINE_V1,,face_pull,analysis_contract_baseline_v1.csv; identity inheritance per final closeout
OFI_03404,face_pull,페이스풀,OFI_AXIS,HIGH_SPEED,,SHORT,17.1875,1,MIGRATED_CURRENT_BEHAVIOR,ANALYSIS_CONTRACT_BASELINE_V1,,face_pull,analysis_contract_baseline_v1.csv; identity inheritance per final closeout
OFI_03405,face_pull,페이스풀,OFI_AXIS,LOCAL_MUSCULAR,,SHORT,37.8125,1,MIGRATED_CURRENT_BEHAVIOR,ANALYSIS_CONTRACT_BASELINE_V1,,face_pull,analysis_contract_baseline_v1.csv; identity inheritance per final closeout
OFI_03406,face_pull,페이스풀,OFI_AXIS,REACTIVE,,SHORT,15.625,1,MIGRATED_CURRENT_BEHAVIOR,ANALYSIS_CONTRACT_BASELINE_V1,,face_pull,analysis_contract_baseline_v1.csv; identity inheritance per final closeout
OFI_03407,face_pull,페이스풀,OFI_AXIS,SYSTEMIC_MUSCULAR,,SHORT,13.28125,1,MIGRATED_CURRENT_BEHAVIOR,ANALYSIS_CONTRACT_BASELINE_V1,,face_pull,analysis_contract_baseline_v1.csv; identity inheritance per final closeout
OFI_03408,face_pull,페이스풀,OFI_DOSE,QUALITY_BASED,,THREE_CONFIRMED_SETS_20KG_8REPS_600SECONDS_RPE8,0,1,MIGRATED_CURRENT_BEHAVIOR,ANALYSIS_CONTRACT_BASELINE_V1,,face_pull,analysis_contract_baseline_v1.csv; identity inheritance per final closeout
OFI_03409,face_pull,페이스풀,OFI_GROUP,NOT_APPLICABLE,,STRENGTH_COMPARISON,0,1,MIGRATED_CURRENT_BEHAVIOR,ANALYSIS_CONTRACT_BASELINE_V1,,face_pull,analysis_contract_baseline_v1.csv; identity inheritance per final closeout
OFI_03410,face_pull,페이스풀,OFI_GROUP,NOT_APPLICABLE,,WORKLOAD_BASELINE,0,1,MIGRATED_CURRENT_BEHAVIOR,ANALYSIS_CONTRACT_BASELINE_V1,,face_pull,analysis_contract_baseline_v1.csv; identity inheritance per final closeout
OFI_03411,face_pull,페이스풀,OFI_GROUP,SCAPULAR_RETRACTION_EXTERNAL_ROTATION,,LOCAL_REPEAT_DETECTION,0,1,MIGRATED_CURRENT_BEHAVIOR,ANALYSIS_CONTRACT_BASELINE_V1,,face_pull,analysis_contract_baseline_v1.csv; identity inheritance per final closeout
OFI_03412,face_pull,페이스풀,OFI_SCORE,HIGH_FORCE_NEURAL,,,21,1,MIGRATED_CURRENT_BEHAVIOR,ANALYSIS_CONTRACT_BASELINE_V1,,face_pull,analysis_contract_baseline_v1.csv; identity inheritance per final closeout
OFI_03413,face_pull,페이스풀,OFI_SCORE,HIGH_SPEED,,,21,1,MIGRATED_CURRENT_BEHAVIOR,ANALYSIS_CONTRACT_BASELINE_V1,,face_pull,analysis_contract_baseline_v1.csv; identity inheritance per final closeout
OFI_03414,face_pull,페이스풀,OFI_SCORE,LOCAL_MUSCULAR,,,47,1,MIGRATED_CURRENT_BEHAVIOR,ANALYSIS_CONTRACT_BASELINE_V1,,face_pull,analysis_contract_baseline_v1.csv; identity inheritance per final closeout
OFI_03415,face_pull,페이스풀,OFI_SCORE,REACTIVE,,,20,1,MIGRATED_CURRENT_BEHAVIOR,ANALYSIS_CONTRACT_BASELINE_V1,,face_pull,analysis_contract_baseline_v1.csv; identity inheritance per final closeout
OFI_03416,face_pull,페이스풀,OFI_SCORE,SYSTEMIC_MUSCULAR,,,17,1,MIGRATED_CURRENT_BEHAVIOR,ANALYSIS_CONTRACT_BASELINE_V1,,face_pull,analysis_contract_baseline_v1.csv; identity inheritance per final closeout
OFI_03417,face_pull,페이스풀,OFI_SNAPSHOT,SUMMARY,LOW,LOW,28,1,MIGRATED_CURRENT_BEHAVIOR,ANALYSIS_CONTRACT_BASELINE_V1,,face_pull,analysis_contract_baseline_v1.csv; identity inheritance per final closeout
OFI_03418,gymnastic_ring_inverted_row,짐내스틱 링 인버티드 로우,BADMINTON_FATIGUE_COST,MEDIUM,,,0,1,MIGRATED_CURRENT_BEHAVIOR,ANALYSIS_CONTRACT_BASELINE_V1,,ex_e159d15a,analysis_contract_baseline_v1.csv; identity inheritance per final closeout
OFI_03419,gymnastic_ring_inverted_row,짐내스틱 링 인버티드 로우,OFI_AXIS,HIGH_FORCE_NEURAL,,MEDIUM,37.8125,1,MIGRATED_CURRENT_BEHAVIOR,ANALYSIS_CONTRACT_BASELINE_V1,,ex_e159d15a,analysis_contract_baseline_v1.csv; identity inheritance per final closeout
OFI_03420,gymnastic_ring_inverted_row,짐내스틱 링 인버티드 로우,OFI_AXIS,HIGH_SPEED,,MEDIUM,17.1875,1,MIGRATED_CURRENT_BEHAVIOR,ANALYSIS_CONTRACT_BASELINE_V1,,ex_e159d15a,analysis_contract_baseline_v1.csv; identity inheritance per final closeout
OFI_03421,gymnastic_ring_inverted_row,짐내스틱 링 인버티드 로우,OFI_AXIS,LOCAL_MUSCULAR,,MEDIUM,58.4375,1,MIGRATED_CURRENT_BEHAVIOR,ANALYSIS_CONTRACT_BASELINE_V1,,ex_e159d15a,analysis_contract_baseline_v1.csv; identity inheritance per final closeout
OFI_03422,gymnastic_ring_inverted_row,짐내스틱 링 인버티드 로우,OFI_AXIS,REACTIVE,,MEDIUM,15.625,1,MIGRATED_CURRENT_BEHAVIOR,ANALYSIS_CONTRACT_BASELINE_V1,,ex_e159d15a,analysis_contract_baseline_v1.csv; identity inheritance per final closeout
OFI_03423,gymnastic_ring_inverted_row,짐내스틱 링 인버티드 로우,OFI_AXIS,SYSTEMIC_MUSCULAR,,MEDIUM,34.375,1,MIGRATED_CURRENT_BEHAVIOR,ANALYSIS_CONTRACT_BASELINE_V1,,ex_e159d15a,analysis_contract_baseline_v1.csv; identity inheritance per final closeout
OFI_03424,gymnastic_ring_inverted_row,짐내스틱 링 인버티드 로우,OFI_DOSE,VOLUME_LOAD,,THREE_CONFIRMED_SETS_20KG_8REPS_600SECONDS_RPE8,0,1,MIGRATED_CURRENT_BEHAVIOR,ANALYSIS_CONTRACT_BASELINE_V1,,ex_e159d15a,analysis_contract_baseline_v1.csv; identity inheritance per final closeout
OFI_03425,gymnastic_ring_inverted_row,짐내스틱 링 인버티드 로우,OFI_GROUP,HORIZONTAL_PULL_COMPOUND,,LOCAL_REPEAT_DETECTION,0,1,MIGRATED_CURRENT_BEHAVIOR,ANALYSIS_CONTRACT_BASELINE_V1,,ex_e159d15a,analysis_contract_baseline_v1.csv; identity inheritance per final closeout
OFI_03426,gymnastic_ring_inverted_row,짐내스틱 링 인버티드 로우,OFI_GROUP,HORIZONTAL_PULL_COMPOUND,,STRENGTH_COMPARISON,0,1,MIGRATED_CURRENT_BEHAVIOR,ANALYSIS_CONTRACT_BASELINE_V1,,ex_e159d15a,analysis_contract_baseline_v1.csv; identity inheritance per final closeout
OFI_03427,gymnastic_ring_inverted_row,짐내스틱 링 인버티드 로우,OFI_GROUP,HORIZONTAL_PULL_COMPOUND,,WORKLOAD_BASELINE,0,1,MIGRATED_CURRENT_BEHAVIOR,ANALYSIS_CONTRACT_BASELINE_V1,,ex_e159d15a,analysis_contract_baseline_v1.csv; identity inheritance per final closeout
OFI_03428,gymnastic_ring_inverted_row,짐내스틱 링 인버티드 로우,OFI_SCORE,HIGH_FORCE_NEURAL,,,47,1,MIGRATED_CURRENT_BEHAVIOR,ANALYSIS_CONTRACT_BASELINE_V1,,ex_e159d15a,analysis_contract_baseline_v1.csv; identity inheritance per final closeout
OFI_03429,gymnastic_ring_inverted_row,짐내스틱 링 인버티드 로우,OFI_SCORE,HIGH_SPEED,,,21,1,MIGRATED_CURRENT_BEHAVIOR,ANALYSIS_CONTRACT_BASELINE_V1,,ex_e159d15a,analysis_contract_baseline_v1.csv; identity inheritance per final closeout
OFI_03430,gymnastic_ring_inverted_row,짐내스틱 링 인버티드 로우,OFI_SCORE,LOCAL_MUSCULAR,,,73,1,MIGRATED_CURRENT_BEHAVIOR,ANALYSIS_CONTRACT_BASELINE_V1,,ex_e159d15a,analysis_contract_baseline_v1.csv; identity inheritance per final closeout
OFI_03431,gymnastic_ring_inverted_row,짐내스틱 링 인버티드 로우,OFI_SCORE,REACTIVE,,,20,1,MIGRATED_CURRENT_BEHAVIOR,ANALYSIS_CONTRACT_BASELINE_V1,,ex_e159d15a,analysis_contract_baseline_v1.csv; identity inheritance per final closeout
OFI_03432,gymnastic_ring_inverted_row,짐내스틱 링 인버티드 로우,OFI_SCORE,SYSTEMIC_MUSCULAR,,,43,1,MIGRATED_CURRENT_BEHAVIOR,ANALYSIS_CONTRACT_BASELINE_V1,,ex_e159d15a,analysis_contract_baseline_v1.csv; identity inheritance per final closeout
OFI_03433,gymnastic_ring_inverted_row,짐내스틱 링 인버티드 로우,OFI_SNAPSHOT,SUMMARY,NORMAL,LOW,44,1,MIGRATED_CURRENT_BEHAVIOR,ANALYSIS_CONTRACT_BASELINE_V1,,ex_e159d15a,analysis_contract_baseline_v1.csv; identity inheritance per final closeout
OFI_03434,half_kneeling_single_arm_dumbbell_press,하프 닐링 원암 덤벨 프레스,BADMINTON_FATIGUE_COST,MEDIUM,,,0,1,MIGRATED_CURRENT_BEHAVIOR,ANALYSIS_CONTRACT_BASELINE_V1,,half_kneeling_single_arm_dumbbell_press,analysis_contract_baseline_v1.csv; identity inheritance per final closeout
OFI_03435,half_kneeling_single_arm_dumbbell_press,하프 닐링 원암 덤벨 프레스,OFI_AXIS,HIGH_FORCE_NEURAL,,MEDIUM,17.1875,1,MIGRATED_CURRENT_BEHAVIOR,ANALYSIS_CONTRACT_BASELINE_V1,,half_kneeling_single_arm_dumbbell_press,analysis_contract_baseline_v1.csv; identity inheritance per final closeout
OFI_03436,half_kneeling_single_arm_dumbbell_press,하프 닐링 원암 덤벨 프레스,OFI_AXIS,HIGH_SPEED,,MEDIUM,17.1875,1,MIGRATED_CURRENT_BEHAVIOR,ANALYSIS_CONTRACT_BASELINE_V1,,half_kneeling_single_arm_dumbbell_press,analysis_contract_baseline_v1.csv; identity inheritance per final closeout
OFI_03437,half_kneeling_single_arm_dumbbell_press,하프 닐링 원암 덤벨 프레스,OFI_AXIS,LOCAL_MUSCULAR,,MEDIUM,58.4375,1,MIGRATED_CURRENT_BEHAVIOR,ANALYSIS_CONTRACT_BASELINE_V1,,half_kneeling_single_arm_dumbbell_press,analysis_contract_baseline_v1.csv; identity inheritance per final closeout
OFI_03438,half_kneeling_single_arm_dumbbell_press,하프 닐링 원암 덤벨 프레스,OFI_AXIS,REACTIVE,,MEDIUM,15.625,1,MIGRATED_CURRENT_BEHAVIOR,ANALYSIS_CONTRACT_BASELINE_V1,,half_kneeling_single_arm_dumbbell_press,analysis_contract_baseline_v1.csv; identity inheritance per final closeout
OFI_03439,half_kneeling_single_arm_dumbbell_press,하프 닐링 원암 덤벨 프레스,OFI_AXIS,SYSTEMIC_MUSCULAR,,MEDIUM,34.375,1,MIGRATED_CURRENT_BEHAVIOR,ANALYSIS_CONTRACT_BASELINE_V1,,half_kneeling_single_arm_dumbbell_press,analysis_contract_baseline_v1.csv; identity inheritance per final closeout
OFI_03440,half_kneeling_single_arm_dumbbell_press,하프 닐링 원암 덤벨 프레스,OFI_DOSE,VOLUME_LOAD,,THREE_CONFIRMED_SETS_20KG_8REPS_600SECONDS_RPE8,0,1,MIGRATED_CURRENT_BEHAVIOR,ANALYSIS_CONTRACT_BASELINE_V1,,half_kneeling_single_arm_dumbbell_press,analysis_contract_baseline_v1.csv; identity inheritance per final closeout
OFI_03441,half_kneeling_single_arm_dumbbell_press,하프 닐링 원암 덤벨 프레스,OFI_GROUP,HALF_KNEELING_UNILATERAL_VERTICAL_PUSH,,LOCAL_REPEAT_DETECTION,0,1,MIGRATED_CURRENT_BEHAVIOR,ANALYSIS_CONTRACT_BASELINE_V1,,half_kneeling_single_arm_dumbbell_press,analysis_contract_baseline_v1.csv; identity inheritance per final closeout
OFI_03442,half_kneeling_single_arm_dumbbell_press,하프 닐링 원암 덤벨 프레스,OFI_GROUP,HALF_KNEELING_UNILATERAL_VERTICAL_PUSH,,STRENGTH_COMPARISON,0,1,MIGRATED_CURRENT_BEHAVIOR,ANALYSIS_CONTRACT_BASELINE_V1,,half_kneeling_single_arm_dumbbell_press,analysis_contract_baseline_v1.csv; identity inheritance per final closeout
OFI_03443,half_kneeling_single_arm_dumbbell_press,하프 닐링 원암 덤벨 프레스,OFI_GROUP,HALF_KNEELING_UNILATERAL_VERTICAL_PUSH,,WORKLOAD_BASELINE,0,1,MIGRATED_CURRENT_BEHAVIOR,ANALYSIS_CONTRACT_BASELINE_V1,,half_kneeling_single_arm_dumbbell_press,analysis_contract_baseline_v1.csv; identity inheritance per final closeout
OFI_03444,half_kneeling_single_arm_dumbbell_press,하프 닐링 원암 덤벨 프레스,OFI_SCORE,HIGH_FORCE_NEURAL,,,21,1,MIGRATED_CURRENT_BEHAVIOR,ANALYSIS_CONTRACT_BASELINE_V1,,half_kneeling_single_arm_dumbbell_press,analysis_contract_baseline_v1.csv; identity inheritance per final closeout
OFI_03445,half_kneeling_single_arm_dumbbell_press,하프 닐링 원암 덤벨 프레스,OFI_SCORE,HIGH_SPEED,,,21,1,MIGRATED_CURRENT_BEHAVIOR,ANALYSIS_CONTRACT_BASELINE_V1,,half_kneeling_single_arm_dumbbell_press,analysis_contract_baseline_v1.csv; identity inheritance per final closeout
OFI_03446,half_kneeling_single_arm_dumbbell_press,하프 닐링 원암 덤벨 프레스,OFI_SCORE,LOCAL_MUSCULAR,,,73,1,MIGRATED_CURRENT_BEHAVIOR,ANALYSIS_CONTRACT_BASELINE_V1,,half_kneeling_single_arm_dumbbell_press,analysis_contract_baseline_v1.csv; identity inheritance per final closeout
OFI_03447,half_kneeling_single_arm_dumbbell_press,하프 닐링 원암 덤벨 프레스,OFI_SCORE,REACTIVE,,,20,1,MIGRATED_CURRENT_BEHAVIOR,ANALYSIS_CONTRACT_BASELINE_V1,,half_kneeling_single_arm_dumbbell_press,analysis_contract_baseline_v1.csv; identity inheritance per final closeout
OFI_03448,half_kneeling_single_arm_dumbbell_press,하프 닐링 원암 덤벨 프레스,OFI_SCORE,SYSTEMIC_MUSCULAR,,,43,1,MIGRATED_CURRENT_BEHAVIOR,ANALYSIS_CONTRACT_BASELINE_V1,,half_kneeling_single_arm_dumbbell_press,analysis_contract_baseline_v1.csv; identity inheritance per final closeout
OFI_03449,half_kneeling_single_arm_dumbbell_press,하프 닐링 원암 덤벨 프레스,OFI_SNAPSHOT,SUMMARY,NORMAL,LOW,42,1,MIGRATED_CURRENT_BEHAVIOR,ANALYSIS_CONTRACT_BASELINE_V1,,half_kneeling_single_arm_dumbbell_press,analysis_contract_baseline_v1.csv; identity inheritance per final closeout
OFI_03450,half_kneeling_single_arm_kettlebell_press,하프 닐링 원암 케틀벨 프레스,BADMINTON_FATIGUE_COST,MEDIUM,,,0,1,MIGRATED_CURRENT_BEHAVIOR,ANALYSIS_CONTRACT_BASELINE_V1,,half_kneeling_single_arm_kettlebell_press,analysis_contract_baseline_v1.csv; identity inheritance per final closeout
OFI_03451,half_kneeling_single_arm_kettlebell_press,하프 닐링 원암 케틀벨 프레스,OFI_AXIS,HIGH_FORCE_NEURAL,,MEDIUM,17.1875,1,MIGRATED_CURRENT_BEHAVIOR,ANALYSIS_CONTRACT_BASELINE_V1,,half_kneeling_single_arm_kettlebell_press,analysis_contract_baseline_v1.csv; identity inheritance per final closeout
OFI_03452,half_kneeling_single_arm_kettlebell_press,하프 닐링 원암 케틀벨 프레스,OFI_AXIS,HIGH_SPEED,,MEDIUM,17.1875,1,MIGRATED_CURRENT_BEHAVIOR,ANALYSIS_CONTRACT_BASELINE_V1,,half_kneeling_single_arm_kettlebell_press,analysis_contract_baseline_v1.csv; identity inheritance per final closeout
OFI_03453,half_kneeling_single_arm_kettlebell_press,하프 닐링 원암 케틀벨 프레스,OFI_AXIS,LOCAL_MUSCULAR,,MEDIUM,58.4375,1,MIGRATED_CURRENT_BEHAVIOR,ANALYSIS_CONTRACT_BASELINE_V1,,half_kneeling_single_arm_kettlebell_press,analysis_contract_baseline_v1.csv; identity inheritance per final closeout
OFI_03454,half_kneeling_single_arm_kettlebell_press,하프 닐링 원암 케틀벨 프레스,OFI_AXIS,REACTIVE,,MEDIUM,15.625,1,MIGRATED_CURRENT_BEHAVIOR,ANALYSIS_CONTRACT_BASELINE_V1,,half_kneeling_single_arm_kettlebell_press,analysis_contract_baseline_v1.csv; identity inheritance per final closeout
OFI_03455,half_kneeling_single_arm_kettlebell_press,하프 닐링 원암 케틀벨 프레스,OFI_AXIS,SYSTEMIC_MUSCULAR,,MEDIUM,34.375,1,MIGRATED_CURRENT_BEHAVIOR,ANALYSIS_CONTRACT_BASELINE_V1,,half_kneeling_single_arm_kettlebell_press,analysis_contract_baseline_v1.csv; identity inheritance per final closeout
OFI_03456,half_kneeling_single_arm_kettlebell_press,하프 닐링 원암 케틀벨 프레스,OFI_DOSE,VOLUME_LOAD,,THREE_CONFIRMED_SETS_20KG_8REPS_600SECONDS_RPE8,0,1,MIGRATED_CURRENT_BEHAVIOR,ANALYSIS_CONTRACT_BASELINE_V1,,half_kneeling_single_arm_kettlebell_press,analysis_contract_baseline_v1.csv; identity inheritance per final closeout
OFI_03457,half_kneeling_single_arm_kettlebell_press,하프 닐링 원암 케틀벨 프레스,OFI_GROUP,HALF_KNEELING_UNILATERAL_VERTICAL_PUSH,,LOCAL_REPEAT_DETECTION,0,1,MIGRATED_CURRENT_BEHAVIOR,ANALYSIS_CONTRACT_BASELINE_V1,,half_kneeling_single_arm_kettlebell_press,analysis_contract_baseline_v1.csv; identity inheritance per final closeout
OFI_03458,half_kneeling_single_arm_kettlebell_press,하프 닐링 원암 케틀벨 프레스,OFI_GROUP,HALF_KNEELING_UNILATERAL_VERTICAL_PUSH,,STRENGTH_COMPARISON,0,1,MIGRATED_CURRENT_BEHAVIOR,ANALYSIS_CONTRACT_BASELINE_V1,,half_kneeling_single_arm_kettlebell_press,analysis_contract_baseline_v1.csv; identity inheritance per final closeout
OFI_03459,half_kneeling_single_arm_kettlebell_press,하프 닐링 원암 케틀벨 프레스,OFI_GROUP,HALF_KNEELING_UNILATERAL_VERTICAL_PUSH,,WORKLOAD_BASELINE,0,1,MIGRATED_CURRENT_BEHAVIOR,ANALYSIS_CONTRACT_BASELINE_V1,,half_kneeling_single_arm_kettlebell_press,analysis_contract_baseline_v1.csv; identity inheritance per final closeout
OFI_03460,half_kneeling_single_arm_kettlebell_press,하프 닐링 원암 케틀벨 프레스,OFI_SCORE,HIGH_FORCE_NEURAL,,,21,1,MIGRATED_CURRENT_BEHAVIOR,ANALYSIS_CONTRACT_BASELINE_V1,,half_kneeling_single_arm_kettlebell_press,analysis_contract_baseline_v1.csv; identity inheritance per final closeout
OFI_03461,half_kneeling_single_arm_kettlebell_press,하프 닐링 원암 케틀벨 프레스,OFI_SCORE,HIGH_SPEED,,,21,1,MIGRATED_CURRENT_BEHAVIOR,ANALYSIS_CONTRACT_BASELINE_V1,,half_kneeling_single_arm_kettlebell_press,analysis_contract_baseline_v1.csv; identity inheritance per final closeout
OFI_03462,half_kneeling_single_arm_kettlebell_press,하프 닐링 원암 케틀벨 프레스,OFI_SCORE,LOCAL_MUSCULAR,,,73,1,MIGRATED_CURRENT_BEHAVIOR,ANALYSIS_CONTRACT_BASELINE_V1,,half_kneeling_single_arm_kettlebell_press,analysis_contract_baseline_v1.csv; identity inheritance per final closeout
OFI_03463,half_kneeling_single_arm_kettlebell_press,하프 닐링 원암 케틀벨 프레스,OFI_SCORE,REACTIVE,,,20,1,MIGRATED_CURRENT_BEHAVIOR,ANALYSIS_CONTRACT_BASELINE_V1,,half_kneeling_single_arm_kettlebell_press,analysis_contract_baseline_v1.csv; identity inheritance per final closeout
OFI_03464,half_kneeling_single_arm_kettlebell_press,하프 닐링 원암 케틀벨 프레스,OFI_SCORE,SYSTEMIC_MUSCULAR,,,43,1,MIGRATED_CURRENT_BEHAVIOR,ANALYSIS_CONTRACT_BASELINE_V1,,half_kneeling_single_arm_kettlebell_press,analysis_contract_baseline_v1.csv; identity inheritance per final closeout
OFI_03465,half_kneeling_single_arm_kettlebell_press,하프 닐링 원암 케틀벨 프레스,OFI_SNAPSHOT,SUMMARY,NORMAL,LOW,42,1,MIGRATED_CURRENT_BEHAVIOR,ANALYSIS_CONTRACT_BASELINE_V1,,half_kneeling_single_arm_kettlebell_press,analysis_contract_baseline_v1.csv; identity inheritance per final closeout
OFI_03466,hip_adduction_machine,힙 어덕션 머신,BADMINTON_FATIGUE_COST,HIGH,,,0,1,MIGRATED_CURRENT_BEHAVIOR,ANALYSIS_CONTRACT_BASELINE_V1,,ex_eaea872c,analysis_contract_baseline_v1.csv; identity inheritance per final closeout
OFI_03467,hip_adduction_machine,힙 어덕션 머신,OFI_AXIS,HIGH_FORCE_NEURAL,,SHORT,17.1875,1,MIGRATED_CURRENT_BEHAVIOR,ANALYSIS_CONTRACT_BASELINE_V1,,ex_eaea872c,analysis_contract_baseline_v1.csv; identity inheritance per final closeout
OFI_03468,hip_adduction_machine,힙 어덕션 머신,OFI_AXIS,HIGH_SPEED,,SHORT,70.125,1,MIGRATED_CURRENT_BEHAVIOR,ANALYSIS_CONTRACT_BASELINE_V1,,ex_eaea872c,analysis_contract_baseline_v1.csv; identity inheritance per final closeout
OFI_03469,hip_adduction_machine,힙 어덕션 머신,OFI_AXIS,LOCAL_MUSCULAR,,SHORT,58.4375,1,MIGRATED_CURRENT_BEHAVIOR,ANALYSIS_CONTRACT_BASELINE_V1,,ex_eaea872c,analysis_contract_baseline_v1.csv; identity inheritance per final closeout
OFI_03470,hip_adduction_machine,힙 어덕션 머신,OFI_AXIS,REACTIVE,,SHORT,63.75,1,MIGRATED_CURRENT_BEHAVIOR,ANALYSIS_CONTRACT_BASELINE_V1,,ex_eaea872c,analysis_contract_baseline_v1.csv; identity inheritance per final closeout
OFI_03471,hip_adduction_machine,힙 어덕션 머신,OFI_AXIS,SYSTEMIC_MUSCULAR,,SHORT,13.28125,1,MIGRATED_CURRENT_BEHAVIOR,ANALYSIS_CONTRACT_BASELINE_V1,,ex_eaea872c,analysis_contract_baseline_v1.csv; identity inheritance per final closeout
OFI_03472,hip_adduction_machine,힙 어덕션 머신,OFI_DOSE,LOAD_REPS,,THREE_CONFIRMED_SETS_20KG_8REPS_600SECONDS_RPE8,0,1,MIGRATED_CURRENT_BEHAVIOR,ANALYSIS_CONTRACT_BASELINE_V1,,ex_eaea872c,analysis_contract_baseline_v1.csv; identity inheritance per final closeout
OFI_03473,hip_adduction_machine,힙 어덕션 머신,OFI_GROUP,HIP_ADDUCTION_ACCESSORY,,LOCAL_REPEAT_DETECTION,0,1,MIGRATED_CURRENT_BEHAVIOR,ANALYSIS_CONTRACT_BASELINE_V1,,ex_eaea872c,analysis_contract_baseline_v1.csv; identity inheritance per final closeout
OFI_03474,hip_adduction_machine,힙 어덕션 머신,OFI_GROUP,HIP_ADDUCTION_ACCESSORY,,STRENGTH_COMPARISON,0,1,MIGRATED_CURRENT_BEHAVIOR,ANALYSIS_CONTRACT_BASELINE_V1,,ex_eaea872c,analysis_contract_baseline_v1.csv; identity inheritance per final closeout
OFI_03475,hip_adduction_machine,힙 어덕션 머신,OFI_GROUP,HIP_ADDUCTION_ACCESSORY,,WORKLOAD_BASELINE,0,1,MIGRATED_CURRENT_BEHAVIOR,ANALYSIS_CONTRACT_BASELINE_V1,,ex_eaea872c,analysis_contract_baseline_v1.csv; identity inheritance per final closeout
OFI_03476,hip_adduction_machine,힙 어덕션 머신,OFI_SCORE,HIGH_FORCE_NEURAL,,,21,1,MIGRATED_CURRENT_BEHAVIOR,ANALYSIS_CONTRACT_BASELINE_V1,,ex_eaea872c,analysis_contract_baseline_v1.csv; identity inheritance per final closeout
OFI_03477,hip_adduction_machine,힙 어덕션 머신,OFI_SCORE,HIGH_SPEED,,,88,1,MIGRATED_CURRENT_BEHAVIOR,ANALYSIS_CONTRACT_BASELINE_V1,,ex_eaea872c,analysis_contract_baseline_v1.csv; identity inheritance per final closeout
OFI_03478,hip_adduction_machine,힙 어덕션 머신,OFI_SCORE,LOCAL_MUSCULAR,,,73,1,MIGRATED_CURRENT_BEHAVIOR,ANALYSIS_CONTRACT_BASELINE_V1,,ex_eaea872c,analysis_contract_baseline_v1.csv; identity inheritance per final closeout
OFI_03479,hip_adduction_machine,힙 어덕션 머신,OFI_SCORE,REACTIVE,,,80,1,MIGRATED_CURRENT_BEHAVIOR,ANALYSIS_CONTRACT_BASELINE_V1,,ex_eaea872c,analysis_contract_baseline_v1.csv; identity inheritance per final closeout
OFI_03480,hip_adduction_machine,힙 어덕션 머신,OFI_SCORE,SYSTEMIC_MUSCULAR,,,17,1,MIGRATED_CURRENT_BEHAVIOR,ANALYSIS_CONTRACT_BASELINE_V1,,ex_eaea872c,analysis_contract_baseline_v1.csv; identity inheritance per final closeout
OFI_03481,hip_adduction_machine,힙 어덕션 머신,OFI_SNAPSHOT,SUMMARY,NORMAL,LOW,72,1,MIGRATED_CURRENT_BEHAVIOR,ANALYSIS_CONTRACT_BASELINE_V1,,ex_eaea872c,analysis_contract_baseline_v1.csv; identity inheritance per final closeout
OFI_03482,kettlebell_farmer_carry,케틀벨 파머스 캐리,BADMINTON_FATIGUE_COST,MEDIUM,,,0,1,MIGRATED_CURRENT_BEHAVIOR,ANALYSIS_CONTRACT_BASELINE_V1,,ex_a1fc4533,analysis_contract_baseline_v1.csv; identity inheritance per final closeout
OFI_03483,kettlebell_farmer_carry,케틀벨 파머스 캐리,OFI_AXIS,HIGH_FORCE_NEURAL,,MEDIUM,17.1875,1,MIGRATED_CURRENT_BEHAVIOR,ANALYSIS_CONTRACT_BASELINE_V1,,ex_a1fc4533,analysis_contract_baseline_v1.csv; identity inheritance per final closeout
OFI_03484,kettlebell_farmer_carry,케틀벨 파머스 캐리,OFI_AXIS,HIGH_SPEED,,MEDIUM,17.1875,1,MIGRATED_CURRENT_BEHAVIOR,ANALYSIS_CONTRACT_BASELINE_V1,,ex_a1fc4533,analysis_contract_baseline_v1.csv; identity inheritance per final closeout
OFI_03485,kettlebell_farmer_carry,케틀벨 파머스 캐리,OFI_AXIS,LOCAL_MUSCULAR,,MEDIUM,58.4375,1,MIGRATED_CURRENT_BEHAVIOR,ANALYSIS_CONTRACT_BASELINE_V1,,ex_a1fc4533,analysis_contract_baseline_v1.csv; identity inheritance per final closeout
OFI_03486,kettlebell_farmer_carry,케틀벨 파머스 캐리,OFI_AXIS,REACTIVE,,MEDIUM,63.75,1,MIGRATED_CURRENT_BEHAVIOR,ANALYSIS_CONTRACT_BASELINE_V1,,ex_a1fc4533,analysis_contract_baseline_v1.csv; identity inheritance per final closeout
OFI_03487,kettlebell_farmer_carry,케틀벨 파머스 캐리,OFI_AXIS,SYSTEMIC_MUSCULAR,,MEDIUM,34.375,1,MIGRATED_CURRENT_BEHAVIOR,ANALYSIS_CONTRACT_BASELINE_V1,,ex_a1fc4533,analysis_contract_baseline_v1.csv; identity inheritance per final closeout
OFI_03488,kettlebell_farmer_carry,케틀벨 파머스 캐리,OFI_DOSE,DISTANCE_OR_TIME,,THREE_CONFIRMED_SETS_20KG_8REPS_600SECONDS_RPE8,0,1,MIGRATED_CURRENT_BEHAVIOR,ANALYSIS_CONTRACT_BASELINE_V1,,ex_a1fc4533,analysis_contract_baseline_v1.csv; identity inheritance per final closeout
OFI_03489,kettlebell_farmer_carry,케틀벨 파머스 캐리,OFI_GROUP,CARRY_GRIP_CORE_BRACING,,LOCAL_REPEAT_DETECTION,0,1,MIGRATED_CURRENT_BEHAVIOR,ANALYSIS_CONTRACT_BASELINE_V1,,ex_a1fc4533,analysis_contract_baseline_v1.csv; identity inheritance per final closeout
OFI_03490,kettlebell_farmer_carry,케틀벨 파머스 캐리,OFI_GROUP,CARRY_GRIP_CORE_BRACING,,STRENGTH_COMPARISON,0,1,MIGRATED_CURRENT_BEHAVIOR,ANALYSIS_CONTRACT_BASELINE_V1,,ex_a1fc4533,analysis_contract_baseline_v1.csv; identity inheritance per final closeout
OFI_03491,kettlebell_farmer_carry,케틀벨 파머스 캐리,OFI_GROUP,CARRY_GRIP_CORE_BRACING,,WORKLOAD_BASELINE,0,1,MIGRATED_CURRENT_BEHAVIOR,ANALYSIS_CONTRACT_BASELINE_V1,,ex_a1fc4533,analysis_contract_baseline_v1.csv; identity inheritance per final closeout
OFI_03492,kettlebell_farmer_carry,케틀벨 파머스 캐리,OFI_SCORE,HIGH_FORCE_NEURAL,,,21,1,MIGRATED_CURRENT_BEHAVIOR,ANALYSIS_CONTRACT_BASELINE_V1,,ex_a1fc4533,analysis_contract_baseline_v1.csv; identity inheritance per final closeout
OFI_03493,kettlebell_farmer_carry,케틀벨 파머스 캐리,OFI_SCORE,HIGH_SPEED,,,21,1,MIGRATED_CURRENT_BEHAVIOR,ANALYSIS_CONTRACT_BASELINE_V1,,ex_a1fc4533,analysis_contract_baseline_v1.csv; identity inheritance per final closeout
OFI_03494,kettlebell_farmer_carry,케틀벨 파머스 캐리,OFI_SCORE,LOCAL_MUSCULAR,,,73,1,MIGRATED_CURRENT_BEHAVIOR,ANALYSIS_CONTRACT_BASELINE_V1,,ex_a1fc4533,analysis_contract_baseline_v1.csv; identity inheritance per final closeout
OFI_03495,kettlebell_farmer_carry,케틀벨 파머스 캐리,OFI_SCORE,REACTIVE,,,80,1,MIGRATED_CURRENT_BEHAVIOR,ANALYSIS_CONTRACT_BASELINE_V1,,ex_a1fc4533,analysis_contract_baseline_v1.csv; identity inheritance per final closeout
OFI_03496,kettlebell_farmer_carry,케틀벨 파머스 캐리,OFI_SCORE,SYSTEMIC_MUSCULAR,,,43,1,MIGRATED_CURRENT_BEHAVIOR,ANALYSIS_CONTRACT_BASELINE_V1,,ex_a1fc4533,analysis_contract_baseline_v1.csv; identity inheritance per final closeout
OFI_03497,kettlebell_farmer_carry,케틀벨 파머스 캐리,OFI_SNAPSHOT,SUMMARY,NORMAL,LOW,61,1,MIGRATED_CURRENT_BEHAVIOR,ANALYSIS_CONTRACT_BASELINE_V1,,ex_a1fc4533,analysis_contract_baseline_v1.csv; identity inheritance per final closeout
OFI_03498,kettlebell_goblet_squat,케틀벨 고블릿 스쿼트,BADMINTON_FATIGUE_COST,VERY_HIGH,,,0,1,MIGRATED_CURRENT_BEHAVIOR,ANALYSIS_CONTRACT_BASELINE_V1,,ex_ac7df636,analysis_contract_baseline_v1.csv; identity inheritance per final closeout
OFI_03499,kettlebell_goblet_squat,케틀벨 고블릿 스쿼트,OFI_AXIS,HIGH_FORCE_NEURAL,,SHORT,17.1875,1,MIGRATED_CURRENT_BEHAVIOR,ANALYSIS_CONTRACT_BASELINE_V1,,ex_ac7df636,analysis_contract_baseline_v1.csv; identity inheritance per final closeout
OFI_03500,kettlebell_goblet_squat,케틀벨 고블릿 스쿼트,OFI_AXIS,HIGH_SPEED,,SHORT,17.1875,1,MIGRATED_CURRENT_BEHAVIOR,ANALYSIS_CONTRACT_BASELINE_V1,,ex_ac7df636,analysis_contract_baseline_v1.csv; identity inheritance per final closeout
OFI_03501,kettlebell_goblet_squat,케틀벨 고블릿 스쿼트,OFI_AXIS,LOCAL_MUSCULAR,,SHORT,37.8125,1,MIGRATED_CURRENT_BEHAVIOR,ANALYSIS_CONTRACT_BASELINE_V1,,ex_ac7df636,analysis_contract_baseline_v1.csv; identity inheritance per final closeout
OFI_03502,kettlebell_goblet_squat,케틀벨 고블릿 스쿼트,OFI_AXIS,REACTIVE,,SHORT,15.625,1,MIGRATED_CURRENT_BEHAVIOR,ANALYSIS_CONTRACT_BASELINE_V1,,ex_ac7df636,analysis_contract_baseline_v1.csv; identity inheritance per final closeout
OFI_03503,kettlebell_goblet_squat,케틀벨 고블릿 스쿼트,OFI_AXIS,SYSTEMIC_MUSCULAR,,SHORT,13.28125,1,MIGRATED_CURRENT_BEHAVIOR,ANALYSIS_CONTRACT_BASELINE_V1,,ex_ac7df636,analysis_contract_baseline_v1.csv; identity inheritance per final closeout
OFI_03504,kettlebell_goblet_squat,케틀벨 고블릿 스쿼트,OFI_DOSE,VOLUME_LOAD,,THREE_CONFIRMED_SETS_20KG_8REPS_600SECONDS_RPE8,0,1,MIGRATED_CURRENT_BEHAVIOR,ANALYSIS_CONTRACT_BASELINE_V1,,ex_ac7df636,analysis_contract_baseline_v1.csv; identity inheritance per final closeout
OFI_03505,kettlebell_goblet_squat,케틀벨 고블릿 스쿼트,OFI_GROUP,SQUAT_PATTERN_ACCESSORY,,LOCAL_REPEAT_DETECTION,0,1,MIGRATED_CURRENT_BEHAVIOR,ANALYSIS_CONTRACT_BASELINE_V1,,ex_ac7df636,analysis_contract_baseline_v1.csv; identity inheritance per final closeout
OFI_03506,kettlebell_goblet_squat,케틀벨 고블릿 스쿼트,OFI_GROUP,SQUAT_PATTERN_ACCESSORY,,STRENGTH_COMPARISON,0,1,MIGRATED_CURRENT_BEHAVIOR,ANALYSIS_CONTRACT_BASELINE_V1,,ex_ac7df636,analysis_contract_baseline_v1.csv; identity inheritance per final closeout
OFI_03507,kettlebell_goblet_squat,케틀벨 고블릿 스쿼트,OFI_GROUP,SQUAT_PATTERN_ACCESSORY,,WORKLOAD_BASELINE,0,1,MIGRATED_CURRENT_BEHAVIOR,ANALYSIS_CONTRACT_BASELINE_V1,,ex_ac7df636,analysis_contract_baseline_v1.csv; identity inheritance per final closeout
OFI_03508,kettlebell_goblet_squat,케틀벨 고블릿 스쿼트,OFI_SCORE,HIGH_FORCE_NEURAL,,,21,1,MIGRATED_CURRENT_BEHAVIOR,ANALYSIS_CONTRACT_BASELINE_V1,,ex_ac7df636,analysis_contract_baseline_v1.csv; identity inheritance per final closeout
OFI_03509,kettlebell_goblet_squat,케틀벨 고블릿 스쿼트,OFI_SCORE,HIGH_SPEED,,,21,1,MIGRATED_CURRENT_BEHAVIOR,ANALYSIS_CONTRACT_BASELINE_V1,,ex_ac7df636,analysis_contract_baseline_v1.csv; identity inheritance per final closeout
OFI_03510,kettlebell_goblet_squat,케틀벨 고블릿 스쿼트,OFI_SCORE,LOCAL_MUSCULAR,,,47,1,MIGRATED_CURRENT_BEHAVIOR,ANALYSIS_CONTRACT_BASELINE_V1,,ex_ac7df636,analysis_contract_baseline_v1.csv; identity inheritance per final closeout
OFI_03511,kettlebell_goblet_squat,케틀벨 고블릿 스쿼트,OFI_SCORE,REACTIVE,,,20,1,MIGRATED_CURRENT_BEHAVIOR,ANALYSIS_CONTRACT_BASELINE_V1,,ex_ac7df636,analysis_contract_baseline_v1.csv; identity inheritance per final closeout
OFI_03512,kettlebell_goblet_squat,케틀벨 고블릿 스쿼트,OFI_SCORE,SYSTEMIC_MUSCULAR,,,17,1,MIGRATED_CURRENT_BEHAVIOR,ANALYSIS_CONTRACT_BASELINE_V1,,ex_ac7df636,analysis_contract_baseline_v1.csv; identity inheritance per final closeout
OFI_03513,kettlebell_goblet_squat,케틀벨 고블릿 스쿼트,OFI_SNAPSHOT,SUMMARY,LOW,LOW,28,1,MIGRATED_CURRENT_BEHAVIOR,ANALYSIS_CONTRACT_BASELINE_V1,,ex_ac7df636,analysis_contract_baseline_v1.csv; identity inheritance per final closeout
OFI_03514,kettlebell_halo,케틀벨 헤일로,BADMINTON_FATIGUE_COST,MEDIUM,,,0,1,MIGRATED_CURRENT_BEHAVIOR,ANALYSIS_CONTRACT_BASELINE_V1,,kettlebell_halo,analysis_contract_baseline_v1.csv; identity inheritance per final closeout
OFI_03515,kettlebell_halo,케틀벨 헤일로,OFI_AXIS,HIGH_FORCE_NEURAL,,SHORT,17.1875,1,MIGRATED_CURRENT_BEHAVIOR,ANALYSIS_CONTRACT_BASELINE_V1,,kettlebell_halo,analysis_contract_baseline_v1.csv; identity inheritance per final closeout
OFI_03516,kettlebell_halo,케틀벨 헤일로,OFI_AXIS,HIGH_SPEED,,SHORT,17.1875,1,MIGRATED_CURRENT_BEHAVIOR,ANALYSIS_CONTRACT_BASELINE_V1,,kettlebell_halo,analysis_contract_baseline_v1.csv; identity inheritance per final closeout
OFI_03517,kettlebell_halo,케틀벨 헤일로,OFI_AXIS,LOCAL_MUSCULAR,,SHORT,17.1875,1,MIGRATED_CURRENT_BEHAVIOR,ANALYSIS_CONTRACT_BASELINE_V1,,kettlebell_halo,analysis_contract_baseline_v1.csv; identity inheritance per final closeout
OFI_03518,kettlebell_halo,케틀벨 헤일로,OFI_AXIS,REACTIVE,,SHORT,15.625,1,MIGRATED_CURRENT_BEHAVIOR,ANALYSIS_CONTRACT_BASELINE_V1,,kettlebell_halo,analysis_contract_baseline_v1.csv; identity inheritance per final closeout
OFI_03519,kettlebell_halo,케틀벨 헤일로,OFI_AXIS,SYSTEMIC_MUSCULAR,,SHORT,15.625,1,MIGRATED_CURRENT_BEHAVIOR,ANALYSIS_CONTRACT_BASELINE_V1,,kettlebell_halo,analysis_contract_baseline_v1.csv; identity inheritance per final closeout
OFI_03520,kettlebell_halo,케틀벨 헤일로,OFI_DOSE,QUALITY_BASED,,THREE_CONFIRMED_SETS_20KG_8REPS_600SECONDS_RPE8,0,1,MIGRATED_CURRENT_BEHAVIOR,ANALYSIS_CONTRACT_BASELINE_V1,,kettlebell_halo,analysis_contract_baseline_v1.csv; identity inheritance per final closeout
OFI_03521,kettlebell_halo,케틀벨 헤일로,OFI_GROUP,SCAPULAR_SHOULDER_CONTROL,,LOCAL_REPEAT_DETECTION,0,1,MIGRATED_CURRENT_BEHAVIOR,ANALYSIS_CONTRACT_BASELINE_V1,,kettlebell_halo,analysis_contract_baseline_v1.csv; identity inheritance per final closeout
OFI_03522,kettlebell_halo,케틀벨 헤일로,OFI_GROUP,SHOULDER_OVERHEAD,,STRENGTH_COMPARISON,0,1,MIGRATED_CURRENT_BEHAVIOR,ANALYSIS_CONTRACT_BASELINE_V1,,kettlebell_halo,analysis_contract_baseline_v1.csv; identity inheritance per final closeout
OFI_03523,kettlebell_halo,케틀벨 헤일로,OFI_GROUP,SHOULDER_OVERHEAD,,WORKLOAD_BASELINE,0,1,MIGRATED_CURRENT_BEHAVIOR,ANALYSIS_CONTRACT_BASELINE_V1,,kettlebell_halo,analysis_contract_baseline_v1.csv; identity inheritance per final closeout
OFI_03524,kettlebell_halo,케틀벨 헤일로,OFI_SCORE,HIGH_FORCE_NEURAL,,,21,1,MIGRATED_CURRENT_BEHAVIOR,ANALYSIS_CONTRACT_BASELINE_V1,,kettlebell_halo,analysis_contract_baseline_v1.csv; identity inheritance per final closeout
OFI_03525,kettlebell_halo,케틀벨 헤일로,OFI_SCORE,HIGH_SPEED,,,21,1,MIGRATED_CURRENT_BEHAVIOR,ANALYSIS_CONTRACT_BASELINE_V1,,kettlebell_halo,analysis_contract_baseline_v1.csv; identity inheritance per final closeout
OFI_03526,kettlebell_halo,케틀벨 헤일로,OFI_SCORE,LOCAL_MUSCULAR,,,21,1,MIGRATED_CURRENT_BEHAVIOR,ANALYSIS_CONTRACT_BASELINE_V1,,kettlebell_halo,analysis_contract_baseline_v1.csv; identity inheritance per final closeout
OFI_03527,kettlebell_halo,케틀벨 헤일로,OFI_SCORE,REACTIVE,,,20,1,MIGRATED_CURRENT_BEHAVIOR,ANALYSIS_CONTRACT_BASELINE_V1,,kettlebell_halo,analysis_contract_baseline_v1.csv; identity inheritance per final closeout
OFI_03528,kettlebell_halo,케틀벨 헤일로,OFI_SCORE,SYSTEMIC_MUSCULAR,,,20,1,MIGRATED_CURRENT_BEHAVIOR,ANALYSIS_CONTRACT_BASELINE_V1,,kettlebell_halo,analysis_contract_baseline_v1.csv; identity inheritance per final closeout
OFI_03529,kettlebell_halo,케틀벨 헤일로,OFI_SNAPSHOT,SUMMARY,LOW,LOW,17,1,MIGRATED_CURRENT_BEHAVIOR,ANALYSIS_CONTRACT_BASELINE_V1,,kettlebell_halo,analysis_contract_baseline_v1.csv; identity inheritance per final closeout
OFI_03530,kettlebell_single_leg_rdl,케틀벨 원레그 루마니안 데드리프트,BADMINTON_FATIGUE_COST,HIGH,,,0,1,MIGRATED_CURRENT_BEHAVIOR,ANALYSIS_CONTRACT_BASELINE_V1,,single_leg_rdl,analysis_contract_baseline_v1.csv; identity inheritance per final closeout
OFI_03531,kettlebell_single_leg_rdl,케틀벨 원레그 루마니안 데드리프트,OFI_AXIS,HIGH_FORCE_NEURAL,,MEDIUM,17.1875,1,MIGRATED_CURRENT_BEHAVIOR,ANALYSIS_CONTRACT_BASELINE_V1,,single_leg_rdl,analysis_contract_baseline_v1.csv; identity inheritance per final closeout
OFI_03532,kettlebell_single_leg_rdl,케틀벨 원레그 루마니안 데드리프트,OFI_AXIS,HIGH_SPEED,,MEDIUM,70.125,1,MIGRATED_CURRENT_BEHAVIOR,ANALYSIS_CONTRACT_BASELINE_V1,,single_leg_rdl,analysis_contract_baseline_v1.csv; identity inheritance per final closeout
OFI_03533,kettlebell_single_leg_rdl,케틀벨 원레그 루마니안 데드리프트,OFI_AXIS,LOCAL_MUSCULAR,,MEDIUM,58.4375,1,MIGRATED_CURRENT_BEHAVIOR,ANALYSIS_CONTRACT_BASELINE_V1,,single_leg_rdl,analysis_contract_baseline_v1.csv; identity inheritance per final closeout
OFI_03534,kettlebell_single_leg_rdl,케틀벨 원레그 루마니안 데드리프트,OFI_AXIS,REACTIVE,,MEDIUM,63.75,1,MIGRATED_CURRENT_BEHAVIOR,ANALYSIS_CONTRACT_BASELINE_V1,,single_leg_rdl,analysis_contract_baseline_v1.csv; identity inheritance per final closeout
OFI_03535,kettlebell_single_leg_rdl,케틀벨 원레그 루마니안 데드리프트,OFI_AXIS,SYSTEMIC_MUSCULAR,,MEDIUM,29.21875,1,MIGRATED_CURRENT_BEHAVIOR,ANALYSIS_CONTRACT_BASELINE_V1,,single_leg_rdl,analysis_contract_baseline_v1.csv; identity inheritance per final closeout
OFI_03536,kettlebell_single_leg_rdl,케틀벨 원레그 루마니안 데드리프트,OFI_DOSE,VOLUME_LOAD,,THREE_CONFIRMED_SETS_20KG_8REPS_600SECONDS_RPE8,0,1,MIGRATED_CURRENT_BEHAVIOR,ANALYSIS_CONTRACT_BASELINE_V1,,single_leg_rdl,analysis_contract_baseline_v1.csv; identity inheritance per final closeout
OFI_03537,kettlebell_single_leg_rdl,케틀벨 원레그 루마니안 데드리프트,OFI_GROUP,SINGLE_LEG_HINGE_STABILITY,,LOCAL_REPEAT_DETECTION,0,1,MIGRATED_CURRENT_BEHAVIOR,ANALYSIS_CONTRACT_BASELINE_V1,,single_leg_rdl,analysis_contract_baseline_v1.csv; identity inheritance per final closeout
OFI_03538,kettlebell_single_leg_rdl,케틀벨 원레그 루마니안 데드리프트,OFI_GROUP,SINGLE_LEG_HINGE_STABILITY,,STRENGTH_COMPARISON,0,1,MIGRATED_CURRENT_BEHAVIOR,ANALYSIS_CONTRACT_BASELINE_V1,,single_leg_rdl,analysis_contract_baseline_v1.csv; identity inheritance per final closeout
OFI_03539,kettlebell_single_leg_rdl,케틀벨 원레그 루마니안 데드리프트,OFI_GROUP,SINGLE_LEG_HINGE_STABILITY,,WORKLOAD_BASELINE,0,1,MIGRATED_CURRENT_BEHAVIOR,ANALYSIS_CONTRACT_BASELINE_V1,,single_leg_rdl,analysis_contract_baseline_v1.csv; identity inheritance per final closeout
OFI_03540,kettlebell_single_leg_rdl,케틀벨 원레그 루마니안 데드리프트,OFI_SCORE,HIGH_FORCE_NEURAL,,,21,1,MIGRATED_CURRENT_BEHAVIOR,ANALYSIS_CONTRACT_BASELINE_V1,,single_leg_rdl,analysis_contract_baseline_v1.csv; identity inheritance per final closeout
OFI_03541,kettlebell_single_leg_rdl,케틀벨 원레그 루마니안 데드리프트,OFI_SCORE,HIGH_SPEED,,,88,1,MIGRATED_CURRENT_BEHAVIOR,ANALYSIS_CONTRACT_BASELINE_V1,,single_leg_rdl,analysis_contract_baseline_v1.csv; identity inheritance per final closeout
OFI_03542,kettlebell_single_leg_rdl,케틀벨 원레그 루마니안 데드리프트,OFI_SCORE,LOCAL_MUSCULAR,,,73,1,MIGRATED_CURRENT_BEHAVIOR,ANALYSIS_CONTRACT_BASELINE_V1,,single_leg_rdl,analysis_contract_baseline_v1.csv; identity inheritance per final closeout
OFI_03543,kettlebell_single_leg_rdl,케틀벨 원레그 루마니안 데드리프트,OFI_SCORE,REACTIVE,,,80,1,MIGRATED_CURRENT_BEHAVIOR,ANALYSIS_CONTRACT_BASELINE_V1,,single_leg_rdl,analysis_contract_baseline_v1.csv; identity inheritance per final closeout
OFI_03544,kettlebell_single_leg_rdl,케틀벨 원레그 루마니안 데드리프트,OFI_SCORE,SYSTEMIC_MUSCULAR,,,37,1,MIGRATED_CURRENT_BEHAVIOR,ANALYSIS_CONTRACT_BASELINE_V1,,single_leg_rdl,analysis_contract_baseline_v1.csv; identity inheritance per final closeout
OFI_03545,kettlebell_single_leg_rdl,케틀벨 원레그 루마니안 데드리프트,OFI_SNAPSHOT,SUMMARY,NORMAL,LOW,74,1,MIGRATED_CURRENT_BEHAVIOR,ANALYSIS_CONTRACT_BASELINE_V1,,single_leg_rdl,analysis_contract_baseline_v1.csv; identity inheritance per final closeout
OFI_03546,landmine_anti_rotation,랜드마인 안티로테이션,BADMINTON_FATIGUE_COST,MEDIUM,,,0,1,MIGRATED_CURRENT_BEHAVIOR,ANALYSIS_CONTRACT_BASELINE_V1,,landmine_anti_rotation,analysis_contract_baseline_v1.csv; identity inheritance per final closeout
OFI_03547,landmine_anti_rotation,랜드마인 안티로테이션,OFI_AXIS,HIGH_FORCE_NEURAL,,MEDIUM,17.1875,1,MIGRATED_CURRENT_BEHAVIOR,ANALYSIS_CONTRACT_BASELINE_V1,,landmine_anti_rotation,analysis_contract_baseline_v1.csv; identity inheritance per final closeout
OFI_03548,landmine_anti_rotation,랜드마인 안티로테이션,OFI_AXIS,HIGH_SPEED,,MEDIUM,17.1875,1,MIGRATED_CURRENT_BEHAVIOR,ANALYSIS_CONTRACT_BASELINE_V1,,landmine_anti_rotation,analysis_contract_baseline_v1.csv; identity inheritance per final closeout
OFI_03549,landmine_anti_rotation,랜드마인 안티로테이션,OFI_AXIS,LOCAL_MUSCULAR,,MEDIUM,37.8125,1,MIGRATED_CURRENT_BEHAVIOR,ANALYSIS_CONTRACT_BASELINE_V1,,landmine_anti_rotation,analysis_contract_baseline_v1.csv; identity inheritance per final closeout
OFI_03550,landmine_anti_rotation,랜드마인 안티로테이션,OFI_AXIS,REACTIVE,,MEDIUM,15.625,1,MIGRATED_CURRENT_BEHAVIOR,ANALYSIS_CONTRACT_BASELINE_V1,,landmine_anti_rotation,analysis_contract_baseline_v1.csv; identity inheritance per final closeout
OFI_03551,landmine_anti_rotation,랜드마인 안티로테이션,OFI_AXIS,SYSTEMIC_MUSCULAR,,MEDIUM,15.625,1,MIGRATED_CURRENT_BEHAVIOR,ANALYSIS_CONTRACT_BASELINE_V1,,landmine_anti_rotation,analysis_contract_baseline_v1.csv; identity inheritance per final closeout
OFI_03552,landmine_anti_rotation,랜드마인 안티로테이션,OFI_DOSE,QUALITY_BASED,,THREE_CONFIRMED_SETS_20KG_8REPS_600SECONDS_RPE8,0,1,MIGRATED_CURRENT_BEHAVIOR,ANALYSIS_CONTRACT_BASELINE_V1,,landmine_anti_rotation,analysis_contract_baseline_v1.csv; identity inheritance per final closeout
OFI_03553,landmine_anti_rotation,랜드마인 안티로테이션,OFI_GROUP,ANTI_ROTATION,,STRENGTH_COMPARISON,0,1,MIGRATED_CURRENT_BEHAVIOR,ANALYSIS_CONTRACT_BASELINE_V1,,landmine_anti_rotation,analysis_contract_baseline_v1.csv; identity inheritance per final closeout
OFI_03554,landmine_anti_rotation,랜드마인 안티로테이션,OFI_GROUP,ANTI_ROTATION,,WORKLOAD_BASELINE,0,1,MIGRATED_CURRENT_BEHAVIOR,ANALYSIS_CONTRACT_BASELINE_V1,,landmine_anti_rotation,analysis_contract_baseline_v1.csv; identity inheritance per final closeout
OFI_03555,landmine_anti_rotation,랜드마인 안티로테이션,OFI_GROUP,TRUNK_ANTI_ROTATION_CONTROL,,LOCAL_REPEAT_DETECTION,0,1,MIGRATED_CURRENT_BEHAVIOR,ANALYSIS_CONTRACT_BASELINE_V1,,landmine_anti_rotation,analysis_contract_baseline_v1.csv; identity inheritance per final closeout
OFI_03556,landmine_anti_rotation,랜드마인 안티로테이션,OFI_SCORE,HIGH_FORCE_NEURAL,,,21,1,MIGRATED_CURRENT_BEHAVIOR,ANALYSIS_CONTRACT_BASELINE_V1,,landmine_anti_rotation,analysis_contract_baseline_v1.csv; identity inheritance per final closeout
OFI_03557,landmine_anti_rotation,랜드마인 안티로테이션,OFI_SCORE,HIGH_SPEED,,,21,1,MIGRATED_CURRENT_BEHAVIOR,ANALYSIS_CONTRACT_BASELINE_V1,,landmine_anti_rotation,analysis_contract_baseline_v1.csv; identity inheritance per final closeout
OFI_03558,landmine_anti_rotation,랜드마인 안티로테이션,OFI_SCORE,LOCAL_MUSCULAR,,,47,1,MIGRATED_CURRENT_BEHAVIOR,ANALYSIS_CONTRACT_BASELINE_V1,,landmine_anti_rotation,analysis_contract_baseline_v1.csv; identity inheritance per final closeout
OFI_03559,landmine_anti_rotation,랜드마인 안티로테이션,OFI_SCORE,REACTIVE,,,20,1,MIGRATED_CURRENT_BEHAVIOR,ANALYSIS_CONTRACT_BASELINE_V1,,landmine_anti_rotation,analysis_contract_baseline_v1.csv; identity inheritance per final closeout
OFI_03560,landmine_anti_rotation,랜드마인 안티로테이션,OFI_SCORE,SYSTEMIC_MUSCULAR,,,20,1,MIGRATED_CURRENT_BEHAVIOR,ANALYSIS_CONTRACT_BASELINE_V1,,landmine_anti_rotation,analysis_contract_baseline_v1.csv; identity inheritance per final closeout
OFI_03561,landmine_anti_rotation,랜드마인 안티로테이션,OFI_SNAPSHOT,SUMMARY,LOW,LOW,28,1,MIGRATED_CURRENT_BEHAVIOR,ANALYSIS_CONTRACT_BASELINE_V1,,landmine_anti_rotation,analysis_contract_baseline_v1.csv; identity inheritance per final closeout
OFI_03562,landmine_rotation,랜드마인 좌우 회전,BADMINTON_FATIGUE_COST,HIGH,,,0,1,MIGRATED_CURRENT_BEHAVIOR,ANALYSIS_CONTRACT_BASELINE_V1,,landmine_rotation,analysis_contract_baseline_v1.csv; identity inheritance per final closeout
OFI_03563,landmine_rotation,랜드마인 좌우 회전,OFI_AXIS,HIGH_FORCE_NEURAL,,LONG,17.1875,1,MIGRATED_CURRENT_BEHAVIOR,ANALYSIS_CONTRACT_BASELINE_V1,,landmine_rotation,analysis_contract_baseline_v1.csv; identity inheritance per final closeout
OFI_03564,landmine_rotation,랜드마인 좌우 회전,OFI_AXIS,HIGH_SPEED,,LONG,73.046875,1,MIGRATED_CURRENT_BEHAVIOR,ANALYSIS_CONTRACT_BASELINE_V1,,landmine_rotation,analysis_contract_baseline_v1.csv; identity inheritance per final closeout
OFI_03565,landmine_rotation,랜드마인 좌우 회전,OFI_AXIS,LOCAL_MUSCULAR,,LONG,37.8125,1,MIGRATED_CURRENT_BEHAVIOR,ANALYSIS_CONTRACT_BASELINE_V1,,landmine_rotation,analysis_contract_baseline_v1.csv; identity inheritance per final closeout
OFI_03566,landmine_rotation,랜드마인 좌우 회전,OFI_AXIS,REACTIVE,,LONG,15.625,1,MIGRATED_CURRENT_BEHAVIOR,ANALYSIS_CONTRACT_BASELINE_V1,,landmine_rotation,analysis_contract_baseline_v1.csv; identity inheritance per final closeout
OFI_03567,landmine_rotation,랜드마인 좌우 회전,OFI_AXIS,SYSTEMIC_MUSCULAR,,LONG,34.375,1,MIGRATED_CURRENT_BEHAVIOR,ANALYSIS_CONTRACT_BASELINE_V1,,landmine_rotation,analysis_contract_baseline_v1.csv; identity inheritance per final closeout
OFI_03568,landmine_rotation,랜드마인 좌우 회전,OFI_DOSE,QUALITY_BASED,,THREE_CONFIRMED_SETS_20KG_8REPS_600SECONDS_RPE8,0,1,MIGRATED_CURRENT_BEHAVIOR,ANALYSIS_CONTRACT_BASELINE_V1,,landmine_rotation,analysis_contract_baseline_v1.csv; identity inheritance per final closeout
OFI_03569,landmine_rotation,랜드마인 좌우 회전,OFI_GROUP,LANDMINE_ROTATIONAL_CHAIN,,LOCAL_REPEAT_DETECTION,0,1,MIGRATED_CURRENT_BEHAVIOR,ANALYSIS_CONTRACT_BASELINE_V1,,landmine_rotation,analysis_contract_baseline_v1.csv; identity inheritance per final closeout
OFI_03570,landmine_rotation,랜드마인 좌우 회전,OFI_GROUP,ROTATION_POWER,,STRENGTH_COMPARISON,0,1,MIGRATED_CURRENT_BEHAVIOR,ANALYSIS_CONTRACT_BASELINE_V1,,landmine_rotation,analysis_contract_baseline_v1.csv; identity inheritance per final closeout
OFI_03571,landmine_rotation,랜드마인 좌우 회전,OFI_GROUP,ROTATION_POWER,,WORKLOAD_BASELINE,0,1,MIGRATED_CURRENT_BEHAVIOR,ANALYSIS_CONTRACT_BASELINE_V1,,landmine_rotation,analysis_contract_baseline_v1.csv; identity inheritance per final closeout
OFI_03572,landmine_rotation,랜드마인 좌우 회전,OFI_SCORE,HIGH_FORCE_NEURAL,,,21,1,MIGRATED_CURRENT_BEHAVIOR,ANALYSIS_CONTRACT_BASELINE_V1,,landmine_rotation,analysis_contract_baseline_v1.csv; identity inheritance per final closeout
OFI_03573,landmine_rotation,랜드마인 좌우 회전,OFI_SCORE,HIGH_SPEED,,,91,1,MIGRATED_CURRENT_BEHAVIOR,ANALYSIS_CONTRACT_BASELINE_V1,,landmine_rotation,analysis_contract_baseline_v1.csv; identity inheritance per final closeout
OFI_03574,landmine_rotation,랜드마인 좌우 회전,OFI_SCORE,LOCAL_MUSCULAR,,,47,1,MIGRATED_CURRENT_BEHAVIOR,ANALYSIS_CONTRACT_BASELINE_V1,,landmine_rotation,analysis_contract_baseline_v1.csv; identity inheritance per final closeout
OFI_03575,landmine_rotation,랜드마인 좌우 회전,OFI_SCORE,REACTIVE,,,20,1,MIGRATED_CURRENT_BEHAVIOR,ANALYSIS_CONTRACT_BASELINE_V1,,landmine_rotation,analysis_contract_baseline_v1.csv; identity inheritance per final closeout
OFI_03576,landmine_rotation,랜드마인 좌우 회전,OFI_SCORE,SYSTEMIC_MUSCULAR,,,43,1,MIGRATED_CURRENT_BEHAVIOR,ANALYSIS_CONTRACT_BASELINE_V1,,landmine_rotation,analysis_contract_baseline_v1.csv; identity inheritance per final closeout
OFI_03577,landmine_rotation,랜드마인 좌우 회전,OFI_SNAPSHOT,SUMMARY,NORMAL,LOW,64,1,MIGRATED_CURRENT_BEHAVIOR,ANALYSIS_CONTRACT_BASELINE_V1,,landmine_rotation,analysis_contract_baseline_v1.csv; identity inheritance per final closeout
OFI_03578,lateral_bound_continuous,래터럴 바운드,BADMINTON_FATIGUE_COST,HIGH,,,0,1,MIGRATED_CURRENT_BEHAVIOR,ANALYSIS_CONTRACT_BASELINE_V1,,lateral_bound_continuous,analysis_contract_baseline_v1.csv; identity inheritance per final closeout
OFI_03579,lateral_bound_continuous,래터럴 바운드,OFI_AXIS,HIGH_FORCE_NEURAL,,LONG,17.1875,1,MIGRATED_CURRENT_BEHAVIOR,ANALYSIS_CONTRACT_BASELINE_V1,,lateral_bound_continuous,analysis_contract_baseline_v1.csv; identity inheritance per final closeout
OFI_03580,lateral_bound_continuous,래터럴 바운드,OFI_AXIS,HIGH_SPEED,,LONG,70.125,1,MIGRATED_CURRENT_BEHAVIOR,ANALYSIS_CONTRACT_BASELINE_V1,,lateral_bound_continuous,analysis_contract_baseline_v1.csv; identity inheritance per final closeout
OFI_03581,lateral_bound_continuous,래터럴 바운드,OFI_AXIS,LOCAL_MUSCULAR,,LONG,58.4375,1,MIGRATED_CURRENT_BEHAVIOR,ANALYSIS_CONTRACT_BASELINE_V1,,lateral_bound_continuous,analysis_contract_baseline_v1.csv; identity inheritance per final closeout
OFI_03582,lateral_bound_continuous,래터럴 바운드,OFI_AXIS,REACTIVE,,LONG,63.75,1,MIGRATED_CURRENT_BEHAVIOR,ANALYSIS_CONTRACT_BASELINE_V1,,lateral_bound_continuous,analysis_contract_baseline_v1.csv; identity inheritance per final closeout
OFI_03583,lateral_bound_continuous,래터럴 바운드,OFI_AXIS,SYSTEMIC_MUSCULAR,,LONG,53.125,1,MIGRATED_CURRENT_BEHAVIOR,ANALYSIS_CONTRACT_BASELINE_V1,,lateral_bound_continuous,analysis_contract_baseline_v1.csv; identity inheritance per final closeout
OFI_03584,lateral_bound_continuous,래터럴 바운드,OFI_DOSE,QUALITY_BASED,,THREE_CONFIRMED_SETS_20KG_8REPS_600SECONDS_RPE8,0,1,MIGRATED_CURRENT_BEHAVIOR,ANALYSIS_CONTRACT_BASELINE_V1,,lateral_bound_continuous,analysis_contract_baseline_v1.csv; identity inheritance per final closeout
OFI_03585,lateral_bound_continuous,래터럴 바운드,OFI_GROUP,LATERAL_CONTINUOUS_SSC,,LOCAL_REPEAT_DETECTION,0,1,MIGRATED_CURRENT_BEHAVIOR,ANALYSIS_CONTRACT_BASELINE_V1,,lateral_bound_continuous,analysis_contract_baseline_v1.csv; identity inheritance per final closeout
OFI_03586,lateral_bound_continuous,래터럴 바운드,OFI_GROUP,NOT_APPLICABLE,,STRENGTH_COMPARISON,0,1,MIGRATED_CURRENT_BEHAVIOR,ANALYSIS_CONTRACT_BASELINE_V1,,lateral_bound_continuous,analysis_contract_baseline_v1.csv; identity inheritance per final closeout
OFI_03587,lateral_bound_continuous,래터럴 바운드,OFI_GROUP,NOT_APPLICABLE,,WORKLOAD_BASELINE,0,1,MIGRATED_CURRENT_BEHAVIOR,ANALYSIS_CONTRACT_BASELINE_V1,,lateral_bound_continuous,analysis_contract_baseline_v1.csv; identity inheritance per final closeout
OFI_03588,lateral_bound_continuous,래터럴 바운드,OFI_SCORE,HIGH_FORCE_NEURAL,,,21,1,MIGRATED_CURRENT_BEHAVIOR,ANALYSIS_CONTRACT_BASELINE_V1,,lateral_bound_continuous,analysis_contract_baseline_v1.csv; identity inheritance per final closeout
OFI_03589,lateral_bound_continuous,래터럴 바운드,OFI_SCORE,HIGH_SPEED,,,88,1,MIGRATED_CURRENT_BEHAVIOR,ANALYSIS_CONTRACT_BASELINE_V1,,lateral_bound_continuous,analysis_contract_baseline_v1.csv; identity inheritance per final closeout
OFI_03590,lateral_bound_continuous,래터럴 바운드,OFI_SCORE,LOCAL_MUSCULAR,,,73,1,MIGRATED_CURRENT_BEHAVIOR,ANALYSIS_CONTRACT_BASELINE_V1,,lateral_bound_continuous,analysis_contract_baseline_v1.csv; identity inheritance per final closeout
OFI_03591,lateral_bound_continuous,래터럴 바운드,OFI_SCORE,REACTIVE,,,80,1,MIGRATED_CURRENT_BEHAVIOR,ANALYSIS_CONTRACT_BASELINE_V1,,lateral_bound_continuous,analysis_contract_baseline_v1.csv; identity inheritance per final closeout
OFI_03592,lateral_bound_continuous,래터럴 바운드,OFI_SCORE,SYSTEMIC_MUSCULAR,,,66,1,MIGRATED_CURRENT_BEHAVIOR,ANALYSIS_CONTRACT_BASELINE_V1,,lateral_bound_continuous,analysis_contract_baseline_v1.csv; identity inheritance per final closeout
OFI_03593,lateral_bound_continuous,래터럴 바운드,OFI_SNAPSHOT,SUMMARY,ELEVATED,LOW,76,1,MIGRATED_CURRENT_BEHAVIOR,ANALYSIS_CONTRACT_BASELINE_V1,,lateral_bound_continuous,analysis_contract_baseline_v1.csv; identity inheritance per final closeout
OFI_03594,med_ball_chest_pass,메디신볼 체스트 패스,BADMINTON_FATIGUE_COST,HIGH,,,0,1,MIGRATED_CURRENT_BEHAVIOR,ANALYSIS_CONTRACT_BASELINE_V1,,med_ball_chest_pass,analysis_contract_baseline_v1.csv; identity inheritance per final closeout
OFI_03595,med_ball_chest_pass,메디신볼 체스트 패스,OFI_AXIS,HIGH_FORCE_NEURAL,,LONG,17.1875,1,MIGRATED_CURRENT_BEHAVIOR,ANALYSIS_CONTRACT_BASELINE_V1,,med_ball_chest_pass,analysis_contract_baseline_v1.csv; identity inheritance per final closeout
OFI_03596,med_ball_chest_pass,메디신볼 체스트 패스,OFI_AXIS,HIGH_SPEED,,LONG,73.046875,1,MIGRATED_CURRENT_BEHAVIOR,ANALYSIS_CONTRACT_BASELINE_V1,,med_ball_chest_pass,analysis_contract_baseline_v1.csv; identity inheritance per final closeout
OFI_03597,med_ball_chest_pass,메디신볼 체스트 패스,OFI_AXIS,LOCAL_MUSCULAR,,LONG,37.8125,1,MIGRATED_CURRENT_BEHAVIOR,ANALYSIS_CONTRACT_BASELINE_V1,,med_ball_chest_pass,analysis_contract_baseline_v1.csv; identity inheritance per final closeout
OFI_03598,med_ball_chest_pass,메디신볼 체스트 패스,OFI_AXIS,REACTIVE,,LONG,15.625,1,MIGRATED_CURRENT_BEHAVIOR,ANALYSIS_CONTRACT_BASELINE_V1,,med_ball_chest_pass,analysis_contract_baseline_v1.csv; identity inheritance per final closeout
OFI_03599,med_ball_chest_pass,메디신볼 체스트 패스,OFI_AXIS,SYSTEMIC_MUSCULAR,,LONG,34.375,1,MIGRATED_CURRENT_BEHAVIOR,ANALYSIS_CONTRACT_BASELINE_V1,,med_ball_chest_pass,analysis_contract_baseline_v1.csv; identity inheritance per final closeout
OFI_03600,med_ball_chest_pass,메디신볼 체스트 패스,OFI_DOSE,QUALITY_BASED,,THREE_CONFIRMED_SETS_20KG_8REPS_600SECONDS_RPE8,0,1,MIGRATED_CURRENT_BEHAVIOR,ANALYSIS_CONTRACT_BASELINE_V1,,med_ball_chest_pass,analysis_contract_baseline_v1.csv; identity inheritance per final closeout
OFI_03601,med_ball_chest_pass,메디신볼 체스트 패스,OFI_GROUP,MED_BALL_EXPLOSIVE_THROW,,LOCAL_REPEAT_DETECTION,0,1,MIGRATED_CURRENT_BEHAVIOR,ANALYSIS_CONTRACT_BASELINE_V1,,med_ball_chest_pass,analysis_contract_baseline_v1.csv; identity inheritance per final closeout
OFI_03602,med_ball_chest_pass,메디신볼 체스트 패스,OFI_GROUP,POWER_CORE_SHOULDER,,STRENGTH_COMPARISON,0,1,MIGRATED_CURRENT_BEHAVIOR,ANALYSIS_CONTRACT_BASELINE_V1,,med_ball_chest_pass,analysis_contract_baseline_v1.csv; identity inheritance per final closeout
OFI_03603,med_ball_chest_pass,메디신볼 체스트 패스,OFI_GROUP,POWER_CORE_SHOULDER,,WORKLOAD_BASELINE,0,1,MIGRATED_CURRENT_BEHAVIOR,ANALYSIS_CONTRACT_BASELINE_V1,,med_ball_chest_pass,analysis_contract_baseline_v1.csv; identity inheritance per final closeout
OFI_03604,med_ball_chest_pass,메디신볼 체스트 패스,OFI_SCORE,HIGH_FORCE_NEURAL,,,21,1,MIGRATED_CURRENT_BEHAVIOR,ANALYSIS_CONTRACT_BASELINE_V1,,med_ball_chest_pass,analysis_contract_baseline_v1.csv; identity inheritance per final closeout
OFI_03605,med_ball_chest_pass,메디신볼 체스트 패스,OFI_SCORE,HIGH_SPEED,,,91,1,MIGRATED_CURRENT_BEHAVIOR,ANALYSIS_CONTRACT_BASELINE_V1,,med_ball_chest_pass,analysis_contract_baseline_v1.csv; identity inheritance per final closeout
OFI_03606,med_ball_chest_pass,메디신볼 체스트 패스,OFI_SCORE,LOCAL_MUSCULAR,,,47,1,MIGRATED_CURRENT_BEHAVIOR,ANALYSIS_CONTRACT_BASELINE_V1,,med_ball_chest_pass,analysis_contract_baseline_v1.csv; identity inheritance per final closeout
OFI_03607,med_ball_chest_pass,메디신볼 체스트 패스,OFI_SCORE,REACTIVE,,,20,1,MIGRATED_CURRENT_BEHAVIOR,ANALYSIS_CONTRACT_BASELINE_V1,,med_ball_chest_pass,analysis_contract_baseline_v1.csv; identity inheritance per final closeout
OFI_03608,med_ball_chest_pass,메디신볼 체스트 패스,OFI_SCORE,SYSTEMIC_MUSCULAR,,,43,1,MIGRATED_CURRENT_BEHAVIOR,ANALYSIS_CONTRACT_BASELINE_V1,,med_ball_chest_pass,analysis_contract_baseline_v1.csv; identity inheritance per final closeout
OFI_03609,med_ball_chest_pass,메디신볼 체스트 패스,OFI_SNAPSHOT,SUMMARY,NORMAL,LOW,64,1,MIGRATED_CURRENT_BEHAVIOR,ANALYSIS_CONTRACT_BASELINE_V1,,med_ball_chest_pass,analysis_contract_baseline_v1.csv; identity inheritance per final closeout
OFI_03610,med_ball_overhead_slam,메디신볼 위에서 아래로 슬램,BADMINTON_FATIGUE_COST,HIGH,,,0,1,MIGRATED_CURRENT_BEHAVIOR,ANALYSIS_CONTRACT_BASELINE_V1,,med_ball_overhead_slam,analysis_contract_baseline_v1.csv; identity inheritance per final closeout
OFI_03611,med_ball_overhead_slam,메디신볼 위에서 아래로 슬램,OFI_AXIS,HIGH_FORCE_NEURAL,,LONG,17.1875,1,MIGRATED_CURRENT_BEHAVIOR,ANALYSIS_CONTRACT_BASELINE_V1,,med_ball_overhead_slam,analysis_contract_baseline_v1.csv; identity inheritance per final closeout
OFI_03612,med_ball_overhead_slam,메디신볼 위에서 아래로 슬램,OFI_AXIS,HIGH_SPEED,,LONG,73.046875,1,MIGRATED_CURRENT_BEHAVIOR,ANALYSIS_CONTRACT_BASELINE_V1,,med_ball_overhead_slam,analysis_contract_baseline_v1.csv; identity inheritance per final closeout
OFI_03613,med_ball_overhead_slam,메디신볼 위에서 아래로 슬램,OFI_AXIS,LOCAL_MUSCULAR,,LONG,37.8125,1,MIGRATED_CURRENT_BEHAVIOR,ANALYSIS_CONTRACT_BASELINE_V1,,med_ball_overhead_slam,analysis_contract_baseline_v1.csv; identity inheritance per final closeout
OFI_03614,med_ball_overhead_slam,메디신볼 위에서 아래로 슬램,OFI_AXIS,REACTIVE,,LONG,15.625,1,MIGRATED_CURRENT_BEHAVIOR,ANALYSIS_CONTRACT_BASELINE_V1,,med_ball_overhead_slam,analysis_contract_baseline_v1.csv; identity inheritance per final closeout
OFI_03615,med_ball_overhead_slam,메디신볼 위에서 아래로 슬램,OFI_AXIS,SYSTEMIC_MUSCULAR,,LONG,34.375,1,MIGRATED_CURRENT_BEHAVIOR,ANALYSIS_CONTRACT_BASELINE_V1,,med_ball_overhead_slam,analysis_contract_baseline_v1.csv; identity inheritance per final closeout
OFI_03616,med_ball_overhead_slam,메디신볼 위에서 아래로 슬램,OFI_DOSE,QUALITY_BASED,,THREE_CONFIRMED_SETS_20KG_8REPS_600SECONDS_RPE8,0,1,MIGRATED_CURRENT_BEHAVIOR,ANALYSIS_CONTRACT_BASELINE_V1,,med_ball_overhead_slam,analysis_contract_baseline_v1.csv; identity inheritance per final closeout
OFI_03617,med_ball_overhead_slam,메디신볼 위에서 아래로 슬램,OFI_GROUP,MED_BALL_OVERHEAD_POWER,,LOCAL_REPEAT_DETECTION,0,1,MIGRATED_CURRENT_BEHAVIOR,ANALYSIS_CONTRACT_BASELINE_V1,,med_ball_overhead_slam,analysis_contract_baseline_v1.csv; identity inheritance per final closeout
OFI_03618,med_ball_overhead_slam,메디신볼 위에서 아래로 슬램,OFI_GROUP,POWER_CORE_SHOULDER,,STRENGTH_COMPARISON,0,1,MIGRATED_CURRENT_BEHAVIOR,ANALYSIS_CONTRACT_BASELINE_V1,,med_ball_overhead_slam,analysis_contract_baseline_v1.csv; identity inheritance per final closeout
OFI_03619,med_ball_overhead_slam,메디신볼 위에서 아래로 슬램,OFI_GROUP,POWER_CORE_SHOULDER,,WORKLOAD_BASELINE,0,1,MIGRATED_CURRENT_BEHAVIOR,ANALYSIS_CONTRACT_BASELINE_V1,,med_ball_overhead_slam,analysis_contract_baseline_v1.csv; identity inheritance per final closeout
OFI_03620,med_ball_overhead_slam,메디신볼 위에서 아래로 슬램,OFI_SCORE,HIGH_FORCE_NEURAL,,,21,1,MIGRATED_CURRENT_BEHAVIOR,ANALYSIS_CONTRACT_BASELINE_V1,,med_ball_overhead_slam,analysis_contract_baseline_v1.csv; identity inheritance per final closeout
OFI_03621,med_ball_overhead_slam,메디신볼 위에서 아래로 슬램,OFI_SCORE,HIGH_SPEED,,,91,1,MIGRATED_CURRENT_BEHAVIOR,ANALYSIS_CONTRACT_BASELINE_V1,,med_ball_overhead_slam,analysis_contract_baseline_v1.csv; identity inheritance per final closeout
OFI_03622,med_ball_overhead_slam,메디신볼 위에서 아래로 슬램,OFI_SCORE,LOCAL_MUSCULAR,,,47,1,MIGRATED_CURRENT_BEHAVIOR,ANALYSIS_CONTRACT_BASELINE_V1,,med_ball_overhead_slam,analysis_contract_baseline_v1.csv; identity inheritance per final closeout
OFI_03623,med_ball_overhead_slam,메디신볼 위에서 아래로 슬램,OFI_SCORE,REACTIVE,,,20,1,MIGRATED_CURRENT_BEHAVIOR,ANALYSIS_CONTRACT_BASELINE_V1,,med_ball_overhead_slam,analysis_contract_baseline_v1.csv; identity inheritance per final closeout
OFI_03624,med_ball_overhead_slam,메디신볼 위에서 아래로 슬램,OFI_SCORE,SYSTEMIC_MUSCULAR,,,43,1,MIGRATED_CURRENT_BEHAVIOR,ANALYSIS_CONTRACT_BASELINE_V1,,med_ball_overhead_slam,analysis_contract_baseline_v1.csv; identity inheritance per final closeout
OFI_03625,med_ball_overhead_slam,메디신볼 위에서 아래로 슬램,OFI_SNAPSHOT,SUMMARY,NORMAL,LOW,64,1,MIGRATED_CURRENT_BEHAVIOR,ANALYSIS_CONTRACT_BASELINE_V1,,med_ball_overhead_slam,analysis_contract_baseline_v1.csv; identity inheritance per final closeout
OFI_03626,med_ball_rotational_scoop_toss,메디신볼 로테이셔널 스쿱 토스,BADMINTON_FATIGUE_COST,HIGH,,,0,1,MIGRATED_CURRENT_BEHAVIOR,ANALYSIS_CONTRACT_BASELINE_V1,,med_ball_rotational_scoop_toss,analysis_contract_baseline_v1.csv; identity inheritance per final closeout
OFI_03627,med_ball_rotational_scoop_toss,메디신볼 로테이셔널 스쿱 토스,OFI_AXIS,HIGH_FORCE_NEURAL,,LONG,17.1875,1,MIGRATED_CURRENT_BEHAVIOR,ANALYSIS_CONTRACT_BASELINE_V1,,med_ball_rotational_scoop_toss,analysis_contract_baseline_v1.csv; identity inheritance per final closeout
OFI_03628,med_ball_rotational_scoop_toss,메디신볼 로테이셔널 스쿱 토스,OFI_AXIS,HIGH_SPEED,,LONG,73.046875,1,MIGRATED_CURRENT_BEHAVIOR,ANALYSIS_CONTRACT_BASELINE_V1,,med_ball_rotational_scoop_toss,analysis_contract_baseline_v1.csv; identity inheritance per final closeout
OFI_03629,med_ball_rotational_scoop_toss,메디신볼 로테이셔널 스쿱 토스,OFI_AXIS,LOCAL_MUSCULAR,,LONG,37.8125,1,MIGRATED_CURRENT_BEHAVIOR,ANALYSIS_CONTRACT_BASELINE_V1,,med_ball_rotational_scoop_toss,analysis_contract_baseline_v1.csv; identity inheritance per final closeout
OFI_03630,med_ball_rotational_scoop_toss,메디신볼 로테이셔널 스쿱 토스,OFI_AXIS,REACTIVE,,LONG,15.625,1,MIGRATED_CURRENT_BEHAVIOR,ANALYSIS_CONTRACT_BASELINE_V1,,med_ball_rotational_scoop_toss,analysis_contract_baseline_v1.csv; identity inheritance per final closeout
OFI_03631,med_ball_rotational_scoop_toss,메디신볼 로테이셔널 스쿱 토스,OFI_AXIS,SYSTEMIC_MUSCULAR,,LONG,34.375,1,MIGRATED_CURRENT_BEHAVIOR,ANALYSIS_CONTRACT_BASELINE_V1,,med_ball_rotational_scoop_toss,analysis_contract_baseline_v1.csv; identity inheritance per final closeout
OFI_03632,med_ball_rotational_scoop_toss,메디신볼 로테이셔널 스쿱 토스,OFI_DOSE,QUALITY_BASED,,THREE_CONFIRMED_SETS_20KG_8REPS_600SECONDS_RPE8,0,1,MIGRATED_CURRENT_BEHAVIOR,ANALYSIS_CONTRACT_BASELINE_V1,,med_ball_rotational_scoop_toss,analysis_contract_baseline_v1.csv; identity inheritance per final closeout
OFI_03633,med_ball_rotational_scoop_toss,메디신볼 로테이셔널 스쿱 토스,OFI_GROUP,MED_BALL_ROTATIONAL_POWER,,LOCAL_REPEAT_DETECTION,0,1,MIGRATED_CURRENT_BEHAVIOR,ANALYSIS_CONTRACT_BASELINE_V1,,med_ball_rotational_scoop_toss,analysis_contract_baseline_v1.csv; identity inheritance per final closeout
OFI_03634,med_ball_rotational_scoop_toss,메디신볼 로테이셔널 스쿱 토스,OFI_GROUP,ROTATION_POWER,,STRENGTH_COMPARISON,0,1,MIGRATED_CURRENT_BEHAVIOR,ANALYSIS_CONTRACT_BASELINE_V1,,med_ball_rotational_scoop_toss,analysis_contract_baseline_v1.csv; identity inheritance per final closeout
OFI_03635,med_ball_rotational_scoop_toss,메디신볼 로테이셔널 스쿱 토스,OFI_GROUP,ROTATION_POWER,,WORKLOAD_BASELINE,0,1,MIGRATED_CURRENT_BEHAVIOR,ANALYSIS_CONTRACT_BASELINE_V1,,med_ball_rotational_scoop_toss,analysis_contract_baseline_v1.csv; identity inheritance per final closeout
OFI_03636,med_ball_rotational_scoop_toss,메디신볼 로테이셔널 스쿱 토스,OFI_SCORE,HIGH_FORCE_NEURAL,,,21,1,MIGRATED_CURRENT_BEHAVIOR,ANALYSIS_CONTRACT_BASELINE_V1,,med_ball_rotational_scoop_toss,analysis_contract_baseline_v1.csv; identity inheritance per final closeout
OFI_03637,med_ball_rotational_scoop_toss,메디신볼 로테이셔널 스쿱 토스,OFI_SCORE,HIGH_SPEED,,,91,1,MIGRATED_CURRENT_BEHAVIOR,ANALYSIS_CONTRACT_BASELINE_V1,,med_ball_rotational_scoop_toss,analysis_contract_baseline_v1.csv; identity inheritance per final closeout
OFI_03638,med_ball_rotational_scoop_toss,메디신볼 로테이셔널 스쿱 토스,OFI_SCORE,LOCAL_MUSCULAR,,,47,1,MIGRATED_CURRENT_BEHAVIOR,ANALYSIS_CONTRACT_BASELINE_V1,,med_ball_rotational_scoop_toss,analysis_contract_baseline_v1.csv; identity inheritance per final closeout
OFI_03639,med_ball_rotational_scoop_toss,메디신볼 로테이셔널 스쿱 토스,OFI_SCORE,REACTIVE,,,20,1,MIGRATED_CURRENT_BEHAVIOR,ANALYSIS_CONTRACT_BASELINE_V1,,med_ball_rotational_scoop_toss,analysis_contract_baseline_v1.csv; identity inheritance per final closeout
OFI_03640,med_ball_rotational_scoop_toss,메디신볼 로테이셔널 스쿱 토스,OFI_SCORE,SYSTEMIC_MUSCULAR,,,43,1,MIGRATED_CURRENT_BEHAVIOR,ANALYSIS_CONTRACT_BASELINE_V1,,med_ball_rotational_scoop_toss,analysis_contract_baseline_v1.csv; identity inheritance per final closeout
OFI_03641,med_ball_rotational_scoop_toss,메디신볼 로테이셔널 스쿱 토스,OFI_SNAPSHOT,SUMMARY,NORMAL,LOW,64,1,MIGRATED_CURRENT_BEHAVIOR,ANALYSIS_CONTRACT_BASELINE_V1,,med_ball_rotational_scoop_toss,analysis_contract_baseline_v1.csv; identity inheritance per final closeout
OFI_03642,med_ball_rotational_slam,메디신볼 회전 아래로 슬램,BADMINTON_FATIGUE_COST,HIGH,,,0,1,MIGRATED_CURRENT_BEHAVIOR,ANALYSIS_CONTRACT_BASELINE_V1,,med_ball_rotational_slam,analysis_contract_baseline_v1.csv; identity inheritance per final closeout
OFI_03643,med_ball_rotational_slam,메디신볼 회전 아래로 슬램,OFI_AXIS,HIGH_FORCE_NEURAL,,LONG,17.1875,1,MIGRATED_CURRENT_BEHAVIOR,ANALYSIS_CONTRACT_BASELINE_V1,,med_ball_rotational_slam,analysis_contract_baseline_v1.csv; identity inheritance per final closeout
OFI_03644,med_ball_rotational_slam,메디신볼 회전 아래로 슬램,OFI_AXIS,HIGH_SPEED,,LONG,73.046875,1,MIGRATED_CURRENT_BEHAVIOR,ANALYSIS_CONTRACT_BASELINE_V1,,med_ball_rotational_slam,analysis_contract_baseline_v1.csv; identity inheritance per final closeout
OFI_03645,med_ball_rotational_slam,메디신볼 회전 아래로 슬램,OFI_AXIS,LOCAL_MUSCULAR,,LONG,37.8125,1,MIGRATED_CURRENT_BEHAVIOR,ANALYSIS_CONTRACT_BASELINE_V1,,med_ball_rotational_slam,analysis_contract_baseline_v1.csv; identity inheritance per final closeout
OFI_03646,med_ball_rotational_slam,메디신볼 회전 아래로 슬램,OFI_AXIS,REACTIVE,,LONG,15.625,1,MIGRATED_CURRENT_BEHAVIOR,ANALYSIS_CONTRACT_BASELINE_V1,,med_ball_rotational_slam,analysis_contract_baseline_v1.csv; identity inheritance per final closeout
OFI_03647,med_ball_rotational_slam,메디신볼 회전 아래로 슬램,OFI_AXIS,SYSTEMIC_MUSCULAR,,LONG,34.375,1,MIGRATED_CURRENT_BEHAVIOR,ANALYSIS_CONTRACT_BASELINE_V1,,med_ball_rotational_slam,analysis_contract_baseline_v1.csv; identity inheritance per final closeout
OFI_03648,med_ball_rotational_slam,메디신볼 회전 아래로 슬램,OFI_DOSE,QUALITY_BASED,,THREE_CONFIRMED_SETS_20KG_8REPS_600SECONDS_RPE8,0,1,MIGRATED_CURRENT_BEHAVIOR,ANALYSIS_CONTRACT_BASELINE_V1,,med_ball_rotational_slam,analysis_contract_baseline_v1.csv; identity inheritance per final closeout
OFI_03649,med_ball_rotational_slam,메디신볼 회전 아래로 슬램,OFI_GROUP,MED_BALL_ROTATIONAL_POWER,,LOCAL_REPEAT_DETECTION,0,1,MIGRATED_CURRENT_BEHAVIOR,ANALYSIS_CONTRACT_BASELINE_V1,,med_ball_rotational_slam,analysis_contract_baseline_v1.csv; identity inheritance per final closeout
OFI_03650,med_ball_rotational_slam,메디신볼 회전 아래로 슬램,OFI_GROUP,ROTATION_POWER,,STRENGTH_COMPARISON,0,1,MIGRATED_CURRENT_BEHAVIOR,ANALYSIS_CONTRACT_BASELINE_V1,,med_ball_rotational_slam,analysis_contract_baseline_v1.csv; identity inheritance per final closeout
OFI_03651,med_ball_rotational_slam,메디신볼 회전 아래로 슬램,OFI_GROUP,ROTATION_POWER,,WORKLOAD_BASELINE,0,1,MIGRATED_CURRENT_BEHAVIOR,ANALYSIS_CONTRACT_BASELINE_V1,,med_ball_rotational_slam,analysis_contract_baseline_v1.csv; identity inheritance per final closeout
OFI_03652,med_ball_rotational_slam,메디신볼 회전 아래로 슬램,OFI_SCORE,HIGH_FORCE_NEURAL,,,21,1,MIGRATED_CURRENT_BEHAVIOR,ANALYSIS_CONTRACT_BASELINE_V1,,med_ball_rotational_slam,analysis_contract_baseline_v1.csv; identity inheritance per final closeout
OFI_03653,med_ball_rotational_slam,메디신볼 회전 아래로 슬램,OFI_SCORE,HIGH_SPEED,,,91,1,MIGRATED_CURRENT_BEHAVIOR,ANALYSIS_CONTRACT_BASELINE_V1,,med_ball_rotational_slam,analysis_contract_baseline_v1.csv; identity inheritance per final closeout
OFI_03654,med_ball_rotational_slam,메디신볼 회전 아래로 슬램,OFI_SCORE,LOCAL_MUSCULAR,,,47,1,MIGRATED_CURRENT_BEHAVIOR,ANALYSIS_CONTRACT_BASELINE_V1,,med_ball_rotational_slam,analysis_contract_baseline_v1.csv; identity inheritance per final closeout
OFI_03655,med_ball_rotational_slam,메디신볼 회전 아래로 슬램,OFI_SCORE,REACTIVE,,,20,1,MIGRATED_CURRENT_BEHAVIOR,ANALYSIS_CONTRACT_BASELINE_V1,,med_ball_rotational_slam,analysis_contract_baseline_v1.csv; identity inheritance per final closeout
OFI_03656,med_ball_rotational_slam,메디신볼 회전 아래로 슬램,OFI_SCORE,SYSTEMIC_MUSCULAR,,,43,1,MIGRATED_CURRENT_BEHAVIOR,ANALYSIS_CONTRACT_BASELINE_V1,,med_ball_rotational_slam,analysis_contract_baseline_v1.csv; identity inheritance per final closeout
OFI_03657,med_ball_rotational_slam,메디신볼 회전 아래로 슬램,OFI_SNAPSHOT,SUMMARY,NORMAL,LOW,64,1,MIGRATED_CURRENT_BEHAVIOR,ANALYSIS_CONTRACT_BASELINE_V1,,med_ball_rotational_slam,analysis_contract_baseline_v1.csv; identity inheritance per final closeout
OFI_03658,medicine_ball_rotational_throw,메디신볼 회전 옆으로 던지기,BADMINTON_FATIGUE_COST,HIGH,,,0,1,MIGRATED_CURRENT_BEHAVIOR,ANALYSIS_CONTRACT_BASELINE_V1,,medicine_ball_rotational_throw,analysis_contract_baseline_v1.csv; identity inheritance per final closeout
OFI_03659,medicine_ball_rotational_throw,메디신볼 회전 옆으로 던지기,OFI_AXIS,HIGH_FORCE_NEURAL,,LONG,17.1875,1,MIGRATED_CURRENT_BEHAVIOR,ANALYSIS_CONTRACT_BASELINE_V1,,medicine_ball_rotational_throw,analysis_contract_baseline_v1.csv; identity inheritance per final closeout
OFI_03660,medicine_ball_rotational_throw,메디신볼 회전 옆으로 던지기,OFI_AXIS,HIGH_SPEED,,LONG,73.046875,1,MIGRATED_CURRENT_BEHAVIOR,ANALYSIS_CONTRACT_BASELINE_V1,,medicine_ball_rotational_throw,analysis_contract_baseline_v1.csv; identity inheritance per final closeout
OFI_03661,medicine_ball_rotational_throw,메디신볼 회전 옆으로 던지기,OFI_AXIS,LOCAL_MUSCULAR,,LONG,37.8125,1,MIGRATED_CURRENT_BEHAVIOR,ANALYSIS_CONTRACT_BASELINE_V1,,medicine_ball_rotational_throw,analysis_contract_baseline_v1.csv; identity inheritance per final closeout
OFI_03662,medicine_ball_rotational_throw,메디신볼 회전 옆으로 던지기,OFI_AXIS,REACTIVE,,LONG,15.625,1,MIGRATED_CURRENT_BEHAVIOR,ANALYSIS_CONTRACT_BASELINE_V1,,medicine_ball_rotational_throw,analysis_contract_baseline_v1.csv; identity inheritance per final closeout
OFI_03663,medicine_ball_rotational_throw,메디신볼 회전 옆으로 던지기,OFI_AXIS,SYSTEMIC_MUSCULAR,,LONG,34.375,1,MIGRATED_CURRENT_BEHAVIOR,ANALYSIS_CONTRACT_BASELINE_V1,,medicine_ball_rotational_throw,analysis_contract_baseline_v1.csv; identity inheritance per final closeout
OFI_03664,medicine_ball_rotational_throw,메디신볼 회전 옆으로 던지기,OFI_DOSE,QUALITY_BASED,,THREE_CONFIRMED_SETS_20KG_8REPS_600SECONDS_RPE8,0,1,MIGRATED_CURRENT_BEHAVIOR,ANALYSIS_CONTRACT_BASELINE_V1,,medicine_ball_rotational_throw,analysis_contract_baseline_v1.csv; identity inheritance per final closeout
OFI_03665,medicine_ball_rotational_throw,메디신볼 회전 옆으로 던지기,OFI_GROUP,MED_BALL_ROTATIONAL_POWER,,LOCAL_REPEAT_DETECTION,0,1,MIGRATED_CURRENT_BEHAVIOR,ANALYSIS_CONTRACT_BASELINE_V1,,medicine_ball_rotational_throw,analysis_contract_baseline_v1.csv; identity inheritance per final closeout
OFI_03666,medicine_ball_rotational_throw,메디신볼 회전 옆으로 던지기,OFI_GROUP,ROTATION_POWER,,STRENGTH_COMPARISON,0,1,MIGRATED_CURRENT_BEHAVIOR,ANALYSIS_CONTRACT_BASELINE_V1,,medicine_ball_rotational_throw,analysis_contract_baseline_v1.csv; identity inheritance per final closeout
OFI_03667,medicine_ball_rotational_throw,메디신볼 회전 옆으로 던지기,OFI_GROUP,ROTATION_POWER,,WORKLOAD_BASELINE,0,1,MIGRATED_CURRENT_BEHAVIOR,ANALYSIS_CONTRACT_BASELINE_V1,,medicine_ball_rotational_throw,analysis_contract_baseline_v1.csv; identity inheritance per final closeout
OFI_03668,medicine_ball_rotational_throw,메디신볼 회전 옆으로 던지기,OFI_SCORE,HIGH_FORCE_NEURAL,,,21,1,MIGRATED_CURRENT_BEHAVIOR,ANALYSIS_CONTRACT_BASELINE_V1,,medicine_ball_rotational_throw,analysis_contract_baseline_v1.csv; identity inheritance per final closeout
OFI_03669,medicine_ball_rotational_throw,메디신볼 회전 옆으로 던지기,OFI_SCORE,HIGH_SPEED,,,91,1,MIGRATED_CURRENT_BEHAVIOR,ANALYSIS_CONTRACT_BASELINE_V1,,medicine_ball_rotational_throw,analysis_contract_baseline_v1.csv; identity inheritance per final closeout
OFI_03670,medicine_ball_rotational_throw,메디신볼 회전 옆으로 던지기,OFI_SCORE,LOCAL_MUSCULAR,,,47,1,MIGRATED_CURRENT_BEHAVIOR,ANALYSIS_CONTRACT_BASELINE_V1,,medicine_ball_rotational_throw,analysis_contract_baseline_v1.csv; identity inheritance per final closeout
OFI_03671,medicine_ball_rotational_throw,메디신볼 회전 옆으로 던지기,OFI_SCORE,REACTIVE,,,20,1,MIGRATED_CURRENT_BEHAVIOR,ANALYSIS_CONTRACT_BASELINE_V1,,medicine_ball_rotational_throw,analysis_contract_baseline_v1.csv; identity inheritance per final closeout
OFI_03672,medicine_ball_rotational_throw,메디신볼 회전 옆으로 던지기,OFI_SCORE,SYSTEMIC_MUSCULAR,,,43,1,MIGRATED_CURRENT_BEHAVIOR,ANALYSIS_CONTRACT_BASELINE_V1,,medicine_ball_rotational_throw,analysis_contract_baseline_v1.csv; identity inheritance per final closeout
OFI_03673,medicine_ball_rotational_throw,메디신볼 회전 옆으로 던지기,OFI_SNAPSHOT,SUMMARY,NORMAL,LOW,64,1,MIGRATED_CURRENT_BEHAVIOR,ANALYSIS_CONTRACT_BASELINE_V1,,medicine_ball_rotational_throw,analysis_contract_baseline_v1.csv; identity inheritance per final closeout
OFI_03674,medicine_ball_three_step_acceleration_throw,메디신볼 3스텝 가속 던지기,BADMINTON_FATIGUE_COST,HIGH,,,0,1,MIGRATED_CURRENT_BEHAVIOR,ANALYSIS_CONTRACT_BASELINE_V1,,medicine_ball_three_step_acceleration_throw,analysis_contract_baseline_v1.csv; identity inheritance per final closeout
OFI_03675,medicine_ball_three_step_acceleration_throw,메디신볼 3스텝 가속 던지기,OFI_AXIS,HIGH_FORCE_NEURAL,,LONG,17.1875,1,MIGRATED_CURRENT_BEHAVIOR,ANALYSIS_CONTRACT_BASELINE_V1,,medicine_ball_three_step_acceleration_throw,analysis_contract_baseline_v1.csv; identity inheritance per final closeout
OFI_03676,medicine_ball_three_step_acceleration_throw,메디신볼 3스텝 가속 던지기,OFI_AXIS,HIGH_SPEED,,LONG,73.046875,1,MIGRATED_CURRENT_BEHAVIOR,ANALYSIS_CONTRACT_BASELINE_V1,,medicine_ball_three_step_acceleration_throw,analysis_contract_baseline_v1.csv; identity inheritance per final closeout
OFI_03677,medicine_ball_three_step_acceleration_throw,메디신볼 3스텝 가속 던지기,OFI_AXIS,LOCAL_MUSCULAR,,LONG,37.8125,1,MIGRATED_CURRENT_BEHAVIOR,ANALYSIS_CONTRACT_BASELINE_V1,,medicine_ball_three_step_acceleration_throw,analysis_contract_baseline_v1.csv; identity inheritance per final closeout
OFI_03678,medicine_ball_three_step_acceleration_throw,메디신볼 3스텝 가속 던지기,OFI_AXIS,REACTIVE,,LONG,15.625,1,MIGRATED_CURRENT_BEHAVIOR,ANALYSIS_CONTRACT_BASELINE_V1,,medicine_ball_three_step_acceleration_throw,analysis_contract_baseline_v1.csv; identity inheritance per final closeout
OFI_03679,medicine_ball_three_step_acceleration_throw,메디신볼 3스텝 가속 던지기,OFI_AXIS,SYSTEMIC_MUSCULAR,,LONG,34.375,1,MIGRATED_CURRENT_BEHAVIOR,ANALYSIS_CONTRACT_BASELINE_V1,,medicine_ball_three_step_acceleration_throw,analysis_contract_baseline_v1.csv; identity inheritance per final closeout
OFI_03680,medicine_ball_three_step_acceleration_throw,메디신볼 3스텝 가속 던지기,OFI_DOSE,QUALITY_BASED,,THREE_CONFIRMED_SETS_20KG_8REPS_600SECONDS_RPE8,0,1,MIGRATED_CURRENT_BEHAVIOR,ANALYSIS_CONTRACT_BASELINE_V1,,medicine_ball_three_step_acceleration_throw,analysis_contract_baseline_v1.csv; identity inheritance per final closeout
OFI_03681,medicine_ball_three_step_acceleration_throw,메디신볼 3스텝 가속 던지기,OFI_GROUP,MED_BALL_ROTATIONAL_POWER,,LOCAL_REPEAT_DETECTION,0,1,MIGRATED_CURRENT_BEHAVIOR,ANALYSIS_CONTRACT_BASELINE_V1,,medicine_ball_three_step_acceleration_throw,analysis_contract_baseline_v1.csv; identity inheritance per final closeout
OFI_03682,medicine_ball_three_step_acceleration_throw,메디신볼 3스텝 가속 던지기,OFI_GROUP,ROTATION_POWER,,STRENGTH_COMPARISON,0,1,MIGRATED_CURRENT_BEHAVIOR,ANALYSIS_CONTRACT_BASELINE_V1,,medicine_ball_three_step_acceleration_throw,analysis_contract_baseline_v1.csv; identity inheritance per final closeout
OFI_03683,medicine_ball_three_step_acceleration_throw,메디신볼 3스텝 가속 던지기,OFI_GROUP,ROTATION_POWER,,WORKLOAD_BASELINE,0,1,MIGRATED_CURRENT_BEHAVIOR,ANALYSIS_CONTRACT_BASELINE_V1,,medicine_ball_three_step_acceleration_throw,analysis_contract_baseline_v1.csv; identity inheritance per final closeout
OFI_03684,medicine_ball_three_step_acceleration_throw,메디신볼 3스텝 가속 던지기,OFI_SCORE,HIGH_FORCE_NEURAL,,,21,1,MIGRATED_CURRENT_BEHAVIOR,ANALYSIS_CONTRACT_BASELINE_V1,,medicine_ball_three_step_acceleration_throw,analysis_contract_baseline_v1.csv; identity inheritance per final closeout
OFI_03685,medicine_ball_three_step_acceleration_throw,메디신볼 3스텝 가속 던지기,OFI_SCORE,HIGH_SPEED,,,91,1,MIGRATED_CURRENT_BEHAVIOR,ANALYSIS_CONTRACT_BASELINE_V1,,medicine_ball_three_step_acceleration_throw,analysis_contract_baseline_v1.csv; identity inheritance per final closeout
OFI_03686,medicine_ball_three_step_acceleration_throw,메디신볼 3스텝 가속 던지기,OFI_SCORE,LOCAL_MUSCULAR,,,47,1,MIGRATED_CURRENT_BEHAVIOR,ANALYSIS_CONTRACT_BASELINE_V1,,medicine_ball_three_step_acceleration_throw,analysis_contract_baseline_v1.csv; identity inheritance per final closeout
OFI_03687,medicine_ball_three_step_acceleration_throw,메디신볼 3스텝 가속 던지기,OFI_SCORE,REACTIVE,,,20,1,MIGRATED_CURRENT_BEHAVIOR,ANALYSIS_CONTRACT_BASELINE_V1,,medicine_ball_three_step_acceleration_throw,analysis_contract_baseline_v1.csv; identity inheritance per final closeout
OFI_03688,medicine_ball_three_step_acceleration_throw,메디신볼 3스텝 가속 던지기,OFI_SCORE,SYSTEMIC_MUSCULAR,,,43,1,MIGRATED_CURRENT_BEHAVIOR,ANALYSIS_CONTRACT_BASELINE_V1,,medicine_ball_three_step_acceleration_throw,analysis_contract_baseline_v1.csv; identity inheritance per final closeout
OFI_03689,medicine_ball_three_step_acceleration_throw,메디신볼 3스텝 가속 던지기,OFI_SNAPSHOT,SUMMARY,NORMAL,LOW,64,1,MIGRATED_CURRENT_BEHAVIOR,ANALYSIS_CONTRACT_BASELINE_V1,,medicine_ball_three_step_acceleration_throw,analysis_contract_baseline_v1.csv; identity inheritance per final closeout
OFI_03690,medicine_ball_three_step_deceleration_throw,메디신볼 3스텝 감속 던지기,BADMINTON_FATIGUE_COST,HIGH,,,0,1,MIGRATED_CURRENT_BEHAVIOR,ANALYSIS_CONTRACT_BASELINE_V1,,medicine_ball_three_step_deceleration_throw,analysis_contract_baseline_v1.csv; identity inheritance per final closeout
OFI_03691,medicine_ball_three_step_deceleration_throw,메디신볼 3스텝 감속 던지기,OFI_AXIS,HIGH_FORCE_NEURAL,,LONG,17.1875,1,MIGRATED_CURRENT_BEHAVIOR,ANALYSIS_CONTRACT_BASELINE_V1,,medicine_ball_three_step_deceleration_throw,analysis_contract_baseline_v1.csv; identity inheritance per final closeout
OFI_03692,medicine_ball_three_step_deceleration_throw,메디신볼 3스텝 감속 던지기,OFI_AXIS,HIGH_SPEED,,LONG,73.046875,1,MIGRATED_CURRENT_BEHAVIOR,ANALYSIS_CONTRACT_BASELINE_V1,,medicine_ball_three_step_deceleration_throw,analysis_contract_baseline_v1.csv; identity inheritance per final closeout
OFI_03693,medicine_ball_three_step_deceleration_throw,메디신볼 3스텝 감속 던지기,OFI_AXIS,LOCAL_MUSCULAR,,LONG,37.8125,1,MIGRATED_CURRENT_BEHAVIOR,ANALYSIS_CONTRACT_BASELINE_V1,,medicine_ball_three_step_deceleration_throw,analysis_contract_baseline_v1.csv; identity inheritance per final closeout
OFI_03694,medicine_ball_three_step_deceleration_throw,메디신볼 3스텝 감속 던지기,OFI_AXIS,REACTIVE,,LONG,15.625,1,MIGRATED_CURRENT_BEHAVIOR,ANALYSIS_CONTRACT_BASELINE_V1,,medicine_ball_three_step_deceleration_throw,analysis_contract_baseline_v1.csv; identity inheritance per final closeout
OFI_03695,medicine_ball_three_step_deceleration_throw,메디신볼 3스텝 감속 던지기,OFI_AXIS,SYSTEMIC_MUSCULAR,,LONG,34.375,1,MIGRATED_CURRENT_BEHAVIOR,ANALYSIS_CONTRACT_BASELINE_V1,,medicine_ball_three_step_deceleration_throw,analysis_contract_baseline_v1.csv; identity inheritance per final closeout
OFI_03696,medicine_ball_three_step_deceleration_throw,메디신볼 3스텝 감속 던지기,OFI_DOSE,QUALITY_BASED,,THREE_CONFIRMED_SETS_20KG_8REPS_600SECONDS_RPE8,0,1,MIGRATED_CURRENT_BEHAVIOR,ANALYSIS_CONTRACT_BASELINE_V1,,medicine_ball_three_step_deceleration_throw,analysis_contract_baseline_v1.csv; identity inheritance per final closeout
OFI_03697,medicine_ball_three_step_deceleration_throw,메디신볼 3스텝 감속 던지기,OFI_GROUP,MED_BALL_ROTATIONAL_POWER,,LOCAL_REPEAT_DETECTION,0,1,MIGRATED_CURRENT_BEHAVIOR,ANALYSIS_CONTRACT_BASELINE_V1,,medicine_ball_three_step_deceleration_throw,analysis_contract_baseline_v1.csv; identity inheritance per final closeout
OFI_03698,medicine_ball_three_step_deceleration_throw,메디신볼 3스텝 감속 던지기,OFI_GROUP,ROTATION_POWER,,STRENGTH_COMPARISON,0,1,MIGRATED_CURRENT_BEHAVIOR,ANALYSIS_CONTRACT_BASELINE_V1,,medicine_ball_three_step_deceleration_throw,analysis_contract_baseline_v1.csv; identity inheritance per final closeout
OFI_03699,medicine_ball_three_step_deceleration_throw,메디신볼 3스텝 감속 던지기,OFI_GROUP,ROTATION_POWER,,WORKLOAD_BASELINE,0,1,MIGRATED_CURRENT_BEHAVIOR,ANALYSIS_CONTRACT_BASELINE_V1,,medicine_ball_three_step_deceleration_throw,analysis_contract_baseline_v1.csv; identity inheritance per final closeout
OFI_03700,medicine_ball_three_step_deceleration_throw,메디신볼 3스텝 감속 던지기,OFI_SCORE,HIGH_FORCE_NEURAL,,,21,1,MIGRATED_CURRENT_BEHAVIOR,ANALYSIS_CONTRACT_BASELINE_V1,,medicine_ball_three_step_deceleration_throw,analysis_contract_baseline_v1.csv; identity inheritance per final closeout
OFI_03701,medicine_ball_three_step_deceleration_throw,메디신볼 3스텝 감속 던지기,OFI_SCORE,HIGH_SPEED,,,91,1,MIGRATED_CURRENT_BEHAVIOR,ANALYSIS_CONTRACT_BASELINE_V1,,medicine_ball_three_step_deceleration_throw,analysis_contract_baseline_v1.csv; identity inheritance per final closeout
OFI_03702,medicine_ball_three_step_deceleration_throw,메디신볼 3스텝 감속 던지기,OFI_SCORE,LOCAL_MUSCULAR,,,47,1,MIGRATED_CURRENT_BEHAVIOR,ANALYSIS_CONTRACT_BASELINE_V1,,medicine_ball_three_step_deceleration_throw,analysis_contract_baseline_v1.csv; identity inheritance per final closeout
OFI_03703,medicine_ball_three_step_deceleration_throw,메디신볼 3스텝 감속 던지기,OFI_SCORE,REACTIVE,,,20,1,MIGRATED_CURRENT_BEHAVIOR,ANALYSIS_CONTRACT_BASELINE_V1,,medicine_ball_three_step_deceleration_throw,analysis_contract_baseline_v1.csv; identity inheritance per final closeout
OFI_03704,medicine_ball_three_step_deceleration_throw,메디신볼 3스텝 감속 던지기,OFI_SCORE,SYSTEMIC_MUSCULAR,,,43,1,MIGRATED_CURRENT_BEHAVIOR,ANALYSIS_CONTRACT_BASELINE_V1,,medicine_ball_three_step_deceleration_throw,analysis_contract_baseline_v1.csv; identity inheritance per final closeout
OFI_03705,medicine_ball_three_step_deceleration_throw,메디신볼 3스텝 감속 던지기,OFI_SNAPSHOT,SUMMARY,NORMAL,LOW,64,1,MIGRATED_CURRENT_BEHAVIOR,ANALYSIS_CONTRACT_BASELINE_V1,,medicine_ball_three_step_deceleration_throw,analysis_contract_baseline_v1.csv; identity inheritance per final closeout
OFI_03706,one_arm_gymnastic_ring_row,짐내스틱 링 원암 로우,BADMINTON_FATIGUE_COST,MEDIUM,,,0,1,MIGRATED_CURRENT_BEHAVIOR,ANALYSIS_CONTRACT_BASELINE_V1,,ex_d9084b5e,analysis_contract_baseline_v1.csv; identity inheritance per final closeout
OFI_03707,one_arm_gymnastic_ring_row,짐내스틱 링 원암 로우,OFI_AXIS,HIGH_FORCE_NEURAL,,MEDIUM,37.8125,1,MIGRATED_CURRENT_BEHAVIOR,ANALYSIS_CONTRACT_BASELINE_V1,,ex_d9084b5e,analysis_contract_baseline_v1.csv; identity inheritance per final closeout
OFI_03708,one_arm_gymnastic_ring_row,짐내스틱 링 원암 로우,OFI_AXIS,HIGH_SPEED,,MEDIUM,17.1875,1,MIGRATED_CURRENT_BEHAVIOR,ANALYSIS_CONTRACT_BASELINE_V1,,ex_d9084b5e,analysis_contract_baseline_v1.csv; identity inheritance per final closeout
OFI_03709,one_arm_gymnastic_ring_row,짐내스틱 링 원암 로우,OFI_AXIS,LOCAL_MUSCULAR,,MEDIUM,58.4375,1,MIGRATED_CURRENT_BEHAVIOR,ANALYSIS_CONTRACT_BASELINE_V1,,ex_d9084b5e,analysis_contract_baseline_v1.csv; identity inheritance per final closeout
OFI_03710,one_arm_gymnastic_ring_row,짐내스틱 링 원암 로우,OFI_AXIS,REACTIVE,,MEDIUM,15.625,1,MIGRATED_CURRENT_BEHAVIOR,ANALYSIS_CONTRACT_BASELINE_V1,,ex_d9084b5e,analysis_contract_baseline_v1.csv; identity inheritance per final closeout
OFI_03711,one_arm_gymnastic_ring_row,짐내스틱 링 원암 로우,OFI_AXIS,SYSTEMIC_MUSCULAR,,MEDIUM,34.375,1,MIGRATED_CURRENT_BEHAVIOR,ANALYSIS_CONTRACT_BASELINE_V1,,ex_d9084b5e,analysis_contract_baseline_v1.csv; identity inheritance per final closeout
OFI_03712,one_arm_gymnastic_ring_row,짐내스틱 링 원암 로우,OFI_DOSE,VOLUME_LOAD,,THREE_CONFIRMED_SETS_20KG_8REPS_600SECONDS_RPE8,0,1,MIGRATED_CURRENT_BEHAVIOR,ANALYSIS_CONTRACT_BASELINE_V1,,ex_d9084b5e,analysis_contract_baseline_v1.csv; identity inheritance per final closeout
OFI_03713,one_arm_gymnastic_ring_row,짐내스틱 링 원암 로우,OFI_GROUP,HORIZONTAL_PULL_COMPOUND,,LOCAL_REPEAT_DETECTION,0,1,MIGRATED_CURRENT_BEHAVIOR,ANALYSIS_CONTRACT_BASELINE_V1,,ex_d9084b5e,analysis_contract_baseline_v1.csv; identity inheritance per final closeout
OFI_03714,one_arm_gymnastic_ring_row,짐내스틱 링 원암 로우,OFI_GROUP,HORIZONTAL_PULL_COMPOUND,,STRENGTH_COMPARISON,0,1,MIGRATED_CURRENT_BEHAVIOR,ANALYSIS_CONTRACT_BASELINE_V1,,ex_d9084b5e,analysis_contract_baseline_v1.csv; identity inheritance per final closeout
OFI_03715,one_arm_gymnastic_ring_row,짐내스틱 링 원암 로우,OFI_GROUP,HORIZONTAL_PULL_COMPOUND,,WORKLOAD_BASELINE,0,1,MIGRATED_CURRENT_BEHAVIOR,ANALYSIS_CONTRACT_BASELINE_V1,,ex_d9084b5e,analysis_contract_baseline_v1.csv; identity inheritance per final closeout
OFI_03716,one_arm_gymnastic_ring_row,짐내스틱 링 원암 로우,OFI_SCORE,HIGH_FORCE_NEURAL,,,47,1,MIGRATED_CURRENT_BEHAVIOR,ANALYSIS_CONTRACT_BASELINE_V1,,ex_d9084b5e,analysis_contract_baseline_v1.csv; identity inheritance per final closeout
OFI_03717,one_arm_gymnastic_ring_row,짐내스틱 링 원암 로우,OFI_SCORE,HIGH_SPEED,,,21,1,MIGRATED_CURRENT_BEHAVIOR,ANALYSIS_CONTRACT_BASELINE_V1,,ex_d9084b5e,analysis_contract_baseline_v1.csv; identity inheritance per final closeout
OFI_03718,one_arm_gymnastic_ring_row,짐내스틱 링 원암 로우,OFI_SCORE,LOCAL_MUSCULAR,,,73,1,MIGRATED_CURRENT_BEHAVIOR,ANALYSIS_CONTRACT_BASELINE_V1,,ex_d9084b5e,analysis_contract_baseline_v1.csv; identity inheritance per final closeout
OFI_03719,one_arm_gymnastic_ring_row,짐내스틱 링 원암 로우,OFI_SCORE,REACTIVE,,,20,1,MIGRATED_CURRENT_BEHAVIOR,ANALYSIS_CONTRACT_BASELINE_V1,,ex_d9084b5e,analysis_contract_baseline_v1.csv; identity inheritance per final closeout
OFI_03720,one_arm_gymnastic_ring_row,짐내스틱 링 원암 로우,OFI_SCORE,SYSTEMIC_MUSCULAR,,,43,1,MIGRATED_CURRENT_BEHAVIOR,ANALYSIS_CONTRACT_BASELINE_V1,,ex_d9084b5e,analysis_contract_baseline_v1.csv; identity inheritance per final closeout
OFI_03721,one_arm_gymnastic_ring_row,짐내스틱 링 원암 로우,OFI_SNAPSHOT,SUMMARY,NORMAL,LOW,44,1,MIGRATED_CURRENT_BEHAVIOR,ANALYSIS_CONTRACT_BASELINE_V1,,ex_d9084b5e,analysis_contract_baseline_v1.csv; identity inheritance per final closeout
OFI_03722,one_arm_suspension_trainer_row,서스펜션 트레이너 원암 로우,BADMINTON_FATIGUE_COST,MEDIUM,,,0,1,MIGRATED_CURRENT_BEHAVIOR,ANALYSIS_CONTRACT_BASELINE_V1,,ex_d9084b5e,analysis_contract_baseline_v1.csv; identity inheritance per final closeout
OFI_03723,one_arm_suspension_trainer_row,서스펜션 트레이너 원암 로우,OFI_AXIS,HIGH_FORCE_NEURAL,,MEDIUM,37.8125,1,MIGRATED_CURRENT_BEHAVIOR,ANALYSIS_CONTRACT_BASELINE_V1,,ex_d9084b5e,analysis_contract_baseline_v1.csv; identity inheritance per final closeout
OFI_03724,one_arm_suspension_trainer_row,서스펜션 트레이너 원암 로우,OFI_AXIS,HIGH_SPEED,,MEDIUM,17.1875,1,MIGRATED_CURRENT_BEHAVIOR,ANALYSIS_CONTRACT_BASELINE_V1,,ex_d9084b5e,analysis_contract_baseline_v1.csv; identity inheritance per final closeout
OFI_03725,one_arm_suspension_trainer_row,서스펜션 트레이너 원암 로우,OFI_AXIS,LOCAL_MUSCULAR,,MEDIUM,58.4375,1,MIGRATED_CURRENT_BEHAVIOR,ANALYSIS_CONTRACT_BASELINE_V1,,ex_d9084b5e,analysis_contract_baseline_v1.csv; identity inheritance per final closeout
OFI_03726,one_arm_suspension_trainer_row,서스펜션 트레이너 원암 로우,OFI_AXIS,REACTIVE,,MEDIUM,15.625,1,MIGRATED_CURRENT_BEHAVIOR,ANALYSIS_CONTRACT_BASELINE_V1,,ex_d9084b5e,analysis_contract_baseline_v1.csv; identity inheritance per final closeout
OFI_03727,one_arm_suspension_trainer_row,서스펜션 트레이너 원암 로우,OFI_AXIS,SYSTEMIC_MUSCULAR,,MEDIUM,34.375,1,MIGRATED_CURRENT_BEHAVIOR,ANALYSIS_CONTRACT_BASELINE_V1,,ex_d9084b5e,analysis_contract_baseline_v1.csv; identity inheritance per final closeout
OFI_03728,one_arm_suspension_trainer_row,서스펜션 트레이너 원암 로우,OFI_DOSE,VOLUME_LOAD,,THREE_CONFIRMED_SETS_20KG_8REPS_600SECONDS_RPE8,0,1,MIGRATED_CURRENT_BEHAVIOR,ANALYSIS_CONTRACT_BASELINE_V1,,ex_d9084b5e,analysis_contract_baseline_v1.csv; identity inheritance per final closeout
OFI_03729,one_arm_suspension_trainer_row,서스펜션 트레이너 원암 로우,OFI_GROUP,HORIZONTAL_PULL_COMPOUND,,LOCAL_REPEAT_DETECTION,0,1,MIGRATED_CURRENT_BEHAVIOR,ANALYSIS_CONTRACT_BASELINE_V1,,ex_d9084b5e,analysis_contract_baseline_v1.csv; identity inheritance per final closeout
OFI_03730,one_arm_suspension_trainer_row,서스펜션 트레이너 원암 로우,OFI_GROUP,HORIZONTAL_PULL_COMPOUND,,STRENGTH_COMPARISON,0,1,MIGRATED_CURRENT_BEHAVIOR,ANALYSIS_CONTRACT_BASELINE_V1,,ex_d9084b5e,analysis_contract_baseline_v1.csv; identity inheritance per final closeout
OFI_03731,one_arm_suspension_trainer_row,서스펜션 트레이너 원암 로우,OFI_GROUP,HORIZONTAL_PULL_COMPOUND,,WORKLOAD_BASELINE,0,1,MIGRATED_CURRENT_BEHAVIOR,ANALYSIS_CONTRACT_BASELINE_V1,,ex_d9084b5e,analysis_contract_baseline_v1.csv; identity inheritance per final closeout
OFI_03732,one_arm_suspension_trainer_row,서스펜션 트레이너 원암 로우,OFI_SCORE,HIGH_FORCE_NEURAL,,,47,1,MIGRATED_CURRENT_BEHAVIOR,ANALYSIS_CONTRACT_BASELINE_V1,,ex_d9084b5e,analysis_contract_baseline_v1.csv; identity inheritance per final closeout
OFI_03733,one_arm_suspension_trainer_row,서스펜션 트레이너 원암 로우,OFI_SCORE,HIGH_SPEED,,,21,1,MIGRATED_CURRENT_BEHAVIOR,ANALYSIS_CONTRACT_BASELINE_V1,,ex_d9084b5e,analysis_contract_baseline_v1.csv; identity inheritance per final closeout
OFI_03734,one_arm_suspension_trainer_row,서스펜션 트레이너 원암 로우,OFI_SCORE,LOCAL_MUSCULAR,,,73,1,MIGRATED_CURRENT_BEHAVIOR,ANALYSIS_CONTRACT_BASELINE_V1,,ex_d9084b5e,analysis_contract_baseline_v1.csv; identity inheritance per final closeout
OFI_03735,one_arm_suspension_trainer_row,서스펜션 트레이너 원암 로우,OFI_SCORE,REACTIVE,,,20,1,MIGRATED_CURRENT_BEHAVIOR,ANALYSIS_CONTRACT_BASELINE_V1,,ex_d9084b5e,analysis_contract_baseline_v1.csv; identity inheritance per final closeout
OFI_03736,one_arm_suspension_trainer_row,서스펜션 트레이너 원암 로우,OFI_SCORE,SYSTEMIC_MUSCULAR,,,43,1,MIGRATED_CURRENT_BEHAVIOR,ANALYSIS_CONTRACT_BASELINE_V1,,ex_d9084b5e,analysis_contract_baseline_v1.csv; identity inheritance per final closeout
OFI_03737,one_arm_suspension_trainer_row,서스펜션 트레이너 원암 로우,OFI_SNAPSHOT,SUMMARY,NORMAL,LOW,44,1,MIGRATED_CURRENT_BEHAVIOR,ANALYSIS_CONTRACT_BASELINE_V1,,ex_d9084b5e,analysis_contract_baseline_v1.csv; identity inheritance per final closeout
OFI_03738,plate_rotational_press_out,플레이트 로테이셔널 프레스아웃,BADMINTON_FATIGUE_COST,MEDIUM,,,0,1,MIGRATED_CURRENT_BEHAVIOR,ANALYSIS_CONTRACT_BASELINE_V1,,plate_rotational_press_out,analysis_contract_baseline_v1.csv; identity inheritance per final closeout
OFI_03739,plate_rotational_press_out,플레이트 로테이셔널 프레스아웃,OFI_AXIS,HIGH_FORCE_NEURAL,,SHORT,17.1875,1,MIGRATED_CURRENT_BEHAVIOR,ANALYSIS_CONTRACT_BASELINE_V1,,plate_rotational_press_out,analysis_contract_baseline_v1.csv; identity inheritance per final closeout
OFI_03740,plate_rotational_press_out,플레이트 로테이셔널 프레스아웃,OFI_AXIS,HIGH_SPEED,,SHORT,17.1875,1,MIGRATED_CURRENT_BEHAVIOR,ANALYSIS_CONTRACT_BASELINE_V1,,plate_rotational_press_out,analysis_contract_baseline_v1.csv; identity inheritance per final closeout
OFI_03741,plate_rotational_press_out,플레이트 로테이셔널 프레스아웃,OFI_AXIS,LOCAL_MUSCULAR,,SHORT,17.1875,1,MIGRATED_CURRENT_BEHAVIOR,ANALYSIS_CONTRACT_BASELINE_V1,,plate_rotational_press_out,analysis_contract_baseline_v1.csv; identity inheritance per final closeout
OFI_03742,plate_rotational_press_out,플레이트 로테이셔널 프레스아웃,OFI_AXIS,REACTIVE,,SHORT,15.625,1,MIGRATED_CURRENT_BEHAVIOR,ANALYSIS_CONTRACT_BASELINE_V1,,plate_rotational_press_out,analysis_contract_baseline_v1.csv; identity inheritance per final closeout
OFI_03743,plate_rotational_press_out,플레이트 로테이셔널 프레스아웃,OFI_AXIS,SYSTEMIC_MUSCULAR,,SHORT,15.625,1,MIGRATED_CURRENT_BEHAVIOR,ANALYSIS_CONTRACT_BASELINE_V1,,plate_rotational_press_out,analysis_contract_baseline_v1.csv; identity inheritance per final closeout
OFI_03744,plate_rotational_press_out,플레이트 로테이셔널 프레스아웃,OFI_DOSE,QUALITY_BASED,,THREE_CONFIRMED_SETS_20KG_8REPS_600SECONDS_RPE8,0,1,MIGRATED_CURRENT_BEHAVIOR,ANALYSIS_CONTRACT_BASELINE_V1,,plate_rotational_press_out,analysis_contract_baseline_v1.csv; identity inheritance per final closeout
OFI_03745,plate_rotational_press_out,플레이트 로테이셔널 프레스아웃,OFI_GROUP,ANTI_ROTATION,,STRENGTH_COMPARISON,0,1,MIGRATED_CURRENT_BEHAVIOR,ANALYSIS_CONTRACT_BASELINE_V1,,plate_rotational_press_out,analysis_contract_baseline_v1.csv; identity inheritance per final closeout
OFI_03746,plate_rotational_press_out,플레이트 로테이셔널 프레스아웃,OFI_GROUP,ANTI_ROTATION,,WORKLOAD_BASELINE,0,1,MIGRATED_CURRENT_BEHAVIOR,ANALYSIS_CONTRACT_BASELINE_V1,,plate_rotational_press_out,analysis_contract_baseline_v1.csv; identity inheritance per final closeout
OFI_03747,plate_rotational_press_out,플레이트 로테이셔널 프레스아웃,OFI_GROUP,TRUNK_ANTI_ROTATION_CONTROL,,LOCAL_REPEAT_DETECTION,0,1,MIGRATED_CURRENT_BEHAVIOR,ANALYSIS_CONTRACT_BASELINE_V1,,plate_rotational_press_out,analysis_contract_baseline_v1.csv; identity inheritance per final closeout
OFI_03748,plate_rotational_press_out,플레이트 로테이셔널 프레스아웃,OFI_SCORE,HIGH_FORCE_NEURAL,,,21,1,MIGRATED_CURRENT_BEHAVIOR,ANALYSIS_CONTRACT_BASELINE_V1,,plate_rotational_press_out,analysis_contract_baseline_v1.csv; identity inheritance per final closeout
OFI_03749,plate_rotational_press_out,플레이트 로테이셔널 프레스아웃,OFI_SCORE,HIGH_SPEED,,,21,1,MIGRATED_CURRENT_BEHAVIOR,ANALYSIS_CONTRACT_BASELINE_V1,,plate_rotational_press_out,analysis_contract_baseline_v1.csv; identity inheritance per final closeout
OFI_03750,plate_rotational_press_out,플레이트 로테이셔널 프레스아웃,OFI_SCORE,LOCAL_MUSCULAR,,,21,1,MIGRATED_CURRENT_BEHAVIOR,ANALYSIS_CONTRACT_BASELINE_V1,,plate_rotational_press_out,analysis_contract_baseline_v1.csv; identity inheritance per final closeout
OFI_03751,plate_rotational_press_out,플레이트 로테이셔널 프레스아웃,OFI_SCORE,REACTIVE,,,20,1,MIGRATED_CURRENT_BEHAVIOR,ANALYSIS_CONTRACT_BASELINE_V1,,plate_rotational_press_out,analysis_contract_baseline_v1.csv; identity inheritance per final closeout
OFI_03752,plate_rotational_press_out,플레이트 로테이셔널 프레스아웃,OFI_SCORE,SYSTEMIC_MUSCULAR,,,20,1,MIGRATED_CURRENT_BEHAVIOR,ANALYSIS_CONTRACT_BASELINE_V1,,plate_rotational_press_out,analysis_contract_baseline_v1.csv; identity inheritance per final closeout
OFI_03753,plate_rotational_press_out,플레이트 로테이셔널 프레스아웃,OFI_SNAPSHOT,SUMMARY,LOW,LOW,17,1,MIGRATED_CURRENT_BEHAVIOR,ANALYSIS_CONTRACT_BASELINE_V1,,plate_rotational_press_out,analysis_contract_baseline_v1.csv; identity inheritance per final closeout
OFI_03770,single_leg_hip_bridge,원레그 힙 브릿지,BADMINTON_FATIGUE_COST,HIGH,,,0,1,MIGRATED_CURRENT_BEHAVIOR,ANALYSIS_CONTRACT_BASELINE_V1,,single_leg_hip_bridge,analysis_contract_baseline_v1.csv; identity inheritance per final closeout
OFI_03771,single_leg_hip_bridge,원레그 힙 브릿지,OFI_AXIS,HIGH_FORCE_NEURAL,,MEDIUM,17.1875,1,MIGRATED_CURRENT_BEHAVIOR,ANALYSIS_CONTRACT_BASELINE_V1,,single_leg_hip_bridge,analysis_contract_baseline_v1.csv; identity inheritance per final closeout
OFI_03772,single_leg_hip_bridge,원레그 힙 브릿지,OFI_AXIS,HIGH_SPEED,,MEDIUM,17.1875,1,MIGRATED_CURRENT_BEHAVIOR,ANALYSIS_CONTRACT_BASELINE_V1,,single_leg_hip_bridge,analysis_contract_baseline_v1.csv; identity inheritance per final closeout
OFI_03773,single_leg_hip_bridge,원레그 힙 브릿지,OFI_AXIS,LOCAL_MUSCULAR,,MEDIUM,58.4375,1,MIGRATED_CURRENT_BEHAVIOR,ANALYSIS_CONTRACT_BASELINE_V1,,single_leg_hip_bridge,analysis_contract_baseline_v1.csv; identity inheritance per final closeout
OFI_03774,single_leg_hip_bridge,원레그 힙 브릿지,OFI_AXIS,REACTIVE,,MEDIUM,15.625,1,MIGRATED_CURRENT_BEHAVIOR,ANALYSIS_CONTRACT_BASELINE_V1,,single_leg_hip_bridge,analysis_contract_baseline_v1.csv; identity inheritance per final closeout
OFI_03775,single_leg_hip_bridge,원레그 힙 브릿지,OFI_AXIS,SYSTEMIC_MUSCULAR,,MEDIUM,29.21875,1,MIGRATED_CURRENT_BEHAVIOR,ANALYSIS_CONTRACT_BASELINE_V1,,single_leg_hip_bridge,analysis_contract_baseline_v1.csv; identity inheritance per final closeout
OFI_03776,single_leg_hip_bridge,원레그 힙 브릿지,OFI_DOSE,VOLUME_LOAD,,THREE_CONFIRMED_SETS_20KG_8REPS_600SECONDS_RPE8,0,1,MIGRATED_CURRENT_BEHAVIOR,ANALYSIS_CONTRACT_BASELINE_V1,,single_leg_hip_bridge,analysis_contract_baseline_v1.csv; identity inheritance per final closeout
OFI_03777,single_leg_hip_bridge,원레그 힙 브릿지,OFI_GROUP,HIP_THRUST_GLUTE,,LOCAL_REPEAT_DETECTION,0,1,MIGRATED_CURRENT_BEHAVIOR,ANALYSIS_CONTRACT_BASELINE_V1,,single_leg_hip_bridge,analysis_contract_baseline_v1.csv; identity inheritance per final closeout
OFI_03778,single_leg_hip_bridge,원레그 힙 브릿지,OFI_GROUP,HIP_THRUST_GLUTE,,STRENGTH_COMPARISON,0,1,MIGRATED_CURRENT_BEHAVIOR,ANALYSIS_CONTRACT_BASELINE_V1,,single_leg_hip_bridge,analysis_contract_baseline_v1.csv; identity inheritance per final closeout
OFI_03779,single_leg_hip_bridge,원레그 힙 브릿지,OFI_GROUP,HIP_THRUST_GLUTE,,WORKLOAD_BASELINE,0,1,MIGRATED_CURRENT_BEHAVIOR,ANALYSIS_CONTRACT_BASELINE_V1,,single_leg_hip_bridge,analysis_contract_baseline_v1.csv; identity inheritance per final closeout
OFI_03780,single_leg_hip_bridge,원레그 힙 브릿지,OFI_SCORE,HIGH_FORCE_NEURAL,,,21,1,MIGRATED_CURRENT_BEHAVIOR,ANALYSIS_CONTRACT_BASELINE_V1,,single_leg_hip_bridge,analysis_contract_baseline_v1.csv; identity inheritance per final closeout
OFI_03781,single_leg_hip_bridge,원레그 힙 브릿지,OFI_SCORE,HIGH_SPEED,,,21,1,MIGRATED_CURRENT_BEHAVIOR,ANALYSIS_CONTRACT_BASELINE_V1,,single_leg_hip_bridge,analysis_contract_baseline_v1.csv; identity inheritance per final closeout
OFI_03782,single_leg_hip_bridge,원레그 힙 브릿지,OFI_SCORE,LOCAL_MUSCULAR,,,73,1,MIGRATED_CURRENT_BEHAVIOR,ANALYSIS_CONTRACT_BASELINE_V1,,single_leg_hip_bridge,analysis_contract_baseline_v1.csv; identity inheritance per final closeout
OFI_03783,single_leg_hip_bridge,원레그 힙 브릿지,OFI_SCORE,REACTIVE,,,20,1,MIGRATED_CURRENT_BEHAVIOR,ANALYSIS_CONTRACT_BASELINE_V1,,single_leg_hip_bridge,analysis_contract_baseline_v1.csv; identity inheritance per final closeout
OFI_03784,single_leg_hip_bridge,원레그 힙 브릿지,OFI_SCORE,SYSTEMIC_MUSCULAR,,,37,1,MIGRATED_CURRENT_BEHAVIOR,ANALYSIS_CONTRACT_BASELINE_V1,,single_leg_hip_bridge,analysis_contract_baseline_v1.csv; identity inheritance per final closeout
OFI_03785,single_leg_hip_bridge,원레그 힙 브릿지,OFI_SNAPSHOT,SUMMARY,NORMAL,LOW,41,1,MIGRATED_CURRENT_BEHAVIOR,ANALYSIS_CONTRACT_BASELINE_V1,,single_leg_hip_bridge,analysis_contract_baseline_v1.csv; identity inheritance per final closeout
OFI_03786,standing_bodyweight_calf_raise,맨몸 스탠딩 카프 레이즈,BADMINTON_FATIGUE_COST,LOW,,,0,1,MIGRATED_CURRENT_BEHAVIOR,ANALYSIS_CONTRACT_BASELINE_V1,,ex_bd072cd,analysis_contract_baseline_v1.csv; identity inheritance per final closeout
OFI_03787,standing_bodyweight_calf_raise,맨몸 스탠딩 카프 레이즈,OFI_AXIS,HIGH_FORCE_NEURAL,,SHORT,17.1875,1,MIGRATED_CURRENT_BEHAVIOR,ANALYSIS_CONTRACT_BASELINE_V1,,ex_bd072cd,analysis_contract_baseline_v1.csv; identity inheritance per final closeout
OFI_03788,standing_bodyweight_calf_raise,맨몸 스탠딩 카프 레이즈,OFI_AXIS,HIGH_SPEED,,SHORT,70.125,1,MIGRATED_CURRENT_BEHAVIOR,ANALYSIS_CONTRACT_BASELINE_V1,,ex_bd072cd,analysis_contract_baseline_v1.csv; identity inheritance per final closeout
OFI_03789,standing_bodyweight_calf_raise,맨몸 스탠딩 카프 레이즈,OFI_AXIS,LOCAL_MUSCULAR,,SHORT,58.4375,1,MIGRATED_CURRENT_BEHAVIOR,ANALYSIS_CONTRACT_BASELINE_V1,,ex_bd072cd,analysis_contract_baseline_v1.csv; identity inheritance per final closeout
OFI_03790,standing_bodyweight_calf_raise,맨몸 스탠딩 카프 레이즈,OFI_AXIS,REACTIVE,,SHORT,63.75,1,MIGRATED_CURRENT_BEHAVIOR,ANALYSIS_CONTRACT_BASELINE_V1,,ex_bd072cd,analysis_contract_baseline_v1.csv; identity inheritance per final closeout
OFI_03791,standing_bodyweight_calf_raise,맨몸 스탠딩 카프 레이즈,OFI_AXIS,SYSTEMIC_MUSCULAR,,SHORT,15.625,1,MIGRATED_CURRENT_BEHAVIOR,ANALYSIS_CONTRACT_BASELINE_V1,,ex_bd072cd,analysis_contract_baseline_v1.csv; identity inheritance per final closeout
OFI_03792,standing_bodyweight_calf_raise,맨몸 스탠딩 카프 레이즈,OFI_DOSE,VOLUME_LOAD,,THREE_CONFIRMED_SETS_20KG_8REPS_600SECONDS_RPE8,0,1,MIGRATED_CURRENT_BEHAVIOR,ANALYSIS_CONTRACT_BASELINE_V1,,ex_bd072cd,analysis_contract_baseline_v1.csv; identity inheritance per final closeout
OFI_03793,standing_bodyweight_calf_raise,맨몸 스탠딩 카프 레이즈,OFI_GROUP,CALF_ACHILLES_ANKLE_STIFFNESS,,LOCAL_REPEAT_DETECTION,0,1,MIGRATED_CURRENT_BEHAVIOR,ANALYSIS_CONTRACT_BASELINE_V1,,ex_bd072cd,analysis_contract_baseline_v1.csv; identity inheritance per final closeout
OFI_03794,standing_bodyweight_calf_raise,맨몸 스탠딩 카프 레이즈,OFI_GROUP,CALF_ACHILLES_ANKLE_STIFFNESS,,STRENGTH_COMPARISON,0,1,MIGRATED_CURRENT_BEHAVIOR,ANALYSIS_CONTRACT_BASELINE_V1,,ex_bd072cd,analysis_contract_baseline_v1.csv; identity inheritance per final closeout
OFI_03795,standing_bodyweight_calf_raise,맨몸 스탠딩 카프 레이즈,OFI_GROUP,CALF_ACHILLES_ANKLE_STIFFNESS,,WORKLOAD_BASELINE,0,1,MIGRATED_CURRENT_BEHAVIOR,ANALYSIS_CONTRACT_BASELINE_V1,,ex_bd072cd,analysis_contract_baseline_v1.csv; identity inheritance per final closeout
OFI_03796,standing_bodyweight_calf_raise,맨몸 스탠딩 카프 레이즈,OFI_SCORE,HIGH_FORCE_NEURAL,,,21,1,MIGRATED_CURRENT_BEHAVIOR,ANALYSIS_CONTRACT_BASELINE_V1,,ex_bd072cd,analysis_contract_baseline_v1.csv; identity inheritance per final closeout
OFI_03797,standing_bodyweight_calf_raise,맨몸 스탠딩 카프 레이즈,OFI_SCORE,HIGH_SPEED,,,88,1,MIGRATED_CURRENT_BEHAVIOR,ANALYSIS_CONTRACT_BASELINE_V1,,ex_bd072cd,analysis_contract_baseline_v1.csv; identity inheritance per final closeout
OFI_03798,standing_bodyweight_calf_raise,맨몸 스탠딩 카프 레이즈,OFI_SCORE,LOCAL_MUSCULAR,,,73,1,MIGRATED_CURRENT_BEHAVIOR,ANALYSIS_CONTRACT_BASELINE_V1,,ex_bd072cd,analysis_contract_baseline_v1.csv; identity inheritance per final closeout
OFI_03799,standing_bodyweight_calf_raise,맨몸 스탠딩 카프 레이즈,OFI_SCORE,REACTIVE,,,80,1,MIGRATED_CURRENT_BEHAVIOR,ANALYSIS_CONTRACT_BASELINE_V1,,ex_bd072cd,analysis_contract_baseline_v1.csv; identity inheritance per final closeout
OFI_03800,standing_bodyweight_calf_raise,맨몸 스탠딩 카프 레이즈,OFI_SCORE,SYSTEMIC_MUSCULAR,,,20,1,MIGRATED_CURRENT_BEHAVIOR,ANALYSIS_CONTRACT_BASELINE_V1,,ex_bd072cd,analysis_contract_baseline_v1.csv; identity inheritance per final closeout
OFI_03801,standing_bodyweight_calf_raise,맨몸 스탠딩 카프 레이즈,OFI_SNAPSHOT,SUMMARY,NORMAL,LOW,72,1,MIGRATED_CURRENT_BEHAVIOR,ANALYSIS_CONTRACT_BASELINE_V1,,ex_bd072cd,analysis_contract_baseline_v1.csv; identity inheritance per final closeout
OFI_03802,standing_calf_raise_machine,스탠딩 카프 레이즈 머신,BADMINTON_FATIGUE_COST,LOW,,,0,1,MIGRATED_CURRENT_BEHAVIOR,ANALYSIS_CONTRACT_BASELINE_V1,,ex_bd072cd,analysis_contract_baseline_v1.csv; identity inheritance per final closeout
OFI_03803,standing_calf_raise_machine,스탠딩 카프 레이즈 머신,OFI_AXIS,HIGH_FORCE_NEURAL,,SHORT,17.1875,1,MIGRATED_CURRENT_BEHAVIOR,ANALYSIS_CONTRACT_BASELINE_V1,,ex_bd072cd,analysis_contract_baseline_v1.csv; identity inheritance per final closeout
OFI_03804,standing_calf_raise_machine,스탠딩 카프 레이즈 머신,OFI_AXIS,HIGH_SPEED,,SHORT,70.125,1,MIGRATED_CURRENT_BEHAVIOR,ANALYSIS_CONTRACT_BASELINE_V1,,ex_bd072cd,analysis_contract_baseline_v1.csv; identity inheritance per final closeout
OFI_03805,standing_calf_raise_machine,스탠딩 카프 레이즈 머신,OFI_AXIS,LOCAL_MUSCULAR,,SHORT,58.4375,1,MIGRATED_CURRENT_BEHAVIOR,ANALYSIS_CONTRACT_BASELINE_V1,,ex_bd072cd,analysis_contract_baseline_v1.csv; identity inheritance per final closeout
OFI_03806,standing_calf_raise_machine,스탠딩 카프 레이즈 머신,OFI_AXIS,REACTIVE,,SHORT,63.75,1,MIGRATED_CURRENT_BEHAVIOR,ANALYSIS_CONTRACT_BASELINE_V1,,ex_bd072cd,analysis_contract_baseline_v1.csv; identity inheritance per final closeout
OFI_03807,standing_calf_raise_machine,스탠딩 카프 레이즈 머신,OFI_AXIS,SYSTEMIC_MUSCULAR,,SHORT,15.625,1,MIGRATED_CURRENT_BEHAVIOR,ANALYSIS_CONTRACT_BASELINE_V1,,ex_bd072cd,analysis_contract_baseline_v1.csv; identity inheritance per final closeout
OFI_03808,standing_calf_raise_machine,스탠딩 카프 레이즈 머신,OFI_DOSE,VOLUME_LOAD,,THREE_CONFIRMED_SETS_20KG_8REPS_600SECONDS_RPE8,0,1,MIGRATED_CURRENT_BEHAVIOR,ANALYSIS_CONTRACT_BASELINE_V1,,ex_bd072cd,analysis_contract_baseline_v1.csv; identity inheritance per final closeout
OFI_03809,standing_calf_raise_machine,스탠딩 카프 레이즈 머신,OFI_GROUP,CALF_ACHILLES_ANKLE_STIFFNESS,,LOCAL_REPEAT_DETECTION,0,1,MIGRATED_CURRENT_BEHAVIOR,ANALYSIS_CONTRACT_BASELINE_V1,,ex_bd072cd,analysis_contract_baseline_v1.csv; identity inheritance per final closeout
OFI_03810,standing_calf_raise_machine,스탠딩 카프 레이즈 머신,OFI_GROUP,CALF_ACHILLES_ANKLE_STIFFNESS,,STRENGTH_COMPARISON,0,1,MIGRATED_CURRENT_BEHAVIOR,ANALYSIS_CONTRACT_BASELINE_V1,,ex_bd072cd,analysis_contract_baseline_v1.csv; identity inheritance per final closeout
OFI_03811,standing_calf_raise_machine,스탠딩 카프 레이즈 머신,OFI_GROUP,CALF_ACHILLES_ANKLE_STIFFNESS,,WORKLOAD_BASELINE,0,1,MIGRATED_CURRENT_BEHAVIOR,ANALYSIS_CONTRACT_BASELINE_V1,,ex_bd072cd,analysis_contract_baseline_v1.csv; identity inheritance per final closeout
OFI_03812,standing_calf_raise_machine,스탠딩 카프 레이즈 머신,OFI_SCORE,HIGH_FORCE_NEURAL,,,21,1,MIGRATED_CURRENT_BEHAVIOR,ANALYSIS_CONTRACT_BASELINE_V1,,ex_bd072cd,analysis_contract_baseline_v1.csv; identity inheritance per final closeout
OFI_03813,standing_calf_raise_machine,스탠딩 카프 레이즈 머신,OFI_SCORE,HIGH_SPEED,,,88,1,MIGRATED_CURRENT_BEHAVIOR,ANALYSIS_CONTRACT_BASELINE_V1,,ex_bd072cd,analysis_contract_baseline_v1.csv; identity inheritance per final closeout
OFI_03814,standing_calf_raise_machine,스탠딩 카프 레이즈 머신,OFI_SCORE,LOCAL_MUSCULAR,,,73,1,MIGRATED_CURRENT_BEHAVIOR,ANALYSIS_CONTRACT_BASELINE_V1,,ex_bd072cd,analysis_contract_baseline_v1.csv; identity inheritance per final closeout
OFI_03815,standing_calf_raise_machine,스탠딩 카프 레이즈 머신,OFI_SCORE,REACTIVE,,,80,1,MIGRATED_CURRENT_BEHAVIOR,ANALYSIS_CONTRACT_BASELINE_V1,,ex_bd072cd,analysis_contract_baseline_v1.csv; identity inheritance per final closeout
OFI_03816,standing_calf_raise_machine,스탠딩 카프 레이즈 머신,OFI_SCORE,SYSTEMIC_MUSCULAR,,,20,1,MIGRATED_CURRENT_BEHAVIOR,ANALYSIS_CONTRACT_BASELINE_V1,,ex_bd072cd,analysis_contract_baseline_v1.csv; identity inheritance per final closeout
OFI_03817,standing_calf_raise_machine,스탠딩 카프 레이즈 머신,OFI_SNAPSHOT,SUMMARY,NORMAL,LOW,72,1,MIGRATED_CURRENT_BEHAVIOR,ANALYSIS_CONTRACT_BASELINE_V1,,ex_bd072cd,analysis_contract_baseline_v1.csv; identity inheritance per final closeout
OFI_03818,standing_dumbbell_calf_raise,덤벨 스탠딩 카프 레이즈,BADMINTON_FATIGUE_COST,LOW,,,0,1,MIGRATED_CURRENT_BEHAVIOR,ANALYSIS_CONTRACT_BASELINE_V1,,ex_bd072cd,analysis_contract_baseline_v1.csv; identity inheritance per final closeout
OFI_03819,standing_dumbbell_calf_raise,덤벨 스탠딩 카프 레이즈,OFI_AXIS,HIGH_FORCE_NEURAL,,SHORT,17.1875,1,MIGRATED_CURRENT_BEHAVIOR,ANALYSIS_CONTRACT_BASELINE_V1,,ex_bd072cd,analysis_contract_baseline_v1.csv; identity inheritance per final closeout
OFI_03820,standing_dumbbell_calf_raise,덤벨 스탠딩 카프 레이즈,OFI_AXIS,HIGH_SPEED,,SHORT,70.125,1,MIGRATED_CURRENT_BEHAVIOR,ANALYSIS_CONTRACT_BASELINE_V1,,ex_bd072cd,analysis_contract_baseline_v1.csv; identity inheritance per final closeout
OFI_03821,standing_dumbbell_calf_raise,덤벨 스탠딩 카프 레이즈,OFI_AXIS,LOCAL_MUSCULAR,,SHORT,58.4375,1,MIGRATED_CURRENT_BEHAVIOR,ANALYSIS_CONTRACT_BASELINE_V1,,ex_bd072cd,analysis_contract_baseline_v1.csv; identity inheritance per final closeout
OFI_03822,standing_dumbbell_calf_raise,덤벨 스탠딩 카프 레이즈,OFI_AXIS,REACTIVE,,SHORT,63.75,1,MIGRATED_CURRENT_BEHAVIOR,ANALYSIS_CONTRACT_BASELINE_V1,,ex_bd072cd,analysis_contract_baseline_v1.csv; identity inheritance per final closeout
OFI_03823,standing_dumbbell_calf_raise,덤벨 스탠딩 카프 레이즈,OFI_AXIS,SYSTEMIC_MUSCULAR,,SHORT,15.625,1,MIGRATED_CURRENT_BEHAVIOR,ANALYSIS_CONTRACT_BASELINE_V1,,ex_bd072cd,analysis_contract_baseline_v1.csv; identity inheritance per final closeout
OFI_03824,standing_dumbbell_calf_raise,덤벨 스탠딩 카프 레이즈,OFI_DOSE,VOLUME_LOAD,,THREE_CONFIRMED_SETS_20KG_8REPS_600SECONDS_RPE8,0,1,MIGRATED_CURRENT_BEHAVIOR,ANALYSIS_CONTRACT_BASELINE_V1,,ex_bd072cd,analysis_contract_baseline_v1.csv; identity inheritance per final closeout
OFI_03825,standing_dumbbell_calf_raise,덤벨 스탠딩 카프 레이즈,OFI_GROUP,CALF_ACHILLES_ANKLE_STIFFNESS,,LOCAL_REPEAT_DETECTION,0,1,MIGRATED_CURRENT_BEHAVIOR,ANALYSIS_CONTRACT_BASELINE_V1,,ex_bd072cd,analysis_contract_baseline_v1.csv; identity inheritance per final closeout
OFI_03826,standing_dumbbell_calf_raise,덤벨 스탠딩 카프 레이즈,OFI_GROUP,CALF_ACHILLES_ANKLE_STIFFNESS,,STRENGTH_COMPARISON,0,1,MIGRATED_CURRENT_BEHAVIOR,ANALYSIS_CONTRACT_BASELINE_V1,,ex_bd072cd,analysis_contract_baseline_v1.csv; identity inheritance per final closeout
OFI_03827,standing_dumbbell_calf_raise,덤벨 스탠딩 카프 레이즈,OFI_GROUP,CALF_ACHILLES_ANKLE_STIFFNESS,,WORKLOAD_BASELINE,0,1,MIGRATED_CURRENT_BEHAVIOR,ANALYSIS_CONTRACT_BASELINE_V1,,ex_bd072cd,analysis_contract_baseline_v1.csv; identity inheritance per final closeout
OFI_03828,standing_dumbbell_calf_raise,덤벨 스탠딩 카프 레이즈,OFI_SCORE,HIGH_FORCE_NEURAL,,,21,1,MIGRATED_CURRENT_BEHAVIOR,ANALYSIS_CONTRACT_BASELINE_V1,,ex_bd072cd,analysis_contract_baseline_v1.csv; identity inheritance per final closeout
OFI_03829,standing_dumbbell_calf_raise,덤벨 스탠딩 카프 레이즈,OFI_SCORE,HIGH_SPEED,,,88,1,MIGRATED_CURRENT_BEHAVIOR,ANALYSIS_CONTRACT_BASELINE_V1,,ex_bd072cd,analysis_contract_baseline_v1.csv; identity inheritance per final closeout
OFI_03830,standing_dumbbell_calf_raise,덤벨 스탠딩 카프 레이즈,OFI_SCORE,LOCAL_MUSCULAR,,,73,1,MIGRATED_CURRENT_BEHAVIOR,ANALYSIS_CONTRACT_BASELINE_V1,,ex_bd072cd,analysis_contract_baseline_v1.csv; identity inheritance per final closeout
OFI_03831,standing_dumbbell_calf_raise,덤벨 스탠딩 카프 레이즈,OFI_SCORE,REACTIVE,,,80,1,MIGRATED_CURRENT_BEHAVIOR,ANALYSIS_CONTRACT_BASELINE_V1,,ex_bd072cd,analysis_contract_baseline_v1.csv; identity inheritance per final closeout
OFI_03832,standing_dumbbell_calf_raise,덤벨 스탠딩 카프 레이즈,OFI_SCORE,SYSTEMIC_MUSCULAR,,,20,1,MIGRATED_CURRENT_BEHAVIOR,ANALYSIS_CONTRACT_BASELINE_V1,,ex_bd072cd,analysis_contract_baseline_v1.csv; identity inheritance per final closeout
OFI_03833,standing_dumbbell_calf_raise,덤벨 스탠딩 카프 레이즈,OFI_SNAPSHOT,SUMMARY,NORMAL,LOW,72,1,MIGRATED_CURRENT_BEHAVIOR,ANALYSIS_CONTRACT_BASELINE_V1,,ex_bd072cd,analysis_contract_baseline_v1.csv; identity inheritance per final closeout
OFI_03834,suspension_trainer_inverted_row,서스펜션 트레이너 인버티드 로우,BADMINTON_FATIGUE_COST,MEDIUM,,,0,1,MIGRATED_CURRENT_BEHAVIOR,ANALYSIS_CONTRACT_BASELINE_V1,,ex_e159d15a,analysis_contract_baseline_v1.csv; identity inheritance per final closeout
OFI_03835,suspension_trainer_inverted_row,서스펜션 트레이너 인버티드 로우,OFI_AXIS,HIGH_FORCE_NEURAL,,MEDIUM,37.8125,1,MIGRATED_CURRENT_BEHAVIOR,ANALYSIS_CONTRACT_BASELINE_V1,,ex_e159d15a,analysis_contract_baseline_v1.csv; identity inheritance per final closeout
OFI_03836,suspension_trainer_inverted_row,서스펜션 트레이너 인버티드 로우,OFI_AXIS,HIGH_SPEED,,MEDIUM,17.1875,1,MIGRATED_CURRENT_BEHAVIOR,ANALYSIS_CONTRACT_BASELINE_V1,,ex_e159d15a,analysis_contract_baseline_v1.csv; identity inheritance per final closeout
OFI_03837,suspension_trainer_inverted_row,서스펜션 트레이너 인버티드 로우,OFI_AXIS,LOCAL_MUSCULAR,,MEDIUM,58.4375,1,MIGRATED_CURRENT_BEHAVIOR,ANALYSIS_CONTRACT_BASELINE_V1,,ex_e159d15a,analysis_contract_baseline_v1.csv; identity inheritance per final closeout
OFI_03838,suspension_trainer_inverted_row,서스펜션 트레이너 인버티드 로우,OFI_AXIS,REACTIVE,,MEDIUM,15.625,1,MIGRATED_CURRENT_BEHAVIOR,ANALYSIS_CONTRACT_BASELINE_V1,,ex_e159d15a,analysis_contract_baseline_v1.csv; identity inheritance per final closeout
OFI_03839,suspension_trainer_inverted_row,서스펜션 트레이너 인버티드 로우,OFI_AXIS,SYSTEMIC_MUSCULAR,,MEDIUM,34.375,1,MIGRATED_CURRENT_BEHAVIOR,ANALYSIS_CONTRACT_BASELINE_V1,,ex_e159d15a,analysis_contract_baseline_v1.csv; identity inheritance per final closeout
OFI_03840,suspension_trainer_inverted_row,서스펜션 트레이너 인버티드 로우,OFI_DOSE,VOLUME_LOAD,,THREE_CONFIRMED_SETS_20KG_8REPS_600SECONDS_RPE8,0,1,MIGRATED_CURRENT_BEHAVIOR,ANALYSIS_CONTRACT_BASELINE_V1,,ex_e159d15a,analysis_contract_baseline_v1.csv; identity inheritance per final closeout
OFI_03841,suspension_trainer_inverted_row,서스펜션 트레이너 인버티드 로우,OFI_GROUP,HORIZONTAL_PULL_COMPOUND,,LOCAL_REPEAT_DETECTION,0,1,MIGRATED_CURRENT_BEHAVIOR,ANALYSIS_CONTRACT_BASELINE_V1,,ex_e159d15a,analysis_contract_baseline_v1.csv; identity inheritance per final closeout
OFI_03842,suspension_trainer_inverted_row,서스펜션 트레이너 인버티드 로우,OFI_GROUP,HORIZONTAL_PULL_COMPOUND,,STRENGTH_COMPARISON,0,1,MIGRATED_CURRENT_BEHAVIOR,ANALYSIS_CONTRACT_BASELINE_V1,,ex_e159d15a,analysis_contract_baseline_v1.csv; identity inheritance per final closeout
OFI_03843,suspension_trainer_inverted_row,서스펜션 트레이너 인버티드 로우,OFI_GROUP,HORIZONTAL_PULL_COMPOUND,,WORKLOAD_BASELINE,0,1,MIGRATED_CURRENT_BEHAVIOR,ANALYSIS_CONTRACT_BASELINE_V1,,ex_e159d15a,analysis_contract_baseline_v1.csv; identity inheritance per final closeout
OFI_03844,suspension_trainer_inverted_row,서스펜션 트레이너 인버티드 로우,OFI_SCORE,HIGH_FORCE_NEURAL,,,47,1,MIGRATED_CURRENT_BEHAVIOR,ANALYSIS_CONTRACT_BASELINE_V1,,ex_e159d15a,analysis_contract_baseline_v1.csv; identity inheritance per final closeout
OFI_03845,suspension_trainer_inverted_row,서스펜션 트레이너 인버티드 로우,OFI_SCORE,HIGH_SPEED,,,21,1,MIGRATED_CURRENT_BEHAVIOR,ANALYSIS_CONTRACT_BASELINE_V1,,ex_e159d15a,analysis_contract_baseline_v1.csv; identity inheritance per final closeout
OFI_03846,suspension_trainer_inverted_row,서스펜션 트레이너 인버티드 로우,OFI_SCORE,LOCAL_MUSCULAR,,,73,1,MIGRATED_CURRENT_BEHAVIOR,ANALYSIS_CONTRACT_BASELINE_V1,,ex_e159d15a,analysis_contract_baseline_v1.csv; identity inheritance per final closeout
OFI_03847,suspension_trainer_inverted_row,서스펜션 트레이너 인버티드 로우,OFI_SCORE,REACTIVE,,,20,1,MIGRATED_CURRENT_BEHAVIOR,ANALYSIS_CONTRACT_BASELINE_V1,,ex_e159d15a,analysis_contract_baseline_v1.csv; identity inheritance per final closeout
OFI_03848,suspension_trainer_inverted_row,서스펜션 트레이너 인버티드 로우,OFI_SCORE,SYSTEMIC_MUSCULAR,,,43,1,MIGRATED_CURRENT_BEHAVIOR,ANALYSIS_CONTRACT_BASELINE_V1,,ex_e159d15a,analysis_contract_baseline_v1.csv; identity inheritance per final closeout
OFI_03849,suspension_trainer_inverted_row,서스펜션 트레이너 인버티드 로우,OFI_SNAPSHOT,SUMMARY,NORMAL,LOW,44,1,MIGRATED_CURRENT_BEHAVIOR,ANALYSIS_CONTRACT_BASELINE_V1,,ex_e159d15a,analysis_contract_baseline_v1.csv; identity inheritance per final closeout
OFI_03850,vipr_chop,바이퍼 회전 아래로,BADMINTON_FATIGUE_COST,HIGH,,,0,1,MIGRATED_CURRENT_BEHAVIOR,ANALYSIS_CONTRACT_BASELINE_V1,,vipr_chop,analysis_contract_baseline_v1.csv; identity inheritance per final closeout
OFI_03851,vipr_chop,바이퍼 회전 아래로,OFI_AXIS,HIGH_FORCE_NEURAL,,LONG,17.1875,1,MIGRATED_CURRENT_BEHAVIOR,ANALYSIS_CONTRACT_BASELINE_V1,,vipr_chop,analysis_contract_baseline_v1.csv; identity inheritance per final closeout
OFI_03852,vipr_chop,바이퍼 회전 아래로,OFI_AXIS,HIGH_SPEED,,LONG,73.046875,1,MIGRATED_CURRENT_BEHAVIOR,ANALYSIS_CONTRACT_BASELINE_V1,,vipr_chop,analysis_contract_baseline_v1.csv; identity inheritance per final closeout
OFI_03853,vipr_chop,바이퍼 회전 아래로,OFI_AXIS,LOCAL_MUSCULAR,,LONG,37.8125,1,MIGRATED_CURRENT_BEHAVIOR,ANALYSIS_CONTRACT_BASELINE_V1,,vipr_chop,analysis_contract_baseline_v1.csv; identity inheritance per final closeout
OFI_03854,vipr_chop,바이퍼 회전 아래로,OFI_AXIS,REACTIVE,,LONG,15.625,1,MIGRATED_CURRENT_BEHAVIOR,ANALYSIS_CONTRACT_BASELINE_V1,,vipr_chop,analysis_contract_baseline_v1.csv; identity inheritance per final closeout
OFI_03855,vipr_chop,바이퍼 회전 아래로,OFI_AXIS,SYSTEMIC_MUSCULAR,,LONG,34.375,1,MIGRATED_CURRENT_BEHAVIOR,ANALYSIS_CONTRACT_BASELINE_V1,,vipr_chop,analysis_contract_baseline_v1.csv; identity inheritance per final closeout
OFI_03856,vipr_chop,바이퍼 회전 아래로,OFI_DOSE,QUALITY_BASED,,THREE_CONFIRMED_SETS_20KG_8REPS_600SECONDS_RPE8,0,1,MIGRATED_CURRENT_BEHAVIOR,ANALYSIS_CONTRACT_BASELINE_V1,,vipr_chop,analysis_contract_baseline_v1.csv; identity inheritance per final closeout
OFI_03857,vipr_chop,바이퍼 회전 아래로,OFI_GROUP,ROTATION_POWER,,STRENGTH_COMPARISON,0,1,MIGRATED_CURRENT_BEHAVIOR,ANALYSIS_CONTRACT_BASELINE_V1,,vipr_chop,analysis_contract_baseline_v1.csv; identity inheritance per final closeout
OFI_03858,vipr_chop,바이퍼 회전 아래로,OFI_GROUP,ROTATION_POWER,,WORKLOAD_BASELINE,0,1,MIGRATED_CURRENT_BEHAVIOR,ANALYSIS_CONTRACT_BASELINE_V1,,vipr_chop,analysis_contract_baseline_v1.csv; identity inheritance per final closeout
OFI_03859,vipr_chop,바이퍼 회전 아래로,OFI_GROUP,VIPR_ROTATIONAL_CHAIN,,LOCAL_REPEAT_DETECTION,0,1,MIGRATED_CURRENT_BEHAVIOR,ANALYSIS_CONTRACT_BASELINE_V1,,vipr_chop,analysis_contract_baseline_v1.csv; identity inheritance per final closeout
OFI_03860,vipr_chop,바이퍼 회전 아래로,OFI_SCORE,HIGH_FORCE_NEURAL,,,21,1,MIGRATED_CURRENT_BEHAVIOR,ANALYSIS_CONTRACT_BASELINE_V1,,vipr_chop,analysis_contract_baseline_v1.csv; identity inheritance per final closeout
OFI_03861,vipr_chop,바이퍼 회전 아래로,OFI_SCORE,HIGH_SPEED,,,91,1,MIGRATED_CURRENT_BEHAVIOR,ANALYSIS_CONTRACT_BASELINE_V1,,vipr_chop,analysis_contract_baseline_v1.csv; identity inheritance per final closeout
OFI_03862,vipr_chop,바이퍼 회전 아래로,OFI_SCORE,LOCAL_MUSCULAR,,,47,1,MIGRATED_CURRENT_BEHAVIOR,ANALYSIS_CONTRACT_BASELINE_V1,,vipr_chop,analysis_contract_baseline_v1.csv; identity inheritance per final closeout
OFI_03863,vipr_chop,바이퍼 회전 아래로,OFI_SCORE,REACTIVE,,,20,1,MIGRATED_CURRENT_BEHAVIOR,ANALYSIS_CONTRACT_BASELINE_V1,,vipr_chop,analysis_contract_baseline_v1.csv; identity inheritance per final closeout
OFI_03864,vipr_chop,바이퍼 회전 아래로,OFI_SCORE,SYSTEMIC_MUSCULAR,,,43,1,MIGRATED_CURRENT_BEHAVIOR,ANALYSIS_CONTRACT_BASELINE_V1,,vipr_chop,analysis_contract_baseline_v1.csv; identity inheritance per final closeout
OFI_03865,vipr_chop,바이퍼 회전 아래로,OFI_SNAPSHOT,SUMMARY,NORMAL,LOW,64,1,MIGRATED_CURRENT_BEHAVIOR,ANALYSIS_CONTRACT_BASELINE_V1,,vipr_chop,analysis_contract_baseline_v1.csv; identity inheritance per final closeout
OFI_03866,vipr_rotational_lift,바이퍼 회전 위로,BADMINTON_FATIGUE_COST,HIGH,,,0,1,MIGRATED_CURRENT_BEHAVIOR,ANALYSIS_CONTRACT_BASELINE_V1,,vipr_rotational_lift,analysis_contract_baseline_v1.csv; identity inheritance per final closeout
OFI_03867,vipr_rotational_lift,바이퍼 회전 위로,OFI_AXIS,HIGH_FORCE_NEURAL,,LONG,17.1875,1,MIGRATED_CURRENT_BEHAVIOR,ANALYSIS_CONTRACT_BASELINE_V1,,vipr_rotational_lift,analysis_contract_baseline_v1.csv; identity inheritance per final closeout
OFI_03868,vipr_rotational_lift,바이퍼 회전 위로,OFI_AXIS,HIGH_SPEED,,LONG,73.046875,1,MIGRATED_CURRENT_BEHAVIOR,ANALYSIS_CONTRACT_BASELINE_V1,,vipr_rotational_lift,analysis_contract_baseline_v1.csv; identity inheritance per final closeout
OFI_03869,vipr_rotational_lift,바이퍼 회전 위로,OFI_AXIS,LOCAL_MUSCULAR,,LONG,37.8125,1,MIGRATED_CURRENT_BEHAVIOR,ANALYSIS_CONTRACT_BASELINE_V1,,vipr_rotational_lift,analysis_contract_baseline_v1.csv; identity inheritance per final closeout
OFI_03870,vipr_rotational_lift,바이퍼 회전 위로,OFI_AXIS,REACTIVE,,LONG,15.625,1,MIGRATED_CURRENT_BEHAVIOR,ANALYSIS_CONTRACT_BASELINE_V1,,vipr_rotational_lift,analysis_contract_baseline_v1.csv; identity inheritance per final closeout
OFI_03871,vipr_rotational_lift,바이퍼 회전 위로,OFI_AXIS,SYSTEMIC_MUSCULAR,,LONG,34.375,1,MIGRATED_CURRENT_BEHAVIOR,ANALYSIS_CONTRACT_BASELINE_V1,,vipr_rotational_lift,analysis_contract_baseline_v1.csv; identity inheritance per final closeout
OFI_03872,vipr_rotational_lift,바이퍼 회전 위로,OFI_DOSE,QUALITY_BASED,,THREE_CONFIRMED_SETS_20KG_8REPS_600SECONDS_RPE8,0,1,MIGRATED_CURRENT_BEHAVIOR,ANALYSIS_CONTRACT_BASELINE_V1,,vipr_rotational_lift,analysis_contract_baseline_v1.csv; identity inheritance per final closeout
OFI_03873,vipr_rotational_lift,바이퍼 회전 위로,OFI_GROUP,ROTATION_POWER,,STRENGTH_COMPARISON,0,1,MIGRATED_CURRENT_BEHAVIOR,ANALYSIS_CONTRACT_BASELINE_V1,,vipr_rotational_lift,analysis_contract_baseline_v1.csv; identity inheritance per final closeout
OFI_03874,vipr_rotational_lift,바이퍼 회전 위로,OFI_GROUP,ROTATION_POWER,,WORKLOAD_BASELINE,0,1,MIGRATED_CURRENT_BEHAVIOR,ANALYSIS_CONTRACT_BASELINE_V1,,vipr_rotational_lift,analysis_contract_baseline_v1.csv; identity inheritance per final closeout
OFI_03875,vipr_rotational_lift,바이퍼 회전 위로,OFI_GROUP,VIPR_ROTATIONAL_CHAIN,,LOCAL_REPEAT_DETECTION,0,1,MIGRATED_CURRENT_BEHAVIOR,ANALYSIS_CONTRACT_BASELINE_V1,,vipr_rotational_lift,analysis_contract_baseline_v1.csv; identity inheritance per final closeout
OFI_03876,vipr_rotational_lift,바이퍼 회전 위로,OFI_SCORE,HIGH_FORCE_NEURAL,,,21,1,MIGRATED_CURRENT_BEHAVIOR,ANALYSIS_CONTRACT_BASELINE_V1,,vipr_rotational_lift,analysis_contract_baseline_v1.csv; identity inheritance per final closeout
OFI_03877,vipr_rotational_lift,바이퍼 회전 위로,OFI_SCORE,HIGH_SPEED,,,91,1,MIGRATED_CURRENT_BEHAVIOR,ANALYSIS_CONTRACT_BASELINE_V1,,vipr_rotational_lift,analysis_contract_baseline_v1.csv; identity inheritance per final closeout
OFI_03878,vipr_rotational_lift,바이퍼 회전 위로,OFI_SCORE,LOCAL_MUSCULAR,,,47,1,MIGRATED_CURRENT_BEHAVIOR,ANALYSIS_CONTRACT_BASELINE_V1,,vipr_rotational_lift,analysis_contract_baseline_v1.csv; identity inheritance per final closeout
OFI_03879,vipr_rotational_lift,바이퍼 회전 위로,OFI_SCORE,REACTIVE,,,20,1,MIGRATED_CURRENT_BEHAVIOR,ANALYSIS_CONTRACT_BASELINE_V1,,vipr_rotational_lift,analysis_contract_baseline_v1.csv; identity inheritance per final closeout
OFI_03880,vipr_rotational_lift,바이퍼 회전 위로,OFI_SCORE,SYSTEMIC_MUSCULAR,,,43,1,MIGRATED_CURRENT_BEHAVIOR,ANALYSIS_CONTRACT_BASELINE_V1,,vipr_rotational_lift,analysis_contract_baseline_v1.csv; identity inheritance per final closeout
OFI_03881,vipr_rotational_lift,바이퍼 회전 위로,OFI_SNAPSHOT,SUMMARY,NORMAL,LOW,64,1,MIGRATED_CURRENT_BEHAVIOR,ANALYSIS_CONTRACT_BASELINE_V1,,vipr_rotational_lift,analysis_contract_baseline_v1.csv; identity inheritance per final closeout
OFI_03882,vipr_rotational_press_out,바이퍼 로테이셔널 프레스아웃,BADMINTON_FATIGUE_COST,MEDIUM,,,0,1,MIGRATED_CURRENT_BEHAVIOR,ANALYSIS_CONTRACT_BASELINE_V1,,vipr_rotational_press_out,analysis_contract_baseline_v1.csv; identity inheritance per final closeout
OFI_03883,vipr_rotational_press_out,바이퍼 로테이셔널 프레스아웃,OFI_AXIS,HIGH_FORCE_NEURAL,,MEDIUM,17.1875,1,MIGRATED_CURRENT_BEHAVIOR,ANALYSIS_CONTRACT_BASELINE_V1,,vipr_rotational_press_out,analysis_contract_baseline_v1.csv; identity inheritance per final closeout
OFI_03884,vipr_rotational_press_out,바이퍼 로테이셔널 프레스아웃,OFI_AXIS,HIGH_SPEED,,MEDIUM,17.1875,1,MIGRATED_CURRENT_BEHAVIOR,ANALYSIS_CONTRACT_BASELINE_V1,,vipr_rotational_press_out,analysis_contract_baseline_v1.csv; identity inheritance per final closeout
OFI_03885,vipr_rotational_press_out,바이퍼 로테이셔널 프레스아웃,OFI_AXIS,LOCAL_MUSCULAR,,MEDIUM,37.8125,1,MIGRATED_CURRENT_BEHAVIOR,ANALYSIS_CONTRACT_BASELINE_V1,,vipr_rotational_press_out,analysis_contract_baseline_v1.csv; identity inheritance per final closeout
OFI_03886,vipr_rotational_press_out,바이퍼 로테이셔널 프레스아웃,OFI_AXIS,REACTIVE,,MEDIUM,15.625,1,MIGRATED_CURRENT_BEHAVIOR,ANALYSIS_CONTRACT_BASELINE_V1,,vipr_rotational_press_out,analysis_contract_baseline_v1.csv; identity inheritance per final closeout
OFI_03887,vipr_rotational_press_out,바이퍼 로테이셔널 프레스아웃,OFI_AXIS,SYSTEMIC_MUSCULAR,,MEDIUM,15.625,1,MIGRATED_CURRENT_BEHAVIOR,ANALYSIS_CONTRACT_BASELINE_V1,,vipr_rotational_press_out,analysis_contract_baseline_v1.csv; identity inheritance per final closeout
OFI_03888,vipr_rotational_press_out,바이퍼 로테이셔널 프레스아웃,OFI_DOSE,QUALITY_BASED,,THREE_CONFIRMED_SETS_20KG_8REPS_600SECONDS_RPE8,0,1,MIGRATED_CURRENT_BEHAVIOR,ANALYSIS_CONTRACT_BASELINE_V1,,vipr_rotational_press_out,analysis_contract_baseline_v1.csv; identity inheritance per final closeout
OFI_03889,vipr_rotational_press_out,바이퍼 로테이셔널 프레스아웃,OFI_GROUP,ROTATION_POWER,,STRENGTH_COMPARISON,0,1,MIGRATED_CURRENT_BEHAVIOR,ANALYSIS_CONTRACT_BASELINE_V1,,vipr_rotational_press_out,analysis_contract_baseline_v1.csv; identity inheritance per final closeout
OFI_03890,vipr_rotational_press_out,바이퍼 로테이셔널 프레스아웃,OFI_GROUP,ROTATION_POWER,,WORKLOAD_BASELINE,0,1,MIGRATED_CURRENT_BEHAVIOR,ANALYSIS_CONTRACT_BASELINE_V1,,vipr_rotational_press_out,analysis_contract_baseline_v1.csv; identity inheritance per final closeout
OFI_03891,vipr_rotational_press_out,바이퍼 로테이셔널 프레스아웃,OFI_GROUP,VIPR_ROTATIONAL_CHAIN,,LOCAL_REPEAT_DETECTION,0,1,MIGRATED_CURRENT_BEHAVIOR,ANALYSIS_CONTRACT_BASELINE_V1,,vipr_rotational_press_out,analysis_contract_baseline_v1.csv; identity inheritance per final closeout
OFI_03892,vipr_rotational_press_out,바이퍼 로테이셔널 프레스아웃,OFI_SCORE,HIGH_FORCE_NEURAL,,,21,1,MIGRATED_CURRENT_BEHAVIOR,ANALYSIS_CONTRACT_BASELINE_V1,,vipr_rotational_press_out,analysis_contract_baseline_v1.csv; identity inheritance per final closeout
OFI_03893,vipr_rotational_press_out,바이퍼 로테이셔널 프레스아웃,OFI_SCORE,HIGH_SPEED,,,21,1,MIGRATED_CURRENT_BEHAVIOR,ANALYSIS_CONTRACT_BASELINE_V1,,vipr_rotational_press_out,analysis_contract_baseline_v1.csv; identity inheritance per final closeout
OFI_03894,vipr_rotational_press_out,바이퍼 로테이셔널 프레스아웃,OFI_SCORE,LOCAL_MUSCULAR,,,47,1,MIGRATED_CURRENT_BEHAVIOR,ANALYSIS_CONTRACT_BASELINE_V1,,vipr_rotational_press_out,analysis_contract_baseline_v1.csv; identity inheritance per final closeout
OFI_03895,vipr_rotational_press_out,바이퍼 로테이셔널 프레스아웃,OFI_SCORE,REACTIVE,,,20,1,MIGRATED_CURRENT_BEHAVIOR,ANALYSIS_CONTRACT_BASELINE_V1,,vipr_rotational_press_out,analysis_contract_baseline_v1.csv; identity inheritance per final closeout
OFI_03896,vipr_rotational_press_out,바이퍼 로테이셔널 프레스아웃,OFI_SCORE,SYSTEMIC_MUSCULAR,,,20,1,MIGRATED_CURRENT_BEHAVIOR,ANALYSIS_CONTRACT_BASELINE_V1,,vipr_rotational_press_out,analysis_contract_baseline_v1.csv; identity inheritance per final closeout
OFI_03897,vipr_rotational_press_out,바이퍼 로테이셔널 프레스아웃,OFI_SNAPSHOT,SUMMARY,LOW,LOW,28,1,MIGRATED_CURRENT_BEHAVIOR,ANALYSIS_CONTRACT_BASELINE_V1,,vipr_rotational_press_out,analysis_contract_baseline_v1.csv; identity inheritance per final closeout
OFI_03898,vipr_step_and_rotate,바이퍼 스텝 앤 로테이트,BADMINTON_FATIGUE_COST,HIGH,,,0,1,MIGRATED_CURRENT_BEHAVIOR,ANALYSIS_CONTRACT_BASELINE_V1,,vipr_step_and_rotate,analysis_contract_baseline_v1.csv; identity inheritance per final closeout
OFI_03899,vipr_step_and_rotate,바이퍼 스텝 앤 로테이트,OFI_AXIS,HIGH_FORCE_NEURAL,,LONG,17.1875,1,MIGRATED_CURRENT_BEHAVIOR,ANALYSIS_CONTRACT_BASELINE_V1,,vipr_step_and_rotate,analysis_contract_baseline_v1.csv; identity inheritance per final closeout
OFI_03900,vipr_step_and_rotate,바이퍼 스텝 앤 로테이트,OFI_AXIS,HIGH_SPEED,,LONG,73.046875,1,MIGRATED_CURRENT_BEHAVIOR,ANALYSIS_CONTRACT_BASELINE_V1,,vipr_step_and_rotate,analysis_contract_baseline_v1.csv; identity inheritance per final closeout
OFI_03901,vipr_step_and_rotate,바이퍼 스텝 앤 로테이트,OFI_AXIS,LOCAL_MUSCULAR,,LONG,37.8125,1,MIGRATED_CURRENT_BEHAVIOR,ANALYSIS_CONTRACT_BASELINE_V1,,vipr_step_and_rotate,analysis_contract_baseline_v1.csv; identity inheritance per final closeout
OFI_03902,vipr_step_and_rotate,바이퍼 스텝 앤 로테이트,OFI_AXIS,REACTIVE,,LONG,15.625,1,MIGRATED_CURRENT_BEHAVIOR,ANALYSIS_CONTRACT_BASELINE_V1,,vipr_step_and_rotate,analysis_contract_baseline_v1.csv; identity inheritance per final closeout
OFI_03903,vipr_step_and_rotate,바이퍼 스텝 앤 로테이트,OFI_AXIS,SYSTEMIC_MUSCULAR,,LONG,34.375,1,MIGRATED_CURRENT_BEHAVIOR,ANALYSIS_CONTRACT_BASELINE_V1,,vipr_step_and_rotate,analysis_contract_baseline_v1.csv; identity inheritance per final closeout
OFI_03904,vipr_step_and_rotate,바이퍼 스텝 앤 로테이트,OFI_DOSE,QUALITY_BASED,,THREE_CONFIRMED_SETS_20KG_8REPS_600SECONDS_RPE8,0,1,MIGRATED_CURRENT_BEHAVIOR,ANALYSIS_CONTRACT_BASELINE_V1,,vipr_step_and_rotate,analysis_contract_baseline_v1.csv; identity inheritance per final closeout
OFI_03905,vipr_step_and_rotate,바이퍼 스텝 앤 로테이트,OFI_GROUP,ROTATION_POWER,,STRENGTH_COMPARISON,0,1,MIGRATED_CURRENT_BEHAVIOR,ANALYSIS_CONTRACT_BASELINE_V1,,vipr_step_and_rotate,analysis_contract_baseline_v1.csv; identity inheritance per final closeout
OFI_03906,vipr_step_and_rotate,바이퍼 스텝 앤 로테이트,OFI_GROUP,ROTATION_POWER,,WORKLOAD_BASELINE,0,1,MIGRATED_CURRENT_BEHAVIOR,ANALYSIS_CONTRACT_BASELINE_V1,,vipr_step_and_rotate,analysis_contract_baseline_v1.csv; identity inheritance per final closeout
OFI_03907,vipr_step_and_rotate,바이퍼 스텝 앤 로테이트,OFI_GROUP,VIPR_ROTATIONAL_CHAIN,,LOCAL_REPEAT_DETECTION,0,1,MIGRATED_CURRENT_BEHAVIOR,ANALYSIS_CONTRACT_BASELINE_V1,,vipr_step_and_rotate,analysis_contract_baseline_v1.csv; identity inheritance per final closeout
OFI_03908,vipr_step_and_rotate,바이퍼 스텝 앤 로테이트,OFI_SCORE,HIGH_FORCE_NEURAL,,,21,1,MIGRATED_CURRENT_BEHAVIOR,ANALYSIS_CONTRACT_BASELINE_V1,,vipr_step_and_rotate,analysis_contract_baseline_v1.csv; identity inheritance per final closeout
OFI_03909,vipr_step_and_rotate,바이퍼 스텝 앤 로테이트,OFI_SCORE,HIGH_SPEED,,,91,1,MIGRATED_CURRENT_BEHAVIOR,ANALYSIS_CONTRACT_BASELINE_V1,,vipr_step_and_rotate,analysis_contract_baseline_v1.csv; identity inheritance per final closeout
OFI_03910,vipr_step_and_rotate,바이퍼 스텝 앤 로테이트,OFI_SCORE,LOCAL_MUSCULAR,,,47,1,MIGRATED_CURRENT_BEHAVIOR,ANALYSIS_CONTRACT_BASELINE_V1,,vipr_step_and_rotate,analysis_contract_baseline_v1.csv; identity inheritance per final closeout
OFI_03911,vipr_step_and_rotate,바이퍼 스텝 앤 로테이트,OFI_SCORE,REACTIVE,,,20,1,MIGRATED_CURRENT_BEHAVIOR,ANALYSIS_CONTRACT_BASELINE_V1,,vipr_step_and_rotate,analysis_contract_baseline_v1.csv; identity inheritance per final closeout
OFI_03912,vipr_step_and_rotate,바이퍼 스텝 앤 로테이트,OFI_SCORE,SYSTEMIC_MUSCULAR,,,43,1,MIGRATED_CURRENT_BEHAVIOR,ANALYSIS_CONTRACT_BASELINE_V1,,vipr_step_and_rotate,analysis_contract_baseline_v1.csv; identity inheritance per final closeout
OFI_03913,vipr_step_and_rotate,바이퍼 스텝 앤 로테이트,OFI_SNAPSHOT,SUMMARY,NORMAL,LOW,64,1,MIGRATED_CURRENT_BEHAVIOR,ANALYSIS_CONTRACT_BASELINE_V1,,vipr_step_and_rotate,analysis_contract_baseline_v1.csv; identity inheritance per final closeout
OFI_MACHINE_CHEST_FLY_01,machine_chest_fly,머신 플라이,BADMINTON_FATIGUE_COST,MEDIUM,,,0,1,MIGRATED_CURRENT_BEHAVIOR,ANALYSIS_CONTRACT_BASELINE_V1,,ex_4c779df2,Inherited unchanged from ex_4c779df2 for user-approved machine variant
OFI_MACHINE_CHEST_FLY_02,machine_chest_fly,머신 플라이,OFI_AXIS,HIGH_FORCE_NEURAL,,SHORT,17.1875,1,MIGRATED_CURRENT_BEHAVIOR,ANALYSIS_CONTRACT_BASELINE_V1,,ex_4c779df2,Inherited unchanged from ex_4c779df2 for user-approved machine variant
OFI_MACHINE_CHEST_FLY_03,machine_chest_fly,머신 플라이,OFI_AXIS,HIGH_SPEED,,SHORT,17.1875,1,MIGRATED_CURRENT_BEHAVIOR,ANALYSIS_CONTRACT_BASELINE_V1,,ex_4c779df2,Inherited unchanged from ex_4c779df2 for user-approved machine variant
OFI_MACHINE_CHEST_FLY_04,machine_chest_fly,머신 플라이,OFI_AXIS,LOCAL_MUSCULAR,,SHORT,58.4375,1,MIGRATED_CURRENT_BEHAVIOR,ANALYSIS_CONTRACT_BASELINE_V1,,ex_4c779df2,Inherited unchanged from ex_4c779df2 for user-approved machine variant
OFI_MACHINE_CHEST_FLY_05,machine_chest_fly,머신 플라이,OFI_AXIS,REACTIVE,,SHORT,15.625,1,MIGRATED_CURRENT_BEHAVIOR,ANALYSIS_CONTRACT_BASELINE_V1,,ex_4c779df2,Inherited unchanged from ex_4c779df2 for user-approved machine variant
OFI_MACHINE_CHEST_FLY_06,machine_chest_fly,머신 플라이,OFI_AXIS,SYSTEMIC_MUSCULAR,,SHORT,10.9375,1,MIGRATED_CURRENT_BEHAVIOR,ANALYSIS_CONTRACT_BASELINE_V1,,ex_4c779df2,Inherited unchanged from ex_4c779df2 for user-approved machine variant
OFI_MACHINE_CHEST_FLY_07,machine_chest_fly,머신 플라이,OFI_DOSE,LOAD_REPS,,THREE_CONFIRMED_SETS_20KG_8REPS_600SECONDS_RPE8,0,1,MIGRATED_CURRENT_BEHAVIOR,ANALYSIS_CONTRACT_BASELINE_V1,,ex_4c779df2,Inherited unchanged from ex_4c779df2 for user-approved machine variant
OFI_MACHINE_CHEST_FLY_08,machine_chest_fly,머신 플라이,OFI_GROUP,CHEST_FLY_ISOLATION,,LOCAL_REPEAT_DETECTION,0,1,MIGRATED_CURRENT_BEHAVIOR,ANALYSIS_CONTRACT_BASELINE_V1,,ex_4c779df2,Inherited unchanged from ex_4c779df2 for user-approved machine variant
OFI_MACHINE_CHEST_FLY_09,machine_chest_fly,머신 플라이,OFI_GROUP,CHEST_FLY_ISOLATION,,STRENGTH_COMPARISON,0,1,MIGRATED_CURRENT_BEHAVIOR,ANALYSIS_CONTRACT_BASELINE_V1,,ex_4c779df2,Inherited unchanged from ex_4c779df2 for user-approved machine variant
OFI_MACHINE_CHEST_FLY_10,machine_chest_fly,머신 플라이,OFI_GROUP,CHEST_FLY_ISOLATION,,WORKLOAD_BASELINE,0,1,MIGRATED_CURRENT_BEHAVIOR,ANALYSIS_CONTRACT_BASELINE_V1,,ex_4c779df2,Inherited unchanged from ex_4c779df2 for user-approved machine variant
OFI_MACHINE_CHEST_FLY_11,machine_chest_fly,머신 플라이,OFI_SCORE,HIGH_FORCE_NEURAL,,,21,1,MIGRATED_CURRENT_BEHAVIOR,ANALYSIS_CONTRACT_BASELINE_V1,,ex_4c779df2,Inherited unchanged from ex_4c779df2 for user-approved machine variant
OFI_MACHINE_CHEST_FLY_12,machine_chest_fly,머신 플라이,OFI_SCORE,HIGH_SPEED,,,21,1,MIGRATED_CURRENT_BEHAVIOR,ANALYSIS_CONTRACT_BASELINE_V1,,ex_4c779df2,Inherited unchanged from ex_4c779df2 for user-approved machine variant
OFI_MACHINE_CHEST_FLY_13,machine_chest_fly,머신 플라이,OFI_SCORE,LOCAL_MUSCULAR,,,73,1,MIGRATED_CURRENT_BEHAVIOR,ANALYSIS_CONTRACT_BASELINE_V1,,ex_4c779df2,Inherited unchanged from ex_4c779df2 for user-approved machine variant
OFI_MACHINE_CHEST_FLY_14,machine_chest_fly,머신 플라이,OFI_SCORE,REACTIVE,,,20,1,MIGRATED_CURRENT_BEHAVIOR,ANALYSIS_CONTRACT_BASELINE_V1,,ex_4c779df2,Inherited unchanged from ex_4c779df2 for user-approved machine variant
OFI_MACHINE_CHEST_FLY_15,machine_chest_fly,머신 플라이,OFI_SCORE,SYSTEMIC_MUSCULAR,,,14,1,MIGRATED_CURRENT_BEHAVIOR,ANALYSIS_CONTRACT_BASELINE_V1,,ex_4c779df2,Inherited unchanged from ex_4c779df2 for user-approved machine variant
OFI_MACHINE_CHEST_FLY_16,machine_chest_fly,머신 플라이,OFI_SNAPSHOT,SUMMARY,LOW,LOW,39,1,MIGRATED_CURRENT_BEHAVIOR,ANALYSIS_CONTRACT_BASELINE_V1,,ex_4c779df2,Inherited unchanged from ex_4c779df2 for user-approved machine variant
