displayField,canonicalCode,sourceFiles,productionUsageCount,currentKoreanLabel,currentEnglishLabel,coverageStatus,rawUiExposureLocations
ACTIVITY_KIND,EXERCISE,app/src/main/assets/metadata/canonical_v1,1,운동,Exercise,RETAIN,
ACTIVITY_KIND,SPORT_SESSION,app/src/main/assets/metadata/canonical_v1,1,스포츠 세션,Sport session,RETAIN,
ANALYSIS_ELIGIBILITY,ACCESSORY_VOLUME,app/src/main/assets/metadata/canonical_v1,1,보조 볼륨,Accessory volume,RETAIN,
ANALYSIS_ELIGIBILITY,BADMINTON_SUPPORTIVE,app/src/main/assets/metadata/canonical_v1,1,배드민턴 보조,Badminton supportive,RETAIN,
ANALYSIS_ELIGIBILITY,BADMINTON_TRANSFER,app/src/main/assets/metadata/canonical_v1,1,배드민턴 전이,Badminton transfer,RETAIN,
ANALYSIS_ELIGIBILITY,BALANCE,app/src/main/assets/metadata/canonical_v1,1,균형,Balance,RETAIN,
ANALYSIS_ELIGIBILITY,CONDITIONING,app/src/main/assets/metadata/canonical_v1,1,컨디셔닝,Conditioning,RETAIN,
ANALYSIS_ELIGIBILITY,CONTROL,app/src/main/assets/metadata/canonical_v1,1,제어,Control,RETAIN,
ANALYSIS_ELIGIBILITY,COORDINATION,app/src/main/assets/metadata/canonical_v1,1,협응,Coordination,RETAIN,
ANALYSIS_ELIGIBILITY,CORE_ACCESSORY,app/src/main/assets/metadata/canonical_v1,1,코어 보조,Core accessory,RETAIN,
ANALYSIS_ELIGIBILITY,CORE_STABILITY,app/src/main/assets/metadata/canonical_v1,1,코어 안정성,Core stability,RETAIN,
ANALYSIS_ELIGIBILITY,EXCLUDED_FROM_ANALYSIS,app/src/main/assets/metadata/canonical_v1,0,Excluded From Analysis,Excluded from analysis,RETAINED_SEARCH_ONLY,
ANALYSIS_ELIGIBILITY,FATIGUE,app/src/main/assets/metadata/canonical_v1,1,피로도,Fatigue,RETAIN,
ANALYSIS_ELIGIBILITY,FATIGUE_LOW,app/src/main/assets/metadata/canonical_v1,1,저피로도,Fatigue low,RETAIN,
ANALYSIS_ELIGIBILITY,HYPERTROPHY_VOLUME,app/src/main/assets/metadata/canonical_v1,1,근비대 볼륨,Hypertrophy volume,RETAIN,
ANALYSIS_ELIGIBILITY,MOBILITY,app/src/main/assets/metadata/canonical_v1,1,가동성,Mobility,RETAIN,
ANALYSIS_ELIGIBILITY,PATTERN_QUALITY,app/src/main/assets/metadata/canonical_v1,1,패턴 품질,Pattern quality,RETAIN,
ANALYSIS_ELIGIBILITY,RECOVERY_CONTEXT,app/src/main/assets/metadata/canonical_v1,1,회복 맥락,Recovery context,RETAIN,
ANALYSIS_ELIGIBILITY,RECOVERY_ONLY,app/src/main/assets/metadata/canonical_v1,1,회복 분석만,Recovery only,RETAIN,
ANALYSIS_ELIGIBILITY,SESSION_LOAD,app/src/main/assets/metadata/canonical_v1,1,세션 부하,Session load,RETAIN,
ANALYSIS_ELIGIBILITY,SHOULDER_STABILITY,app/src/main/assets/metadata/canonical_v1,1,어깨 안정성,Shoulder stability,RETAIN,
ANALYSIS_ELIGIBILITY,SPORT_SESSION_LOAD,app/src/main/assets/metadata/canonical_v1,1,스포츠 세션 부하,Sport session load,RETAIN,
ANALYSIS_ELIGIBILITY,STRENGTH_PROGRESS,app/src/main/assets/metadata/canonical_v1,1,근력 진행,Strength progress,RETAIN,
ANALYSIS_ELIGIBILITY,STRENGTH_VOLUME,app/src/main/assets/metadata/canonical_v1,1,근력 볼륨,Strength volume,RETAIN,
ANALYSIS_ELIGIBILITY,TEST_METRIC,app/src/main/assets/metadata/canonical_v1,1,테스트 지표,Test metric,RETAIN,
ANALYSIS_ELIGIBILITY,TEST_ONLY,app/src/main/assets/metadata/canonical_v1,0,테스트 만,Test only,RETAINED_SEARCH_ONLY,
AXIAL_LOAD,HIGH,app/src/main/assets/metadata/canonical_v1,36,높음,High,RETAIN,
AXIAL_LOAD,LOW,app/src/main/assets/metadata/canonical_v1,7,낮음,Low,RETAIN,
AXIAL_LOAD,MODERATE,app/src/main/assets/metadata/canonical_v1,33,보통,Moderate,RETAIN,
AXIAL_LOAD,NONE,app/src/main/assets/metadata/canonical_v1,0,없음,None,RETAINED_SEARCH_ONLY,
BADMINTON_PHYSICAL_QUALITY,ACCELERATION,app/src/main/assets/metadata/canonical_v1,1,가속,Acceleration,RETAIN,
BADMINTON_PHYSICAL_QUALITY,AEROBIC_BASE,app/src/main/assets/metadata/canonical_v1,1,유산소 기초,Aerobic base,RETAIN,
BADMINTON_PHYSICAL_QUALITY,ANAEROBIC_REPEATABILITY,app/src/main/assets/metadata/canonical_v1,1,무산소 반복 능력,Anaerobic repeatability,RETAIN,
BADMINTON_PHYSICAL_QUALITY,ANKLE_STIFFNESS,app/src/main/assets/metadata/canonical_v1,1,발목 강성,Ankle stiffness,RETAIN,
BADMINTON_PHYSICAL_QUALITY,ANTERIOR_CHAIN,app/src/main/assets/metadata/canonical_v1,0,전면 운동사슬,Anterior chain,RETAINED_SEARCH_ONLY,
BADMINTON_PHYSICAL_QUALITY,ANTI_ROTATION,app/src/main/assets/metadata/canonical_v1,0,항 회전,Anti rotation,RETAINED_SEARCH_ONLY,
BADMINTON_PHYSICAL_QUALITY,ANTI_ROTATION_STABILITY,app/src/main/assets/metadata/canonical_v1,1,항 회전 안정성,Anti rotation stability,RETAIN,
BADMINTON_PHYSICAL_QUALITY,CALF_ACHILLES,app/src/main/assets/metadata/canonical_v1,0,종아리 아킬레스,Calf achilles,RETAINED_SEARCH_ONLY,
BADMINTON_PHYSICAL_QUALITY,CALF_ELASTICITY,app/src/main/assets/metadata/canonical_v1,1,종아리 탄성,Calf elasticity,RETAIN,
BADMINTON_PHYSICAL_QUALITY,CORE_BRACING,app/src/main/assets/metadata/canonical_v1,1,코어 브레이싱,Core bracing,RETAIN,
BADMINTON_PHYSICAL_QUALITY,CROSSOVER,app/src/main/assets/metadata/canonical_v1,0,Crossover,Crossover,RETAINED_SEARCH_ONLY,
BADMINTON_PHYSICAL_QUALITY,DECELERATION,app/src/main/assets/metadata/canonical_v1,1,감속,Deceleration,RETAIN,
BADMINTON_PHYSICAL_QUALITY,FIRST_STEP,app/src/main/assets/metadata/canonical_v1,0,첫 스텝,First step,RETAINED_SEARCH_ONLY,
BADMINTON_PHYSICAL_QUALITY,FRONTAL_PLANE_CONTROL,app/src/main/assets/metadata/canonical_v1,1,전두면 제어,Frontal plane control,RETAIN,
BADMINTON_PHYSICAL_QUALITY,FRONT_LUNGE,app/src/main/assets/metadata/canonical_v1,0,Front 런지,Front lunge,RETAINED_SEARCH_ONLY,
BADMINTON_PHYSICAL_QUALITY,GRIP_ENDURANCE,app/src/main/assets/metadata/canonical_v1,1,그립 지구력,Grip endurance,RETAIN,
BADMINTON_PHYSICAL_QUALITY,GRIP_FOREARM,app/src/main/assets/metadata/canonical_v1,0,그립 전완,Grip forearm,RETAINED_SEARCH_ONLY,
BADMINTON_PHYSICAL_QUALITY,HINGE,app/src/main/assets/metadata/canonical_v1,0,힌지,Hinge,RETAINED_SEARCH_ONLY,
BADMINTON_PHYSICAL_QUALITY,HIP_CONTROL,app/src/main/assets/metadata/canonical_v1,1,고관절 제어,Hip control,RETAIN,
BADMINTON_PHYSICAL_QUALITY,HIP_KNEE_EXTENSION_STRENGTH,app/src/main/assets/metadata/canonical_v1,1,고관절 무릎 신전 근력,Hip knee extension strength,RETAIN,
BADMINTON_PHYSICAL_QUALITY,HIP_STABILITY,app/src/main/assets/metadata/canonical_v1,0,고관절 안정성,Hip stability,RETAINED_SEARCH_ONLY,
BADMINTON_PHYSICAL_QUALITY,JUMP_LANDING,app/src/main/assets/metadata/canonical_v1,0,점프 착지,Jump landing,RETAINED_SEARCH_ONLY,
BADMINTON_PHYSICAL_QUALITY,KNEE_CONTROL,app/src/main/assets/metadata/canonical_v1,0,무릎 제어,Knee control,RETAINED_SEARCH_ONLY,
BADMINTON_PHYSICAL_QUALITY,LATERAL_MOVE,app/src/main/assets/metadata/canonical_v1,0,측면 Move,Lateral move,RETAINED_SEARCH_ONLY,
BADMINTON_PHYSICAL_QUALITY,LOWER_BODY_FORCE,app/src/main/assets/metadata/canonical_v1,1,하체 힘,Lower body force,RETAIN,
BADMINTON_PHYSICAL_QUALITY,LOWER_PULL,app/src/main/assets/metadata/canonical_v1,0,하체 당기기,Lower pull,RETAINED_SEARCH_ONLY,
BADMINTON_PHYSICAL_QUALITY,LOWER_PUSH,app/src/main/assets/metadata/canonical_v1,0,하체 밀기,Lower push,RETAINED_SEARCH_ONLY,
BADMINTON_PHYSICAL_QUALITY,MULTI_DIRECTION,app/src/main/assets/metadata/canonical_v1,0,다방향 방향,Multi direction,RETAINED_SEARCH_ONLY,
BADMINTON_PHYSICAL_QUALITY,NONE,app/src/main/assets/metadata/canonical_v1,0,없음,None,RETAINED_SEARCH_ONLY,
BADMINTON_PHYSICAL_QUALITY,POSTERIOR_CHAIN,app/src/main/assets/metadata/canonical_v1,1,후면 운동사슬,Posterior chain,RETAIN,
BADMINTON_PHYSICAL_QUALITY,REACTION_RANDOM,app/src/main/assets/metadata/canonical_v1,0,반응 Random,Reaction random,RETAINED_SEARCH_ONLY,
BADMINTON_PHYSICAL_QUALITY,REACTIVE_AGILITY,app/src/main/assets/metadata/canonical_v1,1,반응성 민첩성,Reactive agility,RETAIN,
BADMINTON_PHYSICAL_QUALITY,REAR_COURT,app/src/main/assets/metadata/canonical_v1,0,후면 코트,Rear court,RETAINED_SEARCH_ONLY,
BADMINTON_PHYSICAL_QUALITY,RECOVERY_STEP,app/src/main/assets/metadata/canonical_v1,0,회복 Step,Recovery step,RETAINED_SEARCH_ONLY,
BADMINTON_PHYSICAL_QUALITY,ROTATION,app/src/main/assets/metadata/canonical_v1,0,회전,Rotation,RETAINED_SEARCH_ONLY,
BADMINTON_PHYSICAL_QUALITY,ROTATIONAL_CONTROL,app/src/main/assets/metadata/canonical_v1,1,회전 제어,Rotational control,RETAIN,
BADMINTON_PHYSICAL_QUALITY,ROTATIONAL_POWER,app/src/main/assets/metadata/canonical_v1,1,회전 파워,Rotational power,RETAIN,
BADMINTON_PHYSICAL_QUALITY,ROTATIONAL_STRENGTH,app/src/main/assets/metadata/canonical_v1,1,회전 근력,Rotational strength,RETAIN,
BADMINTON_PHYSICAL_QUALITY,ROTATOR_CUFF_CONTROL,app/src/main/assets/metadata/canonical_v1,1,회전근개 제어,Rotator cuff control,RETAIN,
BADMINTON_PHYSICAL_QUALITY,SCAPULAR_CONTROL,app/src/main/assets/metadata/canonical_v1,1,견갑 제어,Scapular control,RETAIN,
BADMINTON_PHYSICAL_QUALITY,SCAPULAR_STABILITY,app/src/main/assets/metadata/canonical_v1,0,견갑 안정성,Scapular stability,RETAINED_SEARCH_ONLY,
BADMINTON_PHYSICAL_QUALITY,SHOULDER_CARE,app/src/main/assets/metadata/canonical_v1,0,어깨 관리,Shoulder care,RETAINED_SEARCH_ONLY,
BADMINTON_PHYSICAL_QUALITY,SHOULDER_DURABILITY,app/src/main/assets/metadata/canonical_v1,1,어깨 지구성,Shoulder durability,RETAIN,
BADMINTON_PHYSICAL_QUALITY,SINGLE_LEG_STABILITY,app/src/main/assets/metadata/canonical_v1,1,한발 안정성,Single leg stability,RETAIN,
BADMINTON_PHYSICAL_QUALITY,SPLIT_STEP,app/src/main/assets/metadata/canonical_v1,0,스플릿 스텝,Split step,RETAINED_SEARCH_ONLY,
BADMINTON_PHYSICAL_QUALITY,SQUAT_PATTERN,app/src/main/assets/metadata/canonical_v1,0,스쿼트 패턴,Squat pattern,RETAINED_SEARCH_ONLY,
BADMINTON_PHYSICAL_QUALITY,UNILATERAL_LOWER,app/src/main/assets/metadata/canonical_v1,0,편측 하체,Unilateral lower,RETAINED_SEARCH_ONLY,
BADMINTON_PHYSICAL_QUALITY,UNILATERAL_UPPER,app/src/main/assets/metadata/canonical_v1,0,편측 상체,Unilateral upper,RETAINED_SEARCH_ONLY,
BADMINTON_PHYSICAL_QUALITY,UPPER_BODY_EXPLOSIVE_POWER,app/src/main/assets/metadata/canonical_v1,1,상체 폭발력,Upper body explosive power,RETAIN,
BADMINTON_PHYSICAL_QUALITY,UPPER_PULL,app/src/main/assets/metadata/canonical_v1,0,상체 당기기,Upper pull,RETAINED_SEARCH_ONLY,
BADMINTON_PHYSICAL_QUALITY,UPPER_PUSH,app/src/main/assets/metadata/canonical_v1,0,상체 밀기,Upper push,RETAINED_SEARCH_ONLY,
BADMINTON_SKILL_TARGET,ANTI_ROTATION_STABILITY,app/src/main/assets/metadata/canonical_v1,1,항 회전 안정성,Anti rotation stability,RETAIN,
BADMINTON_SKILL_TARGET,CHANGE_OF_DIRECTION,app/src/main/assets/metadata/canonical_v1,1,방향 전환,Change of direction,RETAIN,
BADMINTON_SKILL_TARGET,CONDITIONING,app/src/main/assets/metadata/canonical_v1,0,컨디셔닝,Conditioning,RETAINED_SEARCH_ONLY,
BADMINTON_SKILL_TARGET,DECELERATION_CONTROL,app/src/main/assets/metadata/canonical_v1,1,감속 제어,Deceleration control,RETAIN,
BADMINTON_SKILL_TARGET,DEFENSIVE_COVERAGE,app/src/main/assets/metadata/canonical_v1,1,수비 범위,Defensive coverage,RETAIN,
BADMINTON_SKILL_TARGET,DRIVE,app/src/main/assets/metadata/canonical_v1,1,Drive,Drive,REVISE,
BADMINTON_SKILL_TARGET,FIRST_STEP,app/src/main/assets/metadata/canonical_v1,1,첫 스텝,First step,RETAIN,
BADMINTON_SKILL_TARGET,FIRST_STEP_REACTION,app/src/main/assets/metadata/canonical_v1,0,첫 Step 반응,First step reaction,RETAINED_SEARCH_ONLY,
BADMINTON_SKILL_TARGET,FOOTWORK_SPEED,app/src/main/assets/metadata/canonical_v1,0,풋워크 속도,Footwork speed,RETAINED_SEARCH_ONLY,
BADMINTON_SKILL_TARGET,FRONT_COURT_LUNGE,app/src/main/assets/metadata/canonical_v1,1,전위 코트 런지,Front court lunge,RETAIN,
BADMINTON_SKILL_TARGET,GRIP_ENDURANCE,app/src/main/assets/metadata/canonical_v1,0,그립 지구력,Grip endurance,RETAINED_SEARCH_ONLY,
BADMINTON_SKILL_TARGET,JUMP_LANDING_CONTROL,app/src/main/assets/metadata/canonical_v1,0,점프 착지 제어,Jump landing control,RETAINED_SEARCH_ONLY,
BADMINTON_SKILL_TARGET,LATERAL_LUNGE,app/src/main/assets/metadata/canonical_v1,1,측면 런지,Lateral lunge,RETAIN,
BADMINTON_SKILL_TARGET,LATERAL_MOVEMENT,app/src/main/assets/metadata/canonical_v1,1,측면 동작,Lateral movement,RETAIN,
BADMINTON_SKILL_TARGET,LUNGE_REACH,app/src/main/assets/metadata/canonical_v1,0,런지 리치,Lunge reach,RETAINED_SEARCH_ONLY,
BADMINTON_SKILL_TARGET,MULTI_SHUTTLE_ENDURANCE,app/src/main/assets/metadata/canonical_v1,1,멀티 셔틀 지구력,Multi shuttle endurance,RETAIN,
BADMINTON_SKILL_TARGET,NET_PLAY,app/src/main/assets/metadata/canonical_v1,1,네트 플레이,Net play,RETAIN,
BADMINTON_SKILL_TARGET,NONE,app/src/main/assets/metadata/canonical_v1,0,없음,None,RETAINED_SEARCH_ONLY,
BADMINTON_SKILL_TARGET,OVERHEAD_CLEAR,app/src/main/assets/metadata/canonical_v1,1,오버헤드 클리어,Overhead clear,RETAIN,
BADMINTON_SKILL_TARGET,OVERHEAD_POWER,app/src/main/assets/metadata/canonical_v1,1,머리 위 파워,Overhead power,RETAIN,
BADMINTON_SKILL_TARGET,RALLY_TOLERANCE,app/src/main/assets/metadata/canonical_v1,1,랠리 지속 능력,Rally tolerance,RETAIN,
BADMINTON_SKILL_TARGET,REAR_COURT_RECOVERY,app/src/main/assets/metadata/canonical_v1,0,후면 코트 회복,Rear court recovery,RETAINED_SEARCH_ONLY,
BADMINTON_SKILL_TARGET,ROTATION_SEQUENCING,app/src/main/assets/metadata/canonical_v1,1,회전 연결,Rotation sequencing,RETAIN,
BADMINTON_SKILL_TARGET,SHOULDER_DURABILITY,app/src/main/assets/metadata/canonical_v1,1,어깨 지구성,Shoulder durability,RETAIN,
BADMINTON_SKILL_TARGET,SMASH,app/src/main/assets/metadata/canonical_v1,1,스매시,Smash,RETAIN,
BADMINTON_SKILL_TARGET,SPLIT_STEP,app/src/main/assets/metadata/canonical_v1,1,스플릿 스텝,Split step,RETAIN,
BADMINTON_TRANSFER_LEVEL,DIRECT,app/src/main/assets/metadata/canonical_v1,1,직접 전이,Direct,RETAIN,
BADMINTON_TRANSFER_LEVEL,GENERAL,app/src/main/assets/metadata/canonical_v1,1,일반,General,RETAIN,
BADMINTON_TRANSFER_LEVEL,NONE,app/src/main/assets/metadata/canonical_v1,0,직접 전이 없음,No direct transfer,RETAINED_SEARCH_ONLY,
BADMINTON_TRANSFER_LEVEL,SUPPORTIVE,app/src/main/assets/metadata/canonical_v1,1,보조 전이,Supportive,RETAIN,
BADMINTON_TRANSFER_TYPE,ACCELERATION,app/src/main/assets/metadata/canonical_v1,2,가속,Acceleration,RETAIN,
BADMINTON_TRANSFER_TYPE,ANKLE_CALF_SSC_SUPPORTIVE,app/src/main/assets/metadata/canonical_v1,3,발목 종아리 SSC 보조,Ankle calf SSC supportive,RETAIN,
BADMINTON_TRANSFER_TYPE,ANTI_ROTATION_STABILITY,app/src/main/assets/metadata/canonical_v1,41,항 회전 안정성,Anti rotation stability,RETAIN,
BADMINTON_TRANSFER_TYPE,ANTI_ROTATION_STABILITY_SUPPORTIVE,app/src/main/assets/metadata/canonical_v1,1,항 회전 안정성 보조,Anti rotation stability supportive,RETAIN,
BADMINTON_TRANSFER_TYPE,CHANGE_OF_DIRECTION_DIRECT,app/src/main/assets/metadata/canonical_v1,1,방향 전환 직접 전이,Change of direction direct,RETAIN,
BADMINTON_TRANSFER_TYPE,CONDITIONING,app/src/main/assets/metadata/canonical_v1,20,컨디셔닝,Conditioning,RETAIN,
BADMINTON_TRANSFER_TYPE,CORE_STABILITY_SUPPORTIVE,app/src/main/assets/metadata/canonical_v1,4,코어 안정성 보조,Core stability supportive,RETAIN,
BADMINTON_TRANSFER_TYPE,DECELERATION,app/src/main/assets/metadata/canonical_v1,19,감속,Deceleration,RETAIN,
BADMINTON_TRANSFER_TYPE,FOOTWORK,app/src/main/assets/metadata/canonical_v1,20,풋워크,Footwork,RETAIN,
BADMINTON_TRANSFER_TYPE,FOOTWORK_DIRECT,app/src/main/assets/metadata/canonical_v1,1,풋워크 직접 전이,Footwork direct,RETAIN,
BADMINTON_TRANSFER_TYPE,GENERAL_CONDITIONING_SUPPORTIVE,app/src/main/assets/metadata/canonical_v1,1,일반 컨디셔닝 보조,General conditioning supportive,RETAIN,
BADMINTON_TRANSFER_TYPE,GENERAL_POWER_SUPPORTIVE,app/src/main/assets/metadata/canonical_v1,1,일반 파워 보조,General power supportive,RETAIN,
BADMINTON_TRANSFER_TYPE,GENERAL_STRENGTH_SUPPORTIVE,app/src/main/assets/metadata/canonical_v1,16,일반 근력 보조,General strength supportive,RETAIN,
BADMINTON_TRANSFER_TYPE,GRIP_FOREARM,app/src/main/assets/metadata/canonical_v1,52,그립 전완,Grip forearm,RETAIN,
BADMINTON_TRANSFER_TYPE,GRIP_WRIST_SUPPORTIVE,app/src/main/assets/metadata/canonical_v1,2,그립 손목 보조,Grip wrist supportive,RETAIN,
BADMINTON_TRANSFER_TYPE,JUMP_LANDING,app/src/main/assets/metadata/canonical_v1,15,점프 착지,Jump landing,RETAIN,
BADMINTON_TRANSFER_TYPE,LOWER_BODY_SUPPORTIVE,app/src/main/assets/metadata/canonical_v1,4,하체 신체 보조,Lower body supportive,RETAIN,
BADMINTON_TRANSFER_TYPE,LUNGE_REACH,app/src/main/assets/metadata/canonical_v1,0,런지 리치,Lunge reach,RETAINED_SEARCH_ONLY,
BADMINTON_TRANSFER_TYPE,LUNGE_REACH_DIRECT,app/src/main/assets/metadata/canonical_v1,1,런지·리치 직접 전이,Lunge reach direct,RETAIN,
BADMINTON_TRANSFER_TYPE,NONE,app/src/main/assets/metadata/canonical_v1,0,없음,None,RETAINED_SEARCH_ONLY,
BADMINTON_TRANSFER_TYPE,OVERHEAD_HITTING_DIRECT,app/src/main/assets/metadata/canonical_v1,1,오버헤드 타구 직접 전이,Overhead hitting direct,RETAIN,
BADMINTON_TRANSFER_TYPE,OVERHEAD_POWER,app/src/main/assets/metadata/canonical_v1,1,머리 위 파워,Overhead power,RETAIN,
BADMINTON_TRANSFER_TYPE,OVERHEAD_POWER_SUPPORTIVE,app/src/main/assets/metadata/canonical_v1,1,머리 위 파워 보조,Overhead power supportive,RETAIN,
BADMINTON_TRANSFER_TYPE,RALLY_CONDITIONING_DIRECT,app/src/main/assets/metadata/canonical_v1,1,랠리 컨디셔닝 직접 전이,Rally conditioning direct,RETAIN,
BADMINTON_TRANSFER_TYPE,REACTION,app/src/main/assets/metadata/canonical_v1,17,반응,Reaction,RETAIN,
BADMINTON_TRANSFER_TYPE,REACTION_DECISION_DIRECT,app/src/main/assets/metadata/canonical_v1,1,반응·판단 직접 전이,Reaction decision direct,RETAIN,
BADMINTON_TRANSFER_TYPE,ROTATION_POWER,app/src/main/assets/metadata/canonical_v1,17,회전 파워,Rotation power,RETAIN,
BADMINTON_TRANSFER_TYPE,ROTATION_POWER_SUPPORTIVE,app/src/main/assets/metadata/canonical_v1,1,회전 파워 보조,Rotation power supportive,RETAIN,
BADMINTON_TRANSFER_TYPE,SHOULDER_CARE,app/src/main/assets/metadata/canonical_v1,62,어깨 관리,Shoulder care,RETAIN,
BADMINTON_TRANSFER_TYPE,SHOULDER_CARE_SUPPORTIVE,app/src/main/assets/metadata/canonical_v1,1,어깨 관리 보조,Shoulder care supportive,RETAIN,
BADMINTON_TRANSFER_TYPE,SHOULDER_SCAPULAR_SUPPORTIVE,app/src/main/assets/metadata/canonical_v1,1,어깨 견갑 보조,Shoulder scapular supportive,RETAIN,
BODY_REGION,LOWER,app/src/main/assets/metadata/canonical_v1,56,,,ADD,RuntimeMetadataExerciseEditorDialog.kt
BODY_REGION,TRUNK,app/src/main/assets/metadata/canonical_v1,36,,,ADD,RuntimeMetadataExerciseEditorDialog.kt
BODY_REGION,UPPER,app/src/main/assets/metadata/canonical_v1,120,,,ADD,RuntimeMetadataExerciseEditorDialog.kt
BODY_REGION,WHOLE_BODY,app/src/main/assets/metadata/canonical_v1,45,,,ADD,RuntimeMetadataExerciseEditorDialog.kt
COGNITIVE_STRESS,COACHING_FEEDBACK_PROCESSING_LOAD,app/src/main/assets/metadata/canonical_v1,1,코칭 피드백 처리 부하,Coaching feedback processing load,RETAIN,
COGNITIVE_STRESS,DECISION_MAKING_LOAD,app/src/main/assets/metadata/canonical_v1,1,판단 부하,Decision making load,RETAIN,
COGNITIVE_STRESS,MOTOR_LEARNING_LOAD,app/src/main/assets/metadata/canonical_v1,1,운동 학습 부하,Motor learning load,RETAIN,
COGNITIVE_STRESS,NONE,app/src/main/assets/metadata/canonical_v1,0,없음,None,RETAINED_SEARCH_ONLY,
COGNITIVE_STRESS,PACING_LOAD,app/src/main/assets/metadata/canonical_v1,1,페이스 조절 부하,Pacing load,RETAIN,
COGNITIVE_STRESS,POSITIONAL_AWARENESS,app/src/main/assets/metadata/canonical_v1,1,위치 인식,Positional awareness,RETAIN,
COGNITIVE_STRESS,REACTION_DECISION_LOAD,app/src/main/assets/metadata/canonical_v1,1,반응 판단 부하,Reaction decision load,RETAIN,
COGNITIVE_STRESS,REACTION_LOAD,app/src/main/assets/metadata/canonical_v1,1,반응 부하,Reaction load,RETAIN,
COGNITIVE_STRESS,SEQUENCE_CONTROL,app/src/main/assets/metadata/canonical_v1,1,순서 제어,Sequence control,RETAIN,
COGNITIVE_STRESS,TACTICAL_CONCENTRATION_LOAD,app/src/main/assets/metadata/canonical_v1,1,전술 집중 부하,Tactical concentration load,RETAIN,
COGNITIVE_STRESS,TECHNICAL_CONCENTRATION_LOAD,app/src/main/assets/metadata/canonical_v1,1,기술 집중 부하,Technical concentration load,RETAIN,
COGNITIVE_STRESS,VISUAL_TRACKING_LOAD,app/src/main/assets/metadata/canonical_v1,1,시각 추적 부하,Visual tracking load,RETAIN,
COMPOUND_TYPE,COMPOUND,app/src/main/assets/metadata/canonical_v1,120,,,ADD,
COMPOUND_TYPE,DRILL,app/src/main/assets/metadata/canonical_v1,27,,,ADD,
COMPOUND_TYPE,HYBRID,app/src/main/assets/metadata/canonical_v1,67,,,ADD,
COMPOUND_TYPE,ISOLATION,app/src/main/assets/metadata/canonical_v1,43,,,ADD,
DIRECT_TRANSFER,ACCELERATION,app/src/main/assets/metadata/canonical_v1,1,가속,Acceleration,RETAIN,
DIRECT_TRANSFER,ANTI_ROTATION_STABILITY,app/src/main/assets/metadata/canonical_v1,1,항 회전 안정성,Anti rotation stability,RETAIN,
DIRECT_TRANSFER,BADMINTON_FOOTWORK,app/src/main/assets/metadata/canonical_v1,8,,,ADD,
DIRECT_TRANSFER,CHANGE_OF_DIRECTION,app/src/main/assets/metadata/canonical_v1,9,,,ADD,
DIRECT_TRANSFER,CONDITIONING,app/src/main/assets/metadata/canonical_v1,1,컨디셔닝,Conditioning,RETAIN,
DIRECT_TRANSFER,COURT_CONDITIONING,app/src/main/assets/metadata/canonical_v1,7,,,ADD,
DIRECT_TRANSFER,DECELERATION,app/src/main/assets/metadata/canonical_v1,4,감속,Deceleration,RETAIN,
DIRECT_TRANSFER,FOOTWORK,app/src/main/assets/metadata/canonical_v1,1,풋워크,Footwork,RETAIN,
DIRECT_TRANSFER,GRIP_FOREARM,app/src/main/assets/metadata/canonical_v1,1,그립 전완,Grip forearm,RETAIN,
DIRECT_TRANSFER,JUMP_LANDING,app/src/main/assets/metadata/canonical_v1,1,점프 착지,Jump landing,RETAIN,
DIRECT_TRANSFER,LANDING_CONTROL,app/src/main/assets/metadata/canonical_v1,2,,,ADD,
DIRECT_TRANSFER,LATERAL_MOVEMENT,app/src/main/assets/metadata/canonical_v1,2,,,ADD,
DIRECT_TRANSFER,LUNGE_REACH,app/src/main/assets/metadata/canonical_v1,1,런지 리치,Lunge reach,RETAIN,
DIRECT_TRANSFER,NONE,app/src/main/assets/metadata/canonical_v1,0,없음,None,RETAINED_SEARCH_ONLY,
DIRECT_TRANSFER,OVERHEAD_POWER,app/src/main/assets/metadata/canonical_v1,1,머리 위 파워,Overhead power,RETAIN,
DIRECT_TRANSFER,REACTION,app/src/main/assets/metadata/canonical_v1,1,반응,Reaction,RETAIN,
DIRECT_TRANSFER,ROTATION_POWER,app/src/main/assets/metadata/canonical_v1,1,회전 파워,Rotation power,RETAIN,
DIRECT_TRANSFER,SHOULDER_CARE,app/src/main/assets/metadata/canonical_v1,1,어깨 관리,Shoulder care,RETAIN,
EQUIPMENT,AGILITY_LADDER,app/src/main/assets/metadata/canonical_v1/equipment_relations.csv,1,,,ADD,CommonUi.kt|RuntimeMetadataExerciseEditorDialog.kt
EQUIPMENT,AUDIO_CUE_DEVICE,app/src/main/assets/metadata/canonical_v1/equipment_relations.csv,1,,,ADD,CommonUi.kt|RuntimeMetadataExerciseEditorDialog.kt
EQUIPMENT,BADMINTON_RACKET,app/src/main/assets/metadata/canonical_v1/equipment_relations.csv,3,,,ADD,CommonUi.kt|RuntimeMetadataExerciseEditorDialog.kt
EQUIPMENT,BAND,app/src/main/assets/metadata/canonical_v1/equipment_relations.csv,19,,,ADD,CommonUi.kt|RuntimeMetadataExerciseEditorDialog.kt
EQUIPMENT,BARBELL,app/src/main/assets/metadata/canonical_v1/equipment_relations.csv,58,,,ADD,CommonUi.kt|RuntimeMetadataExerciseEditorDialog.kt
EQUIPMENT,BASKETBALL,app/src/main/assets/metadata/canonical_v1/equipment_relations.csv,1,,,ADD,CommonUi.kt|RuntimeMetadataExerciseEditorDialog.kt
EQUIPMENT,BENCH,app/src/main/assets/metadata/canonical_v1/equipment_relations.csv,57,,,ADD,CommonUi.kt|RuntimeMetadataExerciseEditorDialog.kt
EQUIPMENT,BIKE,app/src/main/assets/metadata/canonical_v1/equipment_relations.csv,2,,,ADD,CommonUi.kt|RuntimeMetadataExerciseEditorDialog.kt
EQUIPMENT,BODYWEIGHT,app/src/main/assets/metadata/canonical_v1/equipment_relations.csv,124,,,ADD,CommonUi.kt|RuntimeMetadataExerciseEditorDialog.kt
EQUIPMENT,BOX,app/src/main/assets/metadata/canonical_v1/equipment_relations.csv,14,,,ADD,CommonUi.kt|RuntimeMetadataExerciseEditorDialog.kt
EQUIPMENT,BOX_STEP,app/src/main/assets/metadata/canonical_v1/equipment_relations.csv,7,,,ADD,CommonUi.kt|RuntimeMetadataExerciseEditorDialog.kt
EQUIPMENT,CABLE,app/src/main/assets/metadata/canonical_v1/equipment_relations.csv,97,,,ADD,CommonUi.kt|RuntimeMetadataExerciseEditorDialog.kt
EQUIPMENT,CAPTAINS_CHAIR,app/src/main/assets/metadata/canonical_v1/equipment_relations.csv,1,,,ADD,CommonUi.kt|RuntimeMetadataExerciseEditorDialog.kt
EQUIPMENT,CHEST_PRESS_MACHINE,app/src/main/assets/metadata/canonical_v1/equipment_relations.csv,1,,,ADD,CommonUi.kt|RuntimeMetadataExerciseEditorDialog.kt
EQUIPMENT,CONE_MARKER,app/src/main/assets/metadata/canonical_v1/equipment_relations.csv,61,,,ADD,CommonUi.kt|RuntimeMetadataExerciseEditorDialog.kt
EQUIPMENT,DUMBBELL,app/src/main/assets/metadata/canonical_v1/equipment_relations.csv,184,,,ADD,CommonUi.kt|RuntimeMetadataExerciseEditorDialog.kt
EQUIPMENT,EZ_BAR,app/src/main/assets/metadata/canonical_v1/equipment_relations.csv,13,,,ADD,CommonUi.kt|RuntimeMetadataExerciseEditorDialog.kt
EQUIPMENT,GYMNASTIC_RINGS,app/src/main/assets/metadata/canonical_v1/equipment_relations.csv,7,,,ADD,CommonUi.kt|RuntimeMetadataExerciseEditorDialog.kt
EQUIPMENT,HACK_SQUAT_MACHINE,app/src/main/assets/metadata/canonical_v1/equipment_relations.csv,6,,,ADD,CommonUi.kt|RuntimeMetadataExerciseEditorDialog.kt
EQUIPMENT,HEEL_ANCHOR,app/src/main/assets/metadata/canonical_v1/equipment_relations.csv,1,,,ADD,CommonUi.kt|RuntimeMetadataExerciseEditorDialog.kt
EQUIPMENT,HIP_ABDUCTION_MACHINE,app/src/main/assets/metadata/canonical_v1/equipment_relations.csv,3,,,ADD,CommonUi.kt|RuntimeMetadataExerciseEditorDialog.kt
EQUIPMENT,HIP_ADDUCTION_MACHINE,app/src/main/assets/metadata/canonical_v1/equipment_relations.csv,3,,,ADD,CommonUi.kt|RuntimeMetadataExerciseEditorDialog.kt
EQUIPMENT,JUMP_ROPE,app/src/main/assets/metadata/canonical_v1/equipment_relations.csv,1,,,ADD,CommonUi.kt|RuntimeMetadataExerciseEditorDialog.kt
EQUIPMENT,KETTLEBELL,app/src/main/assets/metadata/canonical_v1/equipment_relations.csv,30,,,ADD,CommonUi.kt|RuntimeMetadataExerciseEditorDialog.kt
EQUIPMENT,LANDMINE,app/src/main/assets/metadata/canonical_v1/equipment_relations.csv,9,,,ADD,CommonUi.kt|RuntimeMetadataExerciseEditorDialog.kt
EQUIPMENT,LAT_PULLDOWN_MACHINE,app/src/main/assets/metadata/canonical_v1/equipment_relations.csv,1,,,ADD,CommonUi.kt|RuntimeMetadataExerciseEditorDialog.kt
EQUIPMENT,LEG_CURL_MACHINE,app/src/main/assets/metadata/canonical_v1/equipment_relations.csv,5,,,ADD,CommonUi.kt|RuntimeMetadataExerciseEditorDialog.kt
EQUIPMENT,LEG_EXTENSION_MACHINE,app/src/main/assets/metadata/canonical_v1/equipment_relations.csv,6,,,ADD,CommonUi.kt|RuntimeMetadataExerciseEditorDialog.kt
EQUIPMENT,LEG_PRESS_MACHINE,app/src/main/assets/metadata/canonical_v1/equipment_relations.csv,2,,,ADD,CommonUi.kt|RuntimeMetadataExerciseEditorDialog.kt
EQUIPMENT,MACHINE,app/src/main/assets/metadata/canonical_v1/equipment_relations.csv,40,,,ADD,CommonUi.kt|RuntimeMetadataExerciseEditorDialog.kt
EQUIPMENT,MEDICINE_BALL,app/src/main/assets/metadata/canonical_v1/equipment_relations.csv,21,,,ADD,CommonUi.kt|RuntimeMetadataExerciseEditorDialog.kt
EQUIPMENT,PARALLEL_BARS,app/src/main/assets/metadata/canonical_v1/equipment_relations.csv,1,,,ADD,CommonUi.kt|RuntimeMetadataExerciseEditorDialog.kt
EQUIPMENT,PULLUP_BAR,app/src/main/assets/metadata/canonical_v1/equipment_relations.csv,2,,,ADD,CommonUi.kt|RuntimeMetadataExerciseEditorDialog.kt
EQUIPMENT,PULL_UP_BAR,app/src/main/assets/metadata/canonical_v1/equipment_relations.csv,7,,,ADD,CommonUi.kt|RuntimeMetadataExerciseEditorDialog.kt
EQUIPMENT,ROWER,app/src/main/assets/metadata/canonical_v1/equipment_relations.csv,2,,,ADD,CommonUi.kt|RuntimeMetadataExerciseEditorDialog.kt
EQUIPMENT,ROWING_MACHINE,app/src/main/assets/metadata/canonical_v1/equipment_relations.csv,1,,,ADD,CommonUi.kt|RuntimeMetadataExerciseEditorDialog.kt
EQUIPMENT,ROW_MACHINE,app/src/main/assets/metadata/canonical_v1/equipment_relations.csv,5,,,ADD,CommonUi.kt|RuntimeMetadataExerciseEditorDialog.kt
EQUIPMENT,SEATED_CALF_RAISE_MACHINE,app/src/main/assets/metadata/canonical_v1/equipment_relations.csv,1,,,ADD,CommonUi.kt|RuntimeMetadataExerciseEditorDialog.kt
EQUIPMENT,SHOULDER_PRESS_MACHINE,app/src/main/assets/metadata/canonical_v1/equipment_relations.csv,1,,,ADD,CommonUi.kt|RuntimeMetadataExerciseEditorDialog.kt
EQUIPMENT,SHUTTLECOCKS,app/src/main/assets/metadata/canonical_v1/equipment_relations.csv,9,,,ADD,CommonUi.kt|RuntimeMetadataExerciseEditorDialog.kt
EQUIPMENT,SMITH_MACHINE,app/src/main/assets/metadata/canonical_v1/equipment_relations.csv,6,,,ADD,CommonUi.kt|RuntimeMetadataExerciseEditorDialog.kt
EQUIPMENT,SOCCER_BALL,app/src/main/assets/metadata/canonical_v1/equipment_relations.csv,2,,,ADD,CommonUi.kt|RuntimeMetadataExerciseEditorDialog.kt
EQUIPMENT,STAIRS,app/src/main/assets/metadata/canonical_v1/equipment_relations.csv,1,,,ADD,CommonUi.kt|RuntimeMetadataExerciseEditorDialog.kt
EQUIPMENT,STANDING_CALF_RAISE_MACHINE,app/src/main/assets/metadata/canonical_v1/equipment_relations.csv,3,,,ADD,CommonUi.kt|RuntimeMetadataExerciseEditorDialog.kt
EQUIPMENT,STATIONARY_BIKE,app/src/main/assets/metadata/canonical_v1/equipment_relations.csv,1,,,ADD,CommonUi.kt|RuntimeMetadataExerciseEditorDialog.kt
EQUIPMENT,SUSPENSION_TRAINER,app/src/main/assets/metadata/canonical_v1/equipment_relations.csv,6,,,ADD,CommonUi.kt|RuntimeMetadataExerciseEditorDialog.kt
EQUIPMENT,SWIMMING_POOL,app/src/main/assets/metadata/canonical_v1/equipment_relations.csv,1,,,ADD,CommonUi.kt|RuntimeMetadataExerciseEditorDialog.kt
EQUIPMENT,TENNIS_BALL,app/src/main/assets/metadata/canonical_v1/equipment_relations.csv,1,,,ADD,CommonUi.kt|RuntimeMetadataExerciseEditorDialog.kt
EQUIPMENT,TENNIS_RACKET,app/src/main/assets/metadata/canonical_v1/equipment_relations.csv,1,,,ADD,CommonUi.kt|RuntimeMetadataExerciseEditorDialog.kt
EQUIPMENT,TRX_RING,app/src/main/assets/metadata/canonical_v1/equipment_relations.csv,60,,,ADD,CommonUi.kt|RuntimeMetadataExerciseEditorDialog.kt
EQUIPMENT,VIPR,app/src/main/assets/metadata/canonical_v1/equipment_relations.csv,12,,,ADD,CommonUi.kt|RuntimeMetadataExerciseEditorDialog.kt
EQUIPMENT,WALL,app/src/main/assets/metadata/canonical_v1/equipment_relations.csv,4,,,ADD,CommonUi.kt|RuntimeMetadataExerciseEditorDialog.kt
EQUIPMENT,WEIGHT_BELT,app/src/main/assets/metadata/canonical_v1/equipment_relations.csv,2,,,ADD,CommonUi.kt|RuntimeMetadataExerciseEditorDialog.kt
EQUIPMENT,WEIGHT_PLATE,app/src/main/assets/metadata/canonical_v1/equipment_relations.csv,3,,,ADD,CommonUi.kt|RuntimeMetadataExerciseEditorDialog.kt
EQUIPMENT_REQUIREMENT_MODEL,ALL_REQUIRED,app/src/main/assets/metadata/canonical_v1,1,,,ADD,
EQUIPMENT_REQUIREMENT_MODEL,NONE,app/src/main/assets/metadata/canonical_v1,0,,,RETAINED_SEARCH_ONLY,
EQUIPMENT_REQUIREMENT_MODEL,SINGLE,app/src/main/assets/metadata/canonical_v1,1,,,ADD,
EXERCISE_CATEGORY,근력운동,app/src/main/assets/metadata/canonical_v1/exercise_bootstrap.csv,155,,,ADD,CommonUi.kt|ExerciseScreen.kt|RuntimeMetadataExerciseEditorDialog.kt
EXERCISE_CATEGORY,기능성운동,app/src/main/assets/metadata/canonical_v1/exercise_bootstrap.csv,89,,,ADD,CommonUi.kt|ExerciseScreen.kt|RuntimeMetadataExerciseEditorDialog.kt
EXERCISE_CATEGORY,스포츠,app/src/main/assets/metadata/canonical_v1/exercise_bootstrap.csv,6,,,ADD,CommonUi.kt|ExerciseScreen.kt|RuntimeMetadataExerciseEditorDialog.kt
EXERCISE_CATEGORY,유산소운동,app/src/main/assets/metadata/canonical_v1/exercise_bootstrap.csv,7,,,ADD,CommonUi.kt|ExerciseScreen.kt|RuntimeMetadataExerciseEditorDialog.kt
EXERCISE_DETAIL,10분,app/src/main/assets/metadata/canonical_v1/exercise_bootstrap.csv,1,,,ADD,CommonUi.kt
EXERCISE_DETAIL,20분,app/src/main/assets/metadata/canonical_v1/exercise_bootstrap.csv,3,,,ADD,CommonUi.kt
EXERCISE_DETAIL,30분,app/src/main/assets/metadata/canonical_v1/exercise_bootstrap.csv,2,,,ADD,CommonUi.kt
EXERCISE_DETAIL,40분,app/src/main/assets/metadata/canonical_v1/exercise_bootstrap.csv,1,,,ADD,CommonUi.kt
EXERCISE_DETAIL,60분,app/src/main/assets/metadata/canonical_v1/exercise_bootstrap.csv,6,,,ADD,CommonUi.kt
EXERCISE_DETAIL,가동성/착지준비/부상예방,app/src/main/assets/metadata/canonical_v1/exercise_bootstrap.csv,1,,,ADD,CommonUi.kt
EXERCISE_DETAIL,가속/최고속도/하체파워,app/src/main/assets/metadata/canonical_v1/exercise_bootstrap.csv,1,,,ADD,CommonUi.kt
EXERCISE_DETAIL,가속/하체파워/코어,app/src/main/assets/metadata/canonical_v1/exercise_bootstrap.csv,1,,,ADD,CommonUi.kt
EXERCISE_DETAIL,가슴/삼두근,app/src/main/assets/metadata/canonical_v1/exercise_bootstrap.csv,1,,,ADD,CommonUi.kt
EXERCISE_DETAIL,가자미근/종아리,app/src/main/assets/metadata/canonical_v1/exercise_bootstrap.csv,1,,,ADD,CommonUi.kt
EXERCISE_DETAIL,감속/하체제어/코어,app/src/main/assets/metadata/canonical_v1/exercise_bootstrap.csv,1,,,ADD,CommonUi.kt
EXERCISE_DETAIL,견갑상방회전/어깨가동성,app/src/main/assets/metadata/canonical_v1/exercise_bootstrap.csv,1,,,ADD,CommonUi.kt
EXERCISE_DETAIL,견갑안정근/전완,app/src/main/assets/metadata/canonical_v1/exercise_bootstrap.csv,1,,,ADD,CommonUi.kt
EXERCISE_DETAIL,고강도,app/src/main/assets/metadata/canonical_v1/exercise_bootstrap.csv,2,,,ADD,CommonUi.kt
EXERCISE_DETAIL,고관절굴곡근,app/src/main/assets/metadata/canonical_v1/exercise_bootstrap.csv,1,,,ADD,CommonUi.kt
EXERCISE_DETAIL,고관절굴곡근/코어,app/src/main/assets/metadata/canonical_v1/exercise_bootstrap.csv,1,,,ADD,CommonUi.kt
EXERCISE_DETAIL,골반안정근,app/src/main/assets/metadata/canonical_v1/exercise_bootstrap.csv,1,,,ADD,CommonUi.kt
EXERCISE_DETAIL,골반안정근/코어,app/src/main/assets/metadata/canonical_v1/exercise_bootstrap.csv,3,,,ADD,CommonUi.kt
EXERCISE_DETAIL,광배근,app/src/main/assets/metadata/canonical_v1/exercise_bootstrap.csv,5,,,ADD,CommonUi.kt
EXERCISE_DETAIL,광배근/능형근,app/src/main/assets/metadata/canonical_v1/exercise_bootstrap.csv,20,,,ADD,CommonUi.kt
EXERCISE_DETAIL,광배근/대원근,app/src/main/assets/metadata/canonical_v1/exercise_bootstrap.csv,2,,,ADD,CommonUi.kt
EXERCISE_DETAIL,광배근/대흉근,app/src/main/assets/metadata/canonical_v1/exercise_bootstrap.csv,1,,,ADD,CommonUi.kt
EXERCISE_DETAIL,광배근/이두근,app/src/main/assets/metadata/canonical_v1/exercise_bootstrap.csv,2,,,ADD,CommonUi.kt
EXERCISE_DETAIL,광배근/코어,app/src/main/assets/metadata/canonical_v1/exercise_bootstrap.csv,1,,,ADD,CommonUi.kt
EXERCISE_DETAIL,광배근/하부승모근,app/src/main/assets/metadata/canonical_v1/exercise_bootstrap.csv,1,,,ADD,CommonUi.kt
EXERCISE_DETAIL,그립,app/src/main/assets/metadata/canonical_v1/exercise_bootstrap.csv,6,,,ADD,CommonUi.kt
EXERCISE_DETAIL,그립/코어/보행안정성,app/src/main/assets/metadata/canonical_v1/exercise_bootstrap.csv,3,,,ADD,CommonUi.kt
EXERCISE_DETAIL,낮은 박스,app/src/main/assets/metadata/canonical_v1/exercise_bootstrap.csv,1,,,ADD,CommonUi.kt
EXERCISE_DETAIL,내전근,app/src/main/assets/metadata/canonical_v1/exercise_bootstrap.csv,3,,,ADD,CommonUi.kt
EXERCISE_DETAIL,내전근/둔근/대퇴사두근,app/src/main/assets/metadata/canonical_v1/exercise_bootstrap.csv,1,,,ADD,CommonUi.kt
EXERCISE_DETAIL,내전근/측면코어/골반안정성,app/src/main/assets/metadata/canonical_v1/exercise_bootstrap.csv,1,,,ADD,CommonUi.kt
EXERCISE_DETAIL,내전근/햄스트링/코어,app/src/main/assets/metadata/canonical_v1/exercise_bootstrap.csv,1,,,ADD,CommonUi.kt
EXERCISE_DETAIL,능형근/회전근개,app/src/main/assets/metadata/canonical_v1/exercise_bootstrap.csv,5,,,ADD,CommonUi.kt
EXERCISE_DETAIL,능형근/후면삼각근/코어,app/src/main/assets/metadata/canonical_v1/exercise_bootstrap.csv,1,,,ADD,CommonUi.kt
EXERCISE_DETAIL,대퇴사두근,app/src/main/assets/metadata/canonical_v1/exercise_bootstrap.csv,4,,,ADD,CommonUi.kt
EXERCISE_DETAIL,대퇴사두근/고관절굴곡근,app/src/main/assets/metadata/canonical_v1/exercise_bootstrap.csv,1,,,ADD,CommonUi.kt
EXERCISE_DETAIL,대퇴사두근/둔근,app/src/main/assets/metadata/canonical_v1/exercise_bootstrap.csv,11,,,ADD,CommonUi.kt
EXERCISE_DETAIL,대퇴사두근/코어,app/src/main/assets/metadata/canonical_v1/exercise_bootstrap.csv,1,,,ADD,CommonUi.kt
EXERCISE_DETAIL,대흉근,app/src/main/assets/metadata/canonical_v1/exercise_bootstrap.csv,8,,,ADD,CommonUi.kt
EXERCISE_DETAIL,대흉근/삼두근,app/src/main/assets/metadata/canonical_v1/exercise_bootstrap.csv,2,,,ADD,CommonUi.kt
EXERCISE_DETAIL,대흉근/전면삼각근,app/src/main/assets/metadata/canonical_v1/exercise_bootstrap.csv,1,,,ADD,CommonUi.kt
EXERCISE_DETAIL,덤벨 또는 케틀벨,app/src/main/assets/metadata/canonical_v1/exercise_bootstrap.csv,7,,,ADD,CommonUi.kt
EXERCISE_DETAIL,둔근,app/src/main/assets/metadata/canonical_v1/exercise_bootstrap.csv,4,,,ADD,CommonUi.kt
EXERCISE_DETAIL,둔근/견갑안정근,app/src/main/assets/metadata/canonical_v1/exercise_bootstrap.csv,1,,,ADD,CommonUi.kt
EXERCISE_DETAIL,둔근/대퇴사두근,app/src/main/assets/metadata/canonical_v1/exercise_bootstrap.csv,2,,,ADD,CommonUi.kt
EXERCISE_DETAIL,둔근/상부등,app/src/main/assets/metadata/canonical_v1/exercise_bootstrap.csv,1,,,ADD,CommonUi.kt
EXERCISE_DETAIL,둔근/어깨/전완,app/src/main/assets/metadata/canonical_v1/exercise_bootstrap.csv,18,,,ADD,CommonUi.kt
EXERCISE_DETAIL,둔근/코어,app/src/main/assets/metadata/canonical_v1/exercise_bootstrap.csv,1,,,ADD,CommonUi.kt
EXERCISE_DETAIL,둔근/햄스트링,app/src/main/assets/metadata/canonical_v1/exercise_bootstrap.csv,2,,,ADD,CommonUi.kt
EXERCISE_DETAIL,라인,app/src/main/assets/metadata/canonical_v1/exercise_bootstrap.csv,1,,,ADD,CommonUi.kt
EXERCISE_DETAIL,라켓/셔틀콕/피더,app/src/main/assets/metadata/canonical_v1/exercise_bootstrap.csv,1,,,ADD,CommonUi.kt
EXERCISE_DETAIL,래더,app/src/main/assets/metadata/canonical_v1/exercise_bootstrap.csv,1,,,ADD,CommonUi.kt
EXERCISE_DETAIL,랜덤반응/방향전환/감속/재출발,app/src/main/assets/metadata/canonical_v1/exercise_bootstrap.csv,1,,,ADD,CommonUi.kt
EXERCISE_DETAIL,랜덤반응/방향전환/감속/회복,app/src/main/assets/metadata/canonical_v1/exercise_bootstrap.csv,1,,,ADD,CommonUi.kt
EXERCISE_DETAIL,랜덤반응/풋워크/방향전환/회복,app/src/main/assets/metadata/canonical_v1/exercise_bootstrap.csv,1,,,ADD,CommonUi.kt
EXERCISE_DETAIL,러닝기술/가속/리듬,app/src/main/assets/metadata/canonical_v1/exercise_bootstrap.csv,1,,,ADD,CommonUi.kt
EXERCISE_DETAIL,러닝자세/무릎드라이브/코어,app/src/main/assets/metadata/canonical_v1/exercise_bootstrap.csv,1,,,ADD,CommonUi.kt
EXERCISE_DETAIL,맨몸,app/src/main/assets/metadata/canonical_v1/exercise_bootstrap.csv,13,,,ADD,CommonUi.kt
EXERCISE_DETAIL,맨몸 또는 덤벨,app/src/main/assets/metadata/canonical_v1/exercise_bootstrap.csv,1,,,ADD,CommonUi.kt
EXERCISE_DETAIL,맨몸 또는 케틀벨,app/src/main/assets/metadata/canonical_v1/exercise_bootstrap.csv,1,,,ADD,CommonUi.kt
EXERCISE_DETAIL,맨몸/코트,app/src/main/assets/metadata/canonical_v1/exercise_bootstrap.csv,1,,,ADD,CommonUi.kt
EXERCISE_DETAIL,맨몸/트랙,app/src/main/assets/metadata/canonical_v1/exercise_bootstrap.csv,4,,,ADD,CommonUi.kt
EXERCISE_DETAIL,무릎드라이브/리듬/접지,app/src/main/assets/metadata/canonical_v1/exercise_bootstrap.csv,1,,,ADD,CommonUi.kt
EXERCISE_DETAIL,무릎안정근,app/src/main/assets/metadata/canonical_v1/exercise_bootstrap.csv,2,,,ADD,CommonUi.kt
EXERCISE_DETAIL,무릎제어/둔근/편측제어,app/src/main/assets/metadata/canonical_v1/exercise_bootstrap.csv,1,,,ADD,CommonUi.kt
EXERCISE_DETAIL,미니밴드,app/src/main/assets/metadata/canonical_v1/exercise_bootstrap.csv,1,,,ADD,CommonUi.kt
EXERCISE_DETAIL,박스,app/src/main/assets/metadata/canonical_v1/exercise_bootstrap.csv,3,,,ADD,CommonUi.kt
EXERCISE_DETAIL,박스/벤치,app/src/main/assets/metadata/canonical_v1/exercise_bootstrap.csv,1,,,ADD,CommonUi.kt
EXERCISE_DETAIL,반복스피드/수비전환/심폐,app/src/main/assets/metadata/canonical_v1/exercise_bootstrap.csv,1,,,ADD,CommonUi.kt
EXERCISE_DETAIL,반복스피드/심폐/코트회복,app/src/main/assets/metadata/canonical_v1/exercise_bootstrap.csv,1,,,ADD,CommonUi.kt
EXERCISE_DETAIL,반응속도/발빠름/방향전환,app/src/main/assets/metadata/canonical_v1/exercise_bootstrap.csv,1,,,ADD,CommonUi.kt
EXERCISE_DETAIL,발목반응/좌우제어,app/src/main/assets/metadata/canonical_v1/exercise_bootstrap.csv,1,,,ADD,CommonUi.kt
EXERCISE_DETAIL,발목안정근,app/src/main/assets/metadata/canonical_v1/exercise_bootstrap.csv,6,,,ADD,CommonUi.kt
EXERCISE_DETAIL,발목탄성/러닝리듬,app/src/main/assets/metadata/canonical_v1/exercise_bootstrap.csv,1,,,ADD,CommonUi.kt
EXERCISE_DETAIL,발목탄성/아킬레스강성,app/src/main/assets/metadata/canonical_v1/exercise_bootstrap.csv,1,,,ADD,CommonUi.kt
EXERCISE_DETAIL,발빠름/리듬/첫스텝,app/src/main/assets/metadata/canonical_v1/exercise_bootstrap.csv,1,,,ADD,CommonUi.kt
EXERCISE_DETAIL,발빠름/협응/리듬,app/src/main/assets/metadata/canonical_v1/exercise_bootstrap.csv,1,,,ADD,CommonUi.kt
EXERCISE_DETAIL,방향전환/가속/감속,app/src/main/assets/metadata/canonical_v1/exercise_bootstrap.csv,1,,,ADD,CommonUi.kt
EXERCISE_DETAIL,방향전환/감속/가속,app/src/main/assets/metadata/canonical_v1/exercise_bootstrap.csv,1,,,ADD,CommonUi.kt
EXERCISE_DETAIL,벤치,app/src/main/assets/metadata/canonical_v1/exercise_bootstrap.csv,1,,,ADD,CommonUi.kt
EXERCISE_DETAIL,벤치/덤벨,app/src/main/assets/metadata/canonical_v1/exercise_bootstrap.csv,1,,,ADD,CommonUi.kt
EXERCISE_DETAIL,벽,app/src/main/assets/metadata/canonical_v1/exercise_bootstrap.csv,2,,,ADD,CommonUi.kt
EXERCISE_DETAIL,복사근/심부코어,app/src/main/assets/metadata/canonical_v1/exercise_bootstrap.csv,2,,,ADD,CommonUi.kt
EXERCISE_DETAIL,복사근/코어,app/src/main/assets/metadata/canonical_v1/exercise_bootstrap.csv,14,,,ADD,CommonUi.kt
EXERCISE_DETAIL,복직근,app/src/main/assets/metadata/canonical_v1/exercise_bootstrap.csv,1,,,ADD,CommonUi.kt
EXERCISE_DETAIL,복직근/고관절굴곡근,app/src/main/assets/metadata/canonical_v1/exercise_bootstrap.csv,2,,,ADD,CommonUi.kt
EXERCISE_DETAIL,복직근/심부코어,app/src/main/assets/metadata/canonical_v1/exercise_bootstrap.csv,1,,,ADD,CommonUi.kt
EXERCISE_DETAIL,비복근/가자미근,app/src/main/assets/metadata/canonical_v1/exercise_bootstrap.csv,1,,,ADD,CommonUi.kt
EXERCISE_DETAIL,비복근/종아리,app/src/main/assets/metadata/canonical_v1/exercise_bootstrap.csv,4,,,ADD,CommonUi.kt
EXERCISE_DETAIL,비프 신호/코트,app/src/main/assets/metadata/canonical_v1/exercise_bootstrap.csv,1,,,ADD,CommonUi.kt
EXERCISE_DETAIL,삼두근,app/src/main/assets/metadata/canonical_v1/exercise_bootstrap.csv,5,,,ADD,CommonUi.kt
EXERCISE_DETAIL,삼두근 장두,app/src/main/assets/metadata/canonical_v1/exercise_bootstrap.csv,7,,,ADD,CommonUi.kt
EXERCISE_DETAIL,삼두근/견갑안정근,app/src/main/assets/metadata/canonical_v1/exercise_bootstrap.csv,1,,,ADD,CommonUi.kt
EXERCISE_DETAIL,삼두근/대흉근,app/src/main/assets/metadata/canonical_v1/exercise_bootstrap.csv,2,,,ADD,CommonUi.kt
EXERCISE_DETAIL,삼두근/상부승모근/코어,app/src/main/assets/metadata/canonical_v1/exercise_bootstrap.csv,2,,,ADD,CommonUi.kt
EXERCISE_DETAIL,삼두근/전면삼각근,app/src/main/assets/metadata/canonical_v1/exercise_bootstrap.csv,2,,,ADD,CommonUi.kt
EXERCISE_DETAIL,삼두근/전면삼각근/견갑고정,app/src/main/assets/metadata/canonical_v1/exercise_bootstrap.csv,1,,,ADD,CommonUi.kt
EXERCISE_DETAIL,삼두근/전면삼각근/코어,app/src/main/assets/metadata/canonical_v1/exercise_bootstrap.csv,1,,,ADD,CommonUi.kt
EXERCISE_DETAIL,삼두근/코어,app/src/main/assets/metadata/canonical_v1/exercise_bootstrap.csv,4,,,ADD,CommonUi.kt
EXERCISE_DETAIL,삼두근/코어/견갑안정근,app/src/main/assets/metadata/canonical_v1/exercise_bootstrap.csv,1,,,ADD,CommonUi.kt
EXERCISE_DETAIL,삼두근/코어/회전근개,app/src/main/assets/metadata/canonical_v1/exercise_bootstrap.csv,1,,,ADD,CommonUi.kt
EXERCISE_DETAIL,삼두근/회전근개,app/src/main/assets/metadata/canonical_v1/exercise_bootstrap.csv,1,,,ADD,CommonUi.kt
EXERCISE_DETAIL,상부대흉근,app/src/main/assets/metadata/canonical_v1/exercise_bootstrap.csv,3,,,ADD,CommonUi.kt
EXERCISE_DETAIL,상부대흉근/전면삼각근,app/src/main/assets/metadata/canonical_v1/exercise_bootstrap.csv,1,,,ADD,CommonUi.kt
EXERCISE_DETAIL,상부승모근/회전근개,app/src/main/assets/metadata/canonical_v1/exercise_bootstrap.csv,4,,,ADD,CommonUi.kt
EXERCISE_DETAIL,상완요골근/상완근,app/src/main/assets/metadata/canonical_v1/exercise_bootstrap.csv,2,,,ADD,CommonUi.kt
EXERCISE_DETAIL,상완요골근/이두근,app/src/main/assets/metadata/canonical_v1/exercise_bootstrap.csv,2,,,ADD,CommonUi.kt
EXERCISE_DETAIL,상완요골근/전완근,app/src/main/assets/metadata/canonical_v1/exercise_bootstrap.csv,4,,,ADD,CommonUi.kt
EXERCISE_DETAIL,셔틀/코트,app/src/main/assets/metadata/canonical_v1/exercise_bootstrap.csv,1,,,ADD,CommonUi.kt
EXERCISE_DETAIL,셔틀콕/코트,app/src/main/assets/metadata/canonical_v1/exercise_bootstrap.csv,4,,,ADD,CommonUi.kt
EXERCISE_DETAIL,속도변화/풋워크/반응,app/src/main/assets/metadata/canonical_v1/exercise_bootstrap.csv,1,,,ADD,CommonUi.kt
EXERCISE_DETAIL,손목굴곡근/전완근,app/src/main/assets/metadata/canonical_v1/exercise_bootstrap.csv,1,,,ADD,CommonUi.kt
EXERCISE_DETAIL,손목신전근/전완근,app/src/main/assets/metadata/canonical_v1/exercise_bootstrap.csv,4,,,ADD,CommonUi.kt
EXERCISE_DETAIL,수평탄성/둔근파워/리듬,app/src/main/assets/metadata/canonical_v1/exercise_bootstrap.csv,1,,,ADD,CommonUi.kt
EXERCISE_DETAIL,스매시/상지폭발/타점반복/코어전달,app/src/main/assets/metadata/canonical_v1/exercise_bootstrap.csv,1,,,ADD,CommonUi.kt
EXERCISE_DETAIL,신호반응/풋워크/방향전환/감속,app/src/main/assets/metadata/canonical_v1/exercise_bootstrap.csv,1,,,ADD,CommonUi.kt
EXERCISE_DETAIL,심부코어/척추안정근,app/src/main/assets/metadata/canonical_v1/exercise_bootstrap.csv,1,,,ADD,CommonUi.kt
EXERCISE_DETAIL,어깨/코어,app/src/main/assets/metadata/canonical_v1/exercise_bootstrap.csv,1,,,ADD,CommonUi.kt
EXERCISE_DETAIL,어깨/회전근개,app/src/main/assets/metadata/canonical_v1/exercise_bootstrap.csv,1,,,ADD,CommonUi.kt
EXERCISE_DETAIL,어깨안정근/심폐,app/src/main/assets/metadata/canonical_v1/exercise_bootstrap.csv,1,,,ADD,CommonUi.kt
EXERCISE_DETAIL,어깨안정성/편측제어/코어,app/src/main/assets/metadata/canonical_v1/exercise_bootstrap.csv,2,,,ADD,CommonUi.kt
EXERCISE_DETAIL,이두근,app/src/main/assets/metadata/canonical_v1/exercise_bootstrap.csv,15,,,ADD,CommonUi.kt
EXERCISE_DETAIL,이두근 장두,app/src/main/assets/metadata/canonical_v1/exercise_bootstrap.csv,1,,,ADD,CommonUi.kt
EXERCISE_DETAIL,이두근/전완근,app/src/main/assets/metadata/canonical_v1/exercise_bootstrap.csv,2,,,ADD,CommonUi.kt
EXERCISE_DETAIL,이두근/전완근/견갑안정근,app/src/main/assets/metadata/canonical_v1/exercise_bootstrap.csv,1,,,ADD,CommonUi.kt
EXERCISE_DETAIL,이두근/전완근/코어,app/src/main/assets/metadata/canonical_v1/exercise_bootstrap.csv,1,,,ADD,CommonUi.kt
EXERCISE_DETAIL,이두근/코어,app/src/main/assets/metadata/canonical_v1/exercise_bootstrap.csv,1,,,ADD,CommonUi.kt
EXERCISE_DETAIL,이두근/하부승모근,app/src/main/assets/metadata/canonical_v1/exercise_bootstrap.csv,1,,,ADD,CommonUi.kt
EXERCISE_DETAIL,이두근/하부승모근/코어,app/src/main/assets/metadata/canonical_v1/exercise_bootstrap.csv,1,,,ADD,CommonUi.kt
EXERCISE_DETAIL,이두근/후면삼각근,app/src/main/assets/metadata/canonical_v1/exercise_bootstrap.csv,1,,,ADD,CommonUi.kt
EXERCISE_DETAIL,이두근/후면삼각근/코어,app/src/main/assets/metadata/canonical_v1/exercise_bootstrap.csv,2,,,ADD,CommonUi.kt
EXERCISE_DETAIL,저강도,app/src/main/assets/metadata/canonical_v1/exercise_bootstrap.csv,1,,,ADD,CommonUi.kt
EXERCISE_DETAIL,전거근/견갑안정근,app/src/main/assets/metadata/canonical_v1/exercise_bootstrap.csv,1,,,ADD,CommonUi.kt
EXERCISE_DETAIL,전거근/견갑제어,app/src/main/assets/metadata/canonical_v1/exercise_bootstrap.csv,1,,,ADD,CommonUi.kt
EXERCISE_DETAIL,전거근/코어,app/src/main/assets/metadata/canonical_v1/exercise_bootstrap.csv,3,,,ADD,CommonUi.kt
EXERCISE_DETAIL,전거근/회전근개,app/src/main/assets/metadata/canonical_v1/exercise_bootstrap.csv,1,,,ADD,CommonUi.kt
EXERCISE_DETAIL,전면삼각근,app/src/main/assets/metadata/canonical_v1/exercise_bootstrap.csv,1,,,ADD,CommonUi.kt
EXERCISE_DETAIL,전면삼각근/삼두근,app/src/main/assets/metadata/canonical_v1/exercise_bootstrap.csv,1,,,ADD,CommonUi.kt
EXERCISE_DETAIL,전면삼각근/삼두근/코어,app/src/main/assets/metadata/canonical_v1/exercise_bootstrap.csv,2,,,ADD,CommonUi.kt
EXERCISE_DETAIL,전면삼각근/전거근,app/src/main/assets/metadata/canonical_v1/exercise_bootstrap.csv,2,,,ADD,CommonUi.kt
EXERCISE_DETAIL,전면삼각근/측면삼각근,app/src/main/assets/metadata/canonical_v1/exercise_bootstrap.csv,9,,,ADD,CommonUi.kt
EXERCISE_DETAIL,전면삼각근/코어,app/src/main/assets/metadata/canonical_v1/exercise_bootstrap.csv,5,,,ADD,CommonUi.kt
EXERCISE_DETAIL,전신컨디셔닝/파워/심폐,app/src/main/assets/metadata/canonical_v1/exercise_bootstrap.csv,1,,,ADD,CommonUi.kt
EXERCISE_DETAIL,전신협응/어깨안정성/코어,app/src/main/assets/metadata/canonical_v1/exercise_bootstrap.csv,1,,,ADD,CommonUi.kt
EXERCISE_DETAIL,전완근,app/src/main/assets/metadata/canonical_v1/exercise_bootstrap.csv,12,,,ADD,CommonUi.kt
EXERCISE_DETAIL,전완근/광배근,app/src/main/assets/metadata/canonical_v1/exercise_bootstrap.csv,1,,,ADD,CommonUi.kt
EXERCISE_DETAIL,전완근/그립,app/src/main/assets/metadata/canonical_v1/exercise_bootstrap.csv,1,,,ADD,CommonUi.kt
EXERCISE_DETAIL,전완근/어깨안정근,app/src/main/assets/metadata/canonical_v1/exercise_bootstrap.csv,3,,,ADD,CommonUi.kt
EXERCISE_DETAIL,전완근/코어,app/src/main/assets/metadata/canonical_v1/exercise_bootstrap.csv,10,,,ADD,CommonUi.kt
EXERCISE_DETAIL,전후이동/랜덤반응/가속/감속,app/src/main/assets/metadata/canonical_v1/exercise_bootstrap.csv,1,,,ADD,CommonUi.kt
EXERCISE_DETAIL,종아리/무릎안정근,app/src/main/assets/metadata/canonical_v1/exercise_bootstrap.csv,3,,,ADD,CommonUi.kt
EXERCISE_DETAIL,좌우이동/감속/균형,app/src/main/assets/metadata/canonical_v1/exercise_bootstrap.csv,1,,,ADD,CommonUi.kt
EXERCISE_DETAIL,좌우이동/랜덤반응/방향전환/감속,app/src/main/assets/metadata/canonical_v1/exercise_bootstrap.csv,1,,,ADD,CommonUi.kt
EXERCISE_DETAIL,중강도,app/src/main/assets/metadata/canonical_v1/exercise_bootstrap.csv,10,,,ADD,CommonUi.kt
EXERCISE_DETAIL,중둔근/골반안정성,app/src/main/assets/metadata/canonical_v1/exercise_bootstrap.csv,1,,,ADD,CommonUi.kt
EXERCISE_DETAIL,중둔근/둔근,app/src/main/assets/metadata/canonical_v1/exercise_bootstrap.csv,1,,,ADD,CommonUi.kt
EXERCISE_DETAIL,착지제어/탄성/편측제어,app/src/main/assets/metadata/canonical_v1/exercise_bootstrap.csv,1,,,ADD,CommonUi.kt
EXERCISE_DETAIL,척추기립근/광배근/코어,app/src/main/assets/metadata/canonical_v1/exercise_bootstrap.csv,1,,,ADD,CommonUi.kt
EXERCISE_DETAIL,척추기립근/둔근,app/src/main/assets/metadata/canonical_v1/exercise_bootstrap.csv,1,,,ADD,CommonUi.kt
EXERCISE_DETAIL,척추기립근/코어,app/src/main/assets/metadata/canonical_v1/exercise_bootstrap.csv,2,,,ADD,CommonUi.kt
EXERCISE_DETAIL,첫스텝/좌우런지/감속,app/src/main/assets/metadata/canonical_v1/exercise_bootstrap.csv,1,,,ADD,CommonUi.kt
EXERCISE_DETAIL,측면가동성/내전근/편측제어,app/src/main/assets/metadata/canonical_v1/exercise_bootstrap.csv,1,,,ADD,CommonUi.kt
EXERCISE_DETAIL,측면삼각근,app/src/main/assets/metadata/canonical_v1/exercise_bootstrap.csv,4,,,ADD,CommonUi.kt
EXERCISE_DETAIL,측면코어/골반안정성,app/src/main/assets/metadata/canonical_v1/exercise_bootstrap.csv,1,,,ADD,CommonUi.kt
EXERCISE_DETAIL,측면파워/감속/방향전환,app/src/main/assets/metadata/canonical_v1/exercise_bootstrap.csv,2,,,ADD,CommonUi.kt
EXERCISE_DETAIL,케이블 또는 밴드,app/src/main/assets/metadata/canonical_v1/exercise_bootstrap.csv,3,,,ADD,CommonUi.kt
EXERCISE_DETAIL,케틀벨,app/src/main/assets/metadata/canonical_v1/exercise_bootstrap.csv,3,,,ADD,CommonUi.kt
EXERCISE_DETAIL,케틀벨 또는 덤벨,app/src/main/assets/metadata/canonical_v1/exercise_bootstrap.csv,3,,,ADD,CommonUi.kt
EXERCISE_DETAIL,코어,app/src/main/assets/metadata/canonical_v1/exercise_bootstrap.csv,1,,,ADD,CommonUi.kt
EXERCISE_DETAIL,코어/고관절굴곡근,app/src/main/assets/metadata/canonical_v1/exercise_bootstrap.csv,1,,,ADD,CommonUi.kt
EXERCISE_DETAIL,코어/광배근/골반안정근,app/src/main/assets/metadata/canonical_v1/exercise_bootstrap.csv,1,,,ADD,CommonUi.kt
EXERCISE_DETAIL,코어/몸통안정성,app/src/main/assets/metadata/canonical_v1/exercise_bootstrap.csv,1,,,ADD,CommonUi.kt
EXERCISE_DETAIL,코어/요추안정성/협응,app/src/main/assets/metadata/canonical_v1/exercise_bootstrap.csv,1,,,ADD,CommonUi.kt
EXERCISE_DETAIL,코트 또는 콘,app/src/main/assets/metadata/canonical_v1/exercise_bootstrap.csv,4,,,ADD,CommonUi.kt
EXERCISE_DETAIL,코트/콘,app/src/main/assets/metadata/canonical_v1/exercise_bootstrap.csv,2,,,ADD,CommonUi.kt
EXERCISE_DETAIL,코트/파트너,app/src/main/assets/metadata/canonical_v1/exercise_bootstrap.csv,1,,,ADD,CommonUi.kt
EXERCISE_DETAIL,콘,app/src/main/assets/metadata/canonical_v1/exercise_bootstrap.csv,2,,,ADD,CommonUi.kt
EXERCISE_DETAIL,콘 또는 코치 신호,app/src/main/assets/metadata/canonical_v1/exercise_bootstrap.csv,2,,,ADD,CommonUi.kt
EXERCISE_DETAIL,탄성/착지제어/반응힘,app/src/main/assets/metadata/canonical_v1/exercise_bootstrap.csv,1,,,ADD,CommonUi.kt
EXERCISE_DETAIL,탄성/하체파워/착지제어,app/src/main/assets/metadata/canonical_v1/exercise_bootstrap.csv,1,,,ADD,CommonUi.kt
EXERCISE_DETAIL,트랙,app/src/main/assets/metadata/canonical_v1/exercise_bootstrap.csv,1,,,ADD,CommonUi.kt
EXERCISE_DETAIL,트랙 또는 평지,app/src/main/assets/metadata/canonical_v1/exercise_bootstrap.csv,1,,,ADD,CommonUi.kt
EXERCISE_DETAIL,파트너 또는 고정대,app/src/main/assets/metadata/canonical_v1/exercise_bootstrap.csv,1,,,ADD,CommonUi.kt
EXERCISE_DETAIL,편측제어/둔근/감속,app/src/main/assets/metadata/canonical_v1/exercise_bootstrap.csv,1,,,ADD,CommonUi.kt
EXERCISE_DETAIL,편측제어/하체힘/감속,app/src/main/assets/metadata/canonical_v1/exercise_bootstrap.csv,1,,,ADD,CommonUi.kt
EXERCISE_DETAIL,편측제어/하체힘/균형,app/src/main/assets/metadata/canonical_v1/exercise_bootstrap.csv,1,,,ADD,CommonUi.kt
EXERCISE_DETAIL,편측제어/하체힘/발목가동성,app/src/main/assets/metadata/canonical_v1/exercise_bootstrap.csv,1,,,ADD,CommonUi.kt
EXERCISE_DETAIL,편측제어/힙힌지/균형,app/src/main/assets/metadata/canonical_v1/exercise_bootstrap.csv,3,,,ADD,CommonUi.kt
EXERCISE_DETAIL,풋워크/가속/감속/회복,app/src/main/assets/metadata/canonical_v1/exercise_bootstrap.csv,1,,,ADD,CommonUi.kt
EXERCISE_DETAIL,풋워크/방향전환/감속/재출발,app/src/main/assets/metadata/canonical_v1/exercise_bootstrap.csv,1,,,ADD,CommonUi.kt
EXERCISE_DETAIL,하부승모근/광배근,app/src/main/assets/metadata/canonical_v1/exercise_bootstrap.csv,1,,,ADD,CommonUi.kt
EXERCISE_DETAIL,하체파워/편측제어/착지제어,app/src/main/assets/metadata/canonical_v1/exercise_bootstrap.csv,1,,,ADD,CommonUi.kt
EXERCISE_DETAIL,하체힘/보행안정성/둔근,app/src/main/assets/metadata/canonical_v1/exercise_bootstrap.csv,1,,,ADD,CommonUi.kt
EXERCISE_DETAIL,하체힘/코어/스쿼트패턴,app/src/main/assets/metadata/canonical_v1/exercise_bootstrap.csv,3,,,ADD,CommonUi.kt
EXERCISE_DETAIL,햄스트링,app/src/main/assets/metadata/canonical_v1/exercise_bootstrap.csv,4,,,ADD,CommonUi.kt
EXERCISE_DETAIL,햄스트링/감속/후면사슬,app/src/main/assets/metadata/canonical_v1/exercise_bootstrap.csv,1,,,ADD,CommonUi.kt
EXERCISE_DETAIL,햄스트링/견갑안정근,app/src/main/assets/metadata/canonical_v1/exercise_bootstrap.csv,1,,,ADD,CommonUi.kt
EXERCISE_DETAIL,햄스트링/골반안정근,app/src/main/assets/metadata/canonical_v1/exercise_bootstrap.csv,2,,,ADD,CommonUi.kt
EXERCISE_DETAIL,햄스트링/내전근,app/src/main/assets/metadata/canonical_v1/exercise_bootstrap.csv,1,,,ADD,CommonUi.kt
EXERCISE_DETAIL,햄스트링/내전근/코어,app/src/main/assets/metadata/canonical_v1/exercise_bootstrap.csv,2,,,ADD,CommonUi.kt
EXERCISE_DETAIL,햄스트링/둔근,app/src/main/assets/metadata/canonical_v1/exercise_bootstrap.csv,3,,,ADD,CommonUi.kt
EXERCISE_DETAIL,햄스트링/둔근/척추기립근,app/src/main/assets/metadata/canonical_v1/exercise_bootstrap.csv,1,,,ADD,CommonUi.kt
EXERCISE_DETAIL,햄스트링/종아리/코어,app/src/main/assets/metadata/canonical_v1/exercise_bootstrap.csv,1,,,ADD,CommonUi.kt
EXERCISE_DETAIL,햄스트링/코어,app/src/main/assets/metadata/canonical_v1/exercise_bootstrap.csv,9,,,ADD,CommonUi.kt
EXERCISE_DETAIL,햄스트링/코어/골반안정근,app/src/main/assets/metadata/canonical_v1/exercise_bootstrap.csv,1,,,ADD,CommonUi.kt
EXERCISE_DETAIL,햄스트링리듬/하퇴스윙,app/src/main/assets/metadata/canonical_v1/exercise_bootstrap.csv,1,,,ADD,CommonUi.kt
EXERCISE_DETAIL,회내근/회외근/전완근,app/src/main/assets/metadata/canonical_v1/exercise_bootstrap.csv,1,,,ADD,CommonUi.kt
EXERCISE_DETAIL,회복/가동성/관절보호,app/src/main/assets/metadata/canonical_v1/exercise_bootstrap.csv,1,,,ADD,CommonUi.kt
EXERCISE_DETAIL,회복/가벼운풋워크/리듬,app/src/main/assets/metadata/canonical_v1/exercise_bootstrap.csv,1,,,ADD,CommonUi.kt
EXERCISE_DETAIL,회전근개,app/src/main/assets/metadata/canonical_v1/exercise_bootstrap.csv,1,,,ADD,CommonUi.kt
EXERCISE_DETAIL,회전근개/능형근,app/src/main/assets/metadata/canonical_v1/exercise_bootstrap.csv,1,,,ADD,CommonUi.kt
EXERCISE_DETAIL,회전저항/코어안정성,app/src/main/assets/metadata/canonical_v1/exercise_bootstrap.csv,3,,,ADD,CommonUi.kt
EXERCISE_DETAIL,후면삼각근,app/src/main/assets/metadata/canonical_v1/exercise_bootstrap.csv,5,,,ADD,CommonUi.kt
EXERCISE_DETAIL,후면삼각근/견갑안정근,app/src/main/assets/metadata/canonical_v1/exercise_bootstrap.csv,1,,,ADD,CommonUi.kt
EXERCISE_DETAIL,후면삼각근/이두근,app/src/main/assets/metadata/canonical_v1/exercise_bootstrap.csv,8,,,ADD,CommonUi.kt
EXERCISE_DETAIL,후면삼각근/이두근/코어,app/src/main/assets/metadata/canonical_v1/exercise_bootstrap.csv,9,,,ADD,CommonUi.kt
EXERCISE_DETAIL,후면삼각근/코어,app/src/main/assets/metadata/canonical_v1/exercise_bootstrap.csv,1,,,ADD,CommonUi.kt
EXERCISE_DETAIL,후면삼각근/하부승모근,app/src/main/assets/metadata/canonical_v1/exercise_bootstrap.csv,1,,,ADD,CommonUi.kt
EXERCISE_DETAIL,힙힌지/파워,app/src/main/assets/metadata/canonical_v1/exercise_bootstrap.csv,1,,,ADD,CommonUi.kt
EXERCISE_MODE,EZ바,app/src/main/assets/metadata/canonical_v1/exercise_bootstrap.csv,1,,,ADD,CommonUi.kt
EXERCISE_MODE,EZ바 또는 덤벨,app/src/main/assets/metadata/canonical_v1/exercise_bootstrap.csv,6,,,ADD,CommonUi.kt
EXERCISE_MODE,거리 또는 시간,app/src/main/assets/metadata/canonical_v1/exercise_bootstrap.csv,5,,,ADD,CommonUi.kt
EXERCISE_MODE,거리 또는 횟수,app/src/main/assets/metadata/canonical_v1/exercise_bootstrap.csv,2,,,ADD,CommonUi.kt
EXERCISE_MODE,낮은 발판/덤벨,app/src/main/assets/metadata/canonical_v1/exercise_bootstrap.csv,1,,,ADD,CommonUi.kt
EXERCISE_MODE,덤벨,app/src/main/assets/metadata/canonical_v1/exercise_bootstrap.csv,28,,,ADD,CommonUi.kt
EXERCISE_MODE,덤벨 또는 맨몸,app/src/main/assets/metadata/canonical_v1/exercise_bootstrap.csv,5,,,ADD,CommonUi.kt
EXERCISE_MODE,덤벨 또는 바벨,app/src/main/assets/metadata/canonical_v1/exercise_bootstrap.csv,3,,,ADD,CommonUi.kt
EXERCISE_MODE,덤벨 또는 케이블,app/src/main/assets/metadata/canonical_v1/exercise_bootstrap.csv,6,,,ADD,CommonUi.kt
EXERCISE_MODE,덤벨 한쪽 잡기,app/src/main/assets/metadata/canonical_v1/exercise_bootstrap.csv,1,,,ADD,CommonUi.kt
EXERCISE_MODE,랜드마인,app/src/main/assets/metadata/canonical_v1/exercise_bootstrap.csv,2,,,ADD,CommonUi.kt
EXERCISE_MODE,랜드마인 또는 바벨,app/src/main/assets/metadata/canonical_v1/exercise_bootstrap.csv,1,,,ADD,CommonUi.kt
EXERCISE_MODE,링 또는 스트랩,app/src/main/assets/metadata/canonical_v1/exercise_bootstrap.csv,1,,,ADD,CommonUi.kt
EXERCISE_MODE,맨몸,app/src/main/assets/metadata/canonical_v1/exercise_bootstrap.csv,16,,,ADD,CommonUi.kt
EXERCISE_MODE,맨몸 또는 덤벨,app/src/main/assets/metadata/canonical_v1/exercise_bootstrap.csv,1,,,ADD,CommonUi.kt
EXERCISE_MODE,맨몸 또는 바벨,app/src/main/assets/metadata/canonical_v1/exercise_bootstrap.csv,1,,,ADD,CommonUi.kt
EXERCISE_MODE,맨몸 또는 중량,app/src/main/assets/metadata/canonical_v1/exercise_bootstrap.csv,1,,,ADD,CommonUi.kt
EXERCISE_MODE,머신,app/src/main/assets/metadata/canonical_v1/exercise_bootstrap.csv,13,,,ADD,CommonUi.kt
EXERCISE_MODE,머신 또는 덤벨,app/src/main/assets/metadata/canonical_v1/exercise_bootstrap.csv,4,,,ADD,CommonUi.kt
EXERCISE_MODE,머신 또는 밴드,app/src/main/assets/metadata/canonical_v1/exercise_bootstrap.csv,1,,,ADD,CommonUi.kt
EXERCISE_MODE,머신 또는 케이블,app/src/main/assets/metadata/canonical_v1/exercise_bootstrap.csv,3,,,ADD,CommonUi.kt
EXERCISE_MODE,메디신볼,app/src/main/assets/metadata/canonical_v1/exercise_bootstrap.csv,7,,,ADD,CommonUi.kt
EXERCISE_MODE,무게*거리 또는 시간,app/src/main/assets/metadata/canonical_v1/exercise_bootstrap.csv,3,,,ADD,CommonUi.kt
EXERCISE_MODE,무게*횟수,app/src/main/assets/metadata/canonical_v1/exercise_bootstrap.csv,124,,,ADD,CommonUi.kt
EXERCISE_MODE,바 또는 링,app/src/main/assets/metadata/canonical_v1/exercise_bootstrap.csv,6,,,ADD,CommonUi.kt
EXERCISE_MODE,바벨,app/src/main/assets/metadata/canonical_v1/exercise_bootstrap.csv,8,,,ADD,CommonUi.kt
EXERCISE_MODE,바벨 또는 EZ바,app/src/main/assets/metadata/canonical_v1/exercise_bootstrap.csv,3,,,ADD,CommonUi.kt
EXERCISE_MODE,바벨 또는 덤벨,app/src/main/assets/metadata/canonical_v1/exercise_bootstrap.csv,1,,,ADD,CommonUi.kt
EXERCISE_MODE,바이퍼,app/src/main/assets/metadata/canonical_v1/exercise_bootstrap.csv,4,,,ADD,CommonUi.kt
EXERCISE_MODE,박스/덤벨,app/src/main/assets/metadata/canonical_v1/exercise_bootstrap.csv,1,,,ADD,CommonUi.kt
EXERCISE_MODE,밴드,app/src/main/assets/metadata/canonical_v1/exercise_bootstrap.csv,3,,,ADD,CommonUi.kt
EXERCISE_MODE,벤치,app/src/main/assets/metadata/canonical_v1/exercise_bootstrap.csv,1,,,ADD,CommonUi.kt
EXERCISE_MODE,벤치 또는 머신,app/src/main/assets/metadata/canonical_v1/exercise_bootstrap.csv,3,,,ADD,CommonUi.kt
EXERCISE_MODE,벨트 또는 덤벨,app/src/main/assets/metadata/canonical_v1/exercise_bootstrap.csv,2,,,ADD,CommonUi.kt
EXERCISE_MODE,벽,app/src/main/assets/metadata/canonical_v1/exercise_bootstrap.csv,1,,,ADD,CommonUi.kt
EXERCISE_MODE,벽 또는 맨몸,app/src/main/assets/metadata/canonical_v1/exercise_bootstrap.csv,1,,,ADD,CommonUi.kt
EXERCISE_MODE,스미스 머신,app/src/main/assets/metadata/canonical_v1/exercise_bootstrap.csv,2,,,ADD,CommonUi.kt
EXERCISE_MODE,시간,app/src/main/assets/metadata/canonical_v1/exercise_bootstrap.csv,23,,,ADD,CommonUi.kt
EXERCISE_MODE,시간 또는 반복,app/src/main/assets/metadata/canonical_v1/exercise_bootstrap.csv,7,,,ADD,CommonUi.kt
EXERCISE_MODE,시간 또는 횟수,app/src/main/assets/metadata/canonical_v1/exercise_bootstrap.csv,1,,,ADD,CommonUi.kt
EXERCISE_MODE,시간/강도,app/src/main/assets/metadata/canonical_v1/exercise_bootstrap.csv,1,,,ADD,CommonUi.kt
EXERCISE_MODE,시간/거리,app/src/main/assets/metadata/canonical_v1/exercise_bootstrap.csv,1,,,ADD,CommonUi.kt
EXERCISE_MODE,시간/거리/페이스,app/src/main/assets/metadata/canonical_v1/exercise_bootstrap.csv,3,,,ADD,CommonUi.kt
EXERCISE_MODE,시간/성공횟수,app/src/main/assets/metadata/canonical_v1/exercise_bootstrap.csv,1,,,ADD,CommonUi.kt
EXERCISE_MODE,시간/최대횟수,app/src/main/assets/metadata/canonical_v1/exercise_bootstrap.csv,1,,,ADD,CommonUi.kt
EXERCISE_MODE,시간/층수,app/src/main/assets/metadata/canonical_v1/exercise_bootstrap.csv,1,,,ADD,CommonUi.kt
EXERCISE_MODE,시간/횟수,app/src/main/assets/metadata/canonical_v1/exercise_bootstrap.csv,1,,,ADD,CommonUi.kt
EXERCISE_MODE,언더핸드 바벨,app/src/main/assets/metadata/canonical_v1/exercise_bootstrap.csv,1,,,ADD,CommonUi.kt
EXERCISE_MODE,인클라인 벤치/덤벨,app/src/main/assets/metadata/canonical_v1/exercise_bootstrap.csv,1,,,ADD,CommonUi.kt
EXERCISE_MODE,인클라인 벤치/덤벨 또는 EZ바,app/src/main/assets/metadata/canonical_v1/exercise_bootstrap.csv,3,,,ADD,CommonUi.kt
EXERCISE_MODE,인클라인 벤치/덤벨 또는 머신,app/src/main/assets/metadata/canonical_v1/exercise_bootstrap.csv,1,,,ADD,CommonUi.kt
EXERCISE_MODE,좌우 횟수,app/src/main/assets/metadata/canonical_v1/exercise_bootstrap.csv,2,,,ADD,CommonUi.kt
EXERCISE_MODE,철봉,app/src/main/assets/metadata/canonical_v1/exercise_bootstrap.csv,1,,,ADD,CommonUi.kt
EXERCISE_MODE,캡틴체어,app/src/main/assets/metadata/canonical_v1/exercise_bootstrap.csv,1,,,ADD,CommonUi.kt
EXERCISE_MODE,케이블,app/src/main/assets/metadata/canonical_v1/exercise_bootstrap.csv,24,,,ADD,CommonUi.kt
EXERCISE_MODE,케이블 로프,app/src/main/assets/metadata/canonical_v1/exercise_bootstrap.csv,1,,,ADD,CommonUi.kt
EXERCISE_MODE,케이블 머신,app/src/main/assets/metadata/canonical_v1/exercise_bootstrap.csv,1,,,ADD,CommonUi.kt
EXERCISE_MODE,케틀벨,app/src/main/assets/metadata/canonical_v1/exercise_bootstrap.csv,1,,,ADD,CommonUi.kt
EXERCISE_MODE,평행봉,app/src/main/assets/metadata/canonical_v1/exercise_bootstrap.csv,1,,,ADD,CommonUi.kt
EXERCISE_MODE,플레이트,app/src/main/assets/metadata/canonical_v1/exercise_bootstrap.csv,1,,,ADD,CommonUi.kt
EXERCISE_MODE,한발 무게*횟수,app/src/main/assets/metadata/canonical_v1/exercise_bootstrap.csv,6,,,ADD,CommonUi.kt
EXERCISE_MODE,한발 횟수,app/src/main/assets/metadata/canonical_v1/exercise_bootstrap.csv,2,,,ADD,CommonUi.kt
EXERCISE_MODE,한팔 무게*횟수,app/src/main/assets/metadata/canonical_v1/exercise_bootstrap.csv,23,,,ADD,CommonUi.kt
EXERCISE_MODE,한팔 횟수,app/src/main/assets/metadata/canonical_v1/exercise_bootstrap.csv,3,,,ADD,CommonUi.kt
EXERCISE_MODE,횟수,app/src/main/assets/metadata/canonical_v1/exercise_bootstrap.csv,33,,,ADD,CommonUi.kt
EXERCISE_MODE,횟수 또는 무게*횟수,app/src/main/assets/metadata/canonical_v1/exercise_bootstrap.csv,5,,,ADD,CommonUi.kt
EXERCISE_MODE,횟수 또는 시간,app/src/main/assets/metadata/canonical_v1/exercise_bootstrap.csv,8,,,ADD,CommonUi.kt
EXERCISE_MODE,횟수 또는 중량,app/src/main/assets/metadata/canonical_v1/exercise_bootstrap.csv,1,,,ADD,CommonUi.kt
FINAL_SOURCE_STATUS,SOURCE_ACCEPTED,app/src/main/assets/metadata/canonical_v1,1,근거 사용 가능,Source accepted,RETAIN,
FINAL_SOURCE_STATUS,SOURCE_ACCEPTED_WITH_LIMITATION,app/src/main/assets/metadata/canonical_v1,1,제한 조건과 함께 근거 사용,Source accepted with limitations,RETAIN,
FORCE_TYPE,ACCELERATE,app/src/main/assets/metadata/canonical_v1,31,Accelerate,Accelerate,REVISE,
FORCE_TYPE,BRACE,app/src/main/assets/metadata/canonical_v1,93,Brace,Brace,REVISE,
FORCE_TYPE,CARRY,app/src/main/assets/metadata/canonical_v1,3,캐리,Carry,RETAIN,
FORCE_TYPE,DECELERATE,app/src/main/assets/metadata/canonical_v1,8,Decelerate,Decelerate,REVISE,
FORCE_TYPE,HINGE,app/src/main/assets/metadata/canonical_v1,13,힌지,Hinge,RETAIN,
FORCE_TYPE,LAND,app/src/main/assets/metadata/canonical_v1,9,Land,Land,REVISE,
FORCE_TYPE,PULL,app/src/main/assets/metadata/canonical_v1,29,당기기,Pull,RETAIN,
FORCE_TYPE,PUSH,app/src/main/assets/metadata/canonical_v1,24,밀기,Push,RETAIN,
FORCE_TYPE,ROTATE,app/src/main/assets/metadata/canonical_v1,17,Rotate,Rotate,REVISE,
FORCE_TYPE,SQUAT,app/src/main/assets/metadata/canonical_v1,30,스쿼트,Squat,RETAIN,
JOINT_ACTION,ANKLE_DORSIFLEXION,app/src/main/assets/metadata/canonical_v1,40,,,ADD,
JOINT_ACTION,ANKLE_PLANTARFLEXION,app/src/main/assets/metadata/canonical_v1,40,,,ADD,
JOINT_ACTION,ELBOW_EXTENSION,app/src/main/assets/metadata/canonical_v1,86,,,ADD,
JOINT_ACTION,ELBOW_FLEXION,app/src/main/assets/metadata/canonical_v1,86,,,ADD,
JOINT_ACTION,FOREARM_PRONATION,app/src/main/assets/metadata/canonical_v1,2,,,ADD,
JOINT_ACTION,FOREARM_SUPINATION,app/src/main/assets/metadata/canonical_v1,2,,,ADD,
JOINT_ACTION,HIP_ABDUCTION,app/src/main/assets/metadata/canonical_v1,4,,,ADD,
JOINT_ACTION,HIP_ADDUCTION,app/src/main/assets/metadata/canonical_v1,4,,,ADD,
JOINT_ACTION,HIP_EXTENSION,app/src/main/assets/metadata/canonical_v1,54,,,ADD,
JOINT_ACTION,HIP_EXTERNAL_ROTATION,app/src/main/assets/metadata/canonical_v1,16,,,ADD,
JOINT_ACTION,HIP_FLEXION,app/src/main/assets/metadata/canonical_v1,54,,,ADD,
JOINT_ACTION,HIP_INTERNAL_ROTATION,app/src/main/assets/metadata/canonical_v1,16,,,ADD,
JOINT_ACTION,KNEE_EXTENSION,app/src/main/assets/metadata/canonical_v1,46,,,ADD,
JOINT_ACTION,KNEE_FLEXION,app/src/main/assets/metadata/canonical_v1,46,,,ADD,
JOINT_ACTION,LUMBAR_EXTENSION,app/src/main/assets/metadata/canonical_v1,5,,,ADD,
JOINT_ACTION,LUMBAR_FLEXION,app/src/main/assets/metadata/canonical_v1,5,,,ADD,
JOINT_ACTION,SCAPULAR_DEPRESSION,app/src/main/assets/metadata/canonical_v1,8,,,ADD,
JOINT_ACTION,SCAPULAR_DOWNWARD_ROTATION,app/src/main/assets/metadata/canonical_v1,15,,,ADD,
JOINT_ACTION,SCAPULAR_ELEVATION,app/src/main/assets/metadata/canonical_v1,8,,,ADD,
JOINT_ACTION,SCAPULAR_PROTRACTION,app/src/main/assets/metadata/canonical_v1,21,,,ADD,
JOINT_ACTION,SCAPULAR_RETRACTION,app/src/main/assets/metadata/canonical_v1,21,,,ADD,
JOINT_ACTION,SCAPULAR_UPWARD_ROTATION,app/src/main/assets/metadata/canonical_v1,15,,,ADD,
JOINT_ACTION,SHOULDER_ABDUCTION,app/src/main/assets/metadata/canonical_v1,12,,,ADD,
JOINT_ACTION,SHOULDER_ADDUCTION,app/src/main/assets/metadata/canonical_v1,12,,,ADD,
JOINT_ACTION,SHOULDER_EXTENSION,app/src/main/assets/metadata/canonical_v1,47,,,ADD,
JOINT_ACTION,SHOULDER_EXTERNAL_ROTATION,app/src/main/assets/metadata/canonical_v1,3,,,ADD,
JOINT_ACTION,SHOULDER_FLEXION,app/src/main/assets/metadata/canonical_v1,47,,,ADD,
JOINT_ACTION,SHOULDER_HORIZONTAL_ABDUCTION,app/src/main/assets/metadata/canonical_v1,24,,,ADD,
JOINT_ACTION,SHOULDER_HORIZONTAL_ADDUCTION,app/src/main/assets/metadata/canonical_v1,24,,,ADD,
JOINT_ACTION,SHOULDER_INTERNAL_ROTATION,app/src/main/assets/metadata/canonical_v1,4,,,ADD,
JOINT_ACTION,THORACIC_EXTENSION,app/src/main/assets/metadata/canonical_v1,5,,,ADD,
JOINT_ACTION,THORACIC_FLEXION,app/src/main/assets/metadata/canonical_v1,5,,,ADD,
JOINT_ACTION,THORACIC_ROTATION,app/src/main/assets/metadata/canonical_v1,17,,,ADD,
JOINT_ACTION,WRIST_EXTENSION,app/src/main/assets/metadata/canonical_v1,4,,,ADD,
JOINT_ACTION,WRIST_FLEXION,app/src/main/assets/metadata/canonical_v1,4,,,ADD,
JOINT_COMPLEX,jc_ankle_hindfoot,app/src/main/assets/metadata/tissue_load_v1/tissue_rcv_joint_complexes_v1.csv,1,,,ADD,
JOINT_COMPLEX,jc_cervical_spine,app/src/main/assets/metadata/tissue_load_v1/tissue_rcv_joint_complexes_v1.csv,1,,,ADD,
JOINT_COMPLEX,jc_elbow_flexion_extension,app/src/main/assets/metadata/tissue_load_v1/tissue_rcv_joint_complexes_v1.csv,1,,,ADD,
JOINT_COMPLEX,jc_foot_mid_forefoot,app/src/main/assets/metadata/tissue_load_v1/tissue_rcv_joint_complexes_v1.csv,1,,,ADD,
JOINT_COMPLEX,jc_forearm_radioulnar,app/src/main/assets/metadata/tissue_load_v1/tissue_rcv_joint_complexes_v1.csv,1,,,ADD,
JOINT_COMPLEX,jc_hand_grip,app/src/main/assets/metadata/tissue_load_v1/tissue_rcv_joint_complexes_v1.csv,1,,,ADD,
JOINT_COMPLEX,jc_hip,app/src/main/assets/metadata/tissue_load_v1/tissue_rcv_joint_complexes_v1.csv,1,,,ADD,
JOINT_COMPLEX,jc_knee_patellofemoral,app/src/main/assets/metadata/tissue_load_v1/tissue_rcv_joint_complexes_v1.csv,1,,,ADD,
JOINT_COMPLEX,jc_knee_tibiofemoral,app/src/main/assets/metadata/tissue_load_v1/tissue_rcv_joint_complexes_v1.csv,1,,,ADD,
JOINT_COMPLEX,jc_lumbar_spine,app/src/main/assets/metadata/tissue_load_v1/tissue_rcv_joint_complexes_v1.csv,1,,,ADD,
JOINT_COMPLEX,jc_pelvic_ring_sacroiliac,app/src/main/assets/metadata/tissue_load_v1/tissue_rcv_joint_complexes_v1.csv,1,,,ADD,
JOINT_COMPLEX,jc_shoulder_glenohumeral,app/src/main/assets/metadata/tissue_load_v1/tissue_rcv_joint_complexes_v1.csv,1,,,ADD,
JOINT_COMPLEX,jc_shoulder_scapuloclavicular,app/src/main/assets/metadata/tissue_load_v1/tissue_rcv_joint_complexes_v1.csv,1,,,ADD,
JOINT_COMPLEX,jc_thoracic_spine_ribcage,app/src/main/assets/metadata/tissue_load_v1/tissue_rcv_joint_complexes_v1.csv,1,,,ADD,
JOINT_COMPLEX,jc_wrist_carpal,app/src/main/assets/metadata/tissue_load_v1/tissue_rcv_joint_complexes_v1.csv,1,,,ADD,
JOINT_IMPACT,COURT_DECELERATION_IMPACT,app/src/main/assets/metadata/canonical_v1,1,코트 감속 충격,Court deceleration impact,RETAIN,
JOINT_IMPACT,DECELERATION_IMPACT,app/src/main/assets/metadata/canonical_v1,1,감속 충격,Deceleration impact,RETAIN,
JOINT_IMPACT,DIRECTION_CHANGE_IMPACT_STRESS,app/src/main/assets/metadata/canonical_v1,1,방향 Change 충격 스트레스,Direction change impact stress,REVISE,
JOINT_IMPACT,HIGH_AMPLITUDE_JUMP_LANDING_STRESS,app/src/main/assets/metadata/canonical_v1,1,High Amplitude 점프 착지 스트레스,High amplitude jump landing stress,REVISE,
JOINT_IMPACT,JUMP_LANDING_IMPACT_STRESS,app/src/main/assets/metadata/canonical_v1,1,점프 착지 충격 스트레스,Jump landing impact stress,RETAIN,
JOINT_IMPACT,LOW_LEVEL_REACTIVE_IMPACT,app/src/main/assets/metadata/canonical_v1,1,Low Level 반응성 충격,Low level reactive impact,REVISE,
JOINT_IMPACT,NONE,app/src/main/assets/metadata/canonical_v1,0,없음,None,RETAINED_SEARCH_ONLY,
JOINT_IMPACT,REPEATED_LOW_AMPLITUDE_IMPACT_STRESS,app/src/main/assets/metadata/canonical_v1,1,Repeated Low Amplitude 충격 스트레스,Repeated low amplitude impact stress,REVISE,
JOINT_IMPACT,REPETITIVE_LOCOMOTION_IMPACT,app/src/main/assets/metadata/canonical_v1,1,Repetitive Locomotion 충격,Repetitive locomotion impact,REVISE,
JOINT_TENDON_IMPACT_STRESS,HIGH,app/src/main/assets/metadata/canonical_v1,1,높음,High,RETAIN,
JOINT_TENDON_IMPACT_STRESS,LOW,app/src/main/assets/metadata/canonical_v1,1,낮음,Low,RETAIN,
JOINT_TENDON_IMPACT_STRESS,MODERATE,app/src/main/assets/metadata/canonical_v1,1,보통,Moderate,RETAIN,
JOINT_TENDON_IMPACT_STRESS,VERY_HIGH,app/src/main/assets/metadata/canonical_v1,1,매우 높음,Very high,RETAIN,
KINETIC_CHAIN,CLOSED_CHAIN,app/src/main/assets/metadata/canonical_v1,71,,,ADD,
KINETIC_CHAIN,OPEN_CHAIN,app/src/main/assets/metadata/canonical_v1,94,,,ADD,
LATERALITY,ALTERNATING,app/src/main/assets/metadata/canonical_v1,1,Alternating,Alternating,REVISE,
LATERALITY,ASYMMETRIC,app/src/main/assets/metadata/canonical_v1,1,Asymmetric,Asymmetric,REVISE,
LATERALITY,BILATERAL,app/src/main/assets/metadata/canonical_v1,149,Bilateral,Bilateral,REVISE,
LATERALITY,UNILATERAL,app/src/main/assets/metadata/canonical_v1,108,편측,Unilateral,RETAIN,
LIGAMENT_JOINT_STABILITY,ANKLE_ACHILLES,app/src/main/assets/metadata/canonical_v1,0,발목 아킬레스,Ankle achilles,RETAINED_SEARCH_ONLY,
LIGAMENT_JOINT_STABILITY,ANKLE_EVERSION_CONTROL_STRESS,app/src/main/assets/metadata/canonical_v1,1,발목 Eversion 제어 스트레스,Ankle eversion control stress,REVISE,
LIGAMENT_JOINT_STABILITY,ANKLE_INVERSION_LIGAMENT_STRESS,app/src/main/assets/metadata/canonical_v1,1,발목 Inversion 인대 스트레스,Ankle inversion ligament stress,REVISE,
LIGAMENT_JOINT_STABILITY,ANKLE_STABILITY_STRESS,app/src/main/assets/metadata/canonical_v1,1,발목 안정성 스트레스,Ankle stability stress,RETAIN,
LIGAMENT_JOINT_STABILITY,ELBOW,app/src/main/assets/metadata/canonical_v1,0,팔꿈치,Elbow,RETAINED_SEARCH_ONLY,
LIGAMENT_JOINT_STABILITY,ELBOW_JOINT_STRESS,app/src/main/assets/metadata/canonical_v1,1,팔꿈치 관절 스트레스,Elbow joint stress,RETAIN,
LIGAMENT_JOINT_STABILITY,HIP,app/src/main/assets/metadata/canonical_v1,0,고관절,Hip,RETAINED_SEARCH_ONLY,
LIGAMENT_JOINT_STABILITY,HIP_PELVIS_STABILITY_STRESS,app/src/main/assets/metadata/canonical_v1,1,고관절 Pelvis 안정성 스트레스,Hip pelvis stability stress,REVISE,
LIGAMENT_JOINT_STABILITY,HIP_ROTATIONAL_CONTROL_STRESS,app/src/main/assets/metadata/canonical_v1,1,고관절 회전 제어 스트레스,Hip rotational control stress,RETAIN,
LIGAMENT_JOINT_STABILITY,JOINT_RANGE_CONTROL_STRESS,app/src/main/assets/metadata/canonical_v1,1,관절 Range 제어 스트레스,Joint range control stress,REVISE,
LIGAMENT_JOINT_STABILITY,KNEE,app/src/main/assets/metadata/canonical_v1,0,무릎,Knee,RETAINED_SEARCH_ONLY,
LIGAMENT_JOINT_STABILITY,KNEE_ANKLE_STABILITY_STRESS,app/src/main/assets/metadata/canonical_v1,1,무릎 발목 안정성 스트레스,Knee ankle stability stress,RETAIN,
LIGAMENT_JOINT_STABILITY,KNEE_HIP_STABILITY_STRESS,app/src/main/assets/metadata/canonical_v1,1,무릎 고관절 안정성 스트레스,Knee hip stability stress,RETAIN,
LIGAMENT_JOINT_STABILITY,KNEE_JOINT_STRESS,app/src/main/assets/metadata/canonical_v1,1,무릎 관절 스트레스,Knee joint stress,RETAIN,
LIGAMENT_JOINT_STABILITY,KNEE_ROTATIONAL_STABILITY_STRESS,app/src/main/assets/metadata/canonical_v1,1,무릎 회전 안정성 스트레스,Knee rotational stability stress,RETAIN,
LIGAMENT_JOINT_STABILITY,KNEE_STABILITY_STRESS,app/src/main/assets/metadata/canonical_v1,1,무릎 안정성 스트레스,Knee stability stress,RETAIN,
LIGAMENT_JOINT_STABILITY,KNEE_VALGUS_CONTROL_STRESS,app/src/main/assets/metadata/canonical_v1,1,무릎 Valgus 제어 스트레스,Knee valgus control stress,REVISE,
LIGAMENT_JOINT_STABILITY,LOW_BACK,app/src/main/assets/metadata/canonical_v1,0,Low 등,Low back,RETAINED_SEARCH_ONLY,
LIGAMENT_JOINT_STABILITY,LUMBOPELVIC_CONTROL_STRESS,app/src/main/assets/metadata/canonical_v1,1,요골반 제어 스트레스,Lumbopelvic control stress,RETAIN,
LIGAMENT_JOINT_STABILITY,NONE,app/src/main/assets/metadata/canonical_v1,0,없음,None,RETAINED_SEARCH_ONLY,
LIGAMENT_JOINT_STABILITY,SHOULDER,app/src/main/assets/metadata/canonical_v1,0,어깨,Shoulder,RETAINED_SEARCH_ONLY,
LIGAMENT_JOINT_STABILITY,SHOULDER_EXTENSION_STABILITY_STRESS,app/src/main/assets/metadata/canonical_v1,1,어깨 신전 안정성 스트레스,Shoulder extension stability stress,RETAIN,
LIGAMENT_JOINT_STABILITY,SHOULDER_JOINT_STABILITY_STRESS,app/src/main/assets/metadata/canonical_v1,1,어깨 관절 안정성 스트레스,Shoulder joint stability stress,RETAIN,
LIGAMENT_JOINT_STABILITY,SHOULDER_SCAPULAR_STABILITY_STRESS,app/src/main/assets/metadata/canonical_v1,1,어깨 견갑 안정성 스트레스,Shoulder scapular stability stress,RETAIN,
LIGAMENT_JOINT_STABILITY,WRIST,app/src/main/assets/metadata/canonical_v1,0,손목,Wrist,RETAINED_SEARCH_ONLY,
LIGAMENT_JOINT_STABILITY,WRIST_STABILITY_STRESS,app/src/main/assets/metadata/canonical_v1,1,손목 안정성 스트레스,Wrist stability stress,RETAIN,
LIGAMENT_JOINT_STABILITY,WRIST_SUPPORT_STRESS,app/src/main/assets/metadata/canonical_v1,1,손목 보조 스트레스,Wrist support stress,RETAIN,
LOAD_PROFILE,HIGH_AXIAL_LOAD,app/src/main/assets/metadata/canonical_v1,36,,,ADD,
LOAD_PROFILE,LOW_LOAD,app/src/main/assets/metadata/canonical_v1,7,,,ADD,
LOAD_PROFILE,LUMBAR_STRESS_HIGH,app/src/main/assets/metadata/canonical_v1,16,,,ADD,
LOAD_PROFILE,MODERATE_LOAD,app/src/main/assets/metadata/canonical_v1,122,,,ADD,
LOAD_PROFILE,PLYOMETRIC_JUMP,app/src/main/assets/metadata/canonical_v1,15,,,ADD,
LOAD_PROFILE,SHOULDER_STRESS_LOW,app/src/main/assets/metadata/canonical_v1,47,,,ADD,
LOAD_PROFILE,SINGLE_LEG_BALANCE_DEMAND,app/src/main/assets/metadata/canonical_v1,15,,,ADD,
LOCAL_MUSCULAR_STRESS,HIGH,app/src/main/assets/metadata/canonical_v1,1,높음,High,RETAIN,
LOCAL_MUSCULAR_STRESS,LOW,app/src/main/assets/metadata/canonical_v1,1,낮음,Low,RETAIN,
LOCAL_MUSCULAR_STRESS,MODERATE,app/src/main/assets/metadata/canonical_v1,1,보통,Moderate,RETAIN,
LOCAL_MUSCULAR_STRESS,VERY_HIGH,app/src/main/assets/metadata/canonical_v1,1,매우 높음,Very high,RETAIN,
METADATA_CONFIDENCE,HIGH,app/src/main/assets/metadata/canonical_v1,1,높음,High,RETAIN,
METADATA_CONFIDENCE,LOW,app/src/main/assets/metadata/canonical_v1,1,낮음,Low,RETAIN,
METADATA_CONFIDENCE,MEDIUM,app/src/main/assets/metadata/canonical_v1,1,보통,Medium,RETAIN,
METADATA_CONFIDENCE,NEEDS_REVIEW,app/src/main/assets/metadata/canonical_v1,1,검토 필요,Needs review,RETAIN,
METADATA_CONFIDENCE,UNKNOWN,app/src/main/assets/metadata/canonical_v1,1,확인되지 않음,Unknown,RETAIN,
MOBILITY_DEMAND,HIGH,app/src/main/assets/metadata/canonical_v1,23,,,ADD,
MOBILITY_DEMAND,LOW,app/src/main/assets/metadata/canonical_v1,286,,,ADD,
MOBILITY_DEMAND,MODERATE,app/src/main/assets/metadata/canonical_v1,189,,,ADD,
MOVEMENT_CATEGORY,CONDITIONING,app/src/main/assets/metadata/canonical_v1,8,컨디셔닝,Conditioning,RETAIN,
MOVEMENT_CATEGORY,HYPERTROPHY,app/src/main/assets/metadata/canonical_v1,69,근비대,Hypertrophy,RETAIN,
MOVEMENT_CATEGORY,MOBILITY,app/src/main/assets/metadata/canonical_v1,3,가동성,Mobility,RETAIN,
MOVEMENT_CATEGORY,PLYOMETRIC,app/src/main/assets/metadata/canonical_v1,17,플라이오메트릭,Plyometric,RETAIN,
MOVEMENT_CATEGORY,POWER,app/src/main/assets/metadata/canonical_v1,12,파워,Power,RETAIN,
MOVEMENT_CATEGORY,PREHAB,app/src/main/assets/metadata/canonical_v1,2,프리햅,Prehab,RETAIN,
MOVEMENT_CATEGORY,REACTIVE,app/src/main/assets/metadata/canonical_v1,19,반응성,Reactive,RETAIN,
MOVEMENT_CATEGORY,RECOVERY,app/src/main/assets/metadata/canonical_v1,1,회복,Recovery,RETAIN,
MOVEMENT_CATEGORY,SKILL_DRILL,app/src/main/assets/metadata/canonical_v1,5,기술 Drill,Skill drill,REVISE,
MOVEMENT_CATEGORY,SPEED,app/src/main/assets/metadata/canonical_v1,4,속도,Speed,RETAIN,
MOVEMENT_CATEGORY,STABILITY,app/src/main/assets/metadata/canonical_v1,40,안정성,Stability,RETAIN,
MOVEMENT_CATEGORY,STRENGTH,app/src/main/assets/metadata/canonical_v1,78,근력,Strength,RETAIN,
MOVEMENT_CATEGORY,TEST,app/src/main/assets/metadata/canonical_v1,1,테스트,Test,RETAIN,
MOVEMENT_EVENT,ACCELERATION,app/src/main/assets/metadata/canonical_v1,17,,,ADD,
MOVEMENT_EVENT,CHANGE_OF_DIRECTION,app/src/main/assets/metadata/canonical_v1,17,,,ADD,
MOVEMENT_EVENT,DECELERATION,app/src/main/assets/metadata/canonical_v1,19,,,ADD,
MOVEMENT_EVENT,LANDING,app/src/main/assets/metadata/canonical_v1,15,,,ADD,
MOVEMENT_EVENT,REBOUND,app/src/main/assets/metadata/canonical_v1,9,,,ADD,
MOVEMENT_EVENT,RELEASE,app/src/main/assets/metadata/canonical_v1,7,,,ADD,
MOVEMENT_EVENT,STABILIZATION,app/src/main/assets/metadata/canonical_v1,3,,,ADD,
MOVEMENT_EVENT,TAKEOFF,app/src/main/assets/metadata/canonical_v1,15,,,ADD,
MOVEMENT_FAMILY,ACCESSORY_ROTATION,app/src/main/assets/metadata/canonical_v1,1,보조 회전,Accessory rotation,RETAIN,
MOVEMENT_FAMILY,ANKLE_STIFFNESS_SSC_CONDITIONING,app/src/main/assets/metadata/canonical_v1,3,발목 강성 SSC 컨디셔닝,Ankle stiffness SSC conditioning,RETAIN,
MOVEMENT_FAMILY,ANTI_ROTATION,app/src/main/assets/metadata/canonical_v1,0,항 회전,Anti rotation,RETAINED_SEARCH_ONLY,
MOVEMENT_FAMILY,ANTI_ROTATION_ANTI_EXTENSION_CORE,app/src/main/assets/metadata/canonical_v1,6,항 회전 항 신전 코어,Anti rotation anti extension core,RETAIN,
MOVEMENT_FAMILY,ANTI_ROTATION_ANTI_EXTENSION_CORE_VARIANTS,app/src/main/assets/metadata/canonical_v1,2,항 회전 항 신전 코어 Variants,Anti rotation anti extension core variants,REVISE,
MOVEMENT_FAMILY,ATHLETIC_OVERHEAD_PRESS_SUPPORT,app/src/main/assets/metadata/canonical_v1,1,Athletic 머리 위 프레스 보조,Athletic overhead press support,REVISE,
MOVEMENT_FAMILY,BADMINTON_DECEL_COD,app/src/main/assets/metadata/canonical_v1,1,배드민턴 Decel COD,Badminton decel COD,REVISE,
MOVEMENT_FAMILY,BADMINTON_FOOTWORK_REACTION,app/src/main/assets/metadata/canonical_v1,1,배드민턴 풋워크 반응,Badminton footwork reaction,RETAIN,
MOVEMENT_FAMILY,BADMINTON_OVERHEAD_POWER_TEST,app/src/main/assets/metadata/canonical_v1,1,배드민턴 머리 위 파워 테스트,Badminton overhead power test,RETAIN,
MOVEMENT_FAMILY,BADMINTON_REACTIVE_LUNGE_FOOTWORK,app/src/main/assets/metadata/canonical_v1,1,배드민턴 반응성 런지 풋워크,Badminton reactive lunge footwork,RETAIN,
MOVEMENT_FAMILY,BADMINTON_SESSION_SPORT_RECORDS,app/src/main/assets/metadata/canonical_v1,2,배드민턴 Session 스포츠 Records,Badminton session sport records,REVISE,
MOVEMENT_FAMILY,BALLISTIC_HINGE_POWER,app/src/main/assets/metadata/canonical_v1,1,탄도성 힌지 파워,Ballistic hinge power,RETAIN,
MOVEMENT_FAMILY,BENCH_PRESS_DUMBBELL_PRESS_MACHINE_PRESS_VARIANTS,app/src/main/assets/metadata/canonical_v1,7,벤치 프레스 Dumbbell 프레스 머신 프레스 Variants,Bench press dumbbell press machine press variants,REVISE,
MOVEMENT_FAMILY,BODYWEIGHT_CONDITIONING_CORE,app/src/main/assets/metadata/canonical_v1,1,맨몸 컨디셔닝 코어,Bodyweight conditioning core,RETAIN,
MOVEMENT_FAMILY,BODYWEIGHT_CONDITIONING_POWER,app/src/main/assets/metadata/canonical_v1,1,맨몸 컨디셔닝 파워,Bodyweight conditioning power,RETAIN,
MOVEMENT_FAMILY,BODYWEIGHT_VERTICAL_PUSH_VARIANTS,app/src/main/assets/metadata/canonical_v1,2,맨몸 수직 밀기 Variants,Bodyweight vertical push variants,REVISE,
MOVEMENT_FAMILY,BOUND,app/src/main/assets/metadata/canonical_v1,0,Bound,Bound,RETAINED_SEARCH_ONLY,
MOVEMENT_FAMILY,CALF_ANKLE_CAPACITY,app/src/main/assets/metadata/canonical_v1,1,종아리 발목 Capacity,Calf ankle capacity,REVISE,
MOVEMENT_FAMILY,CALF_RAISE_ANKLE_STIFFNESS_VARIANTS,app/src/main/assets/metadata/canonical_v1,5,종아리 Raise 발목 강성 Variants,Calf raise ankle stiffness variants,REVISE,
MOVEMENT_FAMILY,CARDIO_RECORDS,app/src/main/assets/metadata/canonical_v1,6,유산소 Records,Cardio records,REVISE,
MOVEMENT_FAMILY,CARRY,app/src/main/assets/metadata/canonical_v1,0,캐리,Carry,RETAINED_SEARCH_ONLY,
MOVEMENT_FAMILY,CHEST_ISOLATION,app/src/main/assets/metadata/canonical_v1,4,가슴 고립,Chest isolation,RETAIN,
MOVEMENT_FAMILY,CORE_FLEXION_ANTERIOR_CORE,app/src/main/assets/metadata/canonical_v1,3,코어 굴곡 전면 코어,Core flexion anterior core,RETAIN,
MOVEMENT_FAMILY,DEADLIFT_HINGE_VARIANTS,app/src/main/assets/metadata/canonical_v1,7,Deadlift 힌지 Variants,Deadlift hinge variants,REVISE,
MOVEMENT_FAMILY,DIP_COMPOUND_PUSH_VARIANTS,app/src/main/assets/metadata/canonical_v1,1,Dip 복합 밀기 Variants,Dip compound push variants,REVISE,
MOVEMENT_FAMILY,DIP_TRICEPS_PUSH,app/src/main/assets/metadata/canonical_v1,1,Dip 삼두근 밀기,Dip triceps push,REVISE,
MOVEMENT_FAMILY,ELBOW_EXTENSION_TRICEPS_ISOLATION_VARIANTS,app/src/main/assets/metadata/canonical_v1,6,팔꿈치 신전 삼두근 고립 Variants,Elbow extension triceps isolation variants,REVISE,
MOVEMENT_FAMILY,ELBOW_FLEXION_BICEPS_CURL_VARIANTS,app/src/main/assets/metadata/canonical_v1,11,팔꿈치 굴곡 이두근 Curl Variants,Elbow flexion biceps curl variants,REVISE,
MOVEMENT_FAMILY,ELBOW_FLEXION_BRACHIALIS_BRACHIORADIALIS_VARIANTS,app/src/main/assets/metadata/canonical_v1,6,팔꿈치 굴곡 Brachialis Brachioradialis Variants,Elbow flexion brachialis brachioradialis variants,REVISE,
MOVEMENT_FAMILY,EXTERNAL_ROTATION_INTERNAL_ROTATION_VARIANTS,app/src/main/assets/metadata/canonical_v1,1,External 회전 Internal 회전 Variants,External rotation internal rotation variants,REVISE,
MOVEMENT_FAMILY,FOOTWORK,app/src/main/assets/metadata/canonical_v1,0,풋워크,Footwork,RETAINED_SEARCH_ONLY,
MOVEMENT_FAMILY,FOOTWORK_SPLIT_STEP_REACTION_DRILL_VARIANTS,app/src/main/assets/metadata/canonical_v1,17,풋워크 Split Step 반응 Drill Variants,Footwork split step reaction drill variants,REVISE,
MOVEMENT_FAMILY,FOREARM_GRIP_ACCESSORY,app/src/main/assets/metadata/canonical_v1,5,전완 그립 보조,Forearm grip accessory,RETAIN,
MOVEMENT_FAMILY,FOREARM_GRIP_ELBOW_SUPPORT,app/src/main/assets/metadata/canonical_v1,1,전완 그립 팔꿈치 보조,Forearm grip elbow support,RETAIN,
MOVEMENT_FAMILY,GLUTE_ISOLATION_ACCESSORY,app/src/main/assets/metadata/canonical_v1,1,둔근 고립 보조,Glute isolation accessory,RETAIN,
MOVEMENT_FAMILY,HALF_KNEELING_UNILATERAL_SHOULDER_PRESS_VARIANTS,app/src/main/assets/metadata/canonical_v1,2,Half Kneeling 편측 어깨 프레스 Variants,Half kneeling unilateral shoulder press variants,REVISE,
MOVEMENT_FAMILY,HAMSTRING_CURL_VARIANTS,app/src/main/assets/metadata/canonical_v1,3,햄스트링 Curl Variants,Hamstring curl variants,REVISE,
MOVEMENT_FAMILY,HINGE,app/src/main/assets/metadata/canonical_v1,0,힌지,Hinge,RETAINED_SEARCH_ONLY,
MOVEMENT_FAMILY,HIP_ABDUCTION_GLUTE_MED_ACCESSORY,app/src/main/assets/metadata/canonical_v1,2,고관절 Abduction 둔근 Med 보조,Hip abduction glute med accessory,REVISE,
MOVEMENT_FAMILY,HIP_ADDUCTION_ACCESSORY,app/src/main/assets/metadata/canonical_v1,2,고관절 Adduction 보조,Hip adduction accessory,REVISE,
MOVEMENT_FAMILY,HIP_HINGE_POSTERIOR_CHAIN,app/src/main/assets/metadata/canonical_v1,1,고관절 힌지 후면 운동사슬,Hip hinge posterior chain,RETAIN,
MOVEMENT_FAMILY,HIP_THRUST_GLUTE_BRIDGE_VARIANTS,app/src/main/assets/metadata/canonical_v1,3,고관절 Thrust 둔근 Bridge Variants,Hip thrust glute bridge variants,REVISE,
MOVEMENT_FAMILY,HOP,app/src/main/assets/metadata/canonical_v1,0,Hop,Hop,RETAINED_SEARCH_ONLY,
MOVEMENT_FAMILY,ISOLATION,app/src/main/assets/metadata/canonical_v1,0,고립,Isolation,RETAINED_SEARCH_ONLY,
MOVEMENT_FAMILY,JUMP,app/src/main/assets/metadata/canonical_v1,0,점프,Jump,RETAINED_SEARCH_ONLY,
MOVEMENT_FAMILY,JUMP_LUNGE_PLYOMETRIC,app/src/main/assets/metadata/canonical_v1,1,점프 런지 플라이오메트릭,Jump lunge plyometric,RETAIN,
MOVEMENT_FAMILY,KNEE_DOMINANT_ISOMETRIC,app/src/main/assets/metadata/canonical_v1,1,무릎 Dominant 등척성,Knee dominant isometric,REVISE,
MOVEMENT_FAMILY,KNEE_EXTENSION_QUAD_ISOLATION,app/src/main/assets/metadata/canonical_v1,2,무릎 신전 대퇴사두근 고립,Knee extension quad isolation,RETAIN,
MOVEMENT_FAMILY,LATERAL_BOUND_CONTINUOUS_VARIANTS,app/src/main/assets/metadata/canonical_v1,1,측면 Bound Continuous Variants,Lateral bound continuous variants,REVISE,
MOVEMENT_FAMILY,LATERAL_BOUND_LANDING_DECELERATION_VARIANTS,app/src/main/assets/metadata/canonical_v1,2,측면 Bound 착지 감속 Variants,Lateral bound landing deceleration variants,REVISE,
MOVEMENT_FAMILY,LATERAL_RAISE_DELTOID_ISOLATION_VARIANTS,app/src/main/assets/metadata/canonical_v1,4,측면 Raise Deltoid 고립 Variants,Lateral raise deltoid isolation variants,REVISE,
MOVEMENT_FAMILY,LAT_STRAIGHT_ARM_PULLDOWN_OR_PULLOVER_ACCESSORY,app/src/main/assets/metadata/canonical_v1,2,Lat Straight 팔 Pulldown Or Pullover 보조,Lat straight arm pulldown or pullover accessory,REVISE,
MOVEMENT_FAMILY,LEG_PRESS_KNEE_DOMINANT_MACHINE_VARIANTS,app/src/main/assets/metadata/canonical_v1,2,다리 프레스 무릎 Dominant 머신 Variants,Leg press knee dominant machine variants,REVISE,
MOVEMENT_FAMILY,LOADED_CARRY_VARIANTS,app/src/main/assets/metadata/canonical_v1,2,중량 캐리 Variants,Loaded carry variants,REVISE,
MOVEMENT_FAMILY,LOCOMOTION,app/src/main/assets/metadata/canonical_v1,0,Locomotion,Locomotion,RETAINED_SEARCH_ONLY,
MOVEMENT_FAMILY,LOWER_SQUAT_PATTERN,app/src/main/assets/metadata/canonical_v1,1,하체 스쿼트 패턴,Lower squat pattern,RETAIN,
MOVEMENT_FAMILY,LUNGE,app/src/main/assets/metadata/canonical_v1,0,런지,Lunge,RETAINED_SEARCH_ONLY,
MOVEMENT_FAMILY,LUNGE_SPLIT_SQUAT_VARIANTS,app/src/main/assets/metadata/canonical_v1,8,런지 Split 스쿼트 Variants,Lunge split squat variants,REVISE,
MOVEMENT_FAMILY,MOBILITY,app/src/main/assets/metadata/canonical_v1,0,가동성,Mobility,RETAINED_SEARCH_ONLY,
MOVEMENT_FAMILY,MOBILITY_WARMUP_RECOVERY_EXERCISES,app/src/main/assets/metadata/canonical_v1,2,가동성 Warmup 회복 Exercises,Mobility warmup recovery exercises,REVISE,
MOVEMENT_FAMILY,NORDIC_HAMSTRING_ECCENTRIC,app/src/main/assets/metadata/canonical_v1,1,Nordic 햄스트링 신장성,Nordic hamstring eccentric,REVISE,
MOVEMENT_FAMILY,NOT_APPLICABLE,app/src/main/assets/metadata/canonical_v1,1,해당 없음,Not applicable,RETAIN,
MOVEMENT_FAMILY,OTHER_SPORT_SESSION_RECORDS,app/src/main/assets/metadata/canonical_v1,4,Other 스포츠 Session Records,Other sport session records,REVISE,
MOVEMENT_FAMILY,OVERHEAD_PRESS_VARIANTS,app/src/main/assets/metadata/canonical_v1,7,머리 위 프레스 Variants,Overhead press variants,REVISE,
MOVEMENT_FAMILY,OVERHEAD_SMASH_SUPPORT,app/src/main/assets/metadata/canonical_v1,1,머리 위 Smash 보조,Overhead smash support,REVISE,
MOVEMENT_FAMILY,OVERHEAD_TRICEPS_LONG_HEAD,app/src/main/assets/metadata/canonical_v1,3,머리 위 삼두근 Long Head,Overhead triceps long head,REVISE,
MOVEMENT_FAMILY,PLYOMETRIC_JUMP_VARIANTS,app/src/main/assets/metadata/canonical_v1,3,플라이오메트릭 점프 Variants,Plyometric jump variants,REVISE,
MOVEMENT_FAMILY,POSTERIOR_CHAIN_LOW_LOAD_CONTROL,app/src/main/assets/metadata/canonical_v1,1,후면 운동사슬 Low 부하 제어,Posterior chain low load control,REVISE,
MOVEMENT_FAMILY,POWER_CORE_SHOULDER,app/src/main/assets/metadata/canonical_v1,2,파워 코어 어깨,Power core shoulder,RETAIN,
MOVEMENT_FAMILY,POWER_REACTIVE_LOW_VOLUME,app/src/main/assets/metadata/canonical_v1,1,파워·반응성 저볼륨,Power reactive low volume,RETAIN,
MOVEMENT_FAMILY,PREHAB,app/src/main/assets/metadata/canonical_v1,0,프리햅,Prehab,RETAINED_SEARCH_ONLY,
MOVEMENT_FAMILY,PULLOVER_LAT_CHEST_ACCESSORY,app/src/main/assets/metadata/canonical_v1,1,Pullover Lat 가슴 보조,Pullover lat chest accessory,REVISE,
MOVEMENT_FAMILY,PULL_HORIZONTAL,app/src/main/assets/metadata/canonical_v1,0,당기기 수평,Pull horizontal,RETAINED_SEARCH_ONLY,
MOVEMENT_FAMILY,PULL_UP_CHIN_UP_LAT_PULLDOWN_VARIANTS,app/src/main/assets/metadata/canonical_v1,8,당기기 Up Chin Up Lat Pulldown Variants,Pull up chin up lat pulldown variants,REVISE,
MOVEMENT_FAMILY,PULL_VERTICAL,app/src/main/assets/metadata/canonical_v1,0,당기기 수직,Pull vertical,RETAINED_SEARCH_ONLY,
MOVEMENT_FAMILY,PUSH_HORIZONTAL,app/src/main/assets/metadata/canonical_v1,0,밀기 수평,Push horizontal,RETAINED_SEARCH_ONLY,
MOVEMENT_FAMILY,PUSH_UP_VARIANTS,app/src/main/assets/metadata/canonical_v1,4,밀기 Up Variants,Push up variants,REVISE,
MOVEMENT_FAMILY,PUSH_VERTICAL,app/src/main/assets/metadata/canonical_v1,0,밀기 수직,Push vertical,RETAINED_SEARCH_ONLY,
MOVEMENT_FAMILY,QUAD_ECCENTRIC_KNEE_DOMINANT,app/src/main/assets/metadata/canonical_v1,1,대퇴사두근 신장성 무릎 Dominant,Quad eccentric knee dominant,REVISE,
MOVEMENT_FAMILY,REAR_DELT_FLY_HORIZONTAL_ABDUCTION_VARIANTS,app/src/main/assets/metadata/canonical_v1,4,후면 Delt Fly 수평 Abduction Variants,Rear delt fly horizontal abduction variants,REVISE,
MOVEMENT_FAMILY,RECOVERY_PREHAB_LIGHT,app/src/main/assets/metadata/canonical_v1,1,회복·프리햅 저강도,Recovery prehab light,RETAIN,
MOVEMENT_FAMILY,ROTATION,app/src/main/assets/metadata/canonical_v1,0,회전,Rotation,RETAINED_SEARCH_ONLY,
MOVEMENT_FAMILY,ROTATIONAL_KINETIC_CHAIN,app/src/main/assets/metadata/canonical_v1,15,회전 운동사슬,Rotational kinetic chain,RETAIN,
MOVEMENT_FAMILY,ROW_VARIANTS,app/src/main/assets/metadata/canonical_v1,18,Row Variants,Row variants,REVISE,
MOVEMENT_FAMILY,RUNNING_MECHANICS_SUPPORT,app/src/main/assets/metadata/canonical_v1,6,Running Mechanics 보조,Running mechanics support,REVISE,
MOVEMENT_FAMILY,SCAPULAR_CONTROL_RECOVERY_PREHAB_VARIANTS,app/src/main/assets/metadata/canonical_v1,1,견갑 제어 회복 프리햅 Variants,Scapular control recovery prehab variants,REVISE,
MOVEMENT_FAMILY,SCAPULAR_RETRACTION_EXTERNAL_ROTATION_CONTROL_VARIANTS,app/src/main/assets/metadata/canonical_v1,1,견갑 Retraction External 회전 제어 Variants,Scapular retraction external rotation control variants,REVISE,
MOVEMENT_FAMILY,SCAPULAR_SHOULDER_SUPPORT,app/src/main/assets/metadata/canonical_v1,1,견갑·어깨 보조,Scapular shoulder support,RETAIN,
MOVEMENT_FAMILY,SERRATUS_SCAPULAR_PROTRACTION_CONTROL_VARIANTS,app/src/main/assets/metadata/canonical_v1,1,Serratus 견갑 Protraction 제어 Variants,Serratus scapular protraction control variants,REVISE,
MOVEMENT_FAMILY,SINGLE_LEG_STRENGTH_CONTROL,app/src/main/assets/metadata/canonical_v1,1,한쪽 다리 근력 제어,Single leg strength control,RETAIN,
MOVEMENT_FAMILY,SPRINT_ACCELERATION_CONDITIONING,app/src/main/assets/metadata/canonical_v1,1,Sprint 가속 컨디셔닝,Sprint acceleration conditioning,REVISE,
MOVEMENT_FAMILY,SQUAT,app/src/main/assets/metadata/canonical_v1,0,스쿼트,Squat,RETAINED_SEARCH_ONLY,
MOVEMENT_FAMILY,SQUAT_VARIANTS,app/src/main/assets/metadata/canonical_v1,12,스쿼트 Variants,Squat variants,REVISE,
MOVEMENT_FAMILY,STEP_UP_VARIANTS,app/src/main/assets/metadata/canonical_v1,3,Step Up Variants,Step up variants,REVISE,
MOVEMENT_FAMILY,TRUNK_ANTI_ROTATION_STABILITY,app/src/main/assets/metadata/canonical_v1,2,몸통 항회전 안정성,Trunk anti rotation stability,RETAIN,
MOVEMENT_FAMILY,TURKISH_GETUP_TOTAL_BODY_STABILITY,app/src/main/assets/metadata/canonical_v1,1,Turkish Getup Total 신체 안정성,Turkish getup total body stability,REVISE,
MOVEMENT_FAMILY,UPPER_PULL_ANCHOR,app/src/main/assets/metadata/canonical_v1,1,상체 당기기 Anchor,Upper pull anchor,REVISE,
MOVEMENT_FAMILY,UPPER_PUSH_SUPPORT,app/src/main/assets/metadata/canonical_v1,1,상체 밀기 보조,Upper push support,RETAIN,
MOVEMENT_FOCUS_DEMAND,HIGH,app/src/main/assets/metadata/canonical_v1,1,높음,High,RETAIN,
MOVEMENT_FOCUS_DEMAND,LOW,app/src/main/assets/metadata/canonical_v1,1,낮음,Low,RETAIN,
MOVEMENT_FOCUS_DEMAND,MODERATE,app/src/main/assets/metadata/canonical_v1,1,보통,Moderate,RETAIN,
MOVEMENT_FOCUS_DEMAND,VERY_HIGH,app/src/main/assets/metadata/canonical_v1,1,매우 높음,Very high,RETAIN,
MOVEMENT_PATTERN,ANTI_ROTATION,app/src/main/assets/metadata/canonical_v1,45,항 회전,Anti rotation,RETAIN,
MOVEMENT_PATTERN,BOUND,app/src/main/assets/metadata/canonical_v1,12,Bound,Bound,REVISE,
MOVEMENT_PATTERN,CARRY,app/src/main/assets/metadata/canonical_v1,5,캐리,Carry,RETAIN,
MOVEMENT_PATTERN,FOOTWORK,app/src/main/assets/metadata/canonical_v1,18,풋워크,Footwork,RETAIN,
MOVEMENT_PATTERN,GAIT,app/src/main/assets/metadata/canonical_v1,30,,,ADD,
MOVEMENT_PATTERN,HINGE,app/src/main/assets/metadata/canonical_v1,22,힌지,Hinge,RETAIN,
MOVEMENT_PATTERN,HOP,app/src/main/assets/metadata/canonical_v1,9,Hop,Hop,REVISE,
MOVEMENT_PATTERN,HORIZONTAL_PULL,app/src/main/assets/metadata/canonical_v1,25,,,ADD,
MOVEMENT_PATTERN,HORIZONTAL_PUSH,app/src/main/assets/metadata/canonical_v1,14,,,ADD,
MOVEMENT_PATTERN,ISOLATION,app/src/main/assets/metadata/canonical_v1,43,고립,Isolation,RETAIN,
MOVEMENT_PATTERN,JUMP,app/src/main/assets/metadata/canonical_v1,12,점프,Jump,RETAIN,
MOVEMENT_PATTERN,LOCOMOTION,app/src/main/assets/metadata/canonical_v1,13,Locomotion,Locomotion,REVISE,
MOVEMENT_PATTERN,LUNGE,app/src/main/assets/metadata/canonical_v1,11,런지,Lunge,RETAIN,
MOVEMENT_PATTERN,MOBILITY,app/src/main/assets/metadata/canonical_v1,3,가동성,Mobility,RETAIN,
MOVEMENT_PATTERN,PREHAB,app/src/main/assets/metadata/canonical_v1,1,프리햅,Prehab,RETAIN,
MOVEMENT_PATTERN,PULL_HORIZONTAL,app/src/main/assets/metadata/canonical_v1,23,당기기 수평,Pull horizontal,RETAIN,
MOVEMENT_PATTERN,PULL_VERTICAL,app/src/main/assets/metadata/canonical_v1,1,당기기 수직,Pull vertical,RETAIN,
MOVEMENT_PATTERN,PUSH_HORIZONTAL,app/src/main/assets/metadata/canonical_v1,13,밀기 수평,Push horizontal,RETAIN,
MOVEMENT_PATTERN,PUSH_VERTICAL,app/src/main/assets/metadata/canonical_v1,11,밀기 수직,Push vertical,RETAIN,
MOVEMENT_PATTERN,ROTATION,app/src/main/assets/metadata/canonical_v1,17,회전,Rotation,RETAIN,
MOVEMENT_PATTERN,SHUFFLE_CHASSE,app/src/main/assets/metadata/canonical_v1,3,,,ADD,
MOVEMENT_PATTERN,SQUAT,app/src/main/assets/metadata/canonical_v1,48,스쿼트,Squat,RETAIN,
MOVEMENT_PATTERN,STEP,app/src/main/assets/metadata/canonical_v1,25,,,ADD,
MOVEMENT_PATTERN,STRIKE,app/src/main/assets/metadata/canonical_v1,1,,,ADD,
MOVEMENT_PATTERN,SWING,app/src/main/assets/metadata/canonical_v1,1,,,ADD,
MOVEMENT_PATTERN,THROW,app/src/main/assets/metadata/canonical_v1,7,,,ADD,
MOVEMENT_PATTERN,TRUNK_BRACE,app/src/main/assets/metadata/canonical_v1,13,,,ADD,
MOVEMENT_PATTERN,TRUNK_EXTENSION,app/src/main/assets/metadata/canonical_v1,1,,,ADD,
MOVEMENT_PATTERN,TRUNK_FLEXION,app/src/main/assets/metadata/canonical_v1,4,,,ADD,
MOVEMENT_PATTERN,TRUNK_ROTATION,app/src/main/assets/metadata/canonical_v1,16,,,ADD,
MOVEMENT_PATTERN,VERTICAL_PULL,app/src/main/assets/metadata/canonical_v1,8,,,ADD,
MOVEMENT_PATTERN,VERTICAL_PUSH,app/src/main/assets/metadata/canonical_v1,13,,,ADD,
MOVEMENT_SUBTYPE,AGILITY_LADDER,app/src/main/assets/metadata/canonical_v1,1,애질리티 래더,Agility ladder,RETAIN,
MOVEMENT_SUBTYPE,ANKLE_HIP_MOBILITY,app/src/main/assets/metadata/canonical_v1,1,발목/고관절 가동성,Ankle hip mobility,RETAIN,
MOVEMENT_SUBTYPE,ANKLING,app/src/main/assets/metadata/canonical_v1,1,앙클링,Ankling,RETAIN,
MOVEMENT_SUBTYPE,ANTI_ROTATION,app/src/main/assets/metadata/canonical_v1,0,항 회전,Anti rotation,RETAINED_SEARCH_ONLY,
MOVEMENT_SUBTYPE,ARCHER_PUSH_UP,app/src/main/assets/metadata/canonical_v1,1,아처 푸시업,Archer push up,RETAIN,
MOVEMENT_SUBTYPE,ARNOLD_PRESS,app/src/main/assets/metadata/canonical_v1,1,아놀드 프레스,Arnold press,RETAIN,
MOVEMENT_SUBTYPE,A_SKIP,app/src/main/assets/metadata/canonical_v1,1,A스킵,A skip,RETAIN,
MOVEMENT_SUBTYPE,BACK_SQUAT,app/src/main/assets/metadata/canonical_v1,1,스쿼트,Back squat,RETAIN,
MOVEMENT_SUBTYPE,BADMINTON_LESSON,app/src/main/assets/metadata/canonical_v1,1,배드민턴 레슨,Badminton lesson,RETAIN,
MOVEMENT_SUBTYPE,BADMINTON_OVERHEAD_POWER_TEST,app/src/main/assets/metadata/canonical_v1,1,30초 반복 스매시 테스트,Badminton overhead power test,RETAIN,
MOVEMENT_SUBTYPE,BADMINTON_SESSION,app/src/main/assets/metadata/canonical_v1,1,배드민턴,Badminton session,RETAIN,
MOVEMENT_SUBTYPE,BAND_CHOP,app/src/main/assets/metadata/canonical_v1,1,밴드 우드찹,Band chop,RETAIN,
MOVEMENT_SUBTYPE,BAND_EXTERNAL_ROTATION,app/src/main/assets/metadata/canonical_v1,1,밴드 외회전,Band external rotation,RETAIN,
MOVEMENT_SUBTYPE,BAND_LIFT,app/src/main/assets/metadata/canonical_v1,1,밴드 리프트,Band lift,RETAIN,
MOVEMENT_SUBTYPE,BARBELL_BENCH_PRESS,app/src/main/assets/metadata/canonical_v1,1,벤치프레스,Barbell bench press,RETAIN,
MOVEMENT_SUBTYPE,BARBELL_OVERHEAD_PRESS,app/src/main/assets/metadata/canonical_v1,1,오버헤드 프레스,Barbell overhead press,RETAIN,
MOVEMENT_SUBTYPE,BARBELL_ROMANIAN_DEADLIFT,app/src/main/assets/metadata/canonical_v1,1,루마니안 바벨 데드리프트,Barbell romanian deadlift,RETAIN,
MOVEMENT_SUBTYPE,BARBELL_ROW,app/src/main/assets/metadata/canonical_v1,1,바벨 로우,Barbell row,RETAIN,
MOVEMENT_SUBTYPE,BASKETBALL_SESSION,app/src/main/assets/metadata/canonical_v1,1,농구,Basketball session,RETAIN,
MOVEMENT_SUBTYPE,BENCH_DIP,app/src/main/assets/metadata/canonical_v1,1,벤치 딥스,Bench dip,RETAIN,
MOVEMENT_SUBTYPE,BIRD_DOG,app/src/main/assets/metadata/canonical_v1,1,버드독,Bird dog,RETAIN,
MOVEMENT_SUBTYPE,BODYWEIGHT_SQUAT,app/src/main/assets/metadata/canonical_v1,1,맨몸 스쿼트,Bodyweight squat,RETAIN,
MOVEMENT_SUBTYPE,BOUND,app/src/main/assets/metadata/canonical_v1,0,Bound,Bound,RETAINED_SEARCH_ONLY,
MOVEMENT_SUBTYPE,BOX_JUMP,app/src/main/assets/metadata/canonical_v1,1,박스 점프,Box jump,RETAIN,
MOVEMENT_SUBTYPE,BOX_STEP_UP,app/src/main/assets/metadata/canonical_v1,1,박스 스텝업,Box step up,RETAIN,
MOVEMENT_SUBTYPE,BULGARIAN_SPLIT_SQUAT,app/src/main/assets/metadata/canonical_v1,1,불가리안 스플릿 스쿼트,Bulgarian split squat,RETAIN,
MOVEMENT_SUBTYPE,BURPEE,app/src/main/assets/metadata/canonical_v1,1,버피,Burpee,RETAIN,
MOVEMENT_SUBTYPE,B_SKIP,app/src/main/assets/metadata/canonical_v1,1,B스킵,B skip,RETAIN,
MOVEMENT_SUBTYPE,CABLE_CHOP,app/src/main/assets/metadata/canonical_v1,1,케이블 우드찹,Cable chop,RETAIN,
MOVEMENT_SUBTYPE,CABLE_CURL,app/src/main/assets/metadata/canonical_v1,1,케이블 컬,Cable curl,RETAIN,
MOVEMENT_SUBTYPE,CABLE_FLY,app/src/main/assets/metadata/canonical_v1,1,케이블 플라이,Cable fly,RETAIN,
MOVEMENT_SUBTYPE,CABLE_KICKBACK,app/src/main/assets/metadata/canonical_v1,1,케이블 킥백,Cable kickback,RETAIN,
MOVEMENT_SUBTYPE,CABLE_LATERAL_RAISE,app/src/main/assets/metadata/canonical_v1,1,케이블 래터럴 레이즈,Cable lateral raise,RETAIN,
MOVEMENT_SUBTYPE,CABLE_LIFT,app/src/main/assets/metadata/canonical_v1,1,케이블 리프트,Cable lift,RETAIN,
MOVEMENT_SUBTYPE,CABLE_PULL_THROUGH,app/src/main/assets/metadata/canonical_v1,1,케이블 풀스루,Cable pull through,RETAIN,
MOVEMENT_SUBTYPE,CABLE_ROW,app/src/main/assets/metadata/canonical_v1,1,케이블 로우,Cable row,RETAIN,
MOVEMENT_SUBTYPE,CABLE_SINGLE_ARM_TRICEPS_PUSHDOWN,app/src/main/assets/metadata/canonical_v1,1,원암 케이블 트라이셉스 푸시다운,Cable single arm triceps pushdown,RETAIN,
MOVEMENT_SUBTYPE,CAPTAINS_CHAIR_LEG_RAISE,app/src/main/assets/metadata/canonical_v1,1,캡틴체어 레그 레이즈,Captains chair leg raise,RETAIN,
MOVEMENT_SUBTYPE,CARRY,app/src/main/assets/metadata/canonical_v1,0,캐리,Carry,RETAINED_SEARCH_ONLY,
MOVEMENT_SUBTYPE,CHEST_SUPPORTED_ONE_ARM_DUMBBELL_ROW,app/src/main/assets/metadata/canonical_v1,1,체스트 서포티드 원암 덤벨 로우,Chest supported one arm dumbbell row,RETAIN,
MOVEMENT_SUBTYPE,CHEST_SUPPORTED_ONE_ARM_ROW,app/src/main/assets/metadata/canonical_v1,1,체스트 서포티드 원암 머신 로우,Chest supported one arm row,RETAIN,
MOVEMENT_SUBTYPE,CHEST_SUPPORTED_ROW,app/src/main/assets/metadata/canonical_v1,2,체스트 서포티드 로우,Chest supported row,RETAIN,
MOVEMENT_SUBTYPE,CHIN_UP,app/src/main/assets/metadata/canonical_v1,1,친업,Chin up,RETAIN,
MOVEMENT_SUBTYPE,CLOSE_GRIP_BENCH_PRESS_TRICEPS_EMPHASIS,app/src/main/assets/metadata/canonical_v1,1,클로즈그립 벤치프레스,Close grip bench press triceps emphasis,RETAIN,
MOVEMENT_SUBTYPE,COMPOUND_DIP,app/src/main/assets/metadata/canonical_v1,1,딥스,Compound dip,RETAIN,
MOVEMENT_SUBTYPE,CONCENTRATION_CURL,app/src/main/assets/metadata/canonical_v1,1,컨센트레이션 컬,Concentration curl,RETAIN,
MOVEMENT_SUBTYPE,CONE_DRILL,app/src/main/assets/metadata/canonical_v1,1,콘 드릴,Cone drill,RETAIN,
MOVEMENT_SUBTYPE,CONVENTIONAL_DEADLIFT,app/src/main/assets/metadata/canonical_v1,1,데드리프트,Conventional deadlift,RETAIN,
MOVEMENT_SUBTYPE,COPENHAGEN_PLANK,app/src/main/assets/metadata/canonical_v1,1,코펜하겐 플랭크,Copenhagen plank,RETAIN,
MOVEMENT_SUBTYPE,COSSACK_SQUAT,app/src/main/assets/metadata/canonical_v1,1,코사크 스쿼트,Cossack squat,RETAIN,
MOVEMENT_SUBTYPE,CROSS_BODY_HAMMER_CURL,app/src/main/assets/metadata/canonical_v1,1,크로스바디 해머 컬,Cross body hammer curl,RETAIN,
MOVEMENT_SUBTYPE,DEAD_BUG,app/src/main/assets/metadata/canonical_v1,1,데드버그,Dead bug,RETAIN,
MOVEMENT_SUBTYPE,DECLINE_PUSH_UP,app/src/main/assets/metadata/canonical_v1,1,디클라인 푸시업,Decline push up,RETAIN,
MOVEMENT_SUBTYPE,DIAMOND_PUSH_UP,app/src/main/assets/metadata/canonical_v1,1,다이아몬드 푸시업,Diamond push up,RETAIN,
MOVEMENT_SUBTYPE,DROP_JUMP,app/src/main/assets/metadata/canonical_v1,1,드롭 점프,Drop jump,RETAIN,
MOVEMENT_SUBTYPE,DUMBBELL_BENCH_PRESS,app/src/main/assets/metadata/canonical_v1,1,덤벨 벤치프레스,Dumbbell bench press,RETAIN,
MOVEMENT_SUBTYPE,DUMBBELL_CURL,app/src/main/assets/metadata/canonical_v1,1,덤벨 컬,Dumbbell curl,RETAIN,
MOVEMENT_SUBTYPE,DUMBBELL_KICKBACK,app/src/main/assets/metadata/canonical_v1,1,덤벨 킥백,Dumbbell kickback,RETAIN,
MOVEMENT_SUBTYPE,DUMBBELL_LATERAL_RAISE,app/src/main/assets/metadata/canonical_v1,1,덤벨 래터럴 레이즈,Dumbbell lateral raise,RETAIN,
MOVEMENT_SUBTYPE,DUMBBELL_OVERHEAD_PRESS,app/src/main/assets/metadata/canonical_v1,1,덤벨 숄더프레스,Dumbbell overhead press,RETAIN,
MOVEMENT_SUBTYPE,DUMBBELL_PULLOVER,app/src/main/assets/metadata/canonical_v1,1,덤벨 풀오버,Dumbbell pullover,RETAIN,
MOVEMENT_SUBTYPE,DUMBBELL_ROMANIAN_DEADLIFT,app/src/main/assets/metadata/canonical_v1,1,루마니안 덤벨 데드리프트,Dumbbell romanian deadlift,RETAIN,
MOVEMENT_SUBTYPE,DUMBBELL_STEP_UP,app/src/main/assets/metadata/canonical_v1,1,덤벨 스텝업,Dumbbell step up,RETAIN,
MOVEMENT_SUBTYPE,DUMBBELL_WOODCHOP,app/src/main/assets/metadata/canonical_v1,1,덤벨 우드찹,Dumbbell woodchop,RETAIN,
MOVEMENT_SUBTYPE,EZ_BAR_CURL,app/src/main/assets/metadata/canonical_v1,1,EZ바 컬,EZ bar curl,RETAIN,
MOVEMENT_SUBTYPE,FACE_PULL,app/src/main/assets/metadata/canonical_v1,1,페이스풀,Face pull,RETAIN,
MOVEMENT_SUBTYPE,FARMERS_CARRY,app/src/main/assets/metadata/canonical_v1,2,파머스 캐리,Farmers carry,RETAIN,
MOVEMENT_SUBTYPE,FLAT_DUMBBELL_FLY,app/src/main/assets/metadata/canonical_v1,1,플랫 덤벨 플라이,Flat dumbbell fly,RETAIN,
MOVEMENT_SUBTYPE,FOOTWORK,app/src/main/assets/metadata/canonical_v1,0,풋워크,Footwork,RETAINED_SEARCH_ONLY,
MOVEMENT_SUBTYPE,FOOTWORK_MAX_REPETITION_TEST_6_CORNER,app/src/main/assets/metadata/canonical_v1,1,6코너 풋워크 최대반복 테스트,Footwork max repetition test 6 corner,RETAIN,
MOVEMENT_SUBTYPE,FRONT_BACK_RANDOM_SHUTTLE_PICKUP,app/src/main/assets/metadata/canonical_v1,1,앞뒤 랜덤 콕줍기,Front back random shuttle pickup,RETAIN,
MOVEMENT_SUBTYPE,FRONT_FOOT_ELEVATED_SPLIT_SQUAT,app/src/main/assets/metadata/canonical_v1,1,프론트풋 엘리베이티드 스플릿 스쿼트,Front foot elevated split squat,RETAIN,
MOVEMENT_SUBTYPE,FRONT_PLANK,app/src/main/assets/metadata/canonical_v1,1,플랭크,Front plank,RETAIN,
MOVEMENT_SUBTYPE,FRONT_SQUAT,app/src/main/assets/metadata/canonical_v1,1,프론트 스쿼트,Front squat,RETAIN,
MOVEMENT_SUBTYPE,GENERAL_STRETCHING,app/src/main/assets/metadata/canonical_v1,1,스트레칭,General stretching,RETAIN,
MOVEMENT_SUBTYPE,GENERIC_LUNGE,app/src/main/assets/metadata/canonical_v1,1,런지,Generic lunge,RETAIN,
MOVEMENT_SUBTYPE,GLUTE_BRIDGE,app/src/main/assets/metadata/canonical_v1,1,글루트 브릿지,Glute bridge,RETAIN,
MOVEMENT_SUBTYPE,GOBLET_SQUAT,app/src/main/assets/metadata/canonical_v1,2,고블릿 스쿼트,Goblet squat,RETAIN,
MOVEMENT_SUBTYPE,HACK_SQUAT,app/src/main/assets/metadata/canonical_v1,1,핵 스쿼트,Hack squat,RETAIN,
MOVEMENT_SUBTYPE,HALF_KNEELING_SINGLE_ARM_DUMBBELL_PRESS,app/src/main/assets/metadata/canonical_v1,1,하프 닐링 원암 덤벨 프레스,Half kneeling single arm dumbbell press,RETAIN,
MOVEMENT_SUBTYPE,HALF_KNEELING_SINGLE_ARM_KETTLEBELL_PRESS,app/src/main/assets/metadata/canonical_v1,1,하프 닐링 원암 케틀벨 프레스,Half kneeling single arm kettlebell press,RETAIN,
MOVEMENT_SUBTYPE,HAMMER_CURL,app/src/main/assets/metadata/canonical_v1,1,해머 컬,Hammer curl,RETAIN,
MOVEMENT_SUBTYPE,HANDSTAND_PUSH_UP,app/src/main/assets/metadata/canonical_v1,1,핸드스탠드 푸시업,Handstand push up,RETAIN,
MOVEMENT_SUBTYPE,HANGING_LEG_RAISE,app/src/main/assets/metadata/canonical_v1,1,행잉 레그 레이즈,Hanging leg raise,RETAIN,
MOVEMENT_SUBTYPE,HIGH_INTENSITY_RALLY_FOOTWORK,app/src/main/assets/metadata/canonical_v1,1,안세영 참고 고강도 랠리 풋워크,High intensity rally footwork,RETAIN,
MOVEMENT_SUBTYPE,HINGE,app/src/main/assets/metadata/canonical_v1,0,힌지,Hinge,RETAINED_SEARCH_ONLY,
MOVEMENT_SUBTYPE,HIP_ABDUCTION_MACHINE,app/src/main/assets/metadata/canonical_v1,1,힙 어브덕션,Hip abduction machine,RETAIN,
MOVEMENT_SUBTYPE,HIP_ADDUCTION_MACHINE_OR_CABLE,app/src/main/assets/metadata/canonical_v1,2,힙 어덕션,Hip adduction machine or cable,RETAIN,
MOVEMENT_SUBTYPE,HIP_THRUST,app/src/main/assets/metadata/canonical_v1,1,힙 쓰러스트,Hip thrust,RETAIN,
MOVEMENT_SUBTYPE,HOLLOW_BODY_HOLD,app/src/main/assets/metadata/canonical_v1,1,할로우 바디 홀드,Hollow body hold,RETAIN,
MOVEMENT_SUBTYPE,HOP,app/src/main/assets/metadata/canonical_v1,0,Hop,Hop,RETAINED_SEARCH_ONLY,
MOVEMENT_SUBTYPE,INCLINE_DUMBBELL_CURL,app/src/main/assets/metadata/canonical_v1,1,인클라인 덤벨 컬,Incline dumbbell curl,RETAIN,
MOVEMENT_SUBTYPE,INCLINE_DUMBBELL_FLY,app/src/main/assets/metadata/canonical_v1,1,인클라인 덤벨 플라이,Incline dumbbell fly,RETAIN,
MOVEMENT_SUBTYPE,INCLINE_DUMBBELL_PRESS,app/src/main/assets/metadata/canonical_v1,1,인클라인 덤벨 프레스,Incline dumbbell press,RETAIN,
MOVEMENT_SUBTYPE,INDOOR_CYCLING,app/src/main/assets/metadata/canonical_v1,1,실내 자전거,Indoor cycling,RETAIN,
MOVEMENT_SUBTYPE,INTERVAL_RUNNING,app/src/main/assets/metadata/canonical_v1,1,인터벌 러닝,Interval running,RETAIN,
MOVEMENT_SUBTYPE,INVERTED_ROW,app/src/main/assets/metadata/canonical_v1,2,인버티드 로우,Inverted row,RETAIN,
MOVEMENT_SUBTYPE,ISOLATION,app/src/main/assets/metadata/canonical_v1,0,고립,Isolation,RETAINED_SEARCH_ONLY,
MOVEMENT_SUBTYPE,JUMP,app/src/main/assets/metadata/canonical_v1,0,점프,Jump,RETAINED_SEARCH_ONLY,
MOVEMENT_SUBTYPE,JUMP_LUNGE,app/src/main/assets/metadata/canonical_v1,1,점프 런지,Jump lunge,RETAIN,
MOVEMENT_SUBTYPE,JUMP_ROPE,app/src/main/assets/metadata/canonical_v1,1,줄넘기,Jump rope,RETAIN,
MOVEMENT_SUBTYPE,KETTLEBELL_HALO,app/src/main/assets/metadata/canonical_v1,1,케틀벨 헤일로,Kettlebell halo,RETAIN,
MOVEMENT_SUBTYPE,KETTLEBELL_SWING,app/src/main/assets/metadata/canonical_v1,1,케틀벨 스윙,Kettlebell swing,RETAIN,
MOVEMENT_SUBTYPE,LANDMINE_ANTI_ROTATION,app/src/main/assets/metadata/canonical_v1,1,랜드마인 안티로테이션,Landmine anti rotation,RETAIN,
MOVEMENT_SUBTYPE,LANDMINE_ROTATION,app/src/main/assets/metadata/canonical_v1,1,랜드마인 좌우 회전,Landmine rotation,RETAIN,
MOVEMENT_SUBTYPE,LATERAL_BOUND_CONTINUOUS,app/src/main/assets/metadata/canonical_v1,1,래터럴 바운드,Lateral bound continuous,RETAIN,
MOVEMENT_SUBTYPE,LATERAL_BOUND_TO_STICK,app/src/main/assets/metadata/canonical_v1,1,래터럴 바운드 투 스틱,Lateral bound to stick,RETAIN,
MOVEMENT_SUBTYPE,LATERAL_DECELERATION_STOP,app/src/main/assets/metadata/canonical_v1,1,사이드 스텝 후 정지,Lateral deceleration stop,RETAIN,
MOVEMENT_SUBTYPE,LATERAL_LUNGE,app/src/main/assets/metadata/canonical_v1,1,래터럴 런지,Lateral lunge,RETAIN,
MOVEMENT_SUBTYPE,LATERAL_RANDOM_SHUTTLE_PICKUP,app/src/main/assets/metadata/canonical_v1,1,좌우 랜덤 콕줍기,Lateral random shuttle pickup,RETAIN,
MOVEMENT_SUBTYPE,LATERAL_STEP_DOWN,app/src/main/assets/metadata/canonical_v1,1,래터럴 스텝다운,Lateral step down,RETAIN,
MOVEMENT_SUBTYPE,LAT_PULLDOWN,app/src/main/assets/metadata/canonical_v1,1,랫풀다운,Lat pulldown,RETAIN,
MOVEMENT_SUBTYPE,LEANING_LATERAL_RAISE,app/src/main/assets/metadata/canonical_v1,1,리닝 래터럴 레이즈,Leaning lateral raise,RETAIN,
MOVEMENT_SUBTYPE,LEG_CURL,app/src/main/assets/metadata/canonical_v1,1,레그 컬,Leg curl,RETAIN,
MOVEMENT_SUBTYPE,LEG_EXTENSION,app/src/main/assets/metadata/canonical_v1,1,레그 익스텐션,Leg extension,RETAIN,
MOVEMENT_SUBTYPE,LEG_PRESS,app/src/main/assets/metadata/canonical_v1,1,레그 프레스,Leg press,RETAIN,
MOVEMENT_SUBTYPE,LIGHT_SHUTTLE_PICKUP,app/src/main/assets/metadata/canonical_v1,1,가벼운 콕줍기,Light shuttle pickup,RETAIN,
MOVEMENT_SUBTYPE,LINE_HOP,app/src/main/assets/metadata/canonical_v1,1,라인 홉,Line hop,RETAIN,
MOVEMENT_SUBTYPE,LOCOMOTION,app/src/main/assets/metadata/canonical_v1,0,Locomotion,Locomotion,RETAINED_SEARCH_ONLY,
MOVEMENT_SUBTYPE,LUNGE,app/src/main/assets/metadata/canonical_v1,0,런지,Lunge,RETAINED_SEARCH_ONLY,
MOVEMENT_SUBTYPE,LYING_TRICEPS_EXTENSION,app/src/main/assets/metadata/canonical_v1,2,라잉 트라이셉스 익스텐션,Lying triceps extension,RETAIN,
MOVEMENT_SUBTYPE,MACHINE_CHEST_PRESS,app/src/main/assets/metadata/canonical_v1,1,머신 체스트프레스,Machine chest press,RETAIN,
MOVEMENT_SUBTYPE,MACHINE_OVERHEAD_PRESS,app/src/main/assets/metadata/canonical_v1,1,머신 숄더프레스,Machine overhead press,RETAIN,
MOVEMENT_SUBTYPE,MEADOWS_ROW,app/src/main/assets/metadata/canonical_v1,1,메도우즈 로우,Meadows row,RETAIN,
MOVEMENT_SUBTYPE,MED_BALL_CHEST_PASS,app/src/main/assets/metadata/canonical_v1,1,메디신볼 체스트 패스,Med ball chest pass,RETAIN,
MOVEMENT_SUBTYPE,MED_BALL_OVERHEAD_SLAM,app/src/main/assets/metadata/canonical_v1,1,메디신볼 위에서 아래로 슬램,Med ball overhead slam,RETAIN,
MOVEMENT_SUBTYPE,MED_BALL_ROTATIONAL_SLAM,app/src/main/assets/metadata/canonical_v1,1,메디신볼 회전 아래로 슬램,Med ball rotational slam,RETAIN,
MOVEMENT_SUBTYPE,MED_BALL_ROTATIONAL_THROW,app/src/main/assets/metadata/canonical_v1,1,메디신볼 회전 옆으로 던지기,Med ball rotational throw,RETAIN,
MOVEMENT_SUBTYPE,MED_BALL_SCOOP_TOSS,app/src/main/assets/metadata/canonical_v1,1,메디신볼 로테이셔널 스쿱 토스,Med ball scoop toss,RETAIN,
MOVEMENT_SUBTYPE,MED_BALL_THREE_STEP_ACCELERATION_THROW,app/src/main/assets/metadata/canonical_v1,1,메디신볼 3스텝 가속 던지기,Med ball three step acceleration throw,RETAIN,
MOVEMENT_SUBTYPE,MED_BALL_THREE_STEP_DECELERATION_THROW,app/src/main/assets/metadata/canonical_v1,1,메디신볼 3스텝 감속 던지기,Med ball three step deceleration throw,RETAIN,
MOVEMENT_SUBTYPE,MINIBAND_SIDEWALK,app/src/main/assets/metadata/canonical_v1,1,미니밴드 사이드워크,Miniband sidewalk,RETAIN,
MOVEMENT_SUBTYPE,MOBILITY,app/src/main/assets/metadata/canonical_v1,0,가동성,Mobility,RETAINED_SEARCH_ONLY,
MOVEMENT_SUBTYPE,MOUNTAIN_CLIMBER,app/src/main/assets/metadata/canonical_v1,1,마운틴 클라이머,Mountain climber,RETAIN,
MOVEMENT_SUBTYPE,MULTI_SHUTTLE_FOOTWORK,app/src/main/assets/metadata/canonical_v1,1,멀티셔틀 풋워크,Multi shuttle footwork,RETAIN,
MOVEMENT_SUBTYPE,NEGATIVE_PULL_UP,app/src/main/assets/metadata/canonical_v1,1,네거티브 풀업,Negative pull up,RETAIN,
MOVEMENT_SUBTYPE,NORDIC_HAMSTRING_CURL,app/src/main/assets/metadata/canonical_v1,1,노르딕 햄스트링 컬,Nordic hamstring curl,RETAIN,
MOVEMENT_SUBTYPE,NOT_APPLICABLE,app/src/main/assets/metadata/canonical_v1,1,해당 없음,Not applicable,RETAIN,
MOVEMENT_SUBTYPE,ONE_ARM_CABLE_CURL,app/src/main/assets/metadata/canonical_v1,1,원암 케이블 컬,One arm cable curl,RETAIN,
MOVEMENT_SUBTYPE,ONE_ARM_CABLE_FLY,app/src/main/assets/metadata/canonical_v1,1,원암 케이블 플라이,One arm cable fly,RETAIN,
MOVEMENT_SUBTYPE,ONE_ARM_CABLE_HIGH_ROW,app/src/main/assets/metadata/canonical_v1,1,원암 케이블 하이 로우,One arm cable high row,RETAIN,
MOVEMENT_SUBTYPE,ONE_ARM_CABLE_LATERAL_RAISE,app/src/main/assets/metadata/canonical_v1,1,원암 케이블 래터럴 레이즈,One arm cable lateral raise,RETAIN,
MOVEMENT_SUBTYPE,ONE_ARM_CABLE_ROW,app/src/main/assets/metadata/canonical_v1,1,케이블 원암 로우,One arm cable row,RETAIN,
MOVEMENT_SUBTYPE,ONE_ARM_DUMBBELL_BENCH_PRESS,app/src/main/assets/metadata/canonical_v1,1,원암 덤벨 벤치프레스,One arm dumbbell bench press,RETAIN,
MOVEMENT_SUBTYPE,ONE_ARM_DUMBBELL_CURL,app/src/main/assets/metadata/canonical_v1,1,원암 덤벨 컬,One arm dumbbell curl,RETAIN,
MOVEMENT_SUBTYPE,ONE_ARM_DUMBBELL_RDL,app/src/main/assets/metadata/canonical_v1,1,원암 덤벨 RDL,One arm dumbbell RDL,RETAIN,
MOVEMENT_SUBTYPE,ONE_ARM_HAMMER_CURL,app/src/main/assets/metadata/canonical_v1,1,원암 해머 컬,One arm hammer curl,RETAIN,
MOVEMENT_SUBTYPE,ONE_ARM_INCLINE_DUMBBELL_PRESS,app/src/main/assets/metadata/canonical_v1,1,원암 인클라인 덤벨 프레스,One arm incline dumbbell press,RETAIN,
MOVEMENT_SUBTYPE,ONE_ARM_INVERTED_ROW,app/src/main/assets/metadata/canonical_v1,2,원암 인버티드 로우,One arm inverted row,RETAIN,
MOVEMENT_SUBTYPE,ONE_ARM_LAT_PULLDOWN,app/src/main/assets/metadata/canonical_v1,1,원암 랫풀다운,One arm lat pulldown,RETAIN,
MOVEMENT_SUBTYPE,ONE_ARM_MACHINE_ROW,app/src/main/assets/metadata/canonical_v1,1,원암 머신 로우,One arm machine row,RETAIN,
MOVEMENT_SUBTYPE,ONE_ARM_OVERHEAD_PRESS,app/src/main/assets/metadata/canonical_v1,2,원암 덤벨 숄더프레스,One arm overhead press,RETAIN,
MOVEMENT_SUBTYPE,ONE_ARM_OVERHEAD_TRICEPS_EXTENSION,app/src/main/assets/metadata/canonical_v1,1,원암 덤벨 오버헤드 트라이셉스 익스텐션,One arm overhead triceps extension,RETAIN,
MOVEMENT_SUBTYPE,ONE_ARM_REAR_DELT_CABLE_FLY,app/src/main/assets/metadata/canonical_v1,1,원암 리어델트 케이블 플라이,One arm rear delt cable fly,RETAIN,
MOVEMENT_SUBTYPE,ONE_ARM_ROW,app/src/main/assets/metadata/canonical_v1,1,원암 덤벨 로우,One arm row,RETAIN,
MOVEMENT_SUBTYPE,ONE_ARM_STRAIGHT_ARM_PULLDOWN,app/src/main/assets/metadata/canonical_v1,1,원암 스트레이트암 풀다운,One arm straight arm pulldown,RETAIN,
MOVEMENT_SUBTYPE,OVERHEAD_CABLE_SINGLE_ARM_TRICEPS_EXTENSION,app/src/main/assets/metadata/canonical_v1,1,원암 케이블 오버헤드 트라이셉스 익스텐션,Overhead cable single arm triceps extension,RETAIN,
MOVEMENT_SUBTYPE,OVERHEAD_TRICEPS_EXTENSION,app/src/main/assets/metadata/canonical_v1,2,오버헤드 트라이셉스 익스텐션,Overhead triceps extension,RETAIN,
MOVEMENT_SUBTYPE,PACE_CHANGE_FOOTWORK,app/src/main/assets/metadata/canonical_v1,1,린단 참고 페이스 체인지 풋워크,Pace change footwork,RETAIN,
MOVEMENT_SUBTYPE,PALLOF_PRESS,app/src/main/assets/metadata/canonical_v1,2,팔로프 프레스,Pallof press,RETAIN,
MOVEMENT_SUBTYPE,PIKE_PUSH_UP,app/src/main/assets/metadata/canonical_v1,1,파이크 푸시업,Pike push up,RETAIN,
MOVEMENT_SUBTYPE,PISTOL_SQUAT,app/src/main/assets/metadata/canonical_v1,1,피스톨 스쿼트,Pistol squat,RETAIN,
MOVEMENT_SUBTYPE,PLATE_ROTATIONAL_PRESS_OUT,app/src/main/assets/metadata/canonical_v1,1,플레이트 로테이셔널 프레스아웃,Plate rotational press out,RETAIN,
MOVEMENT_SUBTYPE,POGO_JUMP,app/src/main/assets/metadata/canonical_v1,1,포고 점프,Pogo jump,RETAIN,
MOVEMENT_SUBTYPE,PREACHER_CURL,app/src/main/assets/metadata/canonical_v1,2,프리처 컬,Preacher curl,RETAIN,
MOVEMENT_SUBTYPE,PREHAB,app/src/main/assets/metadata/canonical_v1,0,프리햅,Prehab,RETAINED_SEARCH_ONLY,
MOVEMENT_SUBTYPE,PRONATION_SUPINATION,app/src/main/assets/metadata/canonical_v1,1,덤벨 프로네이션/수피네이션,Pronation supination,RETAIN,
MOVEMENT_SUBTYPE,PULL_HORIZONTAL,app/src/main/assets/metadata/canonical_v1,0,당기기 수평,Pull horizontal,RETAINED_SEARCH_ONLY,
MOVEMENT_SUBTYPE,PULL_UP,app/src/main/assets/metadata/canonical_v1,1,풀업,Pull up,RETAIN,
MOVEMENT_SUBTYPE,PULL_VERTICAL,app/src/main/assets/metadata/canonical_v1,0,당기기 수직,Pull vertical,RETAINED_SEARCH_ONLY,
MOVEMENT_SUBTYPE,PUSH_HORIZONTAL,app/src/main/assets/metadata/canonical_v1,0,밀기 수평,Push horizontal,RETAINED_SEARCH_ONLY,
MOVEMENT_SUBTYPE,PUSH_UP,app/src/main/assets/metadata/canonical_v1,1,푸시업,Push up,RETAIN,
MOVEMENT_SUBTYPE,PUSH_VERTICAL,app/src/main/assets/metadata/canonical_v1,0,밀기 수직,Push vertical,RETAINED_SEARCH_ONLY,
MOVEMENT_SUBTYPE,RANDOM_BEEP_FOOTWORK,app/src/main/assets/metadata/canonical_v1,1,랜덤 비프 풋워크,Random beep footwork,RETAIN,
MOVEMENT_SUBTYPE,RANDOM_CHANGE_OF_DIRECTION_DRILL,app/src/main/assets/metadata/canonical_v1,1,랜덤 방향전환 드릴,Random change of direction drill,RETAIN,
MOVEMENT_SUBTYPE,RANDOM_FOOTWORK,app/src/main/assets/metadata/canonical_v1,1,랜덤 풋워크,Random footwork,RETAIN,
MOVEMENT_SUBTYPE,RANDOM_SHUTTLE_PICKUP_6_DIRECTION,app/src/main/assets/metadata/canonical_v1,1,6방향 랜덤 콕줍기,Random shuttle pickup 6 direction,RETAIN,
MOVEMENT_SUBTYPE,REAR_DELT_CABLE_FLY,app/src/main/assets/metadata/canonical_v1,1,리어델트 케이블 플라이,Rear delt cable fly,RETAIN,
MOVEMENT_SUBTYPE,REAR_DELT_FLY,app/src/main/assets/metadata/canonical_v1,2,리어델트 플라이,Rear delt fly,RETAIN,
MOVEMENT_SUBTYPE,REVERSE_CURL,app/src/main/assets/metadata/canonical_v1,2,리버스 컬,Reverse curl,RETAIN,
MOVEMENT_SUBTYPE,REVERSE_LUNGE,app/src/main/assets/metadata/canonical_v1,1,리버스 런지,Reverse lunge,RETAIN,
MOVEMENT_SUBTYPE,REVERSE_NORDIC_CURL,app/src/main/assets/metadata/canonical_v1,1,리버스 노르딕 컬,Reverse nordic curl,RETAIN,
MOVEMENT_SUBTYPE,REVERSE_WRIST_CURL,app/src/main/assets/metadata/canonical_v1,2,리버스 리스트 컬,Reverse wrist curl,RETAIN,
MOVEMENT_SUBTYPE,RING_ROW,app/src/main/assets/metadata/canonical_v1,1,링 로우,Ring row,RETAIN,
MOVEMENT_SUBTYPE,ROPE_HAMMER_CURL,app/src/main/assets/metadata/canonical_v1,1,로프 해머 컬,Rope hammer curl,RETAIN,
MOVEMENT_SUBTYPE,ROTATION,app/src/main/assets/metadata/canonical_v1,0,회전,Rotation,RETAINED_SEARCH_ONLY,
MOVEMENT_SUBTYPE,ROWING_MACHINE_CARDIO,app/src/main/assets/metadata/canonical_v1,1,로잉머신,Rowing machine cardio,RETAIN,
MOVEMENT_SUBTYPE,RUNNING,app/src/main/assets/metadata/canonical_v1,1,러닝,Running,RETAIN,
MOVEMENT_SUBTYPE,RUNNING_FUTSAL_SESSION,app/src/main/assets/metadata/canonical_v1,1,러닝 풋살,Running futsal session,RETAIN,
MOVEMENT_SUBTYPE,SCAPULAR_PULL_UP,app/src/main/assets/metadata/canonical_v1,1,스캡 풀업,Scapular pull up,RETAIN,
MOVEMENT_SUBTYPE,SCAPULAR_PUSH_UP,app/src/main/assets/metadata/canonical_v1,1,스캡 푸시업,Scapular push up,RETAIN,
MOVEMENT_SUBTYPE,SEATED_CALF_RAISE,app/src/main/assets/metadata/canonical_v1,1,시티드 카프 레이즈,Seated calf raise,RETAIN,
MOVEMENT_SUBTYPE,SEATED_ONE_ARM_CABLE_ROW,app/src/main/assets/metadata/canonical_v1,1,시티드 원암 케이블 로우,Seated one arm cable row,RETAIN,
MOVEMENT_SUBTYPE,SEATED_UNSUPPORTED_OVERHEAD_PRESS,app/src/main/assets/metadata/canonical_v1,1,등받이 없는 덤벨 시티드 숄더프레스,Seated unsupported overhead press,RETAIN,
MOVEMENT_SUBTYPE,SHUTTLE_RUN,app/src/main/assets/metadata/canonical_v1,1,셔틀런,Shuttle run,RETAIN,
MOVEMENT_SUBTYPE,SIDE_PLANK,app/src/main/assets/metadata/canonical_v1,1,사이드 플랭크,Side plank,RETAIN,
MOVEMENT_SUBTYPE,SINGLE_LEG_BOX_SQUAT,app/src/main/assets/metadata/canonical_v1,1,원레그 박스 스쿼트,Single leg box squat,RETAIN,
MOVEMENT_SUBTYPE,SINGLE_LEG_CALF_RAISE,app/src/main/assets/metadata/canonical_v1,1,원레그 카프 레이즈,Single leg calf raise,RETAIN,
MOVEMENT_SUBTYPE,SINGLE_LEG_GLUTE_BRIDGE,app/src/main/assets/metadata/canonical_v1,1,원레그 힙 브릿지,Single leg glute bridge,RETAIN,
MOVEMENT_SUBTYPE,SINGLE_LEG_HACK_SQUAT,app/src/main/assets/metadata/canonical_v1,1,원레그 핵 스쿼트,Single leg hack squat,RETAIN,
MOVEMENT_SUBTYPE,SINGLE_LEG_HOP_AND_STICK,app/src/main/assets/metadata/canonical_v1,1,원레그 홉 투 스틱,Single leg hop and stick,RETAIN,
MOVEMENT_SUBTYPE,SINGLE_LEG_LEG_CURL,app/src/main/assets/metadata/canonical_v1,1,원레그 레그 컬,Single leg leg curl,RETAIN,
MOVEMENT_SUBTYPE,SINGLE_LEG_LEG_EXTENSION,app/src/main/assets/metadata/canonical_v1,1,원레그 레그 익스텐션,Single leg leg extension,RETAIN,
MOVEMENT_SUBTYPE,SINGLE_LEG_LEG_PRESS,app/src/main/assets/metadata/canonical_v1,1,원레그 레그 프레스,Single leg leg press,RETAIN,
MOVEMENT_SUBTYPE,SINGLE_LEG_RDL,app/src/main/assets/metadata/canonical_v1,2,원레그 루마니안 데드리프트,Single leg RDL,RETAIN,
MOVEMENT_SUBTYPE,SIX_CORNER_FOOTWORK,app/src/main/assets/metadata/canonical_v1,1,6코너 풋워크,Six corner footwork,RETAIN,
MOVEMENT_SUBTYPE,SKATER_SQUAT,app/src/main/assets/metadata/canonical_v1,1,스케이터 스쿼트,Skater squat,RETAIN,
MOVEMENT_SUBTYPE,SKIP_BOUND,app/src/main/assets/metadata/canonical_v1,1,스킵 바운드,Skip bound,RETAIN,
MOVEMENT_SUBTYPE,SMITH_MACHINE_LUNGE,app/src/main/assets/metadata/canonical_v1,1,스미스 머신 런지,Smith machine lunge,RETAIN,
MOVEMENT_SUBTYPE,SMITH_MACHINE_SQUAT,app/src/main/assets/metadata/canonical_v1,1,스미스 머신 스쿼트,Smith machine squat,RETAIN,
MOVEMENT_SUBTYPE,SOCCER_SESSION,app/src/main/assets/metadata/canonical_v1,1,축구,Soccer session,RETAIN,
MOVEMENT_SUBTYPE,SPIDER_CURL,app/src/main/assets/metadata/canonical_v1,2,스파이더 컬,Spider curl,RETAIN,
MOVEMENT_SUBTYPE,SPLIT_SQUAT,app/src/main/assets/metadata/canonical_v1,1,스플릿 스쿼트,Split squat,RETAIN,
MOVEMENT_SUBTYPE,SPLIT_STEP,app/src/main/assets/metadata/canonical_v1,1,스플릿 스텝,Split step,RETAIN,
MOVEMENT_SUBTYPE,SPLIT_STEP_LATERAL_REACTIVE_LUNGE,app/src/main/assets/metadata/canonical_v1,1,스플릿 스텝 후 좌우 런지,Split step lateral reactive lunge,RETAIN,
MOVEMENT_SUBTYPE,SPLIT_STEP_REACTION,app/src/main/assets/metadata/canonical_v1,1,스플릿 스텝 리액션,Split step reaction,RETAIN,
MOVEMENT_SUBTYPE,SQUAT,app/src/main/assets/metadata/canonical_v1,0,스쿼트,Squat,RETAINED_SEARCH_ONLY,
MOVEMENT_SUBTYPE,STAIR_CLIMBING,app/src/main/assets/metadata/canonical_v1,1,계단 오르기,Stair climbing,RETAIN,
MOVEMENT_SUBTYPE,STANDING_CALF_RAISE,app/src/main/assets/metadata/canonical_v1,3,스탠딩 카프 레이즈,Standing calf raise,RETAIN,
MOVEMENT_SUBTYPE,STANDING_LEG_CURL,app/src/main/assets/metadata/canonical_v1,1,스탠딩 레그 컬,Standing leg curl,RETAIN,
MOVEMENT_SUBTYPE,STRAIGHT_ARM_PULLDOWN,app/src/main/assets/metadata/canonical_v1,1,스트레이트암 풀다운,Straight arm pulldown,RETAIN,
MOVEMENT_SUBTYPE,STRIDE_RUN,app/src/main/assets/metadata/canonical_v1,1,스트라이드,Stride run,RETAIN,
MOVEMENT_SUBTYPE,SUPERMAN,app/src/main/assets/metadata/canonical_v1,1,슈퍼맨,Superman,RETAIN,
MOVEMENT_SUBTYPE,SWIMMING,app/src/main/assets/metadata/canonical_v1,1,수영,Swimming,RETAIN,
MOVEMENT_SUBTYPE,TENNIS_SESSION,app/src/main/assets/metadata/canonical_v1,1,테니스,Tennis session,RETAIN,
MOVEMENT_SUBTYPE,TRACK_SPRINT,app/src/main/assets/metadata/canonical_v1,1,린단 참고 트랙 스프린트,Track sprint,RETAIN,
MOVEMENT_SUBTYPE,TRICEPS_PUSHDOWN,app/src/main/assets/metadata/canonical_v1,1,트라이셉스 푸시다운,Triceps pushdown,RETAIN,
MOVEMENT_SUBTYPE,TURKISH_GETUP,app/src/main/assets/metadata/canonical_v1,1,터키시 겟업,Turkish getup,RETAIN,
MOVEMENT_SUBTYPE,VIPR_CHOP,app/src/main/assets/metadata/canonical_v1,1,바이퍼 회전 아래로,VIPR chop,RETAIN,
MOVEMENT_SUBTYPE,VIPR_ROTATIONAL_LIFT,app/src/main/assets/metadata/canonical_v1,1,바이퍼 회전 위로,VIPR rotational lift,RETAIN,
MOVEMENT_SUBTYPE,VIPR_ROTATIONAL_PRESS_OUT,app/src/main/assets/metadata/canonical_v1,1,바이퍼 로테이셔널 프레스아웃,VIPR rotational press out,RETAIN,
MOVEMENT_SUBTYPE,VIPR_STEP_AND_ROTATE,app/src/main/assets/metadata/canonical_v1,1,바이퍼 스텝 앤 로테이트,VIPR step and rotate,RETAIN,
MOVEMENT_SUBTYPE,V_UP,app/src/main/assets/metadata/canonical_v1,1,V업,V up,RETAIN,
MOVEMENT_SUBTYPE,WALKING_LUNGE,app/src/main/assets/metadata/canonical_v1,1,워킹 런지,Walking lunge,RETAIN,
MOVEMENT_SUBTYPE,WALL_DRIVE,app/src/main/assets/metadata/canonical_v1,1,월 드라이브,Wall drive,RETAIN,
MOVEMENT_SUBTYPE,WALL_SIT,app/src/main/assets/metadata/canonical_v1,1,월싯,Wall sit,RETAIN,
MOVEMENT_SUBTYPE,WALL_SLIDE,app/src/main/assets/metadata/canonical_v1,1,월 슬라이드,Wall slide,RETAIN,
MOVEMENT_SUBTYPE,WEIGHTED_CHIN_UP,app/src/main/assets/metadata/canonical_v1,1,중량 친업,Weighted chin up,RETAIN,
MOVEMENT_SUBTYPE,WEIGHTED_PULL_UP,app/src/main/assets/metadata/canonical_v1,1,중량 풀업,Weighted pull up,RETAIN,
MOVEMENT_SUBTYPE,WRIST_CURL,app/src/main/assets/metadata/canonical_v1,1,덤벨 리스트 컬,Wrist curl,RETAIN,
MOVEMENT_SUBTYPE,WRIST_EXTENSION,app/src/main/assets/metadata/canonical_v1,1,덤벨 리스트 익스텐션,Wrist extension,RETAIN,
MOVEMENT_SUBTYPE,YATES_ROW,app/src/main/assets/metadata/canonical_v1,1,Yates Row,Yates row,REVISE,
MUSCLE,ANTERIOR_DELTOID,app/src/main/assets/metadata/canonical_v1/exercise_bootstrap.csv,26,,,ADD,CommonUi.kt|RuntimeMetadataExerciseEditorDialog.kt
MUSCLE,BACK,app/src/main/assets/metadata/canonical_v1/exercise_bootstrap.csv,35,,,ADD,CommonUi.kt|RuntimeMetadataExerciseEditorDialog.kt
MUSCLE,BICEPS,app/src/main/assets/metadata/canonical_v1/exercise_bootstrap.csv,47,,,ADD,CommonUi.kt|RuntimeMetadataExerciseEditorDialog.kt
MUSCLE,CALF,app/src/main/assets/metadata/canonical_v1/exercise_bootstrap.csv,34,,,ADD,CommonUi.kt|RuntimeMetadataExerciseEditorDialog.kt
MUSCLE,CHEST,app/src/main/assets/metadata/canonical_v1/exercise_bootstrap.csv,34,,,ADD,CommonUi.kt|RuntimeMetadataExerciseEditorDialog.kt
MUSCLE,CORE,app/src/main/assets/metadata/canonical_v1/exercise_bootstrap.csv,264,,,ADD,CommonUi.kt|RuntimeMetadataExerciseEditorDialog.kt
MUSCLE,DEEP_CORE,app/src/main/assets/metadata/canonical_v1/exercise_bootstrap.csv,168,,,ADD,CommonUi.kt|RuntimeMetadataExerciseEditorDialog.kt
MUSCLE,ERECTOR_SPINAE,app/src/main/assets/metadata/canonical_v1/exercise_bootstrap.csv,8,,,ADD,CommonUi.kt|RuntimeMetadataExerciseEditorDialog.kt
MUSCLE,FOREARM,app/src/main/assets/metadata/canonical_v1/exercise_bootstrap.csv,65,,,ADD,CommonUi.kt|RuntimeMetadataExerciseEditorDialog.kt
MUSCLE,GLUTE,app/src/main/assets/metadata/canonical_v1/exercise_bootstrap.csv,66,,,ADD,CommonUi.kt|RuntimeMetadataExerciseEditorDialog.kt
MUSCLE,GLUTE_MEDIUS,app/src/main/assets/metadata/canonical_v1/exercise_bootstrap.csv,10,,,ADD,CommonUi.kt|RuntimeMetadataExerciseEditorDialog.kt
MUSCLE,GRIP,app/src/main/assets/metadata/canonical_v1/exercise_bootstrap.csv,13,,,ADD,CommonUi.kt|RuntimeMetadataExerciseEditorDialog.kt
MUSCLE,HAMSTRING,app/src/main/assets/metadata/canonical_v1/exercise_bootstrap.csv,42,,,ADD,CommonUi.kt|RuntimeMetadataExerciseEditorDialog.kt
MUSCLE,HIP_ADDUCTOR,app/src/main/assets/metadata/canonical_v1/exercise_bootstrap.csv,10,,,ADD,CommonUi.kt|RuntimeMetadataExerciseEditorDialog.kt
MUSCLE,LAT,app/src/main/assets/metadata/canonical_v1/exercise_bootstrap.csv,38,,,ADD,CommonUi.kt|RuntimeMetadataExerciseEditorDialog.kt
MUSCLE,LATERAL_DELTOID,app/src/main/assets/metadata/canonical_v1/exercise_bootstrap.csv,13,,,ADD,CommonUi.kt|RuntimeMetadataExerciseEditorDialog.kt
MUSCLE,LOWER_TRAP,app/src/main/assets/metadata/canonical_v1/exercise_bootstrap.csv,5,,,ADD,CommonUi.kt|RuntimeMetadataExerciseEditorDialog.kt
MUSCLE,OBLIQUE,app/src/main/assets/metadata/canonical_v1/exercise_bootstrap.csv,35,,,ADD,CommonUi.kt|RuntimeMetadataExerciseEditorDialog.kt
MUSCLE,QUADRICEPS,app/src/main/assets/metadata/canonical_v1/exercise_bootstrap.csv,37,,,ADD,CommonUi.kt|RuntimeMetadataExerciseEditorDialog.kt
MUSCLE,REAR_DELT,app/src/main/assets/metadata/canonical_v1/exercise_bootstrap.csv,28,,,ADD,CommonUi.kt|RuntimeMetadataExerciseEditorDialog.kt
MUSCLE,RHOMBOID,app/src/main/assets/metadata/canonical_v1/exercise_bootstrap.csv,26,,,ADD,CommonUi.kt|RuntimeMetadataExerciseEditorDialog.kt
MUSCLE,ROTATOR_CUFF,app/src/main/assets/metadata/canonical_v1/exercise_bootstrap.csv,15,,,ADD,CommonUi.kt|RuntimeMetadataExerciseEditorDialog.kt
MUSCLE,SCAPULAR_STABILIZERS,app/src/main/assets/metadata/canonical_v1/exercise_bootstrap.csv,33,,,ADD,CommonUi.kt|RuntimeMetadataExerciseEditorDialog.kt
MUSCLE,SHOULDER,app/src/main/assets/metadata/canonical_v1/exercise_bootstrap.csv,52,,,ADD,CommonUi.kt|RuntimeMetadataExerciseEditorDialog.kt
MUSCLE,TRAPEZIUS,app/src/main/assets/metadata/canonical_v1/exercise_bootstrap.csv,11,,,ADD,CommonUi.kt|RuntimeMetadataExerciseEditorDialog.kt
MUSCLE,TRICEPS,app/src/main/assets/metadata/canonical_v1/exercise_bootstrap.csv,37,,,ADD,CommonUi.kt|RuntimeMetadataExerciseEditorDialog.kt
MUSCLE,UPPER_CHEST,app/src/main/assets/metadata/canonical_v1/exercise_bootstrap.csv,4,,,ADD,CommonUi.kt|RuntimeMetadataExerciseEditorDialog.kt
MUSCLE_GROUP,ADDUCTOR_ABDUCTOR,app/src/main/assets/metadata/canonical_v1/muscle_relations.csv,9,,,ADD,
MUSCLE_GROUP,ANTERIOR_CORE,app/src/main/assets/metadata/canonical_v1/muscle_relations.csv,240,,,ADD,
MUSCLE_GROUP,BACK_LATS,app/src/main/assets/metadata/canonical_v1/muscle_relations.csv,63,,,ADD,
MUSCLE_GROUP,BICEPS,app/src/main/assets/metadata/canonical_v1/muscle_relations.csv,41,,,ADD,
MUSCLE_GROUP,CALVES,app/src/main/assets/metadata/canonical_v1/muscle_relations.csv,33,,,ADD,
MUSCLE_GROUP,CHEST,app/src/main/assets/metadata/canonical_v1/muscle_relations.csv,30,,,ADD,
MUSCLE_GROUP,FOREARM_GRIP,app/src/main/assets/metadata/canonical_v1/muscle_relations.csv,60,,,ADD,
MUSCLE_GROUP,GLUTES,app/src/main/assets/metadata/canonical_v1/muscle_relations.csv,69,,,ADD,
MUSCLE_GROUP,HAMSTRINGS,app/src/main/assets/metadata/canonical_v1/muscle_relations.csv,41,,,ADD,
MUSCLE_GROUP,LATERAL_CORE,app/src/main/assets/metadata/canonical_v1/muscle_relations.csv,33,,,ADD,
MUSCLE_GROUP,POSTERIOR_CHAIN_ERECTORS,app/src/main/assets/metadata/canonical_v1/muscle_relations.csv,7,,,ADD,
MUSCLE_GROUP,QUADS,app/src/main/assets/metadata/canonical_v1/muscle_relations.csv,37,,,ADD,
MUSCLE_GROUP,SHOULDERS,app/src/main/assets/metadata/canonical_v1/muscle_relations.csv,99,,,ADD,
MUSCLE_GROUP,TRICEPS,app/src/main/assets/metadata/canonical_v1/muscle_relations.csv,35,,,ADD,
NEUROMUSCULAR_STRESS,HIGH,app/src/main/assets/metadata/canonical_v1,1,높음,High,RETAIN,
NEUROMUSCULAR_STRESS,LOW,app/src/main/assets/metadata/canonical_v1,1,낮음,Low,RETAIN,
NEUROMUSCULAR_STRESS,MODERATE,app/src/main/assets/metadata/canonical_v1,1,보통,Moderate,RETAIN,
NEUROMUSCULAR_STRESS,VERY_HIGH,app/src/main/assets/metadata/canonical_v1,1,매우 높음,Very high,RETAIN,
OFI_AXIS,HIGH_FORCE_NEURAL,app/src/main/assets/metadata/canonical_v1,241,,,ADD,
OFI_AXIS,HIGH_SPEED,app/src/main/assets/metadata/canonical_v1,241,,,ADD,
OFI_AXIS,LOCAL_MUSCULAR,app/src/main/assets/metadata/canonical_v1,241,,,ADD,
OFI_AXIS,REACTIVE,app/src/main/assets/metadata/canonical_v1,241,,,ADD,
OFI_AXIS,SYSTEMIC_MUSCULAR,app/src/main/assets/metadata/canonical_v1,241,,,ADD,
PLANE,FRONTAL,app/src/main/assets/metadata/canonical_v1,25,,,ADD,
PLANE,MULTI_PLANAR,app/src/main/assets/metadata/canonical_v1,32,,,ADD,
PLANE,SAGITTAL,app/src/main/assets/metadata/canonical_v1,138,,,ADD,
PLANE,TRANSVERSE,app/src/main/assets/metadata/canonical_v1,62,,,ADD,
PLANNING_ELIGIBILITY,ANALYSIS_ONLY,app/src/main/assets/metadata/canonical_v1,1,분석에만 사용,Analysis only,RETAIN,
PLANNING_ELIGIBILITY,FATIGUE_ONLY,app/src/main/assets/metadata/canonical_v1,1,피로도 분석에만 사용,Fatigue analysis only,RETAIN,
PLANNING_ELIGIBILITY,HIDDEN,app/src/main/assets/metadata/canonical_v1,1,숨김,Hidden,RETAIN,
PLANNING_ELIGIBILITY,HISTORY_ONLY,app/src/main/assets/metadata/canonical_v1,1,,,ADD,
PLANNING_ELIGIBILITY,PROGRAM_SELECTABLE,app/src/main/assets/metadata/canonical_v1,1,프로그램에 사용 가능,Available for programs,RETAIN,
PRIMARY_STRESS_PROFILE,ANKLE_SSC_REACTIVE_STRESS,app/src/main/assets/metadata/canonical_v1,1,발목 SSC 반응성 스트레스,Ankle SSC reactive stress,RETAIN,
PRIMARY_STRESS_PROFILE,ANTI_ROTATION_CORE_STABILITY_STRESS,app/src/main/assets/metadata/canonical_v1,1,항 회전 코어 안정성 스트레스,Anti rotation core stability stress,RETAIN,
PRIMARY_STRESS_PROFILE,BALLISTIC_POWER_STRESS,app/src/main/assets/metadata/canonical_v1,1,탄도성 파워 스트레스,Ballistic power stress,RETAIN,
PRIMARY_STRESS_PROFILE,BODYWEIGHT_PUSH_STRESS,app/src/main/assets/metadata/canonical_v1,1,맨몸 밀기 스트레스,Bodyweight push stress,RETAIN,
PRIMARY_STRESS_PROFILE,CARDIO_CONDITIONING_STRESS,app/src/main/assets/metadata/canonical_v1,1,유산소 컨디셔닝 스트레스,Cardio conditioning stress,RETAIN,
PRIMARY_STRESS_PROFILE,COURT_SKILL_COGNITIVE_STRESS,app/src/main/assets/metadata/canonical_v1,1,코트 기술 인지 스트레스,Court skill cognitive stress,RETAIN,
PRIMARY_STRESS_PROFILE,COURT_SPORT_MOVEMENT_STRESS,app/src/main/assets/metadata/canonical_v1,1,코트 스포츠 동작 스트레스,Court sport movement stress,RETAIN,
PRIMARY_STRESS_PROFILE,DIP_PUSH_STRESS,app/src/main/assets/metadata/canonical_v1,1,Dip 밀기 스트레스,Dip push stress,REVISE,
PRIMARY_STRESS_PROFILE,DYNAMIC_CORE_FLEXION_STRESS,app/src/main/assets/metadata/canonical_v1,1,동적 코어 굴곡 스트레스,Dynamic core flexion stress,RETAIN,
PRIMARY_STRESS_PROFILE,ECCENTRIC_TENDON_STRESS,app/src/main/assets/metadata/canonical_v1,1,신장성 건 스트레스,Eccentric tendon stress,RETAIN,
PRIMARY_STRESS_PROFILE,HEAVY_AXIAL_LOWER_STRESS,app/src/main/assets/metadata/canonical_v1,1,고중량 축성 하체 스트레스,Heavy axial lower stress,RETAIN,
PRIMARY_STRESS_PROFILE,HINGE_POSTERIOR_CHAIN_STRESS,app/src/main/assets/metadata/canonical_v1,1,힌지 후면 운동사슬 스트레스,Hinge posterior chain stress,RETAIN,
PRIMARY_STRESS_PROFILE,HORIZONTAL_PUSH_STRESS,app/src/main/assets/metadata/canonical_v1,1,수평 밀기 스트레스,Horizontal push stress,RETAIN,
PRIMARY_STRESS_PROFILE,HORIZONTAL_ROW_STRESS,app/src/main/assets/metadata/canonical_v1,1,수평 Row 스트레스,Horizontal row stress,REVISE,
PRIMARY_STRESS_PROFILE,ISOLATION_ACCESSORY_STRESS,app/src/main/assets/metadata/canonical_v1,1,고립 보조 스트레스,Isolation accessory stress,RETAIN,
PRIMARY_STRESS_PROFILE,ISOMETRIC_CORE_BRACING_STRESS,app/src/main/assets/metadata/canonical_v1,1,등척성 코어 브레이싱 스트레스,Isometric core bracing stress,RETAIN,
PRIMARY_STRESS_PROFILE,LOADED_CARRY_BRACING_STRESS,app/src/main/assets/metadata/canonical_v1,1,중량 캐리 브레이싱 스트레스,Loaded carry bracing stress,RETAIN,
PRIMARY_STRESS_PROFILE,LOW_LOAD_PREHAB_CONTROL_STRESS,app/src/main/assets/metadata/canonical_v1,1,Low 부하 프리햅 제어 스트레스,Low load prehab control stress,REVISE,
PRIMARY_STRESS_PROFILE,LUNGE_DECELERATION_STRESS,app/src/main/assets/metadata/canonical_v1,1,런지 감속 스트레스,Lunge deceleration stress,RETAIN,
PRIMARY_STRESS_PROFILE,MACHINE_LOWER_BODY_STRESS,app/src/main/assets/metadata/canonical_v1,1,머신 하체 신체 스트레스,Machine lower body stress,RETAIN,
PRIMARY_STRESS_PROFILE,MOBILITY_RECOVERY_STRESS,app/src/main/assets/metadata/canonical_v1,1,가동성 회복 스트레스,Mobility recovery stress,RETAIN,
PRIMARY_STRESS_PROFILE,OVERHEAD_PUSH_STRESS,app/src/main/assets/metadata/canonical_v1,1,머리 위 밀기 스트레스,Overhead push stress,RETAIN,
PRIMARY_STRESS_PROFILE,OVERHEAD_RACKET_STRESS,app/src/main/assets/metadata/canonical_v1,1,머리 위 Racket 스트레스,Overhead racket stress,REVISE,
PRIMARY_STRESS_PROFILE,PLYOMETRIC_LANDING_STRESS,app/src/main/assets/metadata/canonical_v1,1,플라이오메트릭 착지 스트레스,Plyometric landing stress,RETAIN,
PRIMARY_STRESS_PROFILE,ROTATIONAL_CORE_STABILITY_STRESS,app/src/main/assets/metadata/canonical_v1,1,회전 코어 안정성 스트레스,Rotational core stability stress,RETAIN,
PRIMARY_STRESS_PROFILE,UNILATERAL_LOWER_STABILITY_STRESS,app/src/main/assets/metadata/canonical_v1,1,편측 하체 안정성 스트레스,Unilateral lower stability stress,RETAIN,
PRIMARY_STRESS_PROFILE,VERTICAL_PULL_STRESS,app/src/main/assets/metadata/canonical_v1,1,수직 당기기 스트레스,Vertical pull stress,RETAIN,
PROGRAM_SLOT,ACCESSORY_ROTATION,app/src/main/assets/metadata/canonical_v1,1,보조 회전,Accessory rotation,RETAIN,
PROGRAM_SLOT,ANKLE_CALF_SUPPORT,app/src/main/assets/metadata/canonical_v1,1,발목 종아리 보조,Ankle calf support,RETAIN,
PROGRAM_SLOT,ANKLE_SSC_CONDITIONING,app/src/main/assets/metadata/canonical_v1,1,발목 SSC 컨디셔닝,Ankle SSC conditioning,RETAIN,
PROGRAM_SLOT,ATHLETIC_OVERHEAD_PRESS_SUPPORT,app/src/main/assets/metadata/canonical_v1,1,Athletic 머리 위 프레스 보조,Athletic overhead press support,REVISE,
PROGRAM_SLOT,BADMINTON_DECEL_COD,app/src/main/assets/metadata/canonical_v1,1,배드민턴 Decel COD,Badminton decel COD,REVISE,
PROGRAM_SLOT,BADMINTON_FOOTWORK,app/src/main/assets/metadata/canonical_v1,1,배드민턴 풋워크,Badminton footwork,RETAIN,
PROGRAM_SLOT,BADMINTON_FOOTWORK_REACTION,app/src/main/assets/metadata/canonical_v1,1,배드민턴 풋워크 반응,Badminton footwork reaction,RETAIN,
PROGRAM_SLOT,BALLISTIC_HINGE_POWER,app/src/main/assets/metadata/canonical_v1,1,탄도성 힌지 파워,Ballistic hinge power,RETAIN,
PROGRAM_SLOT,BICEPS_ACCESSORY,app/src/main/assets/metadata/canonical_v1,1,이두근 보조,Biceps accessory,RETAIN,
PROGRAM_SLOT,BODYWEIGHT_LOWER_PATTERN,app/src/main/assets/metadata/canonical_v1,1,맨몸 하체 패턴,Bodyweight lower pattern,RETAIN,
PROGRAM_SLOT,BODYWEIGHT_VERTICAL_PUSH,app/src/main/assets/metadata/canonical_v1,1,맨몸 수직 밀기,Bodyweight vertical push,RETAIN,
PROGRAM_SLOT,BRACHIALIS_FOREARM_ACCESSORY,app/src/main/assets/metadata/canonical_v1,1,Brachialis 전완 보조,Brachialis forearm accessory,REVISE,
PROGRAM_SLOT,CALF_ANKLE_CAPACITY,app/src/main/assets/metadata/canonical_v1,1,종아리 발목 Capacity,Calf ankle capacity,REVISE,
PROGRAM_SLOT,CHEST_ISOLATION_ACCESSORY,app/src/main/assets/metadata/canonical_v1,1,가슴 고립 보조,Chest isolation accessory,RETAIN,
PROGRAM_SLOT,CONDITIONING,app/src/main/assets/metadata/canonical_v1,1,컨디셔닝,Conditioning,RETAIN,
PROGRAM_SLOT,CONDITIONING_CORE,app/src/main/assets/metadata/canonical_v1,1,컨디셔닝 코어,Conditioning core,RETAIN,
PROGRAM_SLOT,CORE_FLEXION_ACCESSORY,app/src/main/assets/metadata/canonical_v1,1,코어 굴곡 보조,Core flexion accessory,RETAIN,
PROGRAM_SLOT,CORE_STABILITY,app/src/main/assets/metadata/canonical_v1,1,코어 안정성,Core stability,RETAIN,
PROGRAM_SLOT,CORE_STABILITY_ACCESSORY,app/src/main/assets/metadata/canonical_v1,1,코어 안정성 보조,Core stability accessory,RETAIN,
PROGRAM_SLOT,DECELERATION_LANDING,app/src/main/assets/metadata/canonical_v1,1,감속·착지,Deceleration landing,RETAIN,
PROGRAM_SLOT,FOREARM_GRIP_ACCESSORY,app/src/main/assets/metadata/canonical_v1,1,전완 그립 보조,Forearm grip accessory,RETAIN,
PROGRAM_SLOT,FOREARM_GRIP_ELBOW_SUPPORT,app/src/main/assets/metadata/canonical_v1,1,전완 그립 팔꿈치 보조,Forearm grip elbow support,RETAIN,
PROGRAM_SLOT,GLUTE_ACCESSORY,app/src/main/assets/metadata/canonical_v1,1,둔근 보조,Glute accessory,RETAIN,
PROGRAM_SLOT,GLUTE_POSTERIOR_CHAIN_ACCESSORY,app/src/main/assets/metadata/canonical_v1,1,둔근 후면 운동사슬 보조,Glute posterior chain accessory,RETAIN,
PROGRAM_SLOT,HAMSTRING_ISOLATION_ACCESSORY,app/src/main/assets/metadata/canonical_v1,1,햄스트링 고립 보조,Hamstring isolation accessory,RETAIN,
PROGRAM_SLOT,HIP_ABDUCTOR_GLUTE_MED_ACCESSORY,app/src/main/assets/metadata/canonical_v1,1,고관절 Abductor 둔근 Med 보조,Hip abductor glute med accessory,REVISE,
PROGRAM_SLOT,HIP_ADDUCTOR_ACCESSORY,app/src/main/assets/metadata/canonical_v1,1,고관절 Adductor 보조,Hip adductor accessory,REVISE,
PROGRAM_SLOT,HIP_HINGE_POSTERIOR_CHAIN,app/src/main/assets/metadata/canonical_v1,1,고관절 힌지 후면 운동사슬,Hip hinge posterior chain,RETAIN,
PROGRAM_SLOT,HORIZONTAL_PULL_STRENGTH,app/src/main/assets/metadata/canonical_v1,1,수평 당기기 근력,Horizontal pull strength,RETAIN,
PROGRAM_SLOT,HORIZONTAL_PUSH_STRENGTH_OR_ACCESSORY,app/src/main/assets/metadata/canonical_v1,1,수평 밀기 근력·보조,Horizontal push strength or accessory,RETAIN,
PROGRAM_SLOT,KNEE_DOMINANT_ACCESSORY,app/src/main/assets/metadata/canonical_v1,1,무릎 Dominant 보조,Knee dominant accessory,REVISE,
PROGRAM_SLOT,LAT_ACCESSORY,app/src/main/assets/metadata/canonical_v1,1,Lat 보조,Lat accessory,REVISE,
PROGRAM_SLOT,LOADED_CARRY_BRACING,app/src/main/assets/metadata/canonical_v1,1,중량 캐리 브레이싱,Loaded carry bracing,RETAIN,
PROGRAM_SLOT,LOWER_BODY_ISOMETRIC_ACCESSORY,app/src/main/assets/metadata/canonical_v1,1,하체 신체 등척성 보조,Lower body isometric accessory,RETAIN,
PROGRAM_SLOT,LOWER_SQUAT_PATTERN,app/src/main/assets/metadata/canonical_v1,1,하체 스쿼트 패턴,Lower squat pattern,RETAIN,
PROGRAM_SLOT,MACHINE_LOWER_BODY_STRENGTH,app/src/main/assets/metadata/canonical_v1,1,머신 하체 신체 근력,Machine lower body strength,RETAIN,
PROGRAM_SLOT,MAIN_HINGE_STRENGTH,app/src/main/assets/metadata/canonical_v1,1,힌지 메인 근력,Main hinge strength,RETAIN,
PROGRAM_SLOT,MAIN_LOWER_STRENGTH,app/src/main/assets/metadata/canonical_v1,1,하체 메인 근력,Main lower strength,RETAIN,
PROGRAM_SLOT,MOBILITY_RECOVERY,app/src/main/assets/metadata/canonical_v1,1,가동성 회복,Mobility recovery,RETAIN,
PROGRAM_SLOT,NOT_APPLICABLE,app/src/main/assets/metadata/canonical_v1,1,해당 없음,Not applicable,RETAIN,
PROGRAM_SLOT,OVERHEAD_PUSH_STRENGTH_OR_ACCESSORY,app/src/main/assets/metadata/canonical_v1,1,머리 위 밀기 근력·보조,Overhead push strength or accessory,RETAIN,
PROGRAM_SLOT,OVERHEAD_SMASH_SUPPORT,app/src/main/assets/metadata/canonical_v1,1,머리 위 Smash 보조,Overhead smash support,REVISE,
PROGRAM_SLOT,PLYOMETRIC_POWER,app/src/main/assets/metadata/canonical_v1,1,플라이오메트릭 파워,Plyometric power,RETAIN,
PROGRAM_SLOT,POSTERIOR_CHAIN_ACCESSORY,app/src/main/assets/metadata/canonical_v1,1,후면 운동사슬 보조,Posterior chain accessory,RETAIN,
PROGRAM_SLOT,POSTERIOR_CHAIN_CONTROL_ACCESSORY,app/src/main/assets/metadata/canonical_v1,1,후면 운동사슬 제어 보조,Posterior chain control accessory,RETAIN,
PROGRAM_SLOT,POWER_REACTIVE_LOW_VOLUME,app/src/main/assets/metadata/canonical_v1,1,파워·반응성 저볼륨,Power reactive low volume,RETAIN,
PROGRAM_SLOT,PULLOVER_ACCESSORY,app/src/main/assets/metadata/canonical_v1,1,Pullover 보조,Pullover accessory,REVISE,
PROGRAM_SLOT,QUAD_ISOLATION_ACCESSORY,app/src/main/assets/metadata/canonical_v1,1,대퇴사두근 고립 보조,Quad isolation accessory,RETAIN,
PROGRAM_SLOT,REAR_DELT_SCAPULAR_ACCESSORY,app/src/main/assets/metadata/canonical_v1,1,후면 Delt 견갑 보조,Rear delt scapular accessory,REVISE,
PROGRAM_SLOT,RECOVERY_PREHAB_LIGHT,app/src/main/assets/metadata/canonical_v1,1,회복·프리햅 저강도,Recovery prehab light,RETAIN,
PROGRAM_SLOT,RECOVERY_PREHAB_SCAPULAR_CONTROL,app/src/main/assets/metadata/canonical_v1,1,회복 프리햅 견갑 제어,Recovery prehab scapular control,RETAIN,
PROGRAM_SLOT,ROTATIONAL_KINETIC_CHAIN,app/src/main/assets/metadata/canonical_v1,1,회전 운동사슬,Rotational kinetic chain,RETAIN,
PROGRAM_SLOT,ROTATOR_CUFF_CARE,app/src/main/assets/metadata/canonical_v1,1,회전근개 회전근개 관리,Rotator cuff care,RETAIN,
PROGRAM_SLOT,RUNNING_MECHANICS_SUPPORT,app/src/main/assets/metadata/canonical_v1,1,Running Mechanics 보조,Running mechanics support,REVISE,
PROGRAM_SLOT,SCAPULAR_CONTROL_ACCESSORY,app/src/main/assets/metadata/canonical_v1,1,견갑 제어 보조,Scapular control accessory,RETAIN,
PROGRAM_SLOT,SCAPULAR_SHOULDER_SUPPORT,app/src/main/assets/metadata/canonical_v1,1,견갑·어깨 보조,Scapular shoulder support,RETAIN,
PROGRAM_SLOT,SHOULDER_ACCESSORY,app/src/main/assets/metadata/canonical_v1,1,어깨 보조,Shoulder accessory,RETAIN,
PROGRAM_SLOT,SINGLE_LEG_STRENGTH_CONTROL,app/src/main/assets/metadata/canonical_v1,1,한쪽 다리 근력 제어,Single leg strength control,RETAIN,
PROGRAM_SLOT,TOTAL_BODY_STABILITY_SKILL,app/src/main/assets/metadata/canonical_v1,1,Total 신체 안정성 기술,Total body stability skill,REVISE,
PROGRAM_SLOT,TRICEPS_ACCESSORY,app/src/main/assets/metadata/canonical_v1,1,삼두근 보조,Triceps accessory,RETAIN,
PROGRAM_SLOT,TRICEPS_EMPHASIS_COMPOUND_PUSH,app/src/main/assets/metadata/canonical_v1,1,삼두근 Emphasis 복합 밀기,Triceps emphasis compound push,REVISE,
PROGRAM_SLOT,TRUNK_ANTI_ROTATION_STABILITY,app/src/main/assets/metadata/canonical_v1,1,몸통 항회전 안정성,Trunk anti rotation stability,RETAIN,
PROGRAM_SLOT,UNILATERAL_HINGE_ACCESSORY,app/src/main/assets/metadata/canonical_v1,1,편측 힌지 보조,Unilateral hinge accessory,RETAIN,
PROGRAM_SLOT,UNILATERAL_LOWER_ACCESSORY,app/src/main/assets/metadata/canonical_v1,1,편측 하체 보조,Unilateral lower accessory,RETAIN,
PROGRAM_SLOT,UNILATERAL_LOWER_STRENGTH,app/src/main/assets/metadata/canonical_v1,1,편측 하체 근력,Unilateral lower strength,RETAIN,
PROGRAM_SLOT,UNILATERAL_SHOULDER_PRESS,app/src/main/assets/metadata/canonical_v1,1,편측 어깨 프레스,Unilateral shoulder press,RETAIN,
PROGRAM_SLOT,UNILATERAL_UPPER_PUSH,app/src/main/assets/metadata/canonical_v1,1,편측 상체 밀기,Unilateral upper push,RETAIN,
PROGRAM_SLOT,UPPER_PULL_ANCHOR,app/src/main/assets/metadata/canonical_v1,1,상체 당기기 Anchor,Upper pull anchor,REVISE,
PROGRAM_SLOT,UPPER_PUSH_ACCESSORY,app/src/main/assets/metadata/canonical_v1,1,상체 밀기 보조,Upper push accessory,RETAIN,
PROGRAM_SLOT,UPPER_PUSH_COMPOUND,app/src/main/assets/metadata/canonical_v1,1,상체 밀기 복합,Upper push compound,RETAIN,
PROGRAM_SLOT,UPPER_PUSH_STRENGTH,app/src/main/assets/metadata/canonical_v1,1,상체 밀기 근력,Upper push strength,RETAIN,
PROGRAM_SLOT,UPPER_PUSH_SUPPORT,app/src/main/assets/metadata/canonical_v1,1,상체 밀기 보조,Upper push support,RETAIN,
PROGRAM_SLOT,VERTICAL_PULL_STRENGTH,app/src/main/assets/metadata/canonical_v1,1,수직 당기기 근력,Vertical pull strength,RETAIN,
PROGRAM_SLOT_CAPABILITY,ACCESSORY_SLOT,app/src/main/assets/metadata/canonical_v1,1,보조 Slot,Accessory slot,REVISE,
PROGRAM_SLOT_CAPABILITY,MAIN_STRENGTH_SLOT,app/src/main/assets/metadata/canonical_v1,1,메인 근력 Slot,Main strength slot,REVISE,
PROGRAM_SLOT_CAPABILITY,PLYOMETRIC_SLOT,app/src/main/assets/metadata/canonical_v1,1,플라이오메트릭 Slot,Plyometric slot,REVISE,
PROGRAM_SLOT_CAPABILITY,POWER_SLOT,app/src/main/assets/metadata/canonical_v1,1,파워 Slot,Power slot,REVISE,
PROGRAM_SLOT_CAPABILITY,SECONDARY_STRENGTH_SLOT,app/src/main/assets/metadata/canonical_v1,1,Secondary 근력 Slot,Secondary strength slot,REVISE,
PROGRAM_SLOT_CAPABILITY,SPEED_REACTIVE_SLOT,app/src/main/assets/metadata/canonical_v1,1,속도 반응성 Slot,Speed reactive slot,REVISE,
PROGRAM_SLOT_CAPABILITY,STABILITY_SLOT,app/src/main/assets/metadata/canonical_v1,1,안정성 Slot,Stability slot,REVISE,
PROGRESSION_GROUP,ANTERIOR_CORE_FLEXION,app/src/main/assets/metadata/canonical_v1,3,,,ADD,
PROGRESSION_GROUP,ANTI_ROTATION,app/src/main/assets/metadata/canonical_v1,2,,,ADD,
PROGRESSION_GROUP,BADMINTON_TEST,app/src/main/assets/metadata/canonical_v1,18,,,ADD,
PROGRESSION_GROUP,BALLISTIC_HINGE_POWER,app/src/main/assets/metadata/canonical_v1,1,,,ADD,
PROGRESSION_GROUP,BODYWEIGHT_CONDITIONING_CORE,app/src/main/assets/metadata/canonical_v1,1,,,ADD,
PROGRESSION_GROUP,BODYWEIGHT_HORIZONTAL_PUSH,app/src/main/assets/metadata/canonical_v1,4,,,ADD,
PROGRESSION_GROUP,BODYWEIGHT_SQUAT_PATTERN,app/src/main/assets/metadata/canonical_v1,1,,,ADD,
PROGRESSION_GROUP,BODYWEIGHT_VERTICAL_PUSH,app/src/main/assets/metadata/canonical_v1,1,,,ADD,
PROGRESSION_GROUP,CALF_ACHILLES_ANKLE_STIFFNESS,app/src/main/assets/metadata/canonical_v1,8,,,ADD,
PROGRESSION_GROUP,CARDIO_CONDITIONING,app/src/main/assets/metadata/canonical_v1,6,,,ADD,
PROGRESSION_GROUP,CARRY,app/src/main/assets/metadata/canonical_v1,1,,,ADD,
PROGRESSION_GROUP,CARRY_GRIP_CORE_BRACING,app/src/main/assets/metadata/canonical_v1,4,,,ADD,
PROGRESSION_GROUP,CHEST_FLY_ISOLATION,app/src/main/assets/metadata/canonical_v1,4,,,ADD,
PROGRESSION_GROUP,CLOSE_GRIP_BENCH_TRICEPS_PUSH,app/src/main/assets/metadata/canonical_v1,1,,,ADD,
PROGRESSION_GROUP,CORE,app/src/main/assets/metadata/canonical_v1,58,,,ADD,
PROGRESSION_GROUP,CORE_BRACING_CONTROL,app/src/main/assets/metadata/canonical_v1,6,,,ADD,
PROGRESSION_GROUP,DIP_COMPOUND_PUSH,app/src/main/assets/metadata/canonical_v1,1,,,ADD,
PROGRESSION_GROUP,DIP_TRICEPS_PUSH,app/src/main/assets/metadata/canonical_v1,1,,,ADD,
PROGRESSION_GROUP,DUMBBELL_RDL_HINGE_ACCESSORY,app/src/main/assets/metadata/canonical_v1,1,,,ADD,
PROGRESSION_GROUP,ELBOW_EXTENSION_TRICEPS,app/src/main/assets/metadata/canonical_v1,8,,,ADD,
PROGRESSION_GROUP,ELBOW_FLEXION_CURL,app/src/main/assets/metadata/canonical_v1,15,,,ADD,
PROGRESSION_GROUP,ELBOW_FLEXION_NEUTRAL_PRONATED_CURL,app/src/main/assets/metadata/canonical_v1,8,,,ADD,
PROGRESSION_GROUP,FOREARM_WRIST_GRIP_ACCESSORY,app/src/main/assets/metadata/canonical_v1,7,,,ADD,
PROGRESSION_GROUP,FRONTAL_PLANE_SQUAT_ACCESSORY,app/src/main/assets/metadata/canonical_v1,1,,,ADD,
PROGRESSION_GROUP,GLUTE_ISOLATION_ACCESSORY,app/src/main/assets/metadata/canonical_v1,1,,,ADD,
PROGRESSION_GROUP,HALF_KNEELING_UNILATERAL_VERTICAL_PUSH,app/src/main/assets/metadata/canonical_v1,2,,,ADD,
PROGRESSION_GROUP,HAMSTRING_KNEE_FLEXION_ISOLATION,app/src/main/assets/metadata/canonical_v1,3,,,ADD,
PROGRESSION_GROUP,HANDSTAND_VERTICAL_PUSH,app/src/main/assets/metadata/canonical_v1,1,,,ADD,
PROGRESSION_GROUP,HEAVY_HINGE,app/src/main/assets/metadata/canonical_v1,2,,,ADD,
PROGRESSION_GROUP,HINGE,app/src/main/assets/metadata/canonical_v1,11,,,ADD,
PROGRESSION_GROUP,HIP_ABDUCTION_GLUTE_MED_ACCESSORY,app/src/main/assets/metadata/canonical_v1,2,,,ADD,
PROGRESSION_GROUP,HIP_ADDUCTION_ACCESSORY,app/src/main/assets/metadata/canonical_v1,4,,,ADD,
PROGRESSION_GROUP,HIP_EXTENSION_ACCESSORY,app/src/main/assets/metadata/canonical_v1,1,,,ADD,
PROGRESSION_GROUP,HIP_THRUST_GLUTE,app/src/main/assets/metadata/canonical_v1,3,,,ADD,
PROGRESSION_GROUP,HORIZONTAL_PULL_COMPOUND,app/src/main/assets/metadata/canonical_v1,24,,,ADD,
PROGRESSION_GROUP,HORIZONTAL_PUSH_COMPOUND,app/src/main/assets/metadata/canonical_v1,4,,,ADD,
PROGRESSION_GROUP,KNEE_EXTENSION_QUAD_ISOLATION,app/src/main/assets/metadata/canonical_v1,2,,,ADD,
PROGRESSION_GROUP,LATERAL_DELTOID_ISOLATION,app/src/main/assets/metadata/canonical_v1,4,,,ADD,
PROGRESSION_GROUP,LOWER_BODY_ISOMETRIC_HOLD,app/src/main/assets/metadata/canonical_v1,1,,,ADD,
PROGRESSION_GROUP,LOW_LOAD_POSTERIOR_CHAIN_CONTROL,app/src/main/assets/metadata/canonical_v1,1,,,ADD,
PROGRESSION_GROUP,LUNGE_UNILATERAL_LOWER,app/src/main/assets/metadata/canonical_v1,8,,,ADD,
PROGRESSION_GROUP,MACHINE_KNEE_DOMINANT_PRESS,app/src/main/assets/metadata/canonical_v1,2,,,ADD,
PROGRESSION_GROUP,MOBILITY_RECOVERY_PREP,app/src/main/assets/metadata/canonical_v1,2,,,ADD,
PROGRESSION_GROUP,NORDIC_HAMSTRING_ECCENTRIC,app/src/main/assets/metadata/canonical_v1,1,,,ADD,
PROGRESSION_GROUP,OVERHEAD_PRESS_SHOULDER_DOMINANT,app/src/main/assets/metadata/canonical_v1,7,,,ADD,
PROGRESSION_GROUP,OVERHEAD_TRICEPS_LONG_HEAD,app/src/main/assets/metadata/canonical_v1,5,,,ADD,
PROGRESSION_GROUP,POSTERIOR_DELTOID_HORIZONTAL_ABDUCTION,app/src/main/assets/metadata/canonical_v1,6,,,ADD,
PROGRESSION_GROUP,POWER_CORE_SHOULDER,app/src/main/assets/metadata/canonical_v1,2,,,ADD,
PROGRESSION_GROUP,PULLOVER_LAT_CHEST_ACCESSORY,app/src/main/assets/metadata/canonical_v1,1,,,ADD,
PROGRESSION_GROUP,QUAD_ECCENTRIC_KNEE_DOMINANT,app/src/main/assets/metadata/canonical_v1,1,,,ADD,
PROGRESSION_GROUP,ROTATION_POWER,app/src/main/assets/metadata/canonical_v1,15,,,ADD,
PROGRESSION_GROUP,SHOULDER_OVERHEAD,app/src/main/assets/metadata/canonical_v1,1,,,ADD,
PROGRESSION_GROUP,SINGLE_LEG_HINGE_STABILITY,app/src/main/assets/metadata/canonical_v1,5,,,ADD,
PROGRESSION_GROUP,SINGLE_LEG_SQUAT_STABILITY,app/src/main/assets/metadata/canonical_v1,3,,,ADD,
PROGRESSION_GROUP,SQUAT,app/src/main/assets/metadata/canonical_v1,28,,,ADD,
PROGRESSION_GROUP,SQUAT_PATTERN_ACCESSORY,app/src/main/assets/metadata/canonical_v1,4,,,ADD,
PROGRESSION_GROUP,SQUAT_PATTERN_HEAVY_LOWER,app/src/main/assets/metadata/canonical_v1,5,,,ADD,
PROGRESSION_GROUP,STEP_UP_SINGLE_LEG_KNEE_HIP_EXTENSION,app/src/main/assets/metadata/canonical_v1,3,,,ADD,
PROGRESSION_GROUP,STRAIGHT_ARM_LAT_ACCESSORY,app/src/main/assets/metadata/canonical_v1,2,,,ADD,
PROGRESSION_GROUP,TOTAL_BODY_STABILITY_SKILL,app/src/main/assets/metadata/canonical_v1,1,,,ADD,
PROGRESSION_GROUP,TRUNK_ANTI_MOVEMENT,app/src/main/assets/metadata/canonical_v1,4,,,ADD,
PROGRESSION_GROUP,UNILATERAL_HORIZONTAL_PUSH,app/src/main/assets/metadata/canonical_v1,1,,,ADD,
PROGRESSION_GROUP,UNILATERAL_INCLINE_PUSH,app/src/main/assets/metadata/canonical_v1,1,,,ADD,
PROGRESSION_GROUP,UPPER_PULL_HORIZONTAL,app/src/main/assets/metadata/canonical_v1,23,,,ADD,
PROGRESSION_GROUP,UPPER_PUSH_HORIZONTAL,app/src/main/assets/metadata/canonical_v1,13,,,ADD,
PROGRESSION_GROUP,UPPER_PUSH_VERTICAL,app/src/main/assets/metadata/canonical_v1,11,,,ADD,
PROGRESSION_GROUP,VERTICAL_PULL_COMPOUND,app/src/main/assets/metadata/canonical_v1,8,,,ADD,
PROGRESS_METRIC,COUNT_ONLY,app/src/main/assets/metadata/canonical_v1,1,횟수만 기록,Count only,RETAIN,
PROGRESS_METRIC,DISTANCE_OR_TIME_LOAD,app/src/main/assets/metadata/canonical_v1,2,Distance Or 시간 부하,Distance or time load,REVISE,
PROGRESS_METRIC,ESTIMATED_1RM,app/src/main/assets/metadata/canonical_v1,80,추정 1RM,Estimated 1RM,REVISE,
PROGRESS_METRIC,LOAD_REPS,app/src/main/assets/metadata/canonical_v1,2,중량·반복수,Load and repetitions,RETAIN,
PROGRESS_METRIC,LOAD_REPS_OR_REPS,app/src/main/assets/metadata/canonical_v1,1,부하 Reps Or Reps,Load reps or reps,REVISE,
PROGRESS_METRIC,LOAD_REPS_OR_TIME,app/src/main/assets/metadata/canonical_v1,2,부하 Reps Or 시간,Load reps or time,REVISE,
PROGRESS_METRIC,MACHINE_LOAD_REPS,app/src/main/assets/metadata/canonical_v1,1,머신 부하 Reps,Machine load reps,REVISE,
PROGRESS_METRIC,NOT_APPLICABLE,app/src/main/assets/metadata/canonical_v1,0,해당 없음,Not applicable,RETAINED_SEARCH_ONLY,
PROGRESS_METRIC,NOT_PROGRESS_TARGET,app/src/main/assets/metadata/canonical_v1,6,,,ADD,
PROGRESS_METRIC,QUALITY_BASED,app/src/main/assets/metadata/canonical_v1,74,수행 품질,Performance quality,RETAIN,
PROGRESS_METRIC,QUALITY_LOAD_REPS,app/src/main/assets/metadata/canonical_v1,1,품질 부하 Reps,Quality load reps,REVISE,
PROGRESS_METRIC,REPS_AT_LOAD,app/src/main/assets/metadata/canonical_v1,1,Reps At 부하,Reps at load,REVISE,
PROGRESS_METRIC,REPS_OR_TIME,app/src/main/assets/metadata/canonical_v1,1,반복수 또는 시간,Repetitions or time,RETAIN,
PROGRESS_METRIC,SESSION_DURATION,app/src/main/assets/metadata/canonical_v1,1,세션 시간,Session duration,RETAIN,
PROGRESS_METRIC,TIME,app/src/main/assets/metadata/canonical_v1,1,시간,Time,RETAIN,
PROGRESS_METRIC,TIME_DISTANCE,app/src/main/assets/metadata/canonical_v1,1,시간·거리,Time and distance,RETAIN,
PROGRESS_METRIC,TIME_DISTANCE_PACE_OR_INTENSITY,app/src/main/assets/metadata/canonical_v1,1,시간 Distance Pace Or Intensity,Time distance pace or intensity,REVISE,
PROGRESS_METRIC,TIME_OR_COMPLETION,app/src/main/assets/metadata/canonical_v1,1,시간 Or Completion,Time or completion,REVISE,
PROGRESS_METRIC,TIME_OR_DISTANCE,app/src/main/assets/metadata/canonical_v1,11,시간 Or Distance,Time or distance,REVISE,
PROGRESS_METRIC,TIME_OR_REPS,app/src/main/assets/metadata/canonical_v1,1,시간 Or Reps,Time or reps,REVISE,
PROGRESS_METRIC,VOLUME_LOAD,app/src/main/assets/metadata/canonical_v1,80,볼륨 부하,Volume load,RETAIN,
RECOVERY_DECAY,LONG,app/src/main/assets/metadata/canonical_v1,1,김,Long,RETAIN,
RECOVERY_DECAY,MEDIUM,app/src/main/assets/metadata/canonical_v1,1,보통,Medium,RETAIN,
RECOVERY_DECAY,SHORT,app/src/main/assets/metadata/canonical_v1,1,짧음,Short,RETAIN,
RECOVERY_DECAY,VERY_LONG,app/src/main/assets/metadata/canonical_v1,1,매우 김,Very long,RETAIN,
RECOVERY_DURATION,LONG,app/src/main/assets/metadata/canonical_v1,1,김,Long,RETAIN,
RECOVERY_DURATION,MEDIUM,app/src/main/assets/metadata/canonical_v1,1,보통,Medium,RETAIN,
RECOVERY_DURATION,SHORT,app/src/main/assets/metadata/canonical_v1,1,짧음,Short,RETAIN,
RECOVERY_DURATION,VERY_LONG,app/src/main/assets/metadata/canonical_v1,1,매우 김,Very long,RETAIN,
RECOVERY_PROFILE,LONG,app/src/main/assets/metadata/canonical_v1,74,,,ADD,
RECOVERY_PROFILE,MEDIUM,app/src/main/assets/metadata/canonical_v1,190,,,ADD,
RECOVERY_PROFILE,MINIMAL,app/src/main/assets/metadata/canonical_v1,6,,,ADD,
RECOVERY_PROFILE,SHORT,app/src/main/assets/metadata/canonical_v1,183,,,ADD,
RECOVERY_PROFILE,VERY_LONG,app/src/main/assets/metadata/canonical_v1,45,,,ADD,
REDUNDANCY_GROUP,ACCESSORY_ROTATION,app/src/main/assets/metadata/canonical_v1,1,보조 회전,Accessory rotation,RETAIN,
REDUNDANCY_GROUP,ANKLE_STIFFNESS_SSC_CONDITIONING,app/src/main/assets/metadata/canonical_v1,1,발목 강성 SSC 컨디셔닝,Ankle stiffness SSC conditioning,RETAIN,
REDUNDANCY_GROUP,ANTERIOR_CORE_FLEXION,app/src/main/assets/metadata/canonical_v1,1,전면 코어 굴곡,Anterior core flexion,RETAIN,
REDUNDANCY_GROUP,ATHLETIC_OVERHEAD_PRESS_SUPPORT,app/src/main/assets/metadata/canonical_v1,1,Athletic 머리 위 프레스 보조,Athletic overhead press support,REVISE,
REDUNDANCY_GROUP,BADMINTON_COURT_FOOTWORK,app/src/main/assets/metadata/canonical_v1,1,배드민턴 코트 풋워크,Badminton court footwork,RETAIN,
REDUNDANCY_GROUP,BADMINTON_DECEL_COD,app/src/main/assets/metadata/canonical_v1,1,배드민턴 Decel COD,Badminton decel COD,REVISE,
REDUNDANCY_GROUP,BADMINTON_FOOTWORK_REACTION,app/src/main/assets/metadata/canonical_v1,1,배드민턴 풋워크 반응,Badminton footwork reaction,RETAIN,
REDUNDANCY_GROUP,BADMINTON_REACTIVE_LUNGE_FOOTWORK,app/src/main/assets/metadata/canonical_v1,1,배드민턴 반응성 런지 풋워크,Badminton reactive lunge footwork,RETAIN,
REDUNDANCY_GROUP,BALLISTIC_HINGE_POWER,app/src/main/assets/metadata/canonical_v1,1,탄도성 힌지 파워,Ballistic hinge power,RETAIN,
REDUNDANCY_GROUP,BAND_ROTATIONAL_CHAIN,app/src/main/assets/metadata/canonical_v1,1,밴드 회전 운동사슬,Band rotational chain,RETAIN,
REDUNDANCY_GROUP,BODYWEIGHT_CONDITIONING_CORE,app/src/main/assets/metadata/canonical_v1,1,맨몸 컨디셔닝 코어,Bodyweight conditioning core,RETAIN,
REDUNDANCY_GROUP,BODYWEIGHT_CONDITIONING_POWER,app/src/main/assets/metadata/canonical_v1,1,맨몸 컨디셔닝 파워,Bodyweight conditioning power,RETAIN,
REDUNDANCY_GROUP,BODYWEIGHT_HORIZONTAL_PUSH,app/src/main/assets/metadata/canonical_v1,1,맨몸 수평 밀기,Bodyweight horizontal push,RETAIN,
REDUNDANCY_GROUP,BODYWEIGHT_SQUAT_PATTERN,app/src/main/assets/metadata/canonical_v1,1,맨몸 스쿼트 패턴,Bodyweight squat pattern,RETAIN,
REDUNDANCY_GROUP,BODYWEIGHT_VERTICAL_PUSH,app/src/main/assets/metadata/canonical_v1,1,맨몸 수직 밀기,Bodyweight vertical push,RETAIN,
REDUNDANCY_GROUP,CABLE_ROTATIONAL_CHAIN,app/src/main/assets/metadata/canonical_v1,1,Cable 회전 운동사슬,Cable rotational chain,REVISE,
REDUNDANCY_GROUP,CALF_ACHILLES_ANKLE_STIFFNESS,app/src/main/assets/metadata/canonical_v1,1,종아리 아킬레스 발목 강성,Calf achilles ankle stiffness,RETAIN,
REDUNDANCY_GROUP,CALF_ANKLE_CAPACITY,app/src/main/assets/metadata/canonical_v1,1,종아리 발목 Capacity,Calf ankle capacity,REVISE,
REDUNDANCY_GROUP,CARDIO_CONDITIONING,app/src/main/assets/metadata/canonical_v1,1,유산소 컨디셔닝,Cardio conditioning,RETAIN,
REDUNDANCY_GROUP,CARRY_GRIP_CORE_BRACING,app/src/main/assets/metadata/canonical_v1,1,캐리 그립 코어 브레이싱,Carry grip core bracing,RETAIN,
REDUNDANCY_GROUP,CHEST_FLY_ISOLATION,app/src/main/assets/metadata/canonical_v1,1,가슴 Fly 고립,Chest fly isolation,REVISE,
REDUNDANCY_GROUP,CLOSE_GRIP_BENCH_TRICEPS_PUSH,app/src/main/assets/metadata/canonical_v1,1,Close 그립 벤치 삼두근 밀기,Close grip bench triceps push,REVISE,
REDUNDANCY_GROUP,CORE_BRACING_CONTROL,app/src/main/assets/metadata/canonical_v1,1,코어 브레이싱 제어,Core bracing control,RETAIN,
REDUNDANCY_GROUP,DIP_COMPOUND_PUSH,app/src/main/assets/metadata/canonical_v1,1,Dip 복합 밀기,Dip compound push,REVISE,
REDUNDANCY_GROUP,DIP_TRICEPS_PUSH,app/src/main/assets/metadata/canonical_v1,1,Dip 삼두근 밀기,Dip triceps push,REVISE,
REDUNDANCY_GROUP,DUMBBELL_RDL_HINGE_ACCESSORY,app/src/main/assets/metadata/canonical_v1,1,Dumbbell RDL 힌지 보조,Dumbbell RDL hinge accessory,REVISE,
REDUNDANCY_GROUP,ELBOW_EXTENSION_TRICEPS,app/src/main/assets/metadata/canonical_v1,1,팔꿈치 신전 삼두근,Elbow extension triceps,RETAIN,
REDUNDANCY_GROUP,ELBOW_FLEXION_CURL,app/src/main/assets/metadata/canonical_v1,1,팔꿈치 굴곡 Curl,Elbow flexion curl,REVISE,
REDUNDANCY_GROUP,ELBOW_FLEXION_NEUTRAL_PRONATED_CURL,app/src/main/assets/metadata/canonical_v1,1,팔꿈치 굴곡 Neutral Pronated Curl,Elbow flexion neutral pronated curl,REVISE,
REDUNDANCY_GROUP,FOREARM_GRIP_ELBOW_SUPPORT,app/src/main/assets/metadata/canonical_v1,1,전완 그립 팔꿈치 보조,Forearm grip elbow support,RETAIN,
REDUNDANCY_GROUP,FOREARM_WRIST_GRIP_ACCESSORY,app/src/main/assets/metadata/canonical_v1,1,전완 손목 그립 보조,Forearm wrist grip accessory,RETAIN,
REDUNDANCY_GROUP,FRONTAL_PLANE_SQUAT_ACCESSORY,app/src/main/assets/metadata/canonical_v1,1,전두면 면 스쿼트 보조,Frontal plane squat accessory,RETAIN,
REDUNDANCY_GROUP,GLUTE_ISOLATION_ACCESSORY,app/src/main/assets/metadata/canonical_v1,1,둔근 고립 보조,Glute isolation accessory,RETAIN,
REDUNDANCY_GROUP,HALF_KNEELING_UNILATERAL_VERTICAL_PUSH,app/src/main/assets/metadata/canonical_v1,1,Half Kneeling 편측 수직 밀기,Half kneeling unilateral vertical push,REVISE,
REDUNDANCY_GROUP,HAMSTRING_KNEE_FLEXION_ISOLATION,app/src/main/assets/metadata/canonical_v1,1,햄스트링 무릎 굴곡 고립,Hamstring knee flexion isolation,RETAIN,
REDUNDANCY_GROUP,HANDSTAND_VERTICAL_PUSH,app/src/main/assets/metadata/canonical_v1,1,Handstand 수직 밀기,Handstand vertical push,REVISE,
REDUNDANCY_GROUP,HEAVY_HINGE,app/src/main/assets/metadata/canonical_v1,1,고중량 힌지,Heavy hinge,RETAIN,
REDUNDANCY_GROUP,HIP_ABDUCTION_GLUTE_MED_ACCESSORY,app/src/main/assets/metadata/canonical_v1,1,고관절 Abduction 둔근 Med 보조,Hip abduction glute med accessory,REVISE,
REDUNDANCY_GROUP,HIP_ADDUCTION_ACCESSORY,app/src/main/assets/metadata/canonical_v1,1,고관절 Adduction 보조,Hip adduction accessory,REVISE,
REDUNDANCY_GROUP,HIP_EXTENSION_ACCESSORY,app/src/main/assets/metadata/canonical_v1,1,고관절 신전 보조,Hip extension accessory,RETAIN,
REDUNDANCY_GROUP,HIP_HINGE_POSTERIOR_CHAIN,app/src/main/assets/metadata/canonical_v1,1,고관절 힌지 후면 운동사슬,Hip hinge posterior chain,RETAIN,
REDUNDANCY_GROUP,HIP_THRUST_GLUTE,app/src/main/assets/metadata/canonical_v1,1,고관절 Thrust 둔근,Hip thrust glute,REVISE,
REDUNDANCY_GROUP,HORIZONTAL_PULL_COMPOUND,app/src/main/assets/metadata/canonical_v1,1,수평 당기기 복합,Horizontal pull compound,RETAIN,
REDUNDANCY_GROUP,HORIZONTAL_PUSH_COMPOUND,app/src/main/assets/metadata/canonical_v1,1,수평 밀기 복합,Horizontal push compound,RETAIN,
REDUNDANCY_GROUP,KNEE_EXTENSION_QUAD_ISOLATION,app/src/main/assets/metadata/canonical_v1,1,무릎 신전 대퇴사두근 고립,Knee extension quad isolation,RETAIN,
REDUNDANCY_GROUP,LANDMINE_ROTATIONAL_CHAIN,app/src/main/assets/metadata/canonical_v1,1,Landmine 회전 운동사슬,Landmine rotational chain,REVISE,
REDUNDANCY_GROUP,LATERAL_CONTINUOUS_SSC,app/src/main/assets/metadata/canonical_v1,1,측면 Continuous SSC,Lateral continuous SSC,REVISE,
REDUNDANCY_GROUP,LATERAL_DECELERATION_SSC,app/src/main/assets/metadata/canonical_v1,1,측면 감속 SSC,Lateral deceleration SSC,RETAIN,
REDUNDANCY_GROUP,LATERAL_DELTOID_ISOLATION,app/src/main/assets/metadata/canonical_v1,1,측면 Deltoid 고립,Lateral deltoid isolation,REVISE,
REDUNDANCY_GROUP,LOADED_ROTATIONAL_CHAIN,app/src/main/assets/metadata/canonical_v1,1,중량 회전 운동사슬,Loaded rotational chain,RETAIN,
REDUNDANCY_GROUP,LOWER_BODY_ISOMETRIC_HOLD,app/src/main/assets/metadata/canonical_v1,1,하체 신체 등척성 Hold,Lower body isometric hold,REVISE,
REDUNDANCY_GROUP,LOWER_SQUAT_PATTERN,app/src/main/assets/metadata/canonical_v1,1,하체 스쿼트 패턴,Lower squat pattern,RETAIN,
REDUNDANCY_GROUP,LOW_LOAD_POSTERIOR_CHAIN_CONTROL,app/src/main/assets/metadata/canonical_v1,1,Low 부하 후면 운동사슬 제어,Low load posterior chain control,REVISE,
REDUNDANCY_GROUP,LUNGE_UNILATERAL_LOWER,app/src/main/assets/metadata/canonical_v1,1,런지 편측 하체,Lunge unilateral lower,RETAIN,
REDUNDANCY_GROUP,MACHINE_KNEE_DOMINANT_PRESS,app/src/main/assets/metadata/canonical_v1,1,머신 무릎 Dominant 프레스,Machine knee dominant press,REVISE,
REDUNDANCY_GROUP,MED_BALL_EXPLOSIVE_THROW,app/src/main/assets/metadata/canonical_v1,1,Med Ball 폭발력 Throw,Med ball explosive throw,REVISE,
REDUNDANCY_GROUP,MED_BALL_OVERHEAD_POWER,app/src/main/assets/metadata/canonical_v1,1,Med Ball 머리 위 파워,Med ball overhead power,REVISE,
REDUNDANCY_GROUP,MED_BALL_ROTATIONAL_POWER,app/src/main/assets/metadata/canonical_v1,1,Med Ball 회전 파워,Med ball rotational power,REVISE,
REDUNDANCY_GROUP,MOBILITY_RECOVERY_PREP,app/src/main/assets/metadata/canonical_v1,1,가동성 회복 Prep,Mobility recovery prep,REVISE,
REDUNDANCY_GROUP,NORDIC_HAMSTRING_ECCENTRIC,app/src/main/assets/metadata/canonical_v1,1,Nordic 햄스트링 신장성,Nordic hamstring eccentric,REVISE,
REDUNDANCY_GROUP,NOT_APPLICABLE,app/src/main/assets/metadata/canonical_v1,1,해당 없음,Not applicable,RETAIN,
REDUNDANCY_GROUP,OVERHEAD_PRESS_SHOULDER_DOMINANT,app/src/main/assets/metadata/canonical_v1,1,머리 위 프레스 어깨 Dominant,Overhead press shoulder dominant,REVISE,
REDUNDANCY_GROUP,OVERHEAD_SMASH_SUPPORT,app/src/main/assets/metadata/canonical_v1,1,머리 위 Smash 보조,Overhead smash support,REVISE,
REDUNDANCY_GROUP,OVERHEAD_TRICEPS_LONG_HEAD,app/src/main/assets/metadata/canonical_v1,1,머리 위 삼두근 Long Head,Overhead triceps long head,REVISE,
REDUNDANCY_GROUP,PLYOMETRIC_LUNGE_SSC,app/src/main/assets/metadata/canonical_v1,1,플라이오메트릭 런지 SSC,Plyometric lunge SSC,RETAIN,
REDUNDANCY_GROUP,POSTERIOR_DELTOID_HORIZONTAL_ABDUCTION,app/src/main/assets/metadata/canonical_v1,1,후면 Deltoid 수평 Abduction,Posterior deltoid horizontal abduction,REVISE,
REDUNDANCY_GROUP,POWER_REACTIVE_LOW_VOLUME,app/src/main/assets/metadata/canonical_v1,1,파워·반응성 저볼륨,Power reactive low volume,RETAIN,
REDUNDANCY_GROUP,PULLOVER_LAT_CHEST_ACCESSORY,app/src/main/assets/metadata/canonical_v1,1,Pullover Lat 가슴 보조,Pullover lat chest accessory,REVISE,
REDUNDANCY_GROUP,QUAD_ECCENTRIC_KNEE_DOMINANT,app/src/main/assets/metadata/canonical_v1,1,대퇴사두근 신장성 무릎 Dominant,Quad eccentric knee dominant,REVISE,
REDUNDANCY_GROUP,RECOVERY_PREHAB_LIGHT,app/src/main/assets/metadata/canonical_v1,1,회복·프리햅 저강도,Recovery prehab light,RETAIN,
REDUNDANCY_GROUP,ROTATIONAL_KINETIC_CHAIN,app/src/main/assets/metadata/canonical_v1,1,회전 운동사슬,Rotational kinetic chain,RETAIN,
REDUNDANCY_GROUP,ROTATOR_CUFF_PREHAB,app/src/main/assets/metadata/canonical_v1,1,회전근개 회전근개 프리햅,Rotator cuff prehab,RETAIN,
REDUNDANCY_GROUP,RUNNING_MECHANICS_SUPPORT,app/src/main/assets/metadata/canonical_v1,1,Running Mechanics 보조,Running mechanics support,REVISE,
REDUNDANCY_GROUP,SCAPULAR_PROTRACTION_CONTROL,app/src/main/assets/metadata/canonical_v1,1,견갑 Protraction 제어,Scapular protraction control,REVISE,
REDUNDANCY_GROUP,SCAPULAR_RETRACTION_EXTERNAL_ROTATION,app/src/main/assets/metadata/canonical_v1,1,견갑 Retraction External 회전,Scapular retraction external rotation,REVISE,
REDUNDANCY_GROUP,SCAPULAR_SHOULDER_CONTROL,app/src/main/assets/metadata/canonical_v1,1,견갑 어깨 제어,Scapular shoulder control,RETAIN,
REDUNDANCY_GROUP,SCAPULAR_SHOULDER_SUPPORT,app/src/main/assets/metadata/canonical_v1,1,견갑·어깨 보조,Scapular shoulder support,RETAIN,
REDUNDANCY_GROUP,SCAPULAR_UPWARD_ROTATION_CONTROL,app/src/main/assets/metadata/canonical_v1,1,견갑 Upward 회전 제어,Scapular upward rotation control,REVISE,
REDUNDANCY_GROUP,SINGLE_LEG_HINGE_STABILITY,app/src/main/assets/metadata/canonical_v1,1,한쪽 다리 힌지 안정성,Single leg hinge stability,RETAIN,
REDUNDANCY_GROUP,SINGLE_LEG_SQUAT_STABILITY,app/src/main/assets/metadata/canonical_v1,1,한쪽 다리 스쿼트 안정성,Single leg squat stability,RETAIN,
REDUNDANCY_GROUP,SINGLE_LEG_STRENGTH_CONTROL,app/src/main/assets/metadata/canonical_v1,1,한쪽 다리 근력 제어,Single leg strength control,RETAIN,
REDUNDANCY_GROUP,SPRINT_ACCELERATION_CONDITIONING,app/src/main/assets/metadata/canonical_v1,1,Sprint 가속 컨디셔닝,Sprint acceleration conditioning,REVISE,
REDUNDANCY_GROUP,SQUAT_PATTERN_ACCESSORY,app/src/main/assets/metadata/canonical_v1,1,스쿼트 패턴 보조,Squat pattern accessory,RETAIN,
REDUNDANCY_GROUP,SQUAT_PATTERN_HEAVY_LOWER,app/src/main/assets/metadata/canonical_v1,1,스쿼트 패턴 고중량 하체,Squat pattern heavy lower,RETAIN,
REDUNDANCY_GROUP,STEP_UP_SINGLE_LEG_KNEE_HIP_EXTENSION,app/src/main/assets/metadata/canonical_v1,1,Step Up 한쪽 다리 무릎 고관절 신전,Step up single leg knee hip extension,REVISE,
REDUNDANCY_GROUP,STRAIGHT_ARM_LAT_ACCESSORY,app/src/main/assets/metadata/canonical_v1,1,Straight 팔 Lat 보조,Straight arm lat accessory,REVISE,
REDUNDANCY_GROUP,TOTAL_BODY_STABILITY_SKILL,app/src/main/assets/metadata/canonical_v1,1,Total 신체 안정성 기술,Total body stability skill,REVISE,
REDUNDANCY_GROUP,TRUNK_ANTI_MOVEMENT,app/src/main/assets/metadata/canonical_v1,1,몸통 항 동작,Trunk anti movement,RETAIN,
REDUNDANCY_GROUP,TRUNK_ANTI_ROTATION_CONTROL,app/src/main/assets/metadata/canonical_v1,1,몸통 항 회전 제어,Trunk anti rotation control,RETAIN,
REDUNDANCY_GROUP,TRUNK_ANTI_ROTATION_STABILITY,app/src/main/assets/metadata/canonical_v1,1,몸통 항회전 안정성,Trunk anti rotation stability,RETAIN,
REDUNDANCY_GROUP,UNILATERAL_HORIZONTAL_PUSH,app/src/main/assets/metadata/canonical_v1,1,편측 수평 밀기,Unilateral horizontal push,RETAIN,
REDUNDANCY_GROUP,UNILATERAL_INCLINE_PUSH,app/src/main/assets/metadata/canonical_v1,1,편측 Incline 밀기,Unilateral incline push,REVISE,
REDUNDANCY_GROUP,UPPER_PULL_ANCHOR,app/src/main/assets/metadata/canonical_v1,1,상체 당기기 Anchor,Upper pull anchor,REVISE,
REDUNDANCY_GROUP,UPPER_PUSH_SUPPORT,app/src/main/assets/metadata/canonical_v1,1,상체 밀기 보조,Upper push support,RETAIN,
REDUNDANCY_GROUP,VERTICAL_JUMP_SSC,app/src/main/assets/metadata/canonical_v1,1,수직 점프 SSC,Vertical jump SSC,RETAIN,
REDUNDANCY_GROUP,VERTICAL_PULL_COMPOUND,app/src/main/assets/metadata/canonical_v1,1,수직 당기기 복합,Vertical pull compound,RETAIN,
REDUNDANCY_GROUP,VIPR_ROTATIONAL_CHAIN,app/src/main/assets/metadata/canonical_v1,1,VIPR 회전 운동사슬,VIPR rotational chain,REVISE,
SECONDARY_STRESS,ACCELERATION_DECELERATION_LOAD,app/src/main/assets/metadata/canonical_v1,1,가속 감속 부하,Acceleration deceleration load,RETAIN,
SECONDARY_STRESS,ACCELERATION_LOAD,app/src/main/assets/metadata/canonical_v1,1,가속 부하,Acceleration load,RETAIN,
SECONDARY_STRESS,AEROBIC_ANAEROBIC_LOAD,app/src/main/assets/metadata/canonical_v1,1,유산소 무산소 부하,Aerobic anaerobic load,RETAIN,
SECONDARY_STRESS,ANTERIOR_CORE_LOAD,app/src/main/assets/metadata/canonical_v1,1,전면 코어 부하,Anterior core load,RETAIN,
SECONDARY_STRESS,ANTERIOR_DELTOID_LOAD,app/src/main/assets/metadata/canonical_v1,1,전면 Deltoid 부하,Anterior deltoid load,REVISE,
SECONDARY_STRESS,ANTERIOR_SHOULDER_LOAD,app/src/main/assets/metadata/canonical_v1,1,전면 어깨 부하,Anterior shoulder load,RETAIN,
SECONDARY_STRESS,ANTI_ROTATION,app/src/main/assets/metadata/canonical_v1,0,항 회전,Anti rotation,RETAINED_SEARCH_ONLY,
SECONDARY_STRESS,ANTI_ROTATION_LOAD,app/src/main/assets/metadata/canonical_v1,1,항 회전 부하,Anti rotation load,RETAIN,
SECONDARY_STRESS,BARBELL_LOAD,app/src/main/assets/metadata/canonical_v1,1,바벨 부하,Barbell load,RETAIN,
SECONDARY_STRESS,BICEPS_LOAD,app/src/main/assets/metadata/canonical_v1,1,이두근 부하,Biceps load,RETAIN,
SECONDARY_STRESS,BICEPS_LOCAL_LOAD,app/src/main/assets/metadata/canonical_v1,1,이두근 국소 부하,Biceps local load,RETAIN,
SECONDARY_STRESS,BODYWEIGHT_LOAD,app/src/main/assets/metadata/canonical_v1,1,맨몸 부하,Bodyweight load,RETAIN,
SECONDARY_STRESS,BRACHIALIS_BRACHIORADIALIS_LOAD,app/src/main/assets/metadata/canonical_v1,1,Brachialis Brachioradialis 부하,Brachialis brachioradialis load,REVISE,
SECONDARY_STRESS,CALF_ANKLE_SSC_LOAD,app/src/main/assets/metadata/canonical_v1,1,종아리 발목 SSC 부하,Calf ankle SSC load,RETAIN,
SECONDARY_STRESS,CHANGE_OF_DIRECTION_LOAD,app/src/main/assets/metadata/canonical_v1,1,Change Of 방향 부하,Change of direction load,REVISE,
SECONDARY_STRESS,CHEST_LOAD,app/src/main/assets/metadata/canonical_v1,1,가슴 부하,Chest load,RETAIN,
SECONDARY_STRESS,CONDITIONING_LOAD,app/src/main/assets/metadata/canonical_v1,1,컨디셔닝 부하,Conditioning load,RETAIN,
SECONDARY_STRESS,CORE_BRACING_LOAD,app/src/main/assets/metadata/canonical_v1,1,코어 브레이싱 부하,Core bracing load,RETAIN,
SECONDARY_STRESS,COURT_MOVEMENT_LOAD,app/src/main/assets/metadata/canonical_v1,1,코트 동작 부하,Court movement load,RETAIN,
SECONDARY_STRESS,DECELERATION,app/src/main/assets/metadata/canonical_v1,0,감속,Deceleration,RETAINED_SEARCH_ONLY,
SECONDARY_STRESS,DECELERATION_LOAD,app/src/main/assets/metadata/canonical_v1,1,감속 부하,Deceleration load,RETAIN,
SECONDARY_STRESS,DELTOID_LOAD,app/src/main/assets/metadata/canonical_v1,1,Deltoid 부하,Deltoid load,REVISE,
SECONDARY_STRESS,ELASTIC_SSC,app/src/main/assets/metadata/canonical_v1,0,탄성 SSC,Elastic SSC,RETAINED_SEARCH_ONLY,
SECONDARY_STRESS,ELASTIC_SSC_LOAD,app/src/main/assets/metadata/canonical_v1,1,탄성 SSC 부하,Elastic SSC load,RETAIN,
SECONDARY_STRESS,ELBOW_EXTENSION_LOAD,app/src/main/assets/metadata/canonical_v1,1,팔꿈치 신전 부하,Elbow extension load,RETAIN,
SECONDARY_STRESS,ELBOW_FLEXION_LOAD,app/src/main/assets/metadata/canonical_v1,1,팔꿈치 굴곡 부하,Elbow flexion load,RETAIN,
SECONDARY_STRESS,EXTERNAL_LOAD,app/src/main/assets/metadata/canonical_v1,1,External 부하,External load,REVISE,
SECONDARY_STRESS,FRONTAL_PLANE_LOAD,app/src/main/assets/metadata/canonical_v1,1,전두면 면 부하,Frontal plane load,RETAIN,
SECONDARY_STRESS,GLUTE_LOAD,app/src/main/assets/metadata/canonical_v1,1,둔근 부하,Glute load,RETAIN,
SECONDARY_STRESS,GLUTE_LOCAL_LOAD,app/src/main/assets/metadata/canonical_v1,1,둔근 국소 부하,Glute local load,RETAIN,
SECONDARY_STRESS,GLUTE_MED_LOCAL_LOAD,app/src/main/assets/metadata/canonical_v1,1,둔근 Med 국소 부하,Glute med local load,REVISE,
SECONDARY_STRESS,GRIP_FOREARM,app/src/main/assets/metadata/canonical_v1,0,그립 전완,Grip forearm,RETAINED_SEARCH_ONLY,
SECONDARY_STRESS,GRIP_FOREARM_LOAD,app/src/main/assets/metadata/canonical_v1,1,그립 전완 부하,Grip forearm load,RETAIN,
SECONDARY_STRESS,GRIP_LOAD,app/src/main/assets/metadata/canonical_v1,1,그립 부하,Grip load,RETAIN,
SECONDARY_STRESS,HAMSTRING_LOAD,app/src/main/assets/metadata/canonical_v1,1,햄스트링 부하,Hamstring load,RETAIN,
SECONDARY_STRESS,HAMSTRING_LOCAL_LOAD,app/src/main/assets/metadata/canonical_v1,1,햄스트링 국소 부하,Hamstring local load,RETAIN,
SECONDARY_STRESS,HEAVY_LOAD,app/src/main/assets/metadata/canonical_v1,1,고중량 부하,Heavy load,RETAIN,
SECONDARY_STRESS,HIP_ABDUCTION_LOAD,app/src/main/assets/metadata/canonical_v1,1,고관절 Abduction 부하,Hip abduction load,REVISE,
SECONDARY_STRESS,HIP_ADDUCTOR_LOCAL_LOAD,app/src/main/assets/metadata/canonical_v1,1,고관절 Adductor 국소 부하,Hip adductor local load,REVISE,
SECONDARY_STRESS,HIP_CONTROL_LOAD,app/src/main/assets/metadata/canonical_v1,1,고관절 제어 부하,Hip control load,RETAIN,
SECONDARY_STRESS,HIP_EXTENSION_LOAD,app/src/main/assets/metadata/canonical_v1,1,고관절 신전 부하,Hip extension load,RETAIN,
SECONDARY_STRESS,HIP_FLEXION_LOAD,app/src/main/assets/metadata/canonical_v1,1,고관절 굴곡 부하,Hip flexion load,RETAIN,
SECONDARY_STRESS,HIP_STABILITY_LOAD,app/src/main/assets/metadata/canonical_v1,1,고관절 안정성 부하,Hip stability load,RETAIN,
SECONDARY_STRESS,JUMP_LANDING_LOAD,app/src/main/assets/metadata/canonical_v1,1,점프 착지 부하,Jump landing load,RETAIN,
SECONDARY_STRESS,KNEE_CONTROL_LOAD,app/src/main/assets/metadata/canonical_v1,1,무릎 제어 부하,Knee control load,RETAIN,
SECONDARY_STRESS,KNEE_EXTENSION_LOAD,app/src/main/assets/metadata/canonical_v1,1,무릎 신전 부하,Knee extension load,RETAIN,
SECONDARY_STRESS,KNEE_FLEXION_LOAD,app/src/main/assets/metadata/canonical_v1,1,무릎 굴곡 부하,Knee flexion load,RETAIN,
SECONDARY_STRESS,LANDING_LOAD,app/src/main/assets/metadata/canonical_v1,1,착지 부하,Landing load,RETAIN,
SECONDARY_STRESS,LATERAL_DELTOID_LOCAL_LOAD,app/src/main/assets/metadata/canonical_v1,1,측면 Deltoid 국소 부하,Lateral deltoid local load,REVISE,
SECONDARY_STRESS,LATERAL_MOVEMENT_LOAD,app/src/main/assets/metadata/canonical_v1,1,측면 동작 부하,Lateral movement load,RETAIN,
SECONDARY_STRESS,LAT_LOAD,app/src/main/assets/metadata/canonical_v1,1,Lat 부하,Lat load,REVISE,
SECONDARY_STRESS,LAT_LOCAL_LOAD,app/src/main/assets/metadata/canonical_v1,1,Lat 국소 부하,Lat local load,REVISE,
SECONDARY_STRESS,LOCAL_MUSCLE,app/src/main/assets/metadata/canonical_v1,0,국소 Muscle,Local muscle,RETAINED_SEARCH_ONLY,
SECONDARY_STRESS,LOCAL_STABILIZER_LOAD,app/src/main/assets/metadata/canonical_v1,1,국소 Stabilizer 부하,Local stabilizer load,REVISE,
SECONDARY_STRESS,LOWER_BODY_POWER_LOAD,app/src/main/assets/metadata/canonical_v1,1,하체 신체 파워 부하,Lower body power load,RETAIN,
SECONDARY_STRESS,LOW_FATIGUE_REHAB,app/src/main/assets/metadata/canonical_v1,0,Low 피로도 Rehab,Low fatigue rehab,RETAINED_SEARCH_ONLY,
SECONDARY_STRESS,LOW_LOAD_CONTROL,app/src/main/assets/metadata/canonical_v1,1,Low 부하 제어,Low load control,REVISE,
SECONDARY_STRESS,LUNGE_REACH_LOAD,app/src/main/assets/metadata/canonical_v1,1,런지 리치 부하,Lunge reach load,RETAIN,
SECONDARY_STRESS,MACHINE_GUIDED_LOAD,app/src/main/assets/metadata/canonical_v1,1,머신 Guided 부하,Machine guided load,REVISE,
SECONDARY_STRESS,MOBILITY_CONTROL_LOAD,app/src/main/assets/metadata/canonical_v1,1,가동성 제어 부하,Mobility control load,RETAIN,
SECONDARY_STRESS,NEURAL_HEAVY,app/src/main/assets/metadata/canonical_v1,0,신경계 고중량,Neural heavy,RETAINED_SEARCH_ONLY,
SECONDARY_STRESS,NEURAL_LOAD,app/src/main/assets/metadata/canonical_v1,1,신경계 부하,Neural load,RETAIN,
SECONDARY_STRESS,NEURAL_SPEED,app/src/main/assets/metadata/canonical_v1,0,신경계 속도,Neural speed,RETAINED_SEARCH_ONLY,
SECONDARY_STRESS,NEURAL_SPEED_LOAD,app/src/main/assets/metadata/canonical_v1,1,신경계 속도 부하,Neural speed load,RETAIN,
SECONDARY_STRESS,OVERHEAD_RACKET_LOAD,app/src/main/assets/metadata/canonical_v1,1,머리 위 Racket 부하,Overhead racket load,REVISE,
SECONDARY_STRESS,OVERHEAD_REPETITION,app/src/main/assets/metadata/canonical_v1,0,머리 위 반복,Overhead repetition,RETAINED_SEARCH_ONLY,
SECONDARY_STRESS,OVERHEAD_REPETITION_LOAD,app/src/main/assets/metadata/canonical_v1,1,머리 위 반복 부하,Overhead repetition load,RETAIN,
SECONDARY_STRESS,PECTORAL_LOAD,app/src/main/assets/metadata/canonical_v1,1,Pectoral 부하,Pectoral load,REVISE,
SECONDARY_STRESS,PECTORAL_LOCAL_LOAD,app/src/main/assets/metadata/canonical_v1,1,Pectoral 국소 부하,Pectoral local load,REVISE,
SECONDARY_STRESS,POSTERIOR_DELTOID_LOCAL_LOAD,app/src/main/assets/metadata/canonical_v1,1,후면 Deltoid 국소 부하,Posterior deltoid local load,REVISE,
SECONDARY_STRESS,QUADRICEPS_ISOMETRIC_LOAD,app/src/main/assets/metadata/canonical_v1,1,Quadriceps 등척성 부하,Quadriceps isometric load,REVISE,
SECONDARY_STRESS,QUADRICEPS_LOAD,app/src/main/assets/metadata/canonical_v1,1,Quadriceps 부하,Quadriceps load,REVISE,
SECONDARY_STRESS,QUADRICEPS_LOCAL_LOAD,app/src/main/assets/metadata/canonical_v1,1,Quadriceps 국소 부하,Quadriceps local load,REVISE,
SECONDARY_STRESS,QUAD_LOAD,app/src/main/assets/metadata/canonical_v1,1,대퇴사두근 부하,Quad load,RETAIN,
SECONDARY_STRESS,RACKET_SKILL_LOAD,app/src/main/assets/metadata/canonical_v1,1,Racket 기술 부하,Racket skill load,REVISE,
SECONDARY_STRESS,REACTIVE_MOVEMENT_LOAD,app/src/main/assets/metadata/canonical_v1,1,반응성 동작 부하,Reactive movement load,RETAIN,
SECONDARY_STRESS,REACTIVE_SSC_LOAD,app/src/main/assets/metadata/canonical_v1,1,반응성 SSC 부하,Reactive SSC load,RETAIN,
SECONDARY_STRESS,REAR_DELTOID_LOAD,app/src/main/assets/metadata/canonical_v1,1,후면 Deltoid 부하,Rear deltoid load,REVISE,
SECONDARY_STRESS,REPEATED_PATTERN_LOAD,app/src/main/assets/metadata/canonical_v1,1,Repeated 패턴 부하,Repeated pattern load,REVISE,
SECONDARY_STRESS,REPEATED_SPRINT_LOAD,app/src/main/assets/metadata/canonical_v1,1,Repeated Sprint 부하,Repeated sprint load,REVISE,
SECONDARY_STRESS,ROTATION_POWER,app/src/main/assets/metadata/canonical_v1,0,회전 파워,Rotation power,RETAINED_SEARCH_ONLY,
SECONDARY_STRESS,ROTATION_POWER_LOAD,app/src/main/assets/metadata/canonical_v1,1,회전 파워 부하,Rotation power load,RETAIN,
SECONDARY_STRESS,RUNNING_MECHANICS_LOAD,app/src/main/assets/metadata/canonical_v1,1,Running Mechanics 부하,Running mechanics load,REVISE,
SECONDARY_STRESS,SCAPULAR_CONTROL_LOAD,app/src/main/assets/metadata/canonical_v1,1,견갑 제어 부하,Scapular control load,RETAIN,
SECONDARY_STRESS,SCAPULAR_RETRACTION_LOAD,app/src/main/assets/metadata/canonical_v1,1,견갑 Retraction 부하,Scapular retraction load,REVISE,
SECONDARY_STRESS,SCAPULAR_STABILITY_LOAD,app/src/main/assets/metadata/canonical_v1,1,견갑 안정성 부하,Scapular stability load,RETAIN,
SECONDARY_STRESS,SHOULDER_CONTROL_LOAD,app/src/main/assets/metadata/canonical_v1,1,어깨 제어 부하,Shoulder control load,RETAIN,
SECONDARY_STRESS,SHOULDER_EXTENSION_LOAD,app/src/main/assets/metadata/canonical_v1,1,어깨 신전 부하,Shoulder extension load,RETAIN,
SECONDARY_STRESS,SHOULDER_ROTATION_LOAD,app/src/main/assets/metadata/canonical_v1,1,어깨 회전 부하,Shoulder rotation load,RETAIN,
SECONDARY_STRESS,SHOULDER_STABILITY_LOAD,app/src/main/assets/metadata/canonical_v1,1,어깨 안정성 부하,Shoulder stability load,RETAIN,
SECONDARY_STRESS,SINGLE_LEG_STABILITY_LOAD,app/src/main/assets/metadata/canonical_v1,1,한쪽 다리 안정성 부하,Single leg stability load,RETAIN,
SECONDARY_STRESS,STABILITY_COORDINATION_LOAD,app/src/main/assets/metadata/canonical_v1,1,안정성 협응 부하,Stability coordination load,RETAIN,
SECONDARY_STRESS,STRAIGHT_ARM_SHOULDER_EXTENSION_LOAD,app/src/main/assets/metadata/canonical_v1,1,Straight 팔 어깨 신전 부하,Straight arm shoulder extension load,REVISE,
SECONDARY_STRESS,SYSTEMIC,app/src/main/assets/metadata/canonical_v1,0,전신,Systemic,RETAINED_SEARCH_ONLY,
SECONDARY_STRESS,SYSTEMIC_CONDITIONING_LOAD,app/src/main/assets/metadata/canonical_v1,1,전신 컨디셔닝 부하,Systemic conditioning load,RETAIN,
SECONDARY_STRESS,TOTAL_BODY_COORDINATION_LOAD,app/src/main/assets/metadata/canonical_v1,1,Total 신체 협응 부하,Total body coordination load,REVISE,
SECONDARY_STRESS,TRICEPS_LOAD,app/src/main/assets/metadata/canonical_v1,1,삼두근 부하,Triceps load,RETAIN,
SECONDARY_STRESS,TRICEPS_LOCAL_LOAD,app/src/main/assets/metadata/canonical_v1,1,삼두근 국소 부하,Triceps local load,RETAIN,
SECONDARY_STRESS,UNILATERAL_CONTROL_LOAD,app/src/main/assets/metadata/canonical_v1,1,편측 제어 부하,Unilateral control load,RETAIN,
SECONDARY_STRESS,UPPER_BACK_LOAD,app/src/main/assets/metadata/canonical_v1,1,상체 등 부하,Upper back load,RETAIN,
SECONDARY_STRESS,WRIST_CONTROL_LOAD,app/src/main/assets/metadata/canonical_v1,1,손목 제어 부하,Wrist control load,RETAIN,
SOURCE_CONFIDENCE,ANATOMY_SUPPORTED,app/src/main/assets/metadata/canonical_v1,1,해부학적 근거 지원,Anatomy supported,RETAIN,
SOURCE_CONFIDENCE,HEURISTIC_ACCEPTED,app/src/main/assets/metadata/canonical_v1,1,휴리스틱 검토 완료,Heuristic accepted,RETAIN,
SOURCE_CONFIDENCE,SOURCE_WEAK_BUT_ACCEPTABLE,app/src/main/assets/metadata/canonical_v1,1,근거가 제한적이나 사용 가능,Source weak but acceptable,RETAIN,
SOURCE_CONFIDENCE,VERIFIED_EXACT,app/src/main/assets/metadata/canonical_v1,1,운동 단위 확인,Verified exact,RETAIN,
SOURCE_CONFIDENCE,VERIFIED_FAMILY,app/src/main/assets/metadata/canonical_v1,1,운동 계열 확인,Verified family,RETAIN,
SPORT_CONTEXT,BADMINTON_DIRECT_TRANSFER,app/src/main/assets/metadata/canonical_v1,1,배드민턴 직접 전이,Badminton direct transfer,RETAIN,
SPORT_CONTEXT,BADMINTON_FOOTWORK,app/src/main/assets/metadata/canonical_v1,1,배드민턴 풋워크,Badminton footwork,RETAIN,
SPORT_CONTEXT,BADMINTON_LESSON,app/src/main/assets/metadata/canonical_v1,1,배드민턴 Lesson,Badminton lesson,REVISE,
SPORT_CONTEXT,BADMINTON_LUNGE_REACH,app/src/main/assets/metadata/canonical_v1,1,배드민턴 런지 리치,Badminton lunge reach,RETAIN,
SPORT_CONTEXT,BADMINTON_MATCH,app/src/main/assets/metadata/canonical_v1,1,배드민턴 Match,Badminton match,REVISE,
SPORT_CONTEXT,BADMINTON_MULTI_SHUTTLE,app/src/main/assets/metadata/canonical_v1,1,배드민턴 다방향 셔틀,Badminton multi shuttle,RETAIN,
SPORT_CONTEXT,BADMINTON_OVERHEAD_TEST,app/src/main/assets/metadata/canonical_v1,1,배드민턴 머리 위 테스트,Badminton overhead test,RETAIN,
SPORT_CONTEXT,BADMINTON_RALLY,app/src/main/assets/metadata/canonical_v1,1,배드민턴 랠리,Badminton rally,RETAIN,
SPORT_CONTEXT,GENERAL_CONDITIONING,app/src/main/assets/metadata/canonical_v1,1,일반 컨디셔닝,General conditioning,RETAIN,
SPORT_CONTEXT,GENERAL_COURT_SPORT,app/src/main/assets/metadata/canonical_v1,1,일반 코트 스포츠,General court sport,RETAIN,
SPORT_CONTEXT,NONE,app/src/main/assets/metadata/canonical_v1,0,없음,None,RETAINED_SEARCH_ONLY,
SPORT_CONTEXT,OTHER_SPORT_SESSION,app/src/main/assets/metadata/canonical_v1,1,Other 스포츠 Session,Other sport session,REVISE,
STABILITY_DEMAND,HIGH,app/src/main/assets/metadata/canonical_v1,249,,,ADD,
STABILITY_DEMAND,LOW,app/src/main/assets/metadata/canonical_v1,176,,,ADD,
STABILITY_DEMAND,MODERATE,app/src/main/assets/metadata/canonical_v1,73,,,ADD,
STABILITY_ROLE,ANKLE_STABILITY,app/src/main/assets/metadata/canonical_v1,17,,,ADD,
STABILITY_ROLE,ANTI_ROTATION,app/src/main/assets/metadata/canonical_v1,117,,,ADD,
STABILITY_ROLE,CORE_STABILITY,app/src/main/assets/metadata/canonical_v1,112,,,ADD,
STABILITY_ROLE,HIP_STABILITY,app/src/main/assets/metadata/canonical_v1,64,,,ADD,
STABILITY_ROLE,KNEE_CONTROL,app/src/main/assets/metadata/canonical_v1,27,,,ADD,
STABILITY_ROLE,LANDING_STABILITY,app/src/main/assets/metadata/canonical_v1,33,,,ADD,
STABILITY_ROLE,PELVIC_STABILITY,app/src/main/assets/metadata/canonical_v1,29,,,ADD,
STABILITY_ROLE,ROTATOR_CUFF_CONTROL,app/src/main/assets/metadata/canonical_v1,15,,,ADD,
STABILITY_ROLE,SCAPULAR_STABILITY,app/src/main/assets/metadata/canonical_v1,27,,,ADD,
STABILITY_ROLE,SINGLE_LEG_STABILITY,app/src/main/assets/metadata/canonical_v1,26,,,ADD,
STABILITY_ROLE,TRUNK_CONTROL,app/src/main/assets/metadata/canonical_v1,57,,,ADD,
STRENGTH_PROGRESSION_GROUP,ACCESSORY_ROTATION,app/src/main/assets/metadata/canonical_v1,1,보조 회전,Accessory rotation,RETAIN,
STRENGTH_PROGRESSION_GROUP,ANTERIOR_CORE_FLEXION,app/src/main/assets/metadata/canonical_v1,1,전면 코어 굴곡,Anterior core flexion,RETAIN,
STRENGTH_PROGRESSION_GROUP,ANTI_ROTATION,app/src/main/assets/metadata/canonical_v1,1,항 회전,Anti rotation,RETAIN,
STRENGTH_PROGRESSION_GROUP,ATHLETIC_OVERHEAD_PRESS_SUPPORT,app/src/main/assets/metadata/canonical_v1,1,Athletic 머리 위 프레스 보조,Athletic overhead press support,REVISE,
STRENGTH_PROGRESSION_GROUP,BADMINTON_DECEL_COD,app/src/main/assets/metadata/canonical_v1,1,배드민턴 Decel COD,Badminton decel COD,REVISE,
STRENGTH_PROGRESSION_GROUP,BADMINTON_FOOTWORK_REACTION,app/src/main/assets/metadata/canonical_v1,1,배드민턴 풋워크 반응,Badminton footwork reaction,RETAIN,
STRENGTH_PROGRESSION_GROUP,BADMINTON_TEST,app/src/main/assets/metadata/canonical_v1,0,배드민턴 테스트,Badminton test,RETAINED_SEARCH_ONLY,
STRENGTH_PROGRESSION_GROUP,BALLISTIC_HINGE_POWER,app/src/main/assets/metadata/canonical_v1,1,탄도성 힌지 파워,Ballistic hinge power,RETAIN,
STRENGTH_PROGRESSION_GROUP,BODYWEIGHT_CONDITIONING_CORE,app/src/main/assets/metadata/canonical_v1,1,맨몸 컨디셔닝 코어,Bodyweight conditioning core,RETAIN,
STRENGTH_PROGRESSION_GROUP,BODYWEIGHT_HORIZONTAL_PUSH,app/src/main/assets/metadata/canonical_v1,1,맨몸 수평 밀기,Bodyweight horizontal push,RETAIN,
STRENGTH_PROGRESSION_GROUP,BODYWEIGHT_SQUAT_PATTERN,app/src/main/assets/metadata/canonical_v1,1,맨몸 스쿼트 패턴,Bodyweight squat pattern,RETAIN,
STRENGTH_PROGRESSION_GROUP,BODYWEIGHT_VERTICAL_PUSH,app/src/main/assets/metadata/canonical_v1,1,맨몸 수직 밀기,Bodyweight vertical push,RETAIN,
STRENGTH_PROGRESSION_GROUP,CALF_ACHILLES_ANKLE_STIFFNESS,app/src/main/assets/metadata/canonical_v1,1,종아리 아킬레스 발목 강성,Calf achilles ankle stiffness,RETAIN,
STRENGTH_PROGRESSION_GROUP,CALF_ANKLE_CAPACITY,app/src/main/assets/metadata/canonical_v1,1,종아리 발목 Capacity,Calf ankle capacity,REVISE,
STRENGTH_PROGRESSION_GROUP,CARDIO_CONDITIONING,app/src/main/assets/metadata/canonical_v1,1,유산소 컨디셔닝,Cardio conditioning,RETAIN,
STRENGTH_PROGRESSION_GROUP,CARRY,app/src/main/assets/metadata/canonical_v1,0,캐리,Carry,RETAINED_SEARCH_ONLY,
STRENGTH_PROGRESSION_GROUP,CARRY_GRIP_CORE_BRACING,app/src/main/assets/metadata/canonical_v1,1,캐리 그립 코어 브레이싱,Carry grip core bracing,RETAIN,
STRENGTH_PROGRESSION_GROUP,CHEST_FLY_ISOLATION,app/src/main/assets/metadata/canonical_v1,1,가슴 Fly 고립,Chest fly isolation,REVISE,
STRENGTH_PROGRESSION_GROUP,CLOSE_GRIP_BENCH_TRICEPS_PUSH,app/src/main/assets/metadata/canonical_v1,1,Close 그립 벤치 삼두근 밀기,Close grip bench triceps push,REVISE,
STRENGTH_PROGRESSION_GROUP,CORE,app/src/main/assets/metadata/canonical_v1,0,코어,Core,RETAINED_SEARCH_ONLY,
STRENGTH_PROGRESSION_GROUP,CORE_BRACING_CONTROL,app/src/main/assets/metadata/canonical_v1,1,코어 브레이싱 제어,Core bracing control,RETAIN,
STRENGTH_PROGRESSION_GROUP,DIP_COMPOUND_PUSH,app/src/main/assets/metadata/canonical_v1,1,Dip 복합 밀기,Dip compound push,REVISE,
STRENGTH_PROGRESSION_GROUP,DIP_TRICEPS_PUSH,app/src/main/assets/metadata/canonical_v1,1,Dip 삼두근 밀기,Dip triceps push,REVISE,
STRENGTH_PROGRESSION_GROUP,DUMBBELL_RDL_HINGE_ACCESSORY,app/src/main/assets/metadata/canonical_v1,1,Dumbbell RDL 힌지 보조,Dumbbell RDL hinge accessory,REVISE,
STRENGTH_PROGRESSION_GROUP,ELBOW_EXTENSION_TRICEPS,app/src/main/assets/metadata/canonical_v1,1,팔꿈치 신전 삼두근,Elbow extension triceps,RETAIN,
STRENGTH_PROGRESSION_GROUP,ELBOW_FLEXION_CURL,app/src/main/assets/metadata/canonical_v1,1,팔꿈치 굴곡 Curl,Elbow flexion curl,REVISE,
STRENGTH_PROGRESSION_GROUP,ELBOW_FLEXION_NEUTRAL_PRONATED_CURL,app/src/main/assets/metadata/canonical_v1,1,팔꿈치 굴곡 Neutral Pronated Curl,Elbow flexion neutral pronated curl,REVISE,
STRENGTH_PROGRESSION_GROUP,FOREARM_GRIP_ELBOW_SUPPORT,app/src/main/assets/metadata/canonical_v1,1,전완 그립 팔꿈치 보조,Forearm grip elbow support,RETAIN,
STRENGTH_PROGRESSION_GROUP,FOREARM_WRIST_GRIP_ACCESSORY,app/src/main/assets/metadata/canonical_v1,1,전완 손목 그립 보조,Forearm wrist grip accessory,RETAIN,
STRENGTH_PROGRESSION_GROUP,FRONTAL_PLANE_SQUAT_ACCESSORY,app/src/main/assets/metadata/canonical_v1,1,전두면 면 스쿼트 보조,Frontal plane squat accessory,RETAIN,
STRENGTH_PROGRESSION_GROUP,GLUTE_ISOLATION_ACCESSORY,app/src/main/assets/metadata/canonical_v1,1,둔근 고립 보조,Glute isolation accessory,RETAIN,
STRENGTH_PROGRESSION_GROUP,HALF_KNEELING_UNILATERAL_VERTICAL_PUSH,app/src/main/assets/metadata/canonical_v1,1,Half Kneeling 편측 수직 밀기,Half kneeling unilateral vertical push,REVISE,
STRENGTH_PROGRESSION_GROUP,HAMSTRING_KNEE_FLEXION_ISOLATION,app/src/main/assets/metadata/canonical_v1,1,햄스트링 무릎 굴곡 고립,Hamstring knee flexion isolation,RETAIN,
STRENGTH_PROGRESSION_GROUP,HANDSTAND_VERTICAL_PUSH,app/src/main/assets/metadata/canonical_v1,1,Handstand 수직 밀기,Handstand vertical push,REVISE,
STRENGTH_PROGRESSION_GROUP,HEAVY_HINGE,app/src/main/assets/metadata/canonical_v1,1,고중량 힌지,Heavy hinge,RETAIN,
STRENGTH_PROGRESSION_GROUP,HINGE,app/src/main/assets/metadata/canonical_v1,0,힌지,Hinge,RETAINED_SEARCH_ONLY,
STRENGTH_PROGRESSION_GROUP,HIP_ABDUCTION_GLUTE_MED_ACCESSORY,app/src/main/assets/metadata/canonical_v1,1,고관절 Abduction 둔근 Med 보조,Hip abduction glute med accessory,REVISE,
STRENGTH_PROGRESSION_GROUP,HIP_ADDUCTION_ACCESSORY,app/src/main/assets/metadata/canonical_v1,1,고관절 Adduction 보조,Hip adduction accessory,REVISE,
STRENGTH_PROGRESSION_GROUP,HIP_EXTENSION_ACCESSORY,app/src/main/assets/metadata/canonical_v1,1,고관절 신전 보조,Hip extension accessory,RETAIN,
STRENGTH_PROGRESSION_GROUP,HIP_HINGE_POSTERIOR_CHAIN,app/src/main/assets/metadata/canonical_v1,1,고관절 힌지 후면 운동사슬,Hip hinge posterior chain,RETAIN,
STRENGTH_PROGRESSION_GROUP,HIP_THRUST_GLUTE,app/src/main/assets/metadata/canonical_v1,1,고관절 Thrust 둔근,Hip thrust glute,REVISE,
STRENGTH_PROGRESSION_GROUP,HORIZONTAL_PULL_COMPOUND,app/src/main/assets/metadata/canonical_v1,1,수평 당기기 복합,Horizontal pull compound,RETAIN,
STRENGTH_PROGRESSION_GROUP,HORIZONTAL_PUSH_COMPOUND,app/src/main/assets/metadata/canonical_v1,1,수평 밀기 복합,Horizontal push compound,RETAIN,
STRENGTH_PROGRESSION_GROUP,KNEE_EXTENSION_QUAD_ISOLATION,app/src/main/assets/metadata/canonical_v1,1,무릎 신전 대퇴사두근 고립,Knee extension quad isolation,RETAIN,
STRENGTH_PROGRESSION_GROUP,LATERAL_DELTOID_ISOLATION,app/src/main/assets/metadata/canonical_v1,1,측면 Deltoid 고립,Lateral deltoid isolation,REVISE,
STRENGTH_PROGRESSION_GROUP,LOWER_BODY_ISOMETRIC_HOLD,app/src/main/assets/metadata/canonical_v1,1,하체 신체 등척성 Hold,Lower body isometric hold,REVISE,
STRENGTH_PROGRESSION_GROUP,LOWER_SQUAT_PATTERN,app/src/main/assets/metadata/canonical_v1,1,하체 스쿼트 패턴,Lower squat pattern,RETAIN,
STRENGTH_PROGRESSION_GROUP,LOW_LOAD_POSTERIOR_CHAIN_CONTROL,app/src/main/assets/metadata/canonical_v1,1,Low 부하 후면 운동사슬 제어,Low load posterior chain control,REVISE,
STRENGTH_PROGRESSION_GROUP,LUNGE,app/src/main/assets/metadata/canonical_v1,0,런지,Lunge,RETAINED_SEARCH_ONLY,
STRENGTH_PROGRESSION_GROUP,LUNGE_UNILATERAL_LOWER,app/src/main/assets/metadata/canonical_v1,1,런지 편측 하체,Lunge unilateral lower,RETAIN,
STRENGTH_PROGRESSION_GROUP,MACHINE_KNEE_DOMINANT_PRESS,app/src/main/assets/metadata/canonical_v1,1,머신 무릎 Dominant 프레스,Machine knee dominant press,REVISE,
STRENGTH_PROGRESSION_GROUP,MOBILITY_RECOVERY_PREP,app/src/main/assets/metadata/canonical_v1,1,가동성 회복 Prep,Mobility recovery prep,REVISE,
STRENGTH_PROGRESSION_GROUP,NONE,app/src/main/assets/metadata/canonical_v1,0,없음,None,RETAINED_SEARCH_ONLY,
STRENGTH_PROGRESSION_GROUP,NORDIC_HAMSTRING_ECCENTRIC,app/src/main/assets/metadata/canonical_v1,1,Nordic 햄스트링 신장성,Nordic hamstring eccentric,REVISE,
STRENGTH_PROGRESSION_GROUP,NOT_APPLICABLE,app/src/main/assets/metadata/canonical_v1,1,해당 없음,Not applicable,RETAIN,
STRENGTH_PROGRESSION_GROUP,OVERHEAD_PRESS_SHOULDER_DOMINANT,app/src/main/assets/metadata/canonical_v1,1,머리 위 프레스 어깨 Dominant,Overhead press shoulder dominant,REVISE,
STRENGTH_PROGRESSION_GROUP,OVERHEAD_SMASH_SUPPORT,app/src/main/assets/metadata/canonical_v1,1,머리 위 Smash 보조,Overhead smash support,REVISE,
STRENGTH_PROGRESSION_GROUP,OVERHEAD_TRICEPS_LONG_HEAD,app/src/main/assets/metadata/canonical_v1,1,머리 위 삼두근 Long Head,Overhead triceps long head,REVISE,
STRENGTH_PROGRESSION_GROUP,POSTERIOR_DELTOID_HORIZONTAL_ABDUCTION,app/src/main/assets/metadata/canonical_v1,1,후면 Deltoid 수평 Abduction,Posterior deltoid horizontal abduction,REVISE,
STRENGTH_PROGRESSION_GROUP,POWER_CORE_SHOULDER,app/src/main/assets/metadata/canonical_v1,1,파워 코어 어깨,Power core shoulder,RETAIN,
STRENGTH_PROGRESSION_GROUP,POWER_REACTIVE_LOW_VOLUME,app/src/main/assets/metadata/canonical_v1,1,파워·반응성 저볼륨,Power reactive low volume,RETAIN,
STRENGTH_PROGRESSION_GROUP,PULLOVER_LAT_CHEST_ACCESSORY,app/src/main/assets/metadata/canonical_v1,1,Pullover Lat 가슴 보조,Pullover lat chest accessory,REVISE,
STRENGTH_PROGRESSION_GROUP,QUAD_ECCENTRIC_KNEE_DOMINANT,app/src/main/assets/metadata/canonical_v1,1,대퇴사두근 신장성 무릎 Dominant,Quad eccentric knee dominant,REVISE,
STRENGTH_PROGRESSION_GROUP,RECOVERY_PREHAB_LIGHT,app/src/main/assets/metadata/canonical_v1,1,회복·프리햅 저강도,Recovery prehab light,RETAIN,
STRENGTH_PROGRESSION_GROUP,ROTATIONAL_KINETIC_CHAIN,app/src/main/assets/metadata/canonical_v1,1,회전 운동사슬,Rotational kinetic chain,RETAIN,
STRENGTH_PROGRESSION_GROUP,ROTATION_POWER,app/src/main/assets/metadata/canonical_v1,1,회전 파워,Rotation power,RETAIN,
STRENGTH_PROGRESSION_GROUP,SCAPULAR_SHOULDER_SUPPORT,app/src/main/assets/metadata/canonical_v1,1,견갑·어깨 보조,Scapular shoulder support,RETAIN,
STRENGTH_PROGRESSION_GROUP,SHOULDER_OVERHEAD,app/src/main/assets/metadata/canonical_v1,1,어깨 머리 위,Shoulder overhead,RETAIN,
STRENGTH_PROGRESSION_GROUP,SINGLE_LEG_HINGE_STABILITY,app/src/main/assets/metadata/canonical_v1,1,한쪽 다리 힌지 안정성,Single leg hinge stability,RETAIN,
STRENGTH_PROGRESSION_GROUP,SINGLE_LEG_SQUAT_STABILITY,app/src/main/assets/metadata/canonical_v1,1,한쪽 다리 스쿼트 안정성,Single leg squat stability,RETAIN,
STRENGTH_PROGRESSION_GROUP,SINGLE_LEG_STRENGTH_CONTROL,app/src/main/assets/metadata/canonical_v1,1,한쪽 다리 근력 제어,Single leg strength control,RETAIN,
STRENGTH_PROGRESSION_GROUP,SQUAT,app/src/main/assets/metadata/canonical_v1,0,스쿼트,Squat,RETAINED_SEARCH_ONLY,
STRENGTH_PROGRESSION_GROUP,SQUAT_PATTERN_ACCESSORY,app/src/main/assets/metadata/canonical_v1,1,스쿼트 패턴 보조,Squat pattern accessory,RETAIN,
STRENGTH_PROGRESSION_GROUP,SQUAT_PATTERN_HEAVY_LOWER,app/src/main/assets/metadata/canonical_v1,1,스쿼트 패턴 고중량 하체,Squat pattern heavy lower,RETAIN,
STRENGTH_PROGRESSION_GROUP,STEP_UP_SINGLE_LEG_KNEE_HIP_EXTENSION,app/src/main/assets/metadata/canonical_v1,1,Step Up 한쪽 다리 무릎 고관절 신전,Step up single leg knee hip extension,REVISE,
STRENGTH_PROGRESSION_GROUP,STRAIGHT_ARM_LAT_ACCESSORY,app/src/main/assets/metadata/canonical_v1,1,Straight 팔 Lat 보조,Straight arm lat accessory,REVISE,
STRENGTH_PROGRESSION_GROUP,TOTAL_BODY_STABILITY_SKILL,app/src/main/assets/metadata/canonical_v1,1,Total 신체 안정성 기술,Total body stability skill,REVISE,
STRENGTH_PROGRESSION_GROUP,TRUNK_ANTI_MOVEMENT,app/src/main/assets/metadata/canonical_v1,1,몸통 항 동작,Trunk anti movement,RETAIN,
STRENGTH_PROGRESSION_GROUP,TRUNK_ANTI_ROTATION_STABILITY,app/src/main/assets/metadata/canonical_v1,1,몸통 항회전 안정성,Trunk anti rotation stability,RETAIN,
STRENGTH_PROGRESSION_GROUP,UNILATERAL_HORIZONTAL_PUSH,app/src/main/assets/metadata/canonical_v1,1,편측 수평 밀기,Unilateral horizontal push,RETAIN,
STRENGTH_PROGRESSION_GROUP,UNILATERAL_INCLINE_PUSH,app/src/main/assets/metadata/canonical_v1,1,편측 Incline 밀기,Unilateral incline push,REVISE,
STRENGTH_PROGRESSION_GROUP,UPPER_PULL_ANCHOR,app/src/main/assets/metadata/canonical_v1,1,상체 당기기 Anchor,Upper pull anchor,REVISE,
STRENGTH_PROGRESSION_GROUP,UPPER_PULL_HORIZONTAL,app/src/main/assets/metadata/canonical_v1,0,상체 당기기 수평,Upper pull horizontal,RETAINED_SEARCH_ONLY,
STRENGTH_PROGRESSION_GROUP,UPPER_PULL_VERTICAL,app/src/main/assets/metadata/canonical_v1,0,상체 당기기 수직,Upper pull vertical,RETAINED_SEARCH_ONLY,
STRENGTH_PROGRESSION_GROUP,UPPER_PUSH_HORIZONTAL,app/src/main/assets/metadata/canonical_v1,0,상체 밀기 수평,Upper push horizontal,RETAINED_SEARCH_ONLY,
STRENGTH_PROGRESSION_GROUP,UPPER_PUSH_SUPPORT,app/src/main/assets/metadata/canonical_v1,1,상체 밀기 보조,Upper push support,RETAIN,
STRENGTH_PROGRESSION_GROUP,UPPER_PUSH_VERTICAL,app/src/main/assets/metadata/canonical_v1,0,상체 밀기 수직,Upper push vertical,RETAINED_SEARCH_ONLY,
STRENGTH_PROGRESSION_GROUP,VERTICAL_PULL_COMPOUND,app/src/main/assets/metadata/canonical_v1,1,수직 당기기 복합,Vertical pull compound,RETAIN,
STRENGTH_PROXY_ROLE,DIRECT_ANCHOR,app/src/main/assets/metadata/canonical_v1,5,,,ADD,
STRENGTH_PROXY_ROLE,SHARED_FACTOR_PROXY,app/src/main/assets/metadata/canonical_v1,12,,,ADD,
STRESS_LEVEL,HIGH,app/src/main/assets/metadata/canonical_v1,1,높음,High,RETAIN,
STRESS_LEVEL,LOW,app/src/main/assets/metadata/canonical_v1,1,낮음,Low,RETAIN,
STRESS_LEVEL,MODERATE,app/src/main/assets/metadata/canonical_v1,1,보통,Moderate,RETAIN,
STRESS_LEVEL,VERY_HIGH,app/src/main/assets/metadata/canonical_v1,1,매우 높음,Very high,RETAIN,
SUPPORTIVE_TRANSFER,ACCELERATION,app/src/main/assets/metadata/canonical_v1,0,가속,Acceleration,RETAINED_SEARCH_ONLY,
SUPPORTIVE_TRANSFER,ANKLE_SSC_SUPPORT,app/src/main/assets/metadata/canonical_v1,18,,,ADD,
SUPPORTIVE_TRANSFER,ANTI_ROTATION_STABILITY,app/src/main/assets/metadata/canonical_v1,0,항 회전 안정성,Anti rotation stability,RETAINED_SEARCH_ONLY,
SUPPORTIVE_TRANSFER,BADMINTON_SUPPORT_LIGHT,app/src/main/assets/metadata/canonical_v1,27,,,ADD,
SUPPORTIVE_TRANSFER,COD_SUPPORT,app/src/main/assets/metadata/canonical_v1,37,,,ADD,
SUPPORTIVE_TRANSFER,CONDITIONING,app/src/main/assets/metadata/canonical_v1,0,컨디셔닝,Conditioning,RETAINED_SEARCH_ONLY,
SUPPORTIVE_TRANSFER,DECELERATION,app/src/main/assets/metadata/canonical_v1,0,감속,Deceleration,RETAINED_SEARCH_ONLY,
SUPPORTIVE_TRANSFER,DECELERATION_SUPPORT,app/src/main/assets/metadata/canonical_v1,34,,,ADD,
SUPPORTIVE_TRANSFER,FOOTWORK,app/src/main/assets/metadata/canonical_v1,0,풋워크,Footwork,RETAINED_SEARCH_ONLY,
SUPPORTIVE_TRANSFER,GRIP_FOREARM,app/src/main/assets/metadata/canonical_v1,0,그립 전완,Grip forearm,RETAINED_SEARCH_ONLY,
SUPPORTIVE_TRANSFER,GRIP_FOREARM_SUPPORT,app/src/main/assets/metadata/canonical_v1,66,,,ADD,
SUPPORTIVE_TRANSFER,HIP_STABILITY_SUPPORT,app/src/main/assets/metadata/canonical_v1,66,,,ADD,
SUPPORTIVE_TRANSFER,JUMP_LANDING,app/src/main/assets/metadata/canonical_v1,0,점프 착지,Jump landing,RETAINED_SEARCH_ONLY,
SUPPORTIVE_TRANSFER,LANDING_SUPPORT,app/src/main/assets/metadata/canonical_v1,32,,,ADD,
SUPPORTIVE_TRANSFER,LUNGE_REACH,app/src/main/assets/metadata/canonical_v1,0,런지 리치,Lunge reach,RETAINED_SEARCH_ONLY,
SUPPORTIVE_TRANSFER,NONE,app/src/main/assets/metadata/canonical_v1,0,없음,None,RETAINED_SEARCH_ONLY,
SUPPORTIVE_TRANSFER,OVERHEAD_POWER,app/src/main/assets/metadata/canonical_v1,0,머리 위 파워,Overhead power,RETAINED_SEARCH_ONLY,
SUPPORTIVE_TRANSFER,POSTERIOR_CHAIN_CAPACITY,app/src/main/assets/metadata/canonical_v1,4,,,ADD,
SUPPORTIVE_TRANSFER,REACTION,app/src/main/assets/metadata/canonical_v1,0,반응,Reaction,RETAINED_SEARCH_ONLY,
SUPPORTIVE_TRANSFER,ROTATION_POWER,app/src/main/assets/metadata/canonical_v1,0,회전 파워,Rotation power,RETAINED_SEARCH_ONLY,
SUPPORTIVE_TRANSFER,ROTATOR_CUFF_SUPPORT,app/src/main/assets/metadata/canonical_v1,15,,,ADD,
SUPPORTIVE_TRANSFER,SHOULDER_CARE,app/src/main/assets/metadata/canonical_v1,0,어깨 관리,Shoulder care,RETAINED_SEARCH_ONLY,
SUPPORTIVE_TRANSFER,SHOULDER_STABILITY_SUPPORT,app/src/main/assets/metadata/canonical_v1,65,,,ADD,
SUPPORTIVE_TRANSFER,SINGLE_LEG_STRENGTH_SUPPORT,app/src/main/assets/metadata/canonical_v1,8,,,ADD,
SUPPORTIVE_TRANSFER,TRUNK_CONTROL_SUPPORT,app/src/main/assets/metadata/canonical_v1,126,,,ADD,
SYSTEMIC_MUSCULAR_STRESS,HIGH,app/src/main/assets/metadata/canonical_v1,1,높음,High,RETAIN,
SYSTEMIC_MUSCULAR_STRESS,LOW,app/src/main/assets/metadata/canonical_v1,1,낮음,Low,RETAIN,
SYSTEMIC_MUSCULAR_STRESS,MODERATE,app/src/main/assets/metadata/canonical_v1,1,보통,Moderate,RETAIN,
SYSTEMIC_MUSCULAR_STRESS,VERY_HIGH,app/src/main/assets/metadata/canonical_v1,1,매우 높음,Very high,RETAIN,
TENDON_STRESS,ACHILLES_TENDON_STRESS,app/src/main/assets/metadata/canonical_v1,1,아킬레스 건 스트레스,Achilles tendon stress,RETAIN,
TENDON_STRESS,ADDUCTOR_TENDON_STRESS,app/src/main/assets/metadata/canonical_v1,1,Adductor 건 스트레스,Adductor tendon stress,REVISE,
TENDON_STRESS,ANKLE_ACHILLES,app/src/main/assets/metadata/canonical_v1,0,발목 아킬레스,Ankle achilles,RETAINED_SEARCH_ONLY,
TENDON_STRESS,BICEPS_TENDON_STRESS,app/src/main/assets/metadata/canonical_v1,1,이두근 건 스트레스,Biceps tendon stress,RETAIN,
TENDON_STRESS,ELBOW,app/src/main/assets/metadata/canonical_v1,0,팔꿈치,Elbow,RETAINED_SEARCH_ONLY,
TENDON_STRESS,ELBOW_TENDON_STRESS,app/src/main/assets/metadata/canonical_v1,1,팔꿈치 건 스트레스,Elbow tendon stress,RETAIN,
TENDON_STRESS,FOREARM_EXTENSOR_TENDON_STRESS,app/src/main/assets/metadata/canonical_v1,1,전완 Extensor 건 스트레스,Forearm extensor tendon stress,REVISE,
TENDON_STRESS,FOREARM_FLEXOR_TENDON_STRESS,app/src/main/assets/metadata/canonical_v1,1,전완 Flexor 건 스트레스,Forearm flexor tendon stress,REVISE,
TENDON_STRESS,GLUTE_MED_TENDON_STRESS,app/src/main/assets/metadata/canonical_v1,1,둔근 Med 건 스트레스,Glute med tendon stress,REVISE,
TENDON_STRESS,HAMSTRING_TENDON_STRESS,app/src/main/assets/metadata/canonical_v1,1,햄스트링 건 스트레스,Hamstring tendon stress,RETAIN,
TENDON_STRESS,HIP,app/src/main/assets/metadata/canonical_v1,0,고관절,Hip,RETAINED_SEARCH_ONLY,
TENDON_STRESS,KNEE,app/src/main/assets/metadata/canonical_v1,0,무릎,Knee,RETAINED_SEARCH_ONLY,
TENDON_STRESS,LOW_BACK,app/src/main/assets/metadata/canonical_v1,0,Low 등,Low back,RETAINED_SEARCH_ONLY,
TENDON_STRESS,NONE,app/src/main/assets/metadata/canonical_v1,0,없음,None,RETAINED_SEARCH_ONLY,
TENDON_STRESS,PATELLAR_TENDON_STRESS,app/src/main/assets/metadata/canonical_v1,1,슬개건 건 스트레스,Patellar tendon stress,RETAIN,
TENDON_STRESS,PECTORAL_TENDON_STRESS,app/src/main/assets/metadata/canonical_v1,1,Pectoral 건 스트레스,Pectoral tendon stress,REVISE,
TENDON_STRESS,QUADRICEPS_TENDON_STRESS,app/src/main/assets/metadata/canonical_v1,1,Quadriceps 건 스트레스,Quadriceps tendon stress,REVISE,
TENDON_STRESS,QUAD_TENDON_STRESS,app/src/main/assets/metadata/canonical_v1,1,대퇴사두근 건 스트레스,Quad tendon stress,RETAIN,
TENDON_STRESS,ROTATOR_CUFF_TENDON_STRESS,app/src/main/assets/metadata/canonical_v1,1,회전근개 회전근개 건 스트레스,Rotator cuff tendon stress,RETAIN,
TENDON_STRESS,SHOULDER,app/src/main/assets/metadata/canonical_v1,0,어깨,Shoulder,RETAINED_SEARCH_ONLY,
TENDON_STRESS,SHOULDER_TENDON_STRESS,app/src/main/assets/metadata/canonical_v1,1,어깨 건 스트레스,Shoulder tendon stress,RETAIN,
TENDON_STRESS,TRICEPS_TENDON_STRESS,app/src/main/assets/metadata/canonical_v1,1,삼두근 건 스트레스,Triceps tendon stress,RETAIN,
TENDON_STRESS,WRIST,app/src/main/assets/metadata/canonical_v1,0,손목,Wrist,RETAINED_SEARCH_ONLY,
TISSUE,tissue_achilles_tendon,app/src/main/assets/metadata/tissue_load_v1/tissue_rcv_tissues_v1.csv,1,,,ADD,
TISSUE,tissue_acl,app/src/main/assets/metadata/tissue_load_v1/tissue_rcv_tissues_v1.csv,1,,,ADD,
TISSUE,tissue_acromioclavicular_joint,app/src/main/assets/metadata/tissue_load_v1/tissue_rcv_tissues_v1.csv,1,,,ADD,
TISSUE,tissue_acromioclavicular_ligament,app/src/main/assets/metadata/tissue_load_v1/tissue_rcv_tissues_v1.csv,1,,,ADD,
TISSUE,tissue_adductor_longus_tendon,app/src/main/assets/metadata/tissue_load_v1/tissue_rcv_tissues_v1.csv,1,,,ADD,
TISSUE,tissue_adductor_magnus_tendon,app/src/main/assets/metadata/tissue_load_v1/tissue_rcv_tissues_v1.csv,1,,,ADD,
TISSUE,tissue_annular_ligament,app/src/main/assets/metadata/tissue_load_v1/tissue_rcv_tissues_v1.csv,1,,,ADD,
TISSUE,tissue_anterior_inferior_tibiofibular_ligament,app/src/main/assets/metadata/tissue_load_v1/tissue_rcv_tissues_v1.csv,1,,,ADD,
TISSUE,tissue_anterior_tibial_tendon,app/src/main/assets/metadata/tissue_load_v1/tissue_rcv_tissues_v1.csv,1,,,ADD,
TISSUE,tissue_atfl,app/src/main/assets/metadata/tissue_load_v1/tissue_rcv_tissues_v1.csv,1,,,ADD,
TISSUE,tissue_biceps_femoris_dist_tendon,app/src/main/assets/metadata/tissue_load_v1/tissue_rcv_tissues_v1.csv,1,,,ADD,
TISSUE,tissue_biceps_femoris_long_head_prox_tendon,app/src/main/assets/metadata/tissue_load_v1/tissue_rcv_tissues_v1.csv,1,,,ADD,
TISSUE,tissue_cervical_disc_endplate,app/src/main/assets/metadata/tissue_load_v1/tissue_rcv_tissues_v1.csv,1,,,ADD,
TISSUE,tissue_cervical_facet_joint,app/src/main/assets/metadata/tissue_load_v1/tissue_rcv_tissues_v1.csv,1,,,ADD,
TISSUE,tissue_cervical_posterior_ligament,app/src/main/assets/metadata/tissue_load_v1/tissue_rcv_tissues_v1.csv,1,,,ADD,
TISSUE,tissue_cfl,app/src/main/assets/metadata/tissue_load_v1/tissue_rcv_tissues_v1.csv,1,,,ADD,
TISSUE,tissue_common_extensor_tendon,app/src/main/assets/metadata/tissue_load_v1/tissue_rcv_tissues_v1.csv,1,,,ADD,
TISSUE,tissue_common_flexor_tendon,app/src/main/assets/metadata/tissue_load_v1/tissue_rcv_tissues_v1.csv,1,,,ADD,
TISSUE,tissue_coracoclavicular_ligament,app/src/main/assets/metadata/tissue_load_v1/tissue_rcv_tissues_v1.csv,1,,,ADD,
TISSUE,tissue_coracohumeral_ligament,app/src/main/assets/metadata/tissue_load_v1/tissue_rcv_tissues_v1.csv,1,,,ADD,
TISSUE,tissue_costovertebral_joint,app/src/main/assets/metadata/tissue_load_v1/tissue_rcv_tissues_v1.csv,1,,,ADD,
TISSUE,tissue_deltoid_ligament,app/src/main/assets/metadata/tissue_load_v1/tissue_rcv_tissues_v1.csv,1,,,ADD,
TISSUE,tissue_deltoid_tendon,app/src/main/assets/metadata/tissue_load_v1/tissue_rcv_tissues_v1.csv,1,,,ADD,
TISSUE,tissue_distal_biceps_tendon,app/src/main/assets/metadata/tissue_load_v1/tissue_rcv_tissues_v1.csv,1,,,ADD,
TISSUE,tissue_distal_radioulnar_joint,app/src/main/assets/metadata/tissue_load_v1/tissue_rcv_tissues_v1.csv,1,,,ADD,
TISSUE,tissue_distal_triceps_tendon,app/src/main/assets/metadata/tissue_load_v1/tissue_rcv_tissues_v1.csv,1,,,ADD,
TISSUE,tissue_elbow_lcl,app/src/main/assets/metadata/tissue_load_v1/tissue_rcv_tissues_v1.csv,1,,,ADD,
TISSUE,tissue_elbow_ucl,app/src/main/assets/metadata/tissue_load_v1/tissue_rcv_tissues_v1.csv,1,,,ADD,
TISSUE,tissue_extensor_carpi_radialis_tendon,app/src/main/assets/metadata/tissue_load_v1/tissue_rcv_tissues_v1.csv,1,,,ADD,
TISSUE,tissue_extensor_carpi_ulnaris_tendon,app/src/main/assets/metadata/tissue_load_v1/tissue_rcv_tissues_v1.csv,1,,,ADD,
TISSUE,tissue_finger_flexor_pulley,app/src/main/assets/metadata/tissue_load_v1/tissue_rcv_tissues_v1.csv,1,,,ADD,
TISSUE,tissue_finger_flexor_tendon,app/src/main/assets/metadata/tissue_load_v1/tissue_rcv_tissues_v1.csv,1,,,ADD,
TISSUE,tissue_finger_joint_complex,app/src/main/assets/metadata/tissue_load_v1/tissue_rcv_tissues_v1.csv,1,,,ADD,
TISSUE,tissue_flexor_carpi_radialis_tendon,app/src/main/assets/metadata/tissue_load_v1/tissue_rcv_tissues_v1.csv,1,,,ADD,
TISSUE,tissue_flexor_carpi_ulnaris_tendon,app/src/main/assets/metadata/tissue_load_v1/tissue_rcv_tissues_v1.csv,1,,,ADD,
TISSUE,tissue_flexor_digitorum_longus_tendon,app/src/main/assets/metadata/tissue_load_v1/tissue_rcv_tissues_v1.csv,1,,,ADD,
TISSUE,tissue_flexor_hallucis_longus_tendon,app/src/main/assets/metadata/tissue_load_v1/tissue_rcv_tissues_v1.csv,1,,,ADD,
TISSUE,tissue_glenohumeral_joint,app/src/main/assets/metadata/tissue_load_v1/tissue_rcv_tissues_v1.csv,1,,,ADD,
TISSUE,tissue_glenohumeral_ligament_complex,app/src/main/assets/metadata/tissue_load_v1/tissue_rcv_tissues_v1.csv,1,,,ADD,
TISSUE,tissue_glenoid_labrum,app/src/main/assets/metadata/tissue_load_v1/tissue_rcv_tissues_v1.csv,1,,,ADD,
TISSUE,tissue_gluteus_maximus_tendon,app/src/main/assets/metadata/tissue_load_v1/tissue_rcv_tissues_v1.csv,1,,,ADD,
TISSUE,tissue_gluteus_medius_tendon,app/src/main/assets/metadata/tissue_load_v1/tissue_rcv_tissues_v1.csv,1,,,ADD,
TISSUE,tissue_gluteus_minimus_tendon,app/src/main/assets/metadata/tissue_load_v1/tissue_rcv_tissues_v1.csv,1,,,ADD,
TISSUE,tissue_gracilis_dist_tendon,app/src/main/assets/metadata/tissue_load_v1/tissue_rcv_tissues_v1.csv,1,,,ADD,
TISSUE,tissue_gracilis_tendon,app/src/main/assets/metadata/tissue_load_v1/tissue_rcv_tissues_v1.csv,1,,,ADD,
TISSUE,tissue_hand_collateral_ligament_complex,app/src/main/assets/metadata/tissue_load_v1/tissue_rcv_tissues_v1.csv,1,,,ADD,
TISSUE,tissue_hip_joint,app/src/main/assets/metadata/tissue_load_v1/tissue_rcv_tissues_v1.csv,1,,,ADD,
TISSUE,tissue_humeroradial_joint,app/src/main/assets/metadata/tissue_load_v1/tissue_rcv_tissues_v1.csv,1,,,ADD,
TISSUE,tissue_humeroulnar_joint,app/src/main/assets/metadata/tissue_load_v1/tissue_rcv_tissues_v1.csv,1,,,ADD,
TISSUE,tissue_iliofemoral_ligament,app/src/main/assets/metadata/tissue_load_v1/tissue_rcv_tissues_v1.csv,1,,,ADD,
TISSUE,tissue_iliopsoas_tendon,app/src/main/assets/metadata/tissue_load_v1/tissue_rcv_tissues_v1.csv,1,,,ADD,
TISSUE,tissue_iliotibial_band,app/src/main/assets/metadata/tissue_load_v1/tissue_rcv_tissues_v1.csv,1,,,ADD,
TISSUE,tissue_infraspinatus_tendon,app/src/main/assets/metadata/tissue_load_v1/tissue_rcv_tissues_v1.csv,1,,,ADD,
TISSUE,tissue_interosseous_tibiofibular_ligament,app/src/main/assets/metadata/tissue_load_v1/tissue_rcv_tissues_v1.csv,1,,,ADD,
TISSUE,tissue_ischiofemoral_ligament,app/src/main/assets/metadata/tissue_load_v1/tissue_rcv_tissues_v1.csv,1,,,ADD,
TISSUE,tissue_lateral_meniscus,app/src/main/assets/metadata/tissue_load_v1/tissue_rcv_tissues_v1.csv,1,,,ADD,
TISSUE,tissue_latissimus_dorsi_tendon,app/src/main/assets/metadata/tissue_load_v1/tissue_rcv_tissues_v1.csv,1,,,ADD,
TISSUE,tissue_lcl,app/src/main/assets/metadata/tissue_load_v1/tissue_rcv_tissues_v1.csv,1,,,ADD,
TISSUE,tissue_lisfranc_ligament,app/src/main/assets/metadata/tissue_load_v1/tissue_rcv_tissues_v1.csv,1,,,ADD,
TISSUE,tissue_long_head_biceps_tendon,app/src/main/assets/metadata/tissue_load_v1/tissue_rcv_tissues_v1.csv,1,,,ADD,
TISSUE,tissue_lumbar_disc_endplate,app/src/main/assets/metadata/tissue_load_v1/tissue_rcv_tissues_v1.csv,1,,,ADD,
TISSUE,tissue_lumbar_facet_joint,app/src/main/assets/metadata/tissue_load_v1/tissue_rcv_tissues_v1.csv,1,,,ADD,
TISSUE,tissue_lumbar_posterior_ligament,app/src/main/assets/metadata/tissue_load_v1/tissue_rcv_tissues_v1.csv,1,,,ADD,
TISSUE,tissue_lunotriquetral_ligament,app/src/main/assets/metadata/tissue_load_v1/tissue_rcv_tissues_v1.csv,1,,,ADD,
TISSUE,tissue_mcl,app/src/main/assets/metadata/tissue_load_v1/tissue_rcv_tissues_v1.csv,1,,,ADD,
TISSUE,tissue_medial_meniscus,app/src/main/assets/metadata/tissue_load_v1/tissue_rcv_tissues_v1.csv,1,,,ADD,
TISSUE,tissue_metatarsophalangeal_joint_complex,app/src/main/assets/metadata/tissue_load_v1/tissue_rcv_tissues_v1.csv,1,,,ADD,
TISSUE,tissue_midcarpal_joint,app/src/main/assets/metadata/tissue_load_v1/tissue_rcv_tissues_v1.csv,1,,,ADD,
TISSUE,tissue_midfoot_joint_complex,app/src/main/assets/metadata/tissue_load_v1/tissue_rcv_tissues_v1.csv,1,,,ADD,
TISSUE,tissue_mtp_plantar_plate,app/src/main/assets/metadata/tissue_load_v1/tissue_rcv_tissues_v1.csv,1,,,ADD,
TISSUE,tissue_patellar_tendon,app/src/main/assets/metadata/tissue_load_v1/tissue_rcv_tissues_v1.csv,1,,,ADD,
TISSUE,tissue_patellofemoral_joint,app/src/main/assets/metadata/tissue_load_v1/tissue_rcv_tissues_v1.csv,1,,,ADD,
TISSUE,tissue_pcl,app/src/main/assets/metadata/tissue_load_v1/tissue_rcv_tissues_v1.csv,1,,,ADD,
TISSUE,tissue_pectoralis_major_tendon,app/src/main/assets/metadata/tissue_load_v1/tissue_rcv_tissues_v1.csv,1,,,ADD,
TISSUE,tissue_peroneal_tendon,app/src/main/assets/metadata/tissue_load_v1/tissue_rcv_tissues_v1.csv,1,,,ADD,
TISSUE,tissue_plantar_fascia,app/src/main/assets/metadata/tissue_load_v1/tissue_rcv_tissues_v1.csv,1,,,ADD,
TISSUE,tissue_posterior_tibial_tendon,app/src/main/assets/metadata/tissue_load_v1/tissue_rcv_tissues_v1.csv,1,,,ADD,
TISSUE,tissue_posterolateral_corner,app/src/main/assets/metadata/tissue_load_v1/tissue_rcv_tissues_v1.csv,1,,,ADD,
TISSUE,tissue_pronator_teres_tendon,app/src/main/assets/metadata/tissue_load_v1/tissue_rcv_tissues_v1.csv,1,,,ADD,
TISSUE,tissue_proximal_radioulnar_joint,app/src/main/assets/metadata/tissue_load_v1/tissue_rcv_tissues_v1.csv,1,,,ADD,
TISSUE,tissue_pubic_symphysis,app/src/main/assets/metadata/tissue_load_v1/tissue_rcv_tissues_v1.csv,1,,,ADD,
TISSUE,tissue_pubofemoral_ligament,app/src/main/assets/metadata/tissue_load_v1/tissue_rcv_tissues_v1.csv,1,,,ADD,
TISSUE,tissue_quadriceps_tendon,app/src/main/assets/metadata/tissue_load_v1/tissue_rcv_tissues_v1.csv,1,,,ADD,
TISSUE,tissue_radiocarpal_joint,app/src/main/assets/metadata/tissue_load_v1/tissue_rcv_tissues_v1.csv,1,,,ADD,
TISSUE,tissue_rectus_femoris_prox_tendon,app/src/main/assets/metadata/tissue_load_v1/tissue_rcv_tissues_v1.csv,1,,,ADD,
TISSUE,tissue_sacroiliac_joint,app/src/main/assets/metadata/tissue_load_v1/tissue_rcv_tissues_v1.csv,1,,,ADD,
TISSUE,tissue_sacroiliac_ligament,app/src/main/assets/metadata/tissue_load_v1/tissue_rcv_tissues_v1.csv,1,,,ADD,
TISSUE,tissue_scapholunate_ligament,app/src/main/assets/metadata/tissue_load_v1/tissue_rcv_tissues_v1.csv,1,,,ADD,
TISSUE,tissue_scapulothoracic_articulation,app/src/main/assets/metadata/tissue_load_v1/tissue_rcv_tissues_v1.csv,1,,,ADD,
TISSUE,tissue_semimembranosus_dist_tendon,app/src/main/assets/metadata/tissue_load_v1/tissue_rcv_tissues_v1.csv,1,,,ADD,
TISSUE,tissue_semimembranosus_prox_tendon,app/src/main/assets/metadata/tissue_load_v1/tissue_rcv_tissues_v1.csv,1,,,ADD,
TISSUE,tissue_semitendinosus_dist_tendon,app/src/main/assets/metadata/tissue_load_v1/tissue_rcv_tissues_v1.csv,1,,,ADD,
TISSUE,tissue_semitendinosus_prox_tendon,app/src/main/assets/metadata/tissue_load_v1/tissue_rcv_tissues_v1.csv,1,,,ADD,
TISSUE,tissue_sternoclavicular_joint,app/src/main/assets/metadata/tissue_load_v1/tissue_rcv_tissues_v1.csv,1,,,ADD,
TISSUE,tissue_subscapularis_tendon,app/src/main/assets/metadata/tissue_load_v1/tissue_rcv_tissues_v1.csv,1,,,ADD,
TISSUE,tissue_subtalar_joint,app/src/main/assets/metadata/tissue_load_v1/tissue_rcv_tissues_v1.csv,1,,,ADD,
TISSUE,tissue_supinator_tendon,app/src/main/assets/metadata/tissue_load_v1/tissue_rcv_tissues_v1.csv,1,,,ADD,
TISSUE,tissue_supraspinatus_tendon,app/src/main/assets/metadata/tissue_load_v1/tissue_rcv_tissues_v1.csv,1,,,ADD,
TISSUE,tissue_talocrural_joint,app/src/main/assets/metadata/tissue_load_v1/tissue_rcv_tissues_v1.csv,1,,,ADD,
TISSUE,tissue_tensor_fasciae_latae_tendon,app/src/main/assets/metadata/tissue_load_v1/tissue_rcv_tissues_v1.csv,1,,,ADD,
TISSUE,tissue_teres_major_tendon,app/src/main/assets/metadata/tissue_load_v1/tissue_rcv_tissues_v1.csv,1,,,ADD,
TISSUE,tissue_teres_minor_tendon,app/src/main/assets/metadata/tissue_load_v1/tissue_rcv_tissues_v1.csv,1,,,ADD,
TISSUE,tissue_tfcc,app/src/main/assets/metadata/tissue_load_v1/tissue_rcv_tissues_v1.csv,1,,,ADD,
TISSUE,tissue_thoracic_disc_endplate,app/src/main/assets/metadata/tissue_load_v1/tissue_rcv_tissues_v1.csv,1,,,ADD,
TISSUE,tissue_thoracic_facet_joint,app/src/main/assets/metadata/tissue_load_v1/tissue_rcv_tissues_v1.csv,1,,,ADD,
TISSUE,tissue_thoracolumbar_fascia,app/src/main/assets/metadata/tissue_load_v1/tissue_rcv_tissues_v1.csv,1,,,ADD,
TISSUE,tissue_thumb_abductor_extensor_tendon,app/src/main/assets/metadata/tissue_load_v1/tissue_rcv_tissues_v1.csv,1,,,ADD,
TISSUE,tissue_thumb_cmc_joint,app/src/main/assets/metadata/tissue_load_v1/tissue_rcv_tissues_v1.csv,1,,,ADD,
TISSUE,tissue_thumb_flexor_tendon,app/src/main/assets/metadata/tissue_load_v1/tissue_rcv_tissues_v1.csv,1,,,ADD,
TISSUE,tissue_tibiofemoral_joint,app/src/main/assets/metadata/tissue_load_v1/tissue_rcv_tissues_v1.csv,1,,,ADD,
TRAINING_ROLE_RELATION,CONDITIONING,app/src/main/assets/metadata/canonical_v1,1,컨디셔닝,Conditioning,RETAIN,
TRAINING_ROLE_RELATION,HYPERTROPHY,app/src/main/assets/metadata/canonical_v1,1,근비대,Hypertrophy,RETAIN,
TRAINING_ROLE_RELATION,MOBILITY,app/src/main/assets/metadata/canonical_v1,1,가동성,Mobility,RETAIN,
TRAINING_ROLE_RELATION,PLYOMETRIC,app/src/main/assets/metadata/canonical_v1,1,플라이오메트릭,Plyometric,RETAIN,
TRAINING_ROLE_RELATION,POWER,app/src/main/assets/metadata/canonical_v1,1,파워,Power,RETAIN,
TRAINING_ROLE_RELATION,PREHAB,app/src/main/assets/metadata/canonical_v1,1,프리햅,Prehab,RETAIN,
TRAINING_ROLE_RELATION,RECOVERY,app/src/main/assets/metadata/canonical_v1,1,회복,Recovery,RETAIN,
TRAINING_ROLE_RELATION,SKILL_DRILL,app/src/main/assets/metadata/canonical_v1,1,기술 Drill,Skill drill,REVISE,
TRAINING_ROLE_RELATION,STABILITY,app/src/main/assets/metadata/canonical_v1,1,안정성,Stability,RETAIN,
TRAINING_ROLE_RELATION,STRENGTH,app/src/main/assets/metadata/canonical_v1,1,근력,Strength,RETAIN,
TRAINING_ROLE_RELATION,TEST,app/src/main/assets/metadata/canonical_v1,1,테스트,Test,RETAIN,
TRANSFER_CONFIDENCE,HIGH,app/src/main/assets/metadata/canonical_v1,1,높음,High,RETAIN,
TRANSFER_CONFIDENCE,LOW,app/src/main/assets/metadata/canonical_v1,1,낮음,Low,RETAIN,
TRANSFER_CONFIDENCE,MEDIUM,app/src/main/assets/metadata/canonical_v1,1,보통,Medium,RETAIN,
TRANSFER_CONFIDENCE,NONE,app/src/main/assets/metadata/canonical_v1,0,평가 없음,Not assessed,RETAINED_SEARCH_ONLY,
