"stableKey","currentAnalysisEligibility","currentBadmintonTransferType","currentBadmintonSourceSemantics","currentDerivedBadmintonAxes","currentBadmintonObjectiveKeys","currentFatigueCost","currentRelevantOfiSignals","currentRelevantProgramClassification","currentStrengthClassification","normalizedAnalysisEligibility","normalizedBadmintonTransferType","normalizedBadmintonSourceSemantics","normalizedDerivedBadmintonAxes","normalizedBadmintonObjectiveKeys","normalizedFatigueCost","normalizedRelevantOfiSignals","normalizedRelevantProgramClassification","normalizedStrengthClassification","semanticDelta","outputDelta","decision"
"band_lift","BADMINTON_TRANSFER|BALANCE|FATIGUE","SUPPORTIVE","forceType=ROTATE;plane=TRANSVERSE;laterality=UNILATERAL;fatigue=CORE_BRACING_LOAD|GRIP_FOREARM|HIP_ROTATIONAL_CONTROL_STRESS|LOCAL_MUSCLE|LUMBOPELVIC_CONTROL_STRESS|NEURAL_HEAVY|OVERHEAD_REPETITION|ROTATIONAL_CORE_STABILITY_STRESS|ROTATION_POWER|ROTATION_POWER_LOAD|SHOULDER_JOINT_STABILITY_STRESS|STABILITY_COORDINATION_LOAD|SYSTEMIC;muscles=CORE|DEEP_CORE|FOREARM|GLUTE|OBLIQUE|SHOULDER;roles=GRIP_FOREARM|ROTATION_POWER|ROTATION_POWER_SUPPORTIVE|SHOULDER_CARE;skills=ROTATION_SEQUENCING;qualities=CORE_BRACING|ROTATIONAL_CONTROL","LOW_FATIGUE_CONTROL|RACKET_SUPPORT|ROTATION_CONTROL|UNILATERAL_STABILITY","ROTATION_POWER","MEDIUM","BADMINTON_FATIGUE_COST:MEDIUM:0.0|OFI_AXIS:HIGH_FORCE_NEURAL:17.1875|OFI_AXIS:HIGH_SPEED:17.1875|OFI_AXIS:LOCAL_MUSCULAR:37.8125|OFI_AXIS:REACTIVE:15.625|OFI_AXIS:SYSTEMIC_MUSCULAR:15.625|OFI_DOSE:QUALITY_BASED:0.0|OFI_GROUP:BAND_ROTATIONAL_CHAIN:0.0|OFI_GROUP:ROTATION_POWER:0.0|OFI_GROUP:ROTATION_POWER:0.0|OFI_SCORE:HIGH_FORCE_NEURAL:21.0|OFI_SCORE:HIGH_SPEED:21.0|OFI_SCORE:LOCAL_MUSCULAR:47.0|OFI_SCORE:REACTIVE:20.0|OFI_SCORE:SYSTEMIC_MUSCULAR:20.0|OFI_SNAPSHOT:SUMMARY:28.0","","PROGRESSION:ROTATION_POWER","BADMINTON_TRANSFER|BALANCE|FATIGUE","SUPPORTIVE","level=SUPPORTIVE;types=ROTATION_POWER_SUPPORTIVE;skills=ROTATION_SEQUENCING;qualities=CORE_BRACING|ROTATIONAL_CONTROL","ROTATION_CONTROL","ROTATION_POWER","MEDIUM","BADMINTON_FATIGUE_COST:MEDIUM:0.0|OFI_AXIS:HIGH_FORCE_NEURAL:17.1875|OFI_AXIS:HIGH_SPEED:17.1875|OFI_AXIS:LOCAL_MUSCULAR:37.8125|OFI_AXIS:REACTIVE:15.625|OFI_AXIS:SYSTEMIC_MUSCULAR:15.625|OFI_DOSE:QUALITY_BASED:0.0|OFI_GROUP:BAND_ROTATIONAL_CHAIN:0.0|OFI_GROUP:ROTATION_POWER:0.0|OFI_GROUP:ROTATION_POWER:0.0|OFI_SCORE:HIGH_FORCE_NEURAL:21.0|OFI_SCORE:HIGH_SPEED:21.0|OFI_SCORE:LOCAL_MUSCULAR:47.0|OFI_SCORE:REACTIVE:20.0|OFI_SCORE:SYSTEMIC_MUSCULAR:20.0|OFI_SNAPSHOT:SUMMARY:28.0","","PROGRESSION:ROTATION_POWER","removedAxes=LOW_FATIGUE_CONTROL|RACKET_SUPPORT|UNILATERAL_STABILITY;removedObjectives=","addedAxes=;addedObjectives=","PARITY_INTENTIONAL_CORRECTION"
"band_pallof_press","BADMINTON_SUPPORTIVE|BALANCE|FATIGUE","SUPPORTIVE","forceType=BRACE;plane=TRANSVERSE;laterality=BILATERAL;fatigue=ANTI_ROTATION|ANTI_ROTATION_LOAD|CORE_BRACING_LOAD|ISOMETRIC_CORE_BRACING_STRESS|LOCAL_MUSCLE|LUMBOPELVIC_CONTROL_STRESS|NEURAL_HEAVY|SYSTEMIC;muscles=CHEST|CORE|DEEP_CORE|OBLIQUE;roles=CORE_STABILITY_SUPPORTIVE;skills=CHANGE_OF_DIRECTION|DEFENSIVE_COVERAGE;qualities=CORE_BRACING|HIP_CONTROL|SINGLE_LEG_STABILITY","LOW_FATIGUE_CONTROL|ROTATION_CONTROL","","MEDIUM","BADMINTON_FATIGUE_COST:MEDIUM:0.0|OFI_AXIS:HIGH_FORCE_NEURAL:17.1875|OFI_AXIS:HIGH_SPEED:17.1875|OFI_AXIS:LOCAL_MUSCULAR:37.8125|OFI_AXIS:REACTIVE:63.75|OFI_AXIS:SYSTEMIC_MUSCULAR:15.625|OFI_DOSE:QUALITY_BASED:0.0|OFI_GROUP:TRUNK_ANTI_MOVEMENT:0.0|OFI_GROUP:TRUNK_ANTI_MOVEMENT:0.0|OFI_GROUP:TRUNK_ANTI_MOVEMENT:0.0|OFI_SCORE:HIGH_FORCE_NEURAL:21.0|OFI_SCORE:HIGH_SPEED:21.0|OFI_SCORE:LOCAL_MUSCULAR:47.0|OFI_SCORE:REACTIVE:80.0|OFI_SCORE:SYSTEMIC_MUSCULAR:20.0|OFI_SNAPSHOT:SUMMARY:57.0","","PROGRESSION:TRUNK_ANTI_MOVEMENT","BADMINTON_SUPPORTIVE|BALANCE|FATIGUE","SUPPORTIVE","level=SUPPORTIVE;types=CORE_STABILITY_SUPPORTIVE;skills=CHANGE_OF_DIRECTION|DEFENSIVE_COVERAGE;qualities=CORE_BRACING|HIP_CONTROL|SINGLE_LEG_STABILITY","LOW_FATIGUE_CONTROL","","MEDIUM","BADMINTON_FATIGUE_COST:MEDIUM:0.0|OFI_AXIS:HIGH_FORCE_NEURAL:17.1875|OFI_AXIS:HIGH_SPEED:17.1875|OFI_AXIS:LOCAL_MUSCULAR:37.8125|OFI_AXIS:REACTIVE:63.75|OFI_AXIS:SYSTEMIC_MUSCULAR:15.625|OFI_DOSE:QUALITY_BASED:0.0|OFI_GROUP:TRUNK_ANTI_MOVEMENT:0.0|OFI_GROUP:TRUNK_ANTI_MOVEMENT:0.0|OFI_GROUP:TRUNK_ANTI_MOVEMENT:0.0|OFI_SCORE:HIGH_FORCE_NEURAL:21.0|OFI_SCORE:HIGH_SPEED:21.0|OFI_SCORE:LOCAL_MUSCULAR:47.0|OFI_SCORE:REACTIVE:80.0|OFI_SCORE:SYSTEMIC_MUSCULAR:20.0|OFI_SNAPSHOT:SUMMARY:57.0","","PROGRESSION:TRUNK_ANTI_MOVEMENT","removedAxes=ROTATION_CONTROL;removedObjectives=","addedAxes=;addedObjectives=","PARITY_INTENTIONAL_CORRECTION"
"band_woodchop","BADMINTON_TRANSFER|BALANCE|FATIGUE","SUPPORTIVE","forceType=ROTATE;plane=TRANSVERSE;laterality=UNILATERAL;fatigue=CORE_BRACING_LOAD|GRIP_FOREARM|HIP_ROTATIONAL_CONTROL_STRESS|LOCAL_MUSCLE|LUMBOPELVIC_CONTROL_STRESS|NEURAL_HEAVY|OVERHEAD_REPETITION|ROTATIONAL_CORE_STABILITY_STRESS|ROTATION_POWER|ROTATION_POWER_LOAD|SHOULDER_JOINT_STABILITY_STRESS|STABILITY_COORDINATION_LOAD|SYSTEMIC;muscles=CORE|DEEP_CORE|FOREARM|GLUTE|OBLIQUE|SHOULDER;roles=GRIP_FOREARM|ROTATION_POWER|ROTATION_POWER_SUPPORTIVE|SHOULDER_CARE;skills=ROTATION_SEQUENCING;qualities=CORE_BRACING|ROTATIONAL_CONTROL","LOW_FATIGUE_CONTROL|RACKET_SUPPORT|ROTATION_CONTROL|UNILATERAL_STABILITY","ROTATION_POWER","MEDIUM","BADMINTON_FATIGUE_COST:MEDIUM:0.0|OFI_AXIS:HIGH_FORCE_NEURAL:17.1875|OFI_AXIS:HIGH_SPEED:17.1875|OFI_AXIS:LOCAL_MUSCULAR:37.8125|OFI_AXIS:REACTIVE:15.625|OFI_AXIS:SYSTEMIC_MUSCULAR:15.625|OFI_DOSE:QUALITY_BASED:0.0|OFI_GROUP:BAND_ROTATIONAL_CHAIN:0.0|OFI_GROUP:ROTATION_POWER:0.0|OFI_GROUP:ROTATION_POWER:0.0|OFI_SCORE:HIGH_FORCE_NEURAL:21.0|OFI_SCORE:HIGH_SPEED:21.0|OFI_SCORE:LOCAL_MUSCULAR:47.0|OFI_SCORE:REACTIVE:20.0|OFI_SCORE:SYSTEMIC_MUSCULAR:20.0|OFI_SNAPSHOT:SUMMARY:28.0","","PROGRESSION:ROTATION_POWER","BADMINTON_TRANSFER|BALANCE|FATIGUE","SUPPORTIVE","level=SUPPORTIVE;types=ROTATION_POWER_SUPPORTIVE;skills=ROTATION_SEQUENCING;qualities=CORE_BRACING|ROTATIONAL_CONTROL","ROTATION_CONTROL","ROTATION_POWER","MEDIUM","BADMINTON_FATIGUE_COST:MEDIUM:0.0|OFI_AXIS:HIGH_FORCE_NEURAL:17.1875|OFI_AXIS:HIGH_SPEED:17.1875|OFI_AXIS:LOCAL_MUSCULAR:37.8125|OFI_AXIS:REACTIVE:15.625|OFI_AXIS:SYSTEMIC_MUSCULAR:15.625|OFI_DOSE:QUALITY_BASED:0.0|OFI_GROUP:BAND_ROTATIONAL_CHAIN:0.0|OFI_GROUP:ROTATION_POWER:0.0|OFI_GROUP:ROTATION_POWER:0.0|OFI_SCORE:HIGH_FORCE_NEURAL:21.0|OFI_SCORE:HIGH_SPEED:21.0|OFI_SCORE:LOCAL_MUSCULAR:47.0|OFI_SCORE:REACTIVE:20.0|OFI_SCORE:SYSTEMIC_MUSCULAR:20.0|OFI_SNAPSHOT:SUMMARY:28.0","","PROGRESSION:ROTATION_POWER","removedAxes=LOW_FATIGUE_CONTROL|RACKET_SUPPORT|UNILATERAL_STABILITY;removedObjectives=","addedAxes=;addedObjectives=","PARITY_INTENTIONAL_CORRECTION"
"barbell_back_squat","BALANCE|FATIGUE|HYPERTROPHY_VOLUME|STRENGTH_PROGRESS","GENERAL_STRENGTH","forceType=SQUAT;plane=SAGITTAL;laterality=BILATERAL;fatigue=BARBELL_LOAD|CORE_BRACING_LOAD|GLUTE_LOAD|HAMSTRING_LOAD|HEAVY_AXIAL_LOWER_STRESS|HEAVY_LOAD|KNEE_ROTATIONAL_STABILITY_STRESS|KNEE_VALGUS_CONTROL_STRESS|LOCAL_MUSCLE|LUMBOPELVIC_CONTROL_STRESS|NEURAL_HEAVY|NEURAL_LOAD|PATELLAR_TENDON_STRESS|QUAD_LOAD|SYSTEMIC;muscles=CORE|DEEP_CORE|GLUTE|HAMSTRING|QUADRICEPS;roles=GENERAL_STRENGTH_SUPPORTIVE;skills=;qualities=HIP_KNEE_EXTENSION_STRENGTH|LOWER_BODY_FORCE","UNILATERAL_STABILITY","","VERY_HIGH","BADMINTON_FATIGUE_COST:VERY_HIGH:0.0|OFI_AXIS:HIGH_FORCE_NEURAL:79.0625|OFI_AXIS:HIGH_SPEED:17.1875|OFI_AXIS:LOCAL_MUSCULAR:58.4375|OFI_AXIS:REACTIVE:15.625|OFI_AXIS:SYSTEMIC_MUSCULAR:61.09375|OFI_CAUTION:RECOVERY_DEBT_HIGH:0.0|OFI_DOSE:ESTIMATED_1RM:0.0|OFI_GROUP:SQUAT_PATTERN_HEAVY_LOWER:0.0|OFI_GROUP:SQUAT_PATTERN_HEAVY_LOWER:0.0|OFI_GROUP:SQUAT_PATTERN_HEAVY_LOWER:0.0|OFI_SCORE:HIGH_FORCE_NEURAL:99.0|OFI_SCORE:HIGH_SPEED:21.0|OFI_SCORE:LOCAL_MUSCULAR:73.0|OFI_SCORE:REACTIVE:20.0|OFI_SCORE:SYSTEMIC_MUSCULAR:76.0|OFI_SNAPSHOT:SUMMARY:73.0","","PROGRESSION:SQUAT_PATTERN_HEAVY_LOWER|PROXY:BACK_SQUAT:DIRECT_ANCHOR","BALANCE|FATIGUE|HYPERTROPHY_VOLUME|STRENGTH_PROGRESS","GENERAL_STRENGTH","level=GENERAL;types=GENERAL_STRENGTH_SUPPORTIVE;skills=;qualities=HIP_KNEE_EXTENSION_STRENGTH|LOWER_BODY_FORCE","","","VERY_HIGH","BADMINTON_FATIGUE_COST:VERY_HIGH:0.0|OFI_AXIS:HIGH_FORCE_NEURAL:79.0625|OFI_AXIS:HIGH_SPEED:17.1875|OFI_AXIS:LOCAL_MUSCULAR:58.4375|OFI_AXIS:REACTIVE:15.625|OFI_AXIS:SYSTEMIC_MUSCULAR:61.09375|OFI_CAUTION:RECOVERY_DEBT_HIGH:0.0|OFI_DOSE:ESTIMATED_1RM:0.0|OFI_GROUP:SQUAT_PATTERN_HEAVY_LOWER:0.0|OFI_GROUP:SQUAT_PATTERN_HEAVY_LOWER:0.0|OFI_GROUP:SQUAT_PATTERN_HEAVY_LOWER:0.0|OFI_SCORE:HIGH_FORCE_NEURAL:99.0|OFI_SCORE:HIGH_SPEED:21.0|OFI_SCORE:LOCAL_MUSCULAR:73.0|OFI_SCORE:REACTIVE:20.0|OFI_SCORE:SYSTEMIC_MUSCULAR:76.0|OFI_SNAPSHOT:SUMMARY:73.0","","PROGRESSION:SQUAT_PATTERN_HEAVY_LOWER|PROXY:BACK_SQUAT:DIRECT_ANCHOR","removedAxes=UNILATERAL_STABILITY;removedObjectives=","addedAxes=;addedObjectives=","PARITY_INTENTIONAL_CORRECTION"
"barbell_bench_press","BALANCE|FATIGUE|HYPERTROPHY_VOLUME|STRENGTH_PROGRESS","NONE","forceType=PUSH;plane=TRANSVERSE;laterality=BILATERAL;fatigue=ANTERIOR_DELTOID_LOAD|HORIZONTAL_PUSH_STRESS|LOCAL_MUSCLE|NEURAL_HEAVY|PECTORAL_LOAD|PECTORAL_TENDON_STRESS|SHOULDER_SCAPULAR_STABILITY_STRESS|SYSTEMIC|TRICEPS_LOAD|TRICEPS_TENDON_STRESS;muscles=ANTERIOR_DELTOID|CHEST|CORE|TRICEPS;roles=;skills=;qualities=","","","VERY_HIGH","BADMINTON_FATIGUE_COST:VERY_HIGH:0.0|OFI_AXIS:HIGH_FORCE_NEURAL:79.0625|OFI_AXIS:HIGH_SPEED:17.1875|OFI_AXIS:LOCAL_MUSCULAR:58.4375|OFI_AXIS:REACTIVE:15.625|OFI_AXIS:SYSTEMIC_MUSCULAR:34.375|OFI_DOSE:ESTIMATED_1RM:0.0|OFI_GROUP:HORIZONTAL_PUSH_COMPOUND:0.0|OFI_GROUP:HORIZONTAL_PUSH_COMPOUND:0.0|OFI_GROUP:HORIZONTAL_PUSH_COMPOUND:0.0|OFI_SCORE:HIGH_FORCE_NEURAL:99.0|OFI_SCORE:HIGH_SPEED:21.0|OFI_SCORE:LOCAL_MUSCULAR:73.0|OFI_SCORE:REACTIVE:20.0|OFI_SCORE:SYSTEMIC_MUSCULAR:43.0|OFI_SNAPSHOT:SUMMARY:70.0","","PROGRESSION:HORIZONTAL_PUSH_COMPOUND|PROXY:BENCH_PRESS:DIRECT_ANCHOR","BALANCE|FATIGUE|HYPERTROPHY_VOLUME|STRENGTH_PROGRESS","NONE","level=NONE;types=;skills=;qualities=","","","VERY_HIGH","BADMINTON_FATIGUE_COST:VERY_HIGH:0.0|OFI_AXIS:HIGH_FORCE_NEURAL:79.0625|OFI_AXIS:HIGH_SPEED:17.1875|OFI_AXIS:LOCAL_MUSCULAR:58.4375|OFI_AXIS:REACTIVE:15.625|OFI_AXIS:SYSTEMIC_MUSCULAR:34.375|OFI_DOSE:ESTIMATED_1RM:0.0|OFI_GROUP:HORIZONTAL_PUSH_COMPOUND:0.0|OFI_GROUP:HORIZONTAL_PUSH_COMPOUND:0.0|OFI_GROUP:HORIZONTAL_PUSH_COMPOUND:0.0|OFI_SCORE:HIGH_FORCE_NEURAL:99.0|OFI_SCORE:HIGH_SPEED:21.0|OFI_SCORE:LOCAL_MUSCULAR:73.0|OFI_SCORE:REACTIVE:20.0|OFI_SCORE:SYSTEMIC_MUSCULAR:43.0|OFI_SNAPSHOT:SUMMARY:70.0","","PROGRESSION:HORIZONTAL_PUSH_COMPOUND|PROXY:BENCH_PRESS:DIRECT_ANCHOR","removedAxes=;removedObjectives=","addedAxes=;addedObjectives=","PARITY_EXACT"
"barbell_deadlift","BALANCE|FATIGUE|HYPERTROPHY_VOLUME|STRENGTH_PROGRESS","GENERAL_STRENGTH","forceType=HINGE;plane=SAGITTAL;laterality=BILATERAL;fatigue=CORE_BRACING_LOAD|FOREARM_FLEXOR_TENDON_STRESS|GLUTE_LOAD|GRIP_FOREARM|GRIP_LOAD|HAMSTRING_LOAD|HAMSTRING_TENDON_STRESS|HEAVY_LOAD|HINGE_POSTERIOR_CHAIN_STRESS|HIP_ROTATIONAL_CONTROL_STRESS|LOCAL_MUSCLE|LUMBOPELVIC_CONTROL_STRESS|NEURAL_HEAVY|SYSTEMIC;muscles=CORE|DEEP_CORE|ERECTOR_SPINAE|GLUTE|HAMSTRING|LAT;roles=GENERAL_STRENGTH_SUPPORTIVE;skills=;qualities=HIP_KNEE_EXTENSION_STRENGTH|LOWER_BODY_FORCE","RACKET_SUPPORT|UNILATERAL_STABILITY","","VERY_HIGH","BADMINTON_FATIGUE_COST:VERY_HIGH:0.0|OFI_AXIS:HIGH_FORCE_NEURAL:79.0625|OFI_AXIS:HIGH_SPEED:17.1875|OFI_AXIS:LOCAL_MUSCULAR:58.4375|OFI_AXIS:REACTIVE:15.625|OFI_AXIS:SYSTEMIC_MUSCULAR:39.53125|OFI_CAUTION:RECOVERY_DEBT_HIGH:0.0|OFI_DOSE:ESTIMATED_1RM:0.0|OFI_GROUP:HEAVY_HINGE:0.0|OFI_GROUP:HEAVY_HINGE:0.0|OFI_GROUP:HEAVY_HINGE:0.0|OFI_SCORE:HIGH_FORCE_NEURAL:99.0|OFI_SCORE:HIGH_SPEED:21.0|OFI_SCORE:LOCAL_MUSCULAR:73.0|OFI_SCORE:REACTIVE:20.0|OFI_SCORE:SYSTEMIC_MUSCULAR:49.0|OFI_SNAPSHOT:SUMMARY:70.0","","PROGRESSION:HEAVY_HINGE|PROXY:DEADLIFT:DIRECT_ANCHOR","BALANCE|FATIGUE|HYPERTROPHY_VOLUME|STRENGTH_PROGRESS","GENERAL_STRENGTH","level=GENERAL;types=GENERAL_STRENGTH_SUPPORTIVE;skills=;qualities=HIP_KNEE_EXTENSION_STRENGTH|LOWER_BODY_FORCE","","","VERY_HIGH","BADMINTON_FATIGUE_COST:VERY_HIGH:0.0|OFI_AXIS:HIGH_FORCE_NEURAL:79.0625|OFI_AXIS:HIGH_SPEED:17.1875|OFI_AXIS:LOCAL_MUSCULAR:58.4375|OFI_AXIS:REACTIVE:15.625|OFI_AXIS:SYSTEMIC_MUSCULAR:39.53125|OFI_CAUTION:RECOVERY_DEBT_HIGH:0.0|OFI_DOSE:ESTIMATED_1RM:0.0|OFI_GROUP:HEAVY_HINGE:0.0|OFI_GROUP:HEAVY_HINGE:0.0|OFI_GROUP:HEAVY_HINGE:0.0|OFI_SCORE:HIGH_FORCE_NEURAL:99.0|OFI_SCORE:HIGH_SPEED:21.0|OFI_SCORE:LOCAL_MUSCULAR:73.0|OFI_SCORE:REACTIVE:20.0|OFI_SCORE:SYSTEMIC_MUSCULAR:49.0|OFI_SNAPSHOT:SUMMARY:70.0","","PROGRESSION:HEAVY_HINGE|PROXY:DEADLIFT:DIRECT_ANCHOR","removedAxes=RACKET_SUPPORT|UNILATERAL_STABILITY;removedObjectives=","addedAxes=;addedObjectives=","PARITY_INTENTIONAL_CORRECTION"
"barbell_reverse_curl","BALANCE|FATIGUE|HYPERTROPHY_VOLUME","GENERAL_STRENGTH","forceType=BRACE;plane=SAGITTAL;laterality=BILATERAL;fatigue=BRACHIALIS_BRACHIORADIALIS_LOAD|ELBOW_FLEXION_LOAD|FOREARM_EXTENSOR_TENDON_STRESS|FOREARM_FLEXOR_TENDON_STRESS|GRIP_FOREARM|GRIP_FOREARM_LOAD|ISOLATION_ACCESSORY_STRESS|LOCAL_MUSCLE|NEURAL_HEAVY|SYSTEMIC;muscles=BACK|BICEPS|CORE|FOREARM;roles=GENERAL_STRENGTH_SUPPORTIVE;skills=;qualities=GRIP_ENDURANCE","LOW_FATIGUE_CONTROL|RACKET_SUPPORT|ROTATION_CONTROL","","VERY_HIGH","BADMINTON_FATIGUE_COST:VERY_HIGH:0.0|OFI_AXIS:HIGH_FORCE_NEURAL:17.1875|OFI_AXIS:HIGH_SPEED:17.1875|OFI_AXIS:LOCAL_MUSCULAR:58.4375|OFI_AXIS:REACTIVE:15.625|OFI_AXIS:SYSTEMIC_MUSCULAR:13.28125|OFI_DOSE:VOLUME_LOAD:0.0|OFI_GROUP:ELBOW_FLEXION_NEUTRAL_PRONATED_CURL:0.0|OFI_GROUP:ELBOW_FLEXION_NEUTRAL_PRONATED_CURL:0.0|OFI_GROUP:ELBOW_FLEXION_NEUTRAL_PRONATED_CURL:0.0|OFI_SCORE:HIGH_FORCE_NEURAL:21.0|OFI_SCORE:HIGH_SPEED:21.0|OFI_SCORE:LOCAL_MUSCULAR:73.0|OFI_SCORE:REACTIVE:20.0|OFI_SCORE:SYSTEMIC_MUSCULAR:17.0|OFI_SNAPSHOT:SUMMARY:39.0","","PROGRESSION:ELBOW_FLEXION_NEUTRAL_PRONATED_CURL","BALANCE|FATIGUE|HYPERTROPHY_VOLUME","GENERAL_STRENGTH","level=GENERAL;types=GENERAL_STRENGTH_SUPPORTIVE;skills=;qualities=GRIP_ENDURANCE","","","VERY_HIGH","BADMINTON_FATIGUE_COST:VERY_HIGH:0.0|OFI_AXIS:HIGH_FORCE_NEURAL:17.1875|OFI_AXIS:HIGH_SPEED:17.1875|OFI_AXIS:LOCAL_MUSCULAR:58.4375|OFI_AXIS:REACTIVE:15.625|OFI_AXIS:SYSTEMIC_MUSCULAR:13.28125|OFI_DOSE:VOLUME_LOAD:0.0|OFI_GROUP:ELBOW_FLEXION_NEUTRAL_PRONATED_CURL:0.0|OFI_GROUP:ELBOW_FLEXION_NEUTRAL_PRONATED_CURL:0.0|OFI_GROUP:ELBOW_FLEXION_NEUTRAL_PRONATED_CURL:0.0|OFI_SCORE:HIGH_FORCE_NEURAL:21.0|OFI_SCORE:HIGH_SPEED:21.0|OFI_SCORE:LOCAL_MUSCULAR:73.0|OFI_SCORE:REACTIVE:20.0|OFI_SCORE:SYSTEMIC_MUSCULAR:17.0|OFI_SNAPSHOT:SUMMARY:39.0","","PROGRESSION:ELBOW_FLEXION_NEUTRAL_PRONATED_CURL","removedAxes=LOW_FATIGUE_CONTROL|RACKET_SUPPORT|ROTATION_CONTROL;removedObjectives=","addedAxes=;addedObjectives=","PARITY_INTENTIONAL_CORRECTION"
"barbell_reverse_wrist_curl","ACCESSORY_VOLUME|BADMINTON_SUPPORTIVE|FATIGUE","SUPPORTIVE","forceType=BRACE;plane=SAGITTAL;laterality=BILATERAL;fatigue=FOREARM_EXTENSOR_TENDON_STRESS|FOREARM_FLEXOR_TENDON_STRESS|GRIP_FOREARM|GRIP_FOREARM_LOAD|ISOLATION_ACCESSORY_STRESS|LOCAL_MUSCLE|NEURAL_HEAVY|SYSTEMIC|WRIST_CONTROL_LOAD|WRIST_STABILITY_STRESS;muscles=BACK|CORE|FOREARM|GRIP;roles=GRIP_WRIST_SUPPORTIVE;skills=DRIVE|NET_PLAY;qualities=GRIP_ENDURANCE","LOW_FATIGUE_CONTROL|RACKET_SUPPORT|ROTATION_CONTROL","","VERY_HIGH","BADMINTON_FATIGUE_COST:VERY_HIGH:0.0|OFI_AXIS:HIGH_FORCE_NEURAL:17.1875|OFI_AXIS:HIGH_SPEED:17.1875|OFI_AXIS:LOCAL_MUSCULAR:58.4375|OFI_AXIS:REACTIVE:15.625|OFI_AXIS:SYSTEMIC_MUSCULAR:13.28125|OFI_DOSE:LOAD_REPS:0.0|OFI_GROUP:FOREARM_WRIST_GRIP_ACCESSORY:0.0|OFI_GROUP:FOREARM_WRIST_GRIP_ACCESSORY:0.0|OFI_GROUP:FOREARM_WRIST_GRIP_ACCESSORY:0.0|OFI_SCORE:HIGH_FORCE_NEURAL:21.0|OFI_SCORE:HIGH_SPEED:21.0|OFI_SCORE:LOCAL_MUSCULAR:73.0|OFI_SCORE:REACTIVE:20.0|OFI_SCORE:SYSTEMIC_MUSCULAR:17.0|OFI_SNAPSHOT:SUMMARY:39.0","","PROGRESSION:FOREARM_WRIST_GRIP_ACCESSORY","ACCESSORY_VOLUME|BADMINTON_SUPPORTIVE|FATIGUE","SUPPORTIVE","level=SUPPORTIVE;types=GRIP_WRIST_SUPPORTIVE;skills=DRIVE|NET_PLAY;qualities=GRIP_ENDURANCE","RACKET_SUPPORT","","VERY_HIGH","BADMINTON_FATIGUE_COST:VERY_HIGH:0.0|OFI_AXIS:HIGH_FORCE_NEURAL:17.1875|OFI_AXIS:HIGH_SPEED:17.1875|OFI_AXIS:LOCAL_MUSCULAR:58.4375|OFI_AXIS:REACTIVE:15.625|OFI_AXIS:SYSTEMIC_MUSCULAR:13.28125|OFI_DOSE:LOAD_REPS:0.0|OFI_GROUP:FOREARM_WRIST_GRIP_ACCESSORY:0.0|OFI_GROUP:FOREARM_WRIST_GRIP_ACCESSORY:0.0|OFI_GROUP:FOREARM_WRIST_GRIP_ACCESSORY:0.0|OFI_SCORE:HIGH_FORCE_NEURAL:21.0|OFI_SCORE:HIGH_SPEED:21.0|OFI_SCORE:LOCAL_MUSCULAR:73.0|OFI_SCORE:REACTIVE:20.0|OFI_SCORE:SYSTEMIC_MUSCULAR:17.0|OFI_SNAPSHOT:SUMMARY:39.0","","PROGRESSION:FOREARM_WRIST_GRIP_ACCESSORY","removedAxes=LOW_FATIGUE_CONTROL|ROTATION_CONTROL;removedObjectives=","addedAxes=;addedObjectives=","PARITY_INTENTIONAL_CORRECTION"
"barbell_romanian_deadlift","BALANCE|FATIGUE|HYPERTROPHY_VOLUME|STRENGTH_PROGRESS","GENERAL_STRENGTH","forceType=HINGE;plane=SAGITTAL;laterality=BILATERAL;fatigue=CORE_BRACING_LOAD|FOREARM_FLEXOR_TENDON_STRESS|GLUTE_LOAD|GRIP_FOREARM|GRIP_LOAD|HAMSTRING_LOAD|HAMSTRING_TENDON_STRESS|HEAVY_LOAD|HINGE_POSTERIOR_CHAIN_STRESS|HIP_ROTATIONAL_CONTROL_STRESS|LOCAL_MUSCLE|LUMBOPELVIC_CONTROL_STRESS|NEURAL_HEAVY|SYSTEMIC;muscles=CORE|ERECTOR_SPINAE|GLUTE|HAMSTRING|LAT;roles=GENERAL_STRENGTH_SUPPORTIVE;skills=;qualities=HIP_KNEE_EXTENSION_STRENGTH|LOWER_BODY_FORCE","RACKET_SUPPORT|UNILATERAL_STABILITY","","VERY_HIGH","BADMINTON_FATIGUE_COST:VERY_HIGH:0.0|OFI_AXIS:HIGH_FORCE_NEURAL:79.0625|OFI_AXIS:HIGH_SPEED:17.1875|OFI_AXIS:LOCAL_MUSCULAR:58.4375|OFI_AXIS:REACTIVE:15.625|OFI_AXIS:SYSTEMIC_MUSCULAR:39.53125|OFI_DOSE:ESTIMATED_1RM:0.0|OFI_GROUP:HEAVY_HINGE:0.0|OFI_GROUP:HEAVY_HINGE:0.0|OFI_GROUP:HEAVY_HINGE:0.0|OFI_SCORE:HIGH_FORCE_NEURAL:99.0|OFI_SCORE:HIGH_SPEED:21.0|OFI_SCORE:LOCAL_MUSCULAR:73.0|OFI_SCORE:REACTIVE:20.0|OFI_SCORE:SYSTEMIC_MUSCULAR:49.0|OFI_SNAPSHOT:SUMMARY:70.0","ROLE:STRENGTH|SLOT:MAIN_STRENGTH_SLOT","PROGRESSION:HEAVY_HINGE|PROXY:DEADLIFT:SHARED_FACTOR_PROXY","BALANCE|FATIGUE|HYPERTROPHY_VOLUME|STRENGTH_PROGRESS","GENERAL_STRENGTH","level=GENERAL;types=GENERAL_STRENGTH_SUPPORTIVE;skills=;qualities=HIP_KNEE_EXTENSION_STRENGTH|LOWER_BODY_FORCE","","","VERY_HIGH","BADMINTON_FATIGUE_COST:VERY_HIGH:0.0|OFI_AXIS:HIGH_FORCE_NEURAL:79.0625|OFI_AXIS:HIGH_SPEED:17.1875|OFI_AXIS:LOCAL_MUSCULAR:58.4375|OFI_AXIS:REACTIVE:15.625|OFI_AXIS:SYSTEMIC_MUSCULAR:39.53125|OFI_DOSE:ESTIMATED_1RM:0.0|OFI_GROUP:HEAVY_HINGE:0.0|OFI_GROUP:HEAVY_HINGE:0.0|OFI_GROUP:HEAVY_HINGE:0.0|OFI_SCORE:HIGH_FORCE_NEURAL:99.0|OFI_SCORE:HIGH_SPEED:21.0|OFI_SCORE:LOCAL_MUSCULAR:73.0|OFI_SCORE:REACTIVE:20.0|OFI_SCORE:SYSTEMIC_MUSCULAR:49.0|OFI_SNAPSHOT:SUMMARY:70.0","ROLE:STRENGTH|SLOT:MAIN_STRENGTH_SLOT","PROGRESSION:HEAVY_HINGE|PROXY:DEADLIFT:SHARED_FACTOR_PROXY","removedAxes=RACKET_SUPPORT|UNILATERAL_STABILITY;removedObjectives=","addedAxes=;addedObjectives=","PARITY_INTENTIONAL_CORRECTION"
"cable_hip_adduction","BADMINTON_SUPPORTIVE|FATIGUE|HYPERTROPHY_VOLUME","SUPPORTIVE","forceType=DECELERATE;plane=FRONTAL;laterality=BILATERAL;fatigue=ADDUCTOR_TENDON_STRESS|DECELERATION|ELASTIC_SSC|HIP_ADDUCTOR_LOCAL_LOAD|HIP_PELVIS_STABILITY_STRESS|ISOLATION_ACCESSORY_STRESS|LOCAL_MUSCLE|NEURAL_HEAVY|NEURAL_SPEED|SYSTEMIC;muscles=CORE|DEEP_CORE|GLUTE_MEDIUS|HIP_ADDUCTOR;roles=LOWER_BODY_SUPPORTIVE;skills=CHANGE_OF_DIRECTION|FIRST_STEP;qualities=FRONTAL_PLANE_CONTROL|HIP_CONTROL|HIP_KNEE_EXTENSION_STRENGTH|JUMP_LANDING|LOWER_BODY_FORCE|RECOVERY_STEP|SINGLE_LEG_STABILITY","DECELERATION_LANDING|LATERAL_MOVEMENT|UNILATERAL_STABILITY","ACCELERATION|FOOTWORK|JUMP_LANDING","HIGH","BADMINTON_FATIGUE_COST:HIGH:0.0|OFI_AXIS:HIGH_FORCE_NEURAL:17.1875|OFI_AXIS:HIGH_SPEED:70.125|OFI_AXIS:LOCAL_MUSCULAR:58.4375|OFI_AXIS:REACTIVE:63.75|OFI_AXIS:SYSTEMIC_MUSCULAR:13.28125|OFI_DOSE:LOAD_REPS:0.0|OFI_GROUP:HIP_ADDUCTION_ACCESSORY:0.0|OFI_GROUP:HIP_ADDUCTION_ACCESSORY:0.0|OFI_GROUP:HIP_ADDUCTION_ACCESSORY:0.0|OFI_SCORE:HIGH_FORCE_NEURAL:21.0|OFI_SCORE:HIGH_SPEED:88.0|OFI_SCORE:LOCAL_MUSCULAR:73.0|OFI_SCORE:REACTIVE:80.0|OFI_SCORE:SYSTEMIC_MUSCULAR:17.0|OFI_SNAPSHOT:SUMMARY:72.0","","PROGRESSION:HIP_ADDUCTION_ACCESSORY","BADMINTON_SUPPORTIVE|FATIGUE|HYPERTROPHY_VOLUME","SUPPORTIVE","level=SUPPORTIVE;types=LOWER_BODY_SUPPORTIVE;skills=CHANGE_OF_DIRECTION|FIRST_STEP;qualities=FRONTAL_PLANE_CONTROL|HIP_CONTROL|HIP_KNEE_EXTENSION_STRENGTH|LOWER_BODY_FORCE|SINGLE_LEG_STABILITY","","ACCELERATION","HIGH","BADMINTON_FATIGUE_COST:HIGH:0.0|OFI_AXIS:HIGH_FORCE_NEURAL:17.1875|OFI_AXIS:HIGH_SPEED:70.125|OFI_AXIS:LOCAL_MUSCULAR:58.4375|OFI_AXIS:REACTIVE:63.75|OFI_AXIS:SYSTEMIC_MUSCULAR:13.28125|OFI_DOSE:LOAD_REPS:0.0|OFI_GROUP:HIP_ADDUCTION_ACCESSORY:0.0|OFI_GROUP:HIP_ADDUCTION_ACCESSORY:0.0|OFI_GROUP:HIP_ADDUCTION_ACCESSORY:0.0|OFI_SCORE:HIGH_FORCE_NEURAL:21.0|OFI_SCORE:HIGH_SPEED:88.0|OFI_SCORE:LOCAL_MUSCULAR:73.0|OFI_SCORE:REACTIVE:80.0|OFI_SCORE:SYSTEMIC_MUSCULAR:17.0|OFI_SNAPSHOT:SUMMARY:72.0","","PROGRESSION:HIP_ADDUCTION_ACCESSORY","removedAxes=DECELERATION_LANDING|LATERAL_MOVEMENT|UNILATERAL_STABILITY;removedObjectives=FOOTWORK|JUMP_LANDING","addedAxes=;addedObjectives=","PARITY_INTENTIONAL_CORRECTION"
"cable_lift","BADMINTON_TRANSFER|BALANCE|FATIGUE","SUPPORTIVE","forceType=ROTATE;plane=TRANSVERSE;laterality=UNILATERAL;fatigue=CORE_BRACING_LOAD|GRIP_FOREARM|HIP_ROTATIONAL_CONTROL_STRESS|LOCAL_MUSCLE|LUMBOPELVIC_CONTROL_STRESS|NEURAL_HEAVY|OVERHEAD_REPETITION|ROTATIONAL_CORE_STABILITY_STRESS|ROTATION_POWER|ROTATION_POWER_LOAD|SHOULDER_JOINT_STABILITY_STRESS|STABILITY_COORDINATION_LOAD|SYSTEMIC;muscles=CORE|DEEP_CORE|FOREARM|GLUTE|OBLIQUE|SHOULDER;roles=GRIP_FOREARM|ROTATION_POWER|ROTATION_POWER_SUPPORTIVE|SHOULDER_CARE;skills=ROTATION_SEQUENCING;qualities=CORE_BRACING|ROTATIONAL_STRENGTH","LOW_FATIGUE_CONTROL|RACKET_SUPPORT|ROTATION_CONTROL|UNILATERAL_STABILITY","ROTATION_POWER","MEDIUM","BADMINTON_FATIGUE_COST:MEDIUM:0.0|OFI_AXIS:HIGH_FORCE_NEURAL:17.1875|OFI_AXIS:HIGH_SPEED:17.1875|OFI_AXIS:LOCAL_MUSCULAR:37.8125|OFI_AXIS:REACTIVE:15.625|OFI_AXIS:SYSTEMIC_MUSCULAR:15.625|OFI_DOSE:QUALITY_BASED:0.0|OFI_GROUP:CABLE_ROTATIONAL_CHAIN:0.0|OFI_GROUP:ROTATION_POWER:0.0|OFI_GROUP:ROTATION_POWER:0.0|OFI_SCORE:HIGH_FORCE_NEURAL:21.0|OFI_SCORE:HIGH_SPEED:21.0|OFI_SCORE:LOCAL_MUSCULAR:47.0|OFI_SCORE:REACTIVE:20.0|OFI_SCORE:SYSTEMIC_MUSCULAR:20.0|OFI_SNAPSHOT:SUMMARY:28.0","","PROGRESSION:ROTATION_POWER","BADMINTON_TRANSFER|BALANCE|FATIGUE","SUPPORTIVE","level=SUPPORTIVE;types=ROTATION_POWER_SUPPORTIVE;skills=ROTATION_SEQUENCING;qualities=CORE_BRACING|ROTATIONAL_STRENGTH","ROTATION_CONTROL","ROTATION_POWER","MEDIUM","BADMINTON_FATIGUE_COST:MEDIUM:0.0|OFI_AXIS:HIGH_FORCE_NEURAL:17.1875|OFI_AXIS:HIGH_SPEED:17.1875|OFI_AXIS:LOCAL_MUSCULAR:37.8125|OFI_AXIS:REACTIVE:15.625|OFI_AXIS:SYSTEMIC_MUSCULAR:15.625|OFI_DOSE:QUALITY_BASED:0.0|OFI_GROUP:CABLE_ROTATIONAL_CHAIN:0.0|OFI_GROUP:ROTATION_POWER:0.0|OFI_GROUP:ROTATION_POWER:0.0|OFI_SCORE:HIGH_FORCE_NEURAL:21.0|OFI_SCORE:HIGH_SPEED:21.0|OFI_SCORE:LOCAL_MUSCULAR:47.0|OFI_SCORE:REACTIVE:20.0|OFI_SCORE:SYSTEMIC_MUSCULAR:20.0|OFI_SNAPSHOT:SUMMARY:28.0","","PROGRESSION:ROTATION_POWER","removedAxes=LOW_FATIGUE_CONTROL|RACKET_SUPPORT|UNILATERAL_STABILITY;removedObjectives=","addedAxes=;addedObjectives=","PARITY_INTENTIONAL_CORRECTION"
"cable_overhead_triceps_extension","BALANCE|FATIGUE|HYPERTROPHY_VOLUME","NONE","forceType=BRACE;plane=SAGITTAL;laterality=BILATERAL;fatigue=ANTERIOR_SHOULDER_LOAD|ANTI_ROTATION|ELBOW_JOINT_STRESS|GRIP_FOREARM|ISOLATION_ACCESSORY_STRESS|LOCAL_MUSCLE|NEURAL_HEAVY|SHOULDER_JOINT_STABILITY_STRESS|SYSTEMIC|TRICEPS_LOAD|TRICEPS_TENDON_STRESS;muscles=CORE|DEEP_CORE|FOREARM|TRICEPS;roles=;skills=;qualities=","LOW_FATIGUE_CONTROL|RACKET_SUPPORT|ROTATION_CONTROL","","MEDIUM","BADMINTON_FATIGUE_COST:MEDIUM:0.0|OFI_AXIS:HIGH_FORCE_NEURAL:17.1875|OFI_AXIS:HIGH_SPEED:17.1875|OFI_AXIS:LOCAL_MUSCULAR:58.4375|OFI_AXIS:REACTIVE:15.625|OFI_AXIS:SYSTEMIC_MUSCULAR:13.28125|OFI_DOSE:VOLUME_LOAD:0.0|OFI_GROUP:OVERHEAD_TRICEPS_LONG_HEAD:0.0|OFI_GROUP:OVERHEAD_TRICEPS_LONG_HEAD:0.0|OFI_GROUP:OVERHEAD_TRICEPS_LONG_HEAD:0.0|OFI_SCORE:HIGH_FORCE_NEURAL:21.0|OFI_SCORE:HIGH_SPEED:21.0|OFI_SCORE:LOCAL_MUSCULAR:73.0|OFI_SCORE:REACTIVE:20.0|OFI_SCORE:SYSTEMIC_MUSCULAR:17.0|OFI_SNAPSHOT:SUMMARY:39.0","","PROGRESSION:OVERHEAD_TRICEPS_LONG_HEAD","BALANCE|FATIGUE|HYPERTROPHY_VOLUME","NONE","level=NONE;types=;skills=;qualities=","","","MEDIUM","BADMINTON_FATIGUE_COST:MEDIUM:0.0|OFI_AXIS:HIGH_FORCE_NEURAL:17.1875|OFI_AXIS:HIGH_SPEED:17.1875|OFI_AXIS:LOCAL_MUSCULAR:58.4375|OFI_AXIS:REACTIVE:15.625|OFI_AXIS:SYSTEMIC_MUSCULAR:13.28125|OFI_DOSE:VOLUME_LOAD:0.0|OFI_GROUP:OVERHEAD_TRICEPS_LONG_HEAD:0.0|OFI_GROUP:OVERHEAD_TRICEPS_LONG_HEAD:0.0|OFI_GROUP:OVERHEAD_TRICEPS_LONG_HEAD:0.0|OFI_SCORE:HIGH_FORCE_NEURAL:21.0|OFI_SCORE:HIGH_SPEED:21.0|OFI_SCORE:LOCAL_MUSCULAR:73.0|OFI_SCORE:REACTIVE:20.0|OFI_SCORE:SYSTEMIC_MUSCULAR:17.0|OFI_SNAPSHOT:SUMMARY:39.0","","PROGRESSION:OVERHEAD_TRICEPS_LONG_HEAD","removedAxes=LOW_FATIGUE_CONTROL|RACKET_SUPPORT|ROTATION_CONTROL;removedObjectives=","addedAxes=;addedObjectives=","PARITY_INTENTIONAL_CORRECTION"
"cable_pallof_press","BADMINTON_SUPPORTIVE|BALANCE|FATIGUE","SUPPORTIVE","forceType=BRACE;plane=TRANSVERSE;laterality=BILATERAL;fatigue=ANTI_ROTATION|ANTI_ROTATION_LOAD|CORE_BRACING_LOAD|ISOMETRIC_CORE_BRACING_STRESS|LOCAL_MUSCLE|LUMBOPELVIC_CONTROL_STRESS|NEURAL_HEAVY|SYSTEMIC;muscles=CHEST|CORE|DEEP_CORE|OBLIQUE;roles=CORE_STABILITY_SUPPORTIVE;skills=CHANGE_OF_DIRECTION|DEFENSIVE_COVERAGE;qualities=CORE_BRACING|HIP_CONTROL|SINGLE_LEG_STABILITY","LOW_FATIGUE_CONTROL|ROTATION_CONTROL","","MEDIUM","BADMINTON_FATIGUE_COST:MEDIUM:0.0|OFI_AXIS:HIGH_FORCE_NEURAL:17.1875|OFI_AXIS:HIGH_SPEED:17.1875|OFI_AXIS:LOCAL_MUSCULAR:37.8125|OFI_AXIS:REACTIVE:63.75|OFI_AXIS:SYSTEMIC_MUSCULAR:15.625|OFI_DOSE:QUALITY_BASED:0.0|OFI_GROUP:TRUNK_ANTI_MOVEMENT:0.0|OFI_GROUP:TRUNK_ANTI_MOVEMENT:0.0|OFI_GROUP:TRUNK_ANTI_MOVEMENT:0.0|OFI_SCORE:HIGH_FORCE_NEURAL:21.0|OFI_SCORE:HIGH_SPEED:21.0|OFI_SCORE:LOCAL_MUSCULAR:47.0|OFI_SCORE:REACTIVE:80.0|OFI_SCORE:SYSTEMIC_MUSCULAR:20.0|OFI_SNAPSHOT:SUMMARY:57.0","","PROGRESSION:TRUNK_ANTI_MOVEMENT","BADMINTON_SUPPORTIVE|BALANCE|FATIGUE","SUPPORTIVE","level=SUPPORTIVE;types=CORE_STABILITY_SUPPORTIVE;skills=CHANGE_OF_DIRECTION|DEFENSIVE_COVERAGE;qualities=CORE_BRACING|HIP_CONTROL|SINGLE_LEG_STABILITY","LOW_FATIGUE_CONTROL","","MEDIUM","BADMINTON_FATIGUE_COST:MEDIUM:0.0|OFI_AXIS:HIGH_FORCE_NEURAL:17.1875|OFI_AXIS:HIGH_SPEED:17.1875|OFI_AXIS:LOCAL_MUSCULAR:37.8125|OFI_AXIS:REACTIVE:63.75|OFI_AXIS:SYSTEMIC_MUSCULAR:15.625|OFI_DOSE:QUALITY_BASED:0.0|OFI_GROUP:TRUNK_ANTI_MOVEMENT:0.0|OFI_GROUP:TRUNK_ANTI_MOVEMENT:0.0|OFI_GROUP:TRUNK_ANTI_MOVEMENT:0.0|OFI_SCORE:HIGH_FORCE_NEURAL:21.0|OFI_SCORE:HIGH_SPEED:21.0|OFI_SCORE:LOCAL_MUSCULAR:47.0|OFI_SCORE:REACTIVE:80.0|OFI_SCORE:SYSTEMIC_MUSCULAR:20.0|OFI_SNAPSHOT:SUMMARY:57.0","","PROGRESSION:TRUNK_ANTI_MOVEMENT","removedAxes=ROTATION_CONTROL;removedObjectives=","addedAxes=;addedObjectives=","PARITY_INTENTIONAL_CORRECTION"
"cable_rear_delt_fly","BALANCE|FATIGUE|HYPERTROPHY_VOLUME","GENERAL_STRENGTH","forceType=BRACE;plane=TRANSVERSE;laterality=BILATERAL;fatigue=ANTI_ROTATION|ISOLATION_ACCESSORY_STRESS|LOCAL_MUSCLE|NEURAL_HEAVY|OVERHEAD_REPETITION|POSTERIOR_DELTOID_LOCAL_LOAD|ROTATOR_CUFF_TENDON_STRESS|SCAPULAR_RETRACTION_LOAD|SHOULDER_SCAPULAR_STABILITY_STRESS|SYSTEMIC;muscles=CORE|DEEP_CORE|OBLIQUE|REAR_DELT|RHOMBOID|ROTATOR_CUFF|SCAPULAR_STABILIZERS|SHOULDER;roles=GENERAL_STRENGTH_SUPPORTIVE;skills=;qualities=ROTATOR_CUFF_CONTROL|SCAPULAR_CONTROL|SHOULDER_DURABILITY","LOW_FATIGUE_CONTROL|RACKET_SUPPORT|ROTATION_CONTROL","","MEDIUM","BADMINTON_FATIGUE_COST:MEDIUM:0.0|OFI_AXIS:HIGH_FORCE_NEURAL:17.1875|OFI_AXIS:HIGH_SPEED:17.1875|OFI_AXIS:LOCAL_MUSCULAR:58.4375|OFI_AXIS:REACTIVE:15.625|OFI_AXIS:SYSTEMIC_MUSCULAR:13.28125|OFI_DOSE:VOLUME_LOAD:0.0|OFI_GROUP:POSTERIOR_DELTOID_HORIZONTAL_ABDUCTION:0.0|OFI_GROUP:POSTERIOR_DELTOID_HORIZONTAL_ABDUCTION:0.0|OFI_GROUP:POSTERIOR_DELTOID_HORIZONTAL_ABDUCTION:0.0|OFI_SCORE:HIGH_FORCE_NEURAL:21.0|OFI_SCORE:HIGH_SPEED:21.0|OFI_SCORE:LOCAL_MUSCULAR:73.0|OFI_SCORE:REACTIVE:20.0|OFI_SCORE:SYSTEMIC_MUSCULAR:17.0|OFI_SNAPSHOT:SUMMARY:39.0","","PROGRESSION:POSTERIOR_DELTOID_HORIZONTAL_ABDUCTION","BALANCE|FATIGUE|HYPERTROPHY_VOLUME","GENERAL_STRENGTH","level=GENERAL;types=GENERAL_STRENGTH_SUPPORTIVE;skills=;qualities=ROTATOR_CUFF_CONTROL|SCAPULAR_CONTROL|SHOULDER_DURABILITY","","","MEDIUM","BADMINTON_FATIGUE_COST:MEDIUM:0.0|OFI_AXIS:HIGH_FORCE_NEURAL:17.1875|OFI_AXIS:HIGH_SPEED:17.1875|OFI_AXIS:LOCAL_MUSCULAR:58.4375|OFI_AXIS:REACTIVE:15.625|OFI_AXIS:SYSTEMIC_MUSCULAR:13.28125|OFI_DOSE:VOLUME_LOAD:0.0|OFI_GROUP:POSTERIOR_DELTOID_HORIZONTAL_ABDUCTION:0.0|OFI_GROUP:POSTERIOR_DELTOID_HORIZONTAL_ABDUCTION:0.0|OFI_GROUP:POSTERIOR_DELTOID_HORIZONTAL_ABDUCTION:0.0|OFI_SCORE:HIGH_FORCE_NEURAL:21.0|OFI_SCORE:HIGH_SPEED:21.0|OFI_SCORE:LOCAL_MUSCULAR:73.0|OFI_SCORE:REACTIVE:20.0|OFI_SCORE:SYSTEMIC_MUSCULAR:17.0|OFI_SNAPSHOT:SUMMARY:39.0","","PROGRESSION:POSTERIOR_DELTOID_HORIZONTAL_ABDUCTION","removedAxes=LOW_FATIGUE_CONTROL|RACKET_SUPPORT|ROTATION_CONTROL;removedObjectives=","addedAxes=;addedObjectives=","PARITY_INTENTIONAL_CORRECTION"
"cable_woodchop","BADMINTON_TRANSFER|BALANCE|FATIGUE","SUPPORTIVE","forceType=ROTATE;plane=TRANSVERSE;laterality=UNILATERAL;fatigue=CORE_BRACING_LOAD|GRIP_FOREARM|HIP_ROTATIONAL_CONTROL_STRESS|LOCAL_MUSCLE|LUMBOPELVIC_CONTROL_STRESS|NEURAL_HEAVY|OVERHEAD_REPETITION|ROTATIONAL_CORE_STABILITY_STRESS|ROTATION_POWER|ROTATION_POWER_LOAD|SHOULDER_JOINT_STABILITY_STRESS|STABILITY_COORDINATION_LOAD|SYSTEMIC;muscles=CORE|DEEP_CORE|FOREARM|GLUTE|OBLIQUE|SHOULDER;roles=GRIP_FOREARM|ROTATION_POWER|ROTATION_POWER_SUPPORTIVE|SHOULDER_CARE;skills=ROTATION_SEQUENCING;qualities=CORE_BRACING|ROTATIONAL_STRENGTH","LOW_FATIGUE_CONTROL|RACKET_SUPPORT|ROTATION_CONTROL|UNILATERAL_STABILITY","ROTATION_POWER","MEDIUM","BADMINTON_FATIGUE_COST:MEDIUM:0.0|OFI_AXIS:HIGH_FORCE_NEURAL:17.1875|OFI_AXIS:HIGH_SPEED:17.1875|OFI_AXIS:LOCAL_MUSCULAR:37.8125|OFI_AXIS:REACTIVE:15.625|OFI_AXIS:SYSTEMIC_MUSCULAR:15.625|OFI_DOSE:QUALITY_BASED:0.0|OFI_GROUP:CABLE_ROTATIONAL_CHAIN:0.0|OFI_GROUP:ROTATION_POWER:0.0|OFI_GROUP:ROTATION_POWER:0.0|OFI_SCORE:HIGH_FORCE_NEURAL:21.0|OFI_SCORE:HIGH_SPEED:21.0|OFI_SCORE:LOCAL_MUSCULAR:47.0|OFI_SCORE:REACTIVE:20.0|OFI_SCORE:SYSTEMIC_MUSCULAR:20.0|OFI_SNAPSHOT:SUMMARY:28.0","","PROGRESSION:ROTATION_POWER","BADMINTON_TRANSFER|BALANCE|FATIGUE","SUPPORTIVE","level=SUPPORTIVE;types=ROTATION_POWER_SUPPORTIVE;skills=ROTATION_SEQUENCING;qualities=CORE_BRACING|ROTATIONAL_STRENGTH","ROTATION_CONTROL","ROTATION_POWER","MEDIUM","BADMINTON_FATIGUE_COST:MEDIUM:0.0|OFI_AXIS:HIGH_FORCE_NEURAL:17.1875|OFI_AXIS:HIGH_SPEED:17.1875|OFI_AXIS:LOCAL_MUSCULAR:37.8125|OFI_AXIS:REACTIVE:15.625|OFI_AXIS:SYSTEMIC_MUSCULAR:15.625|OFI_DOSE:QUALITY_BASED:0.0|OFI_GROUP:CABLE_ROTATIONAL_CHAIN:0.0|OFI_GROUP:ROTATION_POWER:0.0|OFI_GROUP:ROTATION_POWER:0.0|OFI_SCORE:HIGH_FORCE_NEURAL:21.0|OFI_SCORE:HIGH_SPEED:21.0|OFI_SCORE:LOCAL_MUSCULAR:47.0|OFI_SCORE:REACTIVE:20.0|OFI_SCORE:SYSTEMIC_MUSCULAR:20.0|OFI_SNAPSHOT:SUMMARY:28.0","","PROGRESSION:ROTATION_POWER","removedAxes=LOW_FATIGUE_CONTROL|RACKET_SUPPORT|UNILATERAL_STABILITY;removedObjectives=","addedAxes=;addedObjectives=","PARITY_INTENTIONAL_CORRECTION"
"chest_supported_row_machine","BALANCE|FATIGUE|HYPERTROPHY_VOLUME|STRENGTH_PROGRESS","GENERAL_STRENGTH","forceType=PULL;plane=TRANSVERSE;laterality=BILATERAL;fatigue=BICEPS_LOAD|BICEPS_TENDON_STRESS|ELBOW_JOINT_STRESS|FOREARM_FLEXOR_TENDON_STRESS|GRIP_FOREARM|GRIP_LOAD|HORIZONTAL_ROW_STRESS|LAT_LOAD|LOCAL_MUSCLE|NEURAL_HEAVY|REAR_DELTOID_LOAD|SCAPULAR_STABILITY_LOAD|SHOULDER_JOINT_STABILITY_STRESS|SYSTEMIC|UPPER_BACK_LOAD;muscles=BACK|BICEPS|CHEST|CORE|LAT|REAR_DELT|RHOMBOID;roles=GENERAL_STRENGTH_SUPPORTIVE;skills=;qualities=SCAPULAR_CONTROL|SHOULDER_DURABILITY","RACKET_SUPPORT","","HIGH","BADMINTON_FATIGUE_COST:HIGH:0.0|OFI_AXIS:HIGH_FORCE_NEURAL:37.8125|OFI_AXIS:HIGH_SPEED:17.1875|OFI_AXIS:LOCAL_MUSCULAR:58.4375|OFI_AXIS:REACTIVE:15.625|OFI_AXIS:SYSTEMIC_MUSCULAR:34.375|OFI_DOSE:VOLUME_LOAD:0.0|OFI_GROUP:HORIZONTAL_PULL_COMPOUND:0.0|OFI_GROUP:HORIZONTAL_PULL_COMPOUND:0.0|OFI_GROUP:HORIZONTAL_PULL_COMPOUND:0.0|OFI_SCORE:HIGH_FORCE_NEURAL:47.0|OFI_SCORE:HIGH_SPEED:21.0|OFI_SCORE:LOCAL_MUSCULAR:73.0|OFI_SCORE:REACTIVE:20.0|OFI_SCORE:SYSTEMIC_MUSCULAR:43.0|OFI_SNAPSHOT:SUMMARY:44.0","","PROGRESSION:HORIZONTAL_PULL_COMPOUND","BALANCE|FATIGUE|HYPERTROPHY_VOLUME|STRENGTH_PROGRESS","GENERAL_STRENGTH","level=GENERAL;types=GENERAL_STRENGTH_SUPPORTIVE;skills=;qualities=SCAPULAR_CONTROL|SHOULDER_DURABILITY","","","HIGH","BADMINTON_FATIGUE_COST:HIGH:0.0|OFI_AXIS:HIGH_FORCE_NEURAL:37.8125|OFI_AXIS:HIGH_SPEED:17.1875|OFI_AXIS:LOCAL_MUSCULAR:58.4375|OFI_AXIS:REACTIVE:15.625|OFI_AXIS:SYSTEMIC_MUSCULAR:34.375|OFI_DOSE:VOLUME_LOAD:0.0|OFI_GROUP:HORIZONTAL_PULL_COMPOUND:0.0|OFI_GROUP:HORIZONTAL_PULL_COMPOUND:0.0|OFI_GROUP:HORIZONTAL_PULL_COMPOUND:0.0|OFI_SCORE:HIGH_FORCE_NEURAL:47.0|OFI_SCORE:HIGH_SPEED:21.0|OFI_SCORE:LOCAL_MUSCULAR:73.0|OFI_SCORE:REACTIVE:20.0|OFI_SCORE:SYSTEMIC_MUSCULAR:43.0|OFI_SNAPSHOT:SUMMARY:44.0","","PROGRESSION:HORIZONTAL_PULL_COMPOUND","removedAxes=RACKET_SUPPORT;removedObjectives=","addedAxes=;addedObjectives=","PARITY_INTENTIONAL_CORRECTION"
"dumbbell_chest_supported_row","BALANCE|FATIGUE|HYPERTROPHY_VOLUME|STRENGTH_PROGRESS","GENERAL_STRENGTH","forceType=PULL;plane=TRANSVERSE;laterality=BILATERAL;fatigue=BICEPS_LOAD|BICEPS_TENDON_STRESS|ELBOW_JOINT_STRESS|FOREARM_FLEXOR_TENDON_STRESS|GRIP_FOREARM|GRIP_LOAD|HORIZONTAL_ROW_STRESS|LAT_LOAD|LOCAL_MUSCLE|NEURAL_HEAVY|REAR_DELTOID_LOAD|SCAPULAR_STABILITY_LOAD|SHOULDER_JOINT_STABILITY_STRESS|SYSTEMIC|UPPER_BACK_LOAD;muscles=BACK|BICEPS|CHEST|CORE|LAT|REAR_DELT|RHOMBOID;roles=GENERAL_STRENGTH_SUPPORTIVE;skills=;qualities=SCAPULAR_CONTROL|SHOULDER_DURABILITY","RACKET_SUPPORT","","HIGH","BADMINTON_FATIGUE_COST:HIGH:0.0|OFI_AXIS:HIGH_FORCE_NEURAL:37.8125|OFI_AXIS:HIGH_SPEED:17.1875|OFI_AXIS:LOCAL_MUSCULAR:58.4375|OFI_AXIS:REACTIVE:15.625|OFI_AXIS:SYSTEMIC_MUSCULAR:34.375|OFI_DOSE:VOLUME_LOAD:0.0|OFI_GROUP:HORIZONTAL_PULL_COMPOUND:0.0|OFI_GROUP:HORIZONTAL_PULL_COMPOUND:0.0|OFI_GROUP:HORIZONTAL_PULL_COMPOUND:0.0|OFI_SCORE:HIGH_FORCE_NEURAL:47.0|OFI_SCORE:HIGH_SPEED:21.0|OFI_SCORE:LOCAL_MUSCULAR:73.0|OFI_SCORE:REACTIVE:20.0|OFI_SCORE:SYSTEMIC_MUSCULAR:43.0|OFI_SNAPSHOT:SUMMARY:44.0","","PROGRESSION:HORIZONTAL_PULL_COMPOUND","BALANCE|FATIGUE|HYPERTROPHY_VOLUME|STRENGTH_PROGRESS","GENERAL_STRENGTH","level=GENERAL;types=GENERAL_STRENGTH_SUPPORTIVE;skills=;qualities=SCAPULAR_CONTROL|SHOULDER_DURABILITY","","","HIGH","BADMINTON_FATIGUE_COST:HIGH:0.0|OFI_AXIS:HIGH_FORCE_NEURAL:37.8125|OFI_AXIS:HIGH_SPEED:17.1875|OFI_AXIS:LOCAL_MUSCULAR:58.4375|OFI_AXIS:REACTIVE:15.625|OFI_AXIS:SYSTEMIC_MUSCULAR:34.375|OFI_DOSE:VOLUME_LOAD:0.0|OFI_GROUP:HORIZONTAL_PULL_COMPOUND:0.0|OFI_GROUP:HORIZONTAL_PULL_COMPOUND:0.0|OFI_GROUP:HORIZONTAL_PULL_COMPOUND:0.0|OFI_SCORE:HIGH_FORCE_NEURAL:47.0|OFI_SCORE:HIGH_SPEED:21.0|OFI_SCORE:LOCAL_MUSCULAR:73.0|OFI_SCORE:REACTIVE:20.0|OFI_SCORE:SYSTEMIC_MUSCULAR:43.0|OFI_SNAPSHOT:SUMMARY:44.0","","PROGRESSION:HORIZONTAL_PULL_COMPOUND","removedAxes=RACKET_SUPPORT;removedObjectives=","addedAxes=;addedObjectives=","PARITY_INTENTIONAL_CORRECTION"
"dumbbell_farmer_carry","BADMINTON_SUPPORTIVE|FATIGUE","SUPPORTIVE","forceType=CARRY;plane=SAGITTAL;laterality=BILATERAL;fatigue=ANTI_ROTATION_LOAD|CORE_BRACING_LOAD|FOREARM_FLEXOR_TENDON_STRESS|GRIP_FOREARM|GRIP_FOREARM_LOAD|LOADED_CARRY_BRACING_STRESS|LOCAL_MUSCLE|LUMBOPELVIC_CONTROL_STRESS|NEURAL_HEAVY|SHOULDER_SCAPULAR_STABILITY_STRESS|SYSTEMIC;muscles=CORE|DEEP_CORE|GRIP;roles=CORE_STABILITY_SUPPORTIVE;skills=CHANGE_OF_DIRECTION|DEFENSIVE_COVERAGE;qualities=CORE_BRACING|HIP_CONTROL|SINGLE_LEG_STABILITY","LOW_FATIGUE_CONTROL|RACKET_SUPPORT","","MEDIUM","BADMINTON_FATIGUE_COST:MEDIUM:0.0|OFI_AXIS:HIGH_FORCE_NEURAL:17.1875|OFI_AXIS:HIGH_SPEED:17.1875|OFI_AXIS:LOCAL_MUSCULAR:58.4375|OFI_AXIS:REACTIVE:63.75|OFI_AXIS:SYSTEMIC_MUSCULAR:34.375|OFI_DOSE:DISTANCE_OR_TIME:0.0|OFI_GROUP:CARRY_GRIP_CORE_BRACING:0.0|OFI_GROUP:CARRY_GRIP_CORE_BRACING:0.0|OFI_GROUP:CARRY_GRIP_CORE_BRACING:0.0|OFI_SCORE:HIGH_FORCE_NEURAL:21.0|OFI_SCORE:HIGH_SPEED:21.0|OFI_SCORE:LOCAL_MUSCULAR:73.0|OFI_SCORE:REACTIVE:80.0|OFI_SCORE:SYSTEMIC_MUSCULAR:43.0|OFI_SNAPSHOT:SUMMARY:61.0","","PROGRESSION:CARRY_GRIP_CORE_BRACING","BADMINTON_SUPPORTIVE|FATIGUE","SUPPORTIVE","level=SUPPORTIVE;types=CORE_STABILITY_SUPPORTIVE;skills=CHANGE_OF_DIRECTION|DEFENSIVE_COVERAGE;qualities=CORE_BRACING|HIP_CONTROL|SINGLE_LEG_STABILITY","LOW_FATIGUE_CONTROL","","MEDIUM","BADMINTON_FATIGUE_COST:MEDIUM:0.0|OFI_AXIS:HIGH_FORCE_NEURAL:17.1875|OFI_AXIS:HIGH_SPEED:17.1875|OFI_AXIS:LOCAL_MUSCULAR:58.4375|OFI_AXIS:REACTIVE:63.75|OFI_AXIS:SYSTEMIC_MUSCULAR:34.375|OFI_DOSE:DISTANCE_OR_TIME:0.0|OFI_GROUP:CARRY_GRIP_CORE_BRACING:0.0|OFI_GROUP:CARRY_GRIP_CORE_BRACING:0.0|OFI_GROUP:CARRY_GRIP_CORE_BRACING:0.0|OFI_SCORE:HIGH_FORCE_NEURAL:21.0|OFI_SCORE:HIGH_SPEED:21.0|OFI_SCORE:LOCAL_MUSCULAR:73.0|OFI_SCORE:REACTIVE:80.0|OFI_SCORE:SYSTEMIC_MUSCULAR:43.0|OFI_SNAPSHOT:SUMMARY:61.0","","PROGRESSION:CARRY_GRIP_CORE_BRACING","removedAxes=RACKET_SUPPORT;removedObjectives=","addedAxes=;addedObjectives=","PARITY_INTENTIONAL_CORRECTION"
"dumbbell_goblet_squat","BALANCE|FATIGUE|HYPERTROPHY_VOLUME|STRENGTH_PROGRESS","GENERAL_STRENGTH","forceType=SQUAT;plane=SAGITTAL;laterality=BILATERAL;fatigue=GLUTE_LOAD|HIP_STABILITY_LOAD|KNEE_CONTROL_LOAD|KNEE_HIP_STABILITY_STRESS|LOCAL_MUSCLE|LOW_FATIGUE_REHAB|LOW_LOAD_PREHAB_CONTROL_STRESS|NEURAL_HEAVY|PATELLAR_TENDON_STRESS|QUADRICEPS_LOAD|SYSTEMIC;muscles=CORE|DEEP_CORE;roles=GENERAL_STRENGTH_SUPPORTIVE;skills=;qualities=HIP_KNEE_EXTENSION_STRENGTH|LOWER_BODY_FORCE","LOW_FATIGUE_CONTROL","","VERY_HIGH","BADMINTON_FATIGUE_COST:VERY_HIGH:0.0|OFI_AXIS:HIGH_FORCE_NEURAL:17.1875|OFI_AXIS:HIGH_SPEED:17.1875|OFI_AXIS:LOCAL_MUSCULAR:37.8125|OFI_AXIS:REACTIVE:15.625|OFI_AXIS:SYSTEMIC_MUSCULAR:13.28125|OFI_DOSE:VOLUME_LOAD:0.0|OFI_GROUP:SQUAT_PATTERN_ACCESSORY:0.0|OFI_GROUP:SQUAT_PATTERN_ACCESSORY:0.0|OFI_GROUP:SQUAT_PATTERN_ACCESSORY:0.0|OFI_SCORE:HIGH_FORCE_NEURAL:21.0|OFI_SCORE:HIGH_SPEED:21.0|OFI_SCORE:LOCAL_MUSCULAR:47.0|OFI_SCORE:REACTIVE:20.0|OFI_SCORE:SYSTEMIC_MUSCULAR:17.0|OFI_SNAPSHOT:SUMMARY:28.0","","PROGRESSION:SQUAT_PATTERN_ACCESSORY","BALANCE|FATIGUE|HYPERTROPHY_VOLUME|STRENGTH_PROGRESS","GENERAL_STRENGTH","level=GENERAL;types=GENERAL_STRENGTH_SUPPORTIVE;skills=;qualities=HIP_KNEE_EXTENSION_STRENGTH|LOWER_BODY_FORCE","","","VERY_HIGH","BADMINTON_FATIGUE_COST:VERY_HIGH:0.0|OFI_AXIS:HIGH_FORCE_NEURAL:17.1875|OFI_AXIS:HIGH_SPEED:17.1875|OFI_AXIS:LOCAL_MUSCULAR:37.8125|OFI_AXIS:REACTIVE:15.625|OFI_AXIS:SYSTEMIC_MUSCULAR:13.28125|OFI_DOSE:VOLUME_LOAD:0.0|OFI_GROUP:SQUAT_PATTERN_ACCESSORY:0.0|OFI_GROUP:SQUAT_PATTERN_ACCESSORY:0.0|OFI_GROUP:SQUAT_PATTERN_ACCESSORY:0.0|OFI_SCORE:HIGH_FORCE_NEURAL:21.0|OFI_SCORE:HIGH_SPEED:21.0|OFI_SCORE:LOCAL_MUSCULAR:47.0|OFI_SCORE:REACTIVE:20.0|OFI_SCORE:SYSTEMIC_MUSCULAR:17.0|OFI_SNAPSHOT:SUMMARY:28.0","","PROGRESSION:SQUAT_PATTERN_ACCESSORY","removedAxes=LOW_FATIGUE_CONTROL;removedObjectives=","addedAxes=;addedObjectives=","PARITY_INTENTIONAL_CORRECTION"
"dumbbell_lying_triceps_extension","BALANCE|FATIGUE|HYPERTROPHY_VOLUME","NONE","forceType=BRACE;plane=SAGITTAL;laterality=BILATERAL;fatigue=ELBOW_EXTENSION_LOAD|ELBOW_TENDON_STRESS|GRIP_FOREARM|ISOLATION_ACCESSORY_STRESS|LOCAL_MUSCLE|NEURAL_HEAVY|OVERHEAD_REPETITION|SYSTEMIC|TRICEPS_LOCAL_LOAD|TRICEPS_TENDON_STRESS;muscles=CORE|FOREARM|SHOULDER|TRICEPS;roles=;skills=;qualities=","LOW_FATIGUE_CONTROL|RACKET_SUPPORT|ROTATION_CONTROL","","LOW","BADMINTON_FATIGUE_COST:LOW:0.0|OFI_AXIS:HIGH_FORCE_NEURAL:17.1875|OFI_AXIS:HIGH_SPEED:17.1875|OFI_AXIS:LOCAL_MUSCULAR:58.4375|OFI_AXIS:REACTIVE:15.625|OFI_AXIS:SYSTEMIC_MUSCULAR:10.9375|OFI_DOSE:VOLUME_LOAD:0.0|OFI_GROUP:ELBOW_EXTENSION_TRICEPS:0.0|OFI_GROUP:ELBOW_EXTENSION_TRICEPS:0.0|OFI_GROUP:ELBOW_EXTENSION_TRICEPS:0.0|OFI_SCORE:HIGH_FORCE_NEURAL:21.0|OFI_SCORE:HIGH_SPEED:21.0|OFI_SCORE:LOCAL_MUSCULAR:73.0|OFI_SCORE:REACTIVE:20.0|OFI_SCORE:SYSTEMIC_MUSCULAR:14.0|OFI_SNAPSHOT:SUMMARY:39.0","","PROGRESSION:ELBOW_EXTENSION_TRICEPS","BALANCE|FATIGUE|HYPERTROPHY_VOLUME","NONE","level=NONE;types=;skills=;qualities=","","","LOW","BADMINTON_FATIGUE_COST:LOW:0.0|OFI_AXIS:HIGH_FORCE_NEURAL:17.1875|OFI_AXIS:HIGH_SPEED:17.1875|OFI_AXIS:LOCAL_MUSCULAR:58.4375|OFI_AXIS:REACTIVE:15.625|OFI_AXIS:SYSTEMIC_MUSCULAR:10.9375|OFI_DOSE:VOLUME_LOAD:0.0|OFI_GROUP:ELBOW_EXTENSION_TRICEPS:0.0|OFI_GROUP:ELBOW_EXTENSION_TRICEPS:0.0|OFI_GROUP:ELBOW_EXTENSION_TRICEPS:0.0|OFI_SCORE:HIGH_FORCE_NEURAL:21.0|OFI_SCORE:HIGH_SPEED:21.0|OFI_SCORE:LOCAL_MUSCULAR:73.0|OFI_SCORE:REACTIVE:20.0|OFI_SCORE:SYSTEMIC_MUSCULAR:14.0|OFI_SNAPSHOT:SUMMARY:39.0","","PROGRESSION:ELBOW_EXTENSION_TRICEPS","removedAxes=LOW_FATIGUE_CONTROL|RACKET_SUPPORT|ROTATION_CONTROL;removedObjectives=","addedAxes=;addedObjectives=","PARITY_INTENTIONAL_CORRECTION"
"dumbbell_overhead_triceps_extension","BALANCE|FATIGUE|HYPERTROPHY_VOLUME","NONE","forceType=BRACE;plane=SAGITTAL;laterality=BILATERAL;fatigue=ANTERIOR_SHOULDER_LOAD|ANTI_ROTATION|ELBOW_JOINT_STRESS|GRIP_FOREARM|ISOLATION_ACCESSORY_STRESS|LOCAL_MUSCLE|NEURAL_HEAVY|SHOULDER_JOINT_STABILITY_STRESS|SYSTEMIC|TRICEPS_LOAD|TRICEPS_TENDON_STRESS;muscles=CORE|DEEP_CORE|FOREARM|TRICEPS;roles=;skills=;qualities=","LOW_FATIGUE_CONTROL|RACKET_SUPPORT|ROTATION_CONTROL","","MEDIUM","BADMINTON_FATIGUE_COST:MEDIUM:0.0|OFI_AXIS:HIGH_FORCE_NEURAL:17.1875|OFI_AXIS:HIGH_SPEED:17.1875|OFI_AXIS:LOCAL_MUSCULAR:58.4375|OFI_AXIS:REACTIVE:15.625|OFI_AXIS:SYSTEMIC_MUSCULAR:13.28125|OFI_DOSE:VOLUME_LOAD:0.0|OFI_GROUP:OVERHEAD_TRICEPS_LONG_HEAD:0.0|OFI_GROUP:OVERHEAD_TRICEPS_LONG_HEAD:0.0|OFI_GROUP:OVERHEAD_TRICEPS_LONG_HEAD:0.0|OFI_SCORE:HIGH_FORCE_NEURAL:21.0|OFI_SCORE:HIGH_SPEED:21.0|OFI_SCORE:LOCAL_MUSCULAR:73.0|OFI_SCORE:REACTIVE:20.0|OFI_SCORE:SYSTEMIC_MUSCULAR:17.0|OFI_SNAPSHOT:SUMMARY:39.0","","PROGRESSION:OVERHEAD_TRICEPS_LONG_HEAD","BALANCE|FATIGUE|HYPERTROPHY_VOLUME","NONE","level=NONE;types=;skills=;qualities=","","","MEDIUM","BADMINTON_FATIGUE_COST:MEDIUM:0.0|OFI_AXIS:HIGH_FORCE_NEURAL:17.1875|OFI_AXIS:HIGH_SPEED:17.1875|OFI_AXIS:LOCAL_MUSCULAR:58.4375|OFI_AXIS:REACTIVE:15.625|OFI_AXIS:SYSTEMIC_MUSCULAR:13.28125|OFI_DOSE:VOLUME_LOAD:0.0|OFI_GROUP:OVERHEAD_TRICEPS_LONG_HEAD:0.0|OFI_GROUP:OVERHEAD_TRICEPS_LONG_HEAD:0.0|OFI_GROUP:OVERHEAD_TRICEPS_LONG_HEAD:0.0|OFI_SCORE:HIGH_FORCE_NEURAL:21.0|OFI_SCORE:HIGH_SPEED:21.0|OFI_SCORE:LOCAL_MUSCULAR:73.0|OFI_SCORE:REACTIVE:20.0|OFI_SCORE:SYSTEMIC_MUSCULAR:17.0|OFI_SNAPSHOT:SUMMARY:39.0","","PROGRESSION:OVERHEAD_TRICEPS_LONG_HEAD","removedAxes=LOW_FATIGUE_CONTROL|RACKET_SUPPORT|ROTATION_CONTROL;removedObjectives=","addedAxes=;addedObjectives=","PARITY_INTENTIONAL_CORRECTION"
"dumbbell_preacher_curl","BALANCE|FATIGUE|HYPERTROPHY_VOLUME","GENERAL_STRENGTH","forceType=BRACE;plane=SAGITTAL;laterality=BILATERAL;fatigue=BICEPS_LOCAL_LOAD|BICEPS_TENDON_STRESS|ELBOW_FLEXION_LOAD|FOREARM_FLEXOR_TENDON_STRESS|GRIP_FOREARM|GRIP_FOREARM_LOAD|ISOLATION_ACCESSORY_STRESS|LOCAL_MUSCLE|NEURAL_HEAVY|SYSTEMIC;muscles=BICEPS|CORE|FOREARM;roles=GENERAL_STRENGTH_SUPPORTIVE;skills=;qualities=GRIP_ENDURANCE","LOW_FATIGUE_CONTROL|RACKET_SUPPORT|ROTATION_CONTROL","","LOW","BADMINTON_FATIGUE_COST:LOW:0.0|OFI_AXIS:HIGH_FORCE_NEURAL:17.1875|OFI_AXIS:HIGH_SPEED:17.1875|OFI_AXIS:LOCAL_MUSCULAR:58.4375|OFI_AXIS:REACTIVE:15.625|OFI_AXIS:SYSTEMIC_MUSCULAR:13.28125|OFI_DOSE:VOLUME_LOAD:0.0|OFI_GROUP:ELBOW_FLEXION_CURL:0.0|OFI_GROUP:ELBOW_FLEXION_CURL:0.0|OFI_GROUP:ELBOW_FLEXION_CURL:0.0|OFI_SCORE:HIGH_FORCE_NEURAL:21.0|OFI_SCORE:HIGH_SPEED:21.0|OFI_SCORE:LOCAL_MUSCULAR:73.0|OFI_SCORE:REACTIVE:20.0|OFI_SCORE:SYSTEMIC_MUSCULAR:17.0|OFI_SNAPSHOT:SUMMARY:39.0","","PROGRESSION:ELBOW_FLEXION_CURL","BALANCE|FATIGUE|HYPERTROPHY_VOLUME","GENERAL_STRENGTH","level=GENERAL;types=GENERAL_STRENGTH_SUPPORTIVE;skills=;qualities=GRIP_ENDURANCE","","","LOW","BADMINTON_FATIGUE_COST:LOW:0.0|OFI_AXIS:HIGH_FORCE_NEURAL:17.1875|OFI_AXIS:HIGH_SPEED:17.1875|OFI_AXIS:LOCAL_MUSCULAR:58.4375|OFI_AXIS:REACTIVE:15.625|OFI_AXIS:SYSTEMIC_MUSCULAR:13.28125|OFI_DOSE:VOLUME_LOAD:0.0|OFI_GROUP:ELBOW_FLEXION_CURL:0.0|OFI_GROUP:ELBOW_FLEXION_CURL:0.0|OFI_GROUP:ELBOW_FLEXION_CURL:0.0|OFI_SCORE:HIGH_FORCE_NEURAL:21.0|OFI_SCORE:HIGH_SPEED:21.0|OFI_SCORE:LOCAL_MUSCULAR:73.0|OFI_SCORE:REACTIVE:20.0|OFI_SCORE:SYSTEMIC_MUSCULAR:17.0|OFI_SNAPSHOT:SUMMARY:39.0","","PROGRESSION:ELBOW_FLEXION_CURL","removedAxes=LOW_FATIGUE_CONTROL|RACKET_SUPPORT|ROTATION_CONTROL;removedObjectives=","addedAxes=;addedObjectives=","PARITY_INTENTIONAL_CORRECTION"
"dumbbell_rear_delt_fly","BALANCE|FATIGUE|HYPERTROPHY_VOLUME","GENERAL_STRENGTH","forceType=BRACE;plane=TRANSVERSE;laterality=BILATERAL;fatigue=ANTI_ROTATION|ISOLATION_ACCESSORY_STRESS|LOCAL_MUSCLE|NEURAL_HEAVY|OVERHEAD_REPETITION|POSTERIOR_DELTOID_LOCAL_LOAD|ROTATOR_CUFF_TENDON_STRESS|SCAPULAR_RETRACTION_LOAD|SHOULDER_SCAPULAR_STABILITY_STRESS|SYSTEMIC;muscles=CORE|DEEP_CORE|OBLIQUE|REAR_DELT|RHOMBOID|ROTATOR_CUFF|SCAPULAR_STABILIZERS|SHOULDER;roles=GENERAL_STRENGTH_SUPPORTIVE;skills=;qualities=ROTATOR_CUFF_CONTROL|SCAPULAR_CONTROL|SHOULDER_DURABILITY","LOW_FATIGUE_CONTROL|RACKET_SUPPORT|ROTATION_CONTROL","","MEDIUM","BADMINTON_FATIGUE_COST:MEDIUM:0.0|OFI_AXIS:HIGH_FORCE_NEURAL:17.1875|OFI_AXIS:HIGH_SPEED:17.1875|OFI_AXIS:LOCAL_MUSCULAR:58.4375|OFI_AXIS:REACTIVE:15.625|OFI_AXIS:SYSTEMIC_MUSCULAR:13.28125|OFI_DOSE:VOLUME_LOAD:0.0|OFI_GROUP:POSTERIOR_DELTOID_HORIZONTAL_ABDUCTION:0.0|OFI_GROUP:POSTERIOR_DELTOID_HORIZONTAL_ABDUCTION:0.0|OFI_GROUP:POSTERIOR_DELTOID_HORIZONTAL_ABDUCTION:0.0|OFI_SCORE:HIGH_FORCE_NEURAL:21.0|OFI_SCORE:HIGH_SPEED:21.0|OFI_SCORE:LOCAL_MUSCULAR:73.0|OFI_SCORE:REACTIVE:20.0|OFI_SCORE:SYSTEMIC_MUSCULAR:17.0|OFI_SNAPSHOT:SUMMARY:39.0","","PROGRESSION:POSTERIOR_DELTOID_HORIZONTAL_ABDUCTION","BALANCE|FATIGUE|HYPERTROPHY_VOLUME","GENERAL_STRENGTH","level=GENERAL;types=GENERAL_STRENGTH_SUPPORTIVE;skills=;qualities=ROTATOR_CUFF_CONTROL|SCAPULAR_CONTROL|SHOULDER_DURABILITY","","","MEDIUM","BADMINTON_FATIGUE_COST:MEDIUM:0.0|OFI_AXIS:HIGH_FORCE_NEURAL:17.1875|OFI_AXIS:HIGH_SPEED:17.1875|OFI_AXIS:LOCAL_MUSCULAR:58.4375|OFI_AXIS:REACTIVE:15.625|OFI_AXIS:SYSTEMIC_MUSCULAR:13.28125|OFI_DOSE:VOLUME_LOAD:0.0|OFI_GROUP:POSTERIOR_DELTOID_HORIZONTAL_ABDUCTION:0.0|OFI_GROUP:POSTERIOR_DELTOID_HORIZONTAL_ABDUCTION:0.0|OFI_GROUP:POSTERIOR_DELTOID_HORIZONTAL_ABDUCTION:0.0|OFI_SCORE:HIGH_FORCE_NEURAL:21.0|OFI_SCORE:HIGH_SPEED:21.0|OFI_SCORE:LOCAL_MUSCULAR:73.0|OFI_SCORE:REACTIVE:20.0|OFI_SCORE:SYSTEMIC_MUSCULAR:17.0|OFI_SNAPSHOT:SUMMARY:39.0","","PROGRESSION:POSTERIOR_DELTOID_HORIZONTAL_ABDUCTION","removedAxes=LOW_FATIGUE_CONTROL|RACKET_SUPPORT|ROTATION_CONTROL;removedObjectives=","addedAxes=;addedObjectives=","PARITY_INTENTIONAL_CORRECTION"
"dumbbell_reverse_wrist_curl","ACCESSORY_VOLUME|BADMINTON_SUPPORTIVE|FATIGUE","SUPPORTIVE","forceType=BRACE;plane=SAGITTAL;laterality=BILATERAL;fatigue=FOREARM_EXTENSOR_TENDON_STRESS|FOREARM_FLEXOR_TENDON_STRESS|GRIP_FOREARM|GRIP_FOREARM_LOAD|ISOLATION_ACCESSORY_STRESS|LOCAL_MUSCLE|NEURAL_HEAVY|SYSTEMIC|WRIST_CONTROL_LOAD|WRIST_STABILITY_STRESS;muscles=BACK|CORE|FOREARM|GRIP;roles=GRIP_WRIST_SUPPORTIVE;skills=DRIVE|NET_PLAY;qualities=GRIP_ENDURANCE","LOW_FATIGUE_CONTROL|RACKET_SUPPORT|ROTATION_CONTROL","","VERY_HIGH","BADMINTON_FATIGUE_COST:VERY_HIGH:0.0|OFI_AXIS:HIGH_FORCE_NEURAL:17.1875|OFI_AXIS:HIGH_SPEED:17.1875|OFI_AXIS:LOCAL_MUSCULAR:58.4375|OFI_AXIS:REACTIVE:15.625|OFI_AXIS:SYSTEMIC_MUSCULAR:13.28125|OFI_DOSE:LOAD_REPS:0.0|OFI_GROUP:FOREARM_WRIST_GRIP_ACCESSORY:0.0|OFI_GROUP:FOREARM_WRIST_GRIP_ACCESSORY:0.0|OFI_GROUP:FOREARM_WRIST_GRIP_ACCESSORY:0.0|OFI_SCORE:HIGH_FORCE_NEURAL:21.0|OFI_SCORE:HIGH_SPEED:21.0|OFI_SCORE:LOCAL_MUSCULAR:73.0|OFI_SCORE:REACTIVE:20.0|OFI_SCORE:SYSTEMIC_MUSCULAR:17.0|OFI_SNAPSHOT:SUMMARY:39.0","","PROGRESSION:FOREARM_WRIST_GRIP_ACCESSORY","ACCESSORY_VOLUME|BADMINTON_SUPPORTIVE|FATIGUE","SUPPORTIVE","level=SUPPORTIVE;types=GRIP_WRIST_SUPPORTIVE;skills=DRIVE|NET_PLAY;qualities=GRIP_ENDURANCE","RACKET_SUPPORT","","VERY_HIGH","BADMINTON_FATIGUE_COST:VERY_HIGH:0.0|OFI_AXIS:HIGH_FORCE_NEURAL:17.1875|OFI_AXIS:HIGH_SPEED:17.1875|OFI_AXIS:LOCAL_MUSCULAR:58.4375|OFI_AXIS:REACTIVE:15.625|OFI_AXIS:SYSTEMIC_MUSCULAR:13.28125|OFI_DOSE:LOAD_REPS:0.0|OFI_GROUP:FOREARM_WRIST_GRIP_ACCESSORY:0.0|OFI_GROUP:FOREARM_WRIST_GRIP_ACCESSORY:0.0|OFI_GROUP:FOREARM_WRIST_GRIP_ACCESSORY:0.0|OFI_SCORE:HIGH_FORCE_NEURAL:21.0|OFI_SCORE:HIGH_SPEED:21.0|OFI_SCORE:LOCAL_MUSCULAR:73.0|OFI_SCORE:REACTIVE:20.0|OFI_SCORE:SYSTEMIC_MUSCULAR:17.0|OFI_SNAPSHOT:SUMMARY:39.0","","PROGRESSION:FOREARM_WRIST_GRIP_ACCESSORY","removedAxes=LOW_FATIGUE_CONTROL|ROTATION_CONTROL;removedObjectives=","addedAxes=;addedObjectives=","PARITY_INTENTIONAL_CORRECTION"
"dumbbell_romanian_deadlift","BALANCE|FATIGUE|HYPERTROPHY_VOLUME|STRENGTH_PROGRESS","GENERAL_STRENGTH","forceType=HINGE;plane=SAGITTAL;laterality=BILATERAL;fatigue=CORE_BRACING_LOAD|FOREARM_FLEXOR_TENDON_STRESS|GLUTE_LOAD|GRIP_FOREARM|GRIP_LOAD|HAMSTRING_LOAD|HAMSTRING_TENDON_STRESS|HEAVY_LOAD|HINGE_POSTERIOR_CHAIN_STRESS|HIP_ROTATIONAL_CONTROL_STRESS|LOCAL_MUSCLE|LUMBOPELVIC_CONTROL_STRESS|NEURAL_HEAVY|SYSTEMIC;muscles=CORE|ERECTOR_SPINAE|FOREARM|GLUTE|HAMSTRING;roles=GENERAL_STRENGTH_SUPPORTIVE;skills=;qualities=HIP_KNEE_EXTENSION_STRENGTH|LOWER_BODY_FORCE","RACKET_SUPPORT|UNILATERAL_STABILITY","","VERY_HIGH","BADMINTON_FATIGUE_COST:VERY_HIGH:0.0|OFI_AXIS:HIGH_FORCE_NEURAL:58.4375|OFI_AXIS:HIGH_SPEED:17.1875|OFI_AXIS:LOCAL_MUSCULAR:58.4375|OFI_AXIS:REACTIVE:15.625|OFI_AXIS:SYSTEMIC_MUSCULAR:29.21875|OFI_DOSE:VOLUME_LOAD:0.0|OFI_GROUP:DUMBBELL_RDL_HINGE_ACCESSORY:0.0|OFI_GROUP:DUMBBELL_RDL_HINGE_ACCESSORY:0.0|OFI_GROUP:DUMBBELL_RDL_HINGE_ACCESSORY:0.0|OFI_SCORE:HIGH_FORCE_NEURAL:73.0|OFI_SCORE:HIGH_SPEED:21.0|OFI_SCORE:LOCAL_MUSCULAR:73.0|OFI_SCORE:REACTIVE:20.0|OFI_SCORE:SYSTEMIC_MUSCULAR:37.0|OFI_SNAPSHOT:SUMMARY:46.0","ROLE:STRENGTH|SLOT:MAIN_STRENGTH_SLOT","PROGRESSION:DUMBBELL_RDL_HINGE_ACCESSORY|PROXY:DEADLIFT:SHARED_FACTOR_PROXY","BALANCE|FATIGUE|HYPERTROPHY_VOLUME|STRENGTH_PROGRESS","GENERAL_STRENGTH","level=GENERAL;types=GENERAL_STRENGTH_SUPPORTIVE;skills=;qualities=HIP_KNEE_EXTENSION_STRENGTH|LOWER_BODY_FORCE","","","VERY_HIGH","BADMINTON_FATIGUE_COST:VERY_HIGH:0.0|OFI_AXIS:HIGH_FORCE_NEURAL:58.4375|OFI_AXIS:HIGH_SPEED:17.1875|OFI_AXIS:LOCAL_MUSCULAR:58.4375|OFI_AXIS:REACTIVE:15.625|OFI_AXIS:SYSTEMIC_MUSCULAR:29.21875|OFI_DOSE:VOLUME_LOAD:0.0|OFI_GROUP:DUMBBELL_RDL_HINGE_ACCESSORY:0.0|OFI_GROUP:DUMBBELL_RDL_HINGE_ACCESSORY:0.0|OFI_GROUP:DUMBBELL_RDL_HINGE_ACCESSORY:0.0|OFI_SCORE:HIGH_FORCE_NEURAL:73.0|OFI_SCORE:HIGH_SPEED:21.0|OFI_SCORE:LOCAL_MUSCULAR:73.0|OFI_SCORE:REACTIVE:20.0|OFI_SCORE:SYSTEMIC_MUSCULAR:37.0|OFI_SNAPSHOT:SUMMARY:46.0","ROLE:STRENGTH|SLOT:MAIN_STRENGTH_SLOT","PROGRESSION:DUMBBELL_RDL_HINGE_ACCESSORY|PROXY:DEADLIFT:SHARED_FACTOR_PROXY","removedAxes=RACKET_SUPPORT|UNILATERAL_STABILITY;removedObjectives=","addedAxes=;addedObjectives=","PARITY_INTENTIONAL_CORRECTION"
"dumbbell_single_leg_rdl","BADMINTON_SUPPORTIVE|BALANCE|FATIGUE|HYPERTROPHY_VOLUME|STRENGTH_PROGRESS","SUPPORTIVE","forceType=HINGE;plane=SAGITTAL;laterality=UNILATERAL;fatigue=CORE_BRACING_LOAD|GLUTE_LOAD|HAMSTRING_LOAD|HAMSTRING_TENDON_STRESS|HIP_ROTATIONAL_CONTROL_STRESS|HIP_STABILITY_LOAD|LOCAL_MUSCLE|LUMBOPELVIC_CONTROL_STRESS|NEURAL_HEAVY|SYSTEMIC|UNILATERAL_LOWER_STABILITY_STRESS;muscles=CORE|ERECTOR_SPINAE|GLUTE|HAMSTRING;roles=LOWER_BODY_SUPPORTIVE;skills=CHANGE_OF_DIRECTION|FIRST_STEP;qualities=FRONTAL_PLANE_CONTROL|HIP_CONTROL|HIP_KNEE_EXTENSION_STRENGTH|LOWER_BODY_FORCE|SINGLE_LEG_STABILITY","UNILATERAL_STABILITY","ACCELERATION","HIGH","BADMINTON_FATIGUE_COST:HIGH:0.0|OFI_AXIS:HIGH_FORCE_NEURAL:17.1875|OFI_AXIS:HIGH_SPEED:70.125|OFI_AXIS:LOCAL_MUSCULAR:58.4375|OFI_AXIS:REACTIVE:63.75|OFI_AXIS:SYSTEMIC_MUSCULAR:29.21875|OFI_DOSE:VOLUME_LOAD:0.0|OFI_GROUP:SINGLE_LEG_HINGE_STABILITY:0.0|OFI_GROUP:SINGLE_LEG_HINGE_STABILITY:0.0|OFI_GROUP:SINGLE_LEG_HINGE_STABILITY:0.0|OFI_SCORE:HIGH_FORCE_NEURAL:21.0|OFI_SCORE:HIGH_SPEED:88.0|OFI_SCORE:LOCAL_MUSCULAR:73.0|OFI_SCORE:REACTIVE:80.0|OFI_SCORE:SYSTEMIC_MUSCULAR:37.0|OFI_SNAPSHOT:SUMMARY:74.0","SLOT:MAIN_STRENGTH_SLOT","PROGRESSION:SINGLE_LEG_HINGE_STABILITY","BADMINTON_SUPPORTIVE|BALANCE|FATIGUE|HYPERTROPHY_VOLUME|STRENGTH_PROGRESS","SUPPORTIVE","level=SUPPORTIVE;types=LOWER_BODY_SUPPORTIVE;skills=CHANGE_OF_DIRECTION|FIRST_STEP;qualities=FRONTAL_PLANE_CONTROL|HIP_CONTROL|HIP_KNEE_EXTENSION_STRENGTH|LOWER_BODY_FORCE|SINGLE_LEG_STABILITY","","ACCELERATION","HIGH","BADMINTON_FATIGUE_COST:HIGH:0.0|OFI_AXIS:HIGH_FORCE_NEURAL:17.1875|OFI_AXIS:HIGH_SPEED:70.125|OFI_AXIS:LOCAL_MUSCULAR:58.4375|OFI_AXIS:REACTIVE:63.75|OFI_AXIS:SYSTEMIC_MUSCULAR:29.21875|OFI_DOSE:VOLUME_LOAD:0.0|OFI_GROUP:SINGLE_LEG_HINGE_STABILITY:0.0|OFI_GROUP:SINGLE_LEG_HINGE_STABILITY:0.0|OFI_GROUP:SINGLE_LEG_HINGE_STABILITY:0.0|OFI_SCORE:HIGH_FORCE_NEURAL:21.0|OFI_SCORE:HIGH_SPEED:88.0|OFI_SCORE:LOCAL_MUSCULAR:73.0|OFI_SCORE:REACTIVE:80.0|OFI_SCORE:SYSTEMIC_MUSCULAR:37.0|OFI_SNAPSHOT:SUMMARY:74.0","SLOT:MAIN_STRENGTH_SLOT","PROGRESSION:SINGLE_LEG_HINGE_STABILITY","removedAxes=UNILATERAL_STABILITY;removedObjectives=","addedAxes=;addedObjectives=","PARITY_INTENTIONAL_CORRECTION"
"dumbbell_spider_curl","BALANCE|FATIGUE|HYPERTROPHY_VOLUME","GENERAL_STRENGTH","forceType=BRACE;plane=SAGITTAL;laterality=BILATERAL;fatigue=BICEPS_LOCAL_LOAD|BICEPS_TENDON_STRESS|ELBOW_FLEXION_LOAD|FOREARM_FLEXOR_TENDON_STRESS|GRIP_FOREARM|GRIP_FOREARM_LOAD|ISOLATION_ACCESSORY_STRESS|LOCAL_MUSCLE|NEURAL_HEAVY|SYSTEMIC;muscles=BICEPS|CHEST|CORE|FOREARM;roles=GENERAL_STRENGTH_SUPPORTIVE;skills=;qualities=GRIP_ENDURANCE","LOW_FATIGUE_CONTROL|RACKET_SUPPORT|ROTATION_CONTROL","","LOW","BADMINTON_FATIGUE_COST:LOW:0.0|OFI_AXIS:HIGH_FORCE_NEURAL:17.1875|OFI_AXIS:HIGH_SPEED:17.1875|OFI_AXIS:LOCAL_MUSCULAR:58.4375|OFI_AXIS:REACTIVE:15.625|OFI_AXIS:SYSTEMIC_MUSCULAR:13.28125|OFI_DOSE:VOLUME_LOAD:0.0|OFI_GROUP:ELBOW_FLEXION_CURL:0.0|OFI_GROUP:ELBOW_FLEXION_CURL:0.0|OFI_GROUP:ELBOW_FLEXION_CURL:0.0|OFI_SCORE:HIGH_FORCE_NEURAL:21.0|OFI_SCORE:HIGH_SPEED:21.0|OFI_SCORE:LOCAL_MUSCULAR:73.0|OFI_SCORE:REACTIVE:20.0|OFI_SCORE:SYSTEMIC_MUSCULAR:17.0|OFI_SNAPSHOT:SUMMARY:39.0","","PROGRESSION:ELBOW_FLEXION_CURL","BALANCE|FATIGUE|HYPERTROPHY_VOLUME","GENERAL_STRENGTH","level=GENERAL;types=GENERAL_STRENGTH_SUPPORTIVE;skills=;qualities=GRIP_ENDURANCE","","","LOW","BADMINTON_FATIGUE_COST:LOW:0.0|OFI_AXIS:HIGH_FORCE_NEURAL:17.1875|OFI_AXIS:HIGH_SPEED:17.1875|OFI_AXIS:LOCAL_MUSCULAR:58.4375|OFI_AXIS:REACTIVE:15.625|OFI_AXIS:SYSTEMIC_MUSCULAR:13.28125|OFI_DOSE:VOLUME_LOAD:0.0|OFI_GROUP:ELBOW_FLEXION_CURL:0.0|OFI_GROUP:ELBOW_FLEXION_CURL:0.0|OFI_GROUP:ELBOW_FLEXION_CURL:0.0|OFI_SCORE:HIGH_FORCE_NEURAL:21.0|OFI_SCORE:HIGH_SPEED:21.0|OFI_SCORE:LOCAL_MUSCULAR:73.0|OFI_SCORE:REACTIVE:20.0|OFI_SCORE:SYSTEMIC_MUSCULAR:17.0|OFI_SNAPSHOT:SUMMARY:39.0","","PROGRESSION:ELBOW_FLEXION_CURL","removedAxes=LOW_FATIGUE_CONTROL|RACKET_SUPPORT|ROTATION_CONTROL;removedObjectives=","addedAxes=;addedObjectives=","PARITY_INTENTIONAL_CORRECTION"
"dumbbell_woodchop","BADMINTON_TRANSFER|BALANCE|FATIGUE","SUPPORTIVE","forceType=ROTATE;plane=TRANSVERSE;laterality=UNILATERAL;fatigue=CORE_BRACING_LOAD|GRIP_FOREARM|HIP_ROTATIONAL_CONTROL_STRESS|LOCAL_MUSCLE|LUMBOPELVIC_CONTROL_STRESS|NEURAL_HEAVY|OVERHEAD_REPETITION|ROTATIONAL_CORE_STABILITY_STRESS|ROTATION_POWER|ROTATION_POWER_LOAD|SHOULDER_JOINT_STABILITY_STRESS|STABILITY_COORDINATION_LOAD|SYSTEMIC;muscles=CORE|DEEP_CORE|FOREARM|GLUTE|OBLIQUE|SHOULDER;roles=GRIP_FOREARM|ROTATION_POWER|ROTATION_POWER_SUPPORTIVE|SHOULDER_CARE;skills=ROTATION_SEQUENCING;qualities=CORE_BRACING|ROTATIONAL_STRENGTH","LOW_FATIGUE_CONTROL|RACKET_SUPPORT|ROTATION_CONTROL|UNILATERAL_STABILITY","ROTATION_POWER","MEDIUM","BADMINTON_FATIGUE_COST:MEDIUM:0.0|OFI_AXIS:HIGH_FORCE_NEURAL:17.1875|OFI_AXIS:HIGH_SPEED:17.1875|OFI_AXIS:LOCAL_MUSCULAR:37.8125|OFI_AXIS:REACTIVE:15.625|OFI_AXIS:SYSTEMIC_MUSCULAR:15.625|OFI_DOSE:QUALITY_BASED:0.0|OFI_GROUP:LOADED_ROTATIONAL_CHAIN:0.0|OFI_GROUP:ROTATION_POWER:0.0|OFI_GROUP:ROTATION_POWER:0.0|OFI_SCORE:HIGH_FORCE_NEURAL:21.0|OFI_SCORE:HIGH_SPEED:21.0|OFI_SCORE:LOCAL_MUSCULAR:47.0|OFI_SCORE:REACTIVE:20.0|OFI_SCORE:SYSTEMIC_MUSCULAR:20.0|OFI_SNAPSHOT:SUMMARY:28.0","","PROGRESSION:ROTATION_POWER","BADMINTON_TRANSFER|BALANCE|FATIGUE","SUPPORTIVE","level=SUPPORTIVE;types=ROTATION_POWER_SUPPORTIVE;skills=ROTATION_SEQUENCING;qualities=CORE_BRACING|ROTATIONAL_STRENGTH","ROTATION_CONTROL","ROTATION_POWER","MEDIUM","BADMINTON_FATIGUE_COST:MEDIUM:0.0|OFI_AXIS:HIGH_FORCE_NEURAL:17.1875|OFI_AXIS:HIGH_SPEED:17.1875|OFI_AXIS:LOCAL_MUSCULAR:37.8125|OFI_AXIS:REACTIVE:15.625|OFI_AXIS:SYSTEMIC_MUSCULAR:15.625|OFI_DOSE:QUALITY_BASED:0.0|OFI_GROUP:LOADED_ROTATIONAL_CHAIN:0.0|OFI_GROUP:ROTATION_POWER:0.0|OFI_GROUP:ROTATION_POWER:0.0|OFI_SCORE:HIGH_FORCE_NEURAL:21.0|OFI_SCORE:HIGH_SPEED:21.0|OFI_SCORE:LOCAL_MUSCULAR:47.0|OFI_SCORE:REACTIVE:20.0|OFI_SCORE:SYSTEMIC_MUSCULAR:20.0|OFI_SNAPSHOT:SUMMARY:28.0","","PROGRESSION:ROTATION_POWER","removedAxes=LOW_FATIGUE_CONTROL|RACKET_SUPPORT|UNILATERAL_STABILITY;removedObjectives=","addedAxes=;addedObjectives=","PARITY_INTENTIONAL_CORRECTION"
"ex_1052e9fa","BADMINTON_SUPPORTIVE|BALANCE|FATIGUE|HYPERTROPHY_VOLUME","SUPPORTIVE","forceType=SQUAT;plane=SAGITTAL;laterality=UNILATERAL;fatigue=GLUTE_LOAD|HIP_CONTROL_LOAD|HIP_ROTATIONAL_CONTROL_STRESS|KNEE_VALGUS_CONTROL_STRESS|LOCAL_MUSCLE|LUMBOPELVIC_CONTROL_STRESS|NEURAL_HEAVY|PATELLAR_TENDON_STRESS|QUAD_LOAD|SINGLE_LEG_STABILITY_LOAD|SYSTEMIC|UNILATERAL_CONTROL_LOAD|UNILATERAL_LOWER_STABILITY_STRESS;muscles=CORE|GLUTE|HAMSTRING|HIP_ADDUCTOR|QUADRICEPS;roles=LOWER_BODY_SUPPORTIVE;skills=CHANGE_OF_DIRECTION|FIRST_STEP;qualities=FRONTAL_PLANE_CONTROL|HIP_CONTROL|HIP_KNEE_EXTENSION_STRENGTH|LOWER_BODY_FORCE|SINGLE_LEG_STABILITY","UNILATERAL_STABILITY","ACCELERATION","HIGH","BADMINTON_FATIGUE_COST:HIGH:0.0|OFI_AXIS:HIGH_FORCE_NEURAL:37.8125|OFI_AXIS:HIGH_SPEED:70.125|OFI_AXIS:LOCAL_MUSCULAR:58.4375|OFI_AXIS:REACTIVE:63.75|OFI_AXIS:SYSTEMIC_MUSCULAR:34.375|OFI_DOSE:VOLUME_LOAD:0.0|OFI_GROUP:LUNGE_UNILATERAL_LOWER:0.0|OFI_GROUP:LUNGE_UNILATERAL_LOWER:0.0|OFI_GROUP:LUNGE_UNILATERAL_LOWER:0.0|OFI_SCORE:HIGH_FORCE_NEURAL:47.0|OFI_SCORE:HIGH_SPEED:88.0|OFI_SCORE:LOCAL_MUSCULAR:73.0|OFI_SCORE:REACTIVE:80.0|OFI_SCORE:SYSTEMIC_MUSCULAR:43.0|OFI_SNAPSHOT:SUMMARY:77.0","","PROGRESSION:LUNGE_UNILATERAL_LOWER","BADMINTON_SUPPORTIVE|BALANCE|FATIGUE|HYPERTROPHY_VOLUME","SUPPORTIVE","level=SUPPORTIVE;types=LOWER_BODY_SUPPORTIVE;skills=CHANGE_OF_DIRECTION|FIRST_STEP;qualities=FRONTAL_PLANE_CONTROL|HIP_CONTROL|HIP_KNEE_EXTENSION_STRENGTH|LOWER_BODY_FORCE|SINGLE_LEG_STABILITY","","ACCELERATION","HIGH","BADMINTON_FATIGUE_COST:HIGH:0.0|OFI_AXIS:HIGH_FORCE_NEURAL:37.8125|OFI_AXIS:HIGH_SPEED:70.125|OFI_AXIS:LOCAL_MUSCULAR:58.4375|OFI_AXIS:REACTIVE:63.75|OFI_AXIS:SYSTEMIC_MUSCULAR:34.375|OFI_DOSE:VOLUME_LOAD:0.0|OFI_GROUP:LUNGE_UNILATERAL_LOWER:0.0|OFI_GROUP:LUNGE_UNILATERAL_LOWER:0.0|OFI_GROUP:LUNGE_UNILATERAL_LOWER:0.0|OFI_SCORE:HIGH_FORCE_NEURAL:47.0|OFI_SCORE:HIGH_SPEED:88.0|OFI_SCORE:LOCAL_MUSCULAR:73.0|OFI_SCORE:REACTIVE:80.0|OFI_SCORE:SYSTEMIC_MUSCULAR:43.0|OFI_SNAPSHOT:SUMMARY:77.0","","PROGRESSION:LUNGE_UNILATERAL_LOWER","removedAxes=UNILATERAL_STABILITY;removedObjectives=","addedAxes=;addedObjectives=","PARITY_INTENTIONAL_CORRECTION"
"ex_149730de","MOBILITY|RECOVERY_CONTEXT","NONE","forceType=BRACE;plane=SAGITTAL;laterality=BILATERAL;fatigue=JOINT_RANGE_CONTROL_STRESS|LOCAL_MUSCLE|LOW_FATIGUE_REHAB|MOBILITY_CONTROL_LOAD|MOBILITY_RECOVERY_STRESS|NEURAL_HEAVY|SYSTEMIC;muscles=CALF|CORE;roles=;skills=;qualities=","LOW_FATIGUE_CONTROL|ROTATION_CONTROL","","MEDIUM","BADMINTON_FATIGUE_COST:MEDIUM:0.0|OFI_AXIS:HIGH_FORCE_NEURAL:8.59375|OFI_AXIS:HIGH_SPEED:8.59375|OFI_AXIS:LOCAL_MUSCULAR:17.1875|OFI_AXIS:REACTIVE:7.8125|OFI_AXIS:SYSTEMIC_MUSCULAR:15.625|OFI_DOSE:REPS_OR_TIME:0.0|OFI_GROUP:MOBILITY_RECOVERY_PREP:0.0|OFI_GROUP:MOBILITY_RECOVERY_PREP:0.0|OFI_GROUP:MOBILITY_RECOVERY_PREP:0.0|OFI_SCORE:HIGH_FORCE_NEURAL:11.0|OFI_SCORE:HIGH_SPEED:11.0|OFI_SCORE:LOCAL_MUSCULAR:21.0|OFI_SCORE:REACTIVE:10.0|OFI_SCORE:SYSTEMIC_MUSCULAR:20.0|OFI_SNAPSHOT:SUMMARY:14.0","","PROGRESSION:MOBILITY_RECOVERY_PREP","MOBILITY|RECOVERY_CONTEXT","NONE","level=NONE;types=;skills=;qualities=","","","MEDIUM","BADMINTON_FATIGUE_COST:MEDIUM:0.0|OFI_AXIS:HIGH_FORCE_NEURAL:8.59375|OFI_AXIS:HIGH_SPEED:8.59375|OFI_AXIS:LOCAL_MUSCULAR:17.1875|OFI_AXIS:REACTIVE:7.8125|OFI_AXIS:SYSTEMIC_MUSCULAR:15.625|OFI_DOSE:REPS_OR_TIME:0.0|OFI_GROUP:MOBILITY_RECOVERY_PREP:0.0|OFI_GROUP:MOBILITY_RECOVERY_PREP:0.0|OFI_GROUP:MOBILITY_RECOVERY_PREP:0.0|OFI_SCORE:HIGH_FORCE_NEURAL:11.0|OFI_SCORE:HIGH_SPEED:11.0|OFI_SCORE:LOCAL_MUSCULAR:21.0|OFI_SCORE:REACTIVE:10.0|OFI_SCORE:SYSTEMIC_MUSCULAR:20.0|OFI_SNAPSHOT:SUMMARY:14.0","","PROGRESSION:MOBILITY_RECOVERY_PREP","removedAxes=LOW_FATIGUE_CONTROL|ROTATION_CONTROL;removedObjectives=","addedAxes=;addedObjectives=","PARITY_INTENTIONAL_CORRECTION"
"ex_16b298db","BADMINTON_SUPPORTIVE|FATIGUE|HYPERTROPHY_VOLUME","SUPPORTIVE","forceType=BRACE;plane=FRONTAL;laterality=UNILATERAL;fatigue=GLUTE_MED_LOCAL_LOAD|GLUTE_MED_TENDON_STRESS|HIP_ABDUCTION_LOAD|HIP_PELVIS_STABILITY_STRESS|ISOLATION_ACCESSORY_STRESS|LOCAL_MUSCLE|NEURAL_HEAVY|SYSTEMIC;muscles=CALF|CORE|DEEP_CORE|GLUTE|GLUTE_MEDIUS;roles=LOWER_BODY_SUPPORTIVE;skills=CHANGE_OF_DIRECTION|FIRST_STEP;qualities=FRONTAL_PLANE_CONTROL|HIP_CONTROL|HIP_KNEE_EXTENSION_STRENGTH|LOWER_BODY_FORCE|SINGLE_LEG_STABILITY","LATERAL_MOVEMENT|LOW_FATIGUE_CONTROL|ROTATION_CONTROL|UNILATERAL_STABILITY","ACCELERATION","VERY_HIGH","BADMINTON_FATIGUE_COST:VERY_HIGH:0.0|OFI_AXIS:HIGH_FORCE_NEURAL:17.1875|OFI_AXIS:HIGH_SPEED:70.125|OFI_AXIS:LOCAL_MUSCULAR:58.4375|OFI_AXIS:REACTIVE:63.75|OFI_AXIS:SYSTEMIC_MUSCULAR:13.28125|OFI_DOSE:LOAD_REPS:0.0|OFI_GROUP:HIP_ABDUCTION_GLUTE_MED_ACCESSORY:0.0|OFI_GROUP:HIP_ABDUCTION_GLUTE_MED_ACCESSORY:0.0|OFI_GROUP:HIP_ABDUCTION_GLUTE_MED_ACCESSORY:0.0|OFI_SCORE:HIGH_FORCE_NEURAL:21.0|OFI_SCORE:HIGH_SPEED:88.0|OFI_SCORE:LOCAL_MUSCULAR:73.0|OFI_SCORE:REACTIVE:80.0|OFI_SCORE:SYSTEMIC_MUSCULAR:17.0|OFI_SNAPSHOT:SUMMARY:72.0","","PROGRESSION:HIP_ABDUCTION_GLUTE_MED_ACCESSORY","BADMINTON_SUPPORTIVE|FATIGUE|HYPERTROPHY_VOLUME","SUPPORTIVE","level=SUPPORTIVE;types=LOWER_BODY_SUPPORTIVE;skills=CHANGE_OF_DIRECTION|FIRST_STEP;qualities=FRONTAL_PLANE_CONTROL|HIP_CONTROL|HIP_KNEE_EXTENSION_STRENGTH|LOWER_BODY_FORCE|SINGLE_LEG_STABILITY","","ACCELERATION","VERY_HIGH","BADMINTON_FATIGUE_COST:VERY_HIGH:0.0|OFI_AXIS:HIGH_FORCE_NEURAL:17.1875|OFI_AXIS:HIGH_SPEED:70.125|OFI_AXIS:LOCAL_MUSCULAR:58.4375|OFI_AXIS:REACTIVE:63.75|OFI_AXIS:SYSTEMIC_MUSCULAR:13.28125|OFI_DOSE:LOAD_REPS:0.0|OFI_GROUP:HIP_ABDUCTION_GLUTE_MED_ACCESSORY:0.0|OFI_GROUP:HIP_ABDUCTION_GLUTE_MED_ACCESSORY:0.0|OFI_GROUP:HIP_ABDUCTION_GLUTE_MED_ACCESSORY:0.0|OFI_SCORE:HIGH_FORCE_NEURAL:21.0|OFI_SCORE:HIGH_SPEED:88.0|OFI_SCORE:LOCAL_MUSCULAR:73.0|OFI_SCORE:REACTIVE:80.0|OFI_SCORE:SYSTEMIC_MUSCULAR:17.0|OFI_SNAPSHOT:SUMMARY:72.0","","PROGRESSION:HIP_ABDUCTION_GLUTE_MED_ACCESSORY","removedAxes=LATERAL_MOVEMENT|LOW_FATIGUE_CONTROL|ROTATION_CONTROL|UNILATERAL_STABILITY;removedObjectives=","addedAxes=;addedObjectives=","PARITY_INTENTIONAL_CORRECTION"
"ex_1a4858d7","FATIGUE|SPORT_SESSION_LOAD","NONE","forceType=LAND;plane=MULTI_PLANAR;laterality=UNILATERAL;fatigue=ACCELERATION_DECELERATION_LOAD|ACHILLES_TENDON_STRESS|CHANGE_OF_DIRECTION_LOAD|COURT_SPORT_MOVEMENT_STRESS|DECELERATION|DIRECTION_CHANGE_IMPACT_STRESS|ELASTIC_SSC|HIP_ROTATIONAL_CONTROL_STRESS|JUMP_LANDING_IMPACT_STRESS|JUMP_LANDING_LOAD|KNEE_ANKLE_STABILITY_STRESS|LOCAL_MUSCLE|NEURAL_HEAVY|NEURAL_SPEED|OTHER_SPORT_SESSION|OVERHEAD_REPETITION|PATELLAR_TENDON_STRESS|REACTION_DECISION_LOAD|REACTIVE_MOVEMENT_LOAD|SYSTEMIC;muscles=CALF|CORE|GLUTE|QUADRICEPS|SHOULDER;roles=JUMP_LANDING;skills=;qualities=JUMP_LANDING|RECOVERY_STEP","DECELERATION_LANDING|LATERAL_MOVEMENT|RACKET_SUPPORT|UNILATERAL_STABILITY","FOOTWORK|JUMP_LANDING","HIGH","BADMINTON_FATIGUE_COST:HIGH:0.0|OFI_AXIS:HIGH_FORCE_NEURAL:17.1875|OFI_AXIS:HIGH_SPEED:70.125|OFI_AXIS:LOCAL_MUSCULAR:58.4375|OFI_AXIS:REACTIVE:93.75|OFI_AXIS:SYSTEMIC_MUSCULAR:63.75|OFI_CAUTION:REACTIVE_CAUTION:0.0|OFI_CAUTION:RECOVERY_DEBT_HIGH:0.0|OFI_DOSE:SESSION_DURATION:0.0|OFI_GROUP:NOT_APPLICABLE:0.0|OFI_GROUP:NOT_APPLICABLE:0.0|OFI_GROUP:NOT_APPLICABLE:0.0|OFI_SCORE:HIGH_FORCE_NEURAL:21.0|OFI_SCORE:HIGH_SPEED:88.0|OFI_SCORE:LOCAL_MUSCULAR:73.0|OFI_SCORE:REACTIVE:100.0|OFI_SCORE:SYSTEMIC_MUSCULAR:80.0|OFI_SNAPSHOT:SUMMARY:88.0","","","FATIGUE|SPORT_SESSION_LOAD","NONE","level=NONE;types=;skills=;qualities=","","","HIGH","BADMINTON_FATIGUE_COST:HIGH:0.0|OFI_AXIS:HIGH_FORCE_NEURAL:17.1875|OFI_AXIS:HIGH_SPEED:70.125|OFI_AXIS:LOCAL_MUSCULAR:58.4375|OFI_AXIS:REACTIVE:93.75|OFI_AXIS:SYSTEMIC_MUSCULAR:63.75|OFI_CAUTION:REACTIVE_CAUTION:0.0|OFI_CAUTION:RECOVERY_DEBT_HIGH:0.0|OFI_DOSE:SESSION_DURATION:0.0|OFI_GROUP:NOT_APPLICABLE:0.0|OFI_GROUP:NOT_APPLICABLE:0.0|OFI_GROUP:NOT_APPLICABLE:0.0|OFI_SCORE:HIGH_FORCE_NEURAL:21.0|OFI_SCORE:HIGH_SPEED:88.0|OFI_SCORE:LOCAL_MUSCULAR:73.0|OFI_SCORE:REACTIVE:100.0|OFI_SCORE:SYSTEMIC_MUSCULAR:80.0|OFI_SNAPSHOT:SUMMARY:88.0","","","removedAxes=DECELERATION_LANDING|LATERAL_MOVEMENT|RACKET_SUPPORT|UNILATERAL_STABILITY;removedObjectives=FOOTWORK|JUMP_LANDING","addedAxes=;addedObjectives=","PARITY_INTENTIONAL_CORRECTION"
"ex_1a4bbdcf","FATIGUE|SPORT_SESSION_LOAD","NONE","forceType=ACCELERATE;plane=MULTI_PLANAR;laterality=UNILATERAL;fatigue=ACCELERATION_DECELERATION_LOAD|ACHILLES_TENDON_STRESS|AEROBIC_ANAEROBIC_LOAD|CHANGE_OF_DIRECTION_LOAD|COURT_SPORT_MOVEMENT_STRESS|DECELERATION|DIRECTION_CHANGE_IMPACT_STRESS|HIP_ROTATIONAL_CONTROL_STRESS|KNEE_ANKLE_STABILITY_STRESS|LOCAL_MUSCLE|NEURAL_HEAVY|NEURAL_SPEED|OTHER_SPORT_SESSION|OVERHEAD_REPETITION|PATELLAR_TENDON_STRESS|REACTION_DECISION_LOAD|REPEATED_SPRINT_LOAD|SYSTEMIC;muscles=CALF|CORE|GLUTE|QUADRICEPS|SHOULDER;roles=CONDITIONING;skills=;qualities=RECOVERY_STEP","AEROBIC_FOOTWORK|DECELERATION_LANDING|LATERAL_MOVEMENT|RACKET_SUPPORT|UNILATERAL_STABILITY","CONDITIONING|FOOTWORK","HIGH","BADMINTON_FATIGUE_COST:HIGH:0.0|OFI_AXIS:HIGH_FORCE_NEURAL:17.1875|OFI_AXIS:HIGH_SPEED:73.046875|OFI_AXIS:LOCAL_MUSCULAR:58.4375|OFI_AXIS:REACTIVE:93.75|OFI_AXIS:SYSTEMIC_MUSCULAR:63.75|OFI_CAUTION:REACTIVE_CAUTION:0.0|OFI_CAUTION:RECOVERY_DEBT_HIGH:0.0|OFI_DOSE:SESSION_DURATION:0.0|OFI_GROUP:NOT_APPLICABLE:0.0|OFI_GROUP:NOT_APPLICABLE:0.0|OFI_GROUP:NOT_APPLICABLE:0.0|OFI_SCORE:HIGH_FORCE_NEURAL:21.0|OFI_SCORE:HIGH_SPEED:91.0|OFI_SCORE:LOCAL_MUSCULAR:73.0|OFI_SCORE:REACTIVE:100.0|OFI_SCORE:SYSTEMIC_MUSCULAR:80.0|OFI_SNAPSHOT:SUMMARY:88.0","","","FATIGUE|SPORT_SESSION_LOAD","NONE","level=NONE;types=;skills=;qualities=","","","HIGH","BADMINTON_FATIGUE_COST:HIGH:0.0|OFI_AXIS:HIGH_FORCE_NEURAL:17.1875|OFI_AXIS:HIGH_SPEED:73.046875|OFI_AXIS:LOCAL_MUSCULAR:58.4375|OFI_AXIS:REACTIVE:93.75|OFI_AXIS:SYSTEMIC_MUSCULAR:63.75|OFI_CAUTION:REACTIVE_CAUTION:0.0|OFI_CAUTION:RECOVERY_DEBT_HIGH:0.0|OFI_DOSE:SESSION_DURATION:0.0|OFI_GROUP:NOT_APPLICABLE:0.0|OFI_GROUP:NOT_APPLICABLE:0.0|OFI_GROUP:NOT_APPLICABLE:0.0|OFI_SCORE:HIGH_FORCE_NEURAL:21.0|OFI_SCORE:HIGH_SPEED:91.0|OFI_SCORE:LOCAL_MUSCULAR:73.0|OFI_SCORE:REACTIVE:100.0|OFI_SCORE:SYSTEMIC_MUSCULAR:80.0|OFI_SNAPSHOT:SUMMARY:88.0","","","removedAxes=AEROBIC_FOOTWORK|DECELERATION_LANDING|LATERAL_MOVEMENT|RACKET_SUPPORT|UNILATERAL_STABILITY;removedObjectives=CONDITIONING|FOOTWORK","addedAxes=;addedObjectives=","PARITY_INTENTIONAL_CORRECTION"
"ex_1c7f2342","BADMINTON_TRANSFER|BALANCE|FATIGUE","DIRECT","forceType=ACCELERATE;plane=MULTI_PLANAR;laterality=UNILATERAL;fatigue=ACHILLES_TENDON_STRESS|BADMINTON_DIRECT_TRANSFER|BADMINTON_FOOTWORK|COURT_DECELERATION_IMPACT|COURT_SPORT_MOVEMENT_STRESS|DECELERATION|DECELERATION_LOAD|DECISION_MAKING_LOAD|ELASTIC_SSC|ELASTIC_SSC_LOAD|HIP_ROTATIONAL_CONTROL_STRESS|KNEE_ANKLE_STABILITY_STRESS|LOCAL_MUSCLE|NEURAL_HEAVY|NEURAL_SPEED|NEURAL_SPEED_LOAD|PATELLAR_TENDON_STRESS|REACTION_LOAD|SYSTEMIC|VISUAL_TRACKING_LOAD;muscles=CORE|DEEP_CORE;roles=CHANGE_OF_DIRECTION_DIRECT|DECELERATION|FOOTWORK|FOOTWORK_DIRECT|REACTION|REACTION_DECISION_DIRECT;skills=CHANGE_OF_DIRECTION|DEFENSIVE_COVERAGE|FIRST_STEP|SPLIT_STEP;qualities=ANKLE_STIFFNESS|DECELERATION|FIRST_STEP|MULTI_DIRECTION|REACTION_RANDOM|REACTIVE_AGILITY|RECOVERY_STEP|SINGLE_LEG_STABILITY","DECELERATION_LANDING|LATERAL_MOVEMENT|UNILATERAL_STABILITY","ACCELERATION|DECELERATION|FOOTWORK|REACTION","HIGH","BADMINTON_FATIGUE_COST:HIGH:0.0|OFI_AXIS:HIGH_FORCE_NEURAL:17.1875|OFI_AXIS:HIGH_SPEED:85.9375|OFI_AXIS:LOCAL_MUSCULAR:58.4375|OFI_AXIS:REACTIVE:93.75|OFI_AXIS:SYSTEMIC_MUSCULAR:53.125|OFI_CAUTION:HIGH_SPEED_CAUTION:0.0|OFI_CAUTION:REACTIVE_CAUTION:0.0|OFI_DOSE:DISTANCE_OR_TIME:0.0|OFI_GROUP:BADMINTON_COURT_FOOTWORK:0.0|OFI_GROUP:NOT_APPLICABLE:0.0|OFI_GROUP:NOT_APPLICABLE:0.0|OFI_SCORE:HIGH_FORCE_NEURAL:21.0|OFI_SCORE:HIGH_SPEED:100.0|OFI_SCORE:LOCAL_MUSCULAR:73.0|OFI_SCORE:REACTIVE:100.0|OFI_SCORE:SYSTEMIC_MUSCULAR:66.0|OFI_SNAPSHOT:SUMMARY:83.0","","","BADMINTON_TRANSFER|BALANCE|FATIGUE","DIRECT","level=DIRECT;types=CHANGE_OF_DIRECTION_DIRECT|FOOTWORK_DIRECT|REACTION_DECISION_DIRECT;skills=CHANGE_OF_DIRECTION|DEFENSIVE_COVERAGE|FIRST_STEP|SPLIT_STEP;qualities=ANKLE_STIFFNESS|DECELERATION|REACTIVE_AGILITY|SINGLE_LEG_STABILITY","DECELERATION_LANDING|LATERAL_MOVEMENT","ACCELERATION|DECELERATION|FOOTWORK","HIGH","BADMINTON_FATIGUE_COST:HIGH:0.0|OFI_AXIS:HIGH_FORCE_NEURAL:17.1875|OFI_AXIS:HIGH_SPEED:85.9375|OFI_AXIS:LOCAL_MUSCULAR:58.4375|OFI_AXIS:REACTIVE:93.75|OFI_AXIS:SYSTEMIC_MUSCULAR:53.125|OFI_CAUTION:HIGH_SPEED_CAUTION:0.0|OFI_CAUTION:REACTIVE_CAUTION:0.0|OFI_DOSE:DISTANCE_OR_TIME:0.0|OFI_GROUP:BADMINTON_COURT_FOOTWORK:0.0|OFI_GROUP:NOT_APPLICABLE:0.0|OFI_GROUP:NOT_APPLICABLE:0.0|OFI_SCORE:HIGH_FORCE_NEURAL:21.0|OFI_SCORE:HIGH_SPEED:100.0|OFI_SCORE:LOCAL_MUSCULAR:73.0|OFI_SCORE:REACTIVE:100.0|OFI_SCORE:SYSTEMIC_MUSCULAR:66.0|OFI_SNAPSHOT:SUMMARY:83.0","","","removedAxes=UNILATERAL_STABILITY;removedObjectives=REACTION","addedAxes=;addedObjectives=","PARITY_INTENTIONAL_CORRECTION"
"ex_1cf51b6b","BADMINTON_SUPPORTIVE|FATIGUE|HYPERTROPHY_VOLUME","SUPPORTIVE","forceType=DECELERATE;plane=SAGITTAL;laterality=BILATERAL;fatigue=DECELERATION|ECCENTRIC_TENDON_STRESS|ELASTIC_SSC|HAMSTRING_LOAD|HAMSTRING_TENDON_STRESS|HIP_ROTATIONAL_CONTROL_STRESS|KNEE_ROTATIONAL_STABILITY_STRESS|LOCAL_MUSCLE|NEURAL_HEAVY|NEURAL_SPEED|REPEATED_PATTERN_LOAD|SYSTEMIC;muscles=CORE|HAMSTRING;roles=JUMP_LANDING|LOWER_BODY_SUPPORTIVE;skills=CHANGE_OF_DIRECTION|FIRST_STEP;qualities=HIP_KNEE_EXTENSION_STRENGTH|JUMP_LANDING|LOWER_BODY_FORCE|RECOVERY_STEP","DECELERATION_LANDING|LATERAL_MOVEMENT","ACCELERATION|FOOTWORK|JUMP_LANDING","VERY_HIGH","BADMINTON_FATIGUE_COST:VERY_HIGH:0.0|OFI_AXIS:HIGH_FORCE_NEURAL:17.1875|OFI_AXIS:HIGH_SPEED:70.125|OFI_AXIS:LOCAL_MUSCULAR:68.75|OFI_AXIS:REACTIVE:63.75|OFI_AXIS:SYSTEMIC_MUSCULAR:13.28125|OFI_CAUTION:RECOVERY_DEBT_HIGH:0.0|OFI_DOSE:LOAD_REPS:0.0|OFI_GROUP:NORDIC_HAMSTRING_ECCENTRIC:0.0|OFI_GROUP:NORDIC_HAMSTRING_ECCENTRIC:0.0|OFI_GROUP:NORDIC_HAMSTRING_ECCENTRIC:0.0|OFI_SCORE:HIGH_FORCE_NEURAL:21.0|OFI_SCORE:HIGH_SPEED:88.0|OFI_SCORE:LOCAL_MUSCULAR:86.0|OFI_SCORE:REACTIVE:80.0|OFI_SCORE:SYSTEMIC_MUSCULAR:17.0|OFI_SNAPSHOT:SUMMARY:77.0","","PROGRESSION:NORDIC_HAMSTRING_ECCENTRIC","BADMINTON_SUPPORTIVE|FATIGUE|HYPERTROPHY_VOLUME","SUPPORTIVE","level=SUPPORTIVE;types=LOWER_BODY_SUPPORTIVE;skills=CHANGE_OF_DIRECTION|FIRST_STEP;qualities=HIP_KNEE_EXTENSION_STRENGTH|LOWER_BODY_FORCE","","ACCELERATION","VERY_HIGH","BADMINTON_FATIGUE_COST:VERY_HIGH:0.0|OFI_AXIS:HIGH_FORCE_NEURAL:17.1875|OFI_AXIS:HIGH_SPEED:70.125|OFI_AXIS:LOCAL_MUSCULAR:68.75|OFI_AXIS:REACTIVE:63.75|OFI_AXIS:SYSTEMIC_MUSCULAR:13.28125|OFI_CAUTION:RECOVERY_DEBT_HIGH:0.0|OFI_DOSE:LOAD_REPS:0.0|OFI_GROUP:NORDIC_HAMSTRING_ECCENTRIC:0.0|OFI_GROUP:NORDIC_HAMSTRING_ECCENTRIC:0.0|OFI_GROUP:NORDIC_HAMSTRING_ECCENTRIC:0.0|OFI_SCORE:HIGH_FORCE_NEURAL:21.0|OFI_SCORE:HIGH_SPEED:88.0|OFI_SCORE:LOCAL_MUSCULAR:86.0|OFI_SCORE:REACTIVE:80.0|OFI_SCORE:SYSTEMIC_MUSCULAR:17.0|OFI_SNAPSHOT:SUMMARY:77.0","","PROGRESSION:NORDIC_HAMSTRING_ECCENTRIC","removedAxes=DECELERATION_LANDING|LATERAL_MOVEMENT;removedObjectives=FOOTWORK|JUMP_LANDING","addedAxes=;addedObjectives=","PARITY_INTENTIONAL_CORRECTION"
"ex_1dbee10e","FATIGUE|HYPERTROPHY_VOLUME|STRENGTH_VOLUME","NONE","forceType=PUSH;plane=TRANSVERSE;laterality=BILATERAL;fatigue=ANTERIOR_DELTOID_LOAD|HORIZONTAL_PUSH_STRESS|LOCAL_MUSCLE|NEURAL_HEAVY|OVERHEAD_REPETITION|PECTORAL_LOAD|PECTORAL_TENDON_STRESS|SHOULDER_SCAPULAR_STABILITY_STRESS|SYSTEMIC|TRICEPS_LOAD|TRICEPS_TENDON_STRESS;muscles=ANTERIOR_DELTOID|BACK|CHEST|CORE|SCAPULAR_STABILIZERS|TRICEPS;roles=SHOULDER_CARE;skills=;qualities=","RACKET_SUPPORT","","MEDIUM","BADMINTON_FATIGUE_COST:MEDIUM:0.0|OFI_AXIS:HIGH_FORCE_NEURAL:37.8125|OFI_AXIS:HIGH_SPEED:17.1875|OFI_AXIS:LOCAL_MUSCULAR:58.4375|OFI_AXIS:REACTIVE:15.625|OFI_AXIS:SYSTEMIC_MUSCULAR:29.21875|OFI_DOSE:LOAD_REPS:0.0|OFI_GROUP:HORIZONTAL_PUSH_COMPOUND:0.0|OFI_GROUP:HORIZONTAL_PUSH_COMPOUND:0.0|OFI_GROUP:HORIZONTAL_PUSH_COMPOUND:0.0|OFI_SCORE:HIGH_FORCE_NEURAL:47.0|OFI_SCORE:HIGH_SPEED:21.0|OFI_SCORE:LOCAL_MUSCULAR:73.0|OFI_SCORE:REACTIVE:20.0|OFI_SCORE:SYSTEMIC_MUSCULAR:37.0|OFI_SNAPSHOT:SUMMARY:43.0","","PROGRESSION:HORIZONTAL_PUSH_COMPOUND|PROXY:BENCH_PRESS:SHARED_FACTOR_PROXY","FATIGUE|HYPERTROPHY_VOLUME|STRENGTH_VOLUME","NONE","level=NONE;types=;skills=;qualities=","","","MEDIUM","BADMINTON_FATIGUE_COST:MEDIUM:0.0|OFI_AXIS:HIGH_FORCE_NEURAL:37.8125|OFI_AXIS:HIGH_SPEED:17.1875|OFI_AXIS:LOCAL_MUSCULAR:58.4375|OFI_AXIS:REACTIVE:15.625|OFI_AXIS:SYSTEMIC_MUSCULAR:29.21875|OFI_DOSE:LOAD_REPS:0.0|OFI_GROUP:HORIZONTAL_PUSH_COMPOUND:0.0|OFI_GROUP:HORIZONTAL_PUSH_COMPOUND:0.0|OFI_GROUP:HORIZONTAL_PUSH_COMPOUND:0.0|OFI_SCORE:HIGH_FORCE_NEURAL:47.0|OFI_SCORE:HIGH_SPEED:21.0|OFI_SCORE:LOCAL_MUSCULAR:73.0|OFI_SCORE:REACTIVE:20.0|OFI_SCORE:SYSTEMIC_MUSCULAR:37.0|OFI_SNAPSHOT:SUMMARY:43.0","","PROGRESSION:HORIZONTAL_PUSH_COMPOUND|PROXY:BENCH_PRESS:SHARED_FACTOR_PROXY","removedAxes=RACKET_SUPPORT;removedObjectives=","addedAxes=;addedObjectives=","PARITY_INTENTIONAL_CORRECTION"
"ex_2055b629","BADMINTON_SUPPORTIVE|BALANCE|FATIGUE","SUPPORTIVE","forceType=ACCELERATE;plane=MULTI_PLANAR;laterality=UNILATERAL;fatigue=ACHILLES_TENDON_STRESS|COURT_DECELERATION_IMPACT|COURT_SPORT_MOVEMENT_STRESS|DECELERATION|DECELERATION_LOAD|ELASTIC_SSC|ELASTIC_SSC_LOAD|GENERAL_COURT_SPORT|HIP_ROTATIONAL_CONTROL_STRESS|KNEE_ANKLE_STABILITY_STRESS|LOCAL_MUSCLE|MOTOR_LEARNING_LOAD|NEURAL_HEAVY|NEURAL_SPEED|NEURAL_SPEED_LOAD|PATELLAR_TENDON_STRESS|SYSTEMIC;muscles=CORE|DEEP_CORE;roles=ANKLE_CALF_SSC_SUPPORTIVE|DECELERATION|FOOTWORK|LOWER_BODY_SUPPORTIVE|REACTION;skills=;qualities=ANKLE_STIFFNESS|DECELERATION|FIRST_STEP|MULTI_DIRECTION|REACTION_RANDOM|REACTIVE_AGILITY|RECOVERY_STEP","DECELERATION_LANDING|LATERAL_MOVEMENT|UNILATERAL_STABILITY","ACCELERATION|DECELERATION|FOOTWORK|REACTION","HIGH","BADMINTON_FATIGUE_COST:HIGH:0.0|OFI_AXIS:HIGH_FORCE_NEURAL:17.1875|OFI_AXIS:HIGH_SPEED:85.9375|OFI_AXIS:LOCAL_MUSCULAR:58.4375|OFI_AXIS:REACTIVE:76.5|OFI_AXIS:SYSTEMIC_MUSCULAR:53.125|OFI_CAUTION:HIGH_SPEED_CAUTION:0.0|OFI_DOSE:DISTANCE_OR_TIME:0.0|OFI_GROUP:BADMINTON_COURT_FOOTWORK:0.0|OFI_GROUP:NOT_APPLICABLE:0.0|OFI_GROUP:NOT_APPLICABLE:0.0|OFI_SCORE:HIGH_FORCE_NEURAL:21.0|OFI_SCORE:HIGH_SPEED:100.0|OFI_SCORE:LOCAL_MUSCULAR:73.0|OFI_SCORE:REACTIVE:96.0|OFI_SCORE:SYSTEMIC_MUSCULAR:66.0|OFI_SNAPSHOT:SUMMARY:83.0","","","BADMINTON_SUPPORTIVE|BALANCE|FATIGUE","SUPPORTIVE","level=SUPPORTIVE;types=ANKLE_CALF_SSC_SUPPORTIVE|LOWER_BODY_SUPPORTIVE;skills=;qualities=ANKLE_STIFFNESS|DECELERATION|REACTIVE_AGILITY","DECELERATION_LANDING","DECELERATION","HIGH","BADMINTON_FATIGUE_COST:HIGH:0.0|OFI_AXIS:HIGH_FORCE_NEURAL:17.1875|OFI_AXIS:HIGH_SPEED:85.9375|OFI_AXIS:LOCAL_MUSCULAR:58.4375|OFI_AXIS:REACTIVE:76.5|OFI_AXIS:SYSTEMIC_MUSCULAR:53.125|OFI_CAUTION:HIGH_SPEED_CAUTION:0.0|OFI_DOSE:DISTANCE_OR_TIME:0.0|OFI_GROUP:BADMINTON_COURT_FOOTWORK:0.0|OFI_GROUP:NOT_APPLICABLE:0.0|OFI_GROUP:NOT_APPLICABLE:0.0|OFI_SCORE:HIGH_FORCE_NEURAL:21.0|OFI_SCORE:HIGH_SPEED:100.0|OFI_SCORE:LOCAL_MUSCULAR:73.0|OFI_SCORE:REACTIVE:96.0|OFI_SCORE:SYSTEMIC_MUSCULAR:66.0|OFI_SNAPSHOT:SUMMARY:83.0","","","removedAxes=LATERAL_MOVEMENT|UNILATERAL_STABILITY;removedObjectives=ACCELERATION|FOOTWORK|REACTION","addedAxes=;addedObjectives=","PARITY_INTENTIONAL_CORRECTION"
"ex_216351a1","BADMINTON_TRANSFER|BALANCE|FATIGUE","DIRECT","forceType=ACCELERATE;plane=MULTI_PLANAR;laterality=UNILATERAL;fatigue=ACHILLES_TENDON_STRESS|BADMINTON_DIRECT_TRANSFER|BADMINTON_FOOTWORK|BADMINTON_LUNGE_REACH|COURT_DECELERATION_IMPACT|COURT_SPORT_MOVEMENT_STRESS|DECELERATION|DECELERATION_LOAD|DECISION_MAKING_LOAD|ELASTIC_SSC|ELASTIC_SSC_LOAD|HIP_ROTATIONAL_CONTROL_STRESS|KNEE_ANKLE_STABILITY_STRESS|LOCAL_MUSCLE|NEURAL_HEAVY|NEURAL_SPEED|NEURAL_SPEED_LOAD|PATELLAR_TENDON_STRESS|REACTION_LOAD|SYSTEMIC|VISUAL_TRACKING_LOAD;muscles=CORE|DEEP_CORE;roles=CONDITIONING|FOOTWORK|FOOTWORK_DIRECT|LUNGE_REACH_DIRECT|REACTION_DECISION_DIRECT;skills=DEFENSIVE_COVERAGE|FIRST_STEP|FRONT_COURT_LUNGE|LATERAL_LUNGE|SPLIT_STEP;qualities=DECELERATION|FIRST_STEP|HIP_CONTROL|MULTI_DIRECTION|REACTIVE_AGILITY|RECOVERY_STEP|SINGLE_LEG_STABILITY","AEROBIC_FOOTWORK|DECELERATION_LANDING|LATERAL_MOVEMENT|UNILATERAL_STABILITY","ACCELERATION|CONDITIONING|DECELERATION|FOOTWORK","HIGH","BADMINTON_FATIGUE_COST:HIGH:0.0|OFI_AXIS:HIGH_FORCE_NEURAL:17.1875|OFI_AXIS:HIGH_SPEED:85.9375|OFI_AXIS:LOCAL_MUSCULAR:58.4375|OFI_AXIS:REACTIVE:93.75|OFI_AXIS:SYSTEMIC_MUSCULAR:53.125|OFI_CAUTION:HIGH_SPEED_CAUTION:0.0|OFI_CAUTION:REACTIVE_CAUTION:0.0|OFI_DOSE:DISTANCE_OR_TIME:0.0|OFI_GROUP:BADMINTON_COURT_FOOTWORK:0.0|OFI_GROUP:NOT_APPLICABLE:0.0|OFI_GROUP:NOT_APPLICABLE:0.0|OFI_SCORE:HIGH_FORCE_NEURAL:21.0|OFI_SCORE:HIGH_SPEED:100.0|OFI_SCORE:LOCAL_MUSCULAR:73.0|OFI_SCORE:REACTIVE:100.0|OFI_SCORE:SYSTEMIC_MUSCULAR:66.0|OFI_SNAPSHOT:SUMMARY:83.0","","","BADMINTON_TRANSFER|BALANCE|FATIGUE","DIRECT","level=DIRECT;types=FOOTWORK_DIRECT|LUNGE_REACH_DIRECT|REACTION_DECISION_DIRECT;skills=DEFENSIVE_COVERAGE|FIRST_STEP|FRONT_COURT_LUNGE|LATERAL_LUNGE|SPLIT_STEP;qualities=DECELERATION|HIP_CONTROL|REACTIVE_AGILITY|SINGLE_LEG_STABILITY","DECELERATION_LANDING|LATERAL_MOVEMENT|UNILATERAL_STABILITY","ACCELERATION|DECELERATION|FOOTWORK","HIGH","BADMINTON_FATIGUE_COST:HIGH:0.0|OFI_AXIS:HIGH_FORCE_NEURAL:17.1875|OFI_AXIS:HIGH_SPEED:85.9375|OFI_AXIS:LOCAL_MUSCULAR:58.4375|OFI_AXIS:REACTIVE:93.75|OFI_AXIS:SYSTEMIC_MUSCULAR:53.125|OFI_CAUTION:HIGH_SPEED_CAUTION:0.0|OFI_CAUTION:REACTIVE_CAUTION:0.0|OFI_DOSE:DISTANCE_OR_TIME:0.0|OFI_GROUP:BADMINTON_COURT_FOOTWORK:0.0|OFI_GROUP:NOT_APPLICABLE:0.0|OFI_GROUP:NOT_APPLICABLE:0.0|OFI_SCORE:HIGH_FORCE_NEURAL:21.0|OFI_SCORE:HIGH_SPEED:100.0|OFI_SCORE:LOCAL_MUSCULAR:73.0|OFI_SCORE:REACTIVE:100.0|OFI_SCORE:SYSTEMIC_MUSCULAR:66.0|OFI_SNAPSHOT:SUMMARY:83.0","","","removedAxes=AEROBIC_FOOTWORK;removedObjectives=CONDITIONING","addedAxes=;addedObjectives=","PARITY_INTENTIONAL_CORRECTION"
"ex_27b3deb5","BALANCE|FATIGUE|HYPERTROPHY_VOLUME|STRENGTH_PROGRESS","NONE","forceType=PUSH;plane=TRANSVERSE;laterality=BILATERAL;fatigue=ANTERIOR_DELTOID_LOAD|GRIP_FOREARM|HORIZONTAL_PUSH_STRESS|LOCAL_MUSCLE|NEURAL_HEAVY|OVERHEAD_REPETITION|PECTORAL_LOAD|PECTORAL_TENDON_STRESS|SHOULDER_SCAPULAR_STABILITY_STRESS|SYSTEMIC|TRICEPS_LOAD|TRICEPS_TENDON_STRESS;muscles=ANTERIOR_DELTOID|CHEST|CORE|FOREARM|GRIP|SHOULDER|TRICEPS;roles=GRIP_FOREARM|SHOULDER_CARE;skills=;qualities=","RACKET_SUPPORT","","VERY_HIGH","BADMINTON_FATIGUE_COST:VERY_HIGH:0.0|OFI_AXIS:HIGH_FORCE_NEURAL:37.8125|OFI_AXIS:HIGH_SPEED:17.1875|OFI_AXIS:LOCAL_MUSCULAR:58.4375|OFI_AXIS:REACTIVE:15.625|OFI_AXIS:SYSTEMIC_MUSCULAR:34.375|OFI_DOSE:VOLUME_LOAD:0.0|OFI_GROUP:CLOSE_GRIP_BENCH_TRICEPS_PUSH:0.0|OFI_GROUP:CLOSE_GRIP_BENCH_TRICEPS_PUSH:0.0|OFI_GROUP:CLOSE_GRIP_BENCH_TRICEPS_PUSH:0.0|OFI_SCORE:HIGH_FORCE_NEURAL:47.0|OFI_SCORE:HIGH_SPEED:21.0|OFI_SCORE:LOCAL_MUSCULAR:73.0|OFI_SCORE:REACTIVE:20.0|OFI_SCORE:SYSTEMIC_MUSCULAR:43.0|OFI_SNAPSHOT:SUMMARY:44.0","","PROGRESSION:CLOSE_GRIP_BENCH_TRICEPS_PUSH|PROXY:BENCH_PRESS:SHARED_FACTOR_PROXY","BALANCE|FATIGUE|HYPERTROPHY_VOLUME|STRENGTH_PROGRESS","NONE","level=NONE;types=;skills=;qualities=","","","VERY_HIGH","BADMINTON_FATIGUE_COST:VERY_HIGH:0.0|OFI_AXIS:HIGH_FORCE_NEURAL:37.8125|OFI_AXIS:HIGH_SPEED:17.1875|OFI_AXIS:LOCAL_MUSCULAR:58.4375|OFI_AXIS:REACTIVE:15.625|OFI_AXIS:SYSTEMIC_MUSCULAR:34.375|OFI_DOSE:VOLUME_LOAD:0.0|OFI_GROUP:CLOSE_GRIP_BENCH_TRICEPS_PUSH:0.0|OFI_GROUP:CLOSE_GRIP_BENCH_TRICEPS_PUSH:0.0|OFI_GROUP:CLOSE_GRIP_BENCH_TRICEPS_PUSH:0.0|OFI_SCORE:HIGH_FORCE_NEURAL:47.0|OFI_SCORE:HIGH_SPEED:21.0|OFI_SCORE:LOCAL_MUSCULAR:73.0|OFI_SCORE:REACTIVE:20.0|OFI_SCORE:SYSTEMIC_MUSCULAR:43.0|OFI_SNAPSHOT:SUMMARY:44.0","","PROGRESSION:CLOSE_GRIP_BENCH_TRICEPS_PUSH|PROXY:BENCH_PRESS:SHARED_FACTOR_PROXY","removedAxes=RACKET_SUPPORT;removedObjectives=","addedAxes=;addedObjectives=","PARITY_INTENTIONAL_CORRECTION"
"ex_281347da","BALANCE|FATIGUE|HYPERTROPHY_VOLUME","GENERAL_STRENGTH","forceType=BRACE;plane=SAGITTAL;laterality=BILATERAL;fatigue=BICEPS_LOCAL_LOAD|BICEPS_TENDON_STRESS|ELBOW_FLEXION_LOAD|FOREARM_FLEXOR_TENDON_STRESS|GRIP_FOREARM|GRIP_FOREARM_LOAD|ISOLATION_ACCESSORY_STRESS|LOCAL_MUSCLE|NEURAL_HEAVY|SYSTEMIC;muscles=BICEPS|CORE|FOREARM;roles=GENERAL_STRENGTH_SUPPORTIVE|GRIP_FOREARM;skills=;qualities=GRIP_ENDURANCE","LOW_FATIGUE_CONTROL|RACKET_SUPPORT|ROTATION_CONTROL","","LOW","BADMINTON_FATIGUE_COST:LOW:0.0|OFI_AXIS:HIGH_FORCE_NEURAL:17.1875|OFI_AXIS:HIGH_SPEED:17.1875|OFI_AXIS:LOCAL_MUSCULAR:58.4375|OFI_AXIS:REACTIVE:15.625|OFI_AXIS:SYSTEMIC_MUSCULAR:13.28125|OFI_DOSE:VOLUME_LOAD:0.0|OFI_GROUP:ELBOW_FLEXION_CURL:0.0|OFI_GROUP:ELBOW_FLEXION_CURL:0.0|OFI_GROUP:ELBOW_FLEXION_CURL:0.0|OFI_SCORE:HIGH_FORCE_NEURAL:21.0|OFI_SCORE:HIGH_SPEED:21.0|OFI_SCORE:LOCAL_MUSCULAR:73.0|OFI_SCORE:REACTIVE:20.0|OFI_SCORE:SYSTEMIC_MUSCULAR:17.0|OFI_SNAPSHOT:SUMMARY:39.0","","PROGRESSION:ELBOW_FLEXION_CURL","BALANCE|FATIGUE|HYPERTROPHY_VOLUME","GENERAL_STRENGTH","level=GENERAL;types=GENERAL_STRENGTH_SUPPORTIVE;skills=;qualities=GRIP_ENDURANCE","","","LOW","BADMINTON_FATIGUE_COST:LOW:0.0|OFI_AXIS:HIGH_FORCE_NEURAL:17.1875|OFI_AXIS:HIGH_SPEED:17.1875|OFI_AXIS:LOCAL_MUSCULAR:58.4375|OFI_AXIS:REACTIVE:15.625|OFI_AXIS:SYSTEMIC_MUSCULAR:13.28125|OFI_DOSE:VOLUME_LOAD:0.0|OFI_GROUP:ELBOW_FLEXION_CURL:0.0|OFI_GROUP:ELBOW_FLEXION_CURL:0.0|OFI_GROUP:ELBOW_FLEXION_CURL:0.0|OFI_SCORE:HIGH_FORCE_NEURAL:21.0|OFI_SCORE:HIGH_SPEED:21.0|OFI_SCORE:LOCAL_MUSCULAR:73.0|OFI_SCORE:REACTIVE:20.0|OFI_SCORE:SYSTEMIC_MUSCULAR:17.0|OFI_SNAPSHOT:SUMMARY:39.0","","PROGRESSION:ELBOW_FLEXION_CURL","removedAxes=LOW_FATIGUE_CONTROL|RACKET_SUPPORT|ROTATION_CONTROL;removedObjectives=","addedAxes=;addedObjectives=","PARITY_INTENTIONAL_CORRECTION"
"ex_2822ec2e","FATIGUE|HYPERTROPHY_VOLUME","GENERAL_STRENGTH","forceType=BRACE;plane=SAGITTAL;laterality=BILATERAL;fatigue=HAMSTRING_LOCAL_LOAD|HAMSTRING_TENDON_STRESS|ISOLATION_ACCESSORY_STRESS|KNEE_FLEXION_LOAD|LOCAL_MUSCLE|NEURAL_HEAVY|SYSTEMIC;muscles=CALF|CORE|DEEP_CORE|HAMSTRING;roles=GENERAL_STRENGTH_SUPPORTIVE;skills=;qualities=HIP_KNEE_EXTENSION_STRENGTH|LOWER_BODY_FORCE","LOW_FATIGUE_CONTROL|ROTATION_CONTROL","","LOW","BADMINTON_FATIGUE_COST:LOW:0.0|OFI_AXIS:HIGH_FORCE_NEURAL:17.1875|OFI_AXIS:HIGH_SPEED:17.1875|OFI_AXIS:LOCAL_MUSCULAR:58.4375|OFI_AXIS:REACTIVE:15.625|OFI_AXIS:SYSTEMIC_MUSCULAR:13.28125|OFI_DOSE:LOAD_REPS:0.0|OFI_GROUP:HAMSTRING_KNEE_FLEXION_ISOLATION:0.0|OFI_GROUP:HAMSTRING_KNEE_FLEXION_ISOLATION:0.0|OFI_GROUP:HAMSTRING_KNEE_FLEXION_ISOLATION:0.0|OFI_SCORE:HIGH_FORCE_NEURAL:21.0|OFI_SCORE:HIGH_SPEED:21.0|OFI_SCORE:LOCAL_MUSCULAR:73.0|OFI_SCORE:REACTIVE:20.0|OFI_SCORE:SYSTEMIC_MUSCULAR:17.0|OFI_SNAPSHOT:SUMMARY:39.0","","PROGRESSION:HAMSTRING_KNEE_FLEXION_ISOLATION","FATIGUE|HYPERTROPHY_VOLUME","GENERAL_STRENGTH","level=GENERAL;types=GENERAL_STRENGTH_SUPPORTIVE;skills=;qualities=HIP_KNEE_EXTENSION_STRENGTH|LOWER_BODY_FORCE","","","LOW","BADMINTON_FATIGUE_COST:LOW:0.0|OFI_AXIS:HIGH_FORCE_NEURAL:17.1875|OFI_AXIS:HIGH_SPEED:17.1875|OFI_AXIS:LOCAL_MUSCULAR:58.4375|OFI_AXIS:REACTIVE:15.625|OFI_AXIS:SYSTEMIC_MUSCULAR:13.28125|OFI_DOSE:LOAD_REPS:0.0|OFI_GROUP:HAMSTRING_KNEE_FLEXION_ISOLATION:0.0|OFI_GROUP:HAMSTRING_KNEE_FLEXION_ISOLATION:0.0|OFI_GROUP:HAMSTRING_KNEE_FLEXION_ISOLATION:0.0|OFI_SCORE:HIGH_FORCE_NEURAL:21.0|OFI_SCORE:HIGH_SPEED:21.0|OFI_SCORE:LOCAL_MUSCULAR:73.0|OFI_SCORE:REACTIVE:20.0|OFI_SCORE:SYSTEMIC_MUSCULAR:17.0|OFI_SNAPSHOT:SUMMARY:39.0","","PROGRESSION:HAMSTRING_KNEE_FLEXION_ISOLATION","removedAxes=LOW_FATIGUE_CONTROL|ROTATION_CONTROL;removedObjectives=","addedAxes=;addedObjectives=","PARITY_INTENTIONAL_CORRECTION"
"ex_282a9d87","BALANCE|FATIGUE|HYPERTROPHY_VOLUME|STRENGTH_PROGRESS","GENERAL_STRENGTH","forceType=PULL;plane=TRANSVERSE;laterality=BILATERAL;fatigue=BICEPS_LOAD|BICEPS_TENDON_STRESS|ELBOW_JOINT_STRESS|FOREARM_FLEXOR_TENDON_STRESS|GRIP_FOREARM|GRIP_LOAD|HORIZONTAL_ROW_STRESS|LAT_LOAD|LOCAL_MUSCLE|NEURAL_HEAVY|OVERHEAD_REPETITION|REAR_DELTOID_LOAD|SCAPULAR_STABILITY_LOAD|SHOULDER_JOINT_STABILITY_STRESS|SYSTEMIC|UPPER_BACK_LOAD;muscles=BICEPS|CORE|DEEP_CORE|FOREARM|LAT|REAR_DELT|RHOMBOID|SCAPULAR_STABILIZERS|SHOULDER;roles=GENERAL_STRENGTH_SUPPORTIVE|GRIP_FOREARM|SHOULDER_CARE;skills=;qualities=SCAPULAR_CONTROL|SHOULDER_DURABILITY","RACKET_SUPPORT","","MEDIUM","BADMINTON_FATIGUE_COST:MEDIUM:0.0|OFI_AXIS:HIGH_FORCE_NEURAL:37.8125|OFI_AXIS:HIGH_SPEED:17.1875|OFI_AXIS:LOCAL_MUSCULAR:58.4375|OFI_AXIS:REACTIVE:15.625|OFI_AXIS:SYSTEMIC_MUSCULAR:34.375|OFI_DOSE:VOLUME_LOAD:0.0|OFI_GROUP:HORIZONTAL_PULL_COMPOUND:0.0|OFI_GROUP:HORIZONTAL_PULL_COMPOUND:0.0|OFI_GROUP:HORIZONTAL_PULL_COMPOUND:0.0|OFI_SCORE:HIGH_FORCE_NEURAL:47.0|OFI_SCORE:HIGH_SPEED:21.0|OFI_SCORE:LOCAL_MUSCULAR:73.0|OFI_SCORE:REACTIVE:20.0|OFI_SCORE:SYSTEMIC_MUSCULAR:43.0|OFI_SNAPSHOT:SUMMARY:44.0","","PROGRESSION:HORIZONTAL_PULL_COMPOUND","BALANCE|FATIGUE|HYPERTROPHY_VOLUME|STRENGTH_PROGRESS","GENERAL_STRENGTH","level=GENERAL;types=GENERAL_STRENGTH_SUPPORTIVE;skills=;qualities=SCAPULAR_CONTROL|SHOULDER_DURABILITY","","","MEDIUM","BADMINTON_FATIGUE_COST:MEDIUM:0.0|OFI_AXIS:HIGH_FORCE_NEURAL:37.8125|OFI_AXIS:HIGH_SPEED:17.1875|OFI_AXIS:LOCAL_MUSCULAR:58.4375|OFI_AXIS:REACTIVE:15.625|OFI_AXIS:SYSTEMIC_MUSCULAR:34.375|OFI_DOSE:VOLUME_LOAD:0.0|OFI_GROUP:HORIZONTAL_PULL_COMPOUND:0.0|OFI_GROUP:HORIZONTAL_PULL_COMPOUND:0.0|OFI_GROUP:HORIZONTAL_PULL_COMPOUND:0.0|OFI_SCORE:HIGH_FORCE_NEURAL:47.0|OFI_SCORE:HIGH_SPEED:21.0|OFI_SCORE:LOCAL_MUSCULAR:73.0|OFI_SCORE:REACTIVE:20.0|OFI_SCORE:SYSTEMIC_MUSCULAR:43.0|OFI_SNAPSHOT:SUMMARY:44.0","","PROGRESSION:HORIZONTAL_PULL_COMPOUND","removedAxes=RACKET_SUPPORT;removedObjectives=","addedAxes=;addedObjectives=","PARITY_INTENTIONAL_CORRECTION"
"ex_28347c1f","ACCESSORY_VOLUME|BADMINTON_SUPPORTIVE|FATIGUE","SUPPORTIVE","forceType=BRACE;plane=TRANSVERSE;laterality=UNILATERAL;fatigue=ANTI_ROTATION|ANTI_ROTATION_LOAD|CORE_BRACING_LOAD|ISOMETRIC_CORE_BRACING_STRESS|LOCAL_MUSCLE|LUMBOPELVIC_CONTROL_STRESS|NEURAL_HEAVY|OVERHEAD_REPETITION|SYSTEMIC;muscles=CORE|DEEP_CORE|GLUTE|SCAPULAR_STABILIZERS;roles=ANTI_ROTATION_STABILITY|CORE_STABILITY_SUPPORTIVE|SHOULDER_CARE;skills=CHANGE_OF_DIRECTION|DEFENSIVE_COVERAGE;qualities=CORE_BRACING|HIP_CONTROL|SINGLE_LEG_STABILITY","LOW_FATIGUE_CONTROL|RACKET_SUPPORT|ROTATION_CONTROL|UNILATERAL_STABILITY","","HIGH","BADMINTON_FATIGUE_COST:HIGH:0.0|OFI_AXIS:HIGH_FORCE_NEURAL:17.1875|OFI_AXIS:HIGH_SPEED:17.1875|OFI_AXIS:LOCAL_MUSCULAR:37.8125|OFI_AXIS:REACTIVE:63.75|OFI_AXIS:SYSTEMIC_MUSCULAR:13.28125|OFI_DOSE:REPS_OR_TIME:0.0|OFI_GROUP:CORE_BRACING_CONTROL:0.0|OFI_GROUP:CORE_BRACING_CONTROL:0.0|OFI_GROUP:CORE_BRACING_CONTROL:0.0|OFI_SCORE:HIGH_FORCE_NEURAL:21.0|OFI_SCORE:HIGH_SPEED:21.0|OFI_SCORE:LOCAL_MUSCULAR:47.0|OFI_SCORE:REACTIVE:80.0|OFI_SCORE:SYSTEMIC_MUSCULAR:17.0|OFI_SNAPSHOT:SUMMARY:57.0","","PROGRESSION:CORE_BRACING_CONTROL","ACCESSORY_VOLUME|BADMINTON_SUPPORTIVE|FATIGUE","SUPPORTIVE","level=SUPPORTIVE;types=CORE_STABILITY_SUPPORTIVE;skills=CHANGE_OF_DIRECTION|DEFENSIVE_COVERAGE;qualities=CORE_BRACING|HIP_CONTROL|SINGLE_LEG_STABILITY","LOW_FATIGUE_CONTROL","","HIGH","BADMINTON_FATIGUE_COST:HIGH:0.0|OFI_AXIS:HIGH_FORCE_NEURAL:17.1875|OFI_AXIS:HIGH_SPEED:17.1875|OFI_AXIS:LOCAL_MUSCULAR:37.8125|OFI_AXIS:REACTIVE:63.75|OFI_AXIS:SYSTEMIC_MUSCULAR:13.28125|OFI_DOSE:REPS_OR_TIME:0.0|OFI_GROUP:CORE_BRACING_CONTROL:0.0|OFI_GROUP:CORE_BRACING_CONTROL:0.0|OFI_GROUP:CORE_BRACING_CONTROL:0.0|OFI_SCORE:HIGH_FORCE_NEURAL:21.0|OFI_SCORE:HIGH_SPEED:21.0|OFI_SCORE:LOCAL_MUSCULAR:47.0|OFI_SCORE:REACTIVE:80.0|OFI_SCORE:SYSTEMIC_MUSCULAR:17.0|OFI_SNAPSHOT:SUMMARY:57.0","","PROGRESSION:CORE_BRACING_CONTROL","removedAxes=RACKET_SUPPORT|ROTATION_CONTROL|UNILATERAL_STABILITY;removedObjectives=","addedAxes=;addedObjectives=","PARITY_INTENTIONAL_CORRECTION"
"ex_284ecca6","ACCESSORY_VOLUME|CONTROL|FATIGUE_LOW","GENERAL_STRENGTH","forceType=HINGE;plane=SAGITTAL;laterality=BILATERAL;fatigue=LOCAL_MUSCLE|LOCAL_STABILIZER_LOAD|LOW_FATIGUE_REHAB|LOW_LOAD_CONTROL|LOW_LOAD_PREHAB_CONTROL_STRESS|LUMBOPELVIC_CONTROL_STRESS|NEURAL_HEAVY|OVERHEAD_REPETITION|SYSTEMIC;muscles=BACK|CORE|ERECTOR_SPINAE|GLUTE|HAMSTRING|SCAPULAR_STABILIZERS;roles=GENERAL_STRENGTH_SUPPORTIVE|SHOULDER_CARE;skills=;qualities=CORE_BRACING|HIP_CONTROL|SINGLE_LEG_STABILITY","LOW_FATIGUE_CONTROL|RACKET_SUPPORT|UNILATERAL_STABILITY","","HIGH","BADMINTON_FATIGUE_COST:HIGH:0.0|OFI_AXIS:HIGH_FORCE_NEURAL:17.1875|OFI_AXIS:HIGH_SPEED:17.1875|OFI_AXIS:LOCAL_MUSCULAR:37.8125|OFI_AXIS:REACTIVE:15.625|OFI_AXIS:SYSTEMIC_MUSCULAR:13.28125|OFI_DOSE:REPS_OR_TIME:0.0|OFI_GROUP:LOW_LOAD_POSTERIOR_CHAIN_CONTROL:0.0|OFI_GROUP:LOW_LOAD_POSTERIOR_CHAIN_CONTROL:0.0|OFI_GROUP:LOW_LOAD_POSTERIOR_CHAIN_CONTROL:0.0|OFI_SCORE:HIGH_FORCE_NEURAL:21.0|OFI_SCORE:HIGH_SPEED:21.0|OFI_SCORE:LOCAL_MUSCULAR:47.0|OFI_SCORE:REACTIVE:20.0|OFI_SCORE:SYSTEMIC_MUSCULAR:17.0|OFI_SNAPSHOT:SUMMARY:28.0","","PROGRESSION:LOW_LOAD_POSTERIOR_CHAIN_CONTROL","ACCESSORY_VOLUME|CONTROL|FATIGUE_LOW","GENERAL_STRENGTH","level=GENERAL;types=GENERAL_STRENGTH_SUPPORTIVE;skills=;qualities=CORE_BRACING|HIP_CONTROL|SINGLE_LEG_STABILITY","","","HIGH","BADMINTON_FATIGUE_COST:HIGH:0.0|OFI_AXIS:HIGH_FORCE_NEURAL:17.1875|OFI_AXIS:HIGH_SPEED:17.1875|OFI_AXIS:LOCAL_MUSCULAR:37.8125|OFI_AXIS:REACTIVE:15.625|OFI_AXIS:SYSTEMIC_MUSCULAR:13.28125|OFI_DOSE:REPS_OR_TIME:0.0|OFI_GROUP:LOW_LOAD_POSTERIOR_CHAIN_CONTROL:0.0|OFI_GROUP:LOW_LOAD_POSTERIOR_CHAIN_CONTROL:0.0|OFI_GROUP:LOW_LOAD_POSTERIOR_CHAIN_CONTROL:0.0|OFI_SCORE:HIGH_FORCE_NEURAL:21.0|OFI_SCORE:HIGH_SPEED:21.0|OFI_SCORE:LOCAL_MUSCULAR:47.0|OFI_SCORE:REACTIVE:20.0|OFI_SCORE:SYSTEMIC_MUSCULAR:17.0|OFI_SNAPSHOT:SUMMARY:28.0","","PROGRESSION:LOW_LOAD_POSTERIOR_CHAIN_CONTROL","removedAxes=LOW_FATIGUE_CONTROL|RACKET_SUPPORT|UNILATERAL_STABILITY;removedObjectives=","addedAxes=;addedObjectives=","PARITY_INTENTIONAL_CORRECTION"
"ex_28902b13","BALANCE|FATIGUE|HYPERTROPHY_VOLUME|STRENGTH_PROGRESS","GENERAL_STRENGTH","forceType=PUSH;plane=TRANSVERSE;laterality=BILATERAL;fatigue=BODYWEIGHT_PUSH_STRESS|CORE_BRACING_LOAD|LOCAL_MUSCLE|NEURAL_HEAVY|PECTORAL_LOAD|PECTORAL_TENDON_STRESS|SHOULDER_CONTROL_LOAD|SHOULDER_SCAPULAR_STABILITY_STRESS|SYSTEMIC|TRICEPS_LOAD|TRICEPS_TENDON_STRESS;muscles=ANTERIOR_DELTOID|CHEST|CORE|DEEP_CORE|TRICEPS;roles=GENERAL_STRENGTH_SUPPORTIVE;skills=;qualities=SHOULDER_DURABILITY","","","MEDIUM","BADMINTON_FATIGUE_COST:MEDIUM:0.0|OFI_AXIS:HIGH_FORCE_NEURAL:17.1875|OFI_AXIS:HIGH_SPEED:17.1875|OFI_AXIS:LOCAL_MUSCULAR:37.8125|OFI_AXIS:REACTIVE:15.625|OFI_AXIS:SYSTEMIC_MUSCULAR:13.28125|OFI_DOSE:LOAD_REPS:0.0|OFI_GROUP:BODYWEIGHT_HORIZONTAL_PUSH:0.0|OFI_GROUP:BODYWEIGHT_HORIZONTAL_PUSH:0.0|OFI_GROUP:BODYWEIGHT_HORIZONTAL_PUSH:0.0|OFI_SCORE:HIGH_FORCE_NEURAL:21.0|OFI_SCORE:HIGH_SPEED:21.0|OFI_SCORE:LOCAL_MUSCULAR:47.0|OFI_SCORE:REACTIVE:20.0|OFI_SCORE:SYSTEMIC_MUSCULAR:17.0|OFI_SNAPSHOT:SUMMARY:28.0","","PROGRESSION:BODYWEIGHT_HORIZONTAL_PUSH","BALANCE|FATIGUE|HYPERTROPHY_VOLUME|STRENGTH_PROGRESS","GENERAL_STRENGTH","level=GENERAL;types=GENERAL_STRENGTH_SUPPORTIVE;skills=;qualities=SHOULDER_DURABILITY","","","MEDIUM","BADMINTON_FATIGUE_COST:MEDIUM:0.0|OFI_AXIS:HIGH_FORCE_NEURAL:17.1875|OFI_AXIS:HIGH_SPEED:17.1875|OFI_AXIS:LOCAL_MUSCULAR:37.8125|OFI_AXIS:REACTIVE:15.625|OFI_AXIS:SYSTEMIC_MUSCULAR:13.28125|OFI_DOSE:LOAD_REPS:0.0|OFI_GROUP:BODYWEIGHT_HORIZONTAL_PUSH:0.0|OFI_GROUP:BODYWEIGHT_HORIZONTAL_PUSH:0.0|OFI_GROUP:BODYWEIGHT_HORIZONTAL_PUSH:0.0|OFI_SCORE:HIGH_FORCE_NEURAL:21.0|OFI_SCORE:HIGH_SPEED:21.0|OFI_SCORE:LOCAL_MUSCULAR:47.0|OFI_SCORE:REACTIVE:20.0|OFI_SCORE:SYSTEMIC_MUSCULAR:17.0|OFI_SNAPSHOT:SUMMARY:28.0","","PROGRESSION:BODYWEIGHT_HORIZONTAL_PUSH","removedAxes=;removedObjectives=","addedAxes=;addedObjectives=","PARITY_EXACT"
"ex_2892da5a","BALANCE|FATIGUE|HYPERTROPHY_VOLUME","GENERAL_STRENGTH","forceType=BRACE;plane=SAGITTAL;laterality=BILATERAL;fatigue=BRACHIALIS_BRACHIORADIALIS_LOAD|ELBOW_FLEXION_LOAD|FOREARM_EXTENSOR_TENDON_STRESS|FOREARM_FLEXOR_TENDON_STRESS|GRIP_FOREARM|GRIP_FOREARM_LOAD|ISOLATION_ACCESSORY_STRESS|LOCAL_MUSCLE|NEURAL_HEAVY|SYSTEMIC;muscles=BICEPS|CORE|FOREARM|GRIP;roles=GENERAL_STRENGTH_SUPPORTIVE|GRIP_FOREARM;skills=;qualities=GRIP_ENDURANCE","LOW_FATIGUE_CONTROL|RACKET_SUPPORT|ROTATION_CONTROL","","LOW","BADMINTON_FATIGUE_COST:LOW:0.0|OFI_AXIS:HIGH_FORCE_NEURAL:17.1875|OFI_AXIS:HIGH_SPEED:17.1875|OFI_AXIS:LOCAL_MUSCULAR:58.4375|OFI_AXIS:REACTIVE:15.625|OFI_AXIS:SYSTEMIC_MUSCULAR:13.28125|OFI_DOSE:VOLUME_LOAD:0.0|OFI_GROUP:ELBOW_FLEXION_NEUTRAL_PRONATED_CURL:0.0|OFI_GROUP:ELBOW_FLEXION_NEUTRAL_PRONATED_CURL:0.0|OFI_GROUP:ELBOW_FLEXION_NEUTRAL_PRONATED_CURL:0.0|OFI_SCORE:HIGH_FORCE_NEURAL:21.0|OFI_SCORE:HIGH_SPEED:21.0|OFI_SCORE:LOCAL_MUSCULAR:73.0|OFI_SCORE:REACTIVE:20.0|OFI_SCORE:SYSTEMIC_MUSCULAR:17.0|OFI_SNAPSHOT:SUMMARY:39.0","","PROGRESSION:ELBOW_FLEXION_NEUTRAL_PRONATED_CURL","BALANCE|FATIGUE|HYPERTROPHY_VOLUME","GENERAL_STRENGTH","level=GENERAL;types=GENERAL_STRENGTH_SUPPORTIVE;skills=;qualities=GRIP_ENDURANCE","","","LOW","BADMINTON_FATIGUE_COST:LOW:0.0|OFI_AXIS:HIGH_FORCE_NEURAL:17.1875|OFI_AXIS:HIGH_SPEED:17.1875|OFI_AXIS:LOCAL_MUSCULAR:58.4375|OFI_AXIS:REACTIVE:15.625|OFI_AXIS:SYSTEMIC_MUSCULAR:13.28125|OFI_DOSE:VOLUME_LOAD:0.0|OFI_GROUP:ELBOW_FLEXION_NEUTRAL_PRONATED_CURL:0.0|OFI_GROUP:ELBOW_FLEXION_NEUTRAL_PRONATED_CURL:0.0|OFI_GROUP:ELBOW_FLEXION_NEUTRAL_PRONATED_CURL:0.0|OFI_SCORE:HIGH_FORCE_NEURAL:21.0|OFI_SCORE:HIGH_SPEED:21.0|OFI_SCORE:LOCAL_MUSCULAR:73.0|OFI_SCORE:REACTIVE:20.0|OFI_SCORE:SYSTEMIC_MUSCULAR:17.0|OFI_SNAPSHOT:SUMMARY:39.0","","PROGRESSION:ELBOW_FLEXION_NEUTRAL_PRONATED_CURL","removedAxes=LOW_FATIGUE_CONTROL|RACKET_SUPPORT|ROTATION_CONTROL;removedObjectives=","addedAxes=;addedObjectives=","PARITY_INTENTIONAL_CORRECTION"
"ex_2a826c82","ACCESSORY_VOLUME|BADMINTON_SUPPORTIVE|FATIGUE","SUPPORTIVE","forceType=BRACE;plane=SAGITTAL;laterality=BILATERAL;fatigue=ANTI_ROTATION|ANTI_ROTATION_LOAD|CORE_BRACING_LOAD|ISOMETRIC_CORE_BRACING_STRESS|LOCAL_MUSCLE|LUMBOPELVIC_CONTROL_STRESS|NEURAL_HEAVY|SYSTEMIC;muscles=CORE|DEEP_CORE;roles=ANTI_ROTATION_STABILITY|CORE_STABILITY_SUPPORTIVE;skills=CHANGE_OF_DIRECTION|DEFENSIVE_COVERAGE;qualities=CORE_BRACING|HIP_CONTROL|SINGLE_LEG_STABILITY","LOW_FATIGUE_CONTROL|ROTATION_CONTROL","","HIGH","BADMINTON_FATIGUE_COST:HIGH:0.0|OFI_AXIS:HIGH_FORCE_NEURAL:17.1875|OFI_AXIS:HIGH_SPEED:17.1875|OFI_AXIS:LOCAL_MUSCULAR:37.8125|OFI_AXIS:REACTIVE:63.75|OFI_AXIS:SYSTEMIC_MUSCULAR:13.28125|OFI_DOSE:REPS_OR_TIME:0.0|OFI_GROUP:CORE_BRACING_CONTROL:0.0|OFI_GROUP:CORE_BRACING_CONTROL:0.0|OFI_GROUP:CORE_BRACING_CONTROL:0.0|OFI_SCORE:HIGH_FORCE_NEURAL:21.0|OFI_SCORE:HIGH_SPEED:21.0|OFI_SCORE:LOCAL_MUSCULAR:47.0|OFI_SCORE:REACTIVE:80.0|OFI_SCORE:SYSTEMIC_MUSCULAR:17.0|OFI_SNAPSHOT:SUMMARY:57.0","","PROGRESSION:CORE_BRACING_CONTROL","ACCESSORY_VOLUME|BADMINTON_SUPPORTIVE|FATIGUE","SUPPORTIVE","level=SUPPORTIVE;types=CORE_STABILITY_SUPPORTIVE;skills=CHANGE_OF_DIRECTION|DEFENSIVE_COVERAGE;qualities=CORE_BRACING|HIP_CONTROL|SINGLE_LEG_STABILITY","LOW_FATIGUE_CONTROL","","HIGH","BADMINTON_FATIGUE_COST:HIGH:0.0|OFI_AXIS:HIGH_FORCE_NEURAL:17.1875|OFI_AXIS:HIGH_SPEED:17.1875|OFI_AXIS:LOCAL_MUSCULAR:37.8125|OFI_AXIS:REACTIVE:63.75|OFI_AXIS:SYSTEMIC_MUSCULAR:13.28125|OFI_DOSE:REPS_OR_TIME:0.0|OFI_GROUP:CORE_BRACING_CONTROL:0.0|OFI_GROUP:CORE_BRACING_CONTROL:0.0|OFI_GROUP:CORE_BRACING_CONTROL:0.0|OFI_SCORE:HIGH_FORCE_NEURAL:21.0|OFI_SCORE:HIGH_SPEED:21.0|OFI_SCORE:LOCAL_MUSCULAR:47.0|OFI_SCORE:REACTIVE:80.0|OFI_SCORE:SYSTEMIC_MUSCULAR:17.0|OFI_SNAPSHOT:SUMMARY:57.0","","PROGRESSION:CORE_BRACING_CONTROL","removedAxes=ROTATION_CONTROL;removedObjectives=","addedAxes=;addedObjectives=","PARITY_INTENTIONAL_CORRECTION"
"ex_2f3b56d0","FATIGUE|SPORT_SESSION_LOAD","NONE","forceType=ROTATE;plane=MULTI_PLANAR;laterality=UNILATERAL;fatigue=ACCELERATION_DECELERATION_LOAD|ACHILLES_TENDON_STRESS|CHANGE_OF_DIRECTION_LOAD|COURT_SPORT_MOVEMENT_STRESS|DECELERATION|DIRECTION_CHANGE_IMPACT_STRESS|HIP_ROTATIONAL_CONTROL_STRESS|KNEE_ANKLE_STABILITY_STRESS|LATERAL_MOVEMENT_LOAD|LOCAL_MUSCLE|NEURAL_HEAVY|OTHER_SPORT_SESSION|OVERHEAD_RACKET_LOAD|OVERHEAD_REPETITION|PATELLAR_TENDON_STRESS|REACTION_DECISION_LOAD|ROTATION_POWER|ROTATOR_CUFF_TENDON_STRESS|SHOULDER_JOINT_STABILITY_STRESS|SHOULDER_ROTATION_LOAD|SYSTEMIC;muscles=CALF|CORE|GLUTE|QUADRICEPS|SHOULDER;roles=ROTATION_POWER;skills=;qualities=","AEROBIC_FOOTWORK|DECELERATION_LANDING|RACKET_SUPPORT|ROTATION_CONTROL|UNILATERAL_STABILITY","ROTATION_POWER","HIGH","BADMINTON_FATIGUE_COST:HIGH:0.0|OFI_AXIS:HIGH_FORCE_NEURAL:17.1875|OFI_AXIS:HIGH_SPEED:70.125|OFI_AXIS:LOCAL_MUSCULAR:58.4375|OFI_AXIS:REACTIVE:93.75|OFI_AXIS:SYSTEMIC_MUSCULAR:63.75|OFI_CAUTION:REACTIVE_CAUTION:0.0|OFI_CAUTION:RECOVERY_DEBT_HIGH:0.0|OFI_DOSE:SESSION_DURATION:0.0|OFI_GROUP:NOT_APPLICABLE:0.0|OFI_GROUP:NOT_APPLICABLE:0.0|OFI_GROUP:NOT_APPLICABLE:0.0|OFI_SCORE:HIGH_FORCE_NEURAL:21.0|OFI_SCORE:HIGH_SPEED:88.0|OFI_SCORE:LOCAL_MUSCULAR:73.0|OFI_SCORE:REACTIVE:100.0|OFI_SCORE:SYSTEMIC_MUSCULAR:80.0|OFI_SNAPSHOT:SUMMARY:88.0","","","FATIGUE|SPORT_SESSION_LOAD","NONE","level=NONE;types=;skills=;qualities=","","","HIGH","BADMINTON_FATIGUE_COST:HIGH:0.0|OFI_AXIS:HIGH_FORCE_NEURAL:17.1875|OFI_AXIS:HIGH_SPEED:70.125|OFI_AXIS:LOCAL_MUSCULAR:58.4375|OFI_AXIS:REACTIVE:93.75|OFI_AXIS:SYSTEMIC_MUSCULAR:63.75|OFI_CAUTION:REACTIVE_CAUTION:0.0|OFI_CAUTION:RECOVERY_DEBT_HIGH:0.0|OFI_DOSE:SESSION_DURATION:0.0|OFI_GROUP:NOT_APPLICABLE:0.0|OFI_GROUP:NOT_APPLICABLE:0.0|OFI_GROUP:NOT_APPLICABLE:0.0|OFI_SCORE:HIGH_FORCE_NEURAL:21.0|OFI_SCORE:HIGH_SPEED:88.0|OFI_SCORE:LOCAL_MUSCULAR:73.0|OFI_SCORE:REACTIVE:100.0|OFI_SCORE:SYSTEMIC_MUSCULAR:80.0|OFI_SNAPSHOT:SUMMARY:88.0","","","removedAxes=AEROBIC_FOOTWORK|DECELERATION_LANDING|RACKET_SUPPORT|ROTATION_CONTROL|UNILATERAL_STABILITY;removedObjectives=ROTATION_POWER","addedAxes=;addedObjectives=","PARITY_INTENTIONAL_CORRECTION"
"ex_30a0e9aa","BALANCE|FATIGUE|HYPERTROPHY_VOLUME|STRENGTH_PROGRESS","GENERAL_STRENGTH","forceType=PULL;plane=TRANSVERSE;laterality=UNILATERAL;fatigue=BICEPS_LOAD|BICEPS_TENDON_STRESS|ELBOW_JOINT_STRESS|FOREARM_FLEXOR_TENDON_STRESS|GRIP_FOREARM|GRIP_LOAD|HORIZONTAL_ROW_STRESS|LAT_LOAD|LOCAL_MUSCLE|NEURAL_HEAVY|OVERHEAD_REPETITION|REAR_DELTOID_LOAD|SCAPULAR_STABILITY_LOAD|SHOULDER_JOINT_STABILITY_STRESS|SYSTEMIC|UPPER_BACK_LOAD;muscles=BACK|BICEPS|CORE|DEEP_CORE|LAT|REAR_DELT|RHOMBOID|SCAPULAR_STABILIZERS;roles=GENERAL_STRENGTH_SUPPORTIVE|SHOULDER_CARE;skills=;qualities=SCAPULAR_CONTROL|SHOULDER_DURABILITY","RACKET_SUPPORT|UNILATERAL_STABILITY","","MEDIUM","BADMINTON_FATIGUE_COST:MEDIUM:0.0|OFI_AXIS:HIGH_FORCE_NEURAL:37.8125|OFI_AXIS:HIGH_SPEED:17.1875|OFI_AXIS:LOCAL_MUSCULAR:58.4375|OFI_AXIS:REACTIVE:15.625|OFI_AXIS:SYSTEMIC_MUSCULAR:34.375|OFI_DOSE:VOLUME_LOAD:0.0|OFI_GROUP:HORIZONTAL_PULL_COMPOUND:0.0|OFI_GROUP:HORIZONTAL_PULL_COMPOUND:0.0|OFI_GROUP:HORIZONTAL_PULL_COMPOUND:0.0|OFI_SCORE:HIGH_FORCE_NEURAL:47.0|OFI_SCORE:HIGH_SPEED:21.0|OFI_SCORE:LOCAL_MUSCULAR:73.0|OFI_SCORE:REACTIVE:20.0|OFI_SCORE:SYSTEMIC_MUSCULAR:43.0|OFI_SNAPSHOT:SUMMARY:44.0","","PROGRESSION:HORIZONTAL_PULL_COMPOUND","BALANCE|FATIGUE|HYPERTROPHY_VOLUME|STRENGTH_PROGRESS","GENERAL_STRENGTH","level=GENERAL;types=GENERAL_STRENGTH_SUPPORTIVE;skills=;qualities=SCAPULAR_CONTROL|SHOULDER_DURABILITY","","","MEDIUM","BADMINTON_FATIGUE_COST:MEDIUM:0.0|OFI_AXIS:HIGH_FORCE_NEURAL:37.8125|OFI_AXIS:HIGH_SPEED:17.1875|OFI_AXIS:LOCAL_MUSCULAR:58.4375|OFI_AXIS:REACTIVE:15.625|OFI_AXIS:SYSTEMIC_MUSCULAR:34.375|OFI_DOSE:VOLUME_LOAD:0.0|OFI_GROUP:HORIZONTAL_PULL_COMPOUND:0.0|OFI_GROUP:HORIZONTAL_PULL_COMPOUND:0.0|OFI_GROUP:HORIZONTAL_PULL_COMPOUND:0.0|OFI_SCORE:HIGH_FORCE_NEURAL:47.0|OFI_SCORE:HIGH_SPEED:21.0|OFI_SCORE:LOCAL_MUSCULAR:73.0|OFI_SCORE:REACTIVE:20.0|OFI_SCORE:SYSTEMIC_MUSCULAR:43.0|OFI_SNAPSHOT:SUMMARY:44.0","","PROGRESSION:HORIZONTAL_PULL_COMPOUND","removedAxes=RACKET_SUPPORT|UNILATERAL_STABILITY;removedObjectives=","addedAxes=;addedObjectives=","PARITY_INTENTIONAL_CORRECTION"
"ex_314df428","BADMINTON_SUPPORTIVE|BALANCE|FATIGUE","SUPPORTIVE","forceType=DECELERATE;plane=SAGITTAL;laterality=UNILATERAL;fatigue=ACHILLES_TENDON_STRESS|ANKLE_INVERSION_LIGAMENT_STRESS|CALF_ANKLE_SSC_LOAD|DECELERATION|DECELERATION_LOAD|ELASTIC_SSC|GLUTE_LOAD|HIGH_AMPLITUDE_JUMP_LANDING_STRESS|KNEE_ROTATIONAL_STABILITY_STRESS|KNEE_VALGUS_CONTROL_STRESS|LANDING_LOAD|LOCAL_MUSCLE|NEURAL_HEAVY|NEURAL_SPEED|PATELLAR_TENDON_STRESS|PLYOMETRIC_LANDING_STRESS|QUAD_LOAD|SYSTEMIC;muscles=CALF|CORE|GLUTE|QUADRICEPS;roles=DECELERATION|JUMP_LANDING|LOWER_BODY_SUPPORTIVE;skills=CHANGE_OF_DIRECTION|FIRST_STEP;qualities=ACCELERATION|DECELERATION|HIP_KNEE_EXTENSION_STRENGTH|JUMP_LANDING|LOWER_BODY_FORCE|REACTIVE_AGILITY|RECOVERY_STEP","DECELERATION_LANDING|LATERAL_MOVEMENT|UNILATERAL_STABILITY","ACCELERATION|DECELERATION|FOOTWORK|JUMP_LANDING","HIGH","BADMINTON_FATIGUE_COST:HIGH:0.0|OFI_AXIS:HIGH_FORCE_NEURAL:17.1875|OFI_AXIS:HIGH_SPEED:70.125|OFI_AXIS:LOCAL_MUSCULAR:58.4375|OFI_AXIS:REACTIVE:63.75|OFI_AXIS:SYSTEMIC_MUSCULAR:53.125|OFI_DOSE:QUALITY_BASED:0.0|OFI_GROUP:NOT_APPLICABLE:0.0|OFI_GROUP:NOT_APPLICABLE:0.0|OFI_GROUP:VERTICAL_JUMP_SSC:0.0|OFI_SCORE:HIGH_FORCE_NEURAL:21.0|OFI_SCORE:HIGH_SPEED:88.0|OFI_SCORE:LOCAL_MUSCULAR:73.0|OFI_SCORE:REACTIVE:80.0|OFI_SCORE:SYSTEMIC_MUSCULAR:66.0|OFI_SNAPSHOT:SUMMARY:76.0","ROLE:PLYOMETRIC|SLOT:PLYOMETRIC_SLOT","","BADMINTON_SUPPORTIVE|BALANCE|FATIGUE","SUPPORTIVE","level=SUPPORTIVE;types=LOWER_BODY_SUPPORTIVE;skills=CHANGE_OF_DIRECTION|FIRST_STEP;qualities=ACCELERATION|DECELERATION|HIP_KNEE_EXTENSION_STRENGTH|LOWER_BODY_FORCE|REACTIVE_AGILITY","DECELERATION_LANDING","ACCELERATION|DECELERATION","HIGH","BADMINTON_FATIGUE_COST:HIGH:0.0|OFI_AXIS:HIGH_FORCE_NEURAL:17.1875|OFI_AXIS:HIGH_SPEED:70.125|OFI_AXIS:LOCAL_MUSCULAR:58.4375|OFI_AXIS:REACTIVE:63.75|OFI_AXIS:SYSTEMIC_MUSCULAR:53.125|OFI_DOSE:QUALITY_BASED:0.0|OFI_GROUP:NOT_APPLICABLE:0.0|OFI_GROUP:NOT_APPLICABLE:0.0|OFI_GROUP:VERTICAL_JUMP_SSC:0.0|OFI_SCORE:HIGH_FORCE_NEURAL:21.0|OFI_SCORE:HIGH_SPEED:88.0|OFI_SCORE:LOCAL_MUSCULAR:73.0|OFI_SCORE:REACTIVE:80.0|OFI_SCORE:SYSTEMIC_MUSCULAR:66.0|OFI_SNAPSHOT:SUMMARY:76.0","ROLE:PLYOMETRIC|SLOT:PLYOMETRIC_SLOT","","removedAxes=LATERAL_MOVEMENT|UNILATERAL_STABILITY;removedObjectives=FOOTWORK|JUMP_LANDING","addedAxes=;addedObjectives=","PARITY_INTENTIONAL_CORRECTION"
"ex_32219f7a","FATIGUE|HYPERTROPHY_VOLUME|STRENGTH_VOLUME","GENERAL_STRENGTH","forceType=PUSH;plane=SAGITTAL;laterality=BILATERAL;fatigue=DELTOID_LOAD|LOCAL_MUSCLE|NEURAL_HEAVY|OVERHEAD_PUSH_STRESS|OVERHEAD_REPETITION|OVERHEAD_REPETITION_LOAD|ROTATOR_CUFF_TENDON_STRESS|SHOULDER_SCAPULAR_STABILITY_STRESS|SYSTEMIC|TRICEPS_LOAD|TRICEPS_TENDON_STRESS;muscles=ANTERIOR_DELTOID|CORE|DEEP_CORE|LATERAL_DELTOID|TRICEPS;roles=GENERAL_STRENGTH_SUPPORTIVE;skills=;qualities=ROTATOR_CUFF_CONTROL|SCAPULAR_CONTROL|SHOULDER_DURABILITY","RACKET_SUPPORT","","VERY_HIGH","BADMINTON_FATIGUE_COST:VERY_HIGH:0.0|OFI_AXIS:HIGH_FORCE_NEURAL:37.8125|OFI_AXIS:HIGH_SPEED:17.1875|OFI_AXIS:LOCAL_MUSCULAR:58.4375|OFI_AXIS:REACTIVE:15.625|OFI_AXIS:SYSTEMIC_MUSCULAR:29.21875|OFI_DOSE:LOAD_REPS:0.0|OFI_GROUP:OVERHEAD_PRESS_SHOULDER_DOMINANT:0.0|OFI_GROUP:OVERHEAD_PRESS_SHOULDER_DOMINANT:0.0|OFI_GROUP:OVERHEAD_PRESS_SHOULDER_DOMINANT:0.0|OFI_SCORE:HIGH_FORCE_NEURAL:47.0|OFI_SCORE:HIGH_SPEED:21.0|OFI_SCORE:LOCAL_MUSCULAR:73.0|OFI_SCORE:REACTIVE:20.0|OFI_SCORE:SYSTEMIC_MUSCULAR:37.0|OFI_SNAPSHOT:SUMMARY:43.0","","PROGRESSION:OVERHEAD_PRESS_SHOULDER_DOMINANT|PROXY:MILITARY_PRESS:DIRECT_ANCHOR","FATIGUE|HYPERTROPHY_VOLUME|STRENGTH_VOLUME","GENERAL_STRENGTH","level=GENERAL;types=GENERAL_STRENGTH_SUPPORTIVE;skills=;qualities=ROTATOR_CUFF_CONTROL|SCAPULAR_CONTROL|SHOULDER_DURABILITY","","","VERY_HIGH","BADMINTON_FATIGUE_COST:VERY_HIGH:0.0|OFI_AXIS:HIGH_FORCE_NEURAL:37.8125|OFI_AXIS:HIGH_SPEED:17.1875|OFI_AXIS:LOCAL_MUSCULAR:58.4375|OFI_AXIS:REACTIVE:15.625|OFI_AXIS:SYSTEMIC_MUSCULAR:29.21875|OFI_DOSE:LOAD_REPS:0.0|OFI_GROUP:OVERHEAD_PRESS_SHOULDER_DOMINANT:0.0|OFI_GROUP:OVERHEAD_PRESS_SHOULDER_DOMINANT:0.0|OFI_GROUP:OVERHEAD_PRESS_SHOULDER_DOMINANT:0.0|OFI_SCORE:HIGH_FORCE_NEURAL:47.0|OFI_SCORE:HIGH_SPEED:21.0|OFI_SCORE:LOCAL_MUSCULAR:73.0|OFI_SCORE:REACTIVE:20.0|OFI_SCORE:SYSTEMIC_MUSCULAR:37.0|OFI_SNAPSHOT:SUMMARY:43.0","","PROGRESSION:OVERHEAD_PRESS_SHOULDER_DOMINANT|PROXY:MILITARY_PRESS:DIRECT_ANCHOR","removedAxes=RACKET_SUPPORT;removedObjectives=","addedAxes=;addedObjectives=","PARITY_INTENTIONAL_CORRECTION"
"ex_32eb8457","BALANCE|FATIGUE|HYPERTROPHY_VOLUME|STRENGTH_PROGRESS","GENERAL_STRENGTH","forceType=PULL;plane=FRONTAL;laterality=UNILATERAL;fatigue=BICEPS_LOAD|BICEPS_TENDON_STRESS|CORE_BRACING_LOAD|FOREARM_FLEXOR_TENDON_STRESS|GRIP_FOREARM|GRIP_LOAD|LAT_LOAD|LOCAL_MUSCLE|MACHINE_GUIDED_LOAD|NEURAL_HEAVY|SCAPULAR_CONTROL_LOAD|SHOULDER_JOINT_STABILITY_STRESS|SYSTEMIC|VERTICAL_PULL_STRESS;muscles=BICEPS|CORE|DEEP_CORE|LAT|LOWER_TRAP|TRAPEZIUS;roles=GENERAL_STRENGTH_SUPPORTIVE;skills=;qualities=SCAPULAR_CONTROL|SHOULDER_DURABILITY","LATERAL_MOVEMENT|RACKET_SUPPORT|UNILATERAL_STABILITY","","MEDIUM","BADMINTON_FATIGUE_COST:MEDIUM:0.0|OFI_AXIS:HIGH_FORCE_NEURAL:37.8125|OFI_AXIS:HIGH_SPEED:17.1875|OFI_AXIS:LOCAL_MUSCULAR:58.4375|OFI_AXIS:REACTIVE:15.625|OFI_AXIS:SYSTEMIC_MUSCULAR:34.375|OFI_DOSE:VOLUME_LOAD:0.0|OFI_GROUP:VERTICAL_PULL_COMPOUND:0.0|OFI_GROUP:VERTICAL_PULL_COMPOUND:0.0|OFI_GROUP:VERTICAL_PULL_COMPOUND:0.0|OFI_SCORE:HIGH_FORCE_NEURAL:47.0|OFI_SCORE:HIGH_SPEED:21.0|OFI_SCORE:LOCAL_MUSCULAR:73.0|OFI_SCORE:REACTIVE:20.0|OFI_SCORE:SYSTEMIC_MUSCULAR:43.0|OFI_SNAPSHOT:SUMMARY:44.0","","PROGRESSION:VERTICAL_PULL_COMPOUND","BALANCE|FATIGUE|HYPERTROPHY_VOLUME|STRENGTH_PROGRESS","GENERAL_STRENGTH","level=GENERAL;types=GENERAL_STRENGTH_SUPPORTIVE;skills=;qualities=SCAPULAR_CONTROL|SHOULDER_DURABILITY","","","MEDIUM","BADMINTON_FATIGUE_COST:MEDIUM:0.0|OFI_AXIS:HIGH_FORCE_NEURAL:37.8125|OFI_AXIS:HIGH_SPEED:17.1875|OFI_AXIS:LOCAL_MUSCULAR:58.4375|OFI_AXIS:REACTIVE:15.625|OFI_AXIS:SYSTEMIC_MUSCULAR:34.375|OFI_DOSE:VOLUME_LOAD:0.0|OFI_GROUP:VERTICAL_PULL_COMPOUND:0.0|OFI_GROUP:VERTICAL_PULL_COMPOUND:0.0|OFI_GROUP:VERTICAL_PULL_COMPOUND:0.0|OFI_SCORE:HIGH_FORCE_NEURAL:47.0|OFI_SCORE:HIGH_SPEED:21.0|OFI_SCORE:LOCAL_MUSCULAR:73.0|OFI_SCORE:REACTIVE:20.0|OFI_SCORE:SYSTEMIC_MUSCULAR:43.0|OFI_SNAPSHOT:SUMMARY:44.0","","PROGRESSION:VERTICAL_PULL_COMPOUND","removedAxes=LATERAL_MOVEMENT|RACKET_SUPPORT|UNILATERAL_STABILITY;removedObjectives=","addedAxes=;addedObjectives=","PARITY_INTENTIONAL_CORRECTION"
"ex_33841b88","BADMINTON_TRANSFER|BALANCE|FATIGUE","DIRECT","forceType=ACCELERATE;plane=MULTI_PLANAR;laterality=BILATERAL;fatigue=ACHILLES_TENDON_STRESS|BADMINTON_DIRECT_TRANSFER|BADMINTON_FOOTWORK|COURT_DECELERATION_IMPACT|COURT_SPORT_MOVEMENT_STRESS|DECELERATION|DECELERATION_LOAD|DECISION_MAKING_LOAD|ELASTIC_SSC|ELASTIC_SSC_LOAD|HIP_ROTATIONAL_CONTROL_STRESS|KNEE_ANKLE_STABILITY_STRESS|LOCAL_MUSCLE|NEURAL_HEAVY|NEURAL_SPEED|NEURAL_SPEED_LOAD|PATELLAR_TENDON_STRESS|REACTION_LOAD|SYSTEMIC|VISUAL_TRACKING_LOAD;muscles=CORE;roles=CHANGE_OF_DIRECTION_DIRECT|CONDITIONING|DECELERATION|FOOTWORK|FOOTWORK_DIRECT|REACTION|REACTION_DECISION_DIRECT;skills=CHANGE_OF_DIRECTION|DEFENSIVE_COVERAGE|FIRST_STEP|SPLIT_STEP;qualities=ANKLE_STIFFNESS|DECELERATION|FIRST_STEP|MULTI_DIRECTION|REACTION_RANDOM|REACTIVE_AGILITY|RECOVERY_STEP|SINGLE_LEG_STABILITY","AEROBIC_FOOTWORK|DECELERATION_LANDING|LATERAL_MOVEMENT","ACCELERATION|CONDITIONING|DECELERATION|FOOTWORK|REACTION","HIGH","BADMINTON_FATIGUE_COST:HIGH:0.0|OFI_AXIS:HIGH_FORCE_NEURAL:17.1875|OFI_AXIS:HIGH_SPEED:85.9375|OFI_AXIS:LOCAL_MUSCULAR:58.4375|OFI_AXIS:REACTIVE:93.75|OFI_AXIS:SYSTEMIC_MUSCULAR:53.125|OFI_CAUTION:HIGH_SPEED_CAUTION:0.0|OFI_CAUTION:REACTIVE_CAUTION:0.0|OFI_DOSE:DISTANCE_OR_TIME:0.0|OFI_GROUP:BADMINTON_COURT_FOOTWORK:0.0|OFI_GROUP:NOT_APPLICABLE:0.0|OFI_GROUP:NOT_APPLICABLE:0.0|OFI_SCORE:HIGH_FORCE_NEURAL:21.0|OFI_SCORE:HIGH_SPEED:100.0|OFI_SCORE:LOCAL_MUSCULAR:73.0|OFI_SCORE:REACTIVE:100.0|OFI_SCORE:SYSTEMIC_MUSCULAR:66.0|OFI_SNAPSHOT:SUMMARY:83.0","SLOT:SPEED_REACTIVE_SLOT","","BADMINTON_TRANSFER|BALANCE|FATIGUE","DIRECT","level=DIRECT;types=CHANGE_OF_DIRECTION_DIRECT|FOOTWORK_DIRECT|REACTION_DECISION_DIRECT;skills=CHANGE_OF_DIRECTION|DEFENSIVE_COVERAGE|FIRST_STEP|SPLIT_STEP;qualities=ANKLE_STIFFNESS|DECELERATION|REACTIVE_AGILITY|SINGLE_LEG_STABILITY","DECELERATION_LANDING|LATERAL_MOVEMENT","ACCELERATION|DECELERATION|FOOTWORK","HIGH","BADMINTON_FATIGUE_COST:HIGH:0.0|OFI_AXIS:HIGH_FORCE_NEURAL:17.1875|OFI_AXIS:HIGH_SPEED:85.9375|OFI_AXIS:LOCAL_MUSCULAR:58.4375|OFI_AXIS:REACTIVE:93.75|OFI_AXIS:SYSTEMIC_MUSCULAR:53.125|OFI_CAUTION:HIGH_SPEED_CAUTION:0.0|OFI_CAUTION:REACTIVE_CAUTION:0.0|OFI_DOSE:DISTANCE_OR_TIME:0.0|OFI_GROUP:BADMINTON_COURT_FOOTWORK:0.0|OFI_GROUP:NOT_APPLICABLE:0.0|OFI_GROUP:NOT_APPLICABLE:0.0|OFI_SCORE:HIGH_FORCE_NEURAL:21.0|OFI_SCORE:HIGH_SPEED:100.0|OFI_SCORE:LOCAL_MUSCULAR:73.0|OFI_SCORE:REACTIVE:100.0|OFI_SCORE:SYSTEMIC_MUSCULAR:66.0|OFI_SNAPSHOT:SUMMARY:83.0","SLOT:SPEED_REACTIVE_SLOT","","removedAxes=AEROBIC_FOOTWORK;removedObjectives=CONDITIONING|REACTION","addedAxes=;addedObjectives=","PARITY_INTENTIONAL_CORRECTION"
"ex_33d2da8e","BALANCE|FATIGUE|HYPERTROPHY_VOLUME|STRENGTH_PROGRESS","GENERAL_STRENGTH","forceType=PULL;plane=TRANSVERSE;laterality=UNILATERAL;fatigue=BICEPS_LOAD|BICEPS_TENDON_STRESS|ELBOW_JOINT_STRESS|FOREARM_FLEXOR_TENDON_STRESS|GRIP_FOREARM|GRIP_LOAD|HORIZONTAL_ROW_STRESS|LAT_LOAD|LOCAL_MUSCLE|NEURAL_HEAVY|REAR_DELTOID_LOAD|SCAPULAR_STABILITY_LOAD|SHOULDER_JOINT_STABILITY_STRESS|SYSTEMIC|UPPER_BACK_LOAD;muscles=BACK|BICEPS|CORE|LAT|REAR_DELT|RHOMBOID;roles=GENERAL_STRENGTH_SUPPORTIVE;skills=;qualities=SCAPULAR_CONTROL|SHOULDER_DURABILITY","RACKET_SUPPORT|UNILATERAL_STABILITY","","MEDIUM","BADMINTON_FATIGUE_COST:MEDIUM:0.0|OFI_AXIS:HIGH_FORCE_NEURAL:37.8125|OFI_AXIS:HIGH_SPEED:17.1875|OFI_AXIS:LOCAL_MUSCULAR:58.4375|OFI_AXIS:REACTIVE:15.625|OFI_AXIS:SYSTEMIC_MUSCULAR:34.375|OFI_DOSE:VOLUME_LOAD:0.0|OFI_GROUP:HORIZONTAL_PULL_COMPOUND:0.0|OFI_GROUP:HORIZONTAL_PULL_COMPOUND:0.0|OFI_GROUP:HORIZONTAL_PULL_COMPOUND:0.0|OFI_SCORE:HIGH_FORCE_NEURAL:47.0|OFI_SCORE:HIGH_SPEED:21.0|OFI_SCORE:LOCAL_MUSCULAR:73.0|OFI_SCORE:REACTIVE:20.0|OFI_SCORE:SYSTEMIC_MUSCULAR:43.0|OFI_SNAPSHOT:SUMMARY:44.0","","PROGRESSION:HORIZONTAL_PULL_COMPOUND","BALANCE|FATIGUE|HYPERTROPHY_VOLUME|STRENGTH_PROGRESS","GENERAL_STRENGTH","level=GENERAL;types=GENERAL_STRENGTH_SUPPORTIVE;skills=;qualities=SCAPULAR_CONTROL|SHOULDER_DURABILITY","","","MEDIUM","BADMINTON_FATIGUE_COST:MEDIUM:0.0|OFI_AXIS:HIGH_FORCE_NEURAL:37.8125|OFI_AXIS:HIGH_SPEED:17.1875|OFI_AXIS:LOCAL_MUSCULAR:58.4375|OFI_AXIS:REACTIVE:15.625|OFI_AXIS:SYSTEMIC_MUSCULAR:34.375|OFI_DOSE:VOLUME_LOAD:0.0|OFI_GROUP:HORIZONTAL_PULL_COMPOUND:0.0|OFI_GROUP:HORIZONTAL_PULL_COMPOUND:0.0|OFI_GROUP:HORIZONTAL_PULL_COMPOUND:0.0|OFI_SCORE:HIGH_FORCE_NEURAL:47.0|OFI_SCORE:HIGH_SPEED:21.0|OFI_SCORE:LOCAL_MUSCULAR:73.0|OFI_SCORE:REACTIVE:20.0|OFI_SCORE:SYSTEMIC_MUSCULAR:43.0|OFI_SNAPSHOT:SUMMARY:44.0","","PROGRESSION:HORIZONTAL_PULL_COMPOUND","removedAxes=RACKET_SUPPORT|UNILATERAL_STABILITY;removedObjectives=","addedAxes=;addedObjectives=","PARITY_INTENTIONAL_CORRECTION"
"ex_34e7d21","BADMINTON_SUPPORTIVE|BALANCE|FATIGUE","SUPPORTIVE","forceType=DECELERATE;plane=FRONTAL;laterality=BILATERAL;fatigue=ACHILLES_TENDON_STRESS|ANKLE_INVERSION_LIGAMENT_STRESS|CALF_ANKLE_SSC_LOAD|DECELERATION|DECELERATION_LOAD|DIRECTION_CHANGE_IMPACT_STRESS|ELASTIC_SSC|FRONTAL_PLANE_LOAD|HIP_ROTATIONAL_CONTROL_STRESS|KNEE_ROTATIONAL_STABILITY_STRESS|KNEE_VALGUS_CONTROL_STRESS|LANDING_LOAD|LOCAL_MUSCLE|NEURAL_HEAVY|NEURAL_SPEED|PATELLAR_TENDON_STRESS|PLYOMETRIC_LANDING_STRESS|SINGLE_LEG_STABILITY_LOAD|SYSTEMIC;muscles=CALF|CORE|GLUTE|QUADRICEPS;roles=DECELERATION|JUMP_LANDING|LOWER_BODY_SUPPORTIVE;skills=CHANGE_OF_DIRECTION|FIRST_STEP;qualities=ACCELERATION|DECELERATION|FRONTAL_PLANE_CONTROL|HIP_CONTROL|HIP_KNEE_EXTENSION_STRENGTH|JUMP_LANDING|LATERAL_MOVE|LOWER_BODY_FORCE|REACTIVE_AGILITY|RECOVERY_STEP|SINGLE_LEG_STABILITY","DECELERATION_LANDING|LATERAL_MOVEMENT|UNILATERAL_STABILITY","ACCELERATION|DECELERATION|FOOTWORK|JUMP_LANDING","HIGH","BADMINTON_FATIGUE_COST:HIGH:0.0|OFI_AXIS:HIGH_FORCE_NEURAL:17.1875|OFI_AXIS:HIGH_SPEED:70.125|OFI_AXIS:LOCAL_MUSCULAR:58.4375|OFI_AXIS:REACTIVE:63.75|OFI_AXIS:SYSTEMIC_MUSCULAR:53.125|OFI_DOSE:QUALITY_BASED:0.0|OFI_GROUP:LATERAL_DECELERATION_SSC:0.0|OFI_GROUP:NOT_APPLICABLE:0.0|OFI_GROUP:NOT_APPLICABLE:0.0|OFI_SCORE:HIGH_FORCE_NEURAL:21.0|OFI_SCORE:HIGH_SPEED:88.0|OFI_SCORE:LOCAL_MUSCULAR:73.0|OFI_SCORE:REACTIVE:80.0|OFI_SCORE:SYSTEMIC_MUSCULAR:66.0|OFI_SNAPSHOT:SUMMARY:76.0","ROLE:PLYOMETRIC|SLOT:PLYOMETRIC_SLOT","","BADMINTON_SUPPORTIVE|BALANCE|FATIGUE","SUPPORTIVE","level=SUPPORTIVE;types=LOWER_BODY_SUPPORTIVE;skills=CHANGE_OF_DIRECTION|FIRST_STEP;qualities=ACCELERATION|DECELERATION|FRONTAL_PLANE_CONTROL|HIP_CONTROL|HIP_KNEE_EXTENSION_STRENGTH|LOWER_BODY_FORCE|REACTIVE_AGILITY|SINGLE_LEG_STABILITY","DECELERATION_LANDING","ACCELERATION|DECELERATION","HIGH","BADMINTON_FATIGUE_COST:HIGH:0.0|OFI_AXIS:HIGH_FORCE_NEURAL:17.1875|OFI_AXIS:HIGH_SPEED:70.125|OFI_AXIS:LOCAL_MUSCULAR:58.4375|OFI_AXIS:REACTIVE:63.75|OFI_AXIS:SYSTEMIC_MUSCULAR:53.125|OFI_DOSE:QUALITY_BASED:0.0|OFI_GROUP:LATERAL_DECELERATION_SSC:0.0|OFI_GROUP:NOT_APPLICABLE:0.0|OFI_GROUP:NOT_APPLICABLE:0.0|OFI_SCORE:HIGH_FORCE_NEURAL:21.0|OFI_SCORE:HIGH_SPEED:88.0|OFI_SCORE:LOCAL_MUSCULAR:73.0|OFI_SCORE:REACTIVE:80.0|OFI_SCORE:SYSTEMIC_MUSCULAR:66.0|OFI_SNAPSHOT:SUMMARY:76.0","ROLE:PLYOMETRIC|SLOT:PLYOMETRIC_SLOT","","removedAxes=LATERAL_MOVEMENT|UNILATERAL_STABILITY;removedObjectives=FOOTWORK|JUMP_LANDING","addedAxes=;addedObjectives=","PARITY_INTENTIONAL_CORRECTION"
"ex_377448a9","BADMINTON_TRANSFER|BALANCE|FATIGUE","DIRECT","forceType=SQUAT;plane=SAGITTAL;laterality=UNILATERAL;fatigue=ACHILLES_TENDON_STRESS|BADMINTON_DIRECT_TRANSFER|BADMINTON_FOOTWORK|BADMINTON_LUNGE_REACH|DECELERATION|DECELERATION_IMPACT|DECELERATION_LOAD|DECISION_MAKING_LOAD|GLUTE_LOAD|HIP_ROTATIONAL_CONTROL_STRESS|KNEE_ANKLE_STABILITY_STRESS|LOCAL_MUSCLE|LUNGE_DECELERATION_STRESS|NEURAL_HEAVY|PATELLAR_TENDON_STRESS|QUADRICEPS_LOAD|REACTION_LOAD|SYSTEMIC|VISUAL_TRACKING_LOAD;muscles=CORE|DEEP_CORE;roles=CHANGE_OF_DIRECTION_DIRECT|LUNGE_REACH_DIRECT;skills=DEFENSIVE_COVERAGE|FRONT_COURT_LUNGE|LATERAL_LUNGE|SPLIT_STEP;qualities=DECELERATION|FRONTAL_PLANE_CONTROL|HIP_CONTROL|SINGLE_LEG_STABILITY","DECELERATION_LANDING|LOW_FATIGUE_CONTROL|UNILATERAL_STABILITY","DECELERATION|FOOTWORK","HIGH","BADMINTON_FATIGUE_COST:HIGH:0.0|OFI_AXIS:HIGH_FORCE_NEURAL:17.1875|OFI_AXIS:HIGH_SPEED:67.203125|OFI_AXIS:LOCAL_MUSCULAR:58.4375|OFI_AXIS:REACTIVE:93.75|OFI_AXIS:SYSTEMIC_MUSCULAR:53.125|OFI_CAUTION:REACTIVE_CAUTION:0.0|OFI_CAUTION:RECOVERY_DEBT_HIGH:0.0|OFI_DOSE:DISTANCE_OR_TIME:0.0|OFI_GROUP:BADMINTON_REACTIVE_LUNGE_FOOTWORK:0.0|OFI_GROUP:NOT_APPLICABLE:0.0|OFI_GROUP:NOT_APPLICABLE:0.0|OFI_SCORE:HIGH_FORCE_NEURAL:21.0|OFI_SCORE:HIGH_SPEED:84.0|OFI_SCORE:LOCAL_MUSCULAR:73.0|OFI_SCORE:REACTIVE:100.0|OFI_SCORE:SYSTEMIC_MUSCULAR:66.0|OFI_SNAPSHOT:SUMMARY:82.0","","","BADMINTON_TRANSFER|BALANCE|FATIGUE","DIRECT","level=DIRECT;types=CHANGE_OF_DIRECTION_DIRECT|LUNGE_REACH_DIRECT;skills=DEFENSIVE_COVERAGE|FRONT_COURT_LUNGE|LATERAL_LUNGE|SPLIT_STEP;qualities=DECELERATION|FRONTAL_PLANE_CONTROL|HIP_CONTROL|SINGLE_LEG_STABILITY","DECELERATION_LANDING|UNILATERAL_STABILITY","DECELERATION|FOOTWORK","HIGH","BADMINTON_FATIGUE_COST:HIGH:0.0|OFI_AXIS:HIGH_FORCE_NEURAL:17.1875|OFI_AXIS:HIGH_SPEED:67.203125|OFI_AXIS:LOCAL_MUSCULAR:58.4375|OFI_AXIS:REACTIVE:93.75|OFI_AXIS:SYSTEMIC_MUSCULAR:53.125|OFI_CAUTION:REACTIVE_CAUTION:0.0|OFI_CAUTION:RECOVERY_DEBT_HIGH:0.0|OFI_DOSE:DISTANCE_OR_TIME:0.0|OFI_GROUP:BADMINTON_REACTIVE_LUNGE_FOOTWORK:0.0|OFI_GROUP:NOT_APPLICABLE:0.0|OFI_GROUP:NOT_APPLICABLE:0.0|OFI_SCORE:HIGH_FORCE_NEURAL:21.0|OFI_SCORE:HIGH_SPEED:84.0|OFI_SCORE:LOCAL_MUSCULAR:73.0|OFI_SCORE:REACTIVE:100.0|OFI_SCORE:SYSTEMIC_MUSCULAR:66.0|OFI_SNAPSHOT:SUMMARY:82.0","","","removedAxes=LOW_FATIGUE_CONTROL;removedObjectives=","addedAxes=;addedObjectives=","PARITY_INTENTIONAL_CORRECTION"
"ex_389920ab","BALANCE|FATIGUE|HYPERTROPHY_VOLUME","GENERAL_STRENGTH","forceType=HINGE;plane=SAGITTAL;laterality=BILATERAL;fatigue=CORE_BRACING_LOAD|GLUTE_LOAD|HAMSTRING_LOAD|HAMSTRING_TENDON_STRESS|HINGE_POSTERIOR_CHAIN_STRESS|HIP_CONTROL_LOAD|HIP_ROTATIONAL_CONTROL_STRESS|LOCAL_MUSCLE|LUMBOPELVIC_CONTROL_STRESS|NEURAL_HEAVY|SYSTEMIC;muscles=BACK|CORE|DEEP_CORE|GLUTE|HAMSTRING;roles=GENERAL_STRENGTH_SUPPORTIVE;skills=;qualities=HIP_KNEE_EXTENSION_STRENGTH|LOWER_BODY_FORCE","UNILATERAL_STABILITY","","VERY_HIGH","BADMINTON_FATIGUE_COST:VERY_HIGH:0.0|OFI_AXIS:HIGH_FORCE_NEURAL:17.1875|OFI_AXIS:HIGH_SPEED:17.1875|OFI_AXIS:LOCAL_MUSCULAR:58.4375|OFI_AXIS:REACTIVE:15.625|OFI_AXIS:SYSTEMIC_MUSCULAR:29.21875|OFI_DOSE:VOLUME_LOAD:0.0|OFI_GROUP:HIP_THRUST_GLUTE:0.0|OFI_GROUP:HIP_THRUST_GLUTE:0.0|OFI_GROUP:HIP_THRUST_GLUTE:0.0|OFI_SCORE:HIGH_FORCE_NEURAL:21.0|OFI_SCORE:HIGH_SPEED:21.0|OFI_SCORE:LOCAL_MUSCULAR:73.0|OFI_SCORE:REACTIVE:20.0|OFI_SCORE:SYSTEMIC_MUSCULAR:37.0|OFI_SNAPSHOT:SUMMARY:41.0","","PROGRESSION:HIP_THRUST_GLUTE","BALANCE|FATIGUE|HYPERTROPHY_VOLUME","GENERAL_STRENGTH","level=GENERAL;types=GENERAL_STRENGTH_SUPPORTIVE;skills=;qualities=HIP_KNEE_EXTENSION_STRENGTH|LOWER_BODY_FORCE","","","VERY_HIGH","BADMINTON_FATIGUE_COST:VERY_HIGH:0.0|OFI_AXIS:HIGH_FORCE_NEURAL:17.1875|OFI_AXIS:HIGH_SPEED:17.1875|OFI_AXIS:LOCAL_MUSCULAR:58.4375|OFI_AXIS:REACTIVE:15.625|OFI_AXIS:SYSTEMIC_MUSCULAR:29.21875|OFI_DOSE:VOLUME_LOAD:0.0|OFI_GROUP:HIP_THRUST_GLUTE:0.0|OFI_GROUP:HIP_THRUST_GLUTE:0.0|OFI_GROUP:HIP_THRUST_GLUTE:0.0|OFI_SCORE:HIGH_FORCE_NEURAL:21.0|OFI_SCORE:HIGH_SPEED:21.0|OFI_SCORE:LOCAL_MUSCULAR:73.0|OFI_SCORE:REACTIVE:20.0|OFI_SCORE:SYSTEMIC_MUSCULAR:37.0|OFI_SNAPSHOT:SUMMARY:41.0","","PROGRESSION:HIP_THRUST_GLUTE","removedAxes=UNILATERAL_STABILITY;removedObjectives=","addedAxes=;addedObjectives=","PARITY_INTENTIONAL_CORRECTION"
"ex_389e0556","BALANCE|FATIGUE|HYPERTROPHY_VOLUME|STRENGTH_PROGRESS","NONE","forceType=PUSH;plane=TRANSVERSE;laterality=UNILATERAL;fatigue=ANTERIOR_DELTOID_LOAD|ANTI_ROTATION_LOAD|HORIZONTAL_PUSH_STRESS|LOCAL_MUSCLE|NEURAL_HEAVY|PECTORAL_LOAD|PECTORAL_TENDON_STRESS|SHOULDER_SCAPULAR_STABILITY_STRESS|SYSTEMIC|TRICEPS_LOAD|TRICEPS_TENDON_STRESS;muscles=ANTERIOR_DELTOID|CHEST|CORE|DEEP_CORE|TRICEPS;roles=;skills=;qualities=","UNILATERAL_STABILITY","","MEDIUM","BADMINTON_FATIGUE_COST:MEDIUM:0.0|OFI_AXIS:HIGH_FORCE_NEURAL:17.1875|OFI_AXIS:HIGH_SPEED:17.1875|OFI_AXIS:LOCAL_MUSCULAR:58.4375|OFI_AXIS:REACTIVE:15.625|OFI_AXIS:SYSTEMIC_MUSCULAR:34.375|OFI_DOSE:VOLUME_LOAD:0.0|OFI_GROUP:UNILATERAL_HORIZONTAL_PUSH:0.0|OFI_GROUP:UNILATERAL_HORIZONTAL_PUSH:0.0|OFI_GROUP:UNILATERAL_HORIZONTAL_PUSH:0.0|OFI_SCORE:HIGH_FORCE_NEURAL:21.0|OFI_SCORE:HIGH_SPEED:21.0|OFI_SCORE:LOCAL_MUSCULAR:73.0|OFI_SCORE:REACTIVE:20.0|OFI_SCORE:SYSTEMIC_MUSCULAR:43.0|OFI_SNAPSHOT:SUMMARY:42.0","","PROGRESSION:UNILATERAL_HORIZONTAL_PUSH","BALANCE|FATIGUE|HYPERTROPHY_VOLUME|STRENGTH_PROGRESS","NONE","level=NONE;types=;skills=;qualities=","","","MEDIUM","BADMINTON_FATIGUE_COST:MEDIUM:0.0|OFI_AXIS:HIGH_FORCE_NEURAL:17.1875|OFI_AXIS:HIGH_SPEED:17.1875|OFI_AXIS:LOCAL_MUSCULAR:58.4375|OFI_AXIS:REACTIVE:15.625|OFI_AXIS:SYSTEMIC_MUSCULAR:34.375|OFI_DOSE:VOLUME_LOAD:0.0|OFI_GROUP:UNILATERAL_HORIZONTAL_PUSH:0.0|OFI_GROUP:UNILATERAL_HORIZONTAL_PUSH:0.0|OFI_GROUP:UNILATERAL_HORIZONTAL_PUSH:0.0|OFI_SCORE:HIGH_FORCE_NEURAL:21.0|OFI_SCORE:HIGH_SPEED:21.0|OFI_SCORE:LOCAL_MUSCULAR:73.0|OFI_SCORE:REACTIVE:20.0|OFI_SCORE:SYSTEMIC_MUSCULAR:43.0|OFI_SNAPSHOT:SUMMARY:42.0","","PROGRESSION:UNILATERAL_HORIZONTAL_PUSH","removedAxes=UNILATERAL_STABILITY;removedObjectives=","addedAxes=;addedObjectives=","PARITY_INTENTIONAL_CORRECTION"
"ex_3a7d3eda","FATIGUE|HYPERTROPHY_VOLUME|STRENGTH_VOLUME","NONE","forceType=PUSH;plane=TRANSVERSE;laterality=BILATERAL;fatigue=ANTERIOR_DELTOID_LOAD|HORIZONTAL_PUSH_STRESS|LOCAL_MUSCLE|NEURAL_HEAVY|PECTORAL_LOAD|PECTORAL_TENDON_STRESS|SHOULDER_SCAPULAR_STABILITY_STRESS|SYSTEMIC|TRICEPS_LOAD|TRICEPS_TENDON_STRESS;muscles=ANTERIOR_DELTOID|CHEST|CORE|TRICEPS;roles=;skills=;qualities=","","","MEDIUM","BADMINTON_FATIGUE_COST:MEDIUM:0.0|OFI_AXIS:HIGH_FORCE_NEURAL:37.8125|OFI_AXIS:HIGH_SPEED:17.1875|OFI_AXIS:LOCAL_MUSCULAR:58.4375|OFI_AXIS:REACTIVE:15.625|OFI_AXIS:SYSTEMIC_MUSCULAR:29.21875|OFI_DOSE:LOAD_REPS:0.0|OFI_GROUP:HORIZONTAL_PUSH_COMPOUND:0.0|OFI_GROUP:HORIZONTAL_PUSH_COMPOUND:0.0|OFI_GROUP:HORIZONTAL_PUSH_COMPOUND:0.0|OFI_SCORE:HIGH_FORCE_NEURAL:47.0|OFI_SCORE:HIGH_SPEED:21.0|OFI_SCORE:LOCAL_MUSCULAR:73.0|OFI_SCORE:REACTIVE:20.0|OFI_SCORE:SYSTEMIC_MUSCULAR:37.0|OFI_SNAPSHOT:SUMMARY:43.0","","PROGRESSION:HORIZONTAL_PUSH_COMPOUND|PROXY:BENCH_PRESS:SHARED_FACTOR_PROXY","FATIGUE|HYPERTROPHY_VOLUME|STRENGTH_VOLUME","NONE","level=NONE;types=;skills=;qualities=","","","MEDIUM","BADMINTON_FATIGUE_COST:MEDIUM:0.0|OFI_AXIS:HIGH_FORCE_NEURAL:37.8125|OFI_AXIS:HIGH_SPEED:17.1875|OFI_AXIS:LOCAL_MUSCULAR:58.4375|OFI_AXIS:REACTIVE:15.625|OFI_AXIS:SYSTEMIC_MUSCULAR:29.21875|OFI_DOSE:LOAD_REPS:0.0|OFI_GROUP:HORIZONTAL_PUSH_COMPOUND:0.0|OFI_GROUP:HORIZONTAL_PUSH_COMPOUND:0.0|OFI_GROUP:HORIZONTAL_PUSH_COMPOUND:0.0|OFI_SCORE:HIGH_FORCE_NEURAL:47.0|OFI_SCORE:HIGH_SPEED:21.0|OFI_SCORE:LOCAL_MUSCULAR:73.0|OFI_SCORE:REACTIVE:20.0|OFI_SCORE:SYSTEMIC_MUSCULAR:37.0|OFI_SNAPSHOT:SUMMARY:43.0","","PROGRESSION:HORIZONTAL_PUSH_COMPOUND|PROXY:BENCH_PRESS:SHARED_FACTOR_PROXY","removedAxes=;removedObjectives=","addedAxes=;addedObjectives=","PARITY_EXACT"
"ex_3c3692aa","BADMINTON_SUPPORTIVE|BALANCE|FATIGUE|HYPERTROPHY_VOLUME|STRENGTH_PROGRESS","SUPPORTIVE","forceType=PULL;plane=TRANSVERSE;laterality=UNILATERAL;fatigue=BICEPS_LOAD|BICEPS_TENDON_STRESS|ELBOW_JOINT_STRESS|FOREARM_FLEXOR_TENDON_STRESS|GRIP_FOREARM|GRIP_LOAD|HORIZONTAL_ROW_STRESS|LAT_LOAD|LOCAL_MUSCLE|NEURAL_HEAVY|REAR_DELTOID_LOAD|SCAPULAR_STABILITY_LOAD|SHOULDER_JOINT_STABILITY_STRESS|SYSTEMIC|UPPER_BACK_LOAD;muscles=BICEPS|CORE|DEEP_CORE|LAT|REAR_DELT|RHOMBOID;roles=SHOULDER_SCAPULAR_SUPPORTIVE;skills=DRIVE|OVERHEAD_CLEAR;qualities=SCAPULAR_CONTROL|SHOULDER_DURABILITY","RACKET_SUPPORT|UNILATERAL_STABILITY","","MEDIUM","BADMINTON_FATIGUE_COST:MEDIUM:0.0|OFI_AXIS:HIGH_FORCE_NEURAL:37.8125|OFI_AXIS:HIGH_SPEED:17.1875|OFI_AXIS:LOCAL_MUSCULAR:58.4375|OFI_AXIS:REACTIVE:15.625|OFI_AXIS:SYSTEMIC_MUSCULAR:34.375|OFI_DOSE:VOLUME_LOAD:0.0|OFI_GROUP:HORIZONTAL_PULL_COMPOUND:0.0|OFI_GROUP:HORIZONTAL_PULL_COMPOUND:0.0|OFI_GROUP:HORIZONTAL_PULL_COMPOUND:0.0|OFI_SCORE:HIGH_FORCE_NEURAL:47.0|OFI_SCORE:HIGH_SPEED:21.0|OFI_SCORE:LOCAL_MUSCULAR:73.0|OFI_SCORE:REACTIVE:20.0|OFI_SCORE:SYSTEMIC_MUSCULAR:43.0|OFI_SNAPSHOT:SUMMARY:44.0","","PROGRESSION:HORIZONTAL_PULL_COMPOUND","BADMINTON_SUPPORTIVE|BALANCE|FATIGUE|HYPERTROPHY_VOLUME|STRENGTH_PROGRESS","SUPPORTIVE","level=SUPPORTIVE;types=SHOULDER_SCAPULAR_SUPPORTIVE;skills=DRIVE|OVERHEAD_CLEAR;qualities=SCAPULAR_CONTROL|SHOULDER_DURABILITY","RACKET_SUPPORT","","MEDIUM","BADMINTON_FATIGUE_COST:MEDIUM:0.0|OFI_AXIS:HIGH_FORCE_NEURAL:37.8125|OFI_AXIS:HIGH_SPEED:17.1875|OFI_AXIS:LOCAL_MUSCULAR:58.4375|OFI_AXIS:REACTIVE:15.625|OFI_AXIS:SYSTEMIC_MUSCULAR:34.375|OFI_DOSE:VOLUME_LOAD:0.0|OFI_GROUP:HORIZONTAL_PULL_COMPOUND:0.0|OFI_GROUP:HORIZONTAL_PULL_COMPOUND:0.0|OFI_GROUP:HORIZONTAL_PULL_COMPOUND:0.0|OFI_SCORE:HIGH_FORCE_NEURAL:47.0|OFI_SCORE:HIGH_SPEED:21.0|OFI_SCORE:LOCAL_MUSCULAR:73.0|OFI_SCORE:REACTIVE:20.0|OFI_SCORE:SYSTEMIC_MUSCULAR:43.0|OFI_SNAPSHOT:SUMMARY:44.0","","PROGRESSION:HORIZONTAL_PULL_COMPOUND","removedAxes=UNILATERAL_STABILITY;removedObjectives=","addedAxes=;addedObjectives=","PARITY_INTENTIONAL_CORRECTION"
"ex_3caa236b","BALANCE|FATIGUE|HYPERTROPHY_VOLUME|STRENGTH_PROGRESS","GENERAL_STRENGTH","forceType=PUSH;plane=SAGITTAL;laterality=BILATERAL;fatigue=DELTOID_LOAD|LOCAL_MUSCLE|NEURAL_HEAVY|OVERHEAD_PUSH_STRESS|OVERHEAD_REPETITION|OVERHEAD_REPETITION_LOAD|ROTATOR_CUFF_TENDON_STRESS|SHOULDER_SCAPULAR_STABILITY_STRESS|SYSTEMIC|TRICEPS_LOAD|TRICEPS_TENDON_STRESS;muscles=ANTERIOR_DELTOID|CORE|DEEP_CORE|GLUTE|LATERAL_DELTOID|TRAPEZIUS|TRICEPS;roles=GENERAL_STRENGTH_SUPPORTIVE;skills=;qualities=ROTATOR_CUFF_CONTROL|SCAPULAR_CONTROL|SHOULDER_DURABILITY","RACKET_SUPPORT|UNILATERAL_STABILITY","","MEDIUM","BADMINTON_FATIGUE_COST:MEDIUM:0.0|OFI_AXIS:HIGH_FORCE_NEURAL:17.1875|OFI_AXIS:HIGH_SPEED:17.1875|OFI_AXIS:LOCAL_MUSCULAR:58.4375|OFI_AXIS:REACTIVE:15.625|OFI_AXIS:SYSTEMIC_MUSCULAR:34.375|OFI_DOSE:VOLUME_LOAD:0.0|OFI_GROUP:BODYWEIGHT_VERTICAL_PUSH:0.0|OFI_GROUP:BODYWEIGHT_VERTICAL_PUSH:0.0|OFI_GROUP:BODYWEIGHT_VERTICAL_PUSH:0.0|OFI_SCORE:HIGH_FORCE_NEURAL:21.0|OFI_SCORE:HIGH_SPEED:21.0|OFI_SCORE:LOCAL_MUSCULAR:73.0|OFI_SCORE:REACTIVE:20.0|OFI_SCORE:SYSTEMIC_MUSCULAR:43.0|OFI_SNAPSHOT:SUMMARY:42.0","","PROGRESSION:BODYWEIGHT_VERTICAL_PUSH","BALANCE|FATIGUE|HYPERTROPHY_VOLUME|STRENGTH_PROGRESS","GENERAL_STRENGTH","level=GENERAL;types=GENERAL_STRENGTH_SUPPORTIVE;skills=;qualities=ROTATOR_CUFF_CONTROL|SCAPULAR_CONTROL|SHOULDER_DURABILITY","","","MEDIUM","BADMINTON_FATIGUE_COST:MEDIUM:0.0|OFI_AXIS:HIGH_FORCE_NEURAL:17.1875|OFI_AXIS:HIGH_SPEED:17.1875|OFI_AXIS:LOCAL_MUSCULAR:58.4375|OFI_AXIS:REACTIVE:15.625|OFI_AXIS:SYSTEMIC_MUSCULAR:34.375|OFI_DOSE:VOLUME_LOAD:0.0|OFI_GROUP:BODYWEIGHT_VERTICAL_PUSH:0.0|OFI_GROUP:BODYWEIGHT_VERTICAL_PUSH:0.0|OFI_GROUP:BODYWEIGHT_VERTICAL_PUSH:0.0|OFI_SCORE:HIGH_FORCE_NEURAL:21.0|OFI_SCORE:HIGH_SPEED:21.0|OFI_SCORE:LOCAL_MUSCULAR:73.0|OFI_SCORE:REACTIVE:20.0|OFI_SCORE:SYSTEMIC_MUSCULAR:43.0|OFI_SNAPSHOT:SUMMARY:42.0","","PROGRESSION:BODYWEIGHT_VERTICAL_PUSH","removedAxes=RACKET_SUPPORT|UNILATERAL_STABILITY;removedObjectives=","addedAxes=;addedObjectives=","PARITY_INTENTIONAL_CORRECTION"
"ex_3d5719de","BALANCE|FATIGUE|HYPERTROPHY_VOLUME","GENERAL_STRENGTH","forceType=BRACE;plane=SAGITTAL;laterality=UNILATERAL;fatigue=ANTI_ROTATION|BICEPS_LOCAL_LOAD|BICEPS_TENDON_STRESS|ELBOW_FLEXION_LOAD|FOREARM_FLEXOR_TENDON_STRESS|GRIP_FOREARM|GRIP_FOREARM_LOAD|ISOLATION_ACCESSORY_STRESS|LOCAL_MUSCLE|NEURAL_HEAVY|SYSTEMIC;muscles=BICEPS|CORE|DEEP_CORE|FOREARM;roles=ANTI_ROTATION_STABILITY|GENERAL_STRENGTH_SUPPORTIVE|GRIP_FOREARM;skills=;qualities=GRIP_ENDURANCE","LOW_FATIGUE_CONTROL|RACKET_SUPPORT|ROTATION_CONTROL|UNILATERAL_STABILITY","","MEDIUM","BADMINTON_FATIGUE_COST:MEDIUM:0.0|OFI_AXIS:HIGH_FORCE_NEURAL:17.1875|OFI_AXIS:HIGH_SPEED:17.1875|OFI_AXIS:LOCAL_MUSCULAR:58.4375|OFI_AXIS:REACTIVE:15.625|OFI_AXIS:SYSTEMIC_MUSCULAR:13.28125|OFI_DOSE:VOLUME_LOAD:0.0|OFI_GROUP:ELBOW_FLEXION_CURL:0.0|OFI_GROUP:ELBOW_FLEXION_CURL:0.0|OFI_GROUP:ELBOW_FLEXION_CURL:0.0|OFI_SCORE:HIGH_FORCE_NEURAL:21.0|OFI_SCORE:HIGH_SPEED:21.0|OFI_SCORE:LOCAL_MUSCULAR:73.0|OFI_SCORE:REACTIVE:20.0|OFI_SCORE:SYSTEMIC_MUSCULAR:17.0|OFI_SNAPSHOT:SUMMARY:39.0","","PROGRESSION:ELBOW_FLEXION_CURL","BALANCE|FATIGUE|HYPERTROPHY_VOLUME","GENERAL_STRENGTH","level=GENERAL;types=GENERAL_STRENGTH_SUPPORTIVE;skills=;qualities=GRIP_ENDURANCE","","","MEDIUM","BADMINTON_FATIGUE_COST:MEDIUM:0.0|OFI_AXIS:HIGH_FORCE_NEURAL:17.1875|OFI_AXIS:HIGH_SPEED:17.1875|OFI_AXIS:LOCAL_MUSCULAR:58.4375|OFI_AXIS:REACTIVE:15.625|OFI_AXIS:SYSTEMIC_MUSCULAR:13.28125|OFI_DOSE:VOLUME_LOAD:0.0|OFI_GROUP:ELBOW_FLEXION_CURL:0.0|OFI_GROUP:ELBOW_FLEXION_CURL:0.0|OFI_GROUP:ELBOW_FLEXION_CURL:0.0|OFI_SCORE:HIGH_FORCE_NEURAL:21.0|OFI_SCORE:HIGH_SPEED:21.0|OFI_SCORE:LOCAL_MUSCULAR:73.0|OFI_SCORE:REACTIVE:20.0|OFI_SCORE:SYSTEMIC_MUSCULAR:17.0|OFI_SNAPSHOT:SUMMARY:39.0","","PROGRESSION:ELBOW_FLEXION_CURL","removedAxes=LOW_FATIGUE_CONTROL|RACKET_SUPPORT|ROTATION_CONTROL|UNILATERAL_STABILITY;removedObjectives=","addedAxes=;addedObjectives=","PARITY_INTENTIONAL_CORRECTION"
"ex_3f184ef9","BALANCE|FATIGUE|SESSION_LOAD","GENERAL_STRENGTH","forceType=ACCELERATE;plane=SAGITTAL;laterality=BILATERAL;fatigue=ACHILLES_TENDON_STRESS|CARDIO_CONDITIONING_STRESS|CORE_BRACING_LOAD|DECELERATION|KNEE_VALGUS_CONTROL_STRESS|LANDING_LOAD|LOCAL_MUSCLE|NEURAL_HEAVY|NEURAL_SPEED|PATELLAR_TENDON_STRESS|QUAD_LOAD|REPEATED_LOW_AMPLITUDE_IMPACT_STRESS|REPEATED_PATTERN_LOAD|SYSTEMIC;muscles=CORE|DEEP_CORE;roles=CONDITIONING|GENERAL_CONDITIONING_SUPPORTIVE;skills=;qualities=AEROBIC_BASE|ANAEROBIC_REPEATABILITY|RECOVERY_STEP","AEROBIC_FOOTWORK|DECELERATION_LANDING|LATERAL_MOVEMENT","CONDITIONING|FOOTWORK","MEDIUM","BADMINTON_FATIGUE_COST:MEDIUM:0.0|OFI_AXIS:HIGH_FORCE_NEURAL:17.1875|OFI_AXIS:HIGH_SPEED:17.1875|OFI_AXIS:LOCAL_MUSCULAR:37.8125|OFI_AXIS:REACTIVE:15.625|OFI_AXIS:SYSTEMIC_MUSCULAR:53.125|OFI_DOSE:REPS_OR_TIME:0.0|OFI_GROUP:BODYWEIGHT_CONDITIONING_POWER:0.0|OFI_GROUP:NOT_APPLICABLE:0.0|OFI_GROUP:NOT_APPLICABLE:0.0|OFI_SCORE:HIGH_FORCE_NEURAL:21.0|OFI_SCORE:HIGH_SPEED:21.0|OFI_SCORE:LOCAL_MUSCULAR:47.0|OFI_SCORE:REACTIVE:20.0|OFI_SCORE:SYSTEMIC_MUSCULAR:66.0|OFI_SNAPSHOT:SUMMARY:39.0","","","BALANCE|FATIGUE|SESSION_LOAD","GENERAL_STRENGTH","level=GENERAL;types=GENERAL_CONDITIONING_SUPPORTIVE;skills=;qualities=AEROBIC_BASE|ANAEROBIC_REPEATABILITY","","","MEDIUM","BADMINTON_FATIGUE_COST:MEDIUM:0.0|OFI_AXIS:HIGH_FORCE_NEURAL:17.1875|OFI_AXIS:HIGH_SPEED:17.1875|OFI_AXIS:LOCAL_MUSCULAR:37.8125|OFI_AXIS:REACTIVE:15.625|OFI_AXIS:SYSTEMIC_MUSCULAR:53.125|OFI_DOSE:REPS_OR_TIME:0.0|OFI_GROUP:BODYWEIGHT_CONDITIONING_POWER:0.0|OFI_GROUP:NOT_APPLICABLE:0.0|OFI_GROUP:NOT_APPLICABLE:0.0|OFI_SCORE:HIGH_FORCE_NEURAL:21.0|OFI_SCORE:HIGH_SPEED:21.0|OFI_SCORE:LOCAL_MUSCULAR:47.0|OFI_SCORE:REACTIVE:20.0|OFI_SCORE:SYSTEMIC_MUSCULAR:66.0|OFI_SNAPSHOT:SUMMARY:39.0","","","removedAxes=AEROBIC_FOOTWORK|DECELERATION_LANDING|LATERAL_MOVEMENT;removedObjectives=CONDITIONING|FOOTWORK","addedAxes=;addedObjectives=","PARITY_INTENTIONAL_CORRECTION"
"ex_40fa57be","BADMINTON_SUPPORTIVE|BALANCE|FATIGUE|HYPERTROPHY_VOLUME|STRENGTH_PROGRESS","SUPPORTIVE","forceType=PULL;plane=TRANSVERSE;laterality=UNILATERAL;fatigue=BICEPS_LOAD|BICEPS_TENDON_STRESS|ELBOW_JOINT_STRESS|FOREARM_FLEXOR_TENDON_STRESS|GRIP_FOREARM|GRIP_LOAD|HORIZONTAL_ROW_STRESS|LAT_LOAD|LOCAL_MUSCLE|NEURAL_HEAVY|OVERHEAD_REPETITION|REAR_DELTOID_LOAD|SCAPULAR_STABILITY_LOAD|SHOULDER_JOINT_STABILITY_STRESS|SYSTEMIC|UPPER_BACK_LOAD;muscles=CORE|DEEP_CORE|LAT|LOWER_TRAP|REAR_DELT|RHOMBOID|SCAPULAR_STABILIZERS|TRAPEZIUS;roles=SHOULDER_CARE|SHOULDER_SCAPULAR_SUPPORTIVE;skills=DRIVE|OVERHEAD_CLEAR;qualities=SCAPULAR_CONTROL|SHOULDER_DURABILITY","RACKET_SUPPORT|UNILATERAL_STABILITY","","MEDIUM","BADMINTON_FATIGUE_COST:MEDIUM:0.0|OFI_AXIS:HIGH_FORCE_NEURAL:37.8125|OFI_AXIS:HIGH_SPEED:17.1875|OFI_AXIS:LOCAL_MUSCULAR:58.4375|OFI_AXIS:REACTIVE:15.625|OFI_AXIS:SYSTEMIC_MUSCULAR:34.375|OFI_DOSE:VOLUME_LOAD:0.0|OFI_GROUP:HORIZONTAL_PULL_COMPOUND:0.0|OFI_GROUP:HORIZONTAL_PULL_COMPOUND:0.0|OFI_GROUP:HORIZONTAL_PULL_COMPOUND:0.0|OFI_SCORE:HIGH_FORCE_NEURAL:47.0|OFI_SCORE:HIGH_SPEED:21.0|OFI_SCORE:LOCAL_MUSCULAR:73.0|OFI_SCORE:REACTIVE:20.0|OFI_SCORE:SYSTEMIC_MUSCULAR:43.0|OFI_SNAPSHOT:SUMMARY:44.0","","PROGRESSION:HORIZONTAL_PULL_COMPOUND","BADMINTON_SUPPORTIVE|BALANCE|FATIGUE|HYPERTROPHY_VOLUME|STRENGTH_PROGRESS","SUPPORTIVE","level=SUPPORTIVE;types=SHOULDER_SCAPULAR_SUPPORTIVE;skills=DRIVE|OVERHEAD_CLEAR;qualities=SCAPULAR_CONTROL|SHOULDER_DURABILITY","RACKET_SUPPORT","","MEDIUM","BADMINTON_FATIGUE_COST:MEDIUM:0.0|OFI_AXIS:HIGH_FORCE_NEURAL:37.8125|OFI_AXIS:HIGH_SPEED:17.1875|OFI_AXIS:LOCAL_MUSCULAR:58.4375|OFI_AXIS:REACTIVE:15.625|OFI_AXIS:SYSTEMIC_MUSCULAR:34.375|OFI_DOSE:VOLUME_LOAD:0.0|OFI_GROUP:HORIZONTAL_PULL_COMPOUND:0.0|OFI_GROUP:HORIZONTAL_PULL_COMPOUND:0.0|OFI_GROUP:HORIZONTAL_PULL_COMPOUND:0.0|OFI_SCORE:HIGH_FORCE_NEURAL:47.0|OFI_SCORE:HIGH_SPEED:21.0|OFI_SCORE:LOCAL_MUSCULAR:73.0|OFI_SCORE:REACTIVE:20.0|OFI_SCORE:SYSTEMIC_MUSCULAR:43.0|OFI_SNAPSHOT:SUMMARY:44.0","","PROGRESSION:HORIZONTAL_PULL_COMPOUND","removedAxes=UNILATERAL_STABILITY;removedObjectives=","addedAxes=;addedObjectives=","PARITY_INTENTIONAL_CORRECTION"
"ex_421ba24b","BADMINTON_TRANSFER|BALANCE|FATIGUE","DIRECT","forceType=ACCELERATE;plane=MULTI_PLANAR;laterality=UNILATERAL;fatigue=ACHILLES_TENDON_STRESS|BADMINTON_DIRECT_TRANSFER|BADMINTON_FOOTWORK|BADMINTON_LUNGE_REACH|COURT_DECELERATION_IMPACT|COURT_SPORT_MOVEMENT_STRESS|DECELERATION|DECELERATION_LOAD|DECISION_MAKING_LOAD|ELASTIC_SSC|ELASTIC_SSC_LOAD|HIP_ROTATIONAL_CONTROL_STRESS|KNEE_ANKLE_STABILITY_STRESS|LOCAL_MUSCLE|NEURAL_HEAVY|NEURAL_SPEED|NEURAL_SPEED_LOAD|PATELLAR_TENDON_STRESS|REACTION_LOAD|SYSTEMIC|VISUAL_TRACKING_LOAD;muscles=CORE|DEEP_CORE;roles=CONDITIONING|DECELERATION|FOOTWORK|FOOTWORK_DIRECT|LUNGE_REACH_DIRECT|REACTION|REACTION_DECISION_DIRECT;skills=DEFENSIVE_COVERAGE|FIRST_STEP|FRONT_COURT_LUNGE|LATERAL_LUNGE|SPLIT_STEP;qualities=DECELERATION|FIRST_STEP|HIP_CONTROL|LATERAL_MOVE|MULTI_DIRECTION|REACTION_RANDOM|REACTIVE_AGILITY|RECOVERY_STEP|SINGLE_LEG_STABILITY","AEROBIC_FOOTWORK|DECELERATION_LANDING|LATERAL_MOVEMENT|UNILATERAL_STABILITY","ACCELERATION|CONDITIONING|DECELERATION|FOOTWORK|REACTION","HIGH","BADMINTON_FATIGUE_COST:HIGH:0.0|OFI_AXIS:HIGH_FORCE_NEURAL:17.1875|OFI_AXIS:HIGH_SPEED:85.9375|OFI_AXIS:LOCAL_MUSCULAR:58.4375|OFI_AXIS:REACTIVE:93.75|OFI_AXIS:SYSTEMIC_MUSCULAR:53.125|OFI_CAUTION:HIGH_SPEED_CAUTION:0.0|OFI_CAUTION:REACTIVE_CAUTION:0.0|OFI_DOSE:DISTANCE_OR_TIME:0.0|OFI_GROUP:BADMINTON_COURT_FOOTWORK:0.0|OFI_GROUP:NOT_APPLICABLE:0.0|OFI_GROUP:NOT_APPLICABLE:0.0|OFI_SCORE:HIGH_FORCE_NEURAL:21.0|OFI_SCORE:HIGH_SPEED:100.0|OFI_SCORE:LOCAL_MUSCULAR:73.0|OFI_SCORE:REACTIVE:100.0|OFI_SCORE:SYSTEMIC_MUSCULAR:66.0|OFI_SNAPSHOT:SUMMARY:83.0","","","BADMINTON_TRANSFER|BALANCE|FATIGUE","DIRECT","level=DIRECT;types=FOOTWORK_DIRECT|LUNGE_REACH_DIRECT|REACTION_DECISION_DIRECT;skills=DEFENSIVE_COVERAGE|FIRST_STEP|FRONT_COURT_LUNGE|LATERAL_LUNGE|SPLIT_STEP;qualities=DECELERATION|HIP_CONTROL|REACTIVE_AGILITY|SINGLE_LEG_STABILITY","DECELERATION_LANDING|LATERAL_MOVEMENT|UNILATERAL_STABILITY","ACCELERATION|DECELERATION|FOOTWORK","HIGH","BADMINTON_FATIGUE_COST:HIGH:0.0|OFI_AXIS:HIGH_FORCE_NEURAL:17.1875|OFI_AXIS:HIGH_SPEED:85.9375|OFI_AXIS:LOCAL_MUSCULAR:58.4375|OFI_AXIS:REACTIVE:93.75|OFI_AXIS:SYSTEMIC_MUSCULAR:53.125|OFI_CAUTION:HIGH_SPEED_CAUTION:0.0|OFI_CAUTION:REACTIVE_CAUTION:0.0|OFI_DOSE:DISTANCE_OR_TIME:0.0|OFI_GROUP:BADMINTON_COURT_FOOTWORK:0.0|OFI_GROUP:NOT_APPLICABLE:0.0|OFI_GROUP:NOT_APPLICABLE:0.0|OFI_SCORE:HIGH_FORCE_NEURAL:21.0|OFI_SCORE:HIGH_SPEED:100.0|OFI_SCORE:LOCAL_MUSCULAR:73.0|OFI_SCORE:REACTIVE:100.0|OFI_SCORE:SYSTEMIC_MUSCULAR:66.0|OFI_SNAPSHOT:SUMMARY:83.0","","","removedAxes=AEROBIC_FOOTWORK;removedObjectives=CONDITIONING|REACTION","addedAxes=;addedObjectives=","PARITY_INTENTIONAL_CORRECTION"
"ex_4255e429","BADMINTON_TRANSFER|BALANCE|FATIGUE","DIRECT","forceType=ACCELERATE;plane=MULTI_PLANAR;laterality=UNILATERAL;fatigue=ACHILLES_TENDON_STRESS|BADMINTON_DIRECT_TRANSFER|BADMINTON_FOOTWORK|BADMINTON_LUNGE_REACH|COURT_DECELERATION_IMPACT|COURT_SPORT_MOVEMENT_STRESS|DECELERATION|DECELERATION_LOAD|DECISION_MAKING_LOAD|ELASTIC_SSC|ELASTIC_SSC_LOAD|HIP_ROTATIONAL_CONTROL_STRESS|KNEE_ANKLE_STABILITY_STRESS|LOCAL_MUSCLE|NEURAL_HEAVY|NEURAL_SPEED|NEURAL_SPEED_LOAD|PATELLAR_TENDON_STRESS|REACTION_LOAD|SYSTEMIC|VISUAL_TRACKING_LOAD;muscles=CORE|DEEP_CORE;roles=CONDITIONING|DECELERATION|FOOTWORK|FOOTWORK_DIRECT|LUNGE_REACH_DIRECT|REACTION|REACTION_DECISION_DIRECT;skills=DEFENSIVE_COVERAGE|FIRST_STEP|FRONT_COURT_LUNGE|LATERAL_LUNGE|SPLIT_STEP;qualities=DECELERATION|FIRST_STEP|HIP_CONTROL|MULTI_DIRECTION|REACTION_RANDOM|REACTIVE_AGILITY|RECOVERY_STEP|SINGLE_LEG_STABILITY","AEROBIC_FOOTWORK|DECELERATION_LANDING|LATERAL_MOVEMENT|UNILATERAL_STABILITY","ACCELERATION|CONDITIONING|DECELERATION|FOOTWORK|REACTION","HIGH","BADMINTON_FATIGUE_COST:HIGH:0.0|OFI_AXIS:HIGH_FORCE_NEURAL:17.1875|OFI_AXIS:HIGH_SPEED:85.9375|OFI_AXIS:LOCAL_MUSCULAR:58.4375|OFI_AXIS:REACTIVE:93.75|OFI_AXIS:SYSTEMIC_MUSCULAR:53.125|OFI_CAUTION:HIGH_SPEED_CAUTION:0.0|OFI_CAUTION:REACTIVE_CAUTION:0.0|OFI_DOSE:DISTANCE_OR_TIME:0.0|OFI_GROUP:BADMINTON_COURT_FOOTWORK:0.0|OFI_GROUP:NOT_APPLICABLE:0.0|OFI_GROUP:NOT_APPLICABLE:0.0|OFI_SCORE:HIGH_FORCE_NEURAL:21.0|OFI_SCORE:HIGH_SPEED:100.0|OFI_SCORE:LOCAL_MUSCULAR:73.0|OFI_SCORE:REACTIVE:100.0|OFI_SCORE:SYSTEMIC_MUSCULAR:66.0|OFI_SNAPSHOT:SUMMARY:83.0","","","BADMINTON_TRANSFER|BALANCE|FATIGUE","DIRECT","level=DIRECT;types=FOOTWORK_DIRECT|LUNGE_REACH_DIRECT|REACTION_DECISION_DIRECT;skills=DEFENSIVE_COVERAGE|FIRST_STEP|FRONT_COURT_LUNGE|LATERAL_LUNGE|SPLIT_STEP;qualities=DECELERATION|HIP_CONTROL|REACTIVE_AGILITY|SINGLE_LEG_STABILITY","DECELERATION_LANDING|LATERAL_MOVEMENT|UNILATERAL_STABILITY","ACCELERATION|DECELERATION|FOOTWORK","HIGH","BADMINTON_FATIGUE_COST:HIGH:0.0|OFI_AXIS:HIGH_FORCE_NEURAL:17.1875|OFI_AXIS:HIGH_SPEED:85.9375|OFI_AXIS:LOCAL_MUSCULAR:58.4375|OFI_AXIS:REACTIVE:93.75|OFI_AXIS:SYSTEMIC_MUSCULAR:53.125|OFI_CAUTION:HIGH_SPEED_CAUTION:0.0|OFI_CAUTION:REACTIVE_CAUTION:0.0|OFI_DOSE:DISTANCE_OR_TIME:0.0|OFI_GROUP:BADMINTON_COURT_FOOTWORK:0.0|OFI_GROUP:NOT_APPLICABLE:0.0|OFI_GROUP:NOT_APPLICABLE:0.0|OFI_SCORE:HIGH_FORCE_NEURAL:21.0|OFI_SCORE:HIGH_SPEED:100.0|OFI_SCORE:LOCAL_MUSCULAR:73.0|OFI_SCORE:REACTIVE:100.0|OFI_SCORE:SYSTEMIC_MUSCULAR:66.0|OFI_SNAPSHOT:SUMMARY:83.0","","","removedAxes=AEROBIC_FOOTWORK;removedObjectives=CONDITIONING|REACTION","addedAxes=;addedObjectives=","PARITY_INTENTIONAL_CORRECTION"
"ex_442617f6","FATIGUE|HYPERTROPHY_VOLUME","NONE","forceType=BRACE;plane=TRANSVERSE;laterality=UNILATERAL;fatigue=ANTI_ROTATION|ISOLATION_ACCESSORY_STRESS|LOCAL_MUSCLE|NEURAL_HEAVY|PECTORAL_LOCAL_LOAD|PECTORAL_TENDON_STRESS|SHOULDER_SCAPULAR_STABILITY_STRESS|SYSTEMIC;muscles=ANTERIOR_DELTOID|CHEST|CORE|DEEP_CORE|OBLIQUE;roles=ANTI_ROTATION_STABILITY;skills=;qualities=","LOW_FATIGUE_CONTROL|ROTATION_CONTROL|UNILATERAL_STABILITY","","MEDIUM","BADMINTON_FATIGUE_COST:MEDIUM:0.0|OFI_AXIS:HIGH_FORCE_NEURAL:17.1875|OFI_AXIS:HIGH_SPEED:17.1875|OFI_AXIS:LOCAL_MUSCULAR:58.4375|OFI_AXIS:REACTIVE:15.625|OFI_AXIS:SYSTEMIC_MUSCULAR:10.9375|OFI_DOSE:LOAD_REPS:0.0|OFI_GROUP:CHEST_FLY_ISOLATION:0.0|OFI_GROUP:CHEST_FLY_ISOLATION:0.0|OFI_GROUP:CHEST_FLY_ISOLATION:0.0|OFI_SCORE:HIGH_FORCE_NEURAL:21.0|OFI_SCORE:HIGH_SPEED:21.0|OFI_SCORE:LOCAL_MUSCULAR:73.0|OFI_SCORE:REACTIVE:20.0|OFI_SCORE:SYSTEMIC_MUSCULAR:14.0|OFI_SNAPSHOT:SUMMARY:39.0","","PROGRESSION:CHEST_FLY_ISOLATION","FATIGUE|HYPERTROPHY_VOLUME","NONE","level=NONE;types=;skills=;qualities=","","","MEDIUM","BADMINTON_FATIGUE_COST:MEDIUM:0.0|OFI_AXIS:HIGH_FORCE_NEURAL:17.1875|OFI_AXIS:HIGH_SPEED:17.1875|OFI_AXIS:LOCAL_MUSCULAR:58.4375|OFI_AXIS:REACTIVE:15.625|OFI_AXIS:SYSTEMIC_MUSCULAR:10.9375|OFI_DOSE:LOAD_REPS:0.0|OFI_GROUP:CHEST_FLY_ISOLATION:0.0|OFI_GROUP:CHEST_FLY_ISOLATION:0.0|OFI_GROUP:CHEST_FLY_ISOLATION:0.0|OFI_SCORE:HIGH_FORCE_NEURAL:21.0|OFI_SCORE:HIGH_SPEED:21.0|OFI_SCORE:LOCAL_MUSCULAR:73.0|OFI_SCORE:REACTIVE:20.0|OFI_SCORE:SYSTEMIC_MUSCULAR:14.0|OFI_SNAPSHOT:SUMMARY:39.0","","PROGRESSION:CHEST_FLY_ISOLATION","removedAxes=LOW_FATIGUE_CONTROL|ROTATION_CONTROL|UNILATERAL_STABILITY;removedObjectives=","addedAxes=;addedObjectives=","PARITY_INTENTIONAL_CORRECTION"
"ex_462c760e","BALANCE|FATIGUE|HYPERTROPHY_VOLUME|STRENGTH_PROGRESS","GENERAL_STRENGTH","forceType=PULL;plane=TRANSVERSE;laterality=UNILATERAL;fatigue=BICEPS_LOAD|BICEPS_TENDON_STRESS|ELBOW_JOINT_STRESS|FOREARM_FLEXOR_TENDON_STRESS|GRIP_FOREARM|GRIP_LOAD|HORIZONTAL_ROW_STRESS|LAT_LOAD|LOCAL_MUSCLE|NEURAL_HEAVY|REAR_DELTOID_LOAD|SCAPULAR_STABILITY_LOAD|SHOULDER_JOINT_STABILITY_STRESS|SYSTEMIC|UPPER_BACK_LOAD;muscles=BICEPS|FOREARM|LAT;roles=GENERAL_STRENGTH_SUPPORTIVE;skills=;qualities=SCAPULAR_CONTROL|SHOULDER_DURABILITY","RACKET_SUPPORT|UNILATERAL_STABILITY","","MEDIUM","BADMINTON_FATIGUE_COST:MEDIUM:0.0|OFI_AXIS:HIGH_FORCE_NEURAL:37.8125|OFI_AXIS:HIGH_SPEED:17.1875|OFI_AXIS:LOCAL_MUSCULAR:58.4375|OFI_AXIS:REACTIVE:15.625|OFI_AXIS:SYSTEMIC_MUSCULAR:34.375|OFI_DOSE:VOLUME_LOAD:0.0|OFI_GROUP:HORIZONTAL_PULL_COMPOUND:0.0|OFI_GROUP:HORIZONTAL_PULL_COMPOUND:0.0|OFI_GROUP:HORIZONTAL_PULL_COMPOUND:0.0|OFI_SCORE:HIGH_FORCE_NEURAL:47.0|OFI_SCORE:HIGH_SPEED:21.0|OFI_SCORE:LOCAL_MUSCULAR:73.0|OFI_SCORE:REACTIVE:20.0|OFI_SCORE:SYSTEMIC_MUSCULAR:43.0|OFI_SNAPSHOT:SUMMARY:44.0","ROLE:STRENGTH|SLOT:SECONDARY_STRENGTH_SLOT","PROGRESSION:HORIZONTAL_PULL_COMPOUND","BALANCE|FATIGUE|HYPERTROPHY_VOLUME|STRENGTH_PROGRESS","GENERAL_STRENGTH","level=GENERAL;types=GENERAL_STRENGTH_SUPPORTIVE;skills=;qualities=SCAPULAR_CONTROL|SHOULDER_DURABILITY","","","MEDIUM","BADMINTON_FATIGUE_COST:MEDIUM:0.0|OFI_AXIS:HIGH_FORCE_NEURAL:37.8125|OFI_AXIS:HIGH_SPEED:17.1875|OFI_AXIS:LOCAL_MUSCULAR:58.4375|OFI_AXIS:REACTIVE:15.625|OFI_AXIS:SYSTEMIC_MUSCULAR:34.375|OFI_DOSE:VOLUME_LOAD:0.0|OFI_GROUP:HORIZONTAL_PULL_COMPOUND:0.0|OFI_GROUP:HORIZONTAL_PULL_COMPOUND:0.0|OFI_GROUP:HORIZONTAL_PULL_COMPOUND:0.0|OFI_SCORE:HIGH_FORCE_NEURAL:47.0|OFI_SCORE:HIGH_SPEED:21.0|OFI_SCORE:LOCAL_MUSCULAR:73.0|OFI_SCORE:REACTIVE:20.0|OFI_SCORE:SYSTEMIC_MUSCULAR:43.0|OFI_SNAPSHOT:SUMMARY:44.0","ROLE:STRENGTH|SLOT:SECONDARY_STRENGTH_SLOT","PROGRESSION:HORIZONTAL_PULL_COMPOUND","removedAxes=RACKET_SUPPORT|UNILATERAL_STABILITY;removedObjectives=","addedAxes=;addedObjectives=","PARITY_INTENTIONAL_CORRECTION"
"ex_4773b6ea","BALANCE|FATIGUE|SESSION_LOAD","GENERAL_STRENGTH","forceType=BRACE;plane=SAGITTAL;laterality=BILATERAL;fatigue=ACCELERATION_LOAD|ACHILLES_TENDON_STRESS|ANKLE_INVERSION_LIGAMENT_STRESS|CALF_ANKLE_SSC_LOAD|CARDIO_CONDITIONING_STRESS|ELASTIC_SSC|GLUTE_LOAD|HAMSTRING_LOAD|HAMSTRING_TENDON_STRESS|HIP_ROTATIONAL_CONTROL_STRESS|LOCAL_MUSCLE|NEURAL_HEAVY|NEURAL_LOAD|REPEATED_LOW_AMPLITUDE_IMPACT_STRESS|SYSTEMIC;muscles=CORE|DEEP_CORE;roles=GENERAL_CONDITIONING_SUPPORTIVE;skills=;qualities=ACCELERATION|ANAEROBIC_REPEATABILITY","DECELERATION_LANDING|LATERAL_MOVEMENT|LOW_FATIGUE_CONTROL|ROTATION_CONTROL","ACCELERATION","HIGH","BADMINTON_FATIGUE_COST:HIGH:0.0|OFI_AXIS:HIGH_FORCE_NEURAL:17.1875|OFI_AXIS:HIGH_SPEED:73.046875|OFI_AXIS:LOCAL_MUSCULAR:37.8125|OFI_AXIS:REACTIVE:15.625|OFI_AXIS:SYSTEMIC_MUSCULAR:53.125|OFI_DOSE:DISTANCE_OR_TIME:0.0|OFI_GROUP:NOT_APPLICABLE:0.0|OFI_GROUP:NOT_APPLICABLE:0.0|OFI_GROUP:SPRINT_ACCELERATION_CONDITIONING:0.0|OFI_SCORE:HIGH_FORCE_NEURAL:21.0|OFI_SCORE:HIGH_SPEED:91.0|OFI_SCORE:LOCAL_MUSCULAR:47.0|OFI_SCORE:REACTIVE:20.0|OFI_SCORE:SYSTEMIC_MUSCULAR:66.0|OFI_SNAPSHOT:SUMMARY:66.0","","","BALANCE|FATIGUE|SESSION_LOAD","GENERAL_STRENGTH","level=GENERAL;types=GENERAL_CONDITIONING_SUPPORTIVE;skills=;qualities=ACCELERATION|ANAEROBIC_REPEATABILITY","","ACCELERATION","HIGH","BADMINTON_FATIGUE_COST:HIGH:0.0|OFI_AXIS:HIGH_FORCE_NEURAL:17.1875|OFI_AXIS:HIGH_SPEED:73.046875|OFI_AXIS:LOCAL_MUSCULAR:37.8125|OFI_AXIS:REACTIVE:15.625|OFI_AXIS:SYSTEMIC_MUSCULAR:53.125|OFI_DOSE:DISTANCE_OR_TIME:0.0|OFI_GROUP:NOT_APPLICABLE:0.0|OFI_GROUP:NOT_APPLICABLE:0.0|OFI_GROUP:SPRINT_ACCELERATION_CONDITIONING:0.0|OFI_SCORE:HIGH_FORCE_NEURAL:21.0|OFI_SCORE:HIGH_SPEED:91.0|OFI_SCORE:LOCAL_MUSCULAR:47.0|OFI_SCORE:REACTIVE:20.0|OFI_SCORE:SYSTEMIC_MUSCULAR:66.0|OFI_SNAPSHOT:SUMMARY:66.0","","","removedAxes=DECELERATION_LANDING|LATERAL_MOVEMENT|LOW_FATIGUE_CONTROL|ROTATION_CONTROL;removedObjectives=","addedAxes=;addedObjectives=","PARITY_INTENTIONAL_CORRECTION"
"ex_4aa3725a","FATIGUE|HYPERTROPHY_VOLUME|STRENGTH_VOLUME","GENERAL_STRENGTH","forceType=PUSH;plane=SAGITTAL;laterality=BILATERAL;fatigue=DELTOID_LOAD|LOCAL_MUSCLE|NEURAL_HEAVY|OVERHEAD_PUSH_STRESS|OVERHEAD_REPETITION|OVERHEAD_REPETITION_LOAD|ROTATOR_CUFF_TENDON_STRESS|SHOULDER_SCAPULAR_STABILITY_STRESS|SYSTEMIC|TRICEPS_LOAD|TRICEPS_TENDON_STRESS;muscles=ANTERIOR_DELTOID|BACK|CORE|DEEP_CORE|LATERAL_DELTOID|SCAPULAR_STABILIZERS|SHOULDER|TRICEPS;roles=GENERAL_STRENGTH_SUPPORTIVE|SHOULDER_CARE;skills=;qualities=ROTATOR_CUFF_CONTROL|SCAPULAR_CONTROL|SHOULDER_DURABILITY","RACKET_SUPPORT","","MEDIUM","BADMINTON_FATIGUE_COST:MEDIUM:0.0|OFI_AXIS:HIGH_FORCE_NEURAL:37.8125|OFI_AXIS:HIGH_SPEED:17.1875|OFI_AXIS:LOCAL_MUSCULAR:58.4375|OFI_AXIS:REACTIVE:15.625|OFI_AXIS:SYSTEMIC_MUSCULAR:29.21875|OFI_DOSE:LOAD_REPS:0.0|OFI_GROUP:OVERHEAD_PRESS_SHOULDER_DOMINANT:0.0|OFI_GROUP:OVERHEAD_PRESS_SHOULDER_DOMINANT:0.0|OFI_GROUP:OVERHEAD_PRESS_SHOULDER_DOMINANT:0.0|OFI_SCORE:HIGH_FORCE_NEURAL:47.0|OFI_SCORE:HIGH_SPEED:21.0|OFI_SCORE:LOCAL_MUSCULAR:73.0|OFI_SCORE:REACTIVE:20.0|OFI_SCORE:SYSTEMIC_MUSCULAR:37.0|OFI_SNAPSHOT:SUMMARY:43.0","","PROGRESSION:OVERHEAD_PRESS_SHOULDER_DOMINANT","FATIGUE|HYPERTROPHY_VOLUME|STRENGTH_VOLUME","GENERAL_STRENGTH","level=GENERAL;types=GENERAL_STRENGTH_SUPPORTIVE;skills=;qualities=ROTATOR_CUFF_CONTROL|SCAPULAR_CONTROL|SHOULDER_DURABILITY","","","MEDIUM","BADMINTON_FATIGUE_COST:MEDIUM:0.0|OFI_AXIS:HIGH_FORCE_NEURAL:37.8125|OFI_AXIS:HIGH_SPEED:17.1875|OFI_AXIS:LOCAL_MUSCULAR:58.4375|OFI_AXIS:REACTIVE:15.625|OFI_AXIS:SYSTEMIC_MUSCULAR:29.21875|OFI_DOSE:LOAD_REPS:0.0|OFI_GROUP:OVERHEAD_PRESS_SHOULDER_DOMINANT:0.0|OFI_GROUP:OVERHEAD_PRESS_SHOULDER_DOMINANT:0.0|OFI_GROUP:OVERHEAD_PRESS_SHOULDER_DOMINANT:0.0|OFI_SCORE:HIGH_FORCE_NEURAL:47.0|OFI_SCORE:HIGH_SPEED:21.0|OFI_SCORE:LOCAL_MUSCULAR:73.0|OFI_SCORE:REACTIVE:20.0|OFI_SCORE:SYSTEMIC_MUSCULAR:37.0|OFI_SNAPSHOT:SUMMARY:43.0","","PROGRESSION:OVERHEAD_PRESS_SHOULDER_DOMINANT","removedAxes=RACKET_SUPPORT;removedObjectives=","addedAxes=;addedObjectives=","PARITY_INTENTIONAL_CORRECTION"
"ex_4c76dbb2","BALANCE|FATIGUE|HYPERTROPHY_VOLUME|STRENGTH_PROGRESS","GENERAL_STRENGTH","forceType=HINGE;plane=SAGITTAL;laterality=BILATERAL;fatigue=CORE_BRACING_LOAD|GLUTE_LOAD|HAMSTRING_LOAD|HAMSTRING_TENDON_STRESS|HINGE_POSTERIOR_CHAIN_STRESS|HIP_ROTATIONAL_CONTROL_STRESS|LOCAL_MUSCLE|LUMBOPELVIC_CONTROL_STRESS|NEURAL_HEAVY|SYSTEMIC;muscles=CORE|DEEP_CORE|ERECTOR_SPINAE|GLUTE|HAMSTRING;roles=GENERAL_STRENGTH_SUPPORTIVE;skills=;qualities=HIP_KNEE_EXTENSION_STRENGTH|LOWER_BODY_FORCE","UNILATERAL_STABILITY","","HIGH","BADMINTON_FATIGUE_COST:HIGH:0.0|OFI_AXIS:HIGH_FORCE_NEURAL:17.1875|OFI_AXIS:HIGH_SPEED:17.1875|OFI_AXIS:LOCAL_MUSCULAR:58.4375|OFI_AXIS:REACTIVE:15.625|OFI_AXIS:SYSTEMIC_MUSCULAR:29.21875|OFI_DOSE:VOLUME_LOAD:0.0|OFI_GROUP:HIP_EXTENSION_ACCESSORY:0.0|OFI_GROUP:HIP_EXTENSION_ACCESSORY:0.0|OFI_GROUP:HIP_EXTENSION_ACCESSORY:0.0|OFI_SCORE:HIGH_FORCE_NEURAL:21.0|OFI_SCORE:HIGH_SPEED:21.0|OFI_SCORE:LOCAL_MUSCULAR:73.0|OFI_SCORE:REACTIVE:20.0|OFI_SCORE:SYSTEMIC_MUSCULAR:37.0|OFI_SNAPSHOT:SUMMARY:41.0","","PROGRESSION:HIP_EXTENSION_ACCESSORY","BALANCE|FATIGUE|HYPERTROPHY_VOLUME|STRENGTH_PROGRESS","GENERAL_STRENGTH","level=GENERAL;types=GENERAL_STRENGTH_SUPPORTIVE;skills=;qualities=HIP_KNEE_EXTENSION_STRENGTH|LOWER_BODY_FORCE","","","HIGH","BADMINTON_FATIGUE_COST:HIGH:0.0|OFI_AXIS:HIGH_FORCE_NEURAL:17.1875|OFI_AXIS:HIGH_SPEED:17.1875|OFI_AXIS:LOCAL_MUSCULAR:58.4375|OFI_AXIS:REACTIVE:15.625|OFI_AXIS:SYSTEMIC_MUSCULAR:29.21875|OFI_DOSE:VOLUME_LOAD:0.0|OFI_GROUP:HIP_EXTENSION_ACCESSORY:0.0|OFI_GROUP:HIP_EXTENSION_ACCESSORY:0.0|OFI_GROUP:HIP_EXTENSION_ACCESSORY:0.0|OFI_SCORE:HIGH_FORCE_NEURAL:21.0|OFI_SCORE:HIGH_SPEED:21.0|OFI_SCORE:LOCAL_MUSCULAR:73.0|OFI_SCORE:REACTIVE:20.0|OFI_SCORE:SYSTEMIC_MUSCULAR:37.0|OFI_SNAPSHOT:SUMMARY:41.0","","PROGRESSION:HIP_EXTENSION_ACCESSORY","removedAxes=UNILATERAL_STABILITY;removedObjectives=","addedAxes=;addedObjectives=","PARITY_INTENTIONAL_CORRECTION"
"ex_4c779df2","FATIGUE|HYPERTROPHY_VOLUME","NONE","forceType=BRACE;plane=TRANSVERSE;laterality=BILATERAL;fatigue=ANTI_ROTATION|ISOLATION_ACCESSORY_STRESS|LOCAL_MUSCLE|NEURAL_HEAVY|PECTORAL_LOCAL_LOAD|PECTORAL_TENDON_STRESS|SHOULDER_SCAPULAR_STABILITY_STRESS|SYSTEMIC;muscles=ANTERIOR_DELTOID|CHEST|CORE|DEEP_CORE;roles=ANTI_ROTATION_STABILITY;skills=;qualities=","LOW_FATIGUE_CONTROL|ROTATION_CONTROL","","MEDIUM","BADMINTON_FATIGUE_COST:MEDIUM:0.0|OFI_AXIS:HIGH_FORCE_NEURAL:17.1875|OFI_AXIS:HIGH_SPEED:17.1875|OFI_AXIS:LOCAL_MUSCULAR:58.4375|OFI_AXIS:REACTIVE:15.625|OFI_AXIS:SYSTEMIC_MUSCULAR:10.9375|OFI_DOSE:LOAD_REPS:0.0|OFI_GROUP:CHEST_FLY_ISOLATION:0.0|OFI_GROUP:CHEST_FLY_ISOLATION:0.0|OFI_GROUP:CHEST_FLY_ISOLATION:0.0|OFI_SCORE:HIGH_FORCE_NEURAL:21.0|OFI_SCORE:HIGH_SPEED:21.0|OFI_SCORE:LOCAL_MUSCULAR:73.0|OFI_SCORE:REACTIVE:20.0|OFI_SCORE:SYSTEMIC_MUSCULAR:14.0|OFI_SNAPSHOT:SUMMARY:39.0","","PROGRESSION:CHEST_FLY_ISOLATION","FATIGUE|HYPERTROPHY_VOLUME","NONE","level=NONE;types=;skills=;qualities=","","","MEDIUM","BADMINTON_FATIGUE_COST:MEDIUM:0.0|OFI_AXIS:HIGH_FORCE_NEURAL:17.1875|OFI_AXIS:HIGH_SPEED:17.1875|OFI_AXIS:LOCAL_MUSCULAR:58.4375|OFI_AXIS:REACTIVE:15.625|OFI_AXIS:SYSTEMIC_MUSCULAR:10.9375|OFI_DOSE:LOAD_REPS:0.0|OFI_GROUP:CHEST_FLY_ISOLATION:0.0|OFI_GROUP:CHEST_FLY_ISOLATION:0.0|OFI_GROUP:CHEST_FLY_ISOLATION:0.0|OFI_SCORE:HIGH_FORCE_NEURAL:21.0|OFI_SCORE:HIGH_SPEED:21.0|OFI_SCORE:LOCAL_MUSCULAR:73.0|OFI_SCORE:REACTIVE:20.0|OFI_SCORE:SYSTEMIC_MUSCULAR:14.0|OFI_SNAPSHOT:SUMMARY:39.0","","PROGRESSION:CHEST_FLY_ISOLATION","removedAxes=LOW_FATIGUE_CONTROL|ROTATION_CONTROL;removedObjectives=","addedAxes=;addedObjectives=","PARITY_INTENTIONAL_CORRECTION"
"ex_5004ca76","BADMINTON_TRANSFER|BALANCE|FATIGUE","DIRECT","forceType=ACCELERATE;plane=MULTI_PLANAR;laterality=UNILATERAL;fatigue=ACHILLES_TENDON_STRESS|BADMINTON_DIRECT_TRANSFER|BADMINTON_FOOTWORK|COURT_DECELERATION_IMPACT|COURT_SPORT_MOVEMENT_STRESS|DECELERATION|DECELERATION_LOAD|DECISION_MAKING_LOAD|ELASTIC_SSC|ELASTIC_SSC_LOAD|HIP_ROTATIONAL_CONTROL_STRESS|KNEE_ANKLE_STABILITY_STRESS|LOCAL_MUSCLE|NEURAL_HEAVY|NEURAL_SPEED|NEURAL_SPEED_LOAD|PATELLAR_TENDON_STRESS|REACTION_LOAD|SYSTEMIC|VISUAL_TRACKING_LOAD;muscles=CORE|DEEP_CORE;roles=ACCELERATION|CHANGE_OF_DIRECTION_DIRECT|DECELERATION|FOOTWORK|FOOTWORK_DIRECT|REACTION|REACTION_DECISION_DIRECT;skills=CHANGE_OF_DIRECTION|DEFENSIVE_COVERAGE|FIRST_STEP|SPLIT_STEP;qualities=ANKLE_STIFFNESS|DECELERATION|FIRST_STEP|MULTI_DIRECTION|REACTION_RANDOM|REACTIVE_AGILITY|RECOVERY_STEP|SINGLE_LEG_STABILITY","DECELERATION_LANDING|LATERAL_MOVEMENT|UNILATERAL_STABILITY","ACCELERATION|DECELERATION|FOOTWORK|REACTION","HIGH","BADMINTON_FATIGUE_COST:HIGH:0.0|OFI_AXIS:HIGH_FORCE_NEURAL:17.1875|OFI_AXIS:HIGH_SPEED:85.9375|OFI_AXIS:LOCAL_MUSCULAR:58.4375|OFI_AXIS:REACTIVE:93.75|OFI_AXIS:SYSTEMIC_MUSCULAR:53.125|OFI_CAUTION:HIGH_SPEED_CAUTION:0.0|OFI_CAUTION:REACTIVE_CAUTION:0.0|OFI_DOSE:DISTANCE_OR_TIME:0.0|OFI_GROUP:BADMINTON_COURT_FOOTWORK:0.0|OFI_GROUP:NOT_APPLICABLE:0.0|OFI_GROUP:NOT_APPLICABLE:0.0|OFI_SCORE:HIGH_FORCE_NEURAL:21.0|OFI_SCORE:HIGH_SPEED:100.0|OFI_SCORE:LOCAL_MUSCULAR:73.0|OFI_SCORE:REACTIVE:100.0|OFI_SCORE:SYSTEMIC_MUSCULAR:66.0|OFI_SNAPSHOT:SUMMARY:83.0","","","BADMINTON_TRANSFER|BALANCE|FATIGUE","DIRECT","level=DIRECT;types=CHANGE_OF_DIRECTION_DIRECT|FOOTWORK_DIRECT|REACTION_DECISION_DIRECT;skills=CHANGE_OF_DIRECTION|DEFENSIVE_COVERAGE|FIRST_STEP|SPLIT_STEP;qualities=ANKLE_STIFFNESS|DECELERATION|REACTIVE_AGILITY|SINGLE_LEG_STABILITY","DECELERATION_LANDING|LATERAL_MOVEMENT","ACCELERATION|DECELERATION|FOOTWORK","HIGH","BADMINTON_FATIGUE_COST:HIGH:0.0|OFI_AXIS:HIGH_FORCE_NEURAL:17.1875|OFI_AXIS:HIGH_SPEED:85.9375|OFI_AXIS:LOCAL_MUSCULAR:58.4375|OFI_AXIS:REACTIVE:93.75|OFI_AXIS:SYSTEMIC_MUSCULAR:53.125|OFI_CAUTION:HIGH_SPEED_CAUTION:0.0|OFI_CAUTION:REACTIVE_CAUTION:0.0|OFI_DOSE:DISTANCE_OR_TIME:0.0|OFI_GROUP:BADMINTON_COURT_FOOTWORK:0.0|OFI_GROUP:NOT_APPLICABLE:0.0|OFI_GROUP:NOT_APPLICABLE:0.0|OFI_SCORE:HIGH_FORCE_NEURAL:21.0|OFI_SCORE:HIGH_SPEED:100.0|OFI_SCORE:LOCAL_MUSCULAR:73.0|OFI_SCORE:REACTIVE:100.0|OFI_SCORE:SYSTEMIC_MUSCULAR:66.0|OFI_SNAPSHOT:SUMMARY:83.0","","","removedAxes=UNILATERAL_STABILITY;removedObjectives=REACTION","addedAxes=;addedObjectives=","PARITY_INTENTIONAL_CORRECTION"
"ex_5322f2d1","BALANCE|FATIGUE|HYPERTROPHY_VOLUME","NONE","forceType=BRACE;plane=SAGITTAL;laterality=UNILATERAL;fatigue=ANTI_ROTATION|ELBOW_EXTENSION_LOAD|ELBOW_TENDON_STRESS|GRIP_FOREARM|ISOLATION_ACCESSORY_STRESS|LOCAL_MUSCLE|NEURAL_HEAVY|SYSTEMIC|TRICEPS_LOCAL_LOAD|TRICEPS_TENDON_STRESS;muscles=CORE|FOREARM|TRICEPS;roles=ANTI_ROTATION_STABILITY|GRIP_FOREARM;skills=;qualities=","LOW_FATIGUE_CONTROL|RACKET_SUPPORT|ROTATION_CONTROL|UNILATERAL_STABILITY","","MEDIUM","BADMINTON_FATIGUE_COST:MEDIUM:0.0|OFI_AXIS:HIGH_FORCE_NEURAL:17.1875|OFI_AXIS:HIGH_SPEED:17.1875|OFI_AXIS:LOCAL_MUSCULAR:58.4375|OFI_AXIS:REACTIVE:15.625|OFI_AXIS:SYSTEMIC_MUSCULAR:10.9375|OFI_DOSE:VOLUME_LOAD:0.0|OFI_GROUP:ELBOW_EXTENSION_TRICEPS:0.0|OFI_GROUP:ELBOW_EXTENSION_TRICEPS:0.0|OFI_GROUP:ELBOW_EXTENSION_TRICEPS:0.0|OFI_SCORE:HIGH_FORCE_NEURAL:21.0|OFI_SCORE:HIGH_SPEED:21.0|OFI_SCORE:LOCAL_MUSCULAR:73.0|OFI_SCORE:REACTIVE:20.0|OFI_SCORE:SYSTEMIC_MUSCULAR:14.0|OFI_SNAPSHOT:SUMMARY:39.0","SLOT:ACCESSORY_SLOT","PROGRESSION:ELBOW_EXTENSION_TRICEPS","BALANCE|FATIGUE|HYPERTROPHY_VOLUME","NONE","level=NONE;types=;skills=;qualities=","","","MEDIUM","BADMINTON_FATIGUE_COST:MEDIUM:0.0|OFI_AXIS:HIGH_FORCE_NEURAL:17.1875|OFI_AXIS:HIGH_SPEED:17.1875|OFI_AXIS:LOCAL_MUSCULAR:58.4375|OFI_AXIS:REACTIVE:15.625|OFI_AXIS:SYSTEMIC_MUSCULAR:10.9375|OFI_DOSE:VOLUME_LOAD:0.0|OFI_GROUP:ELBOW_EXTENSION_TRICEPS:0.0|OFI_GROUP:ELBOW_EXTENSION_TRICEPS:0.0|OFI_GROUP:ELBOW_EXTENSION_TRICEPS:0.0|OFI_SCORE:HIGH_FORCE_NEURAL:21.0|OFI_SCORE:HIGH_SPEED:21.0|OFI_SCORE:LOCAL_MUSCULAR:73.0|OFI_SCORE:REACTIVE:20.0|OFI_SCORE:SYSTEMIC_MUSCULAR:14.0|OFI_SNAPSHOT:SUMMARY:39.0","SLOT:ACCESSORY_SLOT","PROGRESSION:ELBOW_EXTENSION_TRICEPS","removedAxes=LOW_FATIGUE_CONTROL|RACKET_SUPPORT|ROTATION_CONTROL|UNILATERAL_STABILITY;removedObjectives=","addedAxes=;addedObjectives=","PARITY_INTENTIONAL_CORRECTION"
"ex_5c8751d2","BADMINTON_SUPPORTIVE|BALANCE|FATIGUE|HYPERTROPHY_VOLUME","SUPPORTIVE","forceType=BRACE;plane=SAGITTAL;laterality=BILATERAL;fatigue=ACHILLES_TENDON_STRESS|ANKLE_EVERSION_CONTROL_STRESS|CALF_ANKLE_SSC_LOAD|ELASTIC_SSC|ISOLATION_ACCESSORY_STRESS|LOCAL_MUSCLE|NEURAL_HEAVY|SYSTEMIC;muscles=CALF|CORE;roles=ANKLE_CALF_SSC_SUPPORTIVE;skills=CHANGE_OF_DIRECTION|FIRST_STEP|SPLIT_STEP;qualities=ACCELERATION|ANKLE_STIFFNESS|CALF_ELASTICITY","DECELERATION_LANDING|LATERAL_MOVEMENT|LOW_FATIGUE_CONTROL|ROTATION_CONTROL","ACCELERATION|FOOTWORK","LOW","BADMINTON_FATIGUE_COST:LOW:0.0|OFI_AXIS:HIGH_FORCE_NEURAL:17.1875|OFI_AXIS:HIGH_SPEED:70.125|OFI_AXIS:LOCAL_MUSCULAR:58.4375|OFI_AXIS:REACTIVE:63.75|OFI_AXIS:SYSTEMIC_MUSCULAR:15.625|OFI_DOSE:VOLUME_LOAD:0.0|OFI_GROUP:CALF_ACHILLES_ANKLE_STIFFNESS:0.0|OFI_GROUP:CALF_ACHILLES_ANKLE_STIFFNESS:0.0|OFI_GROUP:CALF_ACHILLES_ANKLE_STIFFNESS:0.0|OFI_SCORE:HIGH_FORCE_NEURAL:21.0|OFI_SCORE:HIGH_SPEED:88.0|OFI_SCORE:LOCAL_MUSCULAR:73.0|OFI_SCORE:REACTIVE:80.0|OFI_SCORE:SYSTEMIC_MUSCULAR:20.0|OFI_SNAPSHOT:SUMMARY:72.0","","PROGRESSION:CALF_ACHILLES_ANKLE_STIFFNESS","BADMINTON_SUPPORTIVE|BALANCE|FATIGUE|HYPERTROPHY_VOLUME","SUPPORTIVE","level=SUPPORTIVE;types=ANKLE_CALF_SSC_SUPPORTIVE;skills=CHANGE_OF_DIRECTION|FIRST_STEP|SPLIT_STEP;qualities=ACCELERATION|ANKLE_STIFFNESS|CALF_ELASTICITY","","ACCELERATION|FOOTWORK","LOW","BADMINTON_FATIGUE_COST:LOW:0.0|OFI_AXIS:HIGH_FORCE_NEURAL:17.1875|OFI_AXIS:HIGH_SPEED:70.125|OFI_AXIS:LOCAL_MUSCULAR:58.4375|OFI_AXIS:REACTIVE:63.75|OFI_AXIS:SYSTEMIC_MUSCULAR:15.625|OFI_DOSE:VOLUME_LOAD:0.0|OFI_GROUP:CALF_ACHILLES_ANKLE_STIFFNESS:0.0|OFI_GROUP:CALF_ACHILLES_ANKLE_STIFFNESS:0.0|OFI_GROUP:CALF_ACHILLES_ANKLE_STIFFNESS:0.0|OFI_SCORE:HIGH_FORCE_NEURAL:21.0|OFI_SCORE:HIGH_SPEED:88.0|OFI_SCORE:LOCAL_MUSCULAR:73.0|OFI_SCORE:REACTIVE:80.0|OFI_SCORE:SYSTEMIC_MUSCULAR:20.0|OFI_SNAPSHOT:SUMMARY:72.0","","PROGRESSION:CALF_ACHILLES_ANKLE_STIFFNESS","removedAxes=DECELERATION_LANDING|LATERAL_MOVEMENT|LOW_FATIGUE_CONTROL|ROTATION_CONTROL;removedObjectives=","addedAxes=;addedObjectives=","PARITY_INTENTIONAL_CORRECTION"
"ex_5ca7133f","BADMINTON_SUPPORTIVE|BALANCE|FATIGUE|HYPERTROPHY_VOLUME","SUPPORTIVE","forceType=BRACE;plane=SAGITTAL;laterality=UNILATERAL;fatigue=ACHILLES_TENDON_STRESS|ANKLE_EVERSION_CONTROL_STRESS|CALF_ANKLE_SSC_LOAD|ELASTIC_SSC|ISOLATION_ACCESSORY_STRESS|LOCAL_MUSCLE|NEURAL_HEAVY|SYSTEMIC;muscles=CALF|CORE;roles=ANKLE_CALF_SSC_SUPPORTIVE;skills=CHANGE_OF_DIRECTION|FIRST_STEP|SPLIT_STEP;qualities=ACCELERATION|ANKLE_STIFFNESS|CALF_ELASTICITY","DECELERATION_LANDING|LATERAL_MOVEMENT|LOW_FATIGUE_CONTROL|ROTATION_CONTROL|UNILATERAL_STABILITY","ACCELERATION|FOOTWORK","LOW","BADMINTON_FATIGUE_COST:LOW:0.0|OFI_AXIS:HIGH_FORCE_NEURAL:17.1875|OFI_AXIS:HIGH_SPEED:70.125|OFI_AXIS:LOCAL_MUSCULAR:58.4375|OFI_AXIS:REACTIVE:63.75|OFI_AXIS:SYSTEMIC_MUSCULAR:15.625|OFI_DOSE:VOLUME_LOAD:0.0|OFI_GROUP:CALF_ACHILLES_ANKLE_STIFFNESS:0.0|OFI_GROUP:CALF_ACHILLES_ANKLE_STIFFNESS:0.0|OFI_GROUP:CALF_ACHILLES_ANKLE_STIFFNESS:0.0|OFI_SCORE:HIGH_FORCE_NEURAL:21.0|OFI_SCORE:HIGH_SPEED:88.0|OFI_SCORE:LOCAL_MUSCULAR:73.0|OFI_SCORE:REACTIVE:80.0|OFI_SCORE:SYSTEMIC_MUSCULAR:20.0|OFI_SNAPSHOT:SUMMARY:72.0","SLOT:ACCESSORY_SLOT","PROGRESSION:CALF_ACHILLES_ANKLE_STIFFNESS","BADMINTON_SUPPORTIVE|BALANCE|FATIGUE|HYPERTROPHY_VOLUME","SUPPORTIVE","level=SUPPORTIVE;types=ANKLE_CALF_SSC_SUPPORTIVE;skills=CHANGE_OF_DIRECTION|FIRST_STEP|SPLIT_STEP;qualities=ACCELERATION|ANKLE_STIFFNESS|CALF_ELASTICITY","","ACCELERATION|FOOTWORK","LOW","BADMINTON_FATIGUE_COST:LOW:0.0|OFI_AXIS:HIGH_FORCE_NEURAL:17.1875|OFI_AXIS:HIGH_SPEED:70.125|OFI_AXIS:LOCAL_MUSCULAR:58.4375|OFI_AXIS:REACTIVE:63.75|OFI_AXIS:SYSTEMIC_MUSCULAR:15.625|OFI_DOSE:VOLUME_LOAD:0.0|OFI_GROUP:CALF_ACHILLES_ANKLE_STIFFNESS:0.0|OFI_GROUP:CALF_ACHILLES_ANKLE_STIFFNESS:0.0|OFI_GROUP:CALF_ACHILLES_ANKLE_STIFFNESS:0.0|OFI_SCORE:HIGH_FORCE_NEURAL:21.0|OFI_SCORE:HIGH_SPEED:88.0|OFI_SCORE:LOCAL_MUSCULAR:73.0|OFI_SCORE:REACTIVE:80.0|OFI_SCORE:SYSTEMIC_MUSCULAR:20.0|OFI_SNAPSHOT:SUMMARY:72.0","SLOT:ACCESSORY_SLOT","PROGRESSION:CALF_ACHILLES_ANKLE_STIFFNESS","removedAxes=DECELERATION_LANDING|LATERAL_MOVEMENT|LOW_FATIGUE_CONTROL|ROTATION_CONTROL|UNILATERAL_STABILITY;removedObjectives=","addedAxes=;addedObjectives=","PARITY_INTENTIONAL_CORRECTION"
"ex_6232f4bc","BADMINTON_SUPPORTIVE|FATIGUE|STRENGTH_VOLUME","SUPPORTIVE","forceType=SQUAT;plane=SAGITTAL;laterality=UNILATERAL;fatigue=GLUTE_LOAD|HIP_ROTATIONAL_CONTROL_STRESS|HIP_STABILITY_LOAD|KNEE_ANKLE_STABILITY_STRESS|LOCAL_MUSCLE|NEURAL_HEAVY|PATELLAR_TENDON_STRESS|QUADRICEPS_LOAD|SYSTEMIC|UNILATERAL_LOWER_STABILITY_STRESS;muscles=CORE|DEEP_CORE|GLUTE;roles=LOWER_BODY_SUPPORTIVE;skills=CHANGE_OF_DIRECTION|FIRST_STEP;qualities=FRONTAL_PLANE_CONTROL|HIP_CONTROL|HIP_KNEE_EXTENSION_STRENGTH|LOWER_BODY_FORCE|SINGLE_LEG_STABILITY","LOW_FATIGUE_CONTROL|UNILATERAL_STABILITY","ACCELERATION","HIGH","BADMINTON_FATIGUE_COST:HIGH:0.0|OFI_AXIS:HIGH_FORCE_NEURAL:17.1875|OFI_AXIS:HIGH_SPEED:70.125|OFI_AXIS:LOCAL_MUSCULAR:58.4375|OFI_AXIS:REACTIVE:63.75|OFI_AXIS:SYSTEMIC_MUSCULAR:29.21875|OFI_DOSE:LOAD_REPS:0.0|OFI_GROUP:STEP_UP_SINGLE_LEG_KNEE_HIP_EXTENSION:0.0|OFI_GROUP:STEP_UP_SINGLE_LEG_KNEE_HIP_EXTENSION:0.0|OFI_GROUP:STEP_UP_SINGLE_LEG_KNEE_HIP_EXTENSION:0.0|OFI_SCORE:HIGH_FORCE_NEURAL:21.0|OFI_SCORE:HIGH_SPEED:88.0|OFI_SCORE:LOCAL_MUSCULAR:73.0|OFI_SCORE:REACTIVE:80.0|OFI_SCORE:SYSTEMIC_MUSCULAR:37.0|OFI_SNAPSHOT:SUMMARY:74.0","","PROGRESSION:STEP_UP_SINGLE_LEG_KNEE_HIP_EXTENSION","BADMINTON_SUPPORTIVE|FATIGUE|STRENGTH_VOLUME","SUPPORTIVE","level=SUPPORTIVE;types=LOWER_BODY_SUPPORTIVE;skills=CHANGE_OF_DIRECTION|FIRST_STEP;qualities=FRONTAL_PLANE_CONTROL|HIP_CONTROL|HIP_KNEE_EXTENSION_STRENGTH|LOWER_BODY_FORCE|SINGLE_LEG_STABILITY","","ACCELERATION","HIGH","BADMINTON_FATIGUE_COST:HIGH:0.0|OFI_AXIS:HIGH_FORCE_NEURAL:17.1875|OFI_AXIS:HIGH_SPEED:70.125|OFI_AXIS:LOCAL_MUSCULAR:58.4375|OFI_AXIS:REACTIVE:63.75|OFI_AXIS:SYSTEMIC_MUSCULAR:29.21875|OFI_DOSE:LOAD_REPS:0.0|OFI_GROUP:STEP_UP_SINGLE_LEG_KNEE_HIP_EXTENSION:0.0|OFI_GROUP:STEP_UP_SINGLE_LEG_KNEE_HIP_EXTENSION:0.0|OFI_GROUP:STEP_UP_SINGLE_LEG_KNEE_HIP_EXTENSION:0.0|OFI_SCORE:HIGH_FORCE_NEURAL:21.0|OFI_SCORE:HIGH_SPEED:88.0|OFI_SCORE:LOCAL_MUSCULAR:73.0|OFI_SCORE:REACTIVE:80.0|OFI_SCORE:SYSTEMIC_MUSCULAR:37.0|OFI_SNAPSHOT:SUMMARY:74.0","","PROGRESSION:STEP_UP_SINGLE_LEG_KNEE_HIP_EXTENSION","removedAxes=LOW_FATIGUE_CONTROL|UNILATERAL_STABILITY;removedObjectives=","addedAxes=;addedObjectives=","PARITY_INTENTIONAL_CORRECTION"
"ex_64422511","BADMINTON_TRANSFER|BALANCE|FATIGUE","DIRECT","forceType=ACCELERATE;plane=MULTI_PLANAR;laterality=UNILATERAL;fatigue=ACHILLES_TENDON_STRESS|BADMINTON_DIRECT_TRANSFER|BADMINTON_FOOTWORK|COURT_DECELERATION_IMPACT|COURT_SPORT_MOVEMENT_STRESS|DECELERATION|DECELERATION_LOAD|DECISION_MAKING_LOAD|ELASTIC_SSC|ELASTIC_SSC_LOAD|HIP_ROTATIONAL_CONTROL_STRESS|KNEE_ANKLE_STABILITY_STRESS|LOCAL_MUSCLE|NEURAL_HEAVY|NEURAL_SPEED|NEURAL_SPEED_LOAD|PATELLAR_TENDON_STRESS|REACTION_LOAD|SYSTEMIC|VISUAL_TRACKING_LOAD;muscles=CORE|DEEP_CORE;roles=CHANGE_OF_DIRECTION_DIRECT|DECELERATION|FOOTWORK|FOOTWORK_DIRECT|REACTION|REACTION_DECISION_DIRECT;skills=CHANGE_OF_DIRECTION|DEFENSIVE_COVERAGE|FIRST_STEP|SPLIT_STEP;qualities=ANKLE_STIFFNESS|DECELERATION|FIRST_STEP|MULTI_DIRECTION|REACTION_RANDOM|REACTIVE_AGILITY|RECOVERY_STEP|SINGLE_LEG_STABILITY","DECELERATION_LANDING|LATERAL_MOVEMENT|UNILATERAL_STABILITY","ACCELERATION|DECELERATION|FOOTWORK|REACTION","HIGH","BADMINTON_FATIGUE_COST:HIGH:0.0|OFI_AXIS:HIGH_FORCE_NEURAL:17.1875|OFI_AXIS:HIGH_SPEED:85.9375|OFI_AXIS:LOCAL_MUSCULAR:58.4375|OFI_AXIS:REACTIVE:93.75|OFI_AXIS:SYSTEMIC_MUSCULAR:53.125|OFI_CAUTION:HIGH_SPEED_CAUTION:0.0|OFI_CAUTION:REACTIVE_CAUTION:0.0|OFI_DOSE:DISTANCE_OR_TIME:0.0|OFI_GROUP:BADMINTON_COURT_FOOTWORK:0.0|OFI_GROUP:NOT_APPLICABLE:0.0|OFI_GROUP:NOT_APPLICABLE:0.0|OFI_SCORE:HIGH_FORCE_NEURAL:21.0|OFI_SCORE:HIGH_SPEED:100.0|OFI_SCORE:LOCAL_MUSCULAR:73.0|OFI_SCORE:REACTIVE:100.0|OFI_SCORE:SYSTEMIC_MUSCULAR:66.0|OFI_SNAPSHOT:SUMMARY:83.0","","","BADMINTON_TRANSFER|BALANCE|FATIGUE","DIRECT","level=DIRECT;types=CHANGE_OF_DIRECTION_DIRECT|FOOTWORK_DIRECT|REACTION_DECISION_DIRECT;skills=CHANGE_OF_DIRECTION|DEFENSIVE_COVERAGE|FIRST_STEP|SPLIT_STEP;qualities=ANKLE_STIFFNESS|DECELERATION|REACTIVE_AGILITY|SINGLE_LEG_STABILITY","DECELERATION_LANDING|LATERAL_MOVEMENT","ACCELERATION|DECELERATION|FOOTWORK","HIGH","BADMINTON_FATIGUE_COST:HIGH:0.0|OFI_AXIS:HIGH_FORCE_NEURAL:17.1875|OFI_AXIS:HIGH_SPEED:85.9375|OFI_AXIS:LOCAL_MUSCULAR:58.4375|OFI_AXIS:REACTIVE:93.75|OFI_AXIS:SYSTEMIC_MUSCULAR:53.125|OFI_CAUTION:HIGH_SPEED_CAUTION:0.0|OFI_CAUTION:REACTIVE_CAUTION:0.0|OFI_DOSE:DISTANCE_OR_TIME:0.0|OFI_GROUP:BADMINTON_COURT_FOOTWORK:0.0|OFI_GROUP:NOT_APPLICABLE:0.0|OFI_GROUP:NOT_APPLICABLE:0.0|OFI_SCORE:HIGH_FORCE_NEURAL:21.0|OFI_SCORE:HIGH_SPEED:100.0|OFI_SCORE:LOCAL_MUSCULAR:73.0|OFI_SCORE:REACTIVE:100.0|OFI_SCORE:SYSTEMIC_MUSCULAR:66.0|OFI_SNAPSHOT:SUMMARY:83.0","","","removedAxes=UNILATERAL_STABILITY;removedObjectives=REACTION","addedAxes=;addedObjectives=","PARITY_INTENTIONAL_CORRECTION"
"ex_644e0f9d","ACCESSORY_VOLUME|FATIGUE","GENERAL_STRENGTH","forceType=BRACE;plane=SAGITTAL;laterality=BILATERAL;fatigue=ANTERIOR_CORE_LOAD|ANTI_ROTATION|DYNAMIC_CORE_FLEXION_STRESS|HIP_FLEXION_LOAD|LOCAL_MUSCLE|LUMBOPELVIC_CONTROL_STRESS|NEURAL_HEAVY|SYSTEMIC;muscles=CORE|DEEP_CORE;roles=ANTI_ROTATION_STABILITY|GENERAL_STRENGTH_SUPPORTIVE;skills=;qualities=CORE_BRACING","LOW_FATIGUE_CONTROL|ROTATION_CONTROL","","HIGH","BADMINTON_FATIGUE_COST:HIGH:0.0|OFI_AXIS:HIGH_FORCE_NEURAL:17.1875|OFI_AXIS:HIGH_SPEED:17.1875|OFI_AXIS:LOCAL_MUSCULAR:58.4375|OFI_AXIS:REACTIVE:15.625|OFI_AXIS:SYSTEMIC_MUSCULAR:13.28125|OFI_DOSE:REPS_OR_TIME:0.0|OFI_GROUP:ANTERIOR_CORE_FLEXION:0.0|OFI_GROUP:ANTERIOR_CORE_FLEXION:0.0|OFI_GROUP:ANTERIOR_CORE_FLEXION:0.0|OFI_SCORE:HIGH_FORCE_NEURAL:21.0|OFI_SCORE:HIGH_SPEED:21.0|OFI_SCORE:LOCAL_MUSCULAR:73.0|OFI_SCORE:REACTIVE:20.0|OFI_SCORE:SYSTEMIC_MUSCULAR:17.0|OFI_SNAPSHOT:SUMMARY:39.0","","PROGRESSION:ANTERIOR_CORE_FLEXION","ACCESSORY_VOLUME|FATIGUE","GENERAL_STRENGTH","level=GENERAL;types=GENERAL_STRENGTH_SUPPORTIVE;skills=;qualities=CORE_BRACING","","","HIGH","BADMINTON_FATIGUE_COST:HIGH:0.0|OFI_AXIS:HIGH_FORCE_NEURAL:17.1875|OFI_AXIS:HIGH_SPEED:17.1875|OFI_AXIS:LOCAL_MUSCULAR:58.4375|OFI_AXIS:REACTIVE:15.625|OFI_AXIS:SYSTEMIC_MUSCULAR:13.28125|OFI_DOSE:REPS_OR_TIME:0.0|OFI_GROUP:ANTERIOR_CORE_FLEXION:0.0|OFI_GROUP:ANTERIOR_CORE_FLEXION:0.0|OFI_GROUP:ANTERIOR_CORE_FLEXION:0.0|OFI_SCORE:HIGH_FORCE_NEURAL:21.0|OFI_SCORE:HIGH_SPEED:21.0|OFI_SCORE:LOCAL_MUSCULAR:73.0|OFI_SCORE:REACTIVE:20.0|OFI_SCORE:SYSTEMIC_MUSCULAR:17.0|OFI_SNAPSHOT:SUMMARY:39.0","","PROGRESSION:ANTERIOR_CORE_FLEXION","removedAxes=LOW_FATIGUE_CONTROL|ROTATION_CONTROL;removedObjectives=","addedAxes=;addedObjectives=","PARITY_INTENTIONAL_CORRECTION"
"ex_6463edad","BALANCE|FATIGUE|HYPERTROPHY_VOLUME|STRENGTH_PROGRESS","NONE","forceType=BRACE;plane=SAGITTAL;laterality=BILATERAL;fatigue=ANTI_ROTATION|DIP_PUSH_STRESS|LOCAL_MUSCLE|NEURAL_HEAVY|PECTORAL_LOAD|PECTORAL_TENDON_STRESS|SHOULDER_EXTENSION_LOAD|SHOULDER_EXTENSION_STABILITY_STRESS|SYSTEMIC|TRICEPS_LOAD|TRICEPS_TENDON_STRESS;muscles=ANTERIOR_DELTOID|CHEST|CORE|DEEP_CORE|TRICEPS;roles=ANTI_ROTATION_STABILITY;skills=;qualities=","LOW_FATIGUE_CONTROL|ROTATION_CONTROL","","MEDIUM","BADMINTON_FATIGUE_COST:MEDIUM:0.0|OFI_AXIS:HIGH_FORCE_NEURAL:37.8125|OFI_AXIS:HIGH_SPEED:17.1875|OFI_AXIS:LOCAL_MUSCULAR:58.4375|OFI_AXIS:REACTIVE:15.625|OFI_AXIS:SYSTEMIC_MUSCULAR:34.375|OFI_DOSE:LOAD_REPS:0.0|OFI_GROUP:DIP_COMPOUND_PUSH:0.0|OFI_GROUP:DIP_COMPOUND_PUSH:0.0|OFI_GROUP:DIP_COMPOUND_PUSH:0.0|OFI_SCORE:HIGH_FORCE_NEURAL:47.0|OFI_SCORE:HIGH_SPEED:21.0|OFI_SCORE:LOCAL_MUSCULAR:73.0|OFI_SCORE:REACTIVE:20.0|OFI_SCORE:SYSTEMIC_MUSCULAR:43.0|OFI_SNAPSHOT:SUMMARY:44.0","","PROGRESSION:DIP_COMPOUND_PUSH","BALANCE|FATIGUE|HYPERTROPHY_VOLUME|STRENGTH_PROGRESS","NONE","level=NONE;types=;skills=;qualities=","","","MEDIUM","BADMINTON_FATIGUE_COST:MEDIUM:0.0|OFI_AXIS:HIGH_FORCE_NEURAL:37.8125|OFI_AXIS:HIGH_SPEED:17.1875|OFI_AXIS:LOCAL_MUSCULAR:58.4375|OFI_AXIS:REACTIVE:15.625|OFI_AXIS:SYSTEMIC_MUSCULAR:34.375|OFI_DOSE:LOAD_REPS:0.0|OFI_GROUP:DIP_COMPOUND_PUSH:0.0|OFI_GROUP:DIP_COMPOUND_PUSH:0.0|OFI_GROUP:DIP_COMPOUND_PUSH:0.0|OFI_SCORE:HIGH_FORCE_NEURAL:47.0|OFI_SCORE:HIGH_SPEED:21.0|OFI_SCORE:LOCAL_MUSCULAR:73.0|OFI_SCORE:REACTIVE:20.0|OFI_SCORE:SYSTEMIC_MUSCULAR:43.0|OFI_SNAPSHOT:SUMMARY:44.0","","PROGRESSION:DIP_COMPOUND_PUSH","removedAxes=LOW_FATIGUE_CONTROL|ROTATION_CONTROL;removedObjectives=","addedAxes=;addedObjectives=","PARITY_INTENTIONAL_CORRECTION"
"ex_64644b5e","BADMINTON_SUPPORTIVE|BALANCE|FATIGUE|HYPERTROPHY_VOLUME","SUPPORTIVE","forceType=SQUAT;plane=SAGITTAL;laterality=UNILATERAL;fatigue=DECELERATION|DECELERATION_LOAD|DIRECTION_CHANGE_IMPACT_STRESS|GLUTE_LOAD|HIP_ROTATIONAL_CONTROL_STRESS|KNEE_VALGUS_CONTROL_STRESS|LOCAL_MUSCLE|LUMBOPELVIC_CONTROL_STRESS|LUNGE_DECELERATION_STRESS|LUNGE_REACH_LOAD|NEURAL_HEAVY|PATELLAR_TENDON_STRESS|QUAD_LOAD|SINGLE_LEG_STABILITY_LOAD|SYSTEMIC;muscles=CORE|DEEP_CORE|GLUTE|HAMSTRING|QUADRICEPS;roles=LOWER_BODY_SUPPORTIVE;skills=CHANGE_OF_DIRECTION|FIRST_STEP;qualities=FRONTAL_PLANE_CONTROL|HIP_CONTROL|HIP_KNEE_EXTENSION_STRENGTH|LOWER_BODY_FORCE|SINGLE_LEG_STABILITY","DECELERATION_LANDING|UNILATERAL_STABILITY","ACCELERATION","HIGH","BADMINTON_FATIGUE_COST:HIGH:0.0|OFI_AXIS:HIGH_FORCE_NEURAL:37.8125|OFI_AXIS:HIGH_SPEED:70.125|OFI_AXIS:LOCAL_MUSCULAR:58.4375|OFI_AXIS:REACTIVE:63.75|OFI_AXIS:SYSTEMIC_MUSCULAR:53.125|OFI_DOSE:VOLUME_LOAD:0.0|OFI_GROUP:LUNGE_UNILATERAL_LOWER:0.0|OFI_GROUP:LUNGE_UNILATERAL_LOWER:0.0|OFI_GROUP:LUNGE_UNILATERAL_LOWER:0.0|OFI_SCORE:HIGH_FORCE_NEURAL:47.0|OFI_SCORE:HIGH_SPEED:88.0|OFI_SCORE:LOCAL_MUSCULAR:73.0|OFI_SCORE:REACTIVE:80.0|OFI_SCORE:SYSTEMIC_MUSCULAR:66.0|OFI_SNAPSHOT:SUMMARY:79.0","","PROGRESSION:LUNGE_UNILATERAL_LOWER","BADMINTON_SUPPORTIVE|BALANCE|FATIGUE|HYPERTROPHY_VOLUME","SUPPORTIVE","level=SUPPORTIVE;types=LOWER_BODY_SUPPORTIVE;skills=CHANGE_OF_DIRECTION|FIRST_STEP;qualities=FRONTAL_PLANE_CONTROL|HIP_CONTROL|HIP_KNEE_EXTENSION_STRENGTH|LOWER_BODY_FORCE|SINGLE_LEG_STABILITY","","ACCELERATION","HIGH","BADMINTON_FATIGUE_COST:HIGH:0.0|OFI_AXIS:HIGH_FORCE_NEURAL:37.8125|OFI_AXIS:HIGH_SPEED:70.125|OFI_AXIS:LOCAL_MUSCULAR:58.4375|OFI_AXIS:REACTIVE:63.75|OFI_AXIS:SYSTEMIC_MUSCULAR:53.125|OFI_DOSE:VOLUME_LOAD:0.0|OFI_GROUP:LUNGE_UNILATERAL_LOWER:0.0|OFI_GROUP:LUNGE_UNILATERAL_LOWER:0.0|OFI_GROUP:LUNGE_UNILATERAL_LOWER:0.0|OFI_SCORE:HIGH_FORCE_NEURAL:47.0|OFI_SCORE:HIGH_SPEED:88.0|OFI_SCORE:LOCAL_MUSCULAR:73.0|OFI_SCORE:REACTIVE:80.0|OFI_SCORE:SYSTEMIC_MUSCULAR:66.0|OFI_SNAPSHOT:SUMMARY:79.0","","PROGRESSION:LUNGE_UNILATERAL_LOWER","removedAxes=DECELERATION_LANDING|UNILATERAL_STABILITY;removedObjectives=","addedAxes=;addedObjectives=","PARITY_INTENTIONAL_CORRECTION"
"ex_64661229","ACCESSORY_VOLUME|FATIGUE","GENERAL_STRENGTH","forceType=SQUAT;plane=SAGITTAL;laterality=BILATERAL;fatigue=KNEE_CONTROL_LOAD|KNEE_STABILITY_STRESS|LOCAL_MUSCLE|LOW_FATIGUE_REHAB|LOW_LOAD_PREHAB_CONTROL_STRESS|NEURAL_HEAVY|PATELLAR_TENDON_STRESS|QUADRICEPS_ISOMETRIC_LOAD|SYSTEMIC;muscles=BACK|CORE|DEEP_CORE|GLUTE|QUADRICEPS;roles=GENERAL_STRENGTH_SUPPORTIVE;skills=;qualities=HIP_KNEE_EXTENSION_STRENGTH|LOWER_BODY_FORCE","LOW_FATIGUE_CONTROL|UNILATERAL_STABILITY","","HIGH","BADMINTON_FATIGUE_COST:HIGH:0.0|OFI_AXIS:HIGH_FORCE_NEURAL:17.1875|OFI_AXIS:HIGH_SPEED:17.1875|OFI_AXIS:LOCAL_MUSCULAR:37.8125|OFI_AXIS:REACTIVE:15.625|OFI_AXIS:SYSTEMIC_MUSCULAR:13.28125|OFI_DOSE:REPS_OR_TIME:0.0|OFI_GROUP:LOWER_BODY_ISOMETRIC_HOLD:0.0|OFI_GROUP:LOWER_BODY_ISOMETRIC_HOLD:0.0|OFI_GROUP:LOWER_BODY_ISOMETRIC_HOLD:0.0|OFI_SCORE:HIGH_FORCE_NEURAL:21.0|OFI_SCORE:HIGH_SPEED:21.0|OFI_SCORE:LOCAL_MUSCULAR:47.0|OFI_SCORE:REACTIVE:20.0|OFI_SCORE:SYSTEMIC_MUSCULAR:17.0|OFI_SNAPSHOT:SUMMARY:28.0","","PROGRESSION:LOWER_BODY_ISOMETRIC_HOLD","ACCESSORY_VOLUME|FATIGUE","GENERAL_STRENGTH","level=GENERAL;types=GENERAL_STRENGTH_SUPPORTIVE;skills=;qualities=HIP_KNEE_EXTENSION_STRENGTH|LOWER_BODY_FORCE","","","HIGH","BADMINTON_FATIGUE_COST:HIGH:0.0|OFI_AXIS:HIGH_FORCE_NEURAL:17.1875|OFI_AXIS:HIGH_SPEED:17.1875|OFI_AXIS:LOCAL_MUSCULAR:37.8125|OFI_AXIS:REACTIVE:15.625|OFI_AXIS:SYSTEMIC_MUSCULAR:13.28125|OFI_DOSE:REPS_OR_TIME:0.0|OFI_GROUP:LOWER_BODY_ISOMETRIC_HOLD:0.0|OFI_GROUP:LOWER_BODY_ISOMETRIC_HOLD:0.0|OFI_GROUP:LOWER_BODY_ISOMETRIC_HOLD:0.0|OFI_SCORE:HIGH_FORCE_NEURAL:21.0|OFI_SCORE:HIGH_SPEED:21.0|OFI_SCORE:LOCAL_MUSCULAR:47.0|OFI_SCORE:REACTIVE:20.0|OFI_SCORE:SYSTEMIC_MUSCULAR:17.0|OFI_SNAPSHOT:SUMMARY:28.0","","PROGRESSION:LOWER_BODY_ISOMETRIC_HOLD","removedAxes=LOW_FATIGUE_CONTROL|UNILATERAL_STABILITY;removedObjectives=","addedAxes=;addedObjectives=","PARITY_INTENTIONAL_CORRECTION"
"ex_6466fe77","BALANCE|FATIGUE|HYPERTROPHY_VOLUME|STRENGTH_PROGRESS","GENERAL_STRENGTH","forceType=PULL;plane=FRONTAL;laterality=BILATERAL;fatigue=BICEPS_LOAD|BICEPS_TENDON_STRESS|BODYWEIGHT_LOAD|CORE_BRACING_LOAD|FOREARM_FLEXOR_TENDON_STRESS|GRIP_FOREARM|GRIP_LOAD|LAT_LOAD|LOCAL_MUSCLE|NEURAL_HEAVY|SCAPULAR_CONTROL_LOAD|SHOULDER_JOINT_STABILITY_STRESS|SYSTEMIC|VERTICAL_PULL_STRESS;muscles=BACK|BICEPS|CHEST|CORE|DEEP_CORE|FOREARM|LAT;roles=GENERAL_STRENGTH_SUPPORTIVE|GRIP_FOREARM;skills=;qualities=SCAPULAR_CONTROL|SHOULDER_DURABILITY","LATERAL_MOVEMENT|RACKET_SUPPORT","","MEDIUM","BADMINTON_FATIGUE_COST:MEDIUM:0.0|OFI_AXIS:HIGH_FORCE_NEURAL:37.8125|OFI_AXIS:HIGH_SPEED:17.1875|OFI_AXIS:LOCAL_MUSCULAR:58.4375|OFI_AXIS:REACTIVE:15.625|OFI_AXIS:SYSTEMIC_MUSCULAR:34.375|OFI_DOSE:VOLUME_LOAD:0.0|OFI_GROUP:VERTICAL_PULL_COMPOUND:0.0|OFI_GROUP:VERTICAL_PULL_COMPOUND:0.0|OFI_GROUP:VERTICAL_PULL_COMPOUND:0.0|OFI_SCORE:HIGH_FORCE_NEURAL:47.0|OFI_SCORE:HIGH_SPEED:21.0|OFI_SCORE:LOCAL_MUSCULAR:73.0|OFI_SCORE:REACTIVE:20.0|OFI_SCORE:SYSTEMIC_MUSCULAR:43.0|OFI_SNAPSHOT:SUMMARY:44.0","","PROGRESSION:VERTICAL_PULL_COMPOUND|PROXY:WEIGHTED_PULL_UP:SHARED_FACTOR_PROXY","BALANCE|FATIGUE|HYPERTROPHY_VOLUME|STRENGTH_PROGRESS","GENERAL_STRENGTH","level=GENERAL;types=GENERAL_STRENGTH_SUPPORTIVE;skills=;qualities=SCAPULAR_CONTROL|SHOULDER_DURABILITY","","","MEDIUM","BADMINTON_FATIGUE_COST:MEDIUM:0.0|OFI_AXIS:HIGH_FORCE_NEURAL:37.8125|OFI_AXIS:HIGH_SPEED:17.1875|OFI_AXIS:LOCAL_MUSCULAR:58.4375|OFI_AXIS:REACTIVE:15.625|OFI_AXIS:SYSTEMIC_MUSCULAR:34.375|OFI_DOSE:VOLUME_LOAD:0.0|OFI_GROUP:VERTICAL_PULL_COMPOUND:0.0|OFI_GROUP:VERTICAL_PULL_COMPOUND:0.0|OFI_GROUP:VERTICAL_PULL_COMPOUND:0.0|OFI_SCORE:HIGH_FORCE_NEURAL:47.0|OFI_SCORE:HIGH_SPEED:21.0|OFI_SCORE:LOCAL_MUSCULAR:73.0|OFI_SCORE:REACTIVE:20.0|OFI_SCORE:SYSTEMIC_MUSCULAR:43.0|OFI_SNAPSHOT:SUMMARY:44.0","","PROGRESSION:VERTICAL_PULL_COMPOUND|PROXY:WEIGHTED_PULL_UP:SHARED_FACTOR_PROXY","removedAxes=LATERAL_MOVEMENT|RACKET_SUPPORT;removedObjectives=","addedAxes=;addedObjectives=","PARITY_INTENTIONAL_CORRECTION"
"ex_681d9ed2","CONDITIONING|FATIGUE","GENERAL_STRENGTH","forceType=ACCELERATE;plane=SAGITTAL;laterality=BILATERAL;fatigue=CARDIO_CONDITIONING_STRESS|GENERAL_CONDITIONING|LOCAL_MUSCLE|NEURAL_HEAVY|NEURAL_SPEED|PACING_LOAD|REPETITIVE_LOCOMOTION_IMPACT|SYSTEMIC|SYSTEMIC_CONDITIONING_LOAD;muscles=CALF|CORE|HAMSTRING|QUADRICEPS;roles=CONDITIONING|GENERAL_CONDITIONING_SUPPORTIVE;skills=;qualities=AEROBIC_BASE|ANAEROBIC_REPEATABILITY|RECOVERY_STEP","AEROBIC_FOOTWORK|LATERAL_MOVEMENT|UNILATERAL_STABILITY","CONDITIONING|FOOTWORK","MEDIUM","BADMINTON_FATIGUE_COST:MEDIUM:0.0|OFI_AXIS:HIGH_FORCE_NEURAL:17.1875|OFI_AXIS:HIGH_SPEED:43.484375|OFI_AXIS:LOCAL_MUSCULAR:37.8125|OFI_AXIS:REACTIVE:15.625|OFI_AXIS:SYSTEMIC_MUSCULAR:53.125|OFI_DOSE:DISTANCE_OR_TIME:0.0|OFI_GROUP:CARDIO_CONDITIONING:0.0|OFI_GROUP:CARDIO_CONDITIONING:0.0|OFI_GROUP:CARDIO_CONDITIONING:0.0|OFI_SCORE:HIGH_FORCE_NEURAL:21.0|OFI_SCORE:HIGH_SPEED:54.0|OFI_SCORE:LOCAL_MUSCULAR:47.0|OFI_SCORE:REACTIVE:20.0|OFI_SCORE:SYSTEMIC_MUSCULAR:66.0|OFI_SNAPSHOT:SUMMARY:42.0","","PROGRESSION:CARDIO_CONDITIONING","CONDITIONING|FATIGUE","GENERAL_STRENGTH","level=GENERAL;types=GENERAL_CONDITIONING_SUPPORTIVE;skills=;qualities=AEROBIC_BASE|ANAEROBIC_REPEATABILITY","","","MEDIUM","BADMINTON_FATIGUE_COST:MEDIUM:0.0|OFI_AXIS:HIGH_FORCE_NEURAL:17.1875|OFI_AXIS:HIGH_SPEED:43.484375|OFI_AXIS:LOCAL_MUSCULAR:37.8125|OFI_AXIS:REACTIVE:15.625|OFI_AXIS:SYSTEMIC_MUSCULAR:53.125|OFI_DOSE:DISTANCE_OR_TIME:0.0|OFI_GROUP:CARDIO_CONDITIONING:0.0|OFI_GROUP:CARDIO_CONDITIONING:0.0|OFI_GROUP:CARDIO_CONDITIONING:0.0|OFI_SCORE:HIGH_FORCE_NEURAL:21.0|OFI_SCORE:HIGH_SPEED:54.0|OFI_SCORE:LOCAL_MUSCULAR:47.0|OFI_SCORE:REACTIVE:20.0|OFI_SCORE:SYSTEMIC_MUSCULAR:66.0|OFI_SNAPSHOT:SUMMARY:42.0","","PROGRESSION:CARDIO_CONDITIONING","removedAxes=AEROBIC_FOOTWORK|LATERAL_MOVEMENT|UNILATERAL_STABILITY;removedObjectives=CONDITIONING|FOOTWORK","addedAxes=;addedObjectives=","PARITY_INTENTIONAL_CORRECTION"
"ex_681eed4a","CONDITIONING|FATIGUE","GENERAL_STRENGTH","forceType=ACCELERATE;plane=SAGITTAL;laterality=BILATERAL;fatigue=CARDIO_CONDITIONING_STRESS|GENERAL_CONDITIONING|LOCAL_MUSCLE|NEURAL_HEAVY|NEURAL_SPEED|PACING_LOAD|REPETITIVE_LOCOMOTION_IMPACT|SYSTEMIC|SYSTEMIC_CONDITIONING_LOAD;muscles=CALF|CORE|HAMSTRING|QUADRICEPS;roles=CONDITIONING|GENERAL_CONDITIONING_SUPPORTIVE;skills=;qualities=AEROBIC_BASE|ANAEROBIC_REPEATABILITY|RECOVERY_STEP","AEROBIC_FOOTWORK|LATERAL_MOVEMENT|UNILATERAL_STABILITY","CONDITIONING|FOOTWORK","MEDIUM","BADMINTON_FATIGUE_COST:MEDIUM:0.0|OFI_AXIS:HIGH_FORCE_NEURAL:17.1875|OFI_AXIS:HIGH_SPEED:17.1875|OFI_AXIS:LOCAL_MUSCULAR:37.8125|OFI_AXIS:REACTIVE:15.625|OFI_AXIS:SYSTEMIC_MUSCULAR:53.125|OFI_DOSE:DISTANCE_OR_TIME:0.0|OFI_GROUP:CARDIO_CONDITIONING:0.0|OFI_GROUP:CARDIO_CONDITIONING:0.0|OFI_GROUP:CARDIO_CONDITIONING:0.0|OFI_SCORE:HIGH_FORCE_NEURAL:21.0|OFI_SCORE:HIGH_SPEED:21.0|OFI_SCORE:LOCAL_MUSCULAR:47.0|OFI_SCORE:REACTIVE:20.0|OFI_SCORE:SYSTEMIC_MUSCULAR:66.0|OFI_SNAPSHOT:SUMMARY:39.0","","PROGRESSION:CARDIO_CONDITIONING","CONDITIONING|FATIGUE","GENERAL_STRENGTH","level=GENERAL;types=GENERAL_CONDITIONING_SUPPORTIVE;skills=;qualities=AEROBIC_BASE|ANAEROBIC_REPEATABILITY","","","MEDIUM","BADMINTON_FATIGUE_COST:MEDIUM:0.0|OFI_AXIS:HIGH_FORCE_NEURAL:17.1875|OFI_AXIS:HIGH_SPEED:17.1875|OFI_AXIS:LOCAL_MUSCULAR:37.8125|OFI_AXIS:REACTIVE:15.625|OFI_AXIS:SYSTEMIC_MUSCULAR:53.125|OFI_DOSE:DISTANCE_OR_TIME:0.0|OFI_GROUP:CARDIO_CONDITIONING:0.0|OFI_GROUP:CARDIO_CONDITIONING:0.0|OFI_GROUP:CARDIO_CONDITIONING:0.0|OFI_SCORE:HIGH_FORCE_NEURAL:21.0|OFI_SCORE:HIGH_SPEED:21.0|OFI_SCORE:LOCAL_MUSCULAR:47.0|OFI_SCORE:REACTIVE:20.0|OFI_SCORE:SYSTEMIC_MUSCULAR:66.0|OFI_SNAPSHOT:SUMMARY:39.0","","PROGRESSION:CARDIO_CONDITIONING","removedAxes=AEROBIC_FOOTWORK|LATERAL_MOVEMENT|UNILATERAL_STABILITY;removedObjectives=CONDITIONING|FOOTWORK","addedAxes=;addedObjectives=","PARITY_INTENTIONAL_CORRECTION"
"ex_69a56484","BADMINTON_SUPPORTIVE|FATIGUE|STRENGTH_VOLUME","SUPPORTIVE","forceType=SQUAT;plane=FRONTAL;laterality=UNILATERAL;fatigue=GLUTE_LOAD|HIP_ROTATIONAL_CONTROL_STRESS|HIP_STABILITY_LOAD|KNEE_ANKLE_STABILITY_STRESS|LOCAL_MUSCLE|NEURAL_HEAVY|PATELLAR_TENDON_STRESS|QUADRICEPS_LOAD|SYSTEMIC|UNILATERAL_LOWER_STABILITY_STRESS;muscles=CORE|GLUTE;roles=LOWER_BODY_SUPPORTIVE;skills=CHANGE_OF_DIRECTION|FIRST_STEP;qualities=FRONTAL_PLANE_CONTROL|HIP_CONTROL|HIP_KNEE_EXTENSION_STRENGTH|LOWER_BODY_FORCE|SINGLE_LEG_STABILITY","LATERAL_MOVEMENT|LOW_FATIGUE_CONTROL|UNILATERAL_STABILITY","ACCELERATION","HIGH","BADMINTON_FATIGUE_COST:HIGH:0.0|OFI_AXIS:HIGH_FORCE_NEURAL:17.1875|OFI_AXIS:HIGH_SPEED:70.125|OFI_AXIS:LOCAL_MUSCULAR:58.4375|OFI_AXIS:REACTIVE:63.75|OFI_AXIS:SYSTEMIC_MUSCULAR:29.21875|OFI_DOSE:LOAD_REPS:0.0|OFI_GROUP:STEP_UP_SINGLE_LEG_KNEE_HIP_EXTENSION:0.0|OFI_GROUP:STEP_UP_SINGLE_LEG_KNEE_HIP_EXTENSION:0.0|OFI_GROUP:STEP_UP_SINGLE_LEG_KNEE_HIP_EXTENSION:0.0|OFI_SCORE:HIGH_FORCE_NEURAL:21.0|OFI_SCORE:HIGH_SPEED:88.0|OFI_SCORE:LOCAL_MUSCULAR:73.0|OFI_SCORE:REACTIVE:80.0|OFI_SCORE:SYSTEMIC_MUSCULAR:37.0|OFI_SNAPSHOT:SUMMARY:74.0","","PROGRESSION:STEP_UP_SINGLE_LEG_KNEE_HIP_EXTENSION","BADMINTON_SUPPORTIVE|FATIGUE|STRENGTH_VOLUME","SUPPORTIVE","level=SUPPORTIVE;types=LOWER_BODY_SUPPORTIVE;skills=CHANGE_OF_DIRECTION|FIRST_STEP;qualities=FRONTAL_PLANE_CONTROL|HIP_CONTROL|HIP_KNEE_EXTENSION_STRENGTH|LOWER_BODY_FORCE|SINGLE_LEG_STABILITY","","ACCELERATION","HIGH","BADMINTON_FATIGUE_COST:HIGH:0.0|OFI_AXIS:HIGH_FORCE_NEURAL:17.1875|OFI_AXIS:HIGH_SPEED:70.125|OFI_AXIS:LOCAL_MUSCULAR:58.4375|OFI_AXIS:REACTIVE:63.75|OFI_AXIS:SYSTEMIC_MUSCULAR:29.21875|OFI_DOSE:LOAD_REPS:0.0|OFI_GROUP:STEP_UP_SINGLE_LEG_KNEE_HIP_EXTENSION:0.0|OFI_GROUP:STEP_UP_SINGLE_LEG_KNEE_HIP_EXTENSION:0.0|OFI_GROUP:STEP_UP_SINGLE_LEG_KNEE_HIP_EXTENSION:0.0|OFI_SCORE:HIGH_FORCE_NEURAL:21.0|OFI_SCORE:HIGH_SPEED:88.0|OFI_SCORE:LOCAL_MUSCULAR:73.0|OFI_SCORE:REACTIVE:80.0|OFI_SCORE:SYSTEMIC_MUSCULAR:37.0|OFI_SNAPSHOT:SUMMARY:74.0","","PROGRESSION:STEP_UP_SINGLE_LEG_KNEE_HIP_EXTENSION","removedAxes=LATERAL_MOVEMENT|LOW_FATIGUE_CONTROL|UNILATERAL_STABILITY;removedObjectives=","addedAxes=;addedObjectives=","PARITY_INTENTIONAL_CORRECTION"
"ex_6a966452","BALANCE|FATIGUE|HYPERTROPHY_VOLUME|STRENGTH_PROGRESS","GENERAL_STRENGTH","forceType=PULL;plane=TRANSVERSE;laterality=UNILATERAL;fatigue=BICEPS_LOAD|BICEPS_TENDON_STRESS|ELBOW_JOINT_STRESS|FOREARM_FLEXOR_TENDON_STRESS|GRIP_FOREARM|GRIP_LOAD|HORIZONTAL_ROW_STRESS|LAT_LOAD|LOCAL_MUSCLE|NEURAL_HEAVY|REAR_DELTOID_LOAD|SCAPULAR_STABILITY_LOAD|SHOULDER_JOINT_STABILITY_STRESS|SYSTEMIC|UPPER_BACK_LOAD;muscles=BACK|BICEPS|CHEST|CORE|LAT|REAR_DELT|RHOMBOID;roles=GENERAL_STRENGTH_SUPPORTIVE;skills=;qualities=SCAPULAR_CONTROL|SHOULDER_DURABILITY","RACKET_SUPPORT|UNILATERAL_STABILITY","","HIGH","BADMINTON_FATIGUE_COST:HIGH:0.0|OFI_AXIS:HIGH_FORCE_NEURAL:37.8125|OFI_AXIS:HIGH_SPEED:17.1875|OFI_AXIS:LOCAL_MUSCULAR:58.4375|OFI_AXIS:REACTIVE:15.625|OFI_AXIS:SYSTEMIC_MUSCULAR:34.375|OFI_DOSE:VOLUME_LOAD:0.0|OFI_GROUP:HORIZONTAL_PULL_COMPOUND:0.0|OFI_GROUP:HORIZONTAL_PULL_COMPOUND:0.0|OFI_GROUP:HORIZONTAL_PULL_COMPOUND:0.0|OFI_SCORE:HIGH_FORCE_NEURAL:47.0|OFI_SCORE:HIGH_SPEED:21.0|OFI_SCORE:LOCAL_MUSCULAR:73.0|OFI_SCORE:REACTIVE:20.0|OFI_SCORE:SYSTEMIC_MUSCULAR:43.0|OFI_SNAPSHOT:SUMMARY:44.0","","PROGRESSION:HORIZONTAL_PULL_COMPOUND","BALANCE|FATIGUE|HYPERTROPHY_VOLUME|STRENGTH_PROGRESS","GENERAL_STRENGTH","level=GENERAL;types=GENERAL_STRENGTH_SUPPORTIVE;skills=;qualities=SCAPULAR_CONTROL|SHOULDER_DURABILITY","","","HIGH","BADMINTON_FATIGUE_COST:HIGH:0.0|OFI_AXIS:HIGH_FORCE_NEURAL:37.8125|OFI_AXIS:HIGH_SPEED:17.1875|OFI_AXIS:LOCAL_MUSCULAR:58.4375|OFI_AXIS:REACTIVE:15.625|OFI_AXIS:SYSTEMIC_MUSCULAR:34.375|OFI_DOSE:VOLUME_LOAD:0.0|OFI_GROUP:HORIZONTAL_PULL_COMPOUND:0.0|OFI_GROUP:HORIZONTAL_PULL_COMPOUND:0.0|OFI_GROUP:HORIZONTAL_PULL_COMPOUND:0.0|OFI_SCORE:HIGH_FORCE_NEURAL:47.0|OFI_SCORE:HIGH_SPEED:21.0|OFI_SCORE:LOCAL_MUSCULAR:73.0|OFI_SCORE:REACTIVE:20.0|OFI_SCORE:SYSTEMIC_MUSCULAR:43.0|OFI_SNAPSHOT:SUMMARY:44.0","","PROGRESSION:HORIZONTAL_PULL_COMPOUND","removedAxes=RACKET_SUPPORT|UNILATERAL_STABILITY;removedObjectives=","addedAxes=;addedObjectives=","PARITY_INTENTIONAL_CORRECTION"
"ex_704cbf1a","BADMINTON_SUPPORTIVE|FATIGUE|STRENGTH_VOLUME","SUPPORTIVE","forceType=SQUAT;plane=SAGITTAL;laterality=UNILATERAL;fatigue=GLUTE_LOAD|HIP_ROTATIONAL_CONTROL_STRESS|HIP_STABILITY_LOAD|KNEE_ANKLE_STABILITY_STRESS|LOCAL_MUSCLE|NEURAL_HEAVY|PATELLAR_TENDON_STRESS|QUADRICEPS_LOAD|SYSTEMIC|UNILATERAL_LOWER_STABILITY_STRESS;muscles=CALF|CORE|DEEP_CORE|GLUTE|HAMSTRING|QUADRICEPS;roles=LOWER_BODY_SUPPORTIVE;skills=CHANGE_OF_DIRECTION|FIRST_STEP;qualities=FRONTAL_PLANE_CONTROL|HIP_CONTROL|HIP_KNEE_EXTENSION_STRENGTH|LOWER_BODY_FORCE|SINGLE_LEG_STABILITY","UNILATERAL_STABILITY","ACCELERATION","HIGH","BADMINTON_FATIGUE_COST:HIGH:0.0|OFI_AXIS:HIGH_FORCE_NEURAL:17.1875|OFI_AXIS:HIGH_SPEED:70.125|OFI_AXIS:LOCAL_MUSCULAR:58.4375|OFI_AXIS:REACTIVE:63.75|OFI_AXIS:SYSTEMIC_MUSCULAR:29.21875|OFI_DOSE:LOAD_REPS:0.0|OFI_GROUP:STEP_UP_SINGLE_LEG_KNEE_HIP_EXTENSION:0.0|OFI_GROUP:STEP_UP_SINGLE_LEG_KNEE_HIP_EXTENSION:0.0|OFI_GROUP:STEP_UP_SINGLE_LEG_KNEE_HIP_EXTENSION:0.0|OFI_SCORE:HIGH_FORCE_NEURAL:21.0|OFI_SCORE:HIGH_SPEED:88.0|OFI_SCORE:LOCAL_MUSCULAR:73.0|OFI_SCORE:REACTIVE:80.0|OFI_SCORE:SYSTEMIC_MUSCULAR:37.0|OFI_SNAPSHOT:SUMMARY:74.0","","PROGRESSION:STEP_UP_SINGLE_LEG_KNEE_HIP_EXTENSION","BADMINTON_SUPPORTIVE|FATIGUE|STRENGTH_VOLUME","SUPPORTIVE","level=SUPPORTIVE;types=LOWER_BODY_SUPPORTIVE;skills=CHANGE_OF_DIRECTION|FIRST_STEP;qualities=FRONTAL_PLANE_CONTROL|HIP_CONTROL|HIP_KNEE_EXTENSION_STRENGTH|LOWER_BODY_FORCE|SINGLE_LEG_STABILITY","","ACCELERATION","HIGH","BADMINTON_FATIGUE_COST:HIGH:0.0|OFI_AXIS:HIGH_FORCE_NEURAL:17.1875|OFI_AXIS:HIGH_SPEED:70.125|OFI_AXIS:LOCAL_MUSCULAR:58.4375|OFI_AXIS:REACTIVE:63.75|OFI_AXIS:SYSTEMIC_MUSCULAR:29.21875|OFI_DOSE:LOAD_REPS:0.0|OFI_GROUP:STEP_UP_SINGLE_LEG_KNEE_HIP_EXTENSION:0.0|OFI_GROUP:STEP_UP_SINGLE_LEG_KNEE_HIP_EXTENSION:0.0|OFI_GROUP:STEP_UP_SINGLE_LEG_KNEE_HIP_EXTENSION:0.0|OFI_SCORE:HIGH_FORCE_NEURAL:21.0|OFI_SCORE:HIGH_SPEED:88.0|OFI_SCORE:LOCAL_MUSCULAR:73.0|OFI_SCORE:REACTIVE:80.0|OFI_SCORE:SYSTEMIC_MUSCULAR:37.0|OFI_SNAPSHOT:SUMMARY:74.0","","PROGRESSION:STEP_UP_SINGLE_LEG_KNEE_HIP_EXTENSION","removedAxes=UNILATERAL_STABILITY;removedObjectives=","addedAxes=;addedObjectives=","PARITY_INTENTIONAL_CORRECTION"
"ex_708e64ce","BALANCE|FATIGUE|HYPERTROPHY_VOLUME","NONE","forceType=BRACE;plane=SAGITTAL;laterality=BILATERAL;fatigue=ANTERIOR_SHOULDER_LOAD|ANTI_ROTATION|CHEST_LOAD|CORE_BRACING_LOAD|ISOLATION_ACCESSORY_STRESS|LAT_LOAD|LOCAL_MUSCLE|NEURAL_HEAVY|ROTATOR_CUFF_TENDON_STRESS|SHOULDER_JOINT_STABILITY_STRESS|SYSTEMIC;muscles=BACK|CHEST|CORE|DEEP_CORE|LAT|SCAPULAR_STABILIZERS;roles=ANTI_ROTATION_STABILITY;skills=;qualities=","LOW_FATIGUE_CONTROL|ROTATION_CONTROL","","MEDIUM","BADMINTON_FATIGUE_COST:MEDIUM:0.0|OFI_AXIS:HIGH_FORCE_NEURAL:17.1875|OFI_AXIS:HIGH_SPEED:17.1875|OFI_AXIS:LOCAL_MUSCULAR:58.4375|OFI_AXIS:REACTIVE:15.625|OFI_AXIS:SYSTEMIC_MUSCULAR:13.28125|OFI_DOSE:LOAD_REPS:0.0|OFI_GROUP:PULLOVER_LAT_CHEST_ACCESSORY:0.0|OFI_GROUP:PULLOVER_LAT_CHEST_ACCESSORY:0.0|OFI_GROUP:PULLOVER_LAT_CHEST_ACCESSORY:0.0|OFI_SCORE:HIGH_FORCE_NEURAL:21.0|OFI_SCORE:HIGH_SPEED:21.0|OFI_SCORE:LOCAL_MUSCULAR:73.0|OFI_SCORE:REACTIVE:20.0|OFI_SCORE:SYSTEMIC_MUSCULAR:17.0|OFI_SNAPSHOT:SUMMARY:39.0","","PROGRESSION:PULLOVER_LAT_CHEST_ACCESSORY","BALANCE|FATIGUE|HYPERTROPHY_VOLUME","NONE","level=NONE;types=;skills=;qualities=","","","MEDIUM","BADMINTON_FATIGUE_COST:MEDIUM:0.0|OFI_AXIS:HIGH_FORCE_NEURAL:17.1875|OFI_AXIS:HIGH_SPEED:17.1875|OFI_AXIS:LOCAL_MUSCULAR:58.4375|OFI_AXIS:REACTIVE:15.625|OFI_AXIS:SYSTEMIC_MUSCULAR:13.28125|OFI_DOSE:LOAD_REPS:0.0|OFI_GROUP:PULLOVER_LAT_CHEST_ACCESSORY:0.0|OFI_GROUP:PULLOVER_LAT_CHEST_ACCESSORY:0.0|OFI_GROUP:PULLOVER_LAT_CHEST_ACCESSORY:0.0|OFI_SCORE:HIGH_FORCE_NEURAL:21.0|OFI_SCORE:HIGH_SPEED:21.0|OFI_SCORE:LOCAL_MUSCULAR:73.0|OFI_SCORE:REACTIVE:20.0|OFI_SCORE:SYSTEMIC_MUSCULAR:17.0|OFI_SNAPSHOT:SUMMARY:39.0","","PROGRESSION:PULLOVER_LAT_CHEST_ACCESSORY","removedAxes=LOW_FATIGUE_CONTROL|ROTATION_CONTROL;removedObjectives=","addedAxes=;addedObjectives=","PARITY_INTENTIONAL_CORRECTION"
"ex_70f19bf","BALANCE|FATIGUE|HYPERTROPHY_VOLUME","GENERAL_STRENGTH","forceType=BRACE;plane=FRONTAL;laterality=UNILATERAL;fatigue=ANTI_ROTATION|ISOLATION_ACCESSORY_STRESS|LATERAL_DELTOID_LOCAL_LOAD|LOCAL_MUSCLE|NEURAL_HEAVY|OVERHEAD_REPETITION|ROTATOR_CUFF_TENDON_STRESS|SHOULDER_SCAPULAR_STABILITY_STRESS|SYSTEMIC;muscles=CORE|LATERAL_DELTOID|OBLIQUE|ROTATOR_CUFF|TRAPEZIUS;roles=ANTI_ROTATION_STABILITY|GENERAL_STRENGTH_SUPPORTIVE|SHOULDER_CARE;skills=;qualities=ROTATOR_CUFF_CONTROL|SCAPULAR_CONTROL|SHOULDER_DURABILITY","LATERAL_MOVEMENT|LOW_FATIGUE_CONTROL|RACKET_SUPPORT|ROTATION_CONTROL|UNILATERAL_STABILITY","","MEDIUM","BADMINTON_FATIGUE_COST:MEDIUM:0.0|OFI_AXIS:HIGH_FORCE_NEURAL:17.1875|OFI_AXIS:HIGH_SPEED:17.1875|OFI_AXIS:LOCAL_MUSCULAR:58.4375|OFI_AXIS:REACTIVE:15.625|OFI_AXIS:SYSTEMIC_MUSCULAR:10.9375|OFI_DOSE:VOLUME_LOAD:0.0|OFI_GROUP:LATERAL_DELTOID_ISOLATION:0.0|OFI_GROUP:LATERAL_DELTOID_ISOLATION:0.0|OFI_GROUP:LATERAL_DELTOID_ISOLATION:0.0|OFI_SCORE:HIGH_FORCE_NEURAL:21.0|OFI_SCORE:HIGH_SPEED:21.0|OFI_SCORE:LOCAL_MUSCULAR:73.0|OFI_SCORE:REACTIVE:20.0|OFI_SCORE:SYSTEMIC_MUSCULAR:14.0|OFI_SNAPSHOT:SUMMARY:39.0","","PROGRESSION:LATERAL_DELTOID_ISOLATION","BALANCE|FATIGUE|HYPERTROPHY_VOLUME","GENERAL_STRENGTH","level=GENERAL;types=GENERAL_STRENGTH_SUPPORTIVE;skills=;qualities=ROTATOR_CUFF_CONTROL|SCAPULAR_CONTROL|SHOULDER_DURABILITY","","","MEDIUM","BADMINTON_FATIGUE_COST:MEDIUM:0.0|OFI_AXIS:HIGH_FORCE_NEURAL:17.1875|OFI_AXIS:HIGH_SPEED:17.1875|OFI_AXIS:LOCAL_MUSCULAR:58.4375|OFI_AXIS:REACTIVE:15.625|OFI_AXIS:SYSTEMIC_MUSCULAR:10.9375|OFI_DOSE:VOLUME_LOAD:0.0|OFI_GROUP:LATERAL_DELTOID_ISOLATION:0.0|OFI_GROUP:LATERAL_DELTOID_ISOLATION:0.0|OFI_GROUP:LATERAL_DELTOID_ISOLATION:0.0|OFI_SCORE:HIGH_FORCE_NEURAL:21.0|OFI_SCORE:HIGH_SPEED:21.0|OFI_SCORE:LOCAL_MUSCULAR:73.0|OFI_SCORE:REACTIVE:20.0|OFI_SCORE:SYSTEMIC_MUSCULAR:14.0|OFI_SNAPSHOT:SUMMARY:39.0","","PROGRESSION:LATERAL_DELTOID_ISOLATION","removedAxes=LATERAL_MOVEMENT|LOW_FATIGUE_CONTROL|RACKET_SUPPORT|ROTATION_CONTROL|UNILATERAL_STABILITY;removedObjectives=","addedAxes=;addedObjectives=","PARITY_INTENTIONAL_CORRECTION"
"ex_721f7b5b","BALANCE|FATIGUE|HYPERTROPHY_VOLUME","GENERAL_STRENGTH","forceType=HINGE;plane=SAGITTAL;laterality=BILATERAL;fatigue=CORE_BRACING_LOAD|GLUTE_LOAD|HAMSTRING_LOAD|HAMSTRING_TENDON_STRESS|HINGE_POSTERIOR_CHAIN_STRESS|HIP_CONTROL_LOAD|HIP_ROTATIONAL_CONTROL_STRESS|LOCAL_MUSCLE|LUMBOPELVIC_CONTROL_STRESS|NEURAL_HEAVY|SYSTEMIC;muscles=CORE|DEEP_CORE|GLUTE|HAMSTRING;roles=GENERAL_STRENGTH_SUPPORTIVE;skills=;qualities=HIP_KNEE_EXTENSION_STRENGTH|LOWER_BODY_FORCE","UNILATERAL_STABILITY","","VERY_HIGH","BADMINTON_FATIGUE_COST:VERY_HIGH:0.0|OFI_AXIS:HIGH_FORCE_NEURAL:17.1875|OFI_AXIS:HIGH_SPEED:17.1875|OFI_AXIS:LOCAL_MUSCULAR:58.4375|OFI_AXIS:REACTIVE:15.625|OFI_AXIS:SYSTEMIC_MUSCULAR:29.21875|OFI_DOSE:VOLUME_LOAD:0.0|OFI_GROUP:HIP_THRUST_GLUTE:0.0|OFI_GROUP:HIP_THRUST_GLUTE:0.0|OFI_GROUP:HIP_THRUST_GLUTE:0.0|OFI_SCORE:HIGH_FORCE_NEURAL:21.0|OFI_SCORE:HIGH_SPEED:21.0|OFI_SCORE:LOCAL_MUSCULAR:73.0|OFI_SCORE:REACTIVE:20.0|OFI_SCORE:SYSTEMIC_MUSCULAR:37.0|OFI_SNAPSHOT:SUMMARY:41.0","","PROGRESSION:HIP_THRUST_GLUTE","BALANCE|FATIGUE|HYPERTROPHY_VOLUME","GENERAL_STRENGTH","level=GENERAL;types=GENERAL_STRENGTH_SUPPORTIVE;skills=;qualities=HIP_KNEE_EXTENSION_STRENGTH|LOWER_BODY_FORCE","","","VERY_HIGH","BADMINTON_FATIGUE_COST:VERY_HIGH:0.0|OFI_AXIS:HIGH_FORCE_NEURAL:17.1875|OFI_AXIS:HIGH_SPEED:17.1875|OFI_AXIS:LOCAL_MUSCULAR:58.4375|OFI_AXIS:REACTIVE:15.625|OFI_AXIS:SYSTEMIC_MUSCULAR:29.21875|OFI_DOSE:VOLUME_LOAD:0.0|OFI_GROUP:HIP_THRUST_GLUTE:0.0|OFI_GROUP:HIP_THRUST_GLUTE:0.0|OFI_GROUP:HIP_THRUST_GLUTE:0.0|OFI_SCORE:HIGH_FORCE_NEURAL:21.0|OFI_SCORE:HIGH_SPEED:21.0|OFI_SCORE:LOCAL_MUSCULAR:73.0|OFI_SCORE:REACTIVE:20.0|OFI_SCORE:SYSTEMIC_MUSCULAR:37.0|OFI_SNAPSHOT:SUMMARY:41.0","","PROGRESSION:HIP_THRUST_GLUTE","removedAxes=UNILATERAL_STABILITY;removedObjectives=","addedAxes=;addedObjectives=","PARITY_INTENTIONAL_CORRECTION"
"ex_728da646","BADMINTON_SUPPORTIVE|FATIGUE|HYPERTROPHY_VOLUME","SUPPORTIVE","forceType=DECELERATE;plane=FRONTAL;laterality=BILATERAL;fatigue=DECELERATION|ELASTIC_SSC|GLUTE_MED_LOCAL_LOAD|GLUTE_MED_TENDON_STRESS|HIP_ABDUCTION_LOAD|HIP_PELVIS_STABILITY_STRESS|ISOLATION_ACCESSORY_STRESS|LOCAL_MUSCLE|NEURAL_HEAVY|NEURAL_SPEED|SYSTEMIC;muscles=CORE|GLUTE|GLUTE_MEDIUS;roles=JUMP_LANDING|LOWER_BODY_SUPPORTIVE;skills=CHANGE_OF_DIRECTION|FIRST_STEP;qualities=FRONTAL_PLANE_CONTROL|HIP_CONTROL|HIP_KNEE_EXTENSION_STRENGTH|JUMP_LANDING|LOWER_BODY_FORCE|RECOVERY_STEP|SINGLE_LEG_STABILITY","DECELERATION_LANDING|LATERAL_MOVEMENT|UNILATERAL_STABILITY","ACCELERATION|FOOTWORK|JUMP_LANDING","HIGH","BADMINTON_FATIGUE_COST:HIGH:0.0|OFI_AXIS:HIGH_FORCE_NEURAL:17.1875|OFI_AXIS:HIGH_SPEED:70.125|OFI_AXIS:LOCAL_MUSCULAR:58.4375|OFI_AXIS:REACTIVE:63.75|OFI_AXIS:SYSTEMIC_MUSCULAR:13.28125|OFI_DOSE:LOAD_REPS:0.0|OFI_GROUP:HIP_ABDUCTION_GLUTE_MED_ACCESSORY:0.0|OFI_GROUP:HIP_ABDUCTION_GLUTE_MED_ACCESSORY:0.0|OFI_GROUP:HIP_ABDUCTION_GLUTE_MED_ACCESSORY:0.0|OFI_SCORE:HIGH_FORCE_NEURAL:21.0|OFI_SCORE:HIGH_SPEED:88.0|OFI_SCORE:LOCAL_MUSCULAR:73.0|OFI_SCORE:REACTIVE:80.0|OFI_SCORE:SYSTEMIC_MUSCULAR:17.0|OFI_SNAPSHOT:SUMMARY:72.0","","PROGRESSION:HIP_ABDUCTION_GLUTE_MED_ACCESSORY","BADMINTON_SUPPORTIVE|FATIGUE|HYPERTROPHY_VOLUME","SUPPORTIVE","level=SUPPORTIVE;types=LOWER_BODY_SUPPORTIVE;skills=CHANGE_OF_DIRECTION|FIRST_STEP;qualities=FRONTAL_PLANE_CONTROL|HIP_CONTROL|HIP_KNEE_EXTENSION_STRENGTH|LOWER_BODY_FORCE|SINGLE_LEG_STABILITY","","ACCELERATION","HIGH","BADMINTON_FATIGUE_COST:HIGH:0.0|OFI_AXIS:HIGH_FORCE_NEURAL:17.1875|OFI_AXIS:HIGH_SPEED:70.125|OFI_AXIS:LOCAL_MUSCULAR:58.4375|OFI_AXIS:REACTIVE:63.75|OFI_AXIS:SYSTEMIC_MUSCULAR:13.28125|OFI_DOSE:LOAD_REPS:0.0|OFI_GROUP:HIP_ABDUCTION_GLUTE_MED_ACCESSORY:0.0|OFI_GROUP:HIP_ABDUCTION_GLUTE_MED_ACCESSORY:0.0|OFI_GROUP:HIP_ABDUCTION_GLUTE_MED_ACCESSORY:0.0|OFI_SCORE:HIGH_FORCE_NEURAL:21.0|OFI_SCORE:HIGH_SPEED:88.0|OFI_SCORE:LOCAL_MUSCULAR:73.0|OFI_SCORE:REACTIVE:80.0|OFI_SCORE:SYSTEMIC_MUSCULAR:17.0|OFI_SNAPSHOT:SUMMARY:72.0","","PROGRESSION:HIP_ABDUCTION_GLUTE_MED_ACCESSORY","removedAxes=DECELERATION_LANDING|LATERAL_MOVEMENT|UNILATERAL_STABILITY;removedObjectives=FOOTWORK|JUMP_LANDING","addedAxes=;addedObjectives=","PARITY_INTENTIONAL_CORRECTION"
"ex_72f11dc5","ACCESSORY_VOLUME|BADMINTON_SUPPORTIVE|FATIGUE","SUPPORTIVE","forceType=BRACE;plane=SAGITTAL;laterality=BILATERAL;fatigue=FOREARM_EXTENSOR_TENDON_STRESS|FOREARM_FLEXOR_TENDON_STRESS|GRIP_FOREARM|GRIP_FOREARM_LOAD|ISOLATION_ACCESSORY_STRESS|LOCAL_MUSCLE|NEURAL_HEAVY|SYSTEMIC|WRIST_CONTROL_LOAD|WRIST_STABILITY_STRESS;muscles=BACK|CORE|FOREARM|GRIP;roles=GRIP_FOREARM|GRIP_WRIST_SUPPORTIVE;skills=DRIVE|NET_PLAY;qualities=GRIP_ENDURANCE","LOW_FATIGUE_CONTROL|RACKET_SUPPORT|ROTATION_CONTROL","","LOW","BADMINTON_FATIGUE_COST:LOW:0.0|OFI_AXIS:HIGH_FORCE_NEURAL:17.1875|OFI_AXIS:HIGH_SPEED:17.1875|OFI_AXIS:LOCAL_MUSCULAR:58.4375|OFI_AXIS:REACTIVE:15.625|OFI_AXIS:SYSTEMIC_MUSCULAR:13.28125|OFI_DOSE:LOAD_REPS:0.0|OFI_GROUP:FOREARM_WRIST_GRIP_ACCESSORY:0.0|OFI_GROUP:FOREARM_WRIST_GRIP_ACCESSORY:0.0|OFI_GROUP:FOREARM_WRIST_GRIP_ACCESSORY:0.0|OFI_SCORE:HIGH_FORCE_NEURAL:21.0|OFI_SCORE:HIGH_SPEED:21.0|OFI_SCORE:LOCAL_MUSCULAR:73.0|OFI_SCORE:REACTIVE:20.0|OFI_SCORE:SYSTEMIC_MUSCULAR:17.0|OFI_SNAPSHOT:SUMMARY:39.0","","PROGRESSION:FOREARM_WRIST_GRIP_ACCESSORY","ACCESSORY_VOLUME|BADMINTON_SUPPORTIVE|FATIGUE","SUPPORTIVE","level=SUPPORTIVE;types=GRIP_WRIST_SUPPORTIVE;skills=DRIVE|NET_PLAY;qualities=GRIP_ENDURANCE","RACKET_SUPPORT","","LOW","BADMINTON_FATIGUE_COST:LOW:0.0|OFI_AXIS:HIGH_FORCE_NEURAL:17.1875|OFI_AXIS:HIGH_SPEED:17.1875|OFI_AXIS:LOCAL_MUSCULAR:58.4375|OFI_AXIS:REACTIVE:15.625|OFI_AXIS:SYSTEMIC_MUSCULAR:13.28125|OFI_DOSE:LOAD_REPS:0.0|OFI_GROUP:FOREARM_WRIST_GRIP_ACCESSORY:0.0|OFI_GROUP:FOREARM_WRIST_GRIP_ACCESSORY:0.0|OFI_GROUP:FOREARM_WRIST_GRIP_ACCESSORY:0.0|OFI_SCORE:HIGH_FORCE_NEURAL:21.0|OFI_SCORE:HIGH_SPEED:21.0|OFI_SCORE:LOCAL_MUSCULAR:73.0|OFI_SCORE:REACTIVE:20.0|OFI_SCORE:SYSTEMIC_MUSCULAR:17.0|OFI_SNAPSHOT:SUMMARY:39.0","","PROGRESSION:FOREARM_WRIST_GRIP_ACCESSORY","removedAxes=LOW_FATIGUE_CONTROL|ROTATION_CONTROL;removedObjectives=","addedAxes=;addedObjectives=","PARITY_INTENTIONAL_CORRECTION"
"ex_73b0b63f","BALANCE|FATIGUE|HYPERTROPHY_VOLUME|STRENGTH_PROGRESS","GENERAL_STRENGTH","forceType=PUSH;plane=TRANSVERSE;laterality=UNILATERAL;fatigue=BODYWEIGHT_PUSH_STRESS|CORE_BRACING_LOAD|LOCAL_MUSCLE|NEURAL_HEAVY|PECTORAL_LOAD|PECTORAL_TENDON_STRESS|SHOULDER_CONTROL_LOAD|SHOULDER_SCAPULAR_STABILITY_STRESS|SYSTEMIC|TRICEPS_LOAD|TRICEPS_TENDON_STRESS;muscles=ANTERIOR_DELTOID|CHEST|CORE|DEEP_CORE|TRICEPS;roles=GENERAL_STRENGTH_SUPPORTIVE;skills=;qualities=SHOULDER_DURABILITY","UNILATERAL_STABILITY","","MEDIUM","BADMINTON_FATIGUE_COST:MEDIUM:0.0|OFI_AXIS:HIGH_FORCE_NEURAL:17.1875|OFI_AXIS:HIGH_SPEED:17.1875|OFI_AXIS:LOCAL_MUSCULAR:37.8125|OFI_AXIS:REACTIVE:15.625|OFI_AXIS:SYSTEMIC_MUSCULAR:13.28125|OFI_DOSE:LOAD_REPS:0.0|OFI_GROUP:BODYWEIGHT_HORIZONTAL_PUSH:0.0|OFI_GROUP:BODYWEIGHT_HORIZONTAL_PUSH:0.0|OFI_GROUP:BODYWEIGHT_HORIZONTAL_PUSH:0.0|OFI_SCORE:HIGH_FORCE_NEURAL:21.0|OFI_SCORE:HIGH_SPEED:21.0|OFI_SCORE:LOCAL_MUSCULAR:47.0|OFI_SCORE:REACTIVE:20.0|OFI_SCORE:SYSTEMIC_MUSCULAR:17.0|OFI_SNAPSHOT:SUMMARY:28.0","","PROGRESSION:BODYWEIGHT_HORIZONTAL_PUSH","BALANCE|FATIGUE|HYPERTROPHY_VOLUME|STRENGTH_PROGRESS","GENERAL_STRENGTH","level=GENERAL;types=GENERAL_STRENGTH_SUPPORTIVE;skills=;qualities=SHOULDER_DURABILITY","","","MEDIUM","BADMINTON_FATIGUE_COST:MEDIUM:0.0|OFI_AXIS:HIGH_FORCE_NEURAL:17.1875|OFI_AXIS:HIGH_SPEED:17.1875|OFI_AXIS:LOCAL_MUSCULAR:37.8125|OFI_AXIS:REACTIVE:15.625|OFI_AXIS:SYSTEMIC_MUSCULAR:13.28125|OFI_DOSE:LOAD_REPS:0.0|OFI_GROUP:BODYWEIGHT_HORIZONTAL_PUSH:0.0|OFI_GROUP:BODYWEIGHT_HORIZONTAL_PUSH:0.0|OFI_GROUP:BODYWEIGHT_HORIZONTAL_PUSH:0.0|OFI_SCORE:HIGH_FORCE_NEURAL:21.0|OFI_SCORE:HIGH_SPEED:21.0|OFI_SCORE:LOCAL_MUSCULAR:47.0|OFI_SCORE:REACTIVE:20.0|OFI_SCORE:SYSTEMIC_MUSCULAR:17.0|OFI_SNAPSHOT:SUMMARY:28.0","","PROGRESSION:BODYWEIGHT_HORIZONTAL_PUSH","removedAxes=UNILATERAL_STABILITY;removedObjectives=","addedAxes=;addedObjectives=","PARITY_INTENTIONAL_CORRECTION"
"ex_7404067c","BADMINTON_SUPPORTIVE|BALANCE|FATIGUE","SUPPORTIVE","forceType=HINGE;plane=SAGITTAL;laterality=BILATERAL;fatigue=BALLISTIC_POWER_STRESS|CORE_BRACING_LOAD|GLUTE_LOAD|HAMSTRING_LOAD|HAMSTRING_TENDON_STRESS|HIP_CONTROL_LOAD|HIP_ROTATIONAL_CONTROL_STRESS|LOCAL_MUSCLE|LUMBOPELVIC_CONTROL_STRESS|NEURAL_HEAVY|NEURAL_LOAD|NEURAL_SPEED|SYSTEMIC;muscles=CORE|DEEP_CORE;roles=LOWER_BODY_SUPPORTIVE;skills=CHANGE_OF_DIRECTION|FIRST_STEP;qualities=ACCELERATION|DECELERATION|HIP_KNEE_EXTENSION_STRENGTH|LOWER_BODY_FORCE|REACTIVE_AGILITY","DECELERATION_LANDING|LATERAL_MOVEMENT","ACCELERATION|DECELERATION","HIGH","BADMINTON_FATIGUE_COST:HIGH:0.0|OFI_AXIS:HIGH_FORCE_NEURAL:17.1875|OFI_AXIS:HIGH_SPEED:70.125|OFI_AXIS:LOCAL_MUSCULAR:37.8125|OFI_AXIS:REACTIVE:63.75|OFI_AXIS:SYSTEMIC_MUSCULAR:53.125|OFI_DOSE:QUALITY_BASED:0.0|OFI_GROUP:BALLISTIC_HINGE_POWER:0.0|OFI_GROUP:BALLISTIC_HINGE_POWER:0.0|OFI_GROUP:BALLISTIC_HINGE_POWER:0.0|OFI_SCORE:HIGH_FORCE_NEURAL:21.0|OFI_SCORE:HIGH_SPEED:88.0|OFI_SCORE:LOCAL_MUSCULAR:47.0|OFI_SCORE:REACTIVE:80.0|OFI_SCORE:SYSTEMIC_MUSCULAR:66.0|OFI_SNAPSHOT:SUMMARY:74.0","","PROGRESSION:BALLISTIC_HINGE_POWER","BADMINTON_SUPPORTIVE|BALANCE|FATIGUE","SUPPORTIVE","level=SUPPORTIVE;types=LOWER_BODY_SUPPORTIVE;skills=CHANGE_OF_DIRECTION|FIRST_STEP;qualities=ACCELERATION|DECELERATION|HIP_KNEE_EXTENSION_STRENGTH|LOWER_BODY_FORCE|REACTIVE_AGILITY","DECELERATION_LANDING","ACCELERATION|DECELERATION","HIGH","BADMINTON_FATIGUE_COST:HIGH:0.0|OFI_AXIS:HIGH_FORCE_NEURAL:17.1875|OFI_AXIS:HIGH_SPEED:70.125|OFI_AXIS:LOCAL_MUSCULAR:37.8125|OFI_AXIS:REACTIVE:63.75|OFI_AXIS:SYSTEMIC_MUSCULAR:53.125|OFI_DOSE:QUALITY_BASED:0.0|OFI_GROUP:BALLISTIC_HINGE_POWER:0.0|OFI_GROUP:BALLISTIC_HINGE_POWER:0.0|OFI_GROUP:BALLISTIC_HINGE_POWER:0.0|OFI_SCORE:HIGH_FORCE_NEURAL:21.0|OFI_SCORE:HIGH_SPEED:88.0|OFI_SCORE:LOCAL_MUSCULAR:47.0|OFI_SCORE:REACTIVE:80.0|OFI_SCORE:SYSTEMIC_MUSCULAR:66.0|OFI_SNAPSHOT:SUMMARY:74.0","","PROGRESSION:BALLISTIC_HINGE_POWER","removedAxes=LATERAL_MOVEMENT;removedObjectives=","addedAxes=;addedObjectives=","PARITY_INTENTIONAL_CORRECTION"
"ex_74c2d13b","CONDITIONING|FATIGUE","GENERAL_STRENGTH","forceType=SQUAT;plane=SAGITTAL;laterality=BILATERAL;fatigue=CARDIO_CONDITIONING_STRESS|GENERAL_CONDITIONING|LOCAL_MUSCLE|NEURAL_HEAVY|PACING_LOAD|REPETITIVE_LOCOMOTION_IMPACT|SYSTEMIC|SYSTEMIC_CONDITIONING_LOAD;muscles=CALF|CORE|HAMSTRING|QUADRICEPS;roles=GENERAL_CONDITIONING_SUPPORTIVE;skills=;qualities=AEROBIC_BASE|ANAEROBIC_REPEATABILITY","AEROBIC_FOOTWORK|UNILATERAL_STABILITY","","HIGH","BADMINTON_FATIGUE_COST:HIGH:0.0|OFI_AXIS:HIGH_FORCE_NEURAL:17.1875|OFI_AXIS:HIGH_SPEED:17.1875|OFI_AXIS:LOCAL_MUSCULAR:37.8125|OFI_AXIS:REACTIVE:15.625|OFI_AXIS:SYSTEMIC_MUSCULAR:53.125|OFI_DOSE:DISTANCE_OR_TIME:0.0|OFI_GROUP:CARDIO_CONDITIONING:0.0|OFI_GROUP:CARDIO_CONDITIONING:0.0|OFI_GROUP:CARDIO_CONDITIONING:0.0|OFI_SCORE:HIGH_FORCE_NEURAL:21.0|OFI_SCORE:HIGH_SPEED:21.0|OFI_SCORE:LOCAL_MUSCULAR:47.0|OFI_SCORE:REACTIVE:20.0|OFI_SCORE:SYSTEMIC_MUSCULAR:66.0|OFI_SNAPSHOT:SUMMARY:39.0","","PROGRESSION:CARDIO_CONDITIONING","CONDITIONING|FATIGUE","GENERAL_STRENGTH","level=GENERAL;types=GENERAL_CONDITIONING_SUPPORTIVE;skills=;qualities=AEROBIC_BASE|ANAEROBIC_REPEATABILITY","","","HIGH","BADMINTON_FATIGUE_COST:HIGH:0.0|OFI_AXIS:HIGH_FORCE_NEURAL:17.1875|OFI_AXIS:HIGH_SPEED:17.1875|OFI_AXIS:LOCAL_MUSCULAR:37.8125|OFI_AXIS:REACTIVE:15.625|OFI_AXIS:SYSTEMIC_MUSCULAR:53.125|OFI_DOSE:DISTANCE_OR_TIME:0.0|OFI_GROUP:CARDIO_CONDITIONING:0.0|OFI_GROUP:CARDIO_CONDITIONING:0.0|OFI_GROUP:CARDIO_CONDITIONING:0.0|OFI_SCORE:HIGH_FORCE_NEURAL:21.0|OFI_SCORE:HIGH_SPEED:21.0|OFI_SCORE:LOCAL_MUSCULAR:47.0|OFI_SCORE:REACTIVE:20.0|OFI_SCORE:SYSTEMIC_MUSCULAR:66.0|OFI_SNAPSHOT:SUMMARY:39.0","","PROGRESSION:CARDIO_CONDITIONING","removedAxes=AEROBIC_FOOTWORK|UNILATERAL_STABILITY;removedObjectives=","addedAxes=;addedObjectives=","PARITY_INTENTIONAL_CORRECTION"
"ex_752b45ae","BADMINTON_TRANSFER|BALANCE|FATIGUE","DIRECT","forceType=ACCELERATE;plane=MULTI_PLANAR;laterality=UNILATERAL;fatigue=ACHILLES_TENDON_STRESS|BADMINTON_DIRECT_TRANSFER|BADMINTON_MULTI_SHUTTLE|BADMINTON_RALLY|COURT_DECELERATION_IMPACT|COURT_SPORT_MOVEMENT_STRESS|DECELERATION|DECELERATION_LOAD|DECISION_MAKING_LOAD|ELASTIC_SSC|ELASTIC_SSC_LOAD|HIP_ROTATIONAL_CONTROL_STRESS|KNEE_ANKLE_STABILITY_STRESS|LOCAL_MUSCLE|NEURAL_HEAVY|NEURAL_SPEED|NEURAL_SPEED_LOAD|PATELLAR_TENDON_STRESS|REACTION_LOAD|SYSTEMIC|VISUAL_TRACKING_LOAD;muscles=CORE|DEEP_CORE;roles=CHANGE_OF_DIRECTION_DIRECT|CONDITIONING|DECELERATION|FOOTWORK|FOOTWORK_DIRECT|RALLY_CONDITIONING_DIRECT|REACTION;skills=CHANGE_OF_DIRECTION|DEFENSIVE_COVERAGE|MULTI_SHUTTLE_ENDURANCE|RALLY_TOLERANCE|SPLIT_STEP;qualities=ANAEROBIC_REPEATABILITY|ANKLE_STIFFNESS|DECELERATION|FIRST_STEP|MULTI_DIRECTION|REACTION_RANDOM|REACTIVE_AGILITY|RECOVERY_STEP|SINGLE_LEG_STABILITY","AEROBIC_FOOTWORK|DECELERATION_LANDING|LATERAL_MOVEMENT|UNILATERAL_STABILITY","ACCELERATION|CONDITIONING|DECELERATION|FOOTWORK|REACTION","HIGH","BADMINTON_FATIGUE_COST:HIGH:0.0|OFI_AXIS:HIGH_FORCE_NEURAL:17.1875|OFI_AXIS:HIGH_SPEED:85.9375|OFI_AXIS:LOCAL_MUSCULAR:58.4375|OFI_AXIS:REACTIVE:93.75|OFI_AXIS:SYSTEMIC_MUSCULAR:53.125|OFI_CAUTION:HIGH_SPEED_CAUTION:0.0|OFI_CAUTION:REACTIVE_CAUTION:0.0|OFI_CAUTION:RECOVERY_DEBT_HIGH:0.0|OFI_DOSE:DISTANCE_OR_TIME:0.0|OFI_GROUP:BADMINTON_COURT_FOOTWORK:0.0|OFI_GROUP:NOT_APPLICABLE:0.0|OFI_GROUP:NOT_APPLICABLE:0.0|OFI_SCORE:HIGH_FORCE_NEURAL:21.0|OFI_SCORE:HIGH_SPEED:100.0|OFI_SCORE:LOCAL_MUSCULAR:73.0|OFI_SCORE:REACTIVE:100.0|OFI_SCORE:SYSTEMIC_MUSCULAR:66.0|OFI_SNAPSHOT:SUMMARY:83.0","","","BADMINTON_TRANSFER|BALANCE|FATIGUE","DIRECT","level=DIRECT;types=CHANGE_OF_DIRECTION_DIRECT|FOOTWORK_DIRECT|RALLY_CONDITIONING_DIRECT;skills=CHANGE_OF_DIRECTION|DEFENSIVE_COVERAGE|MULTI_SHUTTLE_ENDURANCE|RALLY_TOLERANCE|SPLIT_STEP;qualities=ANAEROBIC_REPEATABILITY|ANKLE_STIFFNESS|DECELERATION|REACTIVE_AGILITY|SINGLE_LEG_STABILITY","DECELERATION_LANDING|LATERAL_MOVEMENT","DECELERATION|FOOTWORK","HIGH","BADMINTON_FATIGUE_COST:HIGH:0.0|OFI_AXIS:HIGH_FORCE_NEURAL:17.1875|OFI_AXIS:HIGH_SPEED:85.9375|OFI_AXIS:LOCAL_MUSCULAR:58.4375|OFI_AXIS:REACTIVE:93.75|OFI_AXIS:SYSTEMIC_MUSCULAR:53.125|OFI_CAUTION:HIGH_SPEED_CAUTION:0.0|OFI_CAUTION:REACTIVE_CAUTION:0.0|OFI_CAUTION:RECOVERY_DEBT_HIGH:0.0|OFI_DOSE:DISTANCE_OR_TIME:0.0|OFI_GROUP:BADMINTON_COURT_FOOTWORK:0.0|OFI_GROUP:NOT_APPLICABLE:0.0|OFI_GROUP:NOT_APPLICABLE:0.0|OFI_SCORE:HIGH_FORCE_NEURAL:21.0|OFI_SCORE:HIGH_SPEED:100.0|OFI_SCORE:LOCAL_MUSCULAR:73.0|OFI_SCORE:REACTIVE:100.0|OFI_SCORE:SYSTEMIC_MUSCULAR:66.0|OFI_SNAPSHOT:SUMMARY:83.0","","","removedAxes=AEROBIC_FOOTWORK|UNILATERAL_STABILITY;removedObjectives=ACCELERATION|CONDITIONING|REACTION","addedAxes=;addedObjectives=","PARITY_INTENTIONAL_CORRECTION"
"ex_767e188e","FATIGUE|HYPERTROPHY_VOLUME|STRENGTH_VOLUME","GENERAL_STRENGTH","forceType=PUSH;plane=SAGITTAL;laterality=BILATERAL;fatigue=DELTOID_LOAD|LOCAL_MUSCLE|NEURAL_HEAVY|OVERHEAD_PUSH_STRESS|OVERHEAD_REPETITION|OVERHEAD_REPETITION_LOAD|ROTATOR_CUFF_TENDON_STRESS|SHOULDER_SCAPULAR_STABILITY_STRESS|SYSTEMIC|TRICEPS_LOAD|TRICEPS_TENDON_STRESS;muscles=ANTERIOR_DELTOID|CORE|LATERAL_DELTOID|OBLIQUE|ROTATOR_CUFF|SHOULDER|TRICEPS;roles=GENERAL_STRENGTH_SUPPORTIVE|SHOULDER_CARE;skills=;qualities=ROTATOR_CUFF_CONTROL|SCAPULAR_CONTROL|SHOULDER_DURABILITY","RACKET_SUPPORT","","MEDIUM","BADMINTON_FATIGUE_COST:MEDIUM:0.0|OFI_AXIS:HIGH_FORCE_NEURAL:37.8125|OFI_AXIS:HIGH_SPEED:17.1875|OFI_AXIS:LOCAL_MUSCULAR:58.4375|OFI_AXIS:REACTIVE:15.625|OFI_AXIS:SYSTEMIC_MUSCULAR:29.21875|OFI_DOSE:LOAD_REPS:0.0|OFI_GROUP:OVERHEAD_PRESS_SHOULDER_DOMINANT:0.0|OFI_GROUP:OVERHEAD_PRESS_SHOULDER_DOMINANT:0.0|OFI_GROUP:OVERHEAD_PRESS_SHOULDER_DOMINANT:0.0|OFI_SCORE:HIGH_FORCE_NEURAL:47.0|OFI_SCORE:HIGH_SPEED:21.0|OFI_SCORE:LOCAL_MUSCULAR:73.0|OFI_SCORE:REACTIVE:20.0|OFI_SCORE:SYSTEMIC_MUSCULAR:37.0|OFI_SNAPSHOT:SUMMARY:43.0","","PROGRESSION:OVERHEAD_PRESS_SHOULDER_DOMINANT","FATIGUE|HYPERTROPHY_VOLUME|STRENGTH_VOLUME","GENERAL_STRENGTH","level=GENERAL;types=GENERAL_STRENGTH_SUPPORTIVE;skills=;qualities=ROTATOR_CUFF_CONTROL|SCAPULAR_CONTROL|SHOULDER_DURABILITY","","","MEDIUM","BADMINTON_FATIGUE_COST:MEDIUM:0.0|OFI_AXIS:HIGH_FORCE_NEURAL:37.8125|OFI_AXIS:HIGH_SPEED:17.1875|OFI_AXIS:LOCAL_MUSCULAR:58.4375|OFI_AXIS:REACTIVE:15.625|OFI_AXIS:SYSTEMIC_MUSCULAR:29.21875|OFI_DOSE:LOAD_REPS:0.0|OFI_GROUP:OVERHEAD_PRESS_SHOULDER_DOMINANT:0.0|OFI_GROUP:OVERHEAD_PRESS_SHOULDER_DOMINANT:0.0|OFI_GROUP:OVERHEAD_PRESS_SHOULDER_DOMINANT:0.0|OFI_SCORE:HIGH_FORCE_NEURAL:47.0|OFI_SCORE:HIGH_SPEED:21.0|OFI_SCORE:LOCAL_MUSCULAR:73.0|OFI_SCORE:REACTIVE:20.0|OFI_SCORE:SYSTEMIC_MUSCULAR:37.0|OFI_SNAPSHOT:SUMMARY:43.0","","PROGRESSION:OVERHEAD_PRESS_SHOULDER_DOMINANT","removedAxes=RACKET_SUPPORT;removedObjectives=","addedAxes=;addedObjectives=","PARITY_INTENTIONAL_CORRECTION"
"ex_7814843a","FATIGUE|HYPERTROPHY_VOLUME|STRENGTH_VOLUME","GENERAL_STRENGTH","forceType=PUSH;plane=SAGITTAL;laterality=UNILATERAL;fatigue=DELTOID_LOAD|LOCAL_MUSCLE|NEURAL_HEAVY|OVERHEAD_PUSH_STRESS|OVERHEAD_REPETITION|OVERHEAD_REPETITION_LOAD|ROTATOR_CUFF_TENDON_STRESS|SHOULDER_SCAPULAR_STABILITY_STRESS|SYSTEMIC|TRICEPS_LOAD|TRICEPS_TENDON_STRESS;muscles=ANTERIOR_DELTOID|CORE|DEEP_CORE|LATERAL_DELTOID|SHOULDER|TRICEPS;roles=GENERAL_STRENGTH_SUPPORTIVE|SHOULDER_CARE;skills=;qualities=ROTATOR_CUFF_CONTROL|SCAPULAR_CONTROL|SHOULDER_DURABILITY","RACKET_SUPPORT|UNILATERAL_STABILITY","","MEDIUM","BADMINTON_FATIGUE_COST:MEDIUM:0.0|OFI_AXIS:HIGH_FORCE_NEURAL:37.8125|OFI_AXIS:HIGH_SPEED:17.1875|OFI_AXIS:LOCAL_MUSCULAR:58.4375|OFI_AXIS:REACTIVE:15.625|OFI_AXIS:SYSTEMIC_MUSCULAR:29.21875|OFI_DOSE:LOAD_REPS:0.0|OFI_GROUP:OVERHEAD_PRESS_SHOULDER_DOMINANT:0.0|OFI_GROUP:OVERHEAD_PRESS_SHOULDER_DOMINANT:0.0|OFI_GROUP:OVERHEAD_PRESS_SHOULDER_DOMINANT:0.0|OFI_SCORE:HIGH_FORCE_NEURAL:47.0|OFI_SCORE:HIGH_SPEED:21.0|OFI_SCORE:LOCAL_MUSCULAR:73.0|OFI_SCORE:REACTIVE:20.0|OFI_SCORE:SYSTEMIC_MUSCULAR:37.0|OFI_SNAPSHOT:SUMMARY:43.0","","PROGRESSION:OVERHEAD_PRESS_SHOULDER_DOMINANT","FATIGUE|HYPERTROPHY_VOLUME|STRENGTH_VOLUME","GENERAL_STRENGTH","level=GENERAL;types=GENERAL_STRENGTH_SUPPORTIVE;skills=;qualities=ROTATOR_CUFF_CONTROL|SCAPULAR_CONTROL|SHOULDER_DURABILITY","","","MEDIUM","BADMINTON_FATIGUE_COST:MEDIUM:0.0|OFI_AXIS:HIGH_FORCE_NEURAL:37.8125|OFI_AXIS:HIGH_SPEED:17.1875|OFI_AXIS:LOCAL_MUSCULAR:58.4375|OFI_AXIS:REACTIVE:15.625|OFI_AXIS:SYSTEMIC_MUSCULAR:29.21875|OFI_DOSE:LOAD_REPS:0.0|OFI_GROUP:OVERHEAD_PRESS_SHOULDER_DOMINANT:0.0|OFI_GROUP:OVERHEAD_PRESS_SHOULDER_DOMINANT:0.0|OFI_GROUP:OVERHEAD_PRESS_SHOULDER_DOMINANT:0.0|OFI_SCORE:HIGH_FORCE_NEURAL:47.0|OFI_SCORE:HIGH_SPEED:21.0|OFI_SCORE:LOCAL_MUSCULAR:73.0|OFI_SCORE:REACTIVE:20.0|OFI_SCORE:SYSTEMIC_MUSCULAR:37.0|OFI_SNAPSHOT:SUMMARY:43.0","","PROGRESSION:OVERHEAD_PRESS_SHOULDER_DOMINANT","removedAxes=RACKET_SUPPORT|UNILATERAL_STABILITY;removedObjectives=","addedAxes=;addedObjectives=","PARITY_INTENTIONAL_CORRECTION"
"ex_79f3bdbe","FATIGUE|HYPERTROPHY_VOLUME|STRENGTH_VOLUME","GENERAL_STRENGTH","forceType=PUSH;plane=SAGITTAL;laterality=BILATERAL;fatigue=DELTOID_LOAD|LOCAL_MUSCLE|NEURAL_HEAVY|OVERHEAD_PUSH_STRESS|OVERHEAD_REPETITION|OVERHEAD_REPETITION_LOAD|ROTATOR_CUFF_TENDON_STRESS|SHOULDER_SCAPULAR_STABILITY_STRESS|SYSTEMIC|TRICEPS_LOAD|TRICEPS_TENDON_STRESS;muscles=ANTERIOR_DELTOID|CORE|DEEP_CORE|LATERAL_DELTOID|SHOULDER|TRICEPS;roles=GENERAL_STRENGTH_SUPPORTIVE|SHOULDER_CARE;skills=;qualities=ROTATOR_CUFF_CONTROL|SCAPULAR_CONTROL|SHOULDER_DURABILITY","RACKET_SUPPORT","","VERY_HIGH","BADMINTON_FATIGUE_COST:VERY_HIGH:0.0|OFI_AXIS:HIGH_FORCE_NEURAL:37.8125|OFI_AXIS:HIGH_SPEED:17.1875|OFI_AXIS:LOCAL_MUSCULAR:58.4375|OFI_AXIS:REACTIVE:15.625|OFI_AXIS:SYSTEMIC_MUSCULAR:29.21875|OFI_DOSE:LOAD_REPS:0.0|OFI_GROUP:OVERHEAD_PRESS_SHOULDER_DOMINANT:0.0|OFI_GROUP:OVERHEAD_PRESS_SHOULDER_DOMINANT:0.0|OFI_GROUP:OVERHEAD_PRESS_SHOULDER_DOMINANT:0.0|OFI_SCORE:HIGH_FORCE_NEURAL:47.0|OFI_SCORE:HIGH_SPEED:21.0|OFI_SCORE:LOCAL_MUSCULAR:73.0|OFI_SCORE:REACTIVE:20.0|OFI_SCORE:SYSTEMIC_MUSCULAR:37.0|OFI_SNAPSHOT:SUMMARY:43.0","","PROGRESSION:OVERHEAD_PRESS_SHOULDER_DOMINANT","FATIGUE|HYPERTROPHY_VOLUME|STRENGTH_VOLUME","GENERAL_STRENGTH","level=GENERAL;types=GENERAL_STRENGTH_SUPPORTIVE;skills=;qualities=ROTATOR_CUFF_CONTROL|SCAPULAR_CONTROL|SHOULDER_DURABILITY","","","VERY_HIGH","BADMINTON_FATIGUE_COST:VERY_HIGH:0.0|OFI_AXIS:HIGH_FORCE_NEURAL:37.8125|OFI_AXIS:HIGH_SPEED:17.1875|OFI_AXIS:LOCAL_MUSCULAR:58.4375|OFI_AXIS:REACTIVE:15.625|OFI_AXIS:SYSTEMIC_MUSCULAR:29.21875|OFI_DOSE:LOAD_REPS:0.0|OFI_GROUP:OVERHEAD_PRESS_SHOULDER_DOMINANT:0.0|OFI_GROUP:OVERHEAD_PRESS_SHOULDER_DOMINANT:0.0|OFI_GROUP:OVERHEAD_PRESS_SHOULDER_DOMINANT:0.0|OFI_SCORE:HIGH_FORCE_NEURAL:47.0|OFI_SCORE:HIGH_SPEED:21.0|OFI_SCORE:LOCAL_MUSCULAR:73.0|OFI_SCORE:REACTIVE:20.0|OFI_SCORE:SYSTEMIC_MUSCULAR:37.0|OFI_SNAPSHOT:SUMMARY:43.0","","PROGRESSION:OVERHEAD_PRESS_SHOULDER_DOMINANT","removedAxes=RACKET_SUPPORT;removedObjectives=","addedAxes=;addedObjectives=","PARITY_INTENTIONAL_CORRECTION"
"ex_7ce96a7a","BADMINTON_SUPPORTIVE|BALANCE|FATIGUE|HYPERTROPHY_VOLUME","SUPPORTIVE","forceType=SQUAT;plane=SAGITTAL;laterality=UNILATERAL;fatigue=GLUTE_LOAD|HIP_CONTROL_LOAD|HIP_ROTATIONAL_CONTROL_STRESS|KNEE_VALGUS_CONTROL_STRESS|LOCAL_MUSCLE|LUMBOPELVIC_CONTROL_STRESS|NEURAL_HEAVY|PATELLAR_TENDON_STRESS|QUAD_LOAD|SINGLE_LEG_STABILITY_LOAD|SYSTEMIC|UNILATERAL_CONTROL_LOAD|UNILATERAL_LOWER_STABILITY_STRESS;muscles=CORE|DEEP_CORE|GLUTE|HAMSTRING|HIP_ADDUCTOR|QUADRICEPS;roles=LOWER_BODY_SUPPORTIVE;skills=CHANGE_OF_DIRECTION|FIRST_STEP;qualities=FRONTAL_PLANE_CONTROL|HIP_CONTROL|HIP_KNEE_EXTENSION_STRENGTH|LOWER_BODY_FORCE|SINGLE_LEG_STABILITY","UNILATERAL_STABILITY","ACCELERATION","VERY_HIGH","BADMINTON_FATIGUE_COST:VERY_HIGH:0.0|OFI_AXIS:HIGH_FORCE_NEURAL:37.8125|OFI_AXIS:HIGH_SPEED:70.125|OFI_AXIS:LOCAL_MUSCULAR:58.4375|OFI_AXIS:REACTIVE:63.75|OFI_AXIS:SYSTEMIC_MUSCULAR:34.375|OFI_DOSE:VOLUME_LOAD:0.0|OFI_GROUP:LUNGE_UNILATERAL_LOWER:0.0|OFI_GROUP:LUNGE_UNILATERAL_LOWER:0.0|OFI_GROUP:LUNGE_UNILATERAL_LOWER:0.0|OFI_SCORE:HIGH_FORCE_NEURAL:47.0|OFI_SCORE:HIGH_SPEED:88.0|OFI_SCORE:LOCAL_MUSCULAR:73.0|OFI_SCORE:REACTIVE:80.0|OFI_SCORE:SYSTEMIC_MUSCULAR:43.0|OFI_SNAPSHOT:SUMMARY:77.0","","PROGRESSION:LUNGE_UNILATERAL_LOWER","BADMINTON_SUPPORTIVE|BALANCE|FATIGUE|HYPERTROPHY_VOLUME","SUPPORTIVE","level=SUPPORTIVE;types=LOWER_BODY_SUPPORTIVE;skills=CHANGE_OF_DIRECTION|FIRST_STEP;qualities=FRONTAL_PLANE_CONTROL|HIP_CONTROL|HIP_KNEE_EXTENSION_STRENGTH|LOWER_BODY_FORCE|SINGLE_LEG_STABILITY","","ACCELERATION","VERY_HIGH","BADMINTON_FATIGUE_COST:VERY_HIGH:0.0|OFI_AXIS:HIGH_FORCE_NEURAL:37.8125|OFI_AXIS:HIGH_SPEED:70.125|OFI_AXIS:LOCAL_MUSCULAR:58.4375|OFI_AXIS:REACTIVE:63.75|OFI_AXIS:SYSTEMIC_MUSCULAR:34.375|OFI_DOSE:VOLUME_LOAD:0.0|OFI_GROUP:LUNGE_UNILATERAL_LOWER:0.0|OFI_GROUP:LUNGE_UNILATERAL_LOWER:0.0|OFI_GROUP:LUNGE_UNILATERAL_LOWER:0.0|OFI_SCORE:HIGH_FORCE_NEURAL:47.0|OFI_SCORE:HIGH_SPEED:88.0|OFI_SCORE:LOCAL_MUSCULAR:73.0|OFI_SCORE:REACTIVE:80.0|OFI_SCORE:SYSTEMIC_MUSCULAR:43.0|OFI_SNAPSHOT:SUMMARY:77.0","","PROGRESSION:LUNGE_UNILATERAL_LOWER","removedAxes=UNILATERAL_STABILITY;removedObjectives=","addedAxes=;addedObjectives=","PARITY_INTENTIONAL_CORRECTION"
"ex_7deabeba","BALANCE|FATIGUE|HYPERTROPHY_VOLUME","GENERAL_STRENGTH","forceType=BRACE;plane=TRANSVERSE;laterality=BILATERAL;fatigue=ANTI_ROTATION|ISOLATION_ACCESSORY_STRESS|LOCAL_MUSCLE|NEURAL_HEAVY|OVERHEAD_REPETITION|POSTERIOR_DELTOID_LOCAL_LOAD|ROTATOR_CUFF_TENDON_STRESS|SCAPULAR_RETRACTION_LOAD|SHOULDER_SCAPULAR_STABILITY_STRESS|SYSTEMIC;muscles=CORE|OBLIQUE|REAR_DELT|RHOMBOID|ROTATOR_CUFF|SHOULDER;roles=ANTI_ROTATION_STABILITY|GENERAL_STRENGTH_SUPPORTIVE|SHOULDER_CARE;skills=;qualities=ROTATOR_CUFF_CONTROL|SCAPULAR_CONTROL|SHOULDER_DURABILITY","LOW_FATIGUE_CONTROL|RACKET_SUPPORT|ROTATION_CONTROL","","HIGH","BADMINTON_FATIGUE_COST:HIGH:0.0|OFI_AXIS:HIGH_FORCE_NEURAL:17.1875|OFI_AXIS:HIGH_SPEED:17.1875|OFI_AXIS:LOCAL_MUSCULAR:58.4375|OFI_AXIS:REACTIVE:15.625|OFI_AXIS:SYSTEMIC_MUSCULAR:13.28125|OFI_DOSE:VOLUME_LOAD:0.0|OFI_GROUP:POSTERIOR_DELTOID_HORIZONTAL_ABDUCTION:0.0|OFI_GROUP:POSTERIOR_DELTOID_HORIZONTAL_ABDUCTION:0.0|OFI_GROUP:POSTERIOR_DELTOID_HORIZONTAL_ABDUCTION:0.0|OFI_SCORE:HIGH_FORCE_NEURAL:21.0|OFI_SCORE:HIGH_SPEED:21.0|OFI_SCORE:LOCAL_MUSCULAR:73.0|OFI_SCORE:REACTIVE:20.0|OFI_SCORE:SYSTEMIC_MUSCULAR:17.0|OFI_SNAPSHOT:SUMMARY:39.0","","PROGRESSION:POSTERIOR_DELTOID_HORIZONTAL_ABDUCTION","BALANCE|FATIGUE|HYPERTROPHY_VOLUME","GENERAL_STRENGTH","level=GENERAL;types=GENERAL_STRENGTH_SUPPORTIVE;skills=;qualities=ROTATOR_CUFF_CONTROL|SCAPULAR_CONTROL|SHOULDER_DURABILITY","","","HIGH","BADMINTON_FATIGUE_COST:HIGH:0.0|OFI_AXIS:HIGH_FORCE_NEURAL:17.1875|OFI_AXIS:HIGH_SPEED:17.1875|OFI_AXIS:LOCAL_MUSCULAR:58.4375|OFI_AXIS:REACTIVE:15.625|OFI_AXIS:SYSTEMIC_MUSCULAR:13.28125|OFI_DOSE:VOLUME_LOAD:0.0|OFI_GROUP:POSTERIOR_DELTOID_HORIZONTAL_ABDUCTION:0.0|OFI_GROUP:POSTERIOR_DELTOID_HORIZONTAL_ABDUCTION:0.0|OFI_GROUP:POSTERIOR_DELTOID_HORIZONTAL_ABDUCTION:0.0|OFI_SCORE:HIGH_FORCE_NEURAL:21.0|OFI_SCORE:HIGH_SPEED:21.0|OFI_SCORE:LOCAL_MUSCULAR:73.0|OFI_SCORE:REACTIVE:20.0|OFI_SCORE:SYSTEMIC_MUSCULAR:17.0|OFI_SNAPSHOT:SUMMARY:39.0","","PROGRESSION:POSTERIOR_DELTOID_HORIZONTAL_ABDUCTION","removedAxes=LOW_FATIGUE_CONTROL|RACKET_SUPPORT|ROTATION_CONTROL;removedObjectives=","addedAxes=;addedObjectives=","PARITY_INTENTIONAL_CORRECTION"
"ex_85b2ac56","BALANCE|FATIGUE|HYPERTROPHY_VOLUME","GENERAL_STRENGTH","forceType=BRACE;plane=SAGITTAL;laterality=UNILATERAL;fatigue=ANTI_ROTATION|BICEPS_LOCAL_LOAD|BICEPS_TENDON_STRESS|ELBOW_FLEXION_LOAD|FOREARM_FLEXOR_TENDON_STRESS|GRIP_FOREARM|GRIP_FOREARM_LOAD|ISOLATION_ACCESSORY_STRESS|LOCAL_MUSCLE|NEURAL_HEAVY|SYSTEMIC;muscles=BICEPS|CORE|DEEP_CORE|FOREARM;roles=ANTI_ROTATION_STABILITY|GENERAL_STRENGTH_SUPPORTIVE|GRIP_FOREARM;skills=;qualities=GRIP_ENDURANCE","LOW_FATIGUE_CONTROL|RACKET_SUPPORT|ROTATION_CONTROL|UNILATERAL_STABILITY","","MEDIUM","BADMINTON_FATIGUE_COST:MEDIUM:0.0|OFI_AXIS:HIGH_FORCE_NEURAL:17.1875|OFI_AXIS:HIGH_SPEED:17.1875|OFI_AXIS:LOCAL_MUSCULAR:58.4375|OFI_AXIS:REACTIVE:15.625|OFI_AXIS:SYSTEMIC_MUSCULAR:13.28125|OFI_DOSE:VOLUME_LOAD:0.0|OFI_GROUP:ELBOW_FLEXION_CURL:0.0|OFI_GROUP:ELBOW_FLEXION_CURL:0.0|OFI_GROUP:ELBOW_FLEXION_CURL:0.0|OFI_SCORE:HIGH_FORCE_NEURAL:21.0|OFI_SCORE:HIGH_SPEED:21.0|OFI_SCORE:LOCAL_MUSCULAR:73.0|OFI_SCORE:REACTIVE:20.0|OFI_SCORE:SYSTEMIC_MUSCULAR:17.0|OFI_SNAPSHOT:SUMMARY:39.0","","PROGRESSION:ELBOW_FLEXION_CURL","BALANCE|FATIGUE|HYPERTROPHY_VOLUME","GENERAL_STRENGTH","level=GENERAL;types=GENERAL_STRENGTH_SUPPORTIVE;skills=;qualities=GRIP_ENDURANCE","","","MEDIUM","BADMINTON_FATIGUE_COST:MEDIUM:0.0|OFI_AXIS:HIGH_FORCE_NEURAL:17.1875|OFI_AXIS:HIGH_SPEED:17.1875|OFI_AXIS:LOCAL_MUSCULAR:58.4375|OFI_AXIS:REACTIVE:15.625|OFI_AXIS:SYSTEMIC_MUSCULAR:13.28125|OFI_DOSE:VOLUME_LOAD:0.0|OFI_GROUP:ELBOW_FLEXION_CURL:0.0|OFI_GROUP:ELBOW_FLEXION_CURL:0.0|OFI_GROUP:ELBOW_FLEXION_CURL:0.0|OFI_SCORE:HIGH_FORCE_NEURAL:21.0|OFI_SCORE:HIGH_SPEED:21.0|OFI_SCORE:LOCAL_MUSCULAR:73.0|OFI_SCORE:REACTIVE:20.0|OFI_SCORE:SYSTEMIC_MUSCULAR:17.0|OFI_SNAPSHOT:SUMMARY:39.0","","PROGRESSION:ELBOW_FLEXION_CURL","removedAxes=LOW_FATIGUE_CONTROL|RACKET_SUPPORT|ROTATION_CONTROL|UNILATERAL_STABILITY;removedObjectives=","addedAxes=;addedObjectives=","PARITY_INTENTIONAL_CORRECTION"
"ex_85f12271","BADMINTON_SUPPORTIVE|BALANCE|FATIGUE|HYPERTROPHY_VOLUME|STRENGTH_PROGRESS","SUPPORTIVE","forceType=SQUAT;plane=SAGITTAL;laterality=UNILATERAL;fatigue=GLUTE_LOAD|HIP_ROTATIONAL_CONTROL_STRESS|HIP_STABILITY_LOAD|KNEE_ANKLE_STABILITY_STRESS|LOCAL_MUSCLE|NEURAL_HEAVY|PATELLAR_TENDON_STRESS|QUADRICEPS_LOAD|SYSTEMIC|UNILATERAL_LOWER_STABILITY_STRESS;muscles=CORE|DEEP_CORE;roles=LOWER_BODY_SUPPORTIVE;skills=CHANGE_OF_DIRECTION|FIRST_STEP;qualities=FRONTAL_PLANE_CONTROL|HIP_CONTROL|HIP_KNEE_EXTENSION_STRENGTH|LOWER_BODY_FORCE|SINGLE_LEG_STABILITY","LOW_FATIGUE_CONTROL|UNILATERAL_STABILITY","ACCELERATION","VERY_HIGH","BADMINTON_FATIGUE_COST:VERY_HIGH:0.0|OFI_AXIS:HIGH_FORCE_NEURAL:17.1875|OFI_AXIS:HIGH_SPEED:70.125|OFI_AXIS:LOCAL_MUSCULAR:58.4375|OFI_AXIS:REACTIVE:63.75|OFI_AXIS:SYSTEMIC_MUSCULAR:29.21875|OFI_DOSE:VOLUME_LOAD:0.0|OFI_GROUP:SINGLE_LEG_SQUAT_STABILITY:0.0|OFI_GROUP:SINGLE_LEG_SQUAT_STABILITY:0.0|OFI_GROUP:SINGLE_LEG_SQUAT_STABILITY:0.0|OFI_SCORE:HIGH_FORCE_NEURAL:21.0|OFI_SCORE:HIGH_SPEED:88.0|OFI_SCORE:LOCAL_MUSCULAR:73.0|OFI_SCORE:REACTIVE:80.0|OFI_SCORE:SYSTEMIC_MUSCULAR:37.0|OFI_SNAPSHOT:SUMMARY:74.0","ROLE:STABILITY|SLOT:STABILITY_SLOT","PROGRESSION:SINGLE_LEG_SQUAT_STABILITY","BADMINTON_SUPPORTIVE|BALANCE|FATIGUE|HYPERTROPHY_VOLUME|STRENGTH_PROGRESS","SUPPORTIVE","level=SUPPORTIVE;types=LOWER_BODY_SUPPORTIVE;skills=CHANGE_OF_DIRECTION|FIRST_STEP;qualities=FRONTAL_PLANE_CONTROL|HIP_CONTROL|HIP_KNEE_EXTENSION_STRENGTH|LOWER_BODY_FORCE|SINGLE_LEG_STABILITY","","ACCELERATION","VERY_HIGH","BADMINTON_FATIGUE_COST:VERY_HIGH:0.0|OFI_AXIS:HIGH_FORCE_NEURAL:17.1875|OFI_AXIS:HIGH_SPEED:70.125|OFI_AXIS:LOCAL_MUSCULAR:58.4375|OFI_AXIS:REACTIVE:63.75|OFI_AXIS:SYSTEMIC_MUSCULAR:29.21875|OFI_DOSE:VOLUME_LOAD:0.0|OFI_GROUP:SINGLE_LEG_SQUAT_STABILITY:0.0|OFI_GROUP:SINGLE_LEG_SQUAT_STABILITY:0.0|OFI_GROUP:SINGLE_LEG_SQUAT_STABILITY:0.0|OFI_SCORE:HIGH_FORCE_NEURAL:21.0|OFI_SCORE:HIGH_SPEED:88.0|OFI_SCORE:LOCAL_MUSCULAR:73.0|OFI_SCORE:REACTIVE:80.0|OFI_SCORE:SYSTEMIC_MUSCULAR:37.0|OFI_SNAPSHOT:SUMMARY:74.0","ROLE:STABILITY|SLOT:STABILITY_SLOT","PROGRESSION:SINGLE_LEG_SQUAT_STABILITY","removedAxes=LOW_FATIGUE_CONTROL|UNILATERAL_STABILITY;removedObjectives=","addedAxes=;addedObjectives=","PARITY_INTENTIONAL_CORRECTION"
"ex_86323ed6","BALANCE|FATIGUE|HYPERTROPHY_VOLUME","GENERAL_STRENGTH","forceType=BRACE;plane=SAGITTAL;laterality=UNILATERAL;fatigue=BRACHIALIS_BRACHIORADIALIS_LOAD|ELBOW_FLEXION_LOAD|FOREARM_EXTENSOR_TENDON_STRESS|FOREARM_FLEXOR_TENDON_STRESS|GRIP_FOREARM|GRIP_FOREARM_LOAD|ISOLATION_ACCESSORY_STRESS|LOCAL_MUSCLE|NEURAL_HEAVY|SYSTEMIC;muscles=BICEPS|CORE|FOREARM|GRIP;roles=GENERAL_STRENGTH_SUPPORTIVE|GRIP_FOREARM;skills=;qualities=GRIP_ENDURANCE","LOW_FATIGUE_CONTROL|RACKET_SUPPORT|ROTATION_CONTROL|UNILATERAL_STABILITY","","LOW","BADMINTON_FATIGUE_COST:LOW:0.0|OFI_AXIS:HIGH_FORCE_NEURAL:17.1875|OFI_AXIS:HIGH_SPEED:17.1875|OFI_AXIS:LOCAL_MUSCULAR:58.4375|OFI_AXIS:REACTIVE:15.625|OFI_AXIS:SYSTEMIC_MUSCULAR:13.28125|OFI_DOSE:VOLUME_LOAD:0.0|OFI_GROUP:ELBOW_FLEXION_NEUTRAL_PRONATED_CURL:0.0|OFI_GROUP:ELBOW_FLEXION_NEUTRAL_PRONATED_CURL:0.0|OFI_GROUP:ELBOW_FLEXION_NEUTRAL_PRONATED_CURL:0.0|OFI_SCORE:HIGH_FORCE_NEURAL:21.0|OFI_SCORE:HIGH_SPEED:21.0|OFI_SCORE:LOCAL_MUSCULAR:73.0|OFI_SCORE:REACTIVE:20.0|OFI_SCORE:SYSTEMIC_MUSCULAR:17.0|OFI_SNAPSHOT:SUMMARY:39.0","","PROGRESSION:ELBOW_FLEXION_NEUTRAL_PRONATED_CURL","BALANCE|FATIGUE|HYPERTROPHY_VOLUME","GENERAL_STRENGTH","level=GENERAL;types=GENERAL_STRENGTH_SUPPORTIVE;skills=;qualities=GRIP_ENDURANCE","","","LOW","BADMINTON_FATIGUE_COST:LOW:0.0|OFI_AXIS:HIGH_FORCE_NEURAL:17.1875|OFI_AXIS:HIGH_SPEED:17.1875|OFI_AXIS:LOCAL_MUSCULAR:58.4375|OFI_AXIS:REACTIVE:15.625|OFI_AXIS:SYSTEMIC_MUSCULAR:13.28125|OFI_DOSE:VOLUME_LOAD:0.0|OFI_GROUP:ELBOW_FLEXION_NEUTRAL_PRONATED_CURL:0.0|OFI_GROUP:ELBOW_FLEXION_NEUTRAL_PRONATED_CURL:0.0|OFI_GROUP:ELBOW_FLEXION_NEUTRAL_PRONATED_CURL:0.0|OFI_SCORE:HIGH_FORCE_NEURAL:21.0|OFI_SCORE:HIGH_SPEED:21.0|OFI_SCORE:LOCAL_MUSCULAR:73.0|OFI_SCORE:REACTIVE:20.0|OFI_SCORE:SYSTEMIC_MUSCULAR:17.0|OFI_SNAPSHOT:SUMMARY:39.0","","PROGRESSION:ELBOW_FLEXION_NEUTRAL_PRONATED_CURL","removedAxes=LOW_FATIGUE_CONTROL|RACKET_SUPPORT|ROTATION_CONTROL|UNILATERAL_STABILITY;removedObjectives=","addedAxes=;addedObjectives=","PARITY_INTENTIONAL_CORRECTION"
"ex_8633d8db","BALANCE|FATIGUE|HYPERTROPHY_VOLUME","GENERAL_STRENGTH","forceType=BRACE;plane=SAGITTAL;laterality=BILATERAL;fatigue=BICEPS_LOCAL_LOAD|BICEPS_TENDON_STRESS|ELBOW_FLEXION_LOAD|FOREARM_FLEXOR_TENDON_STRESS|GRIP_FOREARM|GRIP_FOREARM_LOAD|ISOLATION_ACCESSORY_STRESS|LOCAL_MUSCLE|NEURAL_HEAVY|SYSTEMIC;muscles=BICEPS|CORE|FOREARM;roles=GENERAL_STRENGTH_SUPPORTIVE|GRIP_FOREARM;skills=;qualities=GRIP_ENDURANCE","LOW_FATIGUE_CONTROL|RACKET_SUPPORT|ROTATION_CONTROL","","LOW","BADMINTON_FATIGUE_COST:LOW:0.0|OFI_AXIS:HIGH_FORCE_NEURAL:17.1875|OFI_AXIS:HIGH_SPEED:17.1875|OFI_AXIS:LOCAL_MUSCULAR:58.4375|OFI_AXIS:REACTIVE:15.625|OFI_AXIS:SYSTEMIC_MUSCULAR:13.28125|OFI_DOSE:VOLUME_LOAD:0.0|OFI_GROUP:ELBOW_FLEXION_CURL:0.0|OFI_GROUP:ELBOW_FLEXION_CURL:0.0|OFI_GROUP:ELBOW_FLEXION_CURL:0.0|OFI_SCORE:HIGH_FORCE_NEURAL:21.0|OFI_SCORE:HIGH_SPEED:21.0|OFI_SCORE:LOCAL_MUSCULAR:73.0|OFI_SCORE:REACTIVE:20.0|OFI_SCORE:SYSTEMIC_MUSCULAR:17.0|OFI_SNAPSHOT:SUMMARY:39.0","","PROGRESSION:ELBOW_FLEXION_CURL","BALANCE|FATIGUE|HYPERTROPHY_VOLUME","GENERAL_STRENGTH","level=GENERAL;types=GENERAL_STRENGTH_SUPPORTIVE;skills=;qualities=GRIP_ENDURANCE","","","LOW","BADMINTON_FATIGUE_COST:LOW:0.0|OFI_AXIS:HIGH_FORCE_NEURAL:17.1875|OFI_AXIS:HIGH_SPEED:17.1875|OFI_AXIS:LOCAL_MUSCULAR:58.4375|OFI_AXIS:REACTIVE:15.625|OFI_AXIS:SYSTEMIC_MUSCULAR:13.28125|OFI_DOSE:VOLUME_LOAD:0.0|OFI_GROUP:ELBOW_FLEXION_CURL:0.0|OFI_GROUP:ELBOW_FLEXION_CURL:0.0|OFI_GROUP:ELBOW_FLEXION_CURL:0.0|OFI_SCORE:HIGH_FORCE_NEURAL:21.0|OFI_SCORE:HIGH_SPEED:21.0|OFI_SCORE:LOCAL_MUSCULAR:73.0|OFI_SCORE:REACTIVE:20.0|OFI_SCORE:SYSTEMIC_MUSCULAR:17.0|OFI_SNAPSHOT:SUMMARY:39.0","","PROGRESSION:ELBOW_FLEXION_CURL","removedAxes=LOW_FATIGUE_CONTROL|RACKET_SUPPORT|ROTATION_CONTROL;removedObjectives=","addedAxes=;addedObjectives=","PARITY_INTENTIONAL_CORRECTION"
"ex_8824026f","FATIGUE|HYPERTROPHY_VOLUME","GENERAL_STRENGTH","forceType=DECELERATE;plane=SAGITTAL;laterality=UNILATERAL;fatigue=DECELERATION|ELASTIC_SSC|HAMSTRING_LOCAL_LOAD|HAMSTRING_TENDON_STRESS|ISOLATION_ACCESSORY_STRESS|KNEE_FLEXION_LOAD|LOCAL_MUSCLE|NEURAL_HEAVY|NEURAL_SPEED|SYSTEMIC;muscles=CALF|CORE|HAMSTRING;roles=GENERAL_STRENGTH_SUPPORTIVE|JUMP_LANDING;skills=;qualities=HIP_KNEE_EXTENSION_STRENGTH|JUMP_LANDING|LOWER_BODY_FORCE|RECOVERY_STEP","DECELERATION_LANDING|LATERAL_MOVEMENT|UNILATERAL_STABILITY","FOOTWORK|JUMP_LANDING","HIGH","BADMINTON_FATIGUE_COST:HIGH:0.0|OFI_AXIS:HIGH_FORCE_NEURAL:17.1875|OFI_AXIS:HIGH_SPEED:17.1875|OFI_AXIS:LOCAL_MUSCULAR:58.4375|OFI_AXIS:REACTIVE:15.625|OFI_AXIS:SYSTEMIC_MUSCULAR:13.28125|OFI_DOSE:LOAD_REPS:0.0|OFI_GROUP:HAMSTRING_KNEE_FLEXION_ISOLATION:0.0|OFI_GROUP:HAMSTRING_KNEE_FLEXION_ISOLATION:0.0|OFI_GROUP:HAMSTRING_KNEE_FLEXION_ISOLATION:0.0|OFI_SCORE:HIGH_FORCE_NEURAL:21.0|OFI_SCORE:HIGH_SPEED:21.0|OFI_SCORE:LOCAL_MUSCULAR:73.0|OFI_SCORE:REACTIVE:20.0|OFI_SCORE:SYSTEMIC_MUSCULAR:17.0|OFI_SNAPSHOT:SUMMARY:39.0","ROLE:STRENGTH|SLOT:ACCESSORY_SLOT","PROGRESSION:HAMSTRING_KNEE_FLEXION_ISOLATION","FATIGUE|HYPERTROPHY_VOLUME","GENERAL_STRENGTH","level=GENERAL;types=GENERAL_STRENGTH_SUPPORTIVE;skills=;qualities=HIP_KNEE_EXTENSION_STRENGTH|LOWER_BODY_FORCE","","","HIGH","BADMINTON_FATIGUE_COST:HIGH:0.0|OFI_AXIS:HIGH_FORCE_NEURAL:17.1875|OFI_AXIS:HIGH_SPEED:17.1875|OFI_AXIS:LOCAL_MUSCULAR:58.4375|OFI_AXIS:REACTIVE:15.625|OFI_AXIS:SYSTEMIC_MUSCULAR:13.28125|OFI_DOSE:LOAD_REPS:0.0|OFI_GROUP:HAMSTRING_KNEE_FLEXION_ISOLATION:0.0|OFI_GROUP:HAMSTRING_KNEE_FLEXION_ISOLATION:0.0|OFI_GROUP:HAMSTRING_KNEE_FLEXION_ISOLATION:0.0|OFI_SCORE:HIGH_FORCE_NEURAL:21.0|OFI_SCORE:HIGH_SPEED:21.0|OFI_SCORE:LOCAL_MUSCULAR:73.0|OFI_SCORE:REACTIVE:20.0|OFI_SCORE:SYSTEMIC_MUSCULAR:17.0|OFI_SNAPSHOT:SUMMARY:39.0","ROLE:STRENGTH|SLOT:ACCESSORY_SLOT","PROGRESSION:HAMSTRING_KNEE_FLEXION_ISOLATION","removedAxes=DECELERATION_LANDING|LATERAL_MOVEMENT|UNILATERAL_STABILITY;removedObjectives=FOOTWORK|JUMP_LANDING","addedAxes=;addedObjectives=","PARITY_INTENTIONAL_CORRECTION"
"ex_8a3800f1","BADMINTON_SUPPORTIVE|BALANCE|FATIGUE","SUPPORTIVE","forceType=BRACE;plane=SAGITTAL;laterality=BILATERAL;fatigue=ANTI_ROTATION|ECCENTRIC_TENDON_STRESS|KNEE_ROTATIONAL_STABILITY_STRESS|LOCAL_MUSCLE|NEURAL_HEAVY|PATELLAR_TENDON_STRESS|QUAD_LOAD|QUAD_TENDON_STRESS|REPEATED_PATTERN_LOAD|SYSTEMIC;muscles=CORE|DEEP_CORE|QUADRICEPS;roles=ANTI_ROTATION_STABILITY|LOWER_BODY_SUPPORTIVE;skills=CHANGE_OF_DIRECTION|FIRST_STEP;qualities=HIP_KNEE_EXTENSION_STRENGTH|LOWER_BODY_FORCE","LOW_FATIGUE_CONTROL|ROTATION_CONTROL|UNILATERAL_STABILITY","ACCELERATION","VERY_HIGH","BADMINTON_FATIGUE_COST:VERY_HIGH:0.0|OFI_AXIS:HIGH_FORCE_NEURAL:17.1875|OFI_AXIS:HIGH_SPEED:70.125|OFI_AXIS:LOCAL_MUSCULAR:68.75|OFI_AXIS:REACTIVE:63.75|OFI_AXIS:SYSTEMIC_MUSCULAR:13.28125|OFI_CAUTION:RECOVERY_DEBT_HIGH:0.0|OFI_DOSE:QUALITY_BASED:0.0|OFI_GROUP:QUAD_ECCENTRIC_KNEE_DOMINANT:0.0|OFI_GROUP:QUAD_ECCENTRIC_KNEE_DOMINANT:0.0|OFI_GROUP:QUAD_ECCENTRIC_KNEE_DOMINANT:0.0|OFI_SCORE:HIGH_FORCE_NEURAL:21.0|OFI_SCORE:HIGH_SPEED:88.0|OFI_SCORE:LOCAL_MUSCULAR:86.0|OFI_SCORE:REACTIVE:80.0|OFI_SCORE:SYSTEMIC_MUSCULAR:17.0|OFI_SNAPSHOT:SUMMARY:77.0","","PROGRESSION:QUAD_ECCENTRIC_KNEE_DOMINANT","BADMINTON_SUPPORTIVE|BALANCE|FATIGUE","SUPPORTIVE","level=SUPPORTIVE;types=LOWER_BODY_SUPPORTIVE;skills=CHANGE_OF_DIRECTION|FIRST_STEP;qualities=HIP_KNEE_EXTENSION_STRENGTH|LOWER_BODY_FORCE","","ACCELERATION","VERY_HIGH","BADMINTON_FATIGUE_COST:VERY_HIGH:0.0|OFI_AXIS:HIGH_FORCE_NEURAL:17.1875|OFI_AXIS:HIGH_SPEED:70.125|OFI_AXIS:LOCAL_MUSCULAR:68.75|OFI_AXIS:REACTIVE:63.75|OFI_AXIS:SYSTEMIC_MUSCULAR:13.28125|OFI_CAUTION:RECOVERY_DEBT_HIGH:0.0|OFI_DOSE:QUALITY_BASED:0.0|OFI_GROUP:QUAD_ECCENTRIC_KNEE_DOMINANT:0.0|OFI_GROUP:QUAD_ECCENTRIC_KNEE_DOMINANT:0.0|OFI_GROUP:QUAD_ECCENTRIC_KNEE_DOMINANT:0.0|OFI_SCORE:HIGH_FORCE_NEURAL:21.0|OFI_SCORE:HIGH_SPEED:88.0|OFI_SCORE:LOCAL_MUSCULAR:86.0|OFI_SCORE:REACTIVE:80.0|OFI_SCORE:SYSTEMIC_MUSCULAR:17.0|OFI_SNAPSHOT:SUMMARY:77.0","","PROGRESSION:QUAD_ECCENTRIC_KNEE_DOMINANT","removedAxes=LOW_FATIGUE_CONTROL|ROTATION_CONTROL|UNILATERAL_STABILITY;removedObjectives=","addedAxes=;addedObjectives=","PARITY_INTENTIONAL_CORRECTION"
"ex_8e4bf08e","BALANCE|FATIGUE|HYPERTROPHY_VOLUME|STRENGTH_PROGRESS","GENERAL_STRENGTH","forceType=PULL;plane=TRANSVERSE;laterality=BILATERAL;fatigue=BICEPS_LOAD|BICEPS_TENDON_STRESS|ELBOW_JOINT_STRESS|FOREARM_FLEXOR_TENDON_STRESS|GRIP_FOREARM|GRIP_LOAD|HORIZONTAL_ROW_STRESS|LAT_LOAD|LOCAL_MUSCLE|NEURAL_HEAVY|REAR_DELTOID_LOAD|SCAPULAR_STABILITY_LOAD|SHOULDER_JOINT_STABILITY_STRESS|SYSTEMIC|UPPER_BACK_LOAD;muscles=BACK|BICEPS|CORE|LAT|REAR_DELT|RHOMBOID;roles=GENERAL_STRENGTH_SUPPORTIVE;skills=;qualities=SCAPULAR_CONTROL|SHOULDER_DURABILITY","RACKET_SUPPORT","","VERY_HIGH","BADMINTON_FATIGUE_COST:VERY_HIGH:0.0|OFI_AXIS:HIGH_FORCE_NEURAL:37.8125|OFI_AXIS:HIGH_SPEED:17.1875|OFI_AXIS:LOCAL_MUSCULAR:58.4375|OFI_AXIS:REACTIVE:15.625|OFI_AXIS:SYSTEMIC_MUSCULAR:34.375|OFI_DOSE:VOLUME_LOAD:0.0|OFI_GROUP:HORIZONTAL_PULL_COMPOUND:0.0|OFI_GROUP:HORIZONTAL_PULL_COMPOUND:0.0|OFI_GROUP:HORIZONTAL_PULL_COMPOUND:0.0|OFI_SCORE:HIGH_FORCE_NEURAL:47.0|OFI_SCORE:HIGH_SPEED:21.0|OFI_SCORE:LOCAL_MUSCULAR:73.0|OFI_SCORE:REACTIVE:20.0|OFI_SCORE:SYSTEMIC_MUSCULAR:43.0|OFI_SNAPSHOT:SUMMARY:44.0","","PROGRESSION:HORIZONTAL_PULL_COMPOUND","BALANCE|FATIGUE|HYPERTROPHY_VOLUME|STRENGTH_PROGRESS","GENERAL_STRENGTH","level=GENERAL;types=GENERAL_STRENGTH_SUPPORTIVE;skills=;qualities=SCAPULAR_CONTROL|SHOULDER_DURABILITY","","","VERY_HIGH","BADMINTON_FATIGUE_COST:VERY_HIGH:0.0|OFI_AXIS:HIGH_FORCE_NEURAL:37.8125|OFI_AXIS:HIGH_SPEED:17.1875|OFI_AXIS:LOCAL_MUSCULAR:58.4375|OFI_AXIS:REACTIVE:15.625|OFI_AXIS:SYSTEMIC_MUSCULAR:34.375|OFI_DOSE:VOLUME_LOAD:0.0|OFI_GROUP:HORIZONTAL_PULL_COMPOUND:0.0|OFI_GROUP:HORIZONTAL_PULL_COMPOUND:0.0|OFI_GROUP:HORIZONTAL_PULL_COMPOUND:0.0|OFI_SCORE:HIGH_FORCE_NEURAL:47.0|OFI_SCORE:HIGH_SPEED:21.0|OFI_SCORE:LOCAL_MUSCULAR:73.0|OFI_SCORE:REACTIVE:20.0|OFI_SCORE:SYSTEMIC_MUSCULAR:43.0|OFI_SNAPSHOT:SUMMARY:44.0","","PROGRESSION:HORIZONTAL_PULL_COMPOUND","removedAxes=RACKET_SUPPORT;removedObjectives=","addedAxes=;addedObjectives=","PARITY_INTENTIONAL_CORRECTION"
"ex_8e69fc74","BADMINTON_TRANSFER|BALANCE|FATIGUE","DIRECT","forceType=ACCELERATE;plane=MULTI_PLANAR;laterality=UNILATERAL;fatigue=ACHILLES_TENDON_STRESS|BADMINTON_DIRECT_TRANSFER|BADMINTON_FOOTWORK|COURT_DECELERATION_IMPACT|COURT_SPORT_MOVEMENT_STRESS|DECELERATION|DECELERATION_LOAD|DECISION_MAKING_LOAD|ELASTIC_SSC|ELASTIC_SSC_LOAD|HIP_ROTATIONAL_CONTROL_STRESS|KNEE_ANKLE_STABILITY_STRESS|LOCAL_MUSCLE|NEURAL_HEAVY|NEURAL_SPEED|NEURAL_SPEED_LOAD|PATELLAR_TENDON_STRESS|REACTION_LOAD|SYSTEMIC|VISUAL_TRACKING_LOAD;muscles=CORE|DEEP_CORE;roles=CHANGE_OF_DIRECTION_DIRECT|DECELERATION|FOOTWORK|FOOTWORK_DIRECT|REACTION|REACTION_DECISION_DIRECT;skills=CHANGE_OF_DIRECTION|DEFENSIVE_COVERAGE|FIRST_STEP|SPLIT_STEP;qualities=ANKLE_STIFFNESS|DECELERATION|FIRST_STEP|MULTI_DIRECTION|REACTION_RANDOM|REACTIVE_AGILITY|RECOVERY_STEP|SINGLE_LEG_STABILITY","DECELERATION_LANDING|LATERAL_MOVEMENT|UNILATERAL_STABILITY","ACCELERATION|DECELERATION|FOOTWORK|REACTION","HIGH","BADMINTON_FATIGUE_COST:HIGH:0.0|OFI_AXIS:HIGH_FORCE_NEURAL:17.1875|OFI_AXIS:HIGH_SPEED:85.9375|OFI_AXIS:LOCAL_MUSCULAR:58.4375|OFI_AXIS:REACTIVE:93.75|OFI_AXIS:SYSTEMIC_MUSCULAR:53.125|OFI_CAUTION:HIGH_SPEED_CAUTION:0.0|OFI_CAUTION:REACTIVE_CAUTION:0.0|OFI_DOSE:DISTANCE_OR_TIME:0.0|OFI_GROUP:BADMINTON_COURT_FOOTWORK:0.0|OFI_GROUP:NOT_APPLICABLE:0.0|OFI_GROUP:NOT_APPLICABLE:0.0|OFI_SCORE:HIGH_FORCE_NEURAL:21.0|OFI_SCORE:HIGH_SPEED:100.0|OFI_SCORE:LOCAL_MUSCULAR:73.0|OFI_SCORE:REACTIVE:100.0|OFI_SCORE:SYSTEMIC_MUSCULAR:66.0|OFI_SNAPSHOT:SUMMARY:83.0","","","BADMINTON_TRANSFER|BALANCE|FATIGUE","DIRECT","level=DIRECT;types=CHANGE_OF_DIRECTION_DIRECT|FOOTWORK_DIRECT|REACTION_DECISION_DIRECT;skills=CHANGE_OF_DIRECTION|DEFENSIVE_COVERAGE|FIRST_STEP|SPLIT_STEP;qualities=ANKLE_STIFFNESS|DECELERATION|REACTIVE_AGILITY|SINGLE_LEG_STABILITY","DECELERATION_LANDING|LATERAL_MOVEMENT","ACCELERATION|DECELERATION|FOOTWORK","HIGH","BADMINTON_FATIGUE_COST:HIGH:0.0|OFI_AXIS:HIGH_FORCE_NEURAL:17.1875|OFI_AXIS:HIGH_SPEED:85.9375|OFI_AXIS:LOCAL_MUSCULAR:58.4375|OFI_AXIS:REACTIVE:93.75|OFI_AXIS:SYSTEMIC_MUSCULAR:53.125|OFI_CAUTION:HIGH_SPEED_CAUTION:0.0|OFI_CAUTION:REACTIVE_CAUTION:0.0|OFI_DOSE:DISTANCE_OR_TIME:0.0|OFI_GROUP:BADMINTON_COURT_FOOTWORK:0.0|OFI_GROUP:NOT_APPLICABLE:0.0|OFI_GROUP:NOT_APPLICABLE:0.0|OFI_SCORE:HIGH_FORCE_NEURAL:21.0|OFI_SCORE:HIGH_SPEED:100.0|OFI_SCORE:LOCAL_MUSCULAR:73.0|OFI_SCORE:REACTIVE:100.0|OFI_SCORE:SYSTEMIC_MUSCULAR:66.0|OFI_SNAPSHOT:SUMMARY:83.0","","","removedAxes=UNILATERAL_STABILITY;removedObjectives=REACTION","addedAxes=;addedObjectives=","PARITY_INTENTIONAL_CORRECTION"
"ex_91b749b3","FATIGUE|HYPERTROPHY_VOLUME","NONE","forceType=BRACE;plane=TRANSVERSE;laterality=BILATERAL;fatigue=ISOLATION_ACCESSORY_STRESS|LOCAL_MUSCLE|NEURAL_HEAVY|PECTORAL_LOCAL_LOAD|PECTORAL_TENDON_STRESS|SHOULDER_SCAPULAR_STABILITY_STRESS|SYSTEMIC;muscles=ANTERIOR_DELTOID|CHEST|CORE|SCAPULAR_STABILIZERS;roles=;skills=;qualities=","LOW_FATIGUE_CONTROL|ROTATION_CONTROL","","LOW","BADMINTON_FATIGUE_COST:LOW:0.0|OFI_AXIS:HIGH_FORCE_NEURAL:17.1875|OFI_AXIS:HIGH_SPEED:17.1875|OFI_AXIS:LOCAL_MUSCULAR:58.4375|OFI_AXIS:REACTIVE:15.625|OFI_AXIS:SYSTEMIC_MUSCULAR:10.9375|OFI_DOSE:LOAD_REPS:0.0|OFI_GROUP:CHEST_FLY_ISOLATION:0.0|OFI_GROUP:CHEST_FLY_ISOLATION:0.0|OFI_GROUP:CHEST_FLY_ISOLATION:0.0|OFI_SCORE:HIGH_FORCE_NEURAL:21.0|OFI_SCORE:HIGH_SPEED:21.0|OFI_SCORE:LOCAL_MUSCULAR:73.0|OFI_SCORE:REACTIVE:20.0|OFI_SCORE:SYSTEMIC_MUSCULAR:14.0|OFI_SNAPSHOT:SUMMARY:39.0","","PROGRESSION:CHEST_FLY_ISOLATION","FATIGUE|HYPERTROPHY_VOLUME","NONE","level=NONE;types=;skills=;qualities=","","","LOW","BADMINTON_FATIGUE_COST:LOW:0.0|OFI_AXIS:HIGH_FORCE_NEURAL:17.1875|OFI_AXIS:HIGH_SPEED:17.1875|OFI_AXIS:LOCAL_MUSCULAR:58.4375|OFI_AXIS:REACTIVE:15.625|OFI_AXIS:SYSTEMIC_MUSCULAR:10.9375|OFI_DOSE:LOAD_REPS:0.0|OFI_GROUP:CHEST_FLY_ISOLATION:0.0|OFI_GROUP:CHEST_FLY_ISOLATION:0.0|OFI_GROUP:CHEST_FLY_ISOLATION:0.0|OFI_SCORE:HIGH_FORCE_NEURAL:21.0|OFI_SCORE:HIGH_SPEED:21.0|OFI_SCORE:LOCAL_MUSCULAR:73.0|OFI_SCORE:REACTIVE:20.0|OFI_SCORE:SYSTEMIC_MUSCULAR:14.0|OFI_SNAPSHOT:SUMMARY:39.0","","PROGRESSION:CHEST_FLY_ISOLATION","removedAxes=LOW_FATIGUE_CONTROL|ROTATION_CONTROL;removedObjectives=","addedAxes=;addedObjectives=","PARITY_INTENTIONAL_CORRECTION"
"ex_91d8430b","BADMINTON_TRANSFER|FATIGUE|TEST_METRIC","DIRECT","forceType=ROTATE;plane=TRANSVERSE;laterality=BILATERAL;fatigue=BADMINTON_DIRECT_TRANSFER|BADMINTON_OVERHEAD_TEST|ELBOW_TENDON_STRESS|GRIP_FOREARM|GRIP_FOREARM_LOAD|LOCAL_MUSCLE|MOTOR_LEARNING_LOAD|NEURAL_HEAVY|NEURAL_SPEED|OVERHEAD_RACKET_STRESS|OVERHEAD_REPETITION|OVERHEAD_REPETITION_LOAD|ROTATION_POWER|ROTATION_POWER_LOAD|ROTATOR_CUFF_TENDON_STRESS|SHOULDER_SCAPULAR_STABILITY_STRESS|SYSTEMIC|TECHNICAL_CONCENTRATION_LOAD;muscles=CORE|DEEP_CORE;roles=OVERHEAD_HITTING_DIRECT|OVERHEAD_POWER|RALLY_CONDITIONING_DIRECT|ROTATION_POWER;skills=RALLY_TOLERANCE|SMASH;qualities=ANAEROBIC_REPEATABILITY|GRIP_ENDURANCE|SHOULDER_DURABILITY","RACKET_SUPPORT|ROTATION_CONTROL","ROTATION_POWER","HIGH","BADMINTON_FATIGUE_COST:HIGH:0.0|OFI_AXIS:HIGH_FORCE_NEURAL:20.625|OFI_AXIS:HIGH_SPEED:37.8125|OFI_AXIS:LOCAL_MUSCULAR:37.8125|OFI_AXIS:REACTIVE:34.375|OFI_AXIS:SYSTEMIC_MUSCULAR:34.375|OFI_DOSE:COUNT_ONLY:0.0|OFI_GROUP:NOT_APPLICABLE:0.0|OFI_GROUP:NOT_APPLICABLE:0.0|OFI_GROUP:NOT_APPLICABLE:0.0|OFI_SCORE:HIGH_FORCE_NEURAL:26.0|OFI_SCORE:HIGH_SPEED:47.0|OFI_SCORE:LOCAL_MUSCULAR:47.0|OFI_SCORE:REACTIVE:43.0|OFI_SCORE:SYSTEMIC_MUSCULAR:43.0|OFI_SNAPSHOT:SUMMARY:35.0","","","BADMINTON_TRANSFER|FATIGUE|TEST_METRIC","DIRECT","level=DIRECT;types=OVERHEAD_HITTING_DIRECT|RALLY_CONDITIONING_DIRECT;skills=RALLY_TOLERANCE|SMASH;qualities=ANAEROBIC_REPEATABILITY|GRIP_ENDURANCE|SHOULDER_DURABILITY","RACKET_SUPPORT","","HIGH","BADMINTON_FATIGUE_COST:HIGH:0.0|OFI_AXIS:HIGH_FORCE_NEURAL:20.625|OFI_AXIS:HIGH_SPEED:37.8125|OFI_AXIS:LOCAL_MUSCULAR:37.8125|OFI_AXIS:REACTIVE:34.375|OFI_AXIS:SYSTEMIC_MUSCULAR:34.375|OFI_DOSE:COUNT_ONLY:0.0|OFI_GROUP:NOT_APPLICABLE:0.0|OFI_GROUP:NOT_APPLICABLE:0.0|OFI_GROUP:NOT_APPLICABLE:0.0|OFI_SCORE:HIGH_FORCE_NEURAL:26.0|OFI_SCORE:HIGH_SPEED:47.0|OFI_SCORE:LOCAL_MUSCULAR:47.0|OFI_SCORE:REACTIVE:43.0|OFI_SCORE:SYSTEMIC_MUSCULAR:43.0|OFI_SNAPSHOT:SUMMARY:35.0","","","removedAxes=ROTATION_CONTROL;removedObjectives=ROTATION_POWER","addedAxes=;addedObjectives=","PARITY_INTENTIONAL_CORRECTION"
"ex_91f6958d","BADMINTON_SUPPORTIVE|COORDINATION|CORE_STABILITY|FATIGUE|SHOULDER_STABILITY","SUPPORTIVE","forceType=BRACE;plane=MULTI_PLANAR;laterality=BILATERAL;fatigue=CORE_BRACING_LOAD|HIP_CONTROL_LOAD|HIP_ROTATIONAL_CONTROL_STRESS|LOADED_CARRY_BRACING_STRESS|LOCAL_MUSCLE|LUMBOPELVIC_CONTROL_STRESS|NEURAL_HEAVY|OVERHEAD_REPETITION|POSITIONAL_AWARENESS|ROTATOR_CUFF_TENDON_STRESS|SEQUENCE_CONTROL|SHOULDER_JOINT_STABILITY_STRESS|SHOULDER_STABILITY_LOAD|SYSTEMIC|TOTAL_BODY_COORDINATION_LOAD;muscles=CORE|DEEP_CORE|SHOULDER;roles=CORE_STABILITY_SUPPORTIVE|SHOULDER_CARE;skills=CHANGE_OF_DIRECTION|DEFENSIVE_COVERAGE;qualities=CORE_BRACING|HIP_CONTROL|SINGLE_LEG_STABILITY","LOW_FATIGUE_CONTROL|RACKET_SUPPORT|ROTATION_CONTROL","","MEDIUM","BADMINTON_FATIGUE_COST:MEDIUM:0.0|OFI_AXIS:HIGH_FORCE_NEURAL:17.1875|OFI_AXIS:HIGH_SPEED:17.1875|OFI_AXIS:LOCAL_MUSCULAR:58.4375|OFI_AXIS:REACTIVE:63.75|OFI_AXIS:SYSTEMIC_MUSCULAR:34.375|OFI_DOSE:QUALITY_BASED:0.0|OFI_GROUP:TOTAL_BODY_STABILITY_SKILL:0.0|OFI_GROUP:TOTAL_BODY_STABILITY_SKILL:0.0|OFI_GROUP:TOTAL_BODY_STABILITY_SKILL:0.0|OFI_SCORE:HIGH_FORCE_NEURAL:21.0|OFI_SCORE:HIGH_SPEED:21.0|OFI_SCORE:LOCAL_MUSCULAR:73.0|OFI_SCORE:REACTIVE:80.0|OFI_SCORE:SYSTEMIC_MUSCULAR:43.0|OFI_SNAPSHOT:SUMMARY:61.0","","PROGRESSION:TOTAL_BODY_STABILITY_SKILL","BADMINTON_SUPPORTIVE|COORDINATION|CORE_STABILITY|FATIGUE|SHOULDER_STABILITY","SUPPORTIVE","level=SUPPORTIVE;types=CORE_STABILITY_SUPPORTIVE;skills=CHANGE_OF_DIRECTION|DEFENSIVE_COVERAGE;qualities=CORE_BRACING|HIP_CONTROL|SINGLE_LEG_STABILITY","LOW_FATIGUE_CONTROL","","MEDIUM","BADMINTON_FATIGUE_COST:MEDIUM:0.0|OFI_AXIS:HIGH_FORCE_NEURAL:17.1875|OFI_AXIS:HIGH_SPEED:17.1875|OFI_AXIS:LOCAL_MUSCULAR:58.4375|OFI_AXIS:REACTIVE:63.75|OFI_AXIS:SYSTEMIC_MUSCULAR:34.375|OFI_DOSE:QUALITY_BASED:0.0|OFI_GROUP:TOTAL_BODY_STABILITY_SKILL:0.0|OFI_GROUP:TOTAL_BODY_STABILITY_SKILL:0.0|OFI_GROUP:TOTAL_BODY_STABILITY_SKILL:0.0|OFI_SCORE:HIGH_FORCE_NEURAL:21.0|OFI_SCORE:HIGH_SPEED:21.0|OFI_SCORE:LOCAL_MUSCULAR:73.0|OFI_SCORE:REACTIVE:80.0|OFI_SCORE:SYSTEMIC_MUSCULAR:43.0|OFI_SNAPSHOT:SUMMARY:61.0","","PROGRESSION:TOTAL_BODY_STABILITY_SKILL","removedAxes=RACKET_SUPPORT|ROTATION_CONTROL;removedObjectives=","addedAxes=;addedObjectives=","PARITY_INTENTIONAL_CORRECTION"
"ex_93538692","BALANCE|FATIGUE|HYPERTROPHY_VOLUME","GENERAL_STRENGTH","forceType=BRACE;plane=FRONTAL;laterality=BILATERAL;fatigue=ANTI_ROTATION|ISOLATION_ACCESSORY_STRESS|LATERAL_DELTOID_LOCAL_LOAD|LOCAL_MUSCLE|NEURAL_HEAVY|OVERHEAD_REPETITION|ROTATOR_CUFF_TENDON_STRESS|SHOULDER_SCAPULAR_STABILITY_STRESS|SYSTEMIC;muscles=CORE|LATERAL_DELTOID|OBLIQUE|ROTATOR_CUFF|TRAPEZIUS;roles=ANTI_ROTATION_STABILITY|GENERAL_STRENGTH_SUPPORTIVE|SHOULDER_CARE;skills=;qualities=ROTATOR_CUFF_CONTROL|SCAPULAR_CONTROL|SHOULDER_DURABILITY","LATERAL_MOVEMENT|LOW_FATIGUE_CONTROL|RACKET_SUPPORT|ROTATION_CONTROL","","MEDIUM","BADMINTON_FATIGUE_COST:MEDIUM:0.0|OFI_AXIS:HIGH_FORCE_NEURAL:17.1875|OFI_AXIS:HIGH_SPEED:17.1875|OFI_AXIS:LOCAL_MUSCULAR:58.4375|OFI_AXIS:REACTIVE:15.625|OFI_AXIS:SYSTEMIC_MUSCULAR:10.9375|OFI_DOSE:VOLUME_LOAD:0.0|OFI_GROUP:LATERAL_DELTOID_ISOLATION:0.0|OFI_GROUP:LATERAL_DELTOID_ISOLATION:0.0|OFI_GROUP:LATERAL_DELTOID_ISOLATION:0.0|OFI_SCORE:HIGH_FORCE_NEURAL:21.0|OFI_SCORE:HIGH_SPEED:21.0|OFI_SCORE:LOCAL_MUSCULAR:73.0|OFI_SCORE:REACTIVE:20.0|OFI_SCORE:SYSTEMIC_MUSCULAR:14.0|OFI_SNAPSHOT:SUMMARY:39.0","","PROGRESSION:LATERAL_DELTOID_ISOLATION","BALANCE|FATIGUE|HYPERTROPHY_VOLUME","GENERAL_STRENGTH","level=GENERAL;types=GENERAL_STRENGTH_SUPPORTIVE;skills=;qualities=ROTATOR_CUFF_CONTROL|SCAPULAR_CONTROL|SHOULDER_DURABILITY","","","MEDIUM","BADMINTON_FATIGUE_COST:MEDIUM:0.0|OFI_AXIS:HIGH_FORCE_NEURAL:17.1875|OFI_AXIS:HIGH_SPEED:17.1875|OFI_AXIS:LOCAL_MUSCULAR:58.4375|OFI_AXIS:REACTIVE:15.625|OFI_AXIS:SYSTEMIC_MUSCULAR:10.9375|OFI_DOSE:VOLUME_LOAD:0.0|OFI_GROUP:LATERAL_DELTOID_ISOLATION:0.0|OFI_GROUP:LATERAL_DELTOID_ISOLATION:0.0|OFI_GROUP:LATERAL_DELTOID_ISOLATION:0.0|OFI_SCORE:HIGH_FORCE_NEURAL:21.0|OFI_SCORE:HIGH_SPEED:21.0|OFI_SCORE:LOCAL_MUSCULAR:73.0|OFI_SCORE:REACTIVE:20.0|OFI_SCORE:SYSTEMIC_MUSCULAR:14.0|OFI_SNAPSHOT:SUMMARY:39.0","","PROGRESSION:LATERAL_DELTOID_ISOLATION","removedAxes=LATERAL_MOVEMENT|LOW_FATIGUE_CONTROL|RACKET_SUPPORT|ROTATION_CONTROL;removedObjectives=","addedAxes=;addedObjectives=","PARITY_INTENTIONAL_CORRECTION"
"ex_95028bfe","ACCESSORY_VOLUME|BADMINTON_SUPPORTIVE|FATIGUE","SUPPORTIVE","forceType=BRACE;plane=SAGITTAL;laterality=BILATERAL;fatigue=FOREARM_EXTENSOR_TENDON_STRESS|FOREARM_FLEXOR_TENDON_STRESS|GRIP_FOREARM|GRIP_FOREARM_LOAD|ISOLATION_ACCESSORY_STRESS|LOCAL_MUSCLE|NEURAL_HEAVY|SYSTEMIC|WRIST_CONTROL_LOAD|WRIST_STABILITY_STRESS;muscles=CORE|FOREARM|GRIP;roles=GRIP_FOREARM|GRIP_WRIST_SUPPORTIVE;skills=DRIVE|NET_PLAY;qualities=GRIP_ENDURANCE","LOW_FATIGUE_CONTROL|RACKET_SUPPORT|ROTATION_CONTROL","","LOW","BADMINTON_FATIGUE_COST:LOW:0.0|OFI_AXIS:HIGH_FORCE_NEURAL:17.1875|OFI_AXIS:HIGH_SPEED:17.1875|OFI_AXIS:LOCAL_MUSCULAR:58.4375|OFI_AXIS:REACTIVE:15.625|OFI_AXIS:SYSTEMIC_MUSCULAR:13.28125|OFI_DOSE:LOAD_REPS:0.0|OFI_GROUP:FOREARM_WRIST_GRIP_ACCESSORY:0.0|OFI_GROUP:FOREARM_WRIST_GRIP_ACCESSORY:0.0|OFI_GROUP:FOREARM_WRIST_GRIP_ACCESSORY:0.0|OFI_SCORE:HIGH_FORCE_NEURAL:21.0|OFI_SCORE:HIGH_SPEED:21.0|OFI_SCORE:LOCAL_MUSCULAR:73.0|OFI_SCORE:REACTIVE:20.0|OFI_SCORE:SYSTEMIC_MUSCULAR:17.0|OFI_SNAPSHOT:SUMMARY:39.0","","PROGRESSION:FOREARM_WRIST_GRIP_ACCESSORY","ACCESSORY_VOLUME|BADMINTON_SUPPORTIVE|FATIGUE","SUPPORTIVE","level=SUPPORTIVE;types=GRIP_WRIST_SUPPORTIVE;skills=DRIVE|NET_PLAY;qualities=GRIP_ENDURANCE","RACKET_SUPPORT","","LOW","BADMINTON_FATIGUE_COST:LOW:0.0|OFI_AXIS:HIGH_FORCE_NEURAL:17.1875|OFI_AXIS:HIGH_SPEED:17.1875|OFI_AXIS:LOCAL_MUSCULAR:58.4375|OFI_AXIS:REACTIVE:15.625|OFI_AXIS:SYSTEMIC_MUSCULAR:13.28125|OFI_DOSE:LOAD_REPS:0.0|OFI_GROUP:FOREARM_WRIST_GRIP_ACCESSORY:0.0|OFI_GROUP:FOREARM_WRIST_GRIP_ACCESSORY:0.0|OFI_GROUP:FOREARM_WRIST_GRIP_ACCESSORY:0.0|OFI_SCORE:HIGH_FORCE_NEURAL:21.0|OFI_SCORE:HIGH_SPEED:21.0|OFI_SCORE:LOCAL_MUSCULAR:73.0|OFI_SCORE:REACTIVE:20.0|OFI_SCORE:SYSTEMIC_MUSCULAR:17.0|OFI_SNAPSHOT:SUMMARY:39.0","","PROGRESSION:FOREARM_WRIST_GRIP_ACCESSORY","removedAxes=LOW_FATIGUE_CONTROL|ROTATION_CONTROL;removedObjectives=","addedAxes=;addedObjectives=","PARITY_INTENTIONAL_CORRECTION"
"ex_9b132c23","BADMINTON_SUPPORTIVE|BALANCE|FATIGUE","SUPPORTIVE","forceType=ACCELERATE;plane=MULTI_PLANAR;laterality=UNILATERAL;fatigue=ACHILLES_TENDON_STRESS|ANKLE_INVERSION_LIGAMENT_STRESS|CALF_ANKLE_SSC_LOAD|DECELERATION|DECELERATION_LOAD|DIRECTION_CHANGE_IMPACT_STRESS|ELASTIC_SSC|FRONTAL_PLANE_LOAD|HIP_ROTATIONAL_CONTROL_STRESS|KNEE_ROTATIONAL_STABILITY_STRESS|KNEE_VALGUS_CONTROL_STRESS|LANDING_LOAD|LOCAL_MUSCLE|NEURAL_HEAVY|NEURAL_SPEED|PATELLAR_TENDON_STRESS|PLYOMETRIC_LANDING_STRESS|SINGLE_LEG_STABILITY_LOAD|SYSTEMIC;muscles=CORE|DEEP_CORE;roles=DECELERATION|FOOTWORK|LOWER_BODY_SUPPORTIVE|REACTION;skills=CHANGE_OF_DIRECTION|FIRST_STEP;qualities=ACCELERATION|DECELERATION|FIRST_STEP|FRONTAL_PLANE_CONTROL|HIP_CONTROL|HIP_KNEE_EXTENSION_STRENGTH|LATERAL_MOVE|LOWER_BODY_FORCE|MULTI_DIRECTION|REACTION_RANDOM|REACTIVE_AGILITY|RECOVERY_STEP|SINGLE_LEG_STABILITY","DECELERATION_LANDING|LATERAL_MOVEMENT|UNILATERAL_STABILITY","ACCELERATION|DECELERATION|FOOTWORK|REACTION","HIGH","BADMINTON_FATIGUE_COST:HIGH:0.0|OFI_AXIS:HIGH_FORCE_NEURAL:17.1875|OFI_AXIS:HIGH_SPEED:70.125|OFI_AXIS:LOCAL_MUSCULAR:58.4375|OFI_AXIS:REACTIVE:63.75|OFI_AXIS:SYSTEMIC_MUSCULAR:53.125|OFI_DOSE:QUALITY_BASED:0.0|OFI_GROUP:LATERAL_DECELERATION_SSC:0.0|OFI_GROUP:NOT_APPLICABLE:0.0|OFI_GROUP:NOT_APPLICABLE:0.0|OFI_SCORE:HIGH_FORCE_NEURAL:21.0|OFI_SCORE:HIGH_SPEED:88.0|OFI_SCORE:LOCAL_MUSCULAR:73.0|OFI_SCORE:REACTIVE:80.0|OFI_SCORE:SYSTEMIC_MUSCULAR:66.0|OFI_SNAPSHOT:SUMMARY:76.0","","","BADMINTON_SUPPORTIVE|BALANCE|FATIGUE","SUPPORTIVE","level=SUPPORTIVE;types=LOWER_BODY_SUPPORTIVE;skills=CHANGE_OF_DIRECTION|FIRST_STEP;qualities=ACCELERATION|DECELERATION|FRONTAL_PLANE_CONTROL|HIP_CONTROL|HIP_KNEE_EXTENSION_STRENGTH|LOWER_BODY_FORCE|REACTIVE_AGILITY|SINGLE_LEG_STABILITY","DECELERATION_LANDING","ACCELERATION|DECELERATION","HIGH","BADMINTON_FATIGUE_COST:HIGH:0.0|OFI_AXIS:HIGH_FORCE_NEURAL:17.1875|OFI_AXIS:HIGH_SPEED:70.125|OFI_AXIS:LOCAL_MUSCULAR:58.4375|OFI_AXIS:REACTIVE:63.75|OFI_AXIS:SYSTEMIC_MUSCULAR:53.125|OFI_DOSE:QUALITY_BASED:0.0|OFI_GROUP:LATERAL_DECELERATION_SSC:0.0|OFI_GROUP:NOT_APPLICABLE:0.0|OFI_GROUP:NOT_APPLICABLE:0.0|OFI_SCORE:HIGH_FORCE_NEURAL:21.0|OFI_SCORE:HIGH_SPEED:88.0|OFI_SCORE:LOCAL_MUSCULAR:73.0|OFI_SCORE:REACTIVE:80.0|OFI_SCORE:SYSTEMIC_MUSCULAR:66.0|OFI_SNAPSHOT:SUMMARY:76.0","","","removedAxes=LATERAL_MOVEMENT|UNILATERAL_STABILITY;removedObjectives=FOOTWORK|REACTION","addedAxes=;addedObjectives=","PARITY_INTENTIONAL_CORRECTION"
"ex_9bd6dddb","BADMINTON_SUPPORTIVE|BALANCE|FATIGUE","SUPPORTIVE","forceType=LAND;plane=SAGITTAL;laterality=BILATERAL;fatigue=ACHILLES_TENDON_STRESS|ANKLE_EVERSION_CONTROL_STRESS|ANKLE_INVERSION_LIGAMENT_STRESS|ANKLE_SSC_REACTIVE_STRESS|CALF_ANKLE_SSC_LOAD|DECELERATION|ELASTIC_SSC|LANDING_LOAD|LOCAL_MUSCLE|NEURAL_HEAVY|NEURAL_SPEED|PATELLAR_TENDON_STRESS|REPEATED_LOW_AMPLITUDE_IMPACT_STRESS|REPEATED_PATTERN_LOAD|SYSTEMIC;muscles=CALF|CORE|HAMSTRING|QUADRICEPS;roles=ANKLE_CALF_SSC_SUPPORTIVE|JUMP_LANDING;skills=CHANGE_OF_DIRECTION|FIRST_STEP|SPLIT_STEP;qualities=ACCELERATION|ANKLE_STIFFNESS|CALF_ELASTICITY|JUMP_LANDING|RECOVERY_STEP","DECELERATION_LANDING|LATERAL_MOVEMENT|UNILATERAL_STABILITY","ACCELERATION|FOOTWORK|JUMP_LANDING","HIGH","BADMINTON_FATIGUE_COST:HIGH:0.0|OFI_AXIS:HIGH_FORCE_NEURAL:17.1875|OFI_AXIS:HIGH_SPEED:70.125|OFI_AXIS:LOCAL_MUSCULAR:37.8125|OFI_AXIS:REACTIVE:63.75|OFI_AXIS:SYSTEMIC_MUSCULAR:34.375|OFI_DOSE:REPS_OR_TIME:0.0|OFI_GROUP:ANKLE_STIFFNESS_SSC_CONDITIONING:0.0|OFI_GROUP:NOT_APPLICABLE:0.0|OFI_GROUP:NOT_APPLICABLE:0.0|OFI_SCORE:HIGH_FORCE_NEURAL:21.0|OFI_SCORE:HIGH_SPEED:88.0|OFI_SCORE:LOCAL_MUSCULAR:47.0|OFI_SCORE:REACTIVE:80.0|OFI_SCORE:SYSTEMIC_MUSCULAR:43.0|OFI_SNAPSHOT:SUMMARY:72.0","","","BADMINTON_SUPPORTIVE|BALANCE|FATIGUE","SUPPORTIVE","level=SUPPORTIVE;types=ANKLE_CALF_SSC_SUPPORTIVE;skills=CHANGE_OF_DIRECTION|FIRST_STEP|SPLIT_STEP;qualities=ACCELERATION|ANKLE_STIFFNESS|CALF_ELASTICITY","","ACCELERATION|FOOTWORK","HIGH","BADMINTON_FATIGUE_COST:HIGH:0.0|OFI_AXIS:HIGH_FORCE_NEURAL:17.1875|OFI_AXIS:HIGH_SPEED:70.125|OFI_AXIS:LOCAL_MUSCULAR:37.8125|OFI_AXIS:REACTIVE:63.75|OFI_AXIS:SYSTEMIC_MUSCULAR:34.375|OFI_DOSE:REPS_OR_TIME:0.0|OFI_GROUP:ANKLE_STIFFNESS_SSC_CONDITIONING:0.0|OFI_GROUP:NOT_APPLICABLE:0.0|OFI_GROUP:NOT_APPLICABLE:0.0|OFI_SCORE:HIGH_FORCE_NEURAL:21.0|OFI_SCORE:HIGH_SPEED:88.0|OFI_SCORE:LOCAL_MUSCULAR:47.0|OFI_SCORE:REACTIVE:80.0|OFI_SCORE:SYSTEMIC_MUSCULAR:43.0|OFI_SNAPSHOT:SUMMARY:72.0","","","removedAxes=DECELERATION_LANDING|LATERAL_MOVEMENT|UNILATERAL_STABILITY;removedObjectives=JUMP_LANDING","addedAxes=;addedObjectives=","PARITY_INTENTIONAL_CORRECTION"
"ex_9f283612","BALANCE|FATIGUE|HYPERTROPHY_VOLUME|STRENGTH_PROGRESS","NONE","forceType=PUSH;plane=TRANSVERSE;laterality=UNILATERAL;fatigue=ANTERIOR_DELTOID_LOAD|ANTI_ROTATION_LOAD|HORIZONTAL_PUSH_STRESS|LOCAL_MUSCLE|NEURAL_HEAVY|OVERHEAD_REPETITION|PECTORAL_LOAD|PECTORAL_TENDON_STRESS|SHOULDER_SCAPULAR_STABILITY_STRESS|SYSTEMIC|TRICEPS_LOAD|TRICEPS_TENDON_STRESS;muscles=ANTERIOR_DELTOID|CHEST|CORE|DEEP_CORE|SHOULDER|TRICEPS|UPPER_CHEST;roles=SHOULDER_CARE;skills=;qualities=","RACKET_SUPPORT|UNILATERAL_STABILITY","","MEDIUM","BADMINTON_FATIGUE_COST:MEDIUM:0.0|OFI_AXIS:HIGH_FORCE_NEURAL:17.1875|OFI_AXIS:HIGH_SPEED:17.1875|OFI_AXIS:LOCAL_MUSCULAR:58.4375|OFI_AXIS:REACTIVE:15.625|OFI_AXIS:SYSTEMIC_MUSCULAR:34.375|OFI_DOSE:VOLUME_LOAD:0.0|OFI_GROUP:UNILATERAL_INCLINE_PUSH:0.0|OFI_GROUP:UNILATERAL_INCLINE_PUSH:0.0|OFI_GROUP:UNILATERAL_INCLINE_PUSH:0.0|OFI_SCORE:HIGH_FORCE_NEURAL:21.0|OFI_SCORE:HIGH_SPEED:21.0|OFI_SCORE:LOCAL_MUSCULAR:73.0|OFI_SCORE:REACTIVE:20.0|OFI_SCORE:SYSTEMIC_MUSCULAR:43.0|OFI_SNAPSHOT:SUMMARY:42.0","","PROGRESSION:UNILATERAL_INCLINE_PUSH","BALANCE|FATIGUE|HYPERTROPHY_VOLUME|STRENGTH_PROGRESS","NONE","level=NONE;types=;skills=;qualities=","","","MEDIUM","BADMINTON_FATIGUE_COST:MEDIUM:0.0|OFI_AXIS:HIGH_FORCE_NEURAL:17.1875|OFI_AXIS:HIGH_SPEED:17.1875|OFI_AXIS:LOCAL_MUSCULAR:58.4375|OFI_AXIS:REACTIVE:15.625|OFI_AXIS:SYSTEMIC_MUSCULAR:34.375|OFI_DOSE:VOLUME_LOAD:0.0|OFI_GROUP:UNILATERAL_INCLINE_PUSH:0.0|OFI_GROUP:UNILATERAL_INCLINE_PUSH:0.0|OFI_GROUP:UNILATERAL_INCLINE_PUSH:0.0|OFI_SCORE:HIGH_FORCE_NEURAL:21.0|OFI_SCORE:HIGH_SPEED:21.0|OFI_SCORE:LOCAL_MUSCULAR:73.0|OFI_SCORE:REACTIVE:20.0|OFI_SCORE:SYSTEMIC_MUSCULAR:43.0|OFI_SNAPSHOT:SUMMARY:42.0","","PROGRESSION:UNILATERAL_INCLINE_PUSH","removedAxes=RACKET_SUPPORT|UNILATERAL_STABILITY;removedObjectives=","addedAxes=;addedObjectives=","PARITY_INTENTIONAL_CORRECTION"
"ex_a091b9fe","FATIGUE|HYPERTROPHY_VOLUME|STRENGTH_VOLUME","GENERAL_STRENGTH","forceType=SQUAT;plane=SAGITTAL;laterality=UNILATERAL;fatigue=GLUTE_LOAD|KNEE_HIP_STABILITY_STRESS|LOCAL_MUSCLE|MACHINE_LOWER_BODY_STRESS|NEURAL_HEAVY|PATELLAR_TENDON_STRESS|QUADRICEPS_LOAD|SYSTEMIC;muscles=CORE|GLUTE|GLUTE_MEDIUS|HAMSTRING|QUADRICEPS;roles=GENERAL_STRENGTH_SUPPORTIVE;skills=;qualities=HIP_KNEE_EXTENSION_STRENGTH|LOWER_BODY_FORCE","UNILATERAL_STABILITY","","HIGH","BADMINTON_FATIGUE_COST:HIGH:0.0|OFI_AXIS:HIGH_FORCE_NEURAL:37.8125|OFI_AXIS:HIGH_SPEED:17.1875|OFI_AXIS:LOCAL_MUSCULAR:58.4375|OFI_AXIS:REACTIVE:15.625|OFI_AXIS:SYSTEMIC_MUSCULAR:34.375|OFI_DOSE:LOAD_REPS:0.0|OFI_GROUP:MACHINE_KNEE_DOMINANT_PRESS:0.0|OFI_GROUP:MACHINE_KNEE_DOMINANT_PRESS:0.0|OFI_GROUP:MACHINE_KNEE_DOMINANT_PRESS:0.0|OFI_SCORE:HIGH_FORCE_NEURAL:47.0|OFI_SCORE:HIGH_SPEED:21.0|OFI_SCORE:LOCAL_MUSCULAR:73.0|OFI_SCORE:REACTIVE:20.0|OFI_SCORE:SYSTEMIC_MUSCULAR:43.0|OFI_SNAPSHOT:SUMMARY:44.0","","PROGRESSION:MACHINE_KNEE_DOMINANT_PRESS","FATIGUE|HYPERTROPHY_VOLUME|STRENGTH_VOLUME","GENERAL_STRENGTH","level=GENERAL;types=GENERAL_STRENGTH_SUPPORTIVE;skills=;qualities=HIP_KNEE_EXTENSION_STRENGTH|LOWER_BODY_FORCE","","","HIGH","BADMINTON_FATIGUE_COST:HIGH:0.0|OFI_AXIS:HIGH_FORCE_NEURAL:37.8125|OFI_AXIS:HIGH_SPEED:17.1875|OFI_AXIS:LOCAL_MUSCULAR:58.4375|OFI_AXIS:REACTIVE:15.625|OFI_AXIS:SYSTEMIC_MUSCULAR:34.375|OFI_DOSE:LOAD_REPS:0.0|OFI_GROUP:MACHINE_KNEE_DOMINANT_PRESS:0.0|OFI_GROUP:MACHINE_KNEE_DOMINANT_PRESS:0.0|OFI_GROUP:MACHINE_KNEE_DOMINANT_PRESS:0.0|OFI_SCORE:HIGH_FORCE_NEURAL:47.0|OFI_SCORE:HIGH_SPEED:21.0|OFI_SCORE:LOCAL_MUSCULAR:73.0|OFI_SCORE:REACTIVE:20.0|OFI_SCORE:SYSTEMIC_MUSCULAR:43.0|OFI_SNAPSHOT:SUMMARY:44.0","","PROGRESSION:MACHINE_KNEE_DOMINANT_PRESS","removedAxes=UNILATERAL_STABILITY;removedObjectives=","addedAxes=;addedObjectives=","PARITY_INTENTIONAL_CORRECTION"
"ex_a12de111","BADMINTON_SUPPORTIVE|BALANCE|FATIGUE","SUPPORTIVE","forceType=ACCELERATE;plane=SAGITTAL;laterality=BILATERAL;fatigue=ACHILLES_TENDON_STRESS|ANKLE_SSC_REACTIVE_STRESS|ANKLE_STABILITY_STRESS|ELASTIC_SSC|ELASTIC_SSC_LOAD|LOCAL_MUSCLE|LOW_LEVEL_REACTIVE_IMPACT|MOTOR_LEARNING_LOAD|NEURAL_HEAVY|NEURAL_SPEED|NEURAL_SPEED_LOAD|RUNNING_MECHANICS_LOAD|SYSTEMIC;muscles=CALF|CORE;roles=ANKLE_CALF_SSC_SUPPORTIVE|CONDITIONING|LOWER_BODY_SUPPORTIVE;skills=;qualities=ACCELERATION|ANKLE_STIFFNESS|CALF_ELASTICITY|HIP_CONTROL|RECOVERY_STEP","AEROBIC_FOOTWORK|DECELERATION_LANDING|LATERAL_MOVEMENT","ACCELERATION|CONDITIONING|FOOTWORK","HIGH","BADMINTON_FATIGUE_COST:HIGH:0.0|OFI_AXIS:HIGH_FORCE_NEURAL:17.1875|OFI_AXIS:HIGH_SPEED:85.9375|OFI_AXIS:LOCAL_MUSCULAR:37.8125|OFI_AXIS:REACTIVE:15.625|OFI_AXIS:SYSTEMIC_MUSCULAR:34.375|OFI_CAUTION:HIGH_SPEED_CAUTION:0.0|OFI_DOSE:QUALITY_BASED:0.0|OFI_GROUP:NOT_APPLICABLE:0.0|OFI_GROUP:NOT_APPLICABLE:0.0|OFI_GROUP:RUNNING_MECHANICS_SUPPORT:0.0|OFI_SCORE:HIGH_FORCE_NEURAL:21.0|OFI_SCORE:HIGH_SPEED:100.0|OFI_SCORE:LOCAL_MUSCULAR:47.0|OFI_SCORE:REACTIVE:20.0|OFI_SCORE:SYSTEMIC_MUSCULAR:43.0|OFI_SNAPSHOT:SUMMARY:68.0","SLOT:SPEED_REACTIVE_SLOT","","BADMINTON_SUPPORTIVE|BALANCE|FATIGUE","SUPPORTIVE","level=SUPPORTIVE;types=ANKLE_CALF_SSC_SUPPORTIVE|LOWER_BODY_SUPPORTIVE;skills=;qualities=ACCELERATION|ANKLE_STIFFNESS|CALF_ELASTICITY|HIP_CONTROL","","ACCELERATION","HIGH","BADMINTON_FATIGUE_COST:HIGH:0.0|OFI_AXIS:HIGH_FORCE_NEURAL:17.1875|OFI_AXIS:HIGH_SPEED:85.9375|OFI_AXIS:LOCAL_MUSCULAR:37.8125|OFI_AXIS:REACTIVE:15.625|OFI_AXIS:SYSTEMIC_MUSCULAR:34.375|OFI_CAUTION:HIGH_SPEED_CAUTION:0.0|OFI_DOSE:QUALITY_BASED:0.0|OFI_GROUP:NOT_APPLICABLE:0.0|OFI_GROUP:NOT_APPLICABLE:0.0|OFI_GROUP:RUNNING_MECHANICS_SUPPORT:0.0|OFI_SCORE:HIGH_FORCE_NEURAL:21.0|OFI_SCORE:HIGH_SPEED:100.0|OFI_SCORE:LOCAL_MUSCULAR:47.0|OFI_SCORE:REACTIVE:20.0|OFI_SCORE:SYSTEMIC_MUSCULAR:43.0|OFI_SNAPSHOT:SUMMARY:68.0","SLOT:SPEED_REACTIVE_SLOT","","removedAxes=AEROBIC_FOOTWORK|DECELERATION_LANDING|LATERAL_MOVEMENT;removedObjectives=CONDITIONING|FOOTWORK","addedAxes=;addedObjectives=","PARITY_INTENTIONAL_CORRECTION"
"ex_a12de4d2","BADMINTON_SUPPORTIVE|BALANCE|FATIGUE","SUPPORTIVE","forceType=ACCELERATE;plane=SAGITTAL;laterality=UNILATERAL;fatigue=ACHILLES_TENDON_STRESS|ANKLE_SSC_REACTIVE_STRESS|ANKLE_STABILITY_STRESS|ELASTIC_SSC|ELASTIC_SSC_LOAD|LOCAL_MUSCLE|LOW_LEVEL_REACTIVE_IMPACT|MOTOR_LEARNING_LOAD|NEURAL_HEAVY|NEURAL_SPEED|NEURAL_SPEED_LOAD|RUNNING_MECHANICS_LOAD|SYSTEMIC;muscles=CORE|HAMSTRING;roles=ANKLE_CALF_SSC_SUPPORTIVE|CONDITIONING|LOWER_BODY_SUPPORTIVE;skills=;qualities=ACCELERATION|ANKLE_STIFFNESS|CALF_ELASTICITY|HIP_CONTROL|RECOVERY_STEP","AEROBIC_FOOTWORK|DECELERATION_LANDING|LATERAL_MOVEMENT|UNILATERAL_STABILITY","ACCELERATION|CONDITIONING|FOOTWORK","HIGH","BADMINTON_FATIGUE_COST:HIGH:0.0|OFI_AXIS:HIGH_FORCE_NEURAL:17.1875|OFI_AXIS:HIGH_SPEED:85.9375|OFI_AXIS:LOCAL_MUSCULAR:37.8125|OFI_AXIS:REACTIVE:15.625|OFI_AXIS:SYSTEMIC_MUSCULAR:34.375|OFI_CAUTION:HIGH_SPEED_CAUTION:0.0|OFI_DOSE:QUALITY_BASED:0.0|OFI_GROUP:NOT_APPLICABLE:0.0|OFI_GROUP:NOT_APPLICABLE:0.0|OFI_GROUP:RUNNING_MECHANICS_SUPPORT:0.0|OFI_SCORE:HIGH_FORCE_NEURAL:21.0|OFI_SCORE:HIGH_SPEED:100.0|OFI_SCORE:LOCAL_MUSCULAR:47.0|OFI_SCORE:REACTIVE:20.0|OFI_SCORE:SYSTEMIC_MUSCULAR:43.0|OFI_SNAPSHOT:SUMMARY:68.0","","","BADMINTON_SUPPORTIVE|BALANCE|FATIGUE","SUPPORTIVE","level=SUPPORTIVE;types=ANKLE_CALF_SSC_SUPPORTIVE|LOWER_BODY_SUPPORTIVE;skills=;qualities=ACCELERATION|ANKLE_STIFFNESS|CALF_ELASTICITY|HIP_CONTROL","","ACCELERATION","HIGH","BADMINTON_FATIGUE_COST:HIGH:0.0|OFI_AXIS:HIGH_FORCE_NEURAL:17.1875|OFI_AXIS:HIGH_SPEED:85.9375|OFI_AXIS:LOCAL_MUSCULAR:37.8125|OFI_AXIS:REACTIVE:15.625|OFI_AXIS:SYSTEMIC_MUSCULAR:34.375|OFI_CAUTION:HIGH_SPEED_CAUTION:0.0|OFI_DOSE:QUALITY_BASED:0.0|OFI_GROUP:NOT_APPLICABLE:0.0|OFI_GROUP:NOT_APPLICABLE:0.0|OFI_GROUP:RUNNING_MECHANICS_SUPPORT:0.0|OFI_SCORE:HIGH_FORCE_NEURAL:21.0|OFI_SCORE:HIGH_SPEED:100.0|OFI_SCORE:LOCAL_MUSCULAR:47.0|OFI_SCORE:REACTIVE:20.0|OFI_SCORE:SYSTEMIC_MUSCULAR:43.0|OFI_SNAPSHOT:SUMMARY:68.0","","","removedAxes=AEROBIC_FOOTWORK|DECELERATION_LANDING|LATERAL_MOVEMENT|UNILATERAL_STABILITY;removedObjectives=CONDITIONING|FOOTWORK","addedAxes=;addedObjectives=","PARITY_INTENTIONAL_CORRECTION"
"ex_a345e30b","ACCESSORY_VOLUME|FATIGUE","GENERAL_STRENGTH","forceType=BRACE;plane=SAGITTAL;laterality=BILATERAL;fatigue=ANTERIOR_CORE_LOAD|DYNAMIC_CORE_FLEXION_STRESS|HIP_FLEXION_LOAD|LOCAL_MUSCLE|LUMBOPELVIC_CONTROL_STRESS|NEURAL_HEAVY|OVERHEAD_REPETITION|SYSTEMIC;muscles=CORE|DEEP_CORE|SCAPULAR_STABILIZERS;roles=GENERAL_STRENGTH_SUPPORTIVE|SHOULDER_CARE;skills=;qualities=CORE_BRACING","LOW_FATIGUE_CONTROL|RACKET_SUPPORT|ROTATION_CONTROL","","LOW","BADMINTON_FATIGUE_COST:LOW:0.0|OFI_AXIS:HIGH_FORCE_NEURAL:17.1875|OFI_AXIS:HIGH_SPEED:17.1875|OFI_AXIS:LOCAL_MUSCULAR:58.4375|OFI_AXIS:REACTIVE:15.625|OFI_AXIS:SYSTEMIC_MUSCULAR:13.28125|OFI_DOSE:REPS_OR_TIME:0.0|OFI_GROUP:ANTERIOR_CORE_FLEXION:0.0|OFI_GROUP:ANTERIOR_CORE_FLEXION:0.0|OFI_GROUP:ANTERIOR_CORE_FLEXION:0.0|OFI_SCORE:HIGH_FORCE_NEURAL:21.0|OFI_SCORE:HIGH_SPEED:21.0|OFI_SCORE:LOCAL_MUSCULAR:73.0|OFI_SCORE:REACTIVE:20.0|OFI_SCORE:SYSTEMIC_MUSCULAR:17.0|OFI_SNAPSHOT:SUMMARY:39.0","","PROGRESSION:ANTERIOR_CORE_FLEXION","ACCESSORY_VOLUME|FATIGUE","GENERAL_STRENGTH","level=GENERAL;types=GENERAL_STRENGTH_SUPPORTIVE;skills=;qualities=CORE_BRACING","","","LOW","BADMINTON_FATIGUE_COST:LOW:0.0|OFI_AXIS:HIGH_FORCE_NEURAL:17.1875|OFI_AXIS:HIGH_SPEED:17.1875|OFI_AXIS:LOCAL_MUSCULAR:58.4375|OFI_AXIS:REACTIVE:15.625|OFI_AXIS:SYSTEMIC_MUSCULAR:13.28125|OFI_DOSE:REPS_OR_TIME:0.0|OFI_GROUP:ANTERIOR_CORE_FLEXION:0.0|OFI_GROUP:ANTERIOR_CORE_FLEXION:0.0|OFI_GROUP:ANTERIOR_CORE_FLEXION:0.0|OFI_SCORE:HIGH_FORCE_NEURAL:21.0|OFI_SCORE:HIGH_SPEED:21.0|OFI_SCORE:LOCAL_MUSCULAR:73.0|OFI_SCORE:REACTIVE:20.0|OFI_SCORE:SYSTEMIC_MUSCULAR:17.0|OFI_SNAPSHOT:SUMMARY:39.0","","PROGRESSION:ANTERIOR_CORE_FLEXION","removedAxes=LOW_FATIGUE_CONTROL|RACKET_SUPPORT|ROTATION_CONTROL;removedObjectives=","addedAxes=;addedObjectives=","PARITY_INTENTIONAL_CORRECTION"
"ex_a3ddd8ac","BADMINTON_SUPPORTIVE|BALANCE|FATIGUE","SUPPORTIVE","forceType=LAND;plane=FRONTAL;laterality=BILATERAL;fatigue=ACHILLES_TENDON_STRESS|ANKLE_EVERSION_CONTROL_STRESS|ANKLE_INVERSION_LIGAMENT_STRESS|ANKLE_SSC_REACTIVE_STRESS|CALF_ANKLE_SSC_LOAD|DECELERATION|ELASTIC_SSC|LANDING_LOAD|LOCAL_MUSCLE|NEURAL_HEAVY|NEURAL_SPEED|PATELLAR_TENDON_STRESS|REPEATED_LOW_AMPLITUDE_IMPACT_STRESS|REPEATED_PATTERN_LOAD|SYSTEMIC;muscles=CALF|CORE;roles=ANKLE_CALF_SSC_SUPPORTIVE|JUMP_LANDING;skills=CHANGE_OF_DIRECTION|FIRST_STEP|SPLIT_STEP;qualities=ACCELERATION|ANKLE_STIFFNESS|CALF_ELASTICITY|JUMP_LANDING|RECOVERY_STEP","DECELERATION_LANDING|LATERAL_MOVEMENT","ACCELERATION|FOOTWORK|JUMP_LANDING","HIGH","BADMINTON_FATIGUE_COST:HIGH:0.0|OFI_AXIS:HIGH_FORCE_NEURAL:17.1875|OFI_AXIS:HIGH_SPEED:70.125|OFI_AXIS:LOCAL_MUSCULAR:37.8125|OFI_AXIS:REACTIVE:63.75|OFI_AXIS:SYSTEMIC_MUSCULAR:34.375|OFI_DOSE:REPS_OR_TIME:0.0|OFI_GROUP:ANKLE_STIFFNESS_SSC_CONDITIONING:0.0|OFI_GROUP:NOT_APPLICABLE:0.0|OFI_GROUP:NOT_APPLICABLE:0.0|OFI_SCORE:HIGH_FORCE_NEURAL:21.0|OFI_SCORE:HIGH_SPEED:88.0|OFI_SCORE:LOCAL_MUSCULAR:47.0|OFI_SCORE:REACTIVE:80.0|OFI_SCORE:SYSTEMIC_MUSCULAR:43.0|OFI_SNAPSHOT:SUMMARY:72.0","","","BADMINTON_SUPPORTIVE|BALANCE|FATIGUE","SUPPORTIVE","level=SUPPORTIVE;types=ANKLE_CALF_SSC_SUPPORTIVE;skills=CHANGE_OF_DIRECTION|FIRST_STEP|SPLIT_STEP;qualities=ACCELERATION|ANKLE_STIFFNESS|CALF_ELASTICITY","","ACCELERATION|FOOTWORK","HIGH","BADMINTON_FATIGUE_COST:HIGH:0.0|OFI_AXIS:HIGH_FORCE_NEURAL:17.1875|OFI_AXIS:HIGH_SPEED:70.125|OFI_AXIS:LOCAL_MUSCULAR:37.8125|OFI_AXIS:REACTIVE:63.75|OFI_AXIS:SYSTEMIC_MUSCULAR:34.375|OFI_DOSE:REPS_OR_TIME:0.0|OFI_GROUP:ANKLE_STIFFNESS_SSC_CONDITIONING:0.0|OFI_GROUP:NOT_APPLICABLE:0.0|OFI_GROUP:NOT_APPLICABLE:0.0|OFI_SCORE:HIGH_FORCE_NEURAL:21.0|OFI_SCORE:HIGH_SPEED:88.0|OFI_SCORE:LOCAL_MUSCULAR:47.0|OFI_SCORE:REACTIVE:80.0|OFI_SCORE:SYSTEMIC_MUSCULAR:43.0|OFI_SNAPSHOT:SUMMARY:72.0","","","removedAxes=DECELERATION_LANDING|LATERAL_MOVEMENT;removedObjectives=JUMP_LANDING","addedAxes=;addedObjectives=","PARITY_INTENTIONAL_CORRECTION"
"ex_a4040be3","BADMINTON_SUPPORTIVE|BALANCE|FATIGUE","SUPPORTIVE","forceType=ACCELERATE;plane=MULTI_PLANAR;laterality=UNILATERAL;fatigue=ACHILLES_TENDON_STRESS|COURT_DECELERATION_IMPACT|COURT_SPORT_MOVEMENT_STRESS|DECELERATION|DECELERATION_LOAD|ELASTIC_SSC|ELASTIC_SSC_LOAD|GENERAL_COURT_SPORT|HIP_ROTATIONAL_CONTROL_STRESS|KNEE_ANKLE_STABILITY_STRESS|LOCAL_MUSCLE|MOTOR_LEARNING_LOAD|NEURAL_HEAVY|NEURAL_SPEED|NEURAL_SPEED_LOAD|PATELLAR_TENDON_STRESS|SYSTEMIC;muscles=CORE|DEEP_CORE;roles=ANKLE_CALF_SSC_SUPPORTIVE|DECELERATION|FOOTWORK|LOWER_BODY_SUPPORTIVE|REACTION;skills=;qualities=ANKLE_STIFFNESS|DECELERATION|FIRST_STEP|MULTI_DIRECTION|REACTION_RANDOM|REACTIVE_AGILITY|RECOVERY_STEP","DECELERATION_LANDING|LATERAL_MOVEMENT|UNILATERAL_STABILITY","ACCELERATION|DECELERATION|FOOTWORK|REACTION","HIGH","BADMINTON_FATIGUE_COST:HIGH:0.0|OFI_AXIS:HIGH_FORCE_NEURAL:17.1875|OFI_AXIS:HIGH_SPEED:85.9375|OFI_AXIS:LOCAL_MUSCULAR:58.4375|OFI_AXIS:REACTIVE:76.5|OFI_AXIS:SYSTEMIC_MUSCULAR:53.125|OFI_CAUTION:HIGH_SPEED_CAUTION:0.0|OFI_DOSE:DISTANCE_OR_TIME:0.0|OFI_GROUP:BADMINTON_COURT_FOOTWORK:0.0|OFI_GROUP:NOT_APPLICABLE:0.0|OFI_GROUP:NOT_APPLICABLE:0.0|OFI_SCORE:HIGH_FORCE_NEURAL:21.0|OFI_SCORE:HIGH_SPEED:100.0|OFI_SCORE:LOCAL_MUSCULAR:73.0|OFI_SCORE:REACTIVE:96.0|OFI_SCORE:SYSTEMIC_MUSCULAR:66.0|OFI_SNAPSHOT:SUMMARY:83.0","","","BADMINTON_SUPPORTIVE|BALANCE|FATIGUE","SUPPORTIVE","level=SUPPORTIVE;types=ANKLE_CALF_SSC_SUPPORTIVE|LOWER_BODY_SUPPORTIVE;skills=;qualities=ANKLE_STIFFNESS|DECELERATION|REACTIVE_AGILITY","DECELERATION_LANDING","DECELERATION","HIGH","BADMINTON_FATIGUE_COST:HIGH:0.0|OFI_AXIS:HIGH_FORCE_NEURAL:17.1875|OFI_AXIS:HIGH_SPEED:85.9375|OFI_AXIS:LOCAL_MUSCULAR:58.4375|OFI_AXIS:REACTIVE:76.5|OFI_AXIS:SYSTEMIC_MUSCULAR:53.125|OFI_CAUTION:HIGH_SPEED_CAUTION:0.0|OFI_DOSE:DISTANCE_OR_TIME:0.0|OFI_GROUP:BADMINTON_COURT_FOOTWORK:0.0|OFI_GROUP:NOT_APPLICABLE:0.0|OFI_GROUP:NOT_APPLICABLE:0.0|OFI_SCORE:HIGH_FORCE_NEURAL:21.0|OFI_SCORE:HIGH_SPEED:100.0|OFI_SCORE:LOCAL_MUSCULAR:73.0|OFI_SCORE:REACTIVE:96.0|OFI_SCORE:SYSTEMIC_MUSCULAR:66.0|OFI_SNAPSHOT:SUMMARY:83.0","","","removedAxes=LATERAL_MOVEMENT|UNILATERAL_STABILITY;removedObjectives=ACCELERATION|FOOTWORK|REACTION","addedAxes=;addedObjectives=","PARITY_INTENTIONAL_CORRECTION"
"ex_a412dd45","BADMINTON_SUPPORTIVE|BALANCE|FATIGUE","SUPPORTIVE","forceType=LAND;plane=SAGITTAL;laterality=UNILATERAL;fatigue=ACHILLES_TENDON_STRESS|ANKLE_SSC_REACTIVE_STRESS|ANKLE_STABILITY_STRESS|ELASTIC_SSC|ELASTIC_SSC_LOAD|LOCAL_MUSCLE|LOW_LEVEL_REACTIVE_IMPACT|MOTOR_LEARNING_LOAD|NEURAL_HEAVY|NEURAL_SPEED|NEURAL_SPEED_LOAD|RUNNING_MECHANICS_LOAD|SYSTEMIC;muscles=CALF|CORE;roles=ANKLE_CALF_SSC_SUPPORTIVE|JUMP_LANDING|LOWER_BODY_SUPPORTIVE;skills=;qualities=ACCELERATION|ANKLE_STIFFNESS|CALF_ELASTICITY|HIP_CONTROL|JUMP_LANDING|RECOVERY_STEP","DECELERATION_LANDING|LATERAL_MOVEMENT|UNILATERAL_STABILITY","ACCELERATION|FOOTWORK|JUMP_LANDING","HIGH","BADMINTON_FATIGUE_COST:HIGH:0.0|OFI_AXIS:HIGH_FORCE_NEURAL:17.1875|OFI_AXIS:HIGH_SPEED:85.9375|OFI_AXIS:LOCAL_MUSCULAR:37.8125|OFI_AXIS:REACTIVE:15.625|OFI_AXIS:SYSTEMIC_MUSCULAR:34.375|OFI_CAUTION:HIGH_SPEED_CAUTION:0.0|OFI_DOSE:QUALITY_BASED:0.0|OFI_GROUP:NOT_APPLICABLE:0.0|OFI_GROUP:NOT_APPLICABLE:0.0|OFI_GROUP:RUNNING_MECHANICS_SUPPORT:0.0|OFI_SCORE:HIGH_FORCE_NEURAL:21.0|OFI_SCORE:HIGH_SPEED:100.0|OFI_SCORE:LOCAL_MUSCULAR:47.0|OFI_SCORE:REACTIVE:20.0|OFI_SCORE:SYSTEMIC_MUSCULAR:43.0|OFI_SNAPSHOT:SUMMARY:68.0","","","BADMINTON_SUPPORTIVE|BALANCE|FATIGUE","SUPPORTIVE","level=SUPPORTIVE;types=ANKLE_CALF_SSC_SUPPORTIVE|LOWER_BODY_SUPPORTIVE;skills=;qualities=ACCELERATION|ANKLE_STIFFNESS|CALF_ELASTICITY|HIP_CONTROL","","ACCELERATION","HIGH","BADMINTON_FATIGUE_COST:HIGH:0.0|OFI_AXIS:HIGH_FORCE_NEURAL:17.1875|OFI_AXIS:HIGH_SPEED:85.9375|OFI_AXIS:LOCAL_MUSCULAR:37.8125|OFI_AXIS:REACTIVE:15.625|OFI_AXIS:SYSTEMIC_MUSCULAR:34.375|OFI_CAUTION:HIGH_SPEED_CAUTION:0.0|OFI_DOSE:QUALITY_BASED:0.0|OFI_GROUP:NOT_APPLICABLE:0.0|OFI_GROUP:NOT_APPLICABLE:0.0|OFI_GROUP:RUNNING_MECHANICS_SUPPORT:0.0|OFI_SCORE:HIGH_FORCE_NEURAL:21.0|OFI_SCORE:HIGH_SPEED:100.0|OFI_SCORE:LOCAL_MUSCULAR:47.0|OFI_SCORE:REACTIVE:20.0|OFI_SCORE:SYSTEMIC_MUSCULAR:43.0|OFI_SNAPSHOT:SUMMARY:68.0","","","removedAxes=DECELERATION_LANDING|LATERAL_MOVEMENT|UNILATERAL_STABILITY;removedObjectives=FOOTWORK|JUMP_LANDING","addedAxes=;addedObjectives=","PARITY_INTENTIONAL_CORRECTION"
"ex_a4350c0f","BADMINTON_SUPPORTIVE|BALANCE|FATIGUE","SUPPORTIVE","forceType=ACCELERATE;plane=MULTI_PLANAR;laterality=UNILATERAL;fatigue=ACHILLES_TENDON_STRESS|COURT_DECELERATION_IMPACT|COURT_SPORT_MOVEMENT_STRESS|DECELERATION|DECELERATION_LOAD|ELASTIC_SSC|ELASTIC_SSC_LOAD|GENERAL_COURT_SPORT|HIP_ROTATIONAL_CONTROL_STRESS|KNEE_ANKLE_STABILITY_STRESS|LOCAL_MUSCLE|MOTOR_LEARNING_LOAD|NEURAL_HEAVY|NEURAL_SPEED|NEURAL_SPEED_LOAD|PATELLAR_TENDON_STRESS|SYSTEMIC;muscles=CORE|DEEP_CORE;roles=ANKLE_CALF_SSC_SUPPORTIVE|DECELERATION|FOOTWORK|LOWER_BODY_SUPPORTIVE|REACTION;skills=;qualities=ANKLE_STIFFNESS|DECELERATION|FIRST_STEP|MULTI_DIRECTION|REACTION_RANDOM|REACTIVE_AGILITY|RECOVERY_STEP","DECELERATION_LANDING|LATERAL_MOVEMENT|UNILATERAL_STABILITY","ACCELERATION|DECELERATION|FOOTWORK|REACTION","HIGH","BADMINTON_FATIGUE_COST:HIGH:0.0|OFI_AXIS:HIGH_FORCE_NEURAL:17.1875|OFI_AXIS:HIGH_SPEED:85.9375|OFI_AXIS:LOCAL_MUSCULAR:58.4375|OFI_AXIS:REACTIVE:76.5|OFI_AXIS:SYSTEMIC_MUSCULAR:53.125|OFI_CAUTION:HIGH_SPEED_CAUTION:0.0|OFI_DOSE:DISTANCE_OR_TIME:0.0|OFI_GROUP:BADMINTON_COURT_FOOTWORK:0.0|OFI_GROUP:NOT_APPLICABLE:0.0|OFI_GROUP:NOT_APPLICABLE:0.0|OFI_SCORE:HIGH_FORCE_NEURAL:21.0|OFI_SCORE:HIGH_SPEED:100.0|OFI_SCORE:LOCAL_MUSCULAR:73.0|OFI_SCORE:REACTIVE:96.0|OFI_SCORE:SYSTEMIC_MUSCULAR:66.0|OFI_SNAPSHOT:SUMMARY:83.0","","","BADMINTON_SUPPORTIVE|BALANCE|FATIGUE","SUPPORTIVE","level=SUPPORTIVE;types=ANKLE_CALF_SSC_SUPPORTIVE|LOWER_BODY_SUPPORTIVE;skills=;qualities=ANKLE_STIFFNESS|DECELERATION|REACTIVE_AGILITY","DECELERATION_LANDING","DECELERATION","HIGH","BADMINTON_FATIGUE_COST:HIGH:0.0|OFI_AXIS:HIGH_FORCE_NEURAL:17.1875|OFI_AXIS:HIGH_SPEED:85.9375|OFI_AXIS:LOCAL_MUSCULAR:58.4375|OFI_AXIS:REACTIVE:76.5|OFI_AXIS:SYSTEMIC_MUSCULAR:53.125|OFI_CAUTION:HIGH_SPEED_CAUTION:0.0|OFI_DOSE:DISTANCE_OR_TIME:0.0|OFI_GROUP:BADMINTON_COURT_FOOTWORK:0.0|OFI_GROUP:NOT_APPLICABLE:0.0|OFI_GROUP:NOT_APPLICABLE:0.0|OFI_SCORE:HIGH_FORCE_NEURAL:21.0|OFI_SCORE:HIGH_SPEED:100.0|OFI_SCORE:LOCAL_MUSCULAR:73.0|OFI_SCORE:REACTIVE:96.0|OFI_SCORE:SYSTEMIC_MUSCULAR:66.0|OFI_SNAPSHOT:SUMMARY:83.0","","","removedAxes=LATERAL_MOVEMENT|UNILATERAL_STABILITY;removedObjectives=ACCELERATION|FOOTWORK|REACTION","addedAxes=;addedObjectives=","PARITY_INTENTIONAL_CORRECTION"
"ex_a44ae2ca","ACCESSORY_VOLUME|BADMINTON_SUPPORTIVE|FATIGUE","SUPPORTIVE","forceType=BRACE;plane=SAGITTAL;laterality=BILATERAL;fatigue=ANTI_ROTATION|ANTI_ROTATION_LOAD|CORE_BRACING_LOAD|ISOMETRIC_CORE_BRACING_STRESS|LOCAL_MUSCLE|LUMBOPELVIC_CONTROL_STRESS|NEURAL_HEAVY|SYSTEMIC;muscles=CORE|DEEP_CORE;roles=ANTI_ROTATION_STABILITY|CORE_STABILITY_SUPPORTIVE;skills=CHANGE_OF_DIRECTION|DEFENSIVE_COVERAGE;qualities=CORE_BRACING|HIP_CONTROL|SINGLE_LEG_STABILITY","LOW_FATIGUE_CONTROL|ROTATION_CONTROL","","MEDIUM","BADMINTON_FATIGUE_COST:MEDIUM:0.0|OFI_AXIS:HIGH_FORCE_NEURAL:17.1875|OFI_AXIS:HIGH_SPEED:17.1875|OFI_AXIS:LOCAL_MUSCULAR:37.8125|OFI_AXIS:REACTIVE:63.75|OFI_AXIS:SYSTEMIC_MUSCULAR:13.28125|OFI_DOSE:REPS_OR_TIME:0.0|OFI_GROUP:CORE_BRACING_CONTROL:0.0|OFI_GROUP:CORE_BRACING_CONTROL:0.0|OFI_GROUP:CORE_BRACING_CONTROL:0.0|OFI_SCORE:HIGH_FORCE_NEURAL:21.0|OFI_SCORE:HIGH_SPEED:21.0|OFI_SCORE:LOCAL_MUSCULAR:47.0|OFI_SCORE:REACTIVE:80.0|OFI_SCORE:SYSTEMIC_MUSCULAR:17.0|OFI_SNAPSHOT:SUMMARY:57.0","","PROGRESSION:CORE_BRACING_CONTROL","ACCESSORY_VOLUME|BADMINTON_SUPPORTIVE|FATIGUE","SUPPORTIVE","level=SUPPORTIVE;types=CORE_STABILITY_SUPPORTIVE;skills=CHANGE_OF_DIRECTION|DEFENSIVE_COVERAGE;qualities=CORE_BRACING|HIP_CONTROL|SINGLE_LEG_STABILITY","LOW_FATIGUE_CONTROL","","MEDIUM","BADMINTON_FATIGUE_COST:MEDIUM:0.0|OFI_AXIS:HIGH_FORCE_NEURAL:17.1875|OFI_AXIS:HIGH_SPEED:17.1875|OFI_AXIS:LOCAL_MUSCULAR:37.8125|OFI_AXIS:REACTIVE:63.75|OFI_AXIS:SYSTEMIC_MUSCULAR:13.28125|OFI_DOSE:REPS_OR_TIME:0.0|OFI_GROUP:CORE_BRACING_CONTROL:0.0|OFI_GROUP:CORE_BRACING_CONTROL:0.0|OFI_GROUP:CORE_BRACING_CONTROL:0.0|OFI_SCORE:HIGH_FORCE_NEURAL:21.0|OFI_SCORE:HIGH_SPEED:21.0|OFI_SCORE:LOCAL_MUSCULAR:47.0|OFI_SCORE:REACTIVE:80.0|OFI_SCORE:SYSTEMIC_MUSCULAR:17.0|OFI_SNAPSHOT:SUMMARY:57.0","","PROGRESSION:CORE_BRACING_CONTROL","removedAxes=ROTATION_CONTROL;removedObjectives=","addedAxes=;addedObjectives=","PARITY_INTENTIONAL_CORRECTION"
"ex_a60496be","BALANCE|FATIGUE|HYPERTROPHY_VOLUME","GENERAL_STRENGTH","forceType=BRACE;plane=TRANSVERSE;laterality=UNILATERAL;fatigue=ANTI_ROTATION|ISOLATION_ACCESSORY_STRESS|LOCAL_MUSCLE|NEURAL_HEAVY|OVERHEAD_REPETITION|POSTERIOR_DELTOID_LOCAL_LOAD|ROTATOR_CUFF_TENDON_STRESS|SCAPULAR_RETRACTION_LOAD|SHOULDER_SCAPULAR_STABILITY_STRESS|SYSTEMIC;muscles=CORE|OBLIQUE|REAR_DELT|RHOMBOID|ROTATOR_CUFF|SCAPULAR_STABILIZERS;roles=ANTI_ROTATION_STABILITY|GENERAL_STRENGTH_SUPPORTIVE|SHOULDER_CARE;skills=;qualities=ROTATOR_CUFF_CONTROL|SCAPULAR_CONTROL|SHOULDER_DURABILITY","LOW_FATIGUE_CONTROL|RACKET_SUPPORT|ROTATION_CONTROL|UNILATERAL_STABILITY","","MEDIUM","BADMINTON_FATIGUE_COST:MEDIUM:0.0|OFI_AXIS:HIGH_FORCE_NEURAL:17.1875|OFI_AXIS:HIGH_SPEED:17.1875|OFI_AXIS:LOCAL_MUSCULAR:58.4375|OFI_AXIS:REACTIVE:15.625|OFI_AXIS:SYSTEMIC_MUSCULAR:13.28125|OFI_DOSE:VOLUME_LOAD:0.0|OFI_GROUP:POSTERIOR_DELTOID_HORIZONTAL_ABDUCTION:0.0|OFI_GROUP:POSTERIOR_DELTOID_HORIZONTAL_ABDUCTION:0.0|OFI_GROUP:POSTERIOR_DELTOID_HORIZONTAL_ABDUCTION:0.0|OFI_SCORE:HIGH_FORCE_NEURAL:21.0|OFI_SCORE:HIGH_SPEED:21.0|OFI_SCORE:LOCAL_MUSCULAR:73.0|OFI_SCORE:REACTIVE:20.0|OFI_SCORE:SYSTEMIC_MUSCULAR:17.0|OFI_SNAPSHOT:SUMMARY:39.0","","PROGRESSION:POSTERIOR_DELTOID_HORIZONTAL_ABDUCTION","BALANCE|FATIGUE|HYPERTROPHY_VOLUME","GENERAL_STRENGTH","level=GENERAL;types=GENERAL_STRENGTH_SUPPORTIVE;skills=;qualities=ROTATOR_CUFF_CONTROL|SCAPULAR_CONTROL|SHOULDER_DURABILITY","","","MEDIUM","BADMINTON_FATIGUE_COST:MEDIUM:0.0|OFI_AXIS:HIGH_FORCE_NEURAL:17.1875|OFI_AXIS:HIGH_SPEED:17.1875|OFI_AXIS:LOCAL_MUSCULAR:58.4375|OFI_AXIS:REACTIVE:15.625|OFI_AXIS:SYSTEMIC_MUSCULAR:13.28125|OFI_DOSE:VOLUME_LOAD:0.0|OFI_GROUP:POSTERIOR_DELTOID_HORIZONTAL_ABDUCTION:0.0|OFI_GROUP:POSTERIOR_DELTOID_HORIZONTAL_ABDUCTION:0.0|OFI_GROUP:POSTERIOR_DELTOID_HORIZONTAL_ABDUCTION:0.0|OFI_SCORE:HIGH_FORCE_NEURAL:21.0|OFI_SCORE:HIGH_SPEED:21.0|OFI_SCORE:LOCAL_MUSCULAR:73.0|OFI_SCORE:REACTIVE:20.0|OFI_SCORE:SYSTEMIC_MUSCULAR:17.0|OFI_SNAPSHOT:SUMMARY:39.0","","PROGRESSION:POSTERIOR_DELTOID_HORIZONTAL_ABDUCTION","removedAxes=LOW_FATIGUE_CONTROL|RACKET_SUPPORT|ROTATION_CONTROL|UNILATERAL_STABILITY;removedObjectives=","addedAxes=;addedObjectives=","PARITY_INTENTIONAL_CORRECTION"
"ex_a611010d","BADMINTON_SUPPORTIVE|BALANCE|FATIGUE|HYPERTROPHY_VOLUME|STRENGTH_PROGRESS","SUPPORTIVE","forceType=SQUAT;plane=FRONTAL;laterality=UNILATERAL;fatigue=GLUTE_LOAD|HIP_ROTATIONAL_CONTROL_STRESS|HIP_STABILITY_LOAD|KNEE_ANKLE_STABILITY_STRESS|LOCAL_MUSCLE|NEURAL_HEAVY|PATELLAR_TENDON_STRESS|QUADRICEPS_LOAD|SYSTEMIC|UNILATERAL_LOWER_STABILITY_STRESS;muscles=CORE|HIP_ADDUCTOR;roles=LOWER_BODY_SUPPORTIVE;skills=CHANGE_OF_DIRECTION|FIRST_STEP;qualities=FRONTAL_PLANE_CONTROL|HIP_CONTROL|HIP_KNEE_EXTENSION_STRENGTH|LOWER_BODY_FORCE|SINGLE_LEG_STABILITY","LATERAL_MOVEMENT|LOW_FATIGUE_CONTROL|UNILATERAL_STABILITY","ACCELERATION","VERY_HIGH","BADMINTON_FATIGUE_COST:VERY_HIGH:0.0|OFI_AXIS:HIGH_FORCE_NEURAL:17.1875|OFI_AXIS:HIGH_SPEED:70.125|OFI_AXIS:LOCAL_MUSCULAR:58.4375|OFI_AXIS:REACTIVE:63.75|OFI_AXIS:SYSTEMIC_MUSCULAR:29.21875|OFI_DOSE:VOLUME_LOAD:0.0|OFI_GROUP:FRONTAL_PLANE_SQUAT_ACCESSORY:0.0|OFI_GROUP:FRONTAL_PLANE_SQUAT_ACCESSORY:0.0|OFI_GROUP:FRONTAL_PLANE_SQUAT_ACCESSORY:0.0|OFI_SCORE:HIGH_FORCE_NEURAL:21.0|OFI_SCORE:HIGH_SPEED:88.0|OFI_SCORE:LOCAL_MUSCULAR:73.0|OFI_SCORE:REACTIVE:80.0|OFI_SCORE:SYSTEMIC_MUSCULAR:37.0|OFI_SNAPSHOT:SUMMARY:74.0","","PROGRESSION:FRONTAL_PLANE_SQUAT_ACCESSORY","BADMINTON_SUPPORTIVE|BALANCE|FATIGUE|HYPERTROPHY_VOLUME|STRENGTH_PROGRESS","SUPPORTIVE","level=SUPPORTIVE;types=LOWER_BODY_SUPPORTIVE;skills=CHANGE_OF_DIRECTION|FIRST_STEP;qualities=FRONTAL_PLANE_CONTROL|HIP_CONTROL|HIP_KNEE_EXTENSION_STRENGTH|LOWER_BODY_FORCE|SINGLE_LEG_STABILITY","","ACCELERATION","VERY_HIGH","BADMINTON_FATIGUE_COST:VERY_HIGH:0.0|OFI_AXIS:HIGH_FORCE_NEURAL:17.1875|OFI_AXIS:HIGH_SPEED:70.125|OFI_AXIS:LOCAL_MUSCULAR:58.4375|OFI_AXIS:REACTIVE:63.75|OFI_AXIS:SYSTEMIC_MUSCULAR:29.21875|OFI_DOSE:VOLUME_LOAD:0.0|OFI_GROUP:FRONTAL_PLANE_SQUAT_ACCESSORY:0.0|OFI_GROUP:FRONTAL_PLANE_SQUAT_ACCESSORY:0.0|OFI_GROUP:FRONTAL_PLANE_SQUAT_ACCESSORY:0.0|OFI_SCORE:HIGH_FORCE_NEURAL:21.0|OFI_SCORE:HIGH_SPEED:88.0|OFI_SCORE:LOCAL_MUSCULAR:73.0|OFI_SCORE:REACTIVE:80.0|OFI_SCORE:SYSTEMIC_MUSCULAR:37.0|OFI_SNAPSHOT:SUMMARY:74.0","","PROGRESSION:FRONTAL_PLANE_SQUAT_ACCESSORY","removedAxes=LATERAL_MOVEMENT|LOW_FATIGUE_CONTROL|UNILATERAL_STABILITY;removedObjectives=","addedAxes=;addedObjectives=","PARITY_INTENTIONAL_CORRECTION"
"ex_a61f1e96","FATIGUE|HYPERTROPHY_VOLUME|STRENGTH_VOLUME","NONE","forceType=PUSH;plane=TRANSVERSE;laterality=BILATERAL;fatigue=ANTERIOR_DELTOID_LOAD|HORIZONTAL_PUSH_STRESS|LOCAL_MUSCLE|NEURAL_HEAVY|PECTORAL_LOAD|PECTORAL_TENDON_STRESS|SHOULDER_SCAPULAR_STABILITY_STRESS|SYSTEMIC|TRICEPS_LOAD|TRICEPS_TENDON_STRESS;muscles=ANTERIOR_DELTOID|CHEST|CORE|TRICEPS|UPPER_CHEST;roles=;skills=;qualities=","","","MEDIUM","BADMINTON_FATIGUE_COST:MEDIUM:0.0|OFI_AXIS:HIGH_FORCE_NEURAL:37.8125|OFI_AXIS:HIGH_SPEED:17.1875|OFI_AXIS:LOCAL_MUSCULAR:58.4375|OFI_AXIS:REACTIVE:15.625|OFI_AXIS:SYSTEMIC_MUSCULAR:29.21875|OFI_DOSE:LOAD_REPS:0.0|OFI_GROUP:HORIZONTAL_PUSH_COMPOUND:0.0|OFI_GROUP:HORIZONTAL_PUSH_COMPOUND:0.0|OFI_GROUP:HORIZONTAL_PUSH_COMPOUND:0.0|OFI_SCORE:HIGH_FORCE_NEURAL:47.0|OFI_SCORE:HIGH_SPEED:21.0|OFI_SCORE:LOCAL_MUSCULAR:73.0|OFI_SCORE:REACTIVE:20.0|OFI_SCORE:SYSTEMIC_MUSCULAR:37.0|OFI_SNAPSHOT:SUMMARY:43.0","","PROGRESSION:HORIZONTAL_PUSH_COMPOUND|PROXY:BENCH_PRESS:SHARED_FACTOR_PROXY","FATIGUE|HYPERTROPHY_VOLUME|STRENGTH_VOLUME","NONE","level=NONE;types=;skills=;qualities=","","","MEDIUM","BADMINTON_FATIGUE_COST:MEDIUM:0.0|OFI_AXIS:HIGH_FORCE_NEURAL:37.8125|OFI_AXIS:HIGH_SPEED:17.1875|OFI_AXIS:LOCAL_MUSCULAR:58.4375|OFI_AXIS:REACTIVE:15.625|OFI_AXIS:SYSTEMIC_MUSCULAR:29.21875|OFI_DOSE:LOAD_REPS:0.0|OFI_GROUP:HORIZONTAL_PUSH_COMPOUND:0.0|OFI_GROUP:HORIZONTAL_PUSH_COMPOUND:0.0|OFI_GROUP:HORIZONTAL_PUSH_COMPOUND:0.0|OFI_SCORE:HIGH_FORCE_NEURAL:47.0|OFI_SCORE:HIGH_SPEED:21.0|OFI_SCORE:LOCAL_MUSCULAR:73.0|OFI_SCORE:REACTIVE:20.0|OFI_SCORE:SYSTEMIC_MUSCULAR:37.0|OFI_SNAPSHOT:SUMMARY:43.0","","PROGRESSION:HORIZONTAL_PUSH_COMPOUND|PROXY:BENCH_PRESS:SHARED_FACTOR_PROXY","removedAxes=;removedObjectives=","addedAxes=;addedObjectives=","PARITY_EXACT"
"ex_a61f307a","FATIGUE|HYPERTROPHY_VOLUME","NONE","forceType=BRACE;plane=TRANSVERSE;laterality=BILATERAL;fatigue=ISOLATION_ACCESSORY_STRESS|LOCAL_MUSCLE|NEURAL_HEAVY|OVERHEAD_REPETITION|PECTORAL_LOCAL_LOAD|PECTORAL_TENDON_STRESS|SHOULDER_SCAPULAR_STABILITY_STRESS|SYSTEMIC;muscles=ANTERIOR_DELTOID|CHEST|CORE|SCAPULAR_STABILIZERS|SHOULDER|UPPER_CHEST;roles=SHOULDER_CARE;skills=;qualities=","LOW_FATIGUE_CONTROL|RACKET_SUPPORT|ROTATION_CONTROL","","LOW","BADMINTON_FATIGUE_COST:LOW:0.0|OFI_AXIS:HIGH_FORCE_NEURAL:17.1875|OFI_AXIS:HIGH_SPEED:17.1875|OFI_AXIS:LOCAL_MUSCULAR:58.4375|OFI_AXIS:REACTIVE:15.625|OFI_AXIS:SYSTEMIC_MUSCULAR:10.9375|OFI_DOSE:LOAD_REPS:0.0|OFI_GROUP:CHEST_FLY_ISOLATION:0.0|OFI_GROUP:CHEST_FLY_ISOLATION:0.0|OFI_GROUP:CHEST_FLY_ISOLATION:0.0|OFI_SCORE:HIGH_FORCE_NEURAL:21.0|OFI_SCORE:HIGH_SPEED:21.0|OFI_SCORE:LOCAL_MUSCULAR:73.0|OFI_SCORE:REACTIVE:20.0|OFI_SCORE:SYSTEMIC_MUSCULAR:14.0|OFI_SNAPSHOT:SUMMARY:39.0","","PROGRESSION:CHEST_FLY_ISOLATION","FATIGUE|HYPERTROPHY_VOLUME","NONE","level=NONE;types=;skills=;qualities=","","","LOW","BADMINTON_FATIGUE_COST:LOW:0.0|OFI_AXIS:HIGH_FORCE_NEURAL:17.1875|OFI_AXIS:HIGH_SPEED:17.1875|OFI_AXIS:LOCAL_MUSCULAR:58.4375|OFI_AXIS:REACTIVE:15.625|OFI_AXIS:SYSTEMIC_MUSCULAR:10.9375|OFI_DOSE:LOAD_REPS:0.0|OFI_GROUP:CHEST_FLY_ISOLATION:0.0|OFI_GROUP:CHEST_FLY_ISOLATION:0.0|OFI_GROUP:CHEST_FLY_ISOLATION:0.0|OFI_SCORE:HIGH_FORCE_NEURAL:21.0|OFI_SCORE:HIGH_SPEED:21.0|OFI_SCORE:LOCAL_MUSCULAR:73.0|OFI_SCORE:REACTIVE:20.0|OFI_SCORE:SYSTEMIC_MUSCULAR:14.0|OFI_SNAPSHOT:SUMMARY:39.0","","PROGRESSION:CHEST_FLY_ISOLATION","removedAxes=LOW_FATIGUE_CONTROL|RACKET_SUPPORT|ROTATION_CONTROL;removedObjectives=","addedAxes=;addedObjectives=","PARITY_INTENTIONAL_CORRECTION"
"ex_a76f20b6","BADMINTON_SUPPORTIVE|BALANCE|FATIGUE|HYPERTROPHY_VOLUME|STRENGTH_PROGRESS","SUPPORTIVE","forceType=PULL;plane=TRANSVERSE;laterality=UNILATERAL;fatigue=BICEPS_LOAD|BICEPS_TENDON_STRESS|ELBOW_JOINT_STRESS|FOREARM_FLEXOR_TENDON_STRESS|GRIP_FOREARM|GRIP_LOAD|HORIZONTAL_ROW_STRESS|LAT_LOAD|LOCAL_MUSCLE|NEURAL_HEAVY|REAR_DELTOID_LOAD|SCAPULAR_STABILITY_LOAD|SHOULDER_JOINT_STABILITY_STRESS|SYSTEMIC|UPPER_BACK_LOAD;muscles=BICEPS|CORE|LAT|REAR_DELT|RHOMBOID;roles=SHOULDER_SCAPULAR_SUPPORTIVE;skills=DRIVE|OVERHEAD_CLEAR;qualities=SCAPULAR_CONTROL|SHOULDER_DURABILITY","RACKET_SUPPORT|UNILATERAL_STABILITY","","HIGH","BADMINTON_FATIGUE_COST:HIGH:0.0|OFI_AXIS:HIGH_FORCE_NEURAL:37.8125|OFI_AXIS:HIGH_SPEED:17.1875|OFI_AXIS:LOCAL_MUSCULAR:58.4375|OFI_AXIS:REACTIVE:15.625|OFI_AXIS:SYSTEMIC_MUSCULAR:34.375|OFI_DOSE:VOLUME_LOAD:0.0|OFI_GROUP:HORIZONTAL_PULL_COMPOUND:0.0|OFI_GROUP:HORIZONTAL_PULL_COMPOUND:0.0|OFI_GROUP:HORIZONTAL_PULL_COMPOUND:0.0|OFI_SCORE:HIGH_FORCE_NEURAL:47.0|OFI_SCORE:HIGH_SPEED:21.0|OFI_SCORE:LOCAL_MUSCULAR:73.0|OFI_SCORE:REACTIVE:20.0|OFI_SCORE:SYSTEMIC_MUSCULAR:43.0|OFI_SNAPSHOT:SUMMARY:44.0","","PROGRESSION:HORIZONTAL_PULL_COMPOUND","BADMINTON_SUPPORTIVE|BALANCE|FATIGUE|HYPERTROPHY_VOLUME|STRENGTH_PROGRESS","SUPPORTIVE","level=SUPPORTIVE;types=SHOULDER_SCAPULAR_SUPPORTIVE;skills=DRIVE|OVERHEAD_CLEAR;qualities=SCAPULAR_CONTROL|SHOULDER_DURABILITY","RACKET_SUPPORT","","HIGH","BADMINTON_FATIGUE_COST:HIGH:0.0|OFI_AXIS:HIGH_FORCE_NEURAL:37.8125|OFI_AXIS:HIGH_SPEED:17.1875|OFI_AXIS:LOCAL_MUSCULAR:58.4375|OFI_AXIS:REACTIVE:15.625|OFI_AXIS:SYSTEMIC_MUSCULAR:34.375|OFI_DOSE:VOLUME_LOAD:0.0|OFI_GROUP:HORIZONTAL_PULL_COMPOUND:0.0|OFI_GROUP:HORIZONTAL_PULL_COMPOUND:0.0|OFI_GROUP:HORIZONTAL_PULL_COMPOUND:0.0|OFI_SCORE:HIGH_FORCE_NEURAL:47.0|OFI_SCORE:HIGH_SPEED:21.0|OFI_SCORE:LOCAL_MUSCULAR:73.0|OFI_SCORE:REACTIVE:20.0|OFI_SCORE:SYSTEMIC_MUSCULAR:43.0|OFI_SNAPSHOT:SUMMARY:44.0","","PROGRESSION:HORIZONTAL_PULL_COMPOUND","removedAxes=UNILATERAL_STABILITY;removedObjectives=","addedAxes=;addedObjectives=","PARITY_INTENTIONAL_CORRECTION"
"ex_a8385c4a","ACCESSORY_VOLUME|BADMINTON_SUPPORTIVE|FATIGUE","SUPPORTIVE","forceType=BRACE;plane=FRONTAL;laterality=UNILATERAL;fatigue=ANTI_ROTATION|ANTI_ROTATION_LOAD|CORE_BRACING_LOAD|ISOMETRIC_CORE_BRACING_STRESS|LOCAL_MUSCLE|LUMBOPELVIC_CONTROL_STRESS|NEURAL_HEAVY|SYSTEMIC;muscles=CORE|DEEP_CORE|GLUTE_MEDIUS|HIP_ADDUCTOR|OBLIQUE;roles=ANTI_ROTATION_STABILITY|CORE_STABILITY_SUPPORTIVE;skills=CHANGE_OF_DIRECTION|DEFENSIVE_COVERAGE;qualities=CORE_BRACING|HIP_CONTROL|SINGLE_LEG_STABILITY","LATERAL_MOVEMENT|LOW_FATIGUE_CONTROL|ROTATION_CONTROL|UNILATERAL_STABILITY","","MEDIUM","BADMINTON_FATIGUE_COST:MEDIUM:0.0|OFI_AXIS:HIGH_FORCE_NEURAL:17.1875|OFI_AXIS:HIGH_SPEED:17.1875|OFI_AXIS:LOCAL_MUSCULAR:37.8125|OFI_AXIS:REACTIVE:63.75|OFI_AXIS:SYSTEMIC_MUSCULAR:13.28125|OFI_DOSE:REPS_OR_TIME:0.0|OFI_GROUP:CORE_BRACING_CONTROL:0.0|OFI_GROUP:CORE_BRACING_CONTROL:0.0|OFI_GROUP:CORE_BRACING_CONTROL:0.0|OFI_SCORE:HIGH_FORCE_NEURAL:21.0|OFI_SCORE:HIGH_SPEED:21.0|OFI_SCORE:LOCAL_MUSCULAR:47.0|OFI_SCORE:REACTIVE:80.0|OFI_SCORE:SYSTEMIC_MUSCULAR:17.0|OFI_SNAPSHOT:SUMMARY:57.0","","PROGRESSION:CORE_BRACING_CONTROL","ACCESSORY_VOLUME|BADMINTON_SUPPORTIVE|FATIGUE","SUPPORTIVE","level=SUPPORTIVE;types=CORE_STABILITY_SUPPORTIVE;skills=CHANGE_OF_DIRECTION|DEFENSIVE_COVERAGE;qualities=CORE_BRACING|HIP_CONTROL|SINGLE_LEG_STABILITY","LOW_FATIGUE_CONTROL","","MEDIUM","BADMINTON_FATIGUE_COST:MEDIUM:0.0|OFI_AXIS:HIGH_FORCE_NEURAL:17.1875|OFI_AXIS:HIGH_SPEED:17.1875|OFI_AXIS:LOCAL_MUSCULAR:37.8125|OFI_AXIS:REACTIVE:63.75|OFI_AXIS:SYSTEMIC_MUSCULAR:13.28125|OFI_DOSE:REPS_OR_TIME:0.0|OFI_GROUP:CORE_BRACING_CONTROL:0.0|OFI_GROUP:CORE_BRACING_CONTROL:0.0|OFI_GROUP:CORE_BRACING_CONTROL:0.0|OFI_SCORE:HIGH_FORCE_NEURAL:21.0|OFI_SCORE:HIGH_SPEED:21.0|OFI_SCORE:LOCAL_MUSCULAR:47.0|OFI_SCORE:REACTIVE:80.0|OFI_SCORE:SYSTEMIC_MUSCULAR:17.0|OFI_SNAPSHOT:SUMMARY:57.0","","PROGRESSION:CORE_BRACING_CONTROL","removedAxes=LATERAL_MOVEMENT|ROTATION_CONTROL|UNILATERAL_STABILITY;removedObjectives=","addedAxes=;addedObjectives=","PARITY_INTENTIONAL_CORRECTION"
"ex_a9b52886","CONDITIONING|CORE_ACCESSORY|FATIGUE","GENERAL_STRENGTH","forceType=BRACE;plane=SAGITTAL;laterality=UNILATERAL;fatigue=ANTERIOR_CORE_LOAD|ANTI_ROTATION|CONDITIONING_LOAD|DYNAMIC_CORE_FLEXION_STRESS|HIP_FLEXION_LOAD|LOCAL_MUSCLE|LUMBOPELVIC_CONTROL_STRESS|NEURAL_HEAVY|OVERHEAD_REPETITION|SYSTEMIC;muscles=CORE|DEEP_CORE|SHOULDER;roles=ANTI_ROTATION_STABILITY|GENERAL_CONDITIONING_SUPPORTIVE|SHOULDER_CARE;skills=;qualities=AEROBIC_BASE|ANAEROBIC_REPEATABILITY","AEROBIC_FOOTWORK|RACKET_SUPPORT|ROTATION_CONTROL|UNILATERAL_STABILITY","","MEDIUM","BADMINTON_FATIGUE_COST:MEDIUM:0.0|OFI_AXIS:HIGH_FORCE_NEURAL:17.1875|OFI_AXIS:HIGH_SPEED:17.1875|OFI_AXIS:LOCAL_MUSCULAR:58.4375|OFI_AXIS:REACTIVE:15.625|OFI_AXIS:SYSTEMIC_MUSCULAR:15.625|OFI_DOSE:REPS_OR_TIME:0.0|OFI_GROUP:BODYWEIGHT_CONDITIONING_CORE:0.0|OFI_GROUP:BODYWEIGHT_CONDITIONING_CORE:0.0|OFI_GROUP:BODYWEIGHT_CONDITIONING_CORE:0.0|OFI_SCORE:HIGH_FORCE_NEURAL:21.0|OFI_SCORE:HIGH_SPEED:21.0|OFI_SCORE:LOCAL_MUSCULAR:73.0|OFI_SCORE:REACTIVE:20.0|OFI_SCORE:SYSTEMIC_MUSCULAR:20.0|OFI_SNAPSHOT:SUMMARY:40.0","","PROGRESSION:BODYWEIGHT_CONDITIONING_CORE","CONDITIONING|CORE_ACCESSORY|FATIGUE","GENERAL_STRENGTH","level=GENERAL;types=GENERAL_CONDITIONING_SUPPORTIVE;skills=;qualities=AEROBIC_BASE|ANAEROBIC_REPEATABILITY","","","MEDIUM","BADMINTON_FATIGUE_COST:MEDIUM:0.0|OFI_AXIS:HIGH_FORCE_NEURAL:17.1875|OFI_AXIS:HIGH_SPEED:17.1875|OFI_AXIS:LOCAL_MUSCULAR:58.4375|OFI_AXIS:REACTIVE:15.625|OFI_AXIS:SYSTEMIC_MUSCULAR:15.625|OFI_DOSE:REPS_OR_TIME:0.0|OFI_GROUP:BODYWEIGHT_CONDITIONING_CORE:0.0|OFI_GROUP:BODYWEIGHT_CONDITIONING_CORE:0.0|OFI_GROUP:BODYWEIGHT_CONDITIONING_CORE:0.0|OFI_SCORE:HIGH_FORCE_NEURAL:21.0|OFI_SCORE:HIGH_SPEED:21.0|OFI_SCORE:LOCAL_MUSCULAR:73.0|OFI_SCORE:REACTIVE:20.0|OFI_SCORE:SYSTEMIC_MUSCULAR:20.0|OFI_SNAPSHOT:SUMMARY:40.0","","PROGRESSION:BODYWEIGHT_CONDITIONING_CORE","removedAxes=AEROBIC_FOOTWORK|RACKET_SUPPORT|ROTATION_CONTROL|UNILATERAL_STABILITY;removedObjectives=","addedAxes=;addedObjectives=","PARITY_INTENTIONAL_CORRECTION"
"ex_ab468462","FATIGUE|HYPERTROPHY_VOLUME|STRENGTH_VOLUME","GENERAL_STRENGTH","forceType=SQUAT;plane=SAGITTAL;laterality=BILATERAL;fatigue=GLUTE_LOAD|KNEE_HIP_STABILITY_STRESS|LOCAL_MUSCLE|MACHINE_LOWER_BODY_STRESS|NEURAL_HEAVY|PATELLAR_TENDON_STRESS|QUADRICEPS_LOAD|SYSTEMIC;muscles=CORE|GLUTE|HAMSTRING|QUADRICEPS;roles=GENERAL_STRENGTH_SUPPORTIVE;skills=;qualities=HIP_KNEE_EXTENSION_STRENGTH|LOWER_BODY_FORCE","UNILATERAL_STABILITY","","HIGH","BADMINTON_FATIGUE_COST:HIGH:0.0|OFI_AXIS:HIGH_FORCE_NEURAL:37.8125|OFI_AXIS:HIGH_SPEED:17.1875|OFI_AXIS:LOCAL_MUSCULAR:58.4375|OFI_AXIS:REACTIVE:15.625|OFI_AXIS:SYSTEMIC_MUSCULAR:34.375|OFI_DOSE:LOAD_REPS:0.0|OFI_GROUP:MACHINE_KNEE_DOMINANT_PRESS:0.0|OFI_GROUP:MACHINE_KNEE_DOMINANT_PRESS:0.0|OFI_GROUP:MACHINE_KNEE_DOMINANT_PRESS:0.0|OFI_SCORE:HIGH_FORCE_NEURAL:47.0|OFI_SCORE:HIGH_SPEED:21.0|OFI_SCORE:LOCAL_MUSCULAR:73.0|OFI_SCORE:REACTIVE:20.0|OFI_SCORE:SYSTEMIC_MUSCULAR:43.0|OFI_SNAPSHOT:SUMMARY:44.0","","PROGRESSION:MACHINE_KNEE_DOMINANT_PRESS","FATIGUE|HYPERTROPHY_VOLUME|STRENGTH_VOLUME","GENERAL_STRENGTH","level=GENERAL;types=GENERAL_STRENGTH_SUPPORTIVE;skills=;qualities=HIP_KNEE_EXTENSION_STRENGTH|LOWER_BODY_FORCE","","","HIGH","BADMINTON_FATIGUE_COST:HIGH:0.0|OFI_AXIS:HIGH_FORCE_NEURAL:37.8125|OFI_AXIS:HIGH_SPEED:17.1875|OFI_AXIS:LOCAL_MUSCULAR:58.4375|OFI_AXIS:REACTIVE:15.625|OFI_AXIS:SYSTEMIC_MUSCULAR:34.375|OFI_DOSE:LOAD_REPS:0.0|OFI_GROUP:MACHINE_KNEE_DOMINANT_PRESS:0.0|OFI_GROUP:MACHINE_KNEE_DOMINANT_PRESS:0.0|OFI_GROUP:MACHINE_KNEE_DOMINANT_PRESS:0.0|OFI_SCORE:HIGH_FORCE_NEURAL:47.0|OFI_SCORE:HIGH_SPEED:21.0|OFI_SCORE:LOCAL_MUSCULAR:73.0|OFI_SCORE:REACTIVE:20.0|OFI_SCORE:SYSTEMIC_MUSCULAR:43.0|OFI_SNAPSHOT:SUMMARY:44.0","","PROGRESSION:MACHINE_KNEE_DOMINANT_PRESS","removedAxes=UNILATERAL_STABILITY;removedObjectives=","addedAxes=;addedObjectives=","PARITY_INTENTIONAL_CORRECTION"
"ex_ab918e2b","CONDITIONING|FATIGUE","GENERAL_STRENGTH","forceType=ACCELERATE;plane=SAGITTAL;laterality=BILATERAL;fatigue=CARDIO_CONDITIONING_STRESS|GENERAL_CONDITIONING|LOCAL_MUSCLE|NEURAL_HEAVY|NEURAL_SPEED|PACING_LOAD|REPETITIVE_LOCOMOTION_IMPACT|SYSTEMIC|SYSTEMIC_CONDITIONING_LOAD;muscles=CALF|CORE|HAMSTRING|QUADRICEPS;roles=CONDITIONING|GENERAL_CONDITIONING_SUPPORTIVE;skills=;qualities=AEROBIC_BASE|ANAEROBIC_REPEATABILITY|RECOVERY_STEP","AEROBIC_FOOTWORK|LATERAL_MOVEMENT|UNILATERAL_STABILITY","CONDITIONING|FOOTWORK","MEDIUM","BADMINTON_FATIGUE_COST:MEDIUM:0.0|OFI_AXIS:HIGH_FORCE_NEURAL:17.1875|OFI_AXIS:HIGH_SPEED:17.1875|OFI_AXIS:LOCAL_MUSCULAR:37.8125|OFI_AXIS:REACTIVE:15.625|OFI_AXIS:SYSTEMIC_MUSCULAR:53.125|OFI_DOSE:DISTANCE_OR_TIME:0.0|OFI_GROUP:CARDIO_CONDITIONING:0.0|OFI_GROUP:CARDIO_CONDITIONING:0.0|OFI_GROUP:CARDIO_CONDITIONING:0.0|OFI_SCORE:HIGH_FORCE_NEURAL:21.0|OFI_SCORE:HIGH_SPEED:21.0|OFI_SCORE:LOCAL_MUSCULAR:47.0|OFI_SCORE:REACTIVE:20.0|OFI_SCORE:SYSTEMIC_MUSCULAR:66.0|OFI_SNAPSHOT:SUMMARY:39.0","","PROGRESSION:CARDIO_CONDITIONING","CONDITIONING|FATIGUE","GENERAL_STRENGTH","level=GENERAL;types=GENERAL_CONDITIONING_SUPPORTIVE;skills=;qualities=AEROBIC_BASE|ANAEROBIC_REPEATABILITY","","","MEDIUM","BADMINTON_FATIGUE_COST:MEDIUM:0.0|OFI_AXIS:HIGH_FORCE_NEURAL:17.1875|OFI_AXIS:HIGH_SPEED:17.1875|OFI_AXIS:LOCAL_MUSCULAR:37.8125|OFI_AXIS:REACTIVE:15.625|OFI_AXIS:SYSTEMIC_MUSCULAR:53.125|OFI_DOSE:DISTANCE_OR_TIME:0.0|OFI_GROUP:CARDIO_CONDITIONING:0.0|OFI_GROUP:CARDIO_CONDITIONING:0.0|OFI_GROUP:CARDIO_CONDITIONING:0.0|OFI_SCORE:HIGH_FORCE_NEURAL:21.0|OFI_SCORE:HIGH_SPEED:21.0|OFI_SCORE:LOCAL_MUSCULAR:47.0|OFI_SCORE:REACTIVE:20.0|OFI_SCORE:SYSTEMIC_MUSCULAR:66.0|OFI_SNAPSHOT:SUMMARY:39.0","","PROGRESSION:CARDIO_CONDITIONING","removedAxes=AEROBIC_FOOTWORK|LATERAL_MOVEMENT|UNILATERAL_STABILITY;removedObjectives=CONDITIONING|FOOTWORK","addedAxes=;addedObjectives=","PARITY_INTENTIONAL_CORRECTION"
"ex_aca9d312","FATIGUE|SPORT_SESSION_LOAD","NONE","forceType=ACCELERATE;plane=MULTI_PLANAR;laterality=UNILATERAL;fatigue=ACCELERATION_DECELERATION_LOAD|ACHILLES_TENDON_STRESS|AEROBIC_ANAEROBIC_LOAD|CHANGE_OF_DIRECTION_LOAD|COURT_SPORT_MOVEMENT_STRESS|DECELERATION|DIRECTION_CHANGE_IMPACT_STRESS|HIP_ROTATIONAL_CONTROL_STRESS|KNEE_ANKLE_STABILITY_STRESS|LOCAL_MUSCLE|NEURAL_HEAVY|NEURAL_SPEED|OTHER_SPORT_SESSION|OVERHEAD_REPETITION|PATELLAR_TENDON_STRESS|REACTION_DECISION_LOAD|REPEATED_SPRINT_LOAD|SYSTEMIC;muscles=CALF|CORE|GLUTE|QUADRICEPS|SHOULDER;roles=CONDITIONING;skills=;qualities=RECOVERY_STEP","AEROBIC_FOOTWORK|DECELERATION_LANDING|LATERAL_MOVEMENT|RACKET_SUPPORT|UNILATERAL_STABILITY","CONDITIONING|FOOTWORK","HIGH","BADMINTON_FATIGUE_COST:HIGH:0.0|OFI_AXIS:HIGH_FORCE_NEURAL:17.1875|OFI_AXIS:HIGH_SPEED:73.046875|OFI_AXIS:LOCAL_MUSCULAR:58.4375|OFI_AXIS:REACTIVE:93.75|OFI_AXIS:SYSTEMIC_MUSCULAR:63.75|OFI_CAUTION:REACTIVE_CAUTION:0.0|OFI_CAUTION:RECOVERY_DEBT_HIGH:0.0|OFI_DOSE:SESSION_DURATION:0.0|OFI_GROUP:NOT_APPLICABLE:0.0|OFI_GROUP:NOT_APPLICABLE:0.0|OFI_GROUP:NOT_APPLICABLE:0.0|OFI_SCORE:HIGH_FORCE_NEURAL:21.0|OFI_SCORE:HIGH_SPEED:91.0|OFI_SCORE:LOCAL_MUSCULAR:73.0|OFI_SCORE:REACTIVE:100.0|OFI_SCORE:SYSTEMIC_MUSCULAR:80.0|OFI_SNAPSHOT:SUMMARY:88.0","","","FATIGUE|SPORT_SESSION_LOAD","NONE","level=NONE;types=;skills=;qualities=","","","HIGH","BADMINTON_FATIGUE_COST:HIGH:0.0|OFI_AXIS:HIGH_FORCE_NEURAL:17.1875|OFI_AXIS:HIGH_SPEED:73.046875|OFI_AXIS:LOCAL_MUSCULAR:58.4375|OFI_AXIS:REACTIVE:93.75|OFI_AXIS:SYSTEMIC_MUSCULAR:63.75|OFI_CAUTION:REACTIVE_CAUTION:0.0|OFI_CAUTION:RECOVERY_DEBT_HIGH:0.0|OFI_DOSE:SESSION_DURATION:0.0|OFI_GROUP:NOT_APPLICABLE:0.0|OFI_GROUP:NOT_APPLICABLE:0.0|OFI_GROUP:NOT_APPLICABLE:0.0|OFI_SCORE:HIGH_FORCE_NEURAL:21.0|OFI_SCORE:HIGH_SPEED:91.0|OFI_SCORE:LOCAL_MUSCULAR:73.0|OFI_SCORE:REACTIVE:100.0|OFI_SCORE:SYSTEMIC_MUSCULAR:80.0|OFI_SNAPSHOT:SUMMARY:88.0","","","removedAxes=AEROBIC_FOOTWORK|DECELERATION_LANDING|LATERAL_MOVEMENT|RACKET_SUPPORT|UNILATERAL_STABILITY;removedObjectives=CONDITIONING|FOOTWORK","addedAxes=;addedObjectives=","PARITY_INTENTIONAL_CORRECTION"
"ex_ae9ecdbc","BADMINTON_TRANSFER|FATIGUE|SPORT_SESSION_LOAD","DIRECT","forceType=ACCELERATE;plane=MULTI_PLANAR;laterality=UNILATERAL;fatigue=ACHILLES_TENDON_STRESS|BADMINTON_DIRECT_TRANSFER|BADMINTON_MATCH|BADMINTON_RALLY|COURT_DECELERATION_IMPACT|COURT_MOVEMENT_LOAD|COURT_SPORT_MOVEMENT_STRESS|DECELERATION|DECELERATION_LOAD|DECISION_MAKING_LOAD|KNEE_ANKLE_STABILITY_STRESS|LOCAL_MUSCLE|NEURAL_HEAVY|NEURAL_SPEED|OVERHEAD_REPETITION|OVERHEAD_REPETITION_LOAD|PATELLAR_TENDON_STRESS|REACTION_LOAD|ROTATOR_CUFF_TENDON_STRESS|SHOULDER_SCAPULAR_STABILITY_STRESS|SYSTEMIC|TACTICAL_CONCENTRATION_LOAD|VISUAL_TRACKING_LOAD;muscles=CALF|CORE|GLUTE|QUADRICEPS|SHOULDER;roles=CHANGE_OF_DIRECTION_DIRECT|CONDITIONING|FOOTWORK|RALLY_CONDITIONING_DIRECT|REACTION_DECISION_DIRECT;skills=CHANGE_OF_DIRECTION|DEFENSIVE_COVERAGE|OVERHEAD_CLEAR|RALLY_TOLERANCE|SMASH;qualities=AEROBIC_BASE|ANAEROBIC_REPEATABILITY|DECELERATION|FIRST_STEP|MULTI_DIRECTION|REACTIVE_AGILITY|RECOVERY_STEP|SHOULDER_DURABILITY","AEROBIC_FOOTWORK|DECELERATION_LANDING|LATERAL_MOVEMENT|RACKET_SUPPORT|UNILATERAL_STABILITY","ACCELERATION|CONDITIONING|DECELERATION|FOOTWORK","MEDIUM","BADMINTON_FATIGUE_COST:MEDIUM:0.0|OFI_AXIS:HIGH_FORCE_NEURAL:17.1875|OFI_AXIS:HIGH_SPEED:67.203125|OFI_AXIS:LOCAL_MUSCULAR:58.4375|OFI_AXIS:REACTIVE:93.75|OFI_AXIS:SYSTEMIC_MUSCULAR:63.75|OFI_CAUTION:REACTIVE_CAUTION:0.0|OFI_DOSE:SESSION_DURATION:0.0|OFI_GROUP:NOT_APPLICABLE:0.0|OFI_GROUP:NOT_APPLICABLE:0.0|OFI_GROUP:NOT_APPLICABLE:0.0|OFI_SCORE:HIGH_FORCE_NEURAL:21.0|OFI_SCORE:HIGH_SPEED:84.0|OFI_SCORE:LOCAL_MUSCULAR:73.0|OFI_SCORE:REACTIVE:100.0|OFI_SCORE:SYSTEMIC_MUSCULAR:80.0|OFI_SNAPSHOT:SUMMARY:87.0","","","BADMINTON_TRANSFER|FATIGUE|SPORT_SESSION_LOAD","DIRECT","level=DIRECT;types=CHANGE_OF_DIRECTION_DIRECT|RALLY_CONDITIONING_DIRECT|REACTION_DECISION_DIRECT;skills=CHANGE_OF_DIRECTION|DEFENSIVE_COVERAGE|OVERHEAD_CLEAR|RALLY_TOLERANCE|SMASH;qualities=AEROBIC_BASE|ANAEROBIC_REPEATABILITY|DECELERATION|REACTIVE_AGILITY|SHOULDER_DURABILITY","DECELERATION_LANDING|RACKET_SUPPORT","DECELERATION","MEDIUM","BADMINTON_FATIGUE_COST:MEDIUM:0.0|OFI_AXIS:HIGH_FORCE_NEURAL:17.1875|OFI_AXIS:HIGH_SPEED:67.203125|OFI_AXIS:LOCAL_MUSCULAR:58.4375|OFI_AXIS:REACTIVE:93.75|OFI_AXIS:SYSTEMIC_MUSCULAR:63.75|OFI_CAUTION:REACTIVE_CAUTION:0.0|OFI_DOSE:SESSION_DURATION:0.0|OFI_GROUP:NOT_APPLICABLE:0.0|OFI_GROUP:NOT_APPLICABLE:0.0|OFI_GROUP:NOT_APPLICABLE:0.0|OFI_SCORE:HIGH_FORCE_NEURAL:21.0|OFI_SCORE:HIGH_SPEED:84.0|OFI_SCORE:LOCAL_MUSCULAR:73.0|OFI_SCORE:REACTIVE:100.0|OFI_SCORE:SYSTEMIC_MUSCULAR:80.0|OFI_SNAPSHOT:SUMMARY:87.0","","","removedAxes=AEROBIC_FOOTWORK|LATERAL_MOVEMENT|UNILATERAL_STABILITY;removedObjectives=ACCELERATION|CONDITIONING|FOOTWORK","addedAxes=;addedObjectives=","PARITY_INTENTIONAL_CORRECTION"
"ex_b076570e","BALANCE|FATIGUE|HYPERTROPHY_VOLUME","GENERAL_STRENGTH","forceType=BRACE;plane=FRONTAL;laterality=UNILATERAL;fatigue=ANTI_ROTATION|ISOLATION_ACCESSORY_STRESS|LATERAL_DELTOID_LOCAL_LOAD|LOCAL_MUSCLE|NEURAL_HEAVY|OVERHEAD_REPETITION|ROTATOR_CUFF_TENDON_STRESS|SHOULDER_SCAPULAR_STABILITY_STRESS|SYSTEMIC;muscles=CORE|LATERAL_DELTOID|OBLIQUE|ROTATOR_CUFF|SHOULDER|TRAPEZIUS;roles=ANTI_ROTATION_STABILITY|GENERAL_STRENGTH_SUPPORTIVE|SHOULDER_CARE;skills=;qualities=ROTATOR_CUFF_CONTROL|SCAPULAR_CONTROL|SHOULDER_DURABILITY","LATERAL_MOVEMENT|LOW_FATIGUE_CONTROL|RACKET_SUPPORT|ROTATION_CONTROL|UNILATERAL_STABILITY","","MEDIUM","BADMINTON_FATIGUE_COST:MEDIUM:0.0|OFI_AXIS:HIGH_FORCE_NEURAL:17.1875|OFI_AXIS:HIGH_SPEED:17.1875|OFI_AXIS:LOCAL_MUSCULAR:58.4375|OFI_AXIS:REACTIVE:15.625|OFI_AXIS:SYSTEMIC_MUSCULAR:10.9375|OFI_DOSE:VOLUME_LOAD:0.0|OFI_GROUP:LATERAL_DELTOID_ISOLATION:0.0|OFI_GROUP:LATERAL_DELTOID_ISOLATION:0.0|OFI_GROUP:LATERAL_DELTOID_ISOLATION:0.0|OFI_SCORE:HIGH_FORCE_NEURAL:21.0|OFI_SCORE:HIGH_SPEED:21.0|OFI_SCORE:LOCAL_MUSCULAR:73.0|OFI_SCORE:REACTIVE:20.0|OFI_SCORE:SYSTEMIC_MUSCULAR:14.0|OFI_SNAPSHOT:SUMMARY:39.0","","PROGRESSION:LATERAL_DELTOID_ISOLATION","BALANCE|FATIGUE|HYPERTROPHY_VOLUME","GENERAL_STRENGTH","level=GENERAL;types=GENERAL_STRENGTH_SUPPORTIVE;skills=;qualities=ROTATOR_CUFF_CONTROL|SCAPULAR_CONTROL|SHOULDER_DURABILITY","","","MEDIUM","BADMINTON_FATIGUE_COST:MEDIUM:0.0|OFI_AXIS:HIGH_FORCE_NEURAL:17.1875|OFI_AXIS:HIGH_SPEED:17.1875|OFI_AXIS:LOCAL_MUSCULAR:58.4375|OFI_AXIS:REACTIVE:15.625|OFI_AXIS:SYSTEMIC_MUSCULAR:10.9375|OFI_DOSE:VOLUME_LOAD:0.0|OFI_GROUP:LATERAL_DELTOID_ISOLATION:0.0|OFI_GROUP:LATERAL_DELTOID_ISOLATION:0.0|OFI_GROUP:LATERAL_DELTOID_ISOLATION:0.0|OFI_SCORE:HIGH_FORCE_NEURAL:21.0|OFI_SCORE:HIGH_SPEED:21.0|OFI_SCORE:LOCAL_MUSCULAR:73.0|OFI_SCORE:REACTIVE:20.0|OFI_SCORE:SYSTEMIC_MUSCULAR:14.0|OFI_SNAPSHOT:SUMMARY:39.0","","PROGRESSION:LATERAL_DELTOID_ISOLATION","removedAxes=LATERAL_MOVEMENT|LOW_FATIGUE_CONTROL|RACKET_SUPPORT|ROTATION_CONTROL|UNILATERAL_STABILITY;removedObjectives=","addedAxes=;addedObjectives=","PARITY_INTENTIONAL_CORRECTION"
"ex_b3f447be","ACCESSORY_VOLUME|FATIGUE","GENERAL_STRENGTH","forceType=BRACE;plane=SAGITTAL;laterality=BILATERAL;fatigue=ANTERIOR_CORE_LOAD|ANTI_ROTATION|DYNAMIC_CORE_FLEXION_STRESS|GRIP_FOREARM|HIP_FLEXION_LOAD|LOCAL_MUSCLE|LUMBOPELVIC_CONTROL_STRESS|NEURAL_HEAVY|SYSTEMIC;muscles=CORE|DEEP_CORE|FOREARM|LAT;roles=ANTI_ROTATION_STABILITY|GENERAL_STRENGTH_SUPPORTIVE|GRIP_FOREARM;skills=;qualities=CORE_BRACING","LOW_FATIGUE_CONTROL|RACKET_SUPPORT|ROTATION_CONTROL","","MEDIUM","BADMINTON_FATIGUE_COST:MEDIUM:0.0|OFI_AXIS:HIGH_FORCE_NEURAL:17.1875|OFI_AXIS:HIGH_SPEED:17.1875|OFI_AXIS:LOCAL_MUSCULAR:58.4375|OFI_AXIS:REACTIVE:15.625|OFI_AXIS:SYSTEMIC_MUSCULAR:13.28125|OFI_DOSE:REPS_OR_TIME:0.0|OFI_GROUP:ANTERIOR_CORE_FLEXION:0.0|OFI_GROUP:ANTERIOR_CORE_FLEXION:0.0|OFI_GROUP:ANTERIOR_CORE_FLEXION:0.0|OFI_SCORE:HIGH_FORCE_NEURAL:21.0|OFI_SCORE:HIGH_SPEED:21.0|OFI_SCORE:LOCAL_MUSCULAR:73.0|OFI_SCORE:REACTIVE:20.0|OFI_SCORE:SYSTEMIC_MUSCULAR:17.0|OFI_SNAPSHOT:SUMMARY:39.0","","PROGRESSION:ANTERIOR_CORE_FLEXION","ACCESSORY_VOLUME|FATIGUE","GENERAL_STRENGTH","level=GENERAL;types=GENERAL_STRENGTH_SUPPORTIVE;skills=;qualities=CORE_BRACING","","","MEDIUM","BADMINTON_FATIGUE_COST:MEDIUM:0.0|OFI_AXIS:HIGH_FORCE_NEURAL:17.1875|OFI_AXIS:HIGH_SPEED:17.1875|OFI_AXIS:LOCAL_MUSCULAR:58.4375|OFI_AXIS:REACTIVE:15.625|OFI_AXIS:SYSTEMIC_MUSCULAR:13.28125|OFI_DOSE:REPS_OR_TIME:0.0|OFI_GROUP:ANTERIOR_CORE_FLEXION:0.0|OFI_GROUP:ANTERIOR_CORE_FLEXION:0.0|OFI_GROUP:ANTERIOR_CORE_FLEXION:0.0|OFI_SCORE:HIGH_FORCE_NEURAL:21.0|OFI_SCORE:HIGH_SPEED:21.0|OFI_SCORE:LOCAL_MUSCULAR:73.0|OFI_SCORE:REACTIVE:20.0|OFI_SCORE:SYSTEMIC_MUSCULAR:17.0|OFI_SNAPSHOT:SUMMARY:39.0","","PROGRESSION:ANTERIOR_CORE_FLEXION","removedAxes=LOW_FATIGUE_CONTROL|RACKET_SUPPORT|ROTATION_CONTROL;removedObjectives=","addedAxes=;addedObjectives=","PARITY_INTENTIONAL_CORRECTION"
"ex_b4b198de","BADMINTON_SUPPORTIVE|BALANCE|FATIGUE|HYPERTROPHY_VOLUME","SUPPORTIVE","forceType=SQUAT;plane=FRONTAL;laterality=UNILATERAL;fatigue=DECELERATION|DECELERATION_LOAD|DIRECTION_CHANGE_IMPACT_STRESS|GLUTE_LOAD|HIP_ROTATIONAL_CONTROL_STRESS|KNEE_VALGUS_CONTROL_STRESS|LOCAL_MUSCLE|LUMBOPELVIC_CONTROL_STRESS|LUNGE_DECELERATION_STRESS|LUNGE_REACH_LOAD|NEURAL_HEAVY|PATELLAR_TENDON_STRESS|QUAD_LOAD|SINGLE_LEG_STABILITY_LOAD|SYSTEMIC;muscles=CORE|DEEP_CORE|GLUTE|HAMSTRING|HIP_ADDUCTOR|QUADRICEPS;roles=LOWER_BODY_SUPPORTIVE;skills=CHANGE_OF_DIRECTION|FIRST_STEP;qualities=FRONTAL_PLANE_CONTROL|HIP_CONTROL|HIP_KNEE_EXTENSION_STRENGTH|LOWER_BODY_FORCE|SINGLE_LEG_STABILITY","DECELERATION_LANDING|LATERAL_MOVEMENT|UNILATERAL_STABILITY","ACCELERATION","HIGH","BADMINTON_FATIGUE_COST:HIGH:0.0|OFI_AXIS:HIGH_FORCE_NEURAL:37.8125|OFI_AXIS:HIGH_SPEED:70.125|OFI_AXIS:LOCAL_MUSCULAR:58.4375|OFI_AXIS:REACTIVE:63.75|OFI_AXIS:SYSTEMIC_MUSCULAR:53.125|OFI_DOSE:VOLUME_LOAD:0.0|OFI_GROUP:LUNGE_UNILATERAL_LOWER:0.0|OFI_GROUP:LUNGE_UNILATERAL_LOWER:0.0|OFI_GROUP:LUNGE_UNILATERAL_LOWER:0.0|OFI_SCORE:HIGH_FORCE_NEURAL:47.0|OFI_SCORE:HIGH_SPEED:88.0|OFI_SCORE:LOCAL_MUSCULAR:73.0|OFI_SCORE:REACTIVE:80.0|OFI_SCORE:SYSTEMIC_MUSCULAR:66.0|OFI_SNAPSHOT:SUMMARY:79.0","","PROGRESSION:LUNGE_UNILATERAL_LOWER","BADMINTON_SUPPORTIVE|BALANCE|FATIGUE|HYPERTROPHY_VOLUME","SUPPORTIVE","level=SUPPORTIVE;types=LOWER_BODY_SUPPORTIVE;skills=CHANGE_OF_DIRECTION|FIRST_STEP;qualities=FRONTAL_PLANE_CONTROL|HIP_CONTROL|HIP_KNEE_EXTENSION_STRENGTH|LOWER_BODY_FORCE|SINGLE_LEG_STABILITY","","ACCELERATION","HIGH","BADMINTON_FATIGUE_COST:HIGH:0.0|OFI_AXIS:HIGH_FORCE_NEURAL:37.8125|OFI_AXIS:HIGH_SPEED:70.125|OFI_AXIS:LOCAL_MUSCULAR:58.4375|OFI_AXIS:REACTIVE:63.75|OFI_AXIS:SYSTEMIC_MUSCULAR:53.125|OFI_DOSE:VOLUME_LOAD:0.0|OFI_GROUP:LUNGE_UNILATERAL_LOWER:0.0|OFI_GROUP:LUNGE_UNILATERAL_LOWER:0.0|OFI_GROUP:LUNGE_UNILATERAL_LOWER:0.0|OFI_SCORE:HIGH_FORCE_NEURAL:47.0|OFI_SCORE:HIGH_SPEED:88.0|OFI_SCORE:LOCAL_MUSCULAR:73.0|OFI_SCORE:REACTIVE:80.0|OFI_SCORE:SYSTEMIC_MUSCULAR:66.0|OFI_SNAPSHOT:SUMMARY:79.0","","PROGRESSION:LUNGE_UNILATERAL_LOWER","removedAxes=DECELERATION_LANDING|LATERAL_MOVEMENT|UNILATERAL_STABILITY;removedObjectives=","addedAxes=;addedObjectives=","PARITY_INTENTIONAL_CORRECTION"
"ex_b59bed7d","FATIGUE|HYPERTROPHY_VOLUME","GENERAL_STRENGTH","forceType=BRACE;plane=SAGITTAL;laterality=UNILATERAL;fatigue=HAMSTRING_LOCAL_LOAD|HAMSTRING_TENDON_STRESS|ISOLATION_ACCESSORY_STRESS|KNEE_FLEXION_LOAD|LOCAL_MUSCLE|NEURAL_HEAVY|SYSTEMIC;muscles=CALF|CORE|HAMSTRING;roles=GENERAL_STRENGTH_SUPPORTIVE;skills=;qualities=HIP_KNEE_EXTENSION_STRENGTH|LOWER_BODY_FORCE","LOW_FATIGUE_CONTROL|ROTATION_CONTROL|UNILATERAL_STABILITY","","LOW","BADMINTON_FATIGUE_COST:LOW:0.0|OFI_AXIS:HIGH_FORCE_NEURAL:17.1875|OFI_AXIS:HIGH_SPEED:17.1875|OFI_AXIS:LOCAL_MUSCULAR:58.4375|OFI_AXIS:REACTIVE:15.625|OFI_AXIS:SYSTEMIC_MUSCULAR:13.28125|OFI_DOSE:LOAD_REPS:0.0|OFI_GROUP:HAMSTRING_KNEE_FLEXION_ISOLATION:0.0|OFI_GROUP:HAMSTRING_KNEE_FLEXION_ISOLATION:0.0|OFI_GROUP:HAMSTRING_KNEE_FLEXION_ISOLATION:0.0|OFI_SCORE:HIGH_FORCE_NEURAL:21.0|OFI_SCORE:HIGH_SPEED:21.0|OFI_SCORE:LOCAL_MUSCULAR:73.0|OFI_SCORE:REACTIVE:20.0|OFI_SCORE:SYSTEMIC_MUSCULAR:17.0|OFI_SNAPSHOT:SUMMARY:39.0","","PROGRESSION:HAMSTRING_KNEE_FLEXION_ISOLATION","FATIGUE|HYPERTROPHY_VOLUME","GENERAL_STRENGTH","level=GENERAL;types=GENERAL_STRENGTH_SUPPORTIVE;skills=;qualities=HIP_KNEE_EXTENSION_STRENGTH|LOWER_BODY_FORCE","","","LOW","BADMINTON_FATIGUE_COST:LOW:0.0|OFI_AXIS:HIGH_FORCE_NEURAL:17.1875|OFI_AXIS:HIGH_SPEED:17.1875|OFI_AXIS:LOCAL_MUSCULAR:58.4375|OFI_AXIS:REACTIVE:15.625|OFI_AXIS:SYSTEMIC_MUSCULAR:13.28125|OFI_DOSE:LOAD_REPS:0.0|OFI_GROUP:HAMSTRING_KNEE_FLEXION_ISOLATION:0.0|OFI_GROUP:HAMSTRING_KNEE_FLEXION_ISOLATION:0.0|OFI_GROUP:HAMSTRING_KNEE_FLEXION_ISOLATION:0.0|OFI_SCORE:HIGH_FORCE_NEURAL:21.0|OFI_SCORE:HIGH_SPEED:21.0|OFI_SCORE:LOCAL_MUSCULAR:73.0|OFI_SCORE:REACTIVE:20.0|OFI_SCORE:SYSTEMIC_MUSCULAR:17.0|OFI_SNAPSHOT:SUMMARY:39.0","","PROGRESSION:HAMSTRING_KNEE_FLEXION_ISOLATION","removedAxes=LOW_FATIGUE_CONTROL|ROTATION_CONTROL|UNILATERAL_STABILITY;removedObjectives=","addedAxes=;addedObjectives=","PARITY_INTENTIONAL_CORRECTION"
"ex_b69ab702","BALANCE|FATIGUE|HYPERTROPHY_VOLUME","GENERAL_STRENGTH","forceType=BRACE;plane=SAGITTAL;laterality=BILATERAL;fatigue=BRACHIALIS_BRACHIORADIALIS_LOAD|ELBOW_FLEXION_LOAD|FOREARM_EXTENSOR_TENDON_STRESS|FOREARM_FLEXOR_TENDON_STRESS|GRIP_FOREARM|GRIP_FOREARM_LOAD|ISOLATION_ACCESSORY_STRESS|LOCAL_MUSCLE|NEURAL_HEAVY|SYSTEMIC;muscles=BICEPS|CHEST|CORE|FOREARM;roles=GENERAL_STRENGTH_SUPPORTIVE|GRIP_FOREARM;skills=;qualities=GRIP_ENDURANCE","LOW_FATIGUE_CONTROL|RACKET_SUPPORT|ROTATION_CONTROL","","LOW","BADMINTON_FATIGUE_COST:LOW:0.0|OFI_AXIS:HIGH_FORCE_NEURAL:17.1875|OFI_AXIS:HIGH_SPEED:17.1875|OFI_AXIS:LOCAL_MUSCULAR:58.4375|OFI_AXIS:REACTIVE:15.625|OFI_AXIS:SYSTEMIC_MUSCULAR:13.28125|OFI_DOSE:VOLUME_LOAD:0.0|OFI_GROUP:ELBOW_FLEXION_NEUTRAL_PRONATED_CURL:0.0|OFI_GROUP:ELBOW_FLEXION_NEUTRAL_PRONATED_CURL:0.0|OFI_GROUP:ELBOW_FLEXION_NEUTRAL_PRONATED_CURL:0.0|OFI_SCORE:HIGH_FORCE_NEURAL:21.0|OFI_SCORE:HIGH_SPEED:21.0|OFI_SCORE:LOCAL_MUSCULAR:73.0|OFI_SCORE:REACTIVE:20.0|OFI_SCORE:SYSTEMIC_MUSCULAR:17.0|OFI_SNAPSHOT:SUMMARY:39.0","","PROGRESSION:ELBOW_FLEXION_NEUTRAL_PRONATED_CURL","BALANCE|FATIGUE|HYPERTROPHY_VOLUME","GENERAL_STRENGTH","level=GENERAL;types=GENERAL_STRENGTH_SUPPORTIVE;skills=;qualities=GRIP_ENDURANCE","","","LOW","BADMINTON_FATIGUE_COST:LOW:0.0|OFI_AXIS:HIGH_FORCE_NEURAL:17.1875|OFI_AXIS:HIGH_SPEED:17.1875|OFI_AXIS:LOCAL_MUSCULAR:58.4375|OFI_AXIS:REACTIVE:15.625|OFI_AXIS:SYSTEMIC_MUSCULAR:13.28125|OFI_DOSE:VOLUME_LOAD:0.0|OFI_GROUP:ELBOW_FLEXION_NEUTRAL_PRONATED_CURL:0.0|OFI_GROUP:ELBOW_FLEXION_NEUTRAL_PRONATED_CURL:0.0|OFI_GROUP:ELBOW_FLEXION_NEUTRAL_PRONATED_CURL:0.0|OFI_SCORE:HIGH_FORCE_NEURAL:21.0|OFI_SCORE:HIGH_SPEED:21.0|OFI_SCORE:LOCAL_MUSCULAR:73.0|OFI_SCORE:REACTIVE:20.0|OFI_SCORE:SYSTEMIC_MUSCULAR:17.0|OFI_SNAPSHOT:SUMMARY:39.0","","PROGRESSION:ELBOW_FLEXION_NEUTRAL_PRONATED_CURL","removedAxes=LOW_FATIGUE_CONTROL|RACKET_SUPPORT|ROTATION_CONTROL;removedObjectives=","addedAxes=;addedObjectives=","PARITY_INTENTIONAL_CORRECTION"
"ex_b76d3f92","BALANCE|FATIGUE|HYPERTROPHY_VOLUME","GENERAL_STRENGTH","forceType=BRACE;plane=FRONTAL;laterality=BILATERAL;fatigue=ANTI_ROTATION|ISOLATION_ACCESSORY_STRESS|LATERAL_DELTOID_LOCAL_LOAD|LOCAL_MUSCLE|NEURAL_HEAVY|OVERHEAD_REPETITION|ROTATOR_CUFF_TENDON_STRESS|SHOULDER_SCAPULAR_STABILITY_STRESS|SYSTEMIC;muscles=CORE|LATERAL_DELTOID|OBLIQUE|ROTATOR_CUFF|TRAPEZIUS;roles=ANTI_ROTATION_STABILITY|GENERAL_STRENGTH_SUPPORTIVE|SHOULDER_CARE;skills=;qualities=ROTATOR_CUFF_CONTROL|SCAPULAR_CONTROL|SHOULDER_DURABILITY","LATERAL_MOVEMENT|LOW_FATIGUE_CONTROL|RACKET_SUPPORT|ROTATION_CONTROL","","MEDIUM","BADMINTON_FATIGUE_COST:MEDIUM:0.0|OFI_AXIS:HIGH_FORCE_NEURAL:17.1875|OFI_AXIS:HIGH_SPEED:17.1875|OFI_AXIS:LOCAL_MUSCULAR:58.4375|OFI_AXIS:REACTIVE:15.625|OFI_AXIS:SYSTEMIC_MUSCULAR:10.9375|OFI_DOSE:VOLUME_LOAD:0.0|OFI_GROUP:LATERAL_DELTOID_ISOLATION:0.0|OFI_GROUP:LATERAL_DELTOID_ISOLATION:0.0|OFI_GROUP:LATERAL_DELTOID_ISOLATION:0.0|OFI_SCORE:HIGH_FORCE_NEURAL:21.0|OFI_SCORE:HIGH_SPEED:21.0|OFI_SCORE:LOCAL_MUSCULAR:73.0|OFI_SCORE:REACTIVE:20.0|OFI_SCORE:SYSTEMIC_MUSCULAR:14.0|OFI_SNAPSHOT:SUMMARY:39.0","","PROGRESSION:LATERAL_DELTOID_ISOLATION","BALANCE|FATIGUE|HYPERTROPHY_VOLUME","GENERAL_STRENGTH","level=GENERAL;types=GENERAL_STRENGTH_SUPPORTIVE;skills=;qualities=ROTATOR_CUFF_CONTROL|SCAPULAR_CONTROL|SHOULDER_DURABILITY","","","MEDIUM","BADMINTON_FATIGUE_COST:MEDIUM:0.0|OFI_AXIS:HIGH_FORCE_NEURAL:17.1875|OFI_AXIS:HIGH_SPEED:17.1875|OFI_AXIS:LOCAL_MUSCULAR:58.4375|OFI_AXIS:REACTIVE:15.625|OFI_AXIS:SYSTEMIC_MUSCULAR:10.9375|OFI_DOSE:VOLUME_LOAD:0.0|OFI_GROUP:LATERAL_DELTOID_ISOLATION:0.0|OFI_GROUP:LATERAL_DELTOID_ISOLATION:0.0|OFI_GROUP:LATERAL_DELTOID_ISOLATION:0.0|OFI_SCORE:HIGH_FORCE_NEURAL:21.0|OFI_SCORE:HIGH_SPEED:21.0|OFI_SCORE:LOCAL_MUSCULAR:73.0|OFI_SCORE:REACTIVE:20.0|OFI_SCORE:SYSTEMIC_MUSCULAR:14.0|OFI_SNAPSHOT:SUMMARY:39.0","","PROGRESSION:LATERAL_DELTOID_ISOLATION","removedAxes=LATERAL_MOVEMENT|LOW_FATIGUE_CONTROL|RACKET_SUPPORT|ROTATION_CONTROL;removedObjectives=","addedAxes=;addedObjectives=","PARITY_INTENTIONAL_CORRECTION"
"ex_b78a8f95","FATIGUE|HYPERTROPHY_VOLUME","GENERAL_STRENGTH","forceType=BRACE;plane=SAGITTAL;laterality=BILATERAL;fatigue=ISOLATION_ACCESSORY_STRESS|KNEE_EXTENSION_LOAD|KNEE_STABILITY_STRESS|LOCAL_MUSCLE|NEURAL_HEAVY|PATELLAR_TENDON_STRESS|QUADRICEPS_LOCAL_LOAD|QUADRICEPS_TENDON_STRESS|SYSTEMIC;muscles=CORE|QUADRICEPS;roles=GENERAL_STRENGTH_SUPPORTIVE;skills=;qualities=HIP_KNEE_EXTENSION_STRENGTH|LOWER_BODY_FORCE","LOW_FATIGUE_CONTROL|ROTATION_CONTROL|UNILATERAL_STABILITY","","VERY_HIGH","BADMINTON_FATIGUE_COST:VERY_HIGH:0.0|OFI_AXIS:HIGH_FORCE_NEURAL:17.1875|OFI_AXIS:HIGH_SPEED:17.1875|OFI_AXIS:LOCAL_MUSCULAR:58.4375|OFI_AXIS:REACTIVE:15.625|OFI_AXIS:SYSTEMIC_MUSCULAR:10.9375|OFI_DOSE:LOAD_REPS:0.0|OFI_GROUP:KNEE_EXTENSION_QUAD_ISOLATION:0.0|OFI_GROUP:KNEE_EXTENSION_QUAD_ISOLATION:0.0|OFI_GROUP:KNEE_EXTENSION_QUAD_ISOLATION:0.0|OFI_SCORE:HIGH_FORCE_NEURAL:21.0|OFI_SCORE:HIGH_SPEED:21.0|OFI_SCORE:LOCAL_MUSCULAR:73.0|OFI_SCORE:REACTIVE:20.0|OFI_SCORE:SYSTEMIC_MUSCULAR:14.0|OFI_SNAPSHOT:SUMMARY:39.0","","PROGRESSION:KNEE_EXTENSION_QUAD_ISOLATION","FATIGUE|HYPERTROPHY_VOLUME","GENERAL_STRENGTH","level=GENERAL;types=GENERAL_STRENGTH_SUPPORTIVE;skills=;qualities=HIP_KNEE_EXTENSION_STRENGTH|LOWER_BODY_FORCE","","","VERY_HIGH","BADMINTON_FATIGUE_COST:VERY_HIGH:0.0|OFI_AXIS:HIGH_FORCE_NEURAL:17.1875|OFI_AXIS:HIGH_SPEED:17.1875|OFI_AXIS:LOCAL_MUSCULAR:58.4375|OFI_AXIS:REACTIVE:15.625|OFI_AXIS:SYSTEMIC_MUSCULAR:10.9375|OFI_DOSE:LOAD_REPS:0.0|OFI_GROUP:KNEE_EXTENSION_QUAD_ISOLATION:0.0|OFI_GROUP:KNEE_EXTENSION_QUAD_ISOLATION:0.0|OFI_GROUP:KNEE_EXTENSION_QUAD_ISOLATION:0.0|OFI_SCORE:HIGH_FORCE_NEURAL:21.0|OFI_SCORE:HIGH_SPEED:21.0|OFI_SCORE:LOCAL_MUSCULAR:73.0|OFI_SCORE:REACTIVE:20.0|OFI_SCORE:SYSTEMIC_MUSCULAR:14.0|OFI_SNAPSHOT:SUMMARY:39.0","","PROGRESSION:KNEE_EXTENSION_QUAD_ISOLATION","removedAxes=LOW_FATIGUE_CONTROL|ROTATION_CONTROL|UNILATERAL_STABILITY;removedObjectives=","addedAxes=;addedObjectives=","PARITY_INTENTIONAL_CORRECTION"
"ex_badminton_lesson","BADMINTON_TRANSFER|FATIGUE|SPORT_SESSION_LOAD","DIRECT","forceType=ACCELERATE;plane=MULTI_PLANAR;laterality=UNILATERAL;fatigue=BADMINTON_DIRECT_TRANSFER|BADMINTON_LESSON|COACHING_FEEDBACK_PROCESSING_LOAD|COURT_DECELERATION_IMPACT|COURT_MOVEMENT_LOAD|COURT_SKILL_COGNITIVE_STRESS|DECELERATION|KNEE_ANKLE_STABILITY_STRESS|LOCAL_MUSCLE|MOTOR_LEARNING_LOAD|NEURAL_HEAVY|NEURAL_SPEED|OVERHEAD_REPETITION|PATELLAR_TENDON_STRESS|RACKET_SKILL_LOAD|ROTATOR_CUFF_TENDON_STRESS|SHOULDER_SCAPULAR_STABILITY_STRESS|SYSTEMIC|TECHNICAL_CONCENTRATION_LOAD;muscles=CALF|CORE|GLUTE|QUADRICEPS|SHOULDER;roles=CONDITIONING|FOOTWORK|FOOTWORK_DIRECT|OVERHEAD_HITTING_DIRECT|REACTION_DECISION_DIRECT;skills=CHANGE_OF_DIRECTION|OVERHEAD_CLEAR|SMASH|SPLIT_STEP;qualities=FIRST_STEP|MULTI_DIRECTION|REACTIVE_AGILITY|RECOVERY_STEP|SCAPULAR_CONTROL|SHOULDER_DURABILITY","AEROBIC_FOOTWORK|DECELERATION_LANDING|LATERAL_MOVEMENT|RACKET_SUPPORT|UNILATERAL_STABILITY","ACCELERATION|CONDITIONING|FOOTWORK","MEDIUM","BADMINTON_FATIGUE_COST:MEDIUM:0.0|OFI_AXIS:HIGH_FORCE_NEURAL:17.1875|OFI_AXIS:HIGH_SPEED:67.203125|OFI_AXIS:LOCAL_MUSCULAR:37.8125|OFI_AXIS:REACTIVE:76.5|OFI_AXIS:SYSTEMIC_MUSCULAR:41.25|OFI_DOSE:SESSION_DURATION:0.0|OFI_GROUP:NOT_APPLICABLE:0.0|OFI_GROUP:NOT_APPLICABLE:0.0|OFI_GROUP:NOT_APPLICABLE:0.0|OFI_SCORE:HIGH_FORCE_NEURAL:21.0|OFI_SCORE:HIGH_SPEED:84.0|OFI_SCORE:LOCAL_MUSCULAR:47.0|OFI_SCORE:REACTIVE:96.0|OFI_SCORE:SYSTEMIC_MUSCULAR:52.0|OFI_SNAPSHOT:SUMMARY:77.0","","","BADMINTON_TRANSFER|FATIGUE|SPORT_SESSION_LOAD","DIRECT","level=DIRECT;types=FOOTWORK_DIRECT|OVERHEAD_HITTING_DIRECT|REACTION_DECISION_DIRECT;skills=CHANGE_OF_DIRECTION|OVERHEAD_CLEAR|SMASH|SPLIT_STEP;qualities=REACTIVE_AGILITY|SCAPULAR_CONTROL|SHOULDER_DURABILITY","LATERAL_MOVEMENT|RACKET_SUPPORT","FOOTWORK","MEDIUM","BADMINTON_FATIGUE_COST:MEDIUM:0.0|OFI_AXIS:HIGH_FORCE_NEURAL:17.1875|OFI_AXIS:HIGH_SPEED:67.203125|OFI_AXIS:LOCAL_MUSCULAR:37.8125|OFI_AXIS:REACTIVE:76.5|OFI_AXIS:SYSTEMIC_MUSCULAR:41.25|OFI_DOSE:SESSION_DURATION:0.0|OFI_GROUP:NOT_APPLICABLE:0.0|OFI_GROUP:NOT_APPLICABLE:0.0|OFI_GROUP:NOT_APPLICABLE:0.0|OFI_SCORE:HIGH_FORCE_NEURAL:21.0|OFI_SCORE:HIGH_SPEED:84.0|OFI_SCORE:LOCAL_MUSCULAR:47.0|OFI_SCORE:REACTIVE:96.0|OFI_SCORE:SYSTEMIC_MUSCULAR:52.0|OFI_SNAPSHOT:SUMMARY:77.0","","","removedAxes=AEROBIC_FOOTWORK|DECELERATION_LANDING|UNILATERAL_STABILITY;removedObjectives=ACCELERATION|CONDITIONING","addedAxes=;addedObjectives=","PARITY_INTENTIONAL_CORRECTION"
"ex_bb4b4276","FATIGUE|HYPERTROPHY_VOLUME|STRENGTH_VOLUME","GENERAL_STRENGTH","forceType=PUSH;plane=SAGITTAL;laterality=BILATERAL;fatigue=DELTOID_LOAD|LOCAL_MUSCLE|NEURAL_HEAVY|OVERHEAD_PUSH_STRESS|OVERHEAD_REPETITION|OVERHEAD_REPETITION_LOAD|ROTATOR_CUFF_TENDON_STRESS|SHOULDER_SCAPULAR_STABILITY_STRESS|SYSTEMIC|TRICEPS_LOAD|TRICEPS_TENDON_STRESS;muscles=ANTERIOR_DELTOID|BACK|CORE|DEEP_CORE|LATERAL_DELTOID|SCAPULAR_STABILIZERS|SHOULDER|TRICEPS;roles=GENERAL_STRENGTH_SUPPORTIVE|SHOULDER_CARE;skills=;qualities=ROTATOR_CUFF_CONTROL|SCAPULAR_CONTROL|SHOULDER_DURABILITY","RACKET_SUPPORT","","MEDIUM","BADMINTON_FATIGUE_COST:MEDIUM:0.0|OFI_AXIS:HIGH_FORCE_NEURAL:37.8125|OFI_AXIS:HIGH_SPEED:17.1875|OFI_AXIS:LOCAL_MUSCULAR:58.4375|OFI_AXIS:REACTIVE:15.625|OFI_AXIS:SYSTEMIC_MUSCULAR:29.21875|OFI_DOSE:LOAD_REPS:0.0|OFI_GROUP:OVERHEAD_PRESS_SHOULDER_DOMINANT:0.0|OFI_GROUP:OVERHEAD_PRESS_SHOULDER_DOMINANT:0.0|OFI_GROUP:OVERHEAD_PRESS_SHOULDER_DOMINANT:0.0|OFI_SCORE:HIGH_FORCE_NEURAL:47.0|OFI_SCORE:HIGH_SPEED:21.0|OFI_SCORE:LOCAL_MUSCULAR:73.0|OFI_SCORE:REACTIVE:20.0|OFI_SCORE:SYSTEMIC_MUSCULAR:37.0|OFI_SNAPSHOT:SUMMARY:43.0","","PROGRESSION:OVERHEAD_PRESS_SHOULDER_DOMINANT","FATIGUE|HYPERTROPHY_VOLUME|STRENGTH_VOLUME","GENERAL_STRENGTH","level=GENERAL;types=GENERAL_STRENGTH_SUPPORTIVE;skills=;qualities=ROTATOR_CUFF_CONTROL|SCAPULAR_CONTROL|SHOULDER_DURABILITY","","","MEDIUM","BADMINTON_FATIGUE_COST:MEDIUM:0.0|OFI_AXIS:HIGH_FORCE_NEURAL:37.8125|OFI_AXIS:HIGH_SPEED:17.1875|OFI_AXIS:LOCAL_MUSCULAR:58.4375|OFI_AXIS:REACTIVE:15.625|OFI_AXIS:SYSTEMIC_MUSCULAR:29.21875|OFI_DOSE:LOAD_REPS:0.0|OFI_GROUP:OVERHEAD_PRESS_SHOULDER_DOMINANT:0.0|OFI_GROUP:OVERHEAD_PRESS_SHOULDER_DOMINANT:0.0|OFI_GROUP:OVERHEAD_PRESS_SHOULDER_DOMINANT:0.0|OFI_SCORE:HIGH_FORCE_NEURAL:47.0|OFI_SCORE:HIGH_SPEED:21.0|OFI_SCORE:LOCAL_MUSCULAR:73.0|OFI_SCORE:REACTIVE:20.0|OFI_SCORE:SYSTEMIC_MUSCULAR:37.0|OFI_SNAPSHOT:SUMMARY:43.0","","PROGRESSION:OVERHEAD_PRESS_SHOULDER_DOMINANT","removedAxes=RACKET_SUPPORT;removedObjectives=","addedAxes=;addedObjectives=","PARITY_INTENTIONAL_CORRECTION"
"ex_bc84eb7f","BADMINTON_TRANSFER|BALANCE|FATIGUE","DIRECT","forceType=ACCELERATE;plane=MULTI_PLANAR;laterality=UNILATERAL;fatigue=ACHILLES_TENDON_STRESS|BADMINTON_DIRECT_TRANSFER|BADMINTON_FOOTWORK|BADMINTON_LUNGE_REACH|COURT_DECELERATION_IMPACT|COURT_SPORT_MOVEMENT_STRESS|DECELERATION|DECELERATION_LOAD|DECISION_MAKING_LOAD|ELASTIC_SSC|ELASTIC_SSC_LOAD|HIP_ROTATIONAL_CONTROL_STRESS|KNEE_ANKLE_STABILITY_STRESS|LOCAL_MUSCLE|NEURAL_HEAVY|NEURAL_SPEED|NEURAL_SPEED_LOAD|PATELLAR_TENDON_STRESS|REACTION_LOAD|SYSTEMIC|VISUAL_TRACKING_LOAD;muscles=CORE|DEEP_CORE;roles=CONDITIONING|DECELERATION|FOOTWORK|FOOTWORK_DIRECT|LUNGE_REACH_DIRECT|REACTION|REACTION_DECISION_DIRECT;skills=DEFENSIVE_COVERAGE|FIRST_STEP|FRONT_COURT_LUNGE|LATERAL_LUNGE|SPLIT_STEP;qualities=DECELERATION|FIRST_STEP|HIP_CONTROL|MULTI_DIRECTION|REACTION_RANDOM|REACTIVE_AGILITY|RECOVERY_STEP|SINGLE_LEG_STABILITY","AEROBIC_FOOTWORK|DECELERATION_LANDING|LATERAL_MOVEMENT|UNILATERAL_STABILITY","ACCELERATION|CONDITIONING|DECELERATION|FOOTWORK|REACTION","HIGH","BADMINTON_FATIGUE_COST:HIGH:0.0|OFI_AXIS:HIGH_FORCE_NEURAL:17.1875|OFI_AXIS:HIGH_SPEED:85.9375|OFI_AXIS:LOCAL_MUSCULAR:58.4375|OFI_AXIS:REACTIVE:93.75|OFI_AXIS:SYSTEMIC_MUSCULAR:53.125|OFI_CAUTION:HIGH_SPEED_CAUTION:0.0|OFI_CAUTION:REACTIVE_CAUTION:0.0|OFI_DOSE:DISTANCE_OR_TIME:0.0|OFI_GROUP:BADMINTON_COURT_FOOTWORK:0.0|OFI_GROUP:NOT_APPLICABLE:0.0|OFI_GROUP:NOT_APPLICABLE:0.0|OFI_SCORE:HIGH_FORCE_NEURAL:21.0|OFI_SCORE:HIGH_SPEED:100.0|OFI_SCORE:LOCAL_MUSCULAR:73.0|OFI_SCORE:REACTIVE:100.0|OFI_SCORE:SYSTEMIC_MUSCULAR:66.0|OFI_SNAPSHOT:SUMMARY:83.0","","","BADMINTON_TRANSFER|BALANCE|FATIGUE","DIRECT","level=DIRECT;types=FOOTWORK_DIRECT|LUNGE_REACH_DIRECT|REACTION_DECISION_DIRECT;skills=DEFENSIVE_COVERAGE|FIRST_STEP|FRONT_COURT_LUNGE|LATERAL_LUNGE|SPLIT_STEP;qualities=DECELERATION|HIP_CONTROL|REACTIVE_AGILITY|SINGLE_LEG_STABILITY","DECELERATION_LANDING|LATERAL_MOVEMENT|UNILATERAL_STABILITY","ACCELERATION|DECELERATION|FOOTWORK","HIGH","BADMINTON_FATIGUE_COST:HIGH:0.0|OFI_AXIS:HIGH_FORCE_NEURAL:17.1875|OFI_AXIS:HIGH_SPEED:85.9375|OFI_AXIS:LOCAL_MUSCULAR:58.4375|OFI_AXIS:REACTIVE:93.75|OFI_AXIS:SYSTEMIC_MUSCULAR:53.125|OFI_CAUTION:HIGH_SPEED_CAUTION:0.0|OFI_CAUTION:REACTIVE_CAUTION:0.0|OFI_DOSE:DISTANCE_OR_TIME:0.0|OFI_GROUP:BADMINTON_COURT_FOOTWORK:0.0|OFI_GROUP:NOT_APPLICABLE:0.0|OFI_GROUP:NOT_APPLICABLE:0.0|OFI_SCORE:HIGH_FORCE_NEURAL:21.0|OFI_SCORE:HIGH_SPEED:100.0|OFI_SCORE:LOCAL_MUSCULAR:73.0|OFI_SCORE:REACTIVE:100.0|OFI_SCORE:SYSTEMIC_MUSCULAR:66.0|OFI_SNAPSHOT:SUMMARY:83.0","","","removedAxes=AEROBIC_FOOTWORK;removedObjectives=CONDITIONING|REACTION","addedAxes=;addedObjectives=","PARITY_INTENTIONAL_CORRECTION"
"ex_c1a81cb2","BALANCE|FATIGUE|HYPERTROPHY_VOLUME","GENERAL_STRENGTH","forceType=BRACE;plane=SAGITTAL;laterality=BILATERAL;fatigue=BRACHIALIS_BRACHIORADIALIS_LOAD|ELBOW_FLEXION_LOAD|FOREARM_EXTENSOR_TENDON_STRESS|FOREARM_FLEXOR_TENDON_STRESS|GRIP_FOREARM|GRIP_FOREARM_LOAD|ISOLATION_ACCESSORY_STRESS|LOCAL_MUSCLE|NEURAL_HEAVY|SYSTEMIC;muscles=BICEPS|CORE|FOREARM;roles=GENERAL_STRENGTH_SUPPORTIVE|GRIP_FOREARM;skills=;qualities=GRIP_ENDURANCE","LOW_FATIGUE_CONTROL|RACKET_SUPPORT|ROTATION_CONTROL","","LOW","BADMINTON_FATIGUE_COST:LOW:0.0|OFI_AXIS:HIGH_FORCE_NEURAL:17.1875|OFI_AXIS:HIGH_SPEED:17.1875|OFI_AXIS:LOCAL_MUSCULAR:58.4375|OFI_AXIS:REACTIVE:15.625|OFI_AXIS:SYSTEMIC_MUSCULAR:13.28125|OFI_DOSE:VOLUME_LOAD:0.0|OFI_GROUP:ELBOW_FLEXION_NEUTRAL_PRONATED_CURL:0.0|OFI_GROUP:ELBOW_FLEXION_NEUTRAL_PRONATED_CURL:0.0|OFI_GROUP:ELBOW_FLEXION_NEUTRAL_PRONATED_CURL:0.0|OFI_SCORE:HIGH_FORCE_NEURAL:21.0|OFI_SCORE:HIGH_SPEED:21.0|OFI_SCORE:LOCAL_MUSCULAR:73.0|OFI_SCORE:REACTIVE:20.0|OFI_SCORE:SYSTEMIC_MUSCULAR:17.0|OFI_SNAPSHOT:SUMMARY:39.0","","PROGRESSION:ELBOW_FLEXION_NEUTRAL_PRONATED_CURL","BALANCE|FATIGUE|HYPERTROPHY_VOLUME","GENERAL_STRENGTH","level=GENERAL;types=GENERAL_STRENGTH_SUPPORTIVE;skills=;qualities=GRIP_ENDURANCE","","","LOW","BADMINTON_FATIGUE_COST:LOW:0.0|OFI_AXIS:HIGH_FORCE_NEURAL:17.1875|OFI_AXIS:HIGH_SPEED:17.1875|OFI_AXIS:LOCAL_MUSCULAR:58.4375|OFI_AXIS:REACTIVE:15.625|OFI_AXIS:SYSTEMIC_MUSCULAR:13.28125|OFI_DOSE:VOLUME_LOAD:0.0|OFI_GROUP:ELBOW_FLEXION_NEUTRAL_PRONATED_CURL:0.0|OFI_GROUP:ELBOW_FLEXION_NEUTRAL_PRONATED_CURL:0.0|OFI_GROUP:ELBOW_FLEXION_NEUTRAL_PRONATED_CURL:0.0|OFI_SCORE:HIGH_FORCE_NEURAL:21.0|OFI_SCORE:HIGH_SPEED:21.0|OFI_SCORE:LOCAL_MUSCULAR:73.0|OFI_SCORE:REACTIVE:20.0|OFI_SCORE:SYSTEMIC_MUSCULAR:17.0|OFI_SNAPSHOT:SUMMARY:39.0","","PROGRESSION:ELBOW_FLEXION_NEUTRAL_PRONATED_CURL","removedAxes=LOW_FATIGUE_CONTROL|RACKET_SUPPORT|ROTATION_CONTROL;removedObjectives=","addedAxes=;addedObjectives=","PARITY_INTENTIONAL_CORRECTION"
"ex_c1bf2aa8","BADMINTON_TRANSFER|BALANCE|FATIGUE","DIRECT","forceType=ACCELERATE;plane=MULTI_PLANAR;laterality=UNILATERAL;fatigue=ACHILLES_TENDON_STRESS|BADMINTON_DIRECT_TRANSFER|BADMINTON_MULTI_SHUTTLE|BADMINTON_RALLY|COURT_DECELERATION_IMPACT|COURT_SPORT_MOVEMENT_STRESS|DECELERATION|DECELERATION_LOAD|DECISION_MAKING_LOAD|ELASTIC_SSC|ELASTIC_SSC_LOAD|HIP_ROTATIONAL_CONTROL_STRESS|KNEE_ANKLE_STABILITY_STRESS|LOCAL_MUSCLE|NEURAL_HEAVY|NEURAL_SPEED|NEURAL_SPEED_LOAD|PATELLAR_TENDON_STRESS|REACTION_LOAD|SYSTEMIC|VISUAL_TRACKING_LOAD;muscles=CORE|DEEP_CORE;roles=CHANGE_OF_DIRECTION_DIRECT|DECELERATION|FOOTWORK|FOOTWORK_DIRECT|RALLY_CONDITIONING_DIRECT|REACTION;skills=CHANGE_OF_DIRECTION|DEFENSIVE_COVERAGE|MULTI_SHUTTLE_ENDURANCE|RALLY_TOLERANCE|SPLIT_STEP;qualities=ANAEROBIC_REPEATABILITY|ANKLE_STIFFNESS|DECELERATION|FIRST_STEP|MULTI_DIRECTION|REACTION_RANDOM|REACTIVE_AGILITY|RECOVERY_STEP|SINGLE_LEG_STABILITY","DECELERATION_LANDING|LATERAL_MOVEMENT|UNILATERAL_STABILITY","ACCELERATION|DECELERATION|FOOTWORK|REACTION","HIGH","BADMINTON_FATIGUE_COST:HIGH:0.0|OFI_AXIS:HIGH_FORCE_NEURAL:17.1875|OFI_AXIS:HIGH_SPEED:85.9375|OFI_AXIS:LOCAL_MUSCULAR:58.4375|OFI_AXIS:REACTIVE:93.75|OFI_AXIS:SYSTEMIC_MUSCULAR:53.125|OFI_CAUTION:HIGH_SPEED_CAUTION:0.0|OFI_CAUTION:REACTIVE_CAUTION:0.0|OFI_CAUTION:RECOVERY_DEBT_HIGH:0.0|OFI_DOSE:DISTANCE_OR_TIME:0.0|OFI_GROUP:BADMINTON_COURT_FOOTWORK:0.0|OFI_GROUP:NOT_APPLICABLE:0.0|OFI_GROUP:NOT_APPLICABLE:0.0|OFI_SCORE:HIGH_FORCE_NEURAL:21.0|OFI_SCORE:HIGH_SPEED:100.0|OFI_SCORE:LOCAL_MUSCULAR:73.0|OFI_SCORE:REACTIVE:100.0|OFI_SCORE:SYSTEMIC_MUSCULAR:66.0|OFI_SNAPSHOT:SUMMARY:83.0","","","BADMINTON_TRANSFER|BALANCE|FATIGUE","DIRECT","level=DIRECT;types=CHANGE_OF_DIRECTION_DIRECT|FOOTWORK_DIRECT|RALLY_CONDITIONING_DIRECT;skills=CHANGE_OF_DIRECTION|DEFENSIVE_COVERAGE|MULTI_SHUTTLE_ENDURANCE|RALLY_TOLERANCE|SPLIT_STEP;qualities=ANAEROBIC_REPEATABILITY|ANKLE_STIFFNESS|DECELERATION|REACTIVE_AGILITY|SINGLE_LEG_STABILITY","DECELERATION_LANDING|LATERAL_MOVEMENT","DECELERATION|FOOTWORK","HIGH","BADMINTON_FATIGUE_COST:HIGH:0.0|OFI_AXIS:HIGH_FORCE_NEURAL:17.1875|OFI_AXIS:HIGH_SPEED:85.9375|OFI_AXIS:LOCAL_MUSCULAR:58.4375|OFI_AXIS:REACTIVE:93.75|OFI_AXIS:SYSTEMIC_MUSCULAR:53.125|OFI_CAUTION:HIGH_SPEED_CAUTION:0.0|OFI_CAUTION:REACTIVE_CAUTION:0.0|OFI_CAUTION:RECOVERY_DEBT_HIGH:0.0|OFI_DOSE:DISTANCE_OR_TIME:0.0|OFI_GROUP:BADMINTON_COURT_FOOTWORK:0.0|OFI_GROUP:NOT_APPLICABLE:0.0|OFI_GROUP:NOT_APPLICABLE:0.0|OFI_SCORE:HIGH_FORCE_NEURAL:21.0|OFI_SCORE:HIGH_SPEED:100.0|OFI_SCORE:LOCAL_MUSCULAR:73.0|OFI_SCORE:REACTIVE:100.0|OFI_SCORE:SYSTEMIC_MUSCULAR:66.0|OFI_SNAPSHOT:SUMMARY:83.0","","","removedAxes=UNILATERAL_STABILITY;removedObjectives=ACCELERATION|REACTION","addedAxes=;addedObjectives=","PARITY_INTENTIONAL_CORRECTION"
"ex_c365e5e2","FATIGUE|HYPERTROPHY_VOLUME","NONE","forceType=BRACE;plane=SAGITTAL;laterality=UNILATERAL;fatigue=ANTI_ROTATION|ISOLATION_ACCESSORY_STRESS|LAT_LOCAL_LOAD|LOCAL_MUSCLE|NEURAL_HEAVY|SHOULDER_SCAPULAR_STABILITY_STRESS|SHOULDER_TENDON_STRESS|STRAIGHT_ARM_SHOULDER_EXTENSION_LOAD|SYSTEMIC;muscles=CORE|DEEP_CORE|LAT|OBLIQUE|SCAPULAR_STABILIZERS;roles=ANTI_ROTATION_STABILITY;skills=;qualities=","LOW_FATIGUE_CONTROL|ROTATION_CONTROL|UNILATERAL_STABILITY","","MEDIUM","BADMINTON_FATIGUE_COST:MEDIUM:0.0|OFI_AXIS:HIGH_FORCE_NEURAL:17.1875|OFI_AXIS:HIGH_SPEED:17.1875|OFI_AXIS:LOCAL_MUSCULAR:58.4375|OFI_AXIS:REACTIVE:15.625|OFI_AXIS:SYSTEMIC_MUSCULAR:13.28125|OFI_DOSE:LOAD_REPS:0.0|OFI_GROUP:STRAIGHT_ARM_LAT_ACCESSORY:0.0|OFI_GROUP:STRAIGHT_ARM_LAT_ACCESSORY:0.0|OFI_GROUP:STRAIGHT_ARM_LAT_ACCESSORY:0.0|OFI_SCORE:HIGH_FORCE_NEURAL:21.0|OFI_SCORE:HIGH_SPEED:21.0|OFI_SCORE:LOCAL_MUSCULAR:73.0|OFI_SCORE:REACTIVE:20.0|OFI_SCORE:SYSTEMIC_MUSCULAR:17.0|OFI_SNAPSHOT:SUMMARY:39.0","","PROGRESSION:STRAIGHT_ARM_LAT_ACCESSORY","FATIGUE|HYPERTROPHY_VOLUME","NONE","level=NONE;types=;skills=;qualities=","","","MEDIUM","BADMINTON_FATIGUE_COST:MEDIUM:0.0|OFI_AXIS:HIGH_FORCE_NEURAL:17.1875|OFI_AXIS:HIGH_SPEED:17.1875|OFI_AXIS:LOCAL_MUSCULAR:58.4375|OFI_AXIS:REACTIVE:15.625|OFI_AXIS:SYSTEMIC_MUSCULAR:13.28125|OFI_DOSE:LOAD_REPS:0.0|OFI_GROUP:STRAIGHT_ARM_LAT_ACCESSORY:0.0|OFI_GROUP:STRAIGHT_ARM_LAT_ACCESSORY:0.0|OFI_GROUP:STRAIGHT_ARM_LAT_ACCESSORY:0.0|OFI_SCORE:HIGH_FORCE_NEURAL:21.0|OFI_SCORE:HIGH_SPEED:21.0|OFI_SCORE:LOCAL_MUSCULAR:73.0|OFI_SCORE:REACTIVE:20.0|OFI_SCORE:SYSTEMIC_MUSCULAR:17.0|OFI_SNAPSHOT:SUMMARY:39.0","","PROGRESSION:STRAIGHT_ARM_LAT_ACCESSORY","removedAxes=LOW_FATIGUE_CONTROL|ROTATION_CONTROL|UNILATERAL_STABILITY;removedObjectives=","addedAxes=;addedObjectives=","PARITY_INTENTIONAL_CORRECTION"
"ex_c4535de3","BADMINTON_SUPPORTIVE|BALANCE|RECOVERY_ONLY","SUPPORTIVE","forceType=PUSH;plane=TRANSVERSE;laterality=BILATERAL;fatigue=LOCAL_MUSCLE|LOCAL_STABILIZER_LOAD|LOW_FATIGUE_REHAB|LOW_LOAD_CONTROL|LOW_LOAD_PREHAB_CONTROL_STRESS|OVERHEAD_REPETITION|ROTATOR_CUFF_TENDON_STRESS|SHOULDER_SCAPULAR_STABILITY_STRESS;muscles=CORE|SCAPULAR_STABILIZERS;roles=SHOULDER_CARE|SHOULDER_SCAPULAR_SUPPORTIVE;skills=DRIVE|OVERHEAD_CLEAR|SMASH;qualities=ROTATOR_CUFF_CONTROL|SCAPULAR_CONTROL|SHOULDER_DURABILITY","LOW_FATIGUE_CONTROL|RACKET_SUPPORT","","LOW","BADMINTON_FATIGUE_COST:LOW:0.0|OFI_AXIS:HIGH_FORCE_NEURAL:8.59375|OFI_AXIS:HIGH_SPEED:8.59375|OFI_AXIS:LOCAL_MUSCULAR:37.8125|OFI_AXIS:REACTIVE:7.8125|OFI_AXIS:SYSTEMIC_MUSCULAR:15.625|OFI_DOSE:QUALITY_BASED:0.0|OFI_GROUP:NOT_APPLICABLE:0.0|OFI_GROUP:NOT_APPLICABLE:0.0|OFI_GROUP:SCAPULAR_PROTRACTION_CONTROL:0.0|OFI_SCORE:HIGH_FORCE_NEURAL:11.0|OFI_SCORE:HIGH_SPEED:11.0|OFI_SCORE:LOCAL_MUSCULAR:47.0|OFI_SCORE:REACTIVE:10.0|OFI_SCORE:SYSTEMIC_MUSCULAR:20.0|OFI_SNAPSHOT:SUMMARY:25.0","","","BADMINTON_SUPPORTIVE|BALANCE|RECOVERY_ONLY","SUPPORTIVE","level=SUPPORTIVE;types=SHOULDER_SCAPULAR_SUPPORTIVE;skills=DRIVE|OVERHEAD_CLEAR|SMASH;qualities=ROTATOR_CUFF_CONTROL|SCAPULAR_CONTROL|SHOULDER_DURABILITY","RACKET_SUPPORT","","LOW","BADMINTON_FATIGUE_COST:LOW:0.0|OFI_AXIS:HIGH_FORCE_NEURAL:8.59375|OFI_AXIS:HIGH_SPEED:8.59375|OFI_AXIS:LOCAL_MUSCULAR:37.8125|OFI_AXIS:REACTIVE:7.8125|OFI_AXIS:SYSTEMIC_MUSCULAR:15.625|OFI_DOSE:QUALITY_BASED:0.0|OFI_GROUP:NOT_APPLICABLE:0.0|OFI_GROUP:NOT_APPLICABLE:0.0|OFI_GROUP:SCAPULAR_PROTRACTION_CONTROL:0.0|OFI_SCORE:HIGH_FORCE_NEURAL:11.0|OFI_SCORE:HIGH_SPEED:11.0|OFI_SCORE:LOCAL_MUSCULAR:47.0|OFI_SCORE:REACTIVE:10.0|OFI_SCORE:SYSTEMIC_MUSCULAR:20.0|OFI_SNAPSHOT:SUMMARY:25.0","","","removedAxes=LOW_FATIGUE_CONTROL;removedObjectives=","addedAxes=;addedObjectives=","PARITY_INTENTIONAL_CORRECTION"
"ex_c4ea0a2a","BADMINTON_SUPPORTIVE|BALANCE|FATIGUE","SUPPORTIVE","forceType=LAND;plane=SAGITTAL;laterality=UNILATERAL;fatigue=ACHILLES_TENDON_STRESS|ANKLE_SSC_REACTIVE_STRESS|ANKLE_STABILITY_STRESS|ELASTIC_SSC|ELASTIC_SSC_LOAD|LOCAL_MUSCLE|LOW_LEVEL_REACTIVE_IMPACT|MOTOR_LEARNING_LOAD|NEURAL_HEAVY|NEURAL_SPEED|NEURAL_SPEED_LOAD|RUNNING_MECHANICS_LOAD|SYSTEMIC;muscles=CORE|GLUTE;roles=ANKLE_CALF_SSC_SUPPORTIVE|JUMP_LANDING|LOWER_BODY_SUPPORTIVE;skills=;qualities=ACCELERATION|ANKLE_STIFFNESS|CALF_ELASTICITY|HIP_CONTROL|JUMP_LANDING|RECOVERY_STEP","DECELERATION_LANDING|LATERAL_MOVEMENT|UNILATERAL_STABILITY","ACCELERATION|FOOTWORK|JUMP_LANDING","HIGH","BADMINTON_FATIGUE_COST:HIGH:0.0|OFI_AXIS:HIGH_FORCE_NEURAL:17.1875|OFI_AXIS:HIGH_SPEED:85.9375|OFI_AXIS:LOCAL_MUSCULAR:37.8125|OFI_AXIS:REACTIVE:15.625|OFI_AXIS:SYSTEMIC_MUSCULAR:34.375|OFI_CAUTION:HIGH_SPEED_CAUTION:0.0|OFI_DOSE:QUALITY_BASED:0.0|OFI_GROUP:NOT_APPLICABLE:0.0|OFI_GROUP:NOT_APPLICABLE:0.0|OFI_GROUP:RUNNING_MECHANICS_SUPPORT:0.0|OFI_SCORE:HIGH_FORCE_NEURAL:21.0|OFI_SCORE:HIGH_SPEED:100.0|OFI_SCORE:LOCAL_MUSCULAR:47.0|OFI_SCORE:REACTIVE:20.0|OFI_SCORE:SYSTEMIC_MUSCULAR:43.0|OFI_SNAPSHOT:SUMMARY:68.0","","","BADMINTON_SUPPORTIVE|BALANCE|FATIGUE","SUPPORTIVE","level=SUPPORTIVE;types=ANKLE_CALF_SSC_SUPPORTIVE|LOWER_BODY_SUPPORTIVE;skills=;qualities=ACCELERATION|ANKLE_STIFFNESS|CALF_ELASTICITY|HIP_CONTROL","","ACCELERATION","HIGH","BADMINTON_FATIGUE_COST:HIGH:0.0|OFI_AXIS:HIGH_FORCE_NEURAL:17.1875|OFI_AXIS:HIGH_SPEED:85.9375|OFI_AXIS:LOCAL_MUSCULAR:37.8125|OFI_AXIS:REACTIVE:15.625|OFI_AXIS:SYSTEMIC_MUSCULAR:34.375|OFI_CAUTION:HIGH_SPEED_CAUTION:0.0|OFI_DOSE:QUALITY_BASED:0.0|OFI_GROUP:NOT_APPLICABLE:0.0|OFI_GROUP:NOT_APPLICABLE:0.0|OFI_GROUP:RUNNING_MECHANICS_SUPPORT:0.0|OFI_SCORE:HIGH_FORCE_NEURAL:21.0|OFI_SCORE:HIGH_SPEED:100.0|OFI_SCORE:LOCAL_MUSCULAR:47.0|OFI_SCORE:REACTIVE:20.0|OFI_SCORE:SYSTEMIC_MUSCULAR:43.0|OFI_SNAPSHOT:SUMMARY:68.0","","","removedAxes=DECELERATION_LANDING|LATERAL_MOVEMENT|UNILATERAL_STABILITY;removedObjectives=FOOTWORK|JUMP_LANDING","addedAxes=;addedObjectives=","PARITY_INTENTIONAL_CORRECTION"
"ex_c5043892","BALANCE|FATIGUE|HYPERTROPHY_VOLUME|STRENGTH_PROGRESS","GENERAL_STRENGTH","forceType=SQUAT;plane=SAGITTAL;laterality=BILATERAL;fatigue=BARBELL_LOAD|CORE_BRACING_LOAD|GLUTE_LOAD|HAMSTRING_LOAD|HEAVY_AXIAL_LOWER_STRESS|HEAVY_LOAD|KNEE_ROTATIONAL_STABILITY_STRESS|KNEE_VALGUS_CONTROL_STRESS|LOCAL_MUSCLE|LUMBOPELVIC_CONTROL_STRESS|NEURAL_HEAVY|NEURAL_LOAD|OVERHEAD_REPETITION|PATELLAR_TENDON_STRESS|QUAD_LOAD|SYSTEMIC;muscles=BACK|CORE|DEEP_CORE|GLUTE|QUADRICEPS|SHOULDER;roles=GENERAL_STRENGTH_SUPPORTIVE|SHOULDER_CARE;skills=;qualities=HIP_KNEE_EXTENSION_STRENGTH|LOWER_BODY_FORCE","RACKET_SUPPORT|UNILATERAL_STABILITY","","VERY_HIGH","BADMINTON_FATIGUE_COST:VERY_HIGH:0.0|OFI_AXIS:HIGH_FORCE_NEURAL:79.0625|OFI_AXIS:HIGH_SPEED:17.1875|OFI_AXIS:LOCAL_MUSCULAR:58.4375|OFI_AXIS:REACTIVE:15.625|OFI_AXIS:SYSTEMIC_MUSCULAR:61.09375|OFI_CAUTION:RECOVERY_DEBT_HIGH:0.0|OFI_DOSE:ESTIMATED_1RM:0.0|OFI_GROUP:SQUAT_PATTERN_HEAVY_LOWER:0.0|OFI_GROUP:SQUAT_PATTERN_HEAVY_LOWER:0.0|OFI_GROUP:SQUAT_PATTERN_HEAVY_LOWER:0.0|OFI_SCORE:HIGH_FORCE_NEURAL:99.0|OFI_SCORE:HIGH_SPEED:21.0|OFI_SCORE:LOCAL_MUSCULAR:73.0|OFI_SCORE:REACTIVE:20.0|OFI_SCORE:SYSTEMIC_MUSCULAR:76.0|OFI_SNAPSHOT:SUMMARY:73.0","","PROGRESSION:SQUAT_PATTERN_HEAVY_LOWER|PROXY:BACK_SQUAT:SHARED_FACTOR_PROXY","BALANCE|FATIGUE|HYPERTROPHY_VOLUME|STRENGTH_PROGRESS","GENERAL_STRENGTH","level=GENERAL;types=GENERAL_STRENGTH_SUPPORTIVE;skills=;qualities=HIP_KNEE_EXTENSION_STRENGTH|LOWER_BODY_FORCE","","","VERY_HIGH","BADMINTON_FATIGUE_COST:VERY_HIGH:0.0|OFI_AXIS:HIGH_FORCE_NEURAL:79.0625|OFI_AXIS:HIGH_SPEED:17.1875|OFI_AXIS:LOCAL_MUSCULAR:58.4375|OFI_AXIS:REACTIVE:15.625|OFI_AXIS:SYSTEMIC_MUSCULAR:61.09375|OFI_CAUTION:RECOVERY_DEBT_HIGH:0.0|OFI_DOSE:ESTIMATED_1RM:0.0|OFI_GROUP:SQUAT_PATTERN_HEAVY_LOWER:0.0|OFI_GROUP:SQUAT_PATTERN_HEAVY_LOWER:0.0|OFI_GROUP:SQUAT_PATTERN_HEAVY_LOWER:0.0|OFI_SCORE:HIGH_FORCE_NEURAL:99.0|OFI_SCORE:HIGH_SPEED:21.0|OFI_SCORE:LOCAL_MUSCULAR:73.0|OFI_SCORE:REACTIVE:20.0|OFI_SCORE:SYSTEMIC_MUSCULAR:76.0|OFI_SNAPSHOT:SUMMARY:73.0","","PROGRESSION:SQUAT_PATTERN_HEAVY_LOWER|PROXY:BACK_SQUAT:SHARED_FACTOR_PROXY","removedAxes=RACKET_SUPPORT|UNILATERAL_STABILITY;removedObjectives=","addedAxes=;addedObjectives=","PARITY_INTENTIONAL_CORRECTION"
"ex_c536edc2","FATIGUE|HYPERTROPHY_VOLUME|STRENGTH_VOLUME","GENERAL_STRENGTH","forceType=PUSH;plane=SAGITTAL;laterality=UNILATERAL;fatigue=DELTOID_LOAD|LOCAL_MUSCLE|NEURAL_HEAVY|OVERHEAD_PUSH_STRESS|OVERHEAD_REPETITION|OVERHEAD_REPETITION_LOAD|ROTATOR_CUFF_TENDON_STRESS|SHOULDER_SCAPULAR_STABILITY_STRESS|SYSTEMIC|TRICEPS_LOAD|TRICEPS_TENDON_STRESS;muscles=ANTERIOR_DELTOID|CORE|DEEP_CORE|LATERAL_DELTOID|OBLIQUE|ROTATOR_CUFF|SHOULDER|TRICEPS;roles=GENERAL_STRENGTH_SUPPORTIVE|SHOULDER_CARE;skills=;qualities=ROTATOR_CUFF_CONTROL|SCAPULAR_CONTROL|SHOULDER_DURABILITY","RACKET_SUPPORT|UNILATERAL_STABILITY","","MEDIUM","BADMINTON_FATIGUE_COST:MEDIUM:0.0|OFI_AXIS:HIGH_FORCE_NEURAL:37.8125|OFI_AXIS:HIGH_SPEED:17.1875|OFI_AXIS:LOCAL_MUSCULAR:58.4375|OFI_AXIS:REACTIVE:15.625|OFI_AXIS:SYSTEMIC_MUSCULAR:29.21875|OFI_DOSE:LOAD_REPS:0.0|OFI_GROUP:OVERHEAD_PRESS_SHOULDER_DOMINANT:0.0|OFI_GROUP:OVERHEAD_PRESS_SHOULDER_DOMINANT:0.0|OFI_GROUP:OVERHEAD_PRESS_SHOULDER_DOMINANT:0.0|OFI_SCORE:HIGH_FORCE_NEURAL:47.0|OFI_SCORE:HIGH_SPEED:21.0|OFI_SCORE:LOCAL_MUSCULAR:73.0|OFI_SCORE:REACTIVE:20.0|OFI_SCORE:SYSTEMIC_MUSCULAR:37.0|OFI_SNAPSHOT:SUMMARY:43.0","","PROGRESSION:OVERHEAD_PRESS_SHOULDER_DOMINANT","FATIGUE|HYPERTROPHY_VOLUME|STRENGTH_VOLUME","GENERAL_STRENGTH","level=GENERAL;types=GENERAL_STRENGTH_SUPPORTIVE;skills=;qualities=ROTATOR_CUFF_CONTROL|SCAPULAR_CONTROL|SHOULDER_DURABILITY","","","MEDIUM","BADMINTON_FATIGUE_COST:MEDIUM:0.0|OFI_AXIS:HIGH_FORCE_NEURAL:37.8125|OFI_AXIS:HIGH_SPEED:17.1875|OFI_AXIS:LOCAL_MUSCULAR:58.4375|OFI_AXIS:REACTIVE:15.625|OFI_AXIS:SYSTEMIC_MUSCULAR:29.21875|OFI_DOSE:LOAD_REPS:0.0|OFI_GROUP:OVERHEAD_PRESS_SHOULDER_DOMINANT:0.0|OFI_GROUP:OVERHEAD_PRESS_SHOULDER_DOMINANT:0.0|OFI_GROUP:OVERHEAD_PRESS_SHOULDER_DOMINANT:0.0|OFI_SCORE:HIGH_FORCE_NEURAL:47.0|OFI_SCORE:HIGH_SPEED:21.0|OFI_SCORE:LOCAL_MUSCULAR:73.0|OFI_SCORE:REACTIVE:20.0|OFI_SCORE:SYSTEMIC_MUSCULAR:37.0|OFI_SNAPSHOT:SUMMARY:43.0","","PROGRESSION:OVERHEAD_PRESS_SHOULDER_DOMINANT","removedAxes=RACKET_SUPPORT|UNILATERAL_STABILITY;removedObjectives=","addedAxes=;addedObjectives=","PARITY_INTENTIONAL_CORRECTION"
"ex_c5c2fdef","BADMINTON_SUPPORTIVE|BALANCE|FATIGUE","SUPPORTIVE","forceType=ACCELERATE;plane=SAGITTAL;laterality=UNILATERAL;fatigue=ACHILLES_TENDON_STRESS|ANKLE_SSC_REACTIVE_STRESS|ANKLE_STABILITY_STRESS|ELASTIC_SSC|ELASTIC_SSC_LOAD|LOCAL_MUSCLE|LOW_LEVEL_REACTIVE_IMPACT|MOTOR_LEARNING_LOAD|NEURAL_HEAVY|NEURAL_SPEED|NEURAL_SPEED_LOAD|RUNNING_MECHANICS_LOAD|SYSTEMIC;muscles=CORE|DEEP_CORE;roles=ANKLE_CALF_SSC_SUPPORTIVE|CONDITIONING|LOWER_BODY_SUPPORTIVE;skills=;qualities=ACCELERATION|ANKLE_STIFFNESS|CALF_ELASTICITY|HIP_CONTROL|RECOVERY_STEP","AEROBIC_FOOTWORK|DECELERATION_LANDING|LATERAL_MOVEMENT|UNILATERAL_STABILITY","ACCELERATION|CONDITIONING|FOOTWORK","HIGH","BADMINTON_FATIGUE_COST:HIGH:0.0|OFI_AXIS:HIGH_FORCE_NEURAL:17.1875|OFI_AXIS:HIGH_SPEED:85.9375|OFI_AXIS:LOCAL_MUSCULAR:37.8125|OFI_AXIS:REACTIVE:15.625|OFI_AXIS:SYSTEMIC_MUSCULAR:34.375|OFI_CAUTION:HIGH_SPEED_CAUTION:0.0|OFI_DOSE:QUALITY_BASED:0.0|OFI_GROUP:NOT_APPLICABLE:0.0|OFI_GROUP:NOT_APPLICABLE:0.0|OFI_GROUP:RUNNING_MECHANICS_SUPPORT:0.0|OFI_SCORE:HIGH_FORCE_NEURAL:21.0|OFI_SCORE:HIGH_SPEED:100.0|OFI_SCORE:LOCAL_MUSCULAR:47.0|OFI_SCORE:REACTIVE:20.0|OFI_SCORE:SYSTEMIC_MUSCULAR:43.0|OFI_SNAPSHOT:SUMMARY:68.0","","","BADMINTON_SUPPORTIVE|BALANCE|FATIGUE","SUPPORTIVE","level=SUPPORTIVE;types=ANKLE_CALF_SSC_SUPPORTIVE|LOWER_BODY_SUPPORTIVE;skills=;qualities=ACCELERATION|ANKLE_STIFFNESS|CALF_ELASTICITY|HIP_CONTROL","","ACCELERATION","HIGH","BADMINTON_FATIGUE_COST:HIGH:0.0|OFI_AXIS:HIGH_FORCE_NEURAL:17.1875|OFI_AXIS:HIGH_SPEED:85.9375|OFI_AXIS:LOCAL_MUSCULAR:37.8125|OFI_AXIS:REACTIVE:15.625|OFI_AXIS:SYSTEMIC_MUSCULAR:34.375|OFI_CAUTION:HIGH_SPEED_CAUTION:0.0|OFI_DOSE:QUALITY_BASED:0.0|OFI_GROUP:NOT_APPLICABLE:0.0|OFI_GROUP:NOT_APPLICABLE:0.0|OFI_GROUP:RUNNING_MECHANICS_SUPPORT:0.0|OFI_SCORE:HIGH_FORCE_NEURAL:21.0|OFI_SCORE:HIGH_SPEED:100.0|OFI_SCORE:LOCAL_MUSCULAR:47.0|OFI_SCORE:REACTIVE:20.0|OFI_SCORE:SYSTEMIC_MUSCULAR:43.0|OFI_SNAPSHOT:SUMMARY:68.0","","","removedAxes=AEROBIC_FOOTWORK|DECELERATION_LANDING|LATERAL_MOVEMENT|UNILATERAL_STABILITY;removedObjectives=CONDITIONING|FOOTWORK","addedAxes=;addedObjectives=","PARITY_INTENTIONAL_CORRECTION"
"ex_c5f4c242","BADMINTON_TRANSFER|BALANCE|FATIGUE","DIRECT","forceType=ACCELERATE;plane=MULTI_PLANAR;laterality=UNILATERAL;fatigue=ACHILLES_TENDON_STRESS|BADMINTON_DIRECT_TRANSFER|BADMINTON_FOOTWORK|COURT_DECELERATION_IMPACT|COURT_SPORT_MOVEMENT_STRESS|DECELERATION|DECELERATION_LOAD|DECISION_MAKING_LOAD|ELASTIC_SSC|ELASTIC_SSC_LOAD|HIP_ROTATIONAL_CONTROL_STRESS|KNEE_ANKLE_STABILITY_STRESS|LOCAL_MUSCLE|NEURAL_HEAVY|NEURAL_SPEED|NEURAL_SPEED_LOAD|PATELLAR_TENDON_STRESS|REACTION_LOAD|SYSTEMIC|VISUAL_TRACKING_LOAD;muscles=CORE|DEEP_CORE;roles=CHANGE_OF_DIRECTION_DIRECT|DECELERATION|FOOTWORK|FOOTWORK_DIRECT|REACTION|REACTION_DECISION_DIRECT;skills=CHANGE_OF_DIRECTION|DEFENSIVE_COVERAGE|FIRST_STEP|SPLIT_STEP;qualities=ANKLE_STIFFNESS|DECELERATION|FIRST_STEP|MULTI_DIRECTION|REACTION_RANDOM|REACTIVE_AGILITY|RECOVERY_STEP|SINGLE_LEG_STABILITY","DECELERATION_LANDING|LATERAL_MOVEMENT|UNILATERAL_STABILITY","ACCELERATION|DECELERATION|FOOTWORK|REACTION","HIGH","BADMINTON_FATIGUE_COST:HIGH:0.0|OFI_AXIS:HIGH_FORCE_NEURAL:17.1875|OFI_AXIS:HIGH_SPEED:85.9375|OFI_AXIS:LOCAL_MUSCULAR:58.4375|OFI_AXIS:REACTIVE:93.75|OFI_AXIS:SYSTEMIC_MUSCULAR:53.125|OFI_CAUTION:HIGH_SPEED_CAUTION:0.0|OFI_CAUTION:REACTIVE_CAUTION:0.0|OFI_DOSE:DISTANCE_OR_TIME:0.0|OFI_GROUP:BADMINTON_COURT_FOOTWORK:0.0|OFI_GROUP:NOT_APPLICABLE:0.0|OFI_GROUP:NOT_APPLICABLE:0.0|OFI_SCORE:HIGH_FORCE_NEURAL:21.0|OFI_SCORE:HIGH_SPEED:100.0|OFI_SCORE:LOCAL_MUSCULAR:73.0|OFI_SCORE:REACTIVE:100.0|OFI_SCORE:SYSTEMIC_MUSCULAR:66.0|OFI_SNAPSHOT:SUMMARY:83.0","","","BADMINTON_TRANSFER|BALANCE|FATIGUE","DIRECT","level=DIRECT;types=CHANGE_OF_DIRECTION_DIRECT|FOOTWORK_DIRECT|REACTION_DECISION_DIRECT;skills=CHANGE_OF_DIRECTION|DEFENSIVE_COVERAGE|FIRST_STEP|SPLIT_STEP;qualities=ANKLE_STIFFNESS|DECELERATION|REACTIVE_AGILITY|SINGLE_LEG_STABILITY","DECELERATION_LANDING|LATERAL_MOVEMENT","ACCELERATION|DECELERATION|FOOTWORK","HIGH","BADMINTON_FATIGUE_COST:HIGH:0.0|OFI_AXIS:HIGH_FORCE_NEURAL:17.1875|OFI_AXIS:HIGH_SPEED:85.9375|OFI_AXIS:LOCAL_MUSCULAR:58.4375|OFI_AXIS:REACTIVE:93.75|OFI_AXIS:SYSTEMIC_MUSCULAR:53.125|OFI_CAUTION:HIGH_SPEED_CAUTION:0.0|OFI_CAUTION:REACTIVE_CAUTION:0.0|OFI_DOSE:DISTANCE_OR_TIME:0.0|OFI_GROUP:BADMINTON_COURT_FOOTWORK:0.0|OFI_GROUP:NOT_APPLICABLE:0.0|OFI_GROUP:NOT_APPLICABLE:0.0|OFI_SCORE:HIGH_FORCE_NEURAL:21.0|OFI_SCORE:HIGH_SPEED:100.0|OFI_SCORE:LOCAL_MUSCULAR:73.0|OFI_SCORE:REACTIVE:100.0|OFI_SCORE:SYSTEMIC_MUSCULAR:66.0|OFI_SNAPSHOT:SUMMARY:83.0","","","removedAxes=UNILATERAL_STABILITY;removedObjectives=REACTION","addedAxes=;addedObjectives=","PARITY_INTENTIONAL_CORRECTION"
"ex_c62c0716","BALANCE|FATIGUE|HYPERTROPHY_VOLUME","GENERAL_STRENGTH","forceType=BRACE;plane=SAGITTAL;laterality=UNILATERAL;fatigue=BICEPS_LOCAL_LOAD|BICEPS_TENDON_STRESS|ELBOW_FLEXION_LOAD|FOREARM_FLEXOR_TENDON_STRESS|GRIP_FOREARM|GRIP_FOREARM_LOAD|ISOLATION_ACCESSORY_STRESS|LOCAL_MUSCLE|NEURAL_HEAVY|SYSTEMIC;muscles=BICEPS|CORE|FOREARM;roles=GENERAL_STRENGTH_SUPPORTIVE|GRIP_FOREARM;skills=;qualities=GRIP_ENDURANCE","LOW_FATIGUE_CONTROL|RACKET_SUPPORT|ROTATION_CONTROL|UNILATERAL_STABILITY","","LOW","BADMINTON_FATIGUE_COST:LOW:0.0|OFI_AXIS:HIGH_FORCE_NEURAL:17.1875|OFI_AXIS:HIGH_SPEED:17.1875|OFI_AXIS:LOCAL_MUSCULAR:58.4375|OFI_AXIS:REACTIVE:15.625|OFI_AXIS:SYSTEMIC_MUSCULAR:13.28125|OFI_DOSE:VOLUME_LOAD:0.0|OFI_GROUP:ELBOW_FLEXION_CURL:0.0|OFI_GROUP:ELBOW_FLEXION_CURL:0.0|OFI_GROUP:ELBOW_FLEXION_CURL:0.0|OFI_SCORE:HIGH_FORCE_NEURAL:21.0|OFI_SCORE:HIGH_SPEED:21.0|OFI_SCORE:LOCAL_MUSCULAR:73.0|OFI_SCORE:REACTIVE:20.0|OFI_SCORE:SYSTEMIC_MUSCULAR:17.0|OFI_SNAPSHOT:SUMMARY:39.0","","PROGRESSION:ELBOW_FLEXION_CURL","BALANCE|FATIGUE|HYPERTROPHY_VOLUME","GENERAL_STRENGTH","level=GENERAL;types=GENERAL_STRENGTH_SUPPORTIVE;skills=;qualities=GRIP_ENDURANCE","","","LOW","BADMINTON_FATIGUE_COST:LOW:0.0|OFI_AXIS:HIGH_FORCE_NEURAL:17.1875|OFI_AXIS:HIGH_SPEED:17.1875|OFI_AXIS:LOCAL_MUSCULAR:58.4375|OFI_AXIS:REACTIVE:15.625|OFI_AXIS:SYSTEMIC_MUSCULAR:13.28125|OFI_DOSE:VOLUME_LOAD:0.0|OFI_GROUP:ELBOW_FLEXION_CURL:0.0|OFI_GROUP:ELBOW_FLEXION_CURL:0.0|OFI_GROUP:ELBOW_FLEXION_CURL:0.0|OFI_SCORE:HIGH_FORCE_NEURAL:21.0|OFI_SCORE:HIGH_SPEED:21.0|OFI_SCORE:LOCAL_MUSCULAR:73.0|OFI_SCORE:REACTIVE:20.0|OFI_SCORE:SYSTEMIC_MUSCULAR:17.0|OFI_SNAPSHOT:SUMMARY:39.0","","PROGRESSION:ELBOW_FLEXION_CURL","removedAxes=LOW_FATIGUE_CONTROL|RACKET_SUPPORT|ROTATION_CONTROL|UNILATERAL_STABILITY;removedObjectives=","addedAxes=;addedObjectives=","PARITY_INTENTIONAL_CORRECTION"
"ex_c6d9efef","BADMINTON_TRANSFER|BALANCE|FATIGUE","DIRECT","forceType=ACCELERATE;plane=MULTI_PLANAR;laterality=UNILATERAL;fatigue=ACHILLES_TENDON_STRESS|BADMINTON_DIRECT_TRANSFER|BADMINTON_FOOTWORK|COURT_DECELERATION_IMPACT|COURT_SPORT_MOVEMENT_STRESS|DECELERATION|DECELERATION_LOAD|DECISION_MAKING_LOAD|ELASTIC_SSC|ELASTIC_SSC_LOAD|HIP_ROTATIONAL_CONTROL_STRESS|KNEE_ANKLE_STABILITY_STRESS|LOCAL_MUSCLE|NEURAL_HEAVY|NEURAL_SPEED|NEURAL_SPEED_LOAD|PATELLAR_TENDON_STRESS|REACTION_LOAD|SYSTEMIC|VISUAL_TRACKING_LOAD;muscles=CORE|DEEP_CORE;roles=CHANGE_OF_DIRECTION_DIRECT|FOOTWORK|FOOTWORK_DIRECT|REACTION|REACTION_DECISION_DIRECT;skills=CHANGE_OF_DIRECTION|DEFENSIVE_COVERAGE|FIRST_STEP|SPLIT_STEP;qualities=ANKLE_STIFFNESS|DECELERATION|FIRST_STEP|MULTI_DIRECTION|REACTION_RANDOM|REACTIVE_AGILITY|RECOVERY_STEP|SINGLE_LEG_STABILITY","DECELERATION_LANDING|LATERAL_MOVEMENT|UNILATERAL_STABILITY","ACCELERATION|DECELERATION|FOOTWORK|REACTION","HIGH","BADMINTON_FATIGUE_COST:HIGH:0.0|OFI_AXIS:HIGH_FORCE_NEURAL:17.1875|OFI_AXIS:HIGH_SPEED:85.9375|OFI_AXIS:LOCAL_MUSCULAR:58.4375|OFI_AXIS:REACTIVE:93.75|OFI_AXIS:SYSTEMIC_MUSCULAR:53.125|OFI_CAUTION:HIGH_SPEED_CAUTION:0.0|OFI_CAUTION:REACTIVE_CAUTION:0.0|OFI_DOSE:DISTANCE_OR_TIME:0.0|OFI_GROUP:BADMINTON_COURT_FOOTWORK:0.0|OFI_GROUP:NOT_APPLICABLE:0.0|OFI_GROUP:NOT_APPLICABLE:0.0|OFI_SCORE:HIGH_FORCE_NEURAL:21.0|OFI_SCORE:HIGH_SPEED:100.0|OFI_SCORE:LOCAL_MUSCULAR:73.0|OFI_SCORE:REACTIVE:100.0|OFI_SCORE:SYSTEMIC_MUSCULAR:66.0|OFI_SNAPSHOT:SUMMARY:83.0","","","BADMINTON_TRANSFER|BALANCE|FATIGUE","DIRECT","level=DIRECT;types=CHANGE_OF_DIRECTION_DIRECT|FOOTWORK_DIRECT|REACTION_DECISION_DIRECT;skills=CHANGE_OF_DIRECTION|DEFENSIVE_COVERAGE|FIRST_STEP|SPLIT_STEP;qualities=ANKLE_STIFFNESS|DECELERATION|REACTIVE_AGILITY|SINGLE_LEG_STABILITY","DECELERATION_LANDING|LATERAL_MOVEMENT","ACCELERATION|DECELERATION|FOOTWORK","HIGH","BADMINTON_FATIGUE_COST:HIGH:0.0|OFI_AXIS:HIGH_FORCE_NEURAL:17.1875|OFI_AXIS:HIGH_SPEED:85.9375|OFI_AXIS:LOCAL_MUSCULAR:58.4375|OFI_AXIS:REACTIVE:93.75|OFI_AXIS:SYSTEMIC_MUSCULAR:53.125|OFI_CAUTION:HIGH_SPEED_CAUTION:0.0|OFI_CAUTION:REACTIVE_CAUTION:0.0|OFI_DOSE:DISTANCE_OR_TIME:0.0|OFI_GROUP:BADMINTON_COURT_FOOTWORK:0.0|OFI_GROUP:NOT_APPLICABLE:0.0|OFI_GROUP:NOT_APPLICABLE:0.0|OFI_SCORE:HIGH_FORCE_NEURAL:21.0|OFI_SCORE:HIGH_SPEED:100.0|OFI_SCORE:LOCAL_MUSCULAR:73.0|OFI_SCORE:REACTIVE:100.0|OFI_SCORE:SYSTEMIC_MUSCULAR:66.0|OFI_SNAPSHOT:SUMMARY:83.0","","","removedAxes=UNILATERAL_STABILITY;removedObjectives=REACTION","addedAxes=;addedObjectives=","PARITY_INTENTIONAL_CORRECTION"
"ex_c7977dfd","BADMINTON_TRANSFER|FATIGUE|TEST_METRIC","DIRECT","forceType=ACCELERATE;plane=MULTI_PLANAR;laterality=UNILATERAL;fatigue=ACHILLES_TENDON_STRESS|BADMINTON_DIRECT_TRANSFER|BADMINTON_MULTI_SHUTTLE|BADMINTON_RALLY|COURT_DECELERATION_IMPACT|COURT_SPORT_MOVEMENT_STRESS|DECELERATION|DECELERATION_LOAD|DECISION_MAKING_LOAD|ELASTIC_SSC|ELASTIC_SSC_LOAD|HIP_ROTATIONAL_CONTROL_STRESS|KNEE_ANKLE_STABILITY_STRESS|LOCAL_MUSCLE|NEURAL_HEAVY|NEURAL_SPEED|NEURAL_SPEED_LOAD|PATELLAR_TENDON_STRESS|REACTION_LOAD|SYSTEMIC|VISUAL_TRACKING_LOAD;muscles=CORE|DEEP_CORE;roles=CHANGE_OF_DIRECTION_DIRECT|CONDITIONING|DECELERATION|FOOTWORK|FOOTWORK_DIRECT|RALLY_CONDITIONING_DIRECT|REACTION;skills=CHANGE_OF_DIRECTION|DEFENSIVE_COVERAGE|MULTI_SHUTTLE_ENDURANCE|RALLY_TOLERANCE|SPLIT_STEP;qualities=ANAEROBIC_REPEATABILITY|ANKLE_STIFFNESS|DECELERATION|FIRST_STEP|MULTI_DIRECTION|REACTION_RANDOM|REACTIVE_AGILITY|RECOVERY_STEP|SINGLE_LEG_STABILITY","AEROBIC_FOOTWORK|DECELERATION_LANDING|LATERAL_MOVEMENT|UNILATERAL_STABILITY","ACCELERATION|CONDITIONING|DECELERATION|FOOTWORK|REACTION","HIGH","BADMINTON_FATIGUE_COST:HIGH:0.0|OFI_AXIS:HIGH_FORCE_NEURAL:20.625|OFI_AXIS:HIGH_SPEED:85.9375|OFI_AXIS:LOCAL_MUSCULAR:58.4375|OFI_AXIS:REACTIVE:93.75|OFI_AXIS:SYSTEMIC_MUSCULAR:53.125|OFI_CAUTION:HIGH_SPEED_CAUTION:0.0|OFI_CAUTION:REACTIVE_CAUTION:0.0|OFI_CAUTION:RECOVERY_DEBT_HIGH:0.0|OFI_DOSE:COUNT_ONLY:0.0|OFI_GROUP:NOT_APPLICABLE:0.0|OFI_GROUP:NOT_APPLICABLE:0.0|OFI_GROUP:NOT_APPLICABLE:0.0|OFI_SCORE:HIGH_FORCE_NEURAL:26.0|OFI_SCORE:HIGH_SPEED:100.0|OFI_SCORE:LOCAL_MUSCULAR:73.0|OFI_SCORE:REACTIVE:100.0|OFI_SCORE:SYSTEMIC_MUSCULAR:66.0|OFI_SNAPSHOT:SUMMARY:84.0","","","BADMINTON_TRANSFER|FATIGUE|TEST_METRIC","DIRECT","level=DIRECT;types=CHANGE_OF_DIRECTION_DIRECT|FOOTWORK_DIRECT|RALLY_CONDITIONING_DIRECT;skills=CHANGE_OF_DIRECTION|DEFENSIVE_COVERAGE|MULTI_SHUTTLE_ENDURANCE|RALLY_TOLERANCE|SPLIT_STEP;qualities=ANAEROBIC_REPEATABILITY|ANKLE_STIFFNESS|DECELERATION|REACTIVE_AGILITY|SINGLE_LEG_STABILITY","DECELERATION_LANDING|LATERAL_MOVEMENT","DECELERATION|FOOTWORK","HIGH","BADMINTON_FATIGUE_COST:HIGH:0.0|OFI_AXIS:HIGH_FORCE_NEURAL:20.625|OFI_AXIS:HIGH_SPEED:85.9375|OFI_AXIS:LOCAL_MUSCULAR:58.4375|OFI_AXIS:REACTIVE:93.75|OFI_AXIS:SYSTEMIC_MUSCULAR:53.125|OFI_CAUTION:HIGH_SPEED_CAUTION:0.0|OFI_CAUTION:REACTIVE_CAUTION:0.0|OFI_CAUTION:RECOVERY_DEBT_HIGH:0.0|OFI_DOSE:COUNT_ONLY:0.0|OFI_GROUP:NOT_APPLICABLE:0.0|OFI_GROUP:NOT_APPLICABLE:0.0|OFI_GROUP:NOT_APPLICABLE:0.0|OFI_SCORE:HIGH_FORCE_NEURAL:26.0|OFI_SCORE:HIGH_SPEED:100.0|OFI_SCORE:LOCAL_MUSCULAR:73.0|OFI_SCORE:REACTIVE:100.0|OFI_SCORE:SYSTEMIC_MUSCULAR:66.0|OFI_SNAPSHOT:SUMMARY:84.0","","","removedAxes=AEROBIC_FOOTWORK|UNILATERAL_STABILITY;removedObjectives=ACCELERATION|CONDITIONING|REACTION","addedAxes=;addedObjectives=","PARITY_INTENTIONAL_CORRECTION"
"ex_c8bcf3ce","BADMINTON_SUPPORTIVE|BALANCE|FATIGUE|HYPERTROPHY_VOLUME","SUPPORTIVE","forceType=SQUAT;plane=SAGITTAL;laterality=UNILATERAL;fatigue=DECELERATION|DECELERATION_LOAD|DIRECTION_CHANGE_IMPACT_STRESS|GLUTE_LOAD|HIP_ROTATIONAL_CONTROL_STRESS|KNEE_VALGUS_CONTROL_STRESS|LOCAL_MUSCLE|LUMBOPELVIC_CONTROL_STRESS|LUNGE_DECELERATION_STRESS|LUNGE_REACH_LOAD|NEURAL_HEAVY|PATELLAR_TENDON_STRESS|QUAD_LOAD|SINGLE_LEG_STABILITY_LOAD|SYSTEMIC;muscles=CORE|DEEP_CORE|GLUTE|HAMSTRING|QUADRICEPS;roles=LOWER_BODY_SUPPORTIVE;skills=CHANGE_OF_DIRECTION|FIRST_STEP;qualities=FRONTAL_PLANE_CONTROL|HIP_CONTROL|HIP_KNEE_EXTENSION_STRENGTH|LOWER_BODY_FORCE|SINGLE_LEG_STABILITY","DECELERATION_LANDING|UNILATERAL_STABILITY","ACCELERATION","HIGH","BADMINTON_FATIGUE_COST:HIGH:0.0|OFI_AXIS:HIGH_FORCE_NEURAL:37.8125|OFI_AXIS:HIGH_SPEED:70.125|OFI_AXIS:LOCAL_MUSCULAR:58.4375|OFI_AXIS:REACTIVE:63.75|OFI_AXIS:SYSTEMIC_MUSCULAR:53.125|OFI_DOSE:VOLUME_LOAD:0.0|OFI_GROUP:LUNGE_UNILATERAL_LOWER:0.0|OFI_GROUP:LUNGE_UNILATERAL_LOWER:0.0|OFI_GROUP:LUNGE_UNILATERAL_LOWER:0.0|OFI_SCORE:HIGH_FORCE_NEURAL:47.0|OFI_SCORE:HIGH_SPEED:88.0|OFI_SCORE:LOCAL_MUSCULAR:73.0|OFI_SCORE:REACTIVE:80.0|OFI_SCORE:SYSTEMIC_MUSCULAR:66.0|OFI_SNAPSHOT:SUMMARY:79.0","","PROGRESSION:LUNGE_UNILATERAL_LOWER","BADMINTON_SUPPORTIVE|BALANCE|FATIGUE|HYPERTROPHY_VOLUME","SUPPORTIVE","level=SUPPORTIVE;types=LOWER_BODY_SUPPORTIVE;skills=CHANGE_OF_DIRECTION|FIRST_STEP;qualities=FRONTAL_PLANE_CONTROL|HIP_CONTROL|HIP_KNEE_EXTENSION_STRENGTH|LOWER_BODY_FORCE|SINGLE_LEG_STABILITY","","ACCELERATION","HIGH","BADMINTON_FATIGUE_COST:HIGH:0.0|OFI_AXIS:HIGH_FORCE_NEURAL:37.8125|OFI_AXIS:HIGH_SPEED:70.125|OFI_AXIS:LOCAL_MUSCULAR:58.4375|OFI_AXIS:REACTIVE:63.75|OFI_AXIS:SYSTEMIC_MUSCULAR:53.125|OFI_DOSE:VOLUME_LOAD:0.0|OFI_GROUP:LUNGE_UNILATERAL_LOWER:0.0|OFI_GROUP:LUNGE_UNILATERAL_LOWER:0.0|OFI_GROUP:LUNGE_UNILATERAL_LOWER:0.0|OFI_SCORE:HIGH_FORCE_NEURAL:47.0|OFI_SCORE:HIGH_SPEED:88.0|OFI_SCORE:LOCAL_MUSCULAR:73.0|OFI_SCORE:REACTIVE:80.0|OFI_SCORE:SYSTEMIC_MUSCULAR:66.0|OFI_SNAPSHOT:SUMMARY:79.0","","PROGRESSION:LUNGE_UNILATERAL_LOWER","removedAxes=DECELERATION_LANDING|UNILATERAL_STABILITY;removedObjectives=","addedAxes=;addedObjectives=","PARITY_INTENTIONAL_CORRECTION"
"ex_ca5cce66","FATIGUE|HYPERTROPHY_VOLUME","NONE","forceType=BRACE;plane=SAGITTAL;laterality=BILATERAL;fatigue=ANTI_ROTATION|ISOLATION_ACCESSORY_STRESS|LAT_LOCAL_LOAD|LOCAL_MUSCLE|NEURAL_HEAVY|SHOULDER_SCAPULAR_STABILITY_STRESS|SHOULDER_TENDON_STRESS|STRAIGHT_ARM_SHOULDER_EXTENSION_LOAD|SYSTEMIC;muscles=CORE|DEEP_CORE|LAT|SCAPULAR_STABILIZERS;roles=ANTI_ROTATION_STABILITY;skills=;qualities=","LOW_FATIGUE_CONTROL|ROTATION_CONTROL","","MEDIUM","BADMINTON_FATIGUE_COST:MEDIUM:0.0|OFI_AXIS:HIGH_FORCE_NEURAL:17.1875|OFI_AXIS:HIGH_SPEED:17.1875|OFI_AXIS:LOCAL_MUSCULAR:58.4375|OFI_AXIS:REACTIVE:15.625|OFI_AXIS:SYSTEMIC_MUSCULAR:13.28125|OFI_DOSE:LOAD_REPS:0.0|OFI_GROUP:STRAIGHT_ARM_LAT_ACCESSORY:0.0|OFI_GROUP:STRAIGHT_ARM_LAT_ACCESSORY:0.0|OFI_GROUP:STRAIGHT_ARM_LAT_ACCESSORY:0.0|OFI_SCORE:HIGH_FORCE_NEURAL:21.0|OFI_SCORE:HIGH_SPEED:21.0|OFI_SCORE:LOCAL_MUSCULAR:73.0|OFI_SCORE:REACTIVE:20.0|OFI_SCORE:SYSTEMIC_MUSCULAR:17.0|OFI_SNAPSHOT:SUMMARY:39.0","","PROGRESSION:STRAIGHT_ARM_LAT_ACCESSORY","FATIGUE|HYPERTROPHY_VOLUME","NONE","level=NONE;types=;skills=;qualities=","","","MEDIUM","BADMINTON_FATIGUE_COST:MEDIUM:0.0|OFI_AXIS:HIGH_FORCE_NEURAL:17.1875|OFI_AXIS:HIGH_SPEED:17.1875|OFI_AXIS:LOCAL_MUSCULAR:58.4375|OFI_AXIS:REACTIVE:15.625|OFI_AXIS:SYSTEMIC_MUSCULAR:13.28125|OFI_DOSE:LOAD_REPS:0.0|OFI_GROUP:STRAIGHT_ARM_LAT_ACCESSORY:0.0|OFI_GROUP:STRAIGHT_ARM_LAT_ACCESSORY:0.0|OFI_GROUP:STRAIGHT_ARM_LAT_ACCESSORY:0.0|OFI_SCORE:HIGH_FORCE_NEURAL:21.0|OFI_SCORE:HIGH_SPEED:21.0|OFI_SCORE:LOCAL_MUSCULAR:73.0|OFI_SCORE:REACTIVE:20.0|OFI_SCORE:SYSTEMIC_MUSCULAR:17.0|OFI_SNAPSHOT:SUMMARY:39.0","","PROGRESSION:STRAIGHT_ARM_LAT_ACCESSORY","removedAxes=LOW_FATIGUE_CONTROL|ROTATION_CONTROL;removedObjectives=","addedAxes=;addedObjectives=","PARITY_INTENTIONAL_CORRECTION"
"ex_cb3c4dc2","CONDITIONING|FATIGUE|MOBILITY|PATTERN_QUALITY","GENERAL_STRENGTH","forceType=SQUAT;plane=SAGITTAL;laterality=BILATERAL;fatigue=GLUTE_LOAD|HIP_STABILITY_LOAD|KNEE_CONTROL_LOAD|KNEE_HIP_STABILITY_STRESS|LOCAL_MUSCLE|LOW_FATIGUE_REHAB|LOW_LOAD_PREHAB_CONTROL_STRESS|NEURAL_HEAVY|PATELLAR_TENDON_STRESS|QUADRICEPS_LOAD|SYSTEMIC;muscles=CORE|DEEP_CORE|GLUTE|HAMSTRING|QUADRICEPS;roles=GENERAL_STRENGTH_SUPPORTIVE;skills=;qualities=HIP_KNEE_EXTENSION_STRENGTH|LOWER_BODY_FORCE","LOW_FATIGUE_CONTROL|UNILATERAL_STABILITY","","VERY_HIGH","BADMINTON_FATIGUE_COST:VERY_HIGH:0.0|OFI_AXIS:HIGH_FORCE_NEURAL:17.1875|OFI_AXIS:HIGH_SPEED:17.1875|OFI_AXIS:LOCAL_MUSCULAR:37.8125|OFI_AXIS:REACTIVE:15.625|OFI_AXIS:SYSTEMIC_MUSCULAR:15.625|OFI_DOSE:REPS_OR_TIME:0.0|OFI_GROUP:BODYWEIGHT_SQUAT_PATTERN:0.0|OFI_GROUP:BODYWEIGHT_SQUAT_PATTERN:0.0|OFI_GROUP:BODYWEIGHT_SQUAT_PATTERN:0.0|OFI_SCORE:HIGH_FORCE_NEURAL:21.0|OFI_SCORE:HIGH_SPEED:21.0|OFI_SCORE:LOCAL_MUSCULAR:47.0|OFI_SCORE:REACTIVE:20.0|OFI_SCORE:SYSTEMIC_MUSCULAR:20.0|OFI_SNAPSHOT:SUMMARY:28.0","","PROGRESSION:BODYWEIGHT_SQUAT_PATTERN","CONDITIONING|FATIGUE|MOBILITY|PATTERN_QUALITY","GENERAL_STRENGTH","level=GENERAL;types=GENERAL_STRENGTH_SUPPORTIVE;skills=;qualities=HIP_KNEE_EXTENSION_STRENGTH|LOWER_BODY_FORCE","","","VERY_HIGH","BADMINTON_FATIGUE_COST:VERY_HIGH:0.0|OFI_AXIS:HIGH_FORCE_NEURAL:17.1875|OFI_AXIS:HIGH_SPEED:17.1875|OFI_AXIS:LOCAL_MUSCULAR:37.8125|OFI_AXIS:REACTIVE:15.625|OFI_AXIS:SYSTEMIC_MUSCULAR:15.625|OFI_DOSE:REPS_OR_TIME:0.0|OFI_GROUP:BODYWEIGHT_SQUAT_PATTERN:0.0|OFI_GROUP:BODYWEIGHT_SQUAT_PATTERN:0.0|OFI_GROUP:BODYWEIGHT_SQUAT_PATTERN:0.0|OFI_SCORE:HIGH_FORCE_NEURAL:21.0|OFI_SCORE:HIGH_SPEED:21.0|OFI_SCORE:LOCAL_MUSCULAR:47.0|OFI_SCORE:REACTIVE:20.0|OFI_SCORE:SYSTEMIC_MUSCULAR:20.0|OFI_SNAPSHOT:SUMMARY:28.0","","PROGRESSION:BODYWEIGHT_SQUAT_PATTERN","removedAxes=LOW_FATIGUE_CONTROL|UNILATERAL_STABILITY;removedObjectives=","addedAxes=;addedObjectives=","PARITY_INTENTIONAL_CORRECTION"
"ex_d5048362","BALANCE|FATIGUE|HYPERTROPHY_VOLUME","GENERAL_STRENGTH","forceType=BRACE;plane=SAGITTAL;laterality=BILATERAL;fatigue=BICEPS_LOCAL_LOAD|BICEPS_TENDON_STRESS|ELBOW_FLEXION_LOAD|FOREARM_FLEXOR_TENDON_STRESS|GRIP_FOREARM|GRIP_FOREARM_LOAD|ISOLATION_ACCESSORY_STRESS|LOCAL_MUSCLE|NEURAL_HEAVY|SYSTEMIC;muscles=BICEPS|CORE|FOREARM;roles=GENERAL_STRENGTH_SUPPORTIVE|GRIP_FOREARM;skills=;qualities=GRIP_ENDURANCE","LOW_FATIGUE_CONTROL|RACKET_SUPPORT|ROTATION_CONTROL","","LOW","BADMINTON_FATIGUE_COST:LOW:0.0|OFI_AXIS:HIGH_FORCE_NEURAL:17.1875|OFI_AXIS:HIGH_SPEED:17.1875|OFI_AXIS:LOCAL_MUSCULAR:58.4375|OFI_AXIS:REACTIVE:15.625|OFI_AXIS:SYSTEMIC_MUSCULAR:13.28125|OFI_DOSE:VOLUME_LOAD:0.0|OFI_GROUP:ELBOW_FLEXION_CURL:0.0|OFI_GROUP:ELBOW_FLEXION_CURL:0.0|OFI_GROUP:ELBOW_FLEXION_CURL:0.0|OFI_SCORE:HIGH_FORCE_NEURAL:21.0|OFI_SCORE:HIGH_SPEED:21.0|OFI_SCORE:LOCAL_MUSCULAR:73.0|OFI_SCORE:REACTIVE:20.0|OFI_SCORE:SYSTEMIC_MUSCULAR:17.0|OFI_SNAPSHOT:SUMMARY:39.0","","PROGRESSION:ELBOW_FLEXION_CURL","BALANCE|FATIGUE|HYPERTROPHY_VOLUME","GENERAL_STRENGTH","level=GENERAL;types=GENERAL_STRENGTH_SUPPORTIVE;skills=;qualities=GRIP_ENDURANCE","","","LOW","BADMINTON_FATIGUE_COST:LOW:0.0|OFI_AXIS:HIGH_FORCE_NEURAL:17.1875|OFI_AXIS:HIGH_SPEED:17.1875|OFI_AXIS:LOCAL_MUSCULAR:58.4375|OFI_AXIS:REACTIVE:15.625|OFI_AXIS:SYSTEMIC_MUSCULAR:13.28125|OFI_DOSE:VOLUME_LOAD:0.0|OFI_GROUP:ELBOW_FLEXION_CURL:0.0|OFI_GROUP:ELBOW_FLEXION_CURL:0.0|OFI_GROUP:ELBOW_FLEXION_CURL:0.0|OFI_SCORE:HIGH_FORCE_NEURAL:21.0|OFI_SCORE:HIGH_SPEED:21.0|OFI_SCORE:LOCAL_MUSCULAR:73.0|OFI_SCORE:REACTIVE:20.0|OFI_SCORE:SYSTEMIC_MUSCULAR:17.0|OFI_SNAPSHOT:SUMMARY:39.0","","PROGRESSION:ELBOW_FLEXION_CURL","removedAxes=LOW_FATIGUE_CONTROL|RACKET_SUPPORT|ROTATION_CONTROL;removedObjectives=","addedAxes=;addedObjectives=","PARITY_INTENTIONAL_CORRECTION"
"ex_d5bdffe1","ACCESSORY_VOLUME|BADMINTON_SUPPORTIVE|FATIGUE","SUPPORTIVE","forceType=BRACE;plane=SAGITTAL;laterality=UNILATERAL;fatigue=ANTI_ROTATION|ANTI_ROTATION_LOAD|CORE_BRACING_LOAD|ISOMETRIC_CORE_BRACING_STRESS|LOCAL_MUSCLE|LUMBOPELVIC_CONTROL_STRESS|NEURAL_HEAVY|SYSTEMIC;muscles=CORE|DEEP_CORE;roles=ANTI_ROTATION_STABILITY|CORE_STABILITY_SUPPORTIVE;skills=CHANGE_OF_DIRECTION|DEFENSIVE_COVERAGE;qualities=CORE_BRACING|HIP_CONTROL|SINGLE_LEG_STABILITY","LOW_FATIGUE_CONTROL|ROTATION_CONTROL|UNILATERAL_STABILITY","","MEDIUM","BADMINTON_FATIGUE_COST:MEDIUM:0.0|OFI_AXIS:HIGH_FORCE_NEURAL:17.1875|OFI_AXIS:HIGH_SPEED:17.1875|OFI_AXIS:LOCAL_MUSCULAR:37.8125|OFI_AXIS:REACTIVE:63.75|OFI_AXIS:SYSTEMIC_MUSCULAR:13.28125|OFI_DOSE:REPS_OR_TIME:0.0|OFI_GROUP:CORE_BRACING_CONTROL:0.0|OFI_GROUP:CORE_BRACING_CONTROL:0.0|OFI_GROUP:CORE_BRACING_CONTROL:0.0|OFI_SCORE:HIGH_FORCE_NEURAL:21.0|OFI_SCORE:HIGH_SPEED:21.0|OFI_SCORE:LOCAL_MUSCULAR:47.0|OFI_SCORE:REACTIVE:80.0|OFI_SCORE:SYSTEMIC_MUSCULAR:17.0|OFI_SNAPSHOT:SUMMARY:57.0","","PROGRESSION:CORE_BRACING_CONTROL","ACCESSORY_VOLUME|BADMINTON_SUPPORTIVE|FATIGUE","SUPPORTIVE","level=SUPPORTIVE;types=CORE_STABILITY_SUPPORTIVE;skills=CHANGE_OF_DIRECTION|DEFENSIVE_COVERAGE;qualities=CORE_BRACING|HIP_CONTROL|SINGLE_LEG_STABILITY","LOW_FATIGUE_CONTROL","","MEDIUM","BADMINTON_FATIGUE_COST:MEDIUM:0.0|OFI_AXIS:HIGH_FORCE_NEURAL:17.1875|OFI_AXIS:HIGH_SPEED:17.1875|OFI_AXIS:LOCAL_MUSCULAR:37.8125|OFI_AXIS:REACTIVE:63.75|OFI_AXIS:SYSTEMIC_MUSCULAR:13.28125|OFI_DOSE:REPS_OR_TIME:0.0|OFI_GROUP:CORE_BRACING_CONTROL:0.0|OFI_GROUP:CORE_BRACING_CONTROL:0.0|OFI_GROUP:CORE_BRACING_CONTROL:0.0|OFI_SCORE:HIGH_FORCE_NEURAL:21.0|OFI_SCORE:HIGH_SPEED:21.0|OFI_SCORE:LOCAL_MUSCULAR:47.0|OFI_SCORE:REACTIVE:80.0|OFI_SCORE:SYSTEMIC_MUSCULAR:17.0|OFI_SNAPSHOT:SUMMARY:57.0","","PROGRESSION:CORE_BRACING_CONTROL","removedAxes=ROTATION_CONTROL|UNILATERAL_STABILITY;removedObjectives=","addedAxes=;addedObjectives=","PARITY_INTENTIONAL_CORRECTION"
"ex_d60745b4","FATIGUE|HYPERTROPHY_VOLUME","GENERAL_STRENGTH","forceType=BRACE;plane=SAGITTAL;laterality=UNILATERAL;fatigue=ISOLATION_ACCESSORY_STRESS|KNEE_EXTENSION_LOAD|KNEE_STABILITY_STRESS|LOCAL_MUSCLE|NEURAL_HEAVY|PATELLAR_TENDON_STRESS|QUADRICEPS_LOCAL_LOAD|QUADRICEPS_TENDON_STRESS|SYSTEMIC;muscles=CORE|QUADRICEPS;roles=GENERAL_STRENGTH_SUPPORTIVE;skills=;qualities=HIP_KNEE_EXTENSION_STRENGTH|LOWER_BODY_FORCE","LOW_FATIGUE_CONTROL|ROTATION_CONTROL|UNILATERAL_STABILITY","","LOW","BADMINTON_FATIGUE_COST:LOW:0.0|OFI_AXIS:HIGH_FORCE_NEURAL:17.1875|OFI_AXIS:HIGH_SPEED:17.1875|OFI_AXIS:LOCAL_MUSCULAR:58.4375|OFI_AXIS:REACTIVE:15.625|OFI_AXIS:SYSTEMIC_MUSCULAR:10.9375|OFI_DOSE:LOAD_REPS:0.0|OFI_GROUP:KNEE_EXTENSION_QUAD_ISOLATION:0.0|OFI_GROUP:KNEE_EXTENSION_QUAD_ISOLATION:0.0|OFI_GROUP:KNEE_EXTENSION_QUAD_ISOLATION:0.0|OFI_SCORE:HIGH_FORCE_NEURAL:21.0|OFI_SCORE:HIGH_SPEED:21.0|OFI_SCORE:LOCAL_MUSCULAR:73.0|OFI_SCORE:REACTIVE:20.0|OFI_SCORE:SYSTEMIC_MUSCULAR:14.0|OFI_SNAPSHOT:SUMMARY:39.0","SLOT:ACCESSORY_SLOT","PROGRESSION:KNEE_EXTENSION_QUAD_ISOLATION","FATIGUE|HYPERTROPHY_VOLUME","GENERAL_STRENGTH","level=GENERAL;types=GENERAL_STRENGTH_SUPPORTIVE;skills=;qualities=HIP_KNEE_EXTENSION_STRENGTH|LOWER_BODY_FORCE","","","LOW","BADMINTON_FATIGUE_COST:LOW:0.0|OFI_AXIS:HIGH_FORCE_NEURAL:17.1875|OFI_AXIS:HIGH_SPEED:17.1875|OFI_AXIS:LOCAL_MUSCULAR:58.4375|OFI_AXIS:REACTIVE:15.625|OFI_AXIS:SYSTEMIC_MUSCULAR:10.9375|OFI_DOSE:LOAD_REPS:0.0|OFI_GROUP:KNEE_EXTENSION_QUAD_ISOLATION:0.0|OFI_GROUP:KNEE_EXTENSION_QUAD_ISOLATION:0.0|OFI_GROUP:KNEE_EXTENSION_QUAD_ISOLATION:0.0|OFI_SCORE:HIGH_FORCE_NEURAL:21.0|OFI_SCORE:HIGH_SPEED:21.0|OFI_SCORE:LOCAL_MUSCULAR:73.0|OFI_SCORE:REACTIVE:20.0|OFI_SCORE:SYSTEMIC_MUSCULAR:14.0|OFI_SNAPSHOT:SUMMARY:39.0","SLOT:ACCESSORY_SLOT","PROGRESSION:KNEE_EXTENSION_QUAD_ISOLATION","removedAxes=LOW_FATIGUE_CONTROL|ROTATION_CONTROL|UNILATERAL_STABILITY;removedObjectives=","addedAxes=;addedObjectives=","PARITY_INTENTIONAL_CORRECTION"
"ex_d6726746","BADMINTON_SUPPORTIVE|BALANCE|FATIGUE","SUPPORTIVE","forceType=LAND;plane=SAGITTAL;laterality=BILATERAL;fatigue=ACHILLES_TENDON_STRESS|ANKLE_INVERSION_LIGAMENT_STRESS|CALF_ANKLE_SSC_LOAD|DECELERATION|DECELERATION_LOAD|ELASTIC_SSC|GLUTE_LOAD|HIGH_AMPLITUDE_JUMP_LANDING_STRESS|KNEE_ROTATIONAL_STABILITY_STRESS|KNEE_VALGUS_CONTROL_STRESS|LANDING_LOAD|LOCAL_MUSCLE|NEURAL_HEAVY|NEURAL_SPEED|PATELLAR_TENDON_STRESS|PLYOMETRIC_LANDING_STRESS|QUAD_LOAD|SYSTEMIC;muscles=CORE|DEEP_CORE;roles=JUMP_LANDING|LOWER_BODY_SUPPORTIVE;skills=CHANGE_OF_DIRECTION|FIRST_STEP;qualities=ACCELERATION|DECELERATION|HIP_KNEE_EXTENSION_STRENGTH|JUMP_LANDING|LOWER_BODY_FORCE|REACTIVE_AGILITY|RECOVERY_STEP","DECELERATION_LANDING|LATERAL_MOVEMENT","ACCELERATION|DECELERATION|FOOTWORK|JUMP_LANDING","HIGH","BADMINTON_FATIGUE_COST:HIGH:0.0|OFI_AXIS:HIGH_FORCE_NEURAL:17.1875|OFI_AXIS:HIGH_SPEED:70.125|OFI_AXIS:LOCAL_MUSCULAR:58.4375|OFI_AXIS:REACTIVE:63.75|OFI_AXIS:SYSTEMIC_MUSCULAR:53.125|OFI_DOSE:QUALITY_BASED:0.0|OFI_GROUP:NOT_APPLICABLE:0.0|OFI_GROUP:NOT_APPLICABLE:0.0|OFI_GROUP:VERTICAL_JUMP_SSC:0.0|OFI_SCORE:HIGH_FORCE_NEURAL:21.0|OFI_SCORE:HIGH_SPEED:88.0|OFI_SCORE:LOCAL_MUSCULAR:73.0|OFI_SCORE:REACTIVE:80.0|OFI_SCORE:SYSTEMIC_MUSCULAR:66.0|OFI_SNAPSHOT:SUMMARY:76.0","","","BADMINTON_SUPPORTIVE|BALANCE|FATIGUE","SUPPORTIVE","level=SUPPORTIVE;types=LOWER_BODY_SUPPORTIVE;skills=CHANGE_OF_DIRECTION|FIRST_STEP;qualities=ACCELERATION|DECELERATION|HIP_KNEE_EXTENSION_STRENGTH|LOWER_BODY_FORCE|REACTIVE_AGILITY","DECELERATION_LANDING","ACCELERATION|DECELERATION","HIGH","BADMINTON_FATIGUE_COST:HIGH:0.0|OFI_AXIS:HIGH_FORCE_NEURAL:17.1875|OFI_AXIS:HIGH_SPEED:70.125|OFI_AXIS:LOCAL_MUSCULAR:58.4375|OFI_AXIS:REACTIVE:63.75|OFI_AXIS:SYSTEMIC_MUSCULAR:53.125|OFI_DOSE:QUALITY_BASED:0.0|OFI_GROUP:NOT_APPLICABLE:0.0|OFI_GROUP:NOT_APPLICABLE:0.0|OFI_GROUP:VERTICAL_JUMP_SSC:0.0|OFI_SCORE:HIGH_FORCE_NEURAL:21.0|OFI_SCORE:HIGH_SPEED:88.0|OFI_SCORE:LOCAL_MUSCULAR:73.0|OFI_SCORE:REACTIVE:80.0|OFI_SCORE:SYSTEMIC_MUSCULAR:66.0|OFI_SNAPSHOT:SUMMARY:76.0","","","removedAxes=LATERAL_MOVEMENT;removedObjectives=FOOTWORK|JUMP_LANDING","addedAxes=;addedObjectives=","PARITY_INTENTIONAL_CORRECTION"
"ex_d67e5761","BADMINTON_SUPPORTIVE|BALANCE|FATIGUE|HYPERTROPHY_VOLUME|STRENGTH_PROGRESS","SUPPORTIVE","forceType=SQUAT;plane=SAGITTAL;laterality=UNILATERAL;fatigue=GLUTE_LOAD|HIP_ROTATIONAL_CONTROL_STRESS|HIP_STABILITY_LOAD|KNEE_ANKLE_STABILITY_STRESS|LOCAL_MUSCLE|NEURAL_HEAVY|PATELLAR_TENDON_STRESS|QUADRICEPS_LOAD|SYSTEMIC|UNILATERAL_LOWER_STABILITY_STRESS;muscles=CALF|CORE;roles=LOWER_BODY_SUPPORTIVE;skills=CHANGE_OF_DIRECTION|FIRST_STEP;qualities=FRONTAL_PLANE_CONTROL|HIP_CONTROL|HIP_KNEE_EXTENSION_STRENGTH|LOWER_BODY_FORCE|SINGLE_LEG_STABILITY","LOW_FATIGUE_CONTROL|UNILATERAL_STABILITY","ACCELERATION","VERY_HIGH","BADMINTON_FATIGUE_COST:VERY_HIGH:0.0|OFI_AXIS:HIGH_FORCE_NEURAL:17.1875|OFI_AXIS:HIGH_SPEED:70.125|OFI_AXIS:LOCAL_MUSCULAR:58.4375|OFI_AXIS:REACTIVE:63.75|OFI_AXIS:SYSTEMIC_MUSCULAR:29.21875|OFI_DOSE:VOLUME_LOAD:0.0|OFI_GROUP:SINGLE_LEG_SQUAT_STABILITY:0.0|OFI_GROUP:SINGLE_LEG_SQUAT_STABILITY:0.0|OFI_GROUP:SINGLE_LEG_SQUAT_STABILITY:0.0|OFI_SCORE:HIGH_FORCE_NEURAL:21.0|OFI_SCORE:HIGH_SPEED:88.0|OFI_SCORE:LOCAL_MUSCULAR:73.0|OFI_SCORE:REACTIVE:80.0|OFI_SCORE:SYSTEMIC_MUSCULAR:37.0|OFI_SNAPSHOT:SUMMARY:74.0","","PROGRESSION:SINGLE_LEG_SQUAT_STABILITY","BADMINTON_SUPPORTIVE|BALANCE|FATIGUE|HYPERTROPHY_VOLUME|STRENGTH_PROGRESS","SUPPORTIVE","level=SUPPORTIVE;types=LOWER_BODY_SUPPORTIVE;skills=CHANGE_OF_DIRECTION|FIRST_STEP;qualities=FRONTAL_PLANE_CONTROL|HIP_CONTROL|HIP_KNEE_EXTENSION_STRENGTH|LOWER_BODY_FORCE|SINGLE_LEG_STABILITY","","ACCELERATION","VERY_HIGH","BADMINTON_FATIGUE_COST:VERY_HIGH:0.0|OFI_AXIS:HIGH_FORCE_NEURAL:17.1875|OFI_AXIS:HIGH_SPEED:70.125|OFI_AXIS:LOCAL_MUSCULAR:58.4375|OFI_AXIS:REACTIVE:63.75|OFI_AXIS:SYSTEMIC_MUSCULAR:29.21875|OFI_DOSE:VOLUME_LOAD:0.0|OFI_GROUP:SINGLE_LEG_SQUAT_STABILITY:0.0|OFI_GROUP:SINGLE_LEG_SQUAT_STABILITY:0.0|OFI_GROUP:SINGLE_LEG_SQUAT_STABILITY:0.0|OFI_SCORE:HIGH_FORCE_NEURAL:21.0|OFI_SCORE:HIGH_SPEED:88.0|OFI_SCORE:LOCAL_MUSCULAR:73.0|OFI_SCORE:REACTIVE:80.0|OFI_SCORE:SYSTEMIC_MUSCULAR:37.0|OFI_SNAPSHOT:SUMMARY:74.0","","PROGRESSION:SINGLE_LEG_SQUAT_STABILITY","removedAxes=LOW_FATIGUE_CONTROL|UNILATERAL_STABILITY;removedObjectives=","addedAxes=;addedObjectives=","PARITY_INTENTIONAL_CORRECTION"
"ex_d7c90536","CONDITIONING|FATIGUE","GENERAL_STRENGTH","forceType=ACCELERATE;plane=SAGITTAL;laterality=BILATERAL;fatigue=CARDIO_CONDITIONING_STRESS|GENERAL_CONDITIONING|LOCAL_MUSCLE|NEURAL_HEAVY|NEURAL_SPEED|PACING_LOAD|REPETITIVE_LOCOMOTION_IMPACT|SYSTEMIC|SYSTEMIC_CONDITIONING_LOAD;muscles=CALF|CORE|HAMSTRING|QUADRICEPS;roles=CONDITIONING|GENERAL_CONDITIONING_SUPPORTIVE;skills=;qualities=AEROBIC_BASE|ANAEROBIC_REPEATABILITY|RECOVERY_STEP","AEROBIC_FOOTWORK|LATERAL_MOVEMENT|UNILATERAL_STABILITY","CONDITIONING|FOOTWORK","MEDIUM","BADMINTON_FATIGUE_COST:MEDIUM:0.0|OFI_AXIS:HIGH_FORCE_NEURAL:17.1875|OFI_AXIS:HIGH_SPEED:17.1875|OFI_AXIS:LOCAL_MUSCULAR:37.8125|OFI_AXIS:REACTIVE:15.625|OFI_AXIS:SYSTEMIC_MUSCULAR:53.125|OFI_DOSE:DISTANCE_OR_TIME:0.0|OFI_GROUP:CARDIO_CONDITIONING:0.0|OFI_GROUP:CARDIO_CONDITIONING:0.0|OFI_GROUP:CARDIO_CONDITIONING:0.0|OFI_SCORE:HIGH_FORCE_NEURAL:21.0|OFI_SCORE:HIGH_SPEED:21.0|OFI_SCORE:LOCAL_MUSCULAR:47.0|OFI_SCORE:REACTIVE:20.0|OFI_SCORE:SYSTEMIC_MUSCULAR:66.0|OFI_SNAPSHOT:SUMMARY:39.0","","PROGRESSION:CARDIO_CONDITIONING","CONDITIONING|FATIGUE","GENERAL_STRENGTH","level=GENERAL;types=GENERAL_CONDITIONING_SUPPORTIVE;skills=;qualities=AEROBIC_BASE|ANAEROBIC_REPEATABILITY","","","MEDIUM","BADMINTON_FATIGUE_COST:MEDIUM:0.0|OFI_AXIS:HIGH_FORCE_NEURAL:17.1875|OFI_AXIS:HIGH_SPEED:17.1875|OFI_AXIS:LOCAL_MUSCULAR:37.8125|OFI_AXIS:REACTIVE:15.625|OFI_AXIS:SYSTEMIC_MUSCULAR:53.125|OFI_DOSE:DISTANCE_OR_TIME:0.0|OFI_GROUP:CARDIO_CONDITIONING:0.0|OFI_GROUP:CARDIO_CONDITIONING:0.0|OFI_GROUP:CARDIO_CONDITIONING:0.0|OFI_SCORE:HIGH_FORCE_NEURAL:21.0|OFI_SCORE:HIGH_SPEED:21.0|OFI_SCORE:LOCAL_MUSCULAR:47.0|OFI_SCORE:REACTIVE:20.0|OFI_SCORE:SYSTEMIC_MUSCULAR:66.0|OFI_SNAPSHOT:SUMMARY:39.0","","PROGRESSION:CARDIO_CONDITIONING","removedAxes=AEROBIC_FOOTWORK|LATERAL_MOVEMENT|UNILATERAL_STABILITY;removedObjectives=CONDITIONING|FOOTWORK","addedAxes=;addedObjectives=","PARITY_INTENTIONAL_CORRECTION"
"ex_d9e141e4","BADMINTON_SUPPORTIVE|BALANCE|FATIGUE","SUPPORTIVE","forceType=LAND;plane=SAGITTAL;laterality=BILATERAL;fatigue=ACHILLES_TENDON_STRESS|ANKLE_INVERSION_LIGAMENT_STRESS|CALF_ANKLE_SSC_LOAD|DECELERATION|DECELERATION_LOAD|ELASTIC_SSC|GLUTE_LOAD|HIGH_AMPLITUDE_JUMP_LANDING_STRESS|KNEE_ROTATIONAL_STABILITY_STRESS|KNEE_VALGUS_CONTROL_STRESS|LANDING_LOAD|LOCAL_MUSCLE|NEURAL_HEAVY|NEURAL_SPEED|PATELLAR_TENDON_STRESS|PLYOMETRIC_LANDING_STRESS|QUAD_LOAD|SYSTEMIC;muscles=CORE|DEEP_CORE;roles=JUMP_LANDING|LOWER_BODY_SUPPORTIVE;skills=CHANGE_OF_DIRECTION|FIRST_STEP;qualities=ACCELERATION|DECELERATION|HIP_KNEE_EXTENSION_STRENGTH|JUMP_LANDING|LOWER_BODY_FORCE|REACTIVE_AGILITY|RECOVERY_STEP","DECELERATION_LANDING|LATERAL_MOVEMENT","ACCELERATION|DECELERATION|FOOTWORK|JUMP_LANDING","HIGH","BADMINTON_FATIGUE_COST:HIGH:0.0|OFI_AXIS:HIGH_FORCE_NEURAL:17.1875|OFI_AXIS:HIGH_SPEED:70.125|OFI_AXIS:LOCAL_MUSCULAR:58.4375|OFI_AXIS:REACTIVE:63.75|OFI_AXIS:SYSTEMIC_MUSCULAR:53.125|OFI_DOSE:QUALITY_BASED:0.0|OFI_GROUP:NOT_APPLICABLE:0.0|OFI_GROUP:NOT_APPLICABLE:0.0|OFI_GROUP:VERTICAL_JUMP_SSC:0.0|OFI_SCORE:HIGH_FORCE_NEURAL:21.0|OFI_SCORE:HIGH_SPEED:88.0|OFI_SCORE:LOCAL_MUSCULAR:73.0|OFI_SCORE:REACTIVE:80.0|OFI_SCORE:SYSTEMIC_MUSCULAR:66.0|OFI_SNAPSHOT:SUMMARY:76.0","","","BADMINTON_SUPPORTIVE|BALANCE|FATIGUE","SUPPORTIVE","level=SUPPORTIVE;types=LOWER_BODY_SUPPORTIVE;skills=CHANGE_OF_DIRECTION|FIRST_STEP;qualities=ACCELERATION|DECELERATION|HIP_KNEE_EXTENSION_STRENGTH|LOWER_BODY_FORCE|REACTIVE_AGILITY","DECELERATION_LANDING","ACCELERATION|DECELERATION","HIGH","BADMINTON_FATIGUE_COST:HIGH:0.0|OFI_AXIS:HIGH_FORCE_NEURAL:17.1875|OFI_AXIS:HIGH_SPEED:70.125|OFI_AXIS:LOCAL_MUSCULAR:58.4375|OFI_AXIS:REACTIVE:63.75|OFI_AXIS:SYSTEMIC_MUSCULAR:53.125|OFI_DOSE:QUALITY_BASED:0.0|OFI_GROUP:NOT_APPLICABLE:0.0|OFI_GROUP:NOT_APPLICABLE:0.0|OFI_GROUP:VERTICAL_JUMP_SSC:0.0|OFI_SCORE:HIGH_FORCE_NEURAL:21.0|OFI_SCORE:HIGH_SPEED:88.0|OFI_SCORE:LOCAL_MUSCULAR:73.0|OFI_SCORE:REACTIVE:80.0|OFI_SCORE:SYSTEMIC_MUSCULAR:66.0|OFI_SNAPSHOT:SUMMARY:76.0","","","removedAxes=LATERAL_MOVEMENT;removedObjectives=FOOTWORK|JUMP_LANDING","addedAxes=;addedObjectives=","PARITY_INTENTIONAL_CORRECTION"
"ex_da56a4fe","BALANCE|FATIGUE|HYPERTROPHY_VOLUME","NONE","forceType=BRACE;plane=SAGITTAL;laterality=BILATERAL;fatigue=ANTI_ROTATION|ELBOW_EXTENSION_LOAD|ELBOW_TENDON_STRESS|ISOLATION_ACCESSORY_STRESS|LOCAL_MUSCLE|NEURAL_HEAVY|SYSTEMIC|TRICEPS_LOCAL_LOAD|TRICEPS_TENDON_STRESS;muscles=BACK|CORE|DEEP_CORE|REAR_DELT|TRICEPS;roles=ANTI_ROTATION_STABILITY;skills=;qualities=","LOW_FATIGUE_CONTROL|ROTATION_CONTROL","","MEDIUM","BADMINTON_FATIGUE_COST:MEDIUM:0.0|OFI_AXIS:HIGH_FORCE_NEURAL:17.1875|OFI_AXIS:HIGH_SPEED:17.1875|OFI_AXIS:LOCAL_MUSCULAR:58.4375|OFI_AXIS:REACTIVE:15.625|OFI_AXIS:SYSTEMIC_MUSCULAR:10.9375|OFI_DOSE:VOLUME_LOAD:0.0|OFI_GROUP:ELBOW_EXTENSION_TRICEPS:0.0|OFI_GROUP:ELBOW_EXTENSION_TRICEPS:0.0|OFI_GROUP:ELBOW_EXTENSION_TRICEPS:0.0|OFI_SCORE:HIGH_FORCE_NEURAL:21.0|OFI_SCORE:HIGH_SPEED:21.0|OFI_SCORE:LOCAL_MUSCULAR:73.0|OFI_SCORE:REACTIVE:20.0|OFI_SCORE:SYSTEMIC_MUSCULAR:14.0|OFI_SNAPSHOT:SUMMARY:39.0","","PROGRESSION:ELBOW_EXTENSION_TRICEPS","BALANCE|FATIGUE|HYPERTROPHY_VOLUME","NONE","level=NONE;types=;skills=;qualities=","","","MEDIUM","BADMINTON_FATIGUE_COST:MEDIUM:0.0|OFI_AXIS:HIGH_FORCE_NEURAL:17.1875|OFI_AXIS:HIGH_SPEED:17.1875|OFI_AXIS:LOCAL_MUSCULAR:58.4375|OFI_AXIS:REACTIVE:15.625|OFI_AXIS:SYSTEMIC_MUSCULAR:10.9375|OFI_DOSE:VOLUME_LOAD:0.0|OFI_GROUP:ELBOW_EXTENSION_TRICEPS:0.0|OFI_GROUP:ELBOW_EXTENSION_TRICEPS:0.0|OFI_GROUP:ELBOW_EXTENSION_TRICEPS:0.0|OFI_SCORE:HIGH_FORCE_NEURAL:21.0|OFI_SCORE:HIGH_SPEED:21.0|OFI_SCORE:LOCAL_MUSCULAR:73.0|OFI_SCORE:REACTIVE:20.0|OFI_SCORE:SYSTEMIC_MUSCULAR:14.0|OFI_SNAPSHOT:SUMMARY:39.0","","PROGRESSION:ELBOW_EXTENSION_TRICEPS","removedAxes=LOW_FATIGUE_CONTROL|ROTATION_CONTROL;removedObjectives=","addedAxes=;addedObjectives=","PARITY_INTENTIONAL_CORRECTION"
"ex_dc9e5953","BALANCE|FATIGUE|HYPERTROPHY_VOLUME|STRENGTH_PROGRESS","GENERAL_STRENGTH","forceType=PULL;plane=FRONTAL;laterality=BILATERAL;fatigue=BICEPS_LOAD|BICEPS_TENDON_STRESS|CORE_BRACING_LOAD|FOREARM_FLEXOR_TENDON_STRESS|GRIP_FOREARM|GRIP_LOAD|LAT_LOAD|LOCAL_MUSCLE|MACHINE_GUIDED_LOAD|NEURAL_HEAVY|SCAPULAR_CONTROL_LOAD|SHOULDER_JOINT_STABILITY_STRESS|SYSTEMIC|VERTICAL_PULL_STRESS;muscles=BICEPS|CORE|LAT|LOWER_TRAP|TRAPEZIUS;roles=GENERAL_STRENGTH_SUPPORTIVE;skills=;qualities=SCAPULAR_CONTROL|SHOULDER_DURABILITY","LATERAL_MOVEMENT|RACKET_SUPPORT","","MEDIUM","BADMINTON_FATIGUE_COST:MEDIUM:0.0|OFI_AXIS:HIGH_FORCE_NEURAL:37.8125|OFI_AXIS:HIGH_SPEED:17.1875|OFI_AXIS:LOCAL_MUSCULAR:58.4375|OFI_AXIS:REACTIVE:15.625|OFI_AXIS:SYSTEMIC_MUSCULAR:34.375|OFI_DOSE:VOLUME_LOAD:0.0|OFI_GROUP:VERTICAL_PULL_COMPOUND:0.0|OFI_GROUP:VERTICAL_PULL_COMPOUND:0.0|OFI_GROUP:VERTICAL_PULL_COMPOUND:0.0|OFI_SCORE:HIGH_FORCE_NEURAL:47.0|OFI_SCORE:HIGH_SPEED:21.0|OFI_SCORE:LOCAL_MUSCULAR:73.0|OFI_SCORE:REACTIVE:20.0|OFI_SCORE:SYSTEMIC_MUSCULAR:43.0|OFI_SNAPSHOT:SUMMARY:44.0","","PROGRESSION:VERTICAL_PULL_COMPOUND|PROXY:WEIGHTED_PULL_UP:SHARED_FACTOR_PROXY","BALANCE|FATIGUE|HYPERTROPHY_VOLUME|STRENGTH_PROGRESS","GENERAL_STRENGTH","level=GENERAL;types=GENERAL_STRENGTH_SUPPORTIVE;skills=;qualities=SCAPULAR_CONTROL|SHOULDER_DURABILITY","","","MEDIUM","BADMINTON_FATIGUE_COST:MEDIUM:0.0|OFI_AXIS:HIGH_FORCE_NEURAL:37.8125|OFI_AXIS:HIGH_SPEED:17.1875|OFI_AXIS:LOCAL_MUSCULAR:58.4375|OFI_AXIS:REACTIVE:15.625|OFI_AXIS:SYSTEMIC_MUSCULAR:34.375|OFI_DOSE:VOLUME_LOAD:0.0|OFI_GROUP:VERTICAL_PULL_COMPOUND:0.0|OFI_GROUP:VERTICAL_PULL_COMPOUND:0.0|OFI_GROUP:VERTICAL_PULL_COMPOUND:0.0|OFI_SCORE:HIGH_FORCE_NEURAL:47.0|OFI_SCORE:HIGH_SPEED:21.0|OFI_SCORE:LOCAL_MUSCULAR:73.0|OFI_SCORE:REACTIVE:20.0|OFI_SCORE:SYSTEMIC_MUSCULAR:43.0|OFI_SNAPSHOT:SUMMARY:44.0","","PROGRESSION:VERTICAL_PULL_COMPOUND|PROXY:WEIGHTED_PULL_UP:SHARED_FACTOR_PROXY","removedAxes=LATERAL_MOVEMENT|RACKET_SUPPORT;removedObjectives=","addedAxes=;addedObjectives=","PARITY_INTENTIONAL_CORRECTION"
"ex_dd16e07a","MOBILITY|RECOVERY_CONTEXT","NONE","forceType=BRACE;plane=SAGITTAL;laterality=BILATERAL;fatigue=JOINT_RANGE_CONTROL_STRESS|LOCAL_MUSCLE|LOW_FATIGUE_REHAB|MOBILITY_CONTROL_LOAD|MOBILITY_RECOVERY_STRESS|NEURAL_HEAVY|SYSTEMIC;muscles=CORE|DEEP_CORE;roles=;skills=;qualities=","LOW_FATIGUE_CONTROL|ROTATION_CONTROL","","MEDIUM","BADMINTON_FATIGUE_COST:MEDIUM:0.0|OFI_AXIS:HIGH_FORCE_NEURAL:8.59375|OFI_AXIS:HIGH_SPEED:8.59375|OFI_AXIS:LOCAL_MUSCULAR:17.1875|OFI_AXIS:REACTIVE:7.8125|OFI_AXIS:SYSTEMIC_MUSCULAR:15.625|OFI_DOSE:REPS_OR_TIME:0.0|OFI_GROUP:MOBILITY_RECOVERY_PREP:0.0|OFI_GROUP:MOBILITY_RECOVERY_PREP:0.0|OFI_GROUP:MOBILITY_RECOVERY_PREP:0.0|OFI_SCORE:HIGH_FORCE_NEURAL:11.0|OFI_SCORE:HIGH_SPEED:11.0|OFI_SCORE:LOCAL_MUSCULAR:21.0|OFI_SCORE:REACTIVE:10.0|OFI_SCORE:SYSTEMIC_MUSCULAR:20.0|OFI_SNAPSHOT:SUMMARY:14.0","","PROGRESSION:MOBILITY_RECOVERY_PREP","MOBILITY|RECOVERY_CONTEXT","NONE","level=NONE;types=;skills=;qualities=","","","MEDIUM","BADMINTON_FATIGUE_COST:MEDIUM:0.0|OFI_AXIS:HIGH_FORCE_NEURAL:8.59375|OFI_AXIS:HIGH_SPEED:8.59375|OFI_AXIS:LOCAL_MUSCULAR:17.1875|OFI_AXIS:REACTIVE:7.8125|OFI_AXIS:SYSTEMIC_MUSCULAR:15.625|OFI_DOSE:REPS_OR_TIME:0.0|OFI_GROUP:MOBILITY_RECOVERY_PREP:0.0|OFI_GROUP:MOBILITY_RECOVERY_PREP:0.0|OFI_GROUP:MOBILITY_RECOVERY_PREP:0.0|OFI_SCORE:HIGH_FORCE_NEURAL:11.0|OFI_SCORE:HIGH_SPEED:11.0|OFI_SCORE:LOCAL_MUSCULAR:21.0|OFI_SCORE:REACTIVE:10.0|OFI_SCORE:SYSTEMIC_MUSCULAR:20.0|OFI_SNAPSHOT:SUMMARY:14.0","","PROGRESSION:MOBILITY_RECOVERY_PREP","removedAxes=LOW_FATIGUE_CONTROL|ROTATION_CONTROL;removedObjectives=","addedAxes=;addedObjectives=","PARITY_INTENTIONAL_CORRECTION"
"ex_de46b7f6","BALANCE|FATIGUE|HYPERTROPHY_VOLUME|STRENGTH_PROGRESS","GENERAL_STRENGTH","forceType=PULL;plane=TRANSVERSE;laterality=BILATERAL;fatigue=BICEPS_LOAD|BICEPS_TENDON_STRESS|ELBOW_JOINT_STRESS|FOREARM_FLEXOR_TENDON_STRESS|GRIP_FOREARM|GRIP_LOAD|HORIZONTAL_ROW_STRESS|LAT_LOAD|LOCAL_MUSCLE|NEURAL_HEAVY|REAR_DELTOID_LOAD|SCAPULAR_STABILITY_LOAD|SHOULDER_JOINT_STABILITY_STRESS|SYSTEMIC|UPPER_BACK_LOAD;muscles=BICEPS|CORE|DEEP_CORE|LAT|REAR_DELT|RHOMBOID;roles=GENERAL_STRENGTH_SUPPORTIVE;skills=;qualities=SCAPULAR_CONTROL|SHOULDER_DURABILITY","RACKET_SUPPORT","","VERY_HIGH","BADMINTON_FATIGUE_COST:VERY_HIGH:0.0|OFI_AXIS:HIGH_FORCE_NEURAL:79.0625|OFI_AXIS:HIGH_SPEED:17.1875|OFI_AXIS:LOCAL_MUSCULAR:58.4375|OFI_AXIS:REACTIVE:15.625|OFI_AXIS:SYSTEMIC_MUSCULAR:34.375|OFI_DOSE:ESTIMATED_1RM:0.0|OFI_GROUP:HORIZONTAL_PULL_COMPOUND:0.0|OFI_GROUP:HORIZONTAL_PULL_COMPOUND:0.0|OFI_GROUP:HORIZONTAL_PULL_COMPOUND:0.0|OFI_SCORE:HIGH_FORCE_NEURAL:99.0|OFI_SCORE:HIGH_SPEED:21.0|OFI_SCORE:LOCAL_MUSCULAR:73.0|OFI_SCORE:REACTIVE:20.0|OFI_SCORE:SYSTEMIC_MUSCULAR:43.0|OFI_SNAPSHOT:SUMMARY:70.0","","PROGRESSION:HORIZONTAL_PULL_COMPOUND","BALANCE|FATIGUE|HYPERTROPHY_VOLUME|STRENGTH_PROGRESS","GENERAL_STRENGTH","level=GENERAL;types=GENERAL_STRENGTH_SUPPORTIVE;skills=;qualities=SCAPULAR_CONTROL|SHOULDER_DURABILITY","","","VERY_HIGH","BADMINTON_FATIGUE_COST:VERY_HIGH:0.0|OFI_AXIS:HIGH_FORCE_NEURAL:79.0625|OFI_AXIS:HIGH_SPEED:17.1875|OFI_AXIS:LOCAL_MUSCULAR:58.4375|OFI_AXIS:REACTIVE:15.625|OFI_AXIS:SYSTEMIC_MUSCULAR:34.375|OFI_DOSE:ESTIMATED_1RM:0.0|OFI_GROUP:HORIZONTAL_PULL_COMPOUND:0.0|OFI_GROUP:HORIZONTAL_PULL_COMPOUND:0.0|OFI_GROUP:HORIZONTAL_PULL_COMPOUND:0.0|OFI_SCORE:HIGH_FORCE_NEURAL:99.0|OFI_SCORE:HIGH_SPEED:21.0|OFI_SCORE:LOCAL_MUSCULAR:73.0|OFI_SCORE:REACTIVE:20.0|OFI_SCORE:SYSTEMIC_MUSCULAR:43.0|OFI_SNAPSHOT:SUMMARY:70.0","","PROGRESSION:HORIZONTAL_PULL_COMPOUND","removedAxes=RACKET_SUPPORT;removedObjectives=","addedAxes=;addedObjectives=","PARITY_INTENTIONAL_CORRECTION"
"ex_debf6a8b","BALANCE|FATIGUE|HYPERTROPHY_VOLUME|STRENGTH_PROGRESS","GENERAL_STRENGTH","forceType=PUSH;plane=TRANSVERSE;laterality=BILATERAL;fatigue=BODYWEIGHT_PUSH_STRESS|CORE_BRACING_LOAD|LOCAL_MUSCLE|NEURAL_HEAVY|PECTORAL_LOAD|PECTORAL_TENDON_STRESS|SHOULDER_CONTROL_LOAD|SHOULDER_SCAPULAR_STABILITY_STRESS|SYSTEMIC|TRICEPS_LOAD|TRICEPS_TENDON_STRESS;muscles=ANTERIOR_DELTOID|CHEST|CORE|DEEP_CORE|TRICEPS;roles=GENERAL_STRENGTH_SUPPORTIVE;skills=;qualities=SHOULDER_DURABILITY","","","MEDIUM","BADMINTON_FATIGUE_COST:MEDIUM:0.0|OFI_AXIS:HIGH_FORCE_NEURAL:17.1875|OFI_AXIS:HIGH_SPEED:17.1875|OFI_AXIS:LOCAL_MUSCULAR:37.8125|OFI_AXIS:REACTIVE:15.625|OFI_AXIS:SYSTEMIC_MUSCULAR:13.28125|OFI_DOSE:LOAD_REPS:0.0|OFI_GROUP:BODYWEIGHT_HORIZONTAL_PUSH:0.0|OFI_GROUP:BODYWEIGHT_HORIZONTAL_PUSH:0.0|OFI_GROUP:BODYWEIGHT_HORIZONTAL_PUSH:0.0|OFI_SCORE:HIGH_FORCE_NEURAL:21.0|OFI_SCORE:HIGH_SPEED:21.0|OFI_SCORE:LOCAL_MUSCULAR:47.0|OFI_SCORE:REACTIVE:20.0|OFI_SCORE:SYSTEMIC_MUSCULAR:17.0|OFI_SNAPSHOT:SUMMARY:28.0","","PROGRESSION:BODYWEIGHT_HORIZONTAL_PUSH","BALANCE|FATIGUE|HYPERTROPHY_VOLUME|STRENGTH_PROGRESS","GENERAL_STRENGTH","level=GENERAL;types=GENERAL_STRENGTH_SUPPORTIVE;skills=;qualities=SHOULDER_DURABILITY","","","MEDIUM","BADMINTON_FATIGUE_COST:MEDIUM:0.0|OFI_AXIS:HIGH_FORCE_NEURAL:17.1875|OFI_AXIS:HIGH_SPEED:17.1875|OFI_AXIS:LOCAL_MUSCULAR:37.8125|OFI_AXIS:REACTIVE:15.625|OFI_AXIS:SYSTEMIC_MUSCULAR:13.28125|OFI_DOSE:LOAD_REPS:0.0|OFI_GROUP:BODYWEIGHT_HORIZONTAL_PUSH:0.0|OFI_GROUP:BODYWEIGHT_HORIZONTAL_PUSH:0.0|OFI_GROUP:BODYWEIGHT_HORIZONTAL_PUSH:0.0|OFI_SCORE:HIGH_FORCE_NEURAL:21.0|OFI_SCORE:HIGH_SPEED:21.0|OFI_SCORE:LOCAL_MUSCULAR:47.0|OFI_SCORE:REACTIVE:20.0|OFI_SCORE:SYSTEMIC_MUSCULAR:17.0|OFI_SNAPSHOT:SUMMARY:28.0","","PROGRESSION:BODYWEIGHT_HORIZONTAL_PUSH","removedAxes=;removedObjectives=","addedAxes=;addedObjectives=","PARITY_EXACT"
"ex_deca2b61","BALANCE|FATIGUE|HYPERTROPHY_VOLUME","NONE","forceType=BRACE;plane=SAGITTAL;laterality=BILATERAL;fatigue=ANTERIOR_SHOULDER_LOAD|BODYWEIGHT_LOAD|CHEST_LOAD|DIP_PUSH_STRESS|ELBOW_JOINT_STRESS|LOCAL_MUSCLE|NEURAL_HEAVY|OVERHEAD_REPETITION|SHOULDER_JOINT_STABILITY_STRESS|SYSTEMIC|TRICEPS_LOAD|TRICEPS_TENDON_STRESS|WRIST_SUPPORT_STRESS;muscles=ANTERIOR_DELTOID|CHEST|CORE|SHOULDER|TRICEPS;roles=SHOULDER_CARE;skills=;qualities=","LOW_FATIGUE_CONTROL|RACKET_SUPPORT|ROTATION_CONTROL","","LOW","BADMINTON_FATIGUE_COST:LOW:0.0|OFI_AXIS:HIGH_FORCE_NEURAL:17.1875|OFI_AXIS:HIGH_SPEED:17.1875|OFI_AXIS:LOCAL_MUSCULAR:58.4375|OFI_AXIS:REACTIVE:15.625|OFI_AXIS:SYSTEMIC_MUSCULAR:29.21875|OFI_DOSE:VOLUME_LOAD:0.0|OFI_GROUP:DIP_TRICEPS_PUSH:0.0|OFI_GROUP:DIP_TRICEPS_PUSH:0.0|OFI_GROUP:DIP_TRICEPS_PUSH:0.0|OFI_SCORE:HIGH_FORCE_NEURAL:21.0|OFI_SCORE:HIGH_SPEED:21.0|OFI_SCORE:LOCAL_MUSCULAR:73.0|OFI_SCORE:REACTIVE:20.0|OFI_SCORE:SYSTEMIC_MUSCULAR:37.0|OFI_SNAPSHOT:SUMMARY:41.0","","PROGRESSION:DIP_TRICEPS_PUSH","BALANCE|FATIGUE|HYPERTROPHY_VOLUME","NONE","level=NONE;types=;skills=;qualities=","","","LOW","BADMINTON_FATIGUE_COST:LOW:0.0|OFI_AXIS:HIGH_FORCE_NEURAL:17.1875|OFI_AXIS:HIGH_SPEED:17.1875|OFI_AXIS:LOCAL_MUSCULAR:58.4375|OFI_AXIS:REACTIVE:15.625|OFI_AXIS:SYSTEMIC_MUSCULAR:29.21875|OFI_DOSE:VOLUME_LOAD:0.0|OFI_GROUP:DIP_TRICEPS_PUSH:0.0|OFI_GROUP:DIP_TRICEPS_PUSH:0.0|OFI_GROUP:DIP_TRICEPS_PUSH:0.0|OFI_SCORE:HIGH_FORCE_NEURAL:21.0|OFI_SCORE:HIGH_SPEED:21.0|OFI_SCORE:LOCAL_MUSCULAR:73.0|OFI_SCORE:REACTIVE:20.0|OFI_SCORE:SYSTEMIC_MUSCULAR:37.0|OFI_SNAPSHOT:SUMMARY:41.0","","PROGRESSION:DIP_TRICEPS_PUSH","removedAxes=LOW_FATIGUE_CONTROL|RACKET_SUPPORT|ROTATION_CONTROL;removedObjectives=","addedAxes=;addedObjectives=","PARITY_INTENTIONAL_CORRECTION"
"ex_df966b45","BADMINTON_SUPPORTIVE|BALANCE|FATIGUE|HYPERTROPHY_VOLUME","SUPPORTIVE","forceType=SQUAT;plane=SAGITTAL;laterality=UNILATERAL;fatigue=ACHILLES_TENDON_STRESS|DECELERATION|DECELERATION_LOAD|GLUTE_LOAD|HIGH_AMPLITUDE_JUMP_LANDING_STRESS|HIP_ROTATIONAL_CONTROL_STRESS|KNEE_VALGUS_CONTROL_STRESS|LANDING_LOAD|LOCAL_MUSCLE|NEURAL_HEAVY|NEURAL_SPEED|PATELLAR_TENDON_STRESS|PLYOMETRIC_LANDING_STRESS|QUAD_LOAD|SINGLE_LEG_STABILITY_LOAD|SYSTEMIC;muscles=CORE|DEEP_CORE;roles=LOWER_BODY_SUPPORTIVE;skills=CHANGE_OF_DIRECTION|FIRST_STEP;qualities=ACCELERATION|DECELERATION|FRONTAL_PLANE_CONTROL|HIP_CONTROL|HIP_KNEE_EXTENSION_STRENGTH|LOWER_BODY_FORCE|REACTIVE_AGILITY|SINGLE_LEG_STABILITY","DECELERATION_LANDING|LATERAL_MOVEMENT|LOW_FATIGUE_CONTROL|UNILATERAL_STABILITY","ACCELERATION|DECELERATION","HIGH","BADMINTON_FATIGUE_COST:HIGH:0.0|OFI_AXIS:HIGH_FORCE_NEURAL:17.1875|OFI_AXIS:HIGH_SPEED:70.125|OFI_AXIS:LOCAL_MUSCULAR:58.4375|OFI_AXIS:REACTIVE:63.75|OFI_AXIS:SYSTEMIC_MUSCULAR:53.125|OFI_DOSE:REPS_OR_TIME:0.0|OFI_GROUP:NOT_APPLICABLE:0.0|OFI_GROUP:NOT_APPLICABLE:0.0|OFI_GROUP:PLYOMETRIC_LUNGE_SSC:0.0|OFI_SCORE:HIGH_FORCE_NEURAL:21.0|OFI_SCORE:HIGH_SPEED:88.0|OFI_SCORE:LOCAL_MUSCULAR:73.0|OFI_SCORE:REACTIVE:80.0|OFI_SCORE:SYSTEMIC_MUSCULAR:66.0|OFI_SNAPSHOT:SUMMARY:76.0","","","BADMINTON_SUPPORTIVE|BALANCE|FATIGUE|HYPERTROPHY_VOLUME","SUPPORTIVE","level=SUPPORTIVE;types=LOWER_BODY_SUPPORTIVE;skills=CHANGE_OF_DIRECTION|FIRST_STEP;qualities=ACCELERATION|DECELERATION|FRONTAL_PLANE_CONTROL|HIP_CONTROL|HIP_KNEE_EXTENSION_STRENGTH|LOWER_BODY_FORCE|REACTIVE_AGILITY|SINGLE_LEG_STABILITY","DECELERATION_LANDING","ACCELERATION|DECELERATION","HIGH","BADMINTON_FATIGUE_COST:HIGH:0.0|OFI_AXIS:HIGH_FORCE_NEURAL:17.1875|OFI_AXIS:HIGH_SPEED:70.125|OFI_AXIS:LOCAL_MUSCULAR:58.4375|OFI_AXIS:REACTIVE:63.75|OFI_AXIS:SYSTEMIC_MUSCULAR:53.125|OFI_DOSE:REPS_OR_TIME:0.0|OFI_GROUP:NOT_APPLICABLE:0.0|OFI_GROUP:NOT_APPLICABLE:0.0|OFI_GROUP:PLYOMETRIC_LUNGE_SSC:0.0|OFI_SCORE:HIGH_FORCE_NEURAL:21.0|OFI_SCORE:HIGH_SPEED:88.0|OFI_SCORE:LOCAL_MUSCULAR:73.0|OFI_SCORE:REACTIVE:80.0|OFI_SCORE:SYSTEMIC_MUSCULAR:66.0|OFI_SNAPSHOT:SUMMARY:76.0","","","removedAxes=LATERAL_MOVEMENT|LOW_FATIGUE_CONTROL|UNILATERAL_STABILITY;removedObjectives=","addedAxes=;addedObjectives=","PARITY_INTENTIONAL_CORRECTION"
"ex_e0b1e364","BADMINTON_SUPPORTIVE|BALANCE|FATIGUE|HYPERTROPHY_VOLUME|STRENGTH_PROGRESS","SUPPORTIVE","forceType=HINGE;plane=SAGITTAL;laterality=UNILATERAL;fatigue=CORE_BRACING_LOAD|GLUTE_LOAD|HAMSTRING_LOAD|HAMSTRING_TENDON_STRESS|HIP_ROTATIONAL_CONTROL_STRESS|HIP_STABILITY_LOAD|LOCAL_MUSCLE|LUMBOPELVIC_CONTROL_STRESS|NEURAL_HEAVY|SYSTEMIC|UNILATERAL_LOWER_STABILITY_STRESS;muscles=CORE|DEEP_CORE|GLUTE|GLUTE_MEDIUS|HAMSTRING|LAT|OBLIQUE;roles=LOWER_BODY_SUPPORTIVE;skills=CHANGE_OF_DIRECTION|FIRST_STEP;qualities=FRONTAL_PLANE_CONTROL|HIP_CONTROL|HIP_KNEE_EXTENSION_STRENGTH|LOWER_BODY_FORCE|SINGLE_LEG_STABILITY","UNILATERAL_STABILITY","ACCELERATION","HIGH","BADMINTON_FATIGUE_COST:HIGH:0.0|OFI_AXIS:HIGH_FORCE_NEURAL:17.1875|OFI_AXIS:HIGH_SPEED:70.125|OFI_AXIS:LOCAL_MUSCULAR:58.4375|OFI_AXIS:REACTIVE:63.75|OFI_AXIS:SYSTEMIC_MUSCULAR:29.21875|OFI_DOSE:VOLUME_LOAD:0.0|OFI_GROUP:SINGLE_LEG_HINGE_STABILITY:0.0|OFI_GROUP:SINGLE_LEG_HINGE_STABILITY:0.0|OFI_GROUP:SINGLE_LEG_HINGE_STABILITY:0.0|OFI_SCORE:HIGH_FORCE_NEURAL:21.0|OFI_SCORE:HIGH_SPEED:88.0|OFI_SCORE:LOCAL_MUSCULAR:73.0|OFI_SCORE:REACTIVE:80.0|OFI_SCORE:SYSTEMIC_MUSCULAR:37.0|OFI_SNAPSHOT:SUMMARY:74.0","","PROGRESSION:SINGLE_LEG_HINGE_STABILITY","BADMINTON_SUPPORTIVE|BALANCE|FATIGUE|HYPERTROPHY_VOLUME|STRENGTH_PROGRESS","SUPPORTIVE","level=SUPPORTIVE;types=LOWER_BODY_SUPPORTIVE;skills=CHANGE_OF_DIRECTION|FIRST_STEP;qualities=FRONTAL_PLANE_CONTROL|HIP_CONTROL|HIP_KNEE_EXTENSION_STRENGTH|LOWER_BODY_FORCE|SINGLE_LEG_STABILITY","","ACCELERATION","HIGH","BADMINTON_FATIGUE_COST:HIGH:0.0|OFI_AXIS:HIGH_FORCE_NEURAL:17.1875|OFI_AXIS:HIGH_SPEED:70.125|OFI_AXIS:LOCAL_MUSCULAR:58.4375|OFI_AXIS:REACTIVE:63.75|OFI_AXIS:SYSTEMIC_MUSCULAR:29.21875|OFI_DOSE:VOLUME_LOAD:0.0|OFI_GROUP:SINGLE_LEG_HINGE_STABILITY:0.0|OFI_GROUP:SINGLE_LEG_HINGE_STABILITY:0.0|OFI_GROUP:SINGLE_LEG_HINGE_STABILITY:0.0|OFI_SCORE:HIGH_FORCE_NEURAL:21.0|OFI_SCORE:HIGH_SPEED:88.0|OFI_SCORE:LOCAL_MUSCULAR:73.0|OFI_SCORE:REACTIVE:80.0|OFI_SCORE:SYSTEMIC_MUSCULAR:37.0|OFI_SNAPSHOT:SUMMARY:74.0","","PROGRESSION:SINGLE_LEG_HINGE_STABILITY","removedAxes=UNILATERAL_STABILITY;removedObjectives=","addedAxes=;addedObjectives=","PARITY_INTENTIONAL_CORRECTION"
"ex_e1894690","BADMINTON_SUPPORTIVE|BALANCE|FATIGUE|HYPERTROPHY_VOLUME|STRENGTH_PROGRESS","SUPPORTIVE","forceType=PULL;plane=FRONTAL;laterality=BILATERAL;fatigue=BICEPS_LOAD|BICEPS_TENDON_STRESS|BODYWEIGHT_LOAD|CORE_BRACING_LOAD|FOREARM_FLEXOR_TENDON_STRESS|GRIP_FOREARM|GRIP_LOAD|LAT_LOAD|LOCAL_MUSCLE|LOW_FATIGUE_REHAB|OVERHEAD_REPETITION|SCAPULAR_CONTROL_LOAD|SHOULDER_JOINT_STABILITY_STRESS|VERTICAL_PULL_STRESS;muscles=CORE|LAT|LOWER_TRAP|OBLIQUE|ROTATOR_CUFF|SCAPULAR_STABILIZERS|TRAPEZIUS;roles=SHOULDER_CARE|SHOULDER_SCAPULAR_SUPPORTIVE;skills=DRIVE|OVERHEAD_CLEAR;qualities=SCAPULAR_CONTROL|SHOULDER_DURABILITY","LATERAL_MOVEMENT|LOW_FATIGUE_CONTROL|RACKET_SUPPORT","","LOW","BADMINTON_FATIGUE_COST:LOW:0.0|OFI_AXIS:HIGH_FORCE_NEURAL:37.8125|OFI_AXIS:HIGH_SPEED:17.1875|OFI_AXIS:LOCAL_MUSCULAR:58.4375|OFI_AXIS:REACTIVE:15.625|OFI_AXIS:SYSTEMIC_MUSCULAR:34.375|OFI_DOSE:VOLUME_LOAD:0.0|OFI_GROUP:VERTICAL_PULL_COMPOUND:0.0|OFI_GROUP:VERTICAL_PULL_COMPOUND:0.0|OFI_GROUP:VERTICAL_PULL_COMPOUND:0.0|OFI_SCORE:HIGH_FORCE_NEURAL:47.0|OFI_SCORE:HIGH_SPEED:21.0|OFI_SCORE:LOCAL_MUSCULAR:73.0|OFI_SCORE:REACTIVE:20.0|OFI_SCORE:SYSTEMIC_MUSCULAR:43.0|OFI_SNAPSHOT:SUMMARY:44.0","","PROGRESSION:VERTICAL_PULL_COMPOUND","BADMINTON_SUPPORTIVE|BALANCE|FATIGUE|HYPERTROPHY_VOLUME|STRENGTH_PROGRESS","SUPPORTIVE","level=SUPPORTIVE;types=SHOULDER_SCAPULAR_SUPPORTIVE;skills=DRIVE|OVERHEAD_CLEAR;qualities=SCAPULAR_CONTROL|SHOULDER_DURABILITY","RACKET_SUPPORT","","LOW","BADMINTON_FATIGUE_COST:LOW:0.0|OFI_AXIS:HIGH_FORCE_NEURAL:37.8125|OFI_AXIS:HIGH_SPEED:17.1875|OFI_AXIS:LOCAL_MUSCULAR:58.4375|OFI_AXIS:REACTIVE:15.625|OFI_AXIS:SYSTEMIC_MUSCULAR:34.375|OFI_DOSE:VOLUME_LOAD:0.0|OFI_GROUP:VERTICAL_PULL_COMPOUND:0.0|OFI_GROUP:VERTICAL_PULL_COMPOUND:0.0|OFI_GROUP:VERTICAL_PULL_COMPOUND:0.0|OFI_SCORE:HIGH_FORCE_NEURAL:47.0|OFI_SCORE:HIGH_SPEED:21.0|OFI_SCORE:LOCAL_MUSCULAR:73.0|OFI_SCORE:REACTIVE:20.0|OFI_SCORE:SYSTEMIC_MUSCULAR:43.0|OFI_SNAPSHOT:SUMMARY:44.0","","PROGRESSION:VERTICAL_PULL_COMPOUND","removedAxes=LATERAL_MOVEMENT|LOW_FATIGUE_CONTROL;removedObjectives=","addedAxes=;addedObjectives=","PARITY_INTENTIONAL_CORRECTION"
"ex_e2efd0fe","BADMINTON_SUPPORTIVE|BALANCE|FATIGUE|HYPERTROPHY_VOLUME","SUPPORTIVE","forceType=SQUAT;plane=SAGITTAL;laterality=BILATERAL;fatigue=GLUTE_LOAD|HIP_CONTROL_LOAD|HIP_ROTATIONAL_CONTROL_STRESS|KNEE_VALGUS_CONTROL_STRESS|LOCAL_MUSCLE|LUMBOPELVIC_CONTROL_STRESS|NEURAL_HEAVY|PATELLAR_TENDON_STRESS|QUAD_LOAD|SINGLE_LEG_STABILITY_LOAD|SYSTEMIC|UNILATERAL_CONTROL_LOAD|UNILATERAL_LOWER_STABILITY_STRESS;muscles=CORE|GLUTE|HAMSTRING|QUADRICEPS;roles=LOWER_BODY_SUPPORTIVE;skills=CHANGE_OF_DIRECTION|FIRST_STEP;qualities=FRONTAL_PLANE_CONTROL|HIP_CONTROL|HIP_KNEE_EXTENSION_STRENGTH|LOWER_BODY_FORCE|SINGLE_LEG_STABILITY","UNILATERAL_STABILITY","ACCELERATION","VERY_HIGH","BADMINTON_FATIGUE_COST:VERY_HIGH:0.0|OFI_AXIS:HIGH_FORCE_NEURAL:37.8125|OFI_AXIS:HIGH_SPEED:70.125|OFI_AXIS:LOCAL_MUSCULAR:58.4375|OFI_AXIS:REACTIVE:63.75|OFI_AXIS:SYSTEMIC_MUSCULAR:34.375|OFI_DOSE:VOLUME_LOAD:0.0|OFI_GROUP:LUNGE_UNILATERAL_LOWER:0.0|OFI_GROUP:LUNGE_UNILATERAL_LOWER:0.0|OFI_GROUP:LUNGE_UNILATERAL_LOWER:0.0|OFI_SCORE:HIGH_FORCE_NEURAL:47.0|OFI_SCORE:HIGH_SPEED:88.0|OFI_SCORE:LOCAL_MUSCULAR:73.0|OFI_SCORE:REACTIVE:80.0|OFI_SCORE:SYSTEMIC_MUSCULAR:43.0|OFI_SNAPSHOT:SUMMARY:77.0","ROLE:STRENGTH|SLOT:MAIN_STRENGTH_SLOT","PROGRESSION:LUNGE_UNILATERAL_LOWER","BADMINTON_SUPPORTIVE|BALANCE|FATIGUE|HYPERTROPHY_VOLUME","SUPPORTIVE","level=SUPPORTIVE;types=LOWER_BODY_SUPPORTIVE;skills=CHANGE_OF_DIRECTION|FIRST_STEP;qualities=FRONTAL_PLANE_CONTROL|HIP_CONTROL|HIP_KNEE_EXTENSION_STRENGTH|LOWER_BODY_FORCE|SINGLE_LEG_STABILITY","","ACCELERATION","VERY_HIGH","BADMINTON_FATIGUE_COST:VERY_HIGH:0.0|OFI_AXIS:HIGH_FORCE_NEURAL:37.8125|OFI_AXIS:HIGH_SPEED:70.125|OFI_AXIS:LOCAL_MUSCULAR:58.4375|OFI_AXIS:REACTIVE:63.75|OFI_AXIS:SYSTEMIC_MUSCULAR:34.375|OFI_DOSE:VOLUME_LOAD:0.0|OFI_GROUP:LUNGE_UNILATERAL_LOWER:0.0|OFI_GROUP:LUNGE_UNILATERAL_LOWER:0.0|OFI_GROUP:LUNGE_UNILATERAL_LOWER:0.0|OFI_SCORE:HIGH_FORCE_NEURAL:47.0|OFI_SCORE:HIGH_SPEED:88.0|OFI_SCORE:LOCAL_MUSCULAR:73.0|OFI_SCORE:REACTIVE:80.0|OFI_SCORE:SYSTEMIC_MUSCULAR:43.0|OFI_SNAPSHOT:SUMMARY:77.0","ROLE:STRENGTH|SLOT:MAIN_STRENGTH_SLOT","PROGRESSION:LUNGE_UNILATERAL_LOWER","removedAxes=UNILATERAL_STABILITY;removedObjectives=","addedAxes=;addedObjectives=","PARITY_INTENTIONAL_CORRECTION"
"ex_e3715c0b","BADMINTON_SUPPORTIVE|BALANCE|FATIGUE|HYPERTROPHY_VOLUME","SUPPORTIVE","forceType=SQUAT;plane=SAGITTAL;laterality=UNILATERAL;fatigue=DECELERATION|DECELERATION_LOAD|DIRECTION_CHANGE_IMPACT_STRESS|GLUTE_LOAD|HIP_ROTATIONAL_CONTROL_STRESS|KNEE_VALGUS_CONTROL_STRESS|LOCAL_MUSCLE|LUMBOPELVIC_CONTROL_STRESS|LUNGE_DECELERATION_STRESS|LUNGE_REACH_LOAD|NEURAL_HEAVY|PATELLAR_TENDON_STRESS|QUAD_LOAD|SINGLE_LEG_STABILITY_LOAD|SYSTEMIC;muscles=CORE|DEEP_CORE|GLUTE|HAMSTRING|HIP_ADDUCTOR|QUADRICEPS;roles=LOWER_BODY_SUPPORTIVE;skills=CHANGE_OF_DIRECTION|FIRST_STEP;qualities=FRONTAL_PLANE_CONTROL|HIP_CONTROL|HIP_KNEE_EXTENSION_STRENGTH|LOWER_BODY_FORCE|SINGLE_LEG_STABILITY","DECELERATION_LANDING|UNILATERAL_STABILITY","ACCELERATION","HIGH","BADMINTON_FATIGUE_COST:HIGH:0.0|OFI_AXIS:HIGH_FORCE_NEURAL:37.8125|OFI_AXIS:HIGH_SPEED:70.125|OFI_AXIS:LOCAL_MUSCULAR:58.4375|OFI_AXIS:REACTIVE:63.75|OFI_AXIS:SYSTEMIC_MUSCULAR:53.125|OFI_DOSE:VOLUME_LOAD:0.0|OFI_GROUP:LUNGE_UNILATERAL_LOWER:0.0|OFI_GROUP:LUNGE_UNILATERAL_LOWER:0.0|OFI_GROUP:LUNGE_UNILATERAL_LOWER:0.0|OFI_SCORE:HIGH_FORCE_NEURAL:47.0|OFI_SCORE:HIGH_SPEED:88.0|OFI_SCORE:LOCAL_MUSCULAR:73.0|OFI_SCORE:REACTIVE:80.0|OFI_SCORE:SYSTEMIC_MUSCULAR:66.0|OFI_SNAPSHOT:SUMMARY:79.0","","PROGRESSION:LUNGE_UNILATERAL_LOWER","BADMINTON_SUPPORTIVE|BALANCE|FATIGUE|HYPERTROPHY_VOLUME","SUPPORTIVE","level=SUPPORTIVE;types=LOWER_BODY_SUPPORTIVE;skills=CHANGE_OF_DIRECTION|FIRST_STEP;qualities=FRONTAL_PLANE_CONTROL|HIP_CONTROL|HIP_KNEE_EXTENSION_STRENGTH|LOWER_BODY_FORCE|SINGLE_LEG_STABILITY","","ACCELERATION","HIGH","BADMINTON_FATIGUE_COST:HIGH:0.0|OFI_AXIS:HIGH_FORCE_NEURAL:37.8125|OFI_AXIS:HIGH_SPEED:70.125|OFI_AXIS:LOCAL_MUSCULAR:58.4375|OFI_AXIS:REACTIVE:63.75|OFI_AXIS:SYSTEMIC_MUSCULAR:53.125|OFI_DOSE:VOLUME_LOAD:0.0|OFI_GROUP:LUNGE_UNILATERAL_LOWER:0.0|OFI_GROUP:LUNGE_UNILATERAL_LOWER:0.0|OFI_GROUP:LUNGE_UNILATERAL_LOWER:0.0|OFI_SCORE:HIGH_FORCE_NEURAL:47.0|OFI_SCORE:HIGH_SPEED:88.0|OFI_SCORE:LOCAL_MUSCULAR:73.0|OFI_SCORE:REACTIVE:80.0|OFI_SCORE:SYSTEMIC_MUSCULAR:66.0|OFI_SNAPSHOT:SUMMARY:79.0","","PROGRESSION:LUNGE_UNILATERAL_LOWER","removedAxes=DECELERATION_LANDING|UNILATERAL_STABILITY;removedObjectives=","addedAxes=;addedObjectives=","PARITY_INTENTIONAL_CORRECTION"
"ex_e41e8dcf","BALANCE|FATIGUE|HYPERTROPHY_VOLUME|STRENGTH_PROGRESS","GENERAL_STRENGTH","forceType=PULL;plane=FRONTAL;laterality=BILATERAL;fatigue=BICEPS_LOAD|BICEPS_TENDON_STRESS|CORE_BRACING_LOAD|EXTERNAL_LOAD|FOREARM_FLEXOR_TENDON_STRESS|GRIP_FOREARM|GRIP_LOAD|HEAVY_LOAD|LAT_LOAD|LOCAL_MUSCLE|NEURAL_HEAVY|NEURAL_LOAD|SCAPULAR_CONTROL_LOAD|SHOULDER_JOINT_STABILITY_STRESS|SYSTEMIC|VERTICAL_PULL_STRESS;muscles=BACK|BICEPS|CORE|DEEP_CORE|FOREARM|LAT;roles=GENERAL_STRENGTH_SUPPORTIVE|GRIP_FOREARM;skills=;qualities=SCAPULAR_CONTROL|SHOULDER_DURABILITY","LATERAL_MOVEMENT|RACKET_SUPPORT","","HIGH","BADMINTON_FATIGUE_COST:HIGH:0.0|OFI_AXIS:HIGH_FORCE_NEURAL:58.4375|OFI_AXIS:HIGH_SPEED:17.1875|OFI_AXIS:LOCAL_MUSCULAR:58.4375|OFI_AXIS:REACTIVE:15.625|OFI_AXIS:SYSTEMIC_MUSCULAR:34.375|OFI_DOSE:VOLUME_LOAD:0.0|OFI_GROUP:VERTICAL_PULL_COMPOUND:0.0|OFI_GROUP:VERTICAL_PULL_COMPOUND:0.0|OFI_GROUP:VERTICAL_PULL_COMPOUND:0.0|OFI_SCORE:HIGH_FORCE_NEURAL:73.0|OFI_SCORE:HIGH_SPEED:21.0|OFI_SCORE:LOCAL_MUSCULAR:73.0|OFI_SCORE:REACTIVE:20.0|OFI_SCORE:SYSTEMIC_MUSCULAR:43.0|OFI_SNAPSHOT:SUMMARY:46.0","","PROGRESSION:VERTICAL_PULL_COMPOUND|PROXY:WEIGHTED_PULL_UP:SHARED_FACTOR_PROXY","BALANCE|FATIGUE|HYPERTROPHY_VOLUME|STRENGTH_PROGRESS","GENERAL_STRENGTH","level=GENERAL;types=GENERAL_STRENGTH_SUPPORTIVE;skills=;qualities=SCAPULAR_CONTROL|SHOULDER_DURABILITY","","","HIGH","BADMINTON_FATIGUE_COST:HIGH:0.0|OFI_AXIS:HIGH_FORCE_NEURAL:58.4375|OFI_AXIS:HIGH_SPEED:17.1875|OFI_AXIS:LOCAL_MUSCULAR:58.4375|OFI_AXIS:REACTIVE:15.625|OFI_AXIS:SYSTEMIC_MUSCULAR:34.375|OFI_DOSE:VOLUME_LOAD:0.0|OFI_GROUP:VERTICAL_PULL_COMPOUND:0.0|OFI_GROUP:VERTICAL_PULL_COMPOUND:0.0|OFI_GROUP:VERTICAL_PULL_COMPOUND:0.0|OFI_SCORE:HIGH_FORCE_NEURAL:73.0|OFI_SCORE:HIGH_SPEED:21.0|OFI_SCORE:LOCAL_MUSCULAR:73.0|OFI_SCORE:REACTIVE:20.0|OFI_SCORE:SYSTEMIC_MUSCULAR:43.0|OFI_SNAPSHOT:SUMMARY:46.0","","PROGRESSION:VERTICAL_PULL_COMPOUND|PROXY:WEIGHTED_PULL_UP:SHARED_FACTOR_PROXY","removedAxes=LATERAL_MOVEMENT|RACKET_SUPPORT;removedObjectives=","addedAxes=;addedObjectives=","PARITY_INTENTIONAL_CORRECTION"
"ex_e41f4c2b","BALANCE|FATIGUE|HYPERTROPHY_VOLUME|STRENGTH_PROGRESS","GENERAL_STRENGTH","forceType=PULL;plane=FRONTAL;laterality=BILATERAL;fatigue=BICEPS_LOAD|BICEPS_TENDON_STRESS|CORE_BRACING_LOAD|EXTERNAL_LOAD|FOREARM_FLEXOR_TENDON_STRESS|GRIP_FOREARM|GRIP_LOAD|HEAVY_LOAD|LAT_LOAD|LOCAL_MUSCLE|NEURAL_HEAVY|NEURAL_LOAD|OVERHEAD_REPETITION|SCAPULAR_CONTROL_LOAD|SHOULDER_JOINT_STABILITY_STRESS|SYSTEMIC|VERTICAL_PULL_STRESS;muscles=BACK|BICEPS|CORE|DEEP_CORE|FOREARM|GRIP|LAT|SCAPULAR_STABILIZERS;roles=GENERAL_STRENGTH_SUPPORTIVE|GRIP_FOREARM|SHOULDER_CARE;skills=;qualities=SCAPULAR_CONTROL|SHOULDER_DURABILITY","LATERAL_MOVEMENT|RACKET_SUPPORT","","HIGH","BADMINTON_FATIGUE_COST:HIGH:0.0|OFI_AXIS:HIGH_FORCE_NEURAL:79.0625|OFI_AXIS:HIGH_SPEED:17.1875|OFI_AXIS:LOCAL_MUSCULAR:58.4375|OFI_AXIS:REACTIVE:15.625|OFI_AXIS:SYSTEMIC_MUSCULAR:34.375|OFI_DOSE:ESTIMATED_1RM:0.0|OFI_GROUP:VERTICAL_PULL_COMPOUND:0.0|OFI_GROUP:VERTICAL_PULL_COMPOUND:0.0|OFI_GROUP:VERTICAL_PULL_COMPOUND:0.0|OFI_SCORE:HIGH_FORCE_NEURAL:99.0|OFI_SCORE:HIGH_SPEED:21.0|OFI_SCORE:LOCAL_MUSCULAR:73.0|OFI_SCORE:REACTIVE:20.0|OFI_SCORE:SYSTEMIC_MUSCULAR:43.0|OFI_SNAPSHOT:SUMMARY:70.0","","PROGRESSION:VERTICAL_PULL_COMPOUND|PROXY:WEIGHTED_PULL_UP:DIRECT_ANCHOR","BALANCE|FATIGUE|HYPERTROPHY_VOLUME|STRENGTH_PROGRESS","GENERAL_STRENGTH","level=GENERAL;types=GENERAL_STRENGTH_SUPPORTIVE;skills=;qualities=SCAPULAR_CONTROL|SHOULDER_DURABILITY","","","HIGH","BADMINTON_FATIGUE_COST:HIGH:0.0|OFI_AXIS:HIGH_FORCE_NEURAL:79.0625|OFI_AXIS:HIGH_SPEED:17.1875|OFI_AXIS:LOCAL_MUSCULAR:58.4375|OFI_AXIS:REACTIVE:15.625|OFI_AXIS:SYSTEMIC_MUSCULAR:34.375|OFI_DOSE:ESTIMATED_1RM:0.0|OFI_GROUP:VERTICAL_PULL_COMPOUND:0.0|OFI_GROUP:VERTICAL_PULL_COMPOUND:0.0|OFI_GROUP:VERTICAL_PULL_COMPOUND:0.0|OFI_SCORE:HIGH_FORCE_NEURAL:99.0|OFI_SCORE:HIGH_SPEED:21.0|OFI_SCORE:LOCAL_MUSCULAR:73.0|OFI_SCORE:REACTIVE:20.0|OFI_SCORE:SYSTEMIC_MUSCULAR:43.0|OFI_SNAPSHOT:SUMMARY:70.0","","PROGRESSION:VERTICAL_PULL_COMPOUND|PROXY:WEIGHTED_PULL_UP:DIRECT_ANCHOR","removedAxes=LATERAL_MOVEMENT|RACKET_SUPPORT;removedObjectives=","addedAxes=;addedObjectives=","PARITY_INTENTIONAL_CORRECTION"
"ex_e465d1e9","BADMINTON_SUPPORTIVE|BALANCE|FATIGUE","SUPPORTIVE","forceType=LAND;plane=SAGITTAL;laterality=BILATERAL;fatigue=ACHILLES_TENDON_STRESS|ANKLE_EVERSION_CONTROL_STRESS|ANKLE_INVERSION_LIGAMENT_STRESS|ANKLE_SSC_REACTIVE_STRESS|CALF_ANKLE_SSC_LOAD|DECELERATION|ELASTIC_SSC|LANDING_LOAD|LOCAL_MUSCLE|NEURAL_HEAVY|NEURAL_SPEED|PATELLAR_TENDON_STRESS|REPEATED_LOW_AMPLITUDE_IMPACT_STRESS|REPEATED_PATTERN_LOAD|SYSTEMIC;muscles=CALF|CORE;roles=ANKLE_CALF_SSC_SUPPORTIVE|JUMP_LANDING;skills=CHANGE_OF_DIRECTION|FIRST_STEP|SPLIT_STEP;qualities=ACCELERATION|ANKLE_STIFFNESS|CALF_ELASTICITY|JUMP_LANDING|RECOVERY_STEP","DECELERATION_LANDING|LATERAL_MOVEMENT","ACCELERATION|FOOTWORK|JUMP_LANDING","HIGH","BADMINTON_FATIGUE_COST:HIGH:0.0|OFI_AXIS:HIGH_FORCE_NEURAL:17.1875|OFI_AXIS:HIGH_SPEED:70.125|OFI_AXIS:LOCAL_MUSCULAR:37.8125|OFI_AXIS:REACTIVE:63.75|OFI_AXIS:SYSTEMIC_MUSCULAR:34.375|OFI_DOSE:REPS_OR_TIME:0.0|OFI_GROUP:ANKLE_STIFFNESS_SSC_CONDITIONING:0.0|OFI_GROUP:NOT_APPLICABLE:0.0|OFI_GROUP:NOT_APPLICABLE:0.0|OFI_SCORE:HIGH_FORCE_NEURAL:21.0|OFI_SCORE:HIGH_SPEED:88.0|OFI_SCORE:LOCAL_MUSCULAR:47.0|OFI_SCORE:REACTIVE:80.0|OFI_SCORE:SYSTEMIC_MUSCULAR:43.0|OFI_SNAPSHOT:SUMMARY:72.0","","","BADMINTON_SUPPORTIVE|BALANCE|FATIGUE","SUPPORTIVE","level=SUPPORTIVE;types=ANKLE_CALF_SSC_SUPPORTIVE;skills=CHANGE_OF_DIRECTION|FIRST_STEP|SPLIT_STEP;qualities=ACCELERATION|ANKLE_STIFFNESS|CALF_ELASTICITY","","ACCELERATION|FOOTWORK","HIGH","BADMINTON_FATIGUE_COST:HIGH:0.0|OFI_AXIS:HIGH_FORCE_NEURAL:17.1875|OFI_AXIS:HIGH_SPEED:70.125|OFI_AXIS:LOCAL_MUSCULAR:37.8125|OFI_AXIS:REACTIVE:63.75|OFI_AXIS:SYSTEMIC_MUSCULAR:34.375|OFI_DOSE:REPS_OR_TIME:0.0|OFI_GROUP:ANKLE_STIFFNESS_SSC_CONDITIONING:0.0|OFI_GROUP:NOT_APPLICABLE:0.0|OFI_GROUP:NOT_APPLICABLE:0.0|OFI_SCORE:HIGH_FORCE_NEURAL:21.0|OFI_SCORE:HIGH_SPEED:88.0|OFI_SCORE:LOCAL_MUSCULAR:47.0|OFI_SCORE:REACTIVE:80.0|OFI_SCORE:SYSTEMIC_MUSCULAR:43.0|OFI_SNAPSHOT:SUMMARY:72.0","","","removedAxes=DECELERATION_LANDING|LATERAL_MOVEMENT;removedObjectives=JUMP_LANDING","addedAxes=;addedObjectives=","PARITY_INTENTIONAL_CORRECTION"
"ex_e4f911bb","BALANCE|FATIGUE|HYPERTROPHY_VOLUME|STRENGTH_PROGRESS","GENERAL_STRENGTH","forceType=PULL;plane=FRONTAL;laterality=BILATERAL;fatigue=BICEPS_LOAD|BICEPS_TENDON_STRESS|BODYWEIGHT_LOAD|CORE_BRACING_LOAD|FOREARM_FLEXOR_TENDON_STRESS|GRIP_FOREARM|GRIP_LOAD|LAT_LOAD|LOCAL_MUSCLE|NEURAL_HEAVY|OVERHEAD_REPETITION|SCAPULAR_CONTROL_LOAD|SHOULDER_JOINT_STABILITY_STRESS|SYSTEMIC|VERTICAL_PULL_STRESS;muscles=BICEPS|CORE|FOREARM|LAT|SCAPULAR_STABILIZERS;roles=GENERAL_STRENGTH_SUPPORTIVE|GRIP_FOREARM|SHOULDER_CARE;skills=;qualities=SCAPULAR_CONTROL|SHOULDER_DURABILITY","LATERAL_MOVEMENT|RACKET_SUPPORT","","MEDIUM","BADMINTON_FATIGUE_COST:MEDIUM:0.0|OFI_AXIS:HIGH_FORCE_NEURAL:37.8125|OFI_AXIS:HIGH_SPEED:17.1875|OFI_AXIS:LOCAL_MUSCULAR:58.4375|OFI_AXIS:REACTIVE:15.625|OFI_AXIS:SYSTEMIC_MUSCULAR:34.375|OFI_DOSE:VOLUME_LOAD:0.0|OFI_GROUP:VERTICAL_PULL_COMPOUND:0.0|OFI_GROUP:VERTICAL_PULL_COMPOUND:0.0|OFI_GROUP:VERTICAL_PULL_COMPOUND:0.0|OFI_SCORE:HIGH_FORCE_NEURAL:47.0|OFI_SCORE:HIGH_SPEED:21.0|OFI_SCORE:LOCAL_MUSCULAR:73.0|OFI_SCORE:REACTIVE:20.0|OFI_SCORE:SYSTEMIC_MUSCULAR:43.0|OFI_SNAPSHOT:SUMMARY:44.0","","PROGRESSION:VERTICAL_PULL_COMPOUND","BALANCE|FATIGUE|HYPERTROPHY_VOLUME|STRENGTH_PROGRESS","GENERAL_STRENGTH","level=GENERAL;types=GENERAL_STRENGTH_SUPPORTIVE;skills=;qualities=SCAPULAR_CONTROL|SHOULDER_DURABILITY","","","MEDIUM","BADMINTON_FATIGUE_COST:MEDIUM:0.0|OFI_AXIS:HIGH_FORCE_NEURAL:37.8125|OFI_AXIS:HIGH_SPEED:17.1875|OFI_AXIS:LOCAL_MUSCULAR:58.4375|OFI_AXIS:REACTIVE:15.625|OFI_AXIS:SYSTEMIC_MUSCULAR:34.375|OFI_DOSE:VOLUME_LOAD:0.0|OFI_GROUP:VERTICAL_PULL_COMPOUND:0.0|OFI_GROUP:VERTICAL_PULL_COMPOUND:0.0|OFI_GROUP:VERTICAL_PULL_COMPOUND:0.0|OFI_SCORE:HIGH_FORCE_NEURAL:47.0|OFI_SCORE:HIGH_SPEED:21.0|OFI_SCORE:LOCAL_MUSCULAR:73.0|OFI_SCORE:REACTIVE:20.0|OFI_SCORE:SYSTEMIC_MUSCULAR:43.0|OFI_SNAPSHOT:SUMMARY:44.0","","PROGRESSION:VERTICAL_PULL_COMPOUND","removedAxes=LATERAL_MOVEMENT|RACKET_SUPPORT;removedObjectives=","addedAxes=;addedObjectives=","PARITY_INTENTIONAL_CORRECTION"
"ex_e709eeda","BALANCE|FATIGUE|HYPERTROPHY_VOLUME","GENERAL_STRENGTH","forceType=BRACE;plane=SAGITTAL;laterality=BILATERAL;fatigue=BICEPS_LOCAL_LOAD|BICEPS_TENDON_STRESS|ELBOW_FLEXION_LOAD|FOREARM_FLEXOR_TENDON_STRESS|GRIP_FOREARM|GRIP_FOREARM_LOAD|ISOLATION_ACCESSORY_STRESS|LOCAL_MUSCLE|NEURAL_HEAVY|SYSTEMIC;muscles=BICEPS|CORE|FOREARM;roles=GENERAL_STRENGTH_SUPPORTIVE|GRIP_FOREARM;skills=;qualities=GRIP_ENDURANCE","LOW_FATIGUE_CONTROL|RACKET_SUPPORT|ROTATION_CONTROL","","LOW","BADMINTON_FATIGUE_COST:LOW:0.0|OFI_AXIS:HIGH_FORCE_NEURAL:17.1875|OFI_AXIS:HIGH_SPEED:17.1875|OFI_AXIS:LOCAL_MUSCULAR:58.4375|OFI_AXIS:REACTIVE:15.625|OFI_AXIS:SYSTEMIC_MUSCULAR:13.28125|OFI_DOSE:VOLUME_LOAD:0.0|OFI_GROUP:ELBOW_FLEXION_CURL:0.0|OFI_GROUP:ELBOW_FLEXION_CURL:0.0|OFI_GROUP:ELBOW_FLEXION_CURL:0.0|OFI_SCORE:HIGH_FORCE_NEURAL:21.0|OFI_SCORE:HIGH_SPEED:21.0|OFI_SCORE:LOCAL_MUSCULAR:73.0|OFI_SCORE:REACTIVE:20.0|OFI_SCORE:SYSTEMIC_MUSCULAR:17.0|OFI_SNAPSHOT:SUMMARY:39.0","","PROGRESSION:ELBOW_FLEXION_CURL","BALANCE|FATIGUE|HYPERTROPHY_VOLUME","GENERAL_STRENGTH","level=GENERAL;types=GENERAL_STRENGTH_SUPPORTIVE;skills=;qualities=GRIP_ENDURANCE","","","LOW","BADMINTON_FATIGUE_COST:LOW:0.0|OFI_AXIS:HIGH_FORCE_NEURAL:17.1875|OFI_AXIS:HIGH_SPEED:17.1875|OFI_AXIS:LOCAL_MUSCULAR:58.4375|OFI_AXIS:REACTIVE:15.625|OFI_AXIS:SYSTEMIC_MUSCULAR:13.28125|OFI_DOSE:VOLUME_LOAD:0.0|OFI_GROUP:ELBOW_FLEXION_CURL:0.0|OFI_GROUP:ELBOW_FLEXION_CURL:0.0|OFI_GROUP:ELBOW_FLEXION_CURL:0.0|OFI_SCORE:HIGH_FORCE_NEURAL:21.0|OFI_SCORE:HIGH_SPEED:21.0|OFI_SCORE:LOCAL_MUSCULAR:73.0|OFI_SCORE:REACTIVE:20.0|OFI_SCORE:SYSTEMIC_MUSCULAR:17.0|OFI_SNAPSHOT:SUMMARY:39.0","","PROGRESSION:ELBOW_FLEXION_CURL","removedAxes=LOW_FATIGUE_CONTROL|RACKET_SUPPORT|ROTATION_CONTROL;removedObjectives=","addedAxes=;addedObjectives=","PARITY_INTENTIONAL_CORRECTION"
"ex_e8ff8cfa","BADMINTON_SUPPORTIVE|BALANCE|RECOVERY_ONLY","SUPPORTIVE","forceType=BRACE;plane=TRANSVERSE;laterality=UNILATERAL;fatigue=ANTI_ROTATION|LOCAL_MUSCLE|LOCAL_STABILIZER_LOAD|LOW_FATIGUE_REHAB|LOW_LOAD_CONTROL|LOW_LOAD_PREHAB_CONTROL_STRESS|NEURAL_HEAVY|OVERHEAD_REPETITION|ROTATOR_CUFF_TENDON_STRESS|SHOULDER_SCAPULAR_STABILITY_STRESS|SYSTEMIC;muscles=CORE|DEEP_CORE|OBLIQUE|REAR_DELT|ROTATOR_CUFF|SCAPULAR_STABILIZERS|SHOULDER;roles=ANTI_ROTATION_STABILITY|SHOULDER_CARE|SHOULDER_SCAPULAR_SUPPORTIVE;skills=DRIVE|OVERHEAD_CLEAR|SMASH;qualities=ROTATOR_CUFF_CONTROL|SCAPULAR_CONTROL|SHOULDER_DURABILITY","LOW_FATIGUE_CONTROL|RACKET_SUPPORT|ROTATION_CONTROL|UNILATERAL_STABILITY","","MEDIUM","BADMINTON_FATIGUE_COST:MEDIUM:0.0|OFI_AXIS:HIGH_FORCE_NEURAL:17.1875|OFI_AXIS:HIGH_SPEED:17.1875|OFI_AXIS:LOCAL_MUSCULAR:37.8125|OFI_AXIS:REACTIVE:15.625|OFI_AXIS:SYSTEMIC_MUSCULAR:15.625|OFI_DOSE:QUALITY_BASED:0.0|OFI_GROUP:NOT_APPLICABLE:0.0|OFI_GROUP:NOT_APPLICABLE:0.0|OFI_GROUP:ROTATOR_CUFF_PREHAB:0.0|OFI_SCORE:HIGH_FORCE_NEURAL:21.0|OFI_SCORE:HIGH_SPEED:21.0|OFI_SCORE:LOCAL_MUSCULAR:47.0|OFI_SCORE:REACTIVE:20.0|OFI_SCORE:SYSTEMIC_MUSCULAR:20.0|OFI_SNAPSHOT:SUMMARY:28.0","","","BADMINTON_SUPPORTIVE|BALANCE|RECOVERY_ONLY","SUPPORTIVE","level=SUPPORTIVE;types=SHOULDER_SCAPULAR_SUPPORTIVE;skills=DRIVE|OVERHEAD_CLEAR|SMASH;qualities=ROTATOR_CUFF_CONTROL|SCAPULAR_CONTROL|SHOULDER_DURABILITY","RACKET_SUPPORT","","MEDIUM","BADMINTON_FATIGUE_COST:MEDIUM:0.0|OFI_AXIS:HIGH_FORCE_NEURAL:17.1875|OFI_AXIS:HIGH_SPEED:17.1875|OFI_AXIS:LOCAL_MUSCULAR:37.8125|OFI_AXIS:REACTIVE:15.625|OFI_AXIS:SYSTEMIC_MUSCULAR:15.625|OFI_DOSE:QUALITY_BASED:0.0|OFI_GROUP:NOT_APPLICABLE:0.0|OFI_GROUP:NOT_APPLICABLE:0.0|OFI_GROUP:ROTATOR_CUFF_PREHAB:0.0|OFI_SCORE:HIGH_FORCE_NEURAL:21.0|OFI_SCORE:HIGH_SPEED:21.0|OFI_SCORE:LOCAL_MUSCULAR:47.0|OFI_SCORE:REACTIVE:20.0|OFI_SCORE:SYSTEMIC_MUSCULAR:20.0|OFI_SNAPSHOT:SUMMARY:28.0","","","removedAxes=LOW_FATIGUE_CONTROL|ROTATION_CONTROL|UNILATERAL_STABILITY;removedObjectives=","addedAxes=;addedObjectives=","PARITY_INTENTIONAL_CORRECTION"
"ex_e9e97659","BALANCE|FATIGUE|HYPERTROPHY_VOLUME|STRENGTH_PROGRESS","GENERAL_STRENGTH","forceType=SQUAT;plane=SAGITTAL;laterality=BILATERAL;fatigue=GLUTE_LOAD|KNEE_ROTATIONAL_STABILITY_STRESS|KNEE_VALGUS_CONTROL_STRESS|LOCAL_MUSCLE|LUMBOPELVIC_CONTROL_STRESS|MACHINE_GUIDED_LOAD|MACHINE_LOWER_BODY_STRESS|NEURAL_HEAVY|PATELLAR_TENDON_STRESS|QUAD_LOAD|SYSTEMIC;muscles=BACK|CORE|GLUTE|HAMSTRING|QUADRICEPS;roles=GENERAL_STRENGTH_SUPPORTIVE;skills=;qualities=HIP_KNEE_EXTENSION_STRENGTH|LOWER_BODY_FORCE","UNILATERAL_STABILITY","","VERY_HIGH","BADMINTON_FATIGUE_COST:VERY_HIGH:0.0|OFI_AXIS:HIGH_FORCE_NEURAL:79.0625|OFI_AXIS:HIGH_SPEED:17.1875|OFI_AXIS:LOCAL_MUSCULAR:58.4375|OFI_AXIS:REACTIVE:15.625|OFI_AXIS:SYSTEMIC_MUSCULAR:39.53125|OFI_DOSE:VOLUME_LOAD:0.0|OFI_GROUP:SQUAT_PATTERN_HEAVY_LOWER:0.0|OFI_GROUP:SQUAT_PATTERN_HEAVY_LOWER:0.0|OFI_GROUP:SQUAT_PATTERN_HEAVY_LOWER:0.0|OFI_SCORE:HIGH_FORCE_NEURAL:99.0|OFI_SCORE:HIGH_SPEED:21.0|OFI_SCORE:LOCAL_MUSCULAR:73.0|OFI_SCORE:REACTIVE:20.0|OFI_SCORE:SYSTEMIC_MUSCULAR:49.0|OFI_SNAPSHOT:SUMMARY:70.0","","PROGRESSION:SQUAT_PATTERN_HEAVY_LOWER","BALANCE|FATIGUE|HYPERTROPHY_VOLUME|STRENGTH_PROGRESS","GENERAL_STRENGTH","level=GENERAL;types=GENERAL_STRENGTH_SUPPORTIVE;skills=;qualities=HIP_KNEE_EXTENSION_STRENGTH|LOWER_BODY_FORCE","","","VERY_HIGH","BADMINTON_FATIGUE_COST:VERY_HIGH:0.0|OFI_AXIS:HIGH_FORCE_NEURAL:79.0625|OFI_AXIS:HIGH_SPEED:17.1875|OFI_AXIS:LOCAL_MUSCULAR:58.4375|OFI_AXIS:REACTIVE:15.625|OFI_AXIS:SYSTEMIC_MUSCULAR:39.53125|OFI_DOSE:VOLUME_LOAD:0.0|OFI_GROUP:SQUAT_PATTERN_HEAVY_LOWER:0.0|OFI_GROUP:SQUAT_PATTERN_HEAVY_LOWER:0.0|OFI_GROUP:SQUAT_PATTERN_HEAVY_LOWER:0.0|OFI_SCORE:HIGH_FORCE_NEURAL:99.0|OFI_SCORE:HIGH_SPEED:21.0|OFI_SCORE:LOCAL_MUSCULAR:73.0|OFI_SCORE:REACTIVE:20.0|OFI_SCORE:SYSTEMIC_MUSCULAR:49.0|OFI_SNAPSHOT:SUMMARY:70.0","","PROGRESSION:SQUAT_PATTERN_HEAVY_LOWER","removedAxes=UNILATERAL_STABILITY;removedObjectives=","addedAxes=;addedObjectives=","PARITY_INTENTIONAL_CORRECTION"
"ex_eb636bac","BALANCE|FATIGUE|HYPERTROPHY_VOLUME","NONE","forceType=BRACE;plane=SAGITTAL;laterality=UNILATERAL;fatigue=ANTI_ROTATION|ELBOW_EXTENSION_LOAD|ELBOW_TENDON_STRESS|GRIP_FOREARM|ISOLATION_ACCESSORY_STRESS|LOCAL_MUSCLE|NEURAL_HEAVY|OVERHEAD_REPETITION|SYSTEMIC|TRICEPS_LOCAL_LOAD|TRICEPS_TENDON_STRESS;muscles=BACK|CORE|FOREARM|TRICEPS;roles=ANTI_ROTATION_STABILITY|GRIP_FOREARM|SHOULDER_CARE;skills=;qualities=","LOW_FATIGUE_CONTROL|RACKET_SUPPORT|ROTATION_CONTROL|UNILATERAL_STABILITY","","MEDIUM","BADMINTON_FATIGUE_COST:MEDIUM:0.0|OFI_AXIS:HIGH_FORCE_NEURAL:17.1875|OFI_AXIS:HIGH_SPEED:17.1875|OFI_AXIS:LOCAL_MUSCULAR:58.4375|OFI_AXIS:REACTIVE:15.625|OFI_AXIS:SYSTEMIC_MUSCULAR:10.9375|OFI_DOSE:VOLUME_LOAD:0.0|OFI_GROUP:ELBOW_EXTENSION_TRICEPS:0.0|OFI_GROUP:ELBOW_EXTENSION_TRICEPS:0.0|OFI_GROUP:ELBOW_EXTENSION_TRICEPS:0.0|OFI_SCORE:HIGH_FORCE_NEURAL:21.0|OFI_SCORE:HIGH_SPEED:21.0|OFI_SCORE:LOCAL_MUSCULAR:73.0|OFI_SCORE:REACTIVE:20.0|OFI_SCORE:SYSTEMIC_MUSCULAR:14.0|OFI_SNAPSHOT:SUMMARY:39.0","SLOT:ACCESSORY_SLOT","PROGRESSION:ELBOW_EXTENSION_TRICEPS","BALANCE|FATIGUE|HYPERTROPHY_VOLUME","NONE","level=NONE;types=;skills=;qualities=","","","MEDIUM","BADMINTON_FATIGUE_COST:MEDIUM:0.0|OFI_AXIS:HIGH_FORCE_NEURAL:17.1875|OFI_AXIS:HIGH_SPEED:17.1875|OFI_AXIS:LOCAL_MUSCULAR:58.4375|OFI_AXIS:REACTIVE:15.625|OFI_AXIS:SYSTEMIC_MUSCULAR:10.9375|OFI_DOSE:VOLUME_LOAD:0.0|OFI_GROUP:ELBOW_EXTENSION_TRICEPS:0.0|OFI_GROUP:ELBOW_EXTENSION_TRICEPS:0.0|OFI_GROUP:ELBOW_EXTENSION_TRICEPS:0.0|OFI_SCORE:HIGH_FORCE_NEURAL:21.0|OFI_SCORE:HIGH_SPEED:21.0|OFI_SCORE:LOCAL_MUSCULAR:73.0|OFI_SCORE:REACTIVE:20.0|OFI_SCORE:SYSTEMIC_MUSCULAR:14.0|OFI_SNAPSHOT:SUMMARY:39.0","SLOT:ACCESSORY_SLOT","PROGRESSION:ELBOW_EXTENSION_TRICEPS","removedAxes=LOW_FATIGUE_CONTROL|RACKET_SUPPORT|ROTATION_CONTROL|UNILATERAL_STABILITY;removedObjectives=","addedAxes=;addedObjectives=","PARITY_INTENTIONAL_CORRECTION"
"ex_ee378da7","BADMINTON_SUPPORTIVE|BALANCE|FATIGUE|HYPERTROPHY_VOLUME|STRENGTH_PROGRESS","SUPPORTIVE","forceType=SQUAT;plane=SAGITTAL;laterality=UNILATERAL;fatigue=GLUTE_LOAD|HIP_ROTATIONAL_CONTROL_STRESS|HIP_STABILITY_LOAD|KNEE_ANKLE_STABILITY_STRESS|LOCAL_MUSCLE|NEURAL_HEAVY|PATELLAR_TENDON_STRESS|QUADRICEPS_LOAD|SYSTEMIC|UNILATERAL_LOWER_STABILITY_STRESS;muscles=CORE|GLUTE;roles=LOWER_BODY_SUPPORTIVE;skills=CHANGE_OF_DIRECTION|FIRST_STEP;qualities=FRONTAL_PLANE_CONTROL|HIP_CONTROL|HIP_KNEE_EXTENSION_STRENGTH|LOWER_BODY_FORCE|SINGLE_LEG_STABILITY","LOW_FATIGUE_CONTROL|UNILATERAL_STABILITY","ACCELERATION","VERY_HIGH","BADMINTON_FATIGUE_COST:VERY_HIGH:0.0|OFI_AXIS:HIGH_FORCE_NEURAL:17.1875|OFI_AXIS:HIGH_SPEED:70.125|OFI_AXIS:LOCAL_MUSCULAR:58.4375|OFI_AXIS:REACTIVE:63.75|OFI_AXIS:SYSTEMIC_MUSCULAR:29.21875|OFI_DOSE:VOLUME_LOAD:0.0|OFI_GROUP:SINGLE_LEG_SQUAT_STABILITY:0.0|OFI_GROUP:SINGLE_LEG_SQUAT_STABILITY:0.0|OFI_GROUP:SINGLE_LEG_SQUAT_STABILITY:0.0|OFI_SCORE:HIGH_FORCE_NEURAL:21.0|OFI_SCORE:HIGH_SPEED:88.0|OFI_SCORE:LOCAL_MUSCULAR:73.0|OFI_SCORE:REACTIVE:80.0|OFI_SCORE:SYSTEMIC_MUSCULAR:37.0|OFI_SNAPSHOT:SUMMARY:74.0","","PROGRESSION:SINGLE_LEG_SQUAT_STABILITY","BADMINTON_SUPPORTIVE|BALANCE|FATIGUE|HYPERTROPHY_VOLUME|STRENGTH_PROGRESS","SUPPORTIVE","level=SUPPORTIVE;types=LOWER_BODY_SUPPORTIVE;skills=CHANGE_OF_DIRECTION|FIRST_STEP;qualities=FRONTAL_PLANE_CONTROL|HIP_CONTROL|HIP_KNEE_EXTENSION_STRENGTH|LOWER_BODY_FORCE|SINGLE_LEG_STABILITY","","ACCELERATION","VERY_HIGH","BADMINTON_FATIGUE_COST:VERY_HIGH:0.0|OFI_AXIS:HIGH_FORCE_NEURAL:17.1875|OFI_AXIS:HIGH_SPEED:70.125|OFI_AXIS:LOCAL_MUSCULAR:58.4375|OFI_AXIS:REACTIVE:63.75|OFI_AXIS:SYSTEMIC_MUSCULAR:29.21875|OFI_DOSE:VOLUME_LOAD:0.0|OFI_GROUP:SINGLE_LEG_SQUAT_STABILITY:0.0|OFI_GROUP:SINGLE_LEG_SQUAT_STABILITY:0.0|OFI_GROUP:SINGLE_LEG_SQUAT_STABILITY:0.0|OFI_SCORE:HIGH_FORCE_NEURAL:21.0|OFI_SCORE:HIGH_SPEED:88.0|OFI_SCORE:LOCAL_MUSCULAR:73.0|OFI_SCORE:REACTIVE:80.0|OFI_SCORE:SYSTEMIC_MUSCULAR:37.0|OFI_SNAPSHOT:SUMMARY:74.0","","PROGRESSION:SINGLE_LEG_SQUAT_STABILITY","removedAxes=LOW_FATIGUE_CONTROL|UNILATERAL_STABILITY;removedObjectives=","addedAxes=;addedObjectives=","PARITY_INTENTIONAL_CORRECTION"
"ex_f1d31d3d","BALANCE|FATIGUE|HYPERTROPHY_VOLUME|STRENGTH_PROGRESS","GENERAL_STRENGTH","forceType=SQUAT;plane=SAGITTAL;laterality=UNILATERAL;fatigue=GLUTE_LOAD|KNEE_ROTATIONAL_STABILITY_STRESS|KNEE_VALGUS_CONTROL_STRESS|LOCAL_MUSCLE|LUMBOPELVIC_CONTROL_STRESS|MACHINE_GUIDED_LOAD|MACHINE_LOWER_BODY_STRESS|NEURAL_HEAVY|PATELLAR_TENDON_STRESS|QUAD_LOAD|SYSTEMIC;muscles=CORE|GLUTE|GLUTE_MEDIUS|HAMSTRING|QUADRICEPS;roles=GENERAL_STRENGTH_SUPPORTIVE;skills=;qualities=HIP_KNEE_EXTENSION_STRENGTH|LOWER_BODY_FORCE","UNILATERAL_STABILITY","","VERY_HIGH","BADMINTON_FATIGUE_COST:VERY_HIGH:0.0|OFI_AXIS:HIGH_FORCE_NEURAL:79.0625|OFI_AXIS:HIGH_SPEED:17.1875|OFI_AXIS:LOCAL_MUSCULAR:58.4375|OFI_AXIS:REACTIVE:15.625|OFI_AXIS:SYSTEMIC_MUSCULAR:39.53125|OFI_DOSE:VOLUME_LOAD:0.0|OFI_GROUP:SQUAT_PATTERN_HEAVY_LOWER:0.0|OFI_GROUP:SQUAT_PATTERN_HEAVY_LOWER:0.0|OFI_GROUP:SQUAT_PATTERN_HEAVY_LOWER:0.0|OFI_SCORE:HIGH_FORCE_NEURAL:99.0|OFI_SCORE:HIGH_SPEED:21.0|OFI_SCORE:LOCAL_MUSCULAR:73.0|OFI_SCORE:REACTIVE:20.0|OFI_SCORE:SYSTEMIC_MUSCULAR:49.0|OFI_SNAPSHOT:SUMMARY:70.0","","PROGRESSION:SQUAT_PATTERN_HEAVY_LOWER","BALANCE|FATIGUE|HYPERTROPHY_VOLUME|STRENGTH_PROGRESS","GENERAL_STRENGTH","level=GENERAL;types=GENERAL_STRENGTH_SUPPORTIVE;skills=;qualities=HIP_KNEE_EXTENSION_STRENGTH|LOWER_BODY_FORCE","","","VERY_HIGH","BADMINTON_FATIGUE_COST:VERY_HIGH:0.0|OFI_AXIS:HIGH_FORCE_NEURAL:79.0625|OFI_AXIS:HIGH_SPEED:17.1875|OFI_AXIS:LOCAL_MUSCULAR:58.4375|OFI_AXIS:REACTIVE:15.625|OFI_AXIS:SYSTEMIC_MUSCULAR:39.53125|OFI_DOSE:VOLUME_LOAD:0.0|OFI_GROUP:SQUAT_PATTERN_HEAVY_LOWER:0.0|OFI_GROUP:SQUAT_PATTERN_HEAVY_LOWER:0.0|OFI_GROUP:SQUAT_PATTERN_HEAVY_LOWER:0.0|OFI_SCORE:HIGH_FORCE_NEURAL:99.0|OFI_SCORE:HIGH_SPEED:21.0|OFI_SCORE:LOCAL_MUSCULAR:73.0|OFI_SCORE:REACTIVE:20.0|OFI_SCORE:SYSTEMIC_MUSCULAR:49.0|OFI_SNAPSHOT:SUMMARY:70.0","","PROGRESSION:SQUAT_PATTERN_HEAVY_LOWER","removedAxes=UNILATERAL_STABILITY;removedObjectives=","addedAxes=;addedObjectives=","PARITY_INTENTIONAL_CORRECTION"
"ex_f2a79d37","BADMINTON_SUPPORTIVE|BALANCE|FATIGUE|HYPERTROPHY_VOLUME","SUPPORTIVE","forceType=SQUAT;plane=SAGITTAL;laterality=UNILATERAL;fatigue=GLUTE_LOAD|HIP_CONTROL_LOAD|HIP_ROTATIONAL_CONTROL_STRESS|KNEE_VALGUS_CONTROL_STRESS|LOCAL_MUSCLE|LUMBOPELVIC_CONTROL_STRESS|NEURAL_HEAVY|PATELLAR_TENDON_STRESS|QUAD_LOAD|SINGLE_LEG_STABILITY_LOAD|SYSTEMIC|UNILATERAL_CONTROL_LOAD|UNILATERAL_LOWER_STABILITY_STRESS;muscles=CORE|DEEP_CORE|GLUTE|HAMSTRING|HIP_ADDUCTOR|QUADRICEPS;roles=LOWER_BODY_SUPPORTIVE;skills=CHANGE_OF_DIRECTION|FIRST_STEP;qualities=FRONTAL_PLANE_CONTROL|HIP_CONTROL|HIP_KNEE_EXTENSION_STRENGTH|LOWER_BODY_FORCE|SINGLE_LEG_STABILITY","UNILATERAL_STABILITY","ACCELERATION","VERY_HIGH","BADMINTON_FATIGUE_COST:VERY_HIGH:0.0|OFI_AXIS:HIGH_FORCE_NEURAL:37.8125|OFI_AXIS:HIGH_SPEED:70.125|OFI_AXIS:LOCAL_MUSCULAR:58.4375|OFI_AXIS:REACTIVE:63.75|OFI_AXIS:SYSTEMIC_MUSCULAR:34.375|OFI_DOSE:VOLUME_LOAD:0.0|OFI_GROUP:LUNGE_UNILATERAL_LOWER:0.0|OFI_GROUP:LUNGE_UNILATERAL_LOWER:0.0|OFI_GROUP:LUNGE_UNILATERAL_LOWER:0.0|OFI_SCORE:HIGH_FORCE_NEURAL:47.0|OFI_SCORE:HIGH_SPEED:88.0|OFI_SCORE:LOCAL_MUSCULAR:73.0|OFI_SCORE:REACTIVE:80.0|OFI_SCORE:SYSTEMIC_MUSCULAR:43.0|OFI_SNAPSHOT:SUMMARY:77.0","","PROGRESSION:LUNGE_UNILATERAL_LOWER","BADMINTON_SUPPORTIVE|BALANCE|FATIGUE|HYPERTROPHY_VOLUME","SUPPORTIVE","level=SUPPORTIVE;types=LOWER_BODY_SUPPORTIVE;skills=CHANGE_OF_DIRECTION|FIRST_STEP;qualities=FRONTAL_PLANE_CONTROL|HIP_CONTROL|HIP_KNEE_EXTENSION_STRENGTH|LOWER_BODY_FORCE|SINGLE_LEG_STABILITY","","ACCELERATION","VERY_HIGH","BADMINTON_FATIGUE_COST:VERY_HIGH:0.0|OFI_AXIS:HIGH_FORCE_NEURAL:37.8125|OFI_AXIS:HIGH_SPEED:70.125|OFI_AXIS:LOCAL_MUSCULAR:58.4375|OFI_AXIS:REACTIVE:63.75|OFI_AXIS:SYSTEMIC_MUSCULAR:34.375|OFI_DOSE:VOLUME_LOAD:0.0|OFI_GROUP:LUNGE_UNILATERAL_LOWER:0.0|OFI_GROUP:LUNGE_UNILATERAL_LOWER:0.0|OFI_GROUP:LUNGE_UNILATERAL_LOWER:0.0|OFI_SCORE:HIGH_FORCE_NEURAL:47.0|OFI_SCORE:HIGH_SPEED:88.0|OFI_SCORE:LOCAL_MUSCULAR:73.0|OFI_SCORE:REACTIVE:80.0|OFI_SCORE:SYSTEMIC_MUSCULAR:43.0|OFI_SNAPSHOT:SUMMARY:77.0","","PROGRESSION:LUNGE_UNILATERAL_LOWER","removedAxes=UNILATERAL_STABILITY;removedObjectives=","addedAxes=;addedObjectives=","PARITY_INTENTIONAL_CORRECTION"
"ex_f332aeab","BADMINTON_SUPPORTIVE|BALANCE|FATIGUE","SUPPORTIVE","forceType=BRACE;plane=SAGITTAL;laterality=UNILATERAL;fatigue=ACHILLES_TENDON_STRESS|ANKLE_SSC_REACTIVE_STRESS|ANKLE_STABILITY_STRESS|ANTI_ROTATION|ELASTIC_SSC|ELASTIC_SSC_LOAD|LOCAL_MUSCLE|LOW_LEVEL_REACTIVE_IMPACT|MOTOR_LEARNING_LOAD|NEURAL_HEAVY|NEURAL_SPEED|NEURAL_SPEED_LOAD|RUNNING_MECHANICS_LOAD|SYSTEMIC;muscles=CORE|DEEP_CORE;roles=ANKLE_CALF_SSC_SUPPORTIVE|ANTI_ROTATION_STABILITY|LOWER_BODY_SUPPORTIVE;skills=;qualities=ACCELERATION|ANKLE_STIFFNESS|CALF_ELASTICITY|HIP_CONTROL","DECELERATION_LANDING|LATERAL_MOVEMENT|ROTATION_CONTROL|UNILATERAL_STABILITY","ACCELERATION","HIGH","BADMINTON_FATIGUE_COST:HIGH:0.0|OFI_AXIS:HIGH_FORCE_NEURAL:17.1875|OFI_AXIS:HIGH_SPEED:85.9375|OFI_AXIS:LOCAL_MUSCULAR:37.8125|OFI_AXIS:REACTIVE:15.625|OFI_AXIS:SYSTEMIC_MUSCULAR:34.375|OFI_CAUTION:HIGH_SPEED_CAUTION:0.0|OFI_DOSE:QUALITY_BASED:0.0|OFI_GROUP:NOT_APPLICABLE:0.0|OFI_GROUP:NOT_APPLICABLE:0.0|OFI_GROUP:RUNNING_MECHANICS_SUPPORT:0.0|OFI_SCORE:HIGH_FORCE_NEURAL:21.0|OFI_SCORE:HIGH_SPEED:100.0|OFI_SCORE:LOCAL_MUSCULAR:47.0|OFI_SCORE:REACTIVE:20.0|OFI_SCORE:SYSTEMIC_MUSCULAR:43.0|OFI_SNAPSHOT:SUMMARY:68.0","","","BADMINTON_SUPPORTIVE|BALANCE|FATIGUE","SUPPORTIVE","level=SUPPORTIVE;types=ANKLE_CALF_SSC_SUPPORTIVE|LOWER_BODY_SUPPORTIVE;skills=;qualities=ACCELERATION|ANKLE_STIFFNESS|CALF_ELASTICITY|HIP_CONTROL","","ACCELERATION","HIGH","BADMINTON_FATIGUE_COST:HIGH:0.0|OFI_AXIS:HIGH_FORCE_NEURAL:17.1875|OFI_AXIS:HIGH_SPEED:85.9375|OFI_AXIS:LOCAL_MUSCULAR:37.8125|OFI_AXIS:REACTIVE:15.625|OFI_AXIS:SYSTEMIC_MUSCULAR:34.375|OFI_CAUTION:HIGH_SPEED_CAUTION:0.0|OFI_DOSE:QUALITY_BASED:0.0|OFI_GROUP:NOT_APPLICABLE:0.0|OFI_GROUP:NOT_APPLICABLE:0.0|OFI_GROUP:RUNNING_MECHANICS_SUPPORT:0.0|OFI_SCORE:HIGH_FORCE_NEURAL:21.0|OFI_SCORE:HIGH_SPEED:100.0|OFI_SCORE:LOCAL_MUSCULAR:47.0|OFI_SCORE:REACTIVE:20.0|OFI_SCORE:SYSTEMIC_MUSCULAR:43.0|OFI_SNAPSHOT:SUMMARY:68.0","","","removedAxes=DECELERATION_LANDING|LATERAL_MOVEMENT|ROTATION_CONTROL|UNILATERAL_STABILITY;removedObjectives=","addedAxes=;addedObjectives=","PARITY_INTENTIONAL_CORRECTION"
"ex_f459ad2a","BALANCE|FATIGUE|HYPERTROPHY_VOLUME|STRENGTH_PROGRESS","GENERAL_STRENGTH","forceType=PULL;plane=TRANSVERSE;laterality=UNILATERAL;fatigue=BICEPS_LOAD|BICEPS_TENDON_STRESS|ELBOW_JOINT_STRESS|FOREARM_FLEXOR_TENDON_STRESS|GRIP_FOREARM|GRIP_LOAD|HORIZONTAL_ROW_STRESS|LAT_LOAD|LOCAL_MUSCLE|NEURAL_HEAVY|REAR_DELTOID_LOAD|SCAPULAR_STABILITY_LOAD|SHOULDER_JOINT_STABILITY_STRESS|SYSTEMIC|UPPER_BACK_LOAD;muscles=BACK|BICEPS|CORE|DEEP_CORE|LAT|REAR_DELT|RHOMBOID;roles=GENERAL_STRENGTH_SUPPORTIVE;skills=;qualities=SCAPULAR_CONTROL|SHOULDER_DURABILITY","RACKET_SUPPORT|UNILATERAL_STABILITY","","VERY_HIGH","BADMINTON_FATIGUE_COST:VERY_HIGH:0.0|OFI_AXIS:HIGH_FORCE_NEURAL:37.8125|OFI_AXIS:HIGH_SPEED:17.1875|OFI_AXIS:LOCAL_MUSCULAR:58.4375|OFI_AXIS:REACTIVE:15.625|OFI_AXIS:SYSTEMIC_MUSCULAR:34.375|OFI_DOSE:VOLUME_LOAD:0.0|OFI_GROUP:HORIZONTAL_PULL_COMPOUND:0.0|OFI_GROUP:HORIZONTAL_PULL_COMPOUND:0.0|OFI_GROUP:HORIZONTAL_PULL_COMPOUND:0.0|OFI_SCORE:HIGH_FORCE_NEURAL:47.0|OFI_SCORE:HIGH_SPEED:21.0|OFI_SCORE:LOCAL_MUSCULAR:73.0|OFI_SCORE:REACTIVE:20.0|OFI_SCORE:SYSTEMIC_MUSCULAR:43.0|OFI_SNAPSHOT:SUMMARY:44.0","","PROGRESSION:HORIZONTAL_PULL_COMPOUND","BALANCE|FATIGUE|HYPERTROPHY_VOLUME|STRENGTH_PROGRESS","GENERAL_STRENGTH","level=GENERAL;types=GENERAL_STRENGTH_SUPPORTIVE;skills=;qualities=SCAPULAR_CONTROL|SHOULDER_DURABILITY","","","VERY_HIGH","BADMINTON_FATIGUE_COST:VERY_HIGH:0.0|OFI_AXIS:HIGH_FORCE_NEURAL:37.8125|OFI_AXIS:HIGH_SPEED:17.1875|OFI_AXIS:LOCAL_MUSCULAR:58.4375|OFI_AXIS:REACTIVE:15.625|OFI_AXIS:SYSTEMIC_MUSCULAR:34.375|OFI_DOSE:VOLUME_LOAD:0.0|OFI_GROUP:HORIZONTAL_PULL_COMPOUND:0.0|OFI_GROUP:HORIZONTAL_PULL_COMPOUND:0.0|OFI_GROUP:HORIZONTAL_PULL_COMPOUND:0.0|OFI_SCORE:HIGH_FORCE_NEURAL:47.0|OFI_SCORE:HIGH_SPEED:21.0|OFI_SCORE:LOCAL_MUSCULAR:73.0|OFI_SCORE:REACTIVE:20.0|OFI_SCORE:SYSTEMIC_MUSCULAR:43.0|OFI_SNAPSHOT:SUMMARY:44.0","","PROGRESSION:HORIZONTAL_PULL_COMPOUND","removedAxes=RACKET_SUPPORT|UNILATERAL_STABILITY;removedObjectives=","addedAxes=;addedObjectives=","PARITY_INTENTIONAL_CORRECTION"
"ex_f6703b06","ACCESSORY_VOLUME|BADMINTON_SUPPORTIVE|FATIGUE","SUPPORTIVE","forceType=BRACE;plane=TRANSVERSE;laterality=BILATERAL;fatigue=ANTI_ROTATION|FOREARM_EXTENSOR_TENDON_STRESS|FOREARM_FLEXOR_TENDON_STRESS|GRIP_FOREARM|GRIP_FOREARM_LOAD|ISOLATION_ACCESSORY_STRESS|LOCAL_MUSCLE|NEURAL_HEAVY|SYSTEMIC|WRIST_CONTROL_LOAD|WRIST_STABILITY_STRESS;muscles=CORE|FOREARM|GRIP|OBLIQUE;roles=ANTI_ROTATION_STABILITY|GRIP_FOREARM|GRIP_WRIST_SUPPORTIVE;skills=DRIVE|NET_PLAY;qualities=GRIP_ENDURANCE","LOW_FATIGUE_CONTROL|RACKET_SUPPORT|ROTATION_CONTROL","","MEDIUM","BADMINTON_FATIGUE_COST:MEDIUM:0.0|OFI_AXIS:HIGH_FORCE_NEURAL:17.1875|OFI_AXIS:HIGH_SPEED:17.1875|OFI_AXIS:LOCAL_MUSCULAR:58.4375|OFI_AXIS:REACTIVE:15.625|OFI_AXIS:SYSTEMIC_MUSCULAR:13.28125|OFI_DOSE:LOAD_REPS:0.0|OFI_GROUP:FOREARM_WRIST_GRIP_ACCESSORY:0.0|OFI_GROUP:FOREARM_WRIST_GRIP_ACCESSORY:0.0|OFI_GROUP:FOREARM_WRIST_GRIP_ACCESSORY:0.0|OFI_SCORE:HIGH_FORCE_NEURAL:21.0|OFI_SCORE:HIGH_SPEED:21.0|OFI_SCORE:LOCAL_MUSCULAR:73.0|OFI_SCORE:REACTIVE:20.0|OFI_SCORE:SYSTEMIC_MUSCULAR:17.0|OFI_SNAPSHOT:SUMMARY:39.0","","PROGRESSION:FOREARM_WRIST_GRIP_ACCESSORY","ACCESSORY_VOLUME|BADMINTON_SUPPORTIVE|FATIGUE","SUPPORTIVE","level=SUPPORTIVE;types=GRIP_WRIST_SUPPORTIVE;skills=DRIVE|NET_PLAY;qualities=GRIP_ENDURANCE","RACKET_SUPPORT","","MEDIUM","BADMINTON_FATIGUE_COST:MEDIUM:0.0|OFI_AXIS:HIGH_FORCE_NEURAL:17.1875|OFI_AXIS:HIGH_SPEED:17.1875|OFI_AXIS:LOCAL_MUSCULAR:58.4375|OFI_AXIS:REACTIVE:15.625|OFI_AXIS:SYSTEMIC_MUSCULAR:13.28125|OFI_DOSE:LOAD_REPS:0.0|OFI_GROUP:FOREARM_WRIST_GRIP_ACCESSORY:0.0|OFI_GROUP:FOREARM_WRIST_GRIP_ACCESSORY:0.0|OFI_GROUP:FOREARM_WRIST_GRIP_ACCESSORY:0.0|OFI_SCORE:HIGH_FORCE_NEURAL:21.0|OFI_SCORE:HIGH_SPEED:21.0|OFI_SCORE:LOCAL_MUSCULAR:73.0|OFI_SCORE:REACTIVE:20.0|OFI_SCORE:SYSTEMIC_MUSCULAR:17.0|OFI_SNAPSHOT:SUMMARY:39.0","","PROGRESSION:FOREARM_WRIST_GRIP_ACCESSORY","removedAxes=LOW_FATIGUE_CONTROL|ROTATION_CONTROL;removedObjectives=","addedAxes=;addedObjectives=","PARITY_INTENTIONAL_CORRECTION"
"ex_f6d43398","ACCESSORY_VOLUME|BADMINTON_SUPPORTIVE|FATIGUE","SUPPORTIVE","forceType=BRACE;plane=FRONTAL;laterality=UNILATERAL;fatigue=ANTI_ROTATION|ANTI_ROTATION_LOAD|CORE_BRACING_LOAD|ISOMETRIC_CORE_BRACING_STRESS|LOCAL_MUSCLE|LUMBOPELVIC_CONTROL_STRESS|NEURAL_HEAVY|SYSTEMIC;muscles=CORE|DEEP_CORE|GLUTE_MEDIUS|OBLIQUE;roles=ANTI_ROTATION_STABILITY|CORE_STABILITY_SUPPORTIVE;skills=CHANGE_OF_DIRECTION|DEFENSIVE_COVERAGE;qualities=CORE_BRACING|HIP_CONTROL|SINGLE_LEG_STABILITY","LATERAL_MOVEMENT|LOW_FATIGUE_CONTROL|ROTATION_CONTROL|UNILATERAL_STABILITY","","MEDIUM","BADMINTON_FATIGUE_COST:MEDIUM:0.0|OFI_AXIS:HIGH_FORCE_NEURAL:17.1875|OFI_AXIS:HIGH_SPEED:17.1875|OFI_AXIS:LOCAL_MUSCULAR:37.8125|OFI_AXIS:REACTIVE:63.75|OFI_AXIS:SYSTEMIC_MUSCULAR:13.28125|OFI_DOSE:REPS_OR_TIME:0.0|OFI_GROUP:CORE_BRACING_CONTROL:0.0|OFI_GROUP:CORE_BRACING_CONTROL:0.0|OFI_GROUP:CORE_BRACING_CONTROL:0.0|OFI_SCORE:HIGH_FORCE_NEURAL:21.0|OFI_SCORE:HIGH_SPEED:21.0|OFI_SCORE:LOCAL_MUSCULAR:47.0|OFI_SCORE:REACTIVE:80.0|OFI_SCORE:SYSTEMIC_MUSCULAR:17.0|OFI_SNAPSHOT:SUMMARY:57.0","","PROGRESSION:CORE_BRACING_CONTROL","ACCESSORY_VOLUME|BADMINTON_SUPPORTIVE|FATIGUE","SUPPORTIVE","level=SUPPORTIVE;types=CORE_STABILITY_SUPPORTIVE;skills=CHANGE_OF_DIRECTION|DEFENSIVE_COVERAGE;qualities=CORE_BRACING|HIP_CONTROL|SINGLE_LEG_STABILITY","LOW_FATIGUE_CONTROL","","MEDIUM","BADMINTON_FATIGUE_COST:MEDIUM:0.0|OFI_AXIS:HIGH_FORCE_NEURAL:17.1875|OFI_AXIS:HIGH_SPEED:17.1875|OFI_AXIS:LOCAL_MUSCULAR:37.8125|OFI_AXIS:REACTIVE:63.75|OFI_AXIS:SYSTEMIC_MUSCULAR:13.28125|OFI_DOSE:REPS_OR_TIME:0.0|OFI_GROUP:CORE_BRACING_CONTROL:0.0|OFI_GROUP:CORE_BRACING_CONTROL:0.0|OFI_GROUP:CORE_BRACING_CONTROL:0.0|OFI_SCORE:HIGH_FORCE_NEURAL:21.0|OFI_SCORE:HIGH_SPEED:21.0|OFI_SCORE:LOCAL_MUSCULAR:47.0|OFI_SCORE:REACTIVE:80.0|OFI_SCORE:SYSTEMIC_MUSCULAR:17.0|OFI_SNAPSHOT:SUMMARY:57.0","","PROGRESSION:CORE_BRACING_CONTROL","removedAxes=LATERAL_MOVEMENT|ROTATION_CONTROL|UNILATERAL_STABILITY;removedObjectives=","addedAxes=;addedObjectives=","PARITY_INTENTIONAL_CORRECTION"
"ex_f97a05ab","BADMINTON_SUPPORTIVE|BALANCE|RECOVERY_ONLY","SUPPORTIVE","forceType=BRACE;plane=SAGITTAL;laterality=BILATERAL;fatigue=ANTI_ROTATION|LOCAL_MUSCLE|LOCAL_STABILIZER_LOAD|LOW_FATIGUE_REHAB|LOW_LOAD_CONTROL|LOW_LOAD_PREHAB_CONTROL_STRESS|NEURAL_HEAVY|OVERHEAD_REPETITION|ROTATOR_CUFF_TENDON_STRESS|SHOULDER_SCAPULAR_STABILITY_STRESS|SYSTEMIC;muscles=BACK|CORE|OBLIQUE|SCAPULAR_STABILIZERS|SHOULDER;roles=ANTI_ROTATION_STABILITY|SHOULDER_CARE|SHOULDER_SCAPULAR_SUPPORTIVE;skills=DRIVE|OVERHEAD_CLEAR|SMASH;qualities=ROTATOR_CUFF_CONTROL|SCAPULAR_CONTROL|SHOULDER_DURABILITY","LOW_FATIGUE_CONTROL|RACKET_SUPPORT|ROTATION_CONTROL","","MEDIUM","BADMINTON_FATIGUE_COST:MEDIUM:0.0|OFI_AXIS:HIGH_FORCE_NEURAL:8.59375|OFI_AXIS:HIGH_SPEED:8.59375|OFI_AXIS:LOCAL_MUSCULAR:37.8125|OFI_AXIS:REACTIVE:7.8125|OFI_AXIS:SYSTEMIC_MUSCULAR:15.625|OFI_DOSE:QUALITY_BASED:0.0|OFI_GROUP:NOT_APPLICABLE:0.0|OFI_GROUP:NOT_APPLICABLE:0.0|OFI_GROUP:SCAPULAR_UPWARD_ROTATION_CONTROL:0.0|OFI_SCORE:HIGH_FORCE_NEURAL:11.0|OFI_SCORE:HIGH_SPEED:11.0|OFI_SCORE:LOCAL_MUSCULAR:47.0|OFI_SCORE:REACTIVE:10.0|OFI_SCORE:SYSTEMIC_MUSCULAR:20.0|OFI_SNAPSHOT:SUMMARY:25.0","","","BADMINTON_SUPPORTIVE|BALANCE|RECOVERY_ONLY","SUPPORTIVE","level=SUPPORTIVE;types=SHOULDER_SCAPULAR_SUPPORTIVE;skills=DRIVE|OVERHEAD_CLEAR|SMASH;qualities=ROTATOR_CUFF_CONTROL|SCAPULAR_CONTROL|SHOULDER_DURABILITY","RACKET_SUPPORT","","MEDIUM","BADMINTON_FATIGUE_COST:MEDIUM:0.0|OFI_AXIS:HIGH_FORCE_NEURAL:8.59375|OFI_AXIS:HIGH_SPEED:8.59375|OFI_AXIS:LOCAL_MUSCULAR:37.8125|OFI_AXIS:REACTIVE:7.8125|OFI_AXIS:SYSTEMIC_MUSCULAR:15.625|OFI_DOSE:QUALITY_BASED:0.0|OFI_GROUP:NOT_APPLICABLE:0.0|OFI_GROUP:NOT_APPLICABLE:0.0|OFI_GROUP:SCAPULAR_UPWARD_ROTATION_CONTROL:0.0|OFI_SCORE:HIGH_FORCE_NEURAL:11.0|OFI_SCORE:HIGH_SPEED:11.0|OFI_SCORE:LOCAL_MUSCULAR:47.0|OFI_SCORE:REACTIVE:10.0|OFI_SCORE:SYSTEMIC_MUSCULAR:20.0|OFI_SNAPSHOT:SUMMARY:25.0","","","removedAxes=LOW_FATIGUE_CONTROL|ROTATION_CONTROL;removedObjectives=","addedAxes=;addedObjectives=","PARITY_INTENTIONAL_CORRECTION"
"ex_fa2e73b3","BALANCE|FATIGUE|HYPERTROPHY_VOLUME|STRENGTH_PROGRESS","GENERAL_STRENGTH","forceType=PUSH;plane=SAGITTAL;laterality=BILATERAL;fatigue=DELTOID_LOAD|LOCAL_MUSCLE|NEURAL_HEAVY|OVERHEAD_PUSH_STRESS|OVERHEAD_REPETITION|OVERHEAD_REPETITION_LOAD|ROTATOR_CUFF_TENDON_STRESS|SHOULDER_SCAPULAR_STABILITY_STRESS|SYSTEMIC|TRICEPS_LOAD|TRICEPS_TENDON_STRESS;muscles=ANTERIOR_DELTOID|CORE|DEEP_CORE|LATERAL_DELTOID|TRAPEZIUS|TRICEPS;roles=GENERAL_STRENGTH_SUPPORTIVE;skills=;qualities=ROTATOR_CUFF_CONTROL|SCAPULAR_CONTROL|SHOULDER_DURABILITY","RACKET_SUPPORT","","MEDIUM","BADMINTON_FATIGUE_COST:MEDIUM:0.0|OFI_AXIS:HIGH_FORCE_NEURAL:17.1875|OFI_AXIS:HIGH_SPEED:17.1875|OFI_AXIS:LOCAL_MUSCULAR:58.4375|OFI_AXIS:REACTIVE:15.625|OFI_AXIS:SYSTEMIC_MUSCULAR:34.375|OFI_DOSE:VOLUME_LOAD:0.0|OFI_GROUP:HANDSTAND_VERTICAL_PUSH:0.0|OFI_GROUP:HANDSTAND_VERTICAL_PUSH:0.0|OFI_GROUP:HANDSTAND_VERTICAL_PUSH:0.0|OFI_SCORE:HIGH_FORCE_NEURAL:21.0|OFI_SCORE:HIGH_SPEED:21.0|OFI_SCORE:LOCAL_MUSCULAR:73.0|OFI_SCORE:REACTIVE:20.0|OFI_SCORE:SYSTEMIC_MUSCULAR:43.0|OFI_SNAPSHOT:SUMMARY:42.0","","PROGRESSION:HANDSTAND_VERTICAL_PUSH","BALANCE|FATIGUE|HYPERTROPHY_VOLUME|STRENGTH_PROGRESS","GENERAL_STRENGTH","level=GENERAL;types=GENERAL_STRENGTH_SUPPORTIVE;skills=;qualities=ROTATOR_CUFF_CONTROL|SCAPULAR_CONTROL|SHOULDER_DURABILITY","","","MEDIUM","BADMINTON_FATIGUE_COST:MEDIUM:0.0|OFI_AXIS:HIGH_FORCE_NEURAL:17.1875|OFI_AXIS:HIGH_SPEED:17.1875|OFI_AXIS:LOCAL_MUSCULAR:58.4375|OFI_AXIS:REACTIVE:15.625|OFI_AXIS:SYSTEMIC_MUSCULAR:34.375|OFI_DOSE:VOLUME_LOAD:0.0|OFI_GROUP:HANDSTAND_VERTICAL_PUSH:0.0|OFI_GROUP:HANDSTAND_VERTICAL_PUSH:0.0|OFI_GROUP:HANDSTAND_VERTICAL_PUSH:0.0|OFI_SCORE:HIGH_FORCE_NEURAL:21.0|OFI_SCORE:HIGH_SPEED:21.0|OFI_SCORE:LOCAL_MUSCULAR:73.0|OFI_SCORE:REACTIVE:20.0|OFI_SCORE:SYSTEMIC_MUSCULAR:43.0|OFI_SNAPSHOT:SUMMARY:42.0","","PROGRESSION:HANDSTAND_VERTICAL_PUSH","removedAxes=RACKET_SUPPORT;removedObjectives=","addedAxes=;addedObjectives=","PARITY_INTENTIONAL_CORRECTION"
"ex_fa31f7a6","BALANCE|FATIGUE|HYPERTROPHY_VOLUME|STRENGTH_PROGRESS","GENERAL_STRENGTH","forceType=PULL;plane=TRANSVERSE;laterality=BILATERAL;fatigue=BICEPS_LOAD|BICEPS_TENDON_STRESS|ELBOW_JOINT_STRESS|FOREARM_FLEXOR_TENDON_STRESS|GRIP_FOREARM|GRIP_LOAD|HORIZONTAL_ROW_STRESS|LAT_LOAD|LOCAL_MUSCLE|NEURAL_HEAVY|REAR_DELTOID_LOAD|SCAPULAR_STABILITY_LOAD|SHOULDER_JOINT_STABILITY_STRESS|SYSTEMIC|UPPER_BACK_LOAD;muscles=BACK|BICEPS|CORE|LAT|REAR_DELT|RHOMBOID;roles=GENERAL_STRENGTH_SUPPORTIVE;skills=;qualities=SCAPULAR_CONTROL|SHOULDER_DURABILITY","RACKET_SUPPORT","","HIGH","BADMINTON_FATIGUE_COST:HIGH:0.0|OFI_AXIS:HIGH_FORCE_NEURAL:37.8125|OFI_AXIS:HIGH_SPEED:17.1875|OFI_AXIS:LOCAL_MUSCULAR:58.4375|OFI_AXIS:REACTIVE:15.625|OFI_AXIS:SYSTEMIC_MUSCULAR:34.375|OFI_DOSE:VOLUME_LOAD:0.0|OFI_GROUP:HORIZONTAL_PULL_COMPOUND:0.0|OFI_GROUP:HORIZONTAL_PULL_COMPOUND:0.0|OFI_GROUP:HORIZONTAL_PULL_COMPOUND:0.0|OFI_SCORE:HIGH_FORCE_NEURAL:47.0|OFI_SCORE:HIGH_SPEED:21.0|OFI_SCORE:LOCAL_MUSCULAR:73.0|OFI_SCORE:REACTIVE:20.0|OFI_SCORE:SYSTEMIC_MUSCULAR:43.0|OFI_SNAPSHOT:SUMMARY:44.0","","PROGRESSION:HORIZONTAL_PULL_COMPOUND","BALANCE|FATIGUE|HYPERTROPHY_VOLUME|STRENGTH_PROGRESS","GENERAL_STRENGTH","level=GENERAL;types=GENERAL_STRENGTH_SUPPORTIVE;skills=;qualities=SCAPULAR_CONTROL|SHOULDER_DURABILITY","","","HIGH","BADMINTON_FATIGUE_COST:HIGH:0.0|OFI_AXIS:HIGH_FORCE_NEURAL:37.8125|OFI_AXIS:HIGH_SPEED:17.1875|OFI_AXIS:LOCAL_MUSCULAR:58.4375|OFI_AXIS:REACTIVE:15.625|OFI_AXIS:SYSTEMIC_MUSCULAR:34.375|OFI_DOSE:VOLUME_LOAD:0.0|OFI_GROUP:HORIZONTAL_PULL_COMPOUND:0.0|OFI_GROUP:HORIZONTAL_PULL_COMPOUND:0.0|OFI_GROUP:HORIZONTAL_PULL_COMPOUND:0.0|OFI_SCORE:HIGH_FORCE_NEURAL:47.0|OFI_SCORE:HIGH_SPEED:21.0|OFI_SCORE:LOCAL_MUSCULAR:73.0|OFI_SCORE:REACTIVE:20.0|OFI_SCORE:SYSTEMIC_MUSCULAR:43.0|OFI_SNAPSHOT:SUMMARY:44.0","","PROGRESSION:HORIZONTAL_PULL_COMPOUND","removedAxes=RACKET_SUPPORT;removedObjectives=","addedAxes=;addedObjectives=","PARITY_INTENTIONAL_CORRECTION"
"ex_fa3416f6","BALANCE|FATIGUE|HYPERTROPHY_VOLUME|STRENGTH_PROGRESS","GENERAL_STRENGTH","forceType=SQUAT;plane=SAGITTAL;laterality=BILATERAL;fatigue=BARBELL_LOAD|CORE_BRACING_LOAD|GLUTE_LOAD|HAMSTRING_LOAD|HEAVY_AXIAL_LOWER_STRESS|HEAVY_LOAD|KNEE_ROTATIONAL_STABILITY_STRESS|KNEE_VALGUS_CONTROL_STRESS|LOCAL_MUSCLE|LUMBOPELVIC_CONTROL_STRESS|NEURAL_HEAVY|NEURAL_LOAD|PATELLAR_TENDON_STRESS|QUAD_LOAD|SYSTEMIC;muscles=CORE|DEEP_CORE|GLUTE|HAMSTRING|QUADRICEPS;roles=GENERAL_STRENGTH_SUPPORTIVE;skills=;qualities=HIP_KNEE_EXTENSION_STRENGTH|LOWER_BODY_FORCE","UNILATERAL_STABILITY","","VERY_HIGH","BADMINTON_FATIGUE_COST:VERY_HIGH:0.0|OFI_AXIS:HIGH_FORCE_NEURAL:79.0625|OFI_AXIS:HIGH_SPEED:17.1875|OFI_AXIS:LOCAL_MUSCULAR:58.4375|OFI_AXIS:REACTIVE:15.625|OFI_AXIS:SYSTEMIC_MUSCULAR:61.09375|OFI_CAUTION:RECOVERY_DEBT_HIGH:0.0|OFI_DOSE:VOLUME_LOAD:0.0|OFI_GROUP:SQUAT_PATTERN_HEAVY_LOWER:0.0|OFI_GROUP:SQUAT_PATTERN_HEAVY_LOWER:0.0|OFI_GROUP:SQUAT_PATTERN_HEAVY_LOWER:0.0|OFI_SCORE:HIGH_FORCE_NEURAL:99.0|OFI_SCORE:HIGH_SPEED:21.0|OFI_SCORE:LOCAL_MUSCULAR:73.0|OFI_SCORE:REACTIVE:20.0|OFI_SCORE:SYSTEMIC_MUSCULAR:76.0|OFI_SNAPSHOT:SUMMARY:73.0","","PROGRESSION:SQUAT_PATTERN_HEAVY_LOWER|PROXY:BACK_SQUAT:SHARED_FACTOR_PROXY","BALANCE|FATIGUE|HYPERTROPHY_VOLUME|STRENGTH_PROGRESS","GENERAL_STRENGTH","level=GENERAL;types=GENERAL_STRENGTH_SUPPORTIVE;skills=;qualities=HIP_KNEE_EXTENSION_STRENGTH|LOWER_BODY_FORCE","","","VERY_HIGH","BADMINTON_FATIGUE_COST:VERY_HIGH:0.0|OFI_AXIS:HIGH_FORCE_NEURAL:79.0625|OFI_AXIS:HIGH_SPEED:17.1875|OFI_AXIS:LOCAL_MUSCULAR:58.4375|OFI_AXIS:REACTIVE:15.625|OFI_AXIS:SYSTEMIC_MUSCULAR:61.09375|OFI_CAUTION:RECOVERY_DEBT_HIGH:0.0|OFI_DOSE:VOLUME_LOAD:0.0|OFI_GROUP:SQUAT_PATTERN_HEAVY_LOWER:0.0|OFI_GROUP:SQUAT_PATTERN_HEAVY_LOWER:0.0|OFI_GROUP:SQUAT_PATTERN_HEAVY_LOWER:0.0|OFI_SCORE:HIGH_FORCE_NEURAL:99.0|OFI_SCORE:HIGH_SPEED:21.0|OFI_SCORE:LOCAL_MUSCULAR:73.0|OFI_SCORE:REACTIVE:20.0|OFI_SCORE:SYSTEMIC_MUSCULAR:76.0|OFI_SNAPSHOT:SUMMARY:73.0","","PROGRESSION:SQUAT_PATTERN_HEAVY_LOWER|PROXY:BACK_SQUAT:SHARED_FACTOR_PROXY","removedAxes=UNILATERAL_STABILITY;removedObjectives=","addedAxes=;addedObjectives=","PARITY_INTENTIONAL_CORRECTION"
"ex_fa34ddfe","FATIGUE|HYPERTROPHY_VOLUME","GENERAL_STRENGTH","forceType=BRACE;plane=SAGITTAL;laterality=UNILATERAL;fatigue=ANTI_ROTATION|GLUTE_LOCAL_LOAD|HIP_EXTENSION_LOAD|HIP_PELVIS_STABILITY_STRESS|ISOLATION_ACCESSORY_STRESS|LOCAL_MUSCLE|NEURAL_HEAVY|SYSTEMIC;muscles=BACK|CALF|CORE|DEEP_CORE|GLUTE|HAMSTRING;roles=ANTI_ROTATION_STABILITY|GENERAL_STRENGTH_SUPPORTIVE;skills=;qualities=HIP_KNEE_EXTENSION_STRENGTH|LOWER_BODY_FORCE","LOW_FATIGUE_CONTROL|ROTATION_CONTROL|UNILATERAL_STABILITY","","HIGH","BADMINTON_FATIGUE_COST:HIGH:0.0|OFI_AXIS:HIGH_FORCE_NEURAL:17.1875|OFI_AXIS:HIGH_SPEED:17.1875|OFI_AXIS:LOCAL_MUSCULAR:58.4375|OFI_AXIS:REACTIVE:15.625|OFI_AXIS:SYSTEMIC_MUSCULAR:10.9375|OFI_DOSE:LOAD_REPS:0.0|OFI_GROUP:GLUTE_ISOLATION_ACCESSORY:0.0|OFI_GROUP:GLUTE_ISOLATION_ACCESSORY:0.0|OFI_GROUP:GLUTE_ISOLATION_ACCESSORY:0.0|OFI_SCORE:HIGH_FORCE_NEURAL:21.0|OFI_SCORE:HIGH_SPEED:21.0|OFI_SCORE:LOCAL_MUSCULAR:73.0|OFI_SCORE:REACTIVE:20.0|OFI_SCORE:SYSTEMIC_MUSCULAR:14.0|OFI_SNAPSHOT:SUMMARY:39.0","","PROGRESSION:GLUTE_ISOLATION_ACCESSORY","FATIGUE|HYPERTROPHY_VOLUME","GENERAL_STRENGTH","level=GENERAL;types=GENERAL_STRENGTH_SUPPORTIVE;skills=;qualities=HIP_KNEE_EXTENSION_STRENGTH|LOWER_BODY_FORCE","","","HIGH","BADMINTON_FATIGUE_COST:HIGH:0.0|OFI_AXIS:HIGH_FORCE_NEURAL:17.1875|OFI_AXIS:HIGH_SPEED:17.1875|OFI_AXIS:LOCAL_MUSCULAR:58.4375|OFI_AXIS:REACTIVE:15.625|OFI_AXIS:SYSTEMIC_MUSCULAR:10.9375|OFI_DOSE:LOAD_REPS:0.0|OFI_GROUP:GLUTE_ISOLATION_ACCESSORY:0.0|OFI_GROUP:GLUTE_ISOLATION_ACCESSORY:0.0|OFI_GROUP:GLUTE_ISOLATION_ACCESSORY:0.0|OFI_SCORE:HIGH_FORCE_NEURAL:21.0|OFI_SCORE:HIGH_SPEED:21.0|OFI_SCORE:LOCAL_MUSCULAR:73.0|OFI_SCORE:REACTIVE:20.0|OFI_SCORE:SYSTEMIC_MUSCULAR:14.0|OFI_SNAPSHOT:SUMMARY:39.0","","PROGRESSION:GLUTE_ISOLATION_ACCESSORY","removedAxes=LOW_FATIGUE_CONTROL|ROTATION_CONTROL|UNILATERAL_STABILITY;removedObjectives=","addedAxes=;addedObjectives=","PARITY_INTENTIONAL_CORRECTION"
"ex_fa570291","BALANCE|FATIGUE|HYPERTROPHY_VOLUME","NONE","forceType=BRACE;plane=SAGITTAL;laterality=BILATERAL;fatigue=ELBOW_EXTENSION_LOAD|ELBOW_TENDON_STRESS|GRIP_FOREARM|ISOLATION_ACCESSORY_STRESS|LOCAL_MUSCLE|NEURAL_HEAVY|SYSTEMIC|TRICEPS_LOCAL_LOAD|TRICEPS_TENDON_STRESS;muscles=CORE|FOREARM|TRICEPS;roles=GRIP_FOREARM;skills=;qualities=","LOW_FATIGUE_CONTROL|RACKET_SUPPORT|ROTATION_CONTROL","","LOW","BADMINTON_FATIGUE_COST:LOW:0.0|OFI_AXIS:HIGH_FORCE_NEURAL:17.1875|OFI_AXIS:HIGH_SPEED:17.1875|OFI_AXIS:LOCAL_MUSCULAR:58.4375|OFI_AXIS:REACTIVE:15.625|OFI_AXIS:SYSTEMIC_MUSCULAR:10.9375|OFI_DOSE:VOLUME_LOAD:0.0|OFI_GROUP:ELBOW_EXTENSION_TRICEPS:0.0|OFI_GROUP:ELBOW_EXTENSION_TRICEPS:0.0|OFI_GROUP:ELBOW_EXTENSION_TRICEPS:0.0|OFI_SCORE:HIGH_FORCE_NEURAL:21.0|OFI_SCORE:HIGH_SPEED:21.0|OFI_SCORE:LOCAL_MUSCULAR:73.0|OFI_SCORE:REACTIVE:20.0|OFI_SCORE:SYSTEMIC_MUSCULAR:14.0|OFI_SNAPSHOT:SUMMARY:39.0","","PROGRESSION:ELBOW_EXTENSION_TRICEPS","BALANCE|FATIGUE|HYPERTROPHY_VOLUME","NONE","level=NONE;types=;skills=;qualities=","","","LOW","BADMINTON_FATIGUE_COST:LOW:0.0|OFI_AXIS:HIGH_FORCE_NEURAL:17.1875|OFI_AXIS:HIGH_SPEED:17.1875|OFI_AXIS:LOCAL_MUSCULAR:58.4375|OFI_AXIS:REACTIVE:15.625|OFI_AXIS:SYSTEMIC_MUSCULAR:10.9375|OFI_DOSE:VOLUME_LOAD:0.0|OFI_GROUP:ELBOW_EXTENSION_TRICEPS:0.0|OFI_GROUP:ELBOW_EXTENSION_TRICEPS:0.0|OFI_GROUP:ELBOW_EXTENSION_TRICEPS:0.0|OFI_SCORE:HIGH_FORCE_NEURAL:21.0|OFI_SCORE:HIGH_SPEED:21.0|OFI_SCORE:LOCAL_MUSCULAR:73.0|OFI_SCORE:REACTIVE:20.0|OFI_SCORE:SYSTEMIC_MUSCULAR:14.0|OFI_SNAPSHOT:SUMMARY:39.0","","PROGRESSION:ELBOW_EXTENSION_TRICEPS","removedAxes=LOW_FATIGUE_CONTROL|RACKET_SUPPORT|ROTATION_CONTROL;removedObjectives=","addedAxes=;addedObjectives=","PARITY_INTENTIONAL_CORRECTION"
"ex_faae2044","CONDITIONING|FATIGUE","GENERAL_STRENGTH","forceType=ACCELERATE;plane=SAGITTAL;laterality=BILATERAL;fatigue=CARDIO_CONDITIONING_STRESS|GENERAL_CONDITIONING|LOCAL_MUSCLE|NEURAL_HEAVY|NEURAL_SPEED|PACING_LOAD|REPETITIVE_LOCOMOTION_IMPACT|SYSTEMIC|SYSTEMIC_CONDITIONING_LOAD;muscles=CALF|CORE|HAMSTRING|QUADRICEPS;roles=CONDITIONING|GENERAL_CONDITIONING_SUPPORTIVE;skills=;qualities=AEROBIC_BASE|ANAEROBIC_REPEATABILITY|RECOVERY_STEP","AEROBIC_FOOTWORK|LATERAL_MOVEMENT|UNILATERAL_STABILITY","CONDITIONING|FOOTWORK","HIGH","BADMINTON_FATIGUE_COST:HIGH:0.0|OFI_AXIS:HIGH_FORCE_NEURAL:17.1875|OFI_AXIS:HIGH_SPEED:43.484375|OFI_AXIS:LOCAL_MUSCULAR:37.8125|OFI_AXIS:REACTIVE:15.625|OFI_AXIS:SYSTEMIC_MUSCULAR:53.125|OFI_DOSE:DISTANCE_OR_TIME:0.0|OFI_GROUP:CARDIO_CONDITIONING:0.0|OFI_GROUP:CARDIO_CONDITIONING:0.0|OFI_GROUP:CARDIO_CONDITIONING:0.0|OFI_SCORE:HIGH_FORCE_NEURAL:21.0|OFI_SCORE:HIGH_SPEED:54.0|OFI_SCORE:LOCAL_MUSCULAR:47.0|OFI_SCORE:REACTIVE:20.0|OFI_SCORE:SYSTEMIC_MUSCULAR:66.0|OFI_SNAPSHOT:SUMMARY:42.0","","PROGRESSION:CARDIO_CONDITIONING","CONDITIONING|FATIGUE","GENERAL_STRENGTH","level=GENERAL;types=GENERAL_CONDITIONING_SUPPORTIVE;skills=;qualities=AEROBIC_BASE|ANAEROBIC_REPEATABILITY","","","HIGH","BADMINTON_FATIGUE_COST:HIGH:0.0|OFI_AXIS:HIGH_FORCE_NEURAL:17.1875|OFI_AXIS:HIGH_SPEED:43.484375|OFI_AXIS:LOCAL_MUSCULAR:37.8125|OFI_AXIS:REACTIVE:15.625|OFI_AXIS:SYSTEMIC_MUSCULAR:53.125|OFI_DOSE:DISTANCE_OR_TIME:0.0|OFI_GROUP:CARDIO_CONDITIONING:0.0|OFI_GROUP:CARDIO_CONDITIONING:0.0|OFI_GROUP:CARDIO_CONDITIONING:0.0|OFI_SCORE:HIGH_FORCE_NEURAL:21.0|OFI_SCORE:HIGH_SPEED:54.0|OFI_SCORE:LOCAL_MUSCULAR:47.0|OFI_SCORE:REACTIVE:20.0|OFI_SCORE:SYSTEMIC_MUSCULAR:66.0|OFI_SNAPSHOT:SUMMARY:42.0","","PROGRESSION:CARDIO_CONDITIONING","removedAxes=AEROBIC_FOOTWORK|LATERAL_MOVEMENT|UNILATERAL_STABILITY;removedObjectives=CONDITIONING|FOOTWORK","addedAxes=;addedObjectives=","PARITY_INTENTIONAL_CORRECTION"
"ex_fb67af37","BALANCE|FATIGUE|HYPERTROPHY_VOLUME|STRENGTH_PROGRESS","GENERAL_STRENGTH","forceType=PUSH;plane=TRANSVERSE;laterality=BILATERAL;fatigue=BODYWEIGHT_PUSH_STRESS|CORE_BRACING_LOAD|LOCAL_MUSCLE|NEURAL_HEAVY|OVERHEAD_REPETITION|PECTORAL_LOAD|PECTORAL_TENDON_STRESS|SHOULDER_CONTROL_LOAD|SHOULDER_SCAPULAR_STABILITY_STRESS|SYSTEMIC|TRICEPS_LOAD|TRICEPS_TENDON_STRESS;muscles=ANTERIOR_DELTOID|CHEST|CORE|DEEP_CORE|SHOULDER|TRICEPS|UPPER_CHEST;roles=GENERAL_STRENGTH_SUPPORTIVE|SHOULDER_CARE;skills=;qualities=SHOULDER_DURABILITY","RACKET_SUPPORT","","MEDIUM","BADMINTON_FATIGUE_COST:MEDIUM:0.0|OFI_AXIS:HIGH_FORCE_NEURAL:17.1875|OFI_AXIS:HIGH_SPEED:17.1875|OFI_AXIS:LOCAL_MUSCULAR:37.8125|OFI_AXIS:REACTIVE:15.625|OFI_AXIS:SYSTEMIC_MUSCULAR:13.28125|OFI_DOSE:LOAD_REPS:0.0|OFI_GROUP:BODYWEIGHT_HORIZONTAL_PUSH:0.0|OFI_GROUP:BODYWEIGHT_HORIZONTAL_PUSH:0.0|OFI_GROUP:BODYWEIGHT_HORIZONTAL_PUSH:0.0|OFI_SCORE:HIGH_FORCE_NEURAL:21.0|OFI_SCORE:HIGH_SPEED:21.0|OFI_SCORE:LOCAL_MUSCULAR:47.0|OFI_SCORE:REACTIVE:20.0|OFI_SCORE:SYSTEMIC_MUSCULAR:17.0|OFI_SNAPSHOT:SUMMARY:28.0","","PROGRESSION:BODYWEIGHT_HORIZONTAL_PUSH","BALANCE|FATIGUE|HYPERTROPHY_VOLUME|STRENGTH_PROGRESS","GENERAL_STRENGTH","level=GENERAL;types=GENERAL_STRENGTH_SUPPORTIVE;skills=;qualities=SHOULDER_DURABILITY","","","MEDIUM","BADMINTON_FATIGUE_COST:MEDIUM:0.0|OFI_AXIS:HIGH_FORCE_NEURAL:17.1875|OFI_AXIS:HIGH_SPEED:17.1875|OFI_AXIS:LOCAL_MUSCULAR:37.8125|OFI_AXIS:REACTIVE:15.625|OFI_AXIS:SYSTEMIC_MUSCULAR:13.28125|OFI_DOSE:LOAD_REPS:0.0|OFI_GROUP:BODYWEIGHT_HORIZONTAL_PUSH:0.0|OFI_GROUP:BODYWEIGHT_HORIZONTAL_PUSH:0.0|OFI_GROUP:BODYWEIGHT_HORIZONTAL_PUSH:0.0|OFI_SCORE:HIGH_FORCE_NEURAL:21.0|OFI_SCORE:HIGH_SPEED:21.0|OFI_SCORE:LOCAL_MUSCULAR:47.0|OFI_SCORE:REACTIVE:20.0|OFI_SCORE:SYSTEMIC_MUSCULAR:17.0|OFI_SNAPSHOT:SUMMARY:28.0","","PROGRESSION:BODYWEIGHT_HORIZONTAL_PUSH","removedAxes=RACKET_SUPPORT;removedObjectives=","addedAxes=;addedObjectives=","PARITY_INTENTIONAL_CORRECTION"
"ex_fdbdf454","BALANCE|FATIGUE|HYPERTROPHY_VOLUME","NONE","forceType=BRACE;plane=SAGITTAL;laterality=UNILATERAL;fatigue=ANTERIOR_SHOULDER_LOAD|ANTI_ROTATION|ELBOW_JOINT_STRESS|GRIP_FOREARM|ISOLATION_ACCESSORY_STRESS|LOCAL_MUSCLE|NEURAL_HEAVY|OVERHEAD_REPETITION|SHOULDER_JOINT_STABILITY_STRESS|SYSTEMIC|TRICEPS_LOAD|TRICEPS_TENDON_STRESS;muscles=CORE|DEEP_CORE|FOREARM|SHOULDER|TRICEPS;roles=ANTI_ROTATION_STABILITY|GRIP_FOREARM|SHOULDER_CARE;skills=;qualities=","LOW_FATIGUE_CONTROL|RACKET_SUPPORT|ROTATION_CONTROL|UNILATERAL_STABILITY","","MEDIUM","BADMINTON_FATIGUE_COST:MEDIUM:0.0|OFI_AXIS:HIGH_FORCE_NEURAL:17.1875|OFI_AXIS:HIGH_SPEED:17.1875|OFI_AXIS:LOCAL_MUSCULAR:58.4375|OFI_AXIS:REACTIVE:15.625|OFI_AXIS:SYSTEMIC_MUSCULAR:13.28125|OFI_DOSE:VOLUME_LOAD:0.0|OFI_GROUP:OVERHEAD_TRICEPS_LONG_HEAD:0.0|OFI_GROUP:OVERHEAD_TRICEPS_LONG_HEAD:0.0|OFI_GROUP:OVERHEAD_TRICEPS_LONG_HEAD:0.0|OFI_SCORE:HIGH_FORCE_NEURAL:21.0|OFI_SCORE:HIGH_SPEED:21.0|OFI_SCORE:LOCAL_MUSCULAR:73.0|OFI_SCORE:REACTIVE:20.0|OFI_SCORE:SYSTEMIC_MUSCULAR:17.0|OFI_SNAPSHOT:SUMMARY:39.0","","PROGRESSION:OVERHEAD_TRICEPS_LONG_HEAD","BALANCE|FATIGUE|HYPERTROPHY_VOLUME","NONE","level=NONE;types=;skills=;qualities=","","","MEDIUM","BADMINTON_FATIGUE_COST:MEDIUM:0.0|OFI_AXIS:HIGH_FORCE_NEURAL:17.1875|OFI_AXIS:HIGH_SPEED:17.1875|OFI_AXIS:LOCAL_MUSCULAR:58.4375|OFI_AXIS:REACTIVE:15.625|OFI_AXIS:SYSTEMIC_MUSCULAR:13.28125|OFI_DOSE:VOLUME_LOAD:0.0|OFI_GROUP:OVERHEAD_TRICEPS_LONG_HEAD:0.0|OFI_GROUP:OVERHEAD_TRICEPS_LONG_HEAD:0.0|OFI_GROUP:OVERHEAD_TRICEPS_LONG_HEAD:0.0|OFI_SCORE:HIGH_FORCE_NEURAL:21.0|OFI_SCORE:HIGH_SPEED:21.0|OFI_SCORE:LOCAL_MUSCULAR:73.0|OFI_SCORE:REACTIVE:20.0|OFI_SCORE:SYSTEMIC_MUSCULAR:17.0|OFI_SNAPSHOT:SUMMARY:39.0","","PROGRESSION:OVERHEAD_TRICEPS_LONG_HEAD","removedAxes=LOW_FATIGUE_CONTROL|RACKET_SUPPORT|ROTATION_CONTROL|UNILATERAL_STABILITY;removedObjectives=","addedAxes=;addedObjectives=","PARITY_INTENTIONAL_CORRECTION"
"ez_bar_lying_triceps_extension","BALANCE|FATIGUE|HYPERTROPHY_VOLUME","NONE","forceType=BRACE;plane=SAGITTAL;laterality=BILATERAL;fatigue=ELBOW_EXTENSION_LOAD|ELBOW_TENDON_STRESS|GRIP_FOREARM|ISOLATION_ACCESSORY_STRESS|LOCAL_MUSCLE|NEURAL_HEAVY|OVERHEAD_REPETITION|SYSTEMIC|TRICEPS_LOCAL_LOAD|TRICEPS_TENDON_STRESS;muscles=CORE|FOREARM|SHOULDER|TRICEPS;roles=;skills=;qualities=","LOW_FATIGUE_CONTROL|RACKET_SUPPORT|ROTATION_CONTROL","","LOW","BADMINTON_FATIGUE_COST:LOW:0.0|OFI_AXIS:HIGH_FORCE_NEURAL:17.1875|OFI_AXIS:HIGH_SPEED:17.1875|OFI_AXIS:LOCAL_MUSCULAR:58.4375|OFI_AXIS:REACTIVE:15.625|OFI_AXIS:SYSTEMIC_MUSCULAR:10.9375|OFI_DOSE:VOLUME_LOAD:0.0|OFI_GROUP:ELBOW_EXTENSION_TRICEPS:0.0|OFI_GROUP:ELBOW_EXTENSION_TRICEPS:0.0|OFI_GROUP:ELBOW_EXTENSION_TRICEPS:0.0|OFI_SCORE:HIGH_FORCE_NEURAL:21.0|OFI_SCORE:HIGH_SPEED:21.0|OFI_SCORE:LOCAL_MUSCULAR:73.0|OFI_SCORE:REACTIVE:20.0|OFI_SCORE:SYSTEMIC_MUSCULAR:14.0|OFI_SNAPSHOT:SUMMARY:39.0","","PROGRESSION:ELBOW_EXTENSION_TRICEPS","BALANCE|FATIGUE|HYPERTROPHY_VOLUME","NONE","level=NONE;types=;skills=;qualities=","","","LOW","BADMINTON_FATIGUE_COST:LOW:0.0|OFI_AXIS:HIGH_FORCE_NEURAL:17.1875|OFI_AXIS:HIGH_SPEED:17.1875|OFI_AXIS:LOCAL_MUSCULAR:58.4375|OFI_AXIS:REACTIVE:15.625|OFI_AXIS:SYSTEMIC_MUSCULAR:10.9375|OFI_DOSE:VOLUME_LOAD:0.0|OFI_GROUP:ELBOW_EXTENSION_TRICEPS:0.0|OFI_GROUP:ELBOW_EXTENSION_TRICEPS:0.0|OFI_GROUP:ELBOW_EXTENSION_TRICEPS:0.0|OFI_SCORE:HIGH_FORCE_NEURAL:21.0|OFI_SCORE:HIGH_SPEED:21.0|OFI_SCORE:LOCAL_MUSCULAR:73.0|OFI_SCORE:REACTIVE:20.0|OFI_SCORE:SYSTEMIC_MUSCULAR:14.0|OFI_SNAPSHOT:SUMMARY:39.0","","PROGRESSION:ELBOW_EXTENSION_TRICEPS","removedAxes=LOW_FATIGUE_CONTROL|RACKET_SUPPORT|ROTATION_CONTROL;removedObjectives=","addedAxes=;addedObjectives=","PARITY_INTENTIONAL_CORRECTION"
"ez_bar_preacher_curl","BALANCE|FATIGUE|HYPERTROPHY_VOLUME","GENERAL_STRENGTH","forceType=BRACE;plane=SAGITTAL;laterality=BILATERAL;fatigue=BICEPS_LOCAL_LOAD|BICEPS_TENDON_STRESS|ELBOW_FLEXION_LOAD|FOREARM_FLEXOR_TENDON_STRESS|GRIP_FOREARM|GRIP_FOREARM_LOAD|ISOLATION_ACCESSORY_STRESS|LOCAL_MUSCLE|NEURAL_HEAVY|SYSTEMIC;muscles=BICEPS|CORE|FOREARM;roles=GENERAL_STRENGTH_SUPPORTIVE;skills=;qualities=GRIP_ENDURANCE","LOW_FATIGUE_CONTROL|RACKET_SUPPORT|ROTATION_CONTROL","","LOW","BADMINTON_FATIGUE_COST:LOW:0.0|OFI_AXIS:HIGH_FORCE_NEURAL:17.1875|OFI_AXIS:HIGH_SPEED:17.1875|OFI_AXIS:LOCAL_MUSCULAR:58.4375|OFI_AXIS:REACTIVE:15.625|OFI_AXIS:SYSTEMIC_MUSCULAR:13.28125|OFI_DOSE:VOLUME_LOAD:0.0|OFI_GROUP:ELBOW_FLEXION_CURL:0.0|OFI_GROUP:ELBOW_FLEXION_CURL:0.0|OFI_GROUP:ELBOW_FLEXION_CURL:0.0|OFI_SCORE:HIGH_FORCE_NEURAL:21.0|OFI_SCORE:HIGH_SPEED:21.0|OFI_SCORE:LOCAL_MUSCULAR:73.0|OFI_SCORE:REACTIVE:20.0|OFI_SCORE:SYSTEMIC_MUSCULAR:17.0|OFI_SNAPSHOT:SUMMARY:39.0","","PROGRESSION:ELBOW_FLEXION_CURL","BALANCE|FATIGUE|HYPERTROPHY_VOLUME","GENERAL_STRENGTH","level=GENERAL;types=GENERAL_STRENGTH_SUPPORTIVE;skills=;qualities=GRIP_ENDURANCE","","","LOW","BADMINTON_FATIGUE_COST:LOW:0.0|OFI_AXIS:HIGH_FORCE_NEURAL:17.1875|OFI_AXIS:HIGH_SPEED:17.1875|OFI_AXIS:LOCAL_MUSCULAR:58.4375|OFI_AXIS:REACTIVE:15.625|OFI_AXIS:SYSTEMIC_MUSCULAR:13.28125|OFI_DOSE:VOLUME_LOAD:0.0|OFI_GROUP:ELBOW_FLEXION_CURL:0.0|OFI_GROUP:ELBOW_FLEXION_CURL:0.0|OFI_GROUP:ELBOW_FLEXION_CURL:0.0|OFI_SCORE:HIGH_FORCE_NEURAL:21.0|OFI_SCORE:HIGH_SPEED:21.0|OFI_SCORE:LOCAL_MUSCULAR:73.0|OFI_SCORE:REACTIVE:20.0|OFI_SCORE:SYSTEMIC_MUSCULAR:17.0|OFI_SNAPSHOT:SUMMARY:39.0","","PROGRESSION:ELBOW_FLEXION_CURL","removedAxes=LOW_FATIGUE_CONTROL|RACKET_SUPPORT|ROTATION_CONTROL;removedObjectives=","addedAxes=;addedObjectives=","PARITY_INTENTIONAL_CORRECTION"
"ez_bar_reverse_curl","BALANCE|FATIGUE|HYPERTROPHY_VOLUME","GENERAL_STRENGTH","forceType=BRACE;plane=SAGITTAL;laterality=BILATERAL;fatigue=BRACHIALIS_BRACHIORADIALIS_LOAD|ELBOW_FLEXION_LOAD|FOREARM_EXTENSOR_TENDON_STRESS|FOREARM_FLEXOR_TENDON_STRESS|GRIP_FOREARM|GRIP_FOREARM_LOAD|ISOLATION_ACCESSORY_STRESS|LOCAL_MUSCLE|NEURAL_HEAVY|SYSTEMIC;muscles=BACK|BICEPS|CORE|FOREARM;roles=GENERAL_STRENGTH_SUPPORTIVE;skills=;qualities=GRIP_ENDURANCE","LOW_FATIGUE_CONTROL|RACKET_SUPPORT|ROTATION_CONTROL","","VERY_HIGH","BADMINTON_FATIGUE_COST:VERY_HIGH:0.0|OFI_AXIS:HIGH_FORCE_NEURAL:17.1875|OFI_AXIS:HIGH_SPEED:17.1875|OFI_AXIS:LOCAL_MUSCULAR:58.4375|OFI_AXIS:REACTIVE:15.625|OFI_AXIS:SYSTEMIC_MUSCULAR:13.28125|OFI_DOSE:VOLUME_LOAD:0.0|OFI_GROUP:ELBOW_FLEXION_NEUTRAL_PRONATED_CURL:0.0|OFI_GROUP:ELBOW_FLEXION_NEUTRAL_PRONATED_CURL:0.0|OFI_GROUP:ELBOW_FLEXION_NEUTRAL_PRONATED_CURL:0.0|OFI_SCORE:HIGH_FORCE_NEURAL:21.0|OFI_SCORE:HIGH_SPEED:21.0|OFI_SCORE:LOCAL_MUSCULAR:73.0|OFI_SCORE:REACTIVE:20.0|OFI_SCORE:SYSTEMIC_MUSCULAR:17.0|OFI_SNAPSHOT:SUMMARY:39.0","","PROGRESSION:ELBOW_FLEXION_NEUTRAL_PRONATED_CURL","BALANCE|FATIGUE|HYPERTROPHY_VOLUME","GENERAL_STRENGTH","level=GENERAL;types=GENERAL_STRENGTH_SUPPORTIVE;skills=;qualities=GRIP_ENDURANCE","","","VERY_HIGH","BADMINTON_FATIGUE_COST:VERY_HIGH:0.0|OFI_AXIS:HIGH_FORCE_NEURAL:17.1875|OFI_AXIS:HIGH_SPEED:17.1875|OFI_AXIS:LOCAL_MUSCULAR:58.4375|OFI_AXIS:REACTIVE:15.625|OFI_AXIS:SYSTEMIC_MUSCULAR:13.28125|OFI_DOSE:VOLUME_LOAD:0.0|OFI_GROUP:ELBOW_FLEXION_NEUTRAL_PRONATED_CURL:0.0|OFI_GROUP:ELBOW_FLEXION_NEUTRAL_PRONATED_CURL:0.0|OFI_GROUP:ELBOW_FLEXION_NEUTRAL_PRONATED_CURL:0.0|OFI_SCORE:HIGH_FORCE_NEURAL:21.0|OFI_SCORE:HIGH_SPEED:21.0|OFI_SCORE:LOCAL_MUSCULAR:73.0|OFI_SCORE:REACTIVE:20.0|OFI_SCORE:SYSTEMIC_MUSCULAR:17.0|OFI_SNAPSHOT:SUMMARY:39.0","","PROGRESSION:ELBOW_FLEXION_NEUTRAL_PRONATED_CURL","removedAxes=LOW_FATIGUE_CONTROL|RACKET_SUPPORT|ROTATION_CONTROL;removedObjectives=","addedAxes=;addedObjectives=","PARITY_INTENTIONAL_CORRECTION"
"ez_bar_spider_curl","BALANCE|FATIGUE|HYPERTROPHY_VOLUME","GENERAL_STRENGTH","forceType=BRACE;plane=SAGITTAL;laterality=BILATERAL;fatigue=BICEPS_LOCAL_LOAD|BICEPS_TENDON_STRESS|ELBOW_FLEXION_LOAD|FOREARM_FLEXOR_TENDON_STRESS|GRIP_FOREARM|GRIP_FOREARM_LOAD|ISOLATION_ACCESSORY_STRESS|LOCAL_MUSCLE|NEURAL_HEAVY|SYSTEMIC;muscles=BICEPS|CHEST|CORE|FOREARM;roles=GENERAL_STRENGTH_SUPPORTIVE;skills=;qualities=GRIP_ENDURANCE","LOW_FATIGUE_CONTROL|RACKET_SUPPORT|ROTATION_CONTROL","","LOW","BADMINTON_FATIGUE_COST:LOW:0.0|OFI_AXIS:HIGH_FORCE_NEURAL:17.1875|OFI_AXIS:HIGH_SPEED:17.1875|OFI_AXIS:LOCAL_MUSCULAR:58.4375|OFI_AXIS:REACTIVE:15.625|OFI_AXIS:SYSTEMIC_MUSCULAR:13.28125|OFI_DOSE:VOLUME_LOAD:0.0|OFI_GROUP:ELBOW_FLEXION_CURL:0.0|OFI_GROUP:ELBOW_FLEXION_CURL:0.0|OFI_GROUP:ELBOW_FLEXION_CURL:0.0|OFI_SCORE:HIGH_FORCE_NEURAL:21.0|OFI_SCORE:HIGH_SPEED:21.0|OFI_SCORE:LOCAL_MUSCULAR:73.0|OFI_SCORE:REACTIVE:20.0|OFI_SCORE:SYSTEMIC_MUSCULAR:17.0|OFI_SNAPSHOT:SUMMARY:39.0","","PROGRESSION:ELBOW_FLEXION_CURL","BALANCE|FATIGUE|HYPERTROPHY_VOLUME","GENERAL_STRENGTH","level=GENERAL;types=GENERAL_STRENGTH_SUPPORTIVE;skills=;qualities=GRIP_ENDURANCE","","","LOW","BADMINTON_FATIGUE_COST:LOW:0.0|OFI_AXIS:HIGH_FORCE_NEURAL:17.1875|OFI_AXIS:HIGH_SPEED:17.1875|OFI_AXIS:LOCAL_MUSCULAR:58.4375|OFI_AXIS:REACTIVE:15.625|OFI_AXIS:SYSTEMIC_MUSCULAR:13.28125|OFI_DOSE:VOLUME_LOAD:0.0|OFI_GROUP:ELBOW_FLEXION_CURL:0.0|OFI_GROUP:ELBOW_FLEXION_CURL:0.0|OFI_GROUP:ELBOW_FLEXION_CURL:0.0|OFI_SCORE:HIGH_FORCE_NEURAL:21.0|OFI_SCORE:HIGH_SPEED:21.0|OFI_SCORE:LOCAL_MUSCULAR:73.0|OFI_SCORE:REACTIVE:20.0|OFI_SCORE:SYSTEMIC_MUSCULAR:17.0|OFI_SNAPSHOT:SUMMARY:39.0","","PROGRESSION:ELBOW_FLEXION_CURL","removedAxes=LOW_FATIGUE_CONTROL|RACKET_SUPPORT|ROTATION_CONTROL;removedObjectives=","addedAxes=;addedObjectives=","PARITY_INTENTIONAL_CORRECTION"
"face_pull","BADMINTON_SUPPORTIVE|BALANCE|FATIGUE|RECOVERY_ONLY","SUPPORTIVE","forceType=BRACE;plane=TRANSVERSE;laterality=BILATERAL;fatigue=ANTI_ROTATION|LOCAL_MUSCLE|LOCAL_STABILIZER_LOAD|LOW_FATIGUE_REHAB|LOW_LOAD_CONTROL|LOW_LOAD_PREHAB_CONTROL_STRESS|NEURAL_HEAVY|OVERHEAD_REPETITION|ROTATOR_CUFF_TENDON_STRESS|SHOULDER_SCAPULAR_STABILITY_STRESS|SYSTEMIC;muscles=CORE|LOWER_TRAP|OBLIQUE|REAR_DELT|RHOMBOID|ROTATOR_CUFF|TRAPEZIUS;roles=ANTI_ROTATION_STABILITY|SHOULDER_CARE|SHOULDER_SCAPULAR_SUPPORTIVE;skills=DRIVE|OVERHEAD_CLEAR|SMASH;qualities=ROTATOR_CUFF_CONTROL|SCAPULAR_CONTROL|SHOULDER_DURABILITY","LOW_FATIGUE_CONTROL|RACKET_SUPPORT|ROTATION_CONTROL","","MEDIUM","BADMINTON_FATIGUE_COST:MEDIUM:0.0|OFI_AXIS:HIGH_FORCE_NEURAL:17.1875|OFI_AXIS:HIGH_SPEED:17.1875|OFI_AXIS:LOCAL_MUSCULAR:37.8125|OFI_AXIS:REACTIVE:15.625|OFI_AXIS:SYSTEMIC_MUSCULAR:13.28125|OFI_DOSE:QUALITY_BASED:0.0|OFI_GROUP:NOT_APPLICABLE:0.0|OFI_GROUP:NOT_APPLICABLE:0.0|OFI_GROUP:SCAPULAR_RETRACTION_EXTERNAL_ROTATION:0.0|OFI_SCORE:HIGH_FORCE_NEURAL:21.0|OFI_SCORE:HIGH_SPEED:21.0|OFI_SCORE:LOCAL_MUSCULAR:47.0|OFI_SCORE:REACTIVE:20.0|OFI_SCORE:SYSTEMIC_MUSCULAR:17.0|OFI_SNAPSHOT:SUMMARY:28.0","","","BADMINTON_SUPPORTIVE|BALANCE|FATIGUE|RECOVERY_ONLY","SUPPORTIVE","level=SUPPORTIVE;types=SHOULDER_SCAPULAR_SUPPORTIVE;skills=DRIVE|OVERHEAD_CLEAR|SMASH;qualities=ROTATOR_CUFF_CONTROL|SCAPULAR_CONTROL|SHOULDER_DURABILITY","RACKET_SUPPORT","","MEDIUM","BADMINTON_FATIGUE_COST:MEDIUM:0.0|OFI_AXIS:HIGH_FORCE_NEURAL:17.1875|OFI_AXIS:HIGH_SPEED:17.1875|OFI_AXIS:LOCAL_MUSCULAR:37.8125|OFI_AXIS:REACTIVE:15.625|OFI_AXIS:SYSTEMIC_MUSCULAR:13.28125|OFI_DOSE:QUALITY_BASED:0.0|OFI_GROUP:NOT_APPLICABLE:0.0|OFI_GROUP:NOT_APPLICABLE:0.0|OFI_GROUP:SCAPULAR_RETRACTION_EXTERNAL_ROTATION:0.0|OFI_SCORE:HIGH_FORCE_NEURAL:21.0|OFI_SCORE:HIGH_SPEED:21.0|OFI_SCORE:LOCAL_MUSCULAR:47.0|OFI_SCORE:REACTIVE:20.0|OFI_SCORE:SYSTEMIC_MUSCULAR:17.0|OFI_SNAPSHOT:SUMMARY:28.0","","","removedAxes=LOW_FATIGUE_CONTROL|ROTATION_CONTROL;removedObjectives=","addedAxes=;addedObjectives=","PARITY_INTENTIONAL_CORRECTION"
"gymnastic_ring_inverted_row","BALANCE|FATIGUE|HYPERTROPHY_VOLUME|STRENGTH_PROGRESS","GENERAL_STRENGTH","forceType=PULL;plane=TRANSVERSE;laterality=BILATERAL;fatigue=BICEPS_LOAD|BICEPS_TENDON_STRESS|ELBOW_JOINT_STRESS|FOREARM_FLEXOR_TENDON_STRESS|GRIP_FOREARM|GRIP_LOAD|HORIZONTAL_ROW_STRESS|LAT_LOAD|LOCAL_MUSCLE|NEURAL_HEAVY|OVERHEAD_REPETITION|REAR_DELTOID_LOAD|SCAPULAR_STABILITY_LOAD|SHOULDER_JOINT_STABILITY_STRESS|SYSTEMIC|UPPER_BACK_LOAD;muscles=BACK|BICEPS|CHEST|CORE|DEEP_CORE|LAT|REAR_DELT|RHOMBOID|SCAPULAR_STABILIZERS;roles=GENERAL_STRENGTH_SUPPORTIVE;skills=;qualities=SCAPULAR_CONTROL|SHOULDER_DURABILITY","RACKET_SUPPORT","","MEDIUM","BADMINTON_FATIGUE_COST:MEDIUM:0.0|OFI_AXIS:HIGH_FORCE_NEURAL:37.8125|OFI_AXIS:HIGH_SPEED:17.1875|OFI_AXIS:LOCAL_MUSCULAR:58.4375|OFI_AXIS:REACTIVE:15.625|OFI_AXIS:SYSTEMIC_MUSCULAR:34.375|OFI_DOSE:VOLUME_LOAD:0.0|OFI_GROUP:HORIZONTAL_PULL_COMPOUND:0.0|OFI_GROUP:HORIZONTAL_PULL_COMPOUND:0.0|OFI_GROUP:HORIZONTAL_PULL_COMPOUND:0.0|OFI_SCORE:HIGH_FORCE_NEURAL:47.0|OFI_SCORE:HIGH_SPEED:21.0|OFI_SCORE:LOCAL_MUSCULAR:73.0|OFI_SCORE:REACTIVE:20.0|OFI_SCORE:SYSTEMIC_MUSCULAR:43.0|OFI_SNAPSHOT:SUMMARY:44.0","","PROGRESSION:HORIZONTAL_PULL_COMPOUND","BALANCE|FATIGUE|HYPERTROPHY_VOLUME|STRENGTH_PROGRESS","GENERAL_STRENGTH","level=GENERAL;types=GENERAL_STRENGTH_SUPPORTIVE;skills=;qualities=SCAPULAR_CONTROL|SHOULDER_DURABILITY","","","MEDIUM","BADMINTON_FATIGUE_COST:MEDIUM:0.0|OFI_AXIS:HIGH_FORCE_NEURAL:37.8125|OFI_AXIS:HIGH_SPEED:17.1875|OFI_AXIS:LOCAL_MUSCULAR:58.4375|OFI_AXIS:REACTIVE:15.625|OFI_AXIS:SYSTEMIC_MUSCULAR:34.375|OFI_DOSE:VOLUME_LOAD:0.0|OFI_GROUP:HORIZONTAL_PULL_COMPOUND:0.0|OFI_GROUP:HORIZONTAL_PULL_COMPOUND:0.0|OFI_GROUP:HORIZONTAL_PULL_COMPOUND:0.0|OFI_SCORE:HIGH_FORCE_NEURAL:47.0|OFI_SCORE:HIGH_SPEED:21.0|OFI_SCORE:LOCAL_MUSCULAR:73.0|OFI_SCORE:REACTIVE:20.0|OFI_SCORE:SYSTEMIC_MUSCULAR:43.0|OFI_SNAPSHOT:SUMMARY:44.0","","PROGRESSION:HORIZONTAL_PULL_COMPOUND","removedAxes=RACKET_SUPPORT;removedObjectives=","addedAxes=;addedObjectives=","PARITY_INTENTIONAL_CORRECTION"
"half_kneeling_single_arm_dumbbell_press","BADMINTON_SUPPORTIVE|BALANCE|FATIGUE|HYPERTROPHY_VOLUME|STRENGTH_PROGRESS","SUPPORTIVE","forceType=PUSH;plane=SAGITTAL;laterality=UNILATERAL;fatigue=ANTI_ROTATION_LOAD|DELTOID_LOAD|HIP_PELVIS_STABILITY_STRESS|LOCAL_MUSCLE|NEURAL_HEAVY|OVERHEAD_PUSH_STRESS|OVERHEAD_REPETITION|OVERHEAD_REPETITION_LOAD|ROTATOR_CUFF_TENDON_STRESS|SHOULDER_SCAPULAR_STABILITY_STRESS|SYSTEMIC|TRICEPS_LOAD|TRICEPS_TENDON_STRESS;muscles=CORE|SCAPULAR_STABILIZERS|TRICEPS;roles=SHOULDER_CARE|SHOULDER_SCAPULAR_SUPPORTIVE;skills=DRIVE|OVERHEAD_CLEAR|SMASH;qualities=ROTATOR_CUFF_CONTROL|SCAPULAR_CONTROL|SHOULDER_DURABILITY","LOW_FATIGUE_CONTROL|RACKET_SUPPORT|UNILATERAL_STABILITY","","MEDIUM","BADMINTON_FATIGUE_COST:MEDIUM:0.0|OFI_AXIS:HIGH_FORCE_NEURAL:17.1875|OFI_AXIS:HIGH_SPEED:17.1875|OFI_AXIS:LOCAL_MUSCULAR:58.4375|OFI_AXIS:REACTIVE:15.625|OFI_AXIS:SYSTEMIC_MUSCULAR:34.375|OFI_DOSE:VOLUME_LOAD:0.0|OFI_GROUP:HALF_KNEELING_UNILATERAL_VERTICAL_PUSH:0.0|OFI_GROUP:HALF_KNEELING_UNILATERAL_VERTICAL_PUSH:0.0|OFI_GROUP:HALF_KNEELING_UNILATERAL_VERTICAL_PUSH:0.0|OFI_SCORE:HIGH_FORCE_NEURAL:21.0|OFI_SCORE:HIGH_SPEED:21.0|OFI_SCORE:LOCAL_MUSCULAR:73.0|OFI_SCORE:REACTIVE:20.0|OFI_SCORE:SYSTEMIC_MUSCULAR:43.0|OFI_SNAPSHOT:SUMMARY:42.0","ROLE:STABILITY|SLOT:STABILITY_SLOT","PROGRESSION:HALF_KNEELING_UNILATERAL_VERTICAL_PUSH","BADMINTON_SUPPORTIVE|BALANCE|FATIGUE|HYPERTROPHY_VOLUME|STRENGTH_PROGRESS","SUPPORTIVE","level=SUPPORTIVE;types=SHOULDER_SCAPULAR_SUPPORTIVE;skills=DRIVE|OVERHEAD_CLEAR|SMASH;qualities=ROTATOR_CUFF_CONTROL|SCAPULAR_CONTROL|SHOULDER_DURABILITY","RACKET_SUPPORT","","MEDIUM","BADMINTON_FATIGUE_COST:MEDIUM:0.0|OFI_AXIS:HIGH_FORCE_NEURAL:17.1875|OFI_AXIS:HIGH_SPEED:17.1875|OFI_AXIS:LOCAL_MUSCULAR:58.4375|OFI_AXIS:REACTIVE:15.625|OFI_AXIS:SYSTEMIC_MUSCULAR:34.375|OFI_DOSE:VOLUME_LOAD:0.0|OFI_GROUP:HALF_KNEELING_UNILATERAL_VERTICAL_PUSH:0.0|OFI_GROUP:HALF_KNEELING_UNILATERAL_VERTICAL_PUSH:0.0|OFI_GROUP:HALF_KNEELING_UNILATERAL_VERTICAL_PUSH:0.0|OFI_SCORE:HIGH_FORCE_NEURAL:21.0|OFI_SCORE:HIGH_SPEED:21.0|OFI_SCORE:LOCAL_MUSCULAR:73.0|OFI_SCORE:REACTIVE:20.0|OFI_SCORE:SYSTEMIC_MUSCULAR:43.0|OFI_SNAPSHOT:SUMMARY:42.0","ROLE:STABILITY|SLOT:STABILITY_SLOT","PROGRESSION:HALF_KNEELING_UNILATERAL_VERTICAL_PUSH","removedAxes=LOW_FATIGUE_CONTROL|UNILATERAL_STABILITY;removedObjectives=","addedAxes=;addedObjectives=","PARITY_INTENTIONAL_CORRECTION"
"half_kneeling_single_arm_kettlebell_press","BADMINTON_SUPPORTIVE|BALANCE|FATIGUE|HYPERTROPHY_VOLUME|STRENGTH_PROGRESS","SUPPORTIVE","forceType=PUSH;plane=SAGITTAL;laterality=UNILATERAL;fatigue=ANTI_ROTATION_LOAD|DELTOID_LOAD|GRIP_FOREARM|HIP_PELVIS_STABILITY_STRESS|LOCAL_MUSCLE|NEURAL_HEAVY|OVERHEAD_PUSH_STRESS|OVERHEAD_REPETITION|OVERHEAD_REPETITION_LOAD|ROTATOR_CUFF_TENDON_STRESS|SHOULDER_SCAPULAR_STABILITY_STRESS|SYSTEMIC|TRICEPS_LOAD|TRICEPS_TENDON_STRESS;muscles=CORE|FOREARM|SCAPULAR_STABILIZERS|TRICEPS;roles=GRIP_FOREARM|SHOULDER_CARE|SHOULDER_SCAPULAR_SUPPORTIVE;skills=DRIVE|OVERHEAD_CLEAR|SMASH;qualities=ROTATOR_CUFF_CONTROL|SCAPULAR_CONTROL|SHOULDER_DURABILITY","LOW_FATIGUE_CONTROL|RACKET_SUPPORT|UNILATERAL_STABILITY","","MEDIUM","BADMINTON_FATIGUE_COST:MEDIUM:0.0|OFI_AXIS:HIGH_FORCE_NEURAL:17.1875|OFI_AXIS:HIGH_SPEED:17.1875|OFI_AXIS:LOCAL_MUSCULAR:58.4375|OFI_AXIS:REACTIVE:15.625|OFI_AXIS:SYSTEMIC_MUSCULAR:34.375|OFI_DOSE:VOLUME_LOAD:0.0|OFI_GROUP:HALF_KNEELING_UNILATERAL_VERTICAL_PUSH:0.0|OFI_GROUP:HALF_KNEELING_UNILATERAL_VERTICAL_PUSH:0.0|OFI_GROUP:HALF_KNEELING_UNILATERAL_VERTICAL_PUSH:0.0|OFI_SCORE:HIGH_FORCE_NEURAL:21.0|OFI_SCORE:HIGH_SPEED:21.0|OFI_SCORE:LOCAL_MUSCULAR:73.0|OFI_SCORE:REACTIVE:20.0|OFI_SCORE:SYSTEMIC_MUSCULAR:43.0|OFI_SNAPSHOT:SUMMARY:42.0","ROLE:STABILITY|SLOT:STABILITY_SLOT","PROGRESSION:HALF_KNEELING_UNILATERAL_VERTICAL_PUSH","BADMINTON_SUPPORTIVE|BALANCE|FATIGUE|HYPERTROPHY_VOLUME|STRENGTH_PROGRESS","SUPPORTIVE","level=SUPPORTIVE;types=SHOULDER_SCAPULAR_SUPPORTIVE;skills=DRIVE|OVERHEAD_CLEAR|SMASH;qualities=ROTATOR_CUFF_CONTROL|SCAPULAR_CONTROL|SHOULDER_DURABILITY","RACKET_SUPPORT","","MEDIUM","BADMINTON_FATIGUE_COST:MEDIUM:0.0|OFI_AXIS:HIGH_FORCE_NEURAL:17.1875|OFI_AXIS:HIGH_SPEED:17.1875|OFI_AXIS:LOCAL_MUSCULAR:58.4375|OFI_AXIS:REACTIVE:15.625|OFI_AXIS:SYSTEMIC_MUSCULAR:34.375|OFI_DOSE:VOLUME_LOAD:0.0|OFI_GROUP:HALF_KNEELING_UNILATERAL_VERTICAL_PUSH:0.0|OFI_GROUP:HALF_KNEELING_UNILATERAL_VERTICAL_PUSH:0.0|OFI_GROUP:HALF_KNEELING_UNILATERAL_VERTICAL_PUSH:0.0|OFI_SCORE:HIGH_FORCE_NEURAL:21.0|OFI_SCORE:HIGH_SPEED:21.0|OFI_SCORE:LOCAL_MUSCULAR:73.0|OFI_SCORE:REACTIVE:20.0|OFI_SCORE:SYSTEMIC_MUSCULAR:43.0|OFI_SNAPSHOT:SUMMARY:42.0","ROLE:STABILITY|SLOT:STABILITY_SLOT","PROGRESSION:HALF_KNEELING_UNILATERAL_VERTICAL_PUSH","removedAxes=LOW_FATIGUE_CONTROL|UNILATERAL_STABILITY;removedObjectives=","addedAxes=;addedObjectives=","PARITY_INTENTIONAL_CORRECTION"
"hip_adduction_machine","BADMINTON_SUPPORTIVE|FATIGUE|HYPERTROPHY_VOLUME","SUPPORTIVE","forceType=DECELERATE;plane=FRONTAL;laterality=BILATERAL;fatigue=ADDUCTOR_TENDON_STRESS|DECELERATION|ELASTIC_SSC|HIP_ADDUCTOR_LOCAL_LOAD|HIP_PELVIS_STABILITY_STRESS|ISOLATION_ACCESSORY_STRESS|LOCAL_MUSCLE|NEURAL_HEAVY|NEURAL_SPEED|SYSTEMIC;muscles=CORE|DEEP_CORE|GLUTE_MEDIUS|HIP_ADDUCTOR;roles=LOWER_BODY_SUPPORTIVE;skills=CHANGE_OF_DIRECTION|FIRST_STEP;qualities=FRONTAL_PLANE_CONTROL|HIP_CONTROL|HIP_KNEE_EXTENSION_STRENGTH|JUMP_LANDING|LOWER_BODY_FORCE|RECOVERY_STEP|SINGLE_LEG_STABILITY","DECELERATION_LANDING|LATERAL_MOVEMENT|UNILATERAL_STABILITY","ACCELERATION|FOOTWORK|JUMP_LANDING","HIGH","BADMINTON_FATIGUE_COST:HIGH:0.0|OFI_AXIS:HIGH_FORCE_NEURAL:17.1875|OFI_AXIS:HIGH_SPEED:70.125|OFI_AXIS:LOCAL_MUSCULAR:58.4375|OFI_AXIS:REACTIVE:63.75|OFI_AXIS:SYSTEMIC_MUSCULAR:13.28125|OFI_DOSE:LOAD_REPS:0.0|OFI_GROUP:HIP_ADDUCTION_ACCESSORY:0.0|OFI_GROUP:HIP_ADDUCTION_ACCESSORY:0.0|OFI_GROUP:HIP_ADDUCTION_ACCESSORY:0.0|OFI_SCORE:HIGH_FORCE_NEURAL:21.0|OFI_SCORE:HIGH_SPEED:88.0|OFI_SCORE:LOCAL_MUSCULAR:73.0|OFI_SCORE:REACTIVE:80.0|OFI_SCORE:SYSTEMIC_MUSCULAR:17.0|OFI_SNAPSHOT:SUMMARY:72.0","","PROGRESSION:HIP_ADDUCTION_ACCESSORY","BADMINTON_SUPPORTIVE|FATIGUE|HYPERTROPHY_VOLUME","SUPPORTIVE","level=SUPPORTIVE;types=LOWER_BODY_SUPPORTIVE;skills=CHANGE_OF_DIRECTION|FIRST_STEP;qualities=FRONTAL_PLANE_CONTROL|HIP_CONTROL|HIP_KNEE_EXTENSION_STRENGTH|LOWER_BODY_FORCE|SINGLE_LEG_STABILITY","","ACCELERATION","HIGH","BADMINTON_FATIGUE_COST:HIGH:0.0|OFI_AXIS:HIGH_FORCE_NEURAL:17.1875|OFI_AXIS:HIGH_SPEED:70.125|OFI_AXIS:LOCAL_MUSCULAR:58.4375|OFI_AXIS:REACTIVE:63.75|OFI_AXIS:SYSTEMIC_MUSCULAR:13.28125|OFI_DOSE:LOAD_REPS:0.0|OFI_GROUP:HIP_ADDUCTION_ACCESSORY:0.0|OFI_GROUP:HIP_ADDUCTION_ACCESSORY:0.0|OFI_GROUP:HIP_ADDUCTION_ACCESSORY:0.0|OFI_SCORE:HIGH_FORCE_NEURAL:21.0|OFI_SCORE:HIGH_SPEED:88.0|OFI_SCORE:LOCAL_MUSCULAR:73.0|OFI_SCORE:REACTIVE:80.0|OFI_SCORE:SYSTEMIC_MUSCULAR:17.0|OFI_SNAPSHOT:SUMMARY:72.0","","PROGRESSION:HIP_ADDUCTION_ACCESSORY","removedAxes=DECELERATION_LANDING|LATERAL_MOVEMENT|UNILATERAL_STABILITY;removedObjectives=FOOTWORK|JUMP_LANDING","addedAxes=;addedObjectives=","PARITY_INTENTIONAL_CORRECTION"
"kettlebell_farmer_carry","BADMINTON_SUPPORTIVE|FATIGUE","SUPPORTIVE","forceType=CARRY;plane=SAGITTAL;laterality=BILATERAL;fatigue=ANTI_ROTATION_LOAD|CORE_BRACING_LOAD|FOREARM_FLEXOR_TENDON_STRESS|GRIP_FOREARM|GRIP_FOREARM_LOAD|LOADED_CARRY_BRACING_STRESS|LOCAL_MUSCLE|LUMBOPELVIC_CONTROL_STRESS|NEURAL_HEAVY|SHOULDER_SCAPULAR_STABILITY_STRESS|SYSTEMIC;muscles=CORE|DEEP_CORE|GRIP;roles=CORE_STABILITY_SUPPORTIVE;skills=CHANGE_OF_DIRECTION|DEFENSIVE_COVERAGE;qualities=CORE_BRACING|HIP_CONTROL|SINGLE_LEG_STABILITY","LOW_FATIGUE_CONTROL|RACKET_SUPPORT","","MEDIUM","BADMINTON_FATIGUE_COST:MEDIUM:0.0|OFI_AXIS:HIGH_FORCE_NEURAL:17.1875|OFI_AXIS:HIGH_SPEED:17.1875|OFI_AXIS:LOCAL_MUSCULAR:58.4375|OFI_AXIS:REACTIVE:63.75|OFI_AXIS:SYSTEMIC_MUSCULAR:34.375|OFI_DOSE:DISTANCE_OR_TIME:0.0|OFI_GROUP:CARRY_GRIP_CORE_BRACING:0.0|OFI_GROUP:CARRY_GRIP_CORE_BRACING:0.0|OFI_GROUP:CARRY_GRIP_CORE_BRACING:0.0|OFI_SCORE:HIGH_FORCE_NEURAL:21.0|OFI_SCORE:HIGH_SPEED:21.0|OFI_SCORE:LOCAL_MUSCULAR:73.0|OFI_SCORE:REACTIVE:80.0|OFI_SCORE:SYSTEMIC_MUSCULAR:43.0|OFI_SNAPSHOT:SUMMARY:61.0","","PROGRESSION:CARRY_GRIP_CORE_BRACING","BADMINTON_SUPPORTIVE|FATIGUE","SUPPORTIVE","level=SUPPORTIVE;types=CORE_STABILITY_SUPPORTIVE;skills=CHANGE_OF_DIRECTION|DEFENSIVE_COVERAGE;qualities=CORE_BRACING|HIP_CONTROL|SINGLE_LEG_STABILITY","LOW_FATIGUE_CONTROL","","MEDIUM","BADMINTON_FATIGUE_COST:MEDIUM:0.0|OFI_AXIS:HIGH_FORCE_NEURAL:17.1875|OFI_AXIS:HIGH_SPEED:17.1875|OFI_AXIS:LOCAL_MUSCULAR:58.4375|OFI_AXIS:REACTIVE:63.75|OFI_AXIS:SYSTEMIC_MUSCULAR:34.375|OFI_DOSE:DISTANCE_OR_TIME:0.0|OFI_GROUP:CARRY_GRIP_CORE_BRACING:0.0|OFI_GROUP:CARRY_GRIP_CORE_BRACING:0.0|OFI_GROUP:CARRY_GRIP_CORE_BRACING:0.0|OFI_SCORE:HIGH_FORCE_NEURAL:21.0|OFI_SCORE:HIGH_SPEED:21.0|OFI_SCORE:LOCAL_MUSCULAR:73.0|OFI_SCORE:REACTIVE:80.0|OFI_SCORE:SYSTEMIC_MUSCULAR:43.0|OFI_SNAPSHOT:SUMMARY:61.0","","PROGRESSION:CARRY_GRIP_CORE_BRACING","removedAxes=RACKET_SUPPORT;removedObjectives=","addedAxes=;addedObjectives=","PARITY_INTENTIONAL_CORRECTION"
"kettlebell_goblet_squat","BALANCE|FATIGUE|HYPERTROPHY_VOLUME|STRENGTH_PROGRESS","GENERAL_STRENGTH","forceType=SQUAT;plane=SAGITTAL;laterality=BILATERAL;fatigue=GLUTE_LOAD|HIP_STABILITY_LOAD|KNEE_CONTROL_LOAD|KNEE_HIP_STABILITY_STRESS|LOCAL_MUSCLE|LOW_FATIGUE_REHAB|LOW_LOAD_PREHAB_CONTROL_STRESS|NEURAL_HEAVY|PATELLAR_TENDON_STRESS|QUADRICEPS_LOAD|SYSTEMIC;muscles=CORE|DEEP_CORE;roles=GENERAL_STRENGTH_SUPPORTIVE;skills=;qualities=HIP_KNEE_EXTENSION_STRENGTH|LOWER_BODY_FORCE","LOW_FATIGUE_CONTROL","","VERY_HIGH","BADMINTON_FATIGUE_COST:VERY_HIGH:0.0|OFI_AXIS:HIGH_FORCE_NEURAL:17.1875|OFI_AXIS:HIGH_SPEED:17.1875|OFI_AXIS:LOCAL_MUSCULAR:37.8125|OFI_AXIS:REACTIVE:15.625|OFI_AXIS:SYSTEMIC_MUSCULAR:13.28125|OFI_DOSE:VOLUME_LOAD:0.0|OFI_GROUP:SQUAT_PATTERN_ACCESSORY:0.0|OFI_GROUP:SQUAT_PATTERN_ACCESSORY:0.0|OFI_GROUP:SQUAT_PATTERN_ACCESSORY:0.0|OFI_SCORE:HIGH_FORCE_NEURAL:21.0|OFI_SCORE:HIGH_SPEED:21.0|OFI_SCORE:LOCAL_MUSCULAR:47.0|OFI_SCORE:REACTIVE:20.0|OFI_SCORE:SYSTEMIC_MUSCULAR:17.0|OFI_SNAPSHOT:SUMMARY:28.0","","PROGRESSION:SQUAT_PATTERN_ACCESSORY","BALANCE|FATIGUE|HYPERTROPHY_VOLUME|STRENGTH_PROGRESS","GENERAL_STRENGTH","level=GENERAL;types=GENERAL_STRENGTH_SUPPORTIVE;skills=;qualities=HIP_KNEE_EXTENSION_STRENGTH|LOWER_BODY_FORCE","","","VERY_HIGH","BADMINTON_FATIGUE_COST:VERY_HIGH:0.0|OFI_AXIS:HIGH_FORCE_NEURAL:17.1875|OFI_AXIS:HIGH_SPEED:17.1875|OFI_AXIS:LOCAL_MUSCULAR:37.8125|OFI_AXIS:REACTIVE:15.625|OFI_AXIS:SYSTEMIC_MUSCULAR:13.28125|OFI_DOSE:VOLUME_LOAD:0.0|OFI_GROUP:SQUAT_PATTERN_ACCESSORY:0.0|OFI_GROUP:SQUAT_PATTERN_ACCESSORY:0.0|OFI_GROUP:SQUAT_PATTERN_ACCESSORY:0.0|OFI_SCORE:HIGH_FORCE_NEURAL:21.0|OFI_SCORE:HIGH_SPEED:21.0|OFI_SCORE:LOCAL_MUSCULAR:47.0|OFI_SCORE:REACTIVE:20.0|OFI_SCORE:SYSTEMIC_MUSCULAR:17.0|OFI_SNAPSHOT:SUMMARY:28.0","","PROGRESSION:SQUAT_PATTERN_ACCESSORY","removedAxes=LOW_FATIGUE_CONTROL;removedObjectives=","addedAxes=;addedObjectives=","PARITY_INTENTIONAL_CORRECTION"
"kettlebell_halo","BADMINTON_TRANSFER|BALANCE|FATIGUE","SUPPORTIVE","forceType=BRACE;plane=MULTI_PLANAR;laterality=BILATERAL;fatigue=ANTI_ROTATION|GRIP_FOREARM|GRIP_FOREARM_LOAD|LOCAL_MUSCLE|LOW_FATIGUE_REHAB|LOW_LOAD_PREHAB_CONTROL_STRESS|NEURAL_HEAVY|OVERHEAD_REPETITION|ROTATOR_CUFF_TENDON_STRESS|SCAPULAR_CONTROL_LOAD|SHOULDER_SCAPULAR_STABILITY_STRESS|SHOULDER_STABILITY_LOAD|SYSTEMIC;muscles=CORE|FOREARM|OBLIQUE|ROTATOR_CUFF|SCAPULAR_STABILIZERS|SHOULDER;roles=ANTI_ROTATION_STABILITY|GRIP_FOREARM|SHOULDER_CARE|SHOULDER_CARE_SUPPORTIVE;skills=SHOULDER_DURABILITY;qualities=GRIP_ENDURANCE|SCAPULAR_CONTROL|SHOULDER_DURABILITY","LOW_FATIGUE_CONTROL|RACKET_SUPPORT|ROTATION_CONTROL","","MEDIUM","BADMINTON_FATIGUE_COST:MEDIUM:0.0|OFI_AXIS:HIGH_FORCE_NEURAL:17.1875|OFI_AXIS:HIGH_SPEED:17.1875|OFI_AXIS:LOCAL_MUSCULAR:17.1875|OFI_AXIS:REACTIVE:15.625|OFI_AXIS:SYSTEMIC_MUSCULAR:15.625|OFI_DOSE:QUALITY_BASED:0.0|OFI_GROUP:SCAPULAR_SHOULDER_CONTROL:0.0|OFI_GROUP:SHOULDER_OVERHEAD:0.0|OFI_GROUP:SHOULDER_OVERHEAD:0.0|OFI_SCORE:HIGH_FORCE_NEURAL:21.0|OFI_SCORE:HIGH_SPEED:21.0|OFI_SCORE:LOCAL_MUSCULAR:21.0|OFI_SCORE:REACTIVE:20.0|OFI_SCORE:SYSTEMIC_MUSCULAR:20.0|OFI_SNAPSHOT:SUMMARY:17.0","","PROGRESSION:SHOULDER_OVERHEAD","BADMINTON_TRANSFER|BALANCE|FATIGUE","SUPPORTIVE","level=SUPPORTIVE;types=SHOULDER_CARE_SUPPORTIVE;skills=SHOULDER_DURABILITY;qualities=GRIP_ENDURANCE|SCAPULAR_CONTROL|SHOULDER_DURABILITY","RACKET_SUPPORT","","MEDIUM","BADMINTON_FATIGUE_COST:MEDIUM:0.0|OFI_AXIS:HIGH_FORCE_NEURAL:17.1875|OFI_AXIS:HIGH_SPEED:17.1875|OFI_AXIS:LOCAL_MUSCULAR:17.1875|OFI_AXIS:REACTIVE:15.625|OFI_AXIS:SYSTEMIC_MUSCULAR:15.625|OFI_DOSE:QUALITY_BASED:0.0|OFI_GROUP:SCAPULAR_SHOULDER_CONTROL:0.0|OFI_GROUP:SHOULDER_OVERHEAD:0.0|OFI_GROUP:SHOULDER_OVERHEAD:0.0|OFI_SCORE:HIGH_FORCE_NEURAL:21.0|OFI_SCORE:HIGH_SPEED:21.0|OFI_SCORE:LOCAL_MUSCULAR:21.0|OFI_SCORE:REACTIVE:20.0|OFI_SCORE:SYSTEMIC_MUSCULAR:20.0|OFI_SNAPSHOT:SUMMARY:17.0","","PROGRESSION:SHOULDER_OVERHEAD","removedAxes=LOW_FATIGUE_CONTROL|ROTATION_CONTROL;removedObjectives=","addedAxes=;addedObjectives=","PARITY_INTENTIONAL_CORRECTION"
"kettlebell_single_leg_rdl","BADMINTON_SUPPORTIVE|BALANCE|FATIGUE|HYPERTROPHY_VOLUME|STRENGTH_PROGRESS","SUPPORTIVE","forceType=HINGE;plane=SAGITTAL;laterality=UNILATERAL;fatigue=CORE_BRACING_LOAD|GLUTE_LOAD|HAMSTRING_LOAD|HAMSTRING_TENDON_STRESS|HIP_ROTATIONAL_CONTROL_STRESS|HIP_STABILITY_LOAD|LOCAL_MUSCLE|LUMBOPELVIC_CONTROL_STRESS|NEURAL_HEAVY|SYSTEMIC|UNILATERAL_LOWER_STABILITY_STRESS;muscles=CORE|ERECTOR_SPINAE|GLUTE|HAMSTRING;roles=LOWER_BODY_SUPPORTIVE;skills=CHANGE_OF_DIRECTION|FIRST_STEP;qualities=FRONTAL_PLANE_CONTROL|HIP_CONTROL|HIP_KNEE_EXTENSION_STRENGTH|LOWER_BODY_FORCE|SINGLE_LEG_STABILITY","UNILATERAL_STABILITY","ACCELERATION","HIGH","BADMINTON_FATIGUE_COST:HIGH:0.0|OFI_AXIS:HIGH_FORCE_NEURAL:17.1875|OFI_AXIS:HIGH_SPEED:70.125|OFI_AXIS:LOCAL_MUSCULAR:58.4375|OFI_AXIS:REACTIVE:63.75|OFI_AXIS:SYSTEMIC_MUSCULAR:29.21875|OFI_DOSE:VOLUME_LOAD:0.0|OFI_GROUP:SINGLE_LEG_HINGE_STABILITY:0.0|OFI_GROUP:SINGLE_LEG_HINGE_STABILITY:0.0|OFI_GROUP:SINGLE_LEG_HINGE_STABILITY:0.0|OFI_SCORE:HIGH_FORCE_NEURAL:21.0|OFI_SCORE:HIGH_SPEED:88.0|OFI_SCORE:LOCAL_MUSCULAR:73.0|OFI_SCORE:REACTIVE:80.0|OFI_SCORE:SYSTEMIC_MUSCULAR:37.0|OFI_SNAPSHOT:SUMMARY:74.0","SLOT:MAIN_STRENGTH_SLOT","PROGRESSION:SINGLE_LEG_HINGE_STABILITY","BADMINTON_SUPPORTIVE|BALANCE|FATIGUE|HYPERTROPHY_VOLUME|STRENGTH_PROGRESS","SUPPORTIVE","level=SUPPORTIVE;types=LOWER_BODY_SUPPORTIVE;skills=CHANGE_OF_DIRECTION|FIRST_STEP;qualities=FRONTAL_PLANE_CONTROL|HIP_CONTROL|HIP_KNEE_EXTENSION_STRENGTH|LOWER_BODY_FORCE|SINGLE_LEG_STABILITY","","ACCELERATION","HIGH","BADMINTON_FATIGUE_COST:HIGH:0.0|OFI_AXIS:HIGH_FORCE_NEURAL:17.1875|OFI_AXIS:HIGH_SPEED:70.125|OFI_AXIS:LOCAL_MUSCULAR:58.4375|OFI_AXIS:REACTIVE:63.75|OFI_AXIS:SYSTEMIC_MUSCULAR:29.21875|OFI_DOSE:VOLUME_LOAD:0.0|OFI_GROUP:SINGLE_LEG_HINGE_STABILITY:0.0|OFI_GROUP:SINGLE_LEG_HINGE_STABILITY:0.0|OFI_GROUP:SINGLE_LEG_HINGE_STABILITY:0.0|OFI_SCORE:HIGH_FORCE_NEURAL:21.0|OFI_SCORE:HIGH_SPEED:88.0|OFI_SCORE:LOCAL_MUSCULAR:73.0|OFI_SCORE:REACTIVE:80.0|OFI_SCORE:SYSTEMIC_MUSCULAR:37.0|OFI_SNAPSHOT:SUMMARY:74.0","SLOT:MAIN_STRENGTH_SLOT","PROGRESSION:SINGLE_LEG_HINGE_STABILITY","removedAxes=UNILATERAL_STABILITY;removedObjectives=","addedAxes=;addedObjectives=","PARITY_INTENTIONAL_CORRECTION"
"landmine_anti_rotation","BADMINTON_TRANSFER|BALANCE|FATIGUE","SUPPORTIVE","forceType=BRACE;plane=TRANSVERSE;laterality=BILATERAL;fatigue=ANTI_ROTATION|ANTI_ROTATION_CORE_STABILITY_STRESS|ANTI_ROTATION_LOAD|CORE_BRACING_LOAD|GRIP_FOREARM|HIP_ROTATIONAL_CONTROL_STRESS|LOCAL_MUSCLE|LUMBOPELVIC_CONTROL_STRESS|NEURAL_HEAVY|OVERHEAD_REPETITION|STABILITY_COORDINATION_LOAD|SYSTEMIC;muscles=CORE|DEEP_CORE|FOREARM|GLUTE|OBLIQUE|SHOULDER;roles=ANTI_ROTATION_STABILITY|ANTI_ROTATION_STABILITY_SUPPORTIVE|GRIP_FOREARM|SHOULDER_CARE;skills=ANTI_ROTATION_STABILITY;qualities=ANTI_ROTATION_STABILITY|CORE_BRACING","LOW_FATIGUE_CONTROL|RACKET_SUPPORT|ROTATION_CONTROL|UNILATERAL_STABILITY","ANTI_ROTATION","MEDIUM","BADMINTON_FATIGUE_COST:MEDIUM:0.0|OFI_AXIS:HIGH_FORCE_NEURAL:17.1875|OFI_AXIS:HIGH_SPEED:17.1875|OFI_AXIS:LOCAL_MUSCULAR:37.8125|OFI_AXIS:REACTIVE:15.625|OFI_AXIS:SYSTEMIC_MUSCULAR:15.625|OFI_DOSE:QUALITY_BASED:0.0|OFI_GROUP:ANTI_ROTATION:0.0|OFI_GROUP:ANTI_ROTATION:0.0|OFI_GROUP:TRUNK_ANTI_ROTATION_CONTROL:0.0|OFI_SCORE:HIGH_FORCE_NEURAL:21.0|OFI_SCORE:HIGH_SPEED:21.0|OFI_SCORE:LOCAL_MUSCULAR:47.0|OFI_SCORE:REACTIVE:20.0|OFI_SCORE:SYSTEMIC_MUSCULAR:20.0|OFI_SNAPSHOT:SUMMARY:28.0","","PROGRESSION:ANTI_ROTATION","BADMINTON_TRANSFER|BALANCE|FATIGUE","SUPPORTIVE","level=SUPPORTIVE;types=ANTI_ROTATION_STABILITY_SUPPORTIVE;skills=ANTI_ROTATION_STABILITY;qualities=ANTI_ROTATION_STABILITY|CORE_BRACING","ROTATION_CONTROL","ANTI_ROTATION","MEDIUM","BADMINTON_FATIGUE_COST:MEDIUM:0.0|OFI_AXIS:HIGH_FORCE_NEURAL:17.1875|OFI_AXIS:HIGH_SPEED:17.1875|OFI_AXIS:LOCAL_MUSCULAR:37.8125|OFI_AXIS:REACTIVE:15.625|OFI_AXIS:SYSTEMIC_MUSCULAR:15.625|OFI_DOSE:QUALITY_BASED:0.0|OFI_GROUP:ANTI_ROTATION:0.0|OFI_GROUP:ANTI_ROTATION:0.0|OFI_GROUP:TRUNK_ANTI_ROTATION_CONTROL:0.0|OFI_SCORE:HIGH_FORCE_NEURAL:21.0|OFI_SCORE:HIGH_SPEED:21.0|OFI_SCORE:LOCAL_MUSCULAR:47.0|OFI_SCORE:REACTIVE:20.0|OFI_SCORE:SYSTEMIC_MUSCULAR:20.0|OFI_SNAPSHOT:SUMMARY:28.0","","PROGRESSION:ANTI_ROTATION","removedAxes=LOW_FATIGUE_CONTROL|RACKET_SUPPORT|UNILATERAL_STABILITY;removedObjectives=","addedAxes=;addedObjectives=","PARITY_INTENTIONAL_CORRECTION"
"landmine_rotation","BADMINTON_TRANSFER|BALANCE|FATIGUE","SUPPORTIVE","forceType=ROTATE;plane=TRANSVERSE;laterality=BILATERAL;fatigue=BALLISTIC_POWER_STRESS|CORE_BRACING_LOAD|ELBOW_TENDON_STRESS|GRIP_FOREARM|GRIP_FOREARM_LOAD|HIP_ROTATIONAL_CONTROL_STRESS|LOCAL_MUSCLE|LUMBOPELVIC_CONTROL_STRESS|NEURAL_HEAVY|NEURAL_SPEED|NEURAL_SPEED_LOAD|OVERHEAD_REPETITION|ROTATION_POWER|ROTATION_POWER_LOAD|ROTATOR_CUFF_TENDON_STRESS|SHOULDER_JOINT_STABILITY_STRESS|SYSTEMIC;muscles=CORE|FOREARM|GLUTE|SHOULDER;roles=GRIP_FOREARM|OVERHEAD_POWER_SUPPORTIVE|ROTATION_POWER|ROTATION_POWER_SUPPORTIVE|SHOULDER_CARE;skills=ROTATION_SEQUENCING;qualities=CORE_BRACING|ROTATIONAL_POWER|SHOULDER_DURABILITY","RACKET_SUPPORT|ROTATION_CONTROL|UNILATERAL_STABILITY","ROTATION_POWER","HIGH","BADMINTON_FATIGUE_COST:HIGH:0.0|OFI_AXIS:HIGH_FORCE_NEURAL:17.1875|OFI_AXIS:HIGH_SPEED:73.046875|OFI_AXIS:LOCAL_MUSCULAR:37.8125|OFI_AXIS:REACTIVE:15.625|OFI_AXIS:SYSTEMIC_MUSCULAR:34.375|OFI_DOSE:QUALITY_BASED:0.0|OFI_GROUP:LANDMINE_ROTATIONAL_CHAIN:0.0|OFI_GROUP:ROTATION_POWER:0.0|OFI_GROUP:ROTATION_POWER:0.0|OFI_SCORE:HIGH_FORCE_NEURAL:21.0|OFI_SCORE:HIGH_SPEED:91.0|OFI_SCORE:LOCAL_MUSCULAR:47.0|OFI_SCORE:REACTIVE:20.0|OFI_SCORE:SYSTEMIC_MUSCULAR:43.0|OFI_SNAPSHOT:SUMMARY:64.0","ROLE:POWER|SLOT:POWER_SLOT","PROGRESSION:ROTATION_POWER","BADMINTON_TRANSFER|BALANCE|FATIGUE","SUPPORTIVE","level=SUPPORTIVE;types=OVERHEAD_POWER_SUPPORTIVE|ROTATION_POWER_SUPPORTIVE;skills=ROTATION_SEQUENCING;qualities=CORE_BRACING|ROTATIONAL_POWER|SHOULDER_DURABILITY","ROTATION_CONTROL","ROTATION_POWER","HIGH","BADMINTON_FATIGUE_COST:HIGH:0.0|OFI_AXIS:HIGH_FORCE_NEURAL:17.1875|OFI_AXIS:HIGH_SPEED:73.046875|OFI_AXIS:LOCAL_MUSCULAR:37.8125|OFI_AXIS:REACTIVE:15.625|OFI_AXIS:SYSTEMIC_MUSCULAR:34.375|OFI_DOSE:QUALITY_BASED:0.0|OFI_GROUP:LANDMINE_ROTATIONAL_CHAIN:0.0|OFI_GROUP:ROTATION_POWER:0.0|OFI_GROUP:ROTATION_POWER:0.0|OFI_SCORE:HIGH_FORCE_NEURAL:21.0|OFI_SCORE:HIGH_SPEED:91.0|OFI_SCORE:LOCAL_MUSCULAR:47.0|OFI_SCORE:REACTIVE:20.0|OFI_SCORE:SYSTEMIC_MUSCULAR:43.0|OFI_SNAPSHOT:SUMMARY:64.0","ROLE:POWER|SLOT:POWER_SLOT","PROGRESSION:ROTATION_POWER","removedAxes=RACKET_SUPPORT|UNILATERAL_STABILITY;removedObjectives=","addedAxes=;addedObjectives=","PARITY_INTENTIONAL_CORRECTION"
"lateral_bound_continuous","BADMINTON_SUPPORTIVE|BALANCE|FATIGUE","SUPPORTIVE","forceType=LAND;plane=FRONTAL;laterality=BILATERAL;fatigue=ACHILLES_TENDON_STRESS|ANKLE_INVERSION_LIGAMENT_STRESS|CALF_ANKLE_SSC_LOAD|DECELERATION|ELASTIC_SSC|FRONTAL_PLANE_LOAD|HIP_ROTATIONAL_CONTROL_STRESS|JUMP_LANDING_IMPACT_STRESS|KNEE_ROTATIONAL_STABILITY_STRESS|KNEE_VALGUS_CONTROL_STRESS|LOCAL_MUSCLE|NEURAL_HEAVY|NEURAL_SPEED|PATELLAR_TENDON_STRESS|PLYOMETRIC_LANDING_STRESS|REACTIVE_SSC_LOAD|SINGLE_LEG_STABILITY_LOAD|SYSTEMIC;muscles=CALF|CORE|GLUTE|QUADRICEPS;roles=JUMP_LANDING|LOWER_BODY_SUPPORTIVE;skills=FIRST_STEP|LATERAL_MOVEMENT;qualities=ACCELERATION|DECELERATION|FRONTAL_PLANE_CONTROL|HIP_CONTROL|HIP_KNEE_EXTENSION_STRENGTH|JUMP_LANDING|LOWER_BODY_FORCE|REACTIVE_AGILITY|RECOVERY_STEP|SINGLE_LEG_STABILITY","DECELERATION_LANDING|LATERAL_MOVEMENT|UNILATERAL_STABILITY","ACCELERATION|DECELERATION|FOOTWORK|JUMP_LANDING","HIGH","BADMINTON_FATIGUE_COST:HIGH:0.0|OFI_AXIS:HIGH_FORCE_NEURAL:17.1875|OFI_AXIS:HIGH_SPEED:70.125|OFI_AXIS:LOCAL_MUSCULAR:58.4375|OFI_AXIS:REACTIVE:63.75|OFI_AXIS:SYSTEMIC_MUSCULAR:53.125|OFI_DOSE:QUALITY_BASED:0.0|OFI_GROUP:LATERAL_CONTINUOUS_SSC:0.0|OFI_GROUP:NOT_APPLICABLE:0.0|OFI_GROUP:NOT_APPLICABLE:0.0|OFI_SCORE:HIGH_FORCE_NEURAL:21.0|OFI_SCORE:HIGH_SPEED:88.0|OFI_SCORE:LOCAL_MUSCULAR:73.0|OFI_SCORE:REACTIVE:80.0|OFI_SCORE:SYSTEMIC_MUSCULAR:66.0|OFI_SNAPSHOT:SUMMARY:76.0","ROLE:PLYOMETRIC|SLOT:PLYOMETRIC_SLOT","","BADMINTON_SUPPORTIVE|BALANCE|FATIGUE","SUPPORTIVE","level=SUPPORTIVE;types=LOWER_BODY_SUPPORTIVE;skills=FIRST_STEP|LATERAL_MOVEMENT;qualities=ACCELERATION|DECELERATION|FRONTAL_PLANE_CONTROL|HIP_CONTROL|HIP_KNEE_EXTENSION_STRENGTH|LOWER_BODY_FORCE|REACTIVE_AGILITY|SINGLE_LEG_STABILITY","DECELERATION_LANDING","ACCELERATION|DECELERATION","HIGH","BADMINTON_FATIGUE_COST:HIGH:0.0|OFI_AXIS:HIGH_FORCE_NEURAL:17.1875|OFI_AXIS:HIGH_SPEED:70.125|OFI_AXIS:LOCAL_MUSCULAR:58.4375|OFI_AXIS:REACTIVE:63.75|OFI_AXIS:SYSTEMIC_MUSCULAR:53.125|OFI_DOSE:QUALITY_BASED:0.0|OFI_GROUP:LATERAL_CONTINUOUS_SSC:0.0|OFI_GROUP:NOT_APPLICABLE:0.0|OFI_GROUP:NOT_APPLICABLE:0.0|OFI_SCORE:HIGH_FORCE_NEURAL:21.0|OFI_SCORE:HIGH_SPEED:88.0|OFI_SCORE:LOCAL_MUSCULAR:73.0|OFI_SCORE:REACTIVE:80.0|OFI_SCORE:SYSTEMIC_MUSCULAR:66.0|OFI_SNAPSHOT:SUMMARY:76.0","ROLE:PLYOMETRIC|SLOT:PLYOMETRIC_SLOT","","removedAxes=LATERAL_MOVEMENT|UNILATERAL_STABILITY;removedObjectives=FOOTWORK|JUMP_LANDING","addedAxes=;addedObjectives=","PARITY_INTENTIONAL_CORRECTION"
"med_ball_chest_pass","BADMINTON_TRANSFER|BALANCE|FATIGUE","SUPPORTIVE","forceType=PUSH;plane=MULTI_PLANAR;laterality=BILATERAL;fatigue=BALLISTIC_POWER_STRESS|CORE_BRACING_LOAD|ELBOW_TENDON_STRESS|HIP_ROTATIONAL_CONTROL_STRESS|LOCAL_MUSCLE|LUMBOPELVIC_CONTROL_STRESS|NEURAL_HEAVY|NEURAL_SPEED|NEURAL_SPEED_LOAD|OVERHEAD_REPETITION|PECTORAL_LOAD|ROTATOR_CUFF_TENDON_STRESS|SHOULDER_JOINT_STABILITY_STRESS|SYSTEMIC|TRICEPS_LOAD;muscles=CHEST|CORE|DEEP_CORE|SHOULDER|TRICEPS;roles=GENERAL_POWER_SUPPORTIVE|SHOULDER_CARE;skills=;qualities=CORE_BRACING|UPPER_BODY_EXPLOSIVE_POWER","RACKET_SUPPORT","","HIGH","BADMINTON_FATIGUE_COST:HIGH:0.0|OFI_AXIS:HIGH_FORCE_NEURAL:17.1875|OFI_AXIS:HIGH_SPEED:73.046875|OFI_AXIS:LOCAL_MUSCULAR:37.8125|OFI_AXIS:REACTIVE:15.625|OFI_AXIS:SYSTEMIC_MUSCULAR:34.375|OFI_DOSE:QUALITY_BASED:0.0|OFI_GROUP:MED_BALL_EXPLOSIVE_THROW:0.0|OFI_GROUP:POWER_CORE_SHOULDER:0.0|OFI_GROUP:POWER_CORE_SHOULDER:0.0|OFI_SCORE:HIGH_FORCE_NEURAL:21.0|OFI_SCORE:HIGH_SPEED:91.0|OFI_SCORE:LOCAL_MUSCULAR:47.0|OFI_SCORE:REACTIVE:20.0|OFI_SCORE:SYSTEMIC_MUSCULAR:43.0|OFI_SNAPSHOT:SUMMARY:64.0","","PROGRESSION:POWER_CORE_SHOULDER","BADMINTON_TRANSFER|BALANCE|FATIGUE","SUPPORTIVE","level=SUPPORTIVE;types=GENERAL_POWER_SUPPORTIVE;skills=;qualities=CORE_BRACING|UPPER_BODY_EXPLOSIVE_POWER","","","HIGH","BADMINTON_FATIGUE_COST:HIGH:0.0|OFI_AXIS:HIGH_FORCE_NEURAL:17.1875|OFI_AXIS:HIGH_SPEED:73.046875|OFI_AXIS:LOCAL_MUSCULAR:37.8125|OFI_AXIS:REACTIVE:15.625|OFI_AXIS:SYSTEMIC_MUSCULAR:34.375|OFI_DOSE:QUALITY_BASED:0.0|OFI_GROUP:MED_BALL_EXPLOSIVE_THROW:0.0|OFI_GROUP:POWER_CORE_SHOULDER:0.0|OFI_GROUP:POWER_CORE_SHOULDER:0.0|OFI_SCORE:HIGH_FORCE_NEURAL:21.0|OFI_SCORE:HIGH_SPEED:91.0|OFI_SCORE:LOCAL_MUSCULAR:47.0|OFI_SCORE:REACTIVE:20.0|OFI_SCORE:SYSTEMIC_MUSCULAR:43.0|OFI_SNAPSHOT:SUMMARY:64.0","","PROGRESSION:POWER_CORE_SHOULDER","removedAxes=RACKET_SUPPORT;removedObjectives=","addedAxes=;addedObjectives=","PARITY_INTENTIONAL_CORRECTION"
"med_ball_overhead_slam","BADMINTON_TRANSFER|BALANCE|FATIGUE","SUPPORTIVE","forceType=BRACE;plane=SAGITTAL;laterality=BILATERAL;fatigue=ANTI_ROTATION|BALLISTIC_POWER_STRESS|CORE_BRACING_LOAD|ELBOW_TENDON_STRESS|GRIP_FOREARM|HIP_ROTATIONAL_CONTROL_STRESS|LOCAL_MUSCLE|LUMBOPELVIC_CONTROL_STRESS|NEURAL_HEAVY|NEURAL_SPEED|NEURAL_SPEED_LOAD|OVERHEAD_REPETITION|OVERHEAD_REPETITION_LOAD|ROTATOR_CUFF_TENDON_STRESS|SHOULDER_JOINT_STABILITY_STRESS|SYSTEMIC;muscles=CORE|GLUTE|LAT|SHOULDER|TRICEPS;roles=ANTI_ROTATION_STABILITY|GRIP_FOREARM|OVERHEAD_POWER_SUPPORTIVE|SHOULDER_CARE;skills=OVERHEAD_POWER;qualities=CORE_BRACING|SHOULDER_DURABILITY|UPPER_BODY_EXPLOSIVE_POWER","RACKET_SUPPORT|ROTATION_CONTROL","","HIGH","BADMINTON_FATIGUE_COST:HIGH:0.0|OFI_AXIS:HIGH_FORCE_NEURAL:17.1875|OFI_AXIS:HIGH_SPEED:73.046875|OFI_AXIS:LOCAL_MUSCULAR:37.8125|OFI_AXIS:REACTIVE:15.625|OFI_AXIS:SYSTEMIC_MUSCULAR:34.375|OFI_DOSE:QUALITY_BASED:0.0|OFI_GROUP:MED_BALL_OVERHEAD_POWER:0.0|OFI_GROUP:POWER_CORE_SHOULDER:0.0|OFI_GROUP:POWER_CORE_SHOULDER:0.0|OFI_SCORE:HIGH_FORCE_NEURAL:21.0|OFI_SCORE:HIGH_SPEED:91.0|OFI_SCORE:LOCAL_MUSCULAR:47.0|OFI_SCORE:REACTIVE:20.0|OFI_SCORE:SYSTEMIC_MUSCULAR:43.0|OFI_SNAPSHOT:SUMMARY:64.0","ROLE:POWER|SLOT:POWER_SLOT","PROGRESSION:POWER_CORE_SHOULDER","BADMINTON_TRANSFER|BALANCE|FATIGUE","SUPPORTIVE","level=SUPPORTIVE;types=OVERHEAD_POWER_SUPPORTIVE;skills=OVERHEAD_POWER;qualities=CORE_BRACING|SHOULDER_DURABILITY|UPPER_BODY_EXPLOSIVE_POWER","RACKET_SUPPORT","","HIGH","BADMINTON_FATIGUE_COST:HIGH:0.0|OFI_AXIS:HIGH_FORCE_NEURAL:17.1875|OFI_AXIS:HIGH_SPEED:73.046875|OFI_AXIS:LOCAL_MUSCULAR:37.8125|OFI_AXIS:REACTIVE:15.625|OFI_AXIS:SYSTEMIC_MUSCULAR:34.375|OFI_DOSE:QUALITY_BASED:0.0|OFI_GROUP:MED_BALL_OVERHEAD_POWER:0.0|OFI_GROUP:POWER_CORE_SHOULDER:0.0|OFI_GROUP:POWER_CORE_SHOULDER:0.0|OFI_SCORE:HIGH_FORCE_NEURAL:21.0|OFI_SCORE:HIGH_SPEED:91.0|OFI_SCORE:LOCAL_MUSCULAR:47.0|OFI_SCORE:REACTIVE:20.0|OFI_SCORE:SYSTEMIC_MUSCULAR:43.0|OFI_SNAPSHOT:SUMMARY:64.0","ROLE:POWER|SLOT:POWER_SLOT","PROGRESSION:POWER_CORE_SHOULDER","removedAxes=ROTATION_CONTROL;removedObjectives=","addedAxes=;addedObjectives=","PARITY_INTENTIONAL_CORRECTION"
"med_ball_rotational_scoop_toss","BADMINTON_TRANSFER|BALANCE|FATIGUE","SUPPORTIVE","forceType=ROTATE;plane=TRANSVERSE;laterality=UNILATERAL;fatigue=BALLISTIC_POWER_STRESS|CORE_BRACING_LOAD|ELBOW_TENDON_STRESS|GRIP_FOREARM|GRIP_FOREARM_LOAD|HIP_ROTATIONAL_CONTROL_STRESS|LOCAL_MUSCLE|LUMBOPELVIC_CONTROL_STRESS|NEURAL_HEAVY|NEURAL_SPEED|NEURAL_SPEED_LOAD|OVERHEAD_REPETITION|ROTATION_POWER|ROTATION_POWER_LOAD|ROTATOR_CUFF_TENDON_STRESS|SHOULDER_JOINT_STABILITY_STRESS|SYSTEMIC;muscles=CORE|DEEP_CORE|FOREARM|GLUTE|OBLIQUE|SHOULDER;roles=GRIP_FOREARM|ROTATION_POWER|ROTATION_POWER_SUPPORTIVE|SHOULDER_CARE;skills=ROTATION_SEQUENCING;qualities=CORE_BRACING|POSTERIOR_CHAIN|ROTATIONAL_POWER","RACKET_SUPPORT|ROTATION_CONTROL|UNILATERAL_STABILITY","ROTATION_POWER","HIGH","BADMINTON_FATIGUE_COST:HIGH:0.0|OFI_AXIS:HIGH_FORCE_NEURAL:17.1875|OFI_AXIS:HIGH_SPEED:73.046875|OFI_AXIS:LOCAL_MUSCULAR:37.8125|OFI_AXIS:REACTIVE:15.625|OFI_AXIS:SYSTEMIC_MUSCULAR:34.375|OFI_DOSE:QUALITY_BASED:0.0|OFI_GROUP:MED_BALL_ROTATIONAL_POWER:0.0|OFI_GROUP:ROTATION_POWER:0.0|OFI_GROUP:ROTATION_POWER:0.0|OFI_SCORE:HIGH_FORCE_NEURAL:21.0|OFI_SCORE:HIGH_SPEED:91.0|OFI_SCORE:LOCAL_MUSCULAR:47.0|OFI_SCORE:REACTIVE:20.0|OFI_SCORE:SYSTEMIC_MUSCULAR:43.0|OFI_SNAPSHOT:SUMMARY:64.0","","PROGRESSION:ROTATION_POWER","BADMINTON_TRANSFER|BALANCE|FATIGUE","SUPPORTIVE","level=SUPPORTIVE;types=ROTATION_POWER_SUPPORTIVE;skills=ROTATION_SEQUENCING;qualities=CORE_BRACING|POSTERIOR_CHAIN|ROTATIONAL_POWER","ROTATION_CONTROL","ROTATION_POWER","HIGH","BADMINTON_FATIGUE_COST:HIGH:0.0|OFI_AXIS:HIGH_FORCE_NEURAL:17.1875|OFI_AXIS:HIGH_SPEED:73.046875|OFI_AXIS:LOCAL_MUSCULAR:37.8125|OFI_AXIS:REACTIVE:15.625|OFI_AXIS:SYSTEMIC_MUSCULAR:34.375|OFI_DOSE:QUALITY_BASED:0.0|OFI_GROUP:MED_BALL_ROTATIONAL_POWER:0.0|OFI_GROUP:ROTATION_POWER:0.0|OFI_GROUP:ROTATION_POWER:0.0|OFI_SCORE:HIGH_FORCE_NEURAL:21.0|OFI_SCORE:HIGH_SPEED:91.0|OFI_SCORE:LOCAL_MUSCULAR:47.0|OFI_SCORE:REACTIVE:20.0|OFI_SCORE:SYSTEMIC_MUSCULAR:43.0|OFI_SNAPSHOT:SUMMARY:64.0","","PROGRESSION:ROTATION_POWER","removedAxes=RACKET_SUPPORT|UNILATERAL_STABILITY;removedObjectives=","addedAxes=;addedObjectives=","PARITY_INTENTIONAL_CORRECTION"
"med_ball_rotational_slam","BADMINTON_TRANSFER|BALANCE|FATIGUE","SUPPORTIVE","forceType=ROTATE;plane=MULTI_PLANAR;laterality=UNILATERAL;fatigue=BALLISTIC_POWER_STRESS|CORE_BRACING_LOAD|ELBOW_TENDON_STRESS|GRIP_FOREARM|GRIP_FOREARM_LOAD|HIP_ROTATIONAL_CONTROL_STRESS|LOCAL_MUSCLE|LUMBOPELVIC_CONTROL_STRESS|NEURAL_HEAVY|NEURAL_SPEED|NEURAL_SPEED_LOAD|OVERHEAD_REPETITION|ROTATION_POWER|ROTATION_POWER_LOAD|ROTATOR_CUFF_TENDON_STRESS|SHOULDER_JOINT_STABILITY_STRESS|SYSTEMIC;muscles=CORE|FOREARM|GLUTE|LAT|SHOULDER;roles=GRIP_FOREARM|OVERHEAD_POWER_SUPPORTIVE|ROTATION_POWER|ROTATION_POWER_SUPPORTIVE|SHOULDER_CARE;skills=OVERHEAD_POWER|ROTATION_SEQUENCING;qualities=CORE_BRACING|ROTATIONAL_POWER|SHOULDER_DURABILITY","RACKET_SUPPORT|ROTATION_CONTROL|UNILATERAL_STABILITY","ROTATION_POWER","HIGH","BADMINTON_FATIGUE_COST:HIGH:0.0|OFI_AXIS:HIGH_FORCE_NEURAL:17.1875|OFI_AXIS:HIGH_SPEED:73.046875|OFI_AXIS:LOCAL_MUSCULAR:37.8125|OFI_AXIS:REACTIVE:15.625|OFI_AXIS:SYSTEMIC_MUSCULAR:34.375|OFI_DOSE:QUALITY_BASED:0.0|OFI_GROUP:MED_BALL_ROTATIONAL_POWER:0.0|OFI_GROUP:ROTATION_POWER:0.0|OFI_GROUP:ROTATION_POWER:0.0|OFI_SCORE:HIGH_FORCE_NEURAL:21.0|OFI_SCORE:HIGH_SPEED:91.0|OFI_SCORE:LOCAL_MUSCULAR:47.0|OFI_SCORE:REACTIVE:20.0|OFI_SCORE:SYSTEMIC_MUSCULAR:43.0|OFI_SNAPSHOT:SUMMARY:64.0","ROLE:POWER|SLOT:POWER_SLOT","PROGRESSION:ROTATION_POWER","BADMINTON_TRANSFER|BALANCE|FATIGUE","SUPPORTIVE","level=SUPPORTIVE;types=OVERHEAD_POWER_SUPPORTIVE|ROTATION_POWER_SUPPORTIVE;skills=OVERHEAD_POWER|ROTATION_SEQUENCING;qualities=CORE_BRACING|ROTATIONAL_POWER|SHOULDER_DURABILITY","RACKET_SUPPORT|ROTATION_CONTROL","ROTATION_POWER","HIGH","BADMINTON_FATIGUE_COST:HIGH:0.0|OFI_AXIS:HIGH_FORCE_NEURAL:17.1875|OFI_AXIS:HIGH_SPEED:73.046875|OFI_AXIS:LOCAL_MUSCULAR:37.8125|OFI_AXIS:REACTIVE:15.625|OFI_AXIS:SYSTEMIC_MUSCULAR:34.375|OFI_DOSE:QUALITY_BASED:0.0|OFI_GROUP:MED_BALL_ROTATIONAL_POWER:0.0|OFI_GROUP:ROTATION_POWER:0.0|OFI_GROUP:ROTATION_POWER:0.0|OFI_SCORE:HIGH_FORCE_NEURAL:21.0|OFI_SCORE:HIGH_SPEED:91.0|OFI_SCORE:LOCAL_MUSCULAR:47.0|OFI_SCORE:REACTIVE:20.0|OFI_SCORE:SYSTEMIC_MUSCULAR:43.0|OFI_SNAPSHOT:SUMMARY:64.0","ROLE:POWER|SLOT:POWER_SLOT","PROGRESSION:ROTATION_POWER","removedAxes=UNILATERAL_STABILITY;removedObjectives=","addedAxes=;addedObjectives=","PARITY_INTENTIONAL_CORRECTION"
"medicine_ball_rotational_throw","BADMINTON_TRANSFER|BALANCE|FATIGUE","SUPPORTIVE","forceType=ROTATE;plane=TRANSVERSE;laterality=UNILATERAL;fatigue=BALLISTIC_POWER_STRESS|CORE_BRACING_LOAD|ELBOW_TENDON_STRESS|GRIP_FOREARM|GRIP_FOREARM_LOAD|HIP_ROTATIONAL_CONTROL_STRESS|LOCAL_MUSCLE|LUMBOPELVIC_CONTROL_STRESS|NEURAL_HEAVY|NEURAL_SPEED|NEURAL_SPEED_LOAD|OVERHEAD_REPETITION|ROTATION_POWER|ROTATION_POWER_LOAD|ROTATOR_CUFF_TENDON_STRESS|SHOULDER_JOINT_STABILITY_STRESS|SYSTEMIC;muscles=CORE|FOREARM|GLUTE|SHOULDER;roles=GRIP_FOREARM|ROTATION_POWER|ROTATION_POWER_SUPPORTIVE|SHOULDER_CARE;skills=OVERHEAD_POWER|ROTATION_SEQUENCING;qualities=CORE_BRACING|ROTATIONAL_POWER|SHOULDER_DURABILITY","RACKET_SUPPORT|ROTATION_CONTROL|UNILATERAL_STABILITY","ROTATION_POWER","HIGH","BADMINTON_FATIGUE_COST:HIGH:0.0|OFI_AXIS:HIGH_FORCE_NEURAL:17.1875|OFI_AXIS:HIGH_SPEED:73.046875|OFI_AXIS:LOCAL_MUSCULAR:37.8125|OFI_AXIS:REACTIVE:15.625|OFI_AXIS:SYSTEMIC_MUSCULAR:34.375|OFI_DOSE:QUALITY_BASED:0.0|OFI_GROUP:MED_BALL_ROTATIONAL_POWER:0.0|OFI_GROUP:ROTATION_POWER:0.0|OFI_GROUP:ROTATION_POWER:0.0|OFI_SCORE:HIGH_FORCE_NEURAL:21.0|OFI_SCORE:HIGH_SPEED:91.0|OFI_SCORE:LOCAL_MUSCULAR:47.0|OFI_SCORE:REACTIVE:20.0|OFI_SCORE:SYSTEMIC_MUSCULAR:43.0|OFI_SNAPSHOT:SUMMARY:64.0","ROLE:POWER|SLOT:POWER_SLOT","PROGRESSION:ROTATION_POWER","BADMINTON_TRANSFER|BALANCE|FATIGUE","SUPPORTIVE","level=SUPPORTIVE;types=ROTATION_POWER_SUPPORTIVE;skills=OVERHEAD_POWER|ROTATION_SEQUENCING;qualities=CORE_BRACING|ROTATIONAL_POWER|SHOULDER_DURABILITY","RACKET_SUPPORT|ROTATION_CONTROL","ROTATION_POWER","HIGH","BADMINTON_FATIGUE_COST:HIGH:0.0|OFI_AXIS:HIGH_FORCE_NEURAL:17.1875|OFI_AXIS:HIGH_SPEED:73.046875|OFI_AXIS:LOCAL_MUSCULAR:37.8125|OFI_AXIS:REACTIVE:15.625|OFI_AXIS:SYSTEMIC_MUSCULAR:34.375|OFI_DOSE:QUALITY_BASED:0.0|OFI_GROUP:MED_BALL_ROTATIONAL_POWER:0.0|OFI_GROUP:ROTATION_POWER:0.0|OFI_GROUP:ROTATION_POWER:0.0|OFI_SCORE:HIGH_FORCE_NEURAL:21.0|OFI_SCORE:HIGH_SPEED:91.0|OFI_SCORE:LOCAL_MUSCULAR:47.0|OFI_SCORE:REACTIVE:20.0|OFI_SCORE:SYSTEMIC_MUSCULAR:43.0|OFI_SNAPSHOT:SUMMARY:64.0","ROLE:POWER|SLOT:POWER_SLOT","PROGRESSION:ROTATION_POWER","removedAxes=UNILATERAL_STABILITY;removedObjectives=","addedAxes=;addedObjectives=","PARITY_INTENTIONAL_CORRECTION"
"medicine_ball_three_step_acceleration_throw","BADMINTON_TRANSFER|BALANCE|FATIGUE","SUPPORTIVE","forceType=ROTATE;plane=MULTI_PLANAR;laterality=UNILATERAL;fatigue=BALLISTIC_POWER_STRESS|CORE_BRACING_LOAD|ELBOW_TENDON_STRESS|GRIP_FOREARM|HIP_ROTATIONAL_CONTROL_STRESS|KNEE_JOINT_STRESS|LOCAL_MUSCLE|LOWER_BODY_POWER_LOAD|LUMBOPELVIC_CONTROL_STRESS|NEURAL_HEAVY|NEURAL_SPEED|NEURAL_SPEED_LOAD|OVERHEAD_REPETITION|ROTATION_POWER|ROTATION_POWER_LOAD|ROTATOR_CUFF_TENDON_STRESS|SHOULDER_JOINT_STABILITY_STRESS|SYSTEMIC;muscles=CORE|DEEP_CORE|FOREARM|GLUTE|SHOULDER;roles=ACCELERATION|GRIP_FOREARM|LOWER_BODY_SUPPORTIVE|ROTATION_POWER|ROTATION_POWER_SUPPORTIVE|SHOULDER_CARE;skills=FIRST_STEP|ROTATION_SEQUENCING;qualities=ACCELERATION|CORE_BRACING|ROTATIONAL_POWER","LATERAL_MOVEMENT|RACKET_SUPPORT|ROTATION_CONTROL|UNILATERAL_STABILITY","ACCELERATION|ROTATION_POWER","HIGH","BADMINTON_FATIGUE_COST:HIGH:0.0|OFI_AXIS:HIGH_FORCE_NEURAL:17.1875|OFI_AXIS:HIGH_SPEED:73.046875|OFI_AXIS:LOCAL_MUSCULAR:37.8125|OFI_AXIS:REACTIVE:15.625|OFI_AXIS:SYSTEMIC_MUSCULAR:34.375|OFI_DOSE:QUALITY_BASED:0.0|OFI_GROUP:MED_BALL_ROTATIONAL_POWER:0.0|OFI_GROUP:ROTATION_POWER:0.0|OFI_GROUP:ROTATION_POWER:0.0|OFI_SCORE:HIGH_FORCE_NEURAL:21.0|OFI_SCORE:HIGH_SPEED:91.0|OFI_SCORE:LOCAL_MUSCULAR:47.0|OFI_SCORE:REACTIVE:20.0|OFI_SCORE:SYSTEMIC_MUSCULAR:43.0|OFI_SNAPSHOT:SUMMARY:64.0","","PROGRESSION:ROTATION_POWER","BADMINTON_TRANSFER|BALANCE|FATIGUE","SUPPORTIVE","level=SUPPORTIVE;types=LOWER_BODY_SUPPORTIVE|ROTATION_POWER_SUPPORTIVE;skills=FIRST_STEP|ROTATION_SEQUENCING;qualities=ACCELERATION|CORE_BRACING|ROTATIONAL_POWER","ROTATION_CONTROL","ACCELERATION|ROTATION_POWER","HIGH","BADMINTON_FATIGUE_COST:HIGH:0.0|OFI_AXIS:HIGH_FORCE_NEURAL:17.1875|OFI_AXIS:HIGH_SPEED:73.046875|OFI_AXIS:LOCAL_MUSCULAR:37.8125|OFI_AXIS:REACTIVE:15.625|OFI_AXIS:SYSTEMIC_MUSCULAR:34.375|OFI_DOSE:QUALITY_BASED:0.0|OFI_GROUP:MED_BALL_ROTATIONAL_POWER:0.0|OFI_GROUP:ROTATION_POWER:0.0|OFI_GROUP:ROTATION_POWER:0.0|OFI_SCORE:HIGH_FORCE_NEURAL:21.0|OFI_SCORE:HIGH_SPEED:91.0|OFI_SCORE:LOCAL_MUSCULAR:47.0|OFI_SCORE:REACTIVE:20.0|OFI_SCORE:SYSTEMIC_MUSCULAR:43.0|OFI_SNAPSHOT:SUMMARY:64.0","","PROGRESSION:ROTATION_POWER","removedAxes=LATERAL_MOVEMENT|RACKET_SUPPORT|UNILATERAL_STABILITY;removedObjectives=","addedAxes=;addedObjectives=","PARITY_INTENTIONAL_CORRECTION"
"medicine_ball_three_step_deceleration_throw","BADMINTON_TRANSFER|BALANCE|FATIGUE","SUPPORTIVE","forceType=ROTATE;plane=MULTI_PLANAR;laterality=UNILATERAL;fatigue=BALLISTIC_POWER_STRESS|CORE_BRACING_LOAD|DECELERATION|DECELERATION_LOAD|DIRECTION_CHANGE_IMPACT_STRESS|ELBOW_TENDON_STRESS|GRIP_FOREARM|HIP_ROTATIONAL_CONTROL_STRESS|KNEE_JOINT_STRESS|LOCAL_MUSCLE|LUMBOPELVIC_CONTROL_STRESS|NEURAL_HEAVY|NEURAL_SPEED|NEURAL_SPEED_LOAD|OVERHEAD_REPETITION|PATELLAR_TENDON_STRESS|ROTATION_POWER|ROTATION_POWER_LOAD|ROTATOR_CUFF_TENDON_STRESS|SHOULDER_JOINT_STABILITY_STRESS|SYSTEMIC;muscles=CORE|DEEP_CORE|FOREARM|GLUTE|SHOULDER;roles=DECELERATION|GRIP_FOREARM|LOWER_BODY_SUPPORTIVE|ROTATION_POWER|ROTATION_POWER_SUPPORTIVE|SHOULDER_CARE;skills=DECELERATION_CONTROL|ROTATION_SEQUENCING;qualities=CORE_BRACING|DECELERATION|RECOVERY_STEP|ROTATIONAL_POWER","DECELERATION_LANDING|LATERAL_MOVEMENT|RACKET_SUPPORT|ROTATION_CONTROL|UNILATERAL_STABILITY","DECELERATION|FOOTWORK|ROTATION_POWER","HIGH","BADMINTON_FATIGUE_COST:HIGH:0.0|OFI_AXIS:HIGH_FORCE_NEURAL:17.1875|OFI_AXIS:HIGH_SPEED:73.046875|OFI_AXIS:LOCAL_MUSCULAR:37.8125|OFI_AXIS:REACTIVE:15.625|OFI_AXIS:SYSTEMIC_MUSCULAR:34.375|OFI_DOSE:QUALITY_BASED:0.0|OFI_GROUP:MED_BALL_ROTATIONAL_POWER:0.0|OFI_GROUP:ROTATION_POWER:0.0|OFI_GROUP:ROTATION_POWER:0.0|OFI_SCORE:HIGH_FORCE_NEURAL:21.0|OFI_SCORE:HIGH_SPEED:91.0|OFI_SCORE:LOCAL_MUSCULAR:47.0|OFI_SCORE:REACTIVE:20.0|OFI_SCORE:SYSTEMIC_MUSCULAR:43.0|OFI_SNAPSHOT:SUMMARY:64.0","","PROGRESSION:ROTATION_POWER","BADMINTON_TRANSFER|BALANCE|FATIGUE","SUPPORTIVE","level=SUPPORTIVE;types=LOWER_BODY_SUPPORTIVE|ROTATION_POWER_SUPPORTIVE;skills=DECELERATION_CONTROL|ROTATION_SEQUENCING;qualities=CORE_BRACING|DECELERATION|ROTATIONAL_POWER","DECELERATION_LANDING|ROTATION_CONTROL","DECELERATION|ROTATION_POWER","HIGH","BADMINTON_FATIGUE_COST:HIGH:0.0|OFI_AXIS:HIGH_FORCE_NEURAL:17.1875|OFI_AXIS:HIGH_SPEED:73.046875|OFI_AXIS:LOCAL_MUSCULAR:37.8125|OFI_AXIS:REACTIVE:15.625|OFI_AXIS:SYSTEMIC_MUSCULAR:34.375|OFI_DOSE:QUALITY_BASED:0.0|OFI_GROUP:MED_BALL_ROTATIONAL_POWER:0.0|OFI_GROUP:ROTATION_POWER:0.0|OFI_GROUP:ROTATION_POWER:0.0|OFI_SCORE:HIGH_FORCE_NEURAL:21.0|OFI_SCORE:HIGH_SPEED:91.0|OFI_SCORE:LOCAL_MUSCULAR:47.0|OFI_SCORE:REACTIVE:20.0|OFI_SCORE:SYSTEMIC_MUSCULAR:43.0|OFI_SNAPSHOT:SUMMARY:64.0","","PROGRESSION:ROTATION_POWER","removedAxes=LATERAL_MOVEMENT|RACKET_SUPPORT|UNILATERAL_STABILITY;removedObjectives=FOOTWORK","addedAxes=;addedObjectives=","PARITY_INTENTIONAL_CORRECTION"
"one_arm_gymnastic_ring_row","BALANCE|FATIGUE|HYPERTROPHY_VOLUME|STRENGTH_PROGRESS","GENERAL_STRENGTH","forceType=PULL;plane=TRANSVERSE;laterality=UNILATERAL;fatigue=BICEPS_LOAD|BICEPS_TENDON_STRESS|ELBOW_JOINT_STRESS|FOREARM_FLEXOR_TENDON_STRESS|GRIP_FOREARM|GRIP_LOAD|HORIZONTAL_ROW_STRESS|LAT_LOAD|LOCAL_MUSCLE|NEURAL_HEAVY|OVERHEAD_REPETITION|REAR_DELTOID_LOAD|SCAPULAR_STABILITY_LOAD|SHOULDER_JOINT_STABILITY_STRESS|SYSTEMIC|UPPER_BACK_LOAD;muscles=BICEPS|CORE|DEEP_CORE|LAT|REAR_DELT|RHOMBOID|SCAPULAR_STABILIZERS;roles=GENERAL_STRENGTH_SUPPORTIVE;skills=;qualities=SCAPULAR_CONTROL|SHOULDER_DURABILITY","RACKET_SUPPORT|UNILATERAL_STABILITY","","MEDIUM","BADMINTON_FATIGUE_COST:MEDIUM:0.0|OFI_AXIS:HIGH_FORCE_NEURAL:37.8125|OFI_AXIS:HIGH_SPEED:17.1875|OFI_AXIS:LOCAL_MUSCULAR:58.4375|OFI_AXIS:REACTIVE:15.625|OFI_AXIS:SYSTEMIC_MUSCULAR:34.375|OFI_DOSE:VOLUME_LOAD:0.0|OFI_GROUP:HORIZONTAL_PULL_COMPOUND:0.0|OFI_GROUP:HORIZONTAL_PULL_COMPOUND:0.0|OFI_GROUP:HORIZONTAL_PULL_COMPOUND:0.0|OFI_SCORE:HIGH_FORCE_NEURAL:47.0|OFI_SCORE:HIGH_SPEED:21.0|OFI_SCORE:LOCAL_MUSCULAR:73.0|OFI_SCORE:REACTIVE:20.0|OFI_SCORE:SYSTEMIC_MUSCULAR:43.0|OFI_SNAPSHOT:SUMMARY:44.0","","PROGRESSION:HORIZONTAL_PULL_COMPOUND","BALANCE|FATIGUE|HYPERTROPHY_VOLUME|STRENGTH_PROGRESS","GENERAL_STRENGTH","level=GENERAL;types=GENERAL_STRENGTH_SUPPORTIVE;skills=;qualities=SCAPULAR_CONTROL|SHOULDER_DURABILITY","","","MEDIUM","BADMINTON_FATIGUE_COST:MEDIUM:0.0|OFI_AXIS:HIGH_FORCE_NEURAL:37.8125|OFI_AXIS:HIGH_SPEED:17.1875|OFI_AXIS:LOCAL_MUSCULAR:58.4375|OFI_AXIS:REACTIVE:15.625|OFI_AXIS:SYSTEMIC_MUSCULAR:34.375|OFI_DOSE:VOLUME_LOAD:0.0|OFI_GROUP:HORIZONTAL_PULL_COMPOUND:0.0|OFI_GROUP:HORIZONTAL_PULL_COMPOUND:0.0|OFI_GROUP:HORIZONTAL_PULL_COMPOUND:0.0|OFI_SCORE:HIGH_FORCE_NEURAL:47.0|OFI_SCORE:HIGH_SPEED:21.0|OFI_SCORE:LOCAL_MUSCULAR:73.0|OFI_SCORE:REACTIVE:20.0|OFI_SCORE:SYSTEMIC_MUSCULAR:43.0|OFI_SNAPSHOT:SUMMARY:44.0","","PROGRESSION:HORIZONTAL_PULL_COMPOUND","removedAxes=RACKET_SUPPORT|UNILATERAL_STABILITY;removedObjectives=","addedAxes=;addedObjectives=","PARITY_INTENTIONAL_CORRECTION"
"one_arm_suspension_trainer_row","BALANCE|FATIGUE|HYPERTROPHY_VOLUME|STRENGTH_PROGRESS","GENERAL_STRENGTH","forceType=PULL;plane=TRANSVERSE;laterality=UNILATERAL;fatigue=BICEPS_LOAD|BICEPS_TENDON_STRESS|ELBOW_JOINT_STRESS|FOREARM_FLEXOR_TENDON_STRESS|GRIP_FOREARM|GRIP_LOAD|HORIZONTAL_ROW_STRESS|LAT_LOAD|LOCAL_MUSCLE|NEURAL_HEAVY|OVERHEAD_REPETITION|REAR_DELTOID_LOAD|SCAPULAR_STABILITY_LOAD|SHOULDER_JOINT_STABILITY_STRESS|SYSTEMIC|UPPER_BACK_LOAD;muscles=BICEPS|CORE|DEEP_CORE|LAT|REAR_DELT|RHOMBOID|SCAPULAR_STABILIZERS;roles=GENERAL_STRENGTH_SUPPORTIVE;skills=;qualities=SCAPULAR_CONTROL|SHOULDER_DURABILITY","RACKET_SUPPORT|UNILATERAL_STABILITY","","MEDIUM","BADMINTON_FATIGUE_COST:MEDIUM:0.0|OFI_AXIS:HIGH_FORCE_NEURAL:37.8125|OFI_AXIS:HIGH_SPEED:17.1875|OFI_AXIS:LOCAL_MUSCULAR:58.4375|OFI_AXIS:REACTIVE:15.625|OFI_AXIS:SYSTEMIC_MUSCULAR:34.375|OFI_DOSE:VOLUME_LOAD:0.0|OFI_GROUP:HORIZONTAL_PULL_COMPOUND:0.0|OFI_GROUP:HORIZONTAL_PULL_COMPOUND:0.0|OFI_GROUP:HORIZONTAL_PULL_COMPOUND:0.0|OFI_SCORE:HIGH_FORCE_NEURAL:47.0|OFI_SCORE:HIGH_SPEED:21.0|OFI_SCORE:LOCAL_MUSCULAR:73.0|OFI_SCORE:REACTIVE:20.0|OFI_SCORE:SYSTEMIC_MUSCULAR:43.0|OFI_SNAPSHOT:SUMMARY:44.0","","PROGRESSION:HORIZONTAL_PULL_COMPOUND","BALANCE|FATIGUE|HYPERTROPHY_VOLUME|STRENGTH_PROGRESS","GENERAL_STRENGTH","level=GENERAL;types=GENERAL_STRENGTH_SUPPORTIVE;skills=;qualities=SCAPULAR_CONTROL|SHOULDER_DURABILITY","","","MEDIUM","BADMINTON_FATIGUE_COST:MEDIUM:0.0|OFI_AXIS:HIGH_FORCE_NEURAL:37.8125|OFI_AXIS:HIGH_SPEED:17.1875|OFI_AXIS:LOCAL_MUSCULAR:58.4375|OFI_AXIS:REACTIVE:15.625|OFI_AXIS:SYSTEMIC_MUSCULAR:34.375|OFI_DOSE:VOLUME_LOAD:0.0|OFI_GROUP:HORIZONTAL_PULL_COMPOUND:0.0|OFI_GROUP:HORIZONTAL_PULL_COMPOUND:0.0|OFI_GROUP:HORIZONTAL_PULL_COMPOUND:0.0|OFI_SCORE:HIGH_FORCE_NEURAL:47.0|OFI_SCORE:HIGH_SPEED:21.0|OFI_SCORE:LOCAL_MUSCULAR:73.0|OFI_SCORE:REACTIVE:20.0|OFI_SCORE:SYSTEMIC_MUSCULAR:43.0|OFI_SNAPSHOT:SUMMARY:44.0","","PROGRESSION:HORIZONTAL_PULL_COMPOUND","removedAxes=RACKET_SUPPORT|UNILATERAL_STABILITY;removedObjectives=","addedAxes=;addedObjectives=","PARITY_INTENTIONAL_CORRECTION"
"plate_rotational_press_out","BADMINTON_TRANSFER|BALANCE|FATIGUE","SUPPORTIVE","forceType=BRACE;plane=TRANSVERSE;laterality=UNILATERAL;fatigue=ANTI_ROTATION|ANTI_ROTATION_CORE_STABILITY_STRESS|ANTI_ROTATION_LOAD|CORE_BRACING_LOAD|GRIP_FOREARM|HIP_ROTATIONAL_CONTROL_STRESS|LOCAL_MUSCLE|LUMBOPELVIC_CONTROL_STRESS|NEURAL_HEAVY|OVERHEAD_REPETITION|STABILITY_COORDINATION_LOAD|SYSTEMIC;muscles=CORE|DEEP_CORE|FOREARM|GLUTE|OBLIQUE|SHOULDER;roles=ANTI_ROTATION_STABILITY|ANTI_ROTATION_STABILITY_SUPPORTIVE|GRIP_FOREARM|SHOULDER_CARE;skills=ANTI_ROTATION_STABILITY;qualities=ANTI_ROTATION_STABILITY|ROTATIONAL_CONTROL|SHOULDER_DURABILITY","LOW_FATIGUE_CONTROL|RACKET_SUPPORT|ROTATION_CONTROL|UNILATERAL_STABILITY","","MEDIUM","BADMINTON_FATIGUE_COST:MEDIUM:0.0|OFI_AXIS:HIGH_FORCE_NEURAL:17.1875|OFI_AXIS:HIGH_SPEED:17.1875|OFI_AXIS:LOCAL_MUSCULAR:17.1875|OFI_AXIS:REACTIVE:15.625|OFI_AXIS:SYSTEMIC_MUSCULAR:15.625|OFI_DOSE:QUALITY_BASED:0.0|OFI_GROUP:ANTI_ROTATION:0.0|OFI_GROUP:ANTI_ROTATION:0.0|OFI_GROUP:TRUNK_ANTI_ROTATION_CONTROL:0.0|OFI_SCORE:HIGH_FORCE_NEURAL:21.0|OFI_SCORE:HIGH_SPEED:21.0|OFI_SCORE:LOCAL_MUSCULAR:21.0|OFI_SCORE:REACTIVE:20.0|OFI_SCORE:SYSTEMIC_MUSCULAR:20.0|OFI_SNAPSHOT:SUMMARY:17.0","","PROGRESSION:ANTI_ROTATION","BADMINTON_TRANSFER|BALANCE|FATIGUE","SUPPORTIVE","level=SUPPORTIVE;types=ANTI_ROTATION_STABILITY_SUPPORTIVE;skills=ANTI_ROTATION_STABILITY;qualities=ANTI_ROTATION_STABILITY|ROTATIONAL_CONTROL|SHOULDER_DURABILITY","ROTATION_CONTROL","","MEDIUM","BADMINTON_FATIGUE_COST:MEDIUM:0.0|OFI_AXIS:HIGH_FORCE_NEURAL:17.1875|OFI_AXIS:HIGH_SPEED:17.1875|OFI_AXIS:LOCAL_MUSCULAR:17.1875|OFI_AXIS:REACTIVE:15.625|OFI_AXIS:SYSTEMIC_MUSCULAR:15.625|OFI_DOSE:QUALITY_BASED:0.0|OFI_GROUP:ANTI_ROTATION:0.0|OFI_GROUP:ANTI_ROTATION:0.0|OFI_GROUP:TRUNK_ANTI_ROTATION_CONTROL:0.0|OFI_SCORE:HIGH_FORCE_NEURAL:21.0|OFI_SCORE:HIGH_SPEED:21.0|OFI_SCORE:LOCAL_MUSCULAR:21.0|OFI_SCORE:REACTIVE:20.0|OFI_SCORE:SYSTEMIC_MUSCULAR:20.0|OFI_SNAPSHOT:SUMMARY:17.0","","PROGRESSION:ANTI_ROTATION","removedAxes=LOW_FATIGUE_CONTROL|RACKET_SUPPORT|UNILATERAL_STABILITY;removedObjectives=","addedAxes=;addedObjectives=","PARITY_INTENTIONAL_CORRECTION"
"pull_up","BALANCE|FATIGUE|HYPERTROPHY_VOLUME|STRENGTH_PROGRESS","GENERAL_STRENGTH","forceType=PULL;plane=FRONTAL;laterality=BILATERAL;fatigue=BICEPS_LOAD|BICEPS_TENDON_STRESS|BODYWEIGHT_LOAD|CORE_BRACING_LOAD|FOREARM_FLEXOR_TENDON_STRESS|GRIP_FOREARM|GRIP_LOAD|LAT_LOAD|LOCAL_MUSCLE|NEURAL_HEAVY|SCAPULAR_CONTROL_LOAD|SHOULDER_JOINT_STABILITY_STRESS|SYSTEMIC|VERTICAL_PULL_STRESS;muscles=BICEPS|CORE|DEEP_CORE|LAT;roles=GENERAL_STRENGTH_SUPPORTIVE;skills=;qualities=SCAPULAR_CONTROL|SHOULDER_DURABILITY","LATERAL_MOVEMENT|RACKET_SUPPORT","","MEDIUM","BADMINTON_FATIGUE_COST:MEDIUM:0.0|OFI_AXIS:HIGH_FORCE_NEURAL:79.0625|OFI_AXIS:HIGH_SPEED:17.1875|OFI_AXIS:LOCAL_MUSCULAR:58.4375|OFI_AXIS:REACTIVE:15.625|OFI_AXIS:SYSTEMIC_MUSCULAR:34.375|OFI_DOSE:ESTIMATED_1RM:0.0|OFI_GROUP:VERTICAL_PULL_COMPOUND:0.0|OFI_GROUP:VERTICAL_PULL_COMPOUND:0.0|OFI_GROUP:VERTICAL_PULL_COMPOUND:0.0|OFI_SCORE:HIGH_FORCE_NEURAL:99.0|OFI_SCORE:HIGH_SPEED:21.0|OFI_SCORE:LOCAL_MUSCULAR:73.0|OFI_SCORE:REACTIVE:20.0|OFI_SCORE:SYSTEMIC_MUSCULAR:43.0|OFI_SNAPSHOT:SUMMARY:70.0","","PROGRESSION:VERTICAL_PULL_COMPOUND|PROXY:WEIGHTED_PULL_UP:SHARED_FACTOR_PROXY","BALANCE|FATIGUE|HYPERTROPHY_VOLUME|STRENGTH_PROGRESS","GENERAL_STRENGTH","level=GENERAL;types=GENERAL_STRENGTH_SUPPORTIVE;skills=;qualities=SCAPULAR_CONTROL|SHOULDER_DURABILITY","","","MEDIUM","BADMINTON_FATIGUE_COST:MEDIUM:0.0|OFI_AXIS:HIGH_FORCE_NEURAL:79.0625|OFI_AXIS:HIGH_SPEED:17.1875|OFI_AXIS:LOCAL_MUSCULAR:58.4375|OFI_AXIS:REACTIVE:15.625|OFI_AXIS:SYSTEMIC_MUSCULAR:34.375|OFI_DOSE:ESTIMATED_1RM:0.0|OFI_GROUP:VERTICAL_PULL_COMPOUND:0.0|OFI_GROUP:VERTICAL_PULL_COMPOUND:0.0|OFI_GROUP:VERTICAL_PULL_COMPOUND:0.0|OFI_SCORE:HIGH_FORCE_NEURAL:99.0|OFI_SCORE:HIGH_SPEED:21.0|OFI_SCORE:LOCAL_MUSCULAR:73.0|OFI_SCORE:REACTIVE:20.0|OFI_SCORE:SYSTEMIC_MUSCULAR:43.0|OFI_SNAPSHOT:SUMMARY:70.0","","PROGRESSION:VERTICAL_PULL_COMPOUND|PROXY:WEIGHTED_PULL_UP:SHARED_FACTOR_PROXY","removedAxes=LATERAL_MOVEMENT|RACKET_SUPPORT;removedObjectives=","addedAxes=;addedObjectives=","PARITY_INTENTIONAL_CORRECTION"
"single_leg_hip_bridge","BALANCE|FATIGUE|HYPERTROPHY_VOLUME","GENERAL_STRENGTH","forceType=HINGE;plane=SAGITTAL;laterality=UNILATERAL;fatigue=CORE_BRACING_LOAD|GLUTE_LOAD|HAMSTRING_LOAD|HAMSTRING_TENDON_STRESS|HINGE_POSTERIOR_CHAIN_STRESS|HIP_CONTROL_LOAD|HIP_ROTATIONAL_CONTROL_STRESS|LOCAL_MUSCLE|LUMBOPELVIC_CONTROL_STRESS|NEURAL_HEAVY|SYSTEMIC;muscles=CORE|GLUTE|HAMSTRING;roles=GENERAL_STRENGTH_SUPPORTIVE;skills=;qualities=HIP_KNEE_EXTENSION_STRENGTH|LOWER_BODY_FORCE","LOW_FATIGUE_CONTROL|UNILATERAL_STABILITY","","HIGH","BADMINTON_FATIGUE_COST:HIGH:0.0|OFI_AXIS:HIGH_FORCE_NEURAL:17.1875|OFI_AXIS:HIGH_SPEED:17.1875|OFI_AXIS:LOCAL_MUSCULAR:58.4375|OFI_AXIS:REACTIVE:15.625|OFI_AXIS:SYSTEMIC_MUSCULAR:29.21875|OFI_DOSE:VOLUME_LOAD:0.0|OFI_GROUP:HIP_THRUST_GLUTE:0.0|OFI_GROUP:HIP_THRUST_GLUTE:0.0|OFI_GROUP:HIP_THRUST_GLUTE:0.0|OFI_SCORE:HIGH_FORCE_NEURAL:21.0|OFI_SCORE:HIGH_SPEED:21.0|OFI_SCORE:LOCAL_MUSCULAR:73.0|OFI_SCORE:REACTIVE:20.0|OFI_SCORE:SYSTEMIC_MUSCULAR:37.0|OFI_SNAPSHOT:SUMMARY:41.0","ROLE:STABILITY|SLOT:STABILITY_SLOT","PROGRESSION:HIP_THRUST_GLUTE","BALANCE|FATIGUE|HYPERTROPHY_VOLUME","GENERAL_STRENGTH","level=GENERAL;types=GENERAL_STRENGTH_SUPPORTIVE;skills=;qualities=HIP_KNEE_EXTENSION_STRENGTH|LOWER_BODY_FORCE","","","HIGH","BADMINTON_FATIGUE_COST:HIGH:0.0|OFI_AXIS:HIGH_FORCE_NEURAL:17.1875|OFI_AXIS:HIGH_SPEED:17.1875|OFI_AXIS:LOCAL_MUSCULAR:58.4375|OFI_AXIS:REACTIVE:15.625|OFI_AXIS:SYSTEMIC_MUSCULAR:29.21875|OFI_DOSE:VOLUME_LOAD:0.0|OFI_GROUP:HIP_THRUST_GLUTE:0.0|OFI_GROUP:HIP_THRUST_GLUTE:0.0|OFI_GROUP:HIP_THRUST_GLUTE:0.0|OFI_SCORE:HIGH_FORCE_NEURAL:21.0|OFI_SCORE:HIGH_SPEED:21.0|OFI_SCORE:LOCAL_MUSCULAR:73.0|OFI_SCORE:REACTIVE:20.0|OFI_SCORE:SYSTEMIC_MUSCULAR:37.0|OFI_SNAPSHOT:SUMMARY:41.0","ROLE:STABILITY|SLOT:STABILITY_SLOT","PROGRESSION:HIP_THRUST_GLUTE","removedAxes=LOW_FATIGUE_CONTROL|UNILATERAL_STABILITY;removedObjectives=","addedAxes=;addedObjectives=","PARITY_INTENTIONAL_CORRECTION"
"standing_bodyweight_calf_raise","BADMINTON_SUPPORTIVE|BALANCE|FATIGUE|HYPERTROPHY_VOLUME","SUPPORTIVE","forceType=BRACE;plane=SAGITTAL;laterality=BILATERAL;fatigue=ACHILLES_TENDON_STRESS|ANKLE_EVERSION_CONTROL_STRESS|CALF_ANKLE_SSC_LOAD|ELASTIC_SSC|ISOLATION_ACCESSORY_STRESS|LOCAL_MUSCLE|NEURAL_HEAVY|SYSTEMIC;muscles=CALF|CORE;roles=ANKLE_CALF_SSC_SUPPORTIVE;skills=CHANGE_OF_DIRECTION|FIRST_STEP|SPLIT_STEP;qualities=ACCELERATION|ANKLE_STIFFNESS|CALF_ELASTICITY","DECELERATION_LANDING|LATERAL_MOVEMENT|LOW_FATIGUE_CONTROL|ROTATION_CONTROL","ACCELERATION|FOOTWORK","LOW","BADMINTON_FATIGUE_COST:LOW:0.0|OFI_AXIS:HIGH_FORCE_NEURAL:17.1875|OFI_AXIS:HIGH_SPEED:70.125|OFI_AXIS:LOCAL_MUSCULAR:58.4375|OFI_AXIS:REACTIVE:63.75|OFI_AXIS:SYSTEMIC_MUSCULAR:15.625|OFI_DOSE:VOLUME_LOAD:0.0|OFI_GROUP:CALF_ACHILLES_ANKLE_STIFFNESS:0.0|OFI_GROUP:CALF_ACHILLES_ANKLE_STIFFNESS:0.0|OFI_GROUP:CALF_ACHILLES_ANKLE_STIFFNESS:0.0|OFI_SCORE:HIGH_FORCE_NEURAL:21.0|OFI_SCORE:HIGH_SPEED:88.0|OFI_SCORE:LOCAL_MUSCULAR:73.0|OFI_SCORE:REACTIVE:80.0|OFI_SCORE:SYSTEMIC_MUSCULAR:20.0|OFI_SNAPSHOT:SUMMARY:72.0","SLOT:ACCESSORY_SLOT","PROGRESSION:CALF_ACHILLES_ANKLE_STIFFNESS","BADMINTON_SUPPORTIVE|BALANCE|FATIGUE|HYPERTROPHY_VOLUME","SUPPORTIVE","level=SUPPORTIVE;types=ANKLE_CALF_SSC_SUPPORTIVE;skills=CHANGE_OF_DIRECTION|FIRST_STEP|SPLIT_STEP;qualities=ACCELERATION|ANKLE_STIFFNESS|CALF_ELASTICITY","","ACCELERATION|FOOTWORK","LOW","BADMINTON_FATIGUE_COST:LOW:0.0|OFI_AXIS:HIGH_FORCE_NEURAL:17.1875|OFI_AXIS:HIGH_SPEED:70.125|OFI_AXIS:LOCAL_MUSCULAR:58.4375|OFI_AXIS:REACTIVE:63.75|OFI_AXIS:SYSTEMIC_MUSCULAR:15.625|OFI_DOSE:VOLUME_LOAD:0.0|OFI_GROUP:CALF_ACHILLES_ANKLE_STIFFNESS:0.0|OFI_GROUP:CALF_ACHILLES_ANKLE_STIFFNESS:0.0|OFI_GROUP:CALF_ACHILLES_ANKLE_STIFFNESS:0.0|OFI_SCORE:HIGH_FORCE_NEURAL:21.0|OFI_SCORE:HIGH_SPEED:88.0|OFI_SCORE:LOCAL_MUSCULAR:73.0|OFI_SCORE:REACTIVE:80.0|OFI_SCORE:SYSTEMIC_MUSCULAR:20.0|OFI_SNAPSHOT:SUMMARY:72.0","SLOT:ACCESSORY_SLOT","PROGRESSION:CALF_ACHILLES_ANKLE_STIFFNESS","removedAxes=DECELERATION_LANDING|LATERAL_MOVEMENT|LOW_FATIGUE_CONTROL|ROTATION_CONTROL;removedObjectives=","addedAxes=;addedObjectives=","PARITY_INTENTIONAL_CORRECTION"
"standing_calf_raise_machine","BADMINTON_SUPPORTIVE|BALANCE|FATIGUE|HYPERTROPHY_VOLUME","SUPPORTIVE","forceType=BRACE;plane=SAGITTAL;laterality=BILATERAL;fatigue=ACHILLES_TENDON_STRESS|ANKLE_EVERSION_CONTROL_STRESS|CALF_ANKLE_SSC_LOAD|ELASTIC_SSC|ISOLATION_ACCESSORY_STRESS|LOCAL_MUSCLE|NEURAL_HEAVY|SYSTEMIC;muscles=CALF|CORE;roles=ANKLE_CALF_SSC_SUPPORTIVE;skills=CHANGE_OF_DIRECTION|FIRST_STEP|SPLIT_STEP;qualities=ACCELERATION|ANKLE_STIFFNESS|CALF_ELASTICITY","DECELERATION_LANDING|LATERAL_MOVEMENT|LOW_FATIGUE_CONTROL|ROTATION_CONTROL","ACCELERATION|FOOTWORK","LOW","BADMINTON_FATIGUE_COST:LOW:0.0|OFI_AXIS:HIGH_FORCE_NEURAL:17.1875|OFI_AXIS:HIGH_SPEED:70.125|OFI_AXIS:LOCAL_MUSCULAR:58.4375|OFI_AXIS:REACTIVE:63.75|OFI_AXIS:SYSTEMIC_MUSCULAR:15.625|OFI_DOSE:VOLUME_LOAD:0.0|OFI_GROUP:CALF_ACHILLES_ANKLE_STIFFNESS:0.0|OFI_GROUP:CALF_ACHILLES_ANKLE_STIFFNESS:0.0|OFI_GROUP:CALF_ACHILLES_ANKLE_STIFFNESS:0.0|OFI_SCORE:HIGH_FORCE_NEURAL:21.0|OFI_SCORE:HIGH_SPEED:88.0|OFI_SCORE:LOCAL_MUSCULAR:73.0|OFI_SCORE:REACTIVE:80.0|OFI_SCORE:SYSTEMIC_MUSCULAR:20.0|OFI_SNAPSHOT:SUMMARY:72.0","SLOT:ACCESSORY_SLOT","PROGRESSION:CALF_ACHILLES_ANKLE_STIFFNESS","BADMINTON_SUPPORTIVE|BALANCE|FATIGUE|HYPERTROPHY_VOLUME","SUPPORTIVE","level=SUPPORTIVE;types=ANKLE_CALF_SSC_SUPPORTIVE;skills=CHANGE_OF_DIRECTION|FIRST_STEP|SPLIT_STEP;qualities=ACCELERATION|ANKLE_STIFFNESS|CALF_ELASTICITY","","ACCELERATION|FOOTWORK","LOW","BADMINTON_FATIGUE_COST:LOW:0.0|OFI_AXIS:HIGH_FORCE_NEURAL:17.1875|OFI_AXIS:HIGH_SPEED:70.125|OFI_AXIS:LOCAL_MUSCULAR:58.4375|OFI_AXIS:REACTIVE:63.75|OFI_AXIS:SYSTEMIC_MUSCULAR:15.625|OFI_DOSE:VOLUME_LOAD:0.0|OFI_GROUP:CALF_ACHILLES_ANKLE_STIFFNESS:0.0|OFI_GROUP:CALF_ACHILLES_ANKLE_STIFFNESS:0.0|OFI_GROUP:CALF_ACHILLES_ANKLE_STIFFNESS:0.0|OFI_SCORE:HIGH_FORCE_NEURAL:21.0|OFI_SCORE:HIGH_SPEED:88.0|OFI_SCORE:LOCAL_MUSCULAR:73.0|OFI_SCORE:REACTIVE:80.0|OFI_SCORE:SYSTEMIC_MUSCULAR:20.0|OFI_SNAPSHOT:SUMMARY:72.0","SLOT:ACCESSORY_SLOT","PROGRESSION:CALF_ACHILLES_ANKLE_STIFFNESS","removedAxes=DECELERATION_LANDING|LATERAL_MOVEMENT|LOW_FATIGUE_CONTROL|ROTATION_CONTROL;removedObjectives=","addedAxes=;addedObjectives=","PARITY_INTENTIONAL_CORRECTION"
"standing_dumbbell_calf_raise","BADMINTON_SUPPORTIVE|BALANCE|FATIGUE|HYPERTROPHY_VOLUME","SUPPORTIVE","forceType=BRACE;plane=SAGITTAL;laterality=BILATERAL;fatigue=ACHILLES_TENDON_STRESS|ANKLE_EVERSION_CONTROL_STRESS|CALF_ANKLE_SSC_LOAD|ELASTIC_SSC|ISOLATION_ACCESSORY_STRESS|LOCAL_MUSCLE|NEURAL_HEAVY|SYSTEMIC;muscles=CALF|CORE;roles=ANKLE_CALF_SSC_SUPPORTIVE;skills=CHANGE_OF_DIRECTION|FIRST_STEP|SPLIT_STEP;qualities=ACCELERATION|ANKLE_STIFFNESS|CALF_ELASTICITY","DECELERATION_LANDING|LATERAL_MOVEMENT|LOW_FATIGUE_CONTROL|ROTATION_CONTROL","ACCELERATION|FOOTWORK","LOW","BADMINTON_FATIGUE_COST:LOW:0.0|OFI_AXIS:HIGH_FORCE_NEURAL:17.1875|OFI_AXIS:HIGH_SPEED:70.125|OFI_AXIS:LOCAL_MUSCULAR:58.4375|OFI_AXIS:REACTIVE:63.75|OFI_AXIS:SYSTEMIC_MUSCULAR:15.625|OFI_DOSE:VOLUME_LOAD:0.0|OFI_GROUP:CALF_ACHILLES_ANKLE_STIFFNESS:0.0|OFI_GROUP:CALF_ACHILLES_ANKLE_STIFFNESS:0.0|OFI_GROUP:CALF_ACHILLES_ANKLE_STIFFNESS:0.0|OFI_SCORE:HIGH_FORCE_NEURAL:21.0|OFI_SCORE:HIGH_SPEED:88.0|OFI_SCORE:LOCAL_MUSCULAR:73.0|OFI_SCORE:REACTIVE:80.0|OFI_SCORE:SYSTEMIC_MUSCULAR:20.0|OFI_SNAPSHOT:SUMMARY:72.0","SLOT:ACCESSORY_SLOT","PROGRESSION:CALF_ACHILLES_ANKLE_STIFFNESS","BADMINTON_SUPPORTIVE|BALANCE|FATIGUE|HYPERTROPHY_VOLUME","SUPPORTIVE","level=SUPPORTIVE;types=ANKLE_CALF_SSC_SUPPORTIVE;skills=CHANGE_OF_DIRECTION|FIRST_STEP|SPLIT_STEP;qualities=ACCELERATION|ANKLE_STIFFNESS|CALF_ELASTICITY","","ACCELERATION|FOOTWORK","LOW","BADMINTON_FATIGUE_COST:LOW:0.0|OFI_AXIS:HIGH_FORCE_NEURAL:17.1875|OFI_AXIS:HIGH_SPEED:70.125|OFI_AXIS:LOCAL_MUSCULAR:58.4375|OFI_AXIS:REACTIVE:63.75|OFI_AXIS:SYSTEMIC_MUSCULAR:15.625|OFI_DOSE:VOLUME_LOAD:0.0|OFI_GROUP:CALF_ACHILLES_ANKLE_STIFFNESS:0.0|OFI_GROUP:CALF_ACHILLES_ANKLE_STIFFNESS:0.0|OFI_GROUP:CALF_ACHILLES_ANKLE_STIFFNESS:0.0|OFI_SCORE:HIGH_FORCE_NEURAL:21.0|OFI_SCORE:HIGH_SPEED:88.0|OFI_SCORE:LOCAL_MUSCULAR:73.0|OFI_SCORE:REACTIVE:80.0|OFI_SCORE:SYSTEMIC_MUSCULAR:20.0|OFI_SNAPSHOT:SUMMARY:72.0","SLOT:ACCESSORY_SLOT","PROGRESSION:CALF_ACHILLES_ANKLE_STIFFNESS","removedAxes=DECELERATION_LANDING|LATERAL_MOVEMENT|LOW_FATIGUE_CONTROL|ROTATION_CONTROL;removedObjectives=","addedAxes=;addedObjectives=","PARITY_INTENTIONAL_CORRECTION"
"suspension_trainer_inverted_row","BALANCE|FATIGUE|HYPERTROPHY_VOLUME|STRENGTH_PROGRESS","GENERAL_STRENGTH","forceType=PULL;plane=TRANSVERSE;laterality=BILATERAL;fatigue=BICEPS_LOAD|BICEPS_TENDON_STRESS|ELBOW_JOINT_STRESS|FOREARM_FLEXOR_TENDON_STRESS|GRIP_FOREARM|GRIP_LOAD|HORIZONTAL_ROW_STRESS|LAT_LOAD|LOCAL_MUSCLE|NEURAL_HEAVY|OVERHEAD_REPETITION|REAR_DELTOID_LOAD|SCAPULAR_STABILITY_LOAD|SHOULDER_JOINT_STABILITY_STRESS|SYSTEMIC|UPPER_BACK_LOAD;muscles=BACK|BICEPS|CHEST|CORE|DEEP_CORE|LAT|REAR_DELT|RHOMBOID|SCAPULAR_STABILIZERS;roles=GENERAL_STRENGTH_SUPPORTIVE;skills=;qualities=SCAPULAR_CONTROL|SHOULDER_DURABILITY","RACKET_SUPPORT","","MEDIUM","BADMINTON_FATIGUE_COST:MEDIUM:0.0|OFI_AXIS:HIGH_FORCE_NEURAL:37.8125|OFI_AXIS:HIGH_SPEED:17.1875|OFI_AXIS:LOCAL_MUSCULAR:58.4375|OFI_AXIS:REACTIVE:15.625|OFI_AXIS:SYSTEMIC_MUSCULAR:34.375|OFI_DOSE:VOLUME_LOAD:0.0|OFI_GROUP:HORIZONTAL_PULL_COMPOUND:0.0|OFI_GROUP:HORIZONTAL_PULL_COMPOUND:0.0|OFI_GROUP:HORIZONTAL_PULL_COMPOUND:0.0|OFI_SCORE:HIGH_FORCE_NEURAL:47.0|OFI_SCORE:HIGH_SPEED:21.0|OFI_SCORE:LOCAL_MUSCULAR:73.0|OFI_SCORE:REACTIVE:20.0|OFI_SCORE:SYSTEMIC_MUSCULAR:43.0|OFI_SNAPSHOT:SUMMARY:44.0","","PROGRESSION:HORIZONTAL_PULL_COMPOUND","BALANCE|FATIGUE|HYPERTROPHY_VOLUME|STRENGTH_PROGRESS","GENERAL_STRENGTH","level=GENERAL;types=GENERAL_STRENGTH_SUPPORTIVE;skills=;qualities=SCAPULAR_CONTROL|SHOULDER_DURABILITY","","","MEDIUM","BADMINTON_FATIGUE_COST:MEDIUM:0.0|OFI_AXIS:HIGH_FORCE_NEURAL:37.8125|OFI_AXIS:HIGH_SPEED:17.1875|OFI_AXIS:LOCAL_MUSCULAR:58.4375|OFI_AXIS:REACTIVE:15.625|OFI_AXIS:SYSTEMIC_MUSCULAR:34.375|OFI_DOSE:VOLUME_LOAD:0.0|OFI_GROUP:HORIZONTAL_PULL_COMPOUND:0.0|OFI_GROUP:HORIZONTAL_PULL_COMPOUND:0.0|OFI_GROUP:HORIZONTAL_PULL_COMPOUND:0.0|OFI_SCORE:HIGH_FORCE_NEURAL:47.0|OFI_SCORE:HIGH_SPEED:21.0|OFI_SCORE:LOCAL_MUSCULAR:73.0|OFI_SCORE:REACTIVE:20.0|OFI_SCORE:SYSTEMIC_MUSCULAR:43.0|OFI_SNAPSHOT:SUMMARY:44.0","","PROGRESSION:HORIZONTAL_PULL_COMPOUND","removedAxes=RACKET_SUPPORT;removedObjectives=","addedAxes=;addedObjectives=","PARITY_INTENTIONAL_CORRECTION"
"vipr_chop","BADMINTON_TRANSFER|BALANCE|FATIGUE","SUPPORTIVE","forceType=ROTATE;plane=MULTI_PLANAR;laterality=BILATERAL;fatigue=BALLISTIC_POWER_STRESS|CORE_BRACING_LOAD|ELBOW_TENDON_STRESS|GRIP_FOREARM|GRIP_FOREARM_LOAD|HIP_ROTATIONAL_CONTROL_STRESS|LOCAL_MUSCLE|LUMBOPELVIC_CONTROL_STRESS|NEURAL_HEAVY|NEURAL_SPEED|NEURAL_SPEED_LOAD|OVERHEAD_REPETITION|ROTATION_POWER|ROTATION_POWER_LOAD|ROTATOR_CUFF_TENDON_STRESS|SHOULDER_JOINT_STABILITY_STRESS|SYSTEMIC;muscles=CORE|FOREARM|GLUTE|SHOULDER;roles=GRIP_FOREARM|ROTATION_POWER|ROTATION_POWER_SUPPORTIVE|SHOULDER_CARE;skills=ROTATION_SEQUENCING;qualities=CORE_BRACING|GRIP_ENDURANCE|ROTATIONAL_POWER","RACKET_SUPPORT|ROTATION_CONTROL|UNILATERAL_STABILITY","ROTATION_POWER","HIGH","BADMINTON_FATIGUE_COST:HIGH:0.0|OFI_AXIS:HIGH_FORCE_NEURAL:17.1875|OFI_AXIS:HIGH_SPEED:73.046875|OFI_AXIS:LOCAL_MUSCULAR:37.8125|OFI_AXIS:REACTIVE:15.625|OFI_AXIS:SYSTEMIC_MUSCULAR:34.375|OFI_DOSE:QUALITY_BASED:0.0|OFI_GROUP:ROTATION_POWER:0.0|OFI_GROUP:ROTATION_POWER:0.0|OFI_GROUP:VIPR_ROTATIONAL_CHAIN:0.0|OFI_SCORE:HIGH_FORCE_NEURAL:21.0|OFI_SCORE:HIGH_SPEED:91.0|OFI_SCORE:LOCAL_MUSCULAR:47.0|OFI_SCORE:REACTIVE:20.0|OFI_SCORE:SYSTEMIC_MUSCULAR:43.0|OFI_SNAPSHOT:SUMMARY:64.0","ROLE:POWER|SLOT:POWER_SLOT","PROGRESSION:ROTATION_POWER","BADMINTON_TRANSFER|BALANCE|FATIGUE","SUPPORTIVE","level=SUPPORTIVE;types=ROTATION_POWER_SUPPORTIVE;skills=ROTATION_SEQUENCING;qualities=CORE_BRACING|GRIP_ENDURANCE|ROTATIONAL_POWER","ROTATION_CONTROL","ROTATION_POWER","HIGH","BADMINTON_FATIGUE_COST:HIGH:0.0|OFI_AXIS:HIGH_FORCE_NEURAL:17.1875|OFI_AXIS:HIGH_SPEED:73.046875|OFI_AXIS:LOCAL_MUSCULAR:37.8125|OFI_AXIS:REACTIVE:15.625|OFI_AXIS:SYSTEMIC_MUSCULAR:34.375|OFI_DOSE:QUALITY_BASED:0.0|OFI_GROUP:ROTATION_POWER:0.0|OFI_GROUP:ROTATION_POWER:0.0|OFI_GROUP:VIPR_ROTATIONAL_CHAIN:0.0|OFI_SCORE:HIGH_FORCE_NEURAL:21.0|OFI_SCORE:HIGH_SPEED:91.0|OFI_SCORE:LOCAL_MUSCULAR:47.0|OFI_SCORE:REACTIVE:20.0|OFI_SCORE:SYSTEMIC_MUSCULAR:43.0|OFI_SNAPSHOT:SUMMARY:64.0","ROLE:POWER|SLOT:POWER_SLOT","PROGRESSION:ROTATION_POWER","removedAxes=RACKET_SUPPORT|UNILATERAL_STABILITY;removedObjectives=","addedAxes=;addedObjectives=","PARITY_INTENTIONAL_CORRECTION"
"vipr_rotational_lift","BADMINTON_TRANSFER|BALANCE|FATIGUE","SUPPORTIVE","forceType=ROTATE;plane=MULTI_PLANAR;laterality=BILATERAL;fatigue=BALLISTIC_POWER_STRESS|CORE_BRACING_LOAD|ELBOW_TENDON_STRESS|GRIP_FOREARM|GRIP_FOREARM_LOAD|HIP_ROTATIONAL_CONTROL_STRESS|LOCAL_MUSCLE|LUMBOPELVIC_CONTROL_STRESS|NEURAL_HEAVY|NEURAL_SPEED|NEURAL_SPEED_LOAD|OVERHEAD_REPETITION|ROTATION_POWER|ROTATION_POWER_LOAD|ROTATOR_CUFF_TENDON_STRESS|SHOULDER_JOINT_STABILITY_STRESS|SYSTEMIC;muscles=CORE|FOREARM|GLUTE|HAMSTRING|SHOULDER;roles=GRIP_FOREARM|ROTATION_POWER|ROTATION_POWER_SUPPORTIVE|SHOULDER_CARE;skills=ROTATION_SEQUENCING;qualities=CORE_BRACING|GRIP_ENDURANCE|ROTATIONAL_POWER","RACKET_SUPPORT|ROTATION_CONTROL|UNILATERAL_STABILITY","ROTATION_POWER","HIGH","BADMINTON_FATIGUE_COST:HIGH:0.0|OFI_AXIS:HIGH_FORCE_NEURAL:17.1875|OFI_AXIS:HIGH_SPEED:73.046875|OFI_AXIS:LOCAL_MUSCULAR:37.8125|OFI_AXIS:REACTIVE:15.625|OFI_AXIS:SYSTEMIC_MUSCULAR:34.375|OFI_DOSE:QUALITY_BASED:0.0|OFI_GROUP:ROTATION_POWER:0.0|OFI_GROUP:ROTATION_POWER:0.0|OFI_GROUP:VIPR_ROTATIONAL_CHAIN:0.0|OFI_SCORE:HIGH_FORCE_NEURAL:21.0|OFI_SCORE:HIGH_SPEED:91.0|OFI_SCORE:LOCAL_MUSCULAR:47.0|OFI_SCORE:REACTIVE:20.0|OFI_SCORE:SYSTEMIC_MUSCULAR:43.0|OFI_SNAPSHOT:SUMMARY:64.0","ROLE:POWER|SLOT:POWER_SLOT","PROGRESSION:ROTATION_POWER","BADMINTON_TRANSFER|BALANCE|FATIGUE","SUPPORTIVE","level=SUPPORTIVE;types=ROTATION_POWER_SUPPORTIVE;skills=ROTATION_SEQUENCING;qualities=CORE_BRACING|GRIP_ENDURANCE|ROTATIONAL_POWER","ROTATION_CONTROL","ROTATION_POWER","HIGH","BADMINTON_FATIGUE_COST:HIGH:0.0|OFI_AXIS:HIGH_FORCE_NEURAL:17.1875|OFI_AXIS:HIGH_SPEED:73.046875|OFI_AXIS:LOCAL_MUSCULAR:37.8125|OFI_AXIS:REACTIVE:15.625|OFI_AXIS:SYSTEMIC_MUSCULAR:34.375|OFI_DOSE:QUALITY_BASED:0.0|OFI_GROUP:ROTATION_POWER:0.0|OFI_GROUP:ROTATION_POWER:0.0|OFI_GROUP:VIPR_ROTATIONAL_CHAIN:0.0|OFI_SCORE:HIGH_FORCE_NEURAL:21.0|OFI_SCORE:HIGH_SPEED:91.0|OFI_SCORE:LOCAL_MUSCULAR:47.0|OFI_SCORE:REACTIVE:20.0|OFI_SCORE:SYSTEMIC_MUSCULAR:43.0|OFI_SNAPSHOT:SUMMARY:64.0","ROLE:POWER|SLOT:POWER_SLOT","PROGRESSION:ROTATION_POWER","removedAxes=RACKET_SUPPORT|UNILATERAL_STABILITY;removedObjectives=","addedAxes=;addedObjectives=","PARITY_INTENTIONAL_CORRECTION"
"vipr_rotational_press_out","BADMINTON_TRANSFER|BALANCE|FATIGUE","SUPPORTIVE","forceType=ROTATE;plane=TRANSVERSE;laterality=UNILATERAL;fatigue=CORE_BRACING_LOAD|GRIP_FOREARM|HIP_ROTATIONAL_CONTROL_STRESS|LOCAL_MUSCLE|LUMBOPELVIC_CONTROL_STRESS|NEURAL_HEAVY|OVERHEAD_REPETITION|ROTATIONAL_CORE_STABILITY_STRESS|ROTATION_POWER|ROTATION_POWER_LOAD|SHOULDER_JOINT_STABILITY_STRESS|STABILITY_COORDINATION_LOAD|SYSTEMIC;muscles=CORE|DEEP_CORE|FOREARM|GLUTE|OBLIQUE|SHOULDER;roles=ANTI_ROTATION_STABILITY_SUPPORTIVE|GRIP_FOREARM|ROTATION_POWER|ROTATION_POWER_SUPPORTIVE|SHOULDER_CARE;skills=ANTI_ROTATION_STABILITY|ROTATION_SEQUENCING;qualities=ANTI_ROTATION_STABILITY|GRIP_ENDURANCE|ROTATIONAL_CONTROL","LOW_FATIGUE_CONTROL|RACKET_SUPPORT|ROTATION_CONTROL|UNILATERAL_STABILITY","ROTATION_POWER","MEDIUM","BADMINTON_FATIGUE_COST:MEDIUM:0.0|OFI_AXIS:HIGH_FORCE_NEURAL:17.1875|OFI_AXIS:HIGH_SPEED:17.1875|OFI_AXIS:LOCAL_MUSCULAR:37.8125|OFI_AXIS:REACTIVE:15.625|OFI_AXIS:SYSTEMIC_MUSCULAR:15.625|OFI_DOSE:QUALITY_BASED:0.0|OFI_GROUP:ROTATION_POWER:0.0|OFI_GROUP:ROTATION_POWER:0.0|OFI_GROUP:VIPR_ROTATIONAL_CHAIN:0.0|OFI_SCORE:HIGH_FORCE_NEURAL:21.0|OFI_SCORE:HIGH_SPEED:21.0|OFI_SCORE:LOCAL_MUSCULAR:47.0|OFI_SCORE:REACTIVE:20.0|OFI_SCORE:SYSTEMIC_MUSCULAR:20.0|OFI_SNAPSHOT:SUMMARY:28.0","","PROGRESSION:ROTATION_POWER","BADMINTON_TRANSFER|BALANCE|FATIGUE","SUPPORTIVE","level=SUPPORTIVE;types=ANTI_ROTATION_STABILITY_SUPPORTIVE|ROTATION_POWER_SUPPORTIVE;skills=ANTI_ROTATION_STABILITY|ROTATION_SEQUENCING;qualities=ANTI_ROTATION_STABILITY|GRIP_ENDURANCE|ROTATIONAL_CONTROL","ROTATION_CONTROL","ROTATION_POWER","MEDIUM","BADMINTON_FATIGUE_COST:MEDIUM:0.0|OFI_AXIS:HIGH_FORCE_NEURAL:17.1875|OFI_AXIS:HIGH_SPEED:17.1875|OFI_AXIS:LOCAL_MUSCULAR:37.8125|OFI_AXIS:REACTIVE:15.625|OFI_AXIS:SYSTEMIC_MUSCULAR:15.625|OFI_DOSE:QUALITY_BASED:0.0|OFI_GROUP:ROTATION_POWER:0.0|OFI_GROUP:ROTATION_POWER:0.0|OFI_GROUP:VIPR_ROTATIONAL_CHAIN:0.0|OFI_SCORE:HIGH_FORCE_NEURAL:21.0|OFI_SCORE:HIGH_SPEED:21.0|OFI_SCORE:LOCAL_MUSCULAR:47.0|OFI_SCORE:REACTIVE:20.0|OFI_SCORE:SYSTEMIC_MUSCULAR:20.0|OFI_SNAPSHOT:SUMMARY:28.0","","PROGRESSION:ROTATION_POWER","removedAxes=LOW_FATIGUE_CONTROL|RACKET_SUPPORT|UNILATERAL_STABILITY;removedObjectives=","addedAxes=;addedObjectives=","PARITY_INTENTIONAL_CORRECTION"
"vipr_step_and_rotate","BADMINTON_TRANSFER|BALANCE|FATIGUE","SUPPORTIVE","forceType=ROTATE;plane=TRANSVERSE;laterality=UNILATERAL;fatigue=BALLISTIC_POWER_STRESS|CORE_BRACING_LOAD|ELBOW_TENDON_STRESS|GRIP_FOREARM|GRIP_FOREARM_LOAD|HIP_ROTATIONAL_CONTROL_STRESS|LOCAL_MUSCLE|LUMBOPELVIC_CONTROL_STRESS|NEURAL_HEAVY|NEURAL_SPEED|NEURAL_SPEED_LOAD|OVERHEAD_REPETITION|ROTATION_POWER|ROTATION_POWER_LOAD|ROTATOR_CUFF_TENDON_STRESS|SHOULDER_JOINT_STABILITY_STRESS|SYSTEMIC;muscles=CORE|DEEP_CORE|FOREARM|GLUTE|OBLIQUE|SHOULDER;roles=GRIP_FOREARM|ROTATION_POWER|ROTATION_POWER_SUPPORTIVE|SHOULDER_CARE;skills=ROTATION_SEQUENCING;qualities=CORE_BRACING|ROTATIONAL_POWER|SINGLE_LEG_STABILITY","RACKET_SUPPORT|ROTATION_CONTROL|UNILATERAL_STABILITY","ROTATION_POWER","HIGH","BADMINTON_FATIGUE_COST:HIGH:0.0|OFI_AXIS:HIGH_FORCE_NEURAL:17.1875|OFI_AXIS:HIGH_SPEED:73.046875|OFI_AXIS:LOCAL_MUSCULAR:37.8125|OFI_AXIS:REACTIVE:15.625|OFI_AXIS:SYSTEMIC_MUSCULAR:34.375|OFI_DOSE:QUALITY_BASED:0.0|OFI_GROUP:ROTATION_POWER:0.0|OFI_GROUP:ROTATION_POWER:0.0|OFI_GROUP:VIPR_ROTATIONAL_CHAIN:0.0|OFI_SCORE:HIGH_FORCE_NEURAL:21.0|OFI_SCORE:HIGH_SPEED:91.0|OFI_SCORE:LOCAL_MUSCULAR:47.0|OFI_SCORE:REACTIVE:20.0|OFI_SCORE:SYSTEMIC_MUSCULAR:43.0|OFI_SNAPSHOT:SUMMARY:64.0","","PROGRESSION:ROTATION_POWER","BADMINTON_TRANSFER|BALANCE|FATIGUE","SUPPORTIVE","level=SUPPORTIVE;types=ROTATION_POWER_SUPPORTIVE;skills=ROTATION_SEQUENCING;qualities=CORE_BRACING|ROTATIONAL_POWER|SINGLE_LEG_STABILITY","ROTATION_CONTROL","ROTATION_POWER","HIGH","BADMINTON_FATIGUE_COST:HIGH:0.0|OFI_AXIS:HIGH_FORCE_NEURAL:17.1875|OFI_AXIS:HIGH_SPEED:73.046875|OFI_AXIS:LOCAL_MUSCULAR:37.8125|OFI_AXIS:REACTIVE:15.625|OFI_AXIS:SYSTEMIC_MUSCULAR:34.375|OFI_DOSE:QUALITY_BASED:0.0|OFI_GROUP:ROTATION_POWER:0.0|OFI_GROUP:ROTATION_POWER:0.0|OFI_GROUP:VIPR_ROTATIONAL_CHAIN:0.0|OFI_SCORE:HIGH_FORCE_NEURAL:21.0|OFI_SCORE:HIGH_SPEED:91.0|OFI_SCORE:LOCAL_MUSCULAR:47.0|OFI_SCORE:REACTIVE:20.0|OFI_SCORE:SYSTEMIC_MUSCULAR:43.0|OFI_SNAPSHOT:SUMMARY:64.0","","PROGRESSION:ROTATION_POWER","removedAxes=RACKET_SUPPORT|UNILATERAL_STABILITY;removedObjectives=","addedAxes=;addedObjectives=","PARITY_INTENTIONAL_CORRECTION"
