"summaryType","key","count","details"
"AUTO_CANDIDATE_ROWS","AUTO_CANDIDATE","44","Consumer-specific candidates requiring review"
"LEGACY_COMPATIBILITY_ONLY","activityKind","100","Target relation NONE"
"LEGACY_COMPATIBILITY_ONLY","familyId","18","Target relation NONE"
"LEGACY_COMPATIBILITY_ONLY","loadProfile","25","Target relation NONE"
"LEGACY_COMPATIBILITY_ONLY","progressMetricType","96","Target relation NONE"
"MAPPING_STATUS_COUNT","AUTO_CANDIDATE","44",""
"MAPPING_STATUS_COUNT","SEMANTICALLY_REVIEWED","203",""
"MAPPING_STATUS_COUNT","UNRESOLVED","4247",""
"MULTIPLE_SEMANTIC_DESTINATIONS","analysisEligibility","8","FIXED_EXERCISE_RELATION:BADMINTON:ExerciseAnalysisCapability(BADMINTON_TRANSFER);FIXED_EXERCISE_RELATION:OFI:ExerciseAnalysisCapability(OFI);FIXED_EXERCISE_RELATION:STRENGTH_PERFORMANCE:ExerciseAnalysisCapability(STRENGTH_PERFORMANCE);PRESENTATION_ONLY:PRESENTATION:NONE;PROGRAM_POLICY:PROGRAM_GENERATION:ExercisePlanningProfile;PROGRAM_POLICY:PROGRAM_GENERATION:ExerciseProgramBlockCapability;PROVENANCE_ONLY:PROVENANCE_REVIEW:NONE;UNRESOLVED:UNRESOLVED:NONE"
"SEMANTIC_USE_COUNT","FIXED_EXERCISE_RELATION","49",""
"SEMANTIC_USE_COUNT","FIXED_PROGRAM_PARAMETER","37",""
"SEMANTIC_USE_COUNT","LEGACY_COMPATIBILITY","239",""
"SEMANTIC_USE_COUNT","PRESENTATION_ONLY","6",""
"SEMANTIC_USE_COUNT","PROGRAM_POLICY","6",""
"SEMANTIC_USE_COUNT","PROVENANCE_ONLY","10",""
"SEMANTIC_USE_COUNT","UNRESOLVED","4147",""
"TARGET_LAYER_COUNT","BADMINTON","8",""
"TARGET_LAYER_COUNT","BADMINTON_ANALYSIS","27",""
"TARGET_LAYER_COUNT","DERIVED_NONCANONICAL","18",""
"TARGET_LAYER_COUNT","LEGACY_COMPOSITE_TO_BE_DECOMPOSED","25",""
"TARGET_LAYER_COUNT","NON_METADATA_COMPATIBILITY_OR_ANALYSIS_PROTOCOL","96",""
"TARGET_LAYER_COUNT","NON_METADATA_LEGACY_COMPATIBILITY","100",""
"TARGET_LAYER_COUNT","OFI","10",""
"TARGET_LAYER_COUNT","PRESENTATION","6",""
"TARGET_LAYER_COUNT","PROGRAM_GENERATION","43",""
"TARGET_LAYER_COUNT","PROVENANCE_REVIEW","10",""
"TARGET_LAYER_COUNT","STRENGTH_PERFORMANCE","4",""
"TARGET_LAYER_COUNT","UNRESOLVED","4147",""
"UNESTABLISHED_CONSUMER","accessoryContributionGroup|Room exercises|app/src/main/java/com/training/trackplanner/analysis/core/AnalysisInputCollector.kt#Exercise","1","No v2.2-reviewed exact consumer decision"
"UNESTABLISHED_CONSUMER","accessoryContributionGroup|Room exercises|app/src/main/java/com/training/trackplanner/analysis/core/AnalysisInputSnapshot.kt#AnalysisExerciseMetadata","1","No v2.2-reviewed exact consumer decision"
"UNESTABLISHED_CONSUMER","accessoryContributionGroup|Room exercises|app/src/main/java/com/training/trackplanner/analysis/features/ExerciseAnalysisMapper.kt#AnalysisExerciseFeatures","1","No v2.2-reviewed exact consumer decision"
"UNESTABLISHED_CONSUMER","accessoryContributionGroup|Room exercises|app/src/main/java/com/training/trackplanner/analysis/features/ExerciseAnalysisMapper.kt#fromRecord","1","No v2.2-reviewed exact consumer decision"
"UNESTABLISHED_CONSUMER","accessoryContributionGroup|Room exercises|app/src/main/java/com/training/trackplanner/analysis/features/MetadataReadinessReporter.kt#Exercise","1","No v2.2-reviewed exact consumer decision"
"UNESTABLISHED_CONSUMER","accessoryContributionGroup|Room exercises|app/src/main/java/com/training/trackplanner/analysis/features/MetadataReadinessReporter.kt#progressReady","1","No v2.2-reviewed exact consumer decision"
"UNESTABLISHED_CONSUMER","accessoryContributionGroup|Room exercises|app/src/main/java/com/training/trackplanner/analysis/proxyperformance/ProxyPerformanceLoadingBuilder.kt#build","1","No v2.2-reviewed exact consumer decision"
"UNESTABLISHED_CONSUMER","accessoryContributionGroup|Room exercises|app/src/main/java/com/training/trackplanner/data/CanonicalExerciseMetadataRepository.kt#exerciseFrom","1","No v2.2-reviewed exact consumer decision"
"UNESTABLISHED_CONSUMER","accessoryContributionGroup|Room exercises|app/src/main/java/com/training/trackplanner/data/Entities.kt#Exercise","1","No v2.2-reviewed exact consumer decision"
"UNESTABLISHED_CONSUMER","accessoryContributionGroup|Room exercises|app/src/main/java/com/training/trackplanner/data/ExerciseMetadataBackupContract.kt#ExerciseMetadataFieldPolicyRegistry","1","No v2.2-reviewed exact consumer decision"
"UNESTABLISHED_CONSUMER","accessoryContributionGroup|Room exercises|app/src/main/java/com/training/trackplanner/data/ExerciseMetadataBackupContract.kt#normalize","1","No v2.2-reviewed exact consumer decision"
"UNESTABLISHED_CONSUMER","accessoryContributionGroup|Room exercises|app/src/main/java/com/training/trackplanner/data/ExerciseMetadataMapper.kt#applyMetadata","1","No v2.2-reviewed exact consumer decision"
"UNESTABLISHED_CONSUMER","accessoryContributionGroup|Room exercises|app/src/main/java/com/training/trackplanner/data/ExerciseMetadataMapper.kt#MetadataSource","1","No v2.2-reviewed exact consumer decision"
"UNESTABLISHED_CONSUMER","accessoryContributionGroup|Room exercises|app/src/main/java/com/training/trackplanner/data/ExerciseMetadataTaxonomy.kt#AccessoryContributionGroup","1","No v2.2-reviewed exact consumer decision"
"UNESTABLISHED_CONSUMER","accessoryContributionGroup|Room exercises|app/src/main/java/com/training/trackplanner/data/ExerciseStableKeyMigration.kt#createExerciseTable","1","No v2.2-reviewed exact consumer decision"
"UNESTABLISHED_CONSUMER","accessoryContributionGroup|Room exercises|app/src/main/java/com/training/trackplanner/data/ExerciseStableKeyMigration.kt#insertUnresolvedExercise","1","No v2.2-reviewed exact consumer decision"
"UNESTABLISHED_CONSUMER","accessoryContributionGroup|Room exercises|app/src/main/java/com/training/trackplanner/data/ExerciseStableKeyMigration.kt#migrate","1","No v2.2-reviewed exact consumer decision"
"UNESTABLISHED_CONSUMER","accessoryContributionGroup|Room exercises|app/src/main/java/com/training/trackplanner/data/MetadataSanityChecker.kt#Exercise","1","No v2.2-reviewed exact consumer decision"
"UNESTABLISHED_CONSUMER","accessoryContributionGroup|Room exercises|app/src/main/java/com/training/trackplanner/data/RuntimeExerciseMetadataResolver.kt#Exercise","1","No v2.2-reviewed exact consumer decision"
"UNESTABLISHED_CONSUMER","accessoryContributionGroup|Room exercises|app/src/main/java/com/training/trackplanner/data/SeedData.kt#validateCatalog","1","No v2.2-reviewed exact consumer decision"
"UNESTABLISHED_CONSUMER","accessoryContributionGroup|Room exercises|app/src/main/java/com/training/trackplanner/data/TrainingDatabase.kt#migrate","1","No v2.2-reviewed exact consumer decision"
"UNESTABLISHED_CONSUMER","accessoryContributionGroup|Room exercises|app/src/main/java/com/training/trackplanner/data/TrainingRepository.kt#Exercise","1","No v2.2-reviewed exact consumer decision"
"UNESTABLISHED_CONSUMER","accessoryContributionGroup|Room exercises|app/src/main/java/com/training/trackplanner/data/TrainingRoleSplitMigration.kt#createExercisesWithoutLegacyRole","1","No v2.2-reviewed exact consumer decision"
"UNESTABLISHED_CONSUMER","accessoryContributionGroup|Room exercises|app/src/main/java/com/training/trackplanner/data/TrainingRoleSplitMigration.kt#migrateIntrinsicTrainingRoles","1","No v2.2-reviewed exact consumer decision"
"UNESTABLISHED_CONSUMER","accessoryRoles|Room exercises|app/src/main/java/com/training/trackplanner/analysis/core/AnalysisInputCollector.kt#Exercise","1","No v2.2-reviewed exact consumer decision"
"UNESTABLISHED_CONSUMER","accessoryRoles|Room exercises|app/src/main/java/com/training/trackplanner/analysis/core/AnalysisInputSnapshot.kt#AnalysisExerciseMetadata","1","No v2.2-reviewed exact consumer decision"
"UNESTABLISHED_CONSUMER","accessoryRoles|Room exercises|app/src/main/java/com/training/trackplanner/data/CanonicalExerciseMetadataRepository.kt#exerciseFrom","1","No v2.2-reviewed exact consumer decision"
"UNESTABLISHED_CONSUMER","accessoryRoles|Room exercises|app/src/main/java/com/training/trackplanner/data/Entities.kt#Exercise","1","No v2.2-reviewed exact consumer decision"
"UNESTABLISHED_CONSUMER","accessoryRoles|Room exercises|app/src/main/java/com/training/trackplanner/data/ExerciseMetadataBackupContract.kt#ExerciseMetadataFieldPolicyRegistry","1","No v2.2-reviewed exact consumer decision"
"UNESTABLISHED_CONSUMER","accessoryRoles|Room exercises|app/src/main/java/com/training/trackplanner/data/ExerciseMetadataBackupContract.kt#normalize","1","No v2.2-reviewed exact consumer decision"
"UNESTABLISHED_CONSUMER","accessoryRoles|Room exercises|app/src/main/java/com/training/trackplanner/data/ExerciseMetadataMapper.kt#from","1","No v2.2-reviewed exact consumer decision"
"UNESTABLISHED_CONSUMER","accessoryRoles|Room exercises|app/src/main/java/com/training/trackplanner/data/ExerciseStableKeyMigration.kt#createExerciseTable","1","No v2.2-reviewed exact consumer decision"
"UNESTABLISHED_CONSUMER","accessoryRoles|Room exercises|app/src/main/java/com/training/trackplanner/data/ExerciseStableKeyMigration.kt#insertUnresolvedExercise","1","No v2.2-reviewed exact consumer decision"
"UNESTABLISHED_CONSUMER","accessoryRoles|Room exercises|app/src/main/java/com/training/trackplanner/data/ExerciseStableKeyMigration.kt#migrate","1","No v2.2-reviewed exact consumer decision"
"UNESTABLISHED_CONSUMER","accessoryRoles|Room exercises|app/src/main/java/com/training/trackplanner/data/ExerciseTaxonomy.kt#ExerciseTaxonomy","1","No v2.2-reviewed exact consumer decision"
"UNESTABLISHED_CONSUMER","accessoryRoles|Room exercises|app/src/main/java/com/training/trackplanner/data/RuntimeExerciseMetadataResolver.kt#Exercise","1","No v2.2-reviewed exact consumer decision"
"UNESTABLISHED_CONSUMER","accessoryRoles|Room exercises|app/src/main/java/com/training/trackplanner/data/SeedData.kt#exerciseFromCsv","1","No v2.2-reviewed exact consumer decision"
"UNESTABLISHED_CONSUMER","accessoryRoles|Room exercises|app/src/main/java/com/training/trackplanner/data/SeedData.kt#validateCatalog","1","No v2.2-reviewed exact consumer decision"
"UNESTABLISHED_CONSUMER","accessoryRoles|Room exercises|app/src/main/java/com/training/trackplanner/data/SlotCapabilityResolver.kt#legacyTokens","1","No v2.2-reviewed exact consumer decision"
"UNESTABLISHED_CONSUMER","accessoryRoles|Room exercises|app/src/main/java/com/training/trackplanner/data/TrainingRoleSplitMigration.kt#createExercisesWithoutLegacyRole","1","No v2.2-reviewed exact consumer decision"
"UNESTABLISHED_CONSUMER","accessoryRoles|Room exercises|app/src/main/java/com/training/trackplanner/data/TrainingRoleSplitMigration.kt#migrateIntrinsicTrainingRoles","1","No v2.2-reviewed exact consumer decision"
"UNESTABLISHED_CONSUMER","accessoryRoles|Room exercises|app/src/main/java/com/training/trackplanner/ExerciseSubcategoryMapper.kt#addStructured","1","No v2.2-reviewed exact consumer decision"
"UNESTABLISHED_CONSUMER","adaptiveBaselineGroups|Room exercises|app/src/main/java/com/training/trackplanner/analysis/core/AnalysisInputCollector.kt#Exercise","1","No v2.2-reviewed exact consumer decision"
"UNESTABLISHED_CONSUMER","adaptiveBaselineGroups|Room exercises|app/src/main/java/com/training/trackplanner/analysis/core/AnalysisInputSnapshot.kt#AnalysisExerciseMetadata","1","No v2.2-reviewed exact consumer decision"
"UNESTABLISHED_CONSUMER","adaptiveBaselineGroups|Room exercises|app/src/main/java/com/training/trackplanner/analysis/features/ExerciseAnalysisMapper.kt#AnalysisExerciseFeatures","1","No v2.2-reviewed exact consumer decision"
"UNESTABLISHED_CONSUMER","adaptiveBaselineGroups|Room exercises|app/src/main/java/com/training/trackplanner/analysis/features/ExerciseAnalysisMapper.kt#fromRecord","1","No v2.2-reviewed exact consumer decision"
"UNESTABLISHED_CONSUMER","adaptiveBaselineGroups|Room exercises|app/src/main/java/com/training/trackplanner/analysis/features/MetadataReadinessReporter.kt#Exercise","1","No v2.2-reviewed exact consumer decision"
"UNESTABLISHED_CONSUMER","adaptiveBaselineGroups|Room exercises|app/src/main/java/com/training/trackplanner/analysis/features/MetadataReadinessReporter.kt#fatigueReady","1","No v2.2-reviewed exact consumer decision"
"UNESTABLISHED_CONSUMER","adaptiveBaselineGroups|Room exercises|app/src/main/java/com/training/trackplanner/analysis/readiness/DailyAnalysisLoadAggregator.kt#aggregate","1","No v2.2-reviewed exact consumer decision"
"UNESTABLISHED_CONSUMER","adaptiveBaselineGroups|Room exercises|app/src/main/java/com/training/trackplanner/data/CanonicalExerciseMetadataRepository.kt#exerciseFrom","1","No v2.2-reviewed exact consumer decision"
"UNESTABLISHED_CONSUMER","adaptiveBaselineGroups|Room exercises|app/src/main/java/com/training/trackplanner/data/Entities.kt#Exercise","1","No v2.2-reviewed exact consumer decision"
"UNESTABLISHED_CONSUMER","adaptiveBaselineGroups|Room exercises|app/src/main/java/com/training/trackplanner/data/ExerciseMetadataBackupContract.kt#ExerciseMetadataFieldPolicyRegistry","1","No v2.2-reviewed exact consumer decision"
"UNESTABLISHED_CONSUMER","adaptiveBaselineGroups|Room exercises|app/src/main/java/com/training/trackplanner/data/ExerciseMetadataBackupContract.kt#normalize","1","No v2.2-reviewed exact consumer decision"
"UNESTABLISHED_CONSUMER","adaptiveBaselineGroups|Room exercises|app/src/main/java/com/training/trackplanner/data/ExerciseMetadataMapper.kt#applyMetadata","1","No v2.2-reviewed exact consumer decision"
"UNESTABLISHED_CONSUMER","adaptiveBaselineGroups|Room exercises|app/src/main/java/com/training/trackplanner/data/ExerciseStableKeyMigration.kt#createExerciseTable","1","No v2.2-reviewed exact consumer decision"
"UNESTABLISHED_CONSUMER","adaptiveBaselineGroups|Room exercises|app/src/main/java/com/training/trackplanner/data/ExerciseStableKeyMigration.kt#insertUnresolvedExercise","1","No v2.2-reviewed exact consumer decision"
"UNESTABLISHED_CONSUMER","adaptiveBaselineGroups|Room exercises|app/src/main/java/com/training/trackplanner/data/ExerciseStableKeyMigration.kt#migrate","1","No v2.2-reviewed exact consumer decision"
"UNESTABLISHED_CONSUMER","adaptiveBaselineGroups|Room exercises|app/src/main/java/com/training/trackplanner/data/MetadataSanityChecker.kt#check","1","No v2.2-reviewed exact consumer decision"
"UNESTABLISHED_CONSUMER","adaptiveBaselineGroups|Room exercises|app/src/main/java/com/training/trackplanner/data/MetadataSanityChecker.kt#Exercise","1","No v2.2-reviewed exact consumer decision"
"UNESTABLISHED_CONSUMER","adaptiveBaselineGroups|Room exercises|app/src/main/java/com/training/trackplanner/data/RuntimeExerciseMetadataResolver.kt#Exercise","1","No v2.2-reviewed exact consumer decision"
"UNESTABLISHED_CONSUMER","adaptiveBaselineGroups|Room exercises|app/src/main/java/com/training/trackplanner/data/SeedData.kt#validateCatalog","1","No v2.2-reviewed exact consumer decision"
"UNESTABLISHED_CONSUMER","adaptiveBaselineGroups|Room exercises|app/src/main/java/com/training/trackplanner/data/TrainingDatabase.kt#migrate","1","No v2.2-reviewed exact consumer decision"
"UNESTABLISHED_CONSUMER","adaptiveBaselineGroups|Room exercises|app/src/main/java/com/training/trackplanner/data/TrainingRepository.kt#Exercise","1","No v2.2-reviewed exact consumer decision"
"UNESTABLISHED_CONSUMER","adaptiveBaselineGroups|Room exercises|app/src/main/java/com/training/trackplanner/data/TrainingRoleSplitMigration.kt#createExercisesWithoutLegacyRole","1","No v2.2-reviewed exact consumer decision"
"UNESTABLISHED_CONSUMER","adaptiveBaselineGroups|Room exercises|app/src/main/java/com/training/trackplanner/data/TrainingRoleSplitMigration.kt#migrateIntrinsicTrainingRoles","1","No v2.2-reviewed exact consumer decision"
"UNESTABLISHED_CONSUMER","analysisEligibility|canonical asset plus Room runtime_exercise_metadata override|app/src/main/java/com/training/trackplanner/analysis/core/AnalysisInputCollector.kt#Exercise","1","Exact analysisEligibility consumer inventoried; semantic destination remains unresolved"
"UNESTABLISHED_CONSUMER","analysisEligibility|canonical asset plus Room runtime_exercise_metadata override|app/src/main/java/com/training/trackplanner/analysis/core/AnalysisInputSnapshot.kt#AnalysisExerciseMetadata","1","Exact analysisEligibility consumer inventoried; semantic destination remains unresolved"
"UNESTABLISHED_CONSUMER","analysisEligibility|canonical asset plus Room runtime_exercise_metadata override|app/src/main/java/com/training/trackplanner/analysis/features/ExerciseAnalysisMapper.kt#AnalysisExerciseFeatures","1","Exact analysisEligibility consumer inventoried; semantic destination remains unresolved"
"UNESTABLISHED_CONSUMER","analysisEligibility|canonical asset plus Room runtime_exercise_metadata override|app/src/main/java/com/training/trackplanner/analysis/features/ExerciseAnalysisMapper.kt#Exercise","1","Exact analysisEligibility consumer inventoried; semantic destination remains unresolved"
"UNESTABLISHED_CONSUMER","analysisEligibility|canonical asset plus Room runtime_exercise_metadata override|app/src/main/java/com/training/trackplanner/analysis/features/ExerciseAnalysisMapper.kt#fromRecord","1","Exact analysisEligibility consumer inventoried; semantic destination remains unresolved"
"UNESTABLISHED_CONSUMER","analysisEligibility|canonical asset plus Room runtime_exercise_metadata override|app/src/main/java/com/training/trackplanner/data/BackupRestoreImportService.kt#restoreExercise","1","Exact analysisEligibility consumer inventoried; semantic destination remains unresolved"
"UNESTABLISHED_CONSUMER","analysisEligibility|canonical asset plus Room runtime_exercise_metadata override|app/src/main/java/com/training/trackplanner/data/CanonicalExerciseMetadataRepository.kt#exerciseFrom","1","Exact analysisEligibility consumer inventoried; semantic destination remains unresolved"
"UNESTABLISHED_CONSUMER","analysisEligibility|canonical asset plus Room runtime_exercise_metadata override|app/src/main/java/com/training/trackplanner/data/Entities.kt#Exercise","1","Exact analysisEligibility consumer inventoried; semantic destination remains unresolved"
"UNESTABLISHED_CONSUMER","analysisEligibility|canonical asset plus Room runtime_exercise_metadata override|app/src/main/java/com/training/trackplanner/data/ExerciseMetadataAdapter.kt#fromFields","1","Exact analysisEligibility consumer inventoried; semantic destination remains unresolved"
"UNESTABLISHED_CONSUMER","analysisEligibility|canonical asset plus Room runtime_exercise_metadata override|app/src/main/java/com/training/trackplanner/data/ExerciseMetadataAdapter.kt#RuntimeExerciseMetadata","1","Exact analysisEligibility consumer inventoried; semantic destination remains unresolved"
"UNESTABLISHED_CONSUMER","analysisEligibility|canonical asset plus Room runtime_exercise_metadata override|app/src/main/java/com/training/trackplanner/data/ExerciseMetadataBackupContract.kt#ExerciseMetadataFieldPolicyRegistry","1","Exact analysisEligibility consumer inventoried; semantic destination remains unresolved"
"UNESTABLISHED_CONSUMER","analysisEligibility|canonical asset plus Room runtime_exercise_metadata override|app/src/main/java/com/training/trackplanner/data/ExerciseMetadataBackupContract.kt#normalize","1","Exact analysisEligibility consumer inventoried; semantic destination remains unresolved"
"UNESTABLISHED_CONSUMER","analysisEligibility|canonical asset plus Room runtime_exercise_metadata override|app/src/main/java/com/training/trackplanner/data/ExerciseMetadataMapper.kt#applyMetadata","1","Exact analysisEligibility consumer inventoried; semantic destination remains unresolved"
"UNESTABLISHED_CONSUMER","analysisEligibility|canonical asset plus Room runtime_exercise_metadata override|app/src/main/java/com/training/trackplanner/data/ExerciseMetadataMapper.kt#MetadataSource","1","Exact analysisEligibility consumer inventoried; semantic destination remains unresolved"
"UNESTABLISHED_CONSUMER","analysisEligibility|canonical asset plus Room runtime_exercise_metadata override|app/src/main/java/com/training/trackplanner/data/ExerciseMetadataTaxonomy.kt#AnalysisEligibility","1","Exact analysisEligibility consumer inventoried; semantic destination remains unresolved"
"UNESTABLISHED_CONSUMER","analysisEligibility|canonical asset plus Room runtime_exercise_metadata override|app/src/main/java/com/training/trackplanner/data/ExerciseStableKeyMigration.kt#createExerciseTable","1","Exact analysisEligibility consumer inventoried; semantic destination remains unresolved"
"UNESTABLISHED_CONSUMER","analysisEligibility|canonical asset plus Room runtime_exercise_metadata override|app/src/main/java/com/training/trackplanner/data/ExerciseStableKeyMigration.kt#insertUnresolvedExercise","1","Exact analysisEligibility consumer inventoried; semantic destination remains unresolved"
"UNESTABLISHED_CONSUMER","analysisEligibility|canonical asset plus Room runtime_exercise_metadata override|app/src/main/java/com/training/trackplanner/data/ExerciseStableKeyMigration.kt#migrate","1","Exact analysisEligibility consumer inventoried; semantic destination remains unresolved"
"UNESTABLISHED_CONSUMER","analysisEligibility|canonical asset plus Room runtime_exercise_metadata override|app/src/main/java/com/training/trackplanner/data/MetadataSanityChecker.kt#check","1","Exact analysisEligibility consumer inventoried; semantic destination remains unresolved"
"UNESTABLISHED_CONSUMER","analysisEligibility|canonical asset plus Room runtime_exercise_metadata override|app/src/main/java/com/training/trackplanner/data/MetadataSanityChecker.kt#Exercise","1","Exact analysisEligibility consumer inventoried; semantic destination remains unresolved"
"UNESTABLISHED_CONSUMER","analysisEligibility|canonical asset plus Room runtime_exercise_metadata override|app/src/main/java/com/training/trackplanner/data/RecordCsvBackupRestore.kt#appendStrengthRow","1","Exact analysisEligibility consumer inventoried; semantic destination remains unresolved"
"UNESTABLISHED_CONSUMER","analysisEligibility|canonical asset plus Room runtime_exercise_metadata override|app/src/main/java/com/training/trackplanner/data/RecordCsvBackupRestore.kt#legacyRuntimeSnapshotRows","1","Exact analysisEligibility consumer inventoried; semantic destination remains unresolved"
"UNESTABLISHED_CONSUMER","analysisEligibility|canonical asset plus Room runtime_exercise_metadata override|app/src/main/java/com/training/trackplanner/data/RecordCsvBackupRestore.kt#value","1","Exact analysisEligibility consumer inventoried; semantic destination remains unresolved"
"UNESTABLISHED_CONSUMER","analysisEligibility|canonical asset plus Room runtime_exercise_metadata override|app/src/main/java/com/training/trackplanner/data/RuntimeExerciseMetadataPersistence.kt#RuntimeExerciseMetadata","1","Exact analysisEligibility consumer inventoried; semantic destination remains unresolved"
"UNESTABLISHED_CONSUMER","analysisEligibility|canonical asset plus Room runtime_exercise_metadata override|app/src/main/java/com/training/trackplanner/data/RuntimeExerciseMetadataPersistence.kt#RuntimeExerciseMetadataEntity","1","Exact analysisEligibility consumer inventoried; semantic destination remains unresolved"
"UNESTABLISHED_CONSUMER","analysisEligibility|canonical asset plus Room runtime_exercise_metadata override|app/src/main/java/com/training/trackplanner/data/RuntimeExerciseMetadataResolver.kt#Exercise","1","Exact analysisEligibility consumer inventoried; semantic destination remains unresolved"
"UNESTABLISHED_CONSUMER","analysisEligibility|canonical asset plus Room runtime_exercise_metadata override|app/src/main/java/com/training/trackplanner/data/RuntimeExerciseMetadataResolver.kt#forExercise","1","Exact analysisEligibility consumer inventoried; semantic destination remains unresolved"
"UNESTABLISHED_CONSUMER","analysisEligibility|canonical asset plus Room runtime_exercise_metadata override|app/src/main/java/com/training/trackplanner/data/RuntimeExerciseMetadataResolver.kt#forIdentity","1","Exact analysisEligibility consumer inventoried; semantic destination remains unresolved"
"UNESTABLISHED_CONSUMER","analysisEligibility|canonical asset plus Room runtime_exercise_metadata override|app/src/main/java/com/training/trackplanner/data/RuntimeExerciseMetadataResolver.kt#merged","1","Exact analysisEligibility consumer inventoried; semantic destination remains unresolved"
"UNESTABLISHED_CONSUMER","analysisEligibility|canonical asset plus Room runtime_exercise_metadata override|app/src/main/java/com/training/trackplanner/data/RuntimeExerciseMetadataResolver.kt#resolve","1","Exact analysisEligibility consumer inventoried; semantic destination remains unresolved"
"UNESTABLISHED_CONSUMER","analysisEligibility|canonical asset plus Room runtime_exercise_metadata override|app/src/main/java/com/training/trackplanner/data/SeedData.kt#validateCatalog","1","Exact analysisEligibility consumer inventoried; semantic destination remains unresolved"
"UNESTABLISHED_CONSUMER","analysisEligibility|canonical asset plus Room runtime_exercise_metadata override|app/src/main/java/com/training/trackplanner/data/TrainingDatabase.kt#migrate","1","Exact analysisEligibility consumer inventoried; semantic destination remains unresolved"
"UNESTABLISHED_CONSUMER","analysisEligibility|canonical asset plus Room runtime_exercise_metadata override|app/src/main/java/com/training/trackplanner/data/TrainingRepository.kt#Exercise","1","Exact analysisEligibility consumer inventoried; semantic destination remains unresolved"
"UNESTABLISHED_CONSUMER","analysisEligibility|canonical asset plus Room runtime_exercise_metadata override|app/src/main/java/com/training/trackplanner/data/TrainingRoleSplitMigration.kt#createExercisesWithoutLegacyRole","1","Exact analysisEligibility consumer inventoried; semantic destination remains unresolved"
"UNESTABLISHED_CONSUMER","analysisEligibility|canonical asset plus Room runtime_exercise_metadata override|app/src/main/java/com/training/trackplanner/data/TrainingRoleSplitMigration.kt#migrateIntrinsicTrainingRoles","1","Exact analysisEligibility consumer inventoried; semantic destination remains unresolved"
"UNESTABLISHED_CONSUMER","analysisEligibility|Room exercises|app/src/main/java/com/training/trackplanner/analysis/core/AnalysisInputCollector.kt#Exercise","1","Exact analysisEligibility consumer inventoried; semantic destination remains unresolved"
"UNESTABLISHED_CONSUMER","analysisEligibility|Room exercises|app/src/main/java/com/training/trackplanner/analysis/core/AnalysisInputSnapshot.kt#AnalysisExerciseMetadata","1","Exact analysisEligibility consumer inventoried; semantic destination remains unresolved"
"UNESTABLISHED_CONSUMER","analysisEligibility|Room exercises|app/src/main/java/com/training/trackplanner/analysis/features/ExerciseAnalysisMapper.kt#AnalysisExerciseFeatures","1","Exact analysisEligibility consumer inventoried; semantic destination remains unresolved"
"UNESTABLISHED_CONSUMER","analysisEligibility|Room exercises|app/src/main/java/com/training/trackplanner/analysis/features/ExerciseAnalysisMapper.kt#Exercise","1","Exact analysisEligibility consumer inventoried; semantic destination remains unresolved"
"UNESTABLISHED_CONSUMER","analysisEligibility|Room exercises|app/src/main/java/com/training/trackplanner/analysis/features/ExerciseAnalysisMapper.kt#fromRecord","1","Exact analysisEligibility consumer inventoried; semantic destination remains unresolved"
"UNESTABLISHED_CONSUMER","analysisEligibility|Room exercises|app/src/main/java/com/training/trackplanner/data/BackupRestoreImportService.kt#restoreExercise","1","Exact analysisEligibility consumer inventoried; semantic destination remains unresolved"
"UNESTABLISHED_CONSUMER","analysisEligibility|Room exercises|app/src/main/java/com/training/trackplanner/data/CanonicalExerciseMetadataRepository.kt#exerciseFrom","1","Exact analysisEligibility consumer inventoried; semantic destination remains unresolved"
"UNESTABLISHED_CONSUMER","analysisEligibility|Room exercises|app/src/main/java/com/training/trackplanner/data/Entities.kt#Exercise","1","Exact analysisEligibility consumer inventoried; semantic destination remains unresolved"
"UNESTABLISHED_CONSUMER","analysisEligibility|Room exercises|app/src/main/java/com/training/trackplanner/data/ExerciseMetadataAdapter.kt#fromFields","1","Exact analysisEligibility consumer inventoried; semantic destination remains unresolved"
"UNESTABLISHED_CONSUMER","analysisEligibility|Room exercises|app/src/main/java/com/training/trackplanner/data/ExerciseMetadataAdapter.kt#RuntimeExerciseMetadata","1","Exact analysisEligibility consumer inventoried; semantic destination remains unresolved"
"UNESTABLISHED_CONSUMER","analysisEligibility|Room exercises|app/src/main/java/com/training/trackplanner/data/ExerciseMetadataBackupContract.kt#ExerciseMetadataFieldPolicyRegistry","1","Exact analysisEligibility consumer inventoried; semantic destination remains unresolved"
"UNESTABLISHED_CONSUMER","analysisEligibility|Room exercises|app/src/main/java/com/training/trackplanner/data/ExerciseMetadataBackupContract.kt#normalize","1","Exact analysisEligibility consumer inventoried; semantic destination remains unresolved"
"UNESTABLISHED_CONSUMER","analysisEligibility|Room exercises|app/src/main/java/com/training/trackplanner/data/ExerciseMetadataMapper.kt#applyMetadata","1","Exact analysisEligibility consumer inventoried; semantic destination remains unresolved"
"UNESTABLISHED_CONSUMER","analysisEligibility|Room exercises|app/src/main/java/com/training/trackplanner/data/ExerciseMetadataMapper.kt#MetadataSource","1","Exact analysisEligibility consumer inventoried; semantic destination remains unresolved"
"UNESTABLISHED_CONSUMER","analysisEligibility|Room exercises|app/src/main/java/com/training/trackplanner/data/ExerciseMetadataTaxonomy.kt#AnalysisEligibility","1","Exact analysisEligibility consumer inventoried; semantic destination remains unresolved"
"UNESTABLISHED_CONSUMER","analysisEligibility|Room exercises|app/src/main/java/com/training/trackplanner/data/ExerciseStableKeyMigration.kt#createExerciseTable","1","Exact analysisEligibility consumer inventoried; semantic destination remains unresolved"
"UNESTABLISHED_CONSUMER","analysisEligibility|Room exercises|app/src/main/java/com/training/trackplanner/data/ExerciseStableKeyMigration.kt#insertUnresolvedExercise","1","Exact analysisEligibility consumer inventoried; semantic destination remains unresolved"
"UNESTABLISHED_CONSUMER","analysisEligibility|Room exercises|app/src/main/java/com/training/trackplanner/data/ExerciseStableKeyMigration.kt#migrate","1","Exact analysisEligibility consumer inventoried; semantic destination remains unresolved"
"UNESTABLISHED_CONSUMER","analysisEligibility|Room exercises|app/src/main/java/com/training/trackplanner/data/MetadataSanityChecker.kt#check","1","Exact analysisEligibility consumer inventoried; semantic destination remains unresolved"
"UNESTABLISHED_CONSUMER","analysisEligibility|Room exercises|app/src/main/java/com/training/trackplanner/data/MetadataSanityChecker.kt#Exercise","1","Exact analysisEligibility consumer inventoried; semantic destination remains unresolved"
"UNESTABLISHED_CONSUMER","analysisEligibility|Room exercises|app/src/main/java/com/training/trackplanner/data/RecordCsvBackupRestore.kt#appendStrengthRow","1","Exact analysisEligibility consumer inventoried; semantic destination remains unresolved"
"UNESTABLISHED_CONSUMER","analysisEligibility|Room exercises|app/src/main/java/com/training/trackplanner/data/RecordCsvBackupRestore.kt#legacyRuntimeSnapshotRows","1","Exact analysisEligibility consumer inventoried; semantic destination remains unresolved"
"UNESTABLISHED_CONSUMER","analysisEligibility|Room exercises|app/src/main/java/com/training/trackplanner/data/RecordCsvBackupRestore.kt#value","1","Exact analysisEligibility consumer inventoried; semantic destination remains unresolved"
"UNESTABLISHED_CONSUMER","analysisEligibility|Room exercises|app/src/main/java/com/training/trackplanner/data/RuntimeExerciseMetadataPersistence.kt#RuntimeExerciseMetadata","1","Exact analysisEligibility consumer inventoried; semantic destination remains unresolved"
"UNESTABLISHED_CONSUMER","analysisEligibility|Room exercises|app/src/main/java/com/training/trackplanner/data/RuntimeExerciseMetadataPersistence.kt#RuntimeExerciseMetadataEntity","1","Exact analysisEligibility consumer inventoried; semantic destination remains unresolved"
"UNESTABLISHED_CONSUMER","analysisEligibility|Room exercises|app/src/main/java/com/training/trackplanner/data/RuntimeExerciseMetadataResolver.kt#Exercise","1","Exact analysisEligibility consumer inventoried; semantic destination remains unresolved"
"UNESTABLISHED_CONSUMER","analysisEligibility|Room exercises|app/src/main/java/com/training/trackplanner/data/RuntimeExerciseMetadataResolver.kt#forExercise","1","Exact analysisEligibility consumer inventoried; semantic destination remains unresolved"
"UNESTABLISHED_CONSUMER","analysisEligibility|Room exercises|app/src/main/java/com/training/trackplanner/data/RuntimeExerciseMetadataResolver.kt#forIdentity","1","Exact analysisEligibility consumer inventoried; semantic destination remains unresolved"
"UNESTABLISHED_CONSUMER","analysisEligibility|Room exercises|app/src/main/java/com/training/trackplanner/data/RuntimeExerciseMetadataResolver.kt#merged","1","Exact analysisEligibility consumer inventoried; semantic destination remains unresolved"
"UNESTABLISHED_CONSUMER","analysisEligibility|Room exercises|app/src/main/java/com/training/trackplanner/data/RuntimeExerciseMetadataResolver.kt#resolve","1","Exact analysisEligibility consumer inventoried; semantic destination remains unresolved"
"UNESTABLISHED_CONSUMER","analysisEligibility|Room exercises|app/src/main/java/com/training/trackplanner/data/SeedData.kt#validateCatalog","1","Exact analysisEligibility consumer inventoried; semantic destination remains unresolved"
"UNESTABLISHED_CONSUMER","analysisEligibility|Room exercises|app/src/main/java/com/training/trackplanner/data/TrainingDatabase.kt#migrate","1","Exact analysisEligibility consumer inventoried; semantic destination remains unresolved"
"UNESTABLISHED_CONSUMER","analysisEligibility|Room exercises|app/src/main/java/com/training/trackplanner/data/TrainingRepository.kt#Exercise","1","Exact analysisEligibility consumer inventoried; semantic destination remains unresolved"
"UNESTABLISHED_CONSUMER","analysisEligibility|Room exercises|app/src/main/java/com/training/trackplanner/data/TrainingRoleSplitMigration.kt#createExercisesWithoutLegacyRole","1","Exact analysisEligibility consumer inventoried; semantic destination remains unresolved"
"UNESTABLISHED_CONSUMER","analysisEligibility|Room exercises|app/src/main/java/com/training/trackplanner/data/TrainingRoleSplitMigration.kt#migrateIntrinsicTrainingRoles","1","Exact analysisEligibility consumer inventoried; semantic destination remains unresolved"
"UNESTABLISHED_CONSUMER","antiRotationWeight|Room exercises|app/src/main/java/com/training/trackplanner/analysis/badminton/BadmintonTransferMetadataMapper.kt#legacyTransferAxesForAudit","1","No v2.2-reviewed exact consumer decision"
"UNESTABLISHED_CONSUMER","antiRotationWeight|Room exercises|app/src/main/java/com/training/trackplanner/analysis/core/AnalysisInputCollector.kt#Exercise","1","No v2.2-reviewed exact consumer decision"
"UNESTABLISHED_CONSUMER","antiRotationWeight|Room exercises|app/src/main/java/com/training/trackplanner/analysis/core/AnalysisInputSnapshot.kt#AnalysisExerciseMetadata","1","No v2.2-reviewed exact consumer decision"
"UNESTABLISHED_CONSUMER","antiRotationWeight|Room exercises|app/src/main/java/com/training/trackplanner/analysis/features/ExerciseAnalysisMapper.kt#AnalysisExerciseFeatures","1","No v2.2-reviewed exact consumer decision"
"UNESTABLISHED_CONSUMER","antiRotationWeight|Room exercises|app/src/main/java/com/training/trackplanner/analysis/features/ExerciseAnalysisMapper.kt#fromRecord","1","No v2.2-reviewed exact consumer decision"
"UNESTABLISHED_CONSUMER","antiRotationWeight|Room exercises|app/src/main/java/com/training/trackplanner/analysis/readiness/DailyAnalysisLoadAggregator.kt#aggregate","1","No v2.2-reviewed exact consumer decision"
"UNESTABLISHED_CONSUMER","antiRotationWeight|Room exercises|app/src/main/java/com/training/trackplanner/data/CanonicalExerciseMetadataRepository.kt#exerciseFrom","1","No v2.2-reviewed exact consumer decision"
"UNESTABLISHED_CONSUMER","antiRotationWeight|Room exercises|app/src/main/java/com/training/trackplanner/data/Entities.kt#Exercise","1","No v2.2-reviewed exact consumer decision"
"UNESTABLISHED_CONSUMER","antiRotationWeight|Room exercises|app/src/main/java/com/training/trackplanner/data/ExerciseMetadataBackupContract.kt#ExerciseMetadataFieldPolicyRegistry","1","No v2.2-reviewed exact consumer decision"
"UNESTABLISHED_CONSUMER","antiRotationWeight|Room exercises|app/src/main/java/com/training/trackplanner/data/ExerciseMetadataBackupContract.kt#normalize","1","No v2.2-reviewed exact consumer decision"
"UNESTABLISHED_CONSUMER","antiRotationWeight|Room exercises|app/src/main/java/com/training/trackplanner/data/ExerciseMetadataMapper.kt#applyMetadata","1","No v2.2-reviewed exact consumer decision"
"UNESTABLISHED_CONSUMER","antiRotationWeight|Room exercises|app/src/main/java/com/training/trackplanner/data/ExerciseMetadataMapper.kt#FatigueWeights","1","No v2.2-reviewed exact consumer decision"
"UNESTABLISHED_CONSUMER","antiRotationWeight|Room exercises|app/src/main/java/com/training/trackplanner/data/ExerciseMetadataMapper.kt#MetadataSource","1","No v2.2-reviewed exact consumer decision"
"UNESTABLISHED_CONSUMER","antiRotationWeight|Room exercises|app/src/main/java/com/training/trackplanner/data/ExerciseStableKeyMigration.kt#createExerciseTable","1","No v2.2-reviewed exact consumer decision"
"UNESTABLISHED_CONSUMER","antiRotationWeight|Room exercises|app/src/main/java/com/training/trackplanner/data/ExerciseStableKeyMigration.kt#insertUnresolvedExercise","1","No v2.2-reviewed exact consumer decision"
"UNESTABLISHED_CONSUMER","antiRotationWeight|Room exercises|app/src/main/java/com/training/trackplanner/data/ExerciseStableKeyMigration.kt#migrate","1","No v2.2-reviewed exact consumer decision"
"UNESTABLISHED_CONSUMER","antiRotationWeight|Room exercises|app/src/main/java/com/training/trackplanner/data/MetadataSanityChecker.kt#check","1","No v2.2-reviewed exact consumer decision"
"UNESTABLISHED_CONSUMER","antiRotationWeight|Room exercises|app/src/main/java/com/training/trackplanner/data/MetadataSanityChecker.kt#Exercise","1","No v2.2-reviewed exact consumer decision"
"UNESTABLISHED_CONSUMER","antiRotationWeight|Room exercises|app/src/main/java/com/training/trackplanner/data/RuntimeExerciseMetadataResolver.kt#Exercise","1","No v2.2-reviewed exact consumer decision"
"UNESTABLISHED_CONSUMER","antiRotationWeight|Room exercises|app/src/main/java/com/training/trackplanner/data/TrainingDatabase.kt#migrate","1","No v2.2-reviewed exact consumer decision"
"UNESTABLISHED_CONSUMER","antiRotationWeight|Room exercises|app/src/main/java/com/training/trackplanner/data/TrainingRoleSplitMigration.kt#createExercisesWithoutLegacyRole","1","No v2.2-reviewed exact consumer decision"
"UNESTABLISHED_CONSUMER","antiRotationWeight|Room exercises|app/src/main/java/com/training/trackplanner/data/TrainingRoleSplitMigration.kt#migrateIntrinsicTrainingRoles","1","No v2.2-reviewed exact consumer decision"
"UNESTABLISHED_CONSUMER","appCueProfile|canonical asset plus Room runtime_exercise_metadata override|app/src/main/java/com/training/trackplanner/data/BackupRestoreImportService.kt#restoreExercise","1","No v2.2-reviewed exact consumer decision"
"UNESTABLISHED_CONSUMER","appCueProfile|canonical asset plus Room runtime_exercise_metadata override|app/src/main/java/com/training/trackplanner/data/ExerciseMetadataAdapter.kt#fromFields","1","No v2.2-reviewed exact consumer decision"
"UNESTABLISHED_CONSUMER","appCueProfile|canonical asset plus Room runtime_exercise_metadata override|app/src/main/java/com/training/trackplanner/data/ExerciseMetadataAdapter.kt#RuntimeExerciseMetadata","1","No v2.2-reviewed exact consumer decision"
"UNESTABLISHED_CONSUMER","appCueProfile|canonical asset plus Room runtime_exercise_metadata override|app/src/main/java/com/training/trackplanner/data/ExerciseMetadataBackupContract.kt#ExerciseMetadataFieldPolicyRegistry","1","No v2.2-reviewed exact consumer decision"
"UNESTABLISHED_CONSUMER","appCueProfile|canonical asset plus Room runtime_exercise_metadata override|app/src/main/java/com/training/trackplanner/data/ExerciseMetadataEffectiveStateResolver.kt#resolve","1","No v2.2-reviewed exact consumer decision"
"UNESTABLISHED_CONSUMER","appCueProfile|canonical asset plus Room runtime_exercise_metadata override|app/src/main/java/com/training/trackplanner/data/ProgramCandidate.kt#ProgramCandidate","1","No v2.2-reviewed exact consumer decision"
"UNESTABLISHED_CONSUMER","appCueProfile|canonical asset plus Room runtime_exercise_metadata override|app/src/main/java/com/training/trackplanner/data/ProgramSelectionReasonFormatter.kt#format","1","No v2.2-reviewed exact consumer decision"
"UNESTABLISHED_CONSUMER","appCueProfile|canonical asset plus Room runtime_exercise_metadata override|app/src/main/java/com/training/trackplanner/data/RecordCsvBackupRestore.kt#appendStrengthRow","1","No v2.2-reviewed exact consumer decision"
"UNESTABLISHED_CONSUMER","appCueProfile|canonical asset plus Room runtime_exercise_metadata override|app/src/main/java/com/training/trackplanner/data/RecordCsvBackupRestore.kt#value","1","No v2.2-reviewed exact consumer decision"
"UNESTABLISHED_CONSUMER","appCueProfile|canonical asset plus Room runtime_exercise_metadata override|app/src/main/java/com/training/trackplanner/data/RuntimeExerciseMetadataPersistence.kt#RuntimeExerciseMetadata","1","No v2.2-reviewed exact consumer decision"
"UNESTABLISHED_CONSUMER","appCueProfile|canonical asset plus Room runtime_exercise_metadata override|app/src/main/java/com/training/trackplanner/data/RuntimeExerciseMetadataPersistence.kt#RuntimeExerciseMetadataEntity","1","No v2.2-reviewed exact consumer decision"
"UNESTABLISHED_CONSUMER","appCueProfile|canonical asset plus Room runtime_exercise_metadata override|app/src/main/java/com/training/trackplanner/data/RuntimeExerciseMetadataResolver.kt#resolve","1","No v2.2-reviewed exact consumer decision"
"UNESTABLISHED_CONSUMER","appCueProfile|canonical asset plus Room runtime_exercise_metadata override|app/src/main/java/com/training/trackplanner/data/RuntimeExerciseMetadataResolver.kt#RuntimeExerciseMetadata","1","No v2.2-reviewed exact consumer decision"
"UNESTABLISHED_CONSUMER","appCueProfile|canonical asset plus Room runtime_exercise_metadata override|app/src/main/java/com/training/trackplanner/data/TrainingDatabase.kt#migrate","1","No v2.2-reviewed exact consumer decision"
"UNESTABLISHED_CONSUMER","archivedAt|Room exercises|app/src/main/java/com/training/trackplanner/data/BackupRestoreImportService.kt#Exercise","1","No v2.2-reviewed exact consumer decision"
"UNESTABLISHED_CONSUMER","archivedAt|Room exercises|app/src/main/java/com/training/trackplanner/data/BackupRestoreImportService.kt#importRestorePlan","1","No v2.2-reviewed exact consumer decision"
"UNESTABLISHED_CONSUMER","archivedAt|Room exercises|app/src/main/java/com/training/trackplanner/data/BackupRestoreImportService.kt#restoreCurrentBuiltInExercise","1","No v2.2-reviewed exact consumer decision"
"UNESTABLISHED_CONSUMER","archivedAt|Room exercises|app/src/main/java/com/training/trackplanner/data/BackupRestoreImportService.kt#restoreExercise","1","No v2.2-reviewed exact consumer decision"
"UNESTABLISHED_CONSUMER","archivedAt|Room exercises|app/src/main/java/com/training/trackplanner/data/BackupRestoreImportService.kt#RestoreExerciseRow","1","No v2.2-reviewed exact consumer decision"
"UNESTABLISHED_CONSUMER","archivedAt|Room exercises|app/src/main/java/com/training/trackplanner/data/CanonicalExerciseMetadataRepository.kt#exerciseFrom","1","No v2.2-reviewed exact consumer decision"
"UNESTABLISHED_CONSUMER","archivedAt|Room exercises|app/src/main/java/com/training/trackplanner/data/Entities.kt#Exercise","1","No v2.2-reviewed exact consumer decision"
"UNESTABLISHED_CONSUMER","archivedAt|Room exercises|app/src/main/java/com/training/trackplanner/data/ExerciseMetadataBackupContract.kt#ExerciseMetadataFieldPolicyRegistry","1","No v2.2-reviewed exact consumer decision"
"UNESTABLISHED_CONSUMER","archivedAt|Room exercises|app/src/main/java/com/training/trackplanner/data/ExerciseMetadataBackupContract.kt#localizationModeFor","1","No v2.2-reviewed exact consumer decision"
"UNESTABLISHED_CONSUMER","archivedAt|Room exercises|app/src/main/java/com/training/trackplanner/data/ExerciseMetadataBackupContract.kt#valueKindFor","1","No v2.2-reviewed exact consumer decision"
"UNESTABLISHED_CONSUMER","archivedAt|Room exercises|app/src/main/java/com/training/trackplanner/data/ExerciseMetadataEditorService.kt#saveExerciseEditor","1","No v2.2-reviewed exact consumer decision"
"UNESTABLISHED_CONSUMER","archivedAt|Room exercises|app/src/main/java/com/training/trackplanner/data/ExerciseMetadataEditorService.kt#setExerciseActive","1","No v2.2-reviewed exact consumer decision"
"UNESTABLISHED_CONSUMER","archivedAt|Room exercises|app/src/main/java/com/training/trackplanner/data/ExerciseMetadataEffectiveStateResolver.kt#resolve","1","No v2.2-reviewed exact consumer decision"
"UNESTABLISHED_CONSUMER","archivedAt|Room exercises|app/src/main/java/com/training/trackplanner/data/ExerciseStableKeyMigration.kt#createExerciseTable","1","No v2.2-reviewed exact consumer decision"
"UNESTABLISHED_CONSUMER","archivedAt|Room exercises|app/src/main/java/com/training/trackplanner/data/ExerciseStableKeyMigration.kt#insertUnresolvedExercise","1","No v2.2-reviewed exact consumer decision"
"UNESTABLISHED_CONSUMER","archivedAt|Room exercises|app/src/main/java/com/training/trackplanner/data/ExerciseStableKeyMigration.kt#migrate","1","No v2.2-reviewed exact consumer decision"
"UNESTABLISHED_CONSUMER","archivedAt|Room exercises|app/src/main/java/com/training/trackplanner/data/RecordCsvBackupRestore.kt#appendStrengthRow","1","No v2.2-reviewed exact consumer decision"
"UNESTABLISHED_CONSUMER","archivedAt|Room exercises|app/src/main/java/com/training/trackplanner/data/RecordCsvBackupRestore.kt#RestoreExerciseRow","1","No v2.2-reviewed exact consumer decision"
"UNESTABLISHED_CONSUMER","archivedAt|Room exercises|app/src/main/java/com/training/trackplanner/data/RecordCsvBackupRestore.kt#value","1","No v2.2-reviewed exact consumer decision"
"UNESTABLISHED_CONSUMER","archivedAt|Room exercises|app/src/main/java/com/training/trackplanner/data/RuntimeExerciseMetadataResolver.kt#applyBuiltInSeedMetadata","1","No v2.2-reviewed exact consumer decision"
"UNESTABLISHED_CONSUMER","archivedAt|Room exercises|app/src/main/java/com/training/trackplanner/data/RuntimeExerciseMetadataResolver.kt#mergeSeed","1","No v2.2-reviewed exact consumer decision"
"UNESTABLISHED_CONSUMER","archivedAt|Room exercises|app/src/main/java/com/training/trackplanner/data/RuntimeExerciseMetadataResolver.kt#preserveOnEdit","1","No v2.2-reviewed exact consumer decision"
"UNESTABLISHED_CONSUMER","archivedAt|Room exercises|app/src/main/java/com/training/trackplanner/data/SafeBackupRestore.kt#Exercise","1","No v2.2-reviewed exact consumer decision"
"UNESTABLISHED_CONSUMER","archivedAt|Room exercises|app/src/main/java/com/training/trackplanner/data/SafeBackupRestore.kt#RestoreExerciseRow","1","No v2.2-reviewed exact consumer decision"
"UNESTABLISHED_CONSUMER","archivedAt|Room exercises|app/src/main/java/com/training/trackplanner/data/TrainingDatabase.kt#migrate","1","No v2.2-reviewed exact consumer decision"
"UNESTABLISHED_CONSUMER","archivedAt|Room exercises|app/src/main/java/com/training/trackplanner/data/TrainingRepository.kt#legacyUpsertRestoredExercise","1","No v2.2-reviewed exact consumer decision"
"UNESTABLISHED_CONSUMER","archivedAt|Room exercises|app/src/main/java/com/training/trackplanner/data/TrainingRoleSplitMigration.kt#createExercisesWithoutLegacyRole","1","No v2.2-reviewed exact consumer decision"
"UNESTABLISHED_CONSUMER","archivedAt|Room exercises|app/src/main/java/com/training/trackplanner/data/TrainingRoleSplitMigration.kt#migrateIntrinsicTrainingRoles","1","No v2.2-reviewed exact consumer decision"
"UNESTABLISHED_CONSUMER","archivedAt|Room exercises|app/src/main/java/com/training/trackplanner/RuntimeMetadataExerciseEditorDialog.kt#joinExerciseTokens","1","No v2.2-reviewed exact consumer decision"
"UNESTABLISHED_CONSUMER","axialLoadLevel|Room exercises|app/src/main/java/com/training/trackplanner/analysis/badminton/BadmintonTransferMetadataMapper.kt#fatigueCost","1","No v2.2-reviewed exact consumer decision"
"UNESTABLISHED_CONSUMER","axialLoadLevel|Room exercises|app/src/main/java/com/training/trackplanner/analysis/core/AnalysisInputCollector.kt#Exercise","1","No v2.2-reviewed exact consumer decision"
"UNESTABLISHED_CONSUMER","axialLoadLevel|Room exercises|app/src/main/java/com/training/trackplanner/analysis/core/AnalysisInputSnapshot.kt#AnalysisExerciseMetadata","1","No v2.2-reviewed exact consumer decision"
"UNESTABLISHED_CONSUMER","axialLoadLevel|Room exercises|app/src/main/java/com/training/trackplanner/analysis/features/ExerciseAnalysisMapper.kt#AnalysisExerciseFeatures","1","No v2.2-reviewed exact consumer decision"
"UNESTABLISHED_CONSUMER","axialLoadLevel|Room exercises|app/src/main/java/com/training/trackplanner/analysis/features/ExerciseAnalysisMapper.kt#fromRecord","1","No v2.2-reviewed exact consumer decision"
"UNESTABLISHED_CONSUMER","axialLoadLevel|Room exercises|app/src/main/java/com/training/trackplanner/analysis/features/MetadataReadinessReporter.kt#Exercise","1","No v2.2-reviewed exact consumer decision"
"UNESTABLISHED_CONSUMER","axialLoadLevel|Room exercises|app/src/main/java/com/training/trackplanner/analysis/metrics/CommonPlanProjectionMetrics.kt#plannedAxialLoadCandidate","1","No v2.2-reviewed exact consumer decision"
"UNESTABLISHED_CONSUMER","axialLoadLevel|Room exercises|app/src/main/java/com/training/trackplanner/analysis/readiness/DailyAnalysisLoadAggregator.kt#aggregate","1","No v2.2-reviewed exact consumer decision"
"UNESTABLISHED_CONSUMER","axialLoadLevel|Room exercises|app/src/main/java/com/training/trackplanner/analysis/readiness/DailyAnalysisLoadAggregator.kt#bodyPartLoads","1","No v2.2-reviewed exact consumer decision"
"UNESTABLISHED_CONSUMER","axialLoadLevel|Room exercises|app/src/main/java/com/training/trackplanner/CommonUi.kt#Exercise","1","No v2.2-reviewed exact consumer decision"
"UNESTABLISHED_CONSUMER","axialLoadLevel|Room exercises|app/src/main/java/com/training/trackplanner/data/CanonicalExerciseMetadataRepository.kt#exerciseFrom","1","No v2.2-reviewed exact consumer decision"
"UNESTABLISHED_CONSUMER","axialLoadLevel|Room exercises|app/src/main/java/com/training/trackplanner/data/Entities.kt#Exercise","1","No v2.2-reviewed exact consumer decision"
"UNESTABLISHED_CONSUMER","axialLoadLevel|Room exercises|app/src/main/java/com/training/trackplanner/data/ExerciseMetadataBackupContract.kt#ExerciseMetadataFieldPolicyRegistry","1","No v2.2-reviewed exact consumer decision"
"UNESTABLISHED_CONSUMER","axialLoadLevel|Room exercises|app/src/main/java/com/training/trackplanner/data/ExerciseMetadataBackupContract.kt#normalize","1","No v2.2-reviewed exact consumer decision"
"UNESTABLISHED_CONSUMER","axialLoadLevel|Room exercises|app/src/main/java/com/training/trackplanner/data/ExerciseMetadataMapper.kt#applyMetadata","1","No v2.2-reviewed exact consumer decision"
"UNESTABLISHED_CONSUMER","axialLoadLevel|Room exercises|app/src/main/java/com/training/trackplanner/data/ExerciseMetadataMapper.kt#MetadataSource","1","No v2.2-reviewed exact consumer decision"
"UNESTABLISHED_CONSUMER","axialLoadLevel|Room exercises|app/src/main/java/com/training/trackplanner/data/ExerciseMetadataTaxonomy.kt#AxialLoadLevel","1","No v2.2-reviewed exact consumer decision"
"UNESTABLISHED_CONSUMER","axialLoadLevel|Room exercises|app/src/main/java/com/training/trackplanner/data/ExerciseStableKeyMigration.kt#createExerciseTable","1","No v2.2-reviewed exact consumer decision"
"UNESTABLISHED_CONSUMER","axialLoadLevel|Room exercises|app/src/main/java/com/training/trackplanner/data/ExerciseStableKeyMigration.kt#insertUnresolvedExercise","1","No v2.2-reviewed exact consumer decision"
"UNESTABLISHED_CONSUMER","axialLoadLevel|Room exercises|app/src/main/java/com/training/trackplanner/data/ExerciseStableKeyMigration.kt#migrate","1","No v2.2-reviewed exact consumer decision"
"UNESTABLISHED_CONSUMER","axialLoadLevel|Room exercises|app/src/main/java/com/training/trackplanner/data/MetadataSanityChecker.kt#check","1","No v2.2-reviewed exact consumer decision"
"UNESTABLISHED_CONSUMER","axialLoadLevel|Room exercises|app/src/main/java/com/training/trackplanner/data/MetadataSanityChecker.kt#Exercise","1","No v2.2-reviewed exact consumer decision"
"UNESTABLISHED_CONSUMER","axialLoadLevel|Room exercises|app/src/main/java/com/training/trackplanner/data/RuntimeExerciseMetadataResolver.kt#Exercise","1","No v2.2-reviewed exact consumer decision"
"UNESTABLISHED_CONSUMER","axialLoadLevel|Room exercises|app/src/main/java/com/training/trackplanner/data/SeedData.kt#validateCatalog","1","No v2.2-reviewed exact consumer decision"
"UNESTABLISHED_CONSUMER","axialLoadLevel|Room exercises|app/src/main/java/com/training/trackplanner/data/TrainingDatabase.kt#migrate","1","No v2.2-reviewed exact consumer decision"
"UNESTABLISHED_CONSUMER","axialLoadLevel|Room exercises|app/src/main/java/com/training/trackplanner/data/TrainingRepository.kt#Exercise","1","No v2.2-reviewed exact consumer decision"
"UNESTABLISHED_CONSUMER","axialLoadLevel|Room exercises|app/src/main/java/com/training/trackplanner/data/TrainingRoleSplitMigration.kt#createExercisesWithoutLegacyRole","1","No v2.2-reviewed exact consumer decision"
"UNESTABLISHED_CONSUMER","axialLoadLevel|Room exercises|app/src/main/java/com/training/trackplanner/data/TrainingRoleSplitMigration.kt#migrateIntrinsicTrainingRoles","1","No v2.2-reviewed exact consumer decision"
"UNESTABLISHED_CONSUMER","badmintonPhysicalQualities|canonical asset plus Room runtime_exercise_metadata override|app/src/main/java/com/training/trackplanner/analysis/badminton/BadmintonTransferMetadataMapper.kt#AnalysisExerciseFeatures","1","No v2.2-reviewed exact consumer decision"
"UNESTABLISHED_CONSUMER","badmintonPhysicalQualities|canonical asset plus Room runtime_exercise_metadata override|app/src/main/java/com/training/trackplanner/analysis/badminton/BadmintonTransferMetadataMapper.kt#canonicalTransferAxes","1","No v2.2-reviewed exact consumer decision"
"UNESTABLISHED_CONSUMER","badmintonPhysicalQualities|canonical asset plus Room runtime_exercise_metadata override|app/src/main/java/com/training/trackplanner/analysis/badminton/BadmintonTransferMetadataMapper.kt#legacyTransferAxesForAudit","1","No v2.2-reviewed exact consumer decision"
"UNESTABLISHED_CONSUMER","badmintonPhysicalQualities|canonical asset plus Room runtime_exercise_metadata override|app/src/main/java/com/training/trackplanner/analysis/badminton/BadmintonTransferMetadataMapper.kt#objectiveKeys","1","No v2.2-reviewed exact consumer decision"
"UNESTABLISHED_CONSUMER","badmintonPhysicalQualities|canonical asset plus Room runtime_exercise_metadata override|app/src/main/java/com/training/trackplanner/analysis/contracts/UserExerciseAnalysisContractProjector.kt#project","1","No v2.2-reviewed exact consumer decision"
"UNESTABLISHED_CONSUMER","badmintonPhysicalQualities|canonical asset plus Room runtime_exercise_metadata override|app/src/main/java/com/training/trackplanner/analysis/core/AnalysisInputCollector.kt#Exercise","1","No v2.2-reviewed exact consumer decision"
"UNESTABLISHED_CONSUMER","badmintonPhysicalQualities|canonical asset plus Room runtime_exercise_metadata override|app/src/main/java/com/training/trackplanner/analysis/core/AnalysisInputSnapshot.kt#AnalysisExerciseMetadata","1","No v2.2-reviewed exact consumer decision"
"UNESTABLISHED_CONSUMER","badmintonPhysicalQualities|canonical asset plus Room runtime_exercise_metadata override|app/src/main/java/com/training/trackplanner/analysis/fatigue/DailyFatigueCalculator.kt#from","1","No v2.2-reviewed exact consumer decision"
"UNESTABLISHED_CONSUMER","badmintonPhysicalQualities|canonical asset plus Room runtime_exercise_metadata override|app/src/main/java/com/training/trackplanner/analysis/features/ExerciseAnalysisMapper.kt#AnalysisExerciseFeatures","1","No v2.2-reviewed exact consumer decision"
"UNESTABLISHED_CONSUMER","badmintonPhysicalQualities|canonical asset plus Room runtime_exercise_metadata override|app/src/main/java/com/training/trackplanner/analysis/features/ExerciseAnalysisMapper.kt#fromRecord","1","No v2.2-reviewed exact consumer decision"
"UNESTABLISHED_CONSUMER","badmintonPhysicalQualities|canonical asset plus Room runtime_exercise_metadata override|app/src/main/java/com/training/trackplanner/data/ExerciseMetadataAdapter.kt#fromFields","1","No v2.2-reviewed exact consumer decision"
"UNESTABLISHED_CONSUMER","badmintonPhysicalQualities|canonical asset plus Room runtime_exercise_metadata override|app/src/main/java/com/training/trackplanner/data/ExerciseMetadataAdapter.kt#RuntimeExerciseMetadata","1","No v2.2-reviewed exact consumer decision"
"UNESTABLISHED_CONSUMER","badmintonPhysicalQualities|canonical asset plus Room runtime_exercise_metadata override|app/src/main/java/com/training/trackplanner/data/ExerciseMetadataBackupContract.kt#ExerciseMetadataFieldPolicyRegistry","1","No v2.2-reviewed exact consumer decision"
"UNESTABLISHED_CONSUMER","badmintonPhysicalQualities|canonical asset plus Room runtime_exercise_metadata override|app/src/main/java/com/training/trackplanner/data/ExerciseMetadataBackupContract.kt#normalize","1","No v2.2-reviewed exact consumer decision"
"UNESTABLISHED_CONSUMER","badmintonPhysicalQualities|canonical asset plus Room runtime_exercise_metadata override|app/src/main/java/com/training/trackplanner/data/ProgramCandidate.kt#ProgramCandidate","1","No v2.2-reviewed exact consumer decision"
"UNESTABLISHED_CONSUMER","badmintonPhysicalQualities|canonical asset plus Room runtime_exercise_metadata override|app/src/main/java/com/training/trackplanner/data/ProgramSlotCandidateQuery.kt#ProgramCandidate","1","No v2.2-reviewed exact consumer decision"
"UNESTABLISHED_CONSUMER","badmintonPhysicalQualities|canonical asset plus Room runtime_exercise_metadata override|app/src/main/java/com/training/trackplanner/data/RecordCsvBackupRestore.kt#appendStrengthRow","1","No v2.2-reviewed exact consumer decision"
"UNESTABLISHED_CONSUMER","badmintonPhysicalQualities|canonical asset plus Room runtime_exercise_metadata override|app/src/main/java/com/training/trackplanner/data/RecordCsvBackupRestore.kt#legacyRuntimeSnapshotRows","1","No v2.2-reviewed exact consumer decision"
"UNESTABLISHED_CONSUMER","badmintonPhysicalQualities|canonical asset plus Room runtime_exercise_metadata override|app/src/main/java/com/training/trackplanner/data/RecordCsvBackupRestore.kt#value","1","No v2.2-reviewed exact consumer decision"
"UNESTABLISHED_CONSUMER","badmintonPhysicalQualities|canonical asset plus Room runtime_exercise_metadata override|app/src/main/java/com/training/trackplanner/data/RuntimeExerciseMetadataPersistence.kt#RuntimeExerciseMetadata","1","No v2.2-reviewed exact consumer decision"
"UNESTABLISHED_CONSUMER","badmintonPhysicalQualities|canonical asset plus Room runtime_exercise_metadata override|app/src/main/java/com/training/trackplanner/data/RuntimeExerciseMetadataPersistence.kt#RuntimeExerciseMetadataEntity","1","No v2.2-reviewed exact consumer decision"
"UNESTABLISHED_CONSUMER","badmintonPhysicalQualities|canonical asset plus Room runtime_exercise_metadata override|app/src/main/java/com/training/trackplanner/data/RuntimeExerciseMetadataResolver.kt#forExercise","1","No v2.2-reviewed exact consumer decision"
"UNESTABLISHED_CONSUMER","badmintonPhysicalQualities|canonical asset plus Room runtime_exercise_metadata override|app/src/main/java/com/training/trackplanner/data/RuntimeExerciseMetadataResolver.kt#forIdentity","1","No v2.2-reviewed exact consumer decision"
"UNESTABLISHED_CONSUMER","badmintonPhysicalQualities|canonical asset plus Room runtime_exercise_metadata override|app/src/main/java/com/training/trackplanner/data/RuntimeExerciseMetadataResolver.kt#merged","1","No v2.2-reviewed exact consumer decision"
"UNESTABLISHED_CONSUMER","badmintonPhysicalQualities|canonical asset plus Room runtime_exercise_metadata override|app/src/main/java/com/training/trackplanner/data/SlotCapabilityResolver.kt#metadataSupportingTokens","1","No v2.2-reviewed exact consumer decision"
"UNESTABLISHED_CONSUMER","badmintonPhysicalQualities|canonical asset plus Room runtime_exercise_metadata override|app/src/main/java/com/training/trackplanner/data/TrainingDatabase.kt#migrate","1","No v2.2-reviewed exact consumer decision"
"UNESTABLISHED_CONSUMER","badmintonPhysicalQualities|canonical asset plus Room runtime_exercise_metadata override|app/src/main/java/com/training/trackplanner/ExerciseSubcategoryMapper.kt#addStructured","1","No v2.2-reviewed exact consumer decision"
"UNESTABLISHED_CONSUMER","badmintonPhysicalQualities|canonical asset plus Room runtime_exercise_metadata override|app/src/main/java/com/training/trackplanner/MetadataDisplayCatalogue.kt#MetadataDisplayField","1","No v2.2-reviewed exact consumer decision"
"UNESTABLISHED_CONSUMER","badmintonPhysicalQualities|canonical asset plus Room runtime_exercise_metadata override|app/src/main/java/com/training/trackplanner/RuntimeMetadataExerciseEditorDialog.kt#joinExerciseTokens","1","No v2.2-reviewed exact consumer decision"
"UNESTABLISHED_CONSUMER","badmintonSkillTargets|canonical asset plus Room runtime_exercise_metadata override|app/src/main/java/com/training/trackplanner/analysis/badminton/BadmintonTransferMetadataMapper.kt#legacyTransferAxesForAudit","1","No v2.2-reviewed exact consumer decision"
"UNESTABLISHED_CONSUMER","badmintonSkillTargets|canonical asset plus Room runtime_exercise_metadata override|app/src/main/java/com/training/trackplanner/analysis/badminton/BadmintonTransferMetadataMapper.kt#objectiveKeys","1","No v2.2-reviewed exact consumer decision"
"UNESTABLISHED_CONSUMER","badmintonSkillTargets|canonical asset plus Room runtime_exercise_metadata override|app/src/main/java/com/training/trackplanner/analysis/badminton/BadmintonTransferMetadataMapper.kt#transferType","1","No v2.2-reviewed exact consumer decision"
"UNESTABLISHED_CONSUMER","badmintonSkillTargets|canonical asset plus Room runtime_exercise_metadata override|app/src/main/java/com/training/trackplanner/analysis/core/AnalysisInputCollector.kt#Exercise","1","No v2.2-reviewed exact consumer decision"
"UNESTABLISHED_CONSUMER","badmintonSkillTargets|canonical asset plus Room runtime_exercise_metadata override|app/src/main/java/com/training/trackplanner/analysis/core/AnalysisInputSnapshot.kt#AnalysisExerciseMetadata","1","No v2.2-reviewed exact consumer decision"
"UNESTABLISHED_CONSUMER","badmintonSkillTargets|canonical asset plus Room runtime_exercise_metadata override|app/src/main/java/com/training/trackplanner/analysis/fatigue/DailyFatigueCalculator.kt#from","1","No v2.2-reviewed exact consumer decision"
"UNESTABLISHED_CONSUMER","badmintonSkillTargets|canonical asset plus Room runtime_exercise_metadata override|app/src/main/java/com/training/trackplanner/analysis/fatigue/DailyFatigueCalculator.kt#level","1","No v2.2-reviewed exact consumer decision"
"UNESTABLISHED_CONSUMER","badmintonSkillTargets|canonical asset plus Room runtime_exercise_metadata override|app/src/main/java/com/training/trackplanner/analysis/features/ExerciseAnalysisMapper.kt#AnalysisExerciseFeatures","1","No v2.2-reviewed exact consumer decision"
"UNESTABLISHED_CONSUMER","badmintonSkillTargets|canonical asset plus Room runtime_exercise_metadata override|app/src/main/java/com/training/trackplanner/analysis/features/ExerciseAnalysisMapper.kt#fromRecord","1","No v2.2-reviewed exact consumer decision"
"UNESTABLISHED_CONSUMER","badmintonSkillTargets|canonical asset plus Room runtime_exercise_metadata override|app/src/main/java/com/training/trackplanner/analysis/features/MetadataReadinessReporter.kt#badmintonReady","1","No v2.2-reviewed exact consumer decision"
"UNESTABLISHED_CONSUMER","badmintonSkillTargets|canonical asset plus Room runtime_exercise_metadata override|app/src/main/java/com/training/trackplanner/analysis/features/MetadataReadinessReporter.kt#Exercise","1","No v2.2-reviewed exact consumer decision"
"UNESTABLISHED_CONSUMER","badmintonSkillTargets|canonical asset plus Room runtime_exercise_metadata override|app/src/main/java/com/training/trackplanner/data/CanonicalExerciseMetadataRepository.kt#exerciseFrom","1","No v2.2-reviewed exact consumer decision"
"UNESTABLISHED_CONSUMER","badmintonSkillTargets|canonical asset plus Room runtime_exercise_metadata override|app/src/main/java/com/training/trackplanner/data/Entities.kt#Exercise","1","No v2.2-reviewed exact consumer decision"
"UNESTABLISHED_CONSUMER","badmintonSkillTargets|canonical asset plus Room runtime_exercise_metadata override|app/src/main/java/com/training/trackplanner/data/ExerciseMetadataAdapter.kt#fromFields","1","No v2.2-reviewed exact consumer decision"
"UNESTABLISHED_CONSUMER","badmintonSkillTargets|canonical asset plus Room runtime_exercise_metadata override|app/src/main/java/com/training/trackplanner/data/ExerciseMetadataAdapter.kt#RuntimeExerciseMetadata","1","No v2.2-reviewed exact consumer decision"
"UNESTABLISHED_CONSUMER","badmintonSkillTargets|canonical asset plus Room runtime_exercise_metadata override|app/src/main/java/com/training/trackplanner/data/ExerciseMetadataBackupContract.kt#ExerciseMetadataFieldPolicyRegistry","1","No v2.2-reviewed exact consumer decision"
"UNESTABLISHED_CONSUMER","badmintonSkillTargets|canonical asset plus Room runtime_exercise_metadata override|app/src/main/java/com/training/trackplanner/data/ExerciseMetadataBackupContract.kt#normalize","1","No v2.2-reviewed exact consumer decision"
"UNESTABLISHED_CONSUMER","badmintonSkillTargets|canonical asset plus Room runtime_exercise_metadata override|app/src/main/java/com/training/trackplanner/data/ExerciseMetadataMapper.kt#applyMetadata","1","No v2.2-reviewed exact consumer decision"
"UNESTABLISHED_CONSUMER","badmintonSkillTargets|canonical asset plus Room runtime_exercise_metadata override|app/src/main/java/com/training/trackplanner/data/ExerciseStableKeyMigration.kt#createExerciseTable","1","No v2.2-reviewed exact consumer decision"
"UNESTABLISHED_CONSUMER","badmintonSkillTargets|canonical asset plus Room runtime_exercise_metadata override|app/src/main/java/com/training/trackplanner/data/ExerciseStableKeyMigration.kt#insertUnresolvedExercise","1","No v2.2-reviewed exact consumer decision"
"UNESTABLISHED_CONSUMER","badmintonSkillTargets|canonical asset plus Room runtime_exercise_metadata override|app/src/main/java/com/training/trackplanner/data/ExerciseStableKeyMigration.kt#migrate","1","No v2.2-reviewed exact consumer decision"
"UNESTABLISHED_CONSUMER","badmintonSkillTargets|canonical asset plus Room runtime_exercise_metadata override|app/src/main/java/com/training/trackplanner/data/MetadataSanityChecker.kt#check","1","No v2.2-reviewed exact consumer decision"
"UNESTABLISHED_CONSUMER","badmintonSkillTargets|canonical asset plus Room runtime_exercise_metadata override|app/src/main/java/com/training/trackplanner/data/MetadataSanityChecker.kt#Exercise","1","No v2.2-reviewed exact consumer decision"
"UNESTABLISHED_CONSUMER","badmintonSkillTargets|canonical asset plus Room runtime_exercise_metadata override|app/src/main/java/com/training/trackplanner/data/RecordCsvBackupRestore.kt#appendStrengthRow","1","No v2.2-reviewed exact consumer decision"
"UNESTABLISHED_CONSUMER","badmintonSkillTargets|canonical asset plus Room runtime_exercise_metadata override|app/src/main/java/com/training/trackplanner/data/RecordCsvBackupRestore.kt#legacyRuntimeSnapshotRows","1","No v2.2-reviewed exact consumer decision"
"UNESTABLISHED_CONSUMER","badmintonSkillTargets|canonical asset plus Room runtime_exercise_metadata override|app/src/main/java/com/training/trackplanner/data/RecordCsvBackupRestore.kt#value","1","No v2.2-reviewed exact consumer decision"
"UNESTABLISHED_CONSUMER","badmintonSkillTargets|canonical asset plus Room runtime_exercise_metadata override|app/src/main/java/com/training/trackplanner/data/RuntimeExerciseMetadataPersistence.kt#RuntimeExerciseMetadata","1","No v2.2-reviewed exact consumer decision"
"UNESTABLISHED_CONSUMER","badmintonSkillTargets|canonical asset plus Room runtime_exercise_metadata override|app/src/main/java/com/training/trackplanner/data/RuntimeExerciseMetadataPersistence.kt#RuntimeExerciseMetadataEntity","1","No v2.2-reviewed exact consumer decision"
"UNESTABLISHED_CONSUMER","badmintonSkillTargets|canonical asset plus Room runtime_exercise_metadata override|app/src/main/java/com/training/trackplanner/data/RuntimeExerciseMetadataResolver.kt#Exercise","1","No v2.2-reviewed exact consumer decision"
"UNESTABLISHED_CONSUMER","badmintonSkillTargets|canonical asset plus Room runtime_exercise_metadata override|app/src/main/java/com/training/trackplanner/data/RuntimeExerciseMetadataResolver.kt#forExercise","1","No v2.2-reviewed exact consumer decision"
"UNESTABLISHED_CONSUMER","badmintonSkillTargets|canonical asset plus Room runtime_exercise_metadata override|app/src/main/java/com/training/trackplanner/data/RuntimeExerciseMetadataResolver.kt#forIdentity","1","No v2.2-reviewed exact consumer decision"
"UNESTABLISHED_CONSUMER","badmintonSkillTargets|canonical asset plus Room runtime_exercise_metadata override|app/src/main/java/com/training/trackplanner/data/RuntimeExerciseMetadataResolver.kt#merged","1","No v2.2-reviewed exact consumer decision"
"UNESTABLISHED_CONSUMER","badmintonSkillTargets|canonical asset plus Room runtime_exercise_metadata override|app/src/main/java/com/training/trackplanner/data/SeedData.kt#validateCatalog","1","No v2.2-reviewed exact consumer decision"
"UNESTABLISHED_CONSUMER","badmintonSkillTargets|canonical asset plus Room runtime_exercise_metadata override|app/src/main/java/com/training/trackplanner/data/TrainingDatabase.kt#migrate","1","No v2.2-reviewed exact consumer decision"
"UNESTABLISHED_CONSUMER","badmintonSkillTargets|canonical asset plus Room runtime_exercise_metadata override|app/src/main/java/com/training/trackplanner/data/TrainingRepository.kt#Exercise","1","No v2.2-reviewed exact consumer decision"
"UNESTABLISHED_CONSUMER","badmintonSkillTargets|canonical asset plus Room runtime_exercise_metadata override|app/src/main/java/com/training/trackplanner/data/TrainingRoleSplitMigration.kt#createExercisesWithoutLegacyRole","1","No v2.2-reviewed exact consumer decision"
"UNESTABLISHED_CONSUMER","badmintonSkillTargets|canonical asset plus Room runtime_exercise_metadata override|app/src/main/java/com/training/trackplanner/data/TrainingRoleSplitMigration.kt#migrateIntrinsicTrainingRoles","1","No v2.2-reviewed exact consumer decision"
"UNESTABLISHED_CONSUMER","badmintonSkillTargets|canonical asset plus Room runtime_exercise_metadata override|app/src/main/java/com/training/trackplanner/ExerciseSubcategoryMapper.kt#addStructured","1","No v2.2-reviewed exact consumer decision"
"UNESTABLISHED_CONSUMER","badmintonSkillTargets|canonical asset plus Room runtime_exercise_metadata override|app/src/main/java/com/training/trackplanner/MetadataDisplayCatalogue.kt#MetadataDisplayField","1","No v2.2-reviewed exact consumer decision"
"UNESTABLISHED_CONSUMER","badmintonSkillTargets|canonical asset plus Room runtime_exercise_metadata override|app/src/main/java/com/training/trackplanner/RuntimeMetadataExerciseEditorDialog.kt#joinExerciseTokens","1","No v2.2-reviewed exact consumer decision"
"UNESTABLISHED_CONSUMER","badmintonSkillTargets|Room exercises|app/src/main/java/com/training/trackplanner/analysis/badminton/BadmintonTransferMetadataMapper.kt#legacyTransferAxesForAudit","1","No v2.2-reviewed exact consumer decision"
"UNESTABLISHED_CONSUMER","badmintonSkillTargets|Room exercises|app/src/main/java/com/training/trackplanner/analysis/badminton/BadmintonTransferMetadataMapper.kt#objectiveKeys","1","No v2.2-reviewed exact consumer decision"
"UNESTABLISHED_CONSUMER","badmintonSkillTargets|Room exercises|app/src/main/java/com/training/trackplanner/analysis/badminton/BadmintonTransferMetadataMapper.kt#transferType","1","No v2.2-reviewed exact consumer decision"
"UNESTABLISHED_CONSUMER","badmintonSkillTargets|Room exercises|app/src/main/java/com/training/trackplanner/analysis/core/AnalysisInputCollector.kt#Exercise","1","No v2.2-reviewed exact consumer decision"
"UNESTABLISHED_CONSUMER","badmintonSkillTargets|Room exercises|app/src/main/java/com/training/trackplanner/analysis/core/AnalysisInputSnapshot.kt#AnalysisExerciseMetadata","1","No v2.2-reviewed exact consumer decision"
"UNESTABLISHED_CONSUMER","badmintonSkillTargets|Room exercises|app/src/main/java/com/training/trackplanner/analysis/fatigue/DailyFatigueCalculator.kt#from","1","No v2.2-reviewed exact consumer decision"
"UNESTABLISHED_CONSUMER","badmintonSkillTargets|Room exercises|app/src/main/java/com/training/trackplanner/analysis/fatigue/DailyFatigueCalculator.kt#level","1","No v2.2-reviewed exact consumer decision"
"UNESTABLISHED_CONSUMER","badmintonSkillTargets|Room exercises|app/src/main/java/com/training/trackplanner/analysis/features/ExerciseAnalysisMapper.kt#AnalysisExerciseFeatures","1","No v2.2-reviewed exact consumer decision"
"UNESTABLISHED_CONSUMER","badmintonSkillTargets|Room exercises|app/src/main/java/com/training/trackplanner/analysis/features/ExerciseAnalysisMapper.kt#fromRecord","1","No v2.2-reviewed exact consumer decision"
"UNESTABLISHED_CONSUMER","badmintonSkillTargets|Room exercises|app/src/main/java/com/training/trackplanner/analysis/features/MetadataReadinessReporter.kt#badmintonReady","1","No v2.2-reviewed exact consumer decision"
"UNESTABLISHED_CONSUMER","badmintonSkillTargets|Room exercises|app/src/main/java/com/training/trackplanner/analysis/features/MetadataReadinessReporter.kt#Exercise","1","No v2.2-reviewed exact consumer decision"
"UNESTABLISHED_CONSUMER","badmintonSkillTargets|Room exercises|app/src/main/java/com/training/trackplanner/data/CanonicalExerciseMetadataRepository.kt#exerciseFrom","1","No v2.2-reviewed exact consumer decision"
"UNESTABLISHED_CONSUMER","badmintonSkillTargets|Room exercises|app/src/main/java/com/training/trackplanner/data/Entities.kt#Exercise","1","No v2.2-reviewed exact consumer decision"
"UNESTABLISHED_CONSUMER","badmintonSkillTargets|Room exercises|app/src/main/java/com/training/trackplanner/data/ExerciseMetadataAdapter.kt#fromFields","1","No v2.2-reviewed exact consumer decision"
"UNESTABLISHED_CONSUMER","badmintonSkillTargets|Room exercises|app/src/main/java/com/training/trackplanner/data/ExerciseMetadataAdapter.kt#RuntimeExerciseMetadata","1","No v2.2-reviewed exact consumer decision"
"UNESTABLISHED_CONSUMER","badmintonSkillTargets|Room exercises|app/src/main/java/com/training/trackplanner/data/ExerciseMetadataBackupContract.kt#ExerciseMetadataFieldPolicyRegistry","1","No v2.2-reviewed exact consumer decision"
"UNESTABLISHED_CONSUMER","badmintonSkillTargets|Room exercises|app/src/main/java/com/training/trackplanner/data/ExerciseMetadataBackupContract.kt#normalize","1","No v2.2-reviewed exact consumer decision"
"UNESTABLISHED_CONSUMER","badmintonSkillTargets|Room exercises|app/src/main/java/com/training/trackplanner/data/ExerciseMetadataMapper.kt#applyMetadata","1","No v2.2-reviewed exact consumer decision"
"UNESTABLISHED_CONSUMER","badmintonSkillTargets|Room exercises|app/src/main/java/com/training/trackplanner/data/ExerciseStableKeyMigration.kt#createExerciseTable","1","No v2.2-reviewed exact consumer decision"
"UNESTABLISHED_CONSUMER","badmintonSkillTargets|Room exercises|app/src/main/java/com/training/trackplanner/data/ExerciseStableKeyMigration.kt#insertUnresolvedExercise","1","No v2.2-reviewed exact consumer decision"
"UNESTABLISHED_CONSUMER","badmintonSkillTargets|Room exercises|app/src/main/java/com/training/trackplanner/data/ExerciseStableKeyMigration.kt#migrate","1","No v2.2-reviewed exact consumer decision"
"UNESTABLISHED_CONSUMER","badmintonSkillTargets|Room exercises|app/src/main/java/com/training/trackplanner/data/MetadataSanityChecker.kt#check","1","No v2.2-reviewed exact consumer decision"
"UNESTABLISHED_CONSUMER","badmintonSkillTargets|Room exercises|app/src/main/java/com/training/trackplanner/data/MetadataSanityChecker.kt#Exercise","1","No v2.2-reviewed exact consumer decision"
"UNESTABLISHED_CONSUMER","badmintonSkillTargets|Room exercises|app/src/main/java/com/training/trackplanner/data/RecordCsvBackupRestore.kt#appendStrengthRow","1","No v2.2-reviewed exact consumer decision"
"UNESTABLISHED_CONSUMER","badmintonSkillTargets|Room exercises|app/src/main/java/com/training/trackplanner/data/RecordCsvBackupRestore.kt#legacyRuntimeSnapshotRows","1","No v2.2-reviewed exact consumer decision"
"UNESTABLISHED_CONSUMER","badmintonSkillTargets|Room exercises|app/src/main/java/com/training/trackplanner/data/RecordCsvBackupRestore.kt#value","1","No v2.2-reviewed exact consumer decision"
"UNESTABLISHED_CONSUMER","badmintonSkillTargets|Room exercises|app/src/main/java/com/training/trackplanner/data/RuntimeExerciseMetadataPersistence.kt#RuntimeExerciseMetadata","1","No v2.2-reviewed exact consumer decision"
"UNESTABLISHED_CONSUMER","badmintonSkillTargets|Room exercises|app/src/main/java/com/training/trackplanner/data/RuntimeExerciseMetadataPersistence.kt#RuntimeExerciseMetadataEntity","1","No v2.2-reviewed exact consumer decision"
"UNESTABLISHED_CONSUMER","badmintonSkillTargets|Room exercises|app/src/main/java/com/training/trackplanner/data/RuntimeExerciseMetadataResolver.kt#Exercise","1","No v2.2-reviewed exact consumer decision"
"UNESTABLISHED_CONSUMER","badmintonSkillTargets|Room exercises|app/src/main/java/com/training/trackplanner/data/RuntimeExerciseMetadataResolver.kt#forExercise","1","No v2.2-reviewed exact consumer decision"
"UNESTABLISHED_CONSUMER","badmintonSkillTargets|Room exercises|app/src/main/java/com/training/trackplanner/data/RuntimeExerciseMetadataResolver.kt#forIdentity","1","No v2.2-reviewed exact consumer decision"
"UNESTABLISHED_CONSUMER","badmintonSkillTargets|Room exercises|app/src/main/java/com/training/trackplanner/data/RuntimeExerciseMetadataResolver.kt#merged","1","No v2.2-reviewed exact consumer decision"
"UNESTABLISHED_CONSUMER","badmintonSkillTargets|Room exercises|app/src/main/java/com/training/trackplanner/data/SeedData.kt#validateCatalog","1","No v2.2-reviewed exact consumer decision"
"UNESTABLISHED_CONSUMER","badmintonSkillTargets|Room exercises|app/src/main/java/com/training/trackplanner/data/TrainingDatabase.kt#migrate","1","No v2.2-reviewed exact consumer decision"
"UNESTABLISHED_CONSUMER","badmintonSkillTargets|Room exercises|app/src/main/java/com/training/trackplanner/data/TrainingRepository.kt#Exercise","1","No v2.2-reviewed exact consumer decision"
"UNESTABLISHED_CONSUMER","badmintonSkillTargets|Room exercises|app/src/main/java/com/training/trackplanner/data/TrainingRoleSplitMigration.kt#createExercisesWithoutLegacyRole","1","No v2.2-reviewed exact consumer decision"
"UNESTABLISHED_CONSUMER","badmintonSkillTargets|Room exercises|app/src/main/java/com/training/trackplanner/data/TrainingRoleSplitMigration.kt#migrateIntrinsicTrainingRoles","1","No v2.2-reviewed exact consumer decision"
"UNESTABLISHED_CONSUMER","badmintonSkillTargets|Room exercises|app/src/main/java/com/training/trackplanner/ExerciseSubcategoryMapper.kt#addStructured","1","No v2.2-reviewed exact consumer decision"
"UNESTABLISHED_CONSUMER","badmintonSkillTargets|Room exercises|app/src/main/java/com/training/trackplanner/MetadataDisplayCatalogue.kt#MetadataDisplayField","1","No v2.2-reviewed exact consumer decision"
"UNESTABLISHED_CONSUMER","badmintonSkillTargets|Room exercises|app/src/main/java/com/training/trackplanner/RuntimeMetadataExerciseEditorDialog.kt#joinExerciseTokens","1","No v2.2-reviewed exact consumer decision"
"UNESTABLISHED_CONSUMER","badmintonTransferLevel|canonical asset plus Room runtime_exercise_metadata override|app/src/main/java/com/training/trackplanner/analysis/coach/CourtDurationRecoveryAnalyzer.kt#RuntimeExerciseMetadata","1","No v2.2-reviewed exact consumer decision"
"UNESTABLISHED_CONSUMER","badmintonTransferLevel|canonical asset plus Room runtime_exercise_metadata override|app/src/main/java/com/training/trackplanner/analysis/core/AnalysisInputCollector.kt#Exercise","1","No v2.2-reviewed exact consumer decision"
"UNESTABLISHED_CONSUMER","badmintonTransferLevel|canonical asset plus Room runtime_exercise_metadata override|app/src/main/java/com/training/trackplanner/analysis/features/ExerciseAnalysisMapper.kt#fromRecord","1","No v2.2-reviewed exact consumer decision"
"UNESTABLISHED_CONSUMER","badmintonTransferLevel|canonical asset plus Room runtime_exercise_metadata override|app/src/main/java/com/training/trackplanner/CommonUi.kt#Exercise","1","No v2.2-reviewed exact consumer decision"
"UNESTABLISHED_CONSUMER","badmintonTransferLevel|canonical asset plus Room runtime_exercise_metadata override|app/src/main/java/com/training/trackplanner/data/ExerciseMetadataAdapter.kt#badmintonTransferLevel","1","No v2.2-reviewed exact consumer decision"
"UNESTABLISHED_CONSUMER","badmintonTransferLevel|canonical asset plus Room runtime_exercise_metadata override|app/src/main/java/com/training/trackplanner/data/ExerciseMetadataAdapter.kt#fromFields","1","No v2.2-reviewed exact consumer decision"
"UNESTABLISHED_CONSUMER","badmintonTransferLevel|canonical asset plus Room runtime_exercise_metadata override|app/src/main/java/com/training/trackplanner/data/ExerciseMetadataAdapter.kt#RuntimeExerciseMetadata","1","No v2.2-reviewed exact consumer decision"
"UNESTABLISHED_CONSUMER","badmintonTransferLevel|canonical asset plus Room runtime_exercise_metadata override|app/src/main/java/com/training/trackplanner/data/ExerciseMetadataBackupContract.kt#ExerciseMetadataFieldPolicyRegistry","1","No v2.2-reviewed exact consumer decision"
"UNESTABLISHED_CONSUMER","badmintonTransferLevel|canonical asset plus Room runtime_exercise_metadata override|app/src/main/java/com/training/trackplanner/data/ExerciseMetadataBackupContract.kt#normalize","1","No v2.2-reviewed exact consumer decision"
"UNESTABLISHED_CONSUMER","badmintonTransferLevel|canonical asset plus Room runtime_exercise_metadata override|app/src/main/java/com/training/trackplanner/data/ProgramBuilder.kt#build","1","No v2.2-reviewed exact consumer decision"
"UNESTABLISHED_CONSUMER","badmintonTransferLevel|canonical asset plus Room runtime_exercise_metadata override|app/src/main/java/com/training/trackplanner/data/ProgramBuilder.kt#GeneratedProgramSkeleton","1","No v2.2-reviewed exact consumer decision"
"UNESTABLISHED_CONSUMER","badmintonTransferLevel|canonical asset plus Room runtime_exercise_metadata override|app/src/main/java/com/training/trackplanner/data/ProgramBuilder.kt#ProgramSkeletonItem","1","No v2.2-reviewed exact consumer decision"
"UNESTABLISHED_CONSUMER","badmintonTransferLevel|canonical asset plus Room runtime_exercise_metadata override|app/src/main/java/com/training/trackplanner/data/ProgramBuilderValidation.kt#validateFourWeekDistribution","1","No v2.2-reviewed exact consumer decision"
"UNESTABLISHED_CONSUMER","badmintonTransferLevel|canonical asset plus Room runtime_exercise_metadata override|app/src/main/java/com/training/trackplanner/data/ProgramCandidate.kt#ProgramCandidate","1","No v2.2-reviewed exact consumer decision"
"UNESTABLISHED_CONSUMER","badmintonTransferLevel|canonical asset plus Room runtime_exercise_metadata override|app/src/main/java/com/training/trackplanner/data/ProgramCompositionPolicy.kt#isStrengthAnchor","1","No v2.2-reviewed exact consumer decision"
"UNESTABLISHED_CONSUMER","badmintonTransferLevel|canonical asset plus Room runtime_exercise_metadata override|app/src/main/java/com/training/trackplanner/data/ProgramEvaluationPolicy.kt#isStrengthAnchor","1","No v2.2-reviewed exact consumer decision"
"UNESTABLISHED_CONSUMER","badmintonTransferLevel|canonical asset plus Room runtime_exercise_metadata override|app/src/main/java/com/training/trackplanner/data/ProgramIssueDrivenRerankPolicy.kt#ProgramSkeletonItem","1","No v2.2-reviewed exact consumer decision"
"UNESTABLISHED_CONSUMER","badmintonTransferLevel|canonical asset plus Room runtime_exercise_metadata override|app/src/main/java/com/training/trackplanner/data/ProgramSelectionReasonFormatter.kt#format","1","No v2.2-reviewed exact consumer decision"
"UNESTABLISHED_CONSUMER","badmintonTransferLevel|canonical asset plus Room runtime_exercise_metadata override|app/src/main/java/com/training/trackplanner/data/ProgramSkeletonGenerator.kt#ProgramSkeletonItem","1","No v2.2-reviewed exact consumer decision"
"UNESTABLISHED_CONSUMER","badmintonTransferLevel|canonical asset plus Room runtime_exercise_metadata override|app/src/main/java/com/training/trackplanner/data/RecordCsvBackupRestore.kt#appendStrengthRow","1","No v2.2-reviewed exact consumer decision"
"UNESTABLISHED_CONSUMER","badmintonTransferLevel|canonical asset plus Room runtime_exercise_metadata override|app/src/main/java/com/training/trackplanner/data/RecordCsvBackupRestore.kt#legacyRuntimeSnapshotRows","1","No v2.2-reviewed exact consumer decision"
"UNESTABLISHED_CONSUMER","badmintonTransferLevel|canonical asset plus Room runtime_exercise_metadata override|app/src/main/java/com/training/trackplanner/data/RecordCsvBackupRestore.kt#value","1","No v2.2-reviewed exact consumer decision"
"UNESTABLISHED_CONSUMER","badmintonTransferLevel|canonical asset plus Room runtime_exercise_metadata override|app/src/main/java/com/training/trackplanner/data/RuntimeExerciseMetadataPersistence.kt#RuntimeExerciseMetadata","1","No v2.2-reviewed exact consumer decision"
"UNESTABLISHED_CONSUMER","badmintonTransferLevel|canonical asset plus Room runtime_exercise_metadata override|app/src/main/java/com/training/trackplanner/data/RuntimeExerciseMetadataPersistence.kt#RuntimeExerciseMetadataEntity","1","No v2.2-reviewed exact consumer decision"
"UNESTABLISHED_CONSUMER","badmintonTransferLevel|canonical asset plus Room runtime_exercise_metadata override|app/src/main/java/com/training/trackplanner/data/RuntimeExerciseMetadataResolver.kt#forExercise","1","No v2.2-reviewed exact consumer decision"
"UNESTABLISHED_CONSUMER","badmintonTransferLevel|canonical asset plus Room runtime_exercise_metadata override|app/src/main/java/com/training/trackplanner/data/RuntimeExerciseMetadataResolver.kt#forIdentity","1","No v2.2-reviewed exact consumer decision"
"UNESTABLISHED_CONSUMER","badmintonTransferLevel|canonical asset plus Room runtime_exercise_metadata override|app/src/main/java/com/training/trackplanner/data/RuntimeExerciseMetadataResolver.kt#merged","1","No v2.2-reviewed exact consumer decision"
"UNESTABLISHED_CONSUMER","badmintonTransferLevel|canonical asset plus Room runtime_exercise_metadata override|app/src/main/java/com/training/trackplanner/data/TrainingDatabase.kt#migrate","1","No v2.2-reviewed exact consumer decision"
"UNESTABLISHED_CONSUMER","badmintonTransferLevel|canonical asset plus Room runtime_exercise_metadata override|app/src/main/java/com/training/trackplanner/ExerciseSubcategoryMapper.kt#addStructured","1","No v2.2-reviewed exact consumer decision"
"UNESTABLISHED_CONSUMER","badmintonTransferLevel|canonical asset plus Room runtime_exercise_metadata override|app/src/main/java/com/training/trackplanner/MetadataDisplayCatalogue.kt#MetadataDisplayField","1","No v2.2-reviewed exact consumer decision"
"UNESTABLISHED_CONSUMER","badmintonTransferLevel|canonical asset plus Room runtime_exercise_metadata override|app/src/main/java/com/training/trackplanner/PlanGeneratedPreview.kt#draftItemForExercise","1","No v2.2-reviewed exact consumer decision"
"UNESTABLISHED_CONSUMER","badmintonTransferLevel|canonical asset plus Room runtime_exercise_metadata override|app/src/main/java/com/training/trackplanner/RuntimeMetadataExerciseEditorDialog.kt#joinExerciseTokens","1","No v2.2-reviewed exact consumer decision"
"UNESTABLISHED_CONSUMER","badmintonTransferRoles|Room exercises|app/src/main/java/com/training/trackplanner/analysis/badminton/BadmintonTransferMetadataMapper.kt#legacyTransferAxesForAudit","1","No v2.2-reviewed exact consumer decision"
"UNESTABLISHED_CONSUMER","badmintonTransferRoles|Room exercises|app/src/main/java/com/training/trackplanner/analysis/badminton/BadmintonTransferMetadataMapper.kt#objectiveKeys","1","No v2.2-reviewed exact consumer decision"
"UNESTABLISHED_CONSUMER","badmintonTransferRoles|Room exercises|app/src/main/java/com/training/trackplanner/analysis/badminton/BadmintonTransferMetadataMapper.kt#transferType","1","No v2.2-reviewed exact consumer decision"
"UNESTABLISHED_CONSUMER","badmintonTransferRoles|Room exercises|app/src/main/java/com/training/trackplanner/analysis/core/AnalysisInputCollector.kt#Exercise","1","No v2.2-reviewed exact consumer decision"
"UNESTABLISHED_CONSUMER","badmintonTransferRoles|Room exercises|app/src/main/java/com/training/trackplanner/analysis/core/AnalysisInputSnapshot.kt#AnalysisExerciseMetadata","1","No v2.2-reviewed exact consumer decision"
"UNESTABLISHED_CONSUMER","badmintonTransferRoles|Room exercises|app/src/main/java/com/training/trackplanner/analysis/fatigue/DailyFatigueCalculator.kt#level","1","No v2.2-reviewed exact consumer decision"
"UNESTABLISHED_CONSUMER","badmintonTransferRoles|Room exercises|app/src/main/java/com/training/trackplanner/analysis/features/ExerciseAnalysisMapper.kt#AnalysisExerciseFeatures","1","No v2.2-reviewed exact consumer decision"
"UNESTABLISHED_CONSUMER","badmintonTransferRoles|Room exercises|app/src/main/java/com/training/trackplanner/analysis/features/ExerciseAnalysisMapper.kt#fromRecord","1","No v2.2-reviewed exact consumer decision"
"UNESTABLISHED_CONSUMER","badmintonTransferRoles|Room exercises|app/src/main/java/com/training/trackplanner/analysis/features/MetadataReadinessReporter.kt#badmintonReady","1","No v2.2-reviewed exact consumer decision"
"UNESTABLISHED_CONSUMER","badmintonTransferRoles|Room exercises|app/src/main/java/com/training/trackplanner/analysis/features/MetadataReadinessReporter.kt#Exercise","1","No v2.2-reviewed exact consumer decision"
"UNESTABLISHED_CONSUMER","badmintonTransferRoles|Room exercises|app/src/main/java/com/training/trackplanner/analysis/trends/BadmintonTrainingLoadIndexCalculator.kt#AnalysisExerciseFeatures","1","No v2.2-reviewed exact consumer decision"
"UNESTABLISHED_CONSUMER","badmintonTransferRoles|Room exercises|app/src/main/java/com/training/trackplanner/data/CanonicalExerciseMetadataRepository.kt#exerciseFrom","1","No v2.2-reviewed exact consumer decision"
"UNESTABLISHED_CONSUMER","badmintonTransferRoles|Room exercises|app/src/main/java/com/training/trackplanner/data/Entities.kt#Exercise","1","No v2.2-reviewed exact consumer decision"
"UNESTABLISHED_CONSUMER","badmintonTransferRoles|Room exercises|app/src/main/java/com/training/trackplanner/data/ExerciseMetadataBackupContract.kt#ExerciseMetadataFieldPolicyRegistry","1","No v2.2-reviewed exact consumer decision"
"UNESTABLISHED_CONSUMER","badmintonTransferRoles|Room exercises|app/src/main/java/com/training/trackplanner/data/ExerciseMetadataBackupContract.kt#normalize","1","No v2.2-reviewed exact consumer decision"
"UNESTABLISHED_CONSUMER","badmintonTransferRoles|Room exercises|app/src/main/java/com/training/trackplanner/data/ExerciseMetadataMapper.kt#applyMetadata","1","No v2.2-reviewed exact consumer decision"
"UNESTABLISHED_CONSUMER","badmintonTransferRoles|Room exercises|app/src/main/java/com/training/trackplanner/data/ExerciseStableKeyMigration.kt#createExerciseTable","1","No v2.2-reviewed exact consumer decision"
"UNESTABLISHED_CONSUMER","badmintonTransferRoles|Room exercises|app/src/main/java/com/training/trackplanner/data/ExerciseStableKeyMigration.kt#insertUnresolvedExercise","1","No v2.2-reviewed exact consumer decision"
"UNESTABLISHED_CONSUMER","badmintonTransferRoles|Room exercises|app/src/main/java/com/training/trackplanner/data/ExerciseStableKeyMigration.kt#migrate","1","No v2.2-reviewed exact consumer decision"
"UNESTABLISHED_CONSUMER","badmintonTransferRoles|Room exercises|app/src/main/java/com/training/trackplanner/data/MetadataSanityChecker.kt#check","1","No v2.2-reviewed exact consumer decision"
"UNESTABLISHED_CONSUMER","badmintonTransferRoles|Room exercises|app/src/main/java/com/training/trackplanner/data/MetadataSanityChecker.kt#Exercise","1","No v2.2-reviewed exact consumer decision"
"UNESTABLISHED_CONSUMER","badmintonTransferRoles|Room exercises|app/src/main/java/com/training/trackplanner/data/ProgramCandidate.kt#ProgramCandidate","1","No v2.2-reviewed exact consumer decision"
"UNESTABLISHED_CONSUMER","badmintonTransferRoles|Room exercises|app/src/main/java/com/training/trackplanner/data/RuntimeExerciseMetadataResolver.kt#Exercise","1","No v2.2-reviewed exact consumer decision"
"UNESTABLISHED_CONSUMER","badmintonTransferRoles|Room exercises|app/src/main/java/com/training/trackplanner/data/RuntimeExerciseMetadataResolver.kt#forExercise","1","No v2.2-reviewed exact consumer decision"
"UNESTABLISHED_CONSUMER","badmintonTransferRoles|Room exercises|app/src/main/java/com/training/trackplanner/data/SeedData.kt#validateCatalog","1","No v2.2-reviewed exact consumer decision"
"UNESTABLISHED_CONSUMER","badmintonTransferRoles|Room exercises|app/src/main/java/com/training/trackplanner/data/SlotCapabilityResolver.kt#legacyTokens","1","No v2.2-reviewed exact consumer decision"
"UNESTABLISHED_CONSUMER","badmintonTransferRoles|Room exercises|app/src/main/java/com/training/trackplanner/data/TrainingDatabase.kt#migrate","1","No v2.2-reviewed exact consumer decision"
"UNESTABLISHED_CONSUMER","badmintonTransferRoles|Room exercises|app/src/main/java/com/training/trackplanner/data/TrainingRoleSplitMigration.kt#createExercisesWithoutLegacyRole","1","No v2.2-reviewed exact consumer decision"
"UNESTABLISHED_CONSUMER","badmintonTransferRoles|Room exercises|app/src/main/java/com/training/trackplanner/data/TrainingRoleSplitMigration.kt#migrateIntrinsicTrainingRoles","1","No v2.2-reviewed exact consumer decision"
"UNESTABLISHED_CONSUMER","badmintonTransferRoles|Room exercises|app/src/main/java/com/training/trackplanner/ExerciseSubcategoryMapper.kt#addStructured","1","No v2.2-reviewed exact consumer decision"
"UNESTABLISHED_CONSUMER","badmintonTransferStrength|Room exercises|app/src/main/java/com/training/trackplanner/analysis/badminton/BadmintonTransferMetadataMapper.kt#transferType","1","No v2.2-reviewed exact consumer decision"
"UNESTABLISHED_CONSUMER","badmintonTransferStrength|Room exercises|app/src/main/java/com/training/trackplanner/analysis/core/AnalysisInputCollector.kt#Exercise","1","No v2.2-reviewed exact consumer decision"
"UNESTABLISHED_CONSUMER","badmintonTransferStrength|Room exercises|app/src/main/java/com/training/trackplanner/analysis/core/AnalysisInputSnapshot.kt#AnalysisExerciseMetadata","1","No v2.2-reviewed exact consumer decision"
"UNESTABLISHED_CONSUMER","badmintonTransferStrength|Room exercises|app/src/main/java/com/training/trackplanner/analysis/features/ExerciseAnalysisMapper.kt#AnalysisExerciseFeatures","1","No v2.2-reviewed exact consumer decision"
"UNESTABLISHED_CONSUMER","badmintonTransferStrength|Room exercises|app/src/main/java/com/training/trackplanner/analysis/features/ExerciseAnalysisMapper.kt#fromRecord","1","No v2.2-reviewed exact consumer decision"
"UNESTABLISHED_CONSUMER","badmintonTransferStrength|Room exercises|app/src/main/java/com/training/trackplanner/analysis/features/MetadataReadinessReporter.kt#badmintonReady","1","No v2.2-reviewed exact consumer decision"
"UNESTABLISHED_CONSUMER","badmintonTransferStrength|Room exercises|app/src/main/java/com/training/trackplanner/analysis/features/MetadataReadinessReporter.kt#Exercise","1","No v2.2-reviewed exact consumer decision"
"UNESTABLISHED_CONSUMER","badmintonTransferStrength|Room exercises|app/src/main/java/com/training/trackplanner/analysis/readiness/DailyAnalysisLoadAggregator.kt#aggregate","1","No v2.2-reviewed exact consumer decision"
"UNESTABLISHED_CONSUMER","badmintonTransferStrength|Room exercises|app/src/main/java/com/training/trackplanner/analysis/trends/BadmintonTrainingLoadIndexCalculator.kt#List","1","No v2.2-reviewed exact consumer decision"
"UNESTABLISHED_CONSUMER","badmintonTransferStrength|Room exercises|app/src/main/java/com/training/trackplanner/analysis/trends/BadmintonTrainingLoadIndexCalculator.kt#WorkoutEntryWithSets","1","No v2.2-reviewed exact consumer decision"
"UNESTABLISHED_CONSUMER","badmintonTransferStrength|Room exercises|app/src/main/java/com/training/trackplanner/data/CanonicalExerciseMetadataRepository.kt#exerciseFrom","1","No v2.2-reviewed exact consumer decision"
"UNESTABLISHED_CONSUMER","badmintonTransferStrength|Room exercises|app/src/main/java/com/training/trackplanner/data/Entities.kt#Exercise","1","No v2.2-reviewed exact consumer decision"
"UNESTABLISHED_CONSUMER","badmintonTransferStrength|Room exercises|app/src/main/java/com/training/trackplanner/data/ExerciseMetadataBackupContract.kt#ExerciseMetadataFieldPolicyRegistry","1","No v2.2-reviewed exact consumer decision"
"UNESTABLISHED_CONSUMER","badmintonTransferStrength|Room exercises|app/src/main/java/com/training/trackplanner/data/ExerciseMetadataBackupContract.kt#normalize","1","No v2.2-reviewed exact consumer decision"
"UNESTABLISHED_CONSUMER","badmintonTransferStrength|Room exercises|app/src/main/java/com/training/trackplanner/data/ExerciseMetadataMapper.kt#applyMetadata","1","No v2.2-reviewed exact consumer decision"
"UNESTABLISHED_CONSUMER","badmintonTransferStrength|Room exercises|app/src/main/java/com/training/trackplanner/data/ExerciseMetadataMapper.kt#MetadataSource","1","No v2.2-reviewed exact consumer decision"
"UNESTABLISHED_CONSUMER","badmintonTransferStrength|Room exercises|app/src/main/java/com/training/trackplanner/data/ExerciseMetadataTaxonomy.kt#BadmintonTransferStrength","1","No v2.2-reviewed exact consumer decision"
"UNESTABLISHED_CONSUMER","badmintonTransferStrength|Room exercises|app/src/main/java/com/training/trackplanner/data/ExerciseStableKeyMigration.kt#createExerciseTable","1","No v2.2-reviewed exact consumer decision"
"UNESTABLISHED_CONSUMER","badmintonTransferStrength|Room exercises|app/src/main/java/com/training/trackplanner/data/ExerciseStableKeyMigration.kt#insertUnresolvedExercise","1","No v2.2-reviewed exact consumer decision"
"UNESTABLISHED_CONSUMER","badmintonTransferStrength|Room exercises|app/src/main/java/com/training/trackplanner/data/ExerciseStableKeyMigration.kt#migrate","1","No v2.2-reviewed exact consumer decision"
"UNESTABLISHED_CONSUMER","badmintonTransferStrength|Room exercises|app/src/main/java/com/training/trackplanner/data/MetadataSanityChecker.kt#check","1","No v2.2-reviewed exact consumer decision"
"UNESTABLISHED_CONSUMER","badmintonTransferStrength|Room exercises|app/src/main/java/com/training/trackplanner/data/MetadataSanityChecker.kt#Exercise","1","No v2.2-reviewed exact consumer decision"
"UNESTABLISHED_CONSUMER","badmintonTransferStrength|Room exercises|app/src/main/java/com/training/trackplanner/data/ProgramCandidate.kt#ProgramCandidate","1","No v2.2-reviewed exact consumer decision"
"UNESTABLISHED_CONSUMER","badmintonTransferStrength|Room exercises|app/src/main/java/com/training/trackplanner/data/RuntimeExerciseMetadataResolver.kt#Exercise","1","No v2.2-reviewed exact consumer decision"
"UNESTABLISHED_CONSUMER","badmintonTransferStrength|Room exercises|app/src/main/java/com/training/trackplanner/data/RuntimeExerciseMetadataResolver.kt#forExercise","1","No v2.2-reviewed exact consumer decision"
"UNESTABLISHED_CONSUMER","badmintonTransferStrength|Room exercises|app/src/main/java/com/training/trackplanner/data/RuntimeExerciseMetadataResolver.kt#merged","1","No v2.2-reviewed exact consumer decision"
"UNESTABLISHED_CONSUMER","badmintonTransferStrength|Room exercises|app/src/main/java/com/training/trackplanner/data/SeedData.kt#validateCatalog","1","No v2.2-reviewed exact consumer decision"
"UNESTABLISHED_CONSUMER","badmintonTransferStrength|Room exercises|app/src/main/java/com/training/trackplanner/data/TrainingDatabase.kt#migrate","1","No v2.2-reviewed exact consumer decision"
"UNESTABLISHED_CONSUMER","badmintonTransferStrength|Room exercises|app/src/main/java/com/training/trackplanner/data/TrainingRepository.kt#Exercise","1","No v2.2-reviewed exact consumer decision"
"UNESTABLISHED_CONSUMER","badmintonTransferStrength|Room exercises|app/src/main/java/com/training/trackplanner/data/TrainingRoleSplitMigration.kt#createExercisesWithoutLegacyRole","1","No v2.2-reviewed exact consumer decision"
"UNESTABLISHED_CONSUMER","badmintonTransferStrength|Room exercises|app/src/main/java/com/training/trackplanner/data/TrainingRoleSplitMigration.kt#migrateIntrinsicTrainingRoles","1","No v2.2-reviewed exact consumer decision"
"UNESTABLISHED_CONSUMER","badmintonTransferType|canonical asset plus Room runtime_exercise_metadata override|app/src/main/java/com/training/trackplanner/analysis/badminton/BadmintonTransferChartDataBuilder.kt#transferTypeShareBars","1","No v2.2-reviewed exact consumer decision"
"UNESTABLISHED_CONSUMER","badmintonTransferType|canonical asset plus Room runtime_exercise_metadata override|app/src/main/java/com/training/trackplanner/analysis/badminton/BadmintonTransferConstants.kt#transferWeight","1","No v2.2-reviewed exact consumer decision"
"UNESTABLISHED_CONSUMER","badmintonTransferType|canonical asset plus Room runtime_exercise_metadata override|app/src/main/java/com/training/trackplanner/analysis/badminton/BadmintonTransferMetadataMapper.kt#transferType","1","No v2.2-reviewed exact consumer decision"
"UNESTABLISHED_CONSUMER","badmintonTransferType|canonical asset plus Room runtime_exercise_metadata override|app/src/main/java/com/training/trackplanner/analysis/badminton/BadmintonTransferModels.kt#BadmintonTransferExerciseStimulus","1","No v2.2-reviewed exact consumer decision"
"UNESTABLISHED_CONSUMER","badmintonTransferType|canonical asset plus Room runtime_exercise_metadata override|app/src/main/java/com/training/trackplanner/analysis/badminton/BadmintonTransferModels.kt#BadmintonTransferMetrics","1","No v2.2-reviewed exact consumer decision"
"UNESTABLISHED_CONSUMER","badmintonTransferType|canonical asset plus Room runtime_exercise_metadata override|app/src/main/java/com/training/trackplanner/analysis/badminton/BadmintonTransferModels.kt#BadmintonTransferScoreSnapshot","1","No v2.2-reviewed exact consumer decision"
"UNESTABLISHED_CONSUMER","badmintonTransferType|canonical asset plus Room runtime_exercise_metadata override|app/src/main/java/com/training/trackplanner/analysis/badminton/BadmintonTransferModels.kt#BadmintonTransferType","1","No v2.2-reviewed exact consumer decision"
"UNESTABLISHED_CONSUMER","badmintonTransferType|canonical asset plus Room runtime_exercise_metadata override|app/src/main/java/com/training/trackplanner/analysis/badminton/BadmintonTransferRecommendationBuilder.kt#exerciseCandidates","1","No v2.2-reviewed exact consumer decision"
"UNESTABLISHED_CONSUMER","badmintonTransferType|canonical asset plus Room runtime_exercise_metadata override|app/src/main/java/com/training/trackplanner/analysis/badminton/BadmintonTransferScoreCalculator.kt#TransferContribution","1","No v2.2-reviewed exact consumer decision"
"UNESTABLISHED_CONSUMER","badmintonTransferType|canonical asset plus Room runtime_exercise_metadata override|app/src/main/java/com/training/trackplanner/analysis/badminton/BadmintonTransferScoreCalculator.kt#typeStimulus","1","No v2.2-reviewed exact consumer decision"
"UNESTABLISHED_CONSUMER","badmintonTransferType|canonical asset plus Room runtime_exercise_metadata override|app/src/main/java/com/training/trackplanner/analysis/contracts/UserExerciseAnalysisContractProjector.kt#project","1","No v2.2-reviewed exact consumer decision"
"UNESTABLISHED_CONSUMER","badmintonTransferType|canonical asset plus Room runtime_exercise_metadata override|app/src/main/java/com/training/trackplanner/analysis/core/AnalysisInputCollector.kt#Exercise","1","No v2.2-reviewed exact consumer decision"
"UNESTABLISHED_CONSUMER","badmintonTransferType|canonical asset plus Room runtime_exercise_metadata override|app/src/main/java/com/training/trackplanner/analysis/fatigue/DailyFatigueCalculator.kt#from","1","No v2.2-reviewed exact consumer decision"
"UNESTABLISHED_CONSUMER","badmintonTransferType|canonical asset plus Room runtime_exercise_metadata override|app/src/main/java/com/training/trackplanner/analysis/features/ExerciseAnalysisMapper.kt#fromRecord","1","No v2.2-reviewed exact consumer decision"
"UNESTABLISHED_CONSUMER","badmintonTransferType|canonical asset plus Room runtime_exercise_metadata override|app/src/main/java/com/training/trackplanner/CommonUi.kt#Exercise","1","No v2.2-reviewed exact consumer decision"
"UNESTABLISHED_CONSUMER","badmintonTransferType|canonical asset plus Room runtime_exercise_metadata override|app/src/main/java/com/training/trackplanner/data/ExerciseMetadataAdapter.kt#fromFields","1","No v2.2-reviewed exact consumer decision"
"UNESTABLISHED_CONSUMER","badmintonTransferType|canonical asset plus Room runtime_exercise_metadata override|app/src/main/java/com/training/trackplanner/data/ExerciseMetadataAdapter.kt#RuntimeExerciseMetadata","1","No v2.2-reviewed exact consumer decision"
"UNESTABLISHED_CONSUMER","badmintonTransferType|canonical asset plus Room runtime_exercise_metadata override|app/src/main/java/com/training/trackplanner/data/ExerciseMetadataBackupContract.kt#ExerciseMetadataFieldPolicyRegistry","1","No v2.2-reviewed exact consumer decision"
"UNESTABLISHED_CONSUMER","badmintonTransferType|canonical asset plus Room runtime_exercise_metadata override|app/src/main/java/com/training/trackplanner/data/ExerciseMetadataBackupContract.kt#normalize","1","No v2.2-reviewed exact consumer decision"
"UNESTABLISHED_CONSUMER","badmintonTransferType|canonical asset plus Room runtime_exercise_metadata override|app/src/main/java/com/training/trackplanner/data/ProgramCandidate.kt#ProgramCandidate","1","No v2.2-reviewed exact consumer decision"
"UNESTABLISHED_CONSUMER","badmintonTransferType|canonical asset plus Room runtime_exercise_metadata override|app/src/main/java/com/training/trackplanner/data/ProgramCandidateClassificationPolicy.kt#classify","1","No v2.2-reviewed exact consumer decision"
"UNESTABLISHED_CONSUMER","badmintonTransferType|canonical asset plus Room runtime_exercise_metadata override|app/src/main/java/com/training/trackplanner/data/ProgramSlotCandidateQuery.kt#ProgramCandidate","1","No v2.2-reviewed exact consumer decision"
"UNESTABLISHED_CONSUMER","badmintonTransferType|canonical asset plus Room runtime_exercise_metadata override|app/src/main/java/com/training/trackplanner/data/RecordCsvBackupRestore.kt#appendStrengthRow","1","No v2.2-reviewed exact consumer decision"
"UNESTABLISHED_CONSUMER","badmintonTransferType|canonical asset plus Room runtime_exercise_metadata override|app/src/main/java/com/training/trackplanner/data/RecordCsvBackupRestore.kt#legacyRuntimeSnapshotRows","1","No v2.2-reviewed exact consumer decision"
"UNESTABLISHED_CONSUMER","badmintonTransferType|canonical asset plus Room runtime_exercise_metadata override|app/src/main/java/com/training/trackplanner/data/RecordCsvBackupRestore.kt#value","1","No v2.2-reviewed exact consumer decision"
"UNESTABLISHED_CONSUMER","badmintonTransferType|canonical asset plus Room runtime_exercise_metadata override|app/src/main/java/com/training/trackplanner/data/RuntimeExerciseMetadataPersistence.kt#RuntimeExerciseMetadata","1","No v2.2-reviewed exact consumer decision"
"UNESTABLISHED_CONSUMER","badmintonTransferType|canonical asset plus Room runtime_exercise_metadata override|app/src/main/java/com/training/trackplanner/data/RuntimeExerciseMetadataPersistence.kt#RuntimeExerciseMetadataEntity","1","No v2.2-reviewed exact consumer decision"
"UNESTABLISHED_CONSUMER","badmintonTransferType|canonical asset plus Room runtime_exercise_metadata override|app/src/main/java/com/training/trackplanner/data/RuntimeExerciseMetadataResolver.kt#forExercise","1","No v2.2-reviewed exact consumer decision"
"UNESTABLISHED_CONSUMER","badmintonTransferType|canonical asset plus Room runtime_exercise_metadata override|app/src/main/java/com/training/trackplanner/data/RuntimeExerciseMetadataResolver.kt#forIdentity","1","No v2.2-reviewed exact consumer decision"
"UNESTABLISHED_CONSUMER","badmintonTransferType|canonical asset plus Room runtime_exercise_metadata override|app/src/main/java/com/training/trackplanner/data/RuntimeExerciseMetadataResolver.kt#merged","1","No v2.2-reviewed exact consumer decision"
"UNESTABLISHED_CONSUMER","badmintonTransferType|canonical asset plus Room runtime_exercise_metadata override|app/src/main/java/com/training/trackplanner/data/SlotCapabilityResolver.kt#metadataSupportingTokens","1","No v2.2-reviewed exact consumer decision"
"UNESTABLISHED_CONSUMER","badmintonTransferType|canonical asset plus Room runtime_exercise_metadata override|app/src/main/java/com/training/trackplanner/data/TrainingDatabase.kt#migrate","1","No v2.2-reviewed exact consumer decision"
"UNESTABLISHED_CONSUMER","badmintonTransferType|canonical asset plus Room runtime_exercise_metadata override|app/src/main/java/com/training/trackplanner/ExerciseSubcategoryMapper.kt#addStructured","1","No v2.2-reviewed exact consumer decision"
"UNESTABLISHED_CONSUMER","badmintonTransferType|canonical asset plus Room runtime_exercise_metadata override|app/src/main/java/com/training/trackplanner/MetadataDisplayCatalogue.kt#MetadataDisplayField","1","No v2.2-reviewed exact consumer decision"
"UNESTABLISHED_CONSUMER","badmintonTransferType|canonical asset plus Room runtime_exercise_metadata override|app/src/main/java/com/training/trackplanner/PlanGeneratedPreview.kt#draftItemForExercise","1","No v2.2-reviewed exact consumer decision"
"UNESTABLISHED_CONSUMER","badmintonTransferType|canonical asset plus Room runtime_exercise_metadata override|app/src/main/java/com/training/trackplanner/RuntimeMetadataExerciseEditorDialog.kt#joinExerciseTokens","1","No v2.2-reviewed exact consumer decision"
"UNESTABLISHED_CONSUMER","balanceContributionTags|Room exercises|app/src/main/java/com/training/trackplanner/analysis/badminton/BadmintonTransferMetadataMapper.kt#legacyTransferAxesForAudit","1","No v2.2-reviewed exact consumer decision"
"UNESTABLISHED_CONSUMER","balanceContributionTags|Room exercises|app/src/main/java/com/training/trackplanner/analysis/core/AnalysisInputCollector.kt#Exercise","1","No v2.2-reviewed exact consumer decision"
"UNESTABLISHED_CONSUMER","balanceContributionTags|Room exercises|app/src/main/java/com/training/trackplanner/analysis/core/AnalysisInputSnapshot.kt#AnalysisExerciseMetadata","1","No v2.2-reviewed exact consumer decision"
"UNESTABLISHED_CONSUMER","balanceContributionTags|Room exercises|app/src/main/java/com/training/trackplanner/analysis/features/ExerciseAnalysisMapper.kt#AnalysisExerciseFeatures","1","No v2.2-reviewed exact consumer decision"
"UNESTABLISHED_CONSUMER","balanceContributionTags|Room exercises|app/src/main/java/com/training/trackplanner/analysis/features/ExerciseAnalysisMapper.kt#fromRecord","1","No v2.2-reviewed exact consumer decision"
"UNESTABLISHED_CONSUMER","balanceContributionTags|Room exercises|app/src/main/java/com/training/trackplanner/analysis/features/MetadataReadinessReporter.kt#balanceReady","1","No v2.2-reviewed exact consumer decision"
"UNESTABLISHED_CONSUMER","balanceContributionTags|Room exercises|app/src/main/java/com/training/trackplanner/analysis/trends/StrengthPerformanceIndexCalculator.kt#List","1","No v2.2-reviewed exact consumer decision"
"UNESTABLISHED_CONSUMER","balanceContributionTags|Room exercises|app/src/main/java/com/training/trackplanner/data/CanonicalExerciseMetadataRepository.kt#exerciseFrom","1","No v2.2-reviewed exact consumer decision"
"UNESTABLISHED_CONSUMER","balanceContributionTags|Room exercises|app/src/main/java/com/training/trackplanner/data/Entities.kt#Exercise","1","No v2.2-reviewed exact consumer decision"
"UNESTABLISHED_CONSUMER","balanceContributionTags|Room exercises|app/src/main/java/com/training/trackplanner/data/ExerciseMetadataBackupContract.kt#ExerciseMetadataFieldPolicyRegistry","1","No v2.2-reviewed exact consumer decision"
"UNESTABLISHED_CONSUMER","balanceContributionTags|Room exercises|app/src/main/java/com/training/trackplanner/data/ExerciseMetadataBackupContract.kt#normalize","1","No v2.2-reviewed exact consumer decision"
"UNESTABLISHED_CONSUMER","balanceContributionTags|Room exercises|app/src/main/java/com/training/trackplanner/data/ExerciseMetadataMapper.kt#applyMetadata","1","No v2.2-reviewed exact consumer decision"
"UNESTABLISHED_CONSUMER","balanceContributionTags|Room exercises|app/src/main/java/com/training/trackplanner/data/ExerciseMetadataMapper.kt#MetadataSource","1","No v2.2-reviewed exact consumer decision"
"UNESTABLISHED_CONSUMER","balanceContributionTags|Room exercises|app/src/main/java/com/training/trackplanner/data/ExerciseStableKeyMigration.kt#createExerciseTable","1","No v2.2-reviewed exact consumer decision"
"UNESTABLISHED_CONSUMER","balanceContributionTags|Room exercises|app/src/main/java/com/training/trackplanner/data/ExerciseStableKeyMigration.kt#insertUnresolvedExercise","1","No v2.2-reviewed exact consumer decision"
"UNESTABLISHED_CONSUMER","balanceContributionTags|Room exercises|app/src/main/java/com/training/trackplanner/data/ExerciseStableKeyMigration.kt#migrate","1","No v2.2-reviewed exact consumer decision"
"UNESTABLISHED_CONSUMER","balanceContributionTags|Room exercises|app/src/main/java/com/training/trackplanner/data/MetadataSanityChecker.kt#check","1","No v2.2-reviewed exact consumer decision"
"UNESTABLISHED_CONSUMER","balanceContributionTags|Room exercises|app/src/main/java/com/training/trackplanner/data/RuntimeExerciseMetadataResolver.kt#Exercise","1","No v2.2-reviewed exact consumer decision"
"UNESTABLISHED_CONSUMER","balanceContributionTags|Room exercises|app/src/main/java/com/training/trackplanner/data/SeedData.kt#validateCatalog","1","No v2.2-reviewed exact consumer decision"
"UNESTABLISHED_CONSUMER","balanceContributionTags|Room exercises|app/src/main/java/com/training/trackplanner/data/TrainingDatabase.kt#migrate","1","No v2.2-reviewed exact consumer decision"
"UNESTABLISHED_CONSUMER","balanceContributionTags|Room exercises|app/src/main/java/com/training/trackplanner/data/TrainingRoleSplitMigration.kt#createExercisesWithoutLegacyRole","1","No v2.2-reviewed exact consumer decision"
"UNESTABLISHED_CONSUMER","balanceContributionTags|Room exercises|app/src/main/java/com/training/trackplanner/data/TrainingRoleSplitMigration.kt#migrateIntrinsicTrainingRoles","1","No v2.2-reviewed exact consumer decision"
"UNESTABLISHED_CONSUMER","bodyRegion|Room exercises|app/src/main/java/com/training/trackplanner/analysis/core/AnalysisInputCollector.kt#Exercise","1","No v2.2-reviewed exact consumer decision"
"UNESTABLISHED_CONSUMER","bodyRegion|Room exercises|app/src/main/java/com/training/trackplanner/analysis/core/AnalysisInputSnapshot.kt#AnalysisExerciseMetadata","1","No v2.2-reviewed exact consumer decision"
"UNESTABLISHED_CONSUMER","bodyRegion|Room exercises|app/src/main/java/com/training/trackplanner/analysis/metrics/CommonStrengthMetrics.kt#ratioFromBodyRegions","1","No v2.2-reviewed exact consumer decision"
"UNESTABLISHED_CONSUMER","bodyRegion|Room exercises|app/src/main/java/com/training/trackplanner/analysis/tissue/TissueContextModifier.kt#requireValid","1","No v2.2-reviewed exact consumer decision"
"UNESTABLISHED_CONSUMER","bodyRegion|Room exercises|app/src/main/java/com/training/trackplanner/analysis/tissue/TissueContextModifier.kt#TissueCodContextLoadUnitEligibility","1","No v2.2-reviewed exact consumer decision"
"UNESTABLISHED_CONSUMER","bodyRegion|Room exercises|app/src/main/java/com/training/trackplanner/analysis/tissue/TissueRcvAssetRepository.kt#table","1","No v2.2-reviewed exact consumer decision"
"UNESTABLISHED_CONSUMER","bodyRegion|Room exercises|app/src/main/java/com/training/trackplanner/analysis/tissue/TissueRcvEventLedger.kt#curves","1","No v2.2-reviewed exact consumer decision"
"UNESTABLISHED_CONSUMER","bodyRegion|Room exercises|app/src/main/java/com/training/trackplanner/analysis/tissue/TissueRcvEventLedger.kt#dose","1","No v2.2-reviewed exact consumer decision"
"UNESTABLISHED_CONSUMER","bodyRegion|Room exercises|app/src/main/java/com/training/trackplanner/analysis/tissue/TissueRcvModels.kt#TissueRcvAuthorityRow","1","No v2.2-reviewed exact consumer decision"
"UNESTABLISHED_CONSUMER","bodyRegion|Room exercises|app/src/main/java/com/training/trackplanner/analysis/tissue/TissueRcvModels.kt#TissueRcvJointComplex","1","No v2.2-reviewed exact consumer decision"
"UNESTABLISHED_CONSUMER","bodyRegion|Room exercises|app/src/main/java/com/training/trackplanner/data/BackupRestoreCanonicalizer.kt#minimalStub","1","No v2.2-reviewed exact consumer decision"
"UNESTABLISHED_CONSUMER","bodyRegion|Room exercises|app/src/main/java/com/training/trackplanner/data/BackupRestoreImportService.kt#Exercise","1","No v2.2-reviewed exact consumer decision"
"UNESTABLISHED_CONSUMER","bodyRegion|Room exercises|app/src/main/java/com/training/trackplanner/data/BackupRestoreImportService.kt#RestoreExerciseRow","1","No v2.2-reviewed exact consumer decision"
"UNESTABLISHED_CONSUMER","bodyRegion|Room exercises|app/src/main/java/com/training/trackplanner/data/CanonicalExerciseMetadataRepository.kt#exerciseFrom","1","No v2.2-reviewed exact consumer decision"
"UNESTABLISHED_CONSUMER","bodyRegion|Room exercises|app/src/main/java/com/training/trackplanner/data/Daos.kt#observeAnalysisStats","1","No v2.2-reviewed exact consumer decision"
"UNESTABLISHED_CONSUMER","bodyRegion|Room exercises|app/src/main/java/com/training/trackplanner/data/Entities.kt#Exercise","1","No v2.2-reviewed exact consumer decision"
"UNESTABLISHED_CONSUMER","bodyRegion|Room exercises|app/src/main/java/com/training/trackplanner/data/ExerciseMetadataBackupContract.kt#ExerciseMetadataFieldPolicyRegistry","1","No v2.2-reviewed exact consumer decision"
"UNESTABLISHED_CONSUMER","bodyRegion|Room exercises|app/src/main/java/com/training/trackplanner/data/ExerciseMetadataBackupContract.kt#normalize","1","No v2.2-reviewed exact consumer decision"
"UNESTABLISHED_CONSUMER","bodyRegion|Room exercises|app/src/main/java/com/training/trackplanner/data/ExerciseStableKeyMigration.kt#createExerciseTable","1","No v2.2-reviewed exact consumer decision"
"UNESTABLISHED_CONSUMER","bodyRegion|Room exercises|app/src/main/java/com/training/trackplanner/data/ExerciseStableKeyMigration.kt#insertUnresolvedExercise","1","No v2.2-reviewed exact consumer decision"
"UNESTABLISHED_CONSUMER","bodyRegion|Room exercises|app/src/main/java/com/training/trackplanner/data/ExerciseStableKeyMigration.kt#migrate","1","No v2.2-reviewed exact consumer decision"
"UNESTABLISHED_CONSUMER","bodyRegion|Room exercises|app/src/main/java/com/training/trackplanner/data/RecordCsvBackupRestore.kt#appendStrengthRow","1","No v2.2-reviewed exact consumer decision"
"UNESTABLISHED_CONSUMER","bodyRegion|Room exercises|app/src/main/java/com/training/trackplanner/data/RecordCsvBackupRestore.kt#legacyExerciseSnapshotRows","1","No v2.2-reviewed exact consumer decision"
"UNESTABLISHED_CONSUMER","bodyRegion|Room exercises|app/src/main/java/com/training/trackplanner/data/RecordCsvBackupRestore.kt#RestoreExerciseRow","1","No v2.2-reviewed exact consumer decision"
"UNESTABLISHED_CONSUMER","bodyRegion|Room exercises|app/src/main/java/com/training/trackplanner/data/RecordCsvBackupRestore.kt#value","1","No v2.2-reviewed exact consumer decision"
"UNESTABLISHED_CONSUMER","bodyRegion|Room exercises|app/src/main/java/com/training/trackplanner/data/RuntimeExerciseMetadataResolver.kt#Exercise","1","No v2.2-reviewed exact consumer decision"
"UNESTABLISHED_CONSUMER","bodyRegion|Room exercises|app/src/main/java/com/training/trackplanner/data/SeedData.kt#exactExerciseMetadataFromParsedRows","1","No v2.2-reviewed exact consumer decision"
"UNESTABLISHED_CONSUMER","bodyRegion|Room exercises|app/src/main/java/com/training/trackplanner/data/SeedData.kt#exerciseFromCsv","1","No v2.2-reviewed exact consumer decision"
"UNESTABLISHED_CONSUMER","bodyRegion|Room exercises|app/src/main/java/com/training/trackplanner/data/SeedData.kt#validateCatalog","1","No v2.2-reviewed exact consumer decision"
"UNESTABLISHED_CONSUMER","bodyRegion|Room exercises|app/src/main/java/com/training/trackplanner/data/TrainingRepository.kt#legacyUpsertRestoredExercise","1","No v2.2-reviewed exact consumer decision"
"UNESTABLISHED_CONSUMER","bodyRegion|Room exercises|app/src/main/java/com/training/trackplanner/data/TrainingRoleSplitMigration.kt#createExercisesWithoutLegacyRole","1","No v2.2-reviewed exact consumer decision"
"UNESTABLISHED_CONSUMER","bodyRegion|Room exercises|app/src/main/java/com/training/trackplanner/data/TrainingRoleSplitMigration.kt#migrateIntrinsicTrainingRoles","1","No v2.2-reviewed exact consumer decision"
"UNESTABLISHED_CONSUMER","bodyRegion|Room exercises|app/src/main/java/com/training/trackplanner/RuntimeMetadataExerciseEditorDialog.kt#joinExerciseTokens","1","No v2.2-reviewed exact consumer decision"
"UNESTABLISHED_CONSUMER","category|Room exercises|app/src/main/java/com/training/trackplanner/analysis/core/AnalysisInputCollector.kt#Exercise","1","No v2.2-reviewed exact consumer decision"
"UNESTABLISHED_CONSUMER","category|Room exercises|app/src/main/java/com/training/trackplanner/analysis/core/AnalysisInputCollector.kt#WorkoutEntryWithSets","1","No v2.2-reviewed exact consumer decision"
"UNESTABLISHED_CONSUMER","category|Room exercises|app/src/main/java/com/training/trackplanner/analysis/core/AnalysisInputSnapshot.kt#AnalysisEntry","1","No v2.2-reviewed exact consumer decision"
"UNESTABLISHED_CONSUMER","category|Room exercises|app/src/main/java/com/training/trackplanner/analysis/core/AnalysisInputSnapshot.kt#AnalysisExerciseMetadata","1","No v2.2-reviewed exact consumer decision"
"UNESTABLISHED_CONSUMER","category|Room exercises|app/src/main/java/com/training/trackplanner/analysis/features/BodyweightEffectiveLoadCalculator.kt#effectiveVolumeLoadOrNull","1","No v2.2-reviewed exact consumer decision"
"UNESTABLISHED_CONSUMER","category|Room exercises|app/src/main/java/com/training/trackplanner/analysis/features/BodyweightEffectiveLoadCalculator.kt#profileFor","1","No v2.2-reviewed exact consumer decision"
"UNESTABLISHED_CONSUMER","category|Room exercises|app/src/main/java/com/training/trackplanner/analysis/features/BodyweightEffectiveLoadCalculator.kt#volumeLoad","1","No v2.2-reviewed exact consumer decision"
"UNESTABLISHED_CONSUMER","category|Room exercises|app/src/main/java/com/training/trackplanner/analysis/features/DurationHoldLoadCalculator.kt#holdLoad","1","No v2.2-reviewed exact consumer decision"
"UNESTABLISHED_CONSUMER","category|Room exercises|app/src/main/java/com/training/trackplanner/analysis/features/DurationHoldLoadCalculator.kt#holdLoadOrNull","1","No v2.2-reviewed exact consumer decision"
"UNESTABLISHED_CONSUMER","category|Room exercises|app/src/main/java/com/training/trackplanner/analysis/features/DurationHoldLoadCalculator.kt#policyFor","1","No v2.2-reviewed exact consumer decision"
"UNESTABLISHED_CONSUMER","category|Room exercises|app/src/main/java/com/training/trackplanner/analysis/features/MetadataReadinessReporter.kt#String","1","No v2.2-reviewed exact consumer decision"
"UNESTABLISHED_CONSUMER","category|Room exercises|app/src/main/java/com/training/trackplanner/analysis/lab/AnalysisLabModels.kt#AnalysisMetricDescriptor","1","No v2.2-reviewed exact consumer decision"
"UNESTABLISHED_CONSUMER","category|Room exercises|app/src/main/java/com/training/trackplanner/analysis/lab/AnalysisMetricRegistry.kt#metric","1","No v2.2-reviewed exact consumer decision"
"UNESTABLISHED_CONSUMER","category|Room exercises|app/src/main/java/com/training/trackplanner/analysis/lab/AnalysisMetricRegistry.kt#timeSeriesControlMetrics","1","No v2.2-reviewed exact consumer decision"
"UNESTABLISHED_CONSUMER","category|Room exercises|app/src/main/java/com/training/trackplanner/analysis/lab/AnalysisMetricRegistry.kt#timeSeriesXMetrics","1","No v2.2-reviewed exact consumer decision"
"UNESTABLISHED_CONSUMER","category|Room exercises|app/src/main/java/com/training/trackplanner/analysis/lab/AnalysisMetricRegistry.kt#timeSeriesYMetrics","1","No v2.2-reviewed exact consumer decision"
"UNESTABLISHED_CONSUMER","category|Room exercises|app/src/main/java/com/training/trackplanner/analysis/lab/CholeskyShockIdentifier.kt#temporalGroup","1","No v2.2-reviewed exact consumer decision"
"UNESTABLISHED_CONSUMER","category|Room exercises|app/src/main/java/com/training/trackplanner/analysis/lab/EndogenousVariableSelector.kt#select","1","No v2.2-reviewed exact consumer decision"
"UNESTABLISHED_CONSUMER","category|Room exercises|app/src/main/java/com/training/trackplanner/analysis/lab/StrengthAndMuscleMetricSeriesBuilder.kt#durationHoldContributions","1","No v2.2-reviewed exact consumer decision"
"UNESTABLISHED_CONSUMER","category|Room exercises|app/src/main/java/com/training/trackplanner/analysis/metrics/CommonPlanProjectionMetrics.kt#com","1","No v2.2-reviewed exact consumer decision"
"UNESTABLISHED_CONSUMER","category|Room exercises|app/src/main/java/com/training/trackplanner/analysis/metrics/CommonStrengthMetrics.kt#AnalysisEntry","1","No v2.2-reviewed exact consumer decision"
"UNESTABLISHED_CONSUMER","category|Room exercises|app/src/main/java/com/training/trackplanner/analysis/readiness/AdaptiveBaselineCalculator.kt#calculate","1","No v2.2-reviewed exact consumer decision"
"UNESTABLISHED_CONSUMER","category|Room exercises|app/src/main/java/com/training/trackplanner/analysis/readiness/AdaptiveBaselineUpdateEvaluator.kt#evaluateCategoryExposures","1","No v2.2-reviewed exact consumer decision"
"UNESTABLISHED_CONSUMER","category|Room exercises|app/src/main/java/com/training/trackplanner/analysis/readiness/FatigueDetailSectionBuilder.kt#adaptiveBaselineSection","1","No v2.2-reviewed exact consumer decision"
"UNESTABLISHED_CONSUMER","category|Room exercises|app/src/main/java/com/training/trackplanner/analysis/readiness/FatigueDetailSectionBuilder.kt#build","1","No v2.2-reviewed exact consumer decision"
"UNESTABLISHED_CONSUMER","category|Room exercises|app/src/main/java/com/training/trackplanner/analysis/readiness/FatigueDetailSectionBuilder.kt#categorySection","1","No v2.2-reviewed exact consumer decision"
"UNESTABLISHED_CONSUMER","category|Room exercises|app/src/main/java/com/training/trackplanner/analysis/readiness/FatigueDetailSectionBuilder.kt#restrictionsFor","1","No v2.2-reviewed exact consumer decision"
"UNESTABLISHED_CONSUMER","category|Room exercises|app/src/main/java/com/training/trackplanner/analysis/readiness/FatiguePresentationMapper.kt#highCategories","1","No v2.2-reviewed exact consumer decision"
"UNESTABLISHED_CONSUMER","category|Room exercises|app/src/main/java/com/training/trackplanner/analysis/readiness/FatiguePresentationMapper.kt#map","1","No v2.2-reviewed exact consumer decision"
"UNESTABLISHED_CONSUMER","category|Room exercises|app/src/main/java/com/training/trackplanner/analysis/readiness/FatiguePresentationSnapshot.kt#FatigueCategoryPressure","1","No v2.2-reviewed exact consumer decision"
"UNESTABLISHED_CONSUMER","category|Room exercises|app/src/main/java/com/training/trackplanner/analysis/readiness/FatiguePressureCalculator.kt#calculate","1","No v2.2-reviewed exact consumer decision"
"UNESTABLISHED_CONSUMER","category|Room exercises|app/src/main/java/com/training/trackplanner/analysis/readiness/InitialAdaptationProfile.kt#categorySensitivity","1","No v2.2-reviewed exact consumer decision"
"UNESTABLISHED_CONSUMER","category|Room exercises|app/src/main/java/com/training/trackplanner/analysis/readiness/InitialProfileReadinessAdjuster.kt#adjustBaseline","1","No v2.2-reviewed exact consumer decision"
"UNESTABLISHED_CONSUMER","category|Room exercises|app/src/main/java/com/training/trackplanner/analysis/readiness/InitialProfileReadinessAdjuster.kt#targetPressureForCategory","1","No v2.2-reviewed exact consumer decision"
"UNESTABLISHED_CONSUMER","category|Room exercises|app/src/main/java/com/training/trackplanner/analysis/readiness/ResidualFatigueCalculator.kt#bodyPartAdjustedProfile","1","No v2.2-reviewed exact consumer decision"
"UNESTABLISHED_CONSUMER","category|Room exercises|app/src/main/java/com/training/trackplanner/analysis/readiness/ResidualFatigueCalculator.kt#calculate","1","No v2.2-reviewed exact consumer decision"
"UNESTABLISHED_CONSUMER","category|Room exercises|app/src/main/java/com/training/trackplanner/analysis/readiness/ResidualFatigueCalculator.kt#categoryAdjustedDecay","1","No v2.2-reviewed exact consumer decision"
"UNESTABLISHED_CONSUMER","category|Room exercises|app/src/main/java/com/training/trackplanner/analysis/readiness/ResidualFatigueCalculator.kt#categoryAdjustedProfile","1","No v2.2-reviewed exact consumer decision"
"UNESTABLISHED_CONSUMER","category|Room exercises|app/src/main/java/com/training/trackplanner/analysis/readiness/StatisticalBaselineCalculator.kt#calculate","1","No v2.2-reviewed exact consumer decision"
"UNESTABLISHED_CONSUMER","category|Room exercises|app/src/main/java/com/training/trackplanner/analysis/readiness/TodayReadinessDecisionEngine.kt#statusFromPressure","1","No v2.2-reviewed exact consumer decision"
"UNESTABLISHED_CONSUMER","category|Room exercises|app/src/main/java/com/training/trackplanner/analysis/readiness/TodayReadinessEngine.kt#outcomeSignalsFromMetrics","1","No v2.2-reviewed exact consumer decision"
"UNESTABLISHED_CONSUMER","category|Room exercises|app/src/main/java/com/training/trackplanner/analysis/readiness/TodayReadinessModels.kt#AdaptiveOutcomeSignal","1","No v2.2-reviewed exact consumer decision"
"UNESTABLISHED_CONSUMER","category|Room exercises|app/src/main/java/com/training/trackplanner/analysis/readiness/TodayReadinessSentenceBuilder.kt#primaryReasons","1","No v2.2-reviewed exact consumer decision"
"UNESTABLISHED_CONSUMER","category|Room exercises|app/src/main/java/com/training/trackplanner/AnalysisLabUi.kt#LabMetricCatalogCard","1","No v2.2-reviewed exact consumer decision"
"UNESTABLISHED_CONSUMER","category|Room exercises|app/src/main/java/com/training/trackplanner/AnalysisLabUi.kt#MetricAxisDropdown","1","No v2.2-reviewed exact consumer decision"
"UNESTABLISHED_CONSUMER","category|Room exercises|app/src/main/java/com/training/trackplanner/AnalysisLabUi.kt#MetricMultiSelectDialog","1","No v2.2-reviewed exact consumer decision"
"UNESTABLISHED_CONSUMER","category|Room exercises|app/src/main/java/com/training/trackplanner/CommonUi.kt#Exercise","1","No v2.2-reviewed exact consumer decision"
"UNESTABLISHED_CONSUMER","category|Room exercises|app/src/main/java/com/training/trackplanner/CommonUi.kt#ExerciseDetailCard","1","No v2.2-reviewed exact consumer decision"
"UNESTABLISHED_CONSUMER","category|Room exercises|app/src/main/java/com/training/trackplanner/CommonUi.kt#ExerciseListItem","1","No v2.2-reviewed exact consumer decision"
"UNESTABLISHED_CONSUMER","category|Room exercises|app/src/main/java/com/training/trackplanner/data/BackupExportService.kt#export","1","No v2.2-reviewed exact consumer decision"
"UNESTABLISHED_CONSUMER","category|Room exercises|app/src/main/java/com/training/trackplanner/data/BackupRestoreCanonicalizer.kt#minimalStub","1","No v2.2-reviewed exact consumer decision"
"UNESTABLISHED_CONSUMER","category|Room exercises|app/src/main/java/com/training/trackplanner/data/BackupRestoreCanonicalizer.kt#resolve","1","No v2.2-reviewed exact consumer decision"
"UNESTABLISHED_CONSUMER","category|Room exercises|app/src/main/java/com/training/trackplanner/data/BackupRestoreImportService.kt#Exercise","1","No v2.2-reviewed exact consumer decision"
"UNESTABLISHED_CONSUMER","category|Room exercises|app/src/main/java/com/training/trackplanner/data/BackupRestoreImportService.kt#findLegacyDuplicateRestoreEntry","1","No v2.2-reviewed exact consumer decision"
"UNESTABLISHED_CONSUMER","category|Room exercises|app/src/main/java/com/training/trackplanner/data/BackupRestoreImportService.kt#importRestorePlan","1","No v2.2-reviewed exact consumer decision"
"UNESTABLISHED_CONSUMER","category|Room exercises|app/src/main/java/com/training/trackplanner/data/BackupRestoreImportService.kt#RestoreExerciseRow","1","No v2.2-reviewed exact consumer decision"
"UNESTABLISHED_CONSUMER","category|Room exercises|app/src/main/java/com/training/trackplanner/data/BackupRestoreImportService.kt#restoreProgramSnapshot","1","No v2.2-reviewed exact consumer decision"
"UNESTABLISHED_CONSUMER","category|Room exercises|app/src/main/java/com/training/trackplanner/data/CanonicalExerciseMetadataRepository.kt#exerciseFrom","1","No v2.2-reviewed exact consumer decision"
"UNESTABLISHED_CONSUMER","category|Room exercises|app/src/main/java/com/training/trackplanner/data/Daos.kt#ExerciseDao","1","No v2.2-reviewed exact consumer decision"
"UNESTABLISHED_CONSUMER","category|Room exercises|app/src/main/java/com/training/trackplanner/data/Daos.kt#observeAnalysisStats","1","No v2.2-reviewed exact consumer decision"
"UNESTABLISHED_CONSUMER","category|Room exercises|app/src/main/java/com/training/trackplanner/data/Entities.kt#Exercise","1","No v2.2-reviewed exact consumer decision"
"UNESTABLISHED_CONSUMER","category|Room exercises|app/src/main/java/com/training/trackplanner/data/Entities.kt#TrainingProgramItem","1","No v2.2-reviewed exact consumer decision"
"UNESTABLISHED_CONSUMER","category|Room exercises|app/src/main/java/com/training/trackplanner/data/Entities.kt#WorkoutEntry","1","No v2.2-reviewed exact consumer decision"
"UNESTABLISHED_CONSUMER","category|Room exercises|app/src/main/java/com/training/trackplanner/data/ExerciseMetadataBackupContract.kt#ExerciseMetadataFieldPolicyRegistry","1","No v2.2-reviewed exact consumer decision"
"UNESTABLISHED_CONSUMER","category|Room exercises|app/src/main/java/com/training/trackplanner/data/ExerciseMetadataBackupContract.kt#normalize","1","No v2.2-reviewed exact consumer decision"
"UNESTABLISHED_CONSUMER","category|Room exercises|app/src/main/java/com/training/trackplanner/data/ExerciseMetadataEditorService.kt#exerciseEditorData","1","No v2.2-reviewed exact consumer decision"
"UNESTABLISHED_CONSUMER","category|Room exercises|app/src/main/java/com/training/trackplanner/data/ExerciseMetadataEditorService.kt#saveExerciseEditor","1","No v2.2-reviewed exact consumer decision"
"UNESTABLISHED_CONSUMER","category|Room exercises|app/src/main/java/com/training/trackplanner/data/ExercisePlanning.kt#Exercise","1","No v2.2-reviewed exact consumer decision"
"UNESTABLISHED_CONSUMER","category|Room exercises|app/src/main/java/com/training/trackplanner/data/ExerciseStableKeyMigration.kt#createExerciseTable","1","No v2.2-reviewed exact consumer decision"
"UNESTABLISHED_CONSUMER","category|Room exercises|app/src/main/java/com/training/trackplanner/data/ExerciseStableKeyMigration.kt#createProgramItemsTable","1","No v2.2-reviewed exact consumer decision"
"UNESTABLISHED_CONSUMER","category|Room exercises|app/src/main/java/com/training/trackplanner/data/ExerciseStableKeyMigration.kt#createWorkoutEntriesTable","1","No v2.2-reviewed exact consumer decision"
"UNESTABLISHED_CONSUMER","category|Room exercises|app/src/main/java/com/training/trackplanner/data/ExerciseStableKeyMigration.kt#insertUnresolvedExercise","1","No v2.2-reviewed exact consumer decision"
"UNESTABLISHED_CONSUMER","category|Room exercises|app/src/main/java/com/training/trackplanner/data/ExerciseStableKeyMigration.kt#migrate","1","No v2.2-reviewed exact consumer decision"
"UNESTABLISHED_CONSUMER","category|Room exercises|app/src/main/java/com/training/trackplanner/data/ProgramBuilder.kt#build","1","No v2.2-reviewed exact consumer decision"
"UNESTABLISHED_CONSUMER","category|Room exercises|app/src/main/java/com/training/trackplanner/data/ProgramBuilder.kt#GeneratedProgramSkeleton","1","No v2.2-reviewed exact consumer decision"
"UNESTABLISHED_CONSUMER","category|Room exercises|app/src/main/java/com/training/trackplanner/data/ProgramBuilder.kt#ProgramSkeletonItem","1","No v2.2-reviewed exact consumer decision"
"UNESTABLISHED_CONSUMER","category|Room exercises|app/src/main/java/com/training/trackplanner/data/ProgramExerciseSpec.kt#ProgramExerciseSpec","1","No v2.2-reviewed exact consumer decision"
"UNESTABLISHED_CONSUMER","category|Room exercises|app/src/main/java/com/training/trackplanner/data/ProgramExerciseSpec.kt#ResolvedProgramExercise","1","No v2.2-reviewed exact consumer decision"
"UNESTABLISHED_CONSUMER","category|Room exercises|app/src/main/java/com/training/trackplanner/data/ProgramIntensityResolver.kt#badminton","1","No v2.2-reviewed exact consumer decision"
"UNESTABLISHED_CONSUMER","category|Room exercises|app/src/main/java/com/training/trackplanner/data/ProgramIssueDrivenRerankPolicy.kt#ProgramSkeletonItem","1","No v2.2-reviewed exact consumer decision"
"UNESTABLISHED_CONSUMER","category|Room exercises|app/src/main/java/com/training/trackplanner/data/ProgramPlanService.kt#addExerciseToProgram","1","No v2.2-reviewed exact consumer decision"
"UNESTABLISHED_CONSUMER","category|Room exercises|app/src/main/java/com/training/trackplanner/data/ProgramPlanService.kt#applyProgramToDates","1","No v2.2-reviewed exact consumer decision"
"UNESTABLISHED_CONSUMER","category|Room exercises|app/src/main/java/com/training/trackplanner/data/ProgramPlanService.kt#createProgramFromRecordRange","1","No v2.2-reviewed exact consumer decision"
"UNESTABLISHED_CONSUMER","category|Room exercises|app/src/main/java/com/training/trackplanner/data/ProgramPlanService.kt#ProgramSkeletonItem","1","No v2.2-reviewed exact consumer decision"
"UNESTABLISHED_CONSUMER","category|Room exercises|app/src/main/java/com/training/trackplanner/data/ProgramRuleTables.kt#badminton","1","No v2.2-reviewed exact consumer decision"
"UNESTABLISHED_CONSUMER","category|Room exercises|app/src/main/java/com/training/trackplanner/data/ProgramSkeletonGenerator.kt#ProgramSkeletonItem","1","No v2.2-reviewed exact consumer decision"
"UNESTABLISHED_CONSUMER","category|Room exercises|app/src/main/java/com/training/trackplanner/data/ProgramSlotAllocator.kt#allocate","1","No v2.2-reviewed exact consumer decision"
"UNESTABLISHED_CONSUMER","category|Room exercises|app/src/main/java/com/training/trackplanner/data/ProgramSlotAllocator.kt#badmintonCount","1","No v2.2-reviewed exact consumer decision"
"UNESTABLISHED_CONSUMER","category|Room exercises|app/src/main/java/com/training/trackplanner/data/ProgramSlotAllocator.kt#chooseBadminton","1","No v2.2-reviewed exact consumer decision"
"UNESTABLISHED_CONSUMER","category|Room exercises|app/src/main/java/com/training/trackplanner/data/ProgramSlotAllocator.kt#item","1","No v2.2-reviewed exact consumer decision"
"UNESTABLISHED_CONSUMER","category|Room exercises|app/src/main/java/com/training/trackplanner/data/ProgramSlotDefinition.kt#ProgramSlotDefinition","1","No v2.2-reviewed exact consumer decision"
"UNESTABLISHED_CONSUMER","category|Room exercises|app/src/main/java/com/training/trackplanner/data/ProgramSlotDefinition.kt#ProgramSlotDefinitions","1","No v2.2-reviewed exact consumer decision"
"UNESTABLISHED_CONSUMER","category|Room exercises|app/src/main/java/com/training/trackplanner/data/RecordCsvBackupRestore.kt#appendStrengthRow","1","No v2.2-reviewed exact consumer decision"
"UNESTABLISHED_CONSUMER","category|Room exercises|app/src/main/java/com/training/trackplanner/data/RecordCsvBackupRestore.kt#legacyExerciseSnapshotRows","1","No v2.2-reviewed exact consumer decision"
"UNESTABLISHED_CONSUMER","category|Room exercises|app/src/main/java/com/training/trackplanner/data/RecordCsvBackupRestore.kt#parseRestore","1","No v2.2-reviewed exact consumer decision"
"UNESTABLISHED_CONSUMER","category|Room exercises|app/src/main/java/com/training/trackplanner/data/RecordCsvBackupRestore.kt#ProgramBackupItem","1","No v2.2-reviewed exact consumer decision"
"UNESTABLISHED_CONSUMER","category|Room exercises|app/src/main/java/com/training/trackplanner/data/RecordCsvBackupRestore.kt#RecordCsvBackupRestore","1","No v2.2-reviewed exact consumer decision"
"UNESTABLISHED_CONSUMER","category|Room exercises|app/src/main/java/com/training/trackplanner/data/RecordCsvBackupRestore.kt#RestoreExerciseRow","1","No v2.2-reviewed exact consumer decision"
"UNESTABLISHED_CONSUMER","category|Room exercises|app/src/main/java/com/training/trackplanner/data/RecordCsvBackupRestore.kt#RestoreSetRow","1","No v2.2-reviewed exact consumer decision"
"UNESTABLISHED_CONSUMER","category|Room exercises|app/src/main/java/com/training/trackplanner/data/RecordCsvBackupRestore.kt#value","1","No v2.2-reviewed exact consumer decision"
"UNESTABLISHED_CONSUMER","category|Room exercises|app/src/main/java/com/training/trackplanner/data/RecordMutationService.kt#addWorkoutEntry","1","No v2.2-reviewed exact consumer decision"
"UNESTABLISHED_CONSUMER","category|Room exercises|app/src/main/java/com/training/trackplanner/data/RecordMutationService.kt#defaultSet","1","No v2.2-reviewed exact consumer decision"
"UNESTABLISHED_CONSUMER","category|Room exercises|app/src/main/java/com/training/trackplanner/data/RuntimeExerciseMetadataResolver.kt#Exercise","1","No v2.2-reviewed exact consumer decision"
"UNESTABLISHED_CONSUMER","category|Room exercises|app/src/main/java/com/training/trackplanner/data/SafeBackupRestore.kt#contentToken","1","No v2.2-reviewed exact consumer decision"
"UNESTABLISHED_CONSUMER","category|Room exercises|app/src/main/java/com/training/trackplanner/data/SafeBackupRestore.kt#Exercise","1","No v2.2-reviewed exact consumer decision"
"UNESTABLISHED_CONSUMER","category|Room exercises|app/src/main/java/com/training/trackplanner/data/SafeBackupRestore.kt#RecordCsvImportData","1","No v2.2-reviewed exact consumer decision"
"UNESTABLISHED_CONSUMER","category|Room exercises|app/src/main/java/com/training/trackplanner/data/SafeBackupRestore.kt#RestoreExerciseRow","1","No v2.2-reviewed exact consumer decision"
"UNESTABLISHED_CONSUMER","category|Room exercises|app/src/main/java/com/training/trackplanner/data/SafeBackupRestore.kt#RestoreWorkoutGraph","1","No v2.2-reviewed exact consumer decision"
"UNESTABLISHED_CONSUMER","category|Room exercises|app/src/main/java/com/training/trackplanner/data/SafeBackupRestore.kt#WorkoutEntryWithSets","1","No v2.2-reviewed exact consumer decision"
"UNESTABLISHED_CONSUMER","category|Room exercises|app/src/main/java/com/training/trackplanner/data/SeedData.kt#activityKindFor","1","No v2.2-reviewed exact consumer decision"
"UNESTABLISHED_CONSUMER","category|Room exercises|app/src/main/java/com/training/trackplanner/data/SeedData.kt#analysisMovementCategoryFor","1","No v2.2-reviewed exact consumer decision"
"UNESTABLISHED_CONSUMER","category|Room exercises|app/src/main/java/com/training/trackplanner/data/SeedData.kt#bodyRegionFor","1","No v2.2-reviewed exact consumer decision"
"UNESTABLISHED_CONSUMER","category|Room exercises|app/src/main/java/com/training/trackplanner/data/SeedData.kt#exerciseFromCsv","1","No v2.2-reviewed exact consumer decision"
"UNESTABLISHED_CONSUMER","category|Room exercises|app/src/main/java/com/training/trackplanner/data/SeedData.kt#fallbackSecondaryMuscles","1","No v2.2-reviewed exact consumer decision"
"UNESTABLISHED_CONSUMER","category|Room exercises|app/src/main/java/com/training/trackplanner/data/SeedData.kt#familyIdFor","1","No v2.2-reviewed exact consumer decision"
"UNESTABLISHED_CONSUMER","category|Room exercises|app/src/main/java/com/training/trackplanner/data/SeedData.kt#forceTypeFor","1","No v2.2-reviewed exact consumer decision"
"UNESTABLISHED_CONSUMER","category|Room exercises|app/src/main/java/com/training/trackplanner/data/SeedData.kt#movementCategoryFor","1","No v2.2-reviewed exact consumer decision"
"UNESTABLISHED_CONSUMER","category|Room exercises|app/src/main/java/com/training/trackplanner/data/SeedData.kt#movementPatternFor","1","No v2.2-reviewed exact consumer decision"
"UNESTABLISHED_CONSUMER","category|Room exercises|app/src/main/java/com/training/trackplanner/data/SeedData.kt#musclesFor","1","No v2.2-reviewed exact consumer decision"
"UNESTABLISHED_CONSUMER","category|Room exercises|app/src/main/java/com/training/trackplanner/data/SeedData.kt#programItemFromCsv","1","No v2.2-reviewed exact consumer decision"
"UNESTABLISHED_CONSUMER","category|Room exercises|app/src/main/java/com/training/trackplanner/data/SeedData.kt#ProgramItemSeed","1","No v2.2-reviewed exact consumer decision"
"UNESTABLISHED_CONSUMER","category|Room exercises|app/src/main/java/com/training/trackplanner/data/SeedData.kt#sportTransferDirectFor","1","No v2.2-reviewed exact consumer decision"
"UNESTABLISHED_CONSUMER","category|Room exercises|app/src/main/java/com/training/trackplanner/data/SeedData.kt#sportTransferSupportiveFor","1","No v2.2-reviewed exact consumer decision"
"UNESTABLISHED_CONSUMER","category|Room exercises|app/src/main/java/com/training/trackplanner/data/SeedData.kt#validateCatalog","1","No v2.2-reviewed exact consumer decision"
"UNESTABLISHED_CONSUMER","category|Room exercises|app/src/main/java/com/training/trackplanner/data/TrainingRepository.kt#findOrCreateImportedExercise","1","No v2.2-reviewed exact consumer decision"
"UNESTABLISHED_CONSUMER","category|Room exercises|app/src/main/java/com/training/trackplanner/data/TrainingRepository.kt#legacyUpsertRestoredExercise","1","No v2.2-reviewed exact consumer decision"
"UNESTABLISHED_CONSUMER","category|Room exercises|app/src/main/java/com/training/trackplanner/data/TrainingRepository.kt#List","1","No v2.2-reviewed exact consumer decision"
"UNESTABLISHED_CONSUMER","category|Room exercises|app/src/main/java/com/training/trackplanner/data/TrainingRepository.kt#seedMissingPrograms","1","No v2.2-reviewed exact consumer decision"
"UNESTABLISHED_CONSUMER","category|Room exercises|app/src/main/java/com/training/trackplanner/data/TrainingRoleSplitMigration.kt#createExercisesWithoutLegacyRole","1","No v2.2-reviewed exact consumer decision"
"UNESTABLISHED_CONSUMER","category|Room exercises|app/src/main/java/com/training/trackplanner/data/TrainingRoleSplitMigration.kt#migrateIntrinsicTrainingRoles","1","No v2.2-reviewed exact consumer decision"
"UNESTABLISHED_CONSUMER","category|Room exercises|app/src/main/java/com/training/trackplanner/data/TrainingRoleSplitMigration.kt#recreateExerciseReferences","1","No v2.2-reviewed exact consumer decision"
"UNESTABLISHED_CONSUMER","category|Room exercises|app/src/main/java/com/training/trackplanner/ExerciseScreen.kt#ExerciseCategoryFilterControls","1","No v2.2-reviewed exact consumer decision"
"UNESTABLISHED_CONSUMER","category|Room exercises|app/src/main/java/com/training/trackplanner/ExerciseScreen.kt#ExerciseScreen","1","No v2.2-reviewed exact consumer decision"
"UNESTABLISHED_CONSUMER","category|Room exercises|app/src/main/java/com/training/trackplanner/ExerciseSubcategoryMapper.kt#categoriesFor","1","No v2.2-reviewed exact consumer decision"
"UNESTABLISHED_CONSUMER","category|Room exercises|app/src/main/java/com/training/trackplanner/ExerciseSubcategoryMapper.kt#countsFor","1","No v2.2-reviewed exact consumer decision"
"UNESTABLISHED_CONSUMER","category|Room exercises|app/src/main/java/com/training/trackplanner/InitialProfileDialog.kt#breakCategoryToWeeks","1","No v2.2-reviewed exact consumer decision"
"UNESTABLISHED_CONSUMER","category|Room exercises|app/src/main/java/com/training/trackplanner/PlanGeneratedPreview.kt#draftItemForExercise","1","No v2.2-reviewed exact consumer decision"
"UNESTABLISHED_CONSUMER","category|Room exercises|app/src/main/java/com/training/trackplanner/PlanProgramSections.kt#ProgramDaySummarySection","1","No v2.2-reviewed exact consumer decision"
"UNESTABLISHED_CONSUMER","category|Room exercises|app/src/main/java/com/training/trackplanner/PlanScreen.kt#skeletonFromProgram","1","No v2.2-reviewed exact consumer decision"
"UNESTABLISHED_CONSUMER","category|Room exercises|app/src/main/java/com/training/trackplanner/RecordEntryCard.kt#EntryMetaEditor","1","No v2.2-reviewed exact consumer decision"
"UNESTABLISHED_CONSUMER","category|Room exercises|app/src/main/java/com/training/trackplanner/RecordEntryCard.kt#shouldShowWeight","1","No v2.2-reviewed exact consumer decision"
"UNESTABLISHED_CONSUMER","category|Room exercises|app/src/main/java/com/training/trackplanner/RecordEntryCard.kt#shouldUseSportDurationInput","1","No v2.2-reviewed exact consumer decision"
"UNESTABLISHED_CONSUMER","category|Room exercises|app/src/main/java/com/training/trackplanner/RuntimeMetadataExerciseEditorDialog.kt#ExerciseMetadataCopyDialog","1","No v2.2-reviewed exact consumer decision"
"UNESTABLISHED_CONSUMER","category|Room exercises|app/src/main/java/com/training/trackplanner/RuntimeMetadataExerciseEditorDialog.kt#joinExerciseTokens","1","No v2.2-reviewed exact consumer decision"
"UNESTABLISHED_CONSUMER","cognitiveStressTags|canonical asset plus Room runtime_exercise_metadata override|app/src/main/java/com/training/trackplanner/analysis/core/AnalysisInputCollector.kt#Exercise","1","No v2.2-reviewed exact consumer decision"
"UNESTABLISHED_CONSUMER","cognitiveStressTags|canonical asset plus Room runtime_exercise_metadata override|app/src/main/java/com/training/trackplanner/analysis/core/AnalysisInputSnapshot.kt#AnalysisExerciseMetadata","1","No v2.2-reviewed exact consumer decision"
"UNESTABLISHED_CONSUMER","cognitiveStressTags|canonical asset plus Room runtime_exercise_metadata override|app/src/main/java/com/training/trackplanner/analysis/fatigue/DailyFatigueCalculator.kt#calculateAxes","1","No v2.2-reviewed exact consumer decision"
"UNESTABLISHED_CONSUMER","cognitiveStressTags|canonical asset plus Room runtime_exercise_metadata override|app/src/main/java/com/training/trackplanner/analysis/fatigue/DailyFatigueCalculator.kt#from","1","No v2.2-reviewed exact consumer decision"
"UNESTABLISHED_CONSUMER","cognitiveStressTags|canonical asset plus Room runtime_exercise_metadata override|app/src/main/java/com/training/trackplanner/analysis/fatigue/DailyFatigueCalculator.kt#level","1","No v2.2-reviewed exact consumer decision"
"UNESTABLISHED_CONSUMER","cognitiveStressTags|canonical asset plus Room runtime_exercise_metadata override|app/src/main/java/com/training/trackplanner/analysis/fatigue/DailyFatigueCalculator.kt#reactiveLevel","1","No v2.2-reviewed exact consumer decision"
"UNESTABLISHED_CONSUMER","cognitiveStressTags|canonical asset plus Room runtime_exercise_metadata override|app/src/main/java/com/training/trackplanner/analysis/fatigue/DailyFatigueCalculator.kt#ResolvedFatigueMetadata","1","No v2.2-reviewed exact consumer decision"
"UNESTABLISHED_CONSUMER","cognitiveStressTags|canonical asset plus Room runtime_exercise_metadata override|app/src/main/java/com/training/trackplanner/analysis/features/ExerciseAnalysisMapper.kt#AnalysisExerciseFeatures","1","No v2.2-reviewed exact consumer decision"
"UNESTABLISHED_CONSUMER","cognitiveStressTags|canonical asset plus Room runtime_exercise_metadata override|app/src/main/java/com/training/trackplanner/analysis/features/ExerciseAnalysisMapper.kt#fromRecord","1","No v2.2-reviewed exact consumer decision"
"UNESTABLISHED_CONSUMER","cognitiveStressTags|canonical asset plus Room runtime_exercise_metadata override|app/src/main/java/com/training/trackplanner/data/ExerciseMetadataAdapter.kt#fromFields","1","No v2.2-reviewed exact consumer decision"
"UNESTABLISHED_CONSUMER","cognitiveStressTags|canonical asset plus Room runtime_exercise_metadata override|app/src/main/java/com/training/trackplanner/data/ExerciseMetadataAdapter.kt#RuntimeExerciseMetadata","1","No v2.2-reviewed exact consumer decision"
"UNESTABLISHED_CONSUMER","cognitiveStressTags|canonical asset plus Room runtime_exercise_metadata override|app/src/main/java/com/training/trackplanner/data/ExerciseMetadataBackupContract.kt#ExerciseMetadataFieldPolicyRegistry","1","No v2.2-reviewed exact consumer decision"
"UNESTABLISHED_CONSUMER","cognitiveStressTags|canonical asset plus Room runtime_exercise_metadata override|app/src/main/java/com/training/trackplanner/data/ExerciseMetadataBackupContract.kt#normalize","1","No v2.2-reviewed exact consumer decision"
"UNESTABLISHED_CONSUMER","cognitiveStressTags|canonical asset plus Room runtime_exercise_metadata override|app/src/main/java/com/training/trackplanner/data/RecordCsvBackupRestore.kt#appendStrengthRow","1","No v2.2-reviewed exact consumer decision"
"UNESTABLISHED_CONSUMER","cognitiveStressTags|canonical asset plus Room runtime_exercise_metadata override|app/src/main/java/com/training/trackplanner/data/RecordCsvBackupRestore.kt#legacyRuntimeSnapshotRows","1","No v2.2-reviewed exact consumer decision"
"UNESTABLISHED_CONSUMER","cognitiveStressTags|canonical asset plus Room runtime_exercise_metadata override|app/src/main/java/com/training/trackplanner/data/RecordCsvBackupRestore.kt#value","1","No v2.2-reviewed exact consumer decision"
"UNESTABLISHED_CONSUMER","cognitiveStressTags|canonical asset plus Room runtime_exercise_metadata override|app/src/main/java/com/training/trackplanner/data/RuntimeExerciseMetadataPersistence.kt#RuntimeExerciseMetadata","1","No v2.2-reviewed exact consumer decision"
"UNESTABLISHED_CONSUMER","cognitiveStressTags|canonical asset plus Room runtime_exercise_metadata override|app/src/main/java/com/training/trackplanner/data/RuntimeExerciseMetadataPersistence.kt#RuntimeExerciseMetadataEntity","1","No v2.2-reviewed exact consumer decision"
"UNESTABLISHED_CONSUMER","cognitiveStressTags|canonical asset plus Room runtime_exercise_metadata override|app/src/main/java/com/training/trackplanner/data/RuntimeExerciseMetadataResolver.kt#forExercise","1","No v2.2-reviewed exact consumer decision"
"UNESTABLISHED_CONSUMER","cognitiveStressTags|canonical asset plus Room runtime_exercise_metadata override|app/src/main/java/com/training/trackplanner/data/RuntimeExerciseMetadataResolver.kt#forIdentity","1","No v2.2-reviewed exact consumer decision"
"UNESTABLISHED_CONSUMER","cognitiveStressTags|canonical asset plus Room runtime_exercise_metadata override|app/src/main/java/com/training/trackplanner/data/RuntimeExerciseMetadataResolver.kt#merged","1","No v2.2-reviewed exact consumer decision"
"UNESTABLISHED_CONSUMER","cognitiveStressTags|canonical asset plus Room runtime_exercise_metadata override|app/src/main/java/com/training/trackplanner/data/TrainingDatabase.kt#migrate","1","No v2.2-reviewed exact consumer decision"
"UNESTABLISHED_CONSUMER","cognitiveStressTags|canonical asset plus Room runtime_exercise_metadata override|app/src/main/java/com/training/trackplanner/ExerciseSubcategoryMapper.kt#addStructured","1","No v2.2-reviewed exact consumer decision"
"UNESTABLISHED_CONSUMER","cognitiveStressTags|canonical asset plus Room runtime_exercise_metadata override|app/src/main/java/com/training/trackplanner/MetadataDisplayCatalogue.kt#MetadataDisplayField","1","No v2.2-reviewed exact consumer decision"
"UNESTABLISHED_CONSUMER","cognitiveStressTags|canonical asset plus Room runtime_exercise_metadata override|app/src/main/java/com/training/trackplanner/RuntimeMetadataExerciseEditorDialog.kt#joinExerciseTokens","1","No v2.2-reviewed exact consumer decision"
"UNESTABLISHED_CONSUMER","compoundType|Room exercises|app/src/main/java/com/training/trackplanner/analysis/core/AnalysisInputCollector.kt#Exercise","1","No v2.2-reviewed exact consumer decision"
"UNESTABLISHED_CONSUMER","compoundType|Room exercises|app/src/main/java/com/training/trackplanner/analysis/core/AnalysisInputSnapshot.kt#AnalysisExerciseMetadata","1","No v2.2-reviewed exact consumer decision"
"UNESTABLISHED_CONSUMER","compoundType|Room exercises|app/src/main/java/com/training/trackplanner/analysis/features/ExerciseAnalysisMapper.kt#AnalysisExerciseFeatures","1","No v2.2-reviewed exact consumer decision"
"UNESTABLISHED_CONSUMER","compoundType|Room exercises|app/src/main/java/com/training/trackplanner/analysis/features/ExerciseAnalysisMapper.kt#fromRecord","1","No v2.2-reviewed exact consumer decision"
"UNESTABLISHED_CONSUMER","compoundType|Room exercises|app/src/main/java/com/training/trackplanner/analysis/features/MetadataReadinessReporter.kt#Exercise","1","No v2.2-reviewed exact consumer decision"
"UNESTABLISHED_CONSUMER","compoundType|Room exercises|app/src/main/java/com/training/trackplanner/analysis/trends/PerformanceTrendConstants.kt#exerciseStrengthWeight","1","No v2.2-reviewed exact consumer decision"
"UNESTABLISHED_CONSUMER","compoundType|Room exercises|app/src/main/java/com/training/trackplanner/analysis/trends/PerformanceTrendConstants.kt#volumeEligibilityWeight","1","No v2.2-reviewed exact consumer decision"
"UNESTABLISHED_CONSUMER","compoundType|Room exercises|app/src/main/java/com/training/trackplanner/analysis/trends/StrengthPerformanceIndexCalculator.kt#calculate","1","No v2.2-reviewed exact consumer decision"
"UNESTABLISHED_CONSUMER","compoundType|Room exercises|app/src/main/java/com/training/trackplanner/analysis/trends/StrengthPerformanceIndexCalculator.kt#List","1","No v2.2-reviewed exact consumer decision"
"UNESTABLISHED_CONSUMER","compoundType|Room exercises|app/src/main/java/com/training/trackplanner/data/CanonicalExerciseMetadataRepository.kt#exerciseFrom","1","No v2.2-reviewed exact consumer decision"
"UNESTABLISHED_CONSUMER","compoundType|Room exercises|app/src/main/java/com/training/trackplanner/data/Entities.kt#Exercise","1","No v2.2-reviewed exact consumer decision"
"UNESTABLISHED_CONSUMER","compoundType|Room exercises|app/src/main/java/com/training/trackplanner/data/ExerciseMetadataBackupContract.kt#ExerciseMetadataFieldPolicyRegistry","1","No v2.2-reviewed exact consumer decision"
"UNESTABLISHED_CONSUMER","compoundType|Room exercises|app/src/main/java/com/training/trackplanner/data/ExerciseMetadataBackupContract.kt#normalize","1","No v2.2-reviewed exact consumer decision"
"UNESTABLISHED_CONSUMER","compoundType|Room exercises|app/src/main/java/com/training/trackplanner/data/ExerciseMetadataMapper.kt#applyMetadata","1","No v2.2-reviewed exact consumer decision"
"UNESTABLISHED_CONSUMER","compoundType|Room exercises|app/src/main/java/com/training/trackplanner/data/ExerciseMetadataMapper.kt#MetadataSource","1","No v2.2-reviewed exact consumer decision"
"UNESTABLISHED_CONSUMER","compoundType|Room exercises|app/src/main/java/com/training/trackplanner/data/ExerciseMetadataTaxonomy.kt#CompoundType","1","No v2.2-reviewed exact consumer decision"
"UNESTABLISHED_CONSUMER","compoundType|Room exercises|app/src/main/java/com/training/trackplanner/data/ExerciseStableKeyMigration.kt#createExerciseTable","1","No v2.2-reviewed exact consumer decision"
"UNESTABLISHED_CONSUMER","compoundType|Room exercises|app/src/main/java/com/training/trackplanner/data/ExerciseStableKeyMigration.kt#insertUnresolvedExercise","1","No v2.2-reviewed exact consumer decision"
"UNESTABLISHED_CONSUMER","compoundType|Room exercises|app/src/main/java/com/training/trackplanner/data/ExerciseStableKeyMigration.kt#migrate","1","No v2.2-reviewed exact consumer decision"
"UNESTABLISHED_CONSUMER","compoundType|Room exercises|app/src/main/java/com/training/trackplanner/data/MetadataSanityChecker.kt#check","1","No v2.2-reviewed exact consumer decision"
"UNESTABLISHED_CONSUMER","compoundType|Room exercises|app/src/main/java/com/training/trackplanner/data/MetadataSanityChecker.kt#Exercise","1","No v2.2-reviewed exact consumer decision"
"UNESTABLISHED_CONSUMER","compoundType|Room exercises|app/src/main/java/com/training/trackplanner/data/RuntimeExerciseMetadataResolver.kt#Exercise","1","No v2.2-reviewed exact consumer decision"
"UNESTABLISHED_CONSUMER","compoundType|Room exercises|app/src/main/java/com/training/trackplanner/data/SeedData.kt#validateCatalog","1","No v2.2-reviewed exact consumer decision"
"UNESTABLISHED_CONSUMER","compoundType|Room exercises|app/src/main/java/com/training/trackplanner/data/TrainingDatabase.kt#migrate","1","No v2.2-reviewed exact consumer decision"
"UNESTABLISHED_CONSUMER","compoundType|Room exercises|app/src/main/java/com/training/trackplanner/data/TrainingRepository.kt#Exercise","1","No v2.2-reviewed exact consumer decision"
"UNESTABLISHED_CONSUMER","compoundType|Room exercises|app/src/main/java/com/training/trackplanner/data/TrainingRoleSplitMigration.kt#createExercisesWithoutLegacyRole","1","No v2.2-reviewed exact consumer decision"
"UNESTABLISHED_CONSUMER","compoundType|Room exercises|app/src/main/java/com/training/trackplanner/data/TrainingRoleSplitMigration.kt#migrateIntrinsicTrainingRoles","1","No v2.2-reviewed exact consumer decision"
"UNESTABLISHED_CONSUMER","courtMovementTypes|Room exercises|app/src/main/java/com/training/trackplanner/analysis/badminton/BadmintonTransferMetadataMapper.kt#legacyTransferAxesForAudit","1","No v2.2-reviewed exact consumer decision"
"UNESTABLISHED_CONSUMER","courtMovementTypes|Room exercises|app/src/main/java/com/training/trackplanner/analysis/badminton/BadmintonTransferMetadataMapper.kt#objectiveKeys","1","No v2.2-reviewed exact consumer decision"
"UNESTABLISHED_CONSUMER","courtMovementTypes|Room exercises|app/src/main/java/com/training/trackplanner/analysis/core/AnalysisInputCollector.kt#Exercise","1","No v2.2-reviewed exact consumer decision"
"UNESTABLISHED_CONSUMER","courtMovementTypes|Room exercises|app/src/main/java/com/training/trackplanner/analysis/core/AnalysisInputSnapshot.kt#AnalysisExerciseMetadata","1","No v2.2-reviewed exact consumer decision"
"UNESTABLISHED_CONSUMER","courtMovementTypes|Room exercises|app/src/main/java/com/training/trackplanner/analysis/fatigue/DailyFatigueCalculator.kt#level","1","No v2.2-reviewed exact consumer decision"
"UNESTABLISHED_CONSUMER","courtMovementTypes|Room exercises|app/src/main/java/com/training/trackplanner/analysis/features/ExerciseAnalysisMapper.kt#AnalysisExerciseFeatures","1","No v2.2-reviewed exact consumer decision"
"UNESTABLISHED_CONSUMER","courtMovementTypes|Room exercises|app/src/main/java/com/training/trackplanner/analysis/features/ExerciseAnalysisMapper.kt#fromRecord","1","No v2.2-reviewed exact consumer decision"
"UNESTABLISHED_CONSUMER","courtMovementTypes|Room exercises|app/src/main/java/com/training/trackplanner/analysis/features/MetadataReadinessReporter.kt#badmintonReady","1","No v2.2-reviewed exact consumer decision"
"UNESTABLISHED_CONSUMER","courtMovementTypes|Room exercises|app/src/main/java/com/training/trackplanner/analysis/features/MetadataReadinessReporter.kt#Exercise","1","No v2.2-reviewed exact consumer decision"
"UNESTABLISHED_CONSUMER","courtMovementTypes|Room exercises|app/src/main/java/com/training/trackplanner/analysis/readiness/DailyAnalysisLoadAggregator.kt#aggregate","1","No v2.2-reviewed exact consumer decision"
"UNESTABLISHED_CONSUMER","courtMovementTypes|Room exercises|app/src/main/java/com/training/trackplanner/analysis/trends/BadmintonTrainingLoadIndexCalculator.kt#AnalysisExerciseFeatures","1","No v2.2-reviewed exact consumer decision"
"UNESTABLISHED_CONSUMER","courtMovementTypes|Room exercises|app/src/main/java/com/training/trackplanner/analysis/trends/BadmintonTrainingMethodLabels.kt#keysFrom","1","No v2.2-reviewed exact consumer decision"
"UNESTABLISHED_CONSUMER","courtMovementTypes|Room exercises|app/src/main/java/com/training/trackplanner/analysis/trends/BadmintonTrainingMethodSeries.kt#totals","1","No v2.2-reviewed exact consumer decision"
"UNESTABLISHED_CONSUMER","courtMovementTypes|Room exercises|app/src/main/java/com/training/trackplanner/analysis/trends/BadmintonTrainingMethodSeries.kt#weeklyStackedGroups","1","No v2.2-reviewed exact consumer decision"
"UNESTABLISHED_CONSUMER","courtMovementTypes|Room exercises|app/src/main/java/com/training/trackplanner/data/CanonicalExerciseMetadataRepository.kt#exerciseFrom","1","No v2.2-reviewed exact consumer decision"
"UNESTABLISHED_CONSUMER","courtMovementTypes|Room exercises|app/src/main/java/com/training/trackplanner/data/Entities.kt#Exercise","1","No v2.2-reviewed exact consumer decision"
"UNESTABLISHED_CONSUMER","courtMovementTypes|Room exercises|app/src/main/java/com/training/trackplanner/data/ExerciseMetadataBackupContract.kt#ExerciseMetadataFieldPolicyRegistry","1","No v2.2-reviewed exact consumer decision"
"UNESTABLISHED_CONSUMER","courtMovementTypes|Room exercises|app/src/main/java/com/training/trackplanner/data/ExerciseMetadataBackupContract.kt#normalize","1","No v2.2-reviewed exact consumer decision"
"UNESTABLISHED_CONSUMER","courtMovementTypes|Room exercises|app/src/main/java/com/training/trackplanner/data/ExerciseMetadataMapper.kt#applyMetadata","1","No v2.2-reviewed exact consumer decision"
"UNESTABLISHED_CONSUMER","courtMovementTypes|Room exercises|app/src/main/java/com/training/trackplanner/data/ExerciseMetadataMapper.kt#MetadataSource","1","No v2.2-reviewed exact consumer decision"
"UNESTABLISHED_CONSUMER","courtMovementTypes|Room exercises|app/src/main/java/com/training/trackplanner/data/ExerciseStableKeyMigration.kt#createExerciseTable","1","No v2.2-reviewed exact consumer decision"
"UNESTABLISHED_CONSUMER","courtMovementTypes|Room exercises|app/src/main/java/com/training/trackplanner/data/ExerciseStableKeyMigration.kt#insertUnresolvedExercise","1","No v2.2-reviewed exact consumer decision"
"UNESTABLISHED_CONSUMER","courtMovementTypes|Room exercises|app/src/main/java/com/training/trackplanner/data/ExerciseStableKeyMigration.kt#migrate","1","No v2.2-reviewed exact consumer decision"
"UNESTABLISHED_CONSUMER","courtMovementTypes|Room exercises|app/src/main/java/com/training/trackplanner/data/MetadataSanityChecker.kt#check","1","No v2.2-reviewed exact consumer decision"
"UNESTABLISHED_CONSUMER","courtMovementTypes|Room exercises|app/src/main/java/com/training/trackplanner/data/MetadataSanityChecker.kt#Exercise","1","No v2.2-reviewed exact consumer decision"
"UNESTABLISHED_CONSUMER","courtMovementTypes|Room exercises|app/src/main/java/com/training/trackplanner/data/RuntimeExerciseMetadataResolver.kt#Exercise","1","No v2.2-reviewed exact consumer decision"
"UNESTABLISHED_CONSUMER","courtMovementTypes|Room exercises|app/src/main/java/com/training/trackplanner/data/RuntimeExerciseMetadataResolver.kt#forExercise","1","No v2.2-reviewed exact consumer decision"
"UNESTABLISHED_CONSUMER","courtMovementTypes|Room exercises|app/src/main/java/com/training/trackplanner/data/SeedData.kt#validateCatalog","1","No v2.2-reviewed exact consumer decision"
"UNESTABLISHED_CONSUMER","courtMovementTypes|Room exercises|app/src/main/java/com/training/trackplanner/data/TrainingDatabase.kt#migrate","1","No v2.2-reviewed exact consumer decision"
"UNESTABLISHED_CONSUMER","courtMovementTypes|Room exercises|app/src/main/java/com/training/trackplanner/data/TrainingRepository.kt#Exercise","1","No v2.2-reviewed exact consumer decision"
"UNESTABLISHED_CONSUMER","courtMovementTypes|Room exercises|app/src/main/java/com/training/trackplanner/data/TrainingRoleSplitMigration.kt#createExercisesWithoutLegacyRole","1","No v2.2-reviewed exact consumer decision"
"UNESTABLISHED_CONSUMER","courtMovementTypes|Room exercises|app/src/main/java/com/training/trackplanner/data/TrainingRoleSplitMigration.kt#migrateIntrinsicTrainingRoles","1","No v2.2-reviewed exact consumer decision"
"UNESTABLISHED_CONSUMER","decelerationWeight|Room exercises|app/src/main/java/com/training/trackplanner/analysis/badminton/BadmintonTransferMetadataMapper.kt#fatigueCost","1","No v2.2-reviewed exact consumer decision"
"UNESTABLISHED_CONSUMER","decelerationWeight|Room exercises|app/src/main/java/com/training/trackplanner/analysis/core/AnalysisInputCollector.kt#Exercise","1","No v2.2-reviewed exact consumer decision"
"UNESTABLISHED_CONSUMER","decelerationWeight|Room exercises|app/src/main/java/com/training/trackplanner/analysis/core/AnalysisInputSnapshot.kt#AnalysisExerciseMetadata","1","No v2.2-reviewed exact consumer decision"
"UNESTABLISHED_CONSUMER","decelerationWeight|Room exercises|app/src/main/java/com/training/trackplanner/analysis/fatigue/DailyFatigueCalculator.kt#level","1","No v2.2-reviewed exact consumer decision"
"UNESTABLISHED_CONSUMER","decelerationWeight|Room exercises|app/src/main/java/com/training/trackplanner/analysis/features/ExerciseAnalysisMapper.kt#AnalysisExerciseFeatures","1","No v2.2-reviewed exact consumer decision"
"UNESTABLISHED_CONSUMER","decelerationWeight|Room exercises|app/src/main/java/com/training/trackplanner/analysis/features/ExerciseAnalysisMapper.kt#fromRecord","1","No v2.2-reviewed exact consumer decision"
"UNESTABLISHED_CONSUMER","decelerationWeight|Room exercises|app/src/main/java/com/training/trackplanner/analysis/readiness/DailyAnalysisLoadAggregator.kt#aggregate","1","No v2.2-reviewed exact consumer decision"
"UNESTABLISHED_CONSUMER","decelerationWeight|Room exercises|app/src/main/java/com/training/trackplanner/data/CanonicalExerciseMetadataRepository.kt#exerciseFrom","1","No v2.2-reviewed exact consumer decision"
"UNESTABLISHED_CONSUMER","decelerationWeight|Room exercises|app/src/main/java/com/training/trackplanner/data/Entities.kt#Exercise","1","No v2.2-reviewed exact consumer decision"
"UNESTABLISHED_CONSUMER","decelerationWeight|Room exercises|app/src/main/java/com/training/trackplanner/data/ExerciseMetadataBackupContract.kt#ExerciseMetadataFieldPolicyRegistry","1","No v2.2-reviewed exact consumer decision"
"UNESTABLISHED_CONSUMER","decelerationWeight|Room exercises|app/src/main/java/com/training/trackplanner/data/ExerciseMetadataBackupContract.kt#normalize","1","No v2.2-reviewed exact consumer decision"
"UNESTABLISHED_CONSUMER","decelerationWeight|Room exercises|app/src/main/java/com/training/trackplanner/data/ExerciseMetadataMapper.kt#applyMetadata","1","No v2.2-reviewed exact consumer decision"
"UNESTABLISHED_CONSUMER","decelerationWeight|Room exercises|app/src/main/java/com/training/trackplanner/data/ExerciseMetadataMapper.kt#FatigueWeights","1","No v2.2-reviewed exact consumer decision"
"UNESTABLISHED_CONSUMER","decelerationWeight|Room exercises|app/src/main/java/com/training/trackplanner/data/ExerciseMetadataMapper.kt#MetadataSource","1","No v2.2-reviewed exact consumer decision"
"UNESTABLISHED_CONSUMER","decelerationWeight|Room exercises|app/src/main/java/com/training/trackplanner/data/ExerciseStableKeyMigration.kt#createExerciseTable","1","No v2.2-reviewed exact consumer decision"
"UNESTABLISHED_CONSUMER","decelerationWeight|Room exercises|app/src/main/java/com/training/trackplanner/data/ExerciseStableKeyMigration.kt#insertUnresolvedExercise","1","No v2.2-reviewed exact consumer decision"
"UNESTABLISHED_CONSUMER","decelerationWeight|Room exercises|app/src/main/java/com/training/trackplanner/data/ExerciseStableKeyMigration.kt#migrate","1","No v2.2-reviewed exact consumer decision"
"UNESTABLISHED_CONSUMER","decelerationWeight|Room exercises|app/src/main/java/com/training/trackplanner/data/MetadataSanityChecker.kt#check","1","No v2.2-reviewed exact consumer decision"
"UNESTABLISHED_CONSUMER","decelerationWeight|Room exercises|app/src/main/java/com/training/trackplanner/data/MetadataSanityChecker.kt#Exercise","1","No v2.2-reviewed exact consumer decision"
"UNESTABLISHED_CONSUMER","decelerationWeight|Room exercises|app/src/main/java/com/training/trackplanner/data/RuntimeExerciseMetadataResolver.kt#Exercise","1","No v2.2-reviewed exact consumer decision"
"UNESTABLISHED_CONSUMER","decelerationWeight|Room exercises|app/src/main/java/com/training/trackplanner/data/RuntimeExerciseMetadataResolver.kt#forExercise","1","No v2.2-reviewed exact consumer decision"
"UNESTABLISHED_CONSUMER","decelerationWeight|Room exercises|app/src/main/java/com/training/trackplanner/data/TrainingDatabase.kt#migrate","1","No v2.2-reviewed exact consumer decision"
"UNESTABLISHED_CONSUMER","decelerationWeight|Room exercises|app/src/main/java/com/training/trackplanner/data/TrainingRoleSplitMigration.kt#createExercisesWithoutLegacyRole","1","No v2.2-reviewed exact consumer decision"
"UNESTABLISHED_CONSUMER","decelerationWeight|Room exercises|app/src/main/java/com/training/trackplanner/data/TrainingRoleSplitMigration.kt#migrateIntrinsicTrainingRoles","1","No v2.2-reviewed exact consumer decision"
"UNESTABLISHED_CONSUMER","description|Room exercises|app/src/main/java/com/training/trackplanner/analysis/lab/AnalysisLabModels.kt#AnalysisMetricDescriptor","1","No v2.2-reviewed exact consumer decision"
"UNESTABLISHED_CONSUMER","description|Room exercises|app/src/main/java/com/training/trackplanner/analysis/lab/AnalysisMetricRegistry.kt#metric","1","No v2.2-reviewed exact consumer decision"
"UNESTABLISHED_CONSUMER","description|Room exercises|app/src/main/java/com/training/trackplanner/analysis/readiness/TodayReadinessModels.kt#MetricDisplayItem","1","No v2.2-reviewed exact consumer decision"
"UNESTABLISHED_CONSUMER","description|Room exercises|app/src/main/java/com/training/trackplanner/analysis/trends/BadmintonTrainingMethodLabels.kt#description","1","No v2.2-reviewed exact consumer decision"
"UNESTABLISHED_CONSUMER","description|Room exercises|app/src/main/java/com/training/trackplanner/AnalysisDetailScreens.kt#BadmintonMethodDescriptionDialog","1","No v2.2-reviewed exact consumer decision"
"UNESTABLISHED_CONSUMER","description|Room exercises|app/src/main/java/com/training/trackplanner/AnalysisLabUi.kt#MetricAxisDropdown","1","No v2.2-reviewed exact consumer decision"
"UNESTABLISHED_CONSUMER","description|Room exercises|app/src/main/java/com/training/trackplanner/AppExplanationScreens.kt#AppExplanationScreen","1","No v2.2-reviewed exact consumer decision"
"UNESTABLISHED_CONSUMER","description|Room exercises|app/src/main/java/com/training/trackplanner/AppExplanationScreens.kt#CalculationPrinciplesScreen","1","No v2.2-reviewed exact consumer decision"
"UNESTABLISHED_CONSUMER","description|Room exercises|app/src/main/java/com/training/trackplanner/AppExplanationScreens.kt#CompactInfoNavigationRow","1","No v2.2-reviewed exact consumer decision"
"UNESTABLISHED_CONSUMER","description|Room exercises|app/src/main/java/com/training/trackplanner/data/BackupRestoreCanonicalizer.kt#minimalStub","1","No v2.2-reviewed exact consumer decision"
"UNESTABLISHED_CONSUMER","description|Room exercises|app/src/main/java/com/training/trackplanner/data/BackupRestoreImportService.kt#Exercise","1","No v2.2-reviewed exact consumer decision"
"UNESTABLISHED_CONSUMER","description|Room exercises|app/src/main/java/com/training/trackplanner/data/BackupRestoreImportService.kt#RestoreExerciseRow","1","No v2.2-reviewed exact consumer decision"
"UNESTABLISHED_CONSUMER","description|Room exercises|app/src/main/java/com/training/trackplanner/data/CanonicalExerciseMetadataRepository.kt#exerciseFrom","1","No v2.2-reviewed exact consumer decision"
"UNESTABLISHED_CONSUMER","description|Room exercises|app/src/main/java/com/training/trackplanner/data/Entities.kt#Exercise","1","No v2.2-reviewed exact consumer decision"
"UNESTABLISHED_CONSUMER","description|Room exercises|app/src/main/java/com/training/trackplanner/data/ExerciseMetadataBackupContract.kt#ExerciseMetadataFieldPolicyRegistry","1","No v2.2-reviewed exact consumer decision"
"UNESTABLISHED_CONSUMER","description|Room exercises|app/src/main/java/com/training/trackplanner/data/ExerciseMetadataBackupContract.kt#normalize","1","No v2.2-reviewed exact consumer decision"
"UNESTABLISHED_CONSUMER","description|Room exercises|app/src/main/java/com/training/trackplanner/data/ExerciseStableKeyMigration.kt#createExerciseTable","1","No v2.2-reviewed exact consumer decision"
"UNESTABLISHED_CONSUMER","description|Room exercises|app/src/main/java/com/training/trackplanner/data/ExerciseStableKeyMigration.kt#insertUnresolvedExercise","1","No v2.2-reviewed exact consumer decision"
"UNESTABLISHED_CONSUMER","description|Room exercises|app/src/main/java/com/training/trackplanner/data/ExerciseStableKeyMigration.kt#migrate","1","No v2.2-reviewed exact consumer decision"
"UNESTABLISHED_CONSUMER","description|Room exercises|app/src/main/java/com/training/trackplanner/data/RecordCsvBackupRestore.kt#appendStrengthRow","1","No v2.2-reviewed exact consumer decision"
"UNESTABLISHED_CONSUMER","description|Room exercises|app/src/main/java/com/training/trackplanner/data/RecordCsvBackupRestore.kt#legacyExerciseSnapshotRows","1","No v2.2-reviewed exact consumer decision"
"UNESTABLISHED_CONSUMER","description|Room exercises|app/src/main/java/com/training/trackplanner/data/RecordCsvBackupRestore.kt#RecordCsvBackupRestore","1","No v2.2-reviewed exact consumer decision"
"UNESTABLISHED_CONSUMER","description|Room exercises|app/src/main/java/com/training/trackplanner/data/RecordCsvBackupRestore.kt#RestoreExerciseRow","1","No v2.2-reviewed exact consumer decision"
"UNESTABLISHED_CONSUMER","description|Room exercises|app/src/main/java/com/training/trackplanner/data/RecordCsvBackupRestore.kt#value","1","No v2.2-reviewed exact consumer decision"
"UNESTABLISHED_CONSUMER","description|Room exercises|app/src/main/java/com/training/trackplanner/data/SafeBackupRestore.kt#Exercise","1","No v2.2-reviewed exact consumer decision"
"UNESTABLISHED_CONSUMER","description|Room exercises|app/src/main/java/com/training/trackplanner/data/SafeBackupRestore.kt#RestoreExerciseRow","1","No v2.2-reviewed exact consumer decision"
"UNESTABLISHED_CONSUMER","description|Room exercises|app/src/main/java/com/training/trackplanner/data/SeedData.kt#exerciseFromCsv","1","No v2.2-reviewed exact consumer decision"
"UNESTABLISHED_CONSUMER","description|Room exercises|app/src/main/java/com/training/trackplanner/data/TrainingRepository.kt#legacyUpsertRestoredExercise","1","No v2.2-reviewed exact consumer decision"
"UNESTABLISHED_CONSUMER","description|Room exercises|app/src/main/java/com/training/trackplanner/data/TrainingRoleSplitMigration.kt#createExercisesWithoutLegacyRole","1","No v2.2-reviewed exact consumer decision"
"UNESTABLISHED_CONSUMER","description|Room exercises|app/src/main/java/com/training/trackplanner/data/TrainingRoleSplitMigration.kt#migrateIntrinsicTrainingRoles","1","No v2.2-reviewed exact consumer decision"
"UNESTABLISHED_CONSUMER","description|Room exercises|app/src/main/java/com/training/trackplanner/HomeScreen.kt#AppLanguageSelector","1","No v2.2-reviewed exact consumer decision"
"UNESTABLISHED_CONSUMER","description|Room exercises|app/src/main/java/com/training/trackplanner/HomeScreen.kt#CompactHomeActionGroup","1","No v2.2-reviewed exact consumer decision"
"UNESTABLISHED_CONSUMER","description|Room exercises|app/src/main/java/com/training/trackplanner/localization/LocalizedPresentation.kt#exerciseDescription","1","No v2.2-reviewed exact consumer decision"
"UNESTABLISHED_CONSUMER","description|Room exercises|app/src/main/java/com/training/trackplanner/RestTimerNotifier.kt#ensureChannel","1","No v2.2-reviewed exact consumer decision"
"UNESTABLISHED_CONSUMER","description|Room exercises|app/src/main/java/com/training/trackplanner/RuntimeMetadataExerciseEditorDialog.kt#joinExerciseTokens","1","No v2.2-reviewed exact consumer decision"
"UNESTABLISHED_CONSUMER","detail1|Room exercises|app/src/main/java/com/training/trackplanner/CommonUi.kt#ExerciseDetailCard","1","No v2.2-reviewed exact consumer decision"
"UNESTABLISHED_CONSUMER","detail1|Room exercises|app/src/main/java/com/training/trackplanner/data/BackupRestoreCanonicalizer.kt#minimalStub","1","No v2.2-reviewed exact consumer decision"
"UNESTABLISHED_CONSUMER","detail1|Room exercises|app/src/main/java/com/training/trackplanner/data/BackupRestoreImportService.kt#Exercise","1","No v2.2-reviewed exact consumer decision"
"UNESTABLISHED_CONSUMER","detail1|Room exercises|app/src/main/java/com/training/trackplanner/data/BackupRestoreImportService.kt#RestoreExerciseRow","1","No v2.2-reviewed exact consumer decision"
"UNESTABLISHED_CONSUMER","detail1|Room exercises|app/src/main/java/com/training/trackplanner/data/CanonicalExerciseMetadataRepository.kt#exerciseFrom","1","No v2.2-reviewed exact consumer decision"
"UNESTABLISHED_CONSUMER","detail1|Room exercises|app/src/main/java/com/training/trackplanner/data/Entities.kt#Exercise","1","No v2.2-reviewed exact consumer decision"
"UNESTABLISHED_CONSUMER","detail1|Room exercises|app/src/main/java/com/training/trackplanner/data/ExerciseMetadataBackupContract.kt#ExerciseMetadataFieldPolicyRegistry","1","No v2.2-reviewed exact consumer decision"
"UNESTABLISHED_CONSUMER","detail1|Room exercises|app/src/main/java/com/training/trackplanner/data/ExerciseMetadataBackupContract.kt#normalize","1","No v2.2-reviewed exact consumer decision"
"UNESTABLISHED_CONSUMER","detail1|Room exercises|app/src/main/java/com/training/trackplanner/data/ExerciseStableKeyMigration.kt#createExerciseTable","1","No v2.2-reviewed exact consumer decision"
"UNESTABLISHED_CONSUMER","detail1|Room exercises|app/src/main/java/com/training/trackplanner/data/ExerciseStableKeyMigration.kt#insertUnresolvedExercise","1","No v2.2-reviewed exact consumer decision"
"UNESTABLISHED_CONSUMER","detail1|Room exercises|app/src/main/java/com/training/trackplanner/data/ExerciseStableKeyMigration.kt#migrate","1","No v2.2-reviewed exact consumer decision"
"UNESTABLISHED_CONSUMER","detail1|Room exercises|app/src/main/java/com/training/trackplanner/data/RecordCsvBackupRestore.kt#appendStrengthRow","1","No v2.2-reviewed exact consumer decision"
"UNESTABLISHED_CONSUMER","detail1|Room exercises|app/src/main/java/com/training/trackplanner/data/RecordCsvBackupRestore.kt#legacyExerciseSnapshotRows","1","No v2.2-reviewed exact consumer decision"
"UNESTABLISHED_CONSUMER","detail1|Room exercises|app/src/main/java/com/training/trackplanner/data/RecordCsvBackupRestore.kt#RecordCsvBackupRestore","1","No v2.2-reviewed exact consumer decision"
"UNESTABLISHED_CONSUMER","detail1|Room exercises|app/src/main/java/com/training/trackplanner/data/RecordCsvBackupRestore.kt#RestoreExerciseRow","1","No v2.2-reviewed exact consumer decision"
"UNESTABLISHED_CONSUMER","detail1|Room exercises|app/src/main/java/com/training/trackplanner/data/RecordCsvBackupRestore.kt#value","1","No v2.2-reviewed exact consumer decision"
"UNESTABLISHED_CONSUMER","detail1|Room exercises|app/src/main/java/com/training/trackplanner/data/SeedData.kt#exerciseFromCsv","1","No v2.2-reviewed exact consumer decision"
"UNESTABLISHED_CONSUMER","detail1|Room exercises|app/src/main/java/com/training/trackplanner/data/TrainingRepository.kt#legacyUpsertRestoredExercise","1","No v2.2-reviewed exact consumer decision"
"UNESTABLISHED_CONSUMER","detail1|Room exercises|app/src/main/java/com/training/trackplanner/data/TrainingRoleSplitMigration.kt#createExercisesWithoutLegacyRole","1","No v2.2-reviewed exact consumer decision"
"UNESTABLISHED_CONSUMER","detail1|Room exercises|app/src/main/java/com/training/trackplanner/data/TrainingRoleSplitMigration.kt#migrateIntrinsicTrainingRoles","1","No v2.2-reviewed exact consumer decision"
"UNESTABLISHED_CONSUMER","detail1|Room exercises|app/src/main/java/com/training/trackplanner/ExerciseSubcategoryMapper.kt#matchesSearch","1","No v2.2-reviewed exact consumer decision"
"UNESTABLISHED_CONSUMER","detail2|Room exercises|app/src/main/java/com/training/trackplanner/CommonUi.kt#ExerciseDetailCard","1","No v2.2-reviewed exact consumer decision"
"UNESTABLISHED_CONSUMER","detail2|Room exercises|app/src/main/java/com/training/trackplanner/data/BackupRestoreCanonicalizer.kt#minimalStub","1","No v2.2-reviewed exact consumer decision"
"UNESTABLISHED_CONSUMER","detail2|Room exercises|app/src/main/java/com/training/trackplanner/data/BackupRestoreImportService.kt#Exercise","1","No v2.2-reviewed exact consumer decision"
"UNESTABLISHED_CONSUMER","detail2|Room exercises|app/src/main/java/com/training/trackplanner/data/BackupRestoreImportService.kt#RestoreExerciseRow","1","No v2.2-reviewed exact consumer decision"
"UNESTABLISHED_CONSUMER","detail2|Room exercises|app/src/main/java/com/training/trackplanner/data/CanonicalExerciseMetadataRepository.kt#exerciseFrom","1","No v2.2-reviewed exact consumer decision"
"UNESTABLISHED_CONSUMER","detail2|Room exercises|app/src/main/java/com/training/trackplanner/data/Entities.kt#Exercise","1","No v2.2-reviewed exact consumer decision"
"UNESTABLISHED_CONSUMER","detail2|Room exercises|app/src/main/java/com/training/trackplanner/data/ExerciseMetadataBackupContract.kt#ExerciseMetadataFieldPolicyRegistry","1","No v2.2-reviewed exact consumer decision"
"UNESTABLISHED_CONSUMER","detail2|Room exercises|app/src/main/java/com/training/trackplanner/data/ExerciseMetadataBackupContract.kt#normalize","1","No v2.2-reviewed exact consumer decision"
"UNESTABLISHED_CONSUMER","detail2|Room exercises|app/src/main/java/com/training/trackplanner/data/ExerciseStableKeyMigration.kt#createExerciseTable","1","No v2.2-reviewed exact consumer decision"
"UNESTABLISHED_CONSUMER","detail2|Room exercises|app/src/main/java/com/training/trackplanner/data/ExerciseStableKeyMigration.kt#insertUnresolvedExercise","1","No v2.2-reviewed exact consumer decision"
"UNESTABLISHED_CONSUMER","detail2|Room exercises|app/src/main/java/com/training/trackplanner/data/ExerciseStableKeyMigration.kt#migrate","1","No v2.2-reviewed exact consumer decision"
"UNESTABLISHED_CONSUMER","detail2|Room exercises|app/src/main/java/com/training/trackplanner/data/RecordCsvBackupRestore.kt#appendStrengthRow","1","No v2.2-reviewed exact consumer decision"
"UNESTABLISHED_CONSUMER","detail2|Room exercises|app/src/main/java/com/training/trackplanner/data/RecordCsvBackupRestore.kt#legacyExerciseSnapshotRows","1","No v2.2-reviewed exact consumer decision"
"UNESTABLISHED_CONSUMER","detail2|Room exercises|app/src/main/java/com/training/trackplanner/data/RecordCsvBackupRestore.kt#RecordCsvBackupRestore","1","No v2.2-reviewed exact consumer decision"
"UNESTABLISHED_CONSUMER","detail2|Room exercises|app/src/main/java/com/training/trackplanner/data/RecordCsvBackupRestore.kt#RestoreExerciseRow","1","No v2.2-reviewed exact consumer decision"
"UNESTABLISHED_CONSUMER","detail2|Room exercises|app/src/main/java/com/training/trackplanner/data/RecordCsvBackupRestore.kt#value","1","No v2.2-reviewed exact consumer decision"
"UNESTABLISHED_CONSUMER","detail2|Room exercises|app/src/main/java/com/training/trackplanner/data/SeedData.kt#exerciseFromCsv","1","No v2.2-reviewed exact consumer decision"
"UNESTABLISHED_CONSUMER","detail2|Room exercises|app/src/main/java/com/training/trackplanner/data/TrainingRepository.kt#legacyUpsertRestoredExercise","1","No v2.2-reviewed exact consumer decision"
"UNESTABLISHED_CONSUMER","detail2|Room exercises|app/src/main/java/com/training/trackplanner/data/TrainingRoleSplitMigration.kt#createExercisesWithoutLegacyRole","1","No v2.2-reviewed exact consumer decision"
"UNESTABLISHED_CONSUMER","detail2|Room exercises|app/src/main/java/com/training/trackplanner/data/TrainingRoleSplitMigration.kt#migrateIntrinsicTrainingRoles","1","No v2.2-reviewed exact consumer decision"
"UNESTABLISHED_CONSUMER","detail2|Room exercises|app/src/main/java/com/training/trackplanner/ExerciseSubcategoryMapper.kt#matchesSearch","1","No v2.2-reviewed exact consumer decision"
"UNESTABLISHED_CONSUMER","elasticSscWeight|Room exercises|app/src/main/java/com/training/trackplanner/analysis/badminton/BadmintonTransferMetadataMapper.kt#fatigueCost","1","No v2.2-reviewed exact consumer decision"
"UNESTABLISHED_CONSUMER","elasticSscWeight|Room exercises|app/src/main/java/com/training/trackplanner/analysis/core/AnalysisInputCollector.kt#Exercise","1","No v2.2-reviewed exact consumer decision"
"UNESTABLISHED_CONSUMER","elasticSscWeight|Room exercises|app/src/main/java/com/training/trackplanner/analysis/core/AnalysisInputSnapshot.kt#AnalysisExerciseMetadata","1","No v2.2-reviewed exact consumer decision"
"UNESTABLISHED_CONSUMER","elasticSscWeight|Room exercises|app/src/main/java/com/training/trackplanner/analysis/features/ExerciseAnalysisMapper.kt#AnalysisExerciseFeatures","1","No v2.2-reviewed exact consumer decision"
"UNESTABLISHED_CONSUMER","elasticSscWeight|Room exercises|app/src/main/java/com/training/trackplanner/analysis/features/ExerciseAnalysisMapper.kt#fromRecord","1","No v2.2-reviewed exact consumer decision"
"UNESTABLISHED_CONSUMER","elasticSscWeight|Room exercises|app/src/main/java/com/training/trackplanner/analysis/readiness/DailyAnalysisLoadAggregator.kt#aggregate","1","No v2.2-reviewed exact consumer decision"
"UNESTABLISHED_CONSUMER","elasticSscWeight|Room exercises|app/src/main/java/com/training/trackplanner/data/CanonicalExerciseMetadataRepository.kt#exerciseFrom","1","No v2.2-reviewed exact consumer decision"
"UNESTABLISHED_CONSUMER","elasticSscWeight|Room exercises|app/src/main/java/com/training/trackplanner/data/Entities.kt#Exercise","1","No v2.2-reviewed exact consumer decision"
"UNESTABLISHED_CONSUMER","elasticSscWeight|Room exercises|app/src/main/java/com/training/trackplanner/data/ExerciseMetadataBackupContract.kt#ExerciseMetadataFieldPolicyRegistry","1","No v2.2-reviewed exact consumer decision"
"UNESTABLISHED_CONSUMER","elasticSscWeight|Room exercises|app/src/main/java/com/training/trackplanner/data/ExerciseMetadataBackupContract.kt#normalize","1","No v2.2-reviewed exact consumer decision"
"UNESTABLISHED_CONSUMER","elasticSscWeight|Room exercises|app/src/main/java/com/training/trackplanner/data/ExerciseMetadataMapper.kt#applyMetadata","1","No v2.2-reviewed exact consumer decision"
"UNESTABLISHED_CONSUMER","elasticSscWeight|Room exercises|app/src/main/java/com/training/trackplanner/data/ExerciseMetadataMapper.kt#FatigueWeights","1","No v2.2-reviewed exact consumer decision"
"UNESTABLISHED_CONSUMER","elasticSscWeight|Room exercises|app/src/main/java/com/training/trackplanner/data/ExerciseMetadataMapper.kt#MetadataSource","1","No v2.2-reviewed exact consumer decision"
"UNESTABLISHED_CONSUMER","elasticSscWeight|Room exercises|app/src/main/java/com/training/trackplanner/data/ExerciseStableKeyMigration.kt#createExerciseTable","1","No v2.2-reviewed exact consumer decision"
"UNESTABLISHED_CONSUMER","elasticSscWeight|Room exercises|app/src/main/java/com/training/trackplanner/data/ExerciseStableKeyMigration.kt#insertUnresolvedExercise","1","No v2.2-reviewed exact consumer decision"
"UNESTABLISHED_CONSUMER","elasticSscWeight|Room exercises|app/src/main/java/com/training/trackplanner/data/ExerciseStableKeyMigration.kt#migrate","1","No v2.2-reviewed exact consumer decision"
"UNESTABLISHED_CONSUMER","elasticSscWeight|Room exercises|app/src/main/java/com/training/trackplanner/data/MetadataSanityChecker.kt#check","1","No v2.2-reviewed exact consumer decision"
"UNESTABLISHED_CONSUMER","elasticSscWeight|Room exercises|app/src/main/java/com/training/trackplanner/data/MetadataSanityChecker.kt#Exercise","1","No v2.2-reviewed exact consumer decision"
"UNESTABLISHED_CONSUMER","elasticSscWeight|Room exercises|app/src/main/java/com/training/trackplanner/data/RuntimeExerciseMetadataResolver.kt#Exercise","1","No v2.2-reviewed exact consumer decision"
"UNESTABLISHED_CONSUMER","elasticSscWeight|Room exercises|app/src/main/java/com/training/trackplanner/data/RuntimeExerciseMetadataResolver.kt#forExercise","1","No v2.2-reviewed exact consumer decision"
"UNESTABLISHED_CONSUMER","elasticSscWeight|Room exercises|app/src/main/java/com/training/trackplanner/data/TrainingDatabase.kt#migrate","1","No v2.2-reviewed exact consumer decision"
"UNESTABLISHED_CONSUMER","elasticSscWeight|Room exercises|app/src/main/java/com/training/trackplanner/data/TrainingRoleSplitMigration.kt#createExercisesWithoutLegacyRole","1","No v2.2-reviewed exact consumer decision"
"UNESTABLISHED_CONSUMER","elasticSscWeight|Room exercises|app/src/main/java/com/training/trackplanner/data/TrainingRoleSplitMigration.kt#migrateIntrinsicTrainingRoles","1","No v2.2-reviewed exact consumer decision"
"UNESTABLISHED_CONSUMER","equipment|Room exercises|app/src/main/java/com/training/trackplanner/analysis/core/AnalysisInputCollector.kt#Exercise","1","No v2.2-reviewed exact consumer decision"
"UNESTABLISHED_CONSUMER","equipment|Room exercises|app/src/main/java/com/training/trackplanner/analysis/core/AnalysisInputSnapshot.kt#AnalysisExerciseMetadata","1","No v2.2-reviewed exact consumer decision"
"UNESTABLISHED_CONSUMER","equipment|Room exercises|app/src/main/java/com/training/trackplanner/analysis/features/BodyweightEffectiveLoadCalculator.kt#effectiveVolumeLoadOrNull","1","No v2.2-reviewed exact consumer decision"
"UNESTABLISHED_CONSUMER","equipment|Room exercises|app/src/main/java/com/training/trackplanner/analysis/features/BodyweightEffectiveLoadCalculator.kt#profileFor","1","No v2.2-reviewed exact consumer decision"
"UNESTABLISHED_CONSUMER","equipment|Room exercises|app/src/main/java/com/training/trackplanner/analysis/features/BodyweightEffectiveLoadCalculator.kt#volumeLoad","1","No v2.2-reviewed exact consumer decision"
"UNESTABLISHED_CONSUMER","equipment|Room exercises|app/src/main/java/com/training/trackplanner/analysis/features/DurationHoldLoadCalculator.kt#holdLoad","1","No v2.2-reviewed exact consumer decision"
"UNESTABLISHED_CONSUMER","equipment|Room exercises|app/src/main/java/com/training/trackplanner/analysis/features/DurationHoldLoadCalculator.kt#holdLoadOrNull","1","No v2.2-reviewed exact consumer decision"
"UNESTABLISHED_CONSUMER","equipment|Room exercises|app/src/main/java/com/training/trackplanner/analysis/features/DurationHoldLoadCalculator.kt#policyFor","1","No v2.2-reviewed exact consumer decision"
"UNESTABLISHED_CONSUMER","equipment|Room exercises|app/src/main/java/com/training/trackplanner/analysis/features/ExerciseAnalysisMapper.kt#AnalysisExerciseFeatures","1","No v2.2-reviewed exact consumer decision"
"UNESTABLISHED_CONSUMER","equipment|Room exercises|app/src/main/java/com/training/trackplanner/analysis/features/ExerciseAnalysisMapper.kt#fromRecord","1","No v2.2-reviewed exact consumer decision"
"UNESTABLISHED_CONSUMER","equipment|Room exercises|app/src/main/java/com/training/trackplanner/analysis/features/MetadataReadinessReporter.kt#Exercise","1","No v2.2-reviewed exact consumer decision"
"UNESTABLISHED_CONSUMER","equipment|Room exercises|app/src/main/java/com/training/trackplanner/analysis/lab/StrengthAndMuscleMetricSeriesBuilder.kt#durationHoldContributions","1","No v2.2-reviewed exact consumer decision"
"UNESTABLISHED_CONSUMER","equipment|Room exercises|app/src/main/java/com/training/trackplanner/analysis/metrics/CommonPlanProjectionMetrics.kt#com","1","No v2.2-reviewed exact consumer decision"
"UNESTABLISHED_CONSUMER","equipment|Room exercises|app/src/main/java/com/training/trackplanner/analysis/metrics/CommonStrengthMetrics.kt#AnalysisEntry","1","No v2.2-reviewed exact consumer decision"
"UNESTABLISHED_CONSUMER","equipment|Room exercises|app/src/main/java/com/training/trackplanner/analysis/readiness/DailyAnalysisLoadAggregator.kt#Map","1","No v2.2-reviewed exact consumer decision"
"UNESTABLISHED_CONSUMER","equipment|Room exercises|app/src/main/java/com/training/trackplanner/analysis/strengthperformance/StrengthPerformanceRegistry.kt#metadataProxyLoadings","1","No v2.2-reviewed exact consumer decision"
"UNESTABLISHED_CONSUMER","equipment|Room exercises|app/src/main/java/com/training/trackplanner/CommonUi.kt#Exercise","1","No v2.2-reviewed exact consumer decision"
"UNESTABLISHED_CONSUMER","equipment|Room exercises|app/src/main/java/com/training/trackplanner/CommonUi.kt#ExerciseListItem","1","No v2.2-reviewed exact consumer decision"
"UNESTABLISHED_CONSUMER","equipment|Room exercises|app/src/main/java/com/training/trackplanner/data/BackupRestoreCanonicalizer.kt#minimalStub","1","No v2.2-reviewed exact consumer decision"
"UNESTABLISHED_CONSUMER","equipment|Room exercises|app/src/main/java/com/training/trackplanner/data/BackupRestoreCanonicalizer.kt#resolve","1","No v2.2-reviewed exact consumer decision"
"UNESTABLISHED_CONSUMER","equipment|Room exercises|app/src/main/java/com/training/trackplanner/data/BackupRestoreCanonicalizer.kt#resolved","1","No v2.2-reviewed exact consumer decision"
"UNESTABLISHED_CONSUMER","equipment|Room exercises|app/src/main/java/com/training/trackplanner/data/BackupRestoreImportService.kt#Exercise","1","No v2.2-reviewed exact consumer decision"
"UNESTABLISHED_CONSUMER","equipment|Room exercises|app/src/main/java/com/training/trackplanner/data/BackupRestoreImportService.kt#RestoreExerciseRow","1","No v2.2-reviewed exact consumer decision"
"UNESTABLISHED_CONSUMER","equipment|Room exercises|app/src/main/java/com/training/trackplanner/data/CanonicalExerciseMetadataRepository.kt#CanonicalExerciseMetadataRepository","1","No v2.2-reviewed exact consumer decision"
"UNESTABLISHED_CONSUMER","equipment|Room exercises|app/src/main/java/com/training/trackplanner/data/CanonicalExerciseMetadataRepository.kt#exerciseFrom","1","No v2.2-reviewed exact consumer decision"
"UNESTABLISHED_CONSUMER","equipment|Room exercises|app/src/main/java/com/training/trackplanner/data/Entities.kt#Exercise","1","No v2.2-reviewed exact consumer decision"
"UNESTABLISHED_CONSUMER","equipment|Room exercises|app/src/main/java/com/training/trackplanner/data/ExerciseMetadataBackupContract.kt#ExerciseMetadataFieldPolicyRegistry","1","No v2.2-reviewed exact consumer decision"
"UNESTABLISHED_CONSUMER","equipment|Room exercises|app/src/main/java/com/training/trackplanner/data/ExerciseMetadataBackupContract.kt#normalize","1","No v2.2-reviewed exact consumer decision"
"UNESTABLISHED_CONSUMER","equipment|Room exercises|app/src/main/java/com/training/trackplanner/data/ExerciseMetadataMapper.kt#applyMetadata","1","No v2.2-reviewed exact consumer decision"
"UNESTABLISHED_CONSUMER","equipment|Room exercises|app/src/main/java/com/training/trackplanner/data/ExerciseStableKeyMigration.kt#createExerciseTable","1","No v2.2-reviewed exact consumer decision"
"UNESTABLISHED_CONSUMER","equipment|Room exercises|app/src/main/java/com/training/trackplanner/data/ExerciseStableKeyMigration.kt#insertUnresolvedExercise","1","No v2.2-reviewed exact consumer decision"
"UNESTABLISHED_CONSUMER","equipment|Room exercises|app/src/main/java/com/training/trackplanner/data/ExerciseStableKeyMigration.kt#migrate","1","No v2.2-reviewed exact consumer decision"
"UNESTABLISHED_CONSUMER","equipment|Room exercises|app/src/main/java/com/training/trackplanner/data/ExerciseStableKeyMigration.kt#reliableTool","1","No v2.2-reviewed exact consumer decision"
"UNESTABLISHED_CONSUMER","equipment|Room exercises|app/src/main/java/com/training/trackplanner/data/ExerciseStableKeyMigration.kt#resolve","1","No v2.2-reviewed exact consumer decision"
"UNESTABLISHED_CONSUMER","equipment|Room exercises|app/src/main/java/com/training/trackplanner/data/ExerciseTaxonomy.kt#ExerciseTaxonomy","1","No v2.2-reviewed exact consumer decision"
"UNESTABLISHED_CONSUMER","equipment|Room exercises|app/src/main/java/com/training/trackplanner/data/LegacyExerciseImportMapper.kt#resolve","1","No v2.2-reviewed exact consumer decision"
"UNESTABLISHED_CONSUMER","equipment|Room exercises|app/src/main/java/com/training/trackplanner/data/MetadataSanityChecker.kt#Exercise","1","No v2.2-reviewed exact consumer decision"
"UNESTABLISHED_CONSUMER","equipment|Room exercises|app/src/main/java/com/training/trackplanner/data/ProgramCandidate.kt#matchesEquipment","1","No v2.2-reviewed exact consumer decision"
"UNESTABLISHED_CONSUMER","equipment|Room exercises|app/src/main/java/com/training/trackplanner/data/ProgramCandidate.kt#ProgramCandidate","1","No v2.2-reviewed exact consumer decision"
"UNESTABLISHED_CONSUMER","equipment|Room exercises|app/src/main/java/com/training/trackplanner/data/ProgramCandidate.kt#rehabLikeActivationScore","1","No v2.2-reviewed exact consumer decision"
"UNESTABLISHED_CONSUMER","equipment|Room exercises|app/src/main/java/com/training/trackplanner/data/ProgramCandidateClassificationPolicy.kt#classify","1","No v2.2-reviewed exact consumer decision"
"UNESTABLISHED_CONSUMER","equipment|Room exercises|app/src/main/java/com/training/trackplanner/data/ProgramEvaluationPolicy.kt#programIssues","1","No v2.2-reviewed exact consumer decision"
"UNESTABLISHED_CONSUMER","equipment|Room exercises|app/src/main/java/com/training/trackplanner/data/ProgramWeightSuggestionPolicy.kt#suggest","1","No v2.2-reviewed exact consumer decision"
"UNESTABLISHED_CONSUMER","equipment|Room exercises|app/src/main/java/com/training/trackplanner/data/RecordCsvBackupRestore.kt#appendStrengthRow","1","No v2.2-reviewed exact consumer decision"
"UNESTABLISHED_CONSUMER","equipment|Room exercises|app/src/main/java/com/training/trackplanner/data/RecordCsvBackupRestore.kt#legacyExerciseSnapshotRows","1","No v2.2-reviewed exact consumer decision"
"UNESTABLISHED_CONSUMER","equipment|Room exercises|app/src/main/java/com/training/trackplanner/data/RecordCsvBackupRestore.kt#RecordCsvBackupRestore","1","No v2.2-reviewed exact consumer decision"
"UNESTABLISHED_CONSUMER","equipment|Room exercises|app/src/main/java/com/training/trackplanner/data/RecordCsvBackupRestore.kt#RestoreExerciseRow","1","No v2.2-reviewed exact consumer decision"
"UNESTABLISHED_CONSUMER","equipment|Room exercises|app/src/main/java/com/training/trackplanner/data/RecordCsvBackupRestore.kt#value","1","No v2.2-reviewed exact consumer decision"
"UNESTABLISHED_CONSUMER","equipment|Room exercises|app/src/main/java/com/training/trackplanner/data/RuntimeExerciseMetadataResolver.kt#Exercise","1","No v2.2-reviewed exact consumer decision"
"UNESTABLISHED_CONSUMER","equipment|Room exercises|app/src/main/java/com/training/trackplanner/data/SafeBackupRestore.kt#Exercise","1","No v2.2-reviewed exact consumer decision"
"UNESTABLISHED_CONSUMER","equipment|Room exercises|app/src/main/java/com/training/trackplanner/data/SafeBackupRestore.kt#RestoreExerciseRow","1","No v2.2-reviewed exact consumer decision"
"UNESTABLISHED_CONSUMER","equipment|Room exercises|app/src/main/java/com/training/trackplanner/data/SeedData.kt#equipmentFor","1","No v2.2-reviewed exact consumer decision"
"UNESTABLISHED_CONSUMER","equipment|Room exercises|app/src/main/java/com/training/trackplanner/data/SeedData.kt#exactExerciseMetadataFromParsedRows","1","No v2.2-reviewed exact consumer decision"
"UNESTABLISHED_CONSUMER","equipment|Room exercises|app/src/main/java/com/training/trackplanner/data/SeedData.kt#exerciseFromCsv","1","No v2.2-reviewed exact consumer decision"
"UNESTABLISHED_CONSUMER","equipment|Room exercises|app/src/main/java/com/training/trackplanner/data/SeedData.kt#validateCatalog","1","No v2.2-reviewed exact consumer decision"
"UNESTABLISHED_CONSUMER","equipment|Room exercises|app/src/main/java/com/training/trackplanner/data/TrainingDatabase.kt#migrate","1","No v2.2-reviewed exact consumer decision"
"UNESTABLISHED_CONSUMER","equipment|Room exercises|app/src/main/java/com/training/trackplanner/data/TrainingRepository.kt#findOrCreateImportedExercise","1","No v2.2-reviewed exact consumer decision"
"UNESTABLISHED_CONSUMER","equipment|Room exercises|app/src/main/java/com/training/trackplanner/data/TrainingRepository.kt#legacyUpsertRestoredExercise","1","No v2.2-reviewed exact consumer decision"
"UNESTABLISHED_CONSUMER","equipment|Room exercises|app/src/main/java/com/training/trackplanner/data/TrainingRoleSplitMigration.kt#createExercisesWithoutLegacyRole","1","No v2.2-reviewed exact consumer decision"
"UNESTABLISHED_CONSUMER","equipment|Room exercises|app/src/main/java/com/training/trackplanner/data/TrainingRoleSplitMigration.kt#migrateIntrinsicTrainingRoles","1","No v2.2-reviewed exact consumer decision"
"UNESTABLISHED_CONSUMER","equipment|Room exercises|app/src/main/java/com/training/trackplanner/ExerciseSubcategoryMapper.kt#addStructured","1","No v2.2-reviewed exact consumer decision"
"UNESTABLISHED_CONSUMER","equipment|Room exercises|app/src/main/java/com/training/trackplanner/MetadataDisplayCatalogue.kt#MetadataDisplayField","1","No v2.2-reviewed exact consumer decision"
"UNESTABLISHED_CONSUMER","equipment|Room exercises|app/src/main/java/com/training/trackplanner/RuntimeMetadataExerciseEditorDialog.kt#joinExerciseTokens","1","No v2.2-reviewed exact consumer decision"
"UNESTABLISHED_CONSUMER","equipmentTags|Room exercises|app/src/main/java/com/training/trackplanner/analysis/core/AnalysisInputCollector.kt#Exercise","1","No v2.2-reviewed exact consumer decision"
"UNESTABLISHED_CONSUMER","equipmentTags|Room exercises|app/src/main/java/com/training/trackplanner/analysis/core/AnalysisInputSnapshot.kt#AnalysisExerciseMetadata","1","No v2.2-reviewed exact consumer decision"
"UNESTABLISHED_CONSUMER","equipmentTags|Room exercises|app/src/main/java/com/training/trackplanner/analysis/features/BodyweightEffectiveLoadCalculator.kt#volumeLoad","1","No v2.2-reviewed exact consumer decision"
"UNESTABLISHED_CONSUMER","equipmentTags|Room exercises|app/src/main/java/com/training/trackplanner/analysis/features/DurationHoldLoadCalculator.kt#holdLoad","1","No v2.2-reviewed exact consumer decision"
"UNESTABLISHED_CONSUMER","equipmentTags|Room exercises|app/src/main/java/com/training/trackplanner/analysis/features/ExerciseAnalysisMapper.kt#fromRecord","1","No v2.2-reviewed exact consumer decision"
"UNESTABLISHED_CONSUMER","equipmentTags|Room exercises|app/src/main/java/com/training/trackplanner/analysis/lab/StrengthAndMuscleMetricSeriesBuilder.kt#durationHoldContributions","1","No v2.2-reviewed exact consumer decision"
"UNESTABLISHED_CONSUMER","equipmentTags|Room exercises|app/src/main/java/com/training/trackplanner/analysis/metrics/CommonPlanProjectionMetrics.kt#com","1","No v2.2-reviewed exact consumer decision"
"UNESTABLISHED_CONSUMER","equipmentTags|Room exercises|app/src/main/java/com/training/trackplanner/analysis/metrics/CommonStrengthMetrics.kt#AnalysisEntry","1","No v2.2-reviewed exact consumer decision"
"UNESTABLISHED_CONSUMER","equipmentTags|Room exercises|app/src/main/java/com/training/trackplanner/analysis/strengthperformance/StrengthPerformanceRegistry.kt#metadataProxyLoadings","1","No v2.2-reviewed exact consumer decision"
"UNESTABLISHED_CONSUMER","equipmentTags|Room exercises|app/src/main/java/com/training/trackplanner/CommonUi.kt#Exercise","1","No v2.2-reviewed exact consumer decision"
"UNESTABLISHED_CONSUMER","equipmentTags|Room exercises|app/src/main/java/com/training/trackplanner/CommonUi.kt#ExerciseListItem","1","No v2.2-reviewed exact consumer decision"
"UNESTABLISHED_CONSUMER","equipmentTags|Room exercises|app/src/main/java/com/training/trackplanner/data/BackupRestoreImportService.kt#Exercise","1","No v2.2-reviewed exact consumer decision"
"UNESTABLISHED_CONSUMER","equipmentTags|Room exercises|app/src/main/java/com/training/trackplanner/data/BackupRestoreImportService.kt#RestoreExerciseRow","1","No v2.2-reviewed exact consumer decision"
"UNESTABLISHED_CONSUMER","equipmentTags|Room exercises|app/src/main/java/com/training/trackplanner/data/CanonicalExerciseMetadataRepository.kt#exerciseFrom","1","No v2.2-reviewed exact consumer decision"
"UNESTABLISHED_CONSUMER","equipmentTags|Room exercises|app/src/main/java/com/training/trackplanner/data/Entities.kt#Exercise","1","No v2.2-reviewed exact consumer decision"
"UNESTABLISHED_CONSUMER","equipmentTags|Room exercises|app/src/main/java/com/training/trackplanner/data/ExerciseMetadataBackupContract.kt#ExerciseMetadataFieldPolicyRegistry","1","No v2.2-reviewed exact consumer decision"
"UNESTABLISHED_CONSUMER","equipmentTags|Room exercises|app/src/main/java/com/training/trackplanner/data/ExerciseMetadataBackupContract.kt#normalize","1","No v2.2-reviewed exact consumer decision"
"UNESTABLISHED_CONSUMER","equipmentTags|Room exercises|app/src/main/java/com/training/trackplanner/data/ExerciseMetadataMapper.kt#applyMetadata","1","No v2.2-reviewed exact consumer decision"
"UNESTABLISHED_CONSUMER","equipmentTags|Room exercises|app/src/main/java/com/training/trackplanner/data/ExerciseStableKeyMigration.kt#createExerciseTable","1","No v2.2-reviewed exact consumer decision"
"UNESTABLISHED_CONSUMER","equipmentTags|Room exercises|app/src/main/java/com/training/trackplanner/data/ExerciseStableKeyMigration.kt#insertUnresolvedExercise","1","No v2.2-reviewed exact consumer decision"
"UNESTABLISHED_CONSUMER","equipmentTags|Room exercises|app/src/main/java/com/training/trackplanner/data/ExerciseStableKeyMigration.kt#migrate","1","No v2.2-reviewed exact consumer decision"
"UNESTABLISHED_CONSUMER","equipmentTags|Room exercises|app/src/main/java/com/training/trackplanner/data/ExerciseStableKeyMigration.kt#reliableTool","1","No v2.2-reviewed exact consumer decision"
"UNESTABLISHED_CONSUMER","equipmentTags|Room exercises|app/src/main/java/com/training/trackplanner/data/ExerciseStableKeyMigration.kt#resolve","1","No v2.2-reviewed exact consumer decision"
"UNESTABLISHED_CONSUMER","equipmentTags|Room exercises|app/src/main/java/com/training/trackplanner/data/RecordCsvBackupRestore.kt#appendStrengthRow","1","No v2.2-reviewed exact consumer decision"
"UNESTABLISHED_CONSUMER","equipmentTags|Room exercises|app/src/main/java/com/training/trackplanner/data/RecordCsvBackupRestore.kt#legacyExerciseSnapshotRows","1","No v2.2-reviewed exact consumer decision"
"UNESTABLISHED_CONSUMER","equipmentTags|Room exercises|app/src/main/java/com/training/trackplanner/data/RuntimeExerciseMetadataResolver.kt#Exercise","1","No v2.2-reviewed exact consumer decision"
"UNESTABLISHED_CONSUMER","equipmentTags|Room exercises|app/src/main/java/com/training/trackplanner/data/SeedData.kt#exactExerciseMetadataFromParsedRows","1","No v2.2-reviewed exact consumer decision"
"UNESTABLISHED_CONSUMER","equipmentTags|Room exercises|app/src/main/java/com/training/trackplanner/data/SeedData.kt#exerciseFromCsv","1","No v2.2-reviewed exact consumer decision"
"UNESTABLISHED_CONSUMER","equipmentTags|Room exercises|app/src/main/java/com/training/trackplanner/data/SeedData.kt#validateCatalog","1","No v2.2-reviewed exact consumer decision"
"UNESTABLISHED_CONSUMER","equipmentTags|Room exercises|app/src/main/java/com/training/trackplanner/data/TrainingRepository.kt#legacyUpsertRestoredExercise","1","No v2.2-reviewed exact consumer decision"
"UNESTABLISHED_CONSUMER","equipmentTags|Room exercises|app/src/main/java/com/training/trackplanner/data/TrainingRoleSplitMigration.kt#createExercisesWithoutLegacyRole","1","No v2.2-reviewed exact consumer decision"
"UNESTABLISHED_CONSUMER","equipmentTags|Room exercises|app/src/main/java/com/training/trackplanner/data/TrainingRoleSplitMigration.kt#migrateIntrinsicTrainingRoles","1","No v2.2-reviewed exact consumer decision"
"UNESTABLISHED_CONSUMER","equipmentTags|Room exercises|app/src/main/java/com/training/trackplanner/RuntimeMetadataExerciseEditorDialog.kt#joinExerciseTokens","1","No v2.2-reviewed exact consumer decision"
"UNESTABLISHED_CONSUMER","estimated1RmEligible|Room exercises|app/src/main/java/com/training/trackplanner/analysis/core/AnalysisInputCollector.kt#Exercise","1","No v2.2-reviewed exact consumer decision"
"UNESTABLISHED_CONSUMER","estimated1RmEligible|Room exercises|app/src/main/java/com/training/trackplanner/analysis/core/AnalysisInputSnapshot.kt#AnalysisExerciseMetadata","1","No v2.2-reviewed exact consumer decision"
"UNESTABLISHED_CONSUMER","estimated1RmEligible|Room exercises|app/src/main/java/com/training/trackplanner/analysis/features/ExerciseAnalysisMapper.kt#AnalysisExerciseFeatures","1","No v2.2-reviewed exact consumer decision"
"UNESTABLISHED_CONSUMER","estimated1RmEligible|Room exercises|app/src/main/java/com/training/trackplanner/analysis/features/ExerciseAnalysisMapper.kt#Exercise","1","No v2.2-reviewed exact consumer decision"
"UNESTABLISHED_CONSUMER","estimated1RmEligible|Room exercises|app/src/main/java/com/training/trackplanner/analysis/features/ExerciseAnalysisMapper.kt#fromRecord","1","No v2.2-reviewed exact consumer decision"
"UNESTABLISHED_CONSUMER","estimated1RmEligible|Room exercises|app/src/main/java/com/training/trackplanner/analysis/strengthperformance/StrengthPerformanceRegistry.kt#metadataProxyLoadings","1","No v2.2-reviewed exact consumer decision"
"UNESTABLISHED_CONSUMER","estimated1RmEligible|Room exercises|app/src/main/java/com/training/trackplanner/analysis/trends/StrengthPerformanceIndexCalculator.kt#AnalysisExerciseFeatures","1","No v2.2-reviewed exact consumer decision"
"UNESTABLISHED_CONSUMER","estimated1RmEligible|Room exercises|app/src/main/java/com/training/trackplanner/data/CanonicalExerciseMetadataRepository.kt#exerciseFrom","1","No v2.2-reviewed exact consumer decision"
"UNESTABLISHED_CONSUMER","estimated1RmEligible|Room exercises|app/src/main/java/com/training/trackplanner/data/Entities.kt#Exercise","1","No v2.2-reviewed exact consumer decision"
"UNESTABLISHED_CONSUMER","estimated1RmEligible|Room exercises|app/src/main/java/com/training/trackplanner/data/ExerciseMetadataBackupContract.kt#ExerciseMetadataFieldPolicyRegistry","1","No v2.2-reviewed exact consumer decision"
"UNESTABLISHED_CONSUMER","estimated1RmEligible|Room exercises|app/src/main/java/com/training/trackplanner/data/ExerciseMetadataBackupContract.kt#normalize","1","No v2.2-reviewed exact consumer decision"
"UNESTABLISHED_CONSUMER","estimated1RmEligible|Room exercises|app/src/main/java/com/training/trackplanner/data/ExerciseMetadataMapper.kt#applyMetadata","1","No v2.2-reviewed exact consumer decision"
"UNESTABLISHED_CONSUMER","estimated1RmEligible|Room exercises|app/src/main/java/com/training/trackplanner/data/ExerciseStableKeyMigration.kt#createExerciseTable","1","No v2.2-reviewed exact consumer decision"
"UNESTABLISHED_CONSUMER","estimated1RmEligible|Room exercises|app/src/main/java/com/training/trackplanner/data/ExerciseStableKeyMigration.kt#insertUnresolvedExercise","1","No v2.2-reviewed exact consumer decision"
"UNESTABLISHED_CONSUMER","estimated1RmEligible|Room exercises|app/src/main/java/com/training/trackplanner/data/ExerciseStableKeyMigration.kt#migrate","1","No v2.2-reviewed exact consumer decision"
"UNESTABLISHED_CONSUMER","estimated1RmEligible|Room exercises|app/src/main/java/com/training/trackplanner/data/MetadataSanityChecker.kt#check","1","No v2.2-reviewed exact consumer decision"
"UNESTABLISHED_CONSUMER","estimated1RmEligible|Room exercises|app/src/main/java/com/training/trackplanner/data/RuntimeExerciseMetadataResolver.kt#Exercise","1","No v2.2-reviewed exact consumer decision"
"UNESTABLISHED_CONSUMER","estimated1RmEligible|Room exercises|app/src/main/java/com/training/trackplanner/data/RuntimeExerciseMetadataResolver.kt#forExercise","1","No v2.2-reviewed exact consumer decision"
"UNESTABLISHED_CONSUMER","estimated1RmEligible|Room exercises|app/src/main/java/com/training/trackplanner/data/TrainingDatabase.kt#migrate","1","No v2.2-reviewed exact consumer decision"
"UNESTABLISHED_CONSUMER","estimated1RmEligible|Room exercises|app/src/main/java/com/training/trackplanner/data/TrainingRoleSplitMigration.kt#createExercisesWithoutLegacyRole","1","No v2.2-reviewed exact consumer decision"
"UNESTABLISHED_CONSUMER","estimated1RmEligible|Room exercises|app/src/main/java/com/training/trackplanner/data/TrainingRoleSplitMigration.kt#migrateIntrinsicTrainingRoles","1","No v2.2-reviewed exact consumer decision"
"UNESTABLISHED_CONSUMER","exerciseName|canonical asset plus Room runtime_exercise_metadata override|app/src/main/java/com/training/trackplanner/analysis/badminton/BadmintonTransferChartDataBuilder.kt#topExerciseBars","1","No v2.2-reviewed exact consumer decision"
"UNESTABLISHED_CONSUMER","exerciseName|canonical asset plus Room runtime_exercise_metadata override|app/src/main/java/com/training/trackplanner/analysis/badminton/BadmintonTransferModels.kt#BadmintonTransferExerciseStimulus","1","No v2.2-reviewed exact consumer decision"
"UNESTABLISHED_CONSUMER","exerciseName|canonical asset plus Room runtime_exercise_metadata override|app/src/main/java/com/training/trackplanner/analysis/badminton/BadmintonTransferScoreCalculator.kt#contribution","1","No v2.2-reviewed exact consumer decision"
"UNESTABLISHED_CONSUMER","exerciseName|canonical asset plus Room runtime_exercise_metadata override|app/src/main/java/com/training/trackplanner/analysis/badminton/BadmintonTransferScoreCalculator.kt#topExercises","1","No v2.2-reviewed exact consumer decision"
"UNESTABLISHED_CONSUMER","exerciseName|canonical asset plus Room runtime_exercise_metadata override|app/src/main/java/com/training/trackplanner/analysis/badminton/BadmintonTransferScoreCalculator.kt#TransferContribution","1","No v2.2-reviewed exact consumer decision"
"UNESTABLISHED_CONSUMER","exerciseName|canonical asset plus Room runtime_exercise_metadata override|app/src/main/java/com/training/trackplanner/analysis/coach/CoachFatigueCauseAnalyzer.kt#analyze","1","No v2.2-reviewed exact consumer decision"
"UNESTABLISHED_CONSUMER","exerciseName|canonical asset plus Room runtime_exercise_metadata override|app/src/main/java/com/training/trackplanner/analysis/coach/CoachingSignalModels.kt#RpeAutoregulationSignal","1","No v2.2-reviewed exact consumer decision"
"UNESTABLISHED_CONSUMER","exerciseName|canonical asset plus Room runtime_exercise_metadata override|app/src/main/java/com/training/trackplanner/analysis/coach/RpeAutoregulationAnalyzer.kt#analyze","1","No v2.2-reviewed exact consumer decision"
"UNESTABLISHED_CONSUMER","exerciseName|canonical asset plus Room runtime_exercise_metadata override|app/src/main/java/com/training/trackplanner/analysis/coach/RpeAutoregulationAnalyzer.kt#RpeCandidate","1","No v2.2-reviewed exact consumer decision"
"UNESTABLISHED_CONSUMER","exerciseName|canonical asset plus Room runtime_exercise_metadata override|app/src/main/java/com/training/trackplanner/analysis/coach/RpeAutoregulationAnalyzer.kt#RpeObservation","1","No v2.2-reviewed exact consumer decision"
"UNESTABLISHED_CONSUMER","exerciseName|canonical asset plus Room runtime_exercise_metadata override|app/src/main/java/com/training/trackplanner/analysis/core/AnalysisInputCollector.kt#WorkoutEntryWithSets","1","No v2.2-reviewed exact consumer decision"
"UNESTABLISHED_CONSUMER","exerciseName|canonical asset plus Room runtime_exercise_metadata override|app/src/main/java/com/training/trackplanner/analysis/core/AnalysisInputSnapshot.kt#AnalysisEntry","1","No v2.2-reviewed exact consumer decision"
"UNESTABLISHED_CONSUMER","exerciseName|canonical asset plus Room runtime_exercise_metadata override|app/src/main/java/com/training/trackplanner/analysis/fatigue/DailyFatigueCalculator.kt#GroupKey","1","No v2.2-reviewed exact consumer decision"
"UNESTABLISHED_CONSUMER","exerciseName|canonical asset plus Room runtime_exercise_metadata override|app/src/main/java/com/training/trackplanner/analysis/fatigue/DailyFatigueCalculator.kt#RecordContext","1","No v2.2-reviewed exact consumer decision"
"UNESTABLISHED_CONSUMER","exerciseName|canonical asset plus Room runtime_exercise_metadata override|app/src/main/java/com/training/trackplanner/analysis/fatigue/DailyFatigueModels.kt#RecordFatigueContribution","1","No v2.2-reviewed exact consumer decision"
"UNESTABLISHED_CONSUMER","exerciseName|canonical asset plus Room runtime_exercise_metadata override|app/src/main/java/com/training/trackplanner/analysis/fatigue/FatigueAnalysisModels.kt#ContributionGrouping","1","No v2.2-reviewed exact consumer decision"
"UNESTABLISHED_CONSUMER","exerciseName|canonical asset plus Room runtime_exercise_metadata override|app/src/main/java/com/training/trackplanner/analysis/features/AnalysisExerciseDisplayNameResolver.kt#resolve","1","No v2.2-reviewed exact consumer decision"
"UNESTABLISHED_CONSUMER","exerciseName|canonical asset plus Room runtime_exercise_metadata override|app/src/main/java/com/training/trackplanner/analysis/features/ExerciseAnalysisMapper.kt#AnalysisExerciseFeatures","1","No v2.2-reviewed exact consumer decision"
"UNESTABLISHED_CONSUMER","exerciseName|canonical asset plus Room runtime_exercise_metadata override|app/src/main/java/com/training/trackplanner/analysis/features/ExerciseAnalysisMapper.kt#fromRecord","1","No v2.2-reviewed exact consumer decision"
"UNESTABLISHED_CONSUMER","exerciseName|canonical asset plus Room runtime_exercise_metadata override|app/src/main/java/com/training/trackplanner/analysis/features/MetadataReadinessReporter.kt#ExerciseReadinessRow","1","No v2.2-reviewed exact consumer decision"
"UNESTABLISHED_CONSUMER","exerciseName|canonical asset plus Room runtime_exercise_metadata override|app/src/main/java/com/training/trackplanner/analysis/features/MetadataReadinessReporter.kt#generate","1","No v2.2-reviewed exact consumer decision"
"UNESTABLISHED_CONSUMER","exerciseName|canonical asset plus Room runtime_exercise_metadata override|app/src/main/java/com/training/trackplanner/analysis/lab/MuscleLoadInputBuilder.kt#fallbackContributions","1","No v2.2-reviewed exact consumer decision"
"UNESTABLISHED_CONSUMER","exerciseName|canonical asset plus Room runtime_exercise_metadata override|app/src/main/java/com/training/trackplanner/analysis/lab/MuscleLoadInputBuilder.kt#isMainBenchPress","1","No v2.2-reviewed exact consumer decision"
"UNESTABLISHED_CONSUMER","exerciseName|canonical asset plus Room runtime_exercise_metadata override|app/src/main/java/com/training/trackplanner/analysis/lab/MuscleLoadInputBuilder.kt#isMainDeadlift","1","No v2.2-reviewed exact consumer decision"
"UNESTABLISHED_CONSUMER","exerciseName|canonical asset plus Room runtime_exercise_metadata override|app/src/main/java/com/training/trackplanner/analysis/lab/MuscleLoadInputBuilder.kt#isMainSquat","1","No v2.2-reviewed exact consumer decision"
"UNESTABLISHED_CONSUMER","exerciseName|canonical asset plus Room runtime_exercise_metadata override|app/src/main/java/com/training/trackplanner/analysis/lab/StrengthAndMuscleMetricSeriesBuilder.kt#durationHoldContributions","1","No v2.2-reviewed exact consumer decision"
"UNESTABLISHED_CONSUMER","exerciseName|canonical asset plus Room runtime_exercise_metadata override|app/src/main/java/com/training/trackplanner/analysis/metrics/CommonPlanProjectionMetrics.kt#com","1","No v2.2-reviewed exact consumer decision"
"UNESTABLISHED_CONSUMER","exerciseName|canonical asset plus Room runtime_exercise_metadata override|app/src/main/java/com/training/trackplanner/analysis/metrics/CommonStrengthMetrics.kt#AnalysisEntry","1","No v2.2-reviewed exact consumer decision"
"UNESTABLISHED_CONSUMER","exerciseName|canonical asset plus Room runtime_exercise_metadata override|app/src/main/java/com/training/trackplanner/analysis/metrics/CommonStrengthMetrics.kt#calculate","1","No v2.2-reviewed exact consumer decision"
"UNESTABLISHED_CONSUMER","exerciseName|canonical asset plus Room runtime_exercise_metadata override|app/src/main/java/com/training/trackplanner/analysis/proxyperformance/ProxyPerformanceEstimator.kt#contribution","1","No v2.2-reviewed exact consumer decision"
"UNESTABLISHED_CONSUMER","exerciseName|canonical asset plus Room runtime_exercise_metadata override|app/src/main/java/com/training/trackplanner/analysis/proxyperformance/ProxyPerformanceModels.kt#ProxyContribution","1","No v2.2-reviewed exact consumer decision"
"UNESTABLISHED_CONSUMER","exerciseName|canonical asset plus Room runtime_exercise_metadata override|app/src/main/java/com/training/trackplanner/analysis/proxyperformance/ProxyPerformanceModels.kt#ProxyPerformanceObservation","1","No v2.2-reviewed exact consumer decision"
"UNESTABLISHED_CONSUMER","exerciseName|canonical asset plus Room runtime_exercise_metadata override|app/src/main/java/com/training/trackplanner/analysis/proxyperformance/ProxyPerformanceObservationBuilder.kt#build","1","No v2.2-reviewed exact consumer decision"
"UNESTABLISHED_CONSUMER","exerciseName|canonical asset plus Room runtime_exercise_metadata override|app/src/main/java/com/training/trackplanner/analysis/readiness/DailyAnalysisLoadAggregator.kt#aggregate","1","No v2.2-reviewed exact consumer decision"
"UNESTABLISHED_CONSUMER","exerciseName|canonical asset plus Room runtime_exercise_metadata override|app/src/main/java/com/training/trackplanner/analysis/readiness/DailyAnalysisLoadAggregator.kt#Map","1","No v2.2-reviewed exact consumer decision"
"UNESTABLISHED_CONSUMER","exerciseName|canonical asset plus Room runtime_exercise_metadata override|app/src/main/java/com/training/trackplanner/analysis/readiness/TodayReadinessModels.kt#DailyLoadContribution","1","No v2.2-reviewed exact consumer decision"
"UNESTABLISHED_CONSUMER","exerciseName|canonical asset plus Room runtime_exercise_metadata override|app/src/main/java/com/training/trackplanner/analysis/strengthperformance/PersistentStrengthPerformanceSummary.kt#build","1","No v2.2-reviewed exact consumer decision"
"UNESTABLISHED_CONSUMER","exerciseName|canonical asset plus Room runtime_exercise_metadata override|app/src/main/java/com/training/trackplanner/analysis/strengthperformance/PersistentStrengthPerformanceSummary.kt#PersistentStrengthExerciseLocalSummary","1","No v2.2-reviewed exact consumer decision"
"UNESTABLISHED_CONSUMER","exerciseName|canonical asset plus Room runtime_exercise_metadata override|app/src/main/java/com/training/trackplanner/analysis/strengthperformance/StrengthPosteriorModel.kt#StrengthExerciseSessionObservation","1","No v2.2-reviewed exact consumer decision"
"UNESTABLISHED_CONSUMER","exerciseName|canonical asset plus Room runtime_exercise_metadata override|app/src/main/java/com/training/trackplanner/analysis/strengthperformance/StrengthSessionLikelihood.kt#build","1","No v2.2-reviewed exact consumer decision"
"UNESTABLISHED_CONSUMER","exerciseName|canonical asset plus Room runtime_exercise_metadata override|app/src/main/java/com/training/trackplanner/analysis/strengthperformance/StrengthSessionLikelihood.kt#StrengthExerciseSessionObservation","1","No v2.2-reviewed exact consumer decision"
"UNESTABLISHED_CONSUMER","exerciseName|canonical asset plus Room runtime_exercise_metadata override|app/src/main/java/com/training/trackplanner/analysis/tissue/TissueAggregationModels.kt#TissueExerciseContribution","1","No v2.2-reviewed exact consumer decision"
"UNESTABLISHED_CONSUMER","exerciseName|canonical asset plus Room runtime_exercise_metadata override|app/src/main/java/com/training/trackplanner/analysis/tissue/TissueCurrentStateServices.kt#forJoint","1","No v2.2-reviewed exact consumer decision"
"UNESTABLISHED_CONSUMER","exerciseName|canonical asset plus Room runtime_exercise_metadata override|app/src/main/java/com/training/trackplanner/analysis/tissue/TissueCurrentStateServices.kt#forLoadUnit","1","No v2.2-reviewed exact consumer decision"
"UNESTABLISHED_CONSUMER","exerciseName|canonical asset plus Room runtime_exercise_metadata override|app/src/main/java/com/training/trackplanner/analysis/tissue/TissueRcvAssetRepository.kt#table","1","No v2.2-reviewed exact consumer decision"
"UNESTABLISHED_CONSUMER","exerciseName|canonical asset plus Room runtime_exercise_metadata override|app/src/main/java/com/training/trackplanner/analysis/tissue/TissueRcvEventLedger.kt#dose","1","No v2.2-reviewed exact consumer decision"
"UNESTABLISHED_CONSUMER","exerciseName|canonical asset plus Room runtime_exercise_metadata override|app/src/main/java/com/training/trackplanner/analysis/tissue/TissueRcvModels.kt#TissueRcvAuthorityRow","1","No v2.2-reviewed exact consumer decision"
"UNESTABLISHED_CONSUMER","exerciseName|canonical asset plus Room runtime_exercise_metadata override|app/src/main/java/com/training/trackplanner/analysis/tissue/TissueRcvModels.kt#TissueRcvExerciseProtocol","1","No v2.2-reviewed exact consumer decision"
"UNESTABLISHED_CONSUMER","exerciseName|canonical asset plus Room runtime_exercise_metadata override|app/src/main/java/com/training/trackplanner/analysis/tissue/TissueRecoveryRuntimeModels.kt#TissueExposureEvent","1","No v2.2-reviewed exact consumer decision"
"UNESTABLISHED_CONSUMER","exerciseName|canonical asset plus Room runtime_exercise_metadata override|app/src/main/java/com/training/trackplanner/analysis/trends/BadmintonTrainingLoadIndexCalculator.kt#displayName","1","No v2.2-reviewed exact consumer decision"
"UNESTABLISHED_CONSUMER","exerciseName|canonical asset plus Room runtime_exercise_metadata override|app/src/main/java/com/training/trackplanner/AnalysisPersistentStrengthPerformanceUi.kt#PersistentStrengthHistoryCard","1","No v2.2-reviewed exact consumer decision"
"UNESTABLISHED_CONSUMER","exerciseName|canonical asset plus Room runtime_exercise_metadata override|app/src/main/java/com/training/trackplanner/AnalysisProxyPerformanceUi.kt#ProxyEvidenceCard","1","No v2.2-reviewed exact consumer decision"
"UNESTABLISHED_CONSUMER","exerciseName|canonical asset plus Room runtime_exercise_metadata override|app/src/main/java/com/training/trackplanner/AnalysisProxyPerformanceUi.kt#ProxyPerformanceLabCard","1","No v2.2-reviewed exact consumer decision"
"UNESTABLISHED_CONSUMER","exerciseName|canonical asset plus Room runtime_exercise_metadata override|app/src/main/java/com/training/trackplanner/CommonUi.kt#ExerciseInfoDialog","1","No v2.2-reviewed exact consumer decision"
"UNESTABLISHED_CONSUMER","exerciseName|canonical asset plus Room runtime_exercise_metadata override|app/src/main/java/com/training/trackplanner/ConnectiveTissueAnalysisUi.kt#localizedContributorNames","1","No v2.2-reviewed exact consumer decision"
"UNESTABLISHED_CONSUMER","exerciseName|canonical asset plus Room runtime_exercise_metadata override|app/src/main/java/com/training/trackplanner/data/BackupExportService.kt#export","1","No v2.2-reviewed exact consumer decision"
"UNESTABLISHED_CONSUMER","exerciseName|canonical asset plus Room runtime_exercise_metadata override|app/src/main/java/com/training/trackplanner/data/BackupPreflightValidator.kt#programDiagnostic","1","No v2.2-reviewed exact consumer decision"
"UNESTABLISHED_CONSUMER","exerciseName|canonical asset plus Room runtime_exercise_metadata override|app/src/main/java/com/training/trackplanner/data/BackupPreflightValidator.kt#validate","1","No v2.2-reviewed exact consumer decision"
"UNESTABLISHED_CONSUMER","exerciseName|canonical asset plus Room runtime_exercise_metadata override|app/src/main/java/com/training/trackplanner/data/BackupRestoreCanonicalizer.kt#resolve","1","No v2.2-reviewed exact consumer decision"
"UNESTABLISHED_CONSUMER","exerciseName|canonical asset plus Room runtime_exercise_metadata override|app/src/main/java/com/training/trackplanner/data/BackupRestoreCanonicalizer.kt#resolved","1","No v2.2-reviewed exact consumer decision"
"UNESTABLISHED_CONSUMER","exerciseName|canonical asset plus Room runtime_exercise_metadata override|app/src/main/java/com/training/trackplanner/data/BackupRestoreImportService.kt#importRestorePlan","1","No v2.2-reviewed exact consumer decision"
"UNESTABLISHED_CONSUMER","exerciseName|canonical asset plus Room runtime_exercise_metadata override|app/src/main/java/com/training/trackplanner/data/BackupRestoreImportService.kt#restoreCurrentBuiltInExercise","1","No v2.2-reviewed exact consumer decision"
"UNESTABLISHED_CONSUMER","exerciseName|canonical asset plus Room runtime_exercise_metadata override|app/src/main/java/com/training/trackplanner/data/BackupRestoreImportService.kt#restoreExercise","1","No v2.2-reviewed exact consumer decision"
"UNESTABLISHED_CONSUMER","exerciseName|canonical asset plus Room runtime_exercise_metadata override|app/src/main/java/com/training/trackplanner/data/BackupRestoreImportService.kt#restoreProgramSnapshot","1","No v2.2-reviewed exact consumer decision"
"UNESTABLISHED_CONSUMER","exerciseName|canonical asset plus Room runtime_exercise_metadata override|app/src/main/java/com/training/trackplanner/data/CanonicalExerciseMetadataRepository.kt#CanonicalExerciseIdentity","1","No v2.2-reviewed exact consumer decision"
"UNESTABLISHED_CONSUMER","exerciseName|canonical asset plus Room runtime_exercise_metadata override|app/src/main/java/com/training/trackplanner/data/CanonicalExerciseMetadataRepository.kt#identityFrom","1","No v2.2-reviewed exact consumer decision"
"UNESTABLISHED_CONSUMER","exerciseName|canonical asset plus Room runtime_exercise_metadata override|app/src/main/java/com/training/trackplanner/data/Daos.kt#observeDailySummariesBetween","1","No v2.2-reviewed exact consumer decision"
"UNESTABLISHED_CONSUMER","exerciseName|canonical asset plus Room runtime_exercise_metadata override|app/src/main/java/com/training/trackplanner/data/Entities.kt#TrainingProgramItem","1","No v2.2-reviewed exact consumer decision"
"UNESTABLISHED_CONSUMER","exerciseName|canonical asset plus Room runtime_exercise_metadata override|app/src/main/java/com/training/trackplanner/data/Entities.kt#WorkoutEntry","1","No v2.2-reviewed exact consumer decision"
"UNESTABLISHED_CONSUMER","exerciseName|canonical asset plus Room runtime_exercise_metadata override|app/src/main/java/com/training/trackplanner/data/ExerciseMetadataAdapter.kt#fromFields","1","No v2.2-reviewed exact consumer decision"
"UNESTABLISHED_CONSUMER","exerciseName|canonical asset plus Room runtime_exercise_metadata override|app/src/main/java/com/training/trackplanner/data/ExerciseMetadataAdapter.kt#RuntimeExerciseMetadata","1","No v2.2-reviewed exact consumer decision"
"UNESTABLISHED_CONSUMER","exerciseName|canonical asset plus Room runtime_exercise_metadata override|app/src/main/java/com/training/trackplanner/data/ExerciseMetadataBackupContract.kt#ExerciseMetadataFieldPolicyRegistry","1","No v2.2-reviewed exact consumer decision"
"UNESTABLISHED_CONSUMER","exerciseName|canonical asset plus Room runtime_exercise_metadata override|app/src/main/java/com/training/trackplanner/data/ExerciseMetadataBackupContract.kt#localizationModeFor","1","No v2.2-reviewed exact consumer decision"
"UNESTABLISHED_CONSUMER","exerciseName|canonical asset plus Room runtime_exercise_metadata override|app/src/main/java/com/training/trackplanner/data/ExerciseMetadataBackupContract.kt#valueKindFor","1","No v2.2-reviewed exact consumer decision"
"UNESTABLISHED_CONSUMER","exerciseName|canonical asset plus Room runtime_exercise_metadata override|app/src/main/java/com/training/trackplanner/data/ExerciseMetadataEditorService.kt#saveExerciseEditor","1","No v2.2-reviewed exact consumer decision"
"UNESTABLISHED_CONSUMER","exerciseName|canonical asset plus Room runtime_exercise_metadata override|app/src/main/java/com/training/trackplanner/data/ExerciseMetadataEffectiveStateResolver.kt#resolve","1","No v2.2-reviewed exact consumer decision"
"UNESTABLISHED_CONSUMER","exerciseName|canonical asset plus Room runtime_exercise_metadata override|app/src/main/java/com/training/trackplanner/data/ExerciseStableKeyMigration.kt#createProgramItemsTable","1","No v2.2-reviewed exact consumer decision"
"UNESTABLISHED_CONSUMER","exerciseName|canonical asset plus Room runtime_exercise_metadata override|app/src/main/java/com/training/trackplanner/data/ExerciseStableKeyMigration.kt#createWorkoutEntriesTable","1","No v2.2-reviewed exact consumer decision"
"UNESTABLISHED_CONSUMER","exerciseName|canonical asset plus Room runtime_exercise_metadata override|app/src/main/java/com/training/trackplanner/data/ExerciseStableKeyMigration.kt#migrate","1","No v2.2-reviewed exact consumer decision"
"UNESTABLISHED_CONSUMER","exerciseName|canonical asset plus Room runtime_exercise_metadata override|app/src/main/java/com/training/trackplanner/data/MetadataSanityChecker.kt#check","1","No v2.2-reviewed exact consumer decision"
"UNESTABLISHED_CONSUMER","exerciseName|canonical asset plus Room runtime_exercise_metadata override|app/src/main/java/com/training/trackplanner/data/MetadataSanityChecker.kt#checkAll","1","No v2.2-reviewed exact consumer decision"
"UNESTABLISHED_CONSUMER","exerciseName|canonical asset plus Room runtime_exercise_metadata override|app/src/main/java/com/training/trackplanner/data/MetadataSanityChecker.kt#Exercise","1","No v2.2-reviewed exact consumer decision"
"UNESTABLISHED_CONSUMER","exerciseName|canonical asset plus Room runtime_exercise_metadata override|app/src/main/java/com/training/trackplanner/data/MetadataSanityChecker.kt#MetadataSanityCheckResult","1","No v2.2-reviewed exact consumer decision"
"UNESTABLISHED_CONSUMER","exerciseName|canonical asset plus Room runtime_exercise_metadata override|app/src/main/java/com/training/trackplanner/data/MetadataSanityChecker.kt#MetadataSanityIssue","1","No v2.2-reviewed exact consumer decision"
"UNESTABLISHED_CONSUMER","exerciseName|canonical asset plus Room runtime_exercise_metadata override|app/src/main/java/com/training/trackplanner/data/ProgramAutoBuilder.kt#build","1","No v2.2-reviewed exact consumer decision"
"UNESTABLISHED_CONSUMER","exerciseName|canonical asset plus Room runtime_exercise_metadata override|app/src/main/java/com/training/trackplanner/data/ProgramBuilder.kt#build","1","No v2.2-reviewed exact consumer decision"
"UNESTABLISHED_CONSUMER","exerciseName|canonical asset plus Room runtime_exercise_metadata override|app/src/main/java/com/training/trackplanner/data/ProgramBuilder.kt#GeneratedProgramSkeleton","1","No v2.2-reviewed exact consumer decision"
"UNESTABLISHED_CONSUMER","exerciseName|canonical asset plus Room runtime_exercise_metadata override|app/src/main/java/com/training/trackplanner/data/ProgramBuilder.kt#ProgramSkeletonItem","1","No v2.2-reviewed exact consumer decision"
"UNESTABLISHED_CONSUMER","exerciseName|canonical asset plus Room runtime_exercise_metadata override|app/src/main/java/com/training/trackplanner/data/ProgramBuilderValidation.kt#validateFallbackRoleSlots","1","No v2.2-reviewed exact consumer decision"
"UNESTABLISHED_CONSUMER","exerciseName|canonical asset plus Room runtime_exercise_metadata override|app/src/main/java/com/training/trackplanner/data/ProgramBuilderValidation.kt#validateSessions","1","No v2.2-reviewed exact consumer decision"
"UNESTABLISHED_CONSUMER","exerciseName|canonical asset plus Room runtime_exercise_metadata override|app/src/main/java/com/training/trackplanner/data/ProgramCandidateRerankingPolicy.kt#needsLoadedStrength","1","No v2.2-reviewed exact consumer decision"
"UNESTABLISHED_CONSUMER","exerciseName|canonical asset plus Room runtime_exercise_metadata override|app/src/main/java/com/training/trackplanner/data/ProgramCorePatternPolicy.kt#corePattern","1","No v2.2-reviewed exact consumer decision"
"UNESTABLISHED_CONSUMER","exerciseName|canonical asset plus Room runtime_exercise_metadata override|app/src/main/java/com/training/trackplanner/data/ProgramEvaluationPolicy.kt#coreAccessoryOveruse","1","No v2.2-reviewed exact consumer decision"
"UNESTABLISHED_CONSUMER","exerciseName|canonical asset plus Room runtime_exercise_metadata override|app/src/main/java/com/training/trackplanner/data/ProgramEvaluationPolicy.kt#isLoadedStrength","1","No v2.2-reviewed exact consumer decision"
"UNESTABLISHED_CONSUMER","exerciseName|canonical asset plus Room runtime_exercise_metadata override|app/src/main/java/com/training/trackplanner/data/ProgramExerciseSpec.kt#ProgramExerciseSpec","1","No v2.2-reviewed exact consumer decision"
"UNESTABLISHED_CONSUMER","exerciseName|canonical asset plus Room runtime_exercise_metadata override|app/src/main/java/com/training/trackplanner/data/ProgramExerciseSpec.kt#ResolvedProgramExercise","1","No v2.2-reviewed exact consumer decision"
"UNESTABLISHED_CONSUMER","exerciseName|canonical asset plus Room runtime_exercise_metadata override|app/src/main/java/com/training/trackplanner/data/ProgramIssueDrivenRerankPolicy.kt#ProgramSkeletonItem","1","No v2.2-reviewed exact consumer decision"
"UNESTABLISHED_CONSUMER","exerciseName|canonical asset plus Room runtime_exercise_metadata override|app/src/main/java/com/training/trackplanner/data/ProgramIssueDrivenRerankPolicy.kt#selectedMainReplacementTarget","1","No v2.2-reviewed exact consumer decision"
"UNESTABLISHED_CONSUMER","exerciseName|canonical asset plus Room runtime_exercise_metadata override|app/src/main/java/com/training/trackplanner/data/ProgramPlanService.kt#addExerciseToProgram","1","No v2.2-reviewed exact consumer decision"
"UNESTABLISHED_CONSUMER","exerciseName|canonical asset plus Room runtime_exercise_metadata override|app/src/main/java/com/training/trackplanner/data/ProgramPlanService.kt#applyProgramToDates","1","No v2.2-reviewed exact consumer decision"
"UNESTABLISHED_CONSUMER","exerciseName|canonical asset plus Room runtime_exercise_metadata override|app/src/main/java/com/training/trackplanner/data/ProgramPlanService.kt#createProgramFromRecordRange","1","No v2.2-reviewed exact consumer decision"
"UNESTABLISHED_CONSUMER","exerciseName|canonical asset plus Room runtime_exercise_metadata override|app/src/main/java/com/training/trackplanner/data/ProgramPlanService.kt#ProgramSkeletonItem","1","No v2.2-reviewed exact consumer decision"
"UNESTABLISHED_CONSUMER","exerciseName|canonical asset plus Room runtime_exercise_metadata override|app/src/main/java/com/training/trackplanner/data/ProgramSkeletonGenerator.kt#ProgramCandidateScoreTrace","1","No v2.2-reviewed exact consumer decision"
"UNESTABLISHED_CONSUMER","exerciseName|canonical asset plus Room runtime_exercise_metadata override|app/src/main/java/com/training/trackplanner/data/ProgramSkeletonGenerator.kt#ProgramSkeletonItem","1","No v2.2-reviewed exact consumer decision"
"UNESTABLISHED_CONSUMER","exerciseName|canonical asset plus Room runtime_exercise_metadata override|app/src/main/java/com/training/trackplanner/data/ProgramSlotAllocator.kt#item","1","No v2.2-reviewed exact consumer decision"
"UNESTABLISHED_CONSUMER","exerciseName|canonical asset plus Room runtime_exercise_metadata override|app/src/main/java/com/training/trackplanner/data/RecordCsvBackupRestore.kt#appendStrengthRow","1","No v2.2-reviewed exact consumer decision"
"UNESTABLISHED_CONSUMER","exerciseName|canonical asset plus Room runtime_exercise_metadata override|app/src/main/java/com/training/trackplanner/data/RecordCsvBackupRestore.kt#parseRestore","1","No v2.2-reviewed exact consumer decision"
"UNESTABLISHED_CONSUMER","exerciseName|canonical asset plus Room runtime_exercise_metadata override|app/src/main/java/com/training/trackplanner/data/RecordCsvBackupRestore.kt#ProgramBackupItem","1","No v2.2-reviewed exact consumer decision"
"UNESTABLISHED_CONSUMER","exerciseName|canonical asset plus Room runtime_exercise_metadata override|app/src/main/java/com/training/trackplanner/data/RecordCsvBackupRestore.kt#RestoreSetRow","1","No v2.2-reviewed exact consumer decision"
"UNESTABLISHED_CONSUMER","exerciseName|canonical asset plus Room runtime_exercise_metadata override|app/src/main/java/com/training/trackplanner/data/RecordCsvBackupRestore.kt#value","1","No v2.2-reviewed exact consumer decision"
"UNESTABLISHED_CONSUMER","exerciseName|canonical asset plus Room runtime_exercise_metadata override|app/src/main/java/com/training/trackplanner/data/RecordMutationService.kt#addWorkoutEntry","1","No v2.2-reviewed exact consumer decision"
"UNESTABLISHED_CONSUMER","exerciseName|canonical asset plus Room runtime_exercise_metadata override|app/src/main/java/com/training/trackplanner/data/RuntimeExerciseMetadataPersistence.kt#RuntimeExerciseMetadata","1","No v2.2-reviewed exact consumer decision"
"UNESTABLISHED_CONSUMER","exerciseName|canonical asset plus Room runtime_exercise_metadata override|app/src/main/java/com/training/trackplanner/data/RuntimeExerciseMetadataPersistence.kt#RuntimeExerciseMetadataEntity","1","No v2.2-reviewed exact consumer decision"
"UNESTABLISHED_CONSUMER","exerciseName|canonical asset plus Room runtime_exercise_metadata override|app/src/main/java/com/training/trackplanner/data/RuntimeExerciseMetadataResolver.kt#forExercise","1","No v2.2-reviewed exact consumer decision"
"UNESTABLISHED_CONSUMER","exerciseName|canonical asset plus Room runtime_exercise_metadata override|app/src/main/java/com/training/trackplanner/data/RuntimeExerciseMetadataResolver.kt#forIdentity","1","No v2.2-reviewed exact consumer decision"
"UNESTABLISHED_CONSUMER","exerciseName|canonical asset plus Room runtime_exercise_metadata override|app/src/main/java/com/training/trackplanner/data/RuntimeExerciseMetadataResolver.kt#resolve","1","No v2.2-reviewed exact consumer decision"
"UNESTABLISHED_CONSUMER","exerciseName|canonical asset plus Room runtime_exercise_metadata override|app/src/main/java/com/training/trackplanner/data/RuntimeExerciseMetadataResolver.kt#RuntimeExerciseMetadata","1","No v2.2-reviewed exact consumer decision"
"UNESTABLISHED_CONSUMER","exerciseName|canonical asset plus Room runtime_exercise_metadata override|app/src/main/java/com/training/trackplanner/data/SafeBackupRestore.kt#contentToken","1","No v2.2-reviewed exact consumer decision"
"UNESTABLISHED_CONSUMER","exerciseName|canonical asset plus Room runtime_exercise_metadata override|app/src/main/java/com/training/trackplanner/data/SafeBackupRestore.kt#RecordCsvImportData","1","No v2.2-reviewed exact consumer decision"
"UNESTABLISHED_CONSUMER","exerciseName|canonical asset plus Room runtime_exercise_metadata override|app/src/main/java/com/training/trackplanner/data/SafeBackupRestore.kt#RestoreWorkoutGraph","1","No v2.2-reviewed exact consumer decision"
"UNESTABLISHED_CONSUMER","exerciseName|canonical asset plus Room runtime_exercise_metadata override|app/src/main/java/com/training/trackplanner/data/SafeBackupRestore.kt#WorkoutEntryWithSets","1","No v2.2-reviewed exact consumer decision"
"UNESTABLISHED_CONSUMER","exerciseName|canonical asset plus Room runtime_exercise_metadata override|app/src/main/java/com/training/trackplanner/data/SeedData.kt#Exercise","1","No v2.2-reviewed exact consumer decision"
"UNESTABLISHED_CONSUMER","exerciseName|canonical asset plus Room runtime_exercise_metadata override|app/src/main/java/com/training/trackplanner/data/SeedData.kt#ExerciseImageMapping","1","No v2.2-reviewed exact consumer decision"
"UNESTABLISHED_CONSUMER","exerciseName|canonical asset plus Room runtime_exercise_metadata override|app/src/main/java/com/training/trackplanner/data/SeedData.kt#exerciseImageMappings","1","No v2.2-reviewed exact consumer decision"
"UNESTABLISHED_CONSUMER","exerciseName|canonical asset plus Room runtime_exercise_metadata override|app/src/main/java/com/training/trackplanner/data/SeedData.kt#programItemFromCsv","1","No v2.2-reviewed exact consumer decision"
"UNESTABLISHED_CONSUMER","exerciseName|canonical asset plus Room runtime_exercise_metadata override|app/src/main/java/com/training/trackplanner/data/SeedData.kt#ProgramItemSeed","1","No v2.2-reviewed exact consumer decision"
"UNESTABLISHED_CONSUMER","exerciseName|canonical asset plus Room runtime_exercise_metadata override|app/src/main/java/com/training/trackplanner/data/TrainingDatabase.kt#migrate","1","No v2.2-reviewed exact consumer decision"
"UNESTABLISHED_CONSUMER","exerciseName|canonical asset plus Room runtime_exercise_metadata override|app/src/main/java/com/training/trackplanner/data/TrainingRepository.kt#seedMissingPrograms","1","No v2.2-reviewed exact consumer decision"
"UNESTABLISHED_CONSUMER","exerciseName|canonical asset plus Room runtime_exercise_metadata override|app/src/main/java/com/training/trackplanner/data/TrainingRoleSplitMigration.kt#recreateExerciseReferences","1","No v2.2-reviewed exact consumer decision"
"UNESTABLISHED_CONSUMER","exerciseName|canonical asset plus Room runtime_exercise_metadata override|app/src/main/java/com/training/trackplanner/localization/LocalizedPresentation.kt#exerciseName","1","No v2.2-reviewed exact consumer decision"
"UNESTABLISHED_CONSUMER","exerciseName|canonical asset plus Room runtime_exercise_metadata override|app/src/main/java/com/training/trackplanner/localization/LocalizedPresentation.kt#localizedExerciseName","1","No v2.2-reviewed exact consumer decision"
"UNESTABLISHED_CONSUMER","exerciseName|canonical asset plus Room runtime_exercise_metadata override|app/src/main/java/com/training/trackplanner/localization/LocalizedPresentation.kt#rpeAutoregulationSignal","1","No v2.2-reviewed exact consumer decision"
"UNESTABLISHED_CONSUMER","exerciseName|canonical asset plus Room runtime_exercise_metadata override|app/src/main/java/com/training/trackplanner/PlanGeneratedPreview.kt#draftItemForExercise","1","No v2.2-reviewed exact consumer decision"
"UNESTABLISHED_CONSUMER","exerciseName|canonical asset plus Room runtime_exercise_metadata override|app/src/main/java/com/training/trackplanner/PlanGeneratedPreview.kt#ProgramDraftItemDialog","1","No v2.2-reviewed exact consumer decision"
"UNESTABLISHED_CONSUMER","exerciseName|canonical asset plus Room runtime_exercise_metadata override|app/src/main/java/com/training/trackplanner/PlanGeneratedPreview.kt#ProgramDraftItemRow","1","No v2.2-reviewed exact consumer decision"
"UNESTABLISHED_CONSUMER","exerciseName|canonical asset plus Room runtime_exercise_metadata override|app/src/main/java/com/training/trackplanner/PlanProgramSections.kt#ProgramDaySummarySection","1","No v2.2-reviewed exact consumer decision"
"UNESTABLISHED_CONSUMER","exerciseName|canonical asset plus Room runtime_exercise_metadata override|app/src/main/java/com/training/trackplanner/PlanScreen.kt#skeletonFromProgram","1","No v2.2-reviewed exact consumer decision"
"UNESTABLISHED_CONSUMER","exerciseName|canonical asset plus Room runtime_exercise_metadata override|app/src/main/java/com/training/trackplanner/RecordEntryCard.kt#nextRestHint","1","No v2.2-reviewed exact consumer decision"
"UNESTABLISHED_CONSUMER","exerciseName|canonical asset plus Room runtime_exercise_metadata override|app/src/main/java/com/training/trackplanner/RecordEntryCard.kt#WorkoutEntryCard","1","No v2.2-reviewed exact consumer decision"
"UNESTABLISHED_CONSUMER","exerciseName|canonical asset plus Room runtime_exercise_metadata override|app/src/main/java/com/training/trackplanner/RestTimerNotifier.kt#showFinished","1","No v2.2-reviewed exact consumer decision"
"UNESTABLISHED_CONSUMER","exerciseName|canonical asset plus Room runtime_exercise_metadata override|app/src/main/java/com/training/trackplanner/RestTimerOverlayController.kt#showOrUpdate","1","No v2.2-reviewed exact consumer decision"
"UNESTABLISHED_CONSUMER","exerciseName|canonical asset plus Room runtime_exercise_metadata override|app/src/main/java/com/training/trackplanner/RestTimerSessionController.kt#start","1","No v2.2-reviewed exact consumer decision"
"UNESTABLISHED_CONSUMER","exerciseName|canonical asset plus Room runtime_exercise_metadata override|app/src/main/java/com/training/trackplanner/RestTimerState.kt#RestTimerState","1","No v2.2-reviewed exact consumer decision"
"UNESTABLISHED_CONSUMER","exerciseName|canonical asset plus Room runtime_exercise_metadata override|app/src/main/java/com/training/trackplanner/RestTimerUi.kt#RestTimerMiniBar","1","No v2.2-reviewed exact consumer decision"
"UNESTABLISHED_CONSUMER","exerciseName|canonical asset plus Room runtime_exercise_metadata override|app/src/main/java/com/training/trackplanner/RuntimeMetadataExerciseEditorDialog.kt#joinExerciseTokens","1","No v2.2-reviewed exact consumer decision"
"UNESTABLISHED_CONSUMER","familyE1rmMultiplier|Room exercises|app/src/main/java/com/training/trackplanner/data/CanonicalExerciseMetadataRepository.kt#exerciseFrom","1","No v2.2-reviewed exact consumer decision"
"UNESTABLISHED_CONSUMER","familyE1rmMultiplier|Room exercises|app/src/main/java/com/training/trackplanner/data/Entities.kt#Exercise","1","No v2.2-reviewed exact consumer decision"
"UNESTABLISHED_CONSUMER","familyE1rmMultiplier|Room exercises|app/src/main/java/com/training/trackplanner/data/ExerciseMetadataBackupContract.kt#ExerciseMetadataFieldPolicyRegistry","1","No v2.2-reviewed exact consumer decision"
"UNESTABLISHED_CONSUMER","familyE1rmMultiplier|Room exercises|app/src/main/java/com/training/trackplanner/data/ExerciseMetadataBackupContract.kt#normalize","1","No v2.2-reviewed exact consumer decision"
"UNESTABLISHED_CONSUMER","familyE1rmMultiplier|Room exercises|app/src/main/java/com/training/trackplanner/data/ExerciseStableKeyMigration.kt#createExerciseTable","1","No v2.2-reviewed exact consumer decision"
"UNESTABLISHED_CONSUMER","familyE1rmMultiplier|Room exercises|app/src/main/java/com/training/trackplanner/data/ExerciseStableKeyMigration.kt#insertUnresolvedExercise","1","No v2.2-reviewed exact consumer decision"
"UNESTABLISHED_CONSUMER","familyE1rmMultiplier|Room exercises|app/src/main/java/com/training/trackplanner/data/ExerciseStableKeyMigration.kt#migrate","1","No v2.2-reviewed exact consumer decision"
"UNESTABLISHED_CONSUMER","familyE1rmMultiplier|Room exercises|app/src/main/java/com/training/trackplanner/data/RuntimeExerciseMetadataResolver.kt#Exercise","1","No v2.2-reviewed exact consumer decision"
"UNESTABLISHED_CONSUMER","familyE1rmMultiplier|Room exercises|app/src/main/java/com/training/trackplanner/data/SeedData.kt#exerciseFromCsv","1","No v2.2-reviewed exact consumer decision"
"UNESTABLISHED_CONSUMER","familyE1rmMultiplier|Room exercises|app/src/main/java/com/training/trackplanner/data/TrainingRoleSplitMigration.kt#createExercisesWithoutLegacyRole","1","No v2.2-reviewed exact consumer decision"
"UNESTABLISHED_CONSUMER","familyE1rmMultiplier|Room exercises|app/src/main/java/com/training/trackplanner/data/TrainingRoleSplitMigration.kt#migrateIntrinsicTrainingRoles","1","No v2.2-reviewed exact consumer decision"
"UNESTABLISHED_CONSUMER","familyName|Room exercises|app/src/main/java/com/training/trackplanner/analysis/features/BodyweightEffectiveLoadCalculator.kt#effectiveVolumeLoadOrNull","1","No v2.2-reviewed exact consumer decision"
"UNESTABLISHED_CONSUMER","familyName|Room exercises|app/src/main/java/com/training/trackplanner/analysis/features/BodyweightEffectiveLoadCalculator.kt#profileFor","1","No v2.2-reviewed exact consumer decision"
"UNESTABLISHED_CONSUMER","familyName|Room exercises|app/src/main/java/com/training/trackplanner/analysis/features/BodyweightEffectiveLoadCalculator.kt#volumeLoad","1","No v2.2-reviewed exact consumer decision"
"UNESTABLISHED_CONSUMER","familyName|Room exercises|app/src/main/java/com/training/trackplanner/analysis/proxyperformance/ProxyPerformanceLoadingBuilder.kt#build","1","No v2.2-reviewed exact consumer decision"
"UNESTABLISHED_CONSUMER","familyName|Room exercises|app/src/main/java/com/training/trackplanner/data/CanonicalExerciseMetadataRepository.kt#exerciseFrom","1","No v2.2-reviewed exact consumer decision"
"UNESTABLISHED_CONSUMER","familyName|Room exercises|app/src/main/java/com/training/trackplanner/data/Entities.kt#Exercise","1","No v2.2-reviewed exact consumer decision"
"UNESTABLISHED_CONSUMER","familyName|Room exercises|app/src/main/java/com/training/trackplanner/data/ExerciseMetadataBackupContract.kt#ExerciseMetadataFieldPolicyRegistry","1","No v2.2-reviewed exact consumer decision"
"UNESTABLISHED_CONSUMER","familyName|Room exercises|app/src/main/java/com/training/trackplanner/data/ExerciseMetadataBackupContract.kt#normalize","1","No v2.2-reviewed exact consumer decision"
"UNESTABLISHED_CONSUMER","familyName|Room exercises|app/src/main/java/com/training/trackplanner/data/ExerciseStableKeyMigration.kt#createExerciseTable","1","No v2.2-reviewed exact consumer decision"
"UNESTABLISHED_CONSUMER","familyName|Room exercises|app/src/main/java/com/training/trackplanner/data/ExerciseStableKeyMigration.kt#insertUnresolvedExercise","1","No v2.2-reviewed exact consumer decision"
"UNESTABLISHED_CONSUMER","familyName|Room exercises|app/src/main/java/com/training/trackplanner/data/ExerciseStableKeyMigration.kt#migrate","1","No v2.2-reviewed exact consumer decision"
"UNESTABLISHED_CONSUMER","familyName|Room exercises|app/src/main/java/com/training/trackplanner/data/RuntimeExerciseMetadataResolver.kt#Exercise","1","No v2.2-reviewed exact consumer decision"
"UNESTABLISHED_CONSUMER","familyName|Room exercises|app/src/main/java/com/training/trackplanner/data/SeedData.kt#exerciseFromCsv","1","No v2.2-reviewed exact consumer decision"
"UNESTABLISHED_CONSUMER","familyName|Room exercises|app/src/main/java/com/training/trackplanner/data/TrainingRoleSplitMigration.kt#createExercisesWithoutLegacyRole","1","No v2.2-reviewed exact consumer decision"
"UNESTABLISHED_CONSUMER","familyName|Room exercises|app/src/main/java/com/training/trackplanner/data/TrainingRoleSplitMigration.kt#migrateIntrinsicTrainingRoles","1","No v2.2-reviewed exact consumer decision"
"UNESTABLISHED_CONSUMER","familyRole|Room exercises|app/src/main/java/com/training/trackplanner/analysis/strengthperformance/StrengthPerformanceRegistry.kt#metadataProxyLoadings","1","No v2.2-reviewed exact consumer decision"
"UNESTABLISHED_CONSUMER","familyRole|Room exercises|app/src/main/java/com/training/trackplanner/data/CanonicalExerciseMetadataRepository.kt#exerciseFrom","1","No v2.2-reviewed exact consumer decision"
"UNESTABLISHED_CONSUMER","familyRole|Room exercises|app/src/main/java/com/training/trackplanner/data/Entities.kt#Exercise","1","No v2.2-reviewed exact consumer decision"
"UNESTABLISHED_CONSUMER","familyRole|Room exercises|app/src/main/java/com/training/trackplanner/data/ExerciseMetadataBackupContract.kt#ExerciseMetadataFieldPolicyRegistry","1","No v2.2-reviewed exact consumer decision"
"UNESTABLISHED_CONSUMER","familyRole|Room exercises|app/src/main/java/com/training/trackplanner/data/ExerciseMetadataBackupContract.kt#normalize","1","No v2.2-reviewed exact consumer decision"
"UNESTABLISHED_CONSUMER","familyRole|Room exercises|app/src/main/java/com/training/trackplanner/data/ExerciseStableKeyMigration.kt#createExerciseTable","1","No v2.2-reviewed exact consumer decision"
"UNESTABLISHED_CONSUMER","familyRole|Room exercises|app/src/main/java/com/training/trackplanner/data/ExerciseStableKeyMigration.kt#insertUnresolvedExercise","1","No v2.2-reviewed exact consumer decision"
"UNESTABLISHED_CONSUMER","familyRole|Room exercises|app/src/main/java/com/training/trackplanner/data/ExerciseStableKeyMigration.kt#migrate","1","No v2.2-reviewed exact consumer decision"
"UNESTABLISHED_CONSUMER","familyRole|Room exercises|app/src/main/java/com/training/trackplanner/data/RuntimeExerciseMetadataResolver.kt#Exercise","1","No v2.2-reviewed exact consumer decision"
"UNESTABLISHED_CONSUMER","familyRole|Room exercises|app/src/main/java/com/training/trackplanner/data/SeedData.kt#exerciseFromCsv","1","No v2.2-reviewed exact consumer decision"
"UNESTABLISHED_CONSUMER","familyRole|Room exercises|app/src/main/java/com/training/trackplanner/data/SeedData.kt#validateCatalog","1","No v2.2-reviewed exact consumer decision"
"UNESTABLISHED_CONSUMER","familyRole|Room exercises|app/src/main/java/com/training/trackplanner/data/TrainingRoleSplitMigration.kt#createExercisesWithoutLegacyRole","1","No v2.2-reviewed exact consumer decision"
"UNESTABLISHED_CONSUMER","familyRole|Room exercises|app/src/main/java/com/training/trackplanner/data/TrainingRoleSplitMigration.kt#migrateIntrinsicTrainingRoles","1","No v2.2-reviewed exact consumer decision"
"UNESTABLISHED_CONSUMER","fatigueCategories|Room exercises|app/src/main/java/com/training/trackplanner/analysis/badminton/BadmintonTransferMetadataMapper.kt#legacyTransferAxesForAudit","1","No v2.2-reviewed exact consumer decision"
"UNESTABLISHED_CONSUMER","fatigueCategories|Room exercises|app/src/main/java/com/training/trackplanner/analysis/core/AnalysisInputCollector.kt#Exercise","1","No v2.2-reviewed exact consumer decision"
"UNESTABLISHED_CONSUMER","fatigueCategories|Room exercises|app/src/main/java/com/training/trackplanner/analysis/core/AnalysisInputSnapshot.kt#AnalysisExerciseMetadata","1","No v2.2-reviewed exact consumer decision"
"UNESTABLISHED_CONSUMER","fatigueCategories|Room exercises|app/src/main/java/com/training/trackplanner/analysis/fatigue/DailyFatigueCalculator.kt#level","1","No v2.2-reviewed exact consumer decision"
"UNESTABLISHED_CONSUMER","fatigueCategories|Room exercises|app/src/main/java/com/training/trackplanner/analysis/features/ExerciseAnalysisMapper.kt#AnalysisExerciseFeatures","1","No v2.2-reviewed exact consumer decision"
"UNESTABLISHED_CONSUMER","fatigueCategories|Room exercises|app/src/main/java/com/training/trackplanner/analysis/features/ExerciseAnalysisMapper.kt#fromRecord","1","No v2.2-reviewed exact consumer decision"
"UNESTABLISHED_CONSUMER","fatigueCategories|Room exercises|app/src/main/java/com/training/trackplanner/analysis/features/MetadataReadinessReporter.kt#Exercise","1","No v2.2-reviewed exact consumer decision"
"UNESTABLISHED_CONSUMER","fatigueCategories|Room exercises|app/src/main/java/com/training/trackplanner/analysis/features/MetadataReadinessReporter.kt#fatigueReady","1","No v2.2-reviewed exact consumer decision"
"UNESTABLISHED_CONSUMER","fatigueCategories|Room exercises|app/src/main/java/com/training/trackplanner/analysis/trends/BadmintonTrainingLoadIndexCalculator.kt#AnalysisExerciseFeatures","1","No v2.2-reviewed exact consumer decision"
"UNESTABLISHED_CONSUMER","fatigueCategories|Room exercises|app/src/main/java/com/training/trackplanner/data/CanonicalExerciseMetadataRepository.kt#exerciseFrom","1","No v2.2-reviewed exact consumer decision"
"UNESTABLISHED_CONSUMER","fatigueCategories|Room exercises|app/src/main/java/com/training/trackplanner/data/Entities.kt#Exercise","1","No v2.2-reviewed exact consumer decision"
"UNESTABLISHED_CONSUMER","fatigueCategories|Room exercises|app/src/main/java/com/training/trackplanner/data/ExerciseMetadataBackupContract.kt#ExerciseMetadataFieldPolicyRegistry","1","No v2.2-reviewed exact consumer decision"
"UNESTABLISHED_CONSUMER","fatigueCategories|Room exercises|app/src/main/java/com/training/trackplanner/data/ExerciseMetadataBackupContract.kt#normalize","1","No v2.2-reviewed exact consumer decision"
"UNESTABLISHED_CONSUMER","fatigueCategories|Room exercises|app/src/main/java/com/training/trackplanner/data/ExerciseMetadataMapper.kt#applyMetadata","1","No v2.2-reviewed exact consumer decision"
"UNESTABLISHED_CONSUMER","fatigueCategories|Room exercises|app/src/main/java/com/training/trackplanner/data/ExerciseMetadataMapper.kt#MetadataSource","1","No v2.2-reviewed exact consumer decision"
"UNESTABLISHED_CONSUMER","fatigueCategories|Room exercises|app/src/main/java/com/training/trackplanner/data/ExerciseStableKeyMigration.kt#createExerciseTable","1","No v2.2-reviewed exact consumer decision"
"UNESTABLISHED_CONSUMER","fatigueCategories|Room exercises|app/src/main/java/com/training/trackplanner/data/ExerciseStableKeyMigration.kt#insertUnresolvedExercise","1","No v2.2-reviewed exact consumer decision"
"UNESTABLISHED_CONSUMER","fatigueCategories|Room exercises|app/src/main/java/com/training/trackplanner/data/ExerciseStableKeyMigration.kt#migrate","1","No v2.2-reviewed exact consumer decision"
"UNESTABLISHED_CONSUMER","fatigueCategories|Room exercises|app/src/main/java/com/training/trackplanner/data/MetadataSanityChecker.kt#check","1","No v2.2-reviewed exact consumer decision"
"UNESTABLISHED_CONSUMER","fatigueCategories|Room exercises|app/src/main/java/com/training/trackplanner/data/MetadataSanityChecker.kt#Exercise","1","No v2.2-reviewed exact consumer decision"
"UNESTABLISHED_CONSUMER","fatigueCategories|Room exercises|app/src/main/java/com/training/trackplanner/data/ProgramCandidate.kt#ProgramCandidate","1","No v2.2-reviewed exact consumer decision"
"UNESTABLISHED_CONSUMER","fatigueCategories|Room exercises|app/src/main/java/com/training/trackplanner/data/RuntimeExerciseMetadataResolver.kt#Exercise","1","No v2.2-reviewed exact consumer decision"
"UNESTABLISHED_CONSUMER","fatigueCategories|Room exercises|app/src/main/java/com/training/trackplanner/data/RuntimeExerciseMetadataResolver.kt#forExercise","1","No v2.2-reviewed exact consumer decision"
"UNESTABLISHED_CONSUMER","fatigueCategories|Room exercises|app/src/main/java/com/training/trackplanner/data/SeedData.kt#validateCatalog","1","No v2.2-reviewed exact consumer decision"
"UNESTABLISHED_CONSUMER","fatigueCategories|Room exercises|app/src/main/java/com/training/trackplanner/data/TrainingDatabase.kt#migrate","1","No v2.2-reviewed exact consumer decision"
"UNESTABLISHED_CONSUMER","fatigueCategories|Room exercises|app/src/main/java/com/training/trackplanner/data/TrainingRepository.kt#Exercise","1","No v2.2-reviewed exact consumer decision"
"UNESTABLISHED_CONSUMER","fatigueCategories|Room exercises|app/src/main/java/com/training/trackplanner/data/TrainingRoleSplitMigration.kt#createExercisesWithoutLegacyRole","1","No v2.2-reviewed exact consumer decision"
"UNESTABLISHED_CONSUMER","fatigueCategories|Room exercises|app/src/main/java/com/training/trackplanner/data/TrainingRoleSplitMigration.kt#migrateIntrinsicTrainingRoles","1","No v2.2-reviewed exact consumer decision"
"UNESTABLISHED_CONSUMER","fatigueCategories|Room exercises|app/src/main/java/com/training/trackplanner/ExerciseSubcategoryMapper.kt#addStructured","1","No v2.2-reviewed exact consumer decision"
"UNESTABLISHED_CONSUMER","finalSourceStatus|canonical asset plus Room runtime_exercise_metadata override|app/src/main/java/com/training/trackplanner/analysis/core/AnalysisInputCollector.kt#Exercise","1","No v2.2-reviewed exact consumer decision"
"UNESTABLISHED_CONSUMER","finalSourceStatus|canonical asset plus Room runtime_exercise_metadata override|app/src/main/java/com/training/trackplanner/analysis/core/AnalysisInputSnapshot.kt#AnalysisExerciseMetadata","1","No v2.2-reviewed exact consumer decision"
"UNESTABLISHED_CONSUMER","finalSourceStatus|canonical asset plus Room runtime_exercise_metadata override|app/src/main/java/com/training/trackplanner/analysis/features/ExerciseAnalysisMapper.kt#AnalysisExerciseFeatures","1","No v2.2-reviewed exact consumer decision"
"UNESTABLISHED_CONSUMER","finalSourceStatus|canonical asset plus Room runtime_exercise_metadata override|app/src/main/java/com/training/trackplanner/analysis/features/ExerciseAnalysisMapper.kt#fromRecord","1","No v2.2-reviewed exact consumer decision"
"UNESTABLISHED_CONSUMER","finalSourceStatus|canonical asset plus Room runtime_exercise_metadata override|app/src/main/java/com/training/trackplanner/data/ExerciseMetadataAdapter.kt#fromFields","1","No v2.2-reviewed exact consumer decision"
"UNESTABLISHED_CONSUMER","finalSourceStatus|canonical asset plus Room runtime_exercise_metadata override|app/src/main/java/com/training/trackplanner/data/ExerciseMetadataAdapter.kt#RuntimeExerciseMetadata","1","No v2.2-reviewed exact consumer decision"
"UNESTABLISHED_CONSUMER","finalSourceStatus|canonical asset plus Room runtime_exercise_metadata override|app/src/main/java/com/training/trackplanner/data/ExerciseMetadataBackupContract.kt#ExerciseMetadataFieldPolicyRegistry","1","No v2.2-reviewed exact consumer decision"
"UNESTABLISHED_CONSUMER","finalSourceStatus|canonical asset plus Room runtime_exercise_metadata override|app/src/main/java/com/training/trackplanner/data/ExerciseMetadataBackupContract.kt#normalize","1","No v2.2-reviewed exact consumer decision"
"UNESTABLISHED_CONSUMER","finalSourceStatus|canonical asset plus Room runtime_exercise_metadata override|app/src/main/java/com/training/trackplanner/data/RecordCsvBackupRestore.kt#appendStrengthRow","1","No v2.2-reviewed exact consumer decision"
"UNESTABLISHED_CONSUMER","finalSourceStatus|canonical asset plus Room runtime_exercise_metadata override|app/src/main/java/com/training/trackplanner/data/RecordCsvBackupRestore.kt#legacyRuntimeSnapshotRows","1","No v2.2-reviewed exact consumer decision"
"UNESTABLISHED_CONSUMER","finalSourceStatus|canonical asset plus Room runtime_exercise_metadata override|app/src/main/java/com/training/trackplanner/data/RecordCsvBackupRestore.kt#value","1","No v2.2-reviewed exact consumer decision"
"UNESTABLISHED_CONSUMER","finalSourceStatus|canonical asset plus Room runtime_exercise_metadata override|app/src/main/java/com/training/trackplanner/data/RuntimeExerciseMetadataPersistence.kt#RuntimeExerciseMetadata","1","No v2.2-reviewed exact consumer decision"
"UNESTABLISHED_CONSUMER","finalSourceStatus|canonical asset plus Room runtime_exercise_metadata override|app/src/main/java/com/training/trackplanner/data/RuntimeExerciseMetadataPersistence.kt#RuntimeExerciseMetadataEntity","1","No v2.2-reviewed exact consumer decision"
"UNESTABLISHED_CONSUMER","finalSourceStatus|canonical asset plus Room runtime_exercise_metadata override|app/src/main/java/com/training/trackplanner/data/RuntimeExerciseMetadataResolver.kt#forExercise","1","No v2.2-reviewed exact consumer decision"
"UNESTABLISHED_CONSUMER","finalSourceStatus|canonical asset plus Room runtime_exercise_metadata override|app/src/main/java/com/training/trackplanner/data/RuntimeExerciseMetadataResolver.kt#forIdentity","1","No v2.2-reviewed exact consumer decision"
"UNESTABLISHED_CONSUMER","finalSourceStatus|canonical asset plus Room runtime_exercise_metadata override|app/src/main/java/com/training/trackplanner/data/RuntimeExerciseMetadataResolver.kt#merged","1","No v2.2-reviewed exact consumer decision"
"UNESTABLISHED_CONSUMER","finalSourceStatus|canonical asset plus Room runtime_exercise_metadata override|app/src/main/java/com/training/trackplanner/data/TrainingDatabase.kt#migrate","1","No v2.2-reviewed exact consumer decision"
"UNESTABLISHED_CONSUMER","finalSourceStatus|canonical asset plus Room runtime_exercise_metadata override|app/src/main/java/com/training/trackplanner/MetadataDisplayCatalogue.kt#MetadataDisplayField","1","No v2.2-reviewed exact consumer decision"
"UNESTABLISHED_CONSUMER","finalSourceStatus|canonical asset plus Room runtime_exercise_metadata override|app/src/main/java/com/training/trackplanner/RuntimeMetadataExerciseEditorDialog.kt#joinExerciseTokens","1","No v2.2-reviewed exact consumer decision"
"UNESTABLISHED_CONSUMER","forceType|Room exercises|app/src/main/java/com/training/trackplanner/analysis/badminton/BadmintonTransferMetadataMapper.kt#legacyTransferAxesForAudit","1","No v2.2-reviewed exact consumer decision"
"UNESTABLISHED_CONSUMER","forceType|Room exercises|app/src/main/java/com/training/trackplanner/analysis/core/AnalysisInputCollector.kt#Exercise","1","No v2.2-reviewed exact consumer decision"
"UNESTABLISHED_CONSUMER","forceType|Room exercises|app/src/main/java/com/training/trackplanner/analysis/core/AnalysisInputSnapshot.kt#AnalysisExerciseMetadata","1","No v2.2-reviewed exact consumer decision"
"UNESTABLISHED_CONSUMER","forceType|Room exercises|app/src/main/java/com/training/trackplanner/analysis/features/ExerciseAnalysisMapper.kt#AnalysisExerciseFeatures","1","No v2.2-reviewed exact consumer decision"
"UNESTABLISHED_CONSUMER","forceType|Room exercises|app/src/main/java/com/training/trackplanner/analysis/features/ExerciseAnalysisMapper.kt#fromRecord","1","No v2.2-reviewed exact consumer decision"
"UNESTABLISHED_CONSUMER","forceType|Room exercises|app/src/main/java/com/training/trackplanner/analysis/features/MetadataReadinessReporter.kt#Exercise","1","No v2.2-reviewed exact consumer decision"
"UNESTABLISHED_CONSUMER","forceType|Room exercises|app/src/main/java/com/training/trackplanner/data/BackupRestoreCanonicalizer.kt#minimalStub","1","No v2.2-reviewed exact consumer decision"
"UNESTABLISHED_CONSUMER","forceType|Room exercises|app/src/main/java/com/training/trackplanner/data/BackupRestoreImportService.kt#Exercise","1","No v2.2-reviewed exact consumer decision"
"UNESTABLISHED_CONSUMER","forceType|Room exercises|app/src/main/java/com/training/trackplanner/data/BackupRestoreImportService.kt#RestoreExerciseRow","1","No v2.2-reviewed exact consumer decision"
"UNESTABLISHED_CONSUMER","forceType|Room exercises|app/src/main/java/com/training/trackplanner/data/CanonicalExerciseMetadataRepository.kt#exerciseFrom","1","No v2.2-reviewed exact consumer decision"
"UNESTABLISHED_CONSUMER","forceType|Room exercises|app/src/main/java/com/training/trackplanner/data/Entities.kt#Exercise","1","No v2.2-reviewed exact consumer decision"
"UNESTABLISHED_CONSUMER","forceType|Room exercises|app/src/main/java/com/training/trackplanner/data/ExerciseMetadataBackupContract.kt#ExerciseMetadataFieldPolicyRegistry","1","No v2.2-reviewed exact consumer decision"
"UNESTABLISHED_CONSUMER","forceType|Room exercises|app/src/main/java/com/training/trackplanner/data/ExerciseMetadataBackupContract.kt#normalize","1","No v2.2-reviewed exact consumer decision"
"UNESTABLISHED_CONSUMER","forceType|Room exercises|app/src/main/java/com/training/trackplanner/data/ExerciseMetadataMapper.kt#applyLegacyMetadata","1","No v2.2-reviewed exact consumer decision"
"UNESTABLISHED_CONSUMER","forceType|Room exercises|app/src/main/java/com/training/trackplanner/data/ExerciseMetadataMapper.kt#applyMetadata","1","No v2.2-reviewed exact consumer decision"
"UNESTABLISHED_CONSUMER","forceType|Room exercises|app/src/main/java/com/training/trackplanner/data/ExerciseMetadataMapper.kt#from","1","No v2.2-reviewed exact consumer decision"
"UNESTABLISHED_CONSUMER","forceType|Room exercises|app/src/main/java/com/training/trackplanner/data/ExerciseMetadataMapper.kt#MetadataSource","1","No v2.2-reviewed exact consumer decision"
"UNESTABLISHED_CONSUMER","forceType|Room exercises|app/src/main/java/com/training/trackplanner/data/ExercisePlanning.kt#Exercise","1","No v2.2-reviewed exact consumer decision"
"UNESTABLISHED_CONSUMER","forceType|Room exercises|app/src/main/java/com/training/trackplanner/data/ExerciseStableKeyMigration.kt#createExerciseTable","1","No v2.2-reviewed exact consumer decision"
"UNESTABLISHED_CONSUMER","forceType|Room exercises|app/src/main/java/com/training/trackplanner/data/ExerciseStableKeyMigration.kt#insertUnresolvedExercise","1","No v2.2-reviewed exact consumer decision"
"UNESTABLISHED_CONSUMER","forceType|Room exercises|app/src/main/java/com/training/trackplanner/data/ExerciseStableKeyMigration.kt#migrate","1","No v2.2-reviewed exact consumer decision"
"UNESTABLISHED_CONSUMER","forceType|Room exercises|app/src/main/java/com/training/trackplanner/data/MetadataSanityChecker.kt#Exercise","1","No v2.2-reviewed exact consumer decision"
"UNESTABLISHED_CONSUMER","forceType|Room exercises|app/src/main/java/com/training/trackplanner/data/RecordCsvBackupRestore.kt#appendStrengthRow","1","No v2.2-reviewed exact consumer decision"
"UNESTABLISHED_CONSUMER","forceType|Room exercises|app/src/main/java/com/training/trackplanner/data/RecordCsvBackupRestore.kt#legacyExerciseSnapshotRows","1","No v2.2-reviewed exact consumer decision"
"UNESTABLISHED_CONSUMER","forceType|Room exercises|app/src/main/java/com/training/trackplanner/data/RecordCsvBackupRestore.kt#RestoreExerciseRow","1","No v2.2-reviewed exact consumer decision"
"UNESTABLISHED_CONSUMER","forceType|Room exercises|app/src/main/java/com/training/trackplanner/data/RecordCsvBackupRestore.kt#value","1","No v2.2-reviewed exact consumer decision"
"UNESTABLISHED_CONSUMER","forceType|Room exercises|app/src/main/java/com/training/trackplanner/data/RuntimeExerciseMetadataResolver.kt#Exercise","1","No v2.2-reviewed exact consumer decision"
"UNESTABLISHED_CONSUMER","forceType|Room exercises|app/src/main/java/com/training/trackplanner/data/SeedData.kt#exactExerciseMetadataFromParsedRows","1","No v2.2-reviewed exact consumer decision"
"UNESTABLISHED_CONSUMER","forceType|Room exercises|app/src/main/java/com/training/trackplanner/data/SeedData.kt#exerciseFromCsv","1","No v2.2-reviewed exact consumer decision"
"UNESTABLISHED_CONSUMER","forceType|Room exercises|app/src/main/java/com/training/trackplanner/data/SeedData.kt#loadProfileFor","1","No v2.2-reviewed exact consumer decision"
"UNESTABLISHED_CONSUMER","forceType|Room exercises|app/src/main/java/com/training/trackplanner/data/SeedData.kt#validateCatalog","1","No v2.2-reviewed exact consumer decision"
"UNESTABLISHED_CONSUMER","forceType|Room exercises|app/src/main/java/com/training/trackplanner/data/TrainingRepository.kt#findOrCreateImportedExercise","1","No v2.2-reviewed exact consumer decision"
"UNESTABLISHED_CONSUMER","forceType|Room exercises|app/src/main/java/com/training/trackplanner/data/TrainingRepository.kt#legacyUpsertRestoredExercise","1","No v2.2-reviewed exact consumer decision"
"UNESTABLISHED_CONSUMER","forceType|Room exercises|app/src/main/java/com/training/trackplanner/data/TrainingRoleSplitMigration.kt#createExercisesWithoutLegacyRole","1","No v2.2-reviewed exact consumer decision"
"UNESTABLISHED_CONSUMER","forceType|Room exercises|app/src/main/java/com/training/trackplanner/data/TrainingRoleSplitMigration.kt#migrateIntrinsicTrainingRoles","1","No v2.2-reviewed exact consumer decision"
"UNESTABLISHED_CONSUMER","forceType|Room exercises|app/src/main/java/com/training/trackplanner/RuntimeMetadataExerciseEditorDialog.kt#joinExerciseTokens","1","No v2.2-reviewed exact consumer decision"
"UNESTABLISHED_CONSUMER","gripLoadWeight|Room exercises|app/src/main/java/com/training/trackplanner/analysis/core/AnalysisInputCollector.kt#Exercise","1","No v2.2-reviewed exact consumer decision"
"UNESTABLISHED_CONSUMER","gripLoadWeight|Room exercises|app/src/main/java/com/training/trackplanner/analysis/core/AnalysisInputSnapshot.kt#AnalysisExerciseMetadata","1","No v2.2-reviewed exact consumer decision"
"UNESTABLISHED_CONSUMER","gripLoadWeight|Room exercises|app/src/main/java/com/training/trackplanner/analysis/features/ExerciseAnalysisMapper.kt#AnalysisExerciseFeatures","1","No v2.2-reviewed exact consumer decision"
"UNESTABLISHED_CONSUMER","gripLoadWeight|Room exercises|app/src/main/java/com/training/trackplanner/analysis/features/ExerciseAnalysisMapper.kt#fromRecord","1","No v2.2-reviewed exact consumer decision"
"UNESTABLISHED_CONSUMER","gripLoadWeight|Room exercises|app/src/main/java/com/training/trackplanner/analysis/readiness/DailyAnalysisLoadAggregator.kt#aggregate","1","No v2.2-reviewed exact consumer decision"
"UNESTABLISHED_CONSUMER","gripLoadWeight|Room exercises|app/src/main/java/com/training/trackplanner/data/CanonicalExerciseMetadataRepository.kt#exerciseFrom","1","No v2.2-reviewed exact consumer decision"
"UNESTABLISHED_CONSUMER","gripLoadWeight|Room exercises|app/src/main/java/com/training/trackplanner/data/Entities.kt#Exercise","1","No v2.2-reviewed exact consumer decision"
"UNESTABLISHED_CONSUMER","gripLoadWeight|Room exercises|app/src/main/java/com/training/trackplanner/data/ExerciseMetadataBackupContract.kt#ExerciseMetadataFieldPolicyRegistry","1","No v2.2-reviewed exact consumer decision"
"UNESTABLISHED_CONSUMER","gripLoadWeight|Room exercises|app/src/main/java/com/training/trackplanner/data/ExerciseMetadataBackupContract.kt#normalize","1","No v2.2-reviewed exact consumer decision"
"UNESTABLISHED_CONSUMER","gripLoadWeight|Room exercises|app/src/main/java/com/training/trackplanner/data/ExerciseMetadataMapper.kt#applyMetadata","1","No v2.2-reviewed exact consumer decision"
"UNESTABLISHED_CONSUMER","gripLoadWeight|Room exercises|app/src/main/java/com/training/trackplanner/data/ExerciseMetadataMapper.kt#FatigueWeights","1","No v2.2-reviewed exact consumer decision"
"UNESTABLISHED_CONSUMER","gripLoadWeight|Room exercises|app/src/main/java/com/training/trackplanner/data/ExerciseMetadataMapper.kt#MetadataSource","1","No v2.2-reviewed exact consumer decision"
"UNESTABLISHED_CONSUMER","gripLoadWeight|Room exercises|app/src/main/java/com/training/trackplanner/data/ExerciseStableKeyMigration.kt#createExerciseTable","1","No v2.2-reviewed exact consumer decision"
"UNESTABLISHED_CONSUMER","gripLoadWeight|Room exercises|app/src/main/java/com/training/trackplanner/data/ExerciseStableKeyMigration.kt#insertUnresolvedExercise","1","No v2.2-reviewed exact consumer decision"
"UNESTABLISHED_CONSUMER","gripLoadWeight|Room exercises|app/src/main/java/com/training/trackplanner/data/ExerciseStableKeyMigration.kt#migrate","1","No v2.2-reviewed exact consumer decision"
"UNESTABLISHED_CONSUMER","gripLoadWeight|Room exercises|app/src/main/java/com/training/trackplanner/data/MetadataSanityChecker.kt#check","1","No v2.2-reviewed exact consumer decision"
"UNESTABLISHED_CONSUMER","gripLoadWeight|Room exercises|app/src/main/java/com/training/trackplanner/data/MetadataSanityChecker.kt#Exercise","1","No v2.2-reviewed exact consumer decision"
"UNESTABLISHED_CONSUMER","gripLoadWeight|Room exercises|app/src/main/java/com/training/trackplanner/data/RuntimeExerciseMetadataResolver.kt#Exercise","1","No v2.2-reviewed exact consumer decision"
"UNESTABLISHED_CONSUMER","gripLoadWeight|Room exercises|app/src/main/java/com/training/trackplanner/data/TrainingDatabase.kt#migrate","1","No v2.2-reviewed exact consumer decision"
"UNESTABLISHED_CONSUMER","gripLoadWeight|Room exercises|app/src/main/java/com/training/trackplanner/data/TrainingRoleSplitMigration.kt#createExercisesWithoutLegacyRole","1","No v2.2-reviewed exact consumer decision"
"UNESTABLISHED_CONSUMER","gripLoadWeight|Room exercises|app/src/main/java/com/training/trackplanner/data/TrainingRoleSplitMigration.kt#migrateIntrinsicTrainingRoles","1","No v2.2-reviewed exact consumer decision"
"UNESTABLISHED_CONSUMER","hypertrophyVolumeGroup|Room exercises|app/src/main/java/com/training/trackplanner/analysis/core/AnalysisInputCollector.kt#Exercise","1","No v2.2-reviewed exact consumer decision"
"UNESTABLISHED_CONSUMER","hypertrophyVolumeGroup|Room exercises|app/src/main/java/com/training/trackplanner/analysis/core/AnalysisInputSnapshot.kt#AnalysisExerciseMetadata","1","No v2.2-reviewed exact consumer decision"
"UNESTABLISHED_CONSUMER","hypertrophyVolumeGroup|Room exercises|app/src/main/java/com/training/trackplanner/analysis/features/ExerciseAnalysisMapper.kt#AnalysisExerciseFeatures","1","No v2.2-reviewed exact consumer decision"
"UNESTABLISHED_CONSUMER","hypertrophyVolumeGroup|Room exercises|app/src/main/java/com/training/trackplanner/analysis/features/ExerciseAnalysisMapper.kt#fromRecord","1","No v2.2-reviewed exact consumer decision"
"UNESTABLISHED_CONSUMER","hypertrophyVolumeGroup|Room exercises|app/src/main/java/com/training/trackplanner/analysis/features/MetadataReadinessReporter.kt#Exercise","1","No v2.2-reviewed exact consumer decision"
"UNESTABLISHED_CONSUMER","hypertrophyVolumeGroup|Room exercises|app/src/main/java/com/training/trackplanner/analysis/features/MetadataReadinessReporter.kt#progressReady","1","No v2.2-reviewed exact consumer decision"
"UNESTABLISHED_CONSUMER","hypertrophyVolumeGroup|Room exercises|app/src/main/java/com/training/trackplanner/data/CanonicalExerciseMetadataRepository.kt#exerciseFrom","1","No v2.2-reviewed exact consumer decision"
"UNESTABLISHED_CONSUMER","hypertrophyVolumeGroup|Room exercises|app/src/main/java/com/training/trackplanner/data/Entities.kt#Exercise","1","No v2.2-reviewed exact consumer decision"
"UNESTABLISHED_CONSUMER","hypertrophyVolumeGroup|Room exercises|app/src/main/java/com/training/trackplanner/data/ExerciseMetadataBackupContract.kt#ExerciseMetadataFieldPolicyRegistry","1","No v2.2-reviewed exact consumer decision"
"UNESTABLISHED_CONSUMER","hypertrophyVolumeGroup|Room exercises|app/src/main/java/com/training/trackplanner/data/ExerciseMetadataBackupContract.kt#normalize","1","No v2.2-reviewed exact consumer decision"
"UNESTABLISHED_CONSUMER","hypertrophyVolumeGroup|Room exercises|app/src/main/java/com/training/trackplanner/data/ExerciseMetadataMapper.kt#applyMetadata","1","No v2.2-reviewed exact consumer decision"
"UNESTABLISHED_CONSUMER","hypertrophyVolumeGroup|Room exercises|app/src/main/java/com/training/trackplanner/data/ExerciseMetadataMapper.kt#MetadataSource","1","No v2.2-reviewed exact consumer decision"
"UNESTABLISHED_CONSUMER","hypertrophyVolumeGroup|Room exercises|app/src/main/java/com/training/trackplanner/data/ExerciseMetadataTaxonomy.kt#HypertrophyVolumeGroup","1","No v2.2-reviewed exact consumer decision"
"UNESTABLISHED_CONSUMER","hypertrophyVolumeGroup|Room exercises|app/src/main/java/com/training/trackplanner/data/ExerciseStableKeyMigration.kt#createExerciseTable","1","No v2.2-reviewed exact consumer decision"
"UNESTABLISHED_CONSUMER","hypertrophyVolumeGroup|Room exercises|app/src/main/java/com/training/trackplanner/data/ExerciseStableKeyMigration.kt#insertUnresolvedExercise","1","No v2.2-reviewed exact consumer decision"
"UNESTABLISHED_CONSUMER","hypertrophyVolumeGroup|Room exercises|app/src/main/java/com/training/trackplanner/data/ExerciseStableKeyMigration.kt#migrate","1","No v2.2-reviewed exact consumer decision"
"UNESTABLISHED_CONSUMER","hypertrophyVolumeGroup|Room exercises|app/src/main/java/com/training/trackplanner/data/MetadataSanityChecker.kt#Exercise","1","No v2.2-reviewed exact consumer decision"
"UNESTABLISHED_CONSUMER","hypertrophyVolumeGroup|Room exercises|app/src/main/java/com/training/trackplanner/data/RuntimeExerciseMetadataResolver.kt#Exercise","1","No v2.2-reviewed exact consumer decision"
"UNESTABLISHED_CONSUMER","hypertrophyVolumeGroup|Room exercises|app/src/main/java/com/training/trackplanner/data/SeedData.kt#validateCatalog","1","No v2.2-reviewed exact consumer decision"
"UNESTABLISHED_CONSUMER","hypertrophyVolumeGroup|Room exercises|app/src/main/java/com/training/trackplanner/data/TrainingDatabase.kt#migrate","1","No v2.2-reviewed exact consumer decision"
"UNESTABLISHED_CONSUMER","hypertrophyVolumeGroup|Room exercises|app/src/main/java/com/training/trackplanner/data/TrainingRepository.kt#Exercise","1","No v2.2-reviewed exact consumer decision"
"UNESTABLISHED_CONSUMER","hypertrophyVolumeGroup|Room exercises|app/src/main/java/com/training/trackplanner/data/TrainingRoleSplitMigration.kt#createExercisesWithoutLegacyRole","1","No v2.2-reviewed exact consumer decision"
"UNESTABLISHED_CONSUMER","hypertrophyVolumeGroup|Room exercises|app/src/main/java/com/training/trackplanner/data/TrainingRoleSplitMigration.kt#migrateIntrinsicTrainingRoles","1","No v2.2-reviewed exact consumer decision"
"UNESTABLISHED_CONSUMER","imageAssetName|Room exercises|app/src/main/java/com/training/trackplanner/CommonUi.kt#ExerciseDetailCard","1","No v2.2-reviewed exact consumer decision"
"UNESTABLISHED_CONSUMER","imageAssetName|Room exercises|app/src/main/java/com/training/trackplanner/data/BackupRestoreCanonicalizer.kt#minimalStub","1","No v2.2-reviewed exact consumer decision"
"UNESTABLISHED_CONSUMER","imageAssetName|Room exercises|app/src/main/java/com/training/trackplanner/data/BackupRestoreImportService.kt#Exercise","1","No v2.2-reviewed exact consumer decision"
"UNESTABLISHED_CONSUMER","imageAssetName|Room exercises|app/src/main/java/com/training/trackplanner/data/BackupRestoreImportService.kt#RestoreExerciseRow","1","No v2.2-reviewed exact consumer decision"
"UNESTABLISHED_CONSUMER","imageAssetName|Room exercises|app/src/main/java/com/training/trackplanner/data/CanonicalExerciseMetadataRepository.kt#exerciseFrom","1","No v2.2-reviewed exact consumer decision"
"UNESTABLISHED_CONSUMER","imageAssetName|Room exercises|app/src/main/java/com/training/trackplanner/data/Entities.kt#Exercise","1","No v2.2-reviewed exact consumer decision"
"UNESTABLISHED_CONSUMER","imageAssetName|Room exercises|app/src/main/java/com/training/trackplanner/data/ExerciseMetadataBackupContract.kt#ExerciseMetadataFieldPolicyRegistry","1","No v2.2-reviewed exact consumer decision"
"UNESTABLISHED_CONSUMER","imageAssetName|Room exercises|app/src/main/java/com/training/trackplanner/data/ExerciseStableKeyMigration.kt#createExerciseTable","1","No v2.2-reviewed exact consumer decision"
"UNESTABLISHED_CONSUMER","imageAssetName|Room exercises|app/src/main/java/com/training/trackplanner/data/ExerciseStableKeyMigration.kt#insertUnresolvedExercise","1","No v2.2-reviewed exact consumer decision"
"UNESTABLISHED_CONSUMER","imageAssetName|Room exercises|app/src/main/java/com/training/trackplanner/data/ExerciseStableKeyMigration.kt#migrate","1","No v2.2-reviewed exact consumer decision"
"UNESTABLISHED_CONSUMER","imageAssetName|Room exercises|app/src/main/java/com/training/trackplanner/data/RecordCsvBackupRestore.kt#appendStrengthRow","1","No v2.2-reviewed exact consumer decision"
"UNESTABLISHED_CONSUMER","imageAssetName|Room exercises|app/src/main/java/com/training/trackplanner/data/RecordCsvBackupRestore.kt#legacyExerciseSnapshotRows","1","No v2.2-reviewed exact consumer decision"
"UNESTABLISHED_CONSUMER","imageAssetName|Room exercises|app/src/main/java/com/training/trackplanner/data/RecordCsvBackupRestore.kt#RestoreExerciseRow","1","No v2.2-reviewed exact consumer decision"
"UNESTABLISHED_CONSUMER","imageAssetName|Room exercises|app/src/main/java/com/training/trackplanner/data/RecordCsvBackupRestore.kt#value","1","No v2.2-reviewed exact consumer decision"
"UNESTABLISHED_CONSUMER","imageAssetName|Room exercises|app/src/main/java/com/training/trackplanner/data/RuntimeExerciseMetadataResolver.kt#applyBuiltInSeedMetadata","1","No v2.2-reviewed exact consumer decision"
"UNESTABLISHED_CONSUMER","imageAssetName|Room exercises|app/src/main/java/com/training/trackplanner/data/RuntimeExerciseMetadataResolver.kt#mergeSeed","1","No v2.2-reviewed exact consumer decision"
"UNESTABLISHED_CONSUMER","imageAssetName|Room exercises|app/src/main/java/com/training/trackplanner/data/SeedData.kt#Exercise","1","No v2.2-reviewed exact consumer decision"
"UNESTABLISHED_CONSUMER","imageAssetName|Room exercises|app/src/main/java/com/training/trackplanner/data/SeedData.kt#ExerciseImageMapping","1","No v2.2-reviewed exact consumer decision"
"UNESTABLISHED_CONSUMER","imageAssetName|Room exercises|app/src/main/java/com/training/trackplanner/data/SeedData.kt#exerciseImageMappings","1","No v2.2-reviewed exact consumer decision"
"UNESTABLISHED_CONSUMER","imageAssetName|Room exercises|app/src/main/java/com/training/trackplanner/data/TrainingDatabase.kt#migrate","1","No v2.2-reviewed exact consumer decision"
"UNESTABLISHED_CONSUMER","imageAssetName|Room exercises|app/src/main/java/com/training/trackplanner/data/TrainingRepository.kt#legacyUpsertRestoredExercise","1","No v2.2-reviewed exact consumer decision"
"UNESTABLISHED_CONSUMER","imageAssetName|Room exercises|app/src/main/java/com/training/trackplanner/data/TrainingRoleSplitMigration.kt#createExercisesWithoutLegacyRole","1","No v2.2-reviewed exact consumer decision"
"UNESTABLISHED_CONSUMER","imageAssetName|Room exercises|app/src/main/java/com/training/trackplanner/data/TrainingRoleSplitMigration.kt#migrateIntrinsicTrainingRoles","1","No v2.2-reviewed exact consumer decision"
"UNESTABLISHED_CONSUMER","isActive|Room exercises|app/src/main/java/com/training/trackplanner/analysis/badminton/BadmintonTransferRecommendationBuilder.kt#exerciseCandidates","1","No v2.2-reviewed exact consumer decision"
"UNESTABLISHED_CONSUMER","isActive|Room exercises|app/src/main/java/com/training/trackplanner/data/BackupRestoreCanonicalizer.kt#minimalStub","1","No v2.2-reviewed exact consumer decision"
"UNESTABLISHED_CONSUMER","isActive|Room exercises|app/src/main/java/com/training/trackplanner/data/BackupRestoreCanonicalizer.kt#resolve","1","No v2.2-reviewed exact consumer decision"
"UNESTABLISHED_CONSUMER","isActive|Room exercises|app/src/main/java/com/training/trackplanner/data/BackupRestoreImportService.kt#Exercise","1","No v2.2-reviewed exact consumer decision"
"UNESTABLISHED_CONSUMER","isActive|Room exercises|app/src/main/java/com/training/trackplanner/data/BackupRestoreImportService.kt#importRestorePlan","1","No v2.2-reviewed exact consumer decision"
"UNESTABLISHED_CONSUMER","isActive|Room exercises|app/src/main/java/com/training/trackplanner/data/BackupRestoreImportService.kt#restoreCurrentBuiltInExercise","1","No v2.2-reviewed exact consumer decision"
"UNESTABLISHED_CONSUMER","isActive|Room exercises|app/src/main/java/com/training/trackplanner/data/BackupRestoreImportService.kt#restoreExercise","1","No v2.2-reviewed exact consumer decision"
"UNESTABLISHED_CONSUMER","isActive|Room exercises|app/src/main/java/com/training/trackplanner/data/BackupRestoreImportService.kt#RestoreExerciseRow","1","No v2.2-reviewed exact consumer decision"
"UNESTABLISHED_CONSUMER","isActive|Room exercises|app/src/main/java/com/training/trackplanner/data/CanonicalExerciseMetadataRepository.kt#CanonicalExerciseMetadataRepository","1","No v2.2-reviewed exact consumer decision"
"UNESTABLISHED_CONSUMER","isActive|Room exercises|app/src/main/java/com/training/trackplanner/data/CanonicalExerciseMetadataRepository.kt#exerciseFrom","1","No v2.2-reviewed exact consumer decision"
"UNESTABLISHED_CONSUMER","isActive|Room exercises|app/src/main/java/com/training/trackplanner/data/CoverageAccountingPolicy.kt#analyze","1","No v2.2-reviewed exact consumer decision"
"UNESTABLISHED_CONSUMER","isActive|Room exercises|app/src/main/java/com/training/trackplanner/data/Entities.kt#Exercise","1","No v2.2-reviewed exact consumer decision"
"UNESTABLISHED_CONSUMER","isActive|Room exercises|app/src/main/java/com/training/trackplanner/data/ExerciseMetadataBackupContract.kt#ExerciseMetadataFieldPolicyRegistry","1","No v2.2-reviewed exact consumer decision"
"UNESTABLISHED_CONSUMER","isActive|Room exercises|app/src/main/java/com/training/trackplanner/data/ExerciseMetadataEditorService.kt#saveExerciseEditor","1","No v2.2-reviewed exact consumer decision"
"UNESTABLISHED_CONSUMER","isActive|Room exercises|app/src/main/java/com/training/trackplanner/data/ExerciseMetadataEditorService.kt#setExerciseActive","1","No v2.2-reviewed exact consumer decision"
"UNESTABLISHED_CONSUMER","isActive|Room exercises|app/src/main/java/com/training/trackplanner/data/ExerciseMetadataEffectiveStateResolver.kt#resolve","1","No v2.2-reviewed exact consumer decision"
"UNESTABLISHED_CONSUMER","isActive|Room exercises|app/src/main/java/com/training/trackplanner/data/ExercisePlanning.kt#Exercise","1","No v2.2-reviewed exact consumer decision"
"UNESTABLISHED_CONSUMER","isActive|Room exercises|app/src/main/java/com/training/trackplanner/data/ExerciseStableKeyMigration.kt#createExerciseTable","1","No v2.2-reviewed exact consumer decision"
"UNESTABLISHED_CONSUMER","isActive|Room exercises|app/src/main/java/com/training/trackplanner/data/ExerciseStableKeyMigration.kt#insertUnresolvedExercise","1","No v2.2-reviewed exact consumer decision"
"UNESTABLISHED_CONSUMER","isActive|Room exercises|app/src/main/java/com/training/trackplanner/data/ExerciseStableKeyMigration.kt#migrate","1","No v2.2-reviewed exact consumer decision"
"UNESTABLISHED_CONSUMER","isActive|Room exercises|app/src/main/java/com/training/trackplanner/data/ProgramBuilder.kt#GeneratedProgramSkeleton","1","No v2.2-reviewed exact consumer decision"
"UNESTABLISHED_CONSUMER","isActive|Room exercises|app/src/main/java/com/training/trackplanner/data/ProgramCandidate.kt#isProgramSelectable","1","No v2.2-reviewed exact consumer decision"
"UNESTABLISHED_CONSUMER","isActive|Room exercises|app/src/main/java/com/training/trackplanner/data/ProgramCandidateInventory.kt#collect","1","No v2.2-reviewed exact consumer decision"
"UNESTABLISHED_CONSUMER","isActive|Room exercises|app/src/main/java/com/training/trackplanner/data/RecordCsvBackupRestore.kt#appendStrengthRow","1","No v2.2-reviewed exact consumer decision"
"UNESTABLISHED_CONSUMER","isActive|Room exercises|app/src/main/java/com/training/trackplanner/data/RecordCsvBackupRestore.kt#legacyExerciseSnapshotRows","1","No v2.2-reviewed exact consumer decision"
"UNESTABLISHED_CONSUMER","isActive|Room exercises|app/src/main/java/com/training/trackplanner/data/RecordCsvBackupRestore.kt#RestoreExerciseRow","1","No v2.2-reviewed exact consumer decision"
"UNESTABLISHED_CONSUMER","isActive|Room exercises|app/src/main/java/com/training/trackplanner/data/RecordCsvBackupRestore.kt#value","1","No v2.2-reviewed exact consumer decision"
"UNESTABLISHED_CONSUMER","isActive|Room exercises|app/src/main/java/com/training/trackplanner/data/RuntimeExerciseMetadataResolver.kt#applyBuiltInSeedMetadata","1","No v2.2-reviewed exact consumer decision"
"UNESTABLISHED_CONSUMER","isActive|Room exercises|app/src/main/java/com/training/trackplanner/data/RuntimeExerciseMetadataResolver.kt#mergeSeed","1","No v2.2-reviewed exact consumer decision"
"UNESTABLISHED_CONSUMER","isActive|Room exercises|app/src/main/java/com/training/trackplanner/data/RuntimeExerciseMetadataResolver.kt#preserveOnEdit","1","No v2.2-reviewed exact consumer decision"
"UNESTABLISHED_CONSUMER","isActive|Room exercises|app/src/main/java/com/training/trackplanner/data/SafeBackupRestore.kt#Exercise","1","No v2.2-reviewed exact consumer decision"
"UNESTABLISHED_CONSUMER","isActive|Room exercises|app/src/main/java/com/training/trackplanner/data/SafeBackupRestore.kt#plan","1","No v2.2-reviewed exact consumer decision"
"UNESTABLISHED_CONSUMER","isActive|Room exercises|app/src/main/java/com/training/trackplanner/data/SafeBackupRestore.kt#RestoreExerciseRow","1","No v2.2-reviewed exact consumer decision"
"UNESTABLISHED_CONSUMER","isActive|Room exercises|app/src/main/java/com/training/trackplanner/data/TrainingDatabase.kt#migrate","1","No v2.2-reviewed exact consumer decision"
"UNESTABLISHED_CONSUMER","isActive|Room exercises|app/src/main/java/com/training/trackplanner/data/TrainingRepository.kt#legacyUpsertRestoredExercise","1","No v2.2-reviewed exact consumer decision"
"UNESTABLISHED_CONSUMER","isActive|Room exercises|app/src/main/java/com/training/trackplanner/data/TrainingRepository.kt#upsertSeedExercises","1","No v2.2-reviewed exact consumer decision"
"UNESTABLISHED_CONSUMER","isActive|Room exercises|app/src/main/java/com/training/trackplanner/data/TrainingRoleSplitMigration.kt#createExercisesWithoutLegacyRole","1","No v2.2-reviewed exact consumer decision"
"UNESTABLISHED_CONSUMER","isActive|Room exercises|app/src/main/java/com/training/trackplanner/data/TrainingRoleSplitMigration.kt#migrateIntrinsicTrainingRoles","1","No v2.2-reviewed exact consumer decision"
"UNESTABLISHED_CONSUMER","isActive|Room exercises|app/src/main/java/com/training/trackplanner/ExerciseScreen.kt#ExerciseScreen","1","No v2.2-reviewed exact consumer decision"
"UNESTABLISHED_CONSUMER","isActive|Room exercises|app/src/main/java/com/training/trackplanner/PlanGeneratedPreview.kt#ProgramSkeletonPreview","1","No v2.2-reviewed exact consumer decision"
"UNESTABLISHED_CONSUMER","isActive|Room exercises|app/src/main/java/com/training/trackplanner/RecordScreen.kt#RecordScreen","1","No v2.2-reviewed exact consumer decision"
"UNESTABLISHED_CONSUMER","isActive|Room exercises|app/src/main/java/com/training/trackplanner/RecordSetRow.kt#normalizeSportDurationText","1","No v2.2-reviewed exact consumer decision"
"UNESTABLISHED_CONSUMER","isActive|Room exercises|app/src/main/java/com/training/trackplanner/RestTimerOverlayController.kt#showOrUpdate","1","No v2.2-reviewed exact consumer decision"
"UNESTABLISHED_CONSUMER","isActive|Room exercises|app/src/main/java/com/training/trackplanner/RestTimerSessionController.kt#<file>","1","No v2.2-reviewed exact consumer decision"
"UNESTABLISHED_CONSUMER","isActive|Room exercises|app/src/main/java/com/training/trackplanner/RestTimerSessionController.kt#canShowBackgroundOverlay","1","No v2.2-reviewed exact consumer decision"
"UNESTABLISHED_CONSUMER","isActive|Room exercises|app/src/main/java/com/training/trackplanner/RestTimerSessionController.kt#launchCountdown","1","No v2.2-reviewed exact consumer decision"
"UNESTABLISHED_CONSUMER","isActive|Room exercises|app/src/main/java/com/training/trackplanner/RestTimerState.kt#RestTimerState","1","No v2.2-reviewed exact consumer decision"
"UNESTABLISHED_CONSUMER","isActive|Room exercises|app/src/main/java/com/training/trackplanner/RestTimerUi.kt#RestTimerMiniBar","1","No v2.2-reviewed exact consumer decision"
"UNESTABLISHED_CONSUMER","isActive|Room exercises|app/src/main/java/com/training/trackplanner/RuntimeMetadataExerciseEditorDialog.kt#joinExerciseTokens","1","No v2.2-reviewed exact consumer decision"
"UNESTABLISHED_CONSUMER","isCustom|Room exercises|app/src/main/java/com/training/trackplanner/analysis/proxyperformance/ProxyPerformanceLoadingBuilder.kt#build","1","No v2.2-reviewed exact consumer decision"
"UNESTABLISHED_CONSUMER","isCustom|Room exercises|app/src/main/java/com/training/trackplanner/analysis/proxyperformance/ProxyPerformanceLoadingBuilder.kt#metadataConfidence","1","No v2.2-reviewed exact consumer decision"
"UNESTABLISHED_CONSUMER","isCustom|Room exercises|app/src/main/java/com/training/trackplanner/analysis/strengthperformance/curve/RepetitionCurves.kt#resolve","1","No v2.2-reviewed exact consumer decision"
"UNESTABLISHED_CONSUMER","isCustom|Room exercises|app/src/main/java/com/training/trackplanner/analysis/strengthperformance/StrengthSessionLikelihood.kt#build","1","No v2.2-reviewed exact consumer decision"
"UNESTABLISHED_CONSUMER","isCustom|Room exercises|app/src/main/java/com/training/trackplanner/CommonUi.kt#ExerciseDetailCard","1","No v2.2-reviewed exact consumer decision"
"UNESTABLISHED_CONSUMER","isCustom|Room exercises|app/src/main/java/com/training/trackplanner/CommonUi.kt#ExerciseListItem","1","No v2.2-reviewed exact consumer decision"
"UNESTABLISHED_CONSUMER","isCustom|Room exercises|app/src/main/java/com/training/trackplanner/data/BackupRestoreCanonicalizer.kt#canonicalize","1","No v2.2-reviewed exact consumer decision"
"UNESTABLISHED_CONSUMER","isCustom|Room exercises|app/src/main/java/com/training/trackplanner/data/BackupRestoreCanonicalizer.kt#minimalStub","1","No v2.2-reviewed exact consumer decision"
"UNESTABLISHED_CONSUMER","isCustom|Room exercises|app/src/main/java/com/training/trackplanner/data/BackupRestoreCanonicalizer.kt#resolve","1","No v2.2-reviewed exact consumer decision"
"UNESTABLISHED_CONSUMER","isCustom|Room exercises|app/src/main/java/com/training/trackplanner/data/BackupRestoreImportService.kt#Exercise","1","No v2.2-reviewed exact consumer decision"
"UNESTABLISHED_CONSUMER","isCustom|Room exercises|app/src/main/java/com/training/trackplanner/data/BackupRestoreImportService.kt#restoreCurrentBuiltInExercise","1","No v2.2-reviewed exact consumer decision"
"UNESTABLISHED_CONSUMER","isCustom|Room exercises|app/src/main/java/com/training/trackplanner/data/BackupRestoreImportService.kt#restoreExercise","1","No v2.2-reviewed exact consumer decision"
"UNESTABLISHED_CONSUMER","isCustom|Room exercises|app/src/main/java/com/training/trackplanner/data/BackupRestoreImportService.kt#RestoreExerciseRow","1","No v2.2-reviewed exact consumer decision"
"UNESTABLISHED_CONSUMER","isCustom|Room exercises|app/src/main/java/com/training/trackplanner/data/CanonicalExerciseMetadataRepository.kt#exerciseFrom","1","No v2.2-reviewed exact consumer decision"
"UNESTABLISHED_CONSUMER","isCustom|Room exercises|app/src/main/java/com/training/trackplanner/data/Daos.kt#countExercises","1","No v2.2-reviewed exact consumer decision"
"UNESTABLISHED_CONSUMER","isCustom|Room exercises|app/src/main/java/com/training/trackplanner/data/Entities.kt#Exercise","1","No v2.2-reviewed exact consumer decision"
"UNESTABLISHED_CONSUMER","isCustom|Room exercises|app/src/main/java/com/training/trackplanner/data/ExerciseMetadataBackupContract.kt#ExerciseMetadataFieldPolicyRegistry","1","No v2.2-reviewed exact consumer decision"
"UNESTABLISHED_CONSUMER","isCustom|Room exercises|app/src/main/java/com/training/trackplanner/data/ExerciseMetadataEditorService.kt#deleteExerciseIfUnused","1","No v2.2-reviewed exact consumer decision"
"UNESTABLISHED_CONSUMER","isCustom|Room exercises|app/src/main/java/com/training/trackplanner/data/ExerciseMetadataEditorService.kt#exerciseEditorData","1","No v2.2-reviewed exact consumer decision"
"UNESTABLISHED_CONSUMER","isCustom|Room exercises|app/src/main/java/com/training/trackplanner/data/ExerciseMetadataEditorService.kt#insertUserExerciseWithUniqueKey","1","No v2.2-reviewed exact consumer decision"
"UNESTABLISHED_CONSUMER","isCustom|Room exercises|app/src/main/java/com/training/trackplanner/data/ExerciseMetadataEditorService.kt#resetExerciseMetadataOverride","1","No v2.2-reviewed exact consumer decision"
"UNESTABLISHED_CONSUMER","isCustom|Room exercises|app/src/main/java/com/training/trackplanner/data/ExerciseMetadataEditorService.kt#saveExerciseEditor","1","No v2.2-reviewed exact consumer decision"
"UNESTABLISHED_CONSUMER","isCustom|Room exercises|app/src/main/java/com/training/trackplanner/data/ExerciseMetadataEffectiveStateResolver.kt#resolve","1","No v2.2-reviewed exact consumer decision"
"UNESTABLISHED_CONSUMER","isCustom|Room exercises|app/src/main/java/com/training/trackplanner/data/ExerciseStableKeyMigration.kt#createExerciseTable","1","No v2.2-reviewed exact consumer decision"
"UNESTABLISHED_CONSUMER","isCustom|Room exercises|app/src/main/java/com/training/trackplanner/data/ExerciseStableKeyMigration.kt#insertUnresolvedExercise","1","No v2.2-reviewed exact consumer decision"
"UNESTABLISHED_CONSUMER","isCustom|Room exercises|app/src/main/java/com/training/trackplanner/data/ExerciseStableKeyMigration.kt#migrate","1","No v2.2-reviewed exact consumer decision"
"UNESTABLISHED_CONSUMER","isCustom|Room exercises|app/src/main/java/com/training/trackplanner/data/RecordCsvBackupRestore.kt#appendStrengthRow","1","No v2.2-reviewed exact consumer decision"
"UNESTABLISHED_CONSUMER","isCustom|Room exercises|app/src/main/java/com/training/trackplanner/data/RecordCsvBackupRestore.kt#legacyExerciseSnapshotRows","1","No v2.2-reviewed exact consumer decision"
"UNESTABLISHED_CONSUMER","isCustom|Room exercises|app/src/main/java/com/training/trackplanner/data/RecordCsvBackupRestore.kt#RestoreExerciseRow","1","No v2.2-reviewed exact consumer decision"
"UNESTABLISHED_CONSUMER","isCustom|Room exercises|app/src/main/java/com/training/trackplanner/data/RecordCsvBackupRestore.kt#value","1","No v2.2-reviewed exact consumer decision"
"UNESTABLISHED_CONSUMER","isCustom|Room exercises|app/src/main/java/com/training/trackplanner/data/RuntimeExerciseMetadataResolver.kt#applyBuiltInSeedMetadata","1","No v2.2-reviewed exact consumer decision"
"UNESTABLISHED_CONSUMER","isCustom|Room exercises|app/src/main/java/com/training/trackplanner/data/RuntimeExerciseMetadataResolver.kt#mergeSeed","1","No v2.2-reviewed exact consumer decision"
"UNESTABLISHED_CONSUMER","isCustom|Room exercises|app/src/main/java/com/training/trackplanner/data/RuntimeExerciseMetadataResolver.kt#preserveOnEdit","1","No v2.2-reviewed exact consumer decision"
"UNESTABLISHED_CONSUMER","isCustom|Room exercises|app/src/main/java/com/training/trackplanner/data/SafeBackupRestore.kt#Exercise","1","No v2.2-reviewed exact consumer decision"
"UNESTABLISHED_CONSUMER","isCustom|Room exercises|app/src/main/java/com/training/trackplanner/data/SafeBackupRestore.kt#prepare","1","No v2.2-reviewed exact consumer decision"
"UNESTABLISHED_CONSUMER","isCustom|Room exercises|app/src/main/java/com/training/trackplanner/data/SafeBackupRestore.kt#RestoreExerciseRow","1","No v2.2-reviewed exact consumer decision"
"UNESTABLISHED_CONSUMER","isCustom|Room exercises|app/src/main/java/com/training/trackplanner/data/TrainingDatabase.kt#migrate","1","No v2.2-reviewed exact consumer decision"
"UNESTABLISHED_CONSUMER","isCustom|Room exercises|app/src/main/java/com/training/trackplanner/data/TrainingRepository.kt#legacyUpsertRestoredExercise","1","No v2.2-reviewed exact consumer decision"
"UNESTABLISHED_CONSUMER","isCustom|Room exercises|app/src/main/java/com/training/trackplanner/data/TrainingRoleSplitMigration.kt#createExercisesWithoutLegacyRole","1","No v2.2-reviewed exact consumer decision"
"UNESTABLISHED_CONSUMER","isCustom|Room exercises|app/src/main/java/com/training/trackplanner/data/TrainingRoleSplitMigration.kt#migrateIntrinsicTrainingRoles","1","No v2.2-reviewed exact consumer decision"
"UNESTABLISHED_CONSUMER","isCustom|Room exercises|app/src/main/java/com/training/trackplanner/localization/LocalizedPresentation.kt#exerciseDescription","1","No v2.2-reviewed exact consumer decision"
"UNESTABLISHED_CONSUMER","isCustom|Room exercises|app/src/main/java/com/training/trackplanner/localization/LocalizedPresentation.kt#exerciseName","1","No v2.2-reviewed exact consumer decision"
"UNESTABLISHED_CONSUMER","isCustom|Room exercises|app/src/main/java/com/training/trackplanner/localization/LocalizedPresentation.kt#localizedExerciseName","1","No v2.2-reviewed exact consumer decision"
"UNESTABLISHED_CONSUMER","isCustom|Room exercises|app/src/main/java/com/training/trackplanner/RuntimeMetadataExerciseEditorDialog.kt#joinExerciseTokens","1","No v2.2-reviewed exact consumer decision"
"UNESTABLISHED_CONSUMER","jointImpactStressTags|canonical asset plus Room runtime_exercise_metadata override|app/src/main/java/com/training/trackplanner/analysis/coach/JointTendonWarningAnalyzer.kt#RuntimeExerciseMetadata","1","No v2.2-reviewed exact consumer decision"
"UNESTABLISHED_CONSUMER","jointImpactStressTags|canonical asset plus Room runtime_exercise_metadata override|app/src/main/java/com/training/trackplanner/analysis/core/AnalysisInputCollector.kt#Exercise","1","No v2.2-reviewed exact consumer decision"
"UNESTABLISHED_CONSUMER","jointImpactStressTags|canonical asset plus Room runtime_exercise_metadata override|app/src/main/java/com/training/trackplanner/analysis/core/AnalysisInputSnapshot.kt#AnalysisExerciseMetadata","1","No v2.2-reviewed exact consumer decision"
"UNESTABLISHED_CONSUMER","jointImpactStressTags|canonical asset plus Room runtime_exercise_metadata override|app/src/main/java/com/training/trackplanner/analysis/features/ExerciseAnalysisMapper.kt#AnalysisExerciseFeatures","1","No v2.2-reviewed exact consumer decision"
"UNESTABLISHED_CONSUMER","jointImpactStressTags|canonical asset plus Room runtime_exercise_metadata override|app/src/main/java/com/training/trackplanner/analysis/features/ExerciseAnalysisMapper.kt#fromRecord","1","No v2.2-reviewed exact consumer decision"
"UNESTABLISHED_CONSUMER","jointImpactStressTags|canonical asset plus Room runtime_exercise_metadata override|app/src/main/java/com/training/trackplanner/data/ExerciseMetadataAdapter.kt#broadLegacyFatigueCategories","1","No v2.2-reviewed exact consumer decision"
"UNESTABLISHED_CONSUMER","jointImpactStressTags|canonical asset plus Room runtime_exercise_metadata override|app/src/main/java/com/training/trackplanner/data/ExerciseMetadataAdapter.kt#fromFields","1","No v2.2-reviewed exact consumer decision"
"UNESTABLISHED_CONSUMER","jointImpactStressTags|canonical asset plus Room runtime_exercise_metadata override|app/src/main/java/com/training/trackplanner/data/ExerciseMetadataAdapter.kt#RuntimeExerciseMetadata","1","No v2.2-reviewed exact consumer decision"
"UNESTABLISHED_CONSUMER","jointImpactStressTags|canonical asset plus Room runtime_exercise_metadata override|app/src/main/java/com/training/trackplanner/data/ExerciseMetadataBackupContract.kt#ExerciseMetadataFieldPolicyRegistry","1","No v2.2-reviewed exact consumer decision"
"UNESTABLISHED_CONSUMER","jointImpactStressTags|canonical asset plus Room runtime_exercise_metadata override|app/src/main/java/com/training/trackplanner/data/ExerciseMetadataBackupContract.kt#normalize","1","No v2.2-reviewed exact consumer decision"
"UNESTABLISHED_CONSUMER","jointImpactStressTags|canonical asset plus Room runtime_exercise_metadata override|app/src/main/java/com/training/trackplanner/data/ProgramCandidate.kt#ProgramCandidate","1","No v2.2-reviewed exact consumer decision"
"UNESTABLISHED_CONSUMER","jointImpactStressTags|canonical asset plus Room runtime_exercise_metadata override|app/src/main/java/com/training/trackplanner/data/RecordCsvBackupRestore.kt#appendStrengthRow","1","No v2.2-reviewed exact consumer decision"
"UNESTABLISHED_CONSUMER","jointImpactStressTags|canonical asset plus Room runtime_exercise_metadata override|app/src/main/java/com/training/trackplanner/data/RecordCsvBackupRestore.kt#legacyRuntimeSnapshotRows","1","No v2.2-reviewed exact consumer decision"
"UNESTABLISHED_CONSUMER","jointImpactStressTags|canonical asset plus Room runtime_exercise_metadata override|app/src/main/java/com/training/trackplanner/data/RecordCsvBackupRestore.kt#value","1","No v2.2-reviewed exact consumer decision"
"UNESTABLISHED_CONSUMER","jointImpactStressTags|canonical asset plus Room runtime_exercise_metadata override|app/src/main/java/com/training/trackplanner/data/RuntimeExerciseMetadataPersistence.kt#RuntimeExerciseMetadata","1","No v2.2-reviewed exact consumer decision"
"UNESTABLISHED_CONSUMER","jointImpactStressTags|canonical asset plus Room runtime_exercise_metadata override|app/src/main/java/com/training/trackplanner/data/RuntimeExerciseMetadataPersistence.kt#RuntimeExerciseMetadataEntity","1","No v2.2-reviewed exact consumer decision"
"UNESTABLISHED_CONSUMER","jointImpactStressTags|canonical asset plus Room runtime_exercise_metadata override|app/src/main/java/com/training/trackplanner/data/RuntimeExerciseMetadataResolver.kt#forExercise","1","No v2.2-reviewed exact consumer decision"
"UNESTABLISHED_CONSUMER","jointImpactStressTags|canonical asset plus Room runtime_exercise_metadata override|app/src/main/java/com/training/trackplanner/data/RuntimeExerciseMetadataResolver.kt#forIdentity","1","No v2.2-reviewed exact consumer decision"
"UNESTABLISHED_CONSUMER","jointImpactStressTags|canonical asset plus Room runtime_exercise_metadata override|app/src/main/java/com/training/trackplanner/data/RuntimeExerciseMetadataResolver.kt#merged","1","No v2.2-reviewed exact consumer decision"
"UNESTABLISHED_CONSUMER","jointImpactStressTags|canonical asset plus Room runtime_exercise_metadata override|app/src/main/java/com/training/trackplanner/data/TrainingDatabase.kt#migrate","1","No v2.2-reviewed exact consumer decision"
"UNESTABLISHED_CONSUMER","jointImpactStressTags|canonical asset plus Room runtime_exercise_metadata override|app/src/main/java/com/training/trackplanner/ExerciseSubcategoryMapper.kt#addStructured","1","No v2.2-reviewed exact consumer decision"
"UNESTABLISHED_CONSUMER","jointImpactStressTags|canonical asset plus Room runtime_exercise_metadata override|app/src/main/java/com/training/trackplanner/MetadataDisplayCatalogue.kt#MetadataDisplayField","1","No v2.2-reviewed exact consumer decision"
"UNESTABLISHED_CONSUMER","jointImpactStressTags|canonical asset plus Room runtime_exercise_metadata override|app/src/main/java/com/training/trackplanner/RuntimeMetadataExerciseEditorDialog.kt#joinExerciseTokens","1","No v2.2-reviewed exact consumer decision"
"UNESTABLISHED_CONSUMER","jointStressTags|Room exercises|app/src/main/java/com/training/trackplanner/analysis/core/AnalysisInputCollector.kt#Exercise","1","No v2.2-reviewed exact consumer decision"
"UNESTABLISHED_CONSUMER","jointStressTags|Room exercises|app/src/main/java/com/training/trackplanner/analysis/core/AnalysisInputSnapshot.kt#AnalysisExerciseMetadata","1","No v2.2-reviewed exact consumer decision"
"UNESTABLISHED_CONSUMER","jointStressTags|Room exercises|app/src/main/java/com/training/trackplanner/analysis/features/ExerciseAnalysisMapper.kt#AnalysisExerciseFeatures","1","No v2.2-reviewed exact consumer decision"
"UNESTABLISHED_CONSUMER","jointStressTags|Room exercises|app/src/main/java/com/training/trackplanner/analysis/features/ExerciseAnalysisMapper.kt#fromRecord","1","No v2.2-reviewed exact consumer decision"
"UNESTABLISHED_CONSUMER","jointStressTags|Room exercises|app/src/main/java/com/training/trackplanner/analysis/features/MetadataReadinessReporter.kt#balanceReady","1","No v2.2-reviewed exact consumer decision"
"UNESTABLISHED_CONSUMER","jointStressTags|Room exercises|app/src/main/java/com/training/trackplanner/data/CanonicalExerciseMetadataRepository.kt#exerciseFrom","1","No v2.2-reviewed exact consumer decision"
"UNESTABLISHED_CONSUMER","jointStressTags|Room exercises|app/src/main/java/com/training/trackplanner/data/Entities.kt#Exercise","1","No v2.2-reviewed exact consumer decision"
"UNESTABLISHED_CONSUMER","jointStressTags|Room exercises|app/src/main/java/com/training/trackplanner/data/ExerciseMetadataBackupContract.kt#ExerciseMetadataFieldPolicyRegistry","1","No v2.2-reviewed exact consumer decision"
"UNESTABLISHED_CONSUMER","jointStressTags|Room exercises|app/src/main/java/com/training/trackplanner/data/ExerciseMetadataBackupContract.kt#normalize","1","No v2.2-reviewed exact consumer decision"
"UNESTABLISHED_CONSUMER","jointStressTags|Room exercises|app/src/main/java/com/training/trackplanner/data/ExerciseMetadataMapper.kt#applyMetadata","1","No v2.2-reviewed exact consumer decision"
"UNESTABLISHED_CONSUMER","jointStressTags|Room exercises|app/src/main/java/com/training/trackplanner/data/ExerciseStableKeyMigration.kt#createExerciseTable","1","No v2.2-reviewed exact consumer decision"
"UNESTABLISHED_CONSUMER","jointStressTags|Room exercises|app/src/main/java/com/training/trackplanner/data/ExerciseStableKeyMigration.kt#insertUnresolvedExercise","1","No v2.2-reviewed exact consumer decision"
"UNESTABLISHED_CONSUMER","jointStressTags|Room exercises|app/src/main/java/com/training/trackplanner/data/ExerciseStableKeyMigration.kt#migrate","1","No v2.2-reviewed exact consumer decision"
"UNESTABLISHED_CONSUMER","jointStressTags|Room exercises|app/src/main/java/com/training/trackplanner/data/MetadataSanityChecker.kt#check","1","No v2.2-reviewed exact consumer decision"
"UNESTABLISHED_CONSUMER","jointStressTags|Room exercises|app/src/main/java/com/training/trackplanner/data/RuntimeExerciseMetadataResolver.kt#Exercise","1","No v2.2-reviewed exact consumer decision"
"UNESTABLISHED_CONSUMER","jointStressTags|Room exercises|app/src/main/java/com/training/trackplanner/data/RuntimeExerciseMetadataResolver.kt#forExercise","1","No v2.2-reviewed exact consumer decision"
"UNESTABLISHED_CONSUMER","jointStressTags|Room exercises|app/src/main/java/com/training/trackplanner/data/SeedData.kt#validateCatalog","1","No v2.2-reviewed exact consumer decision"
"UNESTABLISHED_CONSUMER","jointStressTags|Room exercises|app/src/main/java/com/training/trackplanner/data/TrainingDatabase.kt#migrate","1","No v2.2-reviewed exact consumer decision"
"UNESTABLISHED_CONSUMER","jointStressTags|Room exercises|app/src/main/java/com/training/trackplanner/data/TrainingRoleSplitMigration.kt#createExercisesWithoutLegacyRole","1","No v2.2-reviewed exact consumer decision"
"UNESTABLISHED_CONSUMER","jointStressTags|Room exercises|app/src/main/java/com/training/trackplanner/data/TrainingRoleSplitMigration.kt#migrateIntrinsicTrainingRoles","1","No v2.2-reviewed exact consumer decision"
"UNESTABLISHED_CONSUMER","jointTendonImpactStressLevel|canonical asset plus Room runtime_exercise_metadata override|app/src/main/java/com/training/trackplanner/analysis/coach/JointTendonWarningAnalyzer.kt#RuntimeExerciseMetadata","1","No v2.2-reviewed exact consumer decision"
"UNESTABLISHED_CONSUMER","jointTendonImpactStressLevel|canonical asset plus Room runtime_exercise_metadata override|app/src/main/java/com/training/trackplanner/analysis/core/AnalysisInputCollector.kt#Exercise","1","No v2.2-reviewed exact consumer decision"
"UNESTABLISHED_CONSUMER","jointTendonImpactStressLevel|canonical asset plus Room runtime_exercise_metadata override|app/src/main/java/com/training/trackplanner/analysis/core/AnalysisInputSnapshot.kt#AnalysisExerciseMetadata","1","No v2.2-reviewed exact consumer decision"
"UNESTABLISHED_CONSUMER","jointTendonImpactStressLevel|canonical asset plus Room runtime_exercise_metadata override|app/src/main/java/com/training/trackplanner/analysis/features/ExerciseAnalysisMapper.kt#AnalysisExerciseFeatures","1","No v2.2-reviewed exact consumer decision"
"UNESTABLISHED_CONSUMER","jointTendonImpactStressLevel|canonical asset plus Room runtime_exercise_metadata override|app/src/main/java/com/training/trackplanner/analysis/features/ExerciseAnalysisMapper.kt#fromRecord","1","No v2.2-reviewed exact consumer decision"
"UNESTABLISHED_CONSUMER","jointTendonImpactStressLevel|canonical asset plus Room runtime_exercise_metadata override|app/src/main/java/com/training/trackplanner/analysis/readiness/DailyAnalysisLoadAggregator.kt#aggregate","1","No v2.2-reviewed exact consumer decision"
"UNESTABLISHED_CONSUMER","jointTendonImpactStressLevel|canonical asset plus Room runtime_exercise_metadata override|app/src/main/java/com/training/trackplanner/data/ExerciseMetadataAdapter.kt#fromFields","1","No v2.2-reviewed exact consumer decision"
"UNESTABLISHED_CONSUMER","jointTendonImpactStressLevel|canonical asset plus Room runtime_exercise_metadata override|app/src/main/java/com/training/trackplanner/data/ExerciseMetadataAdapter.kt#RuntimeExerciseMetadata","1","No v2.2-reviewed exact consumer decision"
"UNESTABLISHED_CONSUMER","jointTendonImpactStressLevel|canonical asset plus Room runtime_exercise_metadata override|app/src/main/java/com/training/trackplanner/data/ExerciseMetadataBackupContract.kt#ExerciseMetadataFieldPolicyRegistry","1","No v2.2-reviewed exact consumer decision"
"UNESTABLISHED_CONSUMER","jointTendonImpactStressLevel|canonical asset plus Room runtime_exercise_metadata override|app/src/main/java/com/training/trackplanner/data/ExerciseMetadataBackupContract.kt#normalize","1","No v2.2-reviewed exact consumer decision"
"UNESTABLISHED_CONSUMER","jointTendonImpactStressLevel|canonical asset plus Room runtime_exercise_metadata override|app/src/main/java/com/training/trackplanner/data/ProgramBuilder.kt#build","1","No v2.2-reviewed exact consumer decision"
"UNESTABLISHED_CONSUMER","jointTendonImpactStressLevel|canonical asset plus Room runtime_exercise_metadata override|app/src/main/java/com/training/trackplanner/data/ProgramBuilder.kt#GeneratedProgramSkeleton","1","No v2.2-reviewed exact consumer decision"
"UNESTABLISHED_CONSUMER","jointTendonImpactStressLevel|canonical asset plus Room runtime_exercise_metadata override|app/src/main/java/com/training/trackplanner/data/ProgramBuilder.kt#ProgramSkeletonItem","1","No v2.2-reviewed exact consumer decision"
"UNESTABLISHED_CONSUMER","jointTendonImpactStressLevel|canonical asset plus Room runtime_exercise_metadata override|app/src/main/java/com/training/trackplanner/data/ProgramBuilderValidation.kt#validateRollingFatigue","1","No v2.2-reviewed exact consumer decision"
"UNESTABLISHED_CONSUMER","jointTendonImpactStressLevel|canonical asset plus Room runtime_exercise_metadata override|app/src/main/java/com/training/trackplanner/data/ProgramDayIntensityPolicy.kt#isHighLowerStress","1","No v2.2-reviewed exact consumer decision"
"UNESTABLISHED_CONSUMER","jointTendonImpactStressLevel|canonical asset plus Room runtime_exercise_metadata override|app/src/main/java/com/training/trackplanner/data/ProgramIssueDrivenRerankPolicy.kt#ProgramSkeletonItem","1","No v2.2-reviewed exact consumer decision"
"UNESTABLISHED_CONSUMER","jointTendonImpactStressLevel|canonical asset plus Room runtime_exercise_metadata override|app/src/main/java/com/training/trackplanner/data/ProgramRepairPolicy.kt#isHighLowerStress","1","No v2.2-reviewed exact consumer decision"
"UNESTABLISHED_CONSUMER","jointTendonImpactStressLevel|canonical asset plus Room runtime_exercise_metadata override|app/src/main/java/com/training/trackplanner/data/ProgramRepairPolicy.kt#softenFirstAdjacentHighLowerDay","1","No v2.2-reviewed exact consumer decision"
"UNESTABLISHED_CONSUMER","jointTendonImpactStressLevel|canonical asset plus Room runtime_exercise_metadata override|app/src/main/java/com/training/trackplanner/data/ProgramSkeletonGenerator.kt#ProgramSkeletonItem","1","No v2.2-reviewed exact consumer decision"
"UNESTABLISHED_CONSUMER","jointTendonImpactStressLevel|canonical asset plus Room runtime_exercise_metadata override|app/src/main/java/com/training/trackplanner/data/RecordCsvBackupRestore.kt#appendStrengthRow","1","No v2.2-reviewed exact consumer decision"
"UNESTABLISHED_CONSUMER","jointTendonImpactStressLevel|canonical asset plus Room runtime_exercise_metadata override|app/src/main/java/com/training/trackplanner/data/RecordCsvBackupRestore.kt#legacyRuntimeSnapshotRows","1","No v2.2-reviewed exact consumer decision"
"UNESTABLISHED_CONSUMER","jointTendonImpactStressLevel|canonical asset plus Room runtime_exercise_metadata override|app/src/main/java/com/training/trackplanner/data/RecordCsvBackupRestore.kt#value","1","No v2.2-reviewed exact consumer decision"
"UNESTABLISHED_CONSUMER","jointTendonImpactStressLevel|canonical asset plus Room runtime_exercise_metadata override|app/src/main/java/com/training/trackplanner/data/RuntimeExerciseMetadataPersistence.kt#RuntimeExerciseMetadata","1","No v2.2-reviewed exact consumer decision"
"UNESTABLISHED_CONSUMER","jointTendonImpactStressLevel|canonical asset plus Room runtime_exercise_metadata override|app/src/main/java/com/training/trackplanner/data/RuntimeExerciseMetadataPersistence.kt#RuntimeExerciseMetadataEntity","1","No v2.2-reviewed exact consumer decision"
"UNESTABLISHED_CONSUMER","jointTendonImpactStressLevel|canonical asset plus Room runtime_exercise_metadata override|app/src/main/java/com/training/trackplanner/data/RuntimeExerciseMetadataResolver.kt#forExercise","1","No v2.2-reviewed exact consumer decision"
"UNESTABLISHED_CONSUMER","jointTendonImpactStressLevel|canonical asset plus Room runtime_exercise_metadata override|app/src/main/java/com/training/trackplanner/data/RuntimeExerciseMetadataResolver.kt#forIdentity","1","No v2.2-reviewed exact consumer decision"
"UNESTABLISHED_CONSUMER","jointTendonImpactStressLevel|canonical asset plus Room runtime_exercise_metadata override|app/src/main/java/com/training/trackplanner/data/RuntimeExerciseMetadataResolver.kt#merged","1","No v2.2-reviewed exact consumer decision"
"UNESTABLISHED_CONSUMER","jointTendonImpactStressLevel|canonical asset plus Room runtime_exercise_metadata override|app/src/main/java/com/training/trackplanner/data/TrainingDatabase.kt#migrate","1","No v2.2-reviewed exact consumer decision"
"UNESTABLISHED_CONSUMER","jointTendonImpactStressLevel|canonical asset plus Room runtime_exercise_metadata override|app/src/main/java/com/training/trackplanner/MetadataDisplayCatalogue.kt#MetadataDisplayField","1","No v2.2-reviewed exact consumer decision"
"UNESTABLISHED_CONSUMER","jointTendonImpactStressLevel|canonical asset plus Room runtime_exercise_metadata override|app/src/main/java/com/training/trackplanner/PlanGeneratedPreview.kt#draftItemForExercise","1","No v2.2-reviewed exact consumer decision"
"UNESTABLISHED_CONSUMER","jointTendonImpactStressLevel|canonical asset plus Room runtime_exercise_metadata override|app/src/main/java/com/training/trackplanner/RuntimeMetadataExerciseEditorDialog.kt#joinExerciseTokens","1","No v2.2-reviewed exact consumer decision"
"UNESTABLISHED_CONSUMER","laterality|Room exercises|app/src/main/java/com/training/trackplanner/analysis/badminton/BadmintonTransferMetadataMapper.kt#legacyTransferAxesForAudit","1","No v2.2-reviewed exact consumer decision"
"UNESTABLISHED_CONSUMER","laterality|Room exercises|app/src/main/java/com/training/trackplanner/analysis/core/AnalysisInputCollector.kt#Exercise","1","No v2.2-reviewed exact consumer decision"
"UNESTABLISHED_CONSUMER","laterality|Room exercises|app/src/main/java/com/training/trackplanner/analysis/core/AnalysisInputSnapshot.kt#AnalysisExerciseMetadata","1","No v2.2-reviewed exact consumer decision"
"UNESTABLISHED_CONSUMER","laterality|Room exercises|app/src/main/java/com/training/trackplanner/analysis/features/ExerciseAnalysisMapper.kt#AnalysisExerciseFeatures","1","No v2.2-reviewed exact consumer decision"
"UNESTABLISHED_CONSUMER","laterality|Room exercises|app/src/main/java/com/training/trackplanner/analysis/features/ExerciseAnalysisMapper.kt#fromRecord","1","No v2.2-reviewed exact consumer decision"
"UNESTABLISHED_CONSUMER","laterality|Room exercises|app/src/main/java/com/training/trackplanner/analysis/features/MetadataReadinessReporter.kt#Exercise","1","No v2.2-reviewed exact consumer decision"
"UNESTABLISHED_CONSUMER","laterality|Room exercises|app/src/main/java/com/training/trackplanner/analysis/metrics/CommonStrengthMetrics.kt#calculate","1","No v2.2-reviewed exact consumer decision"
"UNESTABLISHED_CONSUMER","laterality|Room exercises|app/src/main/java/com/training/trackplanner/analysis/metrics/CommonTaxonomyMetrics.kt#calculate","1","No v2.2-reviewed exact consumer decision"
"UNESTABLISHED_CONSUMER","laterality|Room exercises|app/src/main/java/com/training/trackplanner/analysis/tissue/TissueAxisSimilarityPolicy.kt#components","1","No v2.2-reviewed exact consumer decision"
"UNESTABLISHED_CONSUMER","laterality|Room exercises|app/src/main/java/com/training/trackplanner/analysis/tissue/TissueRcvEventLedger.kt#dose","1","No v2.2-reviewed exact consumer decision"
"UNESTABLISHED_CONSUMER","laterality|Room exercises|app/src/main/java/com/training/trackplanner/CommonUi.kt#Exercise","1","No v2.2-reviewed exact consumer decision"
"UNESTABLISHED_CONSUMER","laterality|Room exercises|app/src/main/java/com/training/trackplanner/data/BackupRestoreCanonicalizer.kt#minimalStub","1","No v2.2-reviewed exact consumer decision"
"UNESTABLISHED_CONSUMER","laterality|Room exercises|app/src/main/java/com/training/trackplanner/data/BackupRestoreImportService.kt#Exercise","1","No v2.2-reviewed exact consumer decision"
"UNESTABLISHED_CONSUMER","laterality|Room exercises|app/src/main/java/com/training/trackplanner/data/BackupRestoreImportService.kt#RestoreExerciseRow","1","No v2.2-reviewed exact consumer decision"
"UNESTABLISHED_CONSUMER","laterality|Room exercises|app/src/main/java/com/training/trackplanner/data/CanonicalExerciseMetadataRepository.kt#exerciseFrom","1","No v2.2-reviewed exact consumer decision"
"UNESTABLISHED_CONSUMER","laterality|Room exercises|app/src/main/java/com/training/trackplanner/data/Entities.kt#Exercise","1","No v2.2-reviewed exact consumer decision"
"UNESTABLISHED_CONSUMER","laterality|Room exercises|app/src/main/java/com/training/trackplanner/data/ExerciseMetadataBackupContract.kt#ExerciseMetadataFieldPolicyRegistry","1","No v2.2-reviewed exact consumer decision"
"UNESTABLISHED_CONSUMER","laterality|Room exercises|app/src/main/java/com/training/trackplanner/data/ExerciseMetadataBackupContract.kt#normalize","1","No v2.2-reviewed exact consumer decision"
"UNESTABLISHED_CONSUMER","laterality|Room exercises|app/src/main/java/com/training/trackplanner/data/ExerciseMetadataMapper.kt#applyMetadata","1","No v2.2-reviewed exact consumer decision"
"UNESTABLISHED_CONSUMER","laterality|Room exercises|app/src/main/java/com/training/trackplanner/data/ExerciseMetadataMapper.kt#from","1","No v2.2-reviewed exact consumer decision"
"UNESTABLISHED_CONSUMER","laterality|Room exercises|app/src/main/java/com/training/trackplanner/data/ExerciseMetadataMapper.kt#MetadataSource","1","No v2.2-reviewed exact consumer decision"
"UNESTABLISHED_CONSUMER","laterality|Room exercises|app/src/main/java/com/training/trackplanner/data/ExerciseStableKeyMigration.kt#createExerciseTable","1","No v2.2-reviewed exact consumer decision"
"UNESTABLISHED_CONSUMER","laterality|Room exercises|app/src/main/java/com/training/trackplanner/data/ExerciseStableKeyMigration.kt#insertUnresolvedExercise","1","No v2.2-reviewed exact consumer decision"
"UNESTABLISHED_CONSUMER","laterality|Room exercises|app/src/main/java/com/training/trackplanner/data/ExerciseStableKeyMigration.kt#migrate","1","No v2.2-reviewed exact consumer decision"
"UNESTABLISHED_CONSUMER","laterality|Room exercises|app/src/main/java/com/training/trackplanner/data/MetadataSanityChecker.kt#check","1","No v2.2-reviewed exact consumer decision"
"UNESTABLISHED_CONSUMER","laterality|Room exercises|app/src/main/java/com/training/trackplanner/data/MetadataSanityChecker.kt#Exercise","1","No v2.2-reviewed exact consumer decision"
"UNESTABLISHED_CONSUMER","laterality|Room exercises|app/src/main/java/com/training/trackplanner/data/RecordCsvBackupRestore.kt#appendStrengthRow","1","No v2.2-reviewed exact consumer decision"
"UNESTABLISHED_CONSUMER","laterality|Room exercises|app/src/main/java/com/training/trackplanner/data/RecordCsvBackupRestore.kt#legacyExerciseSnapshotRows","1","No v2.2-reviewed exact consumer decision"
"UNESTABLISHED_CONSUMER","laterality|Room exercises|app/src/main/java/com/training/trackplanner/data/RecordCsvBackupRestore.kt#RecordCsvBackupRestore","1","No v2.2-reviewed exact consumer decision"
"UNESTABLISHED_CONSUMER","laterality|Room exercises|app/src/main/java/com/training/trackplanner/data/RecordCsvBackupRestore.kt#RestoreExerciseRow","1","No v2.2-reviewed exact consumer decision"
"UNESTABLISHED_CONSUMER","laterality|Room exercises|app/src/main/java/com/training/trackplanner/data/RecordCsvBackupRestore.kt#value","1","No v2.2-reviewed exact consumer decision"
"UNESTABLISHED_CONSUMER","laterality|Room exercises|app/src/main/java/com/training/trackplanner/data/RuntimeExerciseMetadataResolver.kt#Exercise","1","No v2.2-reviewed exact consumer decision"
"UNESTABLISHED_CONSUMER","laterality|Room exercises|app/src/main/java/com/training/trackplanner/data/SeedData.kt#exactExerciseMetadataFromParsedRows","1","No v2.2-reviewed exact consumer decision"
"UNESTABLISHED_CONSUMER","laterality|Room exercises|app/src/main/java/com/training/trackplanner/data/SeedData.kt#exerciseFromCsv","1","No v2.2-reviewed exact consumer decision"
"UNESTABLISHED_CONSUMER","laterality|Room exercises|app/src/main/java/com/training/trackplanner/data/SeedData.kt#validateCatalog","1","No v2.2-reviewed exact consumer decision"
"UNESTABLISHED_CONSUMER","laterality|Room exercises|app/src/main/java/com/training/trackplanner/data/TrainingRepository.kt#findOrCreateImportedExercise","1","No v2.2-reviewed exact consumer decision"
"UNESTABLISHED_CONSUMER","laterality|Room exercises|app/src/main/java/com/training/trackplanner/data/TrainingRepository.kt#legacyUpsertRestoredExercise","1","No v2.2-reviewed exact consumer decision"
"UNESTABLISHED_CONSUMER","laterality|Room exercises|app/src/main/java/com/training/trackplanner/data/TrainingRoleSplitMigration.kt#createExercisesWithoutLegacyRole","1","No v2.2-reviewed exact consumer decision"
"UNESTABLISHED_CONSUMER","laterality|Room exercises|app/src/main/java/com/training/trackplanner/data/TrainingRoleSplitMigration.kt#migrateIntrinsicTrainingRoles","1","No v2.2-reviewed exact consumer decision"
"UNESTABLISHED_CONSUMER","laterality|Room exercises|app/src/main/java/com/training/trackplanner/MetadataDisplayCatalogue.kt#MetadataDisplayField","1","No v2.2-reviewed exact consumer decision"
"UNESTABLISHED_CONSUMER","ligamentJointStabilityStressTags|canonical asset plus Room runtime_exercise_metadata override|app/src/main/java/com/training/trackplanner/analysis/coach/JointTendonWarningAnalyzer.kt#RuntimeExerciseMetadata","1","No v2.2-reviewed exact consumer decision"
"UNESTABLISHED_CONSUMER","ligamentJointStabilityStressTags|canonical asset plus Room runtime_exercise_metadata override|app/src/main/java/com/training/trackplanner/analysis/core/AnalysisInputCollector.kt#Exercise","1","No v2.2-reviewed exact consumer decision"
"UNESTABLISHED_CONSUMER","ligamentJointStabilityStressTags|canonical asset plus Room runtime_exercise_metadata override|app/src/main/java/com/training/trackplanner/analysis/core/AnalysisInputSnapshot.kt#AnalysisExerciseMetadata","1","No v2.2-reviewed exact consumer decision"
"UNESTABLISHED_CONSUMER","ligamentJointStabilityStressTags|canonical asset plus Room runtime_exercise_metadata override|app/src/main/java/com/training/trackplanner/analysis/features/ExerciseAnalysisMapper.kt#AnalysisExerciseFeatures","1","No v2.2-reviewed exact consumer decision"
"UNESTABLISHED_CONSUMER","ligamentJointStabilityStressTags|canonical asset plus Room runtime_exercise_metadata override|app/src/main/java/com/training/trackplanner/analysis/features/ExerciseAnalysisMapper.kt#fromRecord","1","No v2.2-reviewed exact consumer decision"
"UNESTABLISHED_CONSUMER","ligamentJointStabilityStressTags|canonical asset plus Room runtime_exercise_metadata override|app/src/main/java/com/training/trackplanner/data/ExerciseMetadataAdapter.kt#broadLegacyFatigueCategories","1","No v2.2-reviewed exact consumer decision"
"UNESTABLISHED_CONSUMER","ligamentJointStabilityStressTags|canonical asset plus Room runtime_exercise_metadata override|app/src/main/java/com/training/trackplanner/data/ExerciseMetadataAdapter.kt#fromFields","1","No v2.2-reviewed exact consumer decision"
"UNESTABLISHED_CONSUMER","ligamentJointStabilityStressTags|canonical asset plus Room runtime_exercise_metadata override|app/src/main/java/com/training/trackplanner/data/ExerciseMetadataAdapter.kt#RuntimeExerciseMetadata","1","No v2.2-reviewed exact consumer decision"
"UNESTABLISHED_CONSUMER","ligamentJointStabilityStressTags|canonical asset plus Room runtime_exercise_metadata override|app/src/main/java/com/training/trackplanner/data/ExerciseMetadataBackupContract.kt#ExerciseMetadataFieldPolicyRegistry","1","No v2.2-reviewed exact consumer decision"
"UNESTABLISHED_CONSUMER","ligamentJointStabilityStressTags|canonical asset plus Room runtime_exercise_metadata override|app/src/main/java/com/training/trackplanner/data/ExerciseMetadataBackupContract.kt#normalize","1","No v2.2-reviewed exact consumer decision"
"UNESTABLISHED_CONSUMER","ligamentJointStabilityStressTags|canonical asset plus Room runtime_exercise_metadata override|app/src/main/java/com/training/trackplanner/data/RecordCsvBackupRestore.kt#appendStrengthRow","1","No v2.2-reviewed exact consumer decision"
"UNESTABLISHED_CONSUMER","ligamentJointStabilityStressTags|canonical asset plus Room runtime_exercise_metadata override|app/src/main/java/com/training/trackplanner/data/RecordCsvBackupRestore.kt#legacyRuntimeSnapshotRows","1","No v2.2-reviewed exact consumer decision"
"UNESTABLISHED_CONSUMER","ligamentJointStabilityStressTags|canonical asset plus Room runtime_exercise_metadata override|app/src/main/java/com/training/trackplanner/data/RecordCsvBackupRestore.kt#value","1","No v2.2-reviewed exact consumer decision"
"UNESTABLISHED_CONSUMER","ligamentJointStabilityStressTags|canonical asset plus Room runtime_exercise_metadata override|app/src/main/java/com/training/trackplanner/data/RuntimeExerciseMetadataPersistence.kt#RuntimeExerciseMetadata","1","No v2.2-reviewed exact consumer decision"
"UNESTABLISHED_CONSUMER","ligamentJointStabilityStressTags|canonical asset plus Room runtime_exercise_metadata override|app/src/main/java/com/training/trackplanner/data/RuntimeExerciseMetadataPersistence.kt#RuntimeExerciseMetadataEntity","1","No v2.2-reviewed exact consumer decision"
"UNESTABLISHED_CONSUMER","ligamentJointStabilityStressTags|canonical asset plus Room runtime_exercise_metadata override|app/src/main/java/com/training/trackplanner/data/RuntimeExerciseMetadataResolver.kt#forExercise","1","No v2.2-reviewed exact consumer decision"
"UNESTABLISHED_CONSUMER","ligamentJointStabilityStressTags|canonical asset plus Room runtime_exercise_metadata override|app/src/main/java/com/training/trackplanner/data/RuntimeExerciseMetadataResolver.kt#forIdentity","1","No v2.2-reviewed exact consumer decision"
"UNESTABLISHED_CONSUMER","ligamentJointStabilityStressTags|canonical asset plus Room runtime_exercise_metadata override|app/src/main/java/com/training/trackplanner/data/RuntimeExerciseMetadataResolver.kt#merged","1","No v2.2-reviewed exact consumer decision"
"UNESTABLISHED_CONSUMER","ligamentJointStabilityStressTags|canonical asset plus Room runtime_exercise_metadata override|app/src/main/java/com/training/trackplanner/data/TrainingDatabase.kt#migrate","1","No v2.2-reviewed exact consumer decision"
"UNESTABLISHED_CONSUMER","ligamentJointStabilityStressTags|canonical asset plus Room runtime_exercise_metadata override|app/src/main/java/com/training/trackplanner/ExerciseSubcategoryMapper.kt#addStructured","1","No v2.2-reviewed exact consumer decision"
"UNESTABLISHED_CONSUMER","ligamentJointStabilityStressTags|canonical asset plus Room runtime_exercise_metadata override|app/src/main/java/com/training/trackplanner/MetadataDisplayCatalogue.kt#MetadataDisplayField","1","No v2.2-reviewed exact consumer decision"
"UNESTABLISHED_CONSUMER","ligamentJointStabilityStressTags|canonical asset plus Room runtime_exercise_metadata override|app/src/main/java/com/training/trackplanner/RuntimeMetadataExerciseEditorDialog.kt#joinExerciseTokens","1","No v2.2-reviewed exact consumer decision"
"UNESTABLISHED_CONSUMER","localLoadWeight|Room exercises|app/src/main/java/com/training/trackplanner/analysis/badminton/BadmintonTransferMetadataMapper.kt#legacyTransferAxesForAudit","1","No v2.2-reviewed exact consumer decision"
"UNESTABLISHED_CONSUMER","localLoadWeight|Room exercises|app/src/main/java/com/training/trackplanner/analysis/core/AnalysisInputCollector.kt#Exercise","1","No v2.2-reviewed exact consumer decision"
"UNESTABLISHED_CONSUMER","localLoadWeight|Room exercises|app/src/main/java/com/training/trackplanner/analysis/core/AnalysisInputSnapshot.kt#AnalysisExerciseMetadata","1","No v2.2-reviewed exact consumer decision"
"UNESTABLISHED_CONSUMER","localLoadWeight|Room exercises|app/src/main/java/com/training/trackplanner/analysis/fatigue/DailyFatigueCalculator.kt#level","1","No v2.2-reviewed exact consumer decision"
"UNESTABLISHED_CONSUMER","localLoadWeight|Room exercises|app/src/main/java/com/training/trackplanner/analysis/features/ExerciseAnalysisMapper.kt#AnalysisExerciseFeatures","1","No v2.2-reviewed exact consumer decision"
"UNESTABLISHED_CONSUMER","localLoadWeight|Room exercises|app/src/main/java/com/training/trackplanner/analysis/features/ExerciseAnalysisMapper.kt#fromRecord","1","No v2.2-reviewed exact consumer decision"
"UNESTABLISHED_CONSUMER","localLoadWeight|Room exercises|app/src/main/java/com/training/trackplanner/analysis/readiness/DailyAnalysisLoadAggregator.kt#aggregate","1","No v2.2-reviewed exact consumer decision"
"UNESTABLISHED_CONSUMER","localLoadWeight|Room exercises|app/src/main/java/com/training/trackplanner/data/CanonicalExerciseMetadataRepository.kt#exerciseFrom","1","No v2.2-reviewed exact consumer decision"
"UNESTABLISHED_CONSUMER","localLoadWeight|Room exercises|app/src/main/java/com/training/trackplanner/data/Entities.kt#Exercise","1","No v2.2-reviewed exact consumer decision"
"UNESTABLISHED_CONSUMER","localLoadWeight|Room exercises|app/src/main/java/com/training/trackplanner/data/ExerciseMetadataBackupContract.kt#ExerciseMetadataFieldPolicyRegistry","1","No v2.2-reviewed exact consumer decision"
"UNESTABLISHED_CONSUMER","localLoadWeight|Room exercises|app/src/main/java/com/training/trackplanner/data/ExerciseMetadataBackupContract.kt#normalize","1","No v2.2-reviewed exact consumer decision"
"UNESTABLISHED_CONSUMER","localLoadWeight|Room exercises|app/src/main/java/com/training/trackplanner/data/ExerciseMetadataMapper.kt#applyMetadata","1","No v2.2-reviewed exact consumer decision"
"UNESTABLISHED_CONSUMER","localLoadWeight|Room exercises|app/src/main/java/com/training/trackplanner/data/ExerciseMetadataMapper.kt#FatigueWeights","1","No v2.2-reviewed exact consumer decision"
"UNESTABLISHED_CONSUMER","localLoadWeight|Room exercises|app/src/main/java/com/training/trackplanner/data/ExerciseMetadataMapper.kt#MetadataSource","1","No v2.2-reviewed exact consumer decision"
"UNESTABLISHED_CONSUMER","localLoadWeight|Room exercises|app/src/main/java/com/training/trackplanner/data/ExerciseStableKeyMigration.kt#createExerciseTable","1","No v2.2-reviewed exact consumer decision"
"UNESTABLISHED_CONSUMER","localLoadWeight|Room exercises|app/src/main/java/com/training/trackplanner/data/ExerciseStableKeyMigration.kt#insertUnresolvedExercise","1","No v2.2-reviewed exact consumer decision"
"UNESTABLISHED_CONSUMER","localLoadWeight|Room exercises|app/src/main/java/com/training/trackplanner/data/ExerciseStableKeyMigration.kt#migrate","1","No v2.2-reviewed exact consumer decision"
"UNESTABLISHED_CONSUMER","localLoadWeight|Room exercises|app/src/main/java/com/training/trackplanner/data/MetadataSanityChecker.kt#Exercise","1","No v2.2-reviewed exact consumer decision"
"UNESTABLISHED_CONSUMER","localLoadWeight|Room exercises|app/src/main/java/com/training/trackplanner/data/RuntimeExerciseMetadataResolver.kt#Exercise","1","No v2.2-reviewed exact consumer decision"
"UNESTABLISHED_CONSUMER","localLoadWeight|Room exercises|app/src/main/java/com/training/trackplanner/data/RuntimeExerciseMetadataResolver.kt#forExercise","1","No v2.2-reviewed exact consumer decision"
"UNESTABLISHED_CONSUMER","localLoadWeight|Room exercises|app/src/main/java/com/training/trackplanner/data/TrainingDatabase.kt#migrate","1","No v2.2-reviewed exact consumer decision"
"UNESTABLISHED_CONSUMER","localLoadWeight|Room exercises|app/src/main/java/com/training/trackplanner/data/TrainingRoleSplitMigration.kt#createExercisesWithoutLegacyRole","1","No v2.2-reviewed exact consumer decision"
"UNESTABLISHED_CONSUMER","localLoadWeight|Room exercises|app/src/main/java/com/training/trackplanner/data/TrainingRoleSplitMigration.kt#migrateIntrinsicTrainingRoles","1","No v2.2-reviewed exact consumer decision"
"UNESTABLISHED_CONSUMER","localMuscularStressLevel|canonical asset plus Room runtime_exercise_metadata override|app/src/main/java/com/training/trackplanner/analysis/core/AnalysisInputCollector.kt#Exercise","1","No v2.2-reviewed exact consumer decision"
"UNESTABLISHED_CONSUMER","localMuscularStressLevel|canonical asset plus Room runtime_exercise_metadata override|app/src/main/java/com/training/trackplanner/analysis/core/AnalysisInputSnapshot.kt#AnalysisExerciseMetadata","1","No v2.2-reviewed exact consumer decision"
"UNESTABLISHED_CONSUMER","localMuscularStressLevel|canonical asset plus Room runtime_exercise_metadata override|app/src/main/java/com/training/trackplanner/analysis/fatigue/DailyFatigueCalculator.kt#calculateAxes","1","No v2.2-reviewed exact consumer decision"
"UNESTABLISHED_CONSUMER","localMuscularStressLevel|canonical asset plus Room runtime_exercise_metadata override|app/src/main/java/com/training/trackplanner/analysis/fatigue/DailyFatigueCalculator.kt#from","1","No v2.2-reviewed exact consumer decision"
"UNESTABLISHED_CONSUMER","localMuscularStressLevel|canonical asset plus Room runtime_exercise_metadata override|app/src/main/java/com/training/trackplanner/analysis/fatigue/DailyFatigueCalculator.kt#level","1","No v2.2-reviewed exact consumer decision"
"UNESTABLISHED_CONSUMER","localMuscularStressLevel|canonical asset plus Room runtime_exercise_metadata override|app/src/main/java/com/training/trackplanner/analysis/fatigue/DailyFatigueCalculator.kt#ResolvedFatigueMetadata","1","No v2.2-reviewed exact consumer decision"
"UNESTABLISHED_CONSUMER","localMuscularStressLevel|canonical asset plus Room runtime_exercise_metadata override|app/src/main/java/com/training/trackplanner/analysis/features/ExerciseAnalysisMapper.kt#AnalysisExerciseFeatures","1","No v2.2-reviewed exact consumer decision"
"UNESTABLISHED_CONSUMER","localMuscularStressLevel|canonical asset plus Room runtime_exercise_metadata override|app/src/main/java/com/training/trackplanner/analysis/features/ExerciseAnalysisMapper.kt#fromRecord","1","No v2.2-reviewed exact consumer decision"
"UNESTABLISHED_CONSUMER","localMuscularStressLevel|canonical asset plus Room runtime_exercise_metadata override|app/src/main/java/com/training/trackplanner/analysis/readiness/DailyAnalysisLoadAggregator.kt#aggregate","1","No v2.2-reviewed exact consumer decision"
"UNESTABLISHED_CONSUMER","localMuscularStressLevel|canonical asset plus Room runtime_exercise_metadata override|app/src/main/java/com/training/trackplanner/data/ExerciseMetadataAdapter.kt#fromFields","1","No v2.2-reviewed exact consumer decision"
"UNESTABLISHED_CONSUMER","localMuscularStressLevel|canonical asset plus Room runtime_exercise_metadata override|app/src/main/java/com/training/trackplanner/data/ExerciseMetadataAdapter.kt#RuntimeExerciseMetadata","1","No v2.2-reviewed exact consumer decision"
"UNESTABLISHED_CONSUMER","localMuscularStressLevel|canonical asset plus Room runtime_exercise_metadata override|app/src/main/java/com/training/trackplanner/data/ExerciseMetadataBackupContract.kt#ExerciseMetadataFieldPolicyRegistry","1","No v2.2-reviewed exact consumer decision"
"UNESTABLISHED_CONSUMER","localMuscularStressLevel|canonical asset plus Room runtime_exercise_metadata override|app/src/main/java/com/training/trackplanner/data/ExerciseMetadataBackupContract.kt#normalize","1","No v2.2-reviewed exact consumer decision"
"UNESTABLISHED_CONSUMER","localMuscularStressLevel|canonical asset plus Room runtime_exercise_metadata override|app/src/main/java/com/training/trackplanner/data/ProgramBuilder.kt#build","1","No v2.2-reviewed exact consumer decision"
"UNESTABLISHED_CONSUMER","localMuscularStressLevel|canonical asset plus Room runtime_exercise_metadata override|app/src/main/java/com/training/trackplanner/data/ProgramBuilder.kt#GeneratedProgramSkeleton","1","No v2.2-reviewed exact consumer decision"
"UNESTABLISHED_CONSUMER","localMuscularStressLevel|canonical asset plus Room runtime_exercise_metadata override|app/src/main/java/com/training/trackplanner/data/ProgramBuilder.kt#ProgramSkeletonItem","1","No v2.2-reviewed exact consumer decision"
"UNESTABLISHED_CONSUMER","localMuscularStressLevel|canonical asset plus Room runtime_exercise_metadata override|app/src/main/java/com/training/trackplanner/data/ProgramBuilderValidation.kt#validateRollingFatigue","1","No v2.2-reviewed exact consumer decision"
"UNESTABLISHED_CONSUMER","localMuscularStressLevel|canonical asset plus Room runtime_exercise_metadata override|app/src/main/java/com/training/trackplanner/data/ProgramIssueDrivenRerankPolicy.kt#ProgramSkeletonItem","1","No v2.2-reviewed exact consumer decision"
"UNESTABLISHED_CONSUMER","localMuscularStressLevel|canonical asset plus Room runtime_exercise_metadata override|app/src/main/java/com/training/trackplanner/data/ProgramSkeletonGenerator.kt#ProgramSkeletonItem","1","No v2.2-reviewed exact consumer decision"
"UNESTABLISHED_CONSUMER","localMuscularStressLevel|canonical asset plus Room runtime_exercise_metadata override|app/src/main/java/com/training/trackplanner/data/RecordCsvBackupRestore.kt#appendStrengthRow","1","No v2.2-reviewed exact consumer decision"
"UNESTABLISHED_CONSUMER","localMuscularStressLevel|canonical asset plus Room runtime_exercise_metadata override|app/src/main/java/com/training/trackplanner/data/RecordCsvBackupRestore.kt#legacyRuntimeSnapshotRows","1","No v2.2-reviewed exact consumer decision"
"UNESTABLISHED_CONSUMER","localMuscularStressLevel|canonical asset plus Room runtime_exercise_metadata override|app/src/main/java/com/training/trackplanner/data/RecordCsvBackupRestore.kt#value","1","No v2.2-reviewed exact consumer decision"
"UNESTABLISHED_CONSUMER","localMuscularStressLevel|canonical asset plus Room runtime_exercise_metadata override|app/src/main/java/com/training/trackplanner/data/RuntimeExerciseMetadataPersistence.kt#RuntimeExerciseMetadata","1","No v2.2-reviewed exact consumer decision"
"UNESTABLISHED_CONSUMER","localMuscularStressLevel|canonical asset plus Room runtime_exercise_metadata override|app/src/main/java/com/training/trackplanner/data/RuntimeExerciseMetadataPersistence.kt#RuntimeExerciseMetadataEntity","1","No v2.2-reviewed exact consumer decision"
"UNESTABLISHED_CONSUMER","localMuscularStressLevel|canonical asset plus Room runtime_exercise_metadata override|app/src/main/java/com/training/trackplanner/data/RuntimeExerciseMetadataResolver.kt#forExercise","1","No v2.2-reviewed exact consumer decision"
"UNESTABLISHED_CONSUMER","localMuscularStressLevel|canonical asset plus Room runtime_exercise_metadata override|app/src/main/java/com/training/trackplanner/data/RuntimeExerciseMetadataResolver.kt#forIdentity","1","No v2.2-reviewed exact consumer decision"
"UNESTABLISHED_CONSUMER","localMuscularStressLevel|canonical asset plus Room runtime_exercise_metadata override|app/src/main/java/com/training/trackplanner/data/RuntimeExerciseMetadataResolver.kt#merged","1","No v2.2-reviewed exact consumer decision"
"UNESTABLISHED_CONSUMER","localMuscularStressLevel|canonical asset plus Room runtime_exercise_metadata override|app/src/main/java/com/training/trackplanner/data/TrainingDatabase.kt#migrate","1","No v2.2-reviewed exact consumer decision"
"UNESTABLISHED_CONSUMER","localMuscularStressLevel|canonical asset plus Room runtime_exercise_metadata override|app/src/main/java/com/training/trackplanner/MetadataDisplayCatalogue.kt#MetadataDisplayField","1","No v2.2-reviewed exact consumer decision"
"UNESTABLISHED_CONSUMER","localMuscularStressLevel|canonical asset plus Room runtime_exercise_metadata override|app/src/main/java/com/training/trackplanner/PlanGeneratedPreview.kt#draftItemForExercise","1","No v2.2-reviewed exact consumer decision"
"UNESTABLISHED_CONSUMER","localMuscularStressLevel|canonical asset plus Room runtime_exercise_metadata override|app/src/main/java/com/training/trackplanner/RuntimeMetadataExerciseEditorDialog.kt#joinExerciseTokens","1","No v2.2-reviewed exact consumer decision"
"UNESTABLISHED_CONSUMER","mainLiftGroup|Room exercises|app/src/main/java/com/training/trackplanner/analysis/core/AnalysisInputCollector.kt#Exercise","1","No v2.2-reviewed exact consumer decision"
"UNESTABLISHED_CONSUMER","mainLiftGroup|Room exercises|app/src/main/java/com/training/trackplanner/analysis/core/AnalysisInputSnapshot.kt#AnalysisExerciseMetadata","1","No v2.2-reviewed exact consumer decision"
"UNESTABLISHED_CONSUMER","mainLiftGroup|Room exercises|app/src/main/java/com/training/trackplanner/analysis/features/ExerciseAnalysisMapper.kt#AnalysisExerciseFeatures","1","No v2.2-reviewed exact consumer decision"
"UNESTABLISHED_CONSUMER","mainLiftGroup|Room exercises|app/src/main/java/com/training/trackplanner/analysis/features/ExerciseAnalysisMapper.kt#fromRecord","1","No v2.2-reviewed exact consumer decision"
"UNESTABLISHED_CONSUMER","mainLiftGroup|Room exercises|app/src/main/java/com/training/trackplanner/analysis/features/MetadataReadinessReporter.kt#Exercise","1","No v2.2-reviewed exact consumer decision"
"UNESTABLISHED_CONSUMER","mainLiftGroup|Room exercises|app/src/main/java/com/training/trackplanner/analysis/features/MetadataReadinessReporter.kt#progressReady","1","No v2.2-reviewed exact consumer decision"
"UNESTABLISHED_CONSUMER","mainLiftGroup|Room exercises|app/src/main/java/com/training/trackplanner/analysis/lab/MuscleLoadInputBuilder.kt#fallbackContributions","1","No v2.2-reviewed exact consumer decision"
"UNESTABLISHED_CONSUMER","mainLiftGroup|Room exercises|app/src/main/java/com/training/trackplanner/analysis/proxyperformance/ProxyPerformanceLoadingBuilder.kt#build","1","No v2.2-reviewed exact consumer decision"
"UNESTABLISHED_CONSUMER","mainLiftGroup|Room exercises|app/src/main/java/com/training/trackplanner/analysis/strengthperformance/StrengthPerformanceRegistry.kt#metadataProxyLoadings","1","No v2.2-reviewed exact consumer decision"
"UNESTABLISHED_CONSUMER","mainLiftGroup|Room exercises|app/src/main/java/com/training/trackplanner/data/CanonicalExerciseMetadataRepository.kt#exerciseFrom","1","No v2.2-reviewed exact consumer decision"
"UNESTABLISHED_CONSUMER","mainLiftGroup|Room exercises|app/src/main/java/com/training/trackplanner/data/Entities.kt#Exercise","1","No v2.2-reviewed exact consumer decision"
"UNESTABLISHED_CONSUMER","mainLiftGroup|Room exercises|app/src/main/java/com/training/trackplanner/data/ExerciseMetadataBackupContract.kt#ExerciseMetadataFieldPolicyRegistry","1","No v2.2-reviewed exact consumer decision"
"UNESTABLISHED_CONSUMER","mainLiftGroup|Room exercises|app/src/main/java/com/training/trackplanner/data/ExerciseMetadataBackupContract.kt#normalize","1","No v2.2-reviewed exact consumer decision"
"UNESTABLISHED_CONSUMER","mainLiftGroup|Room exercises|app/src/main/java/com/training/trackplanner/data/ExerciseMetadataMapper.kt#applyMetadata","1","No v2.2-reviewed exact consumer decision"
"UNESTABLISHED_CONSUMER","mainLiftGroup|Room exercises|app/src/main/java/com/training/trackplanner/data/ExerciseMetadataMapper.kt#MetadataSource","1","No v2.2-reviewed exact consumer decision"
"UNESTABLISHED_CONSUMER","mainLiftGroup|Room exercises|app/src/main/java/com/training/trackplanner/data/ExerciseMetadataTaxonomy.kt#MainLiftGroup","1","No v2.2-reviewed exact consumer decision"
"UNESTABLISHED_CONSUMER","mainLiftGroup|Room exercises|app/src/main/java/com/training/trackplanner/data/ExerciseStableKeyMigration.kt#createExerciseTable","1","No v2.2-reviewed exact consumer decision"
"UNESTABLISHED_CONSUMER","mainLiftGroup|Room exercises|app/src/main/java/com/training/trackplanner/data/ExerciseStableKeyMigration.kt#insertUnresolvedExercise","1","No v2.2-reviewed exact consumer decision"
"UNESTABLISHED_CONSUMER","mainLiftGroup|Room exercises|app/src/main/java/com/training/trackplanner/data/ExerciseStableKeyMigration.kt#migrate","1","No v2.2-reviewed exact consumer decision"
"UNESTABLISHED_CONSUMER","mainLiftGroup|Room exercises|app/src/main/java/com/training/trackplanner/data/MetadataSanityChecker.kt#Exercise","1","No v2.2-reviewed exact consumer decision"
"UNESTABLISHED_CONSUMER","mainLiftGroup|Room exercises|app/src/main/java/com/training/trackplanner/data/RuntimeExerciseMetadataResolver.kt#Exercise","1","No v2.2-reviewed exact consumer decision"
"UNESTABLISHED_CONSUMER","mainLiftGroup|Room exercises|app/src/main/java/com/training/trackplanner/data/RuntimeExerciseMetadataResolver.kt#forExercise","1","No v2.2-reviewed exact consumer decision"
"UNESTABLISHED_CONSUMER","mainLiftGroup|Room exercises|app/src/main/java/com/training/trackplanner/data/SeedData.kt#validateCatalog","1","No v2.2-reviewed exact consumer decision"
"UNESTABLISHED_CONSUMER","mainLiftGroup|Room exercises|app/src/main/java/com/training/trackplanner/data/TrainingDatabase.kt#migrate","1","No v2.2-reviewed exact consumer decision"
"UNESTABLISHED_CONSUMER","mainLiftGroup|Room exercises|app/src/main/java/com/training/trackplanner/data/TrainingRepository.kt#Exercise","1","No v2.2-reviewed exact consumer decision"
"UNESTABLISHED_CONSUMER","mainLiftGroup|Room exercises|app/src/main/java/com/training/trackplanner/data/TrainingRoleSplitMigration.kt#createExercisesWithoutLegacyRole","1","No v2.2-reviewed exact consumer decision"
"UNESTABLISHED_CONSUMER","mainLiftGroup|Room exercises|app/src/main/java/com/training/trackplanner/data/TrainingRoleSplitMigration.kt#migrateIntrinsicTrainingRoles","1","No v2.2-reviewed exact consumer decision"
"UNESTABLISHED_CONSUMER","metadataConfidence|Room exercises|app/src/main/java/com/training/trackplanner/analysis/core/AnalysisInputCollector.kt#Exercise","1","No v2.2-reviewed exact consumer decision"
"UNESTABLISHED_CONSUMER","metadataConfidence|Room exercises|app/src/main/java/com/training/trackplanner/analysis/core/AnalysisInputSnapshot.kt#AnalysisExerciseMetadata","1","No v2.2-reviewed exact consumer decision"
"UNESTABLISHED_CONSUMER","metadataConfidence|Room exercises|app/src/main/java/com/training/trackplanner/analysis/features/ExerciseAnalysisMapper.kt#AnalysisExerciseFeatures","1","No v2.2-reviewed exact consumer decision"
"UNESTABLISHED_CONSUMER","metadataConfidence|Room exercises|app/src/main/java/com/training/trackplanner/analysis/features/ExerciseAnalysisMapper.kt#fromRecord","1","No v2.2-reviewed exact consumer decision"
"UNESTABLISHED_CONSUMER","metadataConfidence|Room exercises|app/src/main/java/com/training/trackplanner/analysis/features/MetadataReadinessReporter.kt#ExerciseReadinessRow","1","No v2.2-reviewed exact consumer decision"
"UNESTABLISHED_CONSUMER","metadataConfidence|Room exercises|app/src/main/java/com/training/trackplanner/analysis/features/MetadataReadinessReporter.kt#generate","1","No v2.2-reviewed exact consumer decision"
"UNESTABLISHED_CONSUMER","metadataConfidence|Room exercises|app/src/main/java/com/training/trackplanner/analysis/proxyperformance/ProxyPerformanceLoadingBuilder.kt#build","1","No v2.2-reviewed exact consumer decision"
"UNESTABLISHED_CONSUMER","metadataConfidence|Room exercises|app/src/main/java/com/training/trackplanner/analysis/proxyperformance/ProxyPerformanceLoadingBuilder.kt#metadataConfidence","1","No v2.2-reviewed exact consumer decision"
"UNESTABLISHED_CONSUMER","metadataConfidence|Room exercises|app/src/main/java/com/training/trackplanner/analysis/proxyperformance/ProxyPerformanceModels.kt#ProxyPerformanceLoading","1","No v2.2-reviewed exact consumer decision"
"UNESTABLISHED_CONSUMER","metadataConfidence|Room exercises|app/src/main/java/com/training/trackplanner/analysis/proxyperformance/ProxyPerformanceObservationBuilder.kt#build","1","No v2.2-reviewed exact consumer decision"
"UNESTABLISHED_CONSUMER","metadataConfidence|Room exercises|app/src/main/java/com/training/trackplanner/CommonUi.kt#Exercise","1","No v2.2-reviewed exact consumer decision"
"UNESTABLISHED_CONSUMER","metadataConfidence|Room exercises|app/src/main/java/com/training/trackplanner/data/BackupRestoreCanonicalizer.kt#minimalStub","1","No v2.2-reviewed exact consumer decision"
"UNESTABLISHED_CONSUMER","metadataConfidence|Room exercises|app/src/main/java/com/training/trackplanner/data/BackupRestoreImportService.kt#Exercise","1","No v2.2-reviewed exact consumer decision"
"UNESTABLISHED_CONSUMER","metadataConfidence|Room exercises|app/src/main/java/com/training/trackplanner/data/BackupRestoreImportService.kt#RestoreExerciseRow","1","No v2.2-reviewed exact consumer decision"
"UNESTABLISHED_CONSUMER","metadataConfidence|Room exercises|app/src/main/java/com/training/trackplanner/data/CanonicalExerciseMetadataRepository.kt#exerciseFrom","1","No v2.2-reviewed exact consumer decision"
"UNESTABLISHED_CONSUMER","metadataConfidence|Room exercises|app/src/main/java/com/training/trackplanner/data/Entities.kt#Exercise","1","No v2.2-reviewed exact consumer decision"
"UNESTABLISHED_CONSUMER","metadataConfidence|Room exercises|app/src/main/java/com/training/trackplanner/data/ExerciseMetadataBackupContract.kt#ExerciseMetadataFieldPolicyRegistry","1","No v2.2-reviewed exact consumer decision"
"UNESTABLISHED_CONSUMER","metadataConfidence|Room exercises|app/src/main/java/com/training/trackplanner/data/ExerciseMetadataBackupContract.kt#normalize","1","No v2.2-reviewed exact consumer decision"
"UNESTABLISHED_CONSUMER","metadataConfidence|Room exercises|app/src/main/java/com/training/trackplanner/data/ExerciseMetadataMapper.kt#applyMetadata","1","No v2.2-reviewed exact consumer decision"
"UNESTABLISHED_CONSUMER","metadataConfidence|Room exercises|app/src/main/java/com/training/trackplanner/data/ExerciseMetadataMapper.kt#MetadataSource","1","No v2.2-reviewed exact consumer decision"
"UNESTABLISHED_CONSUMER","metadataConfidence|Room exercises|app/src/main/java/com/training/trackplanner/data/ExerciseMetadataTaxonomy.kt#MetadataConfidence","1","No v2.2-reviewed exact consumer decision"
"UNESTABLISHED_CONSUMER","metadataConfidence|Room exercises|app/src/main/java/com/training/trackplanner/data/ExerciseStableKeyMigration.kt#createExerciseTable","1","No v2.2-reviewed exact consumer decision"
"UNESTABLISHED_CONSUMER","metadataConfidence|Room exercises|app/src/main/java/com/training/trackplanner/data/ExerciseStableKeyMigration.kt#insertUnresolvedExercise","1","No v2.2-reviewed exact consumer decision"
"UNESTABLISHED_CONSUMER","metadataConfidence|Room exercises|app/src/main/java/com/training/trackplanner/data/ExerciseStableKeyMigration.kt#migrate","1","No v2.2-reviewed exact consumer decision"
"UNESTABLISHED_CONSUMER","metadataConfidence|Room exercises|app/src/main/java/com/training/trackplanner/data/ExerciseTaxonomy.kt#ExerciseTaxonomy","1","No v2.2-reviewed exact consumer decision"
"UNESTABLISHED_CONSUMER","metadataConfidence|Room exercises|app/src/main/java/com/training/trackplanner/data/MetadataSanityChecker.kt#checkAll","1","No v2.2-reviewed exact consumer decision"
"UNESTABLISHED_CONSUMER","metadataConfidence|Room exercises|app/src/main/java/com/training/trackplanner/data/MetadataSanityChecker.kt#Exercise","1","No v2.2-reviewed exact consumer decision"
"UNESTABLISHED_CONSUMER","metadataConfidence|Room exercises|app/src/main/java/com/training/trackplanner/data/RecordCsvBackupRestore.kt#appendStrengthRow","1","No v2.2-reviewed exact consumer decision"
"UNESTABLISHED_CONSUMER","metadataConfidence|Room exercises|app/src/main/java/com/training/trackplanner/data/RecordCsvBackupRestore.kt#legacyExerciseSnapshotRows","1","No v2.2-reviewed exact consumer decision"
"UNESTABLISHED_CONSUMER","metadataConfidence|Room exercises|app/src/main/java/com/training/trackplanner/data/RecordCsvBackupRestore.kt#RestoreExerciseRow","1","No v2.2-reviewed exact consumer decision"
"UNESTABLISHED_CONSUMER","metadataConfidence|Room exercises|app/src/main/java/com/training/trackplanner/data/RecordCsvBackupRestore.kt#value","1","No v2.2-reviewed exact consumer decision"
"UNESTABLISHED_CONSUMER","metadataConfidence|Room exercises|app/src/main/java/com/training/trackplanner/data/RuntimeExerciseMetadataResolver.kt#Exercise","1","No v2.2-reviewed exact consumer decision"
"UNESTABLISHED_CONSUMER","metadataConfidence|Room exercises|app/src/main/java/com/training/trackplanner/data/RuntimeExerciseMetadataResolver.kt#forExercise","1","No v2.2-reviewed exact consumer decision"
"UNESTABLISHED_CONSUMER","metadataConfidence|Room exercises|app/src/main/java/com/training/trackplanner/data/SeedData.kt#exerciseFromCsv","1","No v2.2-reviewed exact consumer decision"
"UNESTABLISHED_CONSUMER","metadataConfidence|Room exercises|app/src/main/java/com/training/trackplanner/data/SeedData.kt#validateCatalog","1","No v2.2-reviewed exact consumer decision"
"UNESTABLISHED_CONSUMER","metadataConfidence|Room exercises|app/src/main/java/com/training/trackplanner/data/TrainingRepository.kt#Exercise","1","No v2.2-reviewed exact consumer decision"
"UNESTABLISHED_CONSUMER","metadataConfidence|Room exercises|app/src/main/java/com/training/trackplanner/data/TrainingRepository.kt#findOrCreateImportedExercise","1","No v2.2-reviewed exact consumer decision"
"UNESTABLISHED_CONSUMER","metadataConfidence|Room exercises|app/src/main/java/com/training/trackplanner/data/TrainingRepository.kt#legacyUpsertRestoredExercise","1","No v2.2-reviewed exact consumer decision"
"UNESTABLISHED_CONSUMER","metadataConfidence|Room exercises|app/src/main/java/com/training/trackplanner/data/TrainingRoleSplitMigration.kt#createExercisesWithoutLegacyRole","1","No v2.2-reviewed exact consumer decision"
"UNESTABLISHED_CONSUMER","metadataConfidence|Room exercises|app/src/main/java/com/training/trackplanner/data/TrainingRoleSplitMigration.kt#migrateIntrinsicTrainingRoles","1","No v2.2-reviewed exact consumer decision"
"UNESTABLISHED_CONSUMER","mobilityDemandLevel|Room exercises|app/src/main/java/com/training/trackplanner/analysis/core/AnalysisInputCollector.kt#Exercise","1","No v2.2-reviewed exact consumer decision"
"UNESTABLISHED_CONSUMER","mobilityDemandLevel|Room exercises|app/src/main/java/com/training/trackplanner/analysis/core/AnalysisInputSnapshot.kt#AnalysisExerciseMetadata","1","No v2.2-reviewed exact consumer decision"
"UNESTABLISHED_CONSUMER","mobilityDemandLevel|Room exercises|app/src/main/java/com/training/trackplanner/analysis/features/ExerciseAnalysisMapper.kt#AnalysisExerciseFeatures","1","No v2.2-reviewed exact consumer decision"
"UNESTABLISHED_CONSUMER","mobilityDemandLevel|Room exercises|app/src/main/java/com/training/trackplanner/analysis/features/ExerciseAnalysisMapper.kt#fromRecord","1","No v2.2-reviewed exact consumer decision"
"UNESTABLISHED_CONSUMER","mobilityDemandLevel|Room exercises|app/src/main/java/com/training/trackplanner/analysis/features/MetadataReadinessReporter.kt#balanceReady","1","No v2.2-reviewed exact consumer decision"
"UNESTABLISHED_CONSUMER","mobilityDemandLevel|Room exercises|app/src/main/java/com/training/trackplanner/analysis/features/MetadataReadinessReporter.kt#Exercise","1","No v2.2-reviewed exact consumer decision"
"UNESTABLISHED_CONSUMER","mobilityDemandLevel|Room exercises|app/src/main/java/com/training/trackplanner/data/CanonicalExerciseMetadataRepository.kt#CanonicalExerciseIdentity","1","No v2.2-reviewed exact consumer decision"
"UNESTABLISHED_CONSUMER","mobilityDemandLevel|Room exercises|app/src/main/java/com/training/trackplanner/data/CanonicalExerciseMetadataRepository.kt#exerciseFrom","1","No v2.2-reviewed exact consumer decision"
"UNESTABLISHED_CONSUMER","mobilityDemandLevel|Room exercises|app/src/main/java/com/training/trackplanner/data/CanonicalExerciseMetadataRepository.kt#identityFrom","1","No v2.2-reviewed exact consumer decision"
"UNESTABLISHED_CONSUMER","mobilityDemandLevel|Room exercises|app/src/main/java/com/training/trackplanner/data/Entities.kt#Exercise","1","No v2.2-reviewed exact consumer decision"
"UNESTABLISHED_CONSUMER","mobilityDemandLevel|Room exercises|app/src/main/java/com/training/trackplanner/data/ExerciseMetadataBackupContract.kt#ExerciseMetadataFieldPolicyRegistry","1","No v2.2-reviewed exact consumer decision"
"UNESTABLISHED_CONSUMER","mobilityDemandLevel|Room exercises|app/src/main/java/com/training/trackplanner/data/ExerciseMetadataBackupContract.kt#normalize","1","No v2.2-reviewed exact consumer decision"
"UNESTABLISHED_CONSUMER","mobilityDemandLevel|Room exercises|app/src/main/java/com/training/trackplanner/data/ExerciseMetadataMapper.kt#applyMetadata","1","No v2.2-reviewed exact consumer decision"
"UNESTABLISHED_CONSUMER","mobilityDemandLevel|Room exercises|app/src/main/java/com/training/trackplanner/data/ExerciseMetadataMapper.kt#MetadataSource","1","No v2.2-reviewed exact consumer decision"
"UNESTABLISHED_CONSUMER","mobilityDemandLevel|Room exercises|app/src/main/java/com/training/trackplanner/data/ExerciseMetadataTaxonomy.kt#MobilityDemandLevel","1","No v2.2-reviewed exact consumer decision"
"UNESTABLISHED_CONSUMER","mobilityDemandLevel|Room exercises|app/src/main/java/com/training/trackplanner/data/ExerciseStableKeyMigration.kt#createExerciseTable","1","No v2.2-reviewed exact consumer decision"
"UNESTABLISHED_CONSUMER","mobilityDemandLevel|Room exercises|app/src/main/java/com/training/trackplanner/data/ExerciseStableKeyMigration.kt#insertUnresolvedExercise","1","No v2.2-reviewed exact consumer decision"
"UNESTABLISHED_CONSUMER","mobilityDemandLevel|Room exercises|app/src/main/java/com/training/trackplanner/data/ExerciseStableKeyMigration.kt#migrate","1","No v2.2-reviewed exact consumer decision"
"UNESTABLISHED_CONSUMER","mobilityDemandLevel|Room exercises|app/src/main/java/com/training/trackplanner/data/MetadataSanityChecker.kt#check","1","No v2.2-reviewed exact consumer decision"
"UNESTABLISHED_CONSUMER","mobilityDemandLevel|Room exercises|app/src/main/java/com/training/trackplanner/data/MetadataSanityChecker.kt#Exercise","1","No v2.2-reviewed exact consumer decision"
"UNESTABLISHED_CONSUMER","mobilityDemandLevel|Room exercises|app/src/main/java/com/training/trackplanner/data/RuntimeExerciseMetadataResolver.kt#Exercise","1","No v2.2-reviewed exact consumer decision"
"UNESTABLISHED_CONSUMER","mobilityDemandLevel|Room exercises|app/src/main/java/com/training/trackplanner/data/SeedData.kt#validateCatalog","1","No v2.2-reviewed exact consumer decision"
"UNESTABLISHED_CONSUMER","mobilityDemandLevel|Room exercises|app/src/main/java/com/training/trackplanner/data/TrainingDatabase.kt#migrate","1","No v2.2-reviewed exact consumer decision"
"UNESTABLISHED_CONSUMER","mobilityDemandLevel|Room exercises|app/src/main/java/com/training/trackplanner/data/TrainingRepository.kt#Exercise","1","No v2.2-reviewed exact consumer decision"
"UNESTABLISHED_CONSUMER","mobilityDemandLevel|Room exercises|app/src/main/java/com/training/trackplanner/data/TrainingRoleSplitMigration.kt#createExercisesWithoutLegacyRole","1","No v2.2-reviewed exact consumer decision"
"UNESTABLISHED_CONSUMER","mobilityDemandLevel|Room exercises|app/src/main/java/com/training/trackplanner/data/TrainingRoleSplitMigration.kt#migrateIntrinsicTrainingRoles","1","No v2.2-reviewed exact consumer decision"
"UNESTABLISHED_CONSUMER","mode|Room exercises|app/src/main/java/com/training/trackplanner/analysis/fatigue/ui/FatigueAnalysisSection.kt#FatigueAnalysisSection","1","No v2.2-reviewed exact consumer decision"
"UNESTABLISHED_CONSUMER","mode|Room exercises|app/src/main/java/com/training/trackplanner/analysis/features/BodyweightEffectiveLoadCalculator.kt#effectiveVolumeLoadOrNull","1","No v2.2-reviewed exact consumer decision"
"UNESTABLISHED_CONSUMER","mode|Room exercises|app/src/main/java/com/training/trackplanner/analysis/features/BodyweightEffectiveLoadCalculator.kt#profileFor","1","No v2.2-reviewed exact consumer decision"
"UNESTABLISHED_CONSUMER","mode|Room exercises|app/src/main/java/com/training/trackplanner/analysis/features/BodyweightEffectiveLoadCalculator.kt#volumeLoad","1","No v2.2-reviewed exact consumer decision"
"UNESTABLISHED_CONSUMER","mode|Room exercises|app/src/main/java/com/training/trackplanner/analysis/features/DurationHoldLoadCalculator.kt#holdLoad","1","No v2.2-reviewed exact consumer decision"
"UNESTABLISHED_CONSUMER","mode|Room exercises|app/src/main/java/com/training/trackplanner/analysis/features/DurationHoldLoadCalculator.kt#holdLoadOrNull","1","No v2.2-reviewed exact consumer decision"
"UNESTABLISHED_CONSUMER","mode|Room exercises|app/src/main/java/com/training/trackplanner/analysis/features/DurationHoldLoadCalculator.kt#policyFor","1","No v2.2-reviewed exact consumer decision"
"UNESTABLISHED_CONSUMER","mode|Room exercises|app/src/main/java/com/training/trackplanner/analysis/features/MetadataReadinessReporter.kt#String","1","No v2.2-reviewed exact consumer decision"
"UNESTABLISHED_CONSUMER","mode|Room exercises|app/src/main/java/com/training/trackplanner/analysis/lab/StrengthAndMuscleMetricSeriesBuilder.kt#durationHoldContributions","1","No v2.2-reviewed exact consumer decision"
"UNESTABLISHED_CONSUMER","mode|Room exercises|app/src/main/java/com/training/trackplanner/analysis/tissue/TissueC31Validator.kt#ontology","1","No v2.2-reviewed exact consumer decision"
"UNESTABLISHED_CONSUMER","mode|Room exercises|app/src/main/java/com/training/trackplanner/analysis/tissue/TissueC3ResearchValidator.kt#packageData","1","No v2.2-reviewed exact consumer decision"
"UNESTABLISHED_CONSUMER","mode|Room exercises|app/src/main/java/com/training/trackplanner/analysis/tissue/TissueMultidimensionalValidator.kt#mismatch","1","No v2.2-reviewed exact consumer decision"
"UNESTABLISHED_CONSUMER","mode|Room exercises|app/src/main/java/com/training/trackplanner/analysis/tissue/TissueMultidimensionalValidator.kt#ontology","1","No v2.2-reviewed exact consumer decision"
"UNESTABLISHED_CONSUMER","mode|Room exercises|app/src/main/java/com/training/trackplanner/analysis/trends/DetailChartSelector.kt#chartTypeForMode","1","No v2.2-reviewed exact consumer decision"
"UNESTABLISHED_CONSUMER","mode|Room exercises|app/src/main/java/com/training/trackplanner/analysis/trends/DetailChartSelector.kt#sanitizeSelection","1","No v2.2-reviewed exact consumer decision"
"UNESTABLISHED_CONSUMER","mode|Room exercises|app/src/main/java/com/training/trackplanner/analysis/trends/PerformanceChartSpecBuilder.kt#badmintonDetail","1","No v2.2-reviewed exact consumer decision"
"UNESTABLISHED_CONSUMER","mode|Room exercises|app/src/main/java/com/training/trackplanner/analysis/trends/PerformanceChartSpecBuilder.kt#fatigueDetail","1","No v2.2-reviewed exact consumer decision"
"UNESTABLISHED_CONSUMER","mode|Room exercises|app/src/main/java/com/training/trackplanner/analysis/trends/PerformanceChartSpecBuilder.kt#strengthDetail","1","No v2.2-reviewed exact consumer decision"
"UNESTABLISHED_CONSUMER","mode|Room exercises|app/src/main/java/com/training/trackplanner/AnalysisCoachUi.kt#PerformanceDetailSectionView","1","No v2.2-reviewed exact consumer decision"
"UNESTABLISHED_CONSUMER","mode|Room exercises|app/src/main/java/com/training/trackplanner/AnalysisDetailScreens.kt#badmintonSeriesLabel","1","No v2.2-reviewed exact consumer decision"
"UNESTABLISHED_CONSUMER","mode|Room exercises|app/src/main/java/com/training/trackplanner/AnalysisDetailScreens.kt#BadmintonTrainingLoadCharts","1","No v2.2-reviewed exact consumer decision"
"UNESTABLISHED_CONSUMER","mode|Room exercises|app/src/main/java/com/training/trackplanner/AnalysisDetailScreens.kt#com","1","No v2.2-reviewed exact consumer decision"
"UNESTABLISHED_CONSUMER","mode|Room exercises|app/src/main/java/com/training/trackplanner/AnalysisDetailScreens.kt#weeklyBadmintonPoints","1","No v2.2-reviewed exact consumer decision"
"UNESTABLISHED_CONSUMER","mode|Room exercises|app/src/main/java/com/training/trackplanner/AnalysisPersistentStrengthPerformanceUi.kt#PersistentStrengthPerformanceCards","1","No v2.2-reviewed exact consumer decision"
"UNESTABLISHED_CONSUMER","mode|Room exercises|app/src/main/java/com/training/trackplanner/AnalysisPersistentStrengthPerformanceUi.kt#StrengthPerformanceModeSelector","1","No v2.2-reviewed exact consumer decision"
"UNESTABLISHED_CONSUMER","mode|Room exercises|app/src/main/java/com/training/trackplanner/CommonUi.kt#Exercise","1","No v2.2-reviewed exact consumer decision"
"UNESTABLISHED_CONSUMER","mode|Room exercises|app/src/main/java/com/training/trackplanner/CommonUi.kt#ExerciseListItem","1","No v2.2-reviewed exact consumer decision"
"UNESTABLISHED_CONSUMER","mode|Room exercises|app/src/main/java/com/training/trackplanner/data/BackupRestoreCanonicalizer.kt#minimalStub","1","No v2.2-reviewed exact consumer decision"
"UNESTABLISHED_CONSUMER","mode|Room exercises|app/src/main/java/com/training/trackplanner/data/BackupRestoreImportService.kt#applyMetadataOverrides","1","No v2.2-reviewed exact consumer decision"
"UNESTABLISHED_CONSUMER","mode|Room exercises|app/src/main/java/com/training/trackplanner/data/BackupRestoreImportService.kt#Exercise","1","No v2.2-reviewed exact consumer decision"
"UNESTABLISHED_CONSUMER","mode|Room exercises|app/src/main/java/com/training/trackplanner/data/BackupRestoreImportService.kt#RestoreExerciseRow","1","No v2.2-reviewed exact consumer decision"
"UNESTABLISHED_CONSUMER","mode|Room exercises|app/src/main/java/com/training/trackplanner/data/CanonicalExerciseMetadataRepository.kt#exerciseFrom","1","No v2.2-reviewed exact consumer decision"
"UNESTABLISHED_CONSUMER","mode|Room exercises|app/src/main/java/com/training/trackplanner/data/Entities.kt#Exercise","1","No v2.2-reviewed exact consumer decision"
"UNESTABLISHED_CONSUMER","mode|Room exercises|app/src/main/java/com/training/trackplanner/data/ExerciseMetadataBackupContract.kt#ExerciseMetadataFieldPolicyRegistry","1","No v2.2-reviewed exact consumer decision"
"UNESTABLISHED_CONSUMER","mode|Room exercises|app/src/main/java/com/training/trackplanner/data/ExerciseMetadataBackupContract.kt#normalize","1","No v2.2-reviewed exact consumer decision"
"UNESTABLISHED_CONSUMER","mode|Room exercises|app/src/main/java/com/training/trackplanner/data/ExerciseStableKeyMigration.kt#createExerciseTable","1","No v2.2-reviewed exact consumer decision"
"UNESTABLISHED_CONSUMER","mode|Room exercises|app/src/main/java/com/training/trackplanner/data/ExerciseStableKeyMigration.kt#insertUnresolvedExercise","1","No v2.2-reviewed exact consumer decision"
"UNESTABLISHED_CONSUMER","mode|Room exercises|app/src/main/java/com/training/trackplanner/data/ExerciseStableKeyMigration.kt#migrate","1","No v2.2-reviewed exact consumer decision"
"UNESTABLISHED_CONSUMER","mode|Room exercises|app/src/main/java/com/training/trackplanner/data/ProgramPlanService.kt#addExerciseToProgram","1","No v2.2-reviewed exact consumer decision"
"UNESTABLISHED_CONSUMER","mode|Room exercises|app/src/main/java/com/training/trackplanner/data/ProgramPlanService.kt#applyProgramToDates","1","No v2.2-reviewed exact consumer decision"
"UNESTABLISHED_CONSUMER","mode|Room exercises|app/src/main/java/com/training/trackplanner/data/RecordCsvBackupRestore.kt#appendStrengthRow","1","No v2.2-reviewed exact consumer decision"
"UNESTABLISHED_CONSUMER","mode|Room exercises|app/src/main/java/com/training/trackplanner/data/RecordCsvBackupRestore.kt#legacyExerciseSnapshotRows","1","No v2.2-reviewed exact consumer decision"
"UNESTABLISHED_CONSUMER","mode|Room exercises|app/src/main/java/com/training/trackplanner/data/RecordCsvBackupRestore.kt#RecordCsvBackupRestore","1","No v2.2-reviewed exact consumer decision"
"UNESTABLISHED_CONSUMER","mode|Room exercises|app/src/main/java/com/training/trackplanner/data/RecordCsvBackupRestore.kt#RestoreExerciseRow","1","No v2.2-reviewed exact consumer decision"
"UNESTABLISHED_CONSUMER","mode|Room exercises|app/src/main/java/com/training/trackplanner/data/RecordCsvBackupRestore.kt#value","1","No v2.2-reviewed exact consumer decision"
"UNESTABLISHED_CONSUMER","mode|Room exercises|app/src/main/java/com/training/trackplanner/data/RecordMutationService.kt#defaultSet","1","No v2.2-reviewed exact consumer decision"
"UNESTABLISHED_CONSUMER","mode|Room exercises|app/src/main/java/com/training/trackplanner/data/SafeBackupRestore.kt#projectedWorkoutStableKeys","1","No v2.2-reviewed exact consumer decision"
"UNESTABLISHED_CONSUMER","mode|Room exercises|app/src/main/java/com/training/trackplanner/data/SeedData.kt#exerciseFromCsv","1","No v2.2-reviewed exact consumer decision"
"UNESTABLISHED_CONSUMER","mode|Room exercises|app/src/main/java/com/training/trackplanner/data/TrainingRepository.kt#applyProgramToDates","1","No v2.2-reviewed exact consumer decision"
"UNESTABLISHED_CONSUMER","mode|Room exercises|app/src/main/java/com/training/trackplanner/data/TrainingRepository.kt#legacyUpsertRestoredExercise","1","No v2.2-reviewed exact consumer decision"
"UNESTABLISHED_CONSUMER","mode|Room exercises|app/src/main/java/com/training/trackplanner/data/TrainingRoleSplitMigration.kt#createExercisesWithoutLegacyRole","1","No v2.2-reviewed exact consumer decision"
"UNESTABLISHED_CONSUMER","mode|Room exercises|app/src/main/java/com/training/trackplanner/data/TrainingRoleSplitMigration.kt#migrateIntrinsicTrainingRoles","1","No v2.2-reviewed exact consumer decision"
"UNESTABLISHED_CONSUMER","mode|Room exercises|app/src/main/java/com/training/trackplanner/PlanGeneratedPreview.kt#draftItemForExercise","1","No v2.2-reviewed exact consumer decision"
"UNESTABLISHED_CONSUMER","mode|Room exercises|app/src/main/java/com/training/trackplanner/PlanScreen.kt#apply","1","No v2.2-reviewed exact consumer decision"
"UNESTABLISHED_CONSUMER","mode|Room exercises|app/src/main/java/com/training/trackplanner/RecordBulkEditDialog.kt#applyBulkOperation","1","No v2.2-reviewed exact consumer decision"
"UNESTABLISHED_CONSUMER","mode|Room exercises|app/src/main/java/com/training/trackplanner/RecordBulkEditDialog.kt#applyBulkOperationToTargets","1","No v2.2-reviewed exact consumer decision"
"UNESTABLISHED_CONSUMER","mode|Room exercises|app/src/main/java/com/training/trackplanner/RecordBulkEditDialog.kt#bulkDeltaLabel","1","No v2.2-reviewed exact consumer decision"
"UNESTABLISHED_CONSUMER","mode|Room exercises|app/src/main/java/com/training/trackplanner/RecordBulkEditDialog.kt#BulkOperation","1","No v2.2-reviewed exact consumer decision"
"UNESTABLISHED_CONSUMER","mode|Room exercises|app/src/main/java/com/training/trackplanner/RecordBulkEditDialog.kt#BulkOperationEditor","1","No v2.2-reviewed exact consumer decision"
"UNESTABLISHED_CONSUMER","mode|Room exercises|app/src/main/java/com/training/trackplanner/RecordBulkEditDialog.kt#defaultBulkValue","1","No v2.2-reviewed exact consumer decision"
"UNESTABLISHED_CONSUMER","mode|Room exercises|app/src/main/java/com/training/trackplanner/TrainingViewModel.kt#applyProgram","1","No v2.2-reviewed exact consumer decision"
"UNESTABLISHED_CONSUMER","mode|Room exercises|app/src/main/java/com/training/trackplanner/TrainingViewModel.kt#chooseExerciseRestoreMode","1","No v2.2-reviewed exact consumer decision"
"UNESTABLISHED_CONSUMER","mode|Room exercises|app/src/main/java/com/training/trackplanner/TrainingViewModel.kt#chooseWorkoutRestoreMode","1","No v2.2-reviewed exact consumer decision"
"UNESTABLISHED_CONSUMER","movementCategory|Room exercises|app/src/main/java/com/training/trackplanner/analysis/core/AnalysisInputCollector.kt#Exercise","1","No v2.2-reviewed exact consumer decision"
"UNESTABLISHED_CONSUMER","movementCategory|Room exercises|app/src/main/java/com/training/trackplanner/analysis/core/AnalysisInputSnapshot.kt#AnalysisExerciseMetadata","1","No v2.2-reviewed exact consumer decision"
"UNESTABLISHED_CONSUMER","movementCategory|Room exercises|app/src/main/java/com/training/trackplanner/analysis/fatigue/DailyFatigueCalculator.kt#level","1","No v2.2-reviewed exact consumer decision"
"UNESTABLISHED_CONSUMER","movementCategory|Room exercises|app/src/main/java/com/training/trackplanner/analysis/features/BodyweightEffectiveLoadCalculator.kt#effectiveVolumeLoadOrNull","1","No v2.2-reviewed exact consumer decision"
"UNESTABLISHED_CONSUMER","movementCategory|Room exercises|app/src/main/java/com/training/trackplanner/analysis/features/BodyweightEffectiveLoadCalculator.kt#profileFor","1","No v2.2-reviewed exact consumer decision"
"UNESTABLISHED_CONSUMER","movementCategory|Room exercises|app/src/main/java/com/training/trackplanner/analysis/features/BodyweightEffectiveLoadCalculator.kt#volumeLoad","1","No v2.2-reviewed exact consumer decision"
"UNESTABLISHED_CONSUMER","movementCategory|Room exercises|app/src/main/java/com/training/trackplanner/analysis/features/DurationHoldLoadCalculator.kt#holdLoad","1","No v2.2-reviewed exact consumer decision"
"UNESTABLISHED_CONSUMER","movementCategory|Room exercises|app/src/main/java/com/training/trackplanner/analysis/features/DurationHoldLoadCalculator.kt#holdLoadOrNull","1","No v2.2-reviewed exact consumer decision"
"UNESTABLISHED_CONSUMER","movementCategory|Room exercises|app/src/main/java/com/training/trackplanner/analysis/features/DurationHoldLoadCalculator.kt#policyFor","1","No v2.2-reviewed exact consumer decision"
"UNESTABLISHED_CONSUMER","movementCategory|Room exercises|app/src/main/java/com/training/trackplanner/analysis/features/ExerciseAnalysisMapper.kt#AnalysisExerciseFeatures","1","No v2.2-reviewed exact consumer decision"
"UNESTABLISHED_CONSUMER","movementCategory|Room exercises|app/src/main/java/com/training/trackplanner/analysis/features/ExerciseAnalysisMapper.kt#Exercise","1","No v2.2-reviewed exact consumer decision"
"UNESTABLISHED_CONSUMER","movementCategory|Room exercises|app/src/main/java/com/training/trackplanner/analysis/features/ExerciseAnalysisMapper.kt#fromRecord","1","No v2.2-reviewed exact consumer decision"
"UNESTABLISHED_CONSUMER","movementCategory|Room exercises|app/src/main/java/com/training/trackplanner/analysis/features/MetadataReadinessReporter.kt#Exercise","1","No v2.2-reviewed exact consumer decision"
"UNESTABLISHED_CONSUMER","movementCategory|Room exercises|app/src/main/java/com/training/trackplanner/analysis/lab/StrengthAndMuscleMetricSeriesBuilder.kt#durationHoldContributions","1","No v2.2-reviewed exact consumer decision"
"UNESTABLISHED_CONSUMER","movementCategory|Room exercises|app/src/main/java/com/training/trackplanner/analysis/metrics/CommonPlanProjectionMetrics.kt#com","1","No v2.2-reviewed exact consumer decision"
"UNESTABLISHED_CONSUMER","movementCategory|Room exercises|app/src/main/java/com/training/trackplanner/analysis/metrics/CommonStrengthMetrics.kt#AnalysisEntry","1","No v2.2-reviewed exact consumer decision"
"UNESTABLISHED_CONSUMER","movementCategory|Room exercises|app/src/main/java/com/training/trackplanner/analysis/metrics/CommonTaxonomyMetrics.kt#calculate","1","No v2.2-reviewed exact consumer decision"
"UNESTABLISHED_CONSUMER","movementCategory|Room exercises|app/src/main/java/com/training/trackplanner/analysis/proxyperformance/ProxyPerformanceLoadingBuilder.kt#build","1","No v2.2-reviewed exact consumer decision"
"UNESTABLISHED_CONSUMER","movementCategory|Room exercises|app/src/main/java/com/training/trackplanner/analysis/readiness/DailyAnalysisLoadAggregator.kt#Map","1","No v2.2-reviewed exact consumer decision"
"UNESTABLISHED_CONSUMER","movementCategory|Room exercises|app/src/main/java/com/training/trackplanner/analysis/strengthperformance/StrengthPerformanceRegistry.kt#metadataProxyLoadings","1","No v2.2-reviewed exact consumer decision"
"UNESTABLISHED_CONSUMER","movementCategory|Room exercises|app/src/main/java/com/training/trackplanner/analysis/trends/PerformanceTrendConstants.kt#exerciseStrengthWeight","1","No v2.2-reviewed exact consumer decision"
"UNESTABLISHED_CONSUMER","movementCategory|Room exercises|app/src/main/java/com/training/trackplanner/analysis/trends/PerformanceTrendConstants.kt#isLowProgressPurpose","1","No v2.2-reviewed exact consumer decision"
"UNESTABLISHED_CONSUMER","movementCategory|Room exercises|app/src/main/java/com/training/trackplanner/analysis/trends/PerformanceTrendConstants.kt#isNonStrengthPurpose","1","No v2.2-reviewed exact consumer decision"
"UNESTABLISHED_CONSUMER","movementCategory|Room exercises|app/src/main/java/com/training/trackplanner/analysis/trends/PerformanceTrendConstants.kt#volumeEligibilityWeight","1","No v2.2-reviewed exact consumer decision"
"UNESTABLISHED_CONSUMER","movementCategory|Room exercises|app/src/main/java/com/training/trackplanner/analysis/trends/StrengthPerformanceIndexCalculator.kt#AnalysisExerciseFeatures","1","No v2.2-reviewed exact consumer decision"
"UNESTABLISHED_CONSUMER","movementCategory|Room exercises|app/src/main/java/com/training/trackplanner/analysis/trends/StrengthPerformanceIndexCalculator.kt#calculate","1","No v2.2-reviewed exact consumer decision"
"UNESTABLISHED_CONSUMER","movementCategory|Room exercises|app/src/main/java/com/training/trackplanner/analysis/trends/StrengthPerformanceIndexCalculator.kt#List","1","No v2.2-reviewed exact consumer decision"
"UNESTABLISHED_CONSUMER","movementCategory|Room exercises|app/src/main/java/com/training/trackplanner/CommonUi.kt#Exercise","1","No v2.2-reviewed exact consumer decision"
"UNESTABLISHED_CONSUMER","movementCategory|Room exercises|app/src/main/java/com/training/trackplanner/data/BackupRestoreCanonicalizer.kt#minimalStub","1","No v2.2-reviewed exact consumer decision"
"UNESTABLISHED_CONSUMER","movementCategory|Room exercises|app/src/main/java/com/training/trackplanner/data/BackupRestoreImportService.kt#Exercise","1","No v2.2-reviewed exact consumer decision"
"UNESTABLISHED_CONSUMER","movementCategory|Room exercises|app/src/main/java/com/training/trackplanner/data/BackupRestoreImportService.kt#RestoreExerciseRow","1","No v2.2-reviewed exact consumer decision"
"UNESTABLISHED_CONSUMER","movementCategory|Room exercises|app/src/main/java/com/training/trackplanner/data/CanonicalExerciseMetadataRepository.kt#exerciseFrom","1","No v2.2-reviewed exact consumer decision"
"UNESTABLISHED_CONSUMER","movementCategory|Room exercises|app/src/main/java/com/training/trackplanner/data/Entities.kt#Exercise","1","No v2.2-reviewed exact consumer decision"
"UNESTABLISHED_CONSUMER","movementCategory|Room exercises|app/src/main/java/com/training/trackplanner/data/ExerciseMetadataBackupContract.kt#ExerciseMetadataFieldPolicyRegistry","1","No v2.2-reviewed exact consumer decision"
"UNESTABLISHED_CONSUMER","movementCategory|Room exercises|app/src/main/java/com/training/trackplanner/data/ExerciseMetadataBackupContract.kt#normalize","1","No v2.2-reviewed exact consumer decision"
"UNESTABLISHED_CONSUMER","movementCategory|Room exercises|app/src/main/java/com/training/trackplanner/data/ExerciseMetadataMapper.kt#applyLegacyMetadata","1","No v2.2-reviewed exact consumer decision"
"UNESTABLISHED_CONSUMER","movementCategory|Room exercises|app/src/main/java/com/training/trackplanner/data/ExerciseMetadataMapper.kt#applyMetadata","1","No v2.2-reviewed exact consumer decision"
"UNESTABLISHED_CONSUMER","movementCategory|Room exercises|app/src/main/java/com/training/trackplanner/data/ExerciseMetadataMapper.kt#FatigueWeights","1","No v2.2-reviewed exact consumer decision"
"UNESTABLISHED_CONSUMER","movementCategory|Room exercises|app/src/main/java/com/training/trackplanner/data/ExerciseMetadataMapper.kt#from","1","No v2.2-reviewed exact consumer decision"
"UNESTABLISHED_CONSUMER","movementCategory|Room exercises|app/src/main/java/com/training/trackplanner/data/ExerciseMetadataMapper.kt#MetadataSource","1","No v2.2-reviewed exact consumer decision"
"UNESTABLISHED_CONSUMER","movementCategory|Room exercises|app/src/main/java/com/training/trackplanner/data/ExerciseMetadataMapper.kt#SeedMetadataSource","1","No v2.2-reviewed exact consumer decision"
"UNESTABLISHED_CONSUMER","movementCategory|Room exercises|app/src/main/java/com/training/trackplanner/data/ExerciseMetadataTaxonomy.kt#MovementCategory","1","No v2.2-reviewed exact consumer decision"
"UNESTABLISHED_CONSUMER","movementCategory|Room exercises|app/src/main/java/com/training/trackplanner/data/ExercisePlanning.kt#Exercise","1","No v2.2-reviewed exact consumer decision"
"UNESTABLISHED_CONSUMER","movementCategory|Room exercises|app/src/main/java/com/training/trackplanner/data/ExerciseStableKeyMigration.kt#createExerciseTable","1","No v2.2-reviewed exact consumer decision"
"UNESTABLISHED_CONSUMER","movementCategory|Room exercises|app/src/main/java/com/training/trackplanner/data/ExerciseStableKeyMigration.kt#insertUnresolvedExercise","1","No v2.2-reviewed exact consumer decision"
"UNESTABLISHED_CONSUMER","movementCategory|Room exercises|app/src/main/java/com/training/trackplanner/data/ExerciseStableKeyMigration.kt#migrate","1","No v2.2-reviewed exact consumer decision"
"UNESTABLISHED_CONSUMER","movementCategory|Room exercises|app/src/main/java/com/training/trackplanner/data/MetadataSanityChecker.kt#check","1","No v2.2-reviewed exact consumer decision"
"UNESTABLISHED_CONSUMER","movementCategory|Room exercises|app/src/main/java/com/training/trackplanner/data/MetadataSanityChecker.kt#Exercise","1","No v2.2-reviewed exact consumer decision"
"UNESTABLISHED_CONSUMER","movementCategory|Room exercises|app/src/main/java/com/training/trackplanner/data/ProgramCandidate.kt#ProgramCandidate","1","No v2.2-reviewed exact consumer decision"
"UNESTABLISHED_CONSUMER","movementCategory|Room exercises|app/src/main/java/com/training/trackplanner/data/ProgramCandidateClassificationPolicy.kt#ProgramCandidate","1","No v2.2-reviewed exact consumer decision"
"UNESTABLISHED_CONSUMER","movementCategory|Room exercises|app/src/main/java/com/training/trackplanner/data/RecordCsvBackupRestore.kt#appendStrengthRow","1","No v2.2-reviewed exact consumer decision"
"UNESTABLISHED_CONSUMER","movementCategory|Room exercises|app/src/main/java/com/training/trackplanner/data/RecordCsvBackupRestore.kt#legacyExerciseSnapshotRows","1","No v2.2-reviewed exact consumer decision"
"UNESTABLISHED_CONSUMER","movementCategory|Room exercises|app/src/main/java/com/training/trackplanner/data/RecordCsvBackupRestore.kt#RestoreExerciseRow","1","No v2.2-reviewed exact consumer decision"
"UNESTABLISHED_CONSUMER","movementCategory|Room exercises|app/src/main/java/com/training/trackplanner/data/RecordCsvBackupRestore.kt#value","1","No v2.2-reviewed exact consumer decision"
"UNESTABLISHED_CONSUMER","movementCategory|Room exercises|app/src/main/java/com/training/trackplanner/data/RuntimeExerciseMetadataResolver.kt#Exercise","1","No v2.2-reviewed exact consumer decision"
"UNESTABLISHED_CONSUMER","movementCategory|Room exercises|app/src/main/java/com/training/trackplanner/data/RuntimeExerciseMetadataResolver.kt#forExercise","1","No v2.2-reviewed exact consumer decision"
"UNESTABLISHED_CONSUMER","movementCategory|Room exercises|app/src/main/java/com/training/trackplanner/data/SafeBackupRestore.kt#Exercise","1","No v2.2-reviewed exact consumer decision"
"UNESTABLISHED_CONSUMER","movementCategory|Room exercises|app/src/main/java/com/training/trackplanner/data/SafeBackupRestore.kt#RestoreExerciseRow","1","No v2.2-reviewed exact consumer decision"
"UNESTABLISHED_CONSUMER","movementCategory|Room exercises|app/src/main/java/com/training/trackplanner/data/SeedData.kt#analysisMovementCategoryFor","1","No v2.2-reviewed exact consumer decision"
"UNESTABLISHED_CONSUMER","movementCategory|Room exercises|app/src/main/java/com/training/trackplanner/data/SeedData.kt#exactExerciseMetadataFromParsedRows","1","No v2.2-reviewed exact consumer decision"
"UNESTABLISHED_CONSUMER","movementCategory|Room exercises|app/src/main/java/com/training/trackplanner/data/SeedData.kt#exerciseFromCsv","1","No v2.2-reviewed exact consumer decision"
"UNESTABLISHED_CONSUMER","movementCategory|Room exercises|app/src/main/java/com/training/trackplanner/data/SeedData.kt#loadProfileFor","1","No v2.2-reviewed exact consumer decision"
"UNESTABLISHED_CONSUMER","movementCategory|Room exercises|app/src/main/java/com/training/trackplanner/data/SeedData.kt#validateCatalog","1","No v2.2-reviewed exact consumer decision"
"UNESTABLISHED_CONSUMER","movementCategory|Room exercises|app/src/main/java/com/training/trackplanner/data/SlotCapabilityResolver.kt#legacyTokens","1","No v2.2-reviewed exact consumer decision"
"UNESTABLISHED_CONSUMER","movementCategory|Room exercises|app/src/main/java/com/training/trackplanner/data/TrainingRepository.kt#findOrCreateImportedExercise","1","No v2.2-reviewed exact consumer decision"
"UNESTABLISHED_CONSUMER","movementCategory|Room exercises|app/src/main/java/com/training/trackplanner/data/TrainingRepository.kt#legacyUpsertRestoredExercise","1","No v2.2-reviewed exact consumer decision"
"UNESTABLISHED_CONSUMER","movementCategory|Room exercises|app/src/main/java/com/training/trackplanner/data/TrainingRepository.kt#String","1","No v2.2-reviewed exact consumer decision"
"UNESTABLISHED_CONSUMER","movementCategory|Room exercises|app/src/main/java/com/training/trackplanner/data/TrainingRoleSplitMigration.kt#createExercisesWithoutLegacyRole","1","No v2.2-reviewed exact consumer decision"
"UNESTABLISHED_CONSUMER","movementCategory|Room exercises|app/src/main/java/com/training/trackplanner/data/TrainingRoleSplitMigration.kt#migrateIntrinsicTrainingRoles","1","No v2.2-reviewed exact consumer decision"
"UNESTABLISHED_CONSUMER","movementCategory|Room exercises|app/src/main/java/com/training/trackplanner/ExerciseSubcategoryMapper.kt#addStructured","1","No v2.2-reviewed exact consumer decision"
"UNESTABLISHED_CONSUMER","movementCategory|Room exercises|app/src/main/java/com/training/trackplanner/RuntimeMetadataExerciseEditorDialog.kt#<file>","1","No v2.2-reviewed exact consumer decision"
"UNESTABLISHED_CONSUMER","movementCategory|Room exercises|app/src/main/java/com/training/trackplanner/RuntimeMetadataExerciseEditorDialog.kt#joinExerciseTokens","1","No v2.2-reviewed exact consumer decision"
"UNESTABLISHED_CONSUMER","movementFamily|canonical asset plus Room runtime_exercise_metadata override|app/src/main/java/com/training/trackplanner/analysis/contracts/UserExerciseAnalysisContractProjector.kt#project","1","No v2.2-reviewed exact consumer decision"
"UNESTABLISHED_CONSUMER","movementFamily|canonical asset plus Room runtime_exercise_metadata override|app/src/main/java/com/training/trackplanner/analysis/core/AnalysisInputCollector.kt#Exercise","1","No v2.2-reviewed exact consumer decision"
"UNESTABLISHED_CONSUMER","movementFamily|canonical asset plus Room runtime_exercise_metadata override|app/src/main/java/com/training/trackplanner/analysis/core/AnalysisInputSnapshot.kt#AnalysisExerciseMetadata","1","No v2.2-reviewed exact consumer decision"
"UNESTABLISHED_CONSUMER","movementFamily|canonical asset plus Room runtime_exercise_metadata override|app/src/main/java/com/training/trackplanner/analysis/fatigue/DailyFatigueCalculator.kt#calculateAxes","1","No v2.2-reviewed exact consumer decision"
"UNESTABLISHED_CONSUMER","movementFamily|canonical asset plus Room runtime_exercise_metadata override|app/src/main/java/com/training/trackplanner/analysis/fatigue/DailyFatigueCalculator.kt#from","1","No v2.2-reviewed exact consumer decision"
"UNESTABLISHED_CONSUMER","movementFamily|canonical asset plus Room runtime_exercise_metadata override|app/src/main/java/com/training/trackplanner/analysis/fatigue/DailyFatigueCalculator.kt#GroupKey","1","No v2.2-reviewed exact consumer decision"
"UNESTABLISHED_CONSUMER","movementFamily|canonical asset plus Room runtime_exercise_metadata override|app/src/main/java/com/training/trackplanner/analysis/fatigue/DailyFatigueCalculator.kt#level","1","No v2.2-reviewed exact consumer decision"
"UNESTABLISHED_CONSUMER","movementFamily|canonical asset plus Room runtime_exercise_metadata override|app/src/main/java/com/training/trackplanner/analysis/fatigue/DailyFatigueCalculator.kt#RecordContext","1","No v2.2-reviewed exact consumer decision"
"UNESTABLISHED_CONSUMER","movementFamily|canonical asset plus Room runtime_exercise_metadata override|app/src/main/java/com/training/trackplanner/analysis/fatigue/DailyFatigueCalculator.kt#ResolvedFatigueMetadata","1","No v2.2-reviewed exact consumer decision"
"UNESTABLISHED_CONSUMER","movementFamily|canonical asset plus Room runtime_exercise_metadata override|app/src/main/java/com/training/trackplanner/analysis/fatigue/DailyFatigueModels.kt#RecordFatigueContribution","1","No v2.2-reviewed exact consumer decision"
"UNESTABLISHED_CONSUMER","movementFamily|canonical asset plus Room runtime_exercise_metadata override|app/src/main/java/com/training/trackplanner/analysis/fatigue/FatigueAnalysisModels.kt#ContributionGrouping","1","No v2.2-reviewed exact consumer decision"
"UNESTABLISHED_CONSUMER","movementFamily|canonical asset plus Room runtime_exercise_metadata override|app/src/main/java/com/training/trackplanner/analysis/features/ExerciseAnalysisMapper.kt#AnalysisExerciseFeatures","1","No v2.2-reviewed exact consumer decision"
"UNESTABLISHED_CONSUMER","movementFamily|canonical asset plus Room runtime_exercise_metadata override|app/src/main/java/com/training/trackplanner/analysis/features/ExerciseAnalysisMapper.kt#fromRecord","1","No v2.2-reviewed exact consumer decision"
"UNESTABLISHED_CONSUMER","movementFamily|canonical asset plus Room runtime_exercise_metadata override|app/src/main/java/com/training/trackplanner/analysis/lab/MuscleLoadInputBuilder.kt#fallbackContributions","1","No v2.2-reviewed exact consumer decision"
"UNESTABLISHED_CONSUMER","movementFamily|canonical asset plus Room runtime_exercise_metadata override|app/src/main/java/com/training/trackplanner/analysis/proxyperformance/ProxyPerformanceLoadingBuilder.kt#build","1","No v2.2-reviewed exact consumer decision"
"UNESTABLISHED_CONSUMER","movementFamily|canonical asset plus Room runtime_exercise_metadata override|app/src/main/java/com/training/trackplanner/analysis/tissue/TissueAxisSimilarityPolicy.kt#components","1","No v2.2-reviewed exact consumer decision"
"UNESTABLISHED_CONSUMER","movementFamily|canonical asset plus Room runtime_exercise_metadata override|app/src/main/java/com/training/trackplanner/analysis/tissue/TissueExposureCalculator.kt#calculate","1","No v2.2-reviewed exact consumer decision"
"UNESTABLISHED_CONSUMER","movementFamily|canonical asset plus Room runtime_exercise_metadata override|app/src/main/java/com/training/trackplanner/analysis/tissue/TissueExposureModels.kt#TissueWorkoutRecord","1","No v2.2-reviewed exact consumer decision"
"UNESTABLISHED_CONSUMER","movementFamily|canonical asset plus Room runtime_exercise_metadata override|app/src/main/java/com/training/trackplanner/analysis/tissue/TissueModifierResolver.kt#resolve","1","No v2.2-reviewed exact consumer decision"
"UNESTABLISHED_CONSUMER","movementFamily|canonical asset plus Room runtime_exercise_metadata override|app/src/main/java/com/training/trackplanner/analysis/tissue/TissueMtcExerciseBridge.kt#resolve","1","No v2.2-reviewed exact consumer decision"
"UNESTABLISHED_CONSUMER","movementFamily|canonical asset plus Room runtime_exercise_metadata override|app/src/main/java/com/training/trackplanner/analysis/tissue/TissueMtcExerciseBridge.kt#TissueMtcResolutionCandidate","1","No v2.2-reviewed exact consumer decision"
"UNESTABLISHED_CONSUMER","movementFamily|canonical asset plus Room runtime_exercise_metadata override|app/src/main/java/com/training/trackplanner/analysis/tissue/TissueMtcExerciseBridge.kt#TissueMtcResolutionRequest","1","No v2.2-reviewed exact consumer decision"
"UNESTABLISHED_CONSUMER","movementFamily|canonical asset plus Room runtime_exercise_metadata override|app/src/main/java/com/training/trackplanner/data/ExerciseMetadataAdapter.kt#fromFields","1","No v2.2-reviewed exact consumer decision"
"UNESTABLISHED_CONSUMER","movementFamily|canonical asset plus Room runtime_exercise_metadata override|app/src/main/java/com/training/trackplanner/data/ExerciseMetadataAdapter.kt#RuntimeExerciseMetadata","1","No v2.2-reviewed exact consumer decision"
"UNESTABLISHED_CONSUMER","movementFamily|canonical asset plus Room runtime_exercise_metadata override|app/src/main/java/com/training/trackplanner/data/ExerciseMetadataBackupContract.kt#ExerciseMetadataFieldPolicyRegistry","1","No v2.2-reviewed exact consumer decision"
"UNESTABLISHED_CONSUMER","movementFamily|canonical asset plus Room runtime_exercise_metadata override|app/src/main/java/com/training/trackplanner/data/ExerciseMetadataBackupContract.kt#normalize","1","No v2.2-reviewed exact consumer decision"
"UNESTABLISHED_CONSUMER","movementFamily|canonical asset plus Room runtime_exercise_metadata override|app/src/main/java/com/training/trackplanner/data/FatigueSlotPolicy.kt#ProgramCandidate","1","No v2.2-reviewed exact consumer decision"
"UNESTABLISHED_CONSUMER","movementFamily|canonical asset plus Room runtime_exercise_metadata override|app/src/main/java/com/training/trackplanner/data/ProgramBuilder.kt#build","1","No v2.2-reviewed exact consumer decision"
"UNESTABLISHED_CONSUMER","movementFamily|canonical asset plus Room runtime_exercise_metadata override|app/src/main/java/com/training/trackplanner/data/ProgramBuilder.kt#GeneratedProgramSkeleton","1","No v2.2-reviewed exact consumer decision"
"UNESTABLISHED_CONSUMER","movementFamily|canonical asset plus Room runtime_exercise_metadata override|app/src/main/java/com/training/trackplanner/data/ProgramBuilder.kt#ProgramSkeletonItem","1","No v2.2-reviewed exact consumer decision"
"UNESTABLISHED_CONSUMER","movementFamily|canonical asset plus Room runtime_exercise_metadata override|app/src/main/java/com/training/trackplanner/data/ProgramBuilderValidation.kt#ProgramSkeletonItem","1","No v2.2-reviewed exact consumer decision"
"UNESTABLISHED_CONSUMER","movementFamily|canonical asset plus Room runtime_exercise_metadata override|app/src/main/java/com/training/trackplanner/data/ProgramBuilderValidation.kt#validateFourWeekDistribution","1","No v2.2-reviewed exact consumer decision"
"UNESTABLISHED_CONSUMER","movementFamily|canonical asset plus Room runtime_exercise_metadata override|app/src/main/java/com/training/trackplanner/data/ProgramBuilderValidation.kt#validateRepetition","1","No v2.2-reviewed exact consumer decision"
"UNESTABLISHED_CONSUMER","movementFamily|canonical asset plus Room runtime_exercise_metadata override|app/src/main/java/com/training/trackplanner/data/ProgramCandidate.kt#ProgramCandidate","1","No v2.2-reviewed exact consumer decision"
"UNESTABLISHED_CONSUMER","movementFamily|canonical asset plus Room runtime_exercise_metadata override|app/src/main/java/com/training/trackplanner/data/ProgramCandidateClassificationPolicy.kt#classify","1","No v2.2-reviewed exact consumer decision"
"UNESTABLISHED_CONSUMER","movementFamily|canonical asset plus Room runtime_exercise_metadata override|app/src/main/java/com/training/trackplanner/data/ProgramCandidateClassificationPolicy.kt#ProgramCandidate","1","No v2.2-reviewed exact consumer decision"
"UNESTABLISHED_CONSUMER","movementFamily|canonical asset plus Room runtime_exercise_metadata override|app/src/main/java/com/training/trackplanner/data/ProgramCandidateClassificationPolicy.kt#ProgramCandidateClassification","1","No v2.2-reviewed exact consumer decision"
"UNESTABLISHED_CONSUMER","movementFamily|canonical asset plus Room runtime_exercise_metadata override|app/src/main/java/com/training/trackplanner/data/ProgramCorePatternPolicy.kt#corePattern","1","No v2.2-reviewed exact consumer decision"
"UNESTABLISHED_CONSUMER","movementFamily|canonical asset plus Room runtime_exercise_metadata override|app/src/main/java/com/training/trackplanner/data/ProgramEvaluationPolicy.kt#movementFamilyOveruse","1","No v2.2-reviewed exact consumer decision"
"UNESTABLISHED_CONSUMER","movementFamily|canonical asset plus Room runtime_exercise_metadata override|app/src/main/java/com/training/trackplanner/data/ProgramIssueDrivenRerankPolicy.kt#ProgramSkeletonItem","1","No v2.2-reviewed exact consumer decision"
"UNESTABLISHED_CONSUMER","movementFamily|canonical asset plus Room runtime_exercise_metadata override|app/src/main/java/com/training/trackplanner/data/ProgramSelectionHistory.kt#penalty","1","No v2.2-reviewed exact consumer decision"
"UNESTABLISHED_CONSUMER","movementFamily|canonical asset plus Room runtime_exercise_metadata override|app/src/main/java/com/training/trackplanner/data/ProgramSelectionHistory.kt#record","1","No v2.2-reviewed exact consumer decision"
"UNESTABLISHED_CONSUMER","movementFamily|canonical asset plus Room runtime_exercise_metadata override|app/src/main/java/com/training/trackplanner/data/ProgramSelectionReasonFormatter.kt#format","1","No v2.2-reviewed exact consumer decision"
"UNESTABLISHED_CONSUMER","movementFamily|canonical asset plus Room runtime_exercise_metadata override|app/src/main/java/com/training/trackplanner/data/ProgramSkeletonGenerator.kt#ProgramSkeletonItem","1","No v2.2-reviewed exact consumer decision"
"UNESTABLISHED_CONSUMER","movementFamily|canonical asset plus Room runtime_exercise_metadata override|app/src/main/java/com/training/trackplanner/data/ProgramSlotAllocator.kt#item","1","No v2.2-reviewed exact consumer decision"
"UNESTABLISHED_CONSUMER","movementFamily|canonical asset plus Room runtime_exercise_metadata override|app/src/main/java/com/training/trackplanner/data/ProgramSlotCandidateQuery.kt#ProgramCandidate","1","No v2.2-reviewed exact consumer decision"
"UNESTABLISHED_CONSUMER","movementFamily|canonical asset plus Room runtime_exercise_metadata override|app/src/main/java/com/training/trackplanner/data/RecordCsvBackupRestore.kt#appendStrengthRow","1","No v2.2-reviewed exact consumer decision"
"UNESTABLISHED_CONSUMER","movementFamily|canonical asset plus Room runtime_exercise_metadata override|app/src/main/java/com/training/trackplanner/data/RecordCsvBackupRestore.kt#legacyRuntimeSnapshotRows","1","No v2.2-reviewed exact consumer decision"
"UNESTABLISHED_CONSUMER","movementFamily|canonical asset plus Room runtime_exercise_metadata override|app/src/main/java/com/training/trackplanner/data/RecordCsvBackupRestore.kt#value","1","No v2.2-reviewed exact consumer decision"
"UNESTABLISHED_CONSUMER","movementFamily|canonical asset plus Room runtime_exercise_metadata override|app/src/main/java/com/training/trackplanner/data/RuntimeExerciseMetadataPersistence.kt#RuntimeExerciseMetadata","1","No v2.2-reviewed exact consumer decision"
"UNESTABLISHED_CONSUMER","movementFamily|canonical asset plus Room runtime_exercise_metadata override|app/src/main/java/com/training/trackplanner/data/RuntimeExerciseMetadataPersistence.kt#RuntimeExerciseMetadataEntity","1","No v2.2-reviewed exact consumer decision"
"UNESTABLISHED_CONSUMER","movementFamily|canonical asset plus Room runtime_exercise_metadata override|app/src/main/java/com/training/trackplanner/data/RuntimeExerciseMetadataResolver.kt#forExercise","1","No v2.2-reviewed exact consumer decision"
"UNESTABLISHED_CONSUMER","movementFamily|canonical asset plus Room runtime_exercise_metadata override|app/src/main/java/com/training/trackplanner/data/RuntimeExerciseMetadataResolver.kt#forIdentity","1","No v2.2-reviewed exact consumer decision"
"UNESTABLISHED_CONSUMER","movementFamily|canonical asset plus Room runtime_exercise_metadata override|app/src/main/java/com/training/trackplanner/data/RuntimeExerciseMetadataResolver.kt#merged","1","No v2.2-reviewed exact consumer decision"
"UNESTABLISHED_CONSUMER","movementFamily|canonical asset plus Room runtime_exercise_metadata override|app/src/main/java/com/training/trackplanner/data/SlotCapabilityResolver.kt#metadataIdentityTokens","1","No v2.2-reviewed exact consumer decision"
"UNESTABLISHED_CONSUMER","movementFamily|canonical asset plus Room runtime_exercise_metadata override|app/src/main/java/com/training/trackplanner/data/TrainingDatabase.kt#migrate","1","No v2.2-reviewed exact consumer decision"
"UNESTABLISHED_CONSUMER","movementFamily|canonical asset plus Room runtime_exercise_metadata override|app/src/main/java/com/training/trackplanner/ExerciseSubcategoryMapper.kt#addStructured","1","No v2.2-reviewed exact consumer decision"
"UNESTABLISHED_CONSUMER","movementFamily|canonical asset plus Room runtime_exercise_metadata override|app/src/main/java/com/training/trackplanner/MetadataDisplayCatalogue.kt#MetadataDisplayField","1","No v2.2-reviewed exact consumer decision"
"UNESTABLISHED_CONSUMER","movementFamily|canonical asset plus Room runtime_exercise_metadata override|app/src/main/java/com/training/trackplanner/PlanGeneratedPreview.kt#draftItemForExercise","1","No v2.2-reviewed exact consumer decision"
"UNESTABLISHED_CONSUMER","movementFamily|canonical asset plus Room runtime_exercise_metadata override|app/src/main/java/com/training/trackplanner/RuntimeMetadataExerciseEditorDialog.kt#joinExerciseTokens","1","No v2.2-reviewed exact consumer decision"
"UNESTABLISHED_CONSUMER","movementFocusDemandLevel|canonical asset plus Room runtime_exercise_metadata override|app/src/main/java/com/training/trackplanner/analysis/core/AnalysisInputCollector.kt#Exercise","1","No v2.2-reviewed exact consumer decision"
"UNESTABLISHED_CONSUMER","movementFocusDemandLevel|canonical asset plus Room runtime_exercise_metadata override|app/src/main/java/com/training/trackplanner/analysis/core/AnalysisInputSnapshot.kt#AnalysisExerciseMetadata","1","No v2.2-reviewed exact consumer decision"
"UNESTABLISHED_CONSUMER","movementFocusDemandLevel|canonical asset plus Room runtime_exercise_metadata override|app/src/main/java/com/training/trackplanner/analysis/features/ExerciseAnalysisMapper.kt#AnalysisExerciseFeatures","1","No v2.2-reviewed exact consumer decision"
"UNESTABLISHED_CONSUMER","movementFocusDemandLevel|canonical asset plus Room runtime_exercise_metadata override|app/src/main/java/com/training/trackplanner/analysis/features/ExerciseAnalysisMapper.kt#fromRecord","1","No v2.2-reviewed exact consumer decision"
"UNESTABLISHED_CONSUMER","movementFocusDemandLevel|canonical asset plus Room runtime_exercise_metadata override|app/src/main/java/com/training/trackplanner/data/ExerciseMetadataAdapter.kt#fromFields","1","No v2.2-reviewed exact consumer decision"
"UNESTABLISHED_CONSUMER","movementFocusDemandLevel|canonical asset plus Room runtime_exercise_metadata override|app/src/main/java/com/training/trackplanner/data/ExerciseMetadataAdapter.kt#RuntimeExerciseMetadata","1","No v2.2-reviewed exact consumer decision"
"UNESTABLISHED_CONSUMER","movementFocusDemandLevel|canonical asset plus Room runtime_exercise_metadata override|app/src/main/java/com/training/trackplanner/data/ExerciseMetadataBackupContract.kt#ExerciseMetadataFieldPolicyRegistry","1","No v2.2-reviewed exact consumer decision"
"UNESTABLISHED_CONSUMER","movementFocusDemandLevel|canonical asset plus Room runtime_exercise_metadata override|app/src/main/java/com/training/trackplanner/data/ExerciseMetadataBackupContract.kt#normalize","1","No v2.2-reviewed exact consumer decision"
"UNESTABLISHED_CONSUMER","movementFocusDemandLevel|canonical asset plus Room runtime_exercise_metadata override|app/src/main/java/com/training/trackplanner/data/ProgramBuilder.kt#build","1","No v2.2-reviewed exact consumer decision"
"UNESTABLISHED_CONSUMER","movementFocusDemandLevel|canonical asset plus Room runtime_exercise_metadata override|app/src/main/java/com/training/trackplanner/data/ProgramBuilder.kt#GeneratedProgramSkeleton","1","No v2.2-reviewed exact consumer decision"
"UNESTABLISHED_CONSUMER","movementFocusDemandLevel|canonical asset plus Room runtime_exercise_metadata override|app/src/main/java/com/training/trackplanner/data/ProgramBuilder.kt#ProgramSkeletonItem","1","No v2.2-reviewed exact consumer decision"
"UNESTABLISHED_CONSUMER","movementFocusDemandLevel|canonical asset plus Room runtime_exercise_metadata override|app/src/main/java/com/training/trackplanner/data/ProgramBuilderValidation.kt#validateRollingFatigue","1","No v2.2-reviewed exact consumer decision"
"UNESTABLISHED_CONSUMER","movementFocusDemandLevel|canonical asset plus Room runtime_exercise_metadata override|app/src/main/java/com/training/trackplanner/data/ProgramIssueDrivenRerankPolicy.kt#ProgramSkeletonItem","1","No v2.2-reviewed exact consumer decision"
"UNESTABLISHED_CONSUMER","movementFocusDemandLevel|canonical asset plus Room runtime_exercise_metadata override|app/src/main/java/com/training/trackplanner/data/ProgramSkeletonGenerator.kt#ProgramSkeletonItem","1","No v2.2-reviewed exact consumer decision"
"UNESTABLISHED_CONSUMER","movementFocusDemandLevel|canonical asset plus Room runtime_exercise_metadata override|app/src/main/java/com/training/trackplanner/data/RecordCsvBackupRestore.kt#appendStrengthRow","1","No v2.2-reviewed exact consumer decision"
"UNESTABLISHED_CONSUMER","movementFocusDemandLevel|canonical asset plus Room runtime_exercise_metadata override|app/src/main/java/com/training/trackplanner/data/RecordCsvBackupRestore.kt#legacyRuntimeSnapshotRows","1","No v2.2-reviewed exact consumer decision"
"UNESTABLISHED_CONSUMER","movementFocusDemandLevel|canonical asset plus Room runtime_exercise_metadata override|app/src/main/java/com/training/trackplanner/data/RecordCsvBackupRestore.kt#value","1","No v2.2-reviewed exact consumer decision"
"UNESTABLISHED_CONSUMER","movementFocusDemandLevel|canonical asset plus Room runtime_exercise_metadata override|app/src/main/java/com/training/trackplanner/data/RuntimeExerciseMetadataPersistence.kt#RuntimeExerciseMetadata","1","No v2.2-reviewed exact consumer decision"
"UNESTABLISHED_CONSUMER","movementFocusDemandLevel|canonical asset plus Room runtime_exercise_metadata override|app/src/main/java/com/training/trackplanner/data/RuntimeExerciseMetadataPersistence.kt#RuntimeExerciseMetadataEntity","1","No v2.2-reviewed exact consumer decision"
"UNESTABLISHED_CONSUMER","movementFocusDemandLevel|canonical asset plus Room runtime_exercise_metadata override|app/src/main/java/com/training/trackplanner/data/RuntimeExerciseMetadataResolver.kt#forExercise","1","No v2.2-reviewed exact consumer decision"
"UNESTABLISHED_CONSUMER","movementFocusDemandLevel|canonical asset plus Room runtime_exercise_metadata override|app/src/main/java/com/training/trackplanner/data/RuntimeExerciseMetadataResolver.kt#forIdentity","1","No v2.2-reviewed exact consumer decision"
"UNESTABLISHED_CONSUMER","movementFocusDemandLevel|canonical asset plus Room runtime_exercise_metadata override|app/src/main/java/com/training/trackplanner/data/RuntimeExerciseMetadataResolver.kt#merged","1","No v2.2-reviewed exact consumer decision"
"UNESTABLISHED_CONSUMER","movementFocusDemandLevel|canonical asset plus Room runtime_exercise_metadata override|app/src/main/java/com/training/trackplanner/data/TrainingDatabase.kt#migrate","1","No v2.2-reviewed exact consumer decision"
"UNESTABLISHED_CONSUMER","movementFocusDemandLevel|canonical asset plus Room runtime_exercise_metadata override|app/src/main/java/com/training/trackplanner/MetadataDisplayCatalogue.kt#MetadataDisplayField","1","No v2.2-reviewed exact consumer decision"
"UNESTABLISHED_CONSUMER","movementFocusDemandLevel|canonical asset plus Room runtime_exercise_metadata override|app/src/main/java/com/training/trackplanner/PlanGeneratedPreview.kt#draftItemForExercise","1","No v2.2-reviewed exact consumer decision"
"UNESTABLISHED_CONSUMER","movementFocusDemandLevel|canonical asset plus Room runtime_exercise_metadata override|app/src/main/java/com/training/trackplanner/RuntimeMetadataExerciseEditorDialog.kt#joinExerciseTokens","1","No v2.2-reviewed exact consumer decision"
"UNESTABLISHED_CONSUMER","movementPattern|Room exercises|app/src/main/java/com/training/trackplanner/analysis/badminton/BadmintonTransferMetadataMapper.kt#legacyTransferAxesForAudit","1","No v2.2-reviewed exact consumer decision"
"UNESTABLISHED_CONSUMER","movementPattern|Room exercises|app/src/main/java/com/training/trackplanner/analysis/core/AnalysisInputCollector.kt#Exercise","1","No v2.2-reviewed exact consumer decision"
"UNESTABLISHED_CONSUMER","movementPattern|Room exercises|app/src/main/java/com/training/trackplanner/analysis/core/AnalysisInputSnapshot.kt#AnalysisExerciseMetadata","1","No v2.2-reviewed exact consumer decision"
"UNESTABLISHED_CONSUMER","movementPattern|Room exercises|app/src/main/java/com/training/trackplanner/analysis/fatigue/DailyFatigueCalculator.kt#level","1","No v2.2-reviewed exact consumer decision"
"UNESTABLISHED_CONSUMER","movementPattern|Room exercises|app/src/main/java/com/training/trackplanner/analysis/features/BodyweightEffectiveLoadCalculator.kt#effectiveVolumeLoadOrNull","1","No v2.2-reviewed exact consumer decision"
"UNESTABLISHED_CONSUMER","movementPattern|Room exercises|app/src/main/java/com/training/trackplanner/analysis/features/BodyweightEffectiveLoadCalculator.kt#profileFor","1","No v2.2-reviewed exact consumer decision"
"UNESTABLISHED_CONSUMER","movementPattern|Room exercises|app/src/main/java/com/training/trackplanner/analysis/features/BodyweightEffectiveLoadCalculator.kt#volumeLoad","1","No v2.2-reviewed exact consumer decision"
"UNESTABLISHED_CONSUMER","movementPattern|Room exercises|app/src/main/java/com/training/trackplanner/analysis/features/DurationHoldLoadCalculator.kt#holdLoad","1","No v2.2-reviewed exact consumer decision"
"UNESTABLISHED_CONSUMER","movementPattern|Room exercises|app/src/main/java/com/training/trackplanner/analysis/features/DurationHoldLoadCalculator.kt#holdLoadOrNull","1","No v2.2-reviewed exact consumer decision"
"UNESTABLISHED_CONSUMER","movementPattern|Room exercises|app/src/main/java/com/training/trackplanner/analysis/features/DurationHoldLoadCalculator.kt#policyFor","1","No v2.2-reviewed exact consumer decision"
"UNESTABLISHED_CONSUMER","movementPattern|Room exercises|app/src/main/java/com/training/trackplanner/analysis/features/ExerciseAnalysisMapper.kt#AnalysisExerciseFeatures","1","No v2.2-reviewed exact consumer decision"
"UNESTABLISHED_CONSUMER","movementPattern|Room exercises|app/src/main/java/com/training/trackplanner/analysis/features/ExerciseAnalysisMapper.kt#Exercise","1","No v2.2-reviewed exact consumer decision"
"UNESTABLISHED_CONSUMER","movementPattern|Room exercises|app/src/main/java/com/training/trackplanner/analysis/features/ExerciseAnalysisMapper.kt#fromRecord","1","No v2.2-reviewed exact consumer decision"
"UNESTABLISHED_CONSUMER","movementPattern|Room exercises|app/src/main/java/com/training/trackplanner/analysis/features/MetadataReadinessReporter.kt#Exercise","1","No v2.2-reviewed exact consumer decision"
"UNESTABLISHED_CONSUMER","movementPattern|Room exercises|app/src/main/java/com/training/trackplanner/analysis/lab/MuscleLoadInputBuilder.kt#fallbackContributions","1","No v2.2-reviewed exact consumer decision"
"UNESTABLISHED_CONSUMER","movementPattern|Room exercises|app/src/main/java/com/training/trackplanner/analysis/lab/StrengthAndMuscleMetricSeriesBuilder.kt#durationHoldContributions","1","No v2.2-reviewed exact consumer decision"
"UNESTABLISHED_CONSUMER","movementPattern|Room exercises|app/src/main/java/com/training/trackplanner/analysis/metrics/CommonPlanProjectionMetrics.kt#calculate","1","No v2.2-reviewed exact consumer decision"
"UNESTABLISHED_CONSUMER","movementPattern|Room exercises|app/src/main/java/com/training/trackplanner/analysis/metrics/CommonPlanProjectionMetrics.kt#com","1","No v2.2-reviewed exact consumer decision"
"UNESTABLISHED_CONSUMER","movementPattern|Room exercises|app/src/main/java/com/training/trackplanner/analysis/metrics/CommonStrengthMetrics.kt#AnalysisEntry","1","No v2.2-reviewed exact consumer decision"
"UNESTABLISHED_CONSUMER","movementPattern|Room exercises|app/src/main/java/com/training/trackplanner/analysis/metrics/CommonStrengthMetrics.kt#calculate","1","No v2.2-reviewed exact consumer decision"
"UNESTABLISHED_CONSUMER","movementPattern|Room exercises|app/src/main/java/com/training/trackplanner/analysis/metrics/CommonStrengthMetrics.kt#ratioFromMovementPrefixes","1","No v2.2-reviewed exact consumer decision"
"UNESTABLISHED_CONSUMER","movementPattern|Room exercises|app/src/main/java/com/training/trackplanner/analysis/metrics/CommonStrengthMetrics.kt#ratioFromMovementTokens","1","No v2.2-reviewed exact consumer decision"
"UNESTABLISHED_CONSUMER","movementPattern|Room exercises|app/src/main/java/com/training/trackplanner/analysis/metrics/CommonTaxonomyMetrics.kt#calculate","1","No v2.2-reviewed exact consumer decision"
"UNESTABLISHED_CONSUMER","movementPattern|Room exercises|app/src/main/java/com/training/trackplanner/analysis/proxyperformance/ProxyPerformanceLoadingBuilder.kt#build","1","No v2.2-reviewed exact consumer decision"
"UNESTABLISHED_CONSUMER","movementPattern|Room exercises|app/src/main/java/com/training/trackplanner/analysis/readiness/DailyAnalysisLoadAggregator.kt#Map","1","No v2.2-reviewed exact consumer decision"
"UNESTABLISHED_CONSUMER","movementPattern|Room exercises|app/src/main/java/com/training/trackplanner/analysis/strengthperformance/StrengthPerformanceRegistry.kt#metadataProxyLoadings","1","No v2.2-reviewed exact consumer decision"
"UNESTABLISHED_CONSUMER","movementPattern|Room exercises|app/src/main/java/com/training/trackplanner/analysis/tissue/TissueExposureModels.kt#TissueWorkoutRecord","1","No v2.2-reviewed exact consumer decision"
"UNESTABLISHED_CONSUMER","movementPattern|Room exercises|app/src/main/java/com/training/trackplanner/analysis/trends/PerformanceTrendConstants.kt#exerciseStrengthWeight","1","No v2.2-reviewed exact consumer decision"
"UNESTABLISHED_CONSUMER","movementPattern|Room exercises|app/src/main/java/com/training/trackplanner/analysis/trends/PerformanceTrendConstants.kt#isLowProgressPurpose","1","No v2.2-reviewed exact consumer decision"
"UNESTABLISHED_CONSUMER","movementPattern|Room exercises|app/src/main/java/com/training/trackplanner/analysis/trends/PerformanceTrendConstants.kt#isNonStrengthPurpose","1","No v2.2-reviewed exact consumer decision"
"UNESTABLISHED_CONSUMER","movementPattern|Room exercises|app/src/main/java/com/training/trackplanner/analysis/trends/PerformanceTrendConstants.kt#volumeEligibilityWeight","1","No v2.2-reviewed exact consumer decision"
"UNESTABLISHED_CONSUMER","movementPattern|Room exercises|app/src/main/java/com/training/trackplanner/analysis/trends/StrengthPerformanceIndexCalculator.kt#AnalysisExerciseFeatures","1","No v2.2-reviewed exact consumer decision"
"UNESTABLISHED_CONSUMER","movementPattern|Room exercises|app/src/main/java/com/training/trackplanner/analysis/trends/StrengthPerformanceIndexCalculator.kt#calculate","1","No v2.2-reviewed exact consumer decision"
"UNESTABLISHED_CONSUMER","movementPattern|Room exercises|app/src/main/java/com/training/trackplanner/analysis/trends/StrengthPerformanceIndexCalculator.kt#List","1","No v2.2-reviewed exact consumer decision"
"UNESTABLISHED_CONSUMER","movementPattern|Room exercises|app/src/main/java/com/training/trackplanner/CommonUi.kt#Exercise","1","No v2.2-reviewed exact consumer decision"
"UNESTABLISHED_CONSUMER","movementPattern|Room exercises|app/src/main/java/com/training/trackplanner/data/BackupRestoreCanonicalizer.kt#minimalStub","1","No v2.2-reviewed exact consumer decision"
"UNESTABLISHED_CONSUMER","movementPattern|Room exercises|app/src/main/java/com/training/trackplanner/data/BackupRestoreImportService.kt#Exercise","1","No v2.2-reviewed exact consumer decision"
"UNESTABLISHED_CONSUMER","movementPattern|Room exercises|app/src/main/java/com/training/trackplanner/data/BackupRestoreImportService.kt#RestoreExerciseRow","1","No v2.2-reviewed exact consumer decision"
"UNESTABLISHED_CONSUMER","movementPattern|Room exercises|app/src/main/java/com/training/trackplanner/data/CanonicalExerciseMetadataRepository.kt#CanonicalExerciseIdentity","1","No v2.2-reviewed exact consumer decision"
"UNESTABLISHED_CONSUMER","movementPattern|Room exercises|app/src/main/java/com/training/trackplanner/data/CanonicalExerciseMetadataRepository.kt#exerciseFrom","1","No v2.2-reviewed exact consumer decision"
"UNESTABLISHED_CONSUMER","movementPattern|Room exercises|app/src/main/java/com/training/trackplanner/data/CanonicalExerciseMetadataRepository.kt#identityFrom","1","No v2.2-reviewed exact consumer decision"
"UNESTABLISHED_CONSUMER","movementPattern|Room exercises|app/src/main/java/com/training/trackplanner/data/Entities.kt#Exercise","1","No v2.2-reviewed exact consumer decision"
"UNESTABLISHED_CONSUMER","movementPattern|Room exercises|app/src/main/java/com/training/trackplanner/data/ExerciseMetadataBackupContract.kt#ExerciseMetadataFieldPolicyRegistry","1","No v2.2-reviewed exact consumer decision"
"UNESTABLISHED_CONSUMER","movementPattern|Room exercises|app/src/main/java/com/training/trackplanner/data/ExerciseMetadataBackupContract.kt#normalize","1","No v2.2-reviewed exact consumer decision"
"UNESTABLISHED_CONSUMER","movementPattern|Room exercises|app/src/main/java/com/training/trackplanner/data/ExerciseMetadataMapper.kt#applyLegacyMetadata","1","No v2.2-reviewed exact consumer decision"
"UNESTABLISHED_CONSUMER","movementPattern|Room exercises|app/src/main/java/com/training/trackplanner/data/ExerciseMetadataMapper.kt#applyMetadata","1","No v2.2-reviewed exact consumer decision"
"UNESTABLISHED_CONSUMER","movementPattern|Room exercises|app/src/main/java/com/training/trackplanner/data/ExerciseMetadataMapper.kt#FatigueWeights","1","No v2.2-reviewed exact consumer decision"
"UNESTABLISHED_CONSUMER","movementPattern|Room exercises|app/src/main/java/com/training/trackplanner/data/ExerciseMetadataMapper.kt#from","1","No v2.2-reviewed exact consumer decision"
"UNESTABLISHED_CONSUMER","movementPattern|Room exercises|app/src/main/java/com/training/trackplanner/data/ExerciseMetadataMapper.kt#MetadataSource","1","No v2.2-reviewed exact consumer decision"
"UNESTABLISHED_CONSUMER","movementPattern|Room exercises|app/src/main/java/com/training/trackplanner/data/ExerciseMetadataTaxonomy.kt#MovementPattern","1","No v2.2-reviewed exact consumer decision"
"UNESTABLISHED_CONSUMER","movementPattern|Room exercises|app/src/main/java/com/training/trackplanner/data/ExercisePlanning.kt#Exercise","1","No v2.2-reviewed exact consumer decision"
"UNESTABLISHED_CONSUMER","movementPattern|Room exercises|app/src/main/java/com/training/trackplanner/data/ExerciseStableKeyMigration.kt#createExerciseTable","1","No v2.2-reviewed exact consumer decision"
"UNESTABLISHED_CONSUMER","movementPattern|Room exercises|app/src/main/java/com/training/trackplanner/data/ExerciseStableKeyMigration.kt#insertUnresolvedExercise","1","No v2.2-reviewed exact consumer decision"
"UNESTABLISHED_CONSUMER","movementPattern|Room exercises|app/src/main/java/com/training/trackplanner/data/ExerciseStableKeyMigration.kt#migrate","1","No v2.2-reviewed exact consumer decision"
"UNESTABLISHED_CONSUMER","movementPattern|Room exercises|app/src/main/java/com/training/trackplanner/data/MetadataSanityChecker.kt#check","1","No v2.2-reviewed exact consumer decision"
"UNESTABLISHED_CONSUMER","movementPattern|Room exercises|app/src/main/java/com/training/trackplanner/data/MetadataSanityChecker.kt#Exercise","1","No v2.2-reviewed exact consumer decision"
"UNESTABLISHED_CONSUMER","movementPattern|Room exercises|app/src/main/java/com/training/trackplanner/data/ProgramCandidate.kt#ProgramCandidate","1","No v2.2-reviewed exact consumer decision"
"UNESTABLISHED_CONSUMER","movementPattern|Room exercises|app/src/main/java/com/training/trackplanner/data/ProgramCandidateClassificationPolicy.kt#ProgramCandidate","1","No v2.2-reviewed exact consumer decision"
"UNESTABLISHED_CONSUMER","movementPattern|Room exercises|app/src/main/java/com/training/trackplanner/data/RecordCsvBackupRestore.kt#appendStrengthRow","1","No v2.2-reviewed exact consumer decision"
"UNESTABLISHED_CONSUMER","movementPattern|Room exercises|app/src/main/java/com/training/trackplanner/data/RecordCsvBackupRestore.kt#legacyExerciseSnapshotRows","1","No v2.2-reviewed exact consumer decision"
"UNESTABLISHED_CONSUMER","movementPattern|Room exercises|app/src/main/java/com/training/trackplanner/data/RecordCsvBackupRestore.kt#RestoreExerciseRow","1","No v2.2-reviewed exact consumer decision"
"UNESTABLISHED_CONSUMER","movementPattern|Room exercises|app/src/main/java/com/training/trackplanner/data/RecordCsvBackupRestore.kt#value","1","No v2.2-reviewed exact consumer decision"
"UNESTABLISHED_CONSUMER","movementPattern|Room exercises|app/src/main/java/com/training/trackplanner/data/RuntimeExerciseMetadataResolver.kt#Exercise","1","No v2.2-reviewed exact consumer decision"
"UNESTABLISHED_CONSUMER","movementPattern|Room exercises|app/src/main/java/com/training/trackplanner/data/RuntimeExerciseMetadataResolver.kt#forExercise","1","No v2.2-reviewed exact consumer decision"
"UNESTABLISHED_CONSUMER","movementPattern|Room exercises|app/src/main/java/com/training/trackplanner/data/RuntimeExerciseMetadataResolver.kt#merged","1","No v2.2-reviewed exact consumer decision"
"UNESTABLISHED_CONSUMER","movementPattern|Room exercises|app/src/main/java/com/training/trackplanner/data/SafeBackupRestore.kt#Exercise","1","No v2.2-reviewed exact consumer decision"
"UNESTABLISHED_CONSUMER","movementPattern|Room exercises|app/src/main/java/com/training/trackplanner/data/SafeBackupRestore.kt#RestoreExerciseRow","1","No v2.2-reviewed exact consumer decision"
"UNESTABLISHED_CONSUMER","movementPattern|Room exercises|app/src/main/java/com/training/trackplanner/data/SeedData.kt#exactExerciseMetadataFromParsedRows","1","No v2.2-reviewed exact consumer decision"
"UNESTABLISHED_CONSUMER","movementPattern|Room exercises|app/src/main/java/com/training/trackplanner/data/SeedData.kt#exerciseFromCsv","1","No v2.2-reviewed exact consumer decision"
"UNESTABLISHED_CONSUMER","movementPattern|Room exercises|app/src/main/java/com/training/trackplanner/data/SeedData.kt#validateCatalog","1","No v2.2-reviewed exact consumer decision"
"UNESTABLISHED_CONSUMER","movementPattern|Room exercises|app/src/main/java/com/training/trackplanner/data/SlotCapabilityResolver.kt#legacyTokens","1","No v2.2-reviewed exact consumer decision"
"UNESTABLISHED_CONSUMER","movementPattern|Room exercises|app/src/main/java/com/training/trackplanner/data/TrainingRepository.kt#findOrCreateImportedExercise","1","No v2.2-reviewed exact consumer decision"
"UNESTABLISHED_CONSUMER","movementPattern|Room exercises|app/src/main/java/com/training/trackplanner/data/TrainingRepository.kt#legacyUpsertRestoredExercise","1","No v2.2-reviewed exact consumer decision"
"UNESTABLISHED_CONSUMER","movementPattern|Room exercises|app/src/main/java/com/training/trackplanner/data/TrainingRepository.kt#String","1","No v2.2-reviewed exact consumer decision"
"UNESTABLISHED_CONSUMER","movementPattern|Room exercises|app/src/main/java/com/training/trackplanner/data/TrainingRoleSplitMigration.kt#createExercisesWithoutLegacyRole","1","No v2.2-reviewed exact consumer decision"
"UNESTABLISHED_CONSUMER","movementPattern|Room exercises|app/src/main/java/com/training/trackplanner/data/TrainingRoleSplitMigration.kt#migrateIntrinsicTrainingRoles","1","No v2.2-reviewed exact consumer decision"
"UNESTABLISHED_CONSUMER","movementPattern|Room exercises|app/src/main/java/com/training/trackplanner/ExerciseSubcategoryMapper.kt#addStructured","1","No v2.2-reviewed exact consumer decision"
"UNESTABLISHED_CONSUMER","movementPattern|Room exercises|app/src/main/java/com/training/trackplanner/RuntimeMetadataExerciseEditorDialog.kt#<file>","1","No v2.2-reviewed exact consumer decision"
"UNESTABLISHED_CONSUMER","movementPattern|Room exercises|app/src/main/java/com/training/trackplanner/RuntimeMetadataExerciseEditorDialog.kt#joinExerciseTokens","1","No v2.2-reviewed exact consumer decision"
"UNESTABLISHED_CONSUMER","movementSubtype|canonical asset plus Room runtime_exercise_metadata override|app/src/main/java/com/training/trackplanner/analysis/core/AnalysisInputCollector.kt#Exercise","1","No v2.2-reviewed exact consumer decision"
"UNESTABLISHED_CONSUMER","movementSubtype|canonical asset plus Room runtime_exercise_metadata override|app/src/main/java/com/training/trackplanner/analysis/core/AnalysisInputSnapshot.kt#AnalysisExerciseMetadata","1","No v2.2-reviewed exact consumer decision"
"UNESTABLISHED_CONSUMER","movementSubtype|canonical asset plus Room runtime_exercise_metadata override|app/src/main/java/com/training/trackplanner/analysis/fatigue/DailyFatigueCalculator.kt#from","1","No v2.2-reviewed exact consumer decision"
"UNESTABLISHED_CONSUMER","movementSubtype|canonical asset plus Room runtime_exercise_metadata override|app/src/main/java/com/training/trackplanner/analysis/fatigue/DailyFatigueCalculator.kt#level","1","No v2.2-reviewed exact consumer decision"
"UNESTABLISHED_CONSUMER","movementSubtype|canonical asset plus Room runtime_exercise_metadata override|app/src/main/java/com/training/trackplanner/analysis/fatigue/DailyFatigueCalculator.kt#ResolvedFatigueMetadata","1","No v2.2-reviewed exact consumer decision"
"UNESTABLISHED_CONSUMER","movementSubtype|canonical asset plus Room runtime_exercise_metadata override|app/src/main/java/com/training/trackplanner/analysis/features/ExerciseAnalysisMapper.kt#AnalysisExerciseFeatures","1","No v2.2-reviewed exact consumer decision"
"UNESTABLISHED_CONSUMER","movementSubtype|canonical asset plus Room runtime_exercise_metadata override|app/src/main/java/com/training/trackplanner/analysis/features/ExerciseAnalysisMapper.kt#fromRecord","1","No v2.2-reviewed exact consumer decision"
"UNESTABLISHED_CONSUMER","movementSubtype|canonical asset plus Room runtime_exercise_metadata override|app/src/main/java/com/training/trackplanner/analysis/lab/MuscleLoadInputBuilder.kt#fallbackContributions","1","No v2.2-reviewed exact consumer decision"
"UNESTABLISHED_CONSUMER","movementSubtype|canonical asset plus Room runtime_exercise_metadata override|app/src/main/java/com/training/trackplanner/analysis/proxyperformance/ProxyPerformanceLoadingBuilder.kt#build","1","No v2.2-reviewed exact consumer decision"
"UNESTABLISHED_CONSUMER","movementSubtype|canonical asset plus Room runtime_exercise_metadata override|app/src/main/java/com/training/trackplanner/data/ExerciseMetadataAdapter.kt#fromFields","1","No v2.2-reviewed exact consumer decision"
"UNESTABLISHED_CONSUMER","movementSubtype|canonical asset plus Room runtime_exercise_metadata override|app/src/main/java/com/training/trackplanner/data/ExerciseMetadataAdapter.kt#RuntimeExerciseMetadata","1","No v2.2-reviewed exact consumer decision"
"UNESTABLISHED_CONSUMER","movementSubtype|canonical asset plus Room runtime_exercise_metadata override|app/src/main/java/com/training/trackplanner/data/ExerciseMetadataBackupContract.kt#ExerciseMetadataFieldPolicyRegistry","1","No v2.2-reviewed exact consumer decision"
"UNESTABLISHED_CONSUMER","movementSubtype|canonical asset plus Room runtime_exercise_metadata override|app/src/main/java/com/training/trackplanner/data/ExerciseMetadataBackupContract.kt#normalize","1","No v2.2-reviewed exact consumer decision"
"UNESTABLISHED_CONSUMER","movementSubtype|canonical asset plus Room runtime_exercise_metadata override|app/src/main/java/com/training/trackplanner/data/FatigueSlotPolicy.kt#ProgramCandidate","1","No v2.2-reviewed exact consumer decision"
"UNESTABLISHED_CONSUMER","movementSubtype|canonical asset plus Room runtime_exercise_metadata override|app/src/main/java/com/training/trackplanner/data/ProgramBuilder.kt#build","1","No v2.2-reviewed exact consumer decision"
"UNESTABLISHED_CONSUMER","movementSubtype|canonical asset plus Room runtime_exercise_metadata override|app/src/main/java/com/training/trackplanner/data/ProgramBuilder.kt#GeneratedProgramSkeleton","1","No v2.2-reviewed exact consumer decision"
"UNESTABLISHED_CONSUMER","movementSubtype|canonical asset plus Room runtime_exercise_metadata override|app/src/main/java/com/training/trackplanner/data/ProgramBuilder.kt#ProgramSkeletonItem","1","No v2.2-reviewed exact consumer decision"
"UNESTABLISHED_CONSUMER","movementSubtype|canonical asset plus Room runtime_exercise_metadata override|app/src/main/java/com/training/trackplanner/data/ProgramBuilderValidation.kt#ProgramSkeletonItem","1","No v2.2-reviewed exact consumer decision"
"UNESTABLISHED_CONSUMER","movementSubtype|canonical asset plus Room runtime_exercise_metadata override|app/src/main/java/com/training/trackplanner/data/ProgramCandidate.kt#ProgramCandidate","1","No v2.2-reviewed exact consumer decision"
"UNESTABLISHED_CONSUMER","movementSubtype|canonical asset plus Room runtime_exercise_metadata override|app/src/main/java/com/training/trackplanner/data/ProgramCandidate.kt#rehabLikeActivationScore","1","No v2.2-reviewed exact consumer decision"
"UNESTABLISHED_CONSUMER","movementSubtype|canonical asset plus Room runtime_exercise_metadata override|app/src/main/java/com/training/trackplanner/data/ProgramCandidateClassificationPolicy.kt#ProgramCandidate","1","No v2.2-reviewed exact consumer decision"
"UNESTABLISHED_CONSUMER","movementSubtype|canonical asset plus Room runtime_exercise_metadata override|app/src/main/java/com/training/trackplanner/data/ProgramCorePatternPolicy.kt#corePattern","1","No v2.2-reviewed exact consumer decision"
"UNESTABLISHED_CONSUMER","movementSubtype|canonical asset plus Room runtime_exercise_metadata override|app/src/main/java/com/training/trackplanner/data/ProgramIssueDrivenRerankPolicy.kt#ProgramSkeletonItem","1","No v2.2-reviewed exact consumer decision"
"UNESTABLISHED_CONSUMER","movementSubtype|canonical asset plus Room runtime_exercise_metadata override|app/src/main/java/com/training/trackplanner/data/ProgramSkeletonGenerator.kt#ProgramSkeletonItem","1","No v2.2-reviewed exact consumer decision"
"UNESTABLISHED_CONSUMER","movementSubtype|canonical asset plus Room runtime_exercise_metadata override|app/src/main/java/com/training/trackplanner/data/ProgramSlotCandidateQuery.kt#ProgramCandidate","1","No v2.2-reviewed exact consumer decision"
"UNESTABLISHED_CONSUMER","movementSubtype|canonical asset plus Room runtime_exercise_metadata override|app/src/main/java/com/training/trackplanner/data/RecordCsvBackupRestore.kt#appendStrengthRow","1","No v2.2-reviewed exact consumer decision"
"UNESTABLISHED_CONSUMER","movementSubtype|canonical asset plus Room runtime_exercise_metadata override|app/src/main/java/com/training/trackplanner/data/RecordCsvBackupRestore.kt#legacyRuntimeSnapshotRows","1","No v2.2-reviewed exact consumer decision"
"UNESTABLISHED_CONSUMER","movementSubtype|canonical asset plus Room runtime_exercise_metadata override|app/src/main/java/com/training/trackplanner/data/RecordCsvBackupRestore.kt#value","1","No v2.2-reviewed exact consumer decision"
"UNESTABLISHED_CONSUMER","movementSubtype|canonical asset plus Room runtime_exercise_metadata override|app/src/main/java/com/training/trackplanner/data/RuntimeExerciseMetadataPersistence.kt#RuntimeExerciseMetadata","1","No v2.2-reviewed exact consumer decision"
"UNESTABLISHED_CONSUMER","movementSubtype|canonical asset plus Room runtime_exercise_metadata override|app/src/main/java/com/training/trackplanner/data/RuntimeExerciseMetadataPersistence.kt#RuntimeExerciseMetadataEntity","1","No v2.2-reviewed exact consumer decision"
"UNESTABLISHED_CONSUMER","movementSubtype|canonical asset plus Room runtime_exercise_metadata override|app/src/main/java/com/training/trackplanner/data/RuntimeExerciseMetadataResolver.kt#forExercise","1","No v2.2-reviewed exact consumer decision"
"UNESTABLISHED_CONSUMER","movementSubtype|canonical asset plus Room runtime_exercise_metadata override|app/src/main/java/com/training/trackplanner/data/RuntimeExerciseMetadataResolver.kt#forIdentity","1","No v2.2-reviewed exact consumer decision"
"UNESTABLISHED_CONSUMER","movementSubtype|canonical asset plus Room runtime_exercise_metadata override|app/src/main/java/com/training/trackplanner/data/RuntimeExerciseMetadataResolver.kt#merged","1","No v2.2-reviewed exact consumer decision"
"UNESTABLISHED_CONSUMER","movementSubtype|canonical asset plus Room runtime_exercise_metadata override|app/src/main/java/com/training/trackplanner/data/SlotCapabilityResolver.kt#metadataIdentityTokens","1","No v2.2-reviewed exact consumer decision"
"UNESTABLISHED_CONSUMER","movementSubtype|canonical asset plus Room runtime_exercise_metadata override|app/src/main/java/com/training/trackplanner/data/TrainingDatabase.kt#migrate","1","No v2.2-reviewed exact consumer decision"
"UNESTABLISHED_CONSUMER","movementSubtype|canonical asset plus Room runtime_exercise_metadata override|app/src/main/java/com/training/trackplanner/ExerciseSubcategoryMapper.kt#addStructured","1","No v2.2-reviewed exact consumer decision"
"UNESTABLISHED_CONSUMER","movementSubtype|canonical asset plus Room runtime_exercise_metadata override|app/src/main/java/com/training/trackplanner/MetadataDisplayCatalogue.kt#MetadataDisplayField","1","No v2.2-reviewed exact consumer decision"
"UNESTABLISHED_CONSUMER","movementSubtype|canonical asset plus Room runtime_exercise_metadata override|app/src/main/java/com/training/trackplanner/PlanGeneratedPreview.kt#draftItemForExercise","1","No v2.2-reviewed exact consumer decision"
"UNESTABLISHED_CONSUMER","movementSubtype|canonical asset plus Room runtime_exercise_metadata override|app/src/main/java/com/training/trackplanner/RuntimeMetadataExerciseEditorDialog.kt#joinExerciseTokens","1","No v2.2-reviewed exact consumer decision"
"UNESTABLISHED_CONSUMER","name|Room exercises|app/src/main/java/com/training/trackplanner/analysis/badminton/BadmintonTransferChartDataBuilder.kt#axisShareBars","1","No v2.2-reviewed exact consumer decision"
"UNESTABLISHED_CONSUMER","name|Room exercises|app/src/main/java/com/training/trackplanner/analysis/badminton/BadmintonTransferChartDataBuilder.kt#transferTypeShareBars","1","No v2.2-reviewed exact consumer decision"
"UNESTABLISHED_CONSUMER","name|Room exercises|app/src/main/java/com/training/trackplanner/analysis/badminton/BadmintonTransferChartDataBuilder.kt#windowComparisonBars","1","No v2.2-reviewed exact consumer decision"
"UNESTABLISHED_CONSUMER","name|Room exercises|app/src/main/java/com/training/trackplanner/analysis/badminton/BadmintonTransferRecommendationBuilder.kt#Candidate","1","No v2.2-reviewed exact consumer decision"
"UNESTABLISHED_CONSUMER","name|Room exercises|app/src/main/java/com/training/trackplanner/analysis/badminton/BadmintonTransferRecommendationBuilder.kt#exerciseCandidates","1","No v2.2-reviewed exact consumer decision"
"UNESTABLISHED_CONSUMER","name|Room exercises|app/src/main/java/com/training/trackplanner/analysis/contracts/UserExerciseAnalysisContractProjector.kt#capability","1","No v2.2-reviewed exact consumer decision"
"UNESTABLISHED_CONSUMER","name|Room exercises|app/src/main/java/com/training/trackplanner/analysis/contracts/UserExerciseAnalysisContractProjector.kt#project","1","No v2.2-reviewed exact consumer decision"
"UNESTABLISHED_CONSUMER","name|Room exercises|app/src/main/java/com/training/trackplanner/analysis/fatigue/FatigueAnalysisMapper.kt#axisItems","1","No v2.2-reviewed exact consumer decision"
"UNESTABLISHED_CONSUMER","name|Room exercises|app/src/main/java/com/training/trackplanner/analysis/fatigue/FatigueAnalysisMapper.kt#map","1","No v2.2-reviewed exact consumer decision"
"UNESTABLISHED_CONSUMER","name|Room exercises|app/src/main/java/com/training/trackplanner/analysis/fatigue/ui/FatigueDetailView.kt#FatigueDetailView","1","No v2.2-reviewed exact consumer decision"
"UNESTABLISHED_CONSUMER","name|Room exercises|app/src/main/java/com/training/trackplanner/analysis/fatigue/ui/FatigueSimpleView.kt#FatigueSimpleView","1","No v2.2-reviewed exact consumer decision"
"UNESTABLISHED_CONSUMER","name|Room exercises|app/src/main/java/com/training/trackplanner/analysis/features/AnalysisExerciseDisplayNameResolver.kt#resolve","1","No v2.2-reviewed exact consumer decision"
"UNESTABLISHED_CONSUMER","name|Room exercises|app/src/main/java/com/training/trackplanner/analysis/features/BodyweightEffectiveLoadCalculator.kt#volumeLoad","1","No v2.2-reviewed exact consumer decision"
"UNESTABLISHED_CONSUMER","name|Room exercises|app/src/main/java/com/training/trackplanner/analysis/features/DurationHoldLoadCalculator.kt#holdLoad","1","No v2.2-reviewed exact consumer decision"
"UNESTABLISHED_CONSUMER","name|Room exercises|app/src/main/java/com/training/trackplanner/analysis/features/ExerciseAnalysisMapper.kt#fromRecord","1","No v2.2-reviewed exact consumer decision"
"UNESTABLISHED_CONSUMER","name|Room exercises|app/src/main/java/com/training/trackplanner/analysis/features/MetadataReadinessReporter.kt#generate","1","No v2.2-reviewed exact consumer decision"
"UNESTABLISHED_CONSUMER","name|Room exercises|app/src/main/java/com/training/trackplanner/analysis/lab/BayesianTimeSeriesModels.kt#createValidated","1","No v2.2-reviewed exact consumer decision"
"UNESTABLISHED_CONSUMER","name|Room exercises|app/src/main/java/com/training/trackplanner/analysis/lab/BayesianTimeSeriesModels.kt#fingerprint","1","No v2.2-reviewed exact consumer decision"
"UNESTABLISHED_CONSUMER","name|Room exercises|app/src/main/java/com/training/trackplanner/analysis/lab/BayesianTimeSeriesModels.kt#fingerprintPart","1","No v2.2-reviewed exact consumer decision"
"UNESTABLISHED_CONSUMER","name|Room exercises|app/src/main/java/com/training/trackplanner/analysis/lab/BayesianTimeSeriesModels.kt#PreparedRowSpecification","1","No v2.2-reviewed exact consumer decision"
"UNESTABLISHED_CONSUMER","name|Room exercises|app/src/main/java/com/training/trackplanner/analysis/lab/BayesianTimeSeriesModels.kt#TimeSeriesTransformationPlan","1","No v2.2-reviewed exact consumer decision"
"UNESTABLISHED_CONSUMER","name|Room exercises|app/src/main/java/com/training/trackplanner/analysis/lab/BayesianTimeSeriesSupport.kt#preparedCandidateCatalog","1","No v2.2-reviewed exact consumer decision"
"UNESTABLISHED_CONSUMER","name|Room exercises|app/src/main/java/com/training/trackplanner/analysis/lab/CholeskyShockIdentifier.kt#canonicalOrder","1","No v2.2-reviewed exact consumer decision"
"UNESTABLISHED_CONSUMER","name|Room exercises|app/src/main/java/com/training/trackplanner/analysis/lab/EndogenousVariableSelector.kt#displayName","1","No v2.2-reviewed exact consumer decision"
"UNESTABLISHED_CONSUMER","name|Room exercises|app/src/main/java/com/training/trackplanner/analysis/lab/LaggedTimeSeriesAnalyzer.kt#analyze","1","No v2.2-reviewed exact consumer decision"
"UNESTABLISHED_CONSUMER","name|Room exercises|app/src/main/java/com/training/trackplanner/analysis/lab/MuscleBucketSelection.kt#filter","1","No v2.2-reviewed exact consumer decision"
"UNESTABLISHED_CONSUMER","name|Room exercises|app/src/main/java/com/training/trackplanner/analysis/lab/MuscleLoadInputBuilder.kt#isMainBenchPress","1","No v2.2-reviewed exact consumer decision"
"UNESTABLISHED_CONSUMER","name|Room exercises|app/src/main/java/com/training/trackplanner/analysis/lab/MuscleLoadInputBuilder.kt#isMainDeadlift","1","No v2.2-reviewed exact consumer decision"
"UNESTABLISHED_CONSUMER","name|Room exercises|app/src/main/java/com/training/trackplanner/analysis/lab/MuscleLoadInputBuilder.kt#isMainSquat","1","No v2.2-reviewed exact consumer decision"
"UNESTABLISHED_CONSUMER","name|Room exercises|app/src/main/java/com/training/trackplanner/analysis/lab/pipeline/FutureEstimatorBoundaries.kt#createValidated","1","No v2.2-reviewed exact consumer decision"
"UNESTABLISHED_CONSUMER","name|Room exercises|app/src/main/java/com/training/trackplanner/analysis/lab/pipeline/PreparedAnalysisContext.kt#createValidated","1","No v2.2-reviewed exact consumer decision"
"UNESTABLISHED_CONSUMER","name|Room exercises|app/src/main/java/com/training/trackplanner/analysis/lab/pipeline/PreparedEstimatorViews.kt#from","1","No v2.2-reviewed exact consumer decision"
"UNESTABLISHED_CONSUMER","name|Room exercises|app/src/main/java/com/training/trackplanner/analysis/lab/pipeline/PreparedEstimatorViews.kt#viewFingerprint","1","No v2.2-reviewed exact consumer decision"
"UNESTABLISHED_CONSUMER","name|Room exercises|app/src/main/java/com/training/trackplanner/analysis/lab/pipeline/PreparedRowAndScalingPlans.kt#createValidated","1","No v2.2-reviewed exact consumer decision"
"UNESTABLISHED_CONSUMER","name|Room exercises|app/src/main/java/com/training/trackplanner/analysis/lab/pipeline/PreparedRowAndScalingPlans.kt#requirements","1","No v2.2-reviewed exact consumer decision"
"UNESTABLISHED_CONSUMER","name|Room exercises|app/src/main/java/com/training/trackplanner/analysis/lab/pipeline/StrictTimeSeriesDiagnostics.kt#assess","1","No v2.2-reviewed exact consumer decision"
"UNESTABLISHED_CONSUMER","name|Room exercises|app/src/main/java/com/training/trackplanner/analysis/lab/pipeline/StrictTimeSeriesDiagnostics.kt#assessed","1","No v2.2-reviewed exact consumer decision"
"UNESTABLISHED_CONSUMER","name|Room exercises|app/src/main/java/com/training/trackplanner/analysis/lab/pipeline/StrictTimeSeriesDiagnostics.kt#createValidated","1","No v2.2-reviewed exact consumer decision"
"UNESTABLISHED_CONSUMER","name|Room exercises|app/src/main/java/com/training/trackplanner/analysis/lab/pipeline/StrictTimeSeriesIngestion.kt#createValidated","1","No v2.2-reviewed exact consumer decision"
"UNESTABLISHED_CONSUMER","name|Room exercises|app/src/main/java/com/training/trackplanner/analysis/lab/pipeline/StrictTimeSeriesIngestion.kt#ingest","1","No v2.2-reviewed exact consumer decision"
"UNESTABLISHED_CONSUMER","name|Room exercises|app/src/main/java/com/training/trackplanner/analysis/lab/pipeline/StrictTimeSeriesIngestion.kt#lifecycleCell","1","No v2.2-reviewed exact consumer decision"
"UNESTABLISHED_CONSUMER","name|Room exercises|app/src/main/java/com/training/trackplanner/analysis/lab/pipeline/StrictTimeSeriesIngestion.kt#ObservationConflictProvenance","1","No v2.2-reviewed exact consumer decision"
"UNESTABLISHED_CONSUMER","name|Room exercises|app/src/main/java/com/training/trackplanner/analysis/lab/pipeline/StrictTimeSeriesRepresentation.kt#createPlan","1","No v2.2-reviewed exact consumer decision"
"UNESTABLISHED_CONSUMER","name|Room exercises|app/src/main/java/com/training/trackplanner/analysis/lab/pipeline/StrictTimeSeriesRepresentation.kt#createValidated","1","No v2.2-reviewed exact consumer decision"
"UNESTABLISHED_CONSUMER","name|Room exercises|app/src/main/java/com/training/trackplanner/analysis/lab/pipeline/StrictTimeSeriesStages.kt#createValidated","1","No v2.2-reviewed exact consumer decision"
"UNESTABLISHED_CONSUMER","name|Room exercises|app/src/main/java/com/training/trackplanner/analysis/lab/StrengthAndMuscleMetricSeriesBuilder.kt#durationHoldContributions","1","No v2.2-reviewed exact consumer decision"
"UNESTABLISHED_CONSUMER","name|Room exercises|app/src/main/java/com/training/trackplanner/analysis/lab/TimeSeriesAnalysisService.kt#diagnosticId","1","No v2.2-reviewed exact consumer decision"
"UNESTABLISHED_CONSUMER","name|Room exercises|app/src/main/java/com/training/trackplanner/analysis/proxyperformance/ProxyPerformanceEstimator.kt#append","1","No v2.2-reviewed exact consumer decision"
"UNESTABLISHED_CONSUMER","name|Room exercises|app/src/main/java/com/training/trackplanner/analysis/proxyperformance/ProxyPerformanceEstimator.kt#build","1","No v2.2-reviewed exact consumer decision"
"UNESTABLISHED_CONSUMER","name|Room exercises|app/src/main/java/com/training/trackplanner/analysis/proxyperformance/ProxyPerformanceLoadingBuilder.kt#build","1","No v2.2-reviewed exact consumer decision"
"UNESTABLISHED_CONSUMER","name|Room exercises|app/src/main/java/com/training/trackplanner/analysis/proxyperformance/ProxyPerformanceObservationBuilder.kt#build","1","No v2.2-reviewed exact consumer decision"
"UNESTABLISHED_CONSUMER","name|Room exercises|app/src/main/java/com/training/trackplanner/analysis/readiness/FatigueDetailSectionBuilder.kt#categorySection","1","No v2.2-reviewed exact consumer decision"
"UNESTABLISHED_CONSUMER","name|Room exercises|app/src/main/java/com/training/trackplanner/analysis/readiness/FatiguePressureCalculator.kt#calculate","1","No v2.2-reviewed exact consumer decision"
"UNESTABLISHED_CONSUMER","name|Room exercises|app/src/main/java/com/training/trackplanner/analysis/strengthperformance/curve/RepetitionCurves.kt#bytes","1","No v2.2-reviewed exact consumer decision"
"UNESTABLISHED_CONSUMER","name|Room exercises|app/src/main/java/com/training/trackplanner/analysis/strengthperformance/curve/RepetitionCurves.kt#Map","1","No v2.2-reviewed exact consumer decision"
"UNESTABLISHED_CONSUMER","name|Room exercises|app/src/main/java/com/training/trackplanner/analysis/strengthperformance/PersistentStrengthPerformanceSummary.kt#build","1","No v2.2-reviewed exact consumer decision"
"UNESTABLISHED_CONSUMER","name|Room exercises|app/src/main/java/com/training/trackplanner/analysis/strengthperformance/RpeRirPolicy.kt#Map","1","No v2.2-reviewed exact consumer decision"
"UNESTABLISHED_CONSUMER","name|Room exercises|app/src/main/java/com/training/trackplanner/analysis/strengthperformance/StrengthPerformanceRegistry.kt#Map","1","No v2.2-reviewed exact consumer decision"
"UNESTABLISHED_CONSUMER","name|Room exercises|app/src/main/java/com/training/trackplanner/analysis/strengthperformance/StrengthPerformanceRegistry.kt#StrengthProxyLoadingSpec","1","No v2.2-reviewed exact consumer decision"
"UNESTABLISHED_CONSUMER","name|Room exercises|app/src/main/java/com/training/trackplanner/analysis/strengthperformance/StrengthPerformanceRegistry.kt#text","1","No v2.2-reviewed exact consumer decision"
"UNESTABLISHED_CONSUMER","name|Room exercises|app/src/main/java/com/training/trackplanner/analysis/strengthperformance/StrengthPosteriorModel.kt#compute","1","No v2.2-reviewed exact consumer decision"
"UNESTABLISHED_CONSUMER","name|Room exercises|app/src/main/java/com/training/trackplanner/analysis/strengthperformance/StrengthPosteriorModel.kt#PersonalCurvePosterior","1","No v2.2-reviewed exact consumer decision"
"UNESTABLISHED_CONSUMER","name|Room exercises|app/src/main/java/com/training/trackplanner/analysis/strengthperformance/StrengthPosteriorModel.kt#StrengthExerciseSessionObservation","1","No v2.2-reviewed exact consumer decision"
"UNESTABLISHED_CONSUMER","name|Room exercises|app/src/main/java/com/training/trackplanner/analysis/strengthperformance/StrengthSessionLikelihood.kt#build","1","No v2.2-reviewed exact consumer decision"
"UNESTABLISHED_CONSUMER","name|Room exercises|app/src/main/java/com/training/trackplanner/analysis/strengthperformance/StrengthSessionLikelihood.kt#buildResult","1","No v2.2-reviewed exact consumer decision"
"UNESTABLISHED_CONSUMER","name|Room exercises|app/src/main/java/com/training/trackplanner/analysis/strengthperformance/StrengthSessionLikelihood.kt#excluded","1","No v2.2-reviewed exact consumer decision"
"UNESTABLISHED_CONSUMER","name|Room exercises|app/src/main/java/com/training/trackplanner/analysis/tissue/TissueAnalysisUiModels.kt#map","1","No v2.2-reviewed exact consumer decision"
"UNESTABLISHED_CONSUMER","name|Room exercises|app/src/main/java/com/training/trackplanner/analysis/tissue/TissueAnalysisUiModels.kt#TissueAnalysisChildUi","1","No v2.2-reviewed exact consumer decision"
"UNESTABLISHED_CONSUMER","name|Room exercises|app/src/main/java/com/training/trackplanner/analysis/tissue/TissueAnalysisUiModels.kt#TissueAnalysisJointUi","1","No v2.2-reviewed exact consumer decision"
"UNESTABLISHED_CONSUMER","name|Room exercises|app/src/main/java/com/training/trackplanner/analysis/tissue/TissueApprovalScopeHasher.kt#hash","1","No v2.2-reviewed exact consumer decision"
"UNESTABLISHED_CONSUMER","name|Room exercises|app/src/main/java/com/training/trackplanner/analysis/tissue/TissueApprovalScopeHasher.kt#TissueEvidenceClaimCandidate","1","No v2.2-reviewed exact consumer decision"
"UNESTABLISHED_CONSUMER","name|Room exercises|app/src/main/java/com/training/trackplanner/analysis/tissue/TissueApprovalScopeHasher.kt#TissueEvidenceSource","1","No v2.2-reviewed exact consumer decision"
"UNESTABLISHED_CONSUMER","name|Room exercises|app/src/main/java/com/training/trackplanner/analysis/tissue/TissueApprovalScopeHasher.kt#TissueLoadRubric","1","No v2.2-reviewed exact consumer decision"
"UNESTABLISHED_CONSUMER","name|Room exercises|app/src/main/java/com/training/trackplanner/analysis/tissue/TissueApprovalScopeHasher.kt#TissuePublicationIntegrityVerification","1","No v2.2-reviewed exact consumer decision"
"UNESTABLISHED_CONSUMER","name|Room exercises|app/src/main/java/com/training/trackplanner/analysis/tissue/TissueApprovalScopeHasher.kt#TissueReviewBatchApprovalRequest","1","No v2.2-reviewed exact consumer decision"
"UNESTABLISHED_CONSUMER","name|Room exercises|app/src/main/java/com/training/trackplanner/analysis/tissue/TissueApprovalScopeHasher.kt#TissueSourceVerification","1","No v2.2-reviewed exact consumer decision"
"UNESTABLISHED_CONSUMER","name|Room exercises|app/src/main/java/com/training/trackplanner/analysis/tissue/TissueAxisSimilarityPolicy.kt#Map","1","No v2.2-reviewed exact consumer decision"
"UNESTABLISHED_CONSUMER","name|Room exercises|app/src/main/java/com/training/trackplanner/analysis/tissue/TissueAxisSimilarityPolicy.kt#score","1","No v2.2-reviewed exact consumer decision"
"UNESTABLISHED_CONSUMER","name|Room exercises|app/src/main/java/com/training/trackplanner/analysis/tissue/TissueAxisSimilarityPolicy.kt#similarityPolicies","1","No v2.2-reviewed exact consumer decision"
"UNESTABLISHED_CONSUMER","name|Room exercises|app/src/main/java/com/training/trackplanner/analysis/tissue/TissueC31Parser.kt#Map","1","No v2.2-reviewed exact consumer decision"
"UNESTABLISHED_CONSUMER","name|Room exercises|app/src/main/java/com/training/trackplanner/analysis/tissue/TissueC31Validator.kt#ontology","1","No v2.2-reviewed exact consumer decision"
"UNESTABLISHED_CONSUMER","name|Room exercises|app/src/main/java/com/training/trackplanner/analysis/tissue/TissueC3ResearchModels.kt#TissueC3ResearchDecisionRow","1","No v2.2-reviewed exact consumer decision"
"UNESTABLISHED_CONSUMER","name|Room exercises|app/src/main/java/com/training/trackplanner/analysis/tissue/TissueC3ResearchParser.kt#Map","1","No v2.2-reviewed exact consumer decision"
"UNESTABLISHED_CONSUMER","name|Room exercises|app/src/main/java/com/training/trackplanner/analysis/tissue/TissueC3ResearchValidator.kt#anomalies","1","No v2.2-reviewed exact consumer decision"
"UNESTABLISHED_CONSUMER","name|Room exercises|app/src/main/java/com/training/trackplanner/analysis/tissue/TissueContextModifier.kt#requireValid","1","No v2.2-reviewed exact consumer decision"
"UNESTABLISHED_CONSUMER","name|Room exercises|app/src/main/java/com/training/trackplanner/analysis/tissue/TissueContinuousAxisScoring.kt#Map","1","No v2.2-reviewed exact consumer decision"
"UNESTABLISHED_CONSUMER","name|Room exercises|app/src/main/java/com/training/trackplanner/analysis/tissue/TissueDoseResolver.kt#resolve","1","No v2.2-reviewed exact consumer decision"
"UNESTABLISHED_CONSUMER","name|Room exercises|app/src/main/java/com/training/trackplanner/analysis/tissue/TissueEvidenceModels.kt#TissueDimensionReference","1","No v2.2-reviewed exact consumer decision"
"UNESTABLISHED_CONSUMER","name|Room exercises|app/src/main/java/com/training/trackplanner/analysis/tissue/TissueEvidenceParser.kt#Map","1","No v2.2-reviewed exact consumer decision"
"UNESTABLISHED_CONSUMER","name|Room exercises|app/src/main/java/com/training/trackplanner/analysis/tissue/TissueEvidenceValidator.kt#approvalLedgerIngestion","1","No v2.2-reviewed exact consumer decision"
"UNESTABLISHED_CONSUMER","name|Room exercises|app/src/main/java/com/training/trackplanner/analysis/tissue/TissueEvidenceValidator.kt#phaseB1Research","1","No v2.2-reviewed exact consumer decision"
"UNESTABLISHED_CONSUMER","name|Room exercises|app/src/main/java/com/training/trackplanner/analysis/tissue/TissueEvidenceValidator.kt#phaseB1Rubrics","1","No v2.2-reviewed exact consumer decision"
"UNESTABLISHED_CONSUMER","name|Room exercises|app/src/main/java/com/training/trackplanner/analysis/tissue/TissueEvidenceValidator.kt#phaseCClaimCandidates","1","No v2.2-reviewed exact consumer decision"
"UNESTABLISHED_CONSUMER","name|Room exercises|app/src/main/java/com/training/trackplanner/analysis/tissue/TissueEvidenceValidator.kt#phaseCReaudits","1","No v2.2-reviewed exact consumer decision"
"UNESTABLISHED_CONSUMER","name|Room exercises|app/src/main/java/com/training/trackplanner/analysis/tissue/TissueEvidenceValidator.kt#validateCommonFinalClaim","1","No v2.2-reviewed exact consumer decision"
"UNESTABLISHED_CONSUMER","name|Room exercises|app/src/main/java/com/training/trackplanner/analysis/tissue/TissueEvidenceValidator.kt#validateIndependentBlindPath","1","No v2.2-reviewed exact consumer decision"
"UNESTABLISHED_CONSUMER","name|Room exercises|app/src/main/java/com/training/trackplanner/analysis/tissue/TissueExposureShadowPipeline.kt#calculate","1","No v2.2-reviewed exact consumer decision"
"UNESTABLISHED_CONSUMER","name|Room exercises|app/src/main/java/com/training/trackplanner/analysis/tissue/TissueMetadataModels.kt#TissueLoadProfile","1","No v2.2-reviewed exact consumer decision"
"UNESTABLISHED_CONSUMER","name|Room exercises|app/src/main/java/com/training/trackplanner/analysis/tissue/TissueMetadataParser.kt#Map","1","No v2.2-reviewed exact consumer decision"
"UNESTABLISHED_CONSUMER","name|Room exercises|app/src/main/java/com/training/trackplanner/analysis/tissue/TissueMetadataValidator.kt#catalog","1","No v2.2-reviewed exact consumer decision"
"UNESTABLISHED_CONSUMER","name|Room exercises|app/src/main/java/com/training/trackplanner/analysis/tissue/TissueMetadataValidator.kt#rubricIntervals","1","No v2.2-reviewed exact consumer decision"
"UNESTABLISHED_CONSUMER","name|Room exercises|app/src/main/java/com/training/trackplanner/analysis/tissue/TissueMtcExerciseBridge.kt#Map","1","No v2.2-reviewed exact consumer decision"
"UNESTABLISHED_CONSUMER","name|Room exercises|app/src/main/java/com/training/trackplanner/analysis/tissue/TissueMtcParser.kt#Map","1","No v2.2-reviewed exact consumer decision"
"UNESTABLISHED_CONSUMER","name|Room exercises|app/src/main/java/com/training/trackplanner/analysis/tissue/TissueMtcResearchCatalog.kt#effectiveSeeds","1","No v2.2-reviewed exact consumer decision"
"UNESTABLISHED_CONSUMER","name|Room exercises|app/src/main/java/com/training/trackplanner/analysis/tissue/TissueMtcResearchCatalog.kt#Map","1","No v2.2-reviewed exact consumer decision"
"UNESTABLISHED_CONSUMER","name|Room exercises|app/src/main/java/com/training/trackplanner/analysis/tissue/TissueMtcResearchCatalog.kt#TissueMtcResearchCatalogValidator","1","No v2.2-reviewed exact consumer decision"
"UNESTABLISHED_CONSUMER","name|Room exercises|app/src/main/java/com/training/trackplanner/analysis/tissue/TissueMtcResearchCatalog.kt#validate","1","No v2.2-reviewed exact consumer decision"
"UNESTABLISHED_CONSUMER","name|Room exercises|app/src/main/java/com/training/trackplanner/analysis/tissue/TissueMtcValidator.kt#foundation","1","No v2.2-reviewed exact consumer decision"
"UNESTABLISHED_CONSUMER","name|Room exercises|app/src/main/java/com/training/trackplanner/analysis/tissue/TissueMultidimensionalParser.kt#Map","1","No v2.2-reviewed exact consumer decision"
"UNESTABLISHED_CONSUMER","name|Room exercises|app/src/main/java/com/training/trackplanner/analysis/tissue/TissueMultidimensionalValidator.kt#mismatch","1","No v2.2-reviewed exact consumer decision"
"UNESTABLISHED_CONSUMER","name|Room exercises|app/src/main/java/com/training/trackplanner/analysis/tissue/TissueRcvAssetRepository.kt#Map","1","No v2.2-reviewed exact consumer decision"
"UNESTABLISHED_CONSUMER","name|Room exercises|app/src/main/java/com/training/trackplanner/analysis/tissue/TissueRcvEventLedger.kt#dose","1","No v2.2-reviewed exact consumer decision"
"UNESTABLISHED_CONSUMER","name|Room exercises|app/src/main/java/com/training/trackplanner/analysis/tissue/TissueRecordContractParser.kt#Map","1","No v2.2-reviewed exact consumer decision"
"UNESTABLISHED_CONSUMER","name|Room exercises|app/src/main/java/com/training/trackplanner/analysis/tissue/TissueWindowedExposureCalculator.kt#snapshot","1","No v2.2-reviewed exact consumer decision"
"UNESTABLISHED_CONSUMER","name|Room exercises|app/src/main/java/com/training/trackplanner/analysis/trends/BadmintonTrainingLoadIndexCalculator.kt#displayName","1","No v2.2-reviewed exact consumer decision"
"UNESTABLISHED_CONSUMER","name|Room exercises|app/src/main/java/com/training/trackplanner/analysis/trends/BadmintonTrainingLoadIndexCalculator.kt#methodExamples","1","No v2.2-reviewed exact consumer decision"
"UNESTABLISHED_CONSUMER","name|Room exercises|app/src/main/java/com/training/trackplanner/analysis/trends/FatigueCompositeIndexCalculator.kt#calculate","1","No v2.2-reviewed exact consumer decision"
"UNESTABLISHED_CONSUMER","name|Room exercises|app/src/main/java/com/training/trackplanner/analysis/trends/FatigueCompositeIndexCalculator.kt#recoveryPerformancePenalty","1","No v2.2-reviewed exact consumer decision"
"UNESTABLISHED_CONSUMER","name|Room exercises|app/src/main/java/com/training/trackplanner/AnalysisCoachUi.kt#PerformanceDetailSectionView","1","No v2.2-reviewed exact consumer decision"
"UNESTABLISHED_CONSUMER","name|Room exercises|app/src/main/java/com/training/trackplanner/AnalysisLabUi.kt#ExploratoryTimeSeriesResultCard","1","No v2.2-reviewed exact consumer decision"
"UNESTABLISHED_CONSUMER","name|Room exercises|app/src/main/java/com/training/trackplanner/AnalysisLabUi.kt#preflightBlockerMessage","1","No v2.2-reviewed exact consumer decision"
"UNESTABLISHED_CONSUMER","name|Room exercises|app/src/main/java/com/training/trackplanner/AnalysisProxyPerformanceUi.kt#BacktestResultRow","1","No v2.2-reviewed exact consumer decision"
"UNESTABLISHED_CONSUMER","name|Room exercises|app/src/main/java/com/training/trackplanner/AnalysisProxyPerformanceUi.kt#ProxyPerformanceLabCard","1","No v2.2-reviewed exact consumer decision"
"UNESTABLISHED_CONSUMER","name|Room exercises|app/src/main/java/com/training/trackplanner/AnalysisProxyPerformanceUi.kt#ProxyPerformanceStrengthCards","1","No v2.2-reviewed exact consumer decision"
"UNESTABLISHED_CONSUMER","name|Room exercises|app/src/main/java/com/training/trackplanner/CommonUi.kt#Exercise","1","No v2.2-reviewed exact consumer decision"
"UNESTABLISHED_CONSUMER","name|Room exercises|app/src/main/java/com/training/trackplanner/CommonUi.kt#ExerciseInfoDialog","1","No v2.2-reviewed exact consumer decision"
"UNESTABLISHED_CONSUMER","name|Room exercises|app/src/main/java/com/training/trackplanner/ConnectiveTissueAnalysisUi.kt#ConnectiveTissueAnalysisContent","1","No v2.2-reviewed exact consumer decision"
"UNESTABLISHED_CONSUMER","name|Room exercises|app/src/main/java/com/training/trackplanner/ConnectiveTissueAnalysisUi.kt#localizedTissueNames","1","No v2.2-reviewed exact consumer decision"
"UNESTABLISHED_CONSUMER","name|Room exercises|app/src/main/java/com/training/trackplanner/ConnectiveTissueAnalysisUi.kt#TissueEducationalInfoDialog","1","No v2.2-reviewed exact consumer decision"
"UNESTABLISHED_CONSUMER","name|Room exercises|app/src/main/java/com/training/trackplanner/data/BackupPreflightValidator.kt#programDiagnostic","1","No v2.2-reviewed exact consumer decision"
"UNESTABLISHED_CONSUMER","name|Room exercises|app/src/main/java/com/training/trackplanner/data/BackupPreflightValidator.kt#validate","1","No v2.2-reviewed exact consumer decision"
"UNESTABLISHED_CONSUMER","name|Room exercises|app/src/main/java/com/training/trackplanner/data/BackupRestoreCanonicalizer.kt#canonicalize","1","No v2.2-reviewed exact consumer decision"
"UNESTABLISHED_CONSUMER","name|Room exercises|app/src/main/java/com/training/trackplanner/data/BackupRestoreCanonicalizer.kt#minimalStub","1","No v2.2-reviewed exact consumer decision"
"UNESTABLISHED_CONSUMER","name|Room exercises|app/src/main/java/com/training/trackplanner/data/BackupRestoreCanonicalizer.kt#resolve","1","No v2.2-reviewed exact consumer decision"
"UNESTABLISHED_CONSUMER","name|Room exercises|app/src/main/java/com/training/trackplanner/data/BackupRestoreCanonicalizer.kt#resolved","1","No v2.2-reviewed exact consumer decision"
"UNESTABLISHED_CONSUMER","name|Room exercises|app/src/main/java/com/training/trackplanner/data/BackupRestoreImportService.kt#importRestorePlan","1","No v2.2-reviewed exact consumer decision"
"UNESTABLISHED_CONSUMER","name|Room exercises|app/src/main/java/com/training/trackplanner/data/BackupRestoreImportService.kt#restoreCurrentBuiltInExercise","1","No v2.2-reviewed exact consumer decision"
"UNESTABLISHED_CONSUMER","name|Room exercises|app/src/main/java/com/training/trackplanner/data/BackupRestoreImportService.kt#restoreExercise","1","No v2.2-reviewed exact consumer decision"
"UNESTABLISHED_CONSUMER","name|Room exercises|app/src/main/java/com/training/trackplanner/data/BackupRestoreImportService.kt#RestoreExerciseRow","1","No v2.2-reviewed exact consumer decision"
"UNESTABLISHED_CONSUMER","name|Room exercises|app/src/main/java/com/training/trackplanner/data/BackupRestoreImportService.kt#restoreProgramSnapshot","1","No v2.2-reviewed exact consumer decision"
"UNESTABLISHED_CONSUMER","name|Room exercises|app/src/main/java/com/training/trackplanner/data/CanonicalExerciseMetadataRepository.kt#exerciseFrom","1","No v2.2-reviewed exact consumer decision"
"UNESTABLISHED_CONSUMER","name|Room exercises|app/src/main/java/com/training/trackplanner/data/CanonicalExerciseMetadataRepository.kt#parseVerifiedCsv","1","No v2.2-reviewed exact consumer decision"
"UNESTABLISHED_CONSUMER","name|Room exercises|app/src/main/java/com/training/trackplanner/data/CanonicalExerciseMetadataRepository.kt#programSlotCapabilityRelations","1","No v2.2-reviewed exact consumer decision"
"UNESTABLISHED_CONSUMER","name|Room exercises|app/src/main/java/com/training/trackplanner/data/CanonicalExerciseMetadataRepository.kt#trainingRoleRelations","1","No v2.2-reviewed exact consumer decision"
"UNESTABLISHED_CONSUMER","name|Room exercises|app/src/main/java/com/training/trackplanner/data/CoverageAccountingPolicy.kt#profile","1","No v2.2-reviewed exact consumer decision"
"UNESTABLISHED_CONSUMER","name|Room exercises|app/src/main/java/com/training/trackplanner/data/CoverageAccountingPolicy.kt#slotIdOrNull","1","No v2.2-reviewed exact consumer decision"
"UNESTABLISHED_CONSUMER","name|Room exercises|app/src/main/java/com/training/trackplanner/data/Daos.kt#ExerciseDao","1","No v2.2-reviewed exact consumer decision"
"UNESTABLISHED_CONSUMER","name|Room exercises|app/src/main/java/com/training/trackplanner/data/Daos.kt#findProgramByName","1","No v2.2-reviewed exact consumer decision"
"UNESTABLISHED_CONSUMER","name|Room exercises|app/src/main/java/com/training/trackplanner/data/Daos.kt#findProgramByStableKey","1","No v2.2-reviewed exact consumer decision"
"UNESTABLISHED_CONSUMER","name|Room exercises|app/src/main/java/com/training/trackplanner/data/Daos.kt#observeDailySummariesBetween","1","No v2.2-reviewed exact consumer decision"
"UNESTABLISHED_CONSUMER","name|Room exercises|app/src/main/java/com/training/trackplanner/data/DataTransferReport.kt#DataTransferStage","1","No v2.2-reviewed exact consumer decision"
"UNESTABLISHED_CONSUMER","name|Room exercises|app/src/main/java/com/training/trackplanner/data/DataTransferReport.kt#detailText","1","No v2.2-reviewed exact consumer decision"
"UNESTABLISHED_CONSUMER","name|Room exercises|app/src/main/java/com/training/trackplanner/data/DataTransferReport.kt#encode","1","No v2.2-reviewed exact consumer decision"
"UNESTABLISHED_CONSUMER","name|Room exercises|app/src/main/java/com/training/trackplanner/data/DataTransferReport.kt#stage","1","No v2.2-reviewed exact consumer decision"
"UNESTABLISHED_CONSUMER","name|Room exercises|app/src/main/java/com/training/trackplanner/data/Entities.kt#Exercise","1","No v2.2-reviewed exact consumer decision"
"UNESTABLISHED_CONSUMER","name|Room exercises|app/src/main/java/com/training/trackplanner/data/Entities.kt#TrainingProgram","1","No v2.2-reviewed exact consumer decision"
"UNESTABLISHED_CONSUMER","name|Room exercises|app/src/main/java/com/training/trackplanner/data/ExerciseMetadataBackupContract.kt#displayProjection","1","No v2.2-reviewed exact consumer decision"
"UNESTABLISHED_CONSUMER","name|Room exercises|app/src/main/java/com/training/trackplanner/data/ExerciseMetadataBackupContract.kt#ExerciseMetadataFieldPolicyRegistry","1","No v2.2-reviewed exact consumer decision"
"UNESTABLISHED_CONSUMER","name|Room exercises|app/src/main/java/com/training/trackplanner/data/ExerciseMetadataBackupContract.kt#localizationModeFor","1","No v2.2-reviewed exact consumer decision"
"UNESTABLISHED_CONSUMER","name|Room exercises|app/src/main/java/com/training/trackplanner/data/ExerciseMetadataBackupContract.kt#normalize","1","No v2.2-reviewed exact consumer decision"
"UNESTABLISHED_CONSUMER","name|Room exercises|app/src/main/java/com/training/trackplanner/data/ExerciseMetadataBackupContract.kt#semanticProjection","1","No v2.2-reviewed exact consumer decision"
"UNESTABLISHED_CONSUMER","name|Room exercises|app/src/main/java/com/training/trackplanner/data/ExerciseMetadataBackupContract.kt#valueKindFor","1","No v2.2-reviewed exact consumer decision"
"UNESTABLISHED_CONSUMER","name|Room exercises|app/src/main/java/com/training/trackplanner/data/ExerciseMetadataEditorService.kt#exerciseEditorData","1","No v2.2-reviewed exact consumer decision"
"UNESTABLISHED_CONSUMER","name|Room exercises|app/src/main/java/com/training/trackplanner/data/ExerciseMetadataEditorService.kt#saveExerciseEditor","1","No v2.2-reviewed exact consumer decision"
"UNESTABLISHED_CONSUMER","name|Room exercises|app/src/main/java/com/training/trackplanner/data/ExerciseMetadataEffectiveStateResolver.kt#resolve","1","No v2.2-reviewed exact consumer decision"
"UNESTABLISHED_CONSUMER","name|Room exercises|app/src/main/java/com/training/trackplanner/data/ExerciseMetadataMapper.kt#applyMetadata","1","No v2.2-reviewed exact consumer decision"
"UNESTABLISHED_CONSUMER","name|Room exercises|app/src/main/java/com/training/trackplanner/data/ExerciseMetadataMapper.kt#hasAny","1","No v2.2-reviewed exact consumer decision"
"UNESTABLISHED_CONSUMER","name|Room exercises|app/src/main/java/com/training/trackplanner/data/ExerciseMetadataMapper.kt#Set","1","No v2.2-reviewed exact consumer decision"
"UNESTABLISHED_CONSUMER","name|Room exercises|app/src/main/java/com/training/trackplanner/data/ExerciseMetadataRevisionContract.kt#csv","1","No v2.2-reviewed exact consumer decision"
"UNESTABLISHED_CONSUMER","name|Room exercises|app/src/main/java/com/training/trackplanner/data/ExerciseMetadataRevisionContract.kt#ExerciseMetadataContractArtifacts","1","No v2.2-reviewed exact consumer decision"
"UNESTABLISHED_CONSUMER","name|Room exercises|app/src/main/java/com/training/trackplanner/data/ExerciseMetadataRevisionContract.kt#json","1","No v2.2-reviewed exact consumer decision"
"UNESTABLISHED_CONSUMER","name|Room exercises|app/src/main/java/com/training/trackplanner/data/ExerciseMetadataRevisionContract.kt#project","1","No v2.2-reviewed exact consumer decision"
"UNESTABLISHED_CONSUMER","name|Room exercises|app/src/main/java/com/training/trackplanner/data/ExercisePlanning.kt#Exercise","1","No v2.2-reviewed exact consumer decision"
"UNESTABLISHED_CONSUMER","name|Room exercises|app/src/main/java/com/training/trackplanner/data/ExerciseStableKeyMigration.kt#createExerciseTable","1","No v2.2-reviewed exact consumer decision"
"UNESTABLISHED_CONSUMER","name|Room exercises|app/src/main/java/com/training/trackplanner/data/ExerciseStableKeyMigration.kt#insertUnresolvedExercise","1","No v2.2-reviewed exact consumer decision"
"UNESTABLISHED_CONSUMER","name|Room exercises|app/src/main/java/com/training/trackplanner/data/ExerciseStableKeyMigration.kt#migrate","1","No v2.2-reviewed exact consumer decision"
"UNESTABLISHED_CONSUMER","name|Room exercises|app/src/main/java/com/training/trackplanner/data/LegacyExerciseImportMapper.kt#List","1","No v2.2-reviewed exact consumer decision"
"UNESTABLISHED_CONSUMER","name|Room exercises|app/src/main/java/com/training/trackplanner/data/MetadataSanityChecker.kt#check","1","No v2.2-reviewed exact consumer decision"
"UNESTABLISHED_CONSUMER","name|Room exercises|app/src/main/java/com/training/trackplanner/data/MetadataSanityChecker.kt#checkAll","1","No v2.2-reviewed exact consumer decision"
"UNESTABLISHED_CONSUMER","name|Room exercises|app/src/main/java/com/training/trackplanner/data/MetadataSanityChecker.kt#Exercise","1","No v2.2-reviewed exact consumer decision"
"UNESTABLISHED_CONSUMER","name|Room exercises|app/src/main/java/com/training/trackplanner/data/ProgramAutoBuilder.kt#build","1","No v2.2-reviewed exact consumer decision"
"UNESTABLISHED_CONSUMER","name|Room exercises|app/src/main/java/com/training/trackplanner/data/ProgramAutoBuilder.kt#weekPlans","1","No v2.2-reviewed exact consumer decision"
"UNESTABLISHED_CONSUMER","name|Room exercises|app/src/main/java/com/training/trackplanner/data/ProgramBuilder.kt#build","1","No v2.2-reviewed exact consumer decision"
"UNESTABLISHED_CONSUMER","name|Room exercises|app/src/main/java/com/training/trackplanner/data/ProgramBuilder.kt#GeneratedProgramSkeleton","1","No v2.2-reviewed exact consumer decision"
"UNESTABLISHED_CONSUMER","name|Room exercises|app/src/main/java/com/training/trackplanner/data/ProgramBuilder.kt#ProgramSkeletonItem","1","No v2.2-reviewed exact consumer decision"
"UNESTABLISHED_CONSUMER","name|Room exercises|app/src/main/java/com/training/trackplanner/data/ProgramBuilder.kt#unrestrictedFatigueGate","1","No v2.2-reviewed exact consumer decision"
"UNESTABLISHED_CONSUMER","name|Room exercises|app/src/main/java/com/training/trackplanner/data/ProgramBuilderValidation.kt#format","1","No v2.2-reviewed exact consumer decision"
"UNESTABLISHED_CONSUMER","name|Room exercises|app/src/main/java/com/training/trackplanner/data/ProgramBuilderValidation.kt#rollingAxisLoad","1","No v2.2-reviewed exact consumer decision"
"UNESTABLISHED_CONSUMER","name|Room exercises|app/src/main/java/com/training/trackplanner/data/ProgramBuilderValidation.kt#validateDerivedUmbrellaCoverage","1","No v2.2-reviewed exact consumer decision"
"UNESTABLISHED_CONSUMER","name|Room exercises|app/src/main/java/com/training/trackplanner/data/ProgramBuilderValidation.kt#validateFallbackRoleSlots","1","No v2.2-reviewed exact consumer decision"
"UNESTABLISHED_CONSUMER","name|Room exercises|app/src/main/java/com/training/trackplanner/data/ProgramBuilderValidation.kt#validateHardDays","1","No v2.2-reviewed exact consumer decision"
"UNESTABLISHED_CONSUMER","name|Room exercises|app/src/main/java/com/training/trackplanner/data/ProgramBuilderValidation.kt#validateRehabLikeDominance","1","No v2.2-reviewed exact consumer decision"
"UNESTABLISHED_CONSUMER","name|Room exercises|app/src/main/java/com/training/trackplanner/data/ProgramCandidate.kt#ProgramCandidate","1","No v2.2-reviewed exact consumer decision"
"UNESTABLISHED_CONSUMER","name|Room exercises|app/src/main/java/com/training/trackplanner/data/ProgramCandidateClassificationPolicy.kt#ProgramCandidate","1","No v2.2-reviewed exact consumer decision"
"UNESTABLISHED_CONSUMER","name|Room exercises|app/src/main/java/com/training/trackplanner/data/ProgramCandidateInventory.kt#ProgramCandidate","1","No v2.2-reviewed exact consumer decision"
"UNESTABLISHED_CONSUMER","name|Room exercises|app/src/main/java/com/training/trackplanner/data/ProgramCandidateRerankingPolicy.kt#ProgramSkeletonItem","1","No v2.2-reviewed exact consumer decision"
"UNESTABLISHED_CONSUMER","name|Room exercises|app/src/main/java/com/training/trackplanner/data/ProgramCandidateRerankingPolicy.kt#repeatedTransferPenalty","1","No v2.2-reviewed exact consumer decision"
"UNESTABLISHED_CONSUMER","name|Room exercises|app/src/main/java/com/training/trackplanner/data/ProgramCompositionPolicy.kt#isStrengthAnchor","1","No v2.2-reviewed exact consumer decision"
"UNESTABLISHED_CONSUMER","name|Room exercises|app/src/main/java/com/training/trackplanner/data/ProgramCorePatternPolicy.kt#isCoreAccessoryOrFiller","1","No v2.2-reviewed exact consumer decision"
"UNESTABLISHED_CONSUMER","name|Room exercises|app/src/main/java/com/training/trackplanner/data/ProgramDayIntensityPolicy.kt#isHighLowerStress","1","No v2.2-reviewed exact consumer decision"
"UNESTABLISHED_CONSUMER","name|Room exercises|app/src/main/java/com/training/trackplanner/data/ProgramDayIntensityPolicy.kt#warnings","1","No v2.2-reviewed exact consumer decision"
"UNESTABLISHED_CONSUMER","name|Room exercises|app/src/main/java/com/training/trackplanner/data/ProgramDraftModel.kt#emptyProgramSkeleton","1","No v2.2-reviewed exact consumer decision"
"UNESTABLISHED_CONSUMER","name|Room exercises|app/src/main/java/com/training/trackplanner/data/ProgramEvaluationPolicy.kt#Int","1","No v2.2-reviewed exact consumer decision"
"UNESTABLISHED_CONSUMER","name|Room exercises|app/src/main/java/com/training/trackplanner/data/ProgramEvaluationPolicy.kt#transferOveruse","1","No v2.2-reviewed exact consumer decision"
"UNESTABLISHED_CONSUMER","name|Room exercises|app/src/main/java/com/training/trackplanner/data/ProgramEvaluationPolicy.kt#transferScore","1","No v2.2-reviewed exact consumer decision"
"UNESTABLISHED_CONSUMER","name|Room exercises|app/src/main/java/com/training/trackplanner/data/ProgramExerciseSpec.kt#ProgramExerciseSpec","1","No v2.2-reviewed exact consumer decision"
"UNESTABLISHED_CONSUMER","name|Room exercises|app/src/main/java/com/training/trackplanner/data/ProgramFoundationAnchorPolicy.kt#ProgramSkeletonItem","1","No v2.2-reviewed exact consumer decision"
"UNESTABLISHED_CONSUMER","name|Room exercises|app/src/main/java/com/training/trackplanner/data/ProgramIssueDrivenRerankPolicy.kt#ProgramSkeletonItem","1","No v2.2-reviewed exact consumer decision"
"UNESTABLISHED_CONSUMER","name|Room exercises|app/src/main/java/com/training/trackplanner/data/ProgramIssueDrivenRerankPolicy.kt#replaceWeakSlotWithFoundation","1","No v2.2-reviewed exact consumer decision"
"UNESTABLISHED_CONSUMER","name|Room exercises|app/src/main/java/com/training/trackplanner/data/ProgramIssueDrivenRerankPolicy.kt#selectedMainReplacementTarget","1","No v2.2-reviewed exact consumer decision"
"UNESTABLISHED_CONSUMER","name|Room exercises|app/src/main/java/com/training/trackplanner/data/ProgramPeriodizationPlanPolicy.kt#weekPlans","1","No v2.2-reviewed exact consumer decision"
"UNESTABLISHED_CONSUMER","name|Room exercises|app/src/main/java/com/training/trackplanner/data/ProgramPlanService.kt#addExerciseToProgram","1","No v2.2-reviewed exact consumer decision"
"UNESTABLISHED_CONSUMER","name|Room exercises|app/src/main/java/com/training/trackplanner/data/ProgramPlanService.kt#createProgram","1","No v2.2-reviewed exact consumer decision"
"UNESTABLISHED_CONSUMER","name|Room exercises|app/src/main/java/com/training/trackplanner/data/ProgramPlanService.kt#createProgramFromRecordRange","1","No v2.2-reviewed exact consumer decision"
"UNESTABLISHED_CONSUMER","name|Room exercises|app/src/main/java/com/training/trackplanner/data/ProgramPlanService.kt#ProgramSkeletonItem","1","No v2.2-reviewed exact consumer decision"
"UNESTABLISHED_CONSUMER","name|Room exercises|app/src/main/java/com/training/trackplanner/data/ProgramPlanService.kt#saveGeneratedProgram","1","No v2.2-reviewed exact consumer decision"
"UNESTABLISHED_CONSUMER","name|Room exercises|app/src/main/java/com/training/trackplanner/data/ProgramRepairPolicy.kt#isHighLowerStress","1","No v2.2-reviewed exact consumer decision"
"UNESTABLISHED_CONSUMER","name|Room exercises|app/src/main/java/com/training/trackplanner/data/ProgramRepairPolicy.kt#softenFirstAdjacentHighLowerDay","1","No v2.2-reviewed exact consumer decision"
"UNESTABLISHED_CONSUMER","name|Room exercises|app/src/main/java/com/training/trackplanner/data/ProgramRuleTables.kt#badminton","1","No v2.2-reviewed exact consumer decision"
"UNESTABLISHED_CONSUMER","name|Room exercises|app/src/main/java/com/training/trackplanner/data/ProgramRuleTables.kt#main","1","No v2.2-reviewed exact consumer decision"
"UNESTABLISHED_CONSUMER","name|Room exercises|app/src/main/java/com/training/trackplanner/data/ProgramRuleTables.kt#paired","1","No v2.2-reviewed exact consumer decision"
"UNESTABLISHED_CONSUMER","name|Room exercises|app/src/main/java/com/training/trackplanner/data/ProgramRuleTables.kt#small","1","No v2.2-reviewed exact consumer decision"
"UNESTABLISHED_CONSUMER","name|Room exercises|app/src/main/java/com/training/trackplanner/data/ProgramScoringPolicy.kt#exposureBalanceAdjustment","1","No v2.2-reviewed exact consumer decision"
"UNESTABLISHED_CONSUMER","name|Room exercises|app/src/main/java/com/training/trackplanner/data/ProgramScoringPolicy.kt#score","1","No v2.2-reviewed exact consumer decision"
"UNESTABLISHED_CONSUMER","name|Room exercises|app/src/main/java/com/training/trackplanner/data/ProgramSelectionReasonFormatter.kt#format","1","No v2.2-reviewed exact consumer decision"
"UNESTABLISHED_CONSUMER","name|Room exercises|app/src/main/java/com/training/trackplanner/data/ProgramSkeletonGenerator.kt#ProgramSkeletonItem","1","No v2.2-reviewed exact consumer decision"
"UNESTABLISHED_CONSUMER","name|Room exercises|app/src/main/java/com/training/trackplanner/data/ProgramSkeletonGenerator.kt#ProgramSkeletonRequest","1","No v2.2-reviewed exact consumer decision"
"UNESTABLISHED_CONSUMER","name|Room exercises|app/src/main/java/com/training/trackplanner/data/ProgramSkeletonGenerator.kt#render","1","No v2.2-reviewed exact consumer decision"
"UNESTABLISHED_CONSUMER","name|Room exercises|app/src/main/java/com/training/trackplanner/data/ProgramSlotAllocator.kt#allocate","1","No v2.2-reviewed exact consumer decision"
"UNESTABLISHED_CONSUMER","name|Room exercises|app/src/main/java/com/training/trackplanner/data/ProgramSlotAllocator.kt#choosePaired","1","No v2.2-reviewed exact consumer decision"
"UNESTABLISHED_CONSUMER","name|Room exercises|app/src/main/java/com/training/trackplanner/data/ProgramSlotAllocator.kt#exerciseCount","1","No v2.2-reviewed exact consumer decision"
"UNESTABLISHED_CONSUMER","name|Room exercises|app/src/main/java/com/training/trackplanner/data/ProgramSlotAllocator.kt#item","1","No v2.2-reviewed exact consumer decision"
"UNESTABLISHED_CONSUMER","name|Room exercises|app/src/main/java/com/training/trackplanner/data/ProgramSlotCandidateQuery.kt#ProgramCandidate","1","No v2.2-reviewed exact consumer decision"
"UNESTABLISHED_CONSUMER","name|Room exercises|app/src/main/java/com/training/trackplanner/data/ProgramSlotCandidateQuery.kt#query","1","No v2.2-reviewed exact consumer decision"
"UNESTABLISHED_CONSUMER","name|Room exercises|app/src/main/java/com/training/trackplanner/data/ProgramTemplateCatalog.kt#weekPlans","1","No v2.2-reviewed exact consumer decision"
"UNESTABLISHED_CONSUMER","name|Room exercises|app/src/main/java/com/training/trackplanner/data/ProgramVarietyPolicy.kt#distributionWarnings","1","No v2.2-reviewed exact consumer decision"
"UNESTABLISHED_CONSUMER","name|Room exercises|app/src/main/java/com/training/trackplanner/data/RecordCsvBackupRestore.kt#appendStrengthRow","1","No v2.2-reviewed exact consumer decision"
"UNESTABLISHED_CONSUMER","name|Room exercises|app/src/main/java/com/training/trackplanner/data/RecordCsvBackupRestore.kt#Boolean","1","No v2.2-reviewed exact consumer decision"
"UNESTABLISHED_CONSUMER","name|Room exercises|app/src/main/java/com/training/trackplanner/data/RecordCsvBackupRestore.kt#List","1","No v2.2-reviewed exact consumer decision"
"UNESTABLISHED_CONSUMER","name|Room exercises|app/src/main/java/com/training/trackplanner/data/RecordCsvBackupRestore.kt#parse","1","No v2.2-reviewed exact consumer decision"
"UNESTABLISHED_CONSUMER","name|Room exercises|app/src/main/java/com/training/trackplanner/data/RecordCsvBackupRestore.kt#parseRestore","1","No v2.2-reviewed exact consumer decision"
"UNESTABLISHED_CONSUMER","name|Room exercises|app/src/main/java/com/training/trackplanner/data/RecordCsvBackupRestore.kt#representedExerciseKeysFromBody","1","No v2.2-reviewed exact consumer decision"
"UNESTABLISHED_CONSUMER","name|Room exercises|app/src/main/java/com/training/trackplanner/data/RecordCsvBackupRestore.kt#RestoreExerciseRow","1","No v2.2-reviewed exact consumer decision"
"UNESTABLISHED_CONSUMER","name|Room exercises|app/src/main/java/com/training/trackplanner/data/RecordCsvBackupRestore.kt#value","1","No v2.2-reviewed exact consumer decision"
"UNESTABLISHED_CONSUMER","name|Room exercises|app/src/main/java/com/training/trackplanner/data/RecordMutationService.kt#addWorkoutEntry","1","No v2.2-reviewed exact consumer decision"
"UNESTABLISHED_CONSUMER","name|Room exercises|app/src/main/java/com/training/trackplanner/data/RuntimeExerciseMetadataResolver.kt#forExercise","1","No v2.2-reviewed exact consumer decision"
"UNESTABLISHED_CONSUMER","name|Room exercises|app/src/main/java/com/training/trackplanner/data/RuntimeExerciseMetadataResolver.kt#merged","1","No v2.2-reviewed exact consumer decision"
"UNESTABLISHED_CONSUMER","name|Room exercises|app/src/main/java/com/training/trackplanner/data/SafeBackupRestore.kt#currentFingerprint","1","No v2.2-reviewed exact consumer decision"
"UNESTABLISHED_CONSUMER","name|Room exercises|app/src/main/java/com/training/trackplanner/data/SafeBackupRestore.kt#Exercise","1","No v2.2-reviewed exact consumer decision"
"UNESTABLISHED_CONSUMER","name|Room exercises|app/src/main/java/com/training/trackplanner/data/SafeBackupRestore.kt#RestoreExerciseRow","1","No v2.2-reviewed exact consumer decision"
"UNESTABLISHED_CONSUMER","name|Room exercises|app/src/main/java/com/training/trackplanner/data/SeedData.kt#activityKindFor","1","No v2.2-reviewed exact consumer decision"
"UNESTABLISHED_CONSUMER","name|Room exercises|app/src/main/java/com/training/trackplanner/data/SeedData.kt#Context","1","No v2.2-reviewed exact consumer decision"
"UNESTABLISHED_CONSUMER","name|Room exercises|app/src/main/java/com/training/trackplanner/data/SeedData.kt#exactExerciseMetadataFromParsedRows","1","No v2.2-reviewed exact consumer decision"
"UNESTABLISHED_CONSUMER","name|Room exercises|app/src/main/java/com/training/trackplanner/data/SeedData.kt#Exercise","1","No v2.2-reviewed exact consumer decision"
"UNESTABLISHED_CONSUMER","name|Room exercises|app/src/main/java/com/training/trackplanner/data/SeedData.kt#exerciseFromCsv","1","No v2.2-reviewed exact consumer decision"
"UNESTABLISHED_CONSUMER","name|Room exercises|app/src/main/java/com/training/trackplanner/data/SeedData.kt#familyIdFor","1","No v2.2-reviewed exact consumer decision"
"UNESTABLISHED_CONSUMER","name|Room exercises|app/src/main/java/com/training/trackplanner/data/SeedData.kt#forceTypeFor","1","No v2.2-reviewed exact consumer decision"
"UNESTABLISHED_CONSUMER","name|Room exercises|app/src/main/java/com/training/trackplanner/data/SeedData.kt#metadataConfidenceFor","1","No v2.2-reviewed exact consumer decision"
"UNESTABLISHED_CONSUMER","name|Room exercises|app/src/main/java/com/training/trackplanner/data/SeedData.kt#movementPatternFor","1","No v2.2-reviewed exact consumer decision"
"UNESTABLISHED_CONSUMER","name|Room exercises|app/src/main/java/com/training/trackplanner/data/SeedData.kt#nameFamilyKey","1","No v2.2-reviewed exact consumer decision"
"UNESTABLISHED_CONSUMER","name|Room exercises|app/src/main/java/com/training/trackplanner/data/SeedData.kt#programs","1","No v2.2-reviewed exact consumer decision"
"UNESTABLISHED_CONSUMER","name|Room exercises|app/src/main/java/com/training/trackplanner/data/SeedData.kt#ProgramSeed","1","No v2.2-reviewed exact consumer decision"
"UNESTABLISHED_CONSUMER","name|Room exercises|app/src/main/java/com/training/trackplanner/data/SeedData.kt#sportTransferDirectFor","1","No v2.2-reviewed exact consumer decision"
"UNESTABLISHED_CONSUMER","name|Room exercises|app/src/main/java/com/training/trackplanner/data/SlotCapabilityResolver.kt#explicitNameFallback","1","No v2.2-reviewed exact consumer decision"
"UNESTABLISHED_CONSUMER","name|Room exercises|app/src/main/java/com/training/trackplanner/data/SlotCapabilityResolver.kt#resolve","1","No v2.2-reviewed exact consumer decision"
"UNESTABLISHED_CONSUMER","name|Room exercises|app/src/main/java/com/training/trackplanner/data/TrainingRepository.kt#createProgramFromRecordRange","1","No v2.2-reviewed exact consumer decision"
"UNESTABLISHED_CONSUMER","name|Room exercises|app/src/main/java/com/training/trackplanner/data/TrainingRepository.kt#Exercise","1","No v2.2-reviewed exact consumer decision"
"UNESTABLISHED_CONSUMER","name|Room exercises|app/src/main/java/com/training/trackplanner/data/TrainingRepository.kt#findOrCreateImportedExercise","1","No v2.2-reviewed exact consumer decision"
"UNESTABLISHED_CONSUMER","name|Room exercises|app/src/main/java/com/training/trackplanner/data/TrainingRepository.kt#legacyUpsertRestoredExercise","1","No v2.2-reviewed exact consumer decision"
"UNESTABLISHED_CONSUMER","name|Room exercises|app/src/main/java/com/training/trackplanner/data/TrainingRepository.kt#ProgramSeed","1","No v2.2-reviewed exact consumer decision"
"UNESTABLISHED_CONSUMER","name|Room exercises|app/src/main/java/com/training/trackplanner/data/TrainingRepository.kt#repairLegacyProgramStableKeys","1","No v2.2-reviewed exact consumer decision"
"UNESTABLISHED_CONSUMER","name|Room exercises|app/src/main/java/com/training/trackplanner/data/TrainingRepository.kt#seedMissingPrograms","1","No v2.2-reviewed exact consumer decision"
"UNESTABLISHED_CONSUMER","name|Room exercises|app/src/main/java/com/training/trackplanner/data/TrainingRepository.kt#String","1","No v2.2-reviewed exact consumer decision"
"UNESTABLISHED_CONSUMER","name|Room exercises|app/src/main/java/com/training/trackplanner/data/TrainingRoleSplitMigration.kt#createExercisesWithoutLegacyRole","1","No v2.2-reviewed exact consumer decision"
"UNESTABLISHED_CONSUMER","name|Room exercises|app/src/main/java/com/training/trackplanner/data/TrainingRoleSplitMigration.kt#migrate","1","No v2.2-reviewed exact consumer decision"
"UNESTABLISHED_CONSUMER","name|Room exercises|app/src/main/java/com/training/trackplanner/data/TrainingRoleSplitMigration.kt#migrateIntrinsicTrainingRoles","1","No v2.2-reviewed exact consumer decision"
"UNESTABLISHED_CONSUMER","name|Room exercises|app/src/main/java/com/training/trackplanner/ExerciseScreen.kt#ExerciseScreen","1","No v2.2-reviewed exact consumer decision"
"UNESTABLISHED_CONSUMER","name|Room exercises|app/src/main/java/com/training/trackplanner/ExerciseSubcategoryMapper.kt#matchesSearch","1","No v2.2-reviewed exact consumer decision"
"UNESTABLISHED_CONSUMER","name|Room exercises|app/src/main/java/com/training/trackplanner/localization/GeneratedLocalizationCatalogue.kt#TissueEducationResourceIds","1","No v2.2-reviewed exact consumer decision"
"UNESTABLISHED_CONSUMER","name|Room exercises|app/src/main/java/com/training/trackplanner/localization/LocalizedPresentation.kt#dataTransferReportText","1","No v2.2-reviewed exact consumer decision"
"UNESTABLISHED_CONSUMER","name|Room exercises|app/src/main/java/com/training/trackplanner/localization/LocalizedPresentation.kt#exerciseName","1","No v2.2-reviewed exact consumer decision"
"UNESTABLISHED_CONSUMER","name|Room exercises|app/src/main/java/com/training/trackplanner/localization/LocalizedPresentation.kt#localizedExerciseName","1","No v2.2-reviewed exact consumer decision"
"UNESTABLISHED_CONSUMER","name|Room exercises|app/src/main/java/com/training/trackplanner/localization/LocalizedPresentation.kt#localizedProgramName","1","No v2.2-reviewed exact consumer decision"
"UNESTABLISHED_CONSUMER","name|Room exercises|app/src/main/java/com/training/trackplanner/localization/LocalizedPresentation.kt#LocalizedTissueEducation","1","No v2.2-reviewed exact consumer decision"
"UNESTABLISHED_CONSUMER","name|Room exercises|app/src/main/java/com/training/trackplanner/localization/LocalizedPresentation.kt#programName","1","No v2.2-reviewed exact consumer decision"
"UNESTABLISHED_CONSUMER","name|Room exercises|app/src/main/java/com/training/trackplanner/localization/LocalizedPresentation.kt#tissueEducation","1","No v2.2-reviewed exact consumer decision"
"UNESTABLISHED_CONSUMER","name|Room exercises|app/src/main/java/com/training/trackplanner/PlanGeneratedPreview.kt#draftItemForExercise","1","No v2.2-reviewed exact consumer decision"
"UNESTABLISHED_CONSUMER","name|Room exercises|app/src/main/java/com/training/trackplanner/PlanScreen.kt#currentRequest","1","No v2.2-reviewed exact consumer decision"
"UNESTABLISHED_CONSUMER","name|Room exercises|app/src/main/java/com/training/trackplanner/PlanScreen.kt#generateSkeleton","1","No v2.2-reviewed exact consumer decision"
"UNESTABLISHED_CONSUMER","name|Room exercises|app/src/main/java/com/training/trackplanner/PlanScreen.kt#ProgramEditorScreen","1","No v2.2-reviewed exact consumer decision"
"UNESTABLISHED_CONSUMER","name|Room exercises|app/src/main/java/com/training/trackplanner/PlanScreen.kt#skeletonFromProgram","1","No v2.2-reviewed exact consumer decision"
"UNESTABLISHED_CONSUMER","name|Room exercises|app/src/main/java/com/training/trackplanner/RecordCalendarScreen.kt#RecordCalendarScreen","1","No v2.2-reviewed exact consumer decision"
"UNESTABLISHED_CONSUMER","name|Room exercises|app/src/main/java/com/training/trackplanner/RecordCalendarScreen.kt#RecordRangeProgramDialog","1","No v2.2-reviewed exact consumer decision"
"UNESTABLISHED_CONSUMER","name|Room exercises|app/src/main/java/com/training/trackplanner/RecordSetRow.kt#SetValueEditDialog","1","No v2.2-reviewed exact consumer decision"
"UNESTABLISHED_CONSUMER","name|Room exercises|app/src/main/java/com/training/trackplanner/RuntimeMetadataExerciseEditorDialog.kt#ExerciseMetadataCopyDialog","1","No v2.2-reviewed exact consumer decision"
"UNESTABLISHED_CONSUMER","name|Room exercises|app/src/main/java/com/training/trackplanner/RuntimeMetadataExerciseEditorDialog.kt#joinExerciseTokens","1","No v2.2-reviewed exact consumer decision"
"UNESTABLISHED_CONSUMER","name|Room exercises|app/src/main/java/com/training/trackplanner/TrainingViewModel.kt#createProgramFromRecordRange","1","No v2.2-reviewed exact consumer decision"
"UNESTABLISHED_CONSUMER","needsReview|Room exercises|app/src/main/java/com/training/trackplanner/analysis/strengthperformance/StrengthPerformanceRegistry.kt#metadataProxyLoadings","1","No v2.2-reviewed exact consumer decision"
"UNESTABLISHED_CONSUMER","needsReview|Room exercises|app/src/main/java/com/training/trackplanner/data/BackupRestoreCanonicalizer.kt#minimalStub","1","No v2.2-reviewed exact consumer decision"
"UNESTABLISHED_CONSUMER","needsReview|Room exercises|app/src/main/java/com/training/trackplanner/data/BackupRestoreCanonicalizer.kt#resolve","1","No v2.2-reviewed exact consumer decision"
"UNESTABLISHED_CONSUMER","needsReview|Room exercises|app/src/main/java/com/training/trackplanner/data/BackupRestoreImportService.kt#Exercise","1","No v2.2-reviewed exact consumer decision"
"UNESTABLISHED_CONSUMER","needsReview|Room exercises|app/src/main/java/com/training/trackplanner/data/BackupRestoreImportService.kt#importRestorePlan","1","No v2.2-reviewed exact consumer decision"
"UNESTABLISHED_CONSUMER","needsReview|Room exercises|app/src/main/java/com/training/trackplanner/data/BackupRestoreImportService.kt#restoreCurrentBuiltInExercise","1","No v2.2-reviewed exact consumer decision"
"UNESTABLISHED_CONSUMER","needsReview|Room exercises|app/src/main/java/com/training/trackplanner/data/BackupRestoreImportService.kt#restoreExercise","1","No v2.2-reviewed exact consumer decision"
"UNESTABLISHED_CONSUMER","needsReview|Room exercises|app/src/main/java/com/training/trackplanner/data/BackupRestoreImportService.kt#RestoreExerciseRow","1","No v2.2-reviewed exact consumer decision"
"UNESTABLISHED_CONSUMER","needsReview|Room exercises|app/src/main/java/com/training/trackplanner/data/CanonicalExerciseMetadataRepository.kt#exerciseFrom","1","No v2.2-reviewed exact consumer decision"
"UNESTABLISHED_CONSUMER","needsReview|Room exercises|app/src/main/java/com/training/trackplanner/data/Entities.kt#Exercise","1","No v2.2-reviewed exact consumer decision"
"UNESTABLISHED_CONSUMER","needsReview|Room exercises|app/src/main/java/com/training/trackplanner/data/ExerciseMetadataBackupContract.kt#ExerciseMetadataFieldPolicyRegistry","1","No v2.2-reviewed exact consumer decision"
"UNESTABLISHED_CONSUMER","needsReview|Room exercises|app/src/main/java/com/training/trackplanner/data/ExerciseMetadataEditorService.kt#saveExerciseEditor","1","No v2.2-reviewed exact consumer decision"
"UNESTABLISHED_CONSUMER","needsReview|Room exercises|app/src/main/java/com/training/trackplanner/data/ExerciseMetadataEffectiveStateResolver.kt#resolve","1","No v2.2-reviewed exact consumer decision"
"UNESTABLISHED_CONSUMER","needsReview|Room exercises|app/src/main/java/com/training/trackplanner/data/ExerciseMetadataMapper.kt#applyMetadata","1","No v2.2-reviewed exact consumer decision"
"UNESTABLISHED_CONSUMER","needsReview|Room exercises|app/src/main/java/com/training/trackplanner/data/ExerciseStableKeyMigration.kt#createExerciseTable","1","No v2.2-reviewed exact consumer decision"
"UNESTABLISHED_CONSUMER","needsReview|Room exercises|app/src/main/java/com/training/trackplanner/data/ExerciseStableKeyMigration.kt#insertUnresolvedExercise","1","No v2.2-reviewed exact consumer decision"
"UNESTABLISHED_CONSUMER","needsReview|Room exercises|app/src/main/java/com/training/trackplanner/data/ExerciseStableKeyMigration.kt#migrate","1","No v2.2-reviewed exact consumer decision"
"UNESTABLISHED_CONSUMER","needsReview|Room exercises|app/src/main/java/com/training/trackplanner/data/MetadataSanityChecker.kt#checkAll","1","No v2.2-reviewed exact consumer decision"
"UNESTABLISHED_CONSUMER","needsReview|Room exercises|app/src/main/java/com/training/trackplanner/data/MetadataSanityChecker.kt#MetadataSanityCheckResult","1","No v2.2-reviewed exact consumer decision"
"UNESTABLISHED_CONSUMER","needsReview|Room exercises|app/src/main/java/com/training/trackplanner/data/RecordCsvBackupRestore.kt#appendStrengthRow","1","No v2.2-reviewed exact consumer decision"
"UNESTABLISHED_CONSUMER","needsReview|Room exercises|app/src/main/java/com/training/trackplanner/data/RecordCsvBackupRestore.kt#legacyExerciseSnapshotRows","1","No v2.2-reviewed exact consumer decision"
"UNESTABLISHED_CONSUMER","needsReview|Room exercises|app/src/main/java/com/training/trackplanner/data/RecordCsvBackupRestore.kt#RestoreExerciseRow","1","No v2.2-reviewed exact consumer decision"
"UNESTABLISHED_CONSUMER","needsReview|Room exercises|app/src/main/java/com/training/trackplanner/data/RecordCsvBackupRestore.kt#value","1","No v2.2-reviewed exact consumer decision"
"UNESTABLISHED_CONSUMER","needsReview|Room exercises|app/src/main/java/com/training/trackplanner/data/RuntimeExerciseMetadataResolver.kt#applyBuiltInSeedMetadata","1","No v2.2-reviewed exact consumer decision"
"UNESTABLISHED_CONSUMER","needsReview|Room exercises|app/src/main/java/com/training/trackplanner/data/RuntimeExerciseMetadataResolver.kt#mergeSeed","1","No v2.2-reviewed exact consumer decision"
"UNESTABLISHED_CONSUMER","needsReview|Room exercises|app/src/main/java/com/training/trackplanner/data/SafeBackupRestore.kt#Exercise","1","No v2.2-reviewed exact consumer decision"
"UNESTABLISHED_CONSUMER","needsReview|Room exercises|app/src/main/java/com/training/trackplanner/data/SafeBackupRestore.kt#RestoreExerciseRow","1","No v2.2-reviewed exact consumer decision"
"UNESTABLISHED_CONSUMER","needsReview|Room exercises|app/src/main/java/com/training/trackplanner/data/SeedData.kt#Exercise","1","No v2.2-reviewed exact consumer decision"
"UNESTABLISHED_CONSUMER","needsReview|Room exercises|app/src/main/java/com/training/trackplanner/data/SeedData.kt#ExerciseImageMapping","1","No v2.2-reviewed exact consumer decision"
"UNESTABLISHED_CONSUMER","needsReview|Room exercises|app/src/main/java/com/training/trackplanner/data/SeedData.kt#exerciseImageMappings","1","No v2.2-reviewed exact consumer decision"
"UNESTABLISHED_CONSUMER","needsReview|Room exercises|app/src/main/java/com/training/trackplanner/data/TrainingDatabase.kt#migrate","1","No v2.2-reviewed exact consumer decision"
"UNESTABLISHED_CONSUMER","needsReview|Room exercises|app/src/main/java/com/training/trackplanner/data/TrainingRepository.kt#legacyUpsertRestoredExercise","1","No v2.2-reviewed exact consumer decision"
"UNESTABLISHED_CONSUMER","needsReview|Room exercises|app/src/main/java/com/training/trackplanner/data/TrainingRepository.kt#logDebugSummary","1","No v2.2-reviewed exact consumer decision"
"UNESTABLISHED_CONSUMER","needsReview|Room exercises|app/src/main/java/com/training/trackplanner/data/TrainingRoleSplitMigration.kt#createExercisesWithoutLegacyRole","1","No v2.2-reviewed exact consumer decision"
"UNESTABLISHED_CONSUMER","needsReview|Room exercises|app/src/main/java/com/training/trackplanner/data/TrainingRoleSplitMigration.kt#migrateIntrinsicTrainingRoles","1","No v2.2-reviewed exact consumer decision"
"UNESTABLISHED_CONSUMER","neuralHeavyWeight|Room exercises|app/src/main/java/com/training/trackplanner/analysis/badminton/BadmintonTransferMetadataMapper.kt#fatigueCost","1","No v2.2-reviewed exact consumer decision"
"UNESTABLISHED_CONSUMER","neuralHeavyWeight|Room exercises|app/src/main/java/com/training/trackplanner/analysis/badminton/BadmintonTransferMetadataMapper.kt#legacyTransferAxesForAudit","1","No v2.2-reviewed exact consumer decision"
"UNESTABLISHED_CONSUMER","neuralHeavyWeight|Room exercises|app/src/main/java/com/training/trackplanner/analysis/core/AnalysisInputCollector.kt#Exercise","1","No v2.2-reviewed exact consumer decision"
"UNESTABLISHED_CONSUMER","neuralHeavyWeight|Room exercises|app/src/main/java/com/training/trackplanner/analysis/core/AnalysisInputSnapshot.kt#AnalysisExerciseMetadata","1","No v2.2-reviewed exact consumer decision"
"UNESTABLISHED_CONSUMER","neuralHeavyWeight|Room exercises|app/src/main/java/com/training/trackplanner/analysis/fatigue/DailyFatigueCalculator.kt#level","1","No v2.2-reviewed exact consumer decision"
"UNESTABLISHED_CONSUMER","neuralHeavyWeight|Room exercises|app/src/main/java/com/training/trackplanner/analysis/features/ExerciseAnalysisMapper.kt#AnalysisExerciseFeatures","1","No v2.2-reviewed exact consumer decision"
"UNESTABLISHED_CONSUMER","neuralHeavyWeight|Room exercises|app/src/main/java/com/training/trackplanner/analysis/features/ExerciseAnalysisMapper.kt#fromRecord","1","No v2.2-reviewed exact consumer decision"
"UNESTABLISHED_CONSUMER","neuralHeavyWeight|Room exercises|app/src/main/java/com/training/trackplanner/analysis/readiness/DailyAnalysisLoadAggregator.kt#aggregate","1","No v2.2-reviewed exact consumer decision"
"UNESTABLISHED_CONSUMER","neuralHeavyWeight|Room exercises|app/src/main/java/com/training/trackplanner/data/CanonicalExerciseMetadataRepository.kt#exerciseFrom","1","No v2.2-reviewed exact consumer decision"
"UNESTABLISHED_CONSUMER","neuralHeavyWeight|Room exercises|app/src/main/java/com/training/trackplanner/data/Entities.kt#Exercise","1","No v2.2-reviewed exact consumer decision"
"UNESTABLISHED_CONSUMER","neuralHeavyWeight|Room exercises|app/src/main/java/com/training/trackplanner/data/ExerciseMetadataBackupContract.kt#ExerciseMetadataFieldPolicyRegistry","1","No v2.2-reviewed exact consumer decision"
"UNESTABLISHED_CONSUMER","neuralHeavyWeight|Room exercises|app/src/main/java/com/training/trackplanner/data/ExerciseMetadataBackupContract.kt#normalize","1","No v2.2-reviewed exact consumer decision"
"UNESTABLISHED_CONSUMER","neuralHeavyWeight|Room exercises|app/src/main/java/com/training/trackplanner/data/ExerciseMetadataMapper.kt#applyMetadata","1","No v2.2-reviewed exact consumer decision"
"UNESTABLISHED_CONSUMER","neuralHeavyWeight|Room exercises|app/src/main/java/com/training/trackplanner/data/ExerciseMetadataMapper.kt#FatigueWeights","1","No v2.2-reviewed exact consumer decision"
"UNESTABLISHED_CONSUMER","neuralHeavyWeight|Room exercises|app/src/main/java/com/training/trackplanner/data/ExerciseMetadataMapper.kt#MetadataSource","1","No v2.2-reviewed exact consumer decision"
"UNESTABLISHED_CONSUMER","neuralHeavyWeight|Room exercises|app/src/main/java/com/training/trackplanner/data/ExerciseStableKeyMigration.kt#createExerciseTable","1","No v2.2-reviewed exact consumer decision"
"UNESTABLISHED_CONSUMER","neuralHeavyWeight|Room exercises|app/src/main/java/com/training/trackplanner/data/ExerciseStableKeyMigration.kt#insertUnresolvedExercise","1","No v2.2-reviewed exact consumer decision"
"UNESTABLISHED_CONSUMER","neuralHeavyWeight|Room exercises|app/src/main/java/com/training/trackplanner/data/ExerciseStableKeyMigration.kt#migrate","1","No v2.2-reviewed exact consumer decision"
"UNESTABLISHED_CONSUMER","neuralHeavyWeight|Room exercises|app/src/main/java/com/training/trackplanner/data/MetadataSanityChecker.kt#check","1","No v2.2-reviewed exact consumer decision"
"UNESTABLISHED_CONSUMER","neuralHeavyWeight|Room exercises|app/src/main/java/com/training/trackplanner/data/MetadataSanityChecker.kt#Exercise","1","No v2.2-reviewed exact consumer decision"
"UNESTABLISHED_CONSUMER","neuralHeavyWeight|Room exercises|app/src/main/java/com/training/trackplanner/data/RuntimeExerciseMetadataResolver.kt#Exercise","1","No v2.2-reviewed exact consumer decision"
"UNESTABLISHED_CONSUMER","neuralHeavyWeight|Room exercises|app/src/main/java/com/training/trackplanner/data/RuntimeExerciseMetadataResolver.kt#forExercise","1","No v2.2-reviewed exact consumer decision"
"UNESTABLISHED_CONSUMER","neuralHeavyWeight|Room exercises|app/src/main/java/com/training/trackplanner/data/TrainingDatabase.kt#migrate","1","No v2.2-reviewed exact consumer decision"
"UNESTABLISHED_CONSUMER","neuralHeavyWeight|Room exercises|app/src/main/java/com/training/trackplanner/data/TrainingRoleSplitMigration.kt#createExercisesWithoutLegacyRole","1","No v2.2-reviewed exact consumer decision"
"UNESTABLISHED_CONSUMER","neuralHeavyWeight|Room exercises|app/src/main/java/com/training/trackplanner/data/TrainingRoleSplitMigration.kt#migrateIntrinsicTrainingRoles","1","No v2.2-reviewed exact consumer decision"
"UNESTABLISHED_CONSUMER","neuralSpeedWeight|Room exercises|app/src/main/java/com/training/trackplanner/analysis/badminton/BadmintonTransferMetadataMapper.kt#fatigueCost","1","No v2.2-reviewed exact consumer decision"
"UNESTABLISHED_CONSUMER","neuralSpeedWeight|Room exercises|app/src/main/java/com/training/trackplanner/analysis/badminton/BadmintonTransferMetadataMapper.kt#legacyTransferAxesForAudit","1","No v2.2-reviewed exact consumer decision"
"UNESTABLISHED_CONSUMER","neuralSpeedWeight|Room exercises|app/src/main/java/com/training/trackplanner/analysis/core/AnalysisInputCollector.kt#Exercise","1","No v2.2-reviewed exact consumer decision"
"UNESTABLISHED_CONSUMER","neuralSpeedWeight|Room exercises|app/src/main/java/com/training/trackplanner/analysis/core/AnalysisInputSnapshot.kt#AnalysisExerciseMetadata","1","No v2.2-reviewed exact consumer decision"
"UNESTABLISHED_CONSUMER","neuralSpeedWeight|Room exercises|app/src/main/java/com/training/trackplanner/analysis/fatigue/DailyFatigueCalculator.kt#level","1","No v2.2-reviewed exact consumer decision"
"UNESTABLISHED_CONSUMER","neuralSpeedWeight|Room exercises|app/src/main/java/com/training/trackplanner/analysis/features/ExerciseAnalysisMapper.kt#AnalysisExerciseFeatures","1","No v2.2-reviewed exact consumer decision"
"UNESTABLISHED_CONSUMER","neuralSpeedWeight|Room exercises|app/src/main/java/com/training/trackplanner/analysis/features/ExerciseAnalysisMapper.kt#fromRecord","1","No v2.2-reviewed exact consumer decision"
"UNESTABLISHED_CONSUMER","neuralSpeedWeight|Room exercises|app/src/main/java/com/training/trackplanner/analysis/readiness/DailyAnalysisLoadAggregator.kt#aggregate","1","No v2.2-reviewed exact consumer decision"
"UNESTABLISHED_CONSUMER","neuralSpeedWeight|Room exercises|app/src/main/java/com/training/trackplanner/data/CanonicalExerciseMetadataRepository.kt#exerciseFrom","1","No v2.2-reviewed exact consumer decision"
"UNESTABLISHED_CONSUMER","neuralSpeedWeight|Room exercises|app/src/main/java/com/training/trackplanner/data/Entities.kt#Exercise","1","No v2.2-reviewed exact consumer decision"
"UNESTABLISHED_CONSUMER","neuralSpeedWeight|Room exercises|app/src/main/java/com/training/trackplanner/data/ExerciseMetadataBackupContract.kt#ExerciseMetadataFieldPolicyRegistry","1","No v2.2-reviewed exact consumer decision"
"UNESTABLISHED_CONSUMER","neuralSpeedWeight|Room exercises|app/src/main/java/com/training/trackplanner/data/ExerciseMetadataBackupContract.kt#normalize","1","No v2.2-reviewed exact consumer decision"
"UNESTABLISHED_CONSUMER","neuralSpeedWeight|Room exercises|app/src/main/java/com/training/trackplanner/data/ExerciseMetadataMapper.kt#applyMetadata","1","No v2.2-reviewed exact consumer decision"
"UNESTABLISHED_CONSUMER","neuralSpeedWeight|Room exercises|app/src/main/java/com/training/trackplanner/data/ExerciseMetadataMapper.kt#FatigueWeights","1","No v2.2-reviewed exact consumer decision"
"UNESTABLISHED_CONSUMER","neuralSpeedWeight|Room exercises|app/src/main/java/com/training/trackplanner/data/ExerciseMetadataMapper.kt#MetadataSource","1","No v2.2-reviewed exact consumer decision"
"UNESTABLISHED_CONSUMER","neuralSpeedWeight|Room exercises|app/src/main/java/com/training/trackplanner/data/ExerciseStableKeyMigration.kt#createExerciseTable","1","No v2.2-reviewed exact consumer decision"
"UNESTABLISHED_CONSUMER","neuralSpeedWeight|Room exercises|app/src/main/java/com/training/trackplanner/data/ExerciseStableKeyMigration.kt#insertUnresolvedExercise","1","No v2.2-reviewed exact consumer decision"
"UNESTABLISHED_CONSUMER","neuralSpeedWeight|Room exercises|app/src/main/java/com/training/trackplanner/data/ExerciseStableKeyMigration.kt#migrate","1","No v2.2-reviewed exact consumer decision"
"UNESTABLISHED_CONSUMER","neuralSpeedWeight|Room exercises|app/src/main/java/com/training/trackplanner/data/MetadataSanityChecker.kt#check","1","No v2.2-reviewed exact consumer decision"
"UNESTABLISHED_CONSUMER","neuralSpeedWeight|Room exercises|app/src/main/java/com/training/trackplanner/data/MetadataSanityChecker.kt#Exercise","1","No v2.2-reviewed exact consumer decision"
"UNESTABLISHED_CONSUMER","neuralSpeedWeight|Room exercises|app/src/main/java/com/training/trackplanner/data/RuntimeExerciseMetadataResolver.kt#Exercise","1","No v2.2-reviewed exact consumer decision"
"UNESTABLISHED_CONSUMER","neuralSpeedWeight|Room exercises|app/src/main/java/com/training/trackplanner/data/RuntimeExerciseMetadataResolver.kt#forExercise","1","No v2.2-reviewed exact consumer decision"
"UNESTABLISHED_CONSUMER","neuralSpeedWeight|Room exercises|app/src/main/java/com/training/trackplanner/data/TrainingDatabase.kt#migrate","1","No v2.2-reviewed exact consumer decision"
"UNESTABLISHED_CONSUMER","neuralSpeedWeight|Room exercises|app/src/main/java/com/training/trackplanner/data/TrainingRoleSplitMigration.kt#createExercisesWithoutLegacyRole","1","No v2.2-reviewed exact consumer decision"
"UNESTABLISHED_CONSUMER","neuralSpeedWeight|Room exercises|app/src/main/java/com/training/trackplanner/data/TrainingRoleSplitMigration.kt#migrateIntrinsicTrainingRoles","1","No v2.2-reviewed exact consumer decision"
"UNESTABLISHED_CONSUMER","neuromuscularStressLevel|canonical asset plus Room runtime_exercise_metadata override|app/src/main/java/com/training/trackplanner/analysis/core/AnalysisInputCollector.kt#Exercise","1","No v2.2-reviewed exact consumer decision"
"UNESTABLISHED_CONSUMER","neuromuscularStressLevel|canonical asset plus Room runtime_exercise_metadata override|app/src/main/java/com/training/trackplanner/analysis/core/AnalysisInputSnapshot.kt#AnalysisExerciseMetadata","1","No v2.2-reviewed exact consumer decision"
"UNESTABLISHED_CONSUMER","neuromuscularStressLevel|canonical asset plus Room runtime_exercise_metadata override|app/src/main/java/com/training/trackplanner/analysis/features/ExerciseAnalysisMapper.kt#AnalysisExerciseFeatures","1","No v2.2-reviewed exact consumer decision"
"UNESTABLISHED_CONSUMER","neuromuscularStressLevel|canonical asset plus Room runtime_exercise_metadata override|app/src/main/java/com/training/trackplanner/analysis/features/ExerciseAnalysisMapper.kt#fromRecord","1","No v2.2-reviewed exact consumer decision"
"UNESTABLISHED_CONSUMER","neuromuscularStressLevel|canonical asset plus Room runtime_exercise_metadata override|app/src/main/java/com/training/trackplanner/analysis/readiness/DailyAnalysisLoadAggregator.kt#aggregate","1","No v2.2-reviewed exact consumer decision"
"UNESTABLISHED_CONSUMER","neuromuscularStressLevel|canonical asset plus Room runtime_exercise_metadata override|app/src/main/java/com/training/trackplanner/CommonUi.kt#Exercise","1","No v2.2-reviewed exact consumer decision"
"UNESTABLISHED_CONSUMER","neuromuscularStressLevel|canonical asset plus Room runtime_exercise_metadata override|app/src/main/java/com/training/trackplanner/data/ExerciseMetadataAdapter.kt#fromFields","1","No v2.2-reviewed exact consumer decision"
"UNESTABLISHED_CONSUMER","neuromuscularStressLevel|canonical asset plus Room runtime_exercise_metadata override|app/src/main/java/com/training/trackplanner/data/ExerciseMetadataAdapter.kt#RuntimeExerciseMetadata","1","No v2.2-reviewed exact consumer decision"
"UNESTABLISHED_CONSUMER","neuromuscularStressLevel|canonical asset plus Room runtime_exercise_metadata override|app/src/main/java/com/training/trackplanner/data/ExerciseMetadataBackupContract.kt#ExerciseMetadataFieldPolicyRegistry","1","No v2.2-reviewed exact consumer decision"
"UNESTABLISHED_CONSUMER","neuromuscularStressLevel|canonical asset plus Room runtime_exercise_metadata override|app/src/main/java/com/training/trackplanner/data/ExerciseMetadataBackupContract.kt#normalize","1","No v2.2-reviewed exact consumer decision"
"UNESTABLISHED_CONSUMER","neuromuscularStressLevel|canonical asset plus Room runtime_exercise_metadata override|app/src/main/java/com/training/trackplanner/data/ProgramBuilder.kt#build","1","No v2.2-reviewed exact consumer decision"
"UNESTABLISHED_CONSUMER","neuromuscularStressLevel|canonical asset plus Room runtime_exercise_metadata override|app/src/main/java/com/training/trackplanner/data/ProgramBuilder.kt#GeneratedProgramSkeleton","1","No v2.2-reviewed exact consumer decision"
"UNESTABLISHED_CONSUMER","neuromuscularStressLevel|canonical asset plus Room runtime_exercise_metadata override|app/src/main/java/com/training/trackplanner/data/ProgramBuilder.kt#ProgramSkeletonItem","1","No v2.2-reviewed exact consumer decision"
"UNESTABLISHED_CONSUMER","neuromuscularStressLevel|canonical asset plus Room runtime_exercise_metadata override|app/src/main/java/com/training/trackplanner/data/ProgramBuilderValidation.kt#validateRollingFatigue","1","No v2.2-reviewed exact consumer decision"
"UNESTABLISHED_CONSUMER","neuromuscularStressLevel|canonical asset plus Room runtime_exercise_metadata override|app/src/main/java/com/training/trackplanner/data/ProgramDayIntensityPolicy.kt#isHighLowerStress","1","No v2.2-reviewed exact consumer decision"
"UNESTABLISHED_CONSUMER","neuromuscularStressLevel|canonical asset plus Room runtime_exercise_metadata override|app/src/main/java/com/training/trackplanner/data/ProgramIssueDrivenRerankPolicy.kt#ProgramSkeletonItem","1","No v2.2-reviewed exact consumer decision"
"UNESTABLISHED_CONSUMER","neuromuscularStressLevel|canonical asset plus Room runtime_exercise_metadata override|app/src/main/java/com/training/trackplanner/data/ProgramRepairPolicy.kt#isHighLowerStress","1","No v2.2-reviewed exact consumer decision"
"UNESTABLISHED_CONSUMER","neuromuscularStressLevel|canonical asset plus Room runtime_exercise_metadata override|app/src/main/java/com/training/trackplanner/data/ProgramRepairPolicy.kt#softenFirstAdjacentHighLowerDay","1","No v2.2-reviewed exact consumer decision"
"UNESTABLISHED_CONSUMER","neuromuscularStressLevel|canonical asset plus Room runtime_exercise_metadata override|app/src/main/java/com/training/trackplanner/data/ProgramSkeletonGenerator.kt#ProgramSkeletonItem","1","No v2.2-reviewed exact consumer decision"
"UNESTABLISHED_CONSUMER","neuromuscularStressLevel|canonical asset plus Room runtime_exercise_metadata override|app/src/main/java/com/training/trackplanner/data/RecordCsvBackupRestore.kt#appendStrengthRow","1","No v2.2-reviewed exact consumer decision"
"UNESTABLISHED_CONSUMER","neuromuscularStressLevel|canonical asset plus Room runtime_exercise_metadata override|app/src/main/java/com/training/trackplanner/data/RecordCsvBackupRestore.kt#legacyRuntimeSnapshotRows","1","No v2.2-reviewed exact consumer decision"
"UNESTABLISHED_CONSUMER","neuromuscularStressLevel|canonical asset plus Room runtime_exercise_metadata override|app/src/main/java/com/training/trackplanner/data/RecordCsvBackupRestore.kt#value","1","No v2.2-reviewed exact consumer decision"
"UNESTABLISHED_CONSUMER","neuromuscularStressLevel|canonical asset plus Room runtime_exercise_metadata override|app/src/main/java/com/training/trackplanner/data/RuntimeExerciseMetadataPersistence.kt#RuntimeExerciseMetadata","1","No v2.2-reviewed exact consumer decision"
"UNESTABLISHED_CONSUMER","neuromuscularStressLevel|canonical asset plus Room runtime_exercise_metadata override|app/src/main/java/com/training/trackplanner/data/RuntimeExerciseMetadataPersistence.kt#RuntimeExerciseMetadataEntity","1","No v2.2-reviewed exact consumer decision"
"UNESTABLISHED_CONSUMER","neuromuscularStressLevel|canonical asset plus Room runtime_exercise_metadata override|app/src/main/java/com/training/trackplanner/data/RuntimeExerciseMetadataResolver.kt#forExercise","1","No v2.2-reviewed exact consumer decision"
"UNESTABLISHED_CONSUMER","neuromuscularStressLevel|canonical asset plus Room runtime_exercise_metadata override|app/src/main/java/com/training/trackplanner/data/RuntimeExerciseMetadataResolver.kt#forIdentity","1","No v2.2-reviewed exact consumer decision"
"UNESTABLISHED_CONSUMER","neuromuscularStressLevel|canonical asset plus Room runtime_exercise_metadata override|app/src/main/java/com/training/trackplanner/data/RuntimeExerciseMetadataResolver.kt#merged","1","No v2.2-reviewed exact consumer decision"
"UNESTABLISHED_CONSUMER","neuromuscularStressLevel|canonical asset plus Room runtime_exercise_metadata override|app/src/main/java/com/training/trackplanner/data/TrainingDatabase.kt#migrate","1","No v2.2-reviewed exact consumer decision"
"UNESTABLISHED_CONSUMER","neuromuscularStressLevel|canonical asset plus Room runtime_exercise_metadata override|app/src/main/java/com/training/trackplanner/MetadataDisplayCatalogue.kt#MetadataDisplayField","1","No v2.2-reviewed exact consumer decision"
"UNESTABLISHED_CONSUMER","neuromuscularStressLevel|canonical asset plus Room runtime_exercise_metadata override|app/src/main/java/com/training/trackplanner/PlanGeneratedPreview.kt#draftItemForExercise","1","No v2.2-reviewed exact consumer decision"
"UNESTABLISHED_CONSUMER","neuromuscularStressLevel|canonical asset plus Room runtime_exercise_metadata override|app/src/main/java/com/training/trackplanner/RuntimeMetadataExerciseEditorDialog.kt#joinExerciseTokens","1","No v2.2-reviewed exact consumer decision"
"UNESTABLISHED_CONSUMER","overheadSwingWeight|Room exercises|app/src/main/java/com/training/trackplanner/analysis/core/AnalysisInputCollector.kt#Exercise","1","No v2.2-reviewed exact consumer decision"
"UNESTABLISHED_CONSUMER","overheadSwingWeight|Room exercises|app/src/main/java/com/training/trackplanner/analysis/core/AnalysisInputSnapshot.kt#AnalysisExerciseMetadata","1","No v2.2-reviewed exact consumer decision"
"UNESTABLISHED_CONSUMER","overheadSwingWeight|Room exercises|app/src/main/java/com/training/trackplanner/analysis/features/ExerciseAnalysisMapper.kt#AnalysisExerciseFeatures","1","No v2.2-reviewed exact consumer decision"
"UNESTABLISHED_CONSUMER","overheadSwingWeight|Room exercises|app/src/main/java/com/training/trackplanner/analysis/features/ExerciseAnalysisMapper.kt#fromRecord","1","No v2.2-reviewed exact consumer decision"
"UNESTABLISHED_CONSUMER","overheadSwingWeight|Room exercises|app/src/main/java/com/training/trackplanner/analysis/readiness/DailyAnalysisLoadAggregator.kt#aggregate","1","No v2.2-reviewed exact consumer decision"
"UNESTABLISHED_CONSUMER","overheadSwingWeight|Room exercises|app/src/main/java/com/training/trackplanner/data/CanonicalExerciseMetadataRepository.kt#exerciseFrom","1","No v2.2-reviewed exact consumer decision"
"UNESTABLISHED_CONSUMER","overheadSwingWeight|Room exercises|app/src/main/java/com/training/trackplanner/data/Entities.kt#Exercise","1","No v2.2-reviewed exact consumer decision"
"UNESTABLISHED_CONSUMER","overheadSwingWeight|Room exercises|app/src/main/java/com/training/trackplanner/data/ExerciseMetadataBackupContract.kt#ExerciseMetadataFieldPolicyRegistry","1","No v2.2-reviewed exact consumer decision"
"UNESTABLISHED_CONSUMER","overheadSwingWeight|Room exercises|app/src/main/java/com/training/trackplanner/data/ExerciseMetadataBackupContract.kt#normalize","1","No v2.2-reviewed exact consumer decision"
"UNESTABLISHED_CONSUMER","overheadSwingWeight|Room exercises|app/src/main/java/com/training/trackplanner/data/ExerciseMetadataMapper.kt#applyMetadata","1","No v2.2-reviewed exact consumer decision"
"UNESTABLISHED_CONSUMER","overheadSwingWeight|Room exercises|app/src/main/java/com/training/trackplanner/data/ExerciseMetadataMapper.kt#FatigueWeights","1","No v2.2-reviewed exact consumer decision"
"UNESTABLISHED_CONSUMER","overheadSwingWeight|Room exercises|app/src/main/java/com/training/trackplanner/data/ExerciseMetadataMapper.kt#MetadataSource","1","No v2.2-reviewed exact consumer decision"
"UNESTABLISHED_CONSUMER","overheadSwingWeight|Room exercises|app/src/main/java/com/training/trackplanner/data/ExerciseStableKeyMigration.kt#createExerciseTable","1","No v2.2-reviewed exact consumer decision"
"UNESTABLISHED_CONSUMER","overheadSwingWeight|Room exercises|app/src/main/java/com/training/trackplanner/data/ExerciseStableKeyMigration.kt#insertUnresolvedExercise","1","No v2.2-reviewed exact consumer decision"
"UNESTABLISHED_CONSUMER","overheadSwingWeight|Room exercises|app/src/main/java/com/training/trackplanner/data/ExerciseStableKeyMigration.kt#migrate","1","No v2.2-reviewed exact consumer decision"
"UNESTABLISHED_CONSUMER","overheadSwingWeight|Room exercises|app/src/main/java/com/training/trackplanner/data/MetadataSanityChecker.kt#check","1","No v2.2-reviewed exact consumer decision"
"UNESTABLISHED_CONSUMER","overheadSwingWeight|Room exercises|app/src/main/java/com/training/trackplanner/data/MetadataSanityChecker.kt#Exercise","1","No v2.2-reviewed exact consumer decision"
"UNESTABLISHED_CONSUMER","overheadSwingWeight|Room exercises|app/src/main/java/com/training/trackplanner/data/RuntimeExerciseMetadataResolver.kt#Exercise","1","No v2.2-reviewed exact consumer decision"
"UNESTABLISHED_CONSUMER","overheadSwingWeight|Room exercises|app/src/main/java/com/training/trackplanner/data/TrainingDatabase.kt#migrate","1","No v2.2-reviewed exact consumer decision"
"UNESTABLISHED_CONSUMER","overheadSwingWeight|Room exercises|app/src/main/java/com/training/trackplanner/data/TrainingRoleSplitMigration.kt#createExercisesWithoutLegacyRole","1","No v2.2-reviewed exact consumer decision"
"UNESTABLISHED_CONSUMER","overheadSwingWeight|Room exercises|app/src/main/java/com/training/trackplanner/data/TrainingRoleSplitMigration.kt#migrateIntrinsicTrainingRoles","1","No v2.2-reviewed exact consumer decision"
"UNESTABLISHED_CONSUMER","plane|Room exercises|app/src/main/java/com/training/trackplanner/analysis/badminton/BadmintonTransferMetadataMapper.kt#legacyTransferAxesForAudit","1","No v2.2-reviewed exact consumer decision"
"UNESTABLISHED_CONSUMER","plane|Room exercises|app/src/main/java/com/training/trackplanner/analysis/core/AnalysisInputCollector.kt#Exercise","1","No v2.2-reviewed exact consumer decision"
"UNESTABLISHED_CONSUMER","plane|Room exercises|app/src/main/java/com/training/trackplanner/analysis/core/AnalysisInputSnapshot.kt#AnalysisExerciseMetadata","1","No v2.2-reviewed exact consumer decision"
"UNESTABLISHED_CONSUMER","plane|Room exercises|app/src/main/java/com/training/trackplanner/analysis/features/ExerciseAnalysisMapper.kt#AnalysisExerciseFeatures","1","No v2.2-reviewed exact consumer decision"
"UNESTABLISHED_CONSUMER","plane|Room exercises|app/src/main/java/com/training/trackplanner/analysis/features/ExerciseAnalysisMapper.kt#fromRecord","1","No v2.2-reviewed exact consumer decision"
"UNESTABLISHED_CONSUMER","plane|Room exercises|app/src/main/java/com/training/trackplanner/analysis/features/MetadataReadinessReporter.kt#Exercise","1","No v2.2-reviewed exact consumer decision"
"UNESTABLISHED_CONSUMER","plane|Room exercises|app/src/main/java/com/training/trackplanner/analysis/metrics/CommonTaxonomyMetrics.kt#calculate","1","No v2.2-reviewed exact consumer decision"
"UNESTABLISHED_CONSUMER","plane|Room exercises|app/src/main/java/com/training/trackplanner/data/BackupRestoreCanonicalizer.kt#minimalStub","1","No v2.2-reviewed exact consumer decision"
"UNESTABLISHED_CONSUMER","plane|Room exercises|app/src/main/java/com/training/trackplanner/data/BackupRestoreImportService.kt#Exercise","1","No v2.2-reviewed exact consumer decision"
"UNESTABLISHED_CONSUMER","plane|Room exercises|app/src/main/java/com/training/trackplanner/data/BackupRestoreImportService.kt#RestoreExerciseRow","1","No v2.2-reviewed exact consumer decision"
"UNESTABLISHED_CONSUMER","plane|Room exercises|app/src/main/java/com/training/trackplanner/data/CanonicalExerciseMetadataRepository.kt#exerciseFrom","1","No v2.2-reviewed exact consumer decision"
"UNESTABLISHED_CONSUMER","plane|Room exercises|app/src/main/java/com/training/trackplanner/data/Entities.kt#Exercise","1","No v2.2-reviewed exact consumer decision"
"UNESTABLISHED_CONSUMER","plane|Room exercises|app/src/main/java/com/training/trackplanner/data/ExerciseMetadataBackupContract.kt#ExerciseMetadataFieldPolicyRegistry","1","No v2.2-reviewed exact consumer decision"
"UNESTABLISHED_CONSUMER","plane|Room exercises|app/src/main/java/com/training/trackplanner/data/ExerciseMetadataBackupContract.kt#normalize","1","No v2.2-reviewed exact consumer decision"
"UNESTABLISHED_CONSUMER","plane|Room exercises|app/src/main/java/com/training/trackplanner/data/ExerciseMetadataMapper.kt#applyLegacyMetadata","1","No v2.2-reviewed exact consumer decision"
"UNESTABLISHED_CONSUMER","plane|Room exercises|app/src/main/java/com/training/trackplanner/data/ExerciseMetadataMapper.kt#applyMetadata","1","No v2.2-reviewed exact consumer decision"
"UNESTABLISHED_CONSUMER","plane|Room exercises|app/src/main/java/com/training/trackplanner/data/ExerciseMetadataMapper.kt#from","1","No v2.2-reviewed exact consumer decision"
"UNESTABLISHED_CONSUMER","plane|Room exercises|app/src/main/java/com/training/trackplanner/data/ExerciseMetadataMapper.kt#MetadataSource","1","No v2.2-reviewed exact consumer decision"
"UNESTABLISHED_CONSUMER","plane|Room exercises|app/src/main/java/com/training/trackplanner/data/ExerciseMetadataTaxonomy.kt#Plane","1","No v2.2-reviewed exact consumer decision"
"UNESTABLISHED_CONSUMER","plane|Room exercises|app/src/main/java/com/training/trackplanner/data/ExerciseStableKeyMigration.kt#createExerciseTable","1","No v2.2-reviewed exact consumer decision"
"UNESTABLISHED_CONSUMER","plane|Room exercises|app/src/main/java/com/training/trackplanner/data/ExerciseStableKeyMigration.kt#insertUnresolvedExercise","1","No v2.2-reviewed exact consumer decision"
"UNESTABLISHED_CONSUMER","plane|Room exercises|app/src/main/java/com/training/trackplanner/data/ExerciseStableKeyMigration.kt#migrate","1","No v2.2-reviewed exact consumer decision"
"UNESTABLISHED_CONSUMER","plane|Room exercises|app/src/main/java/com/training/trackplanner/data/MetadataSanityChecker.kt#Exercise","1","No v2.2-reviewed exact consumer decision"
"UNESTABLISHED_CONSUMER","plane|Room exercises|app/src/main/java/com/training/trackplanner/data/RecordCsvBackupRestore.kt#appendStrengthRow","1","No v2.2-reviewed exact consumer decision"
"UNESTABLISHED_CONSUMER","plane|Room exercises|app/src/main/java/com/training/trackplanner/data/RecordCsvBackupRestore.kt#legacyExerciseSnapshotRows","1","No v2.2-reviewed exact consumer decision"
"UNESTABLISHED_CONSUMER","plane|Room exercises|app/src/main/java/com/training/trackplanner/data/RecordCsvBackupRestore.kt#RecordCsvBackupRestore","1","No v2.2-reviewed exact consumer decision"
"UNESTABLISHED_CONSUMER","plane|Room exercises|app/src/main/java/com/training/trackplanner/data/RecordCsvBackupRestore.kt#RestoreExerciseRow","1","No v2.2-reviewed exact consumer decision"
"UNESTABLISHED_CONSUMER","plane|Room exercises|app/src/main/java/com/training/trackplanner/data/RecordCsvBackupRestore.kt#value","1","No v2.2-reviewed exact consumer decision"
"UNESTABLISHED_CONSUMER","plane|Room exercises|app/src/main/java/com/training/trackplanner/data/RuntimeExerciseMetadataResolver.kt#Exercise","1","No v2.2-reviewed exact consumer decision"
"UNESTABLISHED_CONSUMER","plane|Room exercises|app/src/main/java/com/training/trackplanner/data/SeedData.kt#exactExerciseMetadataFromParsedRows","1","No v2.2-reviewed exact consumer decision"
"UNESTABLISHED_CONSUMER","plane|Room exercises|app/src/main/java/com/training/trackplanner/data/SeedData.kt#exerciseFromCsv","1","No v2.2-reviewed exact consumer decision"
"UNESTABLISHED_CONSUMER","plane|Room exercises|app/src/main/java/com/training/trackplanner/data/SeedData.kt#validateCatalog","1","No v2.2-reviewed exact consumer decision"
"UNESTABLISHED_CONSUMER","plane|Room exercises|app/src/main/java/com/training/trackplanner/data/TrainingDatabase.kt#migrate","1","No v2.2-reviewed exact consumer decision"
"UNESTABLISHED_CONSUMER","plane|Room exercises|app/src/main/java/com/training/trackplanner/data/TrainingRepository.kt#Exercise","1","No v2.2-reviewed exact consumer decision"
"UNESTABLISHED_CONSUMER","plane|Room exercises|app/src/main/java/com/training/trackplanner/data/TrainingRepository.kt#findOrCreateImportedExercise","1","No v2.2-reviewed exact consumer decision"
"UNESTABLISHED_CONSUMER","plane|Room exercises|app/src/main/java/com/training/trackplanner/data/TrainingRepository.kt#legacyUpsertRestoredExercise","1","No v2.2-reviewed exact consumer decision"
"UNESTABLISHED_CONSUMER","plane|Room exercises|app/src/main/java/com/training/trackplanner/data/TrainingRepository.kt#String","1","No v2.2-reviewed exact consumer decision"
"UNESTABLISHED_CONSUMER","plane|Room exercises|app/src/main/java/com/training/trackplanner/data/TrainingRoleSplitMigration.kt#createExercisesWithoutLegacyRole","1","No v2.2-reviewed exact consumer decision"
"UNESTABLISHED_CONSUMER","plane|Room exercises|app/src/main/java/com/training/trackplanner/data/TrainingRoleSplitMigration.kt#migrateIntrinsicTrainingRoles","1","No v2.2-reviewed exact consumer decision"
"UNESTABLISHED_CONSUMER","plane|Room exercises|app/src/main/java/com/training/trackplanner/MetadataDisplayCatalogue.kt#MetadataDisplayField","1","No v2.2-reviewed exact consumer decision"
"UNESTABLISHED_CONSUMER","planningEligibility|canonical asset plus Room runtime_exercise_metadata override|app/src/main/java/com/training/trackplanner/analysis/core/AnalysisInputCollector.kt#Exercise","1","No v2.2-reviewed exact consumer decision"
"UNESTABLISHED_CONSUMER","planningEligibility|canonical asset plus Room runtime_exercise_metadata override|app/src/main/java/com/training/trackplanner/analysis/core/AnalysisInputSnapshot.kt#AnalysisExerciseMetadata","1","No v2.2-reviewed exact consumer decision"
"UNESTABLISHED_CONSUMER","planningEligibility|canonical asset plus Room runtime_exercise_metadata override|app/src/main/java/com/training/trackplanner/data/BackupRestoreCanonicalizer.kt#resolve","1","No v2.2-reviewed exact consumer decision"
"UNESTABLISHED_CONSUMER","planningEligibility|canonical asset plus Room runtime_exercise_metadata override|app/src/main/java/com/training/trackplanner/data/BackupRestoreImportService.kt#restoreCurrentBuiltInExercise","1","No v2.2-reviewed exact consumer decision"
"UNESTABLISHED_CONSUMER","planningEligibility|canonical asset plus Room runtime_exercise_metadata override|app/src/main/java/com/training/trackplanner/data/BackupRestoreImportService.kt#restoreExercise","1","No v2.2-reviewed exact consumer decision"
"UNESTABLISHED_CONSUMER","planningEligibility|canonical asset plus Room runtime_exercise_metadata override|app/src/main/java/com/training/trackplanner/data/CanonicalExerciseMetadataRepository.kt#CanonicalExerciseMetadataRepository","1","No v2.2-reviewed exact consumer decision"
"UNESTABLISHED_CONSUMER","planningEligibility|canonical asset plus Room runtime_exercise_metadata override|app/src/main/java/com/training/trackplanner/data/CanonicalExerciseMetadataRepository.kt#exerciseFrom","1","No v2.2-reviewed exact consumer decision"
"UNESTABLISHED_CONSUMER","planningEligibility|canonical asset plus Room runtime_exercise_metadata override|app/src/main/java/com/training/trackplanner/data/Entities.kt#Exercise","1","No v2.2-reviewed exact consumer decision"
"UNESTABLISHED_CONSUMER","planningEligibility|canonical asset plus Room runtime_exercise_metadata override|app/src/main/java/com/training/trackplanner/data/ExerciseMetadataAdapter.kt#fromFields","1","No v2.2-reviewed exact consumer decision"
"UNESTABLISHED_CONSUMER","planningEligibility|canonical asset plus Room runtime_exercise_metadata override|app/src/main/java/com/training/trackplanner/data/ExerciseMetadataAdapter.kt#RuntimeExerciseMetadata","1","No v2.2-reviewed exact consumer decision"
"UNESTABLISHED_CONSUMER","planningEligibility|canonical asset plus Room runtime_exercise_metadata override|app/src/main/java/com/training/trackplanner/data/ExerciseMetadataBackupContract.kt#ExerciseMetadataFieldPolicyRegistry","1","No v2.2-reviewed exact consumer decision"
"UNESTABLISHED_CONSUMER","planningEligibility|canonical asset plus Room runtime_exercise_metadata override|app/src/main/java/com/training/trackplanner/data/ExerciseMetadataBackupContract.kt#normalize","1","No v2.2-reviewed exact consumer decision"
"UNESTABLISHED_CONSUMER","planningEligibility|canonical asset plus Room runtime_exercise_metadata override|app/src/main/java/com/training/trackplanner/data/ExerciseMetadataEditorService.kt#setExerciseActive","1","No v2.2-reviewed exact consumer decision"
"UNESTABLISHED_CONSUMER","planningEligibility|canonical asset plus Room runtime_exercise_metadata override|app/src/main/java/com/training/trackplanner/data/ExerciseMetadataEffectiveStateResolver.kt#resolve","1","No v2.2-reviewed exact consumer decision"
"UNESTABLISHED_CONSUMER","planningEligibility|canonical asset plus Room runtime_exercise_metadata override|app/src/main/java/com/training/trackplanner/data/ExerciseMetadataTaxonomy.kt#PlanningEligibility","1","No v2.2-reviewed exact consumer decision"
"UNESTABLISHED_CONSUMER","planningEligibility|canonical asset plus Room runtime_exercise_metadata override|app/src/main/java/com/training/trackplanner/data/ExercisePlanning.kt#Exercise","1","No v2.2-reviewed exact consumer decision"
"UNESTABLISHED_CONSUMER","planningEligibility|canonical asset plus Room runtime_exercise_metadata override|app/src/main/java/com/training/trackplanner/data/ExerciseStableKeyMigration.kt#createExerciseTable","1","No v2.2-reviewed exact consumer decision"
"UNESTABLISHED_CONSUMER","planningEligibility|canonical asset plus Room runtime_exercise_metadata override|app/src/main/java/com/training/trackplanner/data/ExerciseStableKeyMigration.kt#insertUnresolvedExercise","1","No v2.2-reviewed exact consumer decision"
"UNESTABLISHED_CONSUMER","planningEligibility|canonical asset plus Room runtime_exercise_metadata override|app/src/main/java/com/training/trackplanner/data/ExerciseStableKeyMigration.kt#migrate","1","No v2.2-reviewed exact consumer decision"
"UNESTABLISHED_CONSUMER","planningEligibility|canonical asset plus Room runtime_exercise_metadata override|app/src/main/java/com/training/trackplanner/data/ProgramCandidate.kt#isProgramSelectable","1","No v2.2-reviewed exact consumer decision"
"UNESTABLISHED_CONSUMER","planningEligibility|canonical asset plus Room runtime_exercise_metadata override|app/src/main/java/com/training/trackplanner/data/ProgramCandidate.kt#ProgramCandidate","1","No v2.2-reviewed exact consumer decision"
"UNESTABLISHED_CONSUMER","planningEligibility|canonical asset plus Room runtime_exercise_metadata override|app/src/main/java/com/training/trackplanner/data/ProgramCandidateInventory.kt#ProgramCandidate","1","No v2.2-reviewed exact consumer decision"
"UNESTABLISHED_CONSUMER","planningEligibility|canonical asset plus Room runtime_exercise_metadata override|app/src/main/java/com/training/trackplanner/data/RecordCsvBackupRestore.kt#appendStrengthRow","1","No v2.2-reviewed exact consumer decision"
"UNESTABLISHED_CONSUMER","planningEligibility|canonical asset plus Room runtime_exercise_metadata override|app/src/main/java/com/training/trackplanner/data/RecordCsvBackupRestore.kt#legacyRuntimeSnapshotRows","1","No v2.2-reviewed exact consumer decision"
"UNESTABLISHED_CONSUMER","planningEligibility|canonical asset plus Room runtime_exercise_metadata override|app/src/main/java/com/training/trackplanner/data/RecordCsvBackupRestore.kt#value","1","No v2.2-reviewed exact consumer decision"
"UNESTABLISHED_CONSUMER","planningEligibility|canonical asset plus Room runtime_exercise_metadata override|app/src/main/java/com/training/trackplanner/data/RuntimeExerciseMetadataPersistence.kt#RuntimeExerciseMetadata","1","No v2.2-reviewed exact consumer decision"
"UNESTABLISHED_CONSUMER","planningEligibility|canonical asset plus Room runtime_exercise_metadata override|app/src/main/java/com/training/trackplanner/data/RuntimeExerciseMetadataPersistence.kt#RuntimeExerciseMetadataEntity","1","No v2.2-reviewed exact consumer decision"
"UNESTABLISHED_CONSUMER","planningEligibility|canonical asset plus Room runtime_exercise_metadata override|app/src/main/java/com/training/trackplanner/data/RuntimeExerciseMetadataResolver.kt#Exercise","1","No v2.2-reviewed exact consumer decision"
"UNESTABLISHED_CONSUMER","planningEligibility|canonical asset plus Room runtime_exercise_metadata override|app/src/main/java/com/training/trackplanner/data/RuntimeExerciseMetadataResolver.kt#forExercise","1","No v2.2-reviewed exact consumer decision"
"UNESTABLISHED_CONSUMER","planningEligibility|canonical asset plus Room runtime_exercise_metadata override|app/src/main/java/com/training/trackplanner/data/RuntimeExerciseMetadataResolver.kt#forIdentity","1","No v2.2-reviewed exact consumer decision"
"UNESTABLISHED_CONSUMER","planningEligibility|canonical asset plus Room runtime_exercise_metadata override|app/src/main/java/com/training/trackplanner/data/RuntimeExerciseMetadataResolver.kt#merged","1","No v2.2-reviewed exact consumer decision"
"UNESTABLISHED_CONSUMER","planningEligibility|canonical asset plus Room runtime_exercise_metadata override|app/src/main/java/com/training/trackplanner/data/RuntimeExerciseMetadataResolver.kt#resolve","1","No v2.2-reviewed exact consumer decision"
"UNESTABLISHED_CONSUMER","planningEligibility|canonical asset plus Room runtime_exercise_metadata override|app/src/main/java/com/training/trackplanner/data/SeedData.kt#exerciseFromCsv","1","No v2.2-reviewed exact consumer decision"
"UNESTABLISHED_CONSUMER","planningEligibility|canonical asset plus Room runtime_exercise_metadata override|app/src/main/java/com/training/trackplanner/data/SeedData.kt#planningEligibilityFor","1","No v2.2-reviewed exact consumer decision"
"UNESTABLISHED_CONSUMER","planningEligibility|canonical asset plus Room runtime_exercise_metadata override|app/src/main/java/com/training/trackplanner/data/TrainingDatabase.kt#migrate","1","No v2.2-reviewed exact consumer decision"
"UNESTABLISHED_CONSUMER","planningEligibility|canonical asset plus Room runtime_exercise_metadata override|app/src/main/java/com/training/trackplanner/data/TrainingRepository.kt#Exercise","1","No v2.2-reviewed exact consumer decision"
"UNESTABLISHED_CONSUMER","planningEligibility|canonical asset plus Room runtime_exercise_metadata override|app/src/main/java/com/training/trackplanner/data/TrainingRepository.kt#legacyUpsertRestoredExercise","1","No v2.2-reviewed exact consumer decision"
"UNESTABLISHED_CONSUMER","planningEligibility|canonical asset plus Room runtime_exercise_metadata override|app/src/main/java/com/training/trackplanner/data/TrainingRoleSplitMigration.kt#createExercisesWithoutLegacyRole","1","No v2.2-reviewed exact consumer decision"
"UNESTABLISHED_CONSUMER","planningEligibility|canonical asset plus Room runtime_exercise_metadata override|app/src/main/java/com/training/trackplanner/data/TrainingRoleSplitMigration.kt#migrateIntrinsicTrainingRoles","1","No v2.2-reviewed exact consumer decision"
"UNESTABLISHED_CONSUMER","planningEligibility|canonical asset plus Room runtime_exercise_metadata override|app/src/main/java/com/training/trackplanner/ExerciseSubcategoryMapper.kt#addStructured","1","No v2.2-reviewed exact consumer decision"
"UNESTABLISHED_CONSUMER","planningEligibility|canonical asset plus Room runtime_exercise_metadata override|app/src/main/java/com/training/trackplanner/MetadataDisplayCatalogue.kt#MetadataDisplayField","1","No v2.2-reviewed exact consumer decision"
"UNESTABLISHED_CONSUMER","planningEligibility|canonical asset plus Room runtime_exercise_metadata override|app/src/main/java/com/training/trackplanner/RuntimeMetadataExerciseEditorDialog.kt#joinExerciseTokens","1","No v2.2-reviewed exact consumer decision"
"UNESTABLISHED_CONSUMER","planningEligibility|Room exercises|app/src/main/java/com/training/trackplanner/analysis/core/AnalysisInputCollector.kt#Exercise","1","No v2.2-reviewed exact consumer decision"
"UNESTABLISHED_CONSUMER","planningEligibility|Room exercises|app/src/main/java/com/training/trackplanner/analysis/core/AnalysisInputSnapshot.kt#AnalysisExerciseMetadata","1","No v2.2-reviewed exact consumer decision"
"UNESTABLISHED_CONSUMER","planningEligibility|Room exercises|app/src/main/java/com/training/trackplanner/data/BackupRestoreCanonicalizer.kt#resolve","1","No v2.2-reviewed exact consumer decision"
"UNESTABLISHED_CONSUMER","planningEligibility|Room exercises|app/src/main/java/com/training/trackplanner/data/BackupRestoreImportService.kt#restoreCurrentBuiltInExercise","1","No v2.2-reviewed exact consumer decision"
"UNESTABLISHED_CONSUMER","planningEligibility|Room exercises|app/src/main/java/com/training/trackplanner/data/BackupRestoreImportService.kt#restoreExercise","1","No v2.2-reviewed exact consumer decision"
"UNESTABLISHED_CONSUMER","planningEligibility|Room exercises|app/src/main/java/com/training/trackplanner/data/CanonicalExerciseMetadataRepository.kt#CanonicalExerciseMetadataRepository","1","No v2.2-reviewed exact consumer decision"
"UNESTABLISHED_CONSUMER","planningEligibility|Room exercises|app/src/main/java/com/training/trackplanner/data/CanonicalExerciseMetadataRepository.kt#exerciseFrom","1","No v2.2-reviewed exact consumer decision"
"UNESTABLISHED_CONSUMER","planningEligibility|Room exercises|app/src/main/java/com/training/trackplanner/data/Entities.kt#Exercise","1","No v2.2-reviewed exact consumer decision"
"UNESTABLISHED_CONSUMER","planningEligibility|Room exercises|app/src/main/java/com/training/trackplanner/data/ExerciseMetadataAdapter.kt#fromFields","1","No v2.2-reviewed exact consumer decision"
"UNESTABLISHED_CONSUMER","planningEligibility|Room exercises|app/src/main/java/com/training/trackplanner/data/ExerciseMetadataAdapter.kt#RuntimeExerciseMetadata","1","No v2.2-reviewed exact consumer decision"
"UNESTABLISHED_CONSUMER","planningEligibility|Room exercises|app/src/main/java/com/training/trackplanner/data/ExerciseMetadataBackupContract.kt#ExerciseMetadataFieldPolicyRegistry","1","No v2.2-reviewed exact consumer decision"
"UNESTABLISHED_CONSUMER","planningEligibility|Room exercises|app/src/main/java/com/training/trackplanner/data/ExerciseMetadataBackupContract.kt#normalize","1","No v2.2-reviewed exact consumer decision"
"UNESTABLISHED_CONSUMER","planningEligibility|Room exercises|app/src/main/java/com/training/trackplanner/data/ExerciseMetadataEditorService.kt#setExerciseActive","1","No v2.2-reviewed exact consumer decision"
"UNESTABLISHED_CONSUMER","planningEligibility|Room exercises|app/src/main/java/com/training/trackplanner/data/ExerciseMetadataEffectiveStateResolver.kt#resolve","1","No v2.2-reviewed exact consumer decision"
"UNESTABLISHED_CONSUMER","planningEligibility|Room exercises|app/src/main/java/com/training/trackplanner/data/ExerciseMetadataTaxonomy.kt#PlanningEligibility","1","No v2.2-reviewed exact consumer decision"
"UNESTABLISHED_CONSUMER","planningEligibility|Room exercises|app/src/main/java/com/training/trackplanner/data/ExercisePlanning.kt#Exercise","1","No v2.2-reviewed exact consumer decision"
"UNESTABLISHED_CONSUMER","planningEligibility|Room exercises|app/src/main/java/com/training/trackplanner/data/ExerciseStableKeyMigration.kt#createExerciseTable","1","No v2.2-reviewed exact consumer decision"
"UNESTABLISHED_CONSUMER","planningEligibility|Room exercises|app/src/main/java/com/training/trackplanner/data/ExerciseStableKeyMigration.kt#insertUnresolvedExercise","1","No v2.2-reviewed exact consumer decision"
"UNESTABLISHED_CONSUMER","planningEligibility|Room exercises|app/src/main/java/com/training/trackplanner/data/ExerciseStableKeyMigration.kt#migrate","1","No v2.2-reviewed exact consumer decision"
"UNESTABLISHED_CONSUMER","planningEligibility|Room exercises|app/src/main/java/com/training/trackplanner/data/ProgramCandidate.kt#isProgramSelectable","1","No v2.2-reviewed exact consumer decision"
"UNESTABLISHED_CONSUMER","planningEligibility|Room exercises|app/src/main/java/com/training/trackplanner/data/ProgramCandidate.kt#ProgramCandidate","1","No v2.2-reviewed exact consumer decision"
"UNESTABLISHED_CONSUMER","planningEligibility|Room exercises|app/src/main/java/com/training/trackplanner/data/ProgramCandidateInventory.kt#ProgramCandidate","1","No v2.2-reviewed exact consumer decision"
"UNESTABLISHED_CONSUMER","planningEligibility|Room exercises|app/src/main/java/com/training/trackplanner/data/RecordCsvBackupRestore.kt#appendStrengthRow","1","No v2.2-reviewed exact consumer decision"
"UNESTABLISHED_CONSUMER","planningEligibility|Room exercises|app/src/main/java/com/training/trackplanner/data/RecordCsvBackupRestore.kt#legacyRuntimeSnapshotRows","1","No v2.2-reviewed exact consumer decision"
"UNESTABLISHED_CONSUMER","planningEligibility|Room exercises|app/src/main/java/com/training/trackplanner/data/RecordCsvBackupRestore.kt#value","1","No v2.2-reviewed exact consumer decision"
"UNESTABLISHED_CONSUMER","planningEligibility|Room exercises|app/src/main/java/com/training/trackplanner/data/RuntimeExerciseMetadataPersistence.kt#RuntimeExerciseMetadata","1","No v2.2-reviewed exact consumer decision"
"UNESTABLISHED_CONSUMER","planningEligibility|Room exercises|app/src/main/java/com/training/trackplanner/data/RuntimeExerciseMetadataPersistence.kt#RuntimeExerciseMetadataEntity","1","No v2.2-reviewed exact consumer decision"
"UNESTABLISHED_CONSUMER","planningEligibility|Room exercises|app/src/main/java/com/training/trackplanner/data/RuntimeExerciseMetadataResolver.kt#Exercise","1","No v2.2-reviewed exact consumer decision"
"UNESTABLISHED_CONSUMER","planningEligibility|Room exercises|app/src/main/java/com/training/trackplanner/data/RuntimeExerciseMetadataResolver.kt#forExercise","1","No v2.2-reviewed exact consumer decision"
"UNESTABLISHED_CONSUMER","planningEligibility|Room exercises|app/src/main/java/com/training/trackplanner/data/RuntimeExerciseMetadataResolver.kt#forIdentity","1","No v2.2-reviewed exact consumer decision"
"UNESTABLISHED_CONSUMER","planningEligibility|Room exercises|app/src/main/java/com/training/trackplanner/data/RuntimeExerciseMetadataResolver.kt#merged","1","No v2.2-reviewed exact consumer decision"
"UNESTABLISHED_CONSUMER","planningEligibility|Room exercises|app/src/main/java/com/training/trackplanner/data/RuntimeExerciseMetadataResolver.kt#resolve","1","No v2.2-reviewed exact consumer decision"
"UNESTABLISHED_CONSUMER","planningEligibility|Room exercises|app/src/main/java/com/training/trackplanner/data/SeedData.kt#exerciseFromCsv","1","No v2.2-reviewed exact consumer decision"
"UNESTABLISHED_CONSUMER","planningEligibility|Room exercises|app/src/main/java/com/training/trackplanner/data/SeedData.kt#planningEligibilityFor","1","No v2.2-reviewed exact consumer decision"
"UNESTABLISHED_CONSUMER","planningEligibility|Room exercises|app/src/main/java/com/training/trackplanner/data/TrainingDatabase.kt#migrate","1","No v2.2-reviewed exact consumer decision"
"UNESTABLISHED_CONSUMER","planningEligibility|Room exercises|app/src/main/java/com/training/trackplanner/data/TrainingRepository.kt#Exercise","1","No v2.2-reviewed exact consumer decision"
"UNESTABLISHED_CONSUMER","planningEligibility|Room exercises|app/src/main/java/com/training/trackplanner/data/TrainingRepository.kt#legacyUpsertRestoredExercise","1","No v2.2-reviewed exact consumer decision"
"UNESTABLISHED_CONSUMER","planningEligibility|Room exercises|app/src/main/java/com/training/trackplanner/data/TrainingRoleSplitMigration.kt#createExercisesWithoutLegacyRole","1","No v2.2-reviewed exact consumer decision"
"UNESTABLISHED_CONSUMER","planningEligibility|Room exercises|app/src/main/java/com/training/trackplanner/data/TrainingRoleSplitMigration.kt#migrateIntrinsicTrainingRoles","1","No v2.2-reviewed exact consumer decision"
"UNESTABLISHED_CONSUMER","planningEligibility|Room exercises|app/src/main/java/com/training/trackplanner/ExerciseSubcategoryMapper.kt#addStructured","1","No v2.2-reviewed exact consumer decision"
"UNESTABLISHED_CONSUMER","planningEligibility|Room exercises|app/src/main/java/com/training/trackplanner/MetadataDisplayCatalogue.kt#MetadataDisplayField","1","No v2.2-reviewed exact consumer decision"
"UNESTABLISHED_CONSUMER","planningEligibility|Room exercises|app/src/main/java/com/training/trackplanner/RuntimeMetadataExerciseEditorDialog.kt#joinExerciseTokens","1","No v2.2-reviewed exact consumer decision"
"UNESTABLISHED_CONSUMER","primaryMuscles|Room exercises|app/src/main/java/com/training/trackplanner/analysis/badminton/BadmintonTransferMetadataMapper.kt#legacyTransferAxesForAudit","1","No v2.2-reviewed exact consumer decision"
"UNESTABLISHED_CONSUMER","primaryMuscles|Room exercises|app/src/main/java/com/training/trackplanner/analysis/core/AnalysisInputCollector.kt#Exercise","1","No v2.2-reviewed exact consumer decision"
"UNESTABLISHED_CONSUMER","primaryMuscles|Room exercises|app/src/main/java/com/training/trackplanner/analysis/core/AnalysisInputSnapshot.kt#AnalysisExerciseMetadata","1","No v2.2-reviewed exact consumer decision"
"UNESTABLISHED_CONSUMER","primaryMuscles|Room exercises|app/src/main/java/com/training/trackplanner/analysis/features/ExerciseAnalysisMapper.kt#AnalysisExerciseFeatures","1","No v2.2-reviewed exact consumer decision"
"UNESTABLISHED_CONSUMER","primaryMuscles|Room exercises|app/src/main/java/com/training/trackplanner/analysis/features/ExerciseAnalysisMapper.kt#fromRecord","1","No v2.2-reviewed exact consumer decision"
"UNESTABLISHED_CONSUMER","primaryMuscles|Room exercises|app/src/main/java/com/training/trackplanner/analysis/features/MetadataReadinessReporter.kt#Exercise","1","No v2.2-reviewed exact consumer decision"
"UNESTABLISHED_CONSUMER","primaryMuscles|Room exercises|app/src/main/java/com/training/trackplanner/analysis/lab/MuscleLoadInputBuilder.kt#contributions","1","No v2.2-reviewed exact consumer decision"
"UNESTABLISHED_CONSUMER","primaryMuscles|Room exercises|app/src/main/java/com/training/trackplanner/analysis/metrics/CommonStrengthMetrics.kt#calculate","1","No v2.2-reviewed exact consumer decision"
"UNESTABLISHED_CONSUMER","primaryMuscles|Room exercises|app/src/main/java/com/training/trackplanner/analysis/metrics/CommonTaxonomyMetrics.kt#calculate","1","No v2.2-reviewed exact consumer decision"
"UNESTABLISHED_CONSUMER","primaryMuscles|Room exercises|app/src/main/java/com/training/trackplanner/analysis/readiness/DailyAnalysisLoadAggregator.kt#aggregate","1","No v2.2-reviewed exact consumer decision"
"UNESTABLISHED_CONSUMER","primaryMuscles|Room exercises|app/src/main/java/com/training/trackplanner/analysis/readiness/DailyAnalysisLoadAggregator.kt#bodyPartLoads","1","No v2.2-reviewed exact consumer decision"
"UNESTABLISHED_CONSUMER","primaryMuscles|Room exercises|app/src/main/java/com/training/trackplanner/CommonUi.kt#Exercise","1","No v2.2-reviewed exact consumer decision"
"UNESTABLISHED_CONSUMER","primaryMuscles|Room exercises|app/src/main/java/com/training/trackplanner/CommonUi.kt#ExerciseDetailCard","1","No v2.2-reviewed exact consumer decision"
"UNESTABLISHED_CONSUMER","primaryMuscles|Room exercises|app/src/main/java/com/training/trackplanner/data/BackupRestoreCanonicalizer.kt#minimalStub","1","No v2.2-reviewed exact consumer decision"
"UNESTABLISHED_CONSUMER","primaryMuscles|Room exercises|app/src/main/java/com/training/trackplanner/data/BackupRestoreImportService.kt#Exercise","1","No v2.2-reviewed exact consumer decision"
"UNESTABLISHED_CONSUMER","primaryMuscles|Room exercises|app/src/main/java/com/training/trackplanner/data/BackupRestoreImportService.kt#RestoreExerciseRow","1","No v2.2-reviewed exact consumer decision"
"UNESTABLISHED_CONSUMER","primaryMuscles|Room exercises|app/src/main/java/com/training/trackplanner/data/CanonicalExerciseMetadataRepository.kt#exerciseFrom","1","No v2.2-reviewed exact consumer decision"
"UNESTABLISHED_CONSUMER","primaryMuscles|Room exercises|app/src/main/java/com/training/trackplanner/data/Entities.kt#Exercise","1","No v2.2-reviewed exact consumer decision"
"UNESTABLISHED_CONSUMER","primaryMuscles|Room exercises|app/src/main/java/com/training/trackplanner/data/ExerciseMetadataBackupContract.kt#ExerciseMetadataFieldPolicyRegistry","1","No v2.2-reviewed exact consumer decision"
"UNESTABLISHED_CONSUMER","primaryMuscles|Room exercises|app/src/main/java/com/training/trackplanner/data/ExerciseMetadataBackupContract.kt#normalize","1","No v2.2-reviewed exact consumer decision"
"UNESTABLISHED_CONSUMER","primaryMuscles|Room exercises|app/src/main/java/com/training/trackplanner/data/ExerciseMetadataMapper.kt#from","1","No v2.2-reviewed exact consumer decision"
"UNESTABLISHED_CONSUMER","primaryMuscles|Room exercises|app/src/main/java/com/training/trackplanner/data/ExerciseStableKeyMigration.kt#createExerciseTable","1","No v2.2-reviewed exact consumer decision"
"UNESTABLISHED_CONSUMER","primaryMuscles|Room exercises|app/src/main/java/com/training/trackplanner/data/ExerciseStableKeyMigration.kt#insertUnresolvedExercise","1","No v2.2-reviewed exact consumer decision"
"UNESTABLISHED_CONSUMER","primaryMuscles|Room exercises|app/src/main/java/com/training/trackplanner/data/ExerciseStableKeyMigration.kt#migrate","1","No v2.2-reviewed exact consumer decision"
"UNESTABLISHED_CONSUMER","primaryMuscles|Room exercises|app/src/main/java/com/training/trackplanner/data/MetadataSanityChecker.kt#Exercise","1","No v2.2-reviewed exact consumer decision"
"UNESTABLISHED_CONSUMER","primaryMuscles|Room exercises|app/src/main/java/com/training/trackplanner/data/RecordCsvBackupRestore.kt#appendStrengthRow","1","No v2.2-reviewed exact consumer decision"
"UNESTABLISHED_CONSUMER","primaryMuscles|Room exercises|app/src/main/java/com/training/trackplanner/data/RecordCsvBackupRestore.kt#legacyExerciseSnapshotRows","1","No v2.2-reviewed exact consumer decision"
"UNESTABLISHED_CONSUMER","primaryMuscles|Room exercises|app/src/main/java/com/training/trackplanner/data/RecordCsvBackupRestore.kt#RestoreExerciseRow","1","No v2.2-reviewed exact consumer decision"
"UNESTABLISHED_CONSUMER","primaryMuscles|Room exercises|app/src/main/java/com/training/trackplanner/data/RecordCsvBackupRestore.kt#value","1","No v2.2-reviewed exact consumer decision"
"UNESTABLISHED_CONSUMER","primaryMuscles|Room exercises|app/src/main/java/com/training/trackplanner/data/RuntimeExerciseMetadataResolver.kt#Exercise","1","No v2.2-reviewed exact consumer decision"
"UNESTABLISHED_CONSUMER","primaryMuscles|Room exercises|app/src/main/java/com/training/trackplanner/data/SafeBackupRestore.kt#Exercise","1","No v2.2-reviewed exact consumer decision"
"UNESTABLISHED_CONSUMER","primaryMuscles|Room exercises|app/src/main/java/com/training/trackplanner/data/SafeBackupRestore.kt#RestoreExerciseRow","1","No v2.2-reviewed exact consumer decision"
"UNESTABLISHED_CONSUMER","primaryMuscles|Room exercises|app/src/main/java/com/training/trackplanner/data/SeedData.kt#exactExerciseMetadataFromParsedRows","1","No v2.2-reviewed exact consumer decision"
"UNESTABLISHED_CONSUMER","primaryMuscles|Room exercises|app/src/main/java/com/training/trackplanner/data/SeedData.kt#exerciseFromCsv","1","No v2.2-reviewed exact consumer decision"
"UNESTABLISHED_CONSUMER","primaryMuscles|Room exercises|app/src/main/java/com/training/trackplanner/data/SeedData.kt#validateCatalog","1","No v2.2-reviewed exact consumer decision"
"UNESTABLISHED_CONSUMER","primaryMuscles|Room exercises|app/src/main/java/com/training/trackplanner/data/TrainingRepository.kt#findOrCreateImportedExercise","1","No v2.2-reviewed exact consumer decision"
"UNESTABLISHED_CONSUMER","primaryMuscles|Room exercises|app/src/main/java/com/training/trackplanner/data/TrainingRepository.kt#legacyUpsertRestoredExercise","1","No v2.2-reviewed exact consumer decision"
"UNESTABLISHED_CONSUMER","primaryMuscles|Room exercises|app/src/main/java/com/training/trackplanner/data/TrainingRoleSplitMigration.kt#createExercisesWithoutLegacyRole","1","No v2.2-reviewed exact consumer decision"
"UNESTABLISHED_CONSUMER","primaryMuscles|Room exercises|app/src/main/java/com/training/trackplanner/data/TrainingRoleSplitMigration.kt#migrateIntrinsicTrainingRoles","1","No v2.2-reviewed exact consumer decision"
"UNESTABLISHED_CONSUMER","primaryMuscles|Room exercises|app/src/main/java/com/training/trackplanner/ExerciseSubcategoryMapper.kt#addStructured","1","No v2.2-reviewed exact consumer decision"
"UNESTABLISHED_CONSUMER","primaryMuscles|Room exercises|app/src/main/java/com/training/trackplanner/RuntimeMetadataExerciseEditorDialog.kt#joinExerciseTokens","1","No v2.2-reviewed exact consumer decision"
"UNESTABLISHED_CONSUMER","primaryStressProfile|canonical asset plus Room runtime_exercise_metadata override|app/src/main/java/com/training/trackplanner/analysis/core/AnalysisInputCollector.kt#Exercise","1","No v2.2-reviewed exact consumer decision"
"UNESTABLISHED_CONSUMER","primaryStressProfile|canonical asset plus Room runtime_exercise_metadata override|app/src/main/java/com/training/trackplanner/analysis/core/AnalysisInputSnapshot.kt#AnalysisExerciseMetadata","1","No v2.2-reviewed exact consumer decision"
"UNESTABLISHED_CONSUMER","primaryStressProfile|canonical asset plus Room runtime_exercise_metadata override|app/src/main/java/com/training/trackplanner/analysis/fatigue/DailyFatigueCalculator.kt#from","1","No v2.2-reviewed exact consumer decision"
"UNESTABLISHED_CONSUMER","primaryStressProfile|canonical asset plus Room runtime_exercise_metadata override|app/src/main/java/com/training/trackplanner/analysis/features/ExerciseAnalysisMapper.kt#AnalysisExerciseFeatures","1","No v2.2-reviewed exact consumer decision"
"UNESTABLISHED_CONSUMER","primaryStressProfile|canonical asset plus Room runtime_exercise_metadata override|app/src/main/java/com/training/trackplanner/analysis/features/ExerciseAnalysisMapper.kt#fromRecord","1","No v2.2-reviewed exact consumer decision"
"UNESTABLISHED_CONSUMER","primaryStressProfile|canonical asset plus Room runtime_exercise_metadata override|app/src/main/java/com/training/trackplanner/CommonUi.kt#Exercise","1","No v2.2-reviewed exact consumer decision"
"UNESTABLISHED_CONSUMER","primaryStressProfile|canonical asset plus Room runtime_exercise_metadata override|app/src/main/java/com/training/trackplanner/data/ExerciseMetadataAdapter.kt#broadLegacyFatigueCategories","1","No v2.2-reviewed exact consumer decision"
"UNESTABLISHED_CONSUMER","primaryStressProfile|canonical asset plus Room runtime_exercise_metadata override|app/src/main/java/com/training/trackplanner/data/ExerciseMetadataAdapter.kt#fromFields","1","No v2.2-reviewed exact consumer decision"
"UNESTABLISHED_CONSUMER","primaryStressProfile|canonical asset plus Room runtime_exercise_metadata override|app/src/main/java/com/training/trackplanner/data/ExerciseMetadataAdapter.kt#RuntimeExerciseMetadata","1","No v2.2-reviewed exact consumer decision"
"UNESTABLISHED_CONSUMER","primaryStressProfile|canonical asset plus Room runtime_exercise_metadata override|app/src/main/java/com/training/trackplanner/data/ExerciseMetadataBackupContract.kt#ExerciseMetadataFieldPolicyRegistry","1","No v2.2-reviewed exact consumer decision"
"UNESTABLISHED_CONSUMER","primaryStressProfile|canonical asset plus Room runtime_exercise_metadata override|app/src/main/java/com/training/trackplanner/data/ExerciseMetadataBackupContract.kt#normalize","1","No v2.2-reviewed exact consumer decision"
"UNESTABLISHED_CONSUMER","primaryStressProfile|canonical asset plus Room runtime_exercise_metadata override|app/src/main/java/com/training/trackplanner/data/FatigueSlotPolicy.kt#ProgramCandidate","1","No v2.2-reviewed exact consumer decision"
"UNESTABLISHED_CONSUMER","primaryStressProfile|canonical asset plus Room runtime_exercise_metadata override|app/src/main/java/com/training/trackplanner/data/ProgramBuilder.kt#build","1","No v2.2-reviewed exact consumer decision"
"UNESTABLISHED_CONSUMER","primaryStressProfile|canonical asset plus Room runtime_exercise_metadata override|app/src/main/java/com/training/trackplanner/data/ProgramBuilder.kt#GeneratedProgramSkeleton","1","No v2.2-reviewed exact consumer decision"
"UNESTABLISHED_CONSUMER","primaryStressProfile|canonical asset plus Room runtime_exercise_metadata override|app/src/main/java/com/training/trackplanner/data/ProgramBuilder.kt#ProgramSkeletonItem","1","No v2.2-reviewed exact consumer decision"
"UNESTABLISHED_CONSUMER","primaryStressProfile|canonical asset plus Room runtime_exercise_metadata override|app/src/main/java/com/training/trackplanner/data/ProgramBuilderValidation.kt#ProgramSkeletonItem","1","No v2.2-reviewed exact consumer decision"
"UNESTABLISHED_CONSUMER","primaryStressProfile|canonical asset plus Room runtime_exercise_metadata override|app/src/main/java/com/training/trackplanner/data/ProgramCandidate.kt#ProgramCandidate","1","No v2.2-reviewed exact consumer decision"
"UNESTABLISHED_CONSUMER","primaryStressProfile|canonical asset plus Room runtime_exercise_metadata override|app/src/main/java/com/training/trackplanner/data/ProgramCandidate.kt#rehabLikeActivationScore","1","No v2.2-reviewed exact consumer decision"
"UNESTABLISHED_CONSUMER","primaryStressProfile|canonical asset plus Room runtime_exercise_metadata override|app/src/main/java/com/training/trackplanner/data/ProgramIssueDrivenRerankPolicy.kt#ProgramSkeletonItem","1","No v2.2-reviewed exact consumer decision"
"UNESTABLISHED_CONSUMER","primaryStressProfile|canonical asset plus Room runtime_exercise_metadata override|app/src/main/java/com/training/trackplanner/data/ProgramSkeletonGenerator.kt#ProgramSkeletonItem","1","No v2.2-reviewed exact consumer decision"
"UNESTABLISHED_CONSUMER","primaryStressProfile|canonical asset plus Room runtime_exercise_metadata override|app/src/main/java/com/training/trackplanner/data/ProgramSlotCandidateQuery.kt#ProgramCandidate","1","No v2.2-reviewed exact consumer decision"
"UNESTABLISHED_CONSUMER","primaryStressProfile|canonical asset plus Room runtime_exercise_metadata override|app/src/main/java/com/training/trackplanner/data/RecordCsvBackupRestore.kt#appendStrengthRow","1","No v2.2-reviewed exact consumer decision"
"UNESTABLISHED_CONSUMER","primaryStressProfile|canonical asset plus Room runtime_exercise_metadata override|app/src/main/java/com/training/trackplanner/data/RecordCsvBackupRestore.kt#legacyRuntimeSnapshotRows","1","No v2.2-reviewed exact consumer decision"
"UNESTABLISHED_CONSUMER","primaryStressProfile|canonical asset plus Room runtime_exercise_metadata override|app/src/main/java/com/training/trackplanner/data/RecordCsvBackupRestore.kt#value","1","No v2.2-reviewed exact consumer decision"
"UNESTABLISHED_CONSUMER","primaryStressProfile|canonical asset plus Room runtime_exercise_metadata override|app/src/main/java/com/training/trackplanner/data/RuntimeExerciseMetadataPersistence.kt#RuntimeExerciseMetadata","1","No v2.2-reviewed exact consumer decision"
"UNESTABLISHED_CONSUMER","primaryStressProfile|canonical asset plus Room runtime_exercise_metadata override|app/src/main/java/com/training/trackplanner/data/RuntimeExerciseMetadataPersistence.kt#RuntimeExerciseMetadataEntity","1","No v2.2-reviewed exact consumer decision"
"UNESTABLISHED_CONSUMER","primaryStressProfile|canonical asset plus Room runtime_exercise_metadata override|app/src/main/java/com/training/trackplanner/data/RuntimeExerciseMetadataResolver.kt#forExercise","1","No v2.2-reviewed exact consumer decision"
"UNESTABLISHED_CONSUMER","primaryStressProfile|canonical asset plus Room runtime_exercise_metadata override|app/src/main/java/com/training/trackplanner/data/RuntimeExerciseMetadataResolver.kt#forIdentity","1","No v2.2-reviewed exact consumer decision"
"UNESTABLISHED_CONSUMER","primaryStressProfile|canonical asset plus Room runtime_exercise_metadata override|app/src/main/java/com/training/trackplanner/data/RuntimeExerciseMetadataResolver.kt#merged","1","No v2.2-reviewed exact consumer decision"
"UNESTABLISHED_CONSUMER","primaryStressProfile|canonical asset plus Room runtime_exercise_metadata override|app/src/main/java/com/training/trackplanner/data/SlotCapabilityResolver.kt#metadataSupportingTokens","1","No v2.2-reviewed exact consumer decision"
"UNESTABLISHED_CONSUMER","primaryStressProfile|canonical asset plus Room runtime_exercise_metadata override|app/src/main/java/com/training/trackplanner/data/TrainingDatabase.kt#migrate","1","No v2.2-reviewed exact consumer decision"
"UNESTABLISHED_CONSUMER","primaryStressProfile|canonical asset plus Room runtime_exercise_metadata override|app/src/main/java/com/training/trackplanner/ExerciseSubcategoryMapper.kt#addStructured","1","No v2.2-reviewed exact consumer decision"
"UNESTABLISHED_CONSUMER","primaryStressProfile|canonical asset plus Room runtime_exercise_metadata override|app/src/main/java/com/training/trackplanner/MetadataDisplayCatalogue.kt#MetadataDisplayField","1","No v2.2-reviewed exact consumer decision"
"UNESTABLISHED_CONSUMER","primaryStressProfile|canonical asset plus Room runtime_exercise_metadata override|app/src/main/java/com/training/trackplanner/PlanGeneratedPreview.kt#draftItemForExercise","1","No v2.2-reviewed exact consumer decision"
"UNESTABLISHED_CONSUMER","primaryStressProfile|canonical asset plus Room runtime_exercise_metadata override|app/src/main/java/com/training/trackplanner/RuntimeMetadataExerciseEditorDialog.kt#joinExerciseTokens","1","No v2.2-reviewed exact consumer decision"
"UNESTABLISHED_CONSUMER","programSlot|canonical asset plus Room runtime_exercise_metadata override|app/src/main/java/com/training/trackplanner/analysis/contracts/UserExerciseAnalysisContractProjector.kt#project","1","No v2.2-reviewed exact consumer decision"
"UNESTABLISHED_CONSUMER","programSlot|canonical asset plus Room runtime_exercise_metadata override|app/src/main/java/com/training/trackplanner/analysis/core/AnalysisInputCollector.kt#Exercise","1","No v2.2-reviewed exact consumer decision"
"UNESTABLISHED_CONSUMER","programSlot|canonical asset plus Room runtime_exercise_metadata override|app/src/main/java/com/training/trackplanner/analysis/core/AnalysisInputSnapshot.kt#AnalysisExerciseMetadata","1","No v2.2-reviewed exact consumer decision"
"UNESTABLISHED_CONSUMER","programSlot|canonical asset plus Room runtime_exercise_metadata override|app/src/main/java/com/training/trackplanner/analysis/fatigue/DailyFatigueCalculator.kt#calculateAxes","1","No v2.2-reviewed exact consumer decision"
"UNESTABLISHED_CONSUMER","programSlot|canonical asset plus Room runtime_exercise_metadata override|app/src/main/java/com/training/trackplanner/analysis/fatigue/DailyFatigueCalculator.kt#from","1","No v2.2-reviewed exact consumer decision"
"UNESTABLISHED_CONSUMER","programSlot|canonical asset plus Room runtime_exercise_metadata override|app/src/main/java/com/training/trackplanner/analysis/fatigue/DailyFatigueCalculator.kt#GroupKey","1","No v2.2-reviewed exact consumer decision"
"UNESTABLISHED_CONSUMER","programSlot|canonical asset plus Room runtime_exercise_metadata override|app/src/main/java/com/training/trackplanner/analysis/fatigue/DailyFatigueCalculator.kt#highForceLevel","1","No v2.2-reviewed exact consumer decision"
"UNESTABLISHED_CONSUMER","programSlot|canonical asset plus Room runtime_exercise_metadata override|app/src/main/java/com/training/trackplanner/analysis/fatigue/DailyFatigueCalculator.kt#level","1","No v2.2-reviewed exact consumer decision"
"UNESTABLISHED_CONSUMER","programSlot|canonical asset plus Room runtime_exercise_metadata override|app/src/main/java/com/training/trackplanner/analysis/fatigue/DailyFatigueCalculator.kt#RecordContext","1","No v2.2-reviewed exact consumer decision"
"UNESTABLISHED_CONSUMER","programSlot|canonical asset plus Room runtime_exercise_metadata override|app/src/main/java/com/training/trackplanner/analysis/fatigue/DailyFatigueCalculator.kt#ResolvedFatigueMetadata","1","No v2.2-reviewed exact consumer decision"
"UNESTABLISHED_CONSUMER","programSlot|canonical asset plus Room runtime_exercise_metadata override|app/src/main/java/com/training/trackplanner/analysis/fatigue/DailyFatigueModels.kt#RecordFatigueContribution","1","No v2.2-reviewed exact consumer decision"
"UNESTABLISHED_CONSUMER","programSlot|canonical asset plus Room runtime_exercise_metadata override|app/src/main/java/com/training/trackplanner/analysis/fatigue/FatigueAnalysisModels.kt#ContributionGrouping","1","No v2.2-reviewed exact consumer decision"
"UNESTABLISHED_CONSUMER","programSlot|canonical asset plus Room runtime_exercise_metadata override|app/src/main/java/com/training/trackplanner/analysis/features/ExerciseAnalysisMapper.kt#AnalysisExerciseFeatures","1","No v2.2-reviewed exact consumer decision"
"UNESTABLISHED_CONSUMER","programSlot|canonical asset plus Room runtime_exercise_metadata override|app/src/main/java/com/training/trackplanner/analysis/features/ExerciseAnalysisMapper.kt#fromRecord","1","No v2.2-reviewed exact consumer decision"
"UNESTABLISHED_CONSUMER","programSlot|canonical asset plus Room runtime_exercise_metadata override|app/src/main/java/com/training/trackplanner/analysis/lab/MuscleLoadInputBuilder.kt#fallbackContributions","1","No v2.2-reviewed exact consumer decision"
"UNESTABLISHED_CONSUMER","programSlot|canonical asset plus Room runtime_exercise_metadata override|app/src/main/java/com/training/trackplanner/analysis/proxyperformance/ProxyPerformanceLoadingBuilder.kt#build","1","No v2.2-reviewed exact consumer decision"
"UNESTABLISHED_CONSUMER","programSlot|canonical asset plus Room runtime_exercise_metadata override|app/src/main/java/com/training/trackplanner/CommonUi.kt#Exercise","1","No v2.2-reviewed exact consumer decision"
"UNESTABLISHED_CONSUMER","programSlot|canonical asset plus Room runtime_exercise_metadata override|app/src/main/java/com/training/trackplanner/data/ExerciseMetadataAdapter.kt#fromFields","1","No v2.2-reviewed exact consumer decision"
"UNESTABLISHED_CONSUMER","programSlot|canonical asset plus Room runtime_exercise_metadata override|app/src/main/java/com/training/trackplanner/data/ExerciseMetadataAdapter.kt#RuntimeExerciseMetadata","1","No v2.2-reviewed exact consumer decision"
"UNESTABLISHED_CONSUMER","programSlot|canonical asset plus Room runtime_exercise_metadata override|app/src/main/java/com/training/trackplanner/data/ExerciseMetadataBackupContract.kt#ExerciseMetadataFieldPolicyRegistry","1","No v2.2-reviewed exact consumer decision"
"UNESTABLISHED_CONSUMER","programSlot|canonical asset plus Room runtime_exercise_metadata override|app/src/main/java/com/training/trackplanner/data/ExerciseMetadataBackupContract.kt#normalize","1","No v2.2-reviewed exact consumer decision"
"UNESTABLISHED_CONSUMER","programSlot|canonical asset plus Room runtime_exercise_metadata override|app/src/main/java/com/training/trackplanner/data/FatigueSlotPolicy.kt#ProgramCandidate","1","No v2.2-reviewed exact consumer decision"
"UNESTABLISHED_CONSUMER","programSlot|canonical asset plus Room runtime_exercise_metadata override|app/src/main/java/com/training/trackplanner/data/ProgramBuilder.kt#build","1","No v2.2-reviewed exact consumer decision"
"UNESTABLISHED_CONSUMER","programSlot|canonical asset plus Room runtime_exercise_metadata override|app/src/main/java/com/training/trackplanner/data/ProgramBuilder.kt#GeneratedProgramSkeleton","1","No v2.2-reviewed exact consumer decision"
"UNESTABLISHED_CONSUMER","programSlot|canonical asset plus Room runtime_exercise_metadata override|app/src/main/java/com/training/trackplanner/data/ProgramBuilder.kt#ProgramSkeletonItem","1","No v2.2-reviewed exact consumer decision"
"UNESTABLISHED_CONSUMER","programSlot|canonical asset plus Room runtime_exercise_metadata override|app/src/main/java/com/training/trackplanner/data/ProgramCandidate.kt#ProgramCandidate","1","No v2.2-reviewed exact consumer decision"
"UNESTABLISHED_CONSUMER","programSlot|canonical asset plus Room runtime_exercise_metadata override|app/src/main/java/com/training/trackplanner/data/ProgramCandidateClassificationPolicy.kt#ProgramCandidate","1","No v2.2-reviewed exact consumer decision"
"UNESTABLISHED_CONSUMER","programSlot|canonical asset plus Room runtime_exercise_metadata override|app/src/main/java/com/training/trackplanner/data/ProgramIssueDrivenRerankPolicy.kt#ProgramSkeletonItem","1","No v2.2-reviewed exact consumer decision"
"UNESTABLISHED_CONSUMER","programSlot|canonical asset plus Room runtime_exercise_metadata override|app/src/main/java/com/training/trackplanner/data/ProgramSlotCandidateQuery.kt#ProgramCandidate","1","No v2.2-reviewed exact consumer decision"
"UNESTABLISHED_CONSUMER","programSlot|canonical asset plus Room runtime_exercise_metadata override|app/src/main/java/com/training/trackplanner/data/RecordCsvBackupRestore.kt#appendStrengthRow","1","No v2.2-reviewed exact consumer decision"
"UNESTABLISHED_CONSUMER","programSlot|canonical asset plus Room runtime_exercise_metadata override|app/src/main/java/com/training/trackplanner/data/RecordCsvBackupRestore.kt#legacyRuntimeSnapshotRows","1","No v2.2-reviewed exact consumer decision"
"UNESTABLISHED_CONSUMER","programSlot|canonical asset plus Room runtime_exercise_metadata override|app/src/main/java/com/training/trackplanner/data/RecordCsvBackupRestore.kt#value","1","No v2.2-reviewed exact consumer decision"
"UNESTABLISHED_CONSUMER","programSlot|canonical asset plus Room runtime_exercise_metadata override|app/src/main/java/com/training/trackplanner/data/RuntimeExerciseMetadataPersistence.kt#RuntimeExerciseMetadata","1","No v2.2-reviewed exact consumer decision"
"UNESTABLISHED_CONSUMER","programSlot|canonical asset plus Room runtime_exercise_metadata override|app/src/main/java/com/training/trackplanner/data/RuntimeExerciseMetadataPersistence.kt#RuntimeExerciseMetadataEntity","1","No v2.2-reviewed exact consumer decision"
"UNESTABLISHED_CONSUMER","programSlot|canonical asset plus Room runtime_exercise_metadata override|app/src/main/java/com/training/trackplanner/data/RuntimeExerciseMetadataResolver.kt#forExercise","1","No v2.2-reviewed exact consumer decision"
"UNESTABLISHED_CONSUMER","programSlot|canonical asset plus Room runtime_exercise_metadata override|app/src/main/java/com/training/trackplanner/data/RuntimeExerciseMetadataResolver.kt#forIdentity","1","No v2.2-reviewed exact consumer decision"
"UNESTABLISHED_CONSUMER","programSlot|canonical asset plus Room runtime_exercise_metadata override|app/src/main/java/com/training/trackplanner/data/RuntimeExerciseMetadataResolver.kt#merged","1","No v2.2-reviewed exact consumer decision"
"UNESTABLISHED_CONSUMER","programSlot|canonical asset plus Room runtime_exercise_metadata override|app/src/main/java/com/training/trackplanner/data/SlotCapabilityResolver.kt#metadataIdentityTokens","1","No v2.2-reviewed exact consumer decision"
"UNESTABLISHED_CONSUMER","programSlot|canonical asset plus Room runtime_exercise_metadata override|app/src/main/java/com/training/trackplanner/data/TrainingDatabase.kt#migrate","1","No v2.2-reviewed exact consumer decision"
"UNESTABLISHED_CONSUMER","programSlot|canonical asset plus Room runtime_exercise_metadata override|app/src/main/java/com/training/trackplanner/ExerciseSubcategoryMapper.kt#addStructured","1","No v2.2-reviewed exact consumer decision"
"UNESTABLISHED_CONSUMER","programSlot|canonical asset plus Room runtime_exercise_metadata override|app/src/main/java/com/training/trackplanner/MetadataDisplayCatalogue.kt#MetadataDisplayField","1","No v2.2-reviewed exact consumer decision"
"UNESTABLISHED_CONSUMER","programSlot|canonical asset plus Room runtime_exercise_metadata override|app/src/main/java/com/training/trackplanner/PlanGeneratedPreview.kt#draftItemForExercise","1","No v2.2-reviewed exact consumer decision"
"UNESTABLISHED_CONSUMER","programSlot|canonical asset plus Room runtime_exercise_metadata override|app/src/main/java/com/training/trackplanner/RuntimeMetadataExerciseEditorDialog.kt#ExerciseMetadataCopyDialog","1","No v2.2-reviewed exact consumer decision"
"UNESTABLISHED_CONSUMER","programSlot|canonical asset plus Room runtime_exercise_metadata override|app/src/main/java/com/training/trackplanner/RuntimeMetadataExerciseEditorDialog.kt#joinExerciseTokens","1","No v2.2-reviewed exact consumer decision"
"UNESTABLISHED_CONSUMER","recoveryDecayProfile|canonical asset plus Room runtime_exercise_metadata override|app/src/main/java/com/training/trackplanner/analysis/badminton/BadmintonTransferMetadataMapper.kt#fatigueCost","1","No v2.2-reviewed exact consumer decision"
"UNESTABLISHED_CONSUMER","recoveryDecayProfile|canonical asset plus Room runtime_exercise_metadata override|app/src/main/java/com/training/trackplanner/analysis/core/AnalysisInputCollector.kt#Exercise","1","No v2.2-reviewed exact consumer decision"
"UNESTABLISHED_CONSUMER","recoveryDecayProfile|canonical asset plus Room runtime_exercise_metadata override|app/src/main/java/com/training/trackplanner/analysis/core/AnalysisInputSnapshot.kt#AnalysisExerciseMetadata","1","No v2.2-reviewed exact consumer decision"
"UNESTABLISHED_CONSUMER","recoveryDecayProfile|canonical asset plus Room runtime_exercise_metadata override|app/src/main/java/com/training/trackplanner/analysis/fatigue/DailyFatigueCalculator.kt#from","1","No v2.2-reviewed exact consumer decision"
"UNESTABLISHED_CONSUMER","recoveryDecayProfile|canonical asset plus Room runtime_exercise_metadata override|app/src/main/java/com/training/trackplanner/analysis/fatigue/DailyFatigueCalculator.kt#level","1","No v2.2-reviewed exact consumer decision"
"UNESTABLISHED_CONSUMER","recoveryDecayProfile|canonical asset plus Room runtime_exercise_metadata override|app/src/main/java/com/training/trackplanner/analysis/features/ExerciseAnalysisMapper.kt#AnalysisExerciseFeatures","1","No v2.2-reviewed exact consumer decision"
"UNESTABLISHED_CONSUMER","recoveryDecayProfile|canonical asset plus Room runtime_exercise_metadata override|app/src/main/java/com/training/trackplanner/analysis/features/ExerciseAnalysisMapper.kt#fromRecord","1","No v2.2-reviewed exact consumer decision"
"UNESTABLISHED_CONSUMER","recoveryDecayProfile|canonical asset plus Room runtime_exercise_metadata override|app/src/main/java/com/training/trackplanner/analysis/features/MetadataReadinessReporter.kt#Exercise","1","No v2.2-reviewed exact consumer decision"
"UNESTABLISHED_CONSUMER","recoveryDecayProfile|canonical asset plus Room runtime_exercise_metadata override|app/src/main/java/com/training/trackplanner/analysis/features/MetadataReadinessReporter.kt#fatigueReady","1","No v2.2-reviewed exact consumer decision"
"UNESTABLISHED_CONSUMER","recoveryDecayProfile|canonical asset plus Room runtime_exercise_metadata override|app/src/main/java/com/training/trackplanner/analysis/readiness/DailyAnalysisLoadAggregator.kt#aggregate","1","No v2.2-reviewed exact consumer decision"
"UNESTABLISHED_CONSUMER","recoveryDecayProfile|canonical asset plus Room runtime_exercise_metadata override|app/src/main/java/com/training/trackplanner/analysis/readiness/ResidualFatigueCalculator.kt#bodyPartAdjustedDecay","1","No v2.2-reviewed exact consumer decision"
"UNESTABLISHED_CONSUMER","recoveryDecayProfile|canonical asset plus Room runtime_exercise_metadata override|app/src/main/java/com/training/trackplanner/analysis/readiness/ResidualFatigueCalculator.kt#calculate","1","No v2.2-reviewed exact consumer decision"
"UNESTABLISHED_CONSUMER","recoveryDecayProfile|canonical asset plus Room runtime_exercise_metadata override|app/src/main/java/com/training/trackplanner/analysis/readiness/TodayReadinessModels.kt#DailyLoadContribution","1","No v2.2-reviewed exact consumer decision"
"UNESTABLISHED_CONSUMER","recoveryDecayProfile|canonical asset plus Room runtime_exercise_metadata override|app/src/main/java/com/training/trackplanner/data/CanonicalExerciseMetadataRepository.kt#CanonicalRecoveryProfile","1","No v2.2-reviewed exact consumer decision"
"UNESTABLISHED_CONSUMER","recoveryDecayProfile|canonical asset plus Room runtime_exercise_metadata override|app/src/main/java/com/training/trackplanner/data/CanonicalExerciseMetadataRepository.kt#exerciseFrom","1","No v2.2-reviewed exact consumer decision"
"UNESTABLISHED_CONSUMER","recoveryDecayProfile|canonical asset plus Room runtime_exercise_metadata override|app/src/main/java/com/training/trackplanner/data/CanonicalExerciseMetadataRepository.kt#recoveryProfiles","1","No v2.2-reviewed exact consumer decision"
"UNESTABLISHED_CONSUMER","recoveryDecayProfile|canonical asset plus Room runtime_exercise_metadata override|app/src/main/java/com/training/trackplanner/data/Entities.kt#Exercise","1","No v2.2-reviewed exact consumer decision"
"UNESTABLISHED_CONSUMER","recoveryDecayProfile|canonical asset plus Room runtime_exercise_metadata override|app/src/main/java/com/training/trackplanner/data/ExerciseMetadataAdapter.kt#fromFields","1","No v2.2-reviewed exact consumer decision"
"UNESTABLISHED_CONSUMER","recoveryDecayProfile|canonical asset plus Room runtime_exercise_metadata override|app/src/main/java/com/training/trackplanner/data/ExerciseMetadataAdapter.kt#RuntimeExerciseMetadata","1","No v2.2-reviewed exact consumer decision"
"UNESTABLISHED_CONSUMER","recoveryDecayProfile|canonical asset plus Room runtime_exercise_metadata override|app/src/main/java/com/training/trackplanner/data/ExerciseMetadataBackupContract.kt#ExerciseMetadataFieldPolicyRegistry","1","No v2.2-reviewed exact consumer decision"
"UNESTABLISHED_CONSUMER","recoveryDecayProfile|canonical asset plus Room runtime_exercise_metadata override|app/src/main/java/com/training/trackplanner/data/ExerciseMetadataBackupContract.kt#normalize","1","No v2.2-reviewed exact consumer decision"
"UNESTABLISHED_CONSUMER","recoveryDecayProfile|canonical asset plus Room runtime_exercise_metadata override|app/src/main/java/com/training/trackplanner/data/ExerciseMetadataMapper.kt#applyMetadata","1","No v2.2-reviewed exact consumer decision"
"UNESTABLISHED_CONSUMER","recoveryDecayProfile|canonical asset plus Room runtime_exercise_metadata override|app/src/main/java/com/training/trackplanner/data/ExerciseMetadataMapper.kt#FatigueWeights","1","No v2.2-reviewed exact consumer decision"
"UNESTABLISHED_CONSUMER","recoveryDecayProfile|canonical asset plus Room runtime_exercise_metadata override|app/src/main/java/com/training/trackplanner/data/ExerciseMetadataTaxonomy.kt#RecoveryDecayProfile","1","No v2.2-reviewed exact consumer decision"
"UNESTABLISHED_CONSUMER","recoveryDecayProfile|canonical asset plus Room runtime_exercise_metadata override|app/src/main/java/com/training/trackplanner/data/ExerciseStableKeyMigration.kt#createExerciseTable","1","No v2.2-reviewed exact consumer decision"
"UNESTABLISHED_CONSUMER","recoveryDecayProfile|canonical asset plus Room runtime_exercise_metadata override|app/src/main/java/com/training/trackplanner/data/ExerciseStableKeyMigration.kt#insertUnresolvedExercise","1","No v2.2-reviewed exact consumer decision"
"UNESTABLISHED_CONSUMER","recoveryDecayProfile|canonical asset plus Room runtime_exercise_metadata override|app/src/main/java/com/training/trackplanner/data/ExerciseStableKeyMigration.kt#migrate","1","No v2.2-reviewed exact consumer decision"
"UNESTABLISHED_CONSUMER","recoveryDecayProfile|canonical asset plus Room runtime_exercise_metadata override|app/src/main/java/com/training/trackplanner/data/MetadataSanityChecker.kt#check","1","No v2.2-reviewed exact consumer decision"
"UNESTABLISHED_CONSUMER","recoveryDecayProfile|canonical asset plus Room runtime_exercise_metadata override|app/src/main/java/com/training/trackplanner/data/MetadataSanityChecker.kt#Exercise","1","No v2.2-reviewed exact consumer decision"
"UNESTABLISHED_CONSUMER","recoveryDecayProfile|canonical asset plus Room runtime_exercise_metadata override|app/src/main/java/com/training/trackplanner/data/RecordCsvBackupRestore.kt#appendStrengthRow","1","No v2.2-reviewed exact consumer decision"
"UNESTABLISHED_CONSUMER","recoveryDecayProfile|canonical asset plus Room runtime_exercise_metadata override|app/src/main/java/com/training/trackplanner/data/RecordCsvBackupRestore.kt#legacyRuntimeSnapshotRows","1","No v2.2-reviewed exact consumer decision"
"UNESTABLISHED_CONSUMER","recoveryDecayProfile|canonical asset plus Room runtime_exercise_metadata override|app/src/main/java/com/training/trackplanner/data/RecordCsvBackupRestore.kt#value","1","No v2.2-reviewed exact consumer decision"
"UNESTABLISHED_CONSUMER","recoveryDecayProfile|canonical asset plus Room runtime_exercise_metadata override|app/src/main/java/com/training/trackplanner/data/RuntimeExerciseMetadataPersistence.kt#RuntimeExerciseMetadata","1","No v2.2-reviewed exact consumer decision"
"UNESTABLISHED_CONSUMER","recoveryDecayProfile|canonical asset plus Room runtime_exercise_metadata override|app/src/main/java/com/training/trackplanner/data/RuntimeExerciseMetadataPersistence.kt#RuntimeExerciseMetadataEntity","1","No v2.2-reviewed exact consumer decision"
"UNESTABLISHED_CONSUMER","recoveryDecayProfile|canonical asset plus Room runtime_exercise_metadata override|app/src/main/java/com/training/trackplanner/data/RuntimeExerciseMetadataResolver.kt#Exercise","1","No v2.2-reviewed exact consumer decision"
"UNESTABLISHED_CONSUMER","recoveryDecayProfile|canonical asset plus Room runtime_exercise_metadata override|app/src/main/java/com/training/trackplanner/data/RuntimeExerciseMetadataResolver.kt#forExercise","1","No v2.2-reviewed exact consumer decision"
"UNESTABLISHED_CONSUMER","recoveryDecayProfile|canonical asset plus Room runtime_exercise_metadata override|app/src/main/java/com/training/trackplanner/data/RuntimeExerciseMetadataResolver.kt#forIdentity","1","No v2.2-reviewed exact consumer decision"
"UNESTABLISHED_CONSUMER","recoveryDecayProfile|canonical asset plus Room runtime_exercise_metadata override|app/src/main/java/com/training/trackplanner/data/RuntimeExerciseMetadataResolver.kt#merged","1","No v2.2-reviewed exact consumer decision"
"UNESTABLISHED_CONSUMER","recoveryDecayProfile|canonical asset plus Room runtime_exercise_metadata override|app/src/main/java/com/training/trackplanner/data/RuntimeExerciseMetadataResolver.kt#resolve","1","No v2.2-reviewed exact consumer decision"
"UNESTABLISHED_CONSUMER","recoveryDecayProfile|canonical asset plus Room runtime_exercise_metadata override|app/src/main/java/com/training/trackplanner/data/SeedData.kt#validateCatalog","1","No v2.2-reviewed exact consumer decision"
"UNESTABLISHED_CONSUMER","recoveryDecayProfile|canonical asset plus Room runtime_exercise_metadata override|app/src/main/java/com/training/trackplanner/data/TrainingDatabase.kt#migrate","1","No v2.2-reviewed exact consumer decision"
"UNESTABLISHED_CONSUMER","recoveryDecayProfile|canonical asset plus Room runtime_exercise_metadata override|app/src/main/java/com/training/trackplanner/data/TrainingRepository.kt#Exercise","1","No v2.2-reviewed exact consumer decision"
"UNESTABLISHED_CONSUMER","recoveryDecayProfile|canonical asset plus Room runtime_exercise_metadata override|app/src/main/java/com/training/trackplanner/data/TrainingRoleSplitMigration.kt#createExercisesWithoutLegacyRole","1","No v2.2-reviewed exact consumer decision"
"UNESTABLISHED_CONSUMER","recoveryDecayProfile|canonical asset plus Room runtime_exercise_metadata override|app/src/main/java/com/training/trackplanner/data/TrainingRoleSplitMigration.kt#migrateIntrinsicTrainingRoles","1","No v2.2-reviewed exact consumer decision"
"UNESTABLISHED_CONSUMER","recoveryDecayProfile|canonical asset plus Room runtime_exercise_metadata override|app/src/main/java/com/training/trackplanner/ExerciseSubcategoryMapper.kt#addStructured","1","No v2.2-reviewed exact consumer decision"
"UNESTABLISHED_CONSUMER","recoveryDecayProfile|canonical asset plus Room runtime_exercise_metadata override|app/src/main/java/com/training/trackplanner/MetadataDisplayCatalogue.kt#MetadataDisplayField","1","No v2.2-reviewed exact consumer decision"
"UNESTABLISHED_CONSUMER","recoveryDecayProfile|canonical asset plus Room runtime_exercise_metadata override|app/src/main/java/com/training/trackplanner/RuntimeMetadataExerciseEditorDialog.kt#joinExerciseTokens","1","No v2.2-reviewed exact consumer decision"
"UNESTABLISHED_CONSUMER","recoveryDecayProfile|Room exercises|app/src/main/java/com/training/trackplanner/analysis/badminton/BadmintonTransferMetadataMapper.kt#fatigueCost","1","No v2.2-reviewed exact consumer decision"
"UNESTABLISHED_CONSUMER","recoveryDecayProfile|Room exercises|app/src/main/java/com/training/trackplanner/analysis/core/AnalysisInputCollector.kt#Exercise","1","No v2.2-reviewed exact consumer decision"
"UNESTABLISHED_CONSUMER","recoveryDecayProfile|Room exercises|app/src/main/java/com/training/trackplanner/analysis/core/AnalysisInputSnapshot.kt#AnalysisExerciseMetadata","1","No v2.2-reviewed exact consumer decision"
"UNESTABLISHED_CONSUMER","recoveryDecayProfile|Room exercises|app/src/main/java/com/training/trackplanner/analysis/fatigue/DailyFatigueCalculator.kt#from","1","No v2.2-reviewed exact consumer decision"
"UNESTABLISHED_CONSUMER","recoveryDecayProfile|Room exercises|app/src/main/java/com/training/trackplanner/analysis/fatigue/DailyFatigueCalculator.kt#level","1","No v2.2-reviewed exact consumer decision"
"UNESTABLISHED_CONSUMER","recoveryDecayProfile|Room exercises|app/src/main/java/com/training/trackplanner/analysis/features/ExerciseAnalysisMapper.kt#AnalysisExerciseFeatures","1","No v2.2-reviewed exact consumer decision"
"UNESTABLISHED_CONSUMER","recoveryDecayProfile|Room exercises|app/src/main/java/com/training/trackplanner/analysis/features/ExerciseAnalysisMapper.kt#fromRecord","1","No v2.2-reviewed exact consumer decision"
"UNESTABLISHED_CONSUMER","recoveryDecayProfile|Room exercises|app/src/main/java/com/training/trackplanner/analysis/features/MetadataReadinessReporter.kt#Exercise","1","No v2.2-reviewed exact consumer decision"
"UNESTABLISHED_CONSUMER","recoveryDecayProfile|Room exercises|app/src/main/java/com/training/trackplanner/analysis/features/MetadataReadinessReporter.kt#fatigueReady","1","No v2.2-reviewed exact consumer decision"
"UNESTABLISHED_CONSUMER","recoveryDecayProfile|Room exercises|app/src/main/java/com/training/trackplanner/analysis/readiness/DailyAnalysisLoadAggregator.kt#aggregate","1","No v2.2-reviewed exact consumer decision"
"UNESTABLISHED_CONSUMER","recoveryDecayProfile|Room exercises|app/src/main/java/com/training/trackplanner/analysis/readiness/ResidualFatigueCalculator.kt#bodyPartAdjustedDecay","1","No v2.2-reviewed exact consumer decision"
"UNESTABLISHED_CONSUMER","recoveryDecayProfile|Room exercises|app/src/main/java/com/training/trackplanner/analysis/readiness/ResidualFatigueCalculator.kt#calculate","1","No v2.2-reviewed exact consumer decision"
"UNESTABLISHED_CONSUMER","recoveryDecayProfile|Room exercises|app/src/main/java/com/training/trackplanner/analysis/readiness/TodayReadinessModels.kt#DailyLoadContribution","1","No v2.2-reviewed exact consumer decision"
"UNESTABLISHED_CONSUMER","recoveryDecayProfile|Room exercises|app/src/main/java/com/training/trackplanner/data/CanonicalExerciseMetadataRepository.kt#CanonicalRecoveryProfile","1","No v2.2-reviewed exact consumer decision"
"UNESTABLISHED_CONSUMER","recoveryDecayProfile|Room exercises|app/src/main/java/com/training/trackplanner/data/CanonicalExerciseMetadataRepository.kt#exerciseFrom","1","No v2.2-reviewed exact consumer decision"
"UNESTABLISHED_CONSUMER","recoveryDecayProfile|Room exercises|app/src/main/java/com/training/trackplanner/data/CanonicalExerciseMetadataRepository.kt#recoveryProfiles","1","No v2.2-reviewed exact consumer decision"
"UNESTABLISHED_CONSUMER","recoveryDecayProfile|Room exercises|app/src/main/java/com/training/trackplanner/data/Entities.kt#Exercise","1","No v2.2-reviewed exact consumer decision"
"UNESTABLISHED_CONSUMER","recoveryDecayProfile|Room exercises|app/src/main/java/com/training/trackplanner/data/ExerciseMetadataAdapter.kt#fromFields","1","No v2.2-reviewed exact consumer decision"
"UNESTABLISHED_CONSUMER","recoveryDecayProfile|Room exercises|app/src/main/java/com/training/trackplanner/data/ExerciseMetadataAdapter.kt#RuntimeExerciseMetadata","1","No v2.2-reviewed exact consumer decision"
"UNESTABLISHED_CONSUMER","recoveryDecayProfile|Room exercises|app/src/main/java/com/training/trackplanner/data/ExerciseMetadataBackupContract.kt#ExerciseMetadataFieldPolicyRegistry","1","No v2.2-reviewed exact consumer decision"
"UNESTABLISHED_CONSUMER","recoveryDecayProfile|Room exercises|app/src/main/java/com/training/trackplanner/data/ExerciseMetadataBackupContract.kt#normalize","1","No v2.2-reviewed exact consumer decision"
"UNESTABLISHED_CONSUMER","recoveryDecayProfile|Room exercises|app/src/main/java/com/training/trackplanner/data/ExerciseMetadataMapper.kt#applyMetadata","1","No v2.2-reviewed exact consumer decision"
"UNESTABLISHED_CONSUMER","recoveryDecayProfile|Room exercises|app/src/main/java/com/training/trackplanner/data/ExerciseMetadataMapper.kt#FatigueWeights","1","No v2.2-reviewed exact consumer decision"
"UNESTABLISHED_CONSUMER","recoveryDecayProfile|Room exercises|app/src/main/java/com/training/trackplanner/data/ExerciseMetadataTaxonomy.kt#RecoveryDecayProfile","1","No v2.2-reviewed exact consumer decision"
"UNESTABLISHED_CONSUMER","recoveryDecayProfile|Room exercises|app/src/main/java/com/training/trackplanner/data/ExerciseStableKeyMigration.kt#createExerciseTable","1","No v2.2-reviewed exact consumer decision"
"UNESTABLISHED_CONSUMER","recoveryDecayProfile|Room exercises|app/src/main/java/com/training/trackplanner/data/ExerciseStableKeyMigration.kt#insertUnresolvedExercise","1","No v2.2-reviewed exact consumer decision"
"UNESTABLISHED_CONSUMER","recoveryDecayProfile|Room exercises|app/src/main/java/com/training/trackplanner/data/ExerciseStableKeyMigration.kt#migrate","1","No v2.2-reviewed exact consumer decision"
"UNESTABLISHED_CONSUMER","recoveryDecayProfile|Room exercises|app/src/main/java/com/training/trackplanner/data/MetadataSanityChecker.kt#check","1","No v2.2-reviewed exact consumer decision"
"UNESTABLISHED_CONSUMER","recoveryDecayProfile|Room exercises|app/src/main/java/com/training/trackplanner/data/MetadataSanityChecker.kt#Exercise","1","No v2.2-reviewed exact consumer decision"
"UNESTABLISHED_CONSUMER","recoveryDecayProfile|Room exercises|app/src/main/java/com/training/trackplanner/data/RecordCsvBackupRestore.kt#appendStrengthRow","1","No v2.2-reviewed exact consumer decision"
"UNESTABLISHED_CONSUMER","recoveryDecayProfile|Room exercises|app/src/main/java/com/training/trackplanner/data/RecordCsvBackupRestore.kt#legacyRuntimeSnapshotRows","1","No v2.2-reviewed exact consumer decision"
"UNESTABLISHED_CONSUMER","recoveryDecayProfile|Room exercises|app/src/main/java/com/training/trackplanner/data/RecordCsvBackupRestore.kt#value","1","No v2.2-reviewed exact consumer decision"
"UNESTABLISHED_CONSUMER","recoveryDecayProfile|Room exercises|app/src/main/java/com/training/trackplanner/data/RuntimeExerciseMetadataPersistence.kt#RuntimeExerciseMetadata","1","No v2.2-reviewed exact consumer decision"
"UNESTABLISHED_CONSUMER","recoveryDecayProfile|Room exercises|app/src/main/java/com/training/trackplanner/data/RuntimeExerciseMetadataPersistence.kt#RuntimeExerciseMetadataEntity","1","No v2.2-reviewed exact consumer decision"
"UNESTABLISHED_CONSUMER","recoveryDecayProfile|Room exercises|app/src/main/java/com/training/trackplanner/data/RuntimeExerciseMetadataResolver.kt#Exercise","1","No v2.2-reviewed exact consumer decision"
"UNESTABLISHED_CONSUMER","recoveryDecayProfile|Room exercises|app/src/main/java/com/training/trackplanner/data/RuntimeExerciseMetadataResolver.kt#forExercise","1","No v2.2-reviewed exact consumer decision"
"UNESTABLISHED_CONSUMER","recoveryDecayProfile|Room exercises|app/src/main/java/com/training/trackplanner/data/RuntimeExerciseMetadataResolver.kt#forIdentity","1","No v2.2-reviewed exact consumer decision"
"UNESTABLISHED_CONSUMER","recoveryDecayProfile|Room exercises|app/src/main/java/com/training/trackplanner/data/RuntimeExerciseMetadataResolver.kt#merged","1","No v2.2-reviewed exact consumer decision"
"UNESTABLISHED_CONSUMER","recoveryDecayProfile|Room exercises|app/src/main/java/com/training/trackplanner/data/RuntimeExerciseMetadataResolver.kt#resolve","1","No v2.2-reviewed exact consumer decision"
"UNESTABLISHED_CONSUMER","recoveryDecayProfile|Room exercises|app/src/main/java/com/training/trackplanner/data/SeedData.kt#validateCatalog","1","No v2.2-reviewed exact consumer decision"
"UNESTABLISHED_CONSUMER","recoveryDecayProfile|Room exercises|app/src/main/java/com/training/trackplanner/data/TrainingDatabase.kt#migrate","1","No v2.2-reviewed exact consumer decision"
"UNESTABLISHED_CONSUMER","recoveryDecayProfile|Room exercises|app/src/main/java/com/training/trackplanner/data/TrainingRepository.kt#Exercise","1","No v2.2-reviewed exact consumer decision"
"UNESTABLISHED_CONSUMER","recoveryDecayProfile|Room exercises|app/src/main/java/com/training/trackplanner/data/TrainingRoleSplitMigration.kt#createExercisesWithoutLegacyRole","1","No v2.2-reviewed exact consumer decision"
"UNESTABLISHED_CONSUMER","recoveryDecayProfile|Room exercises|app/src/main/java/com/training/trackplanner/data/TrainingRoleSplitMigration.kt#migrateIntrinsicTrainingRoles","1","No v2.2-reviewed exact consumer decision"
"UNESTABLISHED_CONSUMER","recoveryDecayProfile|Room exercises|app/src/main/java/com/training/trackplanner/ExerciseSubcategoryMapper.kt#addStructured","1","No v2.2-reviewed exact consumer decision"
"UNESTABLISHED_CONSUMER","recoveryDecayProfile|Room exercises|app/src/main/java/com/training/trackplanner/MetadataDisplayCatalogue.kt#MetadataDisplayField","1","No v2.2-reviewed exact consumer decision"
"UNESTABLISHED_CONSUMER","recoveryDecayProfile|Room exercises|app/src/main/java/com/training/trackplanner/RuntimeMetadataExerciseEditorDialog.kt#joinExerciseTokens","1","No v2.2-reviewed exact consumer decision"
"UNESTABLISHED_CONSUMER","recoveryDurationClass|canonical asset plus Room runtime_exercise_metadata override|app/src/main/java/com/training/trackplanner/analysis/coach/CoachFatigueCauseAnalyzer.kt#analyze","1","No v2.2-reviewed exact consumer decision"
"UNESTABLISHED_CONSUMER","recoveryDurationClass|canonical asset plus Room runtime_exercise_metadata override|app/src/main/java/com/training/trackplanner/analysis/core/AnalysisInputCollector.kt#Exercise","1","No v2.2-reviewed exact consumer decision"
"UNESTABLISHED_CONSUMER","recoveryDurationClass|canonical asset plus Room runtime_exercise_metadata override|app/src/main/java/com/training/trackplanner/analysis/core/AnalysisInputSnapshot.kt#AnalysisExerciseMetadata","1","No v2.2-reviewed exact consumer decision"
"UNESTABLISHED_CONSUMER","recoveryDurationClass|canonical asset plus Room runtime_exercise_metadata override|app/src/main/java/com/training/trackplanner/analysis/fatigue/DailyFatigueCalculator.kt#aggregateRaw","1","No v2.2-reviewed exact consumer decision"
"UNESTABLISHED_CONSUMER","recoveryDurationClass|canonical asset plus Room runtime_exercise_metadata override|app/src/main/java/com/training/trackplanner/analysis/fatigue/DailyFatigueCalculator.kt#calculateAxes","1","No v2.2-reviewed exact consumer decision"
"UNESTABLISHED_CONSUMER","recoveryDurationClass|canonical asset plus Room runtime_exercise_metadata override|app/src/main/java/com/training/trackplanner/analysis/fatigue/DailyFatigueCalculator.kt#from","1","No v2.2-reviewed exact consumer decision"
"UNESTABLISHED_CONSUMER","recoveryDurationClass|canonical asset plus Room runtime_exercise_metadata override|app/src/main/java/com/training/trackplanner/analysis/fatigue/DailyFatigueCalculator.kt#GroupKey","1","No v2.2-reviewed exact consumer decision"
"UNESTABLISHED_CONSUMER","recoveryDurationClass|canonical asset plus Room runtime_exercise_metadata override|app/src/main/java/com/training/trackplanner/analysis/fatigue/DailyFatigueCalculator.kt#level","1","No v2.2-reviewed exact consumer decision"
"UNESTABLISHED_CONSUMER","recoveryDurationClass|canonical asset plus Room runtime_exercise_metadata override|app/src/main/java/com/training/trackplanner/analysis/fatigue/DailyFatigueCalculator.kt#RecordContext","1","No v2.2-reviewed exact consumer decision"
"UNESTABLISHED_CONSUMER","recoveryDurationClass|canonical asset plus Room runtime_exercise_metadata override|app/src/main/java/com/training/trackplanner/analysis/fatigue/DailyFatigueCalculator.kt#ResolvedFatigueMetadata","1","No v2.2-reviewed exact consumer decision"
"UNESTABLISHED_CONSUMER","recoveryDurationClass|canonical asset plus Room runtime_exercise_metadata override|app/src/main/java/com/training/trackplanner/analysis/fatigue/DailyFatigueModels.kt#RecordFatigueContribution","1","No v2.2-reviewed exact consumer decision"
"UNESTABLISHED_CONSUMER","recoveryDurationClass|canonical asset plus Room runtime_exercise_metadata override|app/src/main/java/com/training/trackplanner/analysis/features/ExerciseAnalysisMapper.kt#AnalysisExerciseFeatures","1","No v2.2-reviewed exact consumer decision"
"UNESTABLISHED_CONSUMER","recoveryDurationClass|canonical asset plus Room runtime_exercise_metadata override|app/src/main/java/com/training/trackplanner/analysis/features/ExerciseAnalysisMapper.kt#fromRecord","1","No v2.2-reviewed exact consumer decision"
"UNESTABLISHED_CONSUMER","recoveryDurationClass|canonical asset plus Room runtime_exercise_metadata override|app/src/main/java/com/training/trackplanner/CommonUi.kt#Exercise","1","No v2.2-reviewed exact consumer decision"
"UNESTABLISHED_CONSUMER","recoveryDurationClass|canonical asset plus Room runtime_exercise_metadata override|app/src/main/java/com/training/trackplanner/data/CanonicalExerciseMetadataRepository.kt#CanonicalRecoveryProfile","1","No v2.2-reviewed exact consumer decision"
"UNESTABLISHED_CONSUMER","recoveryDurationClass|canonical asset plus Room runtime_exercise_metadata override|app/src/main/java/com/training/trackplanner/data/CanonicalExerciseMetadataRepository.kt#recoveryProfiles","1","No v2.2-reviewed exact consumer decision"
"UNESTABLISHED_CONSUMER","recoveryDurationClass|canonical asset plus Room runtime_exercise_metadata override|app/src/main/java/com/training/trackplanner/data/ExerciseMetadataAdapter.kt#fromFields","1","No v2.2-reviewed exact consumer decision"
"UNESTABLISHED_CONSUMER","recoveryDurationClass|canonical asset plus Room runtime_exercise_metadata override|app/src/main/java/com/training/trackplanner/data/ExerciseMetadataAdapter.kt#RuntimeExerciseMetadata","1","No v2.2-reviewed exact consumer decision"
"UNESTABLISHED_CONSUMER","recoveryDurationClass|canonical asset plus Room runtime_exercise_metadata override|app/src/main/java/com/training/trackplanner/data/ExerciseMetadataBackupContract.kt#ExerciseMetadataFieldPolicyRegistry","1","No v2.2-reviewed exact consumer decision"
"UNESTABLISHED_CONSUMER","recoveryDurationClass|canonical asset plus Room runtime_exercise_metadata override|app/src/main/java/com/training/trackplanner/data/ExerciseMetadataBackupContract.kt#normalize","1","No v2.2-reviewed exact consumer decision"
"UNESTABLISHED_CONSUMER","recoveryDurationClass|canonical asset plus Room runtime_exercise_metadata override|app/src/main/java/com/training/trackplanner/data/ProgramBuilder.kt#build","1","No v2.2-reviewed exact consumer decision"
"UNESTABLISHED_CONSUMER","recoveryDurationClass|canonical asset plus Room runtime_exercise_metadata override|app/src/main/java/com/training/trackplanner/data/ProgramBuilder.kt#GeneratedProgramSkeleton","1","No v2.2-reviewed exact consumer decision"
"UNESTABLISHED_CONSUMER","recoveryDurationClass|canonical asset plus Room runtime_exercise_metadata override|app/src/main/java/com/training/trackplanner/data/ProgramBuilder.kt#ProgramSkeletonItem","1","No v2.2-reviewed exact consumer decision"
"UNESTABLISHED_CONSUMER","recoveryDurationClass|canonical asset plus Room runtime_exercise_metadata override|app/src/main/java/com/training/trackplanner/data/ProgramCandidate.kt#rehabLikeActivationScore","1","No v2.2-reviewed exact consumer decision"
"UNESTABLISHED_CONSUMER","recoveryDurationClass|canonical asset plus Room runtime_exercise_metadata override|app/src/main/java/com/training/trackplanner/data/ProgramIssueDrivenRerankPolicy.kt#ProgramSkeletonItem","1","No v2.2-reviewed exact consumer decision"
"UNESTABLISHED_CONSUMER","recoveryDurationClass|canonical asset plus Room runtime_exercise_metadata override|app/src/main/java/com/training/trackplanner/data/ProgramSkeletonGenerator.kt#ProgramSkeletonItem","1","No v2.2-reviewed exact consumer decision"
"UNESTABLISHED_CONSUMER","recoveryDurationClass|canonical asset plus Room runtime_exercise_metadata override|app/src/main/java/com/training/trackplanner/data/RecordCsvBackupRestore.kt#appendStrengthRow","1","No v2.2-reviewed exact consumer decision"
"UNESTABLISHED_CONSUMER","recoveryDurationClass|canonical asset plus Room runtime_exercise_metadata override|app/src/main/java/com/training/trackplanner/data/RecordCsvBackupRestore.kt#legacyRuntimeSnapshotRows","1","No v2.2-reviewed exact consumer decision"
"UNESTABLISHED_CONSUMER","recoveryDurationClass|canonical asset plus Room runtime_exercise_metadata override|app/src/main/java/com/training/trackplanner/data/RecordCsvBackupRestore.kt#value","1","No v2.2-reviewed exact consumer decision"
"UNESTABLISHED_CONSUMER","recoveryDurationClass|canonical asset plus Room runtime_exercise_metadata override|app/src/main/java/com/training/trackplanner/data/RuntimeExerciseMetadataPersistence.kt#RuntimeExerciseMetadata","1","No v2.2-reviewed exact consumer decision"
"UNESTABLISHED_CONSUMER","recoveryDurationClass|canonical asset plus Room runtime_exercise_metadata override|app/src/main/java/com/training/trackplanner/data/RuntimeExerciseMetadataPersistence.kt#RuntimeExerciseMetadataEntity","1","No v2.2-reviewed exact consumer decision"
"UNESTABLISHED_CONSUMER","recoveryDurationClass|canonical asset plus Room runtime_exercise_metadata override|app/src/main/java/com/training/trackplanner/data/RuntimeExerciseMetadataResolver.kt#forExercise","1","No v2.2-reviewed exact consumer decision"
"UNESTABLISHED_CONSUMER","recoveryDurationClass|canonical asset plus Room runtime_exercise_metadata override|app/src/main/java/com/training/trackplanner/data/RuntimeExerciseMetadataResolver.kt#forIdentity","1","No v2.2-reviewed exact consumer decision"
"UNESTABLISHED_CONSUMER","recoveryDurationClass|canonical asset plus Room runtime_exercise_metadata override|app/src/main/java/com/training/trackplanner/data/RuntimeExerciseMetadataResolver.kt#merged","1","No v2.2-reviewed exact consumer decision"
"UNESTABLISHED_CONSUMER","recoveryDurationClass|canonical asset plus Room runtime_exercise_metadata override|app/src/main/java/com/training/trackplanner/data/TrainingDatabase.kt#migrate","1","No v2.2-reviewed exact consumer decision"
"UNESTABLISHED_CONSUMER","recoveryDurationClass|canonical asset plus Room runtime_exercise_metadata override|app/src/main/java/com/training/trackplanner/MetadataDisplayCatalogue.kt#MetadataDisplayField","1","No v2.2-reviewed exact consumer decision"
"UNESTABLISHED_CONSUMER","recoveryDurationClass|canonical asset plus Room runtime_exercise_metadata override|app/src/main/java/com/training/trackplanner/PlanGeneratedPreview.kt#draftItemForExercise","1","No v2.2-reviewed exact consumer decision"
"UNESTABLISHED_CONSUMER","recoveryDurationClass|canonical asset plus Room runtime_exercise_metadata override|app/src/main/java/com/training/trackplanner/RuntimeMetadataExerciseEditorDialog.kt#joinExerciseTokens","1","No v2.2-reviewed exact consumer decision"
"UNESTABLISHED_CONSUMER","redundancyGroup|canonical asset plus Room runtime_exercise_metadata override|app/src/main/java/com/training/trackplanner/analysis/core/AnalysisInputCollector.kt#Exercise","1","No v2.2-reviewed exact consumer decision"
"UNESTABLISHED_CONSUMER","redundancyGroup|canonical asset plus Room runtime_exercise_metadata override|app/src/main/java/com/training/trackplanner/analysis/core/AnalysisInputSnapshot.kt#AnalysisExerciseMetadata","1","No v2.2-reviewed exact consumer decision"
"UNESTABLISHED_CONSUMER","redundancyGroup|canonical asset plus Room runtime_exercise_metadata override|app/src/main/java/com/training/trackplanner/analysis/fatigue/DailyFatigueCalculator.kt#from","1","No v2.2-reviewed exact consumer decision"
"UNESTABLISHED_CONSUMER","redundancyGroup|canonical asset plus Room runtime_exercise_metadata override|app/src/main/java/com/training/trackplanner/analysis/fatigue/DailyFatigueCalculator.kt#GroupKey","1","No v2.2-reviewed exact consumer decision"
"UNESTABLISHED_CONSUMER","redundancyGroup|canonical asset plus Room runtime_exercise_metadata override|app/src/main/java/com/training/trackplanner/analysis/fatigue/DailyFatigueCalculator.kt#level","1","No v2.2-reviewed exact consumer decision"
"UNESTABLISHED_CONSUMER","redundancyGroup|canonical asset plus Room runtime_exercise_metadata override|app/src/main/java/com/training/trackplanner/analysis/fatigue/DailyFatigueCalculator.kt#RecordContext","1","No v2.2-reviewed exact consumer decision"
"UNESTABLISHED_CONSUMER","redundancyGroup|canonical asset plus Room runtime_exercise_metadata override|app/src/main/java/com/training/trackplanner/analysis/fatigue/DailyFatigueCalculator.kt#ResolvedFatigueMetadata","1","No v2.2-reviewed exact consumer decision"
"UNESTABLISHED_CONSUMER","redundancyGroup|canonical asset plus Room runtime_exercise_metadata override|app/src/main/java/com/training/trackplanner/analysis/fatigue/DailyFatigueModels.kt#RecordFatigueContribution","1","No v2.2-reviewed exact consumer decision"
"UNESTABLISHED_CONSUMER","redundancyGroup|canonical asset plus Room runtime_exercise_metadata override|app/src/main/java/com/training/trackplanner/analysis/fatigue/FatigueAnalysisModels.kt#ContributionGrouping","1","No v2.2-reviewed exact consumer decision"
"UNESTABLISHED_CONSUMER","redundancyGroup|canonical asset plus Room runtime_exercise_metadata override|app/src/main/java/com/training/trackplanner/analysis/features/ExerciseAnalysisMapper.kt#AnalysisExerciseFeatures","1","No v2.2-reviewed exact consumer decision"
"UNESTABLISHED_CONSUMER","redundancyGroup|canonical asset plus Room runtime_exercise_metadata override|app/src/main/java/com/training/trackplanner/analysis/features/ExerciseAnalysisMapper.kt#fromRecord","1","No v2.2-reviewed exact consumer decision"
"UNESTABLISHED_CONSUMER","redundancyGroup|canonical asset plus Room runtime_exercise_metadata override|app/src/main/java/com/training/trackplanner/analysis/lab/MuscleLoadInputBuilder.kt#fallbackContributions","1","No v2.2-reviewed exact consumer decision"
"UNESTABLISHED_CONSUMER","redundancyGroup|canonical asset plus Room runtime_exercise_metadata override|app/src/main/java/com/training/trackplanner/analysis/proxyperformance/ProxyPerformanceLoadingBuilder.kt#build","1","No v2.2-reviewed exact consumer decision"
"UNESTABLISHED_CONSUMER","redundancyGroup|canonical asset plus Room runtime_exercise_metadata override|app/src/main/java/com/training/trackplanner/data/ExerciseMetadataAdapter.kt#fromFields","1","No v2.2-reviewed exact consumer decision"
"UNESTABLISHED_CONSUMER","redundancyGroup|canonical asset plus Room runtime_exercise_metadata override|app/src/main/java/com/training/trackplanner/data/ExerciseMetadataAdapter.kt#RuntimeExerciseMetadata","1","No v2.2-reviewed exact consumer decision"
"UNESTABLISHED_CONSUMER","redundancyGroup|canonical asset plus Room runtime_exercise_metadata override|app/src/main/java/com/training/trackplanner/data/ExerciseMetadataBackupContract.kt#ExerciseMetadataFieldPolicyRegistry","1","No v2.2-reviewed exact consumer decision"
"UNESTABLISHED_CONSUMER","redundancyGroup|canonical asset plus Room runtime_exercise_metadata override|app/src/main/java/com/training/trackplanner/data/ExerciseMetadataBackupContract.kt#normalize","1","No v2.2-reviewed exact consumer decision"
"UNESTABLISHED_CONSUMER","redundancyGroup|canonical asset plus Room runtime_exercise_metadata override|app/src/main/java/com/training/trackplanner/data/ProgramBuilder.kt#build","1","No v2.2-reviewed exact consumer decision"
"UNESTABLISHED_CONSUMER","redundancyGroup|canonical asset plus Room runtime_exercise_metadata override|app/src/main/java/com/training/trackplanner/data/ProgramBuilder.kt#GeneratedProgramSkeleton","1","No v2.2-reviewed exact consumer decision"
"UNESTABLISHED_CONSUMER","redundancyGroup|canonical asset plus Room runtime_exercise_metadata override|app/src/main/java/com/training/trackplanner/data/ProgramBuilder.kt#ProgramSkeletonItem","1","No v2.2-reviewed exact consumer decision"
"UNESTABLISHED_CONSUMER","redundancyGroup|canonical asset plus Room runtime_exercise_metadata override|app/src/main/java/com/training/trackplanner/data/ProgramBuilderValidation.kt#ProgramSkeletonItem","1","No v2.2-reviewed exact consumer decision"
"UNESTABLISHED_CONSUMER","redundancyGroup|canonical asset plus Room runtime_exercise_metadata override|app/src/main/java/com/training/trackplanner/data/ProgramBuilderValidation.kt#validateFourWeekDistribution","1","No v2.2-reviewed exact consumer decision"
"UNESTABLISHED_CONSUMER","redundancyGroup|canonical asset plus Room runtime_exercise_metadata override|app/src/main/java/com/training/trackplanner/data/ProgramBuilderValidation.kt#validateRepetition","1","No v2.2-reviewed exact consumer decision"
"UNESTABLISHED_CONSUMER","redundancyGroup|canonical asset plus Room runtime_exercise_metadata override|app/src/main/java/com/training/trackplanner/data/ProgramCandidate.kt#ProgramCandidate","1","No v2.2-reviewed exact consumer decision"
"UNESTABLISHED_CONSUMER","redundancyGroup|canonical asset plus Room runtime_exercise_metadata override|app/src/main/java/com/training/trackplanner/data/ProgramCandidateClassificationPolicy.kt#ProgramCandidate","1","No v2.2-reviewed exact consumer decision"
"UNESTABLISHED_CONSUMER","redundancyGroup|canonical asset plus Room runtime_exercise_metadata override|app/src/main/java/com/training/trackplanner/data/ProgramCandidateRerankingPolicy.kt#repeatedTransferPenalty","1","No v2.2-reviewed exact consumer decision"
"UNESTABLISHED_CONSUMER","redundancyGroup|canonical asset plus Room runtime_exercise_metadata override|app/src/main/java/com/training/trackplanner/data/ProgramCorePatternPolicy.kt#corePattern","1","No v2.2-reviewed exact consumer decision"
"UNESTABLISHED_CONSUMER","redundancyGroup|canonical asset plus Room runtime_exercise_metadata override|app/src/main/java/com/training/trackplanner/data/ProgramEvaluationPolicy.kt#transferOveruse","1","No v2.2-reviewed exact consumer decision"
"UNESTABLISHED_CONSUMER","redundancyGroup|canonical asset plus Room runtime_exercise_metadata override|app/src/main/java/com/training/trackplanner/data/ProgramEvaluationPolicy.kt#transferScore","1","No v2.2-reviewed exact consumer decision"
"UNESTABLISHED_CONSUMER","redundancyGroup|canonical asset plus Room runtime_exercise_metadata override|app/src/main/java/com/training/trackplanner/data/ProgramIssueDrivenRerankPolicy.kt#ProgramSkeletonItem","1","No v2.2-reviewed exact consumer decision"
"UNESTABLISHED_CONSUMER","redundancyGroup|canonical asset plus Room runtime_exercise_metadata override|app/src/main/java/com/training/trackplanner/data/ProgramSelectionHistory.kt#penalty","1","No v2.2-reviewed exact consumer decision"
"UNESTABLISHED_CONSUMER","redundancyGroup|canonical asset plus Room runtime_exercise_metadata override|app/src/main/java/com/training/trackplanner/data/ProgramSelectionHistory.kt#record","1","No v2.2-reviewed exact consumer decision"
"UNESTABLISHED_CONSUMER","redundancyGroup|canonical asset plus Room runtime_exercise_metadata override|app/src/main/java/com/training/trackplanner/data/ProgramSkeletonGenerator.kt#ProgramSkeletonItem","1","No v2.2-reviewed exact consumer decision"
"UNESTABLISHED_CONSUMER","redundancyGroup|canonical asset plus Room runtime_exercise_metadata override|app/src/main/java/com/training/trackplanner/data/ProgramSlotCandidateQuery.kt#ProgramCandidate","1","No v2.2-reviewed exact consumer decision"
"UNESTABLISHED_CONSUMER","redundancyGroup|canonical asset plus Room runtime_exercise_metadata override|app/src/main/java/com/training/trackplanner/data/ProgramVarietyPolicy.kt#distributionWarnings","1","No v2.2-reviewed exact consumer decision"
"UNESTABLISHED_CONSUMER","redundancyGroup|canonical asset plus Room runtime_exercise_metadata override|app/src/main/java/com/training/trackplanner/data/RecordCsvBackupRestore.kt#appendStrengthRow","1","No v2.2-reviewed exact consumer decision"
"UNESTABLISHED_CONSUMER","redundancyGroup|canonical asset plus Room runtime_exercise_metadata override|app/src/main/java/com/training/trackplanner/data/RecordCsvBackupRestore.kt#legacyRuntimeSnapshotRows","1","No v2.2-reviewed exact consumer decision"
"UNESTABLISHED_CONSUMER","redundancyGroup|canonical asset plus Room runtime_exercise_metadata override|app/src/main/java/com/training/trackplanner/data/RecordCsvBackupRestore.kt#value","1","No v2.2-reviewed exact consumer decision"
"UNESTABLISHED_CONSUMER","redundancyGroup|canonical asset plus Room runtime_exercise_metadata override|app/src/main/java/com/training/trackplanner/data/RuntimeExerciseMetadataPersistence.kt#RuntimeExerciseMetadata","1","No v2.2-reviewed exact consumer decision"
"UNESTABLISHED_CONSUMER","redundancyGroup|canonical asset plus Room runtime_exercise_metadata override|app/src/main/java/com/training/trackplanner/data/RuntimeExerciseMetadataPersistence.kt#RuntimeExerciseMetadataEntity","1","No v2.2-reviewed exact consumer decision"
"UNESTABLISHED_CONSUMER","redundancyGroup|canonical asset plus Room runtime_exercise_metadata override|app/src/main/java/com/training/trackplanner/data/RuntimeExerciseMetadataResolver.kt#forExercise","1","No v2.2-reviewed exact consumer decision"
"UNESTABLISHED_CONSUMER","redundancyGroup|canonical asset plus Room runtime_exercise_metadata override|app/src/main/java/com/training/trackplanner/data/RuntimeExerciseMetadataResolver.kt#forIdentity","1","No v2.2-reviewed exact consumer decision"
"UNESTABLISHED_CONSUMER","redundancyGroup|canonical asset plus Room runtime_exercise_metadata override|app/src/main/java/com/training/trackplanner/data/RuntimeExerciseMetadataResolver.kt#merged","1","No v2.2-reviewed exact consumer decision"
"UNESTABLISHED_CONSUMER","redundancyGroup|canonical asset plus Room runtime_exercise_metadata override|app/src/main/java/com/training/trackplanner/data/SlotCapabilityResolver.kt#metadataIdentityTokens","1","No v2.2-reviewed exact consumer decision"
"UNESTABLISHED_CONSUMER","redundancyGroup|canonical asset plus Room runtime_exercise_metadata override|app/src/main/java/com/training/trackplanner/data/TrainingDatabase.kt#migrate","1","No v2.2-reviewed exact consumer decision"
"UNESTABLISHED_CONSUMER","redundancyGroup|canonical asset plus Room runtime_exercise_metadata override|app/src/main/java/com/training/trackplanner/ExerciseSubcategoryMapper.kt#addStructured","1","No v2.2-reviewed exact consumer decision"
"UNESTABLISHED_CONSUMER","redundancyGroup|canonical asset plus Room runtime_exercise_metadata override|app/src/main/java/com/training/trackplanner/MetadataDisplayCatalogue.kt#MetadataDisplayField","1","No v2.2-reviewed exact consumer decision"
"UNESTABLISHED_CONSUMER","redundancyGroup|canonical asset plus Room runtime_exercise_metadata override|app/src/main/java/com/training/trackplanner/PlanGeneratedPreview.kt#draftItemForExercise","1","No v2.2-reviewed exact consumer decision"
"UNESTABLISHED_CONSUMER","redundancyGroup|canonical asset plus Room runtime_exercise_metadata override|app/src/main/java/com/training/trackplanner/RuntimeMetadataExerciseEditorDialog.kt#joinExerciseTokens","1","No v2.2-reviewed exact consumer decision"
"UNESTABLISHED_CONSUMER","rotationPowerWeight|Room exercises|app/src/main/java/com/training/trackplanner/analysis/core/AnalysisInputCollector.kt#Exercise","1","No v2.2-reviewed exact consumer decision"
"UNESTABLISHED_CONSUMER","rotationPowerWeight|Room exercises|app/src/main/java/com/training/trackplanner/analysis/core/AnalysisInputSnapshot.kt#AnalysisExerciseMetadata","1","No v2.2-reviewed exact consumer decision"
"UNESTABLISHED_CONSUMER","rotationPowerWeight|Room exercises|app/src/main/java/com/training/trackplanner/analysis/features/ExerciseAnalysisMapper.kt#AnalysisExerciseFeatures","1","No v2.2-reviewed exact consumer decision"
"UNESTABLISHED_CONSUMER","rotationPowerWeight|Room exercises|app/src/main/java/com/training/trackplanner/analysis/features/ExerciseAnalysisMapper.kt#fromRecord","1","No v2.2-reviewed exact consumer decision"
"UNESTABLISHED_CONSUMER","rotationPowerWeight|Room exercises|app/src/main/java/com/training/trackplanner/analysis/readiness/DailyAnalysisLoadAggregator.kt#aggregate","1","No v2.2-reviewed exact consumer decision"
"UNESTABLISHED_CONSUMER","rotationPowerWeight|Room exercises|app/src/main/java/com/training/trackplanner/data/CanonicalExerciseMetadataRepository.kt#exerciseFrom","1","No v2.2-reviewed exact consumer decision"
"UNESTABLISHED_CONSUMER","rotationPowerWeight|Room exercises|app/src/main/java/com/training/trackplanner/data/Entities.kt#Exercise","1","No v2.2-reviewed exact consumer decision"
"UNESTABLISHED_CONSUMER","rotationPowerWeight|Room exercises|app/src/main/java/com/training/trackplanner/data/ExerciseMetadataBackupContract.kt#ExerciseMetadataFieldPolicyRegistry","1","No v2.2-reviewed exact consumer decision"
"UNESTABLISHED_CONSUMER","rotationPowerWeight|Room exercises|app/src/main/java/com/training/trackplanner/data/ExerciseMetadataBackupContract.kt#normalize","1","No v2.2-reviewed exact consumer decision"
"UNESTABLISHED_CONSUMER","rotationPowerWeight|Room exercises|app/src/main/java/com/training/trackplanner/data/ExerciseMetadataMapper.kt#applyMetadata","1","No v2.2-reviewed exact consumer decision"
"UNESTABLISHED_CONSUMER","rotationPowerWeight|Room exercises|app/src/main/java/com/training/trackplanner/data/ExerciseMetadataMapper.kt#FatigueWeights","1","No v2.2-reviewed exact consumer decision"
"UNESTABLISHED_CONSUMER","rotationPowerWeight|Room exercises|app/src/main/java/com/training/trackplanner/data/ExerciseMetadataMapper.kt#MetadataSource","1","No v2.2-reviewed exact consumer decision"
"UNESTABLISHED_CONSUMER","rotationPowerWeight|Room exercises|app/src/main/java/com/training/trackplanner/data/ExerciseStableKeyMigration.kt#createExerciseTable","1","No v2.2-reviewed exact consumer decision"
"UNESTABLISHED_CONSUMER","rotationPowerWeight|Room exercises|app/src/main/java/com/training/trackplanner/data/ExerciseStableKeyMigration.kt#insertUnresolvedExercise","1","No v2.2-reviewed exact consumer decision"
"UNESTABLISHED_CONSUMER","rotationPowerWeight|Room exercises|app/src/main/java/com/training/trackplanner/data/ExerciseStableKeyMigration.kt#migrate","1","No v2.2-reviewed exact consumer decision"
"UNESTABLISHED_CONSUMER","rotationPowerWeight|Room exercises|app/src/main/java/com/training/trackplanner/data/MetadataSanityChecker.kt#check","1","No v2.2-reviewed exact consumer decision"
"UNESTABLISHED_CONSUMER","rotationPowerWeight|Room exercises|app/src/main/java/com/training/trackplanner/data/MetadataSanityChecker.kt#Exercise","1","No v2.2-reviewed exact consumer decision"
"UNESTABLISHED_CONSUMER","rotationPowerWeight|Room exercises|app/src/main/java/com/training/trackplanner/data/RuntimeExerciseMetadataResolver.kt#Exercise","1","No v2.2-reviewed exact consumer decision"
"UNESTABLISHED_CONSUMER","rotationPowerWeight|Room exercises|app/src/main/java/com/training/trackplanner/data/TrainingDatabase.kt#migrate","1","No v2.2-reviewed exact consumer decision"
"UNESTABLISHED_CONSUMER","rotationPowerWeight|Room exercises|app/src/main/java/com/training/trackplanner/data/TrainingRoleSplitMigration.kt#createExercisesWithoutLegacyRole","1","No v2.2-reviewed exact consumer decision"
"UNESTABLISHED_CONSUMER","rotationPowerWeight|Room exercises|app/src/main/java/com/training/trackplanner/data/TrainingRoleSplitMigration.kt#migrateIntrinsicTrainingRoles","1","No v2.2-reviewed exact consumer decision"
"UNESTABLISHED_CONSUMER","safeForSeedMutation|canonical asset plus Room runtime_exercise_metadata override|app/src/main/java/com/training/trackplanner/data/BackupRestoreImportService.kt#restoreCurrentBuiltInExercise","1","No v2.2-reviewed exact consumer decision"
"UNESTABLISHED_CONSUMER","safeForSeedMutation|canonical asset plus Room runtime_exercise_metadata override|app/src/main/java/com/training/trackplanner/data/BackupRestoreImportService.kt#restoreExercise","1","No v2.2-reviewed exact consumer decision"
"UNESTABLISHED_CONSUMER","safeForSeedMutation|canonical asset plus Room runtime_exercise_metadata override|app/src/main/java/com/training/trackplanner/data/ExerciseMetadataAdapter.kt#fromFields","1","No v2.2-reviewed exact consumer decision"
"UNESTABLISHED_CONSUMER","safeForSeedMutation|canonical asset plus Room runtime_exercise_metadata override|app/src/main/java/com/training/trackplanner/data/ExerciseMetadataAdapter.kt#RuntimeExerciseMetadata","1","No v2.2-reviewed exact consumer decision"
"UNESTABLISHED_CONSUMER","safeForSeedMutation|canonical asset plus Room runtime_exercise_metadata override|app/src/main/java/com/training/trackplanner/data/ExerciseMetadataBackupContract.kt#ExerciseMetadataFieldPolicyRegistry","1","No v2.2-reviewed exact consumer decision"
"UNESTABLISHED_CONSUMER","safeForSeedMutation|canonical asset plus Room runtime_exercise_metadata override|app/src/main/java/com/training/trackplanner/data/ExerciseMetadataEditorService.kt#saveExerciseEditor","1","No v2.2-reviewed exact consumer decision"
"UNESTABLISHED_CONSUMER","safeForSeedMutation|canonical asset plus Room runtime_exercise_metadata override|app/src/main/java/com/training/trackplanner/data/ExerciseMetadataEffectiveStateResolver.kt#resolve","1","No v2.2-reviewed exact consumer decision"
"UNESTABLISHED_CONSUMER","safeForSeedMutation|canonical asset plus Room runtime_exercise_metadata override|app/src/main/java/com/training/trackplanner/data/RecordCsvBackupRestore.kt#value","1","No v2.2-reviewed exact consumer decision"
"UNESTABLISHED_CONSUMER","safeForSeedMutation|canonical asset plus Room runtime_exercise_metadata override|app/src/main/java/com/training/trackplanner/data/RuntimeExerciseMetadataPersistence.kt#RuntimeExerciseMetadata","1","No v2.2-reviewed exact consumer decision"
"UNESTABLISHED_CONSUMER","safeForSeedMutation|canonical asset plus Room runtime_exercise_metadata override|app/src/main/java/com/training/trackplanner/data/RuntimeExerciseMetadataPersistence.kt#RuntimeExerciseMetadataEntity","1","No v2.2-reviewed exact consumer decision"
"UNESTABLISHED_CONSUMER","safeForSeedMutation|canonical asset plus Room runtime_exercise_metadata override|app/src/main/java/com/training/trackplanner/data/RuntimeExerciseMetadataResolver.kt#forExercise","1","No v2.2-reviewed exact consumer decision"
"UNESTABLISHED_CONSUMER","safeForSeedMutation|canonical asset plus Room runtime_exercise_metadata override|app/src/main/java/com/training/trackplanner/data/RuntimeExerciseMetadataResolver.kt#forIdentity","1","No v2.2-reviewed exact consumer decision"
"UNESTABLISHED_CONSUMER","safeForSeedMutation|canonical asset plus Room runtime_exercise_metadata override|app/src/main/java/com/training/trackplanner/data/RuntimeExerciseMetadataResolver.kt#resolve","1","No v2.2-reviewed exact consumer decision"
"UNESTABLISHED_CONSUMER","safeForSeedMutation|canonical asset plus Room runtime_exercise_metadata override|app/src/main/java/com/training/trackplanner/data/RuntimeExerciseMetadataResolver.kt#RuntimeExerciseMetadata","1","No v2.2-reviewed exact consumer decision"
"UNESTABLISHED_CONSUMER","safeForSeedMutation|canonical asset plus Room runtime_exercise_metadata override|app/src/main/java/com/training/trackplanner/data/TrainingDatabase.kt#migrate","1","No v2.2-reviewed exact consumer decision"
"UNESTABLISHED_CONSUMER","safeForSeedMutation|canonical asset plus Room runtime_exercise_metadata override|app/src/main/java/com/training/trackplanner/RuntimeMetadataExerciseEditorDialog.kt#joinExerciseTokens","1","No v2.2-reviewed exact consumer decision"
"UNESTABLISHED_CONSUMER","secondaryMuscles|Room exercises|app/src/main/java/com/training/trackplanner/analysis/badminton/BadmintonTransferMetadataMapper.kt#legacyTransferAxesForAudit","1","No v2.2-reviewed exact consumer decision"
"UNESTABLISHED_CONSUMER","secondaryMuscles|Room exercises|app/src/main/java/com/training/trackplanner/analysis/core/AnalysisInputCollector.kt#Exercise","1","No v2.2-reviewed exact consumer decision"
"UNESTABLISHED_CONSUMER","secondaryMuscles|Room exercises|app/src/main/java/com/training/trackplanner/analysis/core/AnalysisInputSnapshot.kt#AnalysisExerciseMetadata","1","No v2.2-reviewed exact consumer decision"
"UNESTABLISHED_CONSUMER","secondaryMuscles|Room exercises|app/src/main/java/com/training/trackplanner/analysis/features/ExerciseAnalysisMapper.kt#AnalysisExerciseFeatures","1","No v2.2-reviewed exact consumer decision"
"UNESTABLISHED_CONSUMER","secondaryMuscles|Room exercises|app/src/main/java/com/training/trackplanner/analysis/features/ExerciseAnalysisMapper.kt#fromRecord","1","No v2.2-reviewed exact consumer decision"
"UNESTABLISHED_CONSUMER","secondaryMuscles|Room exercises|app/src/main/java/com/training/trackplanner/analysis/lab/MuscleLoadInputBuilder.kt#contributions","1","No v2.2-reviewed exact consumer decision"
"UNESTABLISHED_CONSUMER","secondaryMuscles|Room exercises|app/src/main/java/com/training/trackplanner/analysis/metrics/CommonTaxonomyMetrics.kt#calculate","1","No v2.2-reviewed exact consumer decision"
"UNESTABLISHED_CONSUMER","secondaryMuscles|Room exercises|app/src/main/java/com/training/trackplanner/analysis/readiness/DailyAnalysisLoadAggregator.kt#aggregate","1","No v2.2-reviewed exact consumer decision"
"UNESTABLISHED_CONSUMER","secondaryMuscles|Room exercises|app/src/main/java/com/training/trackplanner/analysis/readiness/DailyAnalysisLoadAggregator.kt#bodyPartLoads","1","No v2.2-reviewed exact consumer decision"
"UNESTABLISHED_CONSUMER","secondaryMuscles|Room exercises|app/src/main/java/com/training/trackplanner/CommonUi.kt#Exercise","1","No v2.2-reviewed exact consumer decision"
"UNESTABLISHED_CONSUMER","secondaryMuscles|Room exercises|app/src/main/java/com/training/trackplanner/CommonUi.kt#ExerciseDetailCard","1","No v2.2-reviewed exact consumer decision"
"UNESTABLISHED_CONSUMER","secondaryMuscles|Room exercises|app/src/main/java/com/training/trackplanner/data/BackupRestoreCanonicalizer.kt#minimalStub","1","No v2.2-reviewed exact consumer decision"
"UNESTABLISHED_CONSUMER","secondaryMuscles|Room exercises|app/src/main/java/com/training/trackplanner/data/BackupRestoreImportService.kt#Exercise","1","No v2.2-reviewed exact consumer decision"
"UNESTABLISHED_CONSUMER","secondaryMuscles|Room exercises|app/src/main/java/com/training/trackplanner/data/BackupRestoreImportService.kt#RestoreExerciseRow","1","No v2.2-reviewed exact consumer decision"
"UNESTABLISHED_CONSUMER","secondaryMuscles|Room exercises|app/src/main/java/com/training/trackplanner/data/CanonicalExerciseMetadataRepository.kt#exerciseFrom","1","No v2.2-reviewed exact consumer decision"
"UNESTABLISHED_CONSUMER","secondaryMuscles|Room exercises|app/src/main/java/com/training/trackplanner/data/Entities.kt#Exercise","1","No v2.2-reviewed exact consumer decision"
"UNESTABLISHED_CONSUMER","secondaryMuscles|Room exercises|app/src/main/java/com/training/trackplanner/data/ExerciseMetadataBackupContract.kt#ExerciseMetadataFieldPolicyRegistry","1","No v2.2-reviewed exact consumer decision"
"UNESTABLISHED_CONSUMER","secondaryMuscles|Room exercises|app/src/main/java/com/training/trackplanner/data/ExerciseMetadataBackupContract.kt#normalize","1","No v2.2-reviewed exact consumer decision"
"UNESTABLISHED_CONSUMER","secondaryMuscles|Room exercises|app/src/main/java/com/training/trackplanner/data/ExerciseMetadataMapper.kt#from","1","No v2.2-reviewed exact consumer decision"
"UNESTABLISHED_CONSUMER","secondaryMuscles|Room exercises|app/src/main/java/com/training/trackplanner/data/ExerciseStableKeyMigration.kt#createExerciseTable","1","No v2.2-reviewed exact consumer decision"
"UNESTABLISHED_CONSUMER","secondaryMuscles|Room exercises|app/src/main/java/com/training/trackplanner/data/ExerciseStableKeyMigration.kt#insertUnresolvedExercise","1","No v2.2-reviewed exact consumer decision"
"UNESTABLISHED_CONSUMER","secondaryMuscles|Room exercises|app/src/main/java/com/training/trackplanner/data/ExerciseStableKeyMigration.kt#migrate","1","No v2.2-reviewed exact consumer decision"
"UNESTABLISHED_CONSUMER","secondaryMuscles|Room exercises|app/src/main/java/com/training/trackplanner/data/RecordCsvBackupRestore.kt#appendStrengthRow","1","No v2.2-reviewed exact consumer decision"
"UNESTABLISHED_CONSUMER","secondaryMuscles|Room exercises|app/src/main/java/com/training/trackplanner/data/RecordCsvBackupRestore.kt#legacyExerciseSnapshotRows","1","No v2.2-reviewed exact consumer decision"
"UNESTABLISHED_CONSUMER","secondaryMuscles|Room exercises|app/src/main/java/com/training/trackplanner/data/RecordCsvBackupRestore.kt#RestoreExerciseRow","1","No v2.2-reviewed exact consumer decision"
"UNESTABLISHED_CONSUMER","secondaryMuscles|Room exercises|app/src/main/java/com/training/trackplanner/data/RecordCsvBackupRestore.kt#value","1","No v2.2-reviewed exact consumer decision"
"UNESTABLISHED_CONSUMER","secondaryMuscles|Room exercises|app/src/main/java/com/training/trackplanner/data/RuntimeExerciseMetadataResolver.kt#Exercise","1","No v2.2-reviewed exact consumer decision"
"UNESTABLISHED_CONSUMER","secondaryMuscles|Room exercises|app/src/main/java/com/training/trackplanner/data/SafeBackupRestore.kt#Exercise","1","No v2.2-reviewed exact consumer decision"
"UNESTABLISHED_CONSUMER","secondaryMuscles|Room exercises|app/src/main/java/com/training/trackplanner/data/SafeBackupRestore.kt#RestoreExerciseRow","1","No v2.2-reviewed exact consumer decision"
"UNESTABLISHED_CONSUMER","secondaryMuscles|Room exercises|app/src/main/java/com/training/trackplanner/data/SeedData.kt#exactExerciseMetadataFromParsedRows","1","No v2.2-reviewed exact consumer decision"
"UNESTABLISHED_CONSUMER","secondaryMuscles|Room exercises|app/src/main/java/com/training/trackplanner/data/SeedData.kt#exerciseFromCsv","1","No v2.2-reviewed exact consumer decision"
"UNESTABLISHED_CONSUMER","secondaryMuscles|Room exercises|app/src/main/java/com/training/trackplanner/data/SeedData.kt#validateCatalog","1","No v2.2-reviewed exact consumer decision"
"UNESTABLISHED_CONSUMER","secondaryMuscles|Room exercises|app/src/main/java/com/training/trackplanner/data/TrainingRepository.kt#legacyUpsertRestoredExercise","1","No v2.2-reviewed exact consumer decision"
"UNESTABLISHED_CONSUMER","secondaryMuscles|Room exercises|app/src/main/java/com/training/trackplanner/data/TrainingRoleSplitMigration.kt#createExercisesWithoutLegacyRole","1","No v2.2-reviewed exact consumer decision"
"UNESTABLISHED_CONSUMER","secondaryMuscles|Room exercises|app/src/main/java/com/training/trackplanner/data/TrainingRoleSplitMigration.kt#migrateIntrinsicTrainingRoles","1","No v2.2-reviewed exact consumer decision"
"UNESTABLISHED_CONSUMER","secondaryMuscles|Room exercises|app/src/main/java/com/training/trackplanner/ExerciseSubcategoryMapper.kt#addStructured","1","No v2.2-reviewed exact consumer decision"
"UNESTABLISHED_CONSUMER","secondaryMuscles|Room exercises|app/src/main/java/com/training/trackplanner/RuntimeMetadataExerciseEditorDialog.kt#joinExerciseTokens","1","No v2.2-reviewed exact consumer decision"
"UNESTABLISHED_CONSUMER","secondaryStressTags|canonical asset plus Room runtime_exercise_metadata override|app/src/main/java/com/training/trackplanner/analysis/core/AnalysisInputCollector.kt#Exercise","1","No v2.2-reviewed exact consumer decision"
"UNESTABLISHED_CONSUMER","secondaryStressTags|canonical asset plus Room runtime_exercise_metadata override|app/src/main/java/com/training/trackplanner/analysis/core/AnalysisInputSnapshot.kt#AnalysisExerciseMetadata","1","No v2.2-reviewed exact consumer decision"
"UNESTABLISHED_CONSUMER","secondaryStressTags|canonical asset plus Room runtime_exercise_metadata override|app/src/main/java/com/training/trackplanner/analysis/fatigue/DailyFatigueCalculator.kt#from","1","No v2.2-reviewed exact consumer decision"
"UNESTABLISHED_CONSUMER","secondaryStressTags|canonical asset plus Room runtime_exercise_metadata override|app/src/main/java/com/training/trackplanner/analysis/features/ExerciseAnalysisMapper.kt#AnalysisExerciseFeatures","1","No v2.2-reviewed exact consumer decision"
"UNESTABLISHED_CONSUMER","secondaryStressTags|canonical asset plus Room runtime_exercise_metadata override|app/src/main/java/com/training/trackplanner/analysis/features/ExerciseAnalysisMapper.kt#fromRecord","1","No v2.2-reviewed exact consumer decision"
"UNESTABLISHED_CONSUMER","secondaryStressTags|canonical asset plus Room runtime_exercise_metadata override|app/src/main/java/com/training/trackplanner/data/ExerciseMetadataAdapter.kt#broadLegacyFatigueCategories","1","No v2.2-reviewed exact consumer decision"
"UNESTABLISHED_CONSUMER","secondaryStressTags|canonical asset plus Room runtime_exercise_metadata override|app/src/main/java/com/training/trackplanner/data/ExerciseMetadataAdapter.kt#fromFields","1","No v2.2-reviewed exact consumer decision"
"UNESTABLISHED_CONSUMER","secondaryStressTags|canonical asset plus Room runtime_exercise_metadata override|app/src/main/java/com/training/trackplanner/data/ExerciseMetadataAdapter.kt#RuntimeExerciseMetadata","1","No v2.2-reviewed exact consumer decision"
"UNESTABLISHED_CONSUMER","secondaryStressTags|canonical asset plus Room runtime_exercise_metadata override|app/src/main/java/com/training/trackplanner/data/ExerciseMetadataBackupContract.kt#ExerciseMetadataFieldPolicyRegistry","1","No v2.2-reviewed exact consumer decision"
"UNESTABLISHED_CONSUMER","secondaryStressTags|canonical asset plus Room runtime_exercise_metadata override|app/src/main/java/com/training/trackplanner/data/ExerciseMetadataBackupContract.kt#normalize","1","No v2.2-reviewed exact consumer decision"
"UNESTABLISHED_CONSUMER","secondaryStressTags|canonical asset plus Room runtime_exercise_metadata override|app/src/main/java/com/training/trackplanner/data/ProgramCandidate.kt#ProgramCandidate","1","No v2.2-reviewed exact consumer decision"
"UNESTABLISHED_CONSUMER","secondaryStressTags|canonical asset plus Room runtime_exercise_metadata override|app/src/main/java/com/training/trackplanner/data/ProgramSlotCandidateQuery.kt#ProgramCandidate","1","No v2.2-reviewed exact consumer decision"
"UNESTABLISHED_CONSUMER","secondaryStressTags|canonical asset plus Room runtime_exercise_metadata override|app/src/main/java/com/training/trackplanner/data/RecordCsvBackupRestore.kt#appendStrengthRow","1","No v2.2-reviewed exact consumer decision"
"UNESTABLISHED_CONSUMER","secondaryStressTags|canonical asset plus Room runtime_exercise_metadata override|app/src/main/java/com/training/trackplanner/data/RecordCsvBackupRestore.kt#legacyRuntimeSnapshotRows","1","No v2.2-reviewed exact consumer decision"
"UNESTABLISHED_CONSUMER","secondaryStressTags|canonical asset plus Room runtime_exercise_metadata override|app/src/main/java/com/training/trackplanner/data/RecordCsvBackupRestore.kt#value","1","No v2.2-reviewed exact consumer decision"
"UNESTABLISHED_CONSUMER","secondaryStressTags|canonical asset plus Room runtime_exercise_metadata override|app/src/main/java/com/training/trackplanner/data/RuntimeExerciseMetadataPersistence.kt#RuntimeExerciseMetadata","1","No v2.2-reviewed exact consumer decision"
"UNESTABLISHED_CONSUMER","secondaryStressTags|canonical asset plus Room runtime_exercise_metadata override|app/src/main/java/com/training/trackplanner/data/RuntimeExerciseMetadataPersistence.kt#RuntimeExerciseMetadataEntity","1","No v2.2-reviewed exact consumer decision"
"UNESTABLISHED_CONSUMER","secondaryStressTags|canonical asset plus Room runtime_exercise_metadata override|app/src/main/java/com/training/trackplanner/data/RuntimeExerciseMetadataResolver.kt#forExercise","1","No v2.2-reviewed exact consumer decision"
"UNESTABLISHED_CONSUMER","secondaryStressTags|canonical asset plus Room runtime_exercise_metadata override|app/src/main/java/com/training/trackplanner/data/RuntimeExerciseMetadataResolver.kt#forIdentity","1","No v2.2-reviewed exact consumer decision"
"UNESTABLISHED_CONSUMER","secondaryStressTags|canonical asset plus Room runtime_exercise_metadata override|app/src/main/java/com/training/trackplanner/data/RuntimeExerciseMetadataResolver.kt#merged","1","No v2.2-reviewed exact consumer decision"
"UNESTABLISHED_CONSUMER","secondaryStressTags|canonical asset plus Room runtime_exercise_metadata override|app/src/main/java/com/training/trackplanner/data/SlotCapabilityResolver.kt#metadataSupportingTokens","1","No v2.2-reviewed exact consumer decision"
"UNESTABLISHED_CONSUMER","secondaryStressTags|canonical asset plus Room runtime_exercise_metadata override|app/src/main/java/com/training/trackplanner/data/TrainingDatabase.kt#migrate","1","No v2.2-reviewed exact consumer decision"
"UNESTABLISHED_CONSUMER","secondaryStressTags|canonical asset plus Room runtime_exercise_metadata override|app/src/main/java/com/training/trackplanner/ExerciseSubcategoryMapper.kt#addStructured","1","No v2.2-reviewed exact consumer decision"
"UNESTABLISHED_CONSUMER","secondaryStressTags|canonical asset plus Room runtime_exercise_metadata override|app/src/main/java/com/training/trackplanner/MetadataDisplayCatalogue.kt#MetadataDisplayField","1","No v2.2-reviewed exact consumer decision"
"UNESTABLISHED_CONSUMER","secondaryStressTags|canonical asset plus Room runtime_exercise_metadata override|app/src/main/java/com/training/trackplanner/RuntimeMetadataExerciseEditorDialog.kt#joinExerciseTokens","1","No v2.2-reviewed exact consumer decision"
"UNESTABLISHED_CONSUMER","sourceConfidenceLevel|canonical asset plus Room runtime_exercise_metadata override|app/src/main/java/com/training/trackplanner/analysis/core/AnalysisInputCollector.kt#Exercise","1","No v2.2-reviewed exact consumer decision"
"UNESTABLISHED_CONSUMER","sourceConfidenceLevel|canonical asset plus Room runtime_exercise_metadata override|app/src/main/java/com/training/trackplanner/analysis/core/AnalysisInputSnapshot.kt#AnalysisExerciseMetadata","1","No v2.2-reviewed exact consumer decision"
"UNESTABLISHED_CONSUMER","sourceConfidenceLevel|canonical asset plus Room runtime_exercise_metadata override|app/src/main/java/com/training/trackplanner/analysis/features/ExerciseAnalysisMapper.kt#AnalysisExerciseFeatures","1","No v2.2-reviewed exact consumer decision"
"UNESTABLISHED_CONSUMER","sourceConfidenceLevel|canonical asset plus Room runtime_exercise_metadata override|app/src/main/java/com/training/trackplanner/analysis/features/ExerciseAnalysisMapper.kt#fromRecord","1","No v2.2-reviewed exact consumer decision"
"UNESTABLISHED_CONSUMER","sourceConfidenceLevel|canonical asset plus Room runtime_exercise_metadata override|app/src/main/java/com/training/trackplanner/analysis/proxyperformance/ProxyPerformanceLoadingBuilder.kt#metadataConfidence","1","No v2.2-reviewed exact consumer decision"
"UNESTABLISHED_CONSUMER","sourceConfidenceLevel|canonical asset plus Room runtime_exercise_metadata override|app/src/main/java/com/training/trackplanner/data/ExerciseMetadataAdapter.kt#fromFields","1","No v2.2-reviewed exact consumer decision"
"UNESTABLISHED_CONSUMER","sourceConfidenceLevel|canonical asset plus Room runtime_exercise_metadata override|app/src/main/java/com/training/trackplanner/data/ExerciseMetadataAdapter.kt#RuntimeExerciseMetadata","1","No v2.2-reviewed exact consumer decision"
"UNESTABLISHED_CONSUMER","sourceConfidenceLevel|canonical asset plus Room runtime_exercise_metadata override|app/src/main/java/com/training/trackplanner/data/ExerciseMetadataBackupContract.kt#ExerciseMetadataFieldPolicyRegistry","1","No v2.2-reviewed exact consumer decision"
"UNESTABLISHED_CONSUMER","sourceConfidenceLevel|canonical asset plus Room runtime_exercise_metadata override|app/src/main/java/com/training/trackplanner/data/ExerciseMetadataBackupContract.kt#normalize","1","No v2.2-reviewed exact consumer decision"
"UNESTABLISHED_CONSUMER","sourceConfidenceLevel|canonical asset plus Room runtime_exercise_metadata override|app/src/main/java/com/training/trackplanner/data/RecordCsvBackupRestore.kt#appendStrengthRow","1","No v2.2-reviewed exact consumer decision"
"UNESTABLISHED_CONSUMER","sourceConfidenceLevel|canonical asset plus Room runtime_exercise_metadata override|app/src/main/java/com/training/trackplanner/data/RecordCsvBackupRestore.kt#legacyRuntimeSnapshotRows","1","No v2.2-reviewed exact consumer decision"
"UNESTABLISHED_CONSUMER","sourceConfidenceLevel|canonical asset plus Room runtime_exercise_metadata override|app/src/main/java/com/training/trackplanner/data/RecordCsvBackupRestore.kt#value","1","No v2.2-reviewed exact consumer decision"
"UNESTABLISHED_CONSUMER","sourceConfidenceLevel|canonical asset plus Room runtime_exercise_metadata override|app/src/main/java/com/training/trackplanner/data/RuntimeExerciseMetadataPersistence.kt#RuntimeExerciseMetadata","1","No v2.2-reviewed exact consumer decision"
"UNESTABLISHED_CONSUMER","sourceConfidenceLevel|canonical asset plus Room runtime_exercise_metadata override|app/src/main/java/com/training/trackplanner/data/RuntimeExerciseMetadataPersistence.kt#RuntimeExerciseMetadataEntity","1","No v2.2-reviewed exact consumer decision"
"UNESTABLISHED_CONSUMER","sourceConfidenceLevel|canonical asset plus Room runtime_exercise_metadata override|app/src/main/java/com/training/trackplanner/data/RuntimeExerciseMetadataResolver.kt#forExercise","1","No v2.2-reviewed exact consumer decision"
"UNESTABLISHED_CONSUMER","sourceConfidenceLevel|canonical asset plus Room runtime_exercise_metadata override|app/src/main/java/com/training/trackplanner/data/RuntimeExerciseMetadataResolver.kt#forIdentity","1","No v2.2-reviewed exact consumer decision"
"UNESTABLISHED_CONSUMER","sourceConfidenceLevel|canonical asset plus Room runtime_exercise_metadata override|app/src/main/java/com/training/trackplanner/data/RuntimeExerciseMetadataResolver.kt#merged","1","No v2.2-reviewed exact consumer decision"
"UNESTABLISHED_CONSUMER","sourceConfidenceLevel|canonical asset plus Room runtime_exercise_metadata override|app/src/main/java/com/training/trackplanner/data/TrainingDatabase.kt#migrate","1","No v2.2-reviewed exact consumer decision"
"UNESTABLISHED_CONSUMER","sourceConfidenceLevel|canonical asset plus Room runtime_exercise_metadata override|app/src/main/java/com/training/trackplanner/MetadataDisplayCatalogue.kt#MetadataDisplayField","1","No v2.2-reviewed exact consumer decision"
"UNESTABLISHED_CONSUMER","sourceConfidenceLevel|canonical asset plus Room runtime_exercise_metadata override|app/src/main/java/com/training/trackplanner/RuntimeMetadataExerciseEditorDialog.kt#joinExerciseTokens","1","No v2.2-reviewed exact consumer decision"
"UNESTABLISHED_CONSUMER","sportContextTags|canonical asset plus Room runtime_exercise_metadata override|app/src/main/java/com/training/trackplanner/analysis/coach/CourtDurationRecoveryAnalyzer.kt#RuntimeExerciseMetadata","1","No v2.2-reviewed exact consumer decision"
"UNESTABLISHED_CONSUMER","sportContextTags|canonical asset plus Room runtime_exercise_metadata override|app/src/main/java/com/training/trackplanner/analysis/core/AnalysisInputCollector.kt#Exercise","1","No v2.2-reviewed exact consumer decision"
"UNESTABLISHED_CONSUMER","sportContextTags|canonical asset plus Room runtime_exercise_metadata override|app/src/main/java/com/training/trackplanner/analysis/core/AnalysisInputSnapshot.kt#AnalysisExerciseMetadata","1","No v2.2-reviewed exact consumer decision"
"UNESTABLISHED_CONSUMER","sportContextTags|canonical asset plus Room runtime_exercise_metadata override|app/src/main/java/com/training/trackplanner/analysis/fatigue/DailyFatigueCalculator.kt#from","1","No v2.2-reviewed exact consumer decision"
"UNESTABLISHED_CONSUMER","sportContextTags|canonical asset plus Room runtime_exercise_metadata override|app/src/main/java/com/training/trackplanner/analysis/features/ExerciseAnalysisMapper.kt#AnalysisExerciseFeatures","1","No v2.2-reviewed exact consumer decision"
"UNESTABLISHED_CONSUMER","sportContextTags|canonical asset plus Room runtime_exercise_metadata override|app/src/main/java/com/training/trackplanner/analysis/features/ExerciseAnalysisMapper.kt#fromRecord","1","No v2.2-reviewed exact consumer decision"
"UNESTABLISHED_CONSUMER","sportContextTags|canonical asset plus Room runtime_exercise_metadata override|app/src/main/java/com/training/trackplanner/data/ExerciseMetadataAdapter.kt#fromFields","1","No v2.2-reviewed exact consumer decision"
"UNESTABLISHED_CONSUMER","sportContextTags|canonical asset plus Room runtime_exercise_metadata override|app/src/main/java/com/training/trackplanner/data/ExerciseMetadataAdapter.kt#RuntimeExerciseMetadata","1","No v2.2-reviewed exact consumer decision"
"UNESTABLISHED_CONSUMER","sportContextTags|canonical asset plus Room runtime_exercise_metadata override|app/src/main/java/com/training/trackplanner/data/ExerciseMetadataBackupContract.kt#ExerciseMetadataFieldPolicyRegistry","1","No v2.2-reviewed exact consumer decision"
"UNESTABLISHED_CONSUMER","sportContextTags|canonical asset plus Room runtime_exercise_metadata override|app/src/main/java/com/training/trackplanner/data/ExerciseMetadataBackupContract.kt#normalize","1","No v2.2-reviewed exact consumer decision"
"UNESTABLISHED_CONSUMER","sportContextTags|canonical asset plus Room runtime_exercise_metadata override|app/src/main/java/com/training/trackplanner/data/ProgramCandidate.kt#ProgramCandidate","1","No v2.2-reviewed exact consumer decision"
"UNESTABLISHED_CONSUMER","sportContextTags|canonical asset plus Room runtime_exercise_metadata override|app/src/main/java/com/training/trackplanner/data/RecordCsvBackupRestore.kt#appendStrengthRow","1","No v2.2-reviewed exact consumer decision"
"UNESTABLISHED_CONSUMER","sportContextTags|canonical asset plus Room runtime_exercise_metadata override|app/src/main/java/com/training/trackplanner/data/RecordCsvBackupRestore.kt#legacyRuntimeSnapshotRows","1","No v2.2-reviewed exact consumer decision"
"UNESTABLISHED_CONSUMER","sportContextTags|canonical asset plus Room runtime_exercise_metadata override|app/src/main/java/com/training/trackplanner/data/RecordCsvBackupRestore.kt#value","1","No v2.2-reviewed exact consumer decision"
"UNESTABLISHED_CONSUMER","sportContextTags|canonical asset plus Room runtime_exercise_metadata override|app/src/main/java/com/training/trackplanner/data/RuntimeExerciseMetadataPersistence.kt#RuntimeExerciseMetadata","1","No v2.2-reviewed exact consumer decision"
"UNESTABLISHED_CONSUMER","sportContextTags|canonical asset plus Room runtime_exercise_metadata override|app/src/main/java/com/training/trackplanner/data/RuntimeExerciseMetadataPersistence.kt#RuntimeExerciseMetadataEntity","1","No v2.2-reviewed exact consumer decision"
"UNESTABLISHED_CONSUMER","sportContextTags|canonical asset plus Room runtime_exercise_metadata override|app/src/main/java/com/training/trackplanner/data/RuntimeExerciseMetadataResolver.kt#forExercise","1","No v2.2-reviewed exact consumer decision"
"UNESTABLISHED_CONSUMER","sportContextTags|canonical asset plus Room runtime_exercise_metadata override|app/src/main/java/com/training/trackplanner/data/RuntimeExerciseMetadataResolver.kt#forIdentity","1","No v2.2-reviewed exact consumer decision"
"UNESTABLISHED_CONSUMER","sportContextTags|canonical asset plus Room runtime_exercise_metadata override|app/src/main/java/com/training/trackplanner/data/RuntimeExerciseMetadataResolver.kt#merged","1","No v2.2-reviewed exact consumer decision"
"UNESTABLISHED_CONSUMER","sportContextTags|canonical asset plus Room runtime_exercise_metadata override|app/src/main/java/com/training/trackplanner/data/TrainingDatabase.kt#migrate","1","No v2.2-reviewed exact consumer decision"
"UNESTABLISHED_CONSUMER","sportContextTags|canonical asset plus Room runtime_exercise_metadata override|app/src/main/java/com/training/trackplanner/ExerciseSubcategoryMapper.kt#addStructured","1","No v2.2-reviewed exact consumer decision"
"UNESTABLISHED_CONSUMER","sportContextTags|canonical asset plus Room runtime_exercise_metadata override|app/src/main/java/com/training/trackplanner/MetadataDisplayCatalogue.kt#MetadataDisplayField","1","No v2.2-reviewed exact consumer decision"
"UNESTABLISHED_CONSUMER","sportContextTags|canonical asset plus Room runtime_exercise_metadata override|app/src/main/java/com/training/trackplanner/RuntimeMetadataExerciseEditorDialog.kt#joinExerciseTokens","1","No v2.2-reviewed exact consumer decision"
"UNESTABLISHED_CONSUMER","sportTransferSupportive|Room exercises|app/src/main/java/com/training/trackplanner/analysis/core/AnalysisInputCollector.kt#Exercise","1","No v2.2-reviewed exact consumer decision"
"UNESTABLISHED_CONSUMER","sportTransferSupportive|Room exercises|app/src/main/java/com/training/trackplanner/analysis/core/AnalysisInputSnapshot.kt#AnalysisExerciseMetadata","1","No v2.2-reviewed exact consumer decision"
"UNESTABLISHED_CONSUMER","sportTransferSupportive|Room exercises|app/src/main/java/com/training/trackplanner/analysis/metrics/CommonPlanProjectionMetrics.kt#List","1","No v2.2-reviewed exact consumer decision"
"UNESTABLISHED_CONSUMER","sportTransferSupportive|Room exercises|app/src/main/java/com/training/trackplanner/analysis/metrics/CommonTaxonomyMetrics.kt#List","1","No v2.2-reviewed exact consumer decision"
"UNESTABLISHED_CONSUMER","sportTransferSupportive|Room exercises|app/src/main/java/com/training/trackplanner/CommonUi.kt#Exercise","1","No v2.2-reviewed exact consumer decision"
"UNESTABLISHED_CONSUMER","sportTransferSupportive|Room exercises|app/src/main/java/com/training/trackplanner/data/BackupRestoreCanonicalizer.kt#minimalStub","1","No v2.2-reviewed exact consumer decision"
"UNESTABLISHED_CONSUMER","sportTransferSupportive|Room exercises|app/src/main/java/com/training/trackplanner/data/BackupRestoreImportService.kt#Exercise","1","No v2.2-reviewed exact consumer decision"
"UNESTABLISHED_CONSUMER","sportTransferSupportive|Room exercises|app/src/main/java/com/training/trackplanner/data/BackupRestoreImportService.kt#RestoreExerciseRow","1","No v2.2-reviewed exact consumer decision"
"UNESTABLISHED_CONSUMER","sportTransferSupportive|Room exercises|app/src/main/java/com/training/trackplanner/data/CanonicalExerciseMetadataRepository.kt#exerciseFrom","1","No v2.2-reviewed exact consumer decision"
"UNESTABLISHED_CONSUMER","sportTransferSupportive|Room exercises|app/src/main/java/com/training/trackplanner/data/Entities.kt#Exercise","1","No v2.2-reviewed exact consumer decision"
"UNESTABLISHED_CONSUMER","sportTransferSupportive|Room exercises|app/src/main/java/com/training/trackplanner/data/ExerciseMetadataBackupContract.kt#ExerciseMetadataFieldPolicyRegistry","1","No v2.2-reviewed exact consumer decision"
"UNESTABLISHED_CONSUMER","sportTransferSupportive|Room exercises|app/src/main/java/com/training/trackplanner/data/ExerciseMetadataBackupContract.kt#normalize","1","No v2.2-reviewed exact consumer decision"
"UNESTABLISHED_CONSUMER","sportTransferSupportive|Room exercises|app/src/main/java/com/training/trackplanner/data/ExerciseMetadataMapper.kt#from","1","No v2.2-reviewed exact consumer decision"
"UNESTABLISHED_CONSUMER","sportTransferSupportive|Room exercises|app/src/main/java/com/training/trackplanner/data/ExerciseStableKeyMigration.kt#createExerciseTable","1","No v2.2-reviewed exact consumer decision"
"UNESTABLISHED_CONSUMER","sportTransferSupportive|Room exercises|app/src/main/java/com/training/trackplanner/data/ExerciseStableKeyMigration.kt#insertUnresolvedExercise","1","No v2.2-reviewed exact consumer decision"
"UNESTABLISHED_CONSUMER","sportTransferSupportive|Room exercises|app/src/main/java/com/training/trackplanner/data/ExerciseStableKeyMigration.kt#migrate","1","No v2.2-reviewed exact consumer decision"
"UNESTABLISHED_CONSUMER","sportTransferSupportive|Room exercises|app/src/main/java/com/training/trackplanner/data/ExerciseTaxonomy.kt#ExerciseTaxonomy","1","No v2.2-reviewed exact consumer decision"
"UNESTABLISHED_CONSUMER","sportTransferSupportive|Room exercises|app/src/main/java/com/training/trackplanner/data/RecordCsvBackupRestore.kt#appendStrengthRow","1","No v2.2-reviewed exact consumer decision"
"UNESTABLISHED_CONSUMER","sportTransferSupportive|Room exercises|app/src/main/java/com/training/trackplanner/data/RecordCsvBackupRestore.kt#legacyExerciseSnapshotRows","1","No v2.2-reviewed exact consumer decision"
"UNESTABLISHED_CONSUMER","sportTransferSupportive|Room exercises|app/src/main/java/com/training/trackplanner/data/RecordCsvBackupRestore.kt#RestoreExerciseRow","1","No v2.2-reviewed exact consumer decision"
"UNESTABLISHED_CONSUMER","sportTransferSupportive|Room exercises|app/src/main/java/com/training/trackplanner/data/RecordCsvBackupRestore.kt#value","1","No v2.2-reviewed exact consumer decision"
"UNESTABLISHED_CONSUMER","sportTransferSupportive|Room exercises|app/src/main/java/com/training/trackplanner/data/RuntimeExerciseMetadataResolver.kt#Exercise","1","No v2.2-reviewed exact consumer decision"
"UNESTABLISHED_CONSUMER","sportTransferSupportive|Room exercises|app/src/main/java/com/training/trackplanner/data/SeedData.kt#exerciseFromCsv","1","No v2.2-reviewed exact consumer decision"
"UNESTABLISHED_CONSUMER","sportTransferSupportive|Room exercises|app/src/main/java/com/training/trackplanner/data/SeedData.kt#validateCatalog","1","No v2.2-reviewed exact consumer decision"
"UNESTABLISHED_CONSUMER","sportTransferSupportive|Room exercises|app/src/main/java/com/training/trackplanner/data/TrainingRepository.kt#legacyUpsertRestoredExercise","1","No v2.2-reviewed exact consumer decision"
"UNESTABLISHED_CONSUMER","sportTransferSupportive|Room exercises|app/src/main/java/com/training/trackplanner/data/TrainingRoleSplitMigration.kt#createExercisesWithoutLegacyRole","1","No v2.2-reviewed exact consumer decision"
"UNESTABLISHED_CONSUMER","sportTransferSupportive|Room exercises|app/src/main/java/com/training/trackplanner/data/TrainingRoleSplitMigration.kt#migrateIntrinsicTrainingRoles","1","No v2.2-reviewed exact consumer decision"
"UNESTABLISHED_CONSUMER","stabilityDemandLevel|Room exercises|app/src/main/java/com/training/trackplanner/analysis/core/AnalysisInputCollector.kt#Exercise","1","No v2.2-reviewed exact consumer decision"
"UNESTABLISHED_CONSUMER","stabilityDemandLevel|Room exercises|app/src/main/java/com/training/trackplanner/analysis/core/AnalysisInputSnapshot.kt#AnalysisExerciseMetadata","1","No v2.2-reviewed exact consumer decision"
"UNESTABLISHED_CONSUMER","stabilityDemandLevel|Room exercises|app/src/main/java/com/training/trackplanner/analysis/features/ExerciseAnalysisMapper.kt#AnalysisExerciseFeatures","1","No v2.2-reviewed exact consumer decision"
"UNESTABLISHED_CONSUMER","stabilityDemandLevel|Room exercises|app/src/main/java/com/training/trackplanner/analysis/features/ExerciseAnalysisMapper.kt#fromRecord","1","No v2.2-reviewed exact consumer decision"
"UNESTABLISHED_CONSUMER","stabilityDemandLevel|Room exercises|app/src/main/java/com/training/trackplanner/analysis/features/MetadataReadinessReporter.kt#balanceReady","1","No v2.2-reviewed exact consumer decision"
"UNESTABLISHED_CONSUMER","stabilityDemandLevel|Room exercises|app/src/main/java/com/training/trackplanner/analysis/features/MetadataReadinessReporter.kt#Exercise","1","No v2.2-reviewed exact consumer decision"
"UNESTABLISHED_CONSUMER","stabilityDemandLevel|Room exercises|app/src/main/java/com/training/trackplanner/data/CanonicalExerciseMetadataRepository.kt#CanonicalExerciseIdentity","1","No v2.2-reviewed exact consumer decision"
"UNESTABLISHED_CONSUMER","stabilityDemandLevel|Room exercises|app/src/main/java/com/training/trackplanner/data/CanonicalExerciseMetadataRepository.kt#exerciseFrom","1","No v2.2-reviewed exact consumer decision"
"UNESTABLISHED_CONSUMER","stabilityDemandLevel|Room exercises|app/src/main/java/com/training/trackplanner/data/CanonicalExerciseMetadataRepository.kt#identityFrom","1","No v2.2-reviewed exact consumer decision"
"UNESTABLISHED_CONSUMER","stabilityDemandLevel|Room exercises|app/src/main/java/com/training/trackplanner/data/Entities.kt#Exercise","1","No v2.2-reviewed exact consumer decision"
"UNESTABLISHED_CONSUMER","stabilityDemandLevel|Room exercises|app/src/main/java/com/training/trackplanner/data/ExerciseMetadataBackupContract.kt#ExerciseMetadataFieldPolicyRegistry","1","No v2.2-reviewed exact consumer decision"
"UNESTABLISHED_CONSUMER","stabilityDemandLevel|Room exercises|app/src/main/java/com/training/trackplanner/data/ExerciseMetadataBackupContract.kt#normalize","1","No v2.2-reviewed exact consumer decision"
"UNESTABLISHED_CONSUMER","stabilityDemandLevel|Room exercises|app/src/main/java/com/training/trackplanner/data/ExerciseMetadataMapper.kt#applyMetadata","1","No v2.2-reviewed exact consumer decision"
"UNESTABLISHED_CONSUMER","stabilityDemandLevel|Room exercises|app/src/main/java/com/training/trackplanner/data/ExerciseMetadataMapper.kt#MetadataSource","1","No v2.2-reviewed exact consumer decision"
"UNESTABLISHED_CONSUMER","stabilityDemandLevel|Room exercises|app/src/main/java/com/training/trackplanner/data/ExerciseMetadataTaxonomy.kt#StabilityDemandLevel","1","No v2.2-reviewed exact consumer decision"
"UNESTABLISHED_CONSUMER","stabilityDemandLevel|Room exercises|app/src/main/java/com/training/trackplanner/data/ExerciseStableKeyMigration.kt#createExerciseTable","1","No v2.2-reviewed exact consumer decision"
"UNESTABLISHED_CONSUMER","stabilityDemandLevel|Room exercises|app/src/main/java/com/training/trackplanner/data/ExerciseStableKeyMigration.kt#insertUnresolvedExercise","1","No v2.2-reviewed exact consumer decision"
"UNESTABLISHED_CONSUMER","stabilityDemandLevel|Room exercises|app/src/main/java/com/training/trackplanner/data/ExerciseStableKeyMigration.kt#migrate","1","No v2.2-reviewed exact consumer decision"
"UNESTABLISHED_CONSUMER","stabilityDemandLevel|Room exercises|app/src/main/java/com/training/trackplanner/data/MetadataSanityChecker.kt#check","1","No v2.2-reviewed exact consumer decision"
"UNESTABLISHED_CONSUMER","stabilityDemandLevel|Room exercises|app/src/main/java/com/training/trackplanner/data/MetadataSanityChecker.kt#Exercise","1","No v2.2-reviewed exact consumer decision"
"UNESTABLISHED_CONSUMER","stabilityDemandLevel|Room exercises|app/src/main/java/com/training/trackplanner/data/RuntimeExerciseMetadataResolver.kt#Exercise","1","No v2.2-reviewed exact consumer decision"
"UNESTABLISHED_CONSUMER","stabilityDemandLevel|Room exercises|app/src/main/java/com/training/trackplanner/data/RuntimeExerciseMetadataResolver.kt#forExercise","1","No v2.2-reviewed exact consumer decision"
"UNESTABLISHED_CONSUMER","stabilityDemandLevel|Room exercises|app/src/main/java/com/training/trackplanner/data/SeedData.kt#validateCatalog","1","No v2.2-reviewed exact consumer decision"
"UNESTABLISHED_CONSUMER","stabilityDemandLevel|Room exercises|app/src/main/java/com/training/trackplanner/data/TrainingDatabase.kt#migrate","1","No v2.2-reviewed exact consumer decision"
"UNESTABLISHED_CONSUMER","stabilityDemandLevel|Room exercises|app/src/main/java/com/training/trackplanner/data/TrainingRepository.kt#Exercise","1","No v2.2-reviewed exact consumer decision"
"UNESTABLISHED_CONSUMER","stabilityDemandLevel|Room exercises|app/src/main/java/com/training/trackplanner/data/TrainingRoleSplitMigration.kt#createExercisesWithoutLegacyRole","1","No v2.2-reviewed exact consumer decision"
"UNESTABLISHED_CONSUMER","stabilityDemandLevel|Room exercises|app/src/main/java/com/training/trackplanner/data/TrainingRoleSplitMigration.kt#migrateIntrinsicTrainingRoles","1","No v2.2-reviewed exact consumer decision"
"UNESTABLISHED_CONSUMER","stabilityRoles|Room exercises|app/src/main/java/com/training/trackplanner/analysis/core/AnalysisInputCollector.kt#Exercise","1","No v2.2-reviewed exact consumer decision"
"UNESTABLISHED_CONSUMER","stabilityRoles|Room exercises|app/src/main/java/com/training/trackplanner/analysis/core/AnalysisInputSnapshot.kt#AnalysisExerciseMetadata","1","No v2.2-reviewed exact consumer decision"
"UNESTABLISHED_CONSUMER","stabilityRoles|Room exercises|app/src/main/java/com/training/trackplanner/analysis/metrics/CommonTaxonomyMetrics.kt#calculate","1","No v2.2-reviewed exact consumer decision"
"UNESTABLISHED_CONSUMER","stabilityRoles|Room exercises|app/src/main/java/com/training/trackplanner/data/CanonicalExerciseMetadataRepository.kt#exerciseFrom","1","No v2.2-reviewed exact consumer decision"
"UNESTABLISHED_CONSUMER","stabilityRoles|Room exercises|app/src/main/java/com/training/trackplanner/data/Entities.kt#Exercise","1","No v2.2-reviewed exact consumer decision"
"UNESTABLISHED_CONSUMER","stabilityRoles|Room exercises|app/src/main/java/com/training/trackplanner/data/ExerciseMetadataBackupContract.kt#ExerciseMetadataFieldPolicyRegistry","1","No v2.2-reviewed exact consumer decision"
"UNESTABLISHED_CONSUMER","stabilityRoles|Room exercises|app/src/main/java/com/training/trackplanner/data/ExerciseMetadataBackupContract.kt#normalize","1","No v2.2-reviewed exact consumer decision"
"UNESTABLISHED_CONSUMER","stabilityRoles|Room exercises|app/src/main/java/com/training/trackplanner/data/ExerciseMetadataMapper.kt#from","1","No v2.2-reviewed exact consumer decision"
"UNESTABLISHED_CONSUMER","stabilityRoles|Room exercises|app/src/main/java/com/training/trackplanner/data/ExerciseStableKeyMigration.kt#createExerciseTable","1","No v2.2-reviewed exact consumer decision"
"UNESTABLISHED_CONSUMER","stabilityRoles|Room exercises|app/src/main/java/com/training/trackplanner/data/ExerciseStableKeyMigration.kt#insertUnresolvedExercise","1","No v2.2-reviewed exact consumer decision"
"UNESTABLISHED_CONSUMER","stabilityRoles|Room exercises|app/src/main/java/com/training/trackplanner/data/ExerciseStableKeyMigration.kt#migrate","1","No v2.2-reviewed exact consumer decision"
"UNESTABLISHED_CONSUMER","stabilityRoles|Room exercises|app/src/main/java/com/training/trackplanner/data/ExerciseTaxonomy.kt#ExerciseTaxonomy","1","No v2.2-reviewed exact consumer decision"
"UNESTABLISHED_CONSUMER","stabilityRoles|Room exercises|app/src/main/java/com/training/trackplanner/data/RuntimeExerciseMetadataResolver.kt#Exercise","1","No v2.2-reviewed exact consumer decision"
"UNESTABLISHED_CONSUMER","stabilityRoles|Room exercises|app/src/main/java/com/training/trackplanner/data/SeedData.kt#exerciseFromCsv","1","No v2.2-reviewed exact consumer decision"
"UNESTABLISHED_CONSUMER","stabilityRoles|Room exercises|app/src/main/java/com/training/trackplanner/data/SeedData.kt#validateCatalog","1","No v2.2-reviewed exact consumer decision"
"UNESTABLISHED_CONSUMER","stabilityRoles|Room exercises|app/src/main/java/com/training/trackplanner/data/SlotCapabilityResolver.kt#legacyTokens","1","No v2.2-reviewed exact consumer decision"
"UNESTABLISHED_CONSUMER","stabilityRoles|Room exercises|app/src/main/java/com/training/trackplanner/data/TrainingRoleSplitMigration.kt#createExercisesWithoutLegacyRole","1","No v2.2-reviewed exact consumer decision"
"UNESTABLISHED_CONSUMER","stabilityRoles|Room exercises|app/src/main/java/com/training/trackplanner/data/TrainingRoleSplitMigration.kt#migrateIntrinsicTrainingRoles","1","No v2.2-reviewed exact consumer decision"
"UNESTABLISHED_CONSUMER","stabilityRoles|Room exercises|app/src/main/java/com/training/trackplanner/ExerciseSubcategoryMapper.kt#addStructured","1","No v2.2-reviewed exact consumer decision"
"UNESTABLISHED_CONSUMER","stableKey|canonical asset plus Room runtime_exercise_metadata override|app/src/main/java/com/training/trackplanner/analysis/badminton/BadmintonTransferRecommendationBuilder.kt#exerciseCandidates","1","No v2.2-reviewed exact consumer decision"
"UNESTABLISHED_CONSUMER","stableKey|canonical asset plus Room runtime_exercise_metadata override|app/src/main/java/com/training/trackplanner/analysis/badminton/BadmintonTransferScoreCalculator.kt#calculate","1","No v2.2-reviewed exact consumer decision"
"UNESTABLISHED_CONSUMER","stableKey|canonical asset plus Room runtime_exercise_metadata override|app/src/main/java/com/training/trackplanner/analysis/badminton/BadmintonTransferScoreCalculator.kt#calculateWindow","1","No v2.2-reviewed exact consumer decision"
"UNESTABLISHED_CONSUMER","stableKey|canonical asset plus Room runtime_exercise_metadata override|app/src/main/java/com/training/trackplanner/analysis/badminton/BadmintonTransferScoreCalculator.kt#contribution","1","No v2.2-reviewed exact consumer decision"
"UNESTABLISHED_CONSUMER","stableKey|canonical asset plus Room runtime_exercise_metadata override|app/src/main/java/com/training/trackplanner/analysis/coach/CoachFatigueCauseAnalyzer.kt#analyze","1","No v2.2-reviewed exact consumer decision"
"UNESTABLISHED_CONSUMER","stableKey|canonical asset plus Room runtime_exercise_metadata override|app/src/main/java/com/training/trackplanner/analysis/coach/CourtDurationRecoveryAnalyzer.kt#analyze","1","No v2.2-reviewed exact consumer decision"
"UNESTABLISHED_CONSUMER","stableKey|canonical asset plus Room runtime_exercise_metadata override|app/src/main/java/com/training/trackplanner/analysis/coach/JointTendonWarningAnalyzer.kt#recentJointStressLabels","1","No v2.2-reviewed exact consumer decision"
"UNESTABLISHED_CONSUMER","stableKey|canonical asset plus Room runtime_exercise_metadata override|app/src/main/java/com/training/trackplanner/analysis/coach/RpeAutoregulationAnalyzer.kt#analyze","1","No v2.2-reviewed exact consumer decision"
"UNESTABLISHED_CONSUMER","stableKey|canonical asset plus Room runtime_exercise_metadata override|app/src/main/java/com/training/trackplanner/analysis/contracts/AnalysisContractAssetLoader.kt#ContractRow","1","No v2.2-reviewed exact consumer decision"
"UNESTABLISHED_CONSUMER","stableKey|canonical asset plus Room runtime_exercise_metadata override|app/src/main/java/com/training/trackplanner/analysis/contracts/AnalysisContractAssetLoader.kt#identity","1","No v2.2-reviewed exact consumer decision"
"UNESTABLISHED_CONSUMER","stableKey|canonical asset plus Room runtime_exercise_metadata override|app/src/main/java/com/training/trackplanner/analysis/contracts/AnalysisContractAssetLoader.kt#List","1","No v2.2-reviewed exact consumer decision"
"UNESTABLISHED_CONSUMER","stableKey|canonical asset plus Room runtime_exercise_metadata override|app/src/main/java/com/training/trackplanner/analysis/contracts/AnalysisContractAssetLoader.kt#parse","1","No v2.2-reviewed exact consumer decision"
"UNESTABLISHED_CONSUMER","stableKey|canonical asset plus Room runtime_exercise_metadata override|app/src/main/java/com/training/trackplanner/analysis/contracts/AnalysisContractShadowParity.kt#compare","1","No v2.2-reviewed exact consumer decision"
"UNESTABLISHED_CONSUMER","stableKey|canonical asset plus Room runtime_exercise_metadata override|app/src/main/java/com/training/trackplanner/analysis/contracts/AnalysisContractShadowParity.kt#MutableList","1","No v2.2-reviewed exact consumer decision"
"UNESTABLISHED_CONSUMER","stableKey|canonical asset plus Room runtime_exercise_metadata override|app/src/main/java/com/training/trackplanner/analysis/contracts/UserExerciseAnalysisContractProjector.kt#capability","1","No v2.2-reviewed exact consumer decision"
"UNESTABLISHED_CONSUMER","stableKey|canonical asset plus Room runtime_exercise_metadata override|app/src/main/java/com/training/trackplanner/analysis/contracts/UserExerciseAnalysisContractProjector.kt#project","1","No v2.2-reviewed exact consumer decision"
"UNESTABLISHED_CONSUMER","stableKey|canonical asset plus Room runtime_exercise_metadata override|app/src/main/java/com/training/trackplanner/analysis/core/AnalysisInputCollector.kt#collect","1","No v2.2-reviewed exact consumer decision"
"UNESTABLISHED_CONSUMER","stableKey|canonical asset plus Room runtime_exercise_metadata override|app/src/main/java/com/training/trackplanner/analysis/core/AnalysisInputCollector.kt#Exercise","1","No v2.2-reviewed exact consumer decision"
"UNESTABLISHED_CONSUMER","stableKey|canonical asset plus Room runtime_exercise_metadata override|app/src/main/java/com/training/trackplanner/analysis/core/AnalysisInputSnapshot.kt#AnalysisExerciseMetadata","1","No v2.2-reviewed exact consumer decision"
"UNESTABLISHED_CONSUMER","stableKey|canonical asset plus Room runtime_exercise_metadata override|app/src/main/java/com/training/trackplanner/analysis/fatigue/DailyFatigueCalculator.kt#calculateSeries","1","No v2.2-reviewed exact consumer decision"
"UNESTABLISHED_CONSUMER","stableKey|canonical asset plus Room runtime_exercise_metadata override|app/src/main/java/com/training/trackplanner/analysis/fatigue/DailyFatigueCalculator.kt#RecordContext","1","No v2.2-reviewed exact consumer decision"
"UNESTABLISHED_CONSUMER","stableKey|canonical asset plus Room runtime_exercise_metadata override|app/src/main/java/com/training/trackplanner/analysis/fatigue/DailyFatigueModels.kt#RecordFatigueContribution","1","No v2.2-reviewed exact consumer decision"
"UNESTABLISHED_CONSUMER","stableKey|canonical asset plus Room runtime_exercise_metadata override|app/src/main/java/com/training/trackplanner/analysis/features/AnalysisExerciseDisplayNameResolver.kt#resolve","1","No v2.2-reviewed exact consumer decision"
"UNESTABLISHED_CONSUMER","stableKey|canonical asset plus Room runtime_exercise_metadata override|app/src/main/java/com/training/trackplanner/analysis/features/BodyweightEffectiveLoadCalculator.kt#effectiveVolumeLoadOrNull","1","No v2.2-reviewed exact consumer decision"
"UNESTABLISHED_CONSUMER","stableKey|canonical asset plus Room runtime_exercise_metadata override|app/src/main/java/com/training/trackplanner/analysis/features/BodyweightEffectiveLoadCalculator.kt#profileFor","1","No v2.2-reviewed exact consumer decision"
"UNESTABLISHED_CONSUMER","stableKey|canonical asset plus Room runtime_exercise_metadata override|app/src/main/java/com/training/trackplanner/analysis/features/BodyweightEffectiveLoadCalculator.kt#volumeLoad","1","No v2.2-reviewed exact consumer decision"
"UNESTABLISHED_CONSUMER","stableKey|canonical asset plus Room runtime_exercise_metadata override|app/src/main/java/com/training/trackplanner/analysis/features/DurationHoldLoadCalculator.kt#holdLoad","1","No v2.2-reviewed exact consumer decision"
"UNESTABLISHED_CONSUMER","stableKey|canonical asset plus Room runtime_exercise_metadata override|app/src/main/java/com/training/trackplanner/analysis/features/DurationHoldLoadCalculator.kt#holdLoadOrNull","1","No v2.2-reviewed exact consumer decision"
"UNESTABLISHED_CONSUMER","stableKey|canonical asset plus Room runtime_exercise_metadata override|app/src/main/java/com/training/trackplanner/analysis/features/DurationHoldLoadCalculator.kt#policyFor","1","No v2.2-reviewed exact consumer decision"
"UNESTABLISHED_CONSUMER","stableKey|canonical asset plus Room runtime_exercise_metadata override|app/src/main/java/com/training/trackplanner/analysis/features/ExerciseAnalysisMapper.kt#AnalysisExerciseFeatures","1","No v2.2-reviewed exact consumer decision"
"UNESTABLISHED_CONSUMER","stableKey|canonical asset plus Room runtime_exercise_metadata override|app/src/main/java/com/training/trackplanner/analysis/features/ExerciseAnalysisMapper.kt#fromRecord","1","No v2.2-reviewed exact consumer decision"
"UNESTABLISHED_CONSUMER","stableKey|canonical asset plus Room runtime_exercise_metadata override|app/src/main/java/com/training/trackplanner/analysis/features/MetadataReadinessReporter.kt#generate","1","No v2.2-reviewed exact consumer decision"
"UNESTABLISHED_CONSUMER","stableKey|canonical asset plus Room runtime_exercise_metadata override|app/src/main/java/com/training/trackplanner/analysis/lab/MuscleLoadInputBuilder.kt#fallbackContributions","1","No v2.2-reviewed exact consumer decision"
"UNESTABLISHED_CONSUMER","stableKey|canonical asset plus Room runtime_exercise_metadata override|app/src/main/java/com/training/trackplanner/analysis/lab/MuscleLoadInputBuilder.kt#isMainBenchPress","1","No v2.2-reviewed exact consumer decision"
"UNESTABLISHED_CONSUMER","stableKey|canonical asset plus Room runtime_exercise_metadata override|app/src/main/java/com/training/trackplanner/analysis/lab/MuscleLoadInputBuilder.kt#isMainDeadlift","1","No v2.2-reviewed exact consumer decision"
"UNESTABLISHED_CONSUMER","stableKey|canonical asset plus Room runtime_exercise_metadata override|app/src/main/java/com/training/trackplanner/analysis/lab/MuscleLoadInputBuilder.kt#isMainSquat","1","No v2.2-reviewed exact consumer decision"
"UNESTABLISHED_CONSUMER","stableKey|canonical asset plus Room runtime_exercise_metadata override|app/src/main/java/com/training/trackplanner/analysis/lab/StrengthAndMuscleMetricSeriesBuilder.kt#build","1","No v2.2-reviewed exact consumer decision"
"UNESTABLISHED_CONSUMER","stableKey|canonical asset plus Room runtime_exercise_metadata override|app/src/main/java/com/training/trackplanner/analysis/lab/StrengthAndMuscleMetricSeriesBuilder.kt#durationHoldContributions","1","No v2.2-reviewed exact consumer decision"
"UNESTABLISHED_CONSUMER","stableKey|canonical asset plus Room runtime_exercise_metadata override|app/src/main/java/com/training/trackplanner/analysis/metrics/CommonPlanProjectionMetrics.kt#com","1","No v2.2-reviewed exact consumer decision"
"UNESTABLISHED_CONSUMER","stableKey|canonical asset plus Room runtime_exercise_metadata override|app/src/main/java/com/training/trackplanner/analysis/metrics/CommonStrengthMetrics.kt#AnalysisEntry","1","No v2.2-reviewed exact consumer decision"
"UNESTABLISHED_CONSUMER","stableKey|canonical asset plus Room runtime_exercise_metadata override|app/src/main/java/com/training/trackplanner/analysis/proxyperformance/ProxyPerformanceEstimator.kt#add","1","No v2.2-reviewed exact consumer decision"
"UNESTABLISHED_CONSUMER","stableKey|canonical asset plus Room runtime_exercise_metadata override|app/src/main/java/com/training/trackplanner/analysis/proxyperformance/ProxyPerformanceEstimator.kt#stats","1","No v2.2-reviewed exact consumer decision"
"UNESTABLISHED_CONSUMER","stableKey|canonical asset plus Room runtime_exercise_metadata override|app/src/main/java/com/training/trackplanner/analysis/proxyperformance/ProxyPerformanceObservationBuilder.kt#build","1","No v2.2-reviewed exact consumer decision"
"UNESTABLISHED_CONSUMER","stableKey|canonical asset plus Room runtime_exercise_metadata override|app/src/main/java/com/training/trackplanner/analysis/readiness/DailyAnalysisLoadAggregator.kt#Map","1","No v2.2-reviewed exact consumer decision"
"UNESTABLISHED_CONSUMER","stableKey|canonical asset plus Room runtime_exercise_metadata override|app/src/main/java/com/training/trackplanner/analysis/readiness/TodayReadinessEngine.kt#analyze","1","No v2.2-reviewed exact consumer decision"
"UNESTABLISHED_CONSUMER","stableKey|canonical asset plus Room runtime_exercise_metadata override|app/src/main/java/com/training/trackplanner/analysis/strengthperformance/curve/RepetitionCurves.kt#assignment","1","No v2.2-reviewed exact consumer decision"
"UNESTABLISHED_CONSUMER","stableKey|canonical asset plus Room runtime_exercise_metadata override|app/src/main/java/com/training/trackplanner/analysis/strengthperformance/curve/RepetitionCurves.kt#resolve","1","No v2.2-reviewed exact consumer decision"
"UNESTABLISHED_CONSUMER","stableKey|canonical asset plus Room runtime_exercise_metadata override|app/src/main/java/com/training/trackplanner/analysis/strengthperformance/PersistentStrengthPerformanceSummary.kt#build","1","No v2.2-reviewed exact consumer decision"
"UNESTABLISHED_CONSUMER","stableKey|canonical asset plus Room runtime_exercise_metadata override|app/src/main/java/com/training/trackplanner/analysis/strengthperformance/StrengthPerformanceRegistry.kt#proxyLoadings","1","No v2.2-reviewed exact consumer decision"
"UNESTABLISHED_CONSUMER","stableKey|canonical asset plus Room runtime_exercise_metadata override|app/src/main/java/com/training/trackplanner/analysis/strengthperformance/StrengthPerformanceRegistry.kt#row","1","No v2.2-reviewed exact consumer decision"
"UNESTABLISHED_CONSUMER","stableKey|canonical asset plus Room runtime_exercise_metadata override|app/src/main/java/com/training/trackplanner/analysis/strengthperformance/StrengthSessionLikelihood.kt#build","1","No v2.2-reviewed exact consumer decision"
"UNESTABLISHED_CONSUMER","stableKey|canonical asset plus Room runtime_exercise_metadata override|app/src/main/java/com/training/trackplanner/analysis/tissue/TissueAnalysisUiModels.kt#info","1","No v2.2-reviewed exact consumer decision"
"UNESTABLISHED_CONSUMER","stableKey|canonical asset plus Room runtime_exercise_metadata override|app/src/main/java/com/training/trackplanner/analysis/tissue/TissueApprovalScopeHasher.kt#TissueEvidenceClaimCandidate","1","No v2.2-reviewed exact consumer decision"
"UNESTABLISHED_CONSUMER","stableKey|canonical asset plus Room runtime_exercise_metadata override|app/src/main/java/com/training/trackplanner/analysis/tissue/TissueC31Models.kt#matches","1","No v2.2-reviewed exact consumer decision"
"UNESTABLISHED_CONSUMER","stableKey|canonical asset plus Room runtime_exercise_metadata override|app/src/main/java/com/training/trackplanner/analysis/tissue/TissueC3ResearchModels.kt#TissueExerciseVariantCorrespondenceRow","1","No v2.2-reviewed exact consumer decision"
"UNESTABLISHED_CONSUMER","stableKey|canonical asset plus Room runtime_exercise_metadata override|app/src/main/java/com/training/trackplanner/analysis/tissue/TissueC3ResearchModels.kt#TissueMultidimensionalClaimCandidate","1","No v2.2-reviewed exact consumer decision"
"UNESTABLISHED_CONSUMER","stableKey|canonical asset plus Room runtime_exercise_metadata override|app/src/main/java/com/training/trackplanner/analysis/tissue/TissueC3ResearchParser.kt#claimCandidates","1","No v2.2-reviewed exact consumer decision"
"UNESTABLISHED_CONSUMER","stableKey|canonical asset plus Room runtime_exercise_metadata override|app/src/main/java/com/training/trackplanner/analysis/tissue/TissueC3ResearchParser.kt#correspondences","1","No v2.2-reviewed exact consumer decision"
"UNESTABLISHED_CONSUMER","stableKey|canonical asset plus Room runtime_exercise_metadata override|app/src/main/java/com/training/trackplanner/analysis/tissue/TissueC3ResearchValidator.kt#anomalies","1","No v2.2-reviewed exact consumer decision"
"UNESTABLISHED_CONSUMER","stableKey|canonical asset plus Room runtime_exercise_metadata override|app/src/main/java/com/training/trackplanner/analysis/tissue/TissueC3ResearchValidator.kt#packageData","1","No v2.2-reviewed exact consumer decision"
"UNESTABLISHED_CONSUMER","stableKey|canonical asset plus Room runtime_exercise_metadata override|app/src/main/java/com/training/trackplanner/analysis/tissue/TissueCurrentStateServices.kt#aggregate","1","No v2.2-reviewed exact consumer decision"
"UNESTABLISHED_CONSUMER","stableKey|canonical asset plus Room runtime_exercise_metadata override|app/src/main/java/com/training/trackplanner/analysis/tissue/TissueCurrentStateServices.kt#forJoint","1","No v2.2-reviewed exact consumer decision"
"UNESTABLISHED_CONSUMER","stableKey|canonical asset plus Room runtime_exercise_metadata override|app/src/main/java/com/training/trackplanner/analysis/tissue/TissueCurrentStateServices.kt#forLoadUnit","1","No v2.2-reviewed exact consumer decision"
"UNESTABLISHED_CONSUMER","stableKey|canonical asset plus Room runtime_exercise_metadata override|app/src/main/java/com/training/trackplanner/analysis/tissue/TissueCurrentStateServices.kt#jointSummaries","1","No v2.2-reviewed exact consumer decision"
"UNESTABLISHED_CONSUMER","stableKey|canonical asset plus Room runtime_exercise_metadata override|app/src/main/java/com/training/trackplanner/analysis/tissue/TissueCurrentStateServices.kt#state","1","No v2.2-reviewed exact consumer decision"
"UNESTABLISHED_CONSUMER","stableKey|canonical asset plus Room runtime_exercise_metadata override|app/src/main/java/com/training/trackplanner/analysis/tissue/TissueEvidenceModels.kt#TissueBlindReview","1","No v2.2-reviewed exact consumer decision"
"UNESTABLISHED_CONSUMER","stableKey|canonical asset plus Room runtime_exercise_metadata override|app/src/main/java/com/training/trackplanner/analysis/tissue/TissueEvidenceModels.kt#TissueDraftClaim","1","No v2.2-reviewed exact consumer decision"
"UNESTABLISHED_CONSUMER","stableKey|canonical asset plus Room runtime_exercise_metadata override|app/src/main/java/com/training/trackplanner/analysis/tissue/TissueEvidenceModels.kt#TissueEvidenceClaimCandidate","1","No v2.2-reviewed exact consumer decision"
"UNESTABLISHED_CONSUMER","stableKey|canonical asset plus Room runtime_exercise_metadata override|app/src/main/java/com/training/trackplanner/analysis/tissue/TissueEvidenceModels.kt#TissueEvidenceReaudit","1","No v2.2-reviewed exact consumer decision"
"UNESTABLISHED_CONSUMER","stableKey|canonical asset plus Room runtime_exercise_metadata override|app/src/main/java/com/training/trackplanner/analysis/tissue/TissueEvidenceModels.kt#TissueFinalClaim","1","No v2.2-reviewed exact consumer decision"
"UNESTABLISHED_CONSUMER","stableKey|canonical asset plus Room runtime_exercise_metadata override|app/src/main/java/com/training/trackplanner/analysis/tissue/TissueEvidenceModels.kt#TissueTargetExerciseReview","1","No v2.2-reviewed exact consumer decision"
"UNESTABLISHED_CONSUMER","stableKey|canonical asset plus Room runtime_exercise_metadata override|app/src/main/java/com/training/trackplanner/analysis/tissue/TissueEvidenceParser.kt#blindReviews","1","No v2.2-reviewed exact consumer decision"
"UNESTABLISHED_CONSUMER","stableKey|canonical asset plus Room runtime_exercise_metadata override|app/src/main/java/com/training/trackplanner/analysis/tissue/TissueEvidenceParser.kt#claimCandidates","1","No v2.2-reviewed exact consumer decision"
"UNESTABLISHED_CONSUMER","stableKey|canonical asset plus Room runtime_exercise_metadata override|app/src/main/java/com/training/trackplanner/analysis/tissue/TissueEvidenceParser.kt#draftClaims","1","No v2.2-reviewed exact consumer decision"
"UNESTABLISHED_CONSUMER","stableKey|canonical asset plus Room runtime_exercise_metadata override|app/src/main/java/com/training/trackplanner/analysis/tissue/TissueEvidenceParser.kt#finalClaims","1","No v2.2-reviewed exact consumer decision"
"UNESTABLISHED_CONSUMER","stableKey|canonical asset plus Room runtime_exercise_metadata override|app/src/main/java/com/training/trackplanner/analysis/tissue/TissueEvidenceParser.kt#reaudits","1","No v2.2-reviewed exact consumer decision"
"UNESTABLISHED_CONSUMER","stableKey|canonical asset plus Room runtime_exercise_metadata override|app/src/main/java/com/training/trackplanner/analysis/tissue/TissueEvidenceParser.kt#targetExerciseReviews","1","No v2.2-reviewed exact consumer decision"
"UNESTABLISHED_CONSUMER","stableKey|canonical asset plus Room runtime_exercise_metadata override|app/src/main/java/com/training/trackplanner/analysis/tissue/TissueEvidenceValidator.kt#phaseB1Research","1","No v2.2-reviewed exact consumer decision"
"UNESTABLISHED_CONSUMER","stableKey|canonical asset plus Room runtime_exercise_metadata override|app/src/main/java/com/training/trackplanner/analysis/tissue/TissueEvidenceValidator.kt#phaseCClaimCandidates","1","No v2.2-reviewed exact consumer decision"
"UNESTABLISHED_CONSUMER","stableKey|canonical asset plus Room runtime_exercise_metadata override|app/src/main/java/com/training/trackplanner/analysis/tissue/TissueEvidenceValidator.kt#phaseCReaudits","1","No v2.2-reviewed exact consumer decision"
"UNESTABLISHED_CONSUMER","stableKey|canonical asset plus Room runtime_exercise_metadata override|app/src/main/java/com/training/trackplanner/analysis/tissue/TissueEvidenceValidator.kt#TissueFinalClaim","1","No v2.2-reviewed exact consumer decision"
"UNESTABLISHED_CONSUMER","stableKey|canonical asset plus Room runtime_exercise_metadata override|app/src/main/java/com/training/trackplanner/analysis/tissue/TissueEvidenceValidator.kt#validate","1","No v2.2-reviewed exact consumer decision"
"UNESTABLISHED_CONSUMER","stableKey|canonical asset plus Room runtime_exercise_metadata override|app/src/main/java/com/training/trackplanner/analysis/tissue/TissueEvidenceValidator.kt#validateCommonFinalClaim","1","No v2.2-reviewed exact consumer decision"
"UNESTABLISHED_CONSUMER","stableKey|canonical asset plus Room runtime_exercise_metadata override|app/src/main/java/com/training/trackplanner/analysis/tissue/TissueEvidenceValidator.kt#validateIndependentBlindPath","1","No v2.2-reviewed exact consumer decision"
"UNESTABLISHED_CONSUMER","stableKey|canonical asset plus Room runtime_exercise_metadata override|app/src/main/java/com/training/trackplanner/analysis/tissue/TissueExposureCalculator.kt#calculate","1","No v2.2-reviewed exact consumer decision"
"UNESTABLISHED_CONSUMER","stableKey|canonical asset plus Room runtime_exercise_metadata override|app/src/main/java/com/training/trackplanner/analysis/tissue/TissueExposureCalculator.kt#failed","1","No v2.2-reviewed exact consumer decision"
"UNESTABLISHED_CONSUMER","stableKey|canonical asset plus Room runtime_exercise_metadata override|app/src/main/java/com/training/trackplanner/analysis/tissue/TissueExposureModels.kt#RecordTissueExposure","1","No v2.2-reviewed exact consumer decision"
"UNESTABLISHED_CONSUMER","stableKey|canonical asset plus Room runtime_exercise_metadata override|app/src/main/java/com/training/trackplanner/analysis/tissue/TissueExposureModels.kt#TissueContributionSummary","1","No v2.2-reviewed exact consumer decision"
"UNESTABLISHED_CONSUMER","stableKey|canonical asset plus Room runtime_exercise_metadata override|app/src/main/java/com/training/trackplanner/analysis/tissue/TissueExposureModels.kt#TissueInputGap","1","No v2.2-reviewed exact consumer decision"
"UNESTABLISHED_CONSUMER","stableKey|canonical asset plus Room runtime_exercise_metadata override|app/src/main/java/com/training/trackplanner/analysis/tissue/TissueExposureModels.kt#TissueMetadataGap","1","No v2.2-reviewed exact consumer decision"
"UNESTABLISHED_CONSUMER","stableKey|canonical asset plus Room runtime_exercise_metadata override|app/src/main/java/com/training/trackplanner/analysis/tissue/TissueExposureShadowPipeline.kt#calculate","1","No v2.2-reviewed exact consumer decision"
"UNESTABLISHED_CONSUMER","stableKey|canonical asset plus Room runtime_exercise_metadata override|app/src/main/java/com/training/trackplanner/analysis/tissue/TissueLoadProfileRepository.kt#profilesForStableKey","1","No v2.2-reviewed exact consumer decision"
"UNESTABLISHED_CONSUMER","stableKey|canonical asset plus Room runtime_exercise_metadata override|app/src/main/java/com/training/trackplanner/analysis/tissue/TissueLoadProfileRepository.kt#TissueLoadProfileRepository","1","No v2.2-reviewed exact consumer decision"
"UNESTABLISHED_CONSUMER","stableKey|canonical asset plus Room runtime_exercise_metadata override|app/src/main/java/com/training/trackplanner/analysis/tissue/TissueMetadataModels.kt#TissueLoadProfile","1","No v2.2-reviewed exact consumer decision"
"UNESTABLISHED_CONSUMER","stableKey|canonical asset plus Room runtime_exercise_metadata override|app/src/main/java/com/training/trackplanner/analysis/tissue/TissueMetadataModels.kt#TissueScopeEntry","1","No v2.2-reviewed exact consumer decision"
"UNESTABLISHED_CONSUMER","stableKey|canonical asset plus Room runtime_exercise_metadata override|app/src/main/java/com/training/trackplanner/analysis/tissue/TissueMetadataParser.kt#profiles","1","No v2.2-reviewed exact consumer decision"
"UNESTABLISHED_CONSUMER","stableKey|canonical asset plus Room runtime_exercise_metadata override|app/src/main/java/com/training/trackplanner/analysis/tissue/TissueMetadataParser.kt#scope","1","No v2.2-reviewed exact consumer decision"
"UNESTABLISHED_CONSUMER","stableKey|canonical asset plus Room runtime_exercise_metadata override|app/src/main/java/com/training/trackplanner/analysis/tissue/TissueMetadataValidator.kt#mismatch","1","No v2.2-reviewed exact consumer decision"
"UNESTABLISHED_CONSUMER","stableKey|canonical asset plus Room runtime_exercise_metadata override|app/src/main/java/com/training/trackplanner/analysis/tissue/TissueMetadataValidator.kt#profiles","1","No v2.2-reviewed exact consumer decision"
"UNESTABLISHED_CONSUMER","stableKey|canonical asset plus Room runtime_exercise_metadata override|app/src/main/java/com/training/trackplanner/analysis/tissue/TissueMetadataValidator.kt#scope","1","No v2.2-reviewed exact consumer decision"
"UNESTABLISHED_CONSUMER","stableKey|canonical asset plus Room runtime_exercise_metadata override|app/src/main/java/com/training/trackplanner/analysis/tissue/TissueModifierResolver.kt#resolve","1","No v2.2-reviewed exact consumer decision"
"UNESTABLISHED_CONSUMER","stableKey|canonical asset plus Room runtime_exercise_metadata override|app/src/main/java/com/training/trackplanner/analysis/tissue/TissueMtcExerciseBridge.kt#applicability","1","No v2.2-reviewed exact consumer decision"
"UNESTABLISHED_CONSUMER","stableKey|canonical asset plus Room runtime_exercise_metadata override|app/src/main/java/com/training/trackplanner/analysis/tissue/TissueMtcExerciseBridge.kt#movementMappings","1","No v2.2-reviewed exact consumer decision"
"UNESTABLISHED_CONSUMER","stableKey|canonical asset plus Room runtime_exercise_metadata override|app/src/main/java/com/training/trackplanner/analysis/tissue/TissueMtcExerciseBridge.kt#resolve","1","No v2.2-reviewed exact consumer decision"
"UNESTABLISHED_CONSUMER","stableKey|canonical asset plus Room runtime_exercise_metadata override|app/src/main/java/com/training/trackplanner/analysis/tissue/TissueMtcExerciseBridge.kt#TissueMtcExerciseComplexApplicability","1","No v2.2-reviewed exact consumer decision"
"UNESTABLISHED_CONSUMER","stableKey|canonical asset plus Room runtime_exercise_metadata override|app/src/main/java/com/training/trackplanner/analysis/tissue/TissueMtcExerciseBridge.kt#TissueMtcExerciseMovementMapping","1","No v2.2-reviewed exact consumer decision"
"UNESTABLISHED_CONSUMER","stableKey|canonical asset plus Room runtime_exercise_metadata override|app/src/main/java/com/training/trackplanner/analysis/tissue/TissueMtcExerciseBridge.kt#TissueMtcFallbackResolutionTrace","1","No v2.2-reviewed exact consumer decision"
"UNESTABLISHED_CONSUMER","stableKey|canonical asset plus Room runtime_exercise_metadata override|app/src/main/java/com/training/trackplanner/analysis/tissue/TissueMtcExerciseBridge.kt#TissueMtcResolutionCandidate","1","No v2.2-reviewed exact consumer decision"
"UNESTABLISHED_CONSUMER","stableKey|canonical asset plus Room runtime_exercise_metadata override|app/src/main/java/com/training/trackplanner/analysis/tissue/TissueMtcExerciseBridge.kt#TissueMtcResolutionRequest","1","No v2.2-reviewed exact consumer decision"
"UNESTABLISHED_CONSUMER","stableKey|canonical asset plus Room runtime_exercise_metadata override|app/src/main/java/com/training/trackplanner/analysis/tissue/TissueMtcExerciseBridge.kt#traces","1","No v2.2-reviewed exact consumer decision"
"UNESTABLISHED_CONSUMER","stableKey|canonical asset plus Room runtime_exercise_metadata override|app/src/main/java/com/training/trackplanner/analysis/tissue/TissueMtcExerciseBridge.kt#validate","1","No v2.2-reviewed exact consumer decision"
"UNESTABLISHED_CONSUMER","stableKey|canonical asset plus Room runtime_exercise_metadata override|app/src/main/java/com/training/trackplanner/analysis/tissue/TissueMtcResearchCatalog.kt#validate","1","No v2.2-reviewed exact consumer decision"
"UNESTABLISHED_CONSUMER","stableKey|canonical asset plus Room runtime_exercise_metadata override|app/src/main/java/com/training/trackplanner/analysis/tissue/TissuePersonalBaselinePolicy.kt#invalid","1","No v2.2-reviewed exact consumer decision"
"UNESTABLISHED_CONSUMER","stableKey|canonical asset plus Room runtime_exercise_metadata override|app/src/main/java/com/training/trackplanner/analysis/tissue/TissuePerUnitWeightPolicy.kt#calculateAll","1","No v2.2-reviewed exact consumer decision"
"UNESTABLISHED_CONSUMER","stableKey|canonical asset plus Room runtime_exercise_metadata override|app/src/main/java/com/training/trackplanner/analysis/tissue/TissuePriorRegistry.kt#parse","1","No v2.2-reviewed exact consumer decision"
"UNESTABLISHED_CONSUMER","stableKey|canonical asset plus Room runtime_exercise_metadata override|app/src/main/java/com/training/trackplanner/analysis/tissue/TissueRcvAssetRepository.kt#authorityRowsFor","1","No v2.2-reviewed exact consumer decision"
"UNESTABLISHED_CONSUMER","stableKey|canonical asset plus Room runtime_exercise_metadata override|app/src/main/java/com/training/trackplanner/analysis/tissue/TissueRcvAssetRepository.kt#requireValid","1","No v2.2-reviewed exact consumer decision"
"UNESTABLISHED_CONSUMER","stableKey|canonical asset plus Room runtime_exercise_metadata override|app/src/main/java/com/training/trackplanner/analysis/tissue/TissueRcvAssetRepository.kt#table","1","No v2.2-reviewed exact consumer decision"
"UNESTABLISHED_CONSUMER","stableKey|canonical asset plus Room runtime_exercise_metadata override|app/src/main/java/com/training/trackplanner/analysis/tissue/TissueRcvEventLedger.kt#build","1","No v2.2-reviewed exact consumer decision"
"UNESTABLISHED_CONSUMER","stableKey|canonical asset plus Room runtime_exercise_metadata override|app/src/main/java/com/training/trackplanner/analysis/tissue/TissueRcvEventLedger.kt#dose","1","No v2.2-reviewed exact consumer decision"
"UNESTABLISHED_CONSUMER","stableKey|canonical asset plus Room runtime_exercise_metadata override|app/src/main/java/com/training/trackplanner/analysis/tissue/TissueRcvEventLedger.kt#robustReference","1","No v2.2-reviewed exact consumer decision"
"UNESTABLISHED_CONSUMER","stableKey|canonical asset plus Room runtime_exercise_metadata override|app/src/main/java/com/training/trackplanner/analysis/tissue/TissueRcvModels.kt#TissueEducationalInfo","1","No v2.2-reviewed exact consumer decision"
"UNESTABLISHED_CONSUMER","stableKey|canonical asset plus Room runtime_exercise_metadata override|app/src/main/java/com/training/trackplanner/analysis/tissue/TissueRcvModels.kt#TissueRcvJointComplex","1","No v2.2-reviewed exact consumer decision"
"UNESTABLISHED_CONSUMER","stableKey|canonical asset plus Room runtime_exercise_metadata override|app/src/main/java/com/training/trackplanner/analysis/tissue/TissueRcvModels.kt#TissueRcvLoadUnit","1","No v2.2-reviewed exact consumer decision"
"UNESTABLISHED_CONSUMER","stableKey|canonical asset plus Room runtime_exercise_metadata override|app/src/main/java/com/training/trackplanner/analysis/tissue/TissueRecordContractParser.kt#modifierRules","1","No v2.2-reviewed exact consumer decision"
"UNESTABLISHED_CONSUMER","stableKey|canonical asset plus Room runtime_exercise_metadata override|app/src/main/java/com/training/trackplanner/analysis/tissue/TissueRecordContracts.kt#TissueModifierRule","1","No v2.2-reviewed exact consumer decision"
"UNESTABLISHED_CONSUMER","stableKey|canonical asset plus Room runtime_exercise_metadata override|app/src/main/java/com/training/trackplanner/analysis/tissue/TissueRecordContractValidator.kt#modifierRules","1","No v2.2-reviewed exact consumer decision"
"UNESTABLISHED_CONSUMER","stableKey|canonical asset plus Room runtime_exercise_metadata override|app/src/main/java/com/training/trackplanner/analysis/tissue/TissueWindowedExposureCalculator.kt#snapshot","1","No v2.2-reviewed exact consumer decision"
"UNESTABLISHED_CONSUMER","stableKey|canonical asset plus Room runtime_exercise_metadata override|app/src/main/java/com/training/trackplanner/analysis/tissue/TissueWindowedExposureCalculator.kt#sum","1","No v2.2-reviewed exact consumer decision"
"UNESTABLISHED_CONSUMER","stableKey|canonical asset plus Room runtime_exercise_metadata override|app/src/main/java/com/training/trackplanner/analysis/trends/BadmintonTrainingLoadIndexCalculator.kt#AnalysisExerciseFeatures","1","No v2.2-reviewed exact consumer decision"
"UNESTABLISHED_CONSUMER","stableKey|canonical asset plus Room runtime_exercise_metadata override|app/src/main/java/com/training/trackplanner/analysis/trends/BadmintonTrainingLoadIndexCalculator.kt#displayName","1","No v2.2-reviewed exact consumer decision"
"UNESTABLISHED_CONSUMER","stableKey|canonical asset plus Room runtime_exercise_metadata override|app/src/main/java/com/training/trackplanner/analysis/trends/BadmintonTrainingLoadIndexCalculator.kt#featuresFor","1","No v2.2-reviewed exact consumer decision"
"UNESTABLISHED_CONSUMER","stableKey|canonical asset plus Room runtime_exercise_metadata override|app/src/main/java/com/training/trackplanner/analysis/trends/PerformanceTrendEngine.kt#analyze","1","No v2.2-reviewed exact consumer decision"
"UNESTABLISHED_CONSUMER","stableKey|canonical asset plus Room runtime_exercise_metadata override|app/src/main/java/com/training/trackplanner/analysis/trends/PerformanceTrendEngine.kt#exerciseDisplayNamesByStableKey","1","No v2.2-reviewed exact consumer decision"
"UNESTABLISHED_CONSUMER","stableKey|canonical asset plus Room runtime_exercise_metadata override|app/src/main/java/com/training/trackplanner/analysis/trends/PerformanceTrendEngine.kt#fatigueWeeks","1","No v2.2-reviewed exact consumer decision"
"UNESTABLISHED_CONSUMER","stableKey|canonical asset plus Room runtime_exercise_metadata override|app/src/main/java/com/training/trackplanner/CommonUi.kt#ExercisePickerDialog","1","No v2.2-reviewed exact consumer decision"
"UNESTABLISHED_CONSUMER","stableKey|canonical asset plus Room runtime_exercise_metadata override|app/src/main/java/com/training/trackplanner/ConnectiveTissueAnalysisUi.kt#ConnectiveTissueAnalysisContent","1","No v2.2-reviewed exact consumer decision"
"UNESTABLISHED_CONSUMER","stableKey|canonical asset plus Room runtime_exercise_metadata override|app/src/main/java/com/training/trackplanner/data/BackupExportService.kt#export","1","No v2.2-reviewed exact consumer decision"
"UNESTABLISHED_CONSUMER","stableKey|canonical asset plus Room runtime_exercise_metadata override|app/src/main/java/com/training/trackplanner/data/BackupPreflightValidator.kt#programDiagnostic","1","No v2.2-reviewed exact consumer decision"
"UNESTABLISHED_CONSUMER","stableKey|canonical asset plus Room runtime_exercise_metadata override|app/src/main/java/com/training/trackplanner/data/BackupPreflightValidator.kt#validate","1","No v2.2-reviewed exact consumer decision"
"UNESTABLISHED_CONSUMER","stableKey|canonical asset plus Room runtime_exercise_metadata override|app/src/main/java/com/training/trackplanner/data/BackupRestoreCanonicalizer.kt#canonicalize","1","No v2.2-reviewed exact consumer decision"
"UNESTABLISHED_CONSUMER","stableKey|canonical asset plus Room runtime_exercise_metadata override|app/src/main/java/com/training/trackplanner/data/BackupRestoreCanonicalizer.kt#diagnostic","1","No v2.2-reviewed exact consumer decision"
"UNESTABLISHED_CONSUMER","stableKey|canonical asset plus Room runtime_exercise_metadata override|app/src/main/java/com/training/trackplanner/data/BackupRestoreCanonicalizer.kt#minimalStub","1","No v2.2-reviewed exact consumer decision"
"UNESTABLISHED_CONSUMER","stableKey|canonical asset plus Room runtime_exercise_metadata override|app/src/main/java/com/training/trackplanner/data/BackupRestoreCanonicalizer.kt#resolve","1","No v2.2-reviewed exact consumer decision"
"UNESTABLISHED_CONSUMER","stableKey|canonical asset plus Room runtime_exercise_metadata override|app/src/main/java/com/training/trackplanner/data/BackupRestoreCanonicalizer.kt#resolved","1","No v2.2-reviewed exact consumer decision"
"UNESTABLISHED_CONSUMER","stableKey|canonical asset plus Room runtime_exercise_metadata override|app/src/main/java/com/training/trackplanner/data/BackupRestoreCanonicalizer.kt#validateProgramGraph","1","No v2.2-reviewed exact consumer decision"
"UNESTABLISHED_CONSUMER","stableKey|canonical asset plus Room runtime_exercise_metadata override|app/src/main/java/com/training/trackplanner/data/BackupRestoreImportService.kt#applyMetadataOverrides","1","No v2.2-reviewed exact consumer decision"
"UNESTABLISHED_CONSUMER","stableKey|canonical asset plus Room runtime_exercise_metadata override|app/src/main/java/com/training/trackplanner/data/BackupRestoreImportService.kt#findLegacyDuplicateRestoreEntry","1","No v2.2-reviewed exact consumer decision"
"UNESTABLISHED_CONSUMER","stableKey|canonical asset plus Room runtime_exercise_metadata override|app/src/main/java/com/training/trackplanner/data/BackupRestoreImportService.kt#importRestorePlan","1","No v2.2-reviewed exact consumer decision"
"UNESTABLISHED_CONSUMER","stableKey|canonical asset plus Room runtime_exercise_metadata override|app/src/main/java/com/training/trackplanner/data/BackupRestoreImportService.kt#restoreCurrentBuiltInExercise","1","No v2.2-reviewed exact consumer decision"
"UNESTABLISHED_CONSUMER","stableKey|canonical asset plus Room runtime_exercise_metadata override|app/src/main/java/com/training/trackplanner/data/BackupRestoreImportService.kt#restoreExercise","1","No v2.2-reviewed exact consumer decision"
"UNESTABLISHED_CONSUMER","stableKey|canonical asset plus Room runtime_exercise_metadata override|app/src/main/java/com/training/trackplanner/data/BackupRestoreImportService.kt#RestoreExerciseRow","1","No v2.2-reviewed exact consumer decision"
"UNESTABLISHED_CONSUMER","stableKey|canonical asset plus Room runtime_exercise_metadata override|app/src/main/java/com/training/trackplanner/data/BackupRestoreImportService.kt#restoreProgramSnapshot","1","No v2.2-reviewed exact consumer decision"
"UNESTABLISHED_CONSUMER","stableKey|canonical asset plus Room runtime_exercise_metadata override|app/src/main/java/com/training/trackplanner/data/BackupRestoreImportService.kt#validateRestoredExerciseReferences","1","No v2.2-reviewed exact consumer decision"
"UNESTABLISHED_CONSUMER","stableKey|canonical asset plus Room runtime_exercise_metadata override|app/src/main/java/com/training/trackplanner/data/CanonicalExerciseMetadataRepository.kt#CanonicalExerciseIdentity","1","No v2.2-reviewed exact consumer decision"
"UNESTABLISHED_CONSUMER","stableKey|canonical asset plus Room runtime_exercise_metadata override|app/src/main/java/com/training/trackplanner/data/CanonicalExerciseMetadataRepository.kt#CanonicalExerciseMetadataRepository","1","No v2.2-reviewed exact consumer decision"
"UNESTABLISHED_CONSUMER","stableKey|canonical asset plus Room runtime_exercise_metadata override|app/src/main/java/com/training/trackplanner/data/CanonicalExerciseMetadataRepository.kt#equipmentCodes","1","No v2.2-reviewed exact consumer decision"
"UNESTABLISHED_CONSUMER","stableKey|canonical asset plus Room runtime_exercise_metadata override|app/src/main/java/com/training/trackplanner/data/CanonicalExerciseMetadataRepository.kt#equipmentRequirements","1","No v2.2-reviewed exact consumer decision"
"UNESTABLISHED_CONSUMER","stableKey|canonical asset plus Room runtime_exercise_metadata override|app/src/main/java/com/training/trackplanner/data/CanonicalExerciseMetadataRepository.kt#exerciseFrom","1","No v2.2-reviewed exact consumer decision"
"UNESTABLISHED_CONSUMER","stableKey|canonical asset plus Room runtime_exercise_metadata override|app/src/main/java/com/training/trackplanner/data/CanonicalExerciseMetadataRepository.kt#ExerciseProgramTimingProfile","1","No v2.2-reviewed exact consumer decision"
"UNESTABLISHED_CONSUMER","stableKey|canonical asset plus Room runtime_exercise_metadata override|app/src/main/java/com/training/trackplanner/data/CanonicalExerciseMetadataRepository.kt#exercises","1","No v2.2-reviewed exact consumer decision"
"UNESTABLISHED_CONSUMER","stableKey|canonical asset plus Room runtime_exercise_metadata override|app/src/main/java/com/training/trackplanner/data/CanonicalExerciseMetadataRepository.kt#identities","1","No v2.2-reviewed exact consumer decision"
"UNESTABLISHED_CONSUMER","stableKey|canonical asset plus Room runtime_exercise_metadata override|app/src/main/java/com/training/trackplanner/data/CanonicalExerciseMetadataRepository.kt#identity","1","No v2.2-reviewed exact consumer decision"
"UNESTABLISHED_CONSUMER","stableKey|canonical asset plus Room runtime_exercise_metadata override|app/src/main/java/com/training/trackplanner/data/CanonicalExerciseMetadataRepository.kt#identityFrom","1","No v2.2-reviewed exact consumer decision"
"UNESTABLISHED_CONSUMER","stableKey|canonical asset plus Room runtime_exercise_metadata override|app/src/main/java/com/training/trackplanner/data/CanonicalExerciseMetadataRepository.kt#requireSelectableKey","1","No v2.2-reviewed exact consumer decision"
"UNESTABLISHED_CONSUMER","stableKey|canonical asset plus Room runtime_exercise_metadata override|app/src/main/java/com/training/trackplanner/data/CanonicalExerciseMetadataRepository.kt#selectableIdentities","1","No v2.2-reviewed exact consumer decision"
"UNESTABLISHED_CONSUMER","stableKey|canonical asset plus Room runtime_exercise_metadata override|app/src/main/java/com/training/trackplanner/data/CanonicalExerciseMetadataRepository.kt#timing","1","No v2.2-reviewed exact consumer decision"
"UNESTABLISHED_CONSUMER","stableKey|canonical asset plus Room runtime_exercise_metadata override|app/src/main/java/com/training/trackplanner/data/CanonicalExerciseMetadataRepository.kt#timingFrom","1","No v2.2-reviewed exact consumer decision"
"UNESTABLISHED_CONSUMER","stableKey|canonical asset plus Room runtime_exercise_metadata override|app/src/main/java/com/training/trackplanner/data/ConnectiveTissueAnalysisService.kt#build","1","No v2.2-reviewed exact consumer decision"
"UNESTABLISHED_CONSUMER","stableKey|canonical asset plus Room runtime_exercise_metadata override|app/src/main/java/com/training/trackplanner/data/ConnectiveTissueAnalysisService.kt#buildBaselines","1","No v2.2-reviewed exact consumer decision"
"UNESTABLISHED_CONSUMER","stableKey|canonical asset plus Room runtime_exercise_metadata override|app/src/main/java/com/training/trackplanner/data/Daos.kt#allProgramTombstones","1","No v2.2-reviewed exact consumer decision"
"UNESTABLISHED_CONSUMER","stableKey|canonical asset plus Room runtime_exercise_metadata override|app/src/main/java/com/training/trackplanner/data/Daos.kt#countExercises","1","No v2.2-reviewed exact consumer decision"
"UNESTABLISHED_CONSUMER","stableKey|canonical asset plus Room runtime_exercise_metadata override|app/src/main/java/com/training/trackplanner/data/Daos.kt#deleteByStableKey","1","No v2.2-reviewed exact consumer decision"
"UNESTABLISHED_CONSUMER","stableKey|canonical asset plus Room runtime_exercise_metadata override|app/src/main/java/com/training/trackplanner/data/Daos.kt#deleteProgramSlotCapabilities","1","No v2.2-reviewed exact consumer decision"
"UNESTABLISHED_CONSUMER","stableKey|canonical asset plus Room runtime_exercise_metadata override|app/src/main/java/com/training/trackplanner/data/Daos.kt#deleteProgramTombstone","1","No v2.2-reviewed exact consumer decision"
"UNESTABLISHED_CONSUMER","stableKey|canonical asset plus Room runtime_exercise_metadata override|app/src/main/java/com/training/trackplanner/data/Daos.kt#deleteTrainingRoles","1","No v2.2-reviewed exact consumer decision"
"UNESTABLISHED_CONSUMER","stableKey|canonical asset plus Room runtime_exercise_metadata override|app/src/main/java/com/training/trackplanner/data/Daos.kt#findByStableKey","1","No v2.2-reviewed exact consumer decision"
"UNESTABLISHED_CONSUMER","stableKey|canonical asset plus Room runtime_exercise_metadata override|app/src/main/java/com/training/trackplanner/data/Daos.kt#findProgram","1","No v2.2-reviewed exact consumer decision"
"UNESTABLISHED_CONSUMER","stableKey|canonical asset plus Room runtime_exercise_metadata override|app/src/main/java/com/training/trackplanner/data/Daos.kt#findProgramByStableKey","1","No v2.2-reviewed exact consumer decision"
"UNESTABLISHED_CONSUMER","stableKey|canonical asset plus Room runtime_exercise_metadata override|app/src/main/java/com/training/trackplanner/data/Daos.kt#findProgramTombstone","1","No v2.2-reviewed exact consumer decision"
"UNESTABLISHED_CONSUMER","stableKey|canonical asset plus Room runtime_exercise_metadata override|app/src/main/java/com/training/trackplanner/data/Daos.kt#insertAll","1","No v2.2-reviewed exact consumer decision"
"UNESTABLISHED_CONSUMER","stableKey|canonical asset plus Room runtime_exercise_metadata override|app/src/main/java/com/training/trackplanner/data/Daos.kt#insertExercise","1","No v2.2-reviewed exact consumer decision"
"UNESTABLISHED_CONSUMER","stableKey|canonical asset plus Room runtime_exercise_metadata override|app/src/main/java/com/training/trackplanner/data/Daos.kt#observeAnalysisStats","1","No v2.2-reviewed exact consumer decision"
"UNESTABLISHED_CONSUMER","stableKey|canonical asset plus Room runtime_exercise_metadata override|app/src/main/java/com/training/trackplanner/data/Daos.kt#observeDailySummariesBetween","1","No v2.2-reviewed exact consumer decision"
"UNESTABLISHED_CONSUMER","stableKey|canonical asset plus Room runtime_exercise_metadata override|app/src/main/java/com/training/trackplanner/data/Daos.kt#observeExercises","1","No v2.2-reviewed exact consumer decision"
"UNESTABLISHED_CONSUMER","stableKey|canonical asset plus Room runtime_exercise_metadata override|app/src/main/java/com/training/trackplanner/data/Daos.kt#observePrograms","1","No v2.2-reviewed exact consumer decision"
"UNESTABLISHED_CONSUMER","stableKey|canonical asset plus Room runtime_exercise_metadata override|app/src/main/java/com/training/trackplanner/data/Daos.kt#RuntimeExerciseMetadataDao","1","No v2.2-reviewed exact consumer decision"
"UNESTABLISHED_CONSUMER","stableKey|canonical asset plus Room runtime_exercise_metadata override|app/src/main/java/com/training/trackplanner/data/Daos.kt#updateExercise","1","No v2.2-reviewed exact consumer decision"
"UNESTABLISHED_CONSUMER","stableKey|canonical asset plus Room runtime_exercise_metadata override|app/src/main/java/com/training/trackplanner/data/Daos.kt#upsert","1","No v2.2-reviewed exact consumer decision"
"UNESTABLISHED_CONSUMER","stableKey|canonical asset plus Room runtime_exercise_metadata override|app/src/main/java/com/training/trackplanner/data/Daos.kt#upsertProgramSlotCapabilities","1","No v2.2-reviewed exact consumer decision"
"UNESTABLISHED_CONSUMER","stableKey|canonical asset plus Room runtime_exercise_metadata override|app/src/main/java/com/training/trackplanner/data/Daos.kt#upsertProgramTombstone","1","No v2.2-reviewed exact consumer decision"
"UNESTABLISHED_CONSUMER","stableKey|canonical asset plus Room runtime_exercise_metadata override|app/src/main/java/com/training/trackplanner/data/Entities.kt#Exercise","1","No v2.2-reviewed exact consumer decision"
"UNESTABLISHED_CONSUMER","stableKey|canonical asset plus Room runtime_exercise_metadata override|app/src/main/java/com/training/trackplanner/data/Entities.kt#ExerciseProgramSlotCapabilityRelation","1","No v2.2-reviewed exact consumer decision"
"UNESTABLISHED_CONSUMER","stableKey|canonical asset plus Room runtime_exercise_metadata override|app/src/main/java/com/training/trackplanner/data/Entities.kt#ExerciseTrainingRoleRelation","1","No v2.2-reviewed exact consumer decision"
"UNESTABLISHED_CONSUMER","stableKey|canonical asset plus Room runtime_exercise_metadata override|app/src/main/java/com/training/trackplanner/data/Entities.kt#TrainingProgram","1","No v2.2-reviewed exact consumer decision"
"UNESTABLISHED_CONSUMER","stableKey|canonical asset plus Room runtime_exercise_metadata override|app/src/main/java/com/training/trackplanner/data/Entities.kt#TrainingProgramTombstone","1","No v2.2-reviewed exact consumer decision"
"UNESTABLISHED_CONSUMER","stableKey|canonical asset plus Room runtime_exercise_metadata override|app/src/main/java/com/training/trackplanner/data/Entities.kt#validated","1","No v2.2-reviewed exact consumer decision"
"UNESTABLISHED_CONSUMER","stableKey|canonical asset plus Room runtime_exercise_metadata override|app/src/main/java/com/training/trackplanner/data/ExerciseMetadataAdapter.kt#fromFields","1","No v2.2-reviewed exact consumer decision"
"UNESTABLISHED_CONSUMER","stableKey|canonical asset plus Room runtime_exercise_metadata override|app/src/main/java/com/training/trackplanner/data/ExerciseMetadataAdapter.kt#hasCanonicalBadmintonAuthority","1","No v2.2-reviewed exact consumer decision"
"UNESTABLISHED_CONSUMER","stableKey|canonical asset plus Room runtime_exercise_metadata override|app/src/main/java/com/training/trackplanner/data/ExerciseMetadataAdapter.kt#resolve","1","No v2.2-reviewed exact consumer decision"
"UNESTABLISHED_CONSUMER","stableKey|canonical asset plus Room runtime_exercise_metadata override|app/src/main/java/com/training/trackplanner/data/ExerciseMetadataAdapter.kt#resolveByStableKey","1","No v2.2-reviewed exact consumer decision"
"UNESTABLISHED_CONSUMER","stableKey|canonical asset plus Room runtime_exercise_metadata override|app/src/main/java/com/training/trackplanner/data/ExerciseMetadataAdapter.kt#RuntimeExerciseMetadata","1","No v2.2-reviewed exact consumer decision"
"UNESTABLISHED_CONSUMER","stableKey|canonical asset plus Room runtime_exercise_metadata override|app/src/main/java/com/training/trackplanner/data/ExerciseMetadataAdapter.kt#RuntimeExerciseMetadataCatalog","1","No v2.2-reviewed exact consumer decision"
"UNESTABLISHED_CONSUMER","stableKey|canonical asset plus Room runtime_exercise_metadata override|app/src/main/java/com/training/trackplanner/data/ExerciseMetadataBackupContract.kt#ExerciseMetadataFieldPolicyRegistry","1","No v2.2-reviewed exact consumer decision"
"UNESTABLISHED_CONSUMER","stableKey|canonical asset plus Room runtime_exercise_metadata override|app/src/main/java/com/training/trackplanner/data/ExerciseMetadataBackupContract.kt#ExerciseMetadataSnapshotRow","1","No v2.2-reviewed exact consumer decision"
"UNESTABLISHED_CONSUMER","stableKey|canonical asset plus Room runtime_exercise_metadata override|app/src/main/java/com/training/trackplanner/data/ExerciseMetadataBackupContract.kt#localizationModeFor","1","No v2.2-reviewed exact consumer decision"
"UNESTABLISHED_CONSUMER","stableKey|canonical asset plus Room runtime_exercise_metadata override|app/src/main/java/com/training/trackplanner/data/ExerciseMetadataBackupContract.kt#snapshot","1","No v2.2-reviewed exact consumer decision"
"UNESTABLISHED_CONSUMER","stableKey|canonical asset plus Room runtime_exercise_metadata override|app/src/main/java/com/training/trackplanner/data/ExerciseMetadataBackupContract.kt#validate","1","No v2.2-reviewed exact consumer decision"
"UNESTABLISHED_CONSUMER","stableKey|canonical asset plus Room runtime_exercise_metadata override|app/src/main/java/com/training/trackplanner/data/ExerciseMetadataBackupContract.kt#valueKindFor","1","No v2.2-reviewed exact consumer decision"
"UNESTABLISHED_CONSUMER","stableKey|canonical asset plus Room runtime_exercise_metadata override|app/src/main/java/com/training/trackplanner/data/ExerciseMetadataEditorService.kt#deleteExerciseIfUnused","1","No v2.2-reviewed exact consumer decision"
"UNESTABLISHED_CONSUMER","stableKey|canonical asset plus Room runtime_exercise_metadata override|app/src/main/java/com/training/trackplanner/data/ExerciseMetadataEditorService.kt#exerciseEditorData","1","No v2.2-reviewed exact consumer decision"
"UNESTABLISHED_CONSUMER","stableKey|canonical asset plus Room runtime_exercise_metadata override|app/src/main/java/com/training/trackplanner/data/ExerciseMetadataEditorService.kt#insertUserExerciseWithUniqueKey","1","No v2.2-reviewed exact consumer decision"
"UNESTABLISHED_CONSUMER","stableKey|canonical asset plus Room runtime_exercise_metadata override|app/src/main/java/com/training/trackplanner/data/ExerciseMetadataEditorService.kt#materializeBuiltIn","1","No v2.2-reviewed exact consumer decision"
"UNESTABLISHED_CONSUMER","stableKey|canonical asset plus Room runtime_exercise_metadata override|app/src/main/java/com/training/trackplanner/data/ExerciseMetadataEditorService.kt#resolvedRuntimeMetadataByExerciseStableKey","1","No v2.2-reviewed exact consumer decision"
"UNESTABLISHED_CONSUMER","stableKey|canonical asset plus Room runtime_exercise_metadata override|app/src/main/java/com/training/trackplanner/data/ExerciseMetadataEditorService.kt#resolvedRuntimeMetadataCatalog","1","No v2.2-reviewed exact consumer decision"
"UNESTABLISHED_CONSUMER","stableKey|canonical asset plus Room runtime_exercise_metadata override|app/src/main/java/com/training/trackplanner/data/ExerciseMetadataEditorService.kt#resolveRuntimeMetadata","1","No v2.2-reviewed exact consumer decision"
"UNESTABLISHED_CONSUMER","stableKey|canonical asset plus Room runtime_exercise_metadata override|app/src/main/java/com/training/trackplanner/data/ExerciseMetadataEditorService.kt#saveExerciseEditor","1","No v2.2-reviewed exact consumer decision"
"UNESTABLISHED_CONSUMER","stableKey|canonical asset plus Room runtime_exercise_metadata override|app/src/main/java/com/training/trackplanner/data/ExerciseMetadataEffectiveStateResolver.kt#resolve","1","No v2.2-reviewed exact consumer decision"
"UNESTABLISHED_CONSUMER","stableKey|canonical asset plus Room runtime_exercise_metadata override|app/src/main/java/com/training/trackplanner/data/ExerciseMetadataOverrideBackupMapper.kt#hasOverride","1","No v2.2-reviewed exact consumer decision"
"UNESTABLISHED_CONSUMER","stableKey|canonical asset plus Room runtime_exercise_metadata override|app/src/main/java/com/training/trackplanner/data/ExerciseMetadataOverrideBackupMapper.kt#overrideKey","1","No v2.2-reviewed exact consumer decision"
"UNESTABLISHED_CONSUMER","stableKey|canonical asset plus Room runtime_exercise_metadata override|app/src/main/java/com/training/trackplanner/data/ExerciseMetadataOverrideBackupMapper.kt#overrideKeys","1","No v2.2-reviewed exact consumer decision"
"UNESTABLISHED_CONSUMER","stableKey|canonical asset plus Room runtime_exercise_metadata override|app/src/main/java/com/training/trackplanner/data/ExerciseMetadataOverrideMigration.kt#migrate","1","No v2.2-reviewed exact consumer decision"
"UNESTABLISHED_CONSUMER","stableKey|canonical asset plus Room runtime_exercise_metadata override|app/src/main/java/com/training/trackplanner/data/ExerciseMetadataReconciliationService.kt#reconcileIfRequired","1","No v2.2-reviewed exact consumer decision"
"UNESTABLISHED_CONSUMER","stableKey|canonical asset plus Room runtime_exercise_metadata override|app/src/main/java/com/training/trackplanner/data/ExerciseMetadataRevisionContract.kt#project","1","No v2.2-reviewed exact consumer decision"
"UNESTABLISHED_CONSUMER","stableKey|canonical asset plus Room runtime_exercise_metadata override|app/src/main/java/com/training/trackplanner/data/ExerciseMetadataUserOverride.kt#all","1","No v2.2-reviewed exact consumer decision"
"UNESTABLISHED_CONSUMER","stableKey|canonical asset plus Room runtime_exercise_metadata override|app/src/main/java/com/training/trackplanner/data/ExerciseMetadataUserOverride.kt#countForStableKey","1","No v2.2-reviewed exact consumer decision"
"UNESTABLISHED_CONSUMER","stableKey|canonical asset plus Room runtime_exercise_metadata override|app/src/main/java/com/training/trackplanner/data/ExerciseMetadataUserOverride.kt#deleteField","1","No v2.2-reviewed exact consumer decision"
"UNESTABLISHED_CONSUMER","stableKey|canonical asset plus Room runtime_exercise_metadata override|app/src/main/java/com/training/trackplanner/data/ExerciseMetadataUserOverride.kt#deleteForStableKey","1","No v2.2-reviewed exact consumer decision"
"UNESTABLISHED_CONSUMER","stableKey|canonical asset plus Room runtime_exercise_metadata override|app/src/main/java/com/training/trackplanner/data/ExerciseMetadataUserOverride.kt#ExerciseMetadataOverrideSource","1","No v2.2-reviewed exact consumer decision"
"UNESTABLISHED_CONSUMER","stableKey|canonical asset plus Room runtime_exercise_metadata override|app/src/main/java/com/training/trackplanner/data/ExerciseMetadataUserOverride.kt#ExerciseMetadataUserOverrideDao","1","No v2.2-reviewed exact consumer decision"
"UNESTABLISHED_CONSUMER","stableKey|canonical asset plus Room runtime_exercise_metadata override|app/src/main/java/com/training/trackplanner/data/ExerciseMetadataUserOverride.kt#ExerciseMetadataUserOverrideEntity","1","No v2.2-reviewed exact consumer decision"
"UNESTABLISHED_CONSUMER","stableKey|canonical asset plus Room runtime_exercise_metadata override|app/src/main/java/com/training/trackplanner/data/ExerciseMetadataUserOverride.kt#findByStableKey","1","No v2.2-reviewed exact consumer decision"
"UNESTABLISHED_CONSUMER","stableKey|canonical asset plus Room runtime_exercise_metadata override|app/src/main/java/com/training/trackplanner/data/ExerciseMetadataUserOverride.kt#findField","1","No v2.2-reviewed exact consumer decision"
"UNESTABLISHED_CONSUMER","stableKey|canonical asset plus Room runtime_exercise_metadata override|app/src/main/java/com/training/trackplanner/data/ExerciseMetadataUserOverride.kt#replaceForStableKey","1","No v2.2-reviewed exact consumer decision"
"UNESTABLISHED_CONSUMER","stableKey|canonical asset plus Room runtime_exercise_metadata override|app/src/main/java/com/training/trackplanner/data/ExerciseMetadataUserOverride.kt#toSnapshotRow","1","No v2.2-reviewed exact consumer decision"
"UNESTABLISHED_CONSUMER","stableKey|canonical asset plus Room runtime_exercise_metadata override|app/src/main/java/com/training/trackplanner/data/ExerciseMetadataUserOverride.kt#upsertAll","1","No v2.2-reviewed exact consumer decision"
"UNESTABLISHED_CONSUMER","stableKey|canonical asset plus Room runtime_exercise_metadata override|app/src/main/java/com/training/trackplanner/data/ExerciseMetadataUserOverride.kt#validated","1","No v2.2-reviewed exact consumer decision"
"UNESTABLISHED_CONSUMER","stableKey|canonical asset plus Room runtime_exercise_metadata override|app/src/main/java/com/training/trackplanner/data/ExerciseMetadataUserOverride.kt#validateOverrideBatch","1","No v2.2-reviewed exact consumer decision"
"UNESTABLISHED_CONSUMER","stableKey|canonical asset plus Room runtime_exercise_metadata override|app/src/main/java/com/training/trackplanner/data/ExerciseStableKeyMigration.kt#createExerciseTable","1","No v2.2-reviewed exact consumer decision"
"UNESTABLISHED_CONSUMER","stableKey|canonical asset plus Room runtime_exercise_metadata override|app/src/main/java/com/training/trackplanner/data/ExerciseStableKeyMigration.kt#createProgramItemsTable","1","No v2.2-reviewed exact consumer decision"
"UNESTABLISHED_CONSUMER","stableKey|canonical asset plus Room runtime_exercise_metadata override|app/src/main/java/com/training/trackplanner/data/ExerciseStableKeyMigration.kt#createWorkoutEntriesTable","1","No v2.2-reviewed exact consumer decision"
"UNESTABLISHED_CONSUMER","stableKey|canonical asset plus Room runtime_exercise_metadata override|app/src/main/java/com/training/trackplanner/data/ExerciseStableKeyMigration.kt#insertUnresolvedExercise","1","No v2.2-reviewed exact consumer decision"
"UNESTABLISHED_CONSUMER","stableKey|canonical asset plus Room runtime_exercise_metadata override|app/src/main/java/com/training/trackplanner/data/ExerciseStableKeyMigration.kt#migrate","1","No v2.2-reviewed exact consumer decision"
"UNESTABLISHED_CONSUMER","stableKey|canonical asset plus Room runtime_exercise_metadata override|app/src/main/java/com/training/trackplanner/data/ExerciseStableKeyMigration.kt#migrateRuntimeMetadataStableKeys","1","No v2.2-reviewed exact consumer decision"
"UNESTABLISHED_CONSUMER","stableKey|canonical asset plus Room runtime_exercise_metadata override|app/src/main/java/com/training/trackplanner/data/ProgramBeamSelectionPolicy.kt#beamAdjustment","1","No v2.2-reviewed exact consumer decision"
"UNESTABLISHED_CONSUMER","stableKey|canonical asset plus Room runtime_exercise_metadata override|app/src/main/java/com/training/trackplanner/data/ProgramBuilder.kt#build","1","No v2.2-reviewed exact consumer decision"
"UNESTABLISHED_CONSUMER","stableKey|canonical asset plus Room runtime_exercise_metadata override|app/src/main/java/com/training/trackplanner/data/ProgramBuilder.kt#captainChairCanBeConsidered","1","No v2.2-reviewed exact consumer decision"
"UNESTABLISHED_CONSUMER","stableKey|canonical asset plus Room runtime_exercise_metadata override|app/src/main/java/com/training/trackplanner/data/ProgramBuilder.kt#GeneratedProgramSkeleton","1","No v2.2-reviewed exact consumer decision"
"UNESTABLISHED_CONSUMER","stableKey|canonical asset plus Room runtime_exercise_metadata override|app/src/main/java/com/training/trackplanner/data/ProgramBuilder.kt#preferredCandidate","1","No v2.2-reviewed exact consumer decision"
"UNESTABLISHED_CONSUMER","stableKey|canonical asset plus Room runtime_exercise_metadata override|app/src/main/java/com/training/trackplanner/data/ProgramBuilder.kt#ProgramCandidateTrace","1","No v2.2-reviewed exact consumer decision"
"UNESTABLISHED_CONSUMER","stableKey|canonical asset plus Room runtime_exercise_metadata override|app/src/main/java/com/training/trackplanner/data/ProgramBuilder.kt#ProgramSkeletonItem","1","No v2.2-reviewed exact consumer decision"
"UNESTABLISHED_CONSUMER","stableKey|canonical asset plus Room runtime_exercise_metadata override|app/src/main/java/com/training/trackplanner/data/ProgramBuilderValidation.kt#validateDerivedUmbrellaCoverage","1","No v2.2-reviewed exact consumer decision"
"UNESTABLISHED_CONSUMER","stableKey|canonical asset plus Room runtime_exercise_metadata override|app/src/main/java/com/training/trackplanner/data/ProgramBuilderValidation.kt#validateFourWeekDistribution","1","No v2.2-reviewed exact consumer decision"
"UNESTABLISHED_CONSUMER","stableKey|canonical asset plus Room runtime_exercise_metadata override|app/src/main/java/com/training/trackplanner/data/ProgramBuilderValidation.kt#validateRehabLikeDominance","1","No v2.2-reviewed exact consumer decision"
"UNESTABLISHED_CONSUMER","stableKey|canonical asset plus Room runtime_exercise_metadata override|app/src/main/java/com/training/trackplanner/data/ProgramBuilderValidation.kt#validateRepetition","1","No v2.2-reviewed exact consumer decision"
"UNESTABLISHED_CONSUMER","stableKey|canonical asset plus Room runtime_exercise_metadata override|app/src/main/java/com/training/trackplanner/data/ProgramCandidateClassificationPolicy.kt#ProgramCandidate","1","No v2.2-reviewed exact consumer decision"
"UNESTABLISHED_CONSUMER","stableKey|canonical asset plus Room runtime_exercise_metadata override|app/src/main/java/com/training/trackplanner/data/ProgramCandidateInventory.kt#collect","1","No v2.2-reviewed exact consumer decision"
"UNESTABLISHED_CONSUMER","stableKey|canonical asset plus Room runtime_exercise_metadata override|app/src/main/java/com/training/trackplanner/data/ProgramCandidateRerankingPolicy.kt#adjustment","1","No v2.2-reviewed exact consumer decision"
"UNESTABLISHED_CONSUMER","stableKey|canonical asset plus Room runtime_exercise_metadata override|app/src/main/java/com/training/trackplanner/data/ProgramCandidateReservoir.kt#classification","1","No v2.2-reviewed exact consumer decision"
"UNESTABLISHED_CONSUMER","stableKey|canonical asset plus Room runtime_exercise_metadata override|app/src/main/java/com/training/trackplanner/data/ProgramCandidateReservoir.kt#ProgramCandidateReservoir","1","No v2.2-reviewed exact consumer decision"
"UNESTABLISHED_CONSUMER","stableKey|canonical asset plus Room runtime_exercise_metadata override|app/src/main/java/com/training/trackplanner/data/ProgramCorePatternPolicy.kt#adjustment","1","No v2.2-reviewed exact consumer decision"
"UNESTABLISHED_CONSUMER","stableKey|canonical asset plus Room runtime_exercise_metadata override|app/src/main/java/com/training/trackplanner/data/ProgramCorePatternPolicy.kt#corePattern","1","No v2.2-reviewed exact consumer decision"
"UNESTABLISHED_CONSUMER","stableKey|canonical asset plus Room runtime_exercise_metadata override|app/src/main/java/com/training/trackplanner/data/ProgramCorePatternPolicy.kt#warnings","1","No v2.2-reviewed exact consumer decision"
"UNESTABLISHED_CONSUMER","stableKey|canonical asset plus Room runtime_exercise_metadata override|app/src/main/java/com/training/trackplanner/data/ProgramEvaluationPolicy.kt#coreAccessoryOveruse","1","No v2.2-reviewed exact consumer decision"
"UNESTABLISHED_CONSUMER","stableKey|canonical asset plus Room runtime_exercise_metadata override|app/src/main/java/com/training/trackplanner/data/ProgramEvaluationPolicy.kt#selectedMainMissing","1","No v2.2-reviewed exact consumer decision"
"UNESTABLISHED_CONSUMER","stableKey|canonical asset plus Room runtime_exercise_metadata override|app/src/main/java/com/training/trackplanner/data/ProgramEvaluationPolicy.kt#transferOveruse","1","No v2.2-reviewed exact consumer decision"
"UNESTABLISHED_CONSUMER","stableKey|canonical asset plus Room runtime_exercise_metadata override|app/src/main/java/com/training/trackplanner/data/ProgramEvaluationPolicy.kt#transferScore","1","No v2.2-reviewed exact consumer decision"
"UNESTABLISHED_CONSUMER","stableKey|canonical asset plus Room runtime_exercise_metadata override|app/src/main/java/com/training/trackplanner/data/ProgramEvaluationPolicy.kt#weekProfilesRepeat","1","No v2.2-reviewed exact consumer decision"
"UNESTABLISHED_CONSUMER","stableKey|canonical asset plus Room runtime_exercise_metadata override|app/src/main/java/com/training/trackplanner/data/ProgramExerciseSpec.kt#ProgramExerciseSpec","1","No v2.2-reviewed exact consumer decision"
"UNESTABLISHED_CONSUMER","stableKey|canonical asset plus Room runtime_exercise_metadata override|app/src/main/java/com/training/trackplanner/data/ProgramExerciseSpec.kt#ResolvedProgramExercise","1","No v2.2-reviewed exact consumer decision"
"UNESTABLISHED_CONSUMER","stableKey|canonical asset plus Room runtime_exercise_metadata override|app/src/main/java/com/training/trackplanner/data/ProgramFoundationAnchorPolicy.kt#roleForSelectedMain","1","No v2.2-reviewed exact consumer decision"
"UNESTABLISHED_CONSUMER","stableKey|canonical asset plus Room runtime_exercise_metadata override|app/src/main/java/com/training/trackplanner/data/ProgramFoundationAnchorPolicy.kt#selectedMainReservation","1","No v2.2-reviewed exact consumer decision"
"UNESTABLISHED_CONSUMER","stableKey|canonical asset plus Room runtime_exercise_metadata override|app/src/main/java/com/training/trackplanner/data/ProgramFoundationAnchorPolicy.kt#targetSlotForSelectedMain","1","No v2.2-reviewed exact consumer decision"
"UNESTABLISHED_CONSUMER","stableKey|canonical asset plus Room runtime_exercise_metadata override|app/src/main/java/com/training/trackplanner/data/ProgramIssueDrivenRerankPolicy.kt#ProgramSkeletonItem","1","No v2.2-reviewed exact consumer decision"
"UNESTABLISHED_CONSUMER","stableKey|canonical asset plus Room runtime_exercise_metadata override|app/src/main/java/com/training/trackplanner/data/ProgramIssueDrivenRerankPolicy.kt#replaceRepeatedCorePattern","1","No v2.2-reviewed exact consumer decision"
"UNESTABLISHED_CONSUMER","stableKey|canonical asset plus Room runtime_exercise_metadata override|app/src/main/java/com/training/trackplanner/data/ProgramIssueDrivenRerankPolicy.kt#replaceWeakSlotWithFoundation","1","No v2.2-reviewed exact consumer decision"
"UNESTABLISHED_CONSUMER","stableKey|canonical asset plus Room runtime_exercise_metadata override|app/src/main/java/com/training/trackplanner/data/ProgramIssueDrivenRerankPolicy.kt#replaceWeakSlotWithSelectedMain","1","No v2.2-reviewed exact consumer decision"
"UNESTABLISHED_CONSUMER","stableKey|canonical asset plus Room runtime_exercise_metadata override|app/src/main/java/com/training/trackplanner/data/ProgramIssueDrivenRerankPolicy.kt#roleForSelectedMain","1","No v2.2-reviewed exact consumer decision"
"UNESTABLISHED_CONSUMER","stableKey|canonical asset plus Room runtime_exercise_metadata override|app/src/main/java/com/training/trackplanner/data/ProgramIssueDrivenRerankPolicy.kt#selectedMainReplacementTarget","1","No v2.2-reviewed exact consumer decision"
"UNESTABLISHED_CONSUMER","stableKey|canonical asset plus Room runtime_exercise_metadata override|app/src/main/java/com/training/trackplanner/data/ProgramPlanService.kt#addExerciseToProgram","1","No v2.2-reviewed exact consumer decision"
"UNESTABLISHED_CONSUMER","stableKey|canonical asset plus Room runtime_exercise_metadata override|app/src/main/java/com/training/trackplanner/data/ProgramPlanService.kt#createProgramFromRecordRange","1","No v2.2-reviewed exact consumer decision"
"UNESTABLISHED_CONSUMER","stableKey|canonical asset plus Room runtime_exercise_metadata override|app/src/main/java/com/training/trackplanner/data/ProgramPlanService.kt#deleteProgram","1","No v2.2-reviewed exact consumer decision"
"UNESTABLISHED_CONSUMER","stableKey|canonical asset plus Room runtime_exercise_metadata override|app/src/main/java/com/training/trackplanner/data/ProgramPlanService.kt#saveGeneratedProgram","1","No v2.2-reviewed exact consumer decision"
"UNESTABLISHED_CONSUMER","stableKey|canonical asset plus Room runtime_exercise_metadata override|app/src/main/java/com/training/trackplanner/data/ProgramRuleTables.kt#badminton","1","No v2.2-reviewed exact consumer decision"
"UNESTABLISHED_CONSUMER","stableKey|canonical asset plus Room runtime_exercise_metadata override|app/src/main/java/com/training/trackplanner/data/ProgramRuleTables.kt#main","1","No v2.2-reviewed exact consumer decision"
"UNESTABLISHED_CONSUMER","stableKey|canonical asset plus Room runtime_exercise_metadata override|app/src/main/java/com/training/trackplanner/data/ProgramRuleTables.kt#paired","1","No v2.2-reviewed exact consumer decision"
"UNESTABLISHED_CONSUMER","stableKey|canonical asset plus Room runtime_exercise_metadata override|app/src/main/java/com/training/trackplanner/data/ProgramRuleTables.kt#small","1","No v2.2-reviewed exact consumer decision"
"UNESTABLISHED_CONSUMER","stableKey|canonical asset plus Room runtime_exercise_metadata override|app/src/main/java/com/training/trackplanner/data/ProgramSelectedExerciseScorePolicy.kt#isCaptainChairLegRaise","1","No v2.2-reviewed exact consumer decision"
"UNESTABLISHED_CONSUMER","stableKey|canonical asset plus Room runtime_exercise_metadata override|app/src/main/java/com/training/trackplanner/data/ProgramSelectedExerciseScorePolicy.kt#isCaptainChairStableKey","1","No v2.2-reviewed exact consumer decision"
"UNESTABLISHED_CONSUMER","stableKey|canonical asset plus Room runtime_exercise_metadata override|app/src/main/java/com/training/trackplanner/data/ProgramSelectedExerciseScorePolicy.kt#isSelectedMainExercise","1","No v2.2-reviewed exact consumer decision"
"UNESTABLISHED_CONSUMER","stableKey|canonical asset plus Room runtime_exercise_metadata override|app/src/main/java/com/training/trackplanner/data/ProgramSelectedExerciseScorePolicy.kt#isSelectedMainStableKey","1","No v2.2-reviewed exact consumer decision"
"UNESTABLISHED_CONSUMER","stableKey|canonical asset plus Room runtime_exercise_metadata override|app/src/main/java/com/training/trackplanner/data/ProgramSelectedExerciseScorePolicy.kt#matchesSelectedMainStableKey","1","No v2.2-reviewed exact consumer decision"
"UNESTABLISHED_CONSUMER","stableKey|canonical asset plus Room runtime_exercise_metadata override|app/src/main/java/com/training/trackplanner/data/ProgramSelectionHistory.kt#allowsRepeat","1","No v2.2-reviewed exact consumer decision"
"UNESTABLISHED_CONSUMER","stableKey|canonical asset plus Room runtime_exercise_metadata override|app/src/main/java/com/training/trackplanner/data/ProgramSelectionHistory.kt#penalty","1","No v2.2-reviewed exact consumer decision"
"UNESTABLISHED_CONSUMER","stableKey|canonical asset plus Room runtime_exercise_metadata override|app/src/main/java/com/training/trackplanner/data/ProgramSelectionHistory.kt#record","1","No v2.2-reviewed exact consumer decision"
"UNESTABLISHED_CONSUMER","stableKey|canonical asset plus Room runtime_exercise_metadata override|app/src/main/java/com/training/trackplanner/data/ProgramSkeletonGenerator.kt#ProgramCandidateScoreTrace","1","No v2.2-reviewed exact consumer decision"
"UNESTABLISHED_CONSUMER","stableKey|canonical asset plus Room runtime_exercise_metadata override|app/src/main/java/com/training/trackplanner/data/ProgramSkeletonGenerator.kt#ProgramSkeletonItem","1","No v2.2-reviewed exact consumer decision"
"UNESTABLISHED_CONSUMER","stableKey|canonical asset plus Room runtime_exercise_metadata override|app/src/main/java/com/training/trackplanner/data/ProgramSlotAllocator.kt#choosePaired","1","No v2.2-reviewed exact consumer decision"
"UNESTABLISHED_CONSUMER","stableKey|canonical asset plus Room runtime_exercise_metadata override|app/src/main/java/com/training/trackplanner/data/ProgramSlotAllocator.kt#item","1","No v2.2-reviewed exact consumer decision"
"UNESTABLISHED_CONSUMER","stableKey|canonical asset plus Room runtime_exercise_metadata override|app/src/main/java/com/training/trackplanner/data/ProgramSlotCandidateQuery.kt#query","1","No v2.2-reviewed exact consumer decision"
"UNESTABLISHED_CONSUMER","stableKey|canonical asset plus Room runtime_exercise_metadata override|app/src/main/java/com/training/trackplanner/data/ProgramVarietyPolicy.kt#distributionWarnings","1","No v2.2-reviewed exact consumer decision"
"UNESTABLISHED_CONSUMER","stableKey|canonical asset plus Room runtime_exercise_metadata override|app/src/main/java/com/training/trackplanner/data/ProgramWeightSuggestionPolicy.kt#ProgramWeightSuggestionPolicy","1","No v2.2-reviewed exact consumer decision"
"UNESTABLISHED_CONSUMER","stableKey|canonical asset plus Room runtime_exercise_metadata override|app/src/main/java/com/training/trackplanner/data/ProgramWeightSuggestionPolicy.kt#suggest","1","No v2.2-reviewed exact consumer decision"
"UNESTABLISHED_CONSUMER","stableKey|canonical asset plus Room runtime_exercise_metadata override|app/src/main/java/com/training/trackplanner/data/RecordCsvBackupRestore.kt#appendStrengthRow","1","No v2.2-reviewed exact consumer decision"
"UNESTABLISHED_CONSUMER","stableKey|canonical asset plus Room runtime_exercise_metadata override|app/src/main/java/com/training/trackplanner/data/RecordCsvBackupRestore.kt#buildRestoreCsv","1","No v2.2-reviewed exact consumer decision"
"UNESTABLISHED_CONSUMER","stableKey|canonical asset plus Room runtime_exercise_metadata override|app/src/main/java/com/training/trackplanner/data/RecordCsvBackupRestore.kt#legacyExerciseSnapshotRows","1","No v2.2-reviewed exact consumer decision"
"UNESTABLISHED_CONSUMER","stableKey|canonical asset plus Room runtime_exercise_metadata override|app/src/main/java/com/training/trackplanner/data/RecordCsvBackupRestore.kt#legacyRuntimeSnapshotRows","1","No v2.2-reviewed exact consumer decision"
"UNESTABLISHED_CONSUMER","stableKey|canonical asset plus Room runtime_exercise_metadata override|app/src/main/java/com/training/trackplanner/data/RecordCsvBackupRestore.kt#legacySnapshotRow","1","No v2.2-reviewed exact consumer decision"
"UNESTABLISHED_CONSUMER","stableKey|canonical asset plus Room runtime_exercise_metadata override|app/src/main/java/com/training/trackplanner/data/RecordCsvBackupRestore.kt#parse","1","No v2.2-reviewed exact consumer decision"
"UNESTABLISHED_CONSUMER","stableKey|canonical asset plus Room runtime_exercise_metadata override|app/src/main/java/com/training/trackplanner/data/RecordCsvBackupRestore.kt#parseRestore","1","No v2.2-reviewed exact consumer decision"
"UNESTABLISHED_CONSUMER","stableKey|canonical asset plus Room runtime_exercise_metadata override|app/src/main/java/com/training/trackplanner/data/RecordCsvBackupRestore.kt#RestoreExerciseRow","1","No v2.2-reviewed exact consumer decision"
"UNESTABLISHED_CONSUMER","stableKey|canonical asset plus Room runtime_exercise_metadata override|app/src/main/java/com/training/trackplanner/data/RecordCsvBackupRestore.kt#RestoreSetRow","1","No v2.2-reviewed exact consumer decision"
"UNESTABLISHED_CONSUMER","stableKey|canonical asset plus Room runtime_exercise_metadata override|app/src/main/java/com/training/trackplanner/data/RecordCsvBackupRestore.kt#validateProgramSnapshot","1","No v2.2-reviewed exact consumer decision"
"UNESTABLISHED_CONSUMER","stableKey|canonical asset plus Room runtime_exercise_metadata override|app/src/main/java/com/training/trackplanner/data/RecordCsvBackupRestore.kt#value","1","No v2.2-reviewed exact consumer decision"
"UNESTABLISHED_CONSUMER","stableKey|canonical asset plus Room runtime_exercise_metadata override|app/src/main/java/com/training/trackplanner/data/RecordMutationService.kt#addWorkoutEntry","1","No v2.2-reviewed exact consumer decision"
"UNESTABLISHED_CONSUMER","stableKey|canonical asset plus Room runtime_exercise_metadata override|app/src/main/java/com/training/trackplanner/data/RuntimeExerciseMetadataPersistence.kt#RuntimeExerciseMetadata","1","No v2.2-reviewed exact consumer decision"
"UNESTABLISHED_CONSUMER","stableKey|canonical asset plus Room runtime_exercise_metadata override|app/src/main/java/com/training/trackplanner/data/RuntimeExerciseMetadataPersistence.kt#RuntimeExerciseMetadataEntity","1","No v2.2-reviewed exact consumer decision"
"UNESTABLISHED_CONSUMER","stableKey|canonical asset plus Room runtime_exercise_metadata override|app/src/main/java/com/training/trackplanner/data/RuntimeExerciseMetadataResolver.kt#applyBuiltInSeedMetadata","1","No v2.2-reviewed exact consumer decision"
"UNESTABLISHED_CONSUMER","stableKey|canonical asset plus Room runtime_exercise_metadata override|app/src/main/java/com/training/trackplanner/data/RuntimeExerciseMetadataResolver.kt#catalog","1","No v2.2-reviewed exact consumer decision"
"UNESTABLISHED_CONSUMER","stableKey|canonical asset plus Room runtime_exercise_metadata override|app/src/main/java/com/training/trackplanner/data/RuntimeExerciseMetadataResolver.kt#forExercise","1","No v2.2-reviewed exact consumer decision"
"UNESTABLISHED_CONSUMER","stableKey|canonical asset plus Room runtime_exercise_metadata override|app/src/main/java/com/training/trackplanner/data/RuntimeExerciseMetadataResolver.kt#forIdentity","1","No v2.2-reviewed exact consumer decision"
"UNESTABLISHED_CONSUMER","stableKey|canonical asset plus Room runtime_exercise_metadata override|app/src/main/java/com/training/trackplanner/data/RuntimeExerciseMetadataResolver.kt#isBuiltInStableKey","1","No v2.2-reviewed exact consumer decision"
"UNESTABLISHED_CONSUMER","stableKey|canonical asset plus Room runtime_exercise_metadata override|app/src/main/java/com/training/trackplanner/data/RuntimeExerciseMetadataResolver.kt#mergeSeed","1","No v2.2-reviewed exact consumer decision"
"UNESTABLISHED_CONSUMER","stableKey|canonical asset plus Room runtime_exercise_metadata override|app/src/main/java/com/training/trackplanner/data/RuntimeExerciseMetadataResolver.kt#preserveOnEdit","1","No v2.2-reviewed exact consumer decision"
"UNESTABLISHED_CONSUMER","stableKey|canonical asset plus Room runtime_exercise_metadata override|app/src/main/java/com/training/trackplanner/data/RuntimeExerciseMetadataResolver.kt#resolve","1","No v2.2-reviewed exact consumer decision"
"UNESTABLISHED_CONSUMER","stableKey|canonical asset plus Room runtime_exercise_metadata override|app/src/main/java/com/training/trackplanner/data/RuntimeExerciseMetadataResolver.kt#RuntimeExerciseMetadata","1","No v2.2-reviewed exact consumer decision"
"UNESTABLISHED_CONSUMER","stableKey|canonical asset plus Room runtime_exercise_metadata override|app/src/main/java/com/training/trackplanner/data/RuntimeExerciseMetadataResolver.kt#RuntimeExerciseMetadataResolver","1","No v2.2-reviewed exact consumer decision"
"UNESTABLISHED_CONSUMER","stableKey|canonical asset plus Room runtime_exercise_metadata override|app/src/main/java/com/training/trackplanner/data/RuntimeExerciseMetadataResolver.kt#seedMap","1","No v2.2-reviewed exact consumer decision"
"UNESTABLISHED_CONSUMER","stableKey|canonical asset plus Room runtime_exercise_metadata override|app/src/main/java/com/training/trackplanner/data/SafeBackupRestore.kt#contentToken","1","No v2.2-reviewed exact consumer decision"
"UNESTABLISHED_CONSUMER","stableKey|canonical asset plus Room runtime_exercise_metadata override|app/src/main/java/com/training/trackplanner/data/SafeBackupRestore.kt#currentFingerprint","1","No v2.2-reviewed exact consumer decision"
"UNESTABLISHED_CONSUMER","stableKey|canonical asset plus Room runtime_exercise_metadata override|app/src/main/java/com/training/trackplanner/data/SafeBackupRestore.kt#Exercise","1","No v2.2-reviewed exact consumer decision"
"UNESTABLISHED_CONSUMER","stableKey|canonical asset plus Room runtime_exercise_metadata override|app/src/main/java/com/training/trackplanner/data/SafeBackupRestore.kt#plan","1","No v2.2-reviewed exact consumer decision"
"UNESTABLISHED_CONSUMER","stableKey|canonical asset plus Room runtime_exercise_metadata override|app/src/main/java/com/training/trackplanner/data/SafeBackupRestore.kt#prepare","1","No v2.2-reviewed exact consumer decision"
"UNESTABLISHED_CONSUMER","stableKey|canonical asset plus Room runtime_exercise_metadata override|app/src/main/java/com/training/trackplanner/data/SafeBackupRestore.kt#projectedWorkoutStableKeys","1","No v2.2-reviewed exact consumer decision"
"UNESTABLISHED_CONSUMER","stableKey|canonical asset plus Room runtime_exercise_metadata override|app/src/main/java/com/training/trackplanner/data/SafeBackupRestore.kt#RecordCsvImportData","1","No v2.2-reviewed exact consumer decision"
"UNESTABLISHED_CONSUMER","stableKey|canonical asset plus Room runtime_exercise_metadata override|app/src/main/java/com/training/trackplanner/data/SafeBackupRestore.kt#RestoreExerciseRow","1","No v2.2-reviewed exact consumer decision"
"UNESTABLISHED_CONSUMER","stableKey|canonical asset plus Room runtime_exercise_metadata override|app/src/main/java/com/training/trackplanner/data/SafeBackupRestore.kt#RestoreWorkoutGraph","1","No v2.2-reviewed exact consumer decision"
"UNESTABLISHED_CONSUMER","stableKey|canonical asset plus Room runtime_exercise_metadata override|app/src/main/java/com/training/trackplanner/data/SafeBackupRestore.kt#WorkoutEntryWithSets","1","No v2.2-reviewed exact consumer decision"
"UNESTABLISHED_CONSUMER","stableKey|canonical asset plus Room runtime_exercise_metadata override|app/src/main/java/com/training/trackplanner/data/SeedData.kt#exactExerciseMetadataByStableKey","1","No v2.2-reviewed exact consumer decision"
"UNESTABLISHED_CONSUMER","stableKey|canonical asset plus Room runtime_exercise_metadata override|app/src/main/java/com/training/trackplanner/data/SeedData.kt#exactExerciseMetadataFromParsedRows","1","No v2.2-reviewed exact consumer decision"
"UNESTABLISHED_CONSUMER","stableKey|canonical asset plus Room runtime_exercise_metadata override|app/src/main/java/com/training/trackplanner/data/SeedData.kt#Exercise","1","No v2.2-reviewed exact consumer decision"
"UNESTABLISHED_CONSUMER","stableKey|canonical asset plus Room runtime_exercise_metadata override|app/src/main/java/com/training/trackplanner/data/SeedData.kt#exerciseFromCsv","1","No v2.2-reviewed exact consumer decision"
"UNESTABLISHED_CONSUMER","stableKey|canonical asset plus Room runtime_exercise_metadata override|app/src/main/java/com/training/trackplanner/data/SeedData.kt#ExerciseImageMapping","1","No v2.2-reviewed exact consumer decision"
"UNESTABLISHED_CONSUMER","stableKey|canonical asset plus Room runtime_exercise_metadata override|app/src/main/java/com/training/trackplanner/data/SeedData.kt#exerciseImageMappings","1","No v2.2-reviewed exact consumer decision"
"UNESTABLISHED_CONSUMER","stableKey|canonical asset plus Room runtime_exercise_metadata override|app/src/main/java/com/training/trackplanner/data/SeedData.kt#validateCatalog","1","No v2.2-reviewed exact consumer decision"
"UNESTABLISHED_CONSUMER","stableKey|canonical asset plus Room runtime_exercise_metadata override|app/src/main/java/com/training/trackplanner/data/StrengthPosteriorUpdateService.kt#build","1","No v2.2-reviewed exact consumer decision"
"UNESTABLISHED_CONSUMER","stableKey|canonical asset plus Room runtime_exercise_metadata override|app/src/main/java/com/training/trackplanner/data/StrengthPosteriorUpdateService.kt#enqueueCompletedDateWithinTransaction","1","No v2.2-reviewed exact consumer decision"
"UNESTABLISHED_CONSUMER","stableKey|canonical asset plus Room runtime_exercise_metadata override|app/src/main/java/com/training/trackplanner/data/StrengthPosteriorUpdateService.kt#process","1","No v2.2-reviewed exact consumer decision"
"UNESTABLISHED_CONSUMER","stableKey|canonical asset plus Room runtime_exercise_metadata override|app/src/main/java/com/training/trackplanner/data/TrainingDatabase.kt#migrate","1","No v2.2-reviewed exact consumer decision"
"UNESTABLISHED_CONSUMER","stableKey|canonical asset plus Room runtime_exercise_metadata override|app/src/main/java/com/training/trackplanner/data/TrainingRepository.kt#findOrCreateImportedExercise","1","No v2.2-reviewed exact consumer decision"
"UNESTABLISHED_CONSUMER","stableKey|canonical asset plus Room runtime_exercise_metadata override|app/src/main/java/com/training/trackplanner/data/TrainingRepository.kt#legacyUpsertRestoredExercise","1","No v2.2-reviewed exact consumer decision"
"UNESTABLISHED_CONSUMER","stableKey|canonical asset plus Room runtime_exercise_metadata override|app/src/main/java/com/training/trackplanner/data/TrainingRepository.kt#refreshExerciseAnalysisMetadata","1","No v2.2-reviewed exact consumer decision"
"UNESTABLISHED_CONSUMER","stableKey|canonical asset plus Room runtime_exercise_metadata override|app/src/main/java/com/training/trackplanner/data/TrainingRepository.kt#repairCustomExerciseStableKeys","1","No v2.2-reviewed exact consumer decision"
"UNESTABLISHED_CONSUMER","stableKey|canonical asset plus Room runtime_exercise_metadata override|app/src/main/java/com/training/trackplanner/data/TrainingRepository.kt#repairLegacyProgramStableKeys","1","No v2.2-reviewed exact consumer decision"
"UNESTABLISHED_CONSUMER","stableKey|canonical asset plus Room runtime_exercise_metadata override|app/src/main/java/com/training/trackplanner/data/TrainingRepository.kt#seedExerciseRoleRelations","1","No v2.2-reviewed exact consumer decision"
"UNESTABLISHED_CONSUMER","stableKey|canonical asset plus Room runtime_exercise_metadata override|app/src/main/java/com/training/trackplanner/data/TrainingRepository.kt#seedMissingPrograms","1","No v2.2-reviewed exact consumer decision"
"UNESTABLISHED_CONSUMER","stableKey|canonical asset plus Room runtime_exercise_metadata override|app/src/main/java/com/training/trackplanner/data/TrainingRepository.kt#upsertSeedExercises","1","No v2.2-reviewed exact consumer decision"
"UNESTABLISHED_CONSUMER","stableKey|canonical asset plus Room runtime_exercise_metadata override|app/src/main/java/com/training/trackplanner/data/TrainingRoleSplitMigration.kt#createExercisesWithoutLegacyRole","1","No v2.2-reviewed exact consumer decision"
"UNESTABLISHED_CONSUMER","stableKey|canonical asset plus Room runtime_exercise_metadata override|app/src/main/java/com/training/trackplanner/data/TrainingRoleSplitMigration.kt#createRoleRelationTables","1","No v2.2-reviewed exact consumer decision"
"UNESTABLISHED_CONSUMER","stableKey|canonical asset plus Room runtime_exercise_metadata override|app/src/main/java/com/training/trackplanner/data/TrainingRoleSplitMigration.kt#migrate","1","No v2.2-reviewed exact consumer decision"
"UNESTABLISHED_CONSUMER","stableKey|canonical asset plus Room runtime_exercise_metadata override|app/src/main/java/com/training/trackplanner/data/TrainingRoleSplitMigration.kt#migrateIntrinsicTrainingRoles","1","No v2.2-reviewed exact consumer decision"
"UNESTABLISHED_CONSUMER","stableKey|canonical asset plus Room runtime_exercise_metadata override|app/src/main/java/com/training/trackplanner/data/TrainingRoleSplitMigration.kt#recreateExerciseReferences","1","No v2.2-reviewed exact consumer decision"
"UNESTABLISHED_CONSUMER","stableKey|canonical asset plus Room runtime_exercise_metadata override|app/src/main/java/com/training/trackplanner/ExerciseScreen.kt#ExerciseScreen","1","No v2.2-reviewed exact consumer decision"
"UNESTABLISHED_CONSUMER","stableKey|canonical asset plus Room runtime_exercise_metadata override|app/src/main/java/com/training/trackplanner/ExerciseSubcategoryMapper.kt#countsFor","1","No v2.2-reviewed exact consumer decision"
"UNESTABLISHED_CONSUMER","stableKey|canonical asset plus Room runtime_exercise_metadata override|app/src/main/java/com/training/trackplanner/localization/GeneratedLocalizationCatalogue.kt#exactUiTextIdsChunk0","1","No v2.2-reviewed exact consumer decision"
"UNESTABLISHED_CONSUMER","stableKey|canonical asset plus Room runtime_exercise_metadata override|app/src/main/java/com/training/trackplanner/localization/GeneratedLocalizationCatalogue.kt#exactUiTextIdsChunk1","1","No v2.2-reviewed exact consumer decision"
"UNESTABLISHED_CONSUMER","stableKey|canonical asset plus Room runtime_exercise_metadata override|app/src/main/java/com/training/trackplanner/localization/GeneratedLocalizationCatalogue.kt#exactUiTextIdsChunk2","1","No v2.2-reviewed exact consumer decision"
"UNESTABLISHED_CONSUMER","stableKey|canonical asset plus Room runtime_exercise_metadata override|app/src/main/java/com/training/trackplanner/localization/GeneratedLocalizationCatalogue.kt#exactUiTextIdsChunk3","1","No v2.2-reviewed exact consumer decision"
"UNESTABLISHED_CONSUMER","stableKey|canonical asset plus Room runtime_exercise_metadata override|app/src/main/java/com/training/trackplanner/localization/GeneratedLocalizationCatalogue.kt#exactUiTextIdsChunk4","1","No v2.2-reviewed exact consumer decision"
"UNESTABLISHED_CONSUMER","stableKey|canonical asset plus Room runtime_exercise_metadata override|app/src/main/java/com/training/trackplanner/localization/GeneratedLocalizationCatalogue.kt#exactUiTextIdsChunk5","1","No v2.2-reviewed exact consumer decision"
"UNESTABLISHED_CONSUMER","stableKey|canonical asset plus Room runtime_exercise_metadata override|app/src/main/java/com/training/trackplanner/localization/LocalizedPresentation.kt#exerciseDescription","1","No v2.2-reviewed exact consumer decision"
"UNESTABLISHED_CONSUMER","stableKey|canonical asset plus Room runtime_exercise_metadata override|app/src/main/java/com/training/trackplanner/localization/LocalizedPresentation.kt#exerciseName","1","No v2.2-reviewed exact consumer decision"
"UNESTABLISHED_CONSUMER","stableKey|canonical asset plus Room runtime_exercise_metadata override|app/src/main/java/com/training/trackplanner/localization/LocalizedPresentation.kt#localizedExerciseName","1","No v2.2-reviewed exact consumer decision"
"UNESTABLISHED_CONSUMER","stableKey|canonical asset plus Room runtime_exercise_metadata override|app/src/main/java/com/training/trackplanner/localization/LocalizedPresentation.kt#localizedProgramName","1","No v2.2-reviewed exact consumer decision"
"UNESTABLISHED_CONSUMER","stableKey|canonical asset plus Room runtime_exercise_metadata override|app/src/main/java/com/training/trackplanner/localization/LocalizedPresentation.kt#programName","1","No v2.2-reviewed exact consumer decision"
"UNESTABLISHED_CONSUMER","stableKey|canonical asset plus Room runtime_exercise_metadata override|app/src/main/java/com/training/trackplanner/localization/LocalizedPresentation.kt#tissueEducation","1","No v2.2-reviewed exact consumer decision"
"UNESTABLISHED_CONSUMER","stableKey|canonical asset plus Room runtime_exercise_metadata override|app/src/main/java/com/training/trackplanner/PlanGeneratedPreview.kt#draftItemForExercise","1","No v2.2-reviewed exact consumer decision"
"UNESTABLISHED_CONSUMER","stableKey|canonical asset plus Room runtime_exercise_metadata override|app/src/main/java/com/training/trackplanner/PlanGeneratedPreview.kt#ProgramSkeletonPreview","1","No v2.2-reviewed exact consumer decision"
"UNESTABLISHED_CONSUMER","stableKey|canonical asset plus Room runtime_exercise_metadata override|app/src/main/java/com/training/trackplanner/PlanScreen.kt#ProgramDetailScreen","1","No v2.2-reviewed exact consumer decision"
"UNESTABLISHED_CONSUMER","stableKey|canonical asset plus Room runtime_exercise_metadata override|app/src/main/java/com/training/trackplanner/RecordScreen.kt#RecordScreen","1","No v2.2-reviewed exact consumer decision"
"UNESTABLISHED_CONSUMER","stableKey|canonical asset plus Room runtime_exercise_metadata override|app/src/main/java/com/training/trackplanner/RuntimeMetadataExerciseEditorDialog.kt#ExerciseMetadataCopyDialog","1","No v2.2-reviewed exact consumer decision"
"UNESTABLISHED_CONSUMER","stableKey|canonical asset plus Room runtime_exercise_metadata override|app/src/main/java/com/training/trackplanner/RuntimeMetadataExerciseEditorDialog.kt#joinExerciseTokens","1","No v2.2-reviewed exact consumer decision"
"UNESTABLISHED_CONSUMER","stableKey|Room exercises|app/src/main/java/com/training/trackplanner/analysis/badminton/BadmintonTransferRecommendationBuilder.kt#exerciseCandidates","1","No v2.2-reviewed exact consumer decision"
"UNESTABLISHED_CONSUMER","stableKey|Room exercises|app/src/main/java/com/training/trackplanner/analysis/badminton/BadmintonTransferScoreCalculator.kt#calculate","1","No v2.2-reviewed exact consumer decision"
"UNESTABLISHED_CONSUMER","stableKey|Room exercises|app/src/main/java/com/training/trackplanner/analysis/badminton/BadmintonTransferScoreCalculator.kt#calculateWindow","1","No v2.2-reviewed exact consumer decision"
"UNESTABLISHED_CONSUMER","stableKey|Room exercises|app/src/main/java/com/training/trackplanner/analysis/badminton/BadmintonTransferScoreCalculator.kt#contribution","1","No v2.2-reviewed exact consumer decision"
"UNESTABLISHED_CONSUMER","stableKey|Room exercises|app/src/main/java/com/training/trackplanner/analysis/coach/CoachFatigueCauseAnalyzer.kt#analyze","1","No v2.2-reviewed exact consumer decision"
"UNESTABLISHED_CONSUMER","stableKey|Room exercises|app/src/main/java/com/training/trackplanner/analysis/coach/CourtDurationRecoveryAnalyzer.kt#analyze","1","No v2.2-reviewed exact consumer decision"
"UNESTABLISHED_CONSUMER","stableKey|Room exercises|app/src/main/java/com/training/trackplanner/analysis/coach/JointTendonWarningAnalyzer.kt#recentJointStressLabels","1","No v2.2-reviewed exact consumer decision"
"UNESTABLISHED_CONSUMER","stableKey|Room exercises|app/src/main/java/com/training/trackplanner/analysis/coach/RpeAutoregulationAnalyzer.kt#analyze","1","No v2.2-reviewed exact consumer decision"
"UNESTABLISHED_CONSUMER","stableKey|Room exercises|app/src/main/java/com/training/trackplanner/analysis/contracts/AnalysisContractAssetLoader.kt#ContractRow","1","No v2.2-reviewed exact consumer decision"
"UNESTABLISHED_CONSUMER","stableKey|Room exercises|app/src/main/java/com/training/trackplanner/analysis/contracts/AnalysisContractAssetLoader.kt#identity","1","No v2.2-reviewed exact consumer decision"
"UNESTABLISHED_CONSUMER","stableKey|Room exercises|app/src/main/java/com/training/trackplanner/analysis/contracts/AnalysisContractAssetLoader.kt#List","1","No v2.2-reviewed exact consumer decision"
"UNESTABLISHED_CONSUMER","stableKey|Room exercises|app/src/main/java/com/training/trackplanner/analysis/contracts/AnalysisContractAssetLoader.kt#parse","1","No v2.2-reviewed exact consumer decision"
"UNESTABLISHED_CONSUMER","stableKey|Room exercises|app/src/main/java/com/training/trackplanner/analysis/contracts/AnalysisContractShadowParity.kt#compare","1","No v2.2-reviewed exact consumer decision"
"UNESTABLISHED_CONSUMER","stableKey|Room exercises|app/src/main/java/com/training/trackplanner/analysis/contracts/AnalysisContractShadowParity.kt#MutableList","1","No v2.2-reviewed exact consumer decision"
"UNESTABLISHED_CONSUMER","stableKey|Room exercises|app/src/main/java/com/training/trackplanner/analysis/contracts/UserExerciseAnalysisContractProjector.kt#capability","1","No v2.2-reviewed exact consumer decision"
"UNESTABLISHED_CONSUMER","stableKey|Room exercises|app/src/main/java/com/training/trackplanner/analysis/contracts/UserExerciseAnalysisContractProjector.kt#project","1","No v2.2-reviewed exact consumer decision"
"UNESTABLISHED_CONSUMER","stableKey|Room exercises|app/src/main/java/com/training/trackplanner/analysis/core/AnalysisInputCollector.kt#collect","1","No v2.2-reviewed exact consumer decision"
"UNESTABLISHED_CONSUMER","stableKey|Room exercises|app/src/main/java/com/training/trackplanner/analysis/core/AnalysisInputCollector.kt#Exercise","1","No v2.2-reviewed exact consumer decision"
"UNESTABLISHED_CONSUMER","stableKey|Room exercises|app/src/main/java/com/training/trackplanner/analysis/core/AnalysisInputSnapshot.kt#AnalysisExerciseMetadata","1","No v2.2-reviewed exact consumer decision"
"UNESTABLISHED_CONSUMER","stableKey|Room exercises|app/src/main/java/com/training/trackplanner/analysis/fatigue/DailyFatigueCalculator.kt#calculateSeries","1","No v2.2-reviewed exact consumer decision"
"UNESTABLISHED_CONSUMER","stableKey|Room exercises|app/src/main/java/com/training/trackplanner/analysis/fatigue/DailyFatigueCalculator.kt#RecordContext","1","No v2.2-reviewed exact consumer decision"
"UNESTABLISHED_CONSUMER","stableKey|Room exercises|app/src/main/java/com/training/trackplanner/analysis/fatigue/DailyFatigueModels.kt#RecordFatigueContribution","1","No v2.2-reviewed exact consumer decision"
"UNESTABLISHED_CONSUMER","stableKey|Room exercises|app/src/main/java/com/training/trackplanner/analysis/features/AnalysisExerciseDisplayNameResolver.kt#resolve","1","No v2.2-reviewed exact consumer decision"
"UNESTABLISHED_CONSUMER","stableKey|Room exercises|app/src/main/java/com/training/trackplanner/analysis/features/BodyweightEffectiveLoadCalculator.kt#effectiveVolumeLoadOrNull","1","No v2.2-reviewed exact consumer decision"
"UNESTABLISHED_CONSUMER","stableKey|Room exercises|app/src/main/java/com/training/trackplanner/analysis/features/BodyweightEffectiveLoadCalculator.kt#profileFor","1","No v2.2-reviewed exact consumer decision"
"UNESTABLISHED_CONSUMER","stableKey|Room exercises|app/src/main/java/com/training/trackplanner/analysis/features/BodyweightEffectiveLoadCalculator.kt#volumeLoad","1","No v2.2-reviewed exact consumer decision"
"UNESTABLISHED_CONSUMER","stableKey|Room exercises|app/src/main/java/com/training/trackplanner/analysis/features/DurationHoldLoadCalculator.kt#holdLoad","1","No v2.2-reviewed exact consumer decision"
"UNESTABLISHED_CONSUMER","stableKey|Room exercises|app/src/main/java/com/training/trackplanner/analysis/features/DurationHoldLoadCalculator.kt#holdLoadOrNull","1","No v2.2-reviewed exact consumer decision"
"UNESTABLISHED_CONSUMER","stableKey|Room exercises|app/src/main/java/com/training/trackplanner/analysis/features/DurationHoldLoadCalculator.kt#policyFor","1","No v2.2-reviewed exact consumer decision"
"UNESTABLISHED_CONSUMER","stableKey|Room exercises|app/src/main/java/com/training/trackplanner/analysis/features/ExerciseAnalysisMapper.kt#AnalysisExerciseFeatures","1","No v2.2-reviewed exact consumer decision"
"UNESTABLISHED_CONSUMER","stableKey|Room exercises|app/src/main/java/com/training/trackplanner/analysis/features/ExerciseAnalysisMapper.kt#fromRecord","1","No v2.2-reviewed exact consumer decision"
"UNESTABLISHED_CONSUMER","stableKey|Room exercises|app/src/main/java/com/training/trackplanner/analysis/features/MetadataReadinessReporter.kt#generate","1","No v2.2-reviewed exact consumer decision"
"UNESTABLISHED_CONSUMER","stableKey|Room exercises|app/src/main/java/com/training/trackplanner/analysis/lab/MuscleLoadInputBuilder.kt#fallbackContributions","1","No v2.2-reviewed exact consumer decision"
"UNESTABLISHED_CONSUMER","stableKey|Room exercises|app/src/main/java/com/training/trackplanner/analysis/lab/MuscleLoadInputBuilder.kt#isMainBenchPress","1","No v2.2-reviewed exact consumer decision"
"UNESTABLISHED_CONSUMER","stableKey|Room exercises|app/src/main/java/com/training/trackplanner/analysis/lab/MuscleLoadInputBuilder.kt#isMainDeadlift","1","No v2.2-reviewed exact consumer decision"
"UNESTABLISHED_CONSUMER","stableKey|Room exercises|app/src/main/java/com/training/trackplanner/analysis/lab/MuscleLoadInputBuilder.kt#isMainSquat","1","No v2.2-reviewed exact consumer decision"
"UNESTABLISHED_CONSUMER","stableKey|Room exercises|app/src/main/java/com/training/trackplanner/analysis/lab/StrengthAndMuscleMetricSeriesBuilder.kt#build","1","No v2.2-reviewed exact consumer decision"
"UNESTABLISHED_CONSUMER","stableKey|Room exercises|app/src/main/java/com/training/trackplanner/analysis/lab/StrengthAndMuscleMetricSeriesBuilder.kt#durationHoldContributions","1","No v2.2-reviewed exact consumer decision"
"UNESTABLISHED_CONSUMER","stableKey|Room exercises|app/src/main/java/com/training/trackplanner/analysis/metrics/CommonPlanProjectionMetrics.kt#com","1","No v2.2-reviewed exact consumer decision"
"UNESTABLISHED_CONSUMER","stableKey|Room exercises|app/src/main/java/com/training/trackplanner/analysis/metrics/CommonStrengthMetrics.kt#AnalysisEntry","1","No v2.2-reviewed exact consumer decision"
"UNESTABLISHED_CONSUMER","stableKey|Room exercises|app/src/main/java/com/training/trackplanner/analysis/proxyperformance/ProxyPerformanceEstimator.kt#add","1","No v2.2-reviewed exact consumer decision"
"UNESTABLISHED_CONSUMER","stableKey|Room exercises|app/src/main/java/com/training/trackplanner/analysis/proxyperformance/ProxyPerformanceEstimator.kt#stats","1","No v2.2-reviewed exact consumer decision"
"UNESTABLISHED_CONSUMER","stableKey|Room exercises|app/src/main/java/com/training/trackplanner/analysis/proxyperformance/ProxyPerformanceObservationBuilder.kt#build","1","No v2.2-reviewed exact consumer decision"
"UNESTABLISHED_CONSUMER","stableKey|Room exercises|app/src/main/java/com/training/trackplanner/analysis/readiness/DailyAnalysisLoadAggregator.kt#Map","1","No v2.2-reviewed exact consumer decision"
"UNESTABLISHED_CONSUMER","stableKey|Room exercises|app/src/main/java/com/training/trackplanner/analysis/readiness/TodayReadinessEngine.kt#analyze","1","No v2.2-reviewed exact consumer decision"
"UNESTABLISHED_CONSUMER","stableKey|Room exercises|app/src/main/java/com/training/trackplanner/analysis/strengthperformance/curve/RepetitionCurves.kt#assignment","1","No v2.2-reviewed exact consumer decision"
"UNESTABLISHED_CONSUMER","stableKey|Room exercises|app/src/main/java/com/training/trackplanner/analysis/strengthperformance/curve/RepetitionCurves.kt#resolve","1","No v2.2-reviewed exact consumer decision"
"UNESTABLISHED_CONSUMER","stableKey|Room exercises|app/src/main/java/com/training/trackplanner/analysis/strengthperformance/PersistentStrengthPerformanceSummary.kt#build","1","No v2.2-reviewed exact consumer decision"
"UNESTABLISHED_CONSUMER","stableKey|Room exercises|app/src/main/java/com/training/trackplanner/analysis/strengthperformance/StrengthPerformanceRegistry.kt#proxyLoadings","1","No v2.2-reviewed exact consumer decision"
"UNESTABLISHED_CONSUMER","stableKey|Room exercises|app/src/main/java/com/training/trackplanner/analysis/strengthperformance/StrengthPerformanceRegistry.kt#row","1","No v2.2-reviewed exact consumer decision"
"UNESTABLISHED_CONSUMER","stableKey|Room exercises|app/src/main/java/com/training/trackplanner/analysis/strengthperformance/StrengthSessionLikelihood.kt#build","1","No v2.2-reviewed exact consumer decision"
"UNESTABLISHED_CONSUMER","stableKey|Room exercises|app/src/main/java/com/training/trackplanner/analysis/tissue/TissueAnalysisUiModels.kt#info","1","No v2.2-reviewed exact consumer decision"
"UNESTABLISHED_CONSUMER","stableKey|Room exercises|app/src/main/java/com/training/trackplanner/analysis/tissue/TissueApprovalScopeHasher.kt#TissueEvidenceClaimCandidate","1","No v2.2-reviewed exact consumer decision"
"UNESTABLISHED_CONSUMER","stableKey|Room exercises|app/src/main/java/com/training/trackplanner/analysis/tissue/TissueC31Models.kt#matches","1","No v2.2-reviewed exact consumer decision"
"UNESTABLISHED_CONSUMER","stableKey|Room exercises|app/src/main/java/com/training/trackplanner/analysis/tissue/TissueC3ResearchModels.kt#TissueExerciseVariantCorrespondenceRow","1","No v2.2-reviewed exact consumer decision"
"UNESTABLISHED_CONSUMER","stableKey|Room exercises|app/src/main/java/com/training/trackplanner/analysis/tissue/TissueC3ResearchModels.kt#TissueMultidimensionalClaimCandidate","1","No v2.2-reviewed exact consumer decision"
"UNESTABLISHED_CONSUMER","stableKey|Room exercises|app/src/main/java/com/training/trackplanner/analysis/tissue/TissueC3ResearchParser.kt#claimCandidates","1","No v2.2-reviewed exact consumer decision"
"UNESTABLISHED_CONSUMER","stableKey|Room exercises|app/src/main/java/com/training/trackplanner/analysis/tissue/TissueC3ResearchParser.kt#correspondences","1","No v2.2-reviewed exact consumer decision"
"UNESTABLISHED_CONSUMER","stableKey|Room exercises|app/src/main/java/com/training/trackplanner/analysis/tissue/TissueC3ResearchValidator.kt#anomalies","1","No v2.2-reviewed exact consumer decision"
"UNESTABLISHED_CONSUMER","stableKey|Room exercises|app/src/main/java/com/training/trackplanner/analysis/tissue/TissueC3ResearchValidator.kt#packageData","1","No v2.2-reviewed exact consumer decision"
"UNESTABLISHED_CONSUMER","stableKey|Room exercises|app/src/main/java/com/training/trackplanner/analysis/tissue/TissueCurrentStateServices.kt#aggregate","1","No v2.2-reviewed exact consumer decision"
"UNESTABLISHED_CONSUMER","stableKey|Room exercises|app/src/main/java/com/training/trackplanner/analysis/tissue/TissueCurrentStateServices.kt#forJoint","1","No v2.2-reviewed exact consumer decision"
"UNESTABLISHED_CONSUMER","stableKey|Room exercises|app/src/main/java/com/training/trackplanner/analysis/tissue/TissueCurrentStateServices.kt#forLoadUnit","1","No v2.2-reviewed exact consumer decision"
"UNESTABLISHED_CONSUMER","stableKey|Room exercises|app/src/main/java/com/training/trackplanner/analysis/tissue/TissueCurrentStateServices.kt#jointSummaries","1","No v2.2-reviewed exact consumer decision"
"UNESTABLISHED_CONSUMER","stableKey|Room exercises|app/src/main/java/com/training/trackplanner/analysis/tissue/TissueCurrentStateServices.kt#state","1","No v2.2-reviewed exact consumer decision"
"UNESTABLISHED_CONSUMER","stableKey|Room exercises|app/src/main/java/com/training/trackplanner/analysis/tissue/TissueEvidenceModels.kt#TissueBlindReview","1","No v2.2-reviewed exact consumer decision"
"UNESTABLISHED_CONSUMER","stableKey|Room exercises|app/src/main/java/com/training/trackplanner/analysis/tissue/TissueEvidenceModels.kt#TissueDraftClaim","1","No v2.2-reviewed exact consumer decision"
"UNESTABLISHED_CONSUMER","stableKey|Room exercises|app/src/main/java/com/training/trackplanner/analysis/tissue/TissueEvidenceModels.kt#TissueEvidenceClaimCandidate","1","No v2.2-reviewed exact consumer decision"
"UNESTABLISHED_CONSUMER","stableKey|Room exercises|app/src/main/java/com/training/trackplanner/analysis/tissue/TissueEvidenceModels.kt#TissueEvidenceReaudit","1","No v2.2-reviewed exact consumer decision"
"UNESTABLISHED_CONSUMER","stableKey|Room exercises|app/src/main/java/com/training/trackplanner/analysis/tissue/TissueEvidenceModels.kt#TissueFinalClaim","1","No v2.2-reviewed exact consumer decision"
"UNESTABLISHED_CONSUMER","stableKey|Room exercises|app/src/main/java/com/training/trackplanner/analysis/tissue/TissueEvidenceModels.kt#TissueTargetExerciseReview","1","No v2.2-reviewed exact consumer decision"
"UNESTABLISHED_CONSUMER","stableKey|Room exercises|app/src/main/java/com/training/trackplanner/analysis/tissue/TissueEvidenceParser.kt#blindReviews","1","No v2.2-reviewed exact consumer decision"
"UNESTABLISHED_CONSUMER","stableKey|Room exercises|app/src/main/java/com/training/trackplanner/analysis/tissue/TissueEvidenceParser.kt#claimCandidates","1","No v2.2-reviewed exact consumer decision"
"UNESTABLISHED_CONSUMER","stableKey|Room exercises|app/src/main/java/com/training/trackplanner/analysis/tissue/TissueEvidenceParser.kt#draftClaims","1","No v2.2-reviewed exact consumer decision"
"UNESTABLISHED_CONSUMER","stableKey|Room exercises|app/src/main/java/com/training/trackplanner/analysis/tissue/TissueEvidenceParser.kt#finalClaims","1","No v2.2-reviewed exact consumer decision"
"UNESTABLISHED_CONSUMER","stableKey|Room exercises|app/src/main/java/com/training/trackplanner/analysis/tissue/TissueEvidenceParser.kt#reaudits","1","No v2.2-reviewed exact consumer decision"
"UNESTABLISHED_CONSUMER","stableKey|Room exercises|app/src/main/java/com/training/trackplanner/analysis/tissue/TissueEvidenceParser.kt#targetExerciseReviews","1","No v2.2-reviewed exact consumer decision"
"UNESTABLISHED_CONSUMER","stableKey|Room exercises|app/src/main/java/com/training/trackplanner/analysis/tissue/TissueEvidenceValidator.kt#phaseB1Research","1","No v2.2-reviewed exact consumer decision"
"UNESTABLISHED_CONSUMER","stableKey|Room exercises|app/src/main/java/com/training/trackplanner/analysis/tissue/TissueEvidenceValidator.kt#phaseCClaimCandidates","1","No v2.2-reviewed exact consumer decision"
"UNESTABLISHED_CONSUMER","stableKey|Room exercises|app/src/main/java/com/training/trackplanner/analysis/tissue/TissueEvidenceValidator.kt#phaseCReaudits","1","No v2.2-reviewed exact consumer decision"
"UNESTABLISHED_CONSUMER","stableKey|Room exercises|app/src/main/java/com/training/trackplanner/analysis/tissue/TissueEvidenceValidator.kt#TissueFinalClaim","1","No v2.2-reviewed exact consumer decision"
"UNESTABLISHED_CONSUMER","stableKey|Room exercises|app/src/main/java/com/training/trackplanner/analysis/tissue/TissueEvidenceValidator.kt#validate","1","No v2.2-reviewed exact consumer decision"
"UNESTABLISHED_CONSUMER","stableKey|Room exercises|app/src/main/java/com/training/trackplanner/analysis/tissue/TissueEvidenceValidator.kt#validateCommonFinalClaim","1","No v2.2-reviewed exact consumer decision"
"UNESTABLISHED_CONSUMER","stableKey|Room exercises|app/src/main/java/com/training/trackplanner/analysis/tissue/TissueEvidenceValidator.kt#validateIndependentBlindPath","1","No v2.2-reviewed exact consumer decision"
"UNESTABLISHED_CONSUMER","stableKey|Room exercises|app/src/main/java/com/training/trackplanner/analysis/tissue/TissueExposureCalculator.kt#calculate","1","No v2.2-reviewed exact consumer decision"
"UNESTABLISHED_CONSUMER","stableKey|Room exercises|app/src/main/java/com/training/trackplanner/analysis/tissue/TissueExposureCalculator.kt#failed","1","No v2.2-reviewed exact consumer decision"
"UNESTABLISHED_CONSUMER","stableKey|Room exercises|app/src/main/java/com/training/trackplanner/analysis/tissue/TissueExposureModels.kt#RecordTissueExposure","1","No v2.2-reviewed exact consumer decision"
"UNESTABLISHED_CONSUMER","stableKey|Room exercises|app/src/main/java/com/training/trackplanner/analysis/tissue/TissueExposureModels.kt#TissueContributionSummary","1","No v2.2-reviewed exact consumer decision"
"UNESTABLISHED_CONSUMER","stableKey|Room exercises|app/src/main/java/com/training/trackplanner/analysis/tissue/TissueExposureModels.kt#TissueInputGap","1","No v2.2-reviewed exact consumer decision"
"UNESTABLISHED_CONSUMER","stableKey|Room exercises|app/src/main/java/com/training/trackplanner/analysis/tissue/TissueExposureModels.kt#TissueMetadataGap","1","No v2.2-reviewed exact consumer decision"
"UNESTABLISHED_CONSUMER","stableKey|Room exercises|app/src/main/java/com/training/trackplanner/analysis/tissue/TissueExposureShadowPipeline.kt#calculate","1","No v2.2-reviewed exact consumer decision"
"UNESTABLISHED_CONSUMER","stableKey|Room exercises|app/src/main/java/com/training/trackplanner/analysis/tissue/TissueLoadProfileRepository.kt#profilesForStableKey","1","No v2.2-reviewed exact consumer decision"
"UNESTABLISHED_CONSUMER","stableKey|Room exercises|app/src/main/java/com/training/trackplanner/analysis/tissue/TissueLoadProfileRepository.kt#TissueLoadProfileRepository","1","No v2.2-reviewed exact consumer decision"
"UNESTABLISHED_CONSUMER","stableKey|Room exercises|app/src/main/java/com/training/trackplanner/analysis/tissue/TissueMetadataModels.kt#TissueLoadProfile","1","No v2.2-reviewed exact consumer decision"
"UNESTABLISHED_CONSUMER","stableKey|Room exercises|app/src/main/java/com/training/trackplanner/analysis/tissue/TissueMetadataModels.kt#TissueScopeEntry","1","No v2.2-reviewed exact consumer decision"
"UNESTABLISHED_CONSUMER","stableKey|Room exercises|app/src/main/java/com/training/trackplanner/analysis/tissue/TissueMetadataParser.kt#profiles","1","No v2.2-reviewed exact consumer decision"
"UNESTABLISHED_CONSUMER","stableKey|Room exercises|app/src/main/java/com/training/trackplanner/analysis/tissue/TissueMetadataParser.kt#scope","1","No v2.2-reviewed exact consumer decision"
"UNESTABLISHED_CONSUMER","stableKey|Room exercises|app/src/main/java/com/training/trackplanner/analysis/tissue/TissueMetadataValidator.kt#mismatch","1","No v2.2-reviewed exact consumer decision"
"UNESTABLISHED_CONSUMER","stableKey|Room exercises|app/src/main/java/com/training/trackplanner/analysis/tissue/TissueMetadataValidator.kt#profiles","1","No v2.2-reviewed exact consumer decision"
"UNESTABLISHED_CONSUMER","stableKey|Room exercises|app/src/main/java/com/training/trackplanner/analysis/tissue/TissueMetadataValidator.kt#scope","1","No v2.2-reviewed exact consumer decision"
"UNESTABLISHED_CONSUMER","stableKey|Room exercises|app/src/main/java/com/training/trackplanner/analysis/tissue/TissueModifierResolver.kt#resolve","1","No v2.2-reviewed exact consumer decision"
"UNESTABLISHED_CONSUMER","stableKey|Room exercises|app/src/main/java/com/training/trackplanner/analysis/tissue/TissueMtcExerciseBridge.kt#applicability","1","No v2.2-reviewed exact consumer decision"
"UNESTABLISHED_CONSUMER","stableKey|Room exercises|app/src/main/java/com/training/trackplanner/analysis/tissue/TissueMtcExerciseBridge.kt#movementMappings","1","No v2.2-reviewed exact consumer decision"
"UNESTABLISHED_CONSUMER","stableKey|Room exercises|app/src/main/java/com/training/trackplanner/analysis/tissue/TissueMtcExerciseBridge.kt#resolve","1","No v2.2-reviewed exact consumer decision"
"UNESTABLISHED_CONSUMER","stableKey|Room exercises|app/src/main/java/com/training/trackplanner/analysis/tissue/TissueMtcExerciseBridge.kt#TissueMtcExerciseComplexApplicability","1","No v2.2-reviewed exact consumer decision"
"UNESTABLISHED_CONSUMER","stableKey|Room exercises|app/src/main/java/com/training/trackplanner/analysis/tissue/TissueMtcExerciseBridge.kt#TissueMtcExerciseMovementMapping","1","No v2.2-reviewed exact consumer decision"
"UNESTABLISHED_CONSUMER","stableKey|Room exercises|app/src/main/java/com/training/trackplanner/analysis/tissue/TissueMtcExerciseBridge.kt#TissueMtcFallbackResolutionTrace","1","No v2.2-reviewed exact consumer decision"
"UNESTABLISHED_CONSUMER","stableKey|Room exercises|app/src/main/java/com/training/trackplanner/analysis/tissue/TissueMtcExerciseBridge.kt#TissueMtcResolutionCandidate","1","No v2.2-reviewed exact consumer decision"
"UNESTABLISHED_CONSUMER","stableKey|Room exercises|app/src/main/java/com/training/trackplanner/analysis/tissue/TissueMtcExerciseBridge.kt#TissueMtcResolutionRequest","1","No v2.2-reviewed exact consumer decision"
"UNESTABLISHED_CONSUMER","stableKey|Room exercises|app/src/main/java/com/training/trackplanner/analysis/tissue/TissueMtcExerciseBridge.kt#traces","1","No v2.2-reviewed exact consumer decision"
"UNESTABLISHED_CONSUMER","stableKey|Room exercises|app/src/main/java/com/training/trackplanner/analysis/tissue/TissueMtcExerciseBridge.kt#validate","1","No v2.2-reviewed exact consumer decision"
"UNESTABLISHED_CONSUMER","stableKey|Room exercises|app/src/main/java/com/training/trackplanner/analysis/tissue/TissueMtcResearchCatalog.kt#validate","1","No v2.2-reviewed exact consumer decision"
"UNESTABLISHED_CONSUMER","stableKey|Room exercises|app/src/main/java/com/training/trackplanner/analysis/tissue/TissuePersonalBaselinePolicy.kt#invalid","1","No v2.2-reviewed exact consumer decision"
"UNESTABLISHED_CONSUMER","stableKey|Room exercises|app/src/main/java/com/training/trackplanner/analysis/tissue/TissuePerUnitWeightPolicy.kt#calculateAll","1","No v2.2-reviewed exact consumer decision"
"UNESTABLISHED_CONSUMER","stableKey|Room exercises|app/src/main/java/com/training/trackplanner/analysis/tissue/TissuePriorRegistry.kt#parse","1","No v2.2-reviewed exact consumer decision"
"UNESTABLISHED_CONSUMER","stableKey|Room exercises|app/src/main/java/com/training/trackplanner/analysis/tissue/TissueRcvAssetRepository.kt#authorityRowsFor","1","No v2.2-reviewed exact consumer decision"
"UNESTABLISHED_CONSUMER","stableKey|Room exercises|app/src/main/java/com/training/trackplanner/analysis/tissue/TissueRcvAssetRepository.kt#requireValid","1","No v2.2-reviewed exact consumer decision"
"UNESTABLISHED_CONSUMER","stableKey|Room exercises|app/src/main/java/com/training/trackplanner/analysis/tissue/TissueRcvAssetRepository.kt#table","1","No v2.2-reviewed exact consumer decision"
"UNESTABLISHED_CONSUMER","stableKey|Room exercises|app/src/main/java/com/training/trackplanner/analysis/tissue/TissueRcvEventLedger.kt#build","1","No v2.2-reviewed exact consumer decision"
"UNESTABLISHED_CONSUMER","stableKey|Room exercises|app/src/main/java/com/training/trackplanner/analysis/tissue/TissueRcvEventLedger.kt#dose","1","No v2.2-reviewed exact consumer decision"
"UNESTABLISHED_CONSUMER","stableKey|Room exercises|app/src/main/java/com/training/trackplanner/analysis/tissue/TissueRcvEventLedger.kt#robustReference","1","No v2.2-reviewed exact consumer decision"
"UNESTABLISHED_CONSUMER","stableKey|Room exercises|app/src/main/java/com/training/trackplanner/analysis/tissue/TissueRcvModels.kt#TissueEducationalInfo","1","No v2.2-reviewed exact consumer decision"
"UNESTABLISHED_CONSUMER","stableKey|Room exercises|app/src/main/java/com/training/trackplanner/analysis/tissue/TissueRcvModels.kt#TissueRcvJointComplex","1","No v2.2-reviewed exact consumer decision"
"UNESTABLISHED_CONSUMER","stableKey|Room exercises|app/src/main/java/com/training/trackplanner/analysis/tissue/TissueRcvModels.kt#TissueRcvLoadUnit","1","No v2.2-reviewed exact consumer decision"
"UNESTABLISHED_CONSUMER","stableKey|Room exercises|app/src/main/java/com/training/trackplanner/analysis/tissue/TissueRecordContractParser.kt#modifierRules","1","No v2.2-reviewed exact consumer decision"
"UNESTABLISHED_CONSUMER","stableKey|Room exercises|app/src/main/java/com/training/trackplanner/analysis/tissue/TissueRecordContracts.kt#TissueModifierRule","1","No v2.2-reviewed exact consumer decision"
"UNESTABLISHED_CONSUMER","stableKey|Room exercises|app/src/main/java/com/training/trackplanner/analysis/tissue/TissueRecordContractValidator.kt#modifierRules","1","No v2.2-reviewed exact consumer decision"
"UNESTABLISHED_CONSUMER","stableKey|Room exercises|app/src/main/java/com/training/trackplanner/analysis/tissue/TissueWindowedExposureCalculator.kt#snapshot","1","No v2.2-reviewed exact consumer decision"
"UNESTABLISHED_CONSUMER","stableKey|Room exercises|app/src/main/java/com/training/trackplanner/analysis/tissue/TissueWindowedExposureCalculator.kt#sum","1","No v2.2-reviewed exact consumer decision"
"UNESTABLISHED_CONSUMER","stableKey|Room exercises|app/src/main/java/com/training/trackplanner/analysis/trends/BadmintonTrainingLoadIndexCalculator.kt#AnalysisExerciseFeatures","1","No v2.2-reviewed exact consumer decision"
"UNESTABLISHED_CONSUMER","stableKey|Room exercises|app/src/main/java/com/training/trackplanner/analysis/trends/BadmintonTrainingLoadIndexCalculator.kt#displayName","1","No v2.2-reviewed exact consumer decision"
"UNESTABLISHED_CONSUMER","stableKey|Room exercises|app/src/main/java/com/training/trackplanner/analysis/trends/BadmintonTrainingLoadIndexCalculator.kt#featuresFor","1","No v2.2-reviewed exact consumer decision"
"UNESTABLISHED_CONSUMER","stableKey|Room exercises|app/src/main/java/com/training/trackplanner/analysis/trends/PerformanceTrendEngine.kt#analyze","1","No v2.2-reviewed exact consumer decision"
"UNESTABLISHED_CONSUMER","stableKey|Room exercises|app/src/main/java/com/training/trackplanner/analysis/trends/PerformanceTrendEngine.kt#exerciseDisplayNamesByStableKey","1","No v2.2-reviewed exact consumer decision"
"UNESTABLISHED_CONSUMER","stableKey|Room exercises|app/src/main/java/com/training/trackplanner/analysis/trends/PerformanceTrendEngine.kt#fatigueWeeks","1","No v2.2-reviewed exact consumer decision"
"UNESTABLISHED_CONSUMER","stableKey|Room exercises|app/src/main/java/com/training/trackplanner/CommonUi.kt#ExercisePickerDialog","1","No v2.2-reviewed exact consumer decision"
"UNESTABLISHED_CONSUMER","stableKey|Room exercises|app/src/main/java/com/training/trackplanner/ConnectiveTissueAnalysisUi.kt#ConnectiveTissueAnalysisContent","1","No v2.2-reviewed exact consumer decision"
"UNESTABLISHED_CONSUMER","stableKey|Room exercises|app/src/main/java/com/training/trackplanner/data/BackupExportService.kt#export","1","No v2.2-reviewed exact consumer decision"
"UNESTABLISHED_CONSUMER","stableKey|Room exercises|app/src/main/java/com/training/trackplanner/data/BackupPreflightValidator.kt#programDiagnostic","1","No v2.2-reviewed exact consumer decision"
"UNESTABLISHED_CONSUMER","stableKey|Room exercises|app/src/main/java/com/training/trackplanner/data/BackupPreflightValidator.kt#validate","1","No v2.2-reviewed exact consumer decision"
"UNESTABLISHED_CONSUMER","stableKey|Room exercises|app/src/main/java/com/training/trackplanner/data/BackupRestoreCanonicalizer.kt#canonicalize","1","No v2.2-reviewed exact consumer decision"
"UNESTABLISHED_CONSUMER","stableKey|Room exercises|app/src/main/java/com/training/trackplanner/data/BackupRestoreCanonicalizer.kt#diagnostic","1","No v2.2-reviewed exact consumer decision"
"UNESTABLISHED_CONSUMER","stableKey|Room exercises|app/src/main/java/com/training/trackplanner/data/BackupRestoreCanonicalizer.kt#minimalStub","1","No v2.2-reviewed exact consumer decision"
"UNESTABLISHED_CONSUMER","stableKey|Room exercises|app/src/main/java/com/training/trackplanner/data/BackupRestoreCanonicalizer.kt#resolve","1","No v2.2-reviewed exact consumer decision"
"UNESTABLISHED_CONSUMER","stableKey|Room exercises|app/src/main/java/com/training/trackplanner/data/BackupRestoreCanonicalizer.kt#resolved","1","No v2.2-reviewed exact consumer decision"
"UNESTABLISHED_CONSUMER","stableKey|Room exercises|app/src/main/java/com/training/trackplanner/data/BackupRestoreCanonicalizer.kt#validateProgramGraph","1","No v2.2-reviewed exact consumer decision"
"UNESTABLISHED_CONSUMER","stableKey|Room exercises|app/src/main/java/com/training/trackplanner/data/BackupRestoreImportService.kt#applyMetadataOverrides","1","No v2.2-reviewed exact consumer decision"
"UNESTABLISHED_CONSUMER","stableKey|Room exercises|app/src/main/java/com/training/trackplanner/data/BackupRestoreImportService.kt#findLegacyDuplicateRestoreEntry","1","No v2.2-reviewed exact consumer decision"
"UNESTABLISHED_CONSUMER","stableKey|Room exercises|app/src/main/java/com/training/trackplanner/data/BackupRestoreImportService.kt#importRestorePlan","1","No v2.2-reviewed exact consumer decision"
"UNESTABLISHED_CONSUMER","stableKey|Room exercises|app/src/main/java/com/training/trackplanner/data/BackupRestoreImportService.kt#restoreCurrentBuiltInExercise","1","No v2.2-reviewed exact consumer decision"
"UNESTABLISHED_CONSUMER","stableKey|Room exercises|app/src/main/java/com/training/trackplanner/data/BackupRestoreImportService.kt#restoreExercise","1","No v2.2-reviewed exact consumer decision"
"UNESTABLISHED_CONSUMER","stableKey|Room exercises|app/src/main/java/com/training/trackplanner/data/BackupRestoreImportService.kt#RestoreExerciseRow","1","No v2.2-reviewed exact consumer decision"
"UNESTABLISHED_CONSUMER","stableKey|Room exercises|app/src/main/java/com/training/trackplanner/data/BackupRestoreImportService.kt#restoreProgramSnapshot","1","No v2.2-reviewed exact consumer decision"
"UNESTABLISHED_CONSUMER","stableKey|Room exercises|app/src/main/java/com/training/trackplanner/data/BackupRestoreImportService.kt#validateRestoredExerciseReferences","1","No v2.2-reviewed exact consumer decision"
"UNESTABLISHED_CONSUMER","stableKey|Room exercises|app/src/main/java/com/training/trackplanner/data/CanonicalExerciseMetadataRepository.kt#CanonicalExerciseIdentity","1","No v2.2-reviewed exact consumer decision"
"UNESTABLISHED_CONSUMER","stableKey|Room exercises|app/src/main/java/com/training/trackplanner/data/CanonicalExerciseMetadataRepository.kt#CanonicalExerciseMetadataRepository","1","No v2.2-reviewed exact consumer decision"
"UNESTABLISHED_CONSUMER","stableKey|Room exercises|app/src/main/java/com/training/trackplanner/data/CanonicalExerciseMetadataRepository.kt#equipmentCodes","1","No v2.2-reviewed exact consumer decision"
"UNESTABLISHED_CONSUMER","stableKey|Room exercises|app/src/main/java/com/training/trackplanner/data/CanonicalExerciseMetadataRepository.kt#equipmentRequirements","1","No v2.2-reviewed exact consumer decision"
"UNESTABLISHED_CONSUMER","stableKey|Room exercises|app/src/main/java/com/training/trackplanner/data/CanonicalExerciseMetadataRepository.kt#exerciseFrom","1","No v2.2-reviewed exact consumer decision"
"UNESTABLISHED_CONSUMER","stableKey|Room exercises|app/src/main/java/com/training/trackplanner/data/CanonicalExerciseMetadataRepository.kt#ExerciseProgramTimingProfile","1","No v2.2-reviewed exact consumer decision"
"UNESTABLISHED_CONSUMER","stableKey|Room exercises|app/src/main/java/com/training/trackplanner/data/CanonicalExerciseMetadataRepository.kt#exercises","1","No v2.2-reviewed exact consumer decision"
"UNESTABLISHED_CONSUMER","stableKey|Room exercises|app/src/main/java/com/training/trackplanner/data/CanonicalExerciseMetadataRepository.kt#identities","1","No v2.2-reviewed exact consumer decision"
"UNESTABLISHED_CONSUMER","stableKey|Room exercises|app/src/main/java/com/training/trackplanner/data/CanonicalExerciseMetadataRepository.kt#identity","1","No v2.2-reviewed exact consumer decision"
"UNESTABLISHED_CONSUMER","stableKey|Room exercises|app/src/main/java/com/training/trackplanner/data/CanonicalExerciseMetadataRepository.kt#identityFrom","1","No v2.2-reviewed exact consumer decision"
"UNESTABLISHED_CONSUMER","stableKey|Room exercises|app/src/main/java/com/training/trackplanner/data/CanonicalExerciseMetadataRepository.kt#requireSelectableKey","1","No v2.2-reviewed exact consumer decision"
"UNESTABLISHED_CONSUMER","stableKey|Room exercises|app/src/main/java/com/training/trackplanner/data/CanonicalExerciseMetadataRepository.kt#selectableIdentities","1","No v2.2-reviewed exact consumer decision"
"UNESTABLISHED_CONSUMER","stableKey|Room exercises|app/src/main/java/com/training/trackplanner/data/CanonicalExerciseMetadataRepository.kt#timing","1","No v2.2-reviewed exact consumer decision"
"UNESTABLISHED_CONSUMER","stableKey|Room exercises|app/src/main/java/com/training/trackplanner/data/CanonicalExerciseMetadataRepository.kt#timingFrom","1","No v2.2-reviewed exact consumer decision"
"UNESTABLISHED_CONSUMER","stableKey|Room exercises|app/src/main/java/com/training/trackplanner/data/ConnectiveTissueAnalysisService.kt#build","1","No v2.2-reviewed exact consumer decision"
"UNESTABLISHED_CONSUMER","stableKey|Room exercises|app/src/main/java/com/training/trackplanner/data/ConnectiveTissueAnalysisService.kt#buildBaselines","1","No v2.2-reviewed exact consumer decision"
"UNESTABLISHED_CONSUMER","stableKey|Room exercises|app/src/main/java/com/training/trackplanner/data/Daos.kt#allProgramTombstones","1","No v2.2-reviewed exact consumer decision"
"UNESTABLISHED_CONSUMER","stableKey|Room exercises|app/src/main/java/com/training/trackplanner/data/Daos.kt#countExercises","1","No v2.2-reviewed exact consumer decision"
"UNESTABLISHED_CONSUMER","stableKey|Room exercises|app/src/main/java/com/training/trackplanner/data/Daos.kt#deleteByStableKey","1","No v2.2-reviewed exact consumer decision"
"UNESTABLISHED_CONSUMER","stableKey|Room exercises|app/src/main/java/com/training/trackplanner/data/Daos.kt#deleteProgramSlotCapabilities","1","No v2.2-reviewed exact consumer decision"
"UNESTABLISHED_CONSUMER","stableKey|Room exercises|app/src/main/java/com/training/trackplanner/data/Daos.kt#deleteProgramTombstone","1","No v2.2-reviewed exact consumer decision"
"UNESTABLISHED_CONSUMER","stableKey|Room exercises|app/src/main/java/com/training/trackplanner/data/Daos.kt#deleteTrainingRoles","1","No v2.2-reviewed exact consumer decision"
"UNESTABLISHED_CONSUMER","stableKey|Room exercises|app/src/main/java/com/training/trackplanner/data/Daos.kt#findByStableKey","1","No v2.2-reviewed exact consumer decision"
"UNESTABLISHED_CONSUMER","stableKey|Room exercises|app/src/main/java/com/training/trackplanner/data/Daos.kt#findProgram","1","No v2.2-reviewed exact consumer decision"
"UNESTABLISHED_CONSUMER","stableKey|Room exercises|app/src/main/java/com/training/trackplanner/data/Daos.kt#findProgramByStableKey","1","No v2.2-reviewed exact consumer decision"
"UNESTABLISHED_CONSUMER","stableKey|Room exercises|app/src/main/java/com/training/trackplanner/data/Daos.kt#findProgramTombstone","1","No v2.2-reviewed exact consumer decision"
"UNESTABLISHED_CONSUMER","stableKey|Room exercises|app/src/main/java/com/training/trackplanner/data/Daos.kt#insertAll","1","No v2.2-reviewed exact consumer decision"
"UNESTABLISHED_CONSUMER","stableKey|Room exercises|app/src/main/java/com/training/trackplanner/data/Daos.kt#insertExercise","1","No v2.2-reviewed exact consumer decision"
"UNESTABLISHED_CONSUMER","stableKey|Room exercises|app/src/main/java/com/training/trackplanner/data/Daos.kt#observeAnalysisStats","1","No v2.2-reviewed exact consumer decision"
"UNESTABLISHED_CONSUMER","stableKey|Room exercises|app/src/main/java/com/training/trackplanner/data/Daos.kt#observeDailySummariesBetween","1","No v2.2-reviewed exact consumer decision"
"UNESTABLISHED_CONSUMER","stableKey|Room exercises|app/src/main/java/com/training/trackplanner/data/Daos.kt#observeExercises","1","No v2.2-reviewed exact consumer decision"
"UNESTABLISHED_CONSUMER","stableKey|Room exercises|app/src/main/java/com/training/trackplanner/data/Daos.kt#observePrograms","1","No v2.2-reviewed exact consumer decision"
"UNESTABLISHED_CONSUMER","stableKey|Room exercises|app/src/main/java/com/training/trackplanner/data/Daos.kt#RuntimeExerciseMetadataDao","1","No v2.2-reviewed exact consumer decision"
"UNESTABLISHED_CONSUMER","stableKey|Room exercises|app/src/main/java/com/training/trackplanner/data/Daos.kt#updateExercise","1","No v2.2-reviewed exact consumer decision"
"UNESTABLISHED_CONSUMER","stableKey|Room exercises|app/src/main/java/com/training/trackplanner/data/Daos.kt#upsert","1","No v2.2-reviewed exact consumer decision"
"UNESTABLISHED_CONSUMER","stableKey|Room exercises|app/src/main/java/com/training/trackplanner/data/Daos.kt#upsertProgramSlotCapabilities","1","No v2.2-reviewed exact consumer decision"
"UNESTABLISHED_CONSUMER","stableKey|Room exercises|app/src/main/java/com/training/trackplanner/data/Daos.kt#upsertProgramTombstone","1","No v2.2-reviewed exact consumer decision"
"UNESTABLISHED_CONSUMER","stableKey|Room exercises|app/src/main/java/com/training/trackplanner/data/Entities.kt#Exercise","1","No v2.2-reviewed exact consumer decision"
"UNESTABLISHED_CONSUMER","stableKey|Room exercises|app/src/main/java/com/training/trackplanner/data/Entities.kt#ExerciseProgramSlotCapabilityRelation","1","No v2.2-reviewed exact consumer decision"
"UNESTABLISHED_CONSUMER","stableKey|Room exercises|app/src/main/java/com/training/trackplanner/data/Entities.kt#ExerciseTrainingRoleRelation","1","No v2.2-reviewed exact consumer decision"
"UNESTABLISHED_CONSUMER","stableKey|Room exercises|app/src/main/java/com/training/trackplanner/data/Entities.kt#TrainingProgram","1","No v2.2-reviewed exact consumer decision"
"UNESTABLISHED_CONSUMER","stableKey|Room exercises|app/src/main/java/com/training/trackplanner/data/Entities.kt#TrainingProgramTombstone","1","No v2.2-reviewed exact consumer decision"
"UNESTABLISHED_CONSUMER","stableKey|Room exercises|app/src/main/java/com/training/trackplanner/data/Entities.kt#validated","1","No v2.2-reviewed exact consumer decision"
"UNESTABLISHED_CONSUMER","stableKey|Room exercises|app/src/main/java/com/training/trackplanner/data/ExerciseMetadataAdapter.kt#fromFields","1","No v2.2-reviewed exact consumer decision"
"UNESTABLISHED_CONSUMER","stableKey|Room exercises|app/src/main/java/com/training/trackplanner/data/ExerciseMetadataAdapter.kt#hasCanonicalBadmintonAuthority","1","No v2.2-reviewed exact consumer decision"
"UNESTABLISHED_CONSUMER","stableKey|Room exercises|app/src/main/java/com/training/trackplanner/data/ExerciseMetadataAdapter.kt#resolve","1","No v2.2-reviewed exact consumer decision"
"UNESTABLISHED_CONSUMER","stableKey|Room exercises|app/src/main/java/com/training/trackplanner/data/ExerciseMetadataAdapter.kt#resolveByStableKey","1","No v2.2-reviewed exact consumer decision"
"UNESTABLISHED_CONSUMER","stableKey|Room exercises|app/src/main/java/com/training/trackplanner/data/ExerciseMetadataAdapter.kt#RuntimeExerciseMetadata","1","No v2.2-reviewed exact consumer decision"
"UNESTABLISHED_CONSUMER","stableKey|Room exercises|app/src/main/java/com/training/trackplanner/data/ExerciseMetadataAdapter.kt#RuntimeExerciseMetadataCatalog","1","No v2.2-reviewed exact consumer decision"
"UNESTABLISHED_CONSUMER","stableKey|Room exercises|app/src/main/java/com/training/trackplanner/data/ExerciseMetadataBackupContract.kt#ExerciseMetadataFieldPolicyRegistry","1","No v2.2-reviewed exact consumer decision"
"UNESTABLISHED_CONSUMER","stableKey|Room exercises|app/src/main/java/com/training/trackplanner/data/ExerciseMetadataBackupContract.kt#ExerciseMetadataSnapshotRow","1","No v2.2-reviewed exact consumer decision"
"UNESTABLISHED_CONSUMER","stableKey|Room exercises|app/src/main/java/com/training/trackplanner/data/ExerciseMetadataBackupContract.kt#localizationModeFor","1","No v2.2-reviewed exact consumer decision"
"UNESTABLISHED_CONSUMER","stableKey|Room exercises|app/src/main/java/com/training/trackplanner/data/ExerciseMetadataBackupContract.kt#snapshot","1","No v2.2-reviewed exact consumer decision"
"UNESTABLISHED_CONSUMER","stableKey|Room exercises|app/src/main/java/com/training/trackplanner/data/ExerciseMetadataBackupContract.kt#validate","1","No v2.2-reviewed exact consumer decision"
"UNESTABLISHED_CONSUMER","stableKey|Room exercises|app/src/main/java/com/training/trackplanner/data/ExerciseMetadataBackupContract.kt#valueKindFor","1","No v2.2-reviewed exact consumer decision"
"UNESTABLISHED_CONSUMER","stableKey|Room exercises|app/src/main/java/com/training/trackplanner/data/ExerciseMetadataEditorService.kt#deleteExerciseIfUnused","1","No v2.2-reviewed exact consumer decision"
"UNESTABLISHED_CONSUMER","stableKey|Room exercises|app/src/main/java/com/training/trackplanner/data/ExerciseMetadataEditorService.kt#exerciseEditorData","1","No v2.2-reviewed exact consumer decision"
"UNESTABLISHED_CONSUMER","stableKey|Room exercises|app/src/main/java/com/training/trackplanner/data/ExerciseMetadataEditorService.kt#insertUserExerciseWithUniqueKey","1","No v2.2-reviewed exact consumer decision"
"UNESTABLISHED_CONSUMER","stableKey|Room exercises|app/src/main/java/com/training/trackplanner/data/ExerciseMetadataEditorService.kt#materializeBuiltIn","1","No v2.2-reviewed exact consumer decision"
"UNESTABLISHED_CONSUMER","stableKey|Room exercises|app/src/main/java/com/training/trackplanner/data/ExerciseMetadataEditorService.kt#resolvedRuntimeMetadataByExerciseStableKey","1","No v2.2-reviewed exact consumer decision"
"UNESTABLISHED_CONSUMER","stableKey|Room exercises|app/src/main/java/com/training/trackplanner/data/ExerciseMetadataEditorService.kt#resolvedRuntimeMetadataCatalog","1","No v2.2-reviewed exact consumer decision"
"UNESTABLISHED_CONSUMER","stableKey|Room exercises|app/src/main/java/com/training/trackplanner/data/ExerciseMetadataEditorService.kt#resolveRuntimeMetadata","1","No v2.2-reviewed exact consumer decision"
"UNESTABLISHED_CONSUMER","stableKey|Room exercises|app/src/main/java/com/training/trackplanner/data/ExerciseMetadataEditorService.kt#saveExerciseEditor","1","No v2.2-reviewed exact consumer decision"
"UNESTABLISHED_CONSUMER","stableKey|Room exercises|app/src/main/java/com/training/trackplanner/data/ExerciseMetadataEffectiveStateResolver.kt#resolve","1","No v2.2-reviewed exact consumer decision"
"UNESTABLISHED_CONSUMER","stableKey|Room exercises|app/src/main/java/com/training/trackplanner/data/ExerciseMetadataOverrideBackupMapper.kt#hasOverride","1","No v2.2-reviewed exact consumer decision"
"UNESTABLISHED_CONSUMER","stableKey|Room exercises|app/src/main/java/com/training/trackplanner/data/ExerciseMetadataOverrideBackupMapper.kt#overrideKey","1","No v2.2-reviewed exact consumer decision"
"UNESTABLISHED_CONSUMER","stableKey|Room exercises|app/src/main/java/com/training/trackplanner/data/ExerciseMetadataOverrideBackupMapper.kt#overrideKeys","1","No v2.2-reviewed exact consumer decision"
"UNESTABLISHED_CONSUMER","stableKey|Room exercises|app/src/main/java/com/training/trackplanner/data/ExerciseMetadataOverrideMigration.kt#migrate","1","No v2.2-reviewed exact consumer decision"
"UNESTABLISHED_CONSUMER","stableKey|Room exercises|app/src/main/java/com/training/trackplanner/data/ExerciseMetadataReconciliationService.kt#reconcileIfRequired","1","No v2.2-reviewed exact consumer decision"
"UNESTABLISHED_CONSUMER","stableKey|Room exercises|app/src/main/java/com/training/trackplanner/data/ExerciseMetadataRevisionContract.kt#project","1","No v2.2-reviewed exact consumer decision"
"UNESTABLISHED_CONSUMER","stableKey|Room exercises|app/src/main/java/com/training/trackplanner/data/ExerciseMetadataUserOverride.kt#all","1","No v2.2-reviewed exact consumer decision"
"UNESTABLISHED_CONSUMER","stableKey|Room exercises|app/src/main/java/com/training/trackplanner/data/ExerciseMetadataUserOverride.kt#countForStableKey","1","No v2.2-reviewed exact consumer decision"
"UNESTABLISHED_CONSUMER","stableKey|Room exercises|app/src/main/java/com/training/trackplanner/data/ExerciseMetadataUserOverride.kt#deleteField","1","No v2.2-reviewed exact consumer decision"
"UNESTABLISHED_CONSUMER","stableKey|Room exercises|app/src/main/java/com/training/trackplanner/data/ExerciseMetadataUserOverride.kt#deleteForStableKey","1","No v2.2-reviewed exact consumer decision"
"UNESTABLISHED_CONSUMER","stableKey|Room exercises|app/src/main/java/com/training/trackplanner/data/ExerciseMetadataUserOverride.kt#ExerciseMetadataOverrideSource","1","No v2.2-reviewed exact consumer decision"
"UNESTABLISHED_CONSUMER","stableKey|Room exercises|app/src/main/java/com/training/trackplanner/data/ExerciseMetadataUserOverride.kt#ExerciseMetadataUserOverrideDao","1","No v2.2-reviewed exact consumer decision"
"UNESTABLISHED_CONSUMER","stableKey|Room exercises|app/src/main/java/com/training/trackplanner/data/ExerciseMetadataUserOverride.kt#ExerciseMetadataUserOverrideEntity","1","No v2.2-reviewed exact consumer decision"
"UNESTABLISHED_CONSUMER","stableKey|Room exercises|app/src/main/java/com/training/trackplanner/data/ExerciseMetadataUserOverride.kt#findByStableKey","1","No v2.2-reviewed exact consumer decision"
"UNESTABLISHED_CONSUMER","stableKey|Room exercises|app/src/main/java/com/training/trackplanner/data/ExerciseMetadataUserOverride.kt#findField","1","No v2.2-reviewed exact consumer decision"
"UNESTABLISHED_CONSUMER","stableKey|Room exercises|app/src/main/java/com/training/trackplanner/data/ExerciseMetadataUserOverride.kt#replaceForStableKey","1","No v2.2-reviewed exact consumer decision"
"UNESTABLISHED_CONSUMER","stableKey|Room exercises|app/src/main/java/com/training/trackplanner/data/ExerciseMetadataUserOverride.kt#toSnapshotRow","1","No v2.2-reviewed exact consumer decision"
"UNESTABLISHED_CONSUMER","stableKey|Room exercises|app/src/main/java/com/training/trackplanner/data/ExerciseMetadataUserOverride.kt#upsertAll","1","No v2.2-reviewed exact consumer decision"
"UNESTABLISHED_CONSUMER","stableKey|Room exercises|app/src/main/java/com/training/trackplanner/data/ExerciseMetadataUserOverride.kt#validated","1","No v2.2-reviewed exact consumer decision"
"UNESTABLISHED_CONSUMER","stableKey|Room exercises|app/src/main/java/com/training/trackplanner/data/ExerciseMetadataUserOverride.kt#validateOverrideBatch","1","No v2.2-reviewed exact consumer decision"
"UNESTABLISHED_CONSUMER","stableKey|Room exercises|app/src/main/java/com/training/trackplanner/data/ExerciseStableKeyMigration.kt#createExerciseTable","1","No v2.2-reviewed exact consumer decision"
"UNESTABLISHED_CONSUMER","stableKey|Room exercises|app/src/main/java/com/training/trackplanner/data/ExerciseStableKeyMigration.kt#createProgramItemsTable","1","No v2.2-reviewed exact consumer decision"
"UNESTABLISHED_CONSUMER","stableKey|Room exercises|app/src/main/java/com/training/trackplanner/data/ExerciseStableKeyMigration.kt#createWorkoutEntriesTable","1","No v2.2-reviewed exact consumer decision"
"UNESTABLISHED_CONSUMER","stableKey|Room exercises|app/src/main/java/com/training/trackplanner/data/ExerciseStableKeyMigration.kt#insertUnresolvedExercise","1","No v2.2-reviewed exact consumer decision"
"UNESTABLISHED_CONSUMER","stableKey|Room exercises|app/src/main/java/com/training/trackplanner/data/ExerciseStableKeyMigration.kt#migrate","1","No v2.2-reviewed exact consumer decision"
"UNESTABLISHED_CONSUMER","stableKey|Room exercises|app/src/main/java/com/training/trackplanner/data/ExerciseStableKeyMigration.kt#migrateRuntimeMetadataStableKeys","1","No v2.2-reviewed exact consumer decision"
"UNESTABLISHED_CONSUMER","stableKey|Room exercises|app/src/main/java/com/training/trackplanner/data/ProgramBeamSelectionPolicy.kt#beamAdjustment","1","No v2.2-reviewed exact consumer decision"
"UNESTABLISHED_CONSUMER","stableKey|Room exercises|app/src/main/java/com/training/trackplanner/data/ProgramBuilder.kt#build","1","No v2.2-reviewed exact consumer decision"
"UNESTABLISHED_CONSUMER","stableKey|Room exercises|app/src/main/java/com/training/trackplanner/data/ProgramBuilder.kt#captainChairCanBeConsidered","1","No v2.2-reviewed exact consumer decision"
"UNESTABLISHED_CONSUMER","stableKey|Room exercises|app/src/main/java/com/training/trackplanner/data/ProgramBuilder.kt#GeneratedProgramSkeleton","1","No v2.2-reviewed exact consumer decision"
"UNESTABLISHED_CONSUMER","stableKey|Room exercises|app/src/main/java/com/training/trackplanner/data/ProgramBuilder.kt#preferredCandidate","1","No v2.2-reviewed exact consumer decision"
"UNESTABLISHED_CONSUMER","stableKey|Room exercises|app/src/main/java/com/training/trackplanner/data/ProgramBuilder.kt#ProgramCandidateTrace","1","No v2.2-reviewed exact consumer decision"
"UNESTABLISHED_CONSUMER","stableKey|Room exercises|app/src/main/java/com/training/trackplanner/data/ProgramBuilder.kt#ProgramSkeletonItem","1","No v2.2-reviewed exact consumer decision"
"UNESTABLISHED_CONSUMER","stableKey|Room exercises|app/src/main/java/com/training/trackplanner/data/ProgramBuilderValidation.kt#validateDerivedUmbrellaCoverage","1","No v2.2-reviewed exact consumer decision"
"UNESTABLISHED_CONSUMER","stableKey|Room exercises|app/src/main/java/com/training/trackplanner/data/ProgramBuilderValidation.kt#validateFourWeekDistribution","1","No v2.2-reviewed exact consumer decision"
"UNESTABLISHED_CONSUMER","stableKey|Room exercises|app/src/main/java/com/training/trackplanner/data/ProgramBuilderValidation.kt#validateRehabLikeDominance","1","No v2.2-reviewed exact consumer decision"
"UNESTABLISHED_CONSUMER","stableKey|Room exercises|app/src/main/java/com/training/trackplanner/data/ProgramBuilderValidation.kt#validateRepetition","1","No v2.2-reviewed exact consumer decision"
"UNESTABLISHED_CONSUMER","stableKey|Room exercises|app/src/main/java/com/training/trackplanner/data/ProgramCandidateClassificationPolicy.kt#ProgramCandidate","1","No v2.2-reviewed exact consumer decision"
"UNESTABLISHED_CONSUMER","stableKey|Room exercises|app/src/main/java/com/training/trackplanner/data/ProgramCandidateInventory.kt#collect","1","No v2.2-reviewed exact consumer decision"
"UNESTABLISHED_CONSUMER","stableKey|Room exercises|app/src/main/java/com/training/trackplanner/data/ProgramCandidateRerankingPolicy.kt#adjustment","1","No v2.2-reviewed exact consumer decision"
"UNESTABLISHED_CONSUMER","stableKey|Room exercises|app/src/main/java/com/training/trackplanner/data/ProgramCandidateReservoir.kt#classification","1","No v2.2-reviewed exact consumer decision"
"UNESTABLISHED_CONSUMER","stableKey|Room exercises|app/src/main/java/com/training/trackplanner/data/ProgramCandidateReservoir.kt#ProgramCandidateReservoir","1","No v2.2-reviewed exact consumer decision"
"UNESTABLISHED_CONSUMER","stableKey|Room exercises|app/src/main/java/com/training/trackplanner/data/ProgramCorePatternPolicy.kt#adjustment","1","No v2.2-reviewed exact consumer decision"
"UNESTABLISHED_CONSUMER","stableKey|Room exercises|app/src/main/java/com/training/trackplanner/data/ProgramCorePatternPolicy.kt#corePattern","1","No v2.2-reviewed exact consumer decision"
"UNESTABLISHED_CONSUMER","stableKey|Room exercises|app/src/main/java/com/training/trackplanner/data/ProgramCorePatternPolicy.kt#warnings","1","No v2.2-reviewed exact consumer decision"
"UNESTABLISHED_CONSUMER","stableKey|Room exercises|app/src/main/java/com/training/trackplanner/data/ProgramEvaluationPolicy.kt#coreAccessoryOveruse","1","No v2.2-reviewed exact consumer decision"
"UNESTABLISHED_CONSUMER","stableKey|Room exercises|app/src/main/java/com/training/trackplanner/data/ProgramEvaluationPolicy.kt#selectedMainMissing","1","No v2.2-reviewed exact consumer decision"
"UNESTABLISHED_CONSUMER","stableKey|Room exercises|app/src/main/java/com/training/trackplanner/data/ProgramEvaluationPolicy.kt#transferOveruse","1","No v2.2-reviewed exact consumer decision"
"UNESTABLISHED_CONSUMER","stableKey|Room exercises|app/src/main/java/com/training/trackplanner/data/ProgramEvaluationPolicy.kt#transferScore","1","No v2.2-reviewed exact consumer decision"
"UNESTABLISHED_CONSUMER","stableKey|Room exercises|app/src/main/java/com/training/trackplanner/data/ProgramEvaluationPolicy.kt#weekProfilesRepeat","1","No v2.2-reviewed exact consumer decision"
"UNESTABLISHED_CONSUMER","stableKey|Room exercises|app/src/main/java/com/training/trackplanner/data/ProgramExerciseSpec.kt#ProgramExerciseSpec","1","No v2.2-reviewed exact consumer decision"
"UNESTABLISHED_CONSUMER","stableKey|Room exercises|app/src/main/java/com/training/trackplanner/data/ProgramExerciseSpec.kt#ResolvedProgramExercise","1","No v2.2-reviewed exact consumer decision"
"UNESTABLISHED_CONSUMER","stableKey|Room exercises|app/src/main/java/com/training/trackplanner/data/ProgramFoundationAnchorPolicy.kt#roleForSelectedMain","1","No v2.2-reviewed exact consumer decision"
"UNESTABLISHED_CONSUMER","stableKey|Room exercises|app/src/main/java/com/training/trackplanner/data/ProgramFoundationAnchorPolicy.kt#selectedMainReservation","1","No v2.2-reviewed exact consumer decision"
"UNESTABLISHED_CONSUMER","stableKey|Room exercises|app/src/main/java/com/training/trackplanner/data/ProgramFoundationAnchorPolicy.kt#targetSlotForSelectedMain","1","No v2.2-reviewed exact consumer decision"
"UNESTABLISHED_CONSUMER","stableKey|Room exercises|app/src/main/java/com/training/trackplanner/data/ProgramIssueDrivenRerankPolicy.kt#ProgramSkeletonItem","1","No v2.2-reviewed exact consumer decision"
"UNESTABLISHED_CONSUMER","stableKey|Room exercises|app/src/main/java/com/training/trackplanner/data/ProgramIssueDrivenRerankPolicy.kt#replaceRepeatedCorePattern","1","No v2.2-reviewed exact consumer decision"
"UNESTABLISHED_CONSUMER","stableKey|Room exercises|app/src/main/java/com/training/trackplanner/data/ProgramIssueDrivenRerankPolicy.kt#replaceWeakSlotWithFoundation","1","No v2.2-reviewed exact consumer decision"
"UNESTABLISHED_CONSUMER","stableKey|Room exercises|app/src/main/java/com/training/trackplanner/data/ProgramIssueDrivenRerankPolicy.kt#replaceWeakSlotWithSelectedMain","1","No v2.2-reviewed exact consumer decision"
"UNESTABLISHED_CONSUMER","stableKey|Room exercises|app/src/main/java/com/training/trackplanner/data/ProgramIssueDrivenRerankPolicy.kt#roleForSelectedMain","1","No v2.2-reviewed exact consumer decision"
"UNESTABLISHED_CONSUMER","stableKey|Room exercises|app/src/main/java/com/training/trackplanner/data/ProgramIssueDrivenRerankPolicy.kt#selectedMainReplacementTarget","1","No v2.2-reviewed exact consumer decision"
"UNESTABLISHED_CONSUMER","stableKey|Room exercises|app/src/main/java/com/training/trackplanner/data/ProgramPlanService.kt#addExerciseToProgram","1","No v2.2-reviewed exact consumer decision"
"UNESTABLISHED_CONSUMER","stableKey|Room exercises|app/src/main/java/com/training/trackplanner/data/ProgramPlanService.kt#createProgramFromRecordRange","1","No v2.2-reviewed exact consumer decision"
"UNESTABLISHED_CONSUMER","stableKey|Room exercises|app/src/main/java/com/training/trackplanner/data/ProgramPlanService.kt#deleteProgram","1","No v2.2-reviewed exact consumer decision"
"UNESTABLISHED_CONSUMER","stableKey|Room exercises|app/src/main/java/com/training/trackplanner/data/ProgramPlanService.kt#saveGeneratedProgram","1","No v2.2-reviewed exact consumer decision"
"UNESTABLISHED_CONSUMER","stableKey|Room exercises|app/src/main/java/com/training/trackplanner/data/ProgramRuleTables.kt#badminton","1","No v2.2-reviewed exact consumer decision"
"UNESTABLISHED_CONSUMER","stableKey|Room exercises|app/src/main/java/com/training/trackplanner/data/ProgramRuleTables.kt#main","1","No v2.2-reviewed exact consumer decision"
"UNESTABLISHED_CONSUMER","stableKey|Room exercises|app/src/main/java/com/training/trackplanner/data/ProgramRuleTables.kt#paired","1","No v2.2-reviewed exact consumer decision"
"UNESTABLISHED_CONSUMER","stableKey|Room exercises|app/src/main/java/com/training/trackplanner/data/ProgramRuleTables.kt#small","1","No v2.2-reviewed exact consumer decision"
"UNESTABLISHED_CONSUMER","stableKey|Room exercises|app/src/main/java/com/training/trackplanner/data/ProgramSelectedExerciseScorePolicy.kt#isCaptainChairLegRaise","1","No v2.2-reviewed exact consumer decision"
"UNESTABLISHED_CONSUMER","stableKey|Room exercises|app/src/main/java/com/training/trackplanner/data/ProgramSelectedExerciseScorePolicy.kt#isCaptainChairStableKey","1","No v2.2-reviewed exact consumer decision"
"UNESTABLISHED_CONSUMER","stableKey|Room exercises|app/src/main/java/com/training/trackplanner/data/ProgramSelectedExerciseScorePolicy.kt#isSelectedMainExercise","1","No v2.2-reviewed exact consumer decision"
"UNESTABLISHED_CONSUMER","stableKey|Room exercises|app/src/main/java/com/training/trackplanner/data/ProgramSelectedExerciseScorePolicy.kt#isSelectedMainStableKey","1","No v2.2-reviewed exact consumer decision"
"UNESTABLISHED_CONSUMER","stableKey|Room exercises|app/src/main/java/com/training/trackplanner/data/ProgramSelectedExerciseScorePolicy.kt#matchesSelectedMainStableKey","1","No v2.2-reviewed exact consumer decision"
"UNESTABLISHED_CONSUMER","stableKey|Room exercises|app/src/main/java/com/training/trackplanner/data/ProgramSelectionHistory.kt#allowsRepeat","1","No v2.2-reviewed exact consumer decision"
"UNESTABLISHED_CONSUMER","stableKey|Room exercises|app/src/main/java/com/training/trackplanner/data/ProgramSelectionHistory.kt#penalty","1","No v2.2-reviewed exact consumer decision"
"UNESTABLISHED_CONSUMER","stableKey|Room exercises|app/src/main/java/com/training/trackplanner/data/ProgramSelectionHistory.kt#record","1","No v2.2-reviewed exact consumer decision"
"UNESTABLISHED_CONSUMER","stableKey|Room exercises|app/src/main/java/com/training/trackplanner/data/ProgramSkeletonGenerator.kt#ProgramCandidateScoreTrace","1","No v2.2-reviewed exact consumer decision"
"UNESTABLISHED_CONSUMER","stableKey|Room exercises|app/src/main/java/com/training/trackplanner/data/ProgramSkeletonGenerator.kt#ProgramSkeletonItem","1","No v2.2-reviewed exact consumer decision"
"UNESTABLISHED_CONSUMER","stableKey|Room exercises|app/src/main/java/com/training/trackplanner/data/ProgramSlotAllocator.kt#choosePaired","1","No v2.2-reviewed exact consumer decision"
"UNESTABLISHED_CONSUMER","stableKey|Room exercises|app/src/main/java/com/training/trackplanner/data/ProgramSlotAllocator.kt#item","1","No v2.2-reviewed exact consumer decision"
"UNESTABLISHED_CONSUMER","stableKey|Room exercises|app/src/main/java/com/training/trackplanner/data/ProgramSlotCandidateQuery.kt#query","1","No v2.2-reviewed exact consumer decision"
"UNESTABLISHED_CONSUMER","stableKey|Room exercises|app/src/main/java/com/training/trackplanner/data/ProgramVarietyPolicy.kt#distributionWarnings","1","No v2.2-reviewed exact consumer decision"
"UNESTABLISHED_CONSUMER","stableKey|Room exercises|app/src/main/java/com/training/trackplanner/data/ProgramWeightSuggestionPolicy.kt#ProgramWeightSuggestionPolicy","1","No v2.2-reviewed exact consumer decision"
"UNESTABLISHED_CONSUMER","stableKey|Room exercises|app/src/main/java/com/training/trackplanner/data/ProgramWeightSuggestionPolicy.kt#suggest","1","No v2.2-reviewed exact consumer decision"
"UNESTABLISHED_CONSUMER","stableKey|Room exercises|app/src/main/java/com/training/trackplanner/data/RecordCsvBackupRestore.kt#appendStrengthRow","1","No v2.2-reviewed exact consumer decision"
"UNESTABLISHED_CONSUMER","stableKey|Room exercises|app/src/main/java/com/training/trackplanner/data/RecordCsvBackupRestore.kt#buildRestoreCsv","1","No v2.2-reviewed exact consumer decision"
"UNESTABLISHED_CONSUMER","stableKey|Room exercises|app/src/main/java/com/training/trackplanner/data/RecordCsvBackupRestore.kt#legacyExerciseSnapshotRows","1","No v2.2-reviewed exact consumer decision"
"UNESTABLISHED_CONSUMER","stableKey|Room exercises|app/src/main/java/com/training/trackplanner/data/RecordCsvBackupRestore.kt#legacyRuntimeSnapshotRows","1","No v2.2-reviewed exact consumer decision"
"UNESTABLISHED_CONSUMER","stableKey|Room exercises|app/src/main/java/com/training/trackplanner/data/RecordCsvBackupRestore.kt#legacySnapshotRow","1","No v2.2-reviewed exact consumer decision"
"UNESTABLISHED_CONSUMER","stableKey|Room exercises|app/src/main/java/com/training/trackplanner/data/RecordCsvBackupRestore.kt#parse","1","No v2.2-reviewed exact consumer decision"
"UNESTABLISHED_CONSUMER","stableKey|Room exercises|app/src/main/java/com/training/trackplanner/data/RecordCsvBackupRestore.kt#parseRestore","1","No v2.2-reviewed exact consumer decision"
"UNESTABLISHED_CONSUMER","stableKey|Room exercises|app/src/main/java/com/training/trackplanner/data/RecordCsvBackupRestore.kt#RestoreExerciseRow","1","No v2.2-reviewed exact consumer decision"
"UNESTABLISHED_CONSUMER","stableKey|Room exercises|app/src/main/java/com/training/trackplanner/data/RecordCsvBackupRestore.kt#RestoreSetRow","1","No v2.2-reviewed exact consumer decision"
"UNESTABLISHED_CONSUMER","stableKey|Room exercises|app/src/main/java/com/training/trackplanner/data/RecordCsvBackupRestore.kt#validateProgramSnapshot","1","No v2.2-reviewed exact consumer decision"
"UNESTABLISHED_CONSUMER","stableKey|Room exercises|app/src/main/java/com/training/trackplanner/data/RecordCsvBackupRestore.kt#value","1","No v2.2-reviewed exact consumer decision"
"UNESTABLISHED_CONSUMER","stableKey|Room exercises|app/src/main/java/com/training/trackplanner/data/RecordMutationService.kt#addWorkoutEntry","1","No v2.2-reviewed exact consumer decision"
"UNESTABLISHED_CONSUMER","stableKey|Room exercises|app/src/main/java/com/training/trackplanner/data/RuntimeExerciseMetadataPersistence.kt#RuntimeExerciseMetadata","1","No v2.2-reviewed exact consumer decision"
"UNESTABLISHED_CONSUMER","stableKey|Room exercises|app/src/main/java/com/training/trackplanner/data/RuntimeExerciseMetadataPersistence.kt#RuntimeExerciseMetadataEntity","1","No v2.2-reviewed exact consumer decision"
"UNESTABLISHED_CONSUMER","stableKey|Room exercises|app/src/main/java/com/training/trackplanner/data/RuntimeExerciseMetadataResolver.kt#applyBuiltInSeedMetadata","1","No v2.2-reviewed exact consumer decision"
"UNESTABLISHED_CONSUMER","stableKey|Room exercises|app/src/main/java/com/training/trackplanner/data/RuntimeExerciseMetadataResolver.kt#catalog","1","No v2.2-reviewed exact consumer decision"
"UNESTABLISHED_CONSUMER","stableKey|Room exercises|app/src/main/java/com/training/trackplanner/data/RuntimeExerciseMetadataResolver.kt#forExercise","1","No v2.2-reviewed exact consumer decision"
"UNESTABLISHED_CONSUMER","stableKey|Room exercises|app/src/main/java/com/training/trackplanner/data/RuntimeExerciseMetadataResolver.kt#forIdentity","1","No v2.2-reviewed exact consumer decision"
"UNESTABLISHED_CONSUMER","stableKey|Room exercises|app/src/main/java/com/training/trackplanner/data/RuntimeExerciseMetadataResolver.kt#isBuiltInStableKey","1","No v2.2-reviewed exact consumer decision"
"UNESTABLISHED_CONSUMER","stableKey|Room exercises|app/src/main/java/com/training/trackplanner/data/RuntimeExerciseMetadataResolver.kt#mergeSeed","1","No v2.2-reviewed exact consumer decision"
"UNESTABLISHED_CONSUMER","stableKey|Room exercises|app/src/main/java/com/training/trackplanner/data/RuntimeExerciseMetadataResolver.kt#preserveOnEdit","1","No v2.2-reviewed exact consumer decision"
"UNESTABLISHED_CONSUMER","stableKey|Room exercises|app/src/main/java/com/training/trackplanner/data/RuntimeExerciseMetadataResolver.kt#resolve","1","No v2.2-reviewed exact consumer decision"
"UNESTABLISHED_CONSUMER","stableKey|Room exercises|app/src/main/java/com/training/trackplanner/data/RuntimeExerciseMetadataResolver.kt#RuntimeExerciseMetadata","1","No v2.2-reviewed exact consumer decision"
"UNESTABLISHED_CONSUMER","stableKey|Room exercises|app/src/main/java/com/training/trackplanner/data/RuntimeExerciseMetadataResolver.kt#RuntimeExerciseMetadataResolver","1","No v2.2-reviewed exact consumer decision"
"UNESTABLISHED_CONSUMER","stableKey|Room exercises|app/src/main/java/com/training/trackplanner/data/RuntimeExerciseMetadataResolver.kt#seedMap","1","No v2.2-reviewed exact consumer decision"
"UNESTABLISHED_CONSUMER","stableKey|Room exercises|app/src/main/java/com/training/trackplanner/data/SafeBackupRestore.kt#contentToken","1","No v2.2-reviewed exact consumer decision"
"UNESTABLISHED_CONSUMER","stableKey|Room exercises|app/src/main/java/com/training/trackplanner/data/SafeBackupRestore.kt#currentFingerprint","1","No v2.2-reviewed exact consumer decision"
"UNESTABLISHED_CONSUMER","stableKey|Room exercises|app/src/main/java/com/training/trackplanner/data/SafeBackupRestore.kt#Exercise","1","No v2.2-reviewed exact consumer decision"
"UNESTABLISHED_CONSUMER","stableKey|Room exercises|app/src/main/java/com/training/trackplanner/data/SafeBackupRestore.kt#plan","1","No v2.2-reviewed exact consumer decision"
"UNESTABLISHED_CONSUMER","stableKey|Room exercises|app/src/main/java/com/training/trackplanner/data/SafeBackupRestore.kt#prepare","1","No v2.2-reviewed exact consumer decision"
"UNESTABLISHED_CONSUMER","stableKey|Room exercises|app/src/main/java/com/training/trackplanner/data/SafeBackupRestore.kt#projectedWorkoutStableKeys","1","No v2.2-reviewed exact consumer decision"
"UNESTABLISHED_CONSUMER","stableKey|Room exercises|app/src/main/java/com/training/trackplanner/data/SafeBackupRestore.kt#RecordCsvImportData","1","No v2.2-reviewed exact consumer decision"
"UNESTABLISHED_CONSUMER","stableKey|Room exercises|app/src/main/java/com/training/trackplanner/data/SafeBackupRestore.kt#RestoreExerciseRow","1","No v2.2-reviewed exact consumer decision"
"UNESTABLISHED_CONSUMER","stableKey|Room exercises|app/src/main/java/com/training/trackplanner/data/SafeBackupRestore.kt#RestoreWorkoutGraph","1","No v2.2-reviewed exact consumer decision"
"UNESTABLISHED_CONSUMER","stableKey|Room exercises|app/src/main/java/com/training/trackplanner/data/SafeBackupRestore.kt#WorkoutEntryWithSets","1","No v2.2-reviewed exact consumer decision"
"UNESTABLISHED_CONSUMER","stableKey|Room exercises|app/src/main/java/com/training/trackplanner/data/SeedData.kt#exactExerciseMetadataByStableKey","1","No v2.2-reviewed exact consumer decision"
"UNESTABLISHED_CONSUMER","stableKey|Room exercises|app/src/main/java/com/training/trackplanner/data/SeedData.kt#exactExerciseMetadataFromParsedRows","1","No v2.2-reviewed exact consumer decision"
"UNESTABLISHED_CONSUMER","stableKey|Room exercises|app/src/main/java/com/training/trackplanner/data/SeedData.kt#Exercise","1","No v2.2-reviewed exact consumer decision"
"UNESTABLISHED_CONSUMER","stableKey|Room exercises|app/src/main/java/com/training/trackplanner/data/SeedData.kt#exerciseFromCsv","1","No v2.2-reviewed exact consumer decision"
"UNESTABLISHED_CONSUMER","stableKey|Room exercises|app/src/main/java/com/training/trackplanner/data/SeedData.kt#ExerciseImageMapping","1","No v2.2-reviewed exact consumer decision"
"UNESTABLISHED_CONSUMER","stableKey|Room exercises|app/src/main/java/com/training/trackplanner/data/SeedData.kt#exerciseImageMappings","1","No v2.2-reviewed exact consumer decision"
"UNESTABLISHED_CONSUMER","stableKey|Room exercises|app/src/main/java/com/training/trackplanner/data/SeedData.kt#validateCatalog","1","No v2.2-reviewed exact consumer decision"
"UNESTABLISHED_CONSUMER","stableKey|Room exercises|app/src/main/java/com/training/trackplanner/data/StrengthPosteriorUpdateService.kt#build","1","No v2.2-reviewed exact consumer decision"
"UNESTABLISHED_CONSUMER","stableKey|Room exercises|app/src/main/java/com/training/trackplanner/data/StrengthPosteriorUpdateService.kt#enqueueCompletedDateWithinTransaction","1","No v2.2-reviewed exact consumer decision"
"UNESTABLISHED_CONSUMER","stableKey|Room exercises|app/src/main/java/com/training/trackplanner/data/StrengthPosteriorUpdateService.kt#process","1","No v2.2-reviewed exact consumer decision"
"UNESTABLISHED_CONSUMER","stableKey|Room exercises|app/src/main/java/com/training/trackplanner/data/TrainingDatabase.kt#migrate","1","No v2.2-reviewed exact consumer decision"
"UNESTABLISHED_CONSUMER","stableKey|Room exercises|app/src/main/java/com/training/trackplanner/data/TrainingRepository.kt#findOrCreateImportedExercise","1","No v2.2-reviewed exact consumer decision"
"UNESTABLISHED_CONSUMER","stableKey|Room exercises|app/src/main/java/com/training/trackplanner/data/TrainingRepository.kt#legacyUpsertRestoredExercise","1","No v2.2-reviewed exact consumer decision"
"UNESTABLISHED_CONSUMER","stableKey|Room exercises|app/src/main/java/com/training/trackplanner/data/TrainingRepository.kt#refreshExerciseAnalysisMetadata","1","No v2.2-reviewed exact consumer decision"
"UNESTABLISHED_CONSUMER","stableKey|Room exercises|app/src/main/java/com/training/trackplanner/data/TrainingRepository.kt#repairCustomExerciseStableKeys","1","No v2.2-reviewed exact consumer decision"
"UNESTABLISHED_CONSUMER","stableKey|Room exercises|app/src/main/java/com/training/trackplanner/data/TrainingRepository.kt#repairLegacyProgramStableKeys","1","No v2.2-reviewed exact consumer decision"
"UNESTABLISHED_CONSUMER","stableKey|Room exercises|app/src/main/java/com/training/trackplanner/data/TrainingRepository.kt#seedExerciseRoleRelations","1","No v2.2-reviewed exact consumer decision"
"UNESTABLISHED_CONSUMER","stableKey|Room exercises|app/src/main/java/com/training/trackplanner/data/TrainingRepository.kt#seedMissingPrograms","1","No v2.2-reviewed exact consumer decision"
"UNESTABLISHED_CONSUMER","stableKey|Room exercises|app/src/main/java/com/training/trackplanner/data/TrainingRepository.kt#upsertSeedExercises","1","No v2.2-reviewed exact consumer decision"
"UNESTABLISHED_CONSUMER","stableKey|Room exercises|app/src/main/java/com/training/trackplanner/data/TrainingRoleSplitMigration.kt#createExercisesWithoutLegacyRole","1","No v2.2-reviewed exact consumer decision"
"UNESTABLISHED_CONSUMER","stableKey|Room exercises|app/src/main/java/com/training/trackplanner/data/TrainingRoleSplitMigration.kt#createRoleRelationTables","1","No v2.2-reviewed exact consumer decision"
"UNESTABLISHED_CONSUMER","stableKey|Room exercises|app/src/main/java/com/training/trackplanner/data/TrainingRoleSplitMigration.kt#migrate","1","No v2.2-reviewed exact consumer decision"
"UNESTABLISHED_CONSUMER","stableKey|Room exercises|app/src/main/java/com/training/trackplanner/data/TrainingRoleSplitMigration.kt#migrateIntrinsicTrainingRoles","1","No v2.2-reviewed exact consumer decision"
"UNESTABLISHED_CONSUMER","stableKey|Room exercises|app/src/main/java/com/training/trackplanner/data/TrainingRoleSplitMigration.kt#recreateExerciseReferences","1","No v2.2-reviewed exact consumer decision"
"UNESTABLISHED_CONSUMER","stableKey|Room exercises|app/src/main/java/com/training/trackplanner/ExerciseScreen.kt#ExerciseScreen","1","No v2.2-reviewed exact consumer decision"
"UNESTABLISHED_CONSUMER","stableKey|Room exercises|app/src/main/java/com/training/trackplanner/ExerciseSubcategoryMapper.kt#countsFor","1","No v2.2-reviewed exact consumer decision"
"UNESTABLISHED_CONSUMER","stableKey|Room exercises|app/src/main/java/com/training/trackplanner/localization/GeneratedLocalizationCatalogue.kt#exactUiTextIdsChunk0","1","No v2.2-reviewed exact consumer decision"
"UNESTABLISHED_CONSUMER","stableKey|Room exercises|app/src/main/java/com/training/trackplanner/localization/GeneratedLocalizationCatalogue.kt#exactUiTextIdsChunk1","1","No v2.2-reviewed exact consumer decision"
"UNESTABLISHED_CONSUMER","stableKey|Room exercises|app/src/main/java/com/training/trackplanner/localization/GeneratedLocalizationCatalogue.kt#exactUiTextIdsChunk2","1","No v2.2-reviewed exact consumer decision"
"UNESTABLISHED_CONSUMER","stableKey|Room exercises|app/src/main/java/com/training/trackplanner/localization/GeneratedLocalizationCatalogue.kt#exactUiTextIdsChunk3","1","No v2.2-reviewed exact consumer decision"
"UNESTABLISHED_CONSUMER","stableKey|Room exercises|app/src/main/java/com/training/trackplanner/localization/GeneratedLocalizationCatalogue.kt#exactUiTextIdsChunk4","1","No v2.2-reviewed exact consumer decision"
"UNESTABLISHED_CONSUMER","stableKey|Room exercises|app/src/main/java/com/training/trackplanner/localization/GeneratedLocalizationCatalogue.kt#exactUiTextIdsChunk5","1","No v2.2-reviewed exact consumer decision"
"UNESTABLISHED_CONSUMER","stableKey|Room exercises|app/src/main/java/com/training/trackplanner/localization/LocalizedPresentation.kt#exerciseDescription","1","No v2.2-reviewed exact consumer decision"
"UNESTABLISHED_CONSUMER","stableKey|Room exercises|app/src/main/java/com/training/trackplanner/localization/LocalizedPresentation.kt#exerciseName","1","No v2.2-reviewed exact consumer decision"
"UNESTABLISHED_CONSUMER","stableKey|Room exercises|app/src/main/java/com/training/trackplanner/localization/LocalizedPresentation.kt#localizedExerciseName","1","No v2.2-reviewed exact consumer decision"
"UNESTABLISHED_CONSUMER","stableKey|Room exercises|app/src/main/java/com/training/trackplanner/localization/LocalizedPresentation.kt#localizedProgramName","1","No v2.2-reviewed exact consumer decision"
"UNESTABLISHED_CONSUMER","stableKey|Room exercises|app/src/main/java/com/training/trackplanner/localization/LocalizedPresentation.kt#programName","1","No v2.2-reviewed exact consumer decision"
"UNESTABLISHED_CONSUMER","stableKey|Room exercises|app/src/main/java/com/training/trackplanner/localization/LocalizedPresentation.kt#tissueEducation","1","No v2.2-reviewed exact consumer decision"
"UNESTABLISHED_CONSUMER","stableKey|Room exercises|app/src/main/java/com/training/trackplanner/PlanGeneratedPreview.kt#draftItemForExercise","1","No v2.2-reviewed exact consumer decision"
"UNESTABLISHED_CONSUMER","stableKey|Room exercises|app/src/main/java/com/training/trackplanner/PlanGeneratedPreview.kt#ProgramSkeletonPreview","1","No v2.2-reviewed exact consumer decision"
"UNESTABLISHED_CONSUMER","stableKey|Room exercises|app/src/main/java/com/training/trackplanner/PlanScreen.kt#ProgramDetailScreen","1","No v2.2-reviewed exact consumer decision"
"UNESTABLISHED_CONSUMER","stableKey|Room exercises|app/src/main/java/com/training/trackplanner/RecordScreen.kt#RecordScreen","1","No v2.2-reviewed exact consumer decision"
"UNESTABLISHED_CONSUMER","stableKey|Room exercises|app/src/main/java/com/training/trackplanner/RuntimeMetadataExerciseEditorDialog.kt#ExerciseMetadataCopyDialog","1","No v2.2-reviewed exact consumer decision"
"UNESTABLISHED_CONSUMER","stableKey|Room exercises|app/src/main/java/com/training/trackplanner/RuntimeMetadataExerciseEditorDialog.kt#joinExerciseTokens","1","No v2.2-reviewed exact consumer decision"
"UNESTABLISHED_CONSUMER","strengthProgressionGroup|canonical asset plus Room runtime_exercise_metadata override|app/src/main/java/com/training/trackplanner/analysis/contracts/UserExerciseAnalysisContractProjector.kt#project","1","No v2.2-reviewed exact consumer decision"
"UNESTABLISHED_CONSUMER","strengthProgressionGroup|canonical asset plus Room runtime_exercise_metadata override|app/src/main/java/com/training/trackplanner/analysis/core/AnalysisInputCollector.kt#Exercise","1","No v2.2-reviewed exact consumer decision"
"UNESTABLISHED_CONSUMER","strengthProgressionGroup|canonical asset plus Room runtime_exercise_metadata override|app/src/main/java/com/training/trackplanner/analysis/core/AnalysisInputSnapshot.kt#AnalysisExerciseMetadata","1","No v2.2-reviewed exact consumer decision"
"UNESTABLISHED_CONSUMER","strengthProgressionGroup|canonical asset plus Room runtime_exercise_metadata override|app/src/main/java/com/training/trackplanner/analysis/fatigue/DailyFatigueCalculator.kt#from","1","No v2.2-reviewed exact consumer decision"
"UNESTABLISHED_CONSUMER","strengthProgressionGroup|canonical asset plus Room runtime_exercise_metadata override|app/src/main/java/com/training/trackplanner/analysis/fatigue/DailyFatigueCalculator.kt#GroupKey","1","No v2.2-reviewed exact consumer decision"
"UNESTABLISHED_CONSUMER","strengthProgressionGroup|canonical asset plus Room runtime_exercise_metadata override|app/src/main/java/com/training/trackplanner/analysis/fatigue/DailyFatigueCalculator.kt#level","1","No v2.2-reviewed exact consumer decision"
"UNESTABLISHED_CONSUMER","strengthProgressionGroup|canonical asset plus Room runtime_exercise_metadata override|app/src/main/java/com/training/trackplanner/analysis/fatigue/DailyFatigueCalculator.kt#RecordContext","1","No v2.2-reviewed exact consumer decision"
"UNESTABLISHED_CONSUMER","strengthProgressionGroup|canonical asset plus Room runtime_exercise_metadata override|app/src/main/java/com/training/trackplanner/analysis/fatigue/DailyFatigueCalculator.kt#ResolvedFatigueMetadata","1","No v2.2-reviewed exact consumer decision"
"UNESTABLISHED_CONSUMER","strengthProgressionGroup|canonical asset plus Room runtime_exercise_metadata override|app/src/main/java/com/training/trackplanner/analysis/fatigue/DailyFatigueModels.kt#RecordFatigueContribution","1","No v2.2-reviewed exact consumer decision"
"UNESTABLISHED_CONSUMER","strengthProgressionGroup|canonical asset plus Room runtime_exercise_metadata override|app/src/main/java/com/training/trackplanner/analysis/features/ExerciseAnalysisMapper.kt#AnalysisExerciseFeatures","1","No v2.2-reviewed exact consumer decision"
"UNESTABLISHED_CONSUMER","strengthProgressionGroup|canonical asset plus Room runtime_exercise_metadata override|app/src/main/java/com/training/trackplanner/analysis/features/ExerciseAnalysisMapper.kt#fromRecord","1","No v2.2-reviewed exact consumer decision"
"UNESTABLISHED_CONSUMER","strengthProgressionGroup|canonical asset plus Room runtime_exercise_metadata override|app/src/main/java/com/training/trackplanner/analysis/features/MetadataReadinessReporter.kt#Exercise","1","No v2.2-reviewed exact consumer decision"
"UNESTABLISHED_CONSUMER","strengthProgressionGroup|canonical asset plus Room runtime_exercise_metadata override|app/src/main/java/com/training/trackplanner/analysis/features/MetadataReadinessReporter.kt#progressReady","1","No v2.2-reviewed exact consumer decision"
"UNESTABLISHED_CONSUMER","strengthProgressionGroup|canonical asset plus Room runtime_exercise_metadata override|app/src/main/java/com/training/trackplanner/analysis/lab/MuscleLoadInputBuilder.kt#fallbackContributions","1","No v2.2-reviewed exact consumer decision"
"UNESTABLISHED_CONSUMER","strengthProgressionGroup|canonical asset plus Room runtime_exercise_metadata override|app/src/main/java/com/training/trackplanner/analysis/proxyperformance/ProxyPerformanceLoadingBuilder.kt#build","1","No v2.2-reviewed exact consumer decision"
"UNESTABLISHED_CONSUMER","strengthProgressionGroup|canonical asset plus Room runtime_exercise_metadata override|app/src/main/java/com/training/trackplanner/analysis/strengthperformance/StrengthPerformanceRegistry.kt#metadataProxyLoadings","1","No v2.2-reviewed exact consumer decision"
"UNESTABLISHED_CONSUMER","strengthProgressionGroup|canonical asset plus Room runtime_exercise_metadata override|app/src/main/java/com/training/trackplanner/data/CanonicalExerciseMetadataRepository.kt#exerciseFrom","1","No v2.2-reviewed exact consumer decision"
"UNESTABLISHED_CONSUMER","strengthProgressionGroup|canonical asset plus Room runtime_exercise_metadata override|app/src/main/java/com/training/trackplanner/data/Entities.kt#Exercise","1","No v2.2-reviewed exact consumer decision"
"UNESTABLISHED_CONSUMER","strengthProgressionGroup|canonical asset plus Room runtime_exercise_metadata override|app/src/main/java/com/training/trackplanner/data/ExerciseMetadataAdapter.kt#fromFields","1","No v2.2-reviewed exact consumer decision"
"UNESTABLISHED_CONSUMER","strengthProgressionGroup|canonical asset plus Room runtime_exercise_metadata override|app/src/main/java/com/training/trackplanner/data/ExerciseMetadataAdapter.kt#RuntimeExerciseMetadata","1","No v2.2-reviewed exact consumer decision"
"UNESTABLISHED_CONSUMER","strengthProgressionGroup|canonical asset plus Room runtime_exercise_metadata override|app/src/main/java/com/training/trackplanner/data/ExerciseMetadataBackupContract.kt#ExerciseMetadataFieldPolicyRegistry","1","No v2.2-reviewed exact consumer decision"
"UNESTABLISHED_CONSUMER","strengthProgressionGroup|canonical asset plus Room runtime_exercise_metadata override|app/src/main/java/com/training/trackplanner/data/ExerciseMetadataBackupContract.kt#normalize","1","No v2.2-reviewed exact consumer decision"
"UNESTABLISHED_CONSUMER","strengthProgressionGroup|canonical asset plus Room runtime_exercise_metadata override|app/src/main/java/com/training/trackplanner/data/ExerciseMetadataMapper.kt#applyMetadata","1","No v2.2-reviewed exact consumer decision"
"UNESTABLISHED_CONSUMER","strengthProgressionGroup|canonical asset plus Room runtime_exercise_metadata override|app/src/main/java/com/training/trackplanner/data/ExerciseMetadataMapper.kt#MetadataSource","1","No v2.2-reviewed exact consumer decision"
"UNESTABLISHED_CONSUMER","strengthProgressionGroup|canonical asset plus Room runtime_exercise_metadata override|app/src/main/java/com/training/trackplanner/data/ExerciseMetadataTaxonomy.kt#StrengthProgressionGroup","1","No v2.2-reviewed exact consumer decision"
"UNESTABLISHED_CONSUMER","strengthProgressionGroup|canonical asset plus Room runtime_exercise_metadata override|app/src/main/java/com/training/trackplanner/data/ExerciseStableKeyMigration.kt#createExerciseTable","1","No v2.2-reviewed exact consumer decision"
"UNESTABLISHED_CONSUMER","strengthProgressionGroup|canonical asset plus Room runtime_exercise_metadata override|app/src/main/java/com/training/trackplanner/data/ExerciseStableKeyMigration.kt#insertUnresolvedExercise","1","No v2.2-reviewed exact consumer decision"
"UNESTABLISHED_CONSUMER","strengthProgressionGroup|canonical asset plus Room runtime_exercise_metadata override|app/src/main/java/com/training/trackplanner/data/ExerciseStableKeyMigration.kt#migrate","1","No v2.2-reviewed exact consumer decision"
"UNESTABLISHED_CONSUMER","strengthProgressionGroup|canonical asset plus Room runtime_exercise_metadata override|app/src/main/java/com/training/trackplanner/data/MetadataSanityChecker.kt#Exercise","1","No v2.2-reviewed exact consumer decision"
"UNESTABLISHED_CONSUMER","strengthProgressionGroup|canonical asset plus Room runtime_exercise_metadata override|app/src/main/java/com/training/trackplanner/data/ProgramBuilder.kt#build","1","No v2.2-reviewed exact consumer decision"
"UNESTABLISHED_CONSUMER","strengthProgressionGroup|canonical asset plus Room runtime_exercise_metadata override|app/src/main/java/com/training/trackplanner/data/ProgramBuilder.kt#GeneratedProgramSkeleton","1","No v2.2-reviewed exact consumer decision"
"UNESTABLISHED_CONSUMER","strengthProgressionGroup|canonical asset plus Room runtime_exercise_metadata override|app/src/main/java/com/training/trackplanner/data/ProgramBuilder.kt#ProgramSkeletonItem","1","No v2.2-reviewed exact consumer decision"
"UNESTABLISHED_CONSUMER","strengthProgressionGroup|canonical asset plus Room runtime_exercise_metadata override|app/src/main/java/com/training/trackplanner/data/ProgramBuilderValidation.kt#ProgramSkeletonItem","1","No v2.2-reviewed exact consumer decision"
"UNESTABLISHED_CONSUMER","strengthProgressionGroup|canonical asset plus Room runtime_exercise_metadata override|app/src/main/java/com/training/trackplanner/data/ProgramBuilderValidation.kt#validateFourWeekDistribution","1","No v2.2-reviewed exact consumer decision"
"UNESTABLISHED_CONSUMER","strengthProgressionGroup|canonical asset plus Room runtime_exercise_metadata override|app/src/main/java/com/training/trackplanner/data/ProgramCandidate.kt#ProgramCandidate","1","No v2.2-reviewed exact consumer decision"
"UNESTABLISHED_CONSUMER","strengthProgressionGroup|canonical asset plus Room runtime_exercise_metadata override|app/src/main/java/com/training/trackplanner/data/ProgramCandidate.kt#rehabLikeActivationScore","1","No v2.2-reviewed exact consumer decision"
"UNESTABLISHED_CONSUMER","strengthProgressionGroup|canonical asset plus Room runtime_exercise_metadata override|app/src/main/java/com/training/trackplanner/data/ProgramIssueDrivenRerankPolicy.kt#ProgramSkeletonItem","1","No v2.2-reviewed exact consumer decision"
"UNESTABLISHED_CONSUMER","strengthProgressionGroup|canonical asset plus Room runtime_exercise_metadata override|app/src/main/java/com/training/trackplanner/data/ProgramSkeletonGenerator.kt#ProgramSkeletonItem","1","No v2.2-reviewed exact consumer decision"
"UNESTABLISHED_CONSUMER","strengthProgressionGroup|canonical asset plus Room runtime_exercise_metadata override|app/src/main/java/com/training/trackplanner/data/RecordCsvBackupRestore.kt#appendStrengthRow","1","No v2.2-reviewed exact consumer decision"
"UNESTABLISHED_CONSUMER","strengthProgressionGroup|canonical asset plus Room runtime_exercise_metadata override|app/src/main/java/com/training/trackplanner/data/RecordCsvBackupRestore.kt#legacyRuntimeSnapshotRows","1","No v2.2-reviewed exact consumer decision"
"UNESTABLISHED_CONSUMER","strengthProgressionGroup|canonical asset plus Room runtime_exercise_metadata override|app/src/main/java/com/training/trackplanner/data/RecordCsvBackupRestore.kt#value","1","No v2.2-reviewed exact consumer decision"
"UNESTABLISHED_CONSUMER","strengthProgressionGroup|canonical asset plus Room runtime_exercise_metadata override|app/src/main/java/com/training/trackplanner/data/RuntimeExerciseMetadataPersistence.kt#RuntimeExerciseMetadata","1","No v2.2-reviewed exact consumer decision"
"UNESTABLISHED_CONSUMER","strengthProgressionGroup|canonical asset plus Room runtime_exercise_metadata override|app/src/main/java/com/training/trackplanner/data/RuntimeExerciseMetadataPersistence.kt#RuntimeExerciseMetadataEntity","1","No v2.2-reviewed exact consumer decision"
"UNESTABLISHED_CONSUMER","strengthProgressionGroup|canonical asset plus Room runtime_exercise_metadata override|app/src/main/java/com/training/trackplanner/data/RuntimeExerciseMetadataResolver.kt#Exercise","1","No v2.2-reviewed exact consumer decision"
"UNESTABLISHED_CONSUMER","strengthProgressionGroup|canonical asset plus Room runtime_exercise_metadata override|app/src/main/java/com/training/trackplanner/data/RuntimeExerciseMetadataResolver.kt#forExercise","1","No v2.2-reviewed exact consumer decision"
"UNESTABLISHED_CONSUMER","strengthProgressionGroup|canonical asset plus Room runtime_exercise_metadata override|app/src/main/java/com/training/trackplanner/data/RuntimeExerciseMetadataResolver.kt#forIdentity","1","No v2.2-reviewed exact consumer decision"
"UNESTABLISHED_CONSUMER","strengthProgressionGroup|canonical asset plus Room runtime_exercise_metadata override|app/src/main/java/com/training/trackplanner/data/RuntimeExerciseMetadataResolver.kt#merged","1","No v2.2-reviewed exact consumer decision"
"UNESTABLISHED_CONSUMER","strengthProgressionGroup|canonical asset plus Room runtime_exercise_metadata override|app/src/main/java/com/training/trackplanner/data/RuntimeExerciseMetadataResolver.kt#resolve","1","No v2.2-reviewed exact consumer decision"
"UNESTABLISHED_CONSUMER","strengthProgressionGroup|canonical asset plus Room runtime_exercise_metadata override|app/src/main/java/com/training/trackplanner/data/SeedData.kt#validateCatalog","1","No v2.2-reviewed exact consumer decision"
"UNESTABLISHED_CONSUMER","strengthProgressionGroup|canonical asset plus Room runtime_exercise_metadata override|app/src/main/java/com/training/trackplanner/data/SlotCapabilityResolver.kt#legacyTokens","1","No v2.2-reviewed exact consumer decision"
"UNESTABLISHED_CONSUMER","strengthProgressionGroup|canonical asset plus Room runtime_exercise_metadata override|app/src/main/java/com/training/trackplanner/data/SlotCapabilityResolver.kt#metadataIdentityTokens","1","No v2.2-reviewed exact consumer decision"
"UNESTABLISHED_CONSUMER","strengthProgressionGroup|canonical asset plus Room runtime_exercise_metadata override|app/src/main/java/com/training/trackplanner/data/TrainingDatabase.kt#migrate","1","No v2.2-reviewed exact consumer decision"
"UNESTABLISHED_CONSUMER","strengthProgressionGroup|canonical asset plus Room runtime_exercise_metadata override|app/src/main/java/com/training/trackplanner/data/TrainingRepository.kt#Exercise","1","No v2.2-reviewed exact consumer decision"
"UNESTABLISHED_CONSUMER","strengthProgressionGroup|canonical asset plus Room runtime_exercise_metadata override|app/src/main/java/com/training/trackplanner/data/TrainingRoleSplitMigration.kt#createExercisesWithoutLegacyRole","1","No v2.2-reviewed exact consumer decision"
"UNESTABLISHED_CONSUMER","strengthProgressionGroup|canonical asset plus Room runtime_exercise_metadata override|app/src/main/java/com/training/trackplanner/data/TrainingRoleSplitMigration.kt#migrateIntrinsicTrainingRoles","1","No v2.2-reviewed exact consumer decision"
"UNESTABLISHED_CONSUMER","strengthProgressionGroup|canonical asset plus Room runtime_exercise_metadata override|app/src/main/java/com/training/trackplanner/ExerciseSubcategoryMapper.kt#addStructured","1","No v2.2-reviewed exact consumer decision"
"UNESTABLISHED_CONSUMER","strengthProgressionGroup|canonical asset plus Room runtime_exercise_metadata override|app/src/main/java/com/training/trackplanner/MetadataDisplayCatalogue.kt#MetadataDisplayField","1","No v2.2-reviewed exact consumer decision"
"UNESTABLISHED_CONSUMER","strengthProgressionGroup|canonical asset plus Room runtime_exercise_metadata override|app/src/main/java/com/training/trackplanner/PlanGeneratedPreview.kt#draftItemForExercise","1","No v2.2-reviewed exact consumer decision"
"UNESTABLISHED_CONSUMER","strengthProgressionGroup|canonical asset plus Room runtime_exercise_metadata override|app/src/main/java/com/training/trackplanner/RuntimeMetadataExerciseEditorDialog.kt#joinExerciseTokens","1","No v2.2-reviewed exact consumer decision"
"UNESTABLISHED_CONSUMER","strengthProgressionGroup|Room exercises|app/src/main/java/com/training/trackplanner/analysis/contracts/UserExerciseAnalysisContractProjector.kt#project","1","No v2.2-reviewed exact consumer decision"
"UNESTABLISHED_CONSUMER","strengthProgressionGroup|Room exercises|app/src/main/java/com/training/trackplanner/analysis/core/AnalysisInputCollector.kt#Exercise","1","No v2.2-reviewed exact consumer decision"
"UNESTABLISHED_CONSUMER","strengthProgressionGroup|Room exercises|app/src/main/java/com/training/trackplanner/analysis/core/AnalysisInputSnapshot.kt#AnalysisExerciseMetadata","1","No v2.2-reviewed exact consumer decision"
"UNESTABLISHED_CONSUMER","strengthProgressionGroup|Room exercises|app/src/main/java/com/training/trackplanner/analysis/fatigue/DailyFatigueCalculator.kt#from","1","No v2.2-reviewed exact consumer decision"
"UNESTABLISHED_CONSUMER","strengthProgressionGroup|Room exercises|app/src/main/java/com/training/trackplanner/analysis/fatigue/DailyFatigueCalculator.kt#GroupKey","1","No v2.2-reviewed exact consumer decision"
"UNESTABLISHED_CONSUMER","strengthProgressionGroup|Room exercises|app/src/main/java/com/training/trackplanner/analysis/fatigue/DailyFatigueCalculator.kt#level","1","No v2.2-reviewed exact consumer decision"
"UNESTABLISHED_CONSUMER","strengthProgressionGroup|Room exercises|app/src/main/java/com/training/trackplanner/analysis/fatigue/DailyFatigueCalculator.kt#RecordContext","1","No v2.2-reviewed exact consumer decision"
"UNESTABLISHED_CONSUMER","strengthProgressionGroup|Room exercises|app/src/main/java/com/training/trackplanner/analysis/fatigue/DailyFatigueCalculator.kt#ResolvedFatigueMetadata","1","No v2.2-reviewed exact consumer decision"
"UNESTABLISHED_CONSUMER","strengthProgressionGroup|Room exercises|app/src/main/java/com/training/trackplanner/analysis/fatigue/DailyFatigueModels.kt#RecordFatigueContribution","1","No v2.2-reviewed exact consumer decision"
"UNESTABLISHED_CONSUMER","strengthProgressionGroup|Room exercises|app/src/main/java/com/training/trackplanner/analysis/features/ExerciseAnalysisMapper.kt#AnalysisExerciseFeatures","1","No v2.2-reviewed exact consumer decision"
"UNESTABLISHED_CONSUMER","strengthProgressionGroup|Room exercises|app/src/main/java/com/training/trackplanner/analysis/features/ExerciseAnalysisMapper.kt#fromRecord","1","No v2.2-reviewed exact consumer decision"
"UNESTABLISHED_CONSUMER","strengthProgressionGroup|Room exercises|app/src/main/java/com/training/trackplanner/analysis/features/MetadataReadinessReporter.kt#Exercise","1","No v2.2-reviewed exact consumer decision"
"UNESTABLISHED_CONSUMER","strengthProgressionGroup|Room exercises|app/src/main/java/com/training/trackplanner/analysis/features/MetadataReadinessReporter.kt#progressReady","1","No v2.2-reviewed exact consumer decision"
"UNESTABLISHED_CONSUMER","strengthProgressionGroup|Room exercises|app/src/main/java/com/training/trackplanner/analysis/lab/MuscleLoadInputBuilder.kt#fallbackContributions","1","No v2.2-reviewed exact consumer decision"
"UNESTABLISHED_CONSUMER","strengthProgressionGroup|Room exercises|app/src/main/java/com/training/trackplanner/analysis/proxyperformance/ProxyPerformanceLoadingBuilder.kt#build","1","No v2.2-reviewed exact consumer decision"
"UNESTABLISHED_CONSUMER","strengthProgressionGroup|Room exercises|app/src/main/java/com/training/trackplanner/analysis/strengthperformance/StrengthPerformanceRegistry.kt#metadataProxyLoadings","1","No v2.2-reviewed exact consumer decision"
"UNESTABLISHED_CONSUMER","strengthProgressionGroup|Room exercises|app/src/main/java/com/training/trackplanner/data/CanonicalExerciseMetadataRepository.kt#exerciseFrom","1","No v2.2-reviewed exact consumer decision"
"UNESTABLISHED_CONSUMER","strengthProgressionGroup|Room exercises|app/src/main/java/com/training/trackplanner/data/Entities.kt#Exercise","1","No v2.2-reviewed exact consumer decision"
"UNESTABLISHED_CONSUMER","strengthProgressionGroup|Room exercises|app/src/main/java/com/training/trackplanner/data/ExerciseMetadataAdapter.kt#fromFields","1","No v2.2-reviewed exact consumer decision"
"UNESTABLISHED_CONSUMER","strengthProgressionGroup|Room exercises|app/src/main/java/com/training/trackplanner/data/ExerciseMetadataAdapter.kt#RuntimeExerciseMetadata","1","No v2.2-reviewed exact consumer decision"
"UNESTABLISHED_CONSUMER","strengthProgressionGroup|Room exercises|app/src/main/java/com/training/trackplanner/data/ExerciseMetadataBackupContract.kt#ExerciseMetadataFieldPolicyRegistry","1","No v2.2-reviewed exact consumer decision"
"UNESTABLISHED_CONSUMER","strengthProgressionGroup|Room exercises|app/src/main/java/com/training/trackplanner/data/ExerciseMetadataBackupContract.kt#normalize","1","No v2.2-reviewed exact consumer decision"
"UNESTABLISHED_CONSUMER","strengthProgressionGroup|Room exercises|app/src/main/java/com/training/trackplanner/data/ExerciseMetadataMapper.kt#applyMetadata","1","No v2.2-reviewed exact consumer decision"
"UNESTABLISHED_CONSUMER","strengthProgressionGroup|Room exercises|app/src/main/java/com/training/trackplanner/data/ExerciseMetadataMapper.kt#MetadataSource","1","No v2.2-reviewed exact consumer decision"
"UNESTABLISHED_CONSUMER","strengthProgressionGroup|Room exercises|app/src/main/java/com/training/trackplanner/data/ExerciseMetadataTaxonomy.kt#StrengthProgressionGroup","1","No v2.2-reviewed exact consumer decision"
"UNESTABLISHED_CONSUMER","strengthProgressionGroup|Room exercises|app/src/main/java/com/training/trackplanner/data/ExerciseStableKeyMigration.kt#createExerciseTable","1","No v2.2-reviewed exact consumer decision"
"UNESTABLISHED_CONSUMER","strengthProgressionGroup|Room exercises|app/src/main/java/com/training/trackplanner/data/ExerciseStableKeyMigration.kt#insertUnresolvedExercise","1","No v2.2-reviewed exact consumer decision"
"UNESTABLISHED_CONSUMER","strengthProgressionGroup|Room exercises|app/src/main/java/com/training/trackplanner/data/ExerciseStableKeyMigration.kt#migrate","1","No v2.2-reviewed exact consumer decision"
"UNESTABLISHED_CONSUMER","strengthProgressionGroup|Room exercises|app/src/main/java/com/training/trackplanner/data/MetadataSanityChecker.kt#Exercise","1","No v2.2-reviewed exact consumer decision"
"UNESTABLISHED_CONSUMER","strengthProgressionGroup|Room exercises|app/src/main/java/com/training/trackplanner/data/ProgramBuilder.kt#build","1","No v2.2-reviewed exact consumer decision"
"UNESTABLISHED_CONSUMER","strengthProgressionGroup|Room exercises|app/src/main/java/com/training/trackplanner/data/ProgramBuilder.kt#GeneratedProgramSkeleton","1","No v2.2-reviewed exact consumer decision"
"UNESTABLISHED_CONSUMER","strengthProgressionGroup|Room exercises|app/src/main/java/com/training/trackplanner/data/ProgramBuilder.kt#ProgramSkeletonItem","1","No v2.2-reviewed exact consumer decision"
"UNESTABLISHED_CONSUMER","strengthProgressionGroup|Room exercises|app/src/main/java/com/training/trackplanner/data/ProgramBuilderValidation.kt#ProgramSkeletonItem","1","No v2.2-reviewed exact consumer decision"
"UNESTABLISHED_CONSUMER","strengthProgressionGroup|Room exercises|app/src/main/java/com/training/trackplanner/data/ProgramBuilderValidation.kt#validateFourWeekDistribution","1","No v2.2-reviewed exact consumer decision"
"UNESTABLISHED_CONSUMER","strengthProgressionGroup|Room exercises|app/src/main/java/com/training/trackplanner/data/ProgramCandidate.kt#ProgramCandidate","1","No v2.2-reviewed exact consumer decision"
"UNESTABLISHED_CONSUMER","strengthProgressionGroup|Room exercises|app/src/main/java/com/training/trackplanner/data/ProgramCandidate.kt#rehabLikeActivationScore","1","No v2.2-reviewed exact consumer decision"
"UNESTABLISHED_CONSUMER","strengthProgressionGroup|Room exercises|app/src/main/java/com/training/trackplanner/data/ProgramIssueDrivenRerankPolicy.kt#ProgramSkeletonItem","1","No v2.2-reviewed exact consumer decision"
"UNESTABLISHED_CONSUMER","strengthProgressionGroup|Room exercises|app/src/main/java/com/training/trackplanner/data/ProgramSkeletonGenerator.kt#ProgramSkeletonItem","1","No v2.2-reviewed exact consumer decision"
"UNESTABLISHED_CONSUMER","strengthProgressionGroup|Room exercises|app/src/main/java/com/training/trackplanner/data/RecordCsvBackupRestore.kt#appendStrengthRow","1","No v2.2-reviewed exact consumer decision"
"UNESTABLISHED_CONSUMER","strengthProgressionGroup|Room exercises|app/src/main/java/com/training/trackplanner/data/RecordCsvBackupRestore.kt#legacyRuntimeSnapshotRows","1","No v2.2-reviewed exact consumer decision"
"UNESTABLISHED_CONSUMER","strengthProgressionGroup|Room exercises|app/src/main/java/com/training/trackplanner/data/RecordCsvBackupRestore.kt#value","1","No v2.2-reviewed exact consumer decision"
"UNESTABLISHED_CONSUMER","strengthProgressionGroup|Room exercises|app/src/main/java/com/training/trackplanner/data/RuntimeExerciseMetadataPersistence.kt#RuntimeExerciseMetadata","1","No v2.2-reviewed exact consumer decision"
"UNESTABLISHED_CONSUMER","strengthProgressionGroup|Room exercises|app/src/main/java/com/training/trackplanner/data/RuntimeExerciseMetadataPersistence.kt#RuntimeExerciseMetadataEntity","1","No v2.2-reviewed exact consumer decision"
"UNESTABLISHED_CONSUMER","strengthProgressionGroup|Room exercises|app/src/main/java/com/training/trackplanner/data/RuntimeExerciseMetadataResolver.kt#Exercise","1","No v2.2-reviewed exact consumer decision"
"UNESTABLISHED_CONSUMER","strengthProgressionGroup|Room exercises|app/src/main/java/com/training/trackplanner/data/RuntimeExerciseMetadataResolver.kt#forExercise","1","No v2.2-reviewed exact consumer decision"
"UNESTABLISHED_CONSUMER","strengthProgressionGroup|Room exercises|app/src/main/java/com/training/trackplanner/data/RuntimeExerciseMetadataResolver.kt#forIdentity","1","No v2.2-reviewed exact consumer decision"
"UNESTABLISHED_CONSUMER","strengthProgressionGroup|Room exercises|app/src/main/java/com/training/trackplanner/data/RuntimeExerciseMetadataResolver.kt#merged","1","No v2.2-reviewed exact consumer decision"
"UNESTABLISHED_CONSUMER","strengthProgressionGroup|Room exercises|app/src/main/java/com/training/trackplanner/data/RuntimeExerciseMetadataResolver.kt#resolve","1","No v2.2-reviewed exact consumer decision"
"UNESTABLISHED_CONSUMER","strengthProgressionGroup|Room exercises|app/src/main/java/com/training/trackplanner/data/SeedData.kt#validateCatalog","1","No v2.2-reviewed exact consumer decision"
"UNESTABLISHED_CONSUMER","strengthProgressionGroup|Room exercises|app/src/main/java/com/training/trackplanner/data/SlotCapabilityResolver.kt#legacyTokens","1","No v2.2-reviewed exact consumer decision"
"UNESTABLISHED_CONSUMER","strengthProgressionGroup|Room exercises|app/src/main/java/com/training/trackplanner/data/SlotCapabilityResolver.kt#metadataIdentityTokens","1","No v2.2-reviewed exact consumer decision"
"UNESTABLISHED_CONSUMER","strengthProgressionGroup|Room exercises|app/src/main/java/com/training/trackplanner/data/TrainingDatabase.kt#migrate","1","No v2.2-reviewed exact consumer decision"
"UNESTABLISHED_CONSUMER","strengthProgressionGroup|Room exercises|app/src/main/java/com/training/trackplanner/data/TrainingRepository.kt#Exercise","1","No v2.2-reviewed exact consumer decision"
"UNESTABLISHED_CONSUMER","strengthProgressionGroup|Room exercises|app/src/main/java/com/training/trackplanner/data/TrainingRoleSplitMigration.kt#createExercisesWithoutLegacyRole","1","No v2.2-reviewed exact consumer decision"
"UNESTABLISHED_CONSUMER","strengthProgressionGroup|Room exercises|app/src/main/java/com/training/trackplanner/data/TrainingRoleSplitMigration.kt#migrateIntrinsicTrainingRoles","1","No v2.2-reviewed exact consumer decision"
"UNESTABLISHED_CONSUMER","strengthProgressionGroup|Room exercises|app/src/main/java/com/training/trackplanner/ExerciseSubcategoryMapper.kt#addStructured","1","No v2.2-reviewed exact consumer decision"
"UNESTABLISHED_CONSUMER","strengthProgressionGroup|Room exercises|app/src/main/java/com/training/trackplanner/MetadataDisplayCatalogue.kt#MetadataDisplayField","1","No v2.2-reviewed exact consumer decision"
"UNESTABLISHED_CONSUMER","strengthProgressionGroup|Room exercises|app/src/main/java/com/training/trackplanner/PlanGeneratedPreview.kt#draftItemForExercise","1","No v2.2-reviewed exact consumer decision"
"UNESTABLISHED_CONSUMER","strengthProgressionGroup|Room exercises|app/src/main/java/com/training/trackplanner/RuntimeMetadataExerciseEditorDialog.kt#joinExerciseTokens","1","No v2.2-reviewed exact consumer decision"
"UNESTABLISHED_CONSUMER","stressMagnitudeHint|canonical asset plus Room runtime_exercise_metadata override|app/src/main/java/com/training/trackplanner/analysis/core/AnalysisInputCollector.kt#Exercise","1","No v2.2-reviewed exact consumer decision"
"UNESTABLISHED_CONSUMER","stressMagnitudeHint|canonical asset plus Room runtime_exercise_metadata override|app/src/main/java/com/training/trackplanner/analysis/core/AnalysisInputSnapshot.kt#AnalysisExerciseMetadata","1","No v2.2-reviewed exact consumer decision"
"UNESTABLISHED_CONSUMER","stressMagnitudeHint|canonical asset plus Room runtime_exercise_metadata override|app/src/main/java/com/training/trackplanner/analysis/features/ExerciseAnalysisMapper.kt#AnalysisExerciseFeatures","1","No v2.2-reviewed exact consumer decision"
"UNESTABLISHED_CONSUMER","stressMagnitudeHint|canonical asset plus Room runtime_exercise_metadata override|app/src/main/java/com/training/trackplanner/analysis/features/ExerciseAnalysisMapper.kt#fromRecord","1","No v2.2-reviewed exact consumer decision"
"UNESTABLISHED_CONSUMER","stressMagnitudeHint|canonical asset plus Room runtime_exercise_metadata override|app/src/main/java/com/training/trackplanner/data/CanonicalExerciseMetadataRepository.kt#CanonicalRecoveryProfile","1","No v2.2-reviewed exact consumer decision"
"UNESTABLISHED_CONSUMER","stressMagnitudeHint|canonical asset plus Room runtime_exercise_metadata override|app/src/main/java/com/training/trackplanner/data/CanonicalExerciseMetadataRepository.kt#recoveryProfiles","1","No v2.2-reviewed exact consumer decision"
"UNESTABLISHED_CONSUMER","stressMagnitudeHint|canonical asset plus Room runtime_exercise_metadata override|app/src/main/java/com/training/trackplanner/data/ExerciseMetadataAdapter.kt#fromFields","1","No v2.2-reviewed exact consumer decision"
"UNESTABLISHED_CONSUMER","stressMagnitudeHint|canonical asset plus Room runtime_exercise_metadata override|app/src/main/java/com/training/trackplanner/data/ExerciseMetadataAdapter.kt#RuntimeExerciseMetadata","1","No v2.2-reviewed exact consumer decision"
"UNESTABLISHED_CONSUMER","stressMagnitudeHint|canonical asset plus Room runtime_exercise_metadata override|app/src/main/java/com/training/trackplanner/data/ExerciseMetadataBackupContract.kt#ExerciseMetadataFieldPolicyRegistry","1","No v2.2-reviewed exact consumer decision"
"UNESTABLISHED_CONSUMER","stressMagnitudeHint|canonical asset plus Room runtime_exercise_metadata override|app/src/main/java/com/training/trackplanner/data/ExerciseMetadataBackupContract.kt#normalize","1","No v2.2-reviewed exact consumer decision"
"UNESTABLISHED_CONSUMER","stressMagnitudeHint|canonical asset plus Room runtime_exercise_metadata override|app/src/main/java/com/training/trackplanner/data/ProgramBuilder.kt#build","1","No v2.2-reviewed exact consumer decision"
"UNESTABLISHED_CONSUMER","stressMagnitudeHint|canonical asset plus Room runtime_exercise_metadata override|app/src/main/java/com/training/trackplanner/data/ProgramBuilder.kt#GeneratedProgramSkeleton","1","No v2.2-reviewed exact consumer decision"
"UNESTABLISHED_CONSUMER","stressMagnitudeHint|canonical asset plus Room runtime_exercise_metadata override|app/src/main/java/com/training/trackplanner/data/ProgramBuilder.kt#ProgramSkeletonItem","1","No v2.2-reviewed exact consumer decision"
"UNESTABLISHED_CONSUMER","stressMagnitudeHint|canonical asset plus Room runtime_exercise_metadata override|app/src/main/java/com/training/trackplanner/data/ProgramBuilderValidation.kt#validateFourWeekDistribution","1","No v2.2-reviewed exact consumer decision"
"UNESTABLISHED_CONSUMER","stressMagnitudeHint|canonical asset plus Room runtime_exercise_metadata override|app/src/main/java/com/training/trackplanner/data/ProgramCandidate.kt#ProgramCandidate","1","No v2.2-reviewed exact consumer decision"
"UNESTABLISHED_CONSUMER","stressMagnitudeHint|canonical asset plus Room runtime_exercise_metadata override|app/src/main/java/com/training/trackplanner/data/ProgramCandidate.kt#rehabLikeActivationScore","1","No v2.2-reviewed exact consumer decision"
"UNESTABLISHED_CONSUMER","stressMagnitudeHint|canonical asset plus Room runtime_exercise_metadata override|app/src/main/java/com/training/trackplanner/data/ProgramDayIntensityPolicy.kt#isHighLowerStress","1","No v2.2-reviewed exact consumer decision"
"UNESTABLISHED_CONSUMER","stressMagnitudeHint|canonical asset plus Room runtime_exercise_metadata override|app/src/main/java/com/training/trackplanner/data/ProgramIssueDrivenRerankPolicy.kt#ProgramSkeletonItem","1","No v2.2-reviewed exact consumer decision"
"UNESTABLISHED_CONSUMER","stressMagnitudeHint|canonical asset plus Room runtime_exercise_metadata override|app/src/main/java/com/training/trackplanner/data/ProgramRepairPolicy.kt#isHighLowerStress","1","No v2.2-reviewed exact consumer decision"
"UNESTABLISHED_CONSUMER","stressMagnitudeHint|canonical asset plus Room runtime_exercise_metadata override|app/src/main/java/com/training/trackplanner/data/ProgramRepairPolicy.kt#softenFirstAdjacentHighLowerDay","1","No v2.2-reviewed exact consumer decision"
"UNESTABLISHED_CONSUMER","stressMagnitudeHint|canonical asset plus Room runtime_exercise_metadata override|app/src/main/java/com/training/trackplanner/data/ProgramSkeletonGenerator.kt#ProgramSkeletonItem","1","No v2.2-reviewed exact consumer decision"
"UNESTABLISHED_CONSUMER","stressMagnitudeHint|canonical asset plus Room runtime_exercise_metadata override|app/src/main/java/com/training/trackplanner/data/RecordCsvBackupRestore.kt#appendStrengthRow","1","No v2.2-reviewed exact consumer decision"
"UNESTABLISHED_CONSUMER","stressMagnitudeHint|canonical asset plus Room runtime_exercise_metadata override|app/src/main/java/com/training/trackplanner/data/RecordCsvBackupRestore.kt#legacyRuntimeSnapshotRows","1","No v2.2-reviewed exact consumer decision"
"UNESTABLISHED_CONSUMER","stressMagnitudeHint|canonical asset plus Room runtime_exercise_metadata override|app/src/main/java/com/training/trackplanner/data/RecordCsvBackupRestore.kt#value","1","No v2.2-reviewed exact consumer decision"
"UNESTABLISHED_CONSUMER","stressMagnitudeHint|canonical asset plus Room runtime_exercise_metadata override|app/src/main/java/com/training/trackplanner/data/RuntimeExerciseMetadataPersistence.kt#RuntimeExerciseMetadata","1","No v2.2-reviewed exact consumer decision"
"UNESTABLISHED_CONSUMER","stressMagnitudeHint|canonical asset plus Room runtime_exercise_metadata override|app/src/main/java/com/training/trackplanner/data/RuntimeExerciseMetadataPersistence.kt#RuntimeExerciseMetadataEntity","1","No v2.2-reviewed exact consumer decision"
"UNESTABLISHED_CONSUMER","stressMagnitudeHint|canonical asset plus Room runtime_exercise_metadata override|app/src/main/java/com/training/trackplanner/data/RuntimeExerciseMetadataResolver.kt#forExercise","1","No v2.2-reviewed exact consumer decision"
"UNESTABLISHED_CONSUMER","stressMagnitudeHint|canonical asset plus Room runtime_exercise_metadata override|app/src/main/java/com/training/trackplanner/data/RuntimeExerciseMetadataResolver.kt#forIdentity","1","No v2.2-reviewed exact consumer decision"
"UNESTABLISHED_CONSUMER","stressMagnitudeHint|canonical asset plus Room runtime_exercise_metadata override|app/src/main/java/com/training/trackplanner/data/RuntimeExerciseMetadataResolver.kt#merged","1","No v2.2-reviewed exact consumer decision"
"UNESTABLISHED_CONSUMER","stressMagnitudeHint|canonical asset plus Room runtime_exercise_metadata override|app/src/main/java/com/training/trackplanner/data/TrainingDatabase.kt#migrate","1","No v2.2-reviewed exact consumer decision"
"UNESTABLISHED_CONSUMER","stressMagnitudeHint|canonical asset plus Room runtime_exercise_metadata override|app/src/main/java/com/training/trackplanner/ExerciseSubcategoryMapper.kt#addStructured","1","No v2.2-reviewed exact consumer decision"
"UNESTABLISHED_CONSUMER","stressMagnitudeHint|canonical asset plus Room runtime_exercise_metadata override|app/src/main/java/com/training/trackplanner/MetadataDisplayCatalogue.kt#MetadataDisplayField","1","No v2.2-reviewed exact consumer decision"
"UNESTABLISHED_CONSUMER","stressMagnitudeHint|canonical asset plus Room runtime_exercise_metadata override|app/src/main/java/com/training/trackplanner/PlanGeneratedPreview.kt#draftItemForExercise","1","No v2.2-reviewed exact consumer decision"
"UNESTABLISHED_CONSUMER","stressMagnitudeHint|canonical asset plus Room runtime_exercise_metadata override|app/src/main/java/com/training/trackplanner/RuntimeMetadataExerciseEditorDialog.kt#joinExerciseTokens","1","No v2.2-reviewed exact consumer decision"
"UNESTABLISHED_CONSUMER","systemicLoadWeight|Room exercises|app/src/main/java/com/training/trackplanner/analysis/badminton/BadmintonTransferMetadataMapper.kt#fatigueCost","1","No v2.2-reviewed exact consumer decision"
"UNESTABLISHED_CONSUMER","systemicLoadWeight|Room exercises|app/src/main/java/com/training/trackplanner/analysis/badminton/BadmintonTransferMetadataMapper.kt#legacyTransferAxesForAudit","1","No v2.2-reviewed exact consumer decision"
"UNESTABLISHED_CONSUMER","systemicLoadWeight|Room exercises|app/src/main/java/com/training/trackplanner/analysis/core/AnalysisInputCollector.kt#Exercise","1","No v2.2-reviewed exact consumer decision"
"UNESTABLISHED_CONSUMER","systemicLoadWeight|Room exercises|app/src/main/java/com/training/trackplanner/analysis/core/AnalysisInputSnapshot.kt#AnalysisExerciseMetadata","1","No v2.2-reviewed exact consumer decision"
"UNESTABLISHED_CONSUMER","systemicLoadWeight|Room exercises|app/src/main/java/com/training/trackplanner/analysis/fatigue/DailyFatigueCalculator.kt#level","1","No v2.2-reviewed exact consumer decision"
"UNESTABLISHED_CONSUMER","systemicLoadWeight|Room exercises|app/src/main/java/com/training/trackplanner/analysis/features/ExerciseAnalysisMapper.kt#AnalysisExerciseFeatures","1","No v2.2-reviewed exact consumer decision"
"UNESTABLISHED_CONSUMER","systemicLoadWeight|Room exercises|app/src/main/java/com/training/trackplanner/analysis/features/ExerciseAnalysisMapper.kt#fromRecord","1","No v2.2-reviewed exact consumer decision"
"UNESTABLISHED_CONSUMER","systemicLoadWeight|Room exercises|app/src/main/java/com/training/trackplanner/analysis/readiness/DailyAnalysisLoadAggregator.kt#aggregate","1","No v2.2-reviewed exact consumer decision"
"UNESTABLISHED_CONSUMER","systemicLoadWeight|Room exercises|app/src/main/java/com/training/trackplanner/data/CanonicalExerciseMetadataRepository.kt#exerciseFrom","1","No v2.2-reviewed exact consumer decision"
"UNESTABLISHED_CONSUMER","systemicLoadWeight|Room exercises|app/src/main/java/com/training/trackplanner/data/Entities.kt#Exercise","1","No v2.2-reviewed exact consumer decision"
"UNESTABLISHED_CONSUMER","systemicLoadWeight|Room exercises|app/src/main/java/com/training/trackplanner/data/ExerciseMetadataBackupContract.kt#ExerciseMetadataFieldPolicyRegistry","1","No v2.2-reviewed exact consumer decision"
"UNESTABLISHED_CONSUMER","systemicLoadWeight|Room exercises|app/src/main/java/com/training/trackplanner/data/ExerciseMetadataBackupContract.kt#normalize","1","No v2.2-reviewed exact consumer decision"
"UNESTABLISHED_CONSUMER","systemicLoadWeight|Room exercises|app/src/main/java/com/training/trackplanner/data/ExerciseMetadataMapper.kt#applyMetadata","1","No v2.2-reviewed exact consumer decision"
"UNESTABLISHED_CONSUMER","systemicLoadWeight|Room exercises|app/src/main/java/com/training/trackplanner/data/ExerciseMetadataMapper.kt#FatigueWeights","1","No v2.2-reviewed exact consumer decision"
"UNESTABLISHED_CONSUMER","systemicLoadWeight|Room exercises|app/src/main/java/com/training/trackplanner/data/ExerciseMetadataMapper.kt#MetadataSource","1","No v2.2-reviewed exact consumer decision"
"UNESTABLISHED_CONSUMER","systemicLoadWeight|Room exercises|app/src/main/java/com/training/trackplanner/data/ExerciseStableKeyMigration.kt#createExerciseTable","1","No v2.2-reviewed exact consumer decision"
"UNESTABLISHED_CONSUMER","systemicLoadWeight|Room exercises|app/src/main/java/com/training/trackplanner/data/ExerciseStableKeyMigration.kt#insertUnresolvedExercise","1","No v2.2-reviewed exact consumer decision"
"UNESTABLISHED_CONSUMER","systemicLoadWeight|Room exercises|app/src/main/java/com/training/trackplanner/data/ExerciseStableKeyMigration.kt#migrate","1","No v2.2-reviewed exact consumer decision"
"UNESTABLISHED_CONSUMER","systemicLoadWeight|Room exercises|app/src/main/java/com/training/trackplanner/data/MetadataSanityChecker.kt#check","1","No v2.2-reviewed exact consumer decision"
"UNESTABLISHED_CONSUMER","systemicLoadWeight|Room exercises|app/src/main/java/com/training/trackplanner/data/MetadataSanityChecker.kt#Exercise","1","No v2.2-reviewed exact consumer decision"
"UNESTABLISHED_CONSUMER","systemicLoadWeight|Room exercises|app/src/main/java/com/training/trackplanner/data/RuntimeExerciseMetadataResolver.kt#Exercise","1","No v2.2-reviewed exact consumer decision"
"UNESTABLISHED_CONSUMER","systemicLoadWeight|Room exercises|app/src/main/java/com/training/trackplanner/data/RuntimeExerciseMetadataResolver.kt#forExercise","1","No v2.2-reviewed exact consumer decision"
"UNESTABLISHED_CONSUMER","systemicLoadWeight|Room exercises|app/src/main/java/com/training/trackplanner/data/TrainingDatabase.kt#migrate","1","No v2.2-reviewed exact consumer decision"
"UNESTABLISHED_CONSUMER","systemicLoadWeight|Room exercises|app/src/main/java/com/training/trackplanner/data/TrainingRoleSplitMigration.kt#createExercisesWithoutLegacyRole","1","No v2.2-reviewed exact consumer decision"
"UNESTABLISHED_CONSUMER","systemicLoadWeight|Room exercises|app/src/main/java/com/training/trackplanner/data/TrainingRoleSplitMigration.kt#migrateIntrinsicTrainingRoles","1","No v2.2-reviewed exact consumer decision"
"UNESTABLISHED_CONSUMER","systemicMuscularStressLevel|canonical asset plus Room runtime_exercise_metadata override|app/src/main/java/com/training/trackplanner/analysis/core/AnalysisInputCollector.kt#Exercise","1","No v2.2-reviewed exact consumer decision"
"UNESTABLISHED_CONSUMER","systemicMuscularStressLevel|canonical asset plus Room runtime_exercise_metadata override|app/src/main/java/com/training/trackplanner/analysis/core/AnalysisInputSnapshot.kt#AnalysisExerciseMetadata","1","No v2.2-reviewed exact consumer decision"
"UNESTABLISHED_CONSUMER","systemicMuscularStressLevel|canonical asset plus Room runtime_exercise_metadata override|app/src/main/java/com/training/trackplanner/analysis/fatigue/DailyFatigueCalculator.kt#calculateAxes","1","No v2.2-reviewed exact consumer decision"
"UNESTABLISHED_CONSUMER","systemicMuscularStressLevel|canonical asset plus Room runtime_exercise_metadata override|app/src/main/java/com/training/trackplanner/analysis/fatigue/DailyFatigueCalculator.kt#from","1","No v2.2-reviewed exact consumer decision"
"UNESTABLISHED_CONSUMER","systemicMuscularStressLevel|canonical asset plus Room runtime_exercise_metadata override|app/src/main/java/com/training/trackplanner/analysis/fatigue/DailyFatigueCalculator.kt#level","1","No v2.2-reviewed exact consumer decision"
"UNESTABLISHED_CONSUMER","systemicMuscularStressLevel|canonical asset plus Room runtime_exercise_metadata override|app/src/main/java/com/training/trackplanner/analysis/fatigue/DailyFatigueCalculator.kt#ResolvedFatigueMetadata","1","No v2.2-reviewed exact consumer decision"
"UNESTABLISHED_CONSUMER","systemicMuscularStressLevel|canonical asset plus Room runtime_exercise_metadata override|app/src/main/java/com/training/trackplanner/analysis/features/ExerciseAnalysisMapper.kt#AnalysisExerciseFeatures","1","No v2.2-reviewed exact consumer decision"
"UNESTABLISHED_CONSUMER","systemicMuscularStressLevel|canonical asset plus Room runtime_exercise_metadata override|app/src/main/java/com/training/trackplanner/analysis/features/ExerciseAnalysisMapper.kt#fromRecord","1","No v2.2-reviewed exact consumer decision"
"UNESTABLISHED_CONSUMER","systemicMuscularStressLevel|canonical asset plus Room runtime_exercise_metadata override|app/src/main/java/com/training/trackplanner/analysis/readiness/DailyAnalysisLoadAggregator.kt#aggregate","1","No v2.2-reviewed exact consumer decision"
"UNESTABLISHED_CONSUMER","systemicMuscularStressLevel|canonical asset plus Room runtime_exercise_metadata override|app/src/main/java/com/training/trackplanner/data/ExerciseMetadataAdapter.kt#fromFields","1","No v2.2-reviewed exact consumer decision"
"UNESTABLISHED_CONSUMER","systemicMuscularStressLevel|canonical asset plus Room runtime_exercise_metadata override|app/src/main/java/com/training/trackplanner/data/ExerciseMetadataAdapter.kt#RuntimeExerciseMetadata","1","No v2.2-reviewed exact consumer decision"
"UNESTABLISHED_CONSUMER","systemicMuscularStressLevel|canonical asset plus Room runtime_exercise_metadata override|app/src/main/java/com/training/trackplanner/data/ExerciseMetadataBackupContract.kt#ExerciseMetadataFieldPolicyRegistry","1","No v2.2-reviewed exact consumer decision"
"UNESTABLISHED_CONSUMER","systemicMuscularStressLevel|canonical asset plus Room runtime_exercise_metadata override|app/src/main/java/com/training/trackplanner/data/ExerciseMetadataBackupContract.kt#normalize","1","No v2.2-reviewed exact consumer decision"
"UNESTABLISHED_CONSUMER","systemicMuscularStressLevel|canonical asset plus Room runtime_exercise_metadata override|app/src/main/java/com/training/trackplanner/data/ProgramBuilder.kt#build","1","No v2.2-reviewed exact consumer decision"
"UNESTABLISHED_CONSUMER","systemicMuscularStressLevel|canonical asset plus Room runtime_exercise_metadata override|app/src/main/java/com/training/trackplanner/data/ProgramBuilder.kt#GeneratedProgramSkeleton","1","No v2.2-reviewed exact consumer decision"
"UNESTABLISHED_CONSUMER","systemicMuscularStressLevel|canonical asset plus Room runtime_exercise_metadata override|app/src/main/java/com/training/trackplanner/data/ProgramBuilder.kt#ProgramSkeletonItem","1","No v2.2-reviewed exact consumer decision"
"UNESTABLISHED_CONSUMER","systemicMuscularStressLevel|canonical asset plus Room runtime_exercise_metadata override|app/src/main/java/com/training/trackplanner/data/ProgramBuilderValidation.kt#validateRollingFatigue","1","No v2.2-reviewed exact consumer decision"
"UNESTABLISHED_CONSUMER","systemicMuscularStressLevel|canonical asset plus Room runtime_exercise_metadata override|app/src/main/java/com/training/trackplanner/data/ProgramIssueDrivenRerankPolicy.kt#ProgramSkeletonItem","1","No v2.2-reviewed exact consumer decision"
"UNESTABLISHED_CONSUMER","systemicMuscularStressLevel|canonical asset plus Room runtime_exercise_metadata override|app/src/main/java/com/training/trackplanner/data/ProgramSkeletonGenerator.kt#ProgramSkeletonItem","1","No v2.2-reviewed exact consumer decision"
"UNESTABLISHED_CONSUMER","systemicMuscularStressLevel|canonical asset plus Room runtime_exercise_metadata override|app/src/main/java/com/training/trackplanner/data/RecordCsvBackupRestore.kt#appendStrengthRow","1","No v2.2-reviewed exact consumer decision"
"UNESTABLISHED_CONSUMER","systemicMuscularStressLevel|canonical asset plus Room runtime_exercise_metadata override|app/src/main/java/com/training/trackplanner/data/RecordCsvBackupRestore.kt#legacyRuntimeSnapshotRows","1","No v2.2-reviewed exact consumer decision"
"UNESTABLISHED_CONSUMER","systemicMuscularStressLevel|canonical asset plus Room runtime_exercise_metadata override|app/src/main/java/com/training/trackplanner/data/RecordCsvBackupRestore.kt#value","1","No v2.2-reviewed exact consumer decision"
"UNESTABLISHED_CONSUMER","systemicMuscularStressLevel|canonical asset plus Room runtime_exercise_metadata override|app/src/main/java/com/training/trackplanner/data/RuntimeExerciseMetadataPersistence.kt#RuntimeExerciseMetadata","1","No v2.2-reviewed exact consumer decision"
"UNESTABLISHED_CONSUMER","systemicMuscularStressLevel|canonical asset plus Room runtime_exercise_metadata override|app/src/main/java/com/training/trackplanner/data/RuntimeExerciseMetadataPersistence.kt#RuntimeExerciseMetadataEntity","1","No v2.2-reviewed exact consumer decision"
"UNESTABLISHED_CONSUMER","systemicMuscularStressLevel|canonical asset plus Room runtime_exercise_metadata override|app/src/main/java/com/training/trackplanner/data/RuntimeExerciseMetadataResolver.kt#forExercise","1","No v2.2-reviewed exact consumer decision"
"UNESTABLISHED_CONSUMER","systemicMuscularStressLevel|canonical asset plus Room runtime_exercise_metadata override|app/src/main/java/com/training/trackplanner/data/RuntimeExerciseMetadataResolver.kt#forIdentity","1","No v2.2-reviewed exact consumer decision"
"UNESTABLISHED_CONSUMER","systemicMuscularStressLevel|canonical asset plus Room runtime_exercise_metadata override|app/src/main/java/com/training/trackplanner/data/RuntimeExerciseMetadataResolver.kt#merged","1","No v2.2-reviewed exact consumer decision"
"UNESTABLISHED_CONSUMER","systemicMuscularStressLevel|canonical asset plus Room runtime_exercise_metadata override|app/src/main/java/com/training/trackplanner/data/TrainingDatabase.kt#migrate","1","No v2.2-reviewed exact consumer decision"
"UNESTABLISHED_CONSUMER","systemicMuscularStressLevel|canonical asset plus Room runtime_exercise_metadata override|app/src/main/java/com/training/trackplanner/MetadataDisplayCatalogue.kt#MetadataDisplayField","1","No v2.2-reviewed exact consumer decision"
"UNESTABLISHED_CONSUMER","systemicMuscularStressLevel|canonical asset plus Room runtime_exercise_metadata override|app/src/main/java/com/training/trackplanner/PlanGeneratedPreview.kt#draftItemForExercise","1","No v2.2-reviewed exact consumer decision"
"UNESTABLISHED_CONSUMER","systemicMuscularStressLevel|canonical asset plus Room runtime_exercise_metadata override|app/src/main/java/com/training/trackplanner/RuntimeMetadataExerciseEditorDialog.kt#joinExerciseTokens","1","No v2.2-reviewed exact consumer decision"
"UNESTABLISHED_CONSUMER","tendonStressTags|canonical asset plus Room runtime_exercise_metadata override|app/src/main/java/com/training/trackplanner/analysis/coach/JointTendonWarningAnalyzer.kt#RuntimeExerciseMetadata","1","No v2.2-reviewed exact consumer decision"
"UNESTABLISHED_CONSUMER","tendonStressTags|canonical asset plus Room runtime_exercise_metadata override|app/src/main/java/com/training/trackplanner/analysis/core/AnalysisInputCollector.kt#Exercise","1","No v2.2-reviewed exact consumer decision"
"UNESTABLISHED_CONSUMER","tendonStressTags|canonical asset plus Room runtime_exercise_metadata override|app/src/main/java/com/training/trackplanner/analysis/core/AnalysisInputSnapshot.kt#AnalysisExerciseMetadata","1","No v2.2-reviewed exact consumer decision"
"UNESTABLISHED_CONSUMER","tendonStressTags|canonical asset plus Room runtime_exercise_metadata override|app/src/main/java/com/training/trackplanner/analysis/features/ExerciseAnalysisMapper.kt#AnalysisExerciseFeatures","1","No v2.2-reviewed exact consumer decision"
"UNESTABLISHED_CONSUMER","tendonStressTags|canonical asset plus Room runtime_exercise_metadata override|app/src/main/java/com/training/trackplanner/analysis/features/ExerciseAnalysisMapper.kt#fromRecord","1","No v2.2-reviewed exact consumer decision"
"UNESTABLISHED_CONSUMER","tendonStressTags|canonical asset plus Room runtime_exercise_metadata override|app/src/main/java/com/training/trackplanner/data/ExerciseMetadataAdapter.kt#broadLegacyFatigueCategories","1","No v2.2-reviewed exact consumer decision"
"UNESTABLISHED_CONSUMER","tendonStressTags|canonical asset plus Room runtime_exercise_metadata override|app/src/main/java/com/training/trackplanner/data/ExerciseMetadataAdapter.kt#fromFields","1","No v2.2-reviewed exact consumer decision"
"UNESTABLISHED_CONSUMER","tendonStressTags|canonical asset plus Room runtime_exercise_metadata override|app/src/main/java/com/training/trackplanner/data/ExerciseMetadataAdapter.kt#RuntimeExerciseMetadata","1","No v2.2-reviewed exact consumer decision"
"UNESTABLISHED_CONSUMER","tendonStressTags|canonical asset plus Room runtime_exercise_metadata override|app/src/main/java/com/training/trackplanner/data/ExerciseMetadataBackupContract.kt#ExerciseMetadataFieldPolicyRegistry","1","No v2.2-reviewed exact consumer decision"
"UNESTABLISHED_CONSUMER","tendonStressTags|canonical asset plus Room runtime_exercise_metadata override|app/src/main/java/com/training/trackplanner/data/ExerciseMetadataBackupContract.kt#normalize","1","No v2.2-reviewed exact consumer decision"
"UNESTABLISHED_CONSUMER","tendonStressTags|canonical asset plus Room runtime_exercise_metadata override|app/src/main/java/com/training/trackplanner/data/RecordCsvBackupRestore.kt#appendStrengthRow","1","No v2.2-reviewed exact consumer decision"
"UNESTABLISHED_CONSUMER","tendonStressTags|canonical asset plus Room runtime_exercise_metadata override|app/src/main/java/com/training/trackplanner/data/RecordCsvBackupRestore.kt#legacyRuntimeSnapshotRows","1","No v2.2-reviewed exact consumer decision"
"UNESTABLISHED_CONSUMER","tendonStressTags|canonical asset plus Room runtime_exercise_metadata override|app/src/main/java/com/training/trackplanner/data/RecordCsvBackupRestore.kt#value","1","No v2.2-reviewed exact consumer decision"
"UNESTABLISHED_CONSUMER","tendonStressTags|canonical asset plus Room runtime_exercise_metadata override|app/src/main/java/com/training/trackplanner/data/RuntimeExerciseMetadataPersistence.kt#RuntimeExerciseMetadata","1","No v2.2-reviewed exact consumer decision"
"UNESTABLISHED_CONSUMER","tendonStressTags|canonical asset plus Room runtime_exercise_metadata override|app/src/main/java/com/training/trackplanner/data/RuntimeExerciseMetadataPersistence.kt#RuntimeExerciseMetadataEntity","1","No v2.2-reviewed exact consumer decision"
"UNESTABLISHED_CONSUMER","tendonStressTags|canonical asset plus Room runtime_exercise_metadata override|app/src/main/java/com/training/trackplanner/data/RuntimeExerciseMetadataResolver.kt#forExercise","1","No v2.2-reviewed exact consumer decision"
"UNESTABLISHED_CONSUMER","tendonStressTags|canonical asset plus Room runtime_exercise_metadata override|app/src/main/java/com/training/trackplanner/data/RuntimeExerciseMetadataResolver.kt#forIdentity","1","No v2.2-reviewed exact consumer decision"
"UNESTABLISHED_CONSUMER","tendonStressTags|canonical asset plus Room runtime_exercise_metadata override|app/src/main/java/com/training/trackplanner/data/RuntimeExerciseMetadataResolver.kt#merged","1","No v2.2-reviewed exact consumer decision"
"UNESTABLISHED_CONSUMER","tendonStressTags|canonical asset plus Room runtime_exercise_metadata override|app/src/main/java/com/training/trackplanner/data/TrainingDatabase.kt#migrate","1","No v2.2-reviewed exact consumer decision"
"UNESTABLISHED_CONSUMER","tendonStressTags|canonical asset plus Room runtime_exercise_metadata override|app/src/main/java/com/training/trackplanner/ExerciseSubcategoryMapper.kt#addStructured","1","No v2.2-reviewed exact consumer decision"
"UNESTABLISHED_CONSUMER","tendonStressTags|canonical asset plus Room runtime_exercise_metadata override|app/src/main/java/com/training/trackplanner/MetadataDisplayCatalogue.kt#MetadataDisplayField","1","No v2.2-reviewed exact consumer decision"
"UNESTABLISHED_CONSUMER","tendonStressTags|canonical asset plus Room runtime_exercise_metadata override|app/src/main/java/com/training/trackplanner/RuntimeMetadataExerciseEditorDialog.kt#joinExerciseTokens","1","No v2.2-reviewed exact consumer decision"
"UNESTABLISHED_CONSUMER","transferConfidence|canonical asset plus Room runtime_exercise_metadata override|app/src/main/java/com/training/trackplanner/analysis/core/AnalysisInputCollector.kt#Exercise","1","No v2.2-reviewed exact consumer decision"
"UNESTABLISHED_CONSUMER","transferConfidence|canonical asset plus Room runtime_exercise_metadata override|app/src/main/java/com/training/trackplanner/analysis/core/AnalysisInputSnapshot.kt#AnalysisExerciseMetadata","1","No v2.2-reviewed exact consumer decision"
"UNESTABLISHED_CONSUMER","transferConfidence|canonical asset plus Room runtime_exercise_metadata override|app/src/main/java/com/training/trackplanner/analysis/features/ExerciseAnalysisMapper.kt#AnalysisExerciseFeatures","1","No v2.2-reviewed exact consumer decision"
"UNESTABLISHED_CONSUMER","transferConfidence|canonical asset plus Room runtime_exercise_metadata override|app/src/main/java/com/training/trackplanner/analysis/features/ExerciseAnalysisMapper.kt#fromRecord","1","No v2.2-reviewed exact consumer decision"
"UNESTABLISHED_CONSUMER","transferConfidence|canonical asset plus Room runtime_exercise_metadata override|app/src/main/java/com/training/trackplanner/analysis/proxyperformance/ProxyPerformanceLoadingBuilder.kt#metadataConfidence","1","No v2.2-reviewed exact consumer decision"
"UNESTABLISHED_CONSUMER","transferConfidence|canonical asset plus Room runtime_exercise_metadata override|app/src/main/java/com/training/trackplanner/data/ExerciseMetadataAdapter.kt#fromFields","1","No v2.2-reviewed exact consumer decision"
"UNESTABLISHED_CONSUMER","transferConfidence|canonical asset plus Room runtime_exercise_metadata override|app/src/main/java/com/training/trackplanner/data/ExerciseMetadataAdapter.kt#RuntimeExerciseMetadata","1","No v2.2-reviewed exact consumer decision"
"UNESTABLISHED_CONSUMER","transferConfidence|canonical asset plus Room runtime_exercise_metadata override|app/src/main/java/com/training/trackplanner/data/ExerciseMetadataBackupContract.kt#ExerciseMetadataFieldPolicyRegistry","1","No v2.2-reviewed exact consumer decision"
"UNESTABLISHED_CONSUMER","transferConfidence|canonical asset plus Room runtime_exercise_metadata override|app/src/main/java/com/training/trackplanner/data/ExerciseMetadataBackupContract.kt#normalize","1","No v2.2-reviewed exact consumer decision"
"UNESTABLISHED_CONSUMER","transferConfidence|canonical asset plus Room runtime_exercise_metadata override|app/src/main/java/com/training/trackplanner/data/RecordCsvBackupRestore.kt#appendStrengthRow","1","No v2.2-reviewed exact consumer decision"
"UNESTABLISHED_CONSUMER","transferConfidence|canonical asset plus Room runtime_exercise_metadata override|app/src/main/java/com/training/trackplanner/data/RecordCsvBackupRestore.kt#legacyRuntimeSnapshotRows","1","No v2.2-reviewed exact consumer decision"
"UNESTABLISHED_CONSUMER","transferConfidence|canonical asset plus Room runtime_exercise_metadata override|app/src/main/java/com/training/trackplanner/data/RecordCsvBackupRestore.kt#value","1","No v2.2-reviewed exact consumer decision"
"UNESTABLISHED_CONSUMER","transferConfidence|canonical asset plus Room runtime_exercise_metadata override|app/src/main/java/com/training/trackplanner/data/RuntimeExerciseMetadataPersistence.kt#RuntimeExerciseMetadata","1","No v2.2-reviewed exact consumer decision"
"UNESTABLISHED_CONSUMER","transferConfidence|canonical asset plus Room runtime_exercise_metadata override|app/src/main/java/com/training/trackplanner/data/RuntimeExerciseMetadataPersistence.kt#RuntimeExerciseMetadataEntity","1","No v2.2-reviewed exact consumer decision"
"UNESTABLISHED_CONSUMER","transferConfidence|canonical asset plus Room runtime_exercise_metadata override|app/src/main/java/com/training/trackplanner/data/RuntimeExerciseMetadataResolver.kt#forExercise","1","No v2.2-reviewed exact consumer decision"
"UNESTABLISHED_CONSUMER","transferConfidence|canonical asset plus Room runtime_exercise_metadata override|app/src/main/java/com/training/trackplanner/data/RuntimeExerciseMetadataResolver.kt#forIdentity","1","No v2.2-reviewed exact consumer decision"
"UNESTABLISHED_CONSUMER","transferConfidence|canonical asset plus Room runtime_exercise_metadata override|app/src/main/java/com/training/trackplanner/data/RuntimeExerciseMetadataResolver.kt#merged","1","No v2.2-reviewed exact consumer decision"
"UNESTABLISHED_CONSUMER","transferConfidence|canonical asset plus Room runtime_exercise_metadata override|app/src/main/java/com/training/trackplanner/data/TrainingDatabase.kt#migrate","1","No v2.2-reviewed exact consumer decision"
"UNESTABLISHED_CONSUMER","transferConfidence|canonical asset plus Room runtime_exercise_metadata override|app/src/main/java/com/training/trackplanner/MetadataDisplayCatalogue.kt#MetadataDisplayField","1","No v2.2-reviewed exact consumer decision"
"UNESTABLISHED_CONSUMER","transferConfidence|canonical asset plus Room runtime_exercise_metadata override|app/src/main/java/com/training/trackplanner/RuntimeMetadataExerciseEditorDialog.kt#joinExerciseTokens","1","No v2.2-reviewed exact consumer decision"
"UNESTABLISHED_CONSUMER","volumeLoadEligible|Room exercises|app/src/main/java/com/training/trackplanner/analysis/core/AnalysisInputCollector.kt#Exercise","1","No v2.2-reviewed exact consumer decision"
"UNESTABLISHED_CONSUMER","volumeLoadEligible|Room exercises|app/src/main/java/com/training/trackplanner/analysis/core/AnalysisInputSnapshot.kt#AnalysisExerciseMetadata","1","No v2.2-reviewed exact consumer decision"
"UNESTABLISHED_CONSUMER","volumeLoadEligible|Room exercises|app/src/main/java/com/training/trackplanner/analysis/features/ExerciseAnalysisMapper.kt#AnalysisExerciseFeatures","1","No v2.2-reviewed exact consumer decision"
"UNESTABLISHED_CONSUMER","volumeLoadEligible|Room exercises|app/src/main/java/com/training/trackplanner/analysis/features/ExerciseAnalysisMapper.kt#Exercise","1","No v2.2-reviewed exact consumer decision"
"UNESTABLISHED_CONSUMER","volumeLoadEligible|Room exercises|app/src/main/java/com/training/trackplanner/analysis/features/ExerciseAnalysisMapper.kt#fromRecord","1","No v2.2-reviewed exact consumer decision"
"UNESTABLISHED_CONSUMER","volumeLoadEligible|Room exercises|app/src/main/java/com/training/trackplanner/data/CanonicalExerciseMetadataRepository.kt#exerciseFrom","1","No v2.2-reviewed exact consumer decision"
"UNESTABLISHED_CONSUMER","volumeLoadEligible|Room exercises|app/src/main/java/com/training/trackplanner/data/Entities.kt#Exercise","1","No v2.2-reviewed exact consumer decision"
"UNESTABLISHED_CONSUMER","volumeLoadEligible|Room exercises|app/src/main/java/com/training/trackplanner/data/ExerciseMetadataBackupContract.kt#ExerciseMetadataFieldPolicyRegistry","1","No v2.2-reviewed exact consumer decision"
"UNESTABLISHED_CONSUMER","volumeLoadEligible|Room exercises|app/src/main/java/com/training/trackplanner/data/ExerciseMetadataBackupContract.kt#normalize","1","No v2.2-reviewed exact consumer decision"
"UNESTABLISHED_CONSUMER","volumeLoadEligible|Room exercises|app/src/main/java/com/training/trackplanner/data/ExerciseMetadataMapper.kt#applyMetadata","1","No v2.2-reviewed exact consumer decision"
"UNESTABLISHED_CONSUMER","volumeLoadEligible|Room exercises|app/src/main/java/com/training/trackplanner/data/ExerciseStableKeyMigration.kt#createExerciseTable","1","No v2.2-reviewed exact consumer decision"
"UNESTABLISHED_CONSUMER","volumeLoadEligible|Room exercises|app/src/main/java/com/training/trackplanner/data/ExerciseStableKeyMigration.kt#insertUnresolvedExercise","1","No v2.2-reviewed exact consumer decision"
"UNESTABLISHED_CONSUMER","volumeLoadEligible|Room exercises|app/src/main/java/com/training/trackplanner/data/ExerciseStableKeyMigration.kt#migrate","1","No v2.2-reviewed exact consumer decision"
"UNESTABLISHED_CONSUMER","volumeLoadEligible|Room exercises|app/src/main/java/com/training/trackplanner/data/MetadataSanityChecker.kt#check","1","No v2.2-reviewed exact consumer decision"
"UNESTABLISHED_CONSUMER","volumeLoadEligible|Room exercises|app/src/main/java/com/training/trackplanner/data/RuntimeExerciseMetadataResolver.kt#Exercise","1","No v2.2-reviewed exact consumer decision"
"UNESTABLISHED_CONSUMER","volumeLoadEligible|Room exercises|app/src/main/java/com/training/trackplanner/data/RuntimeExerciseMetadataResolver.kt#forExercise","1","No v2.2-reviewed exact consumer decision"
"UNESTABLISHED_CONSUMER","volumeLoadEligible|Room exercises|app/src/main/java/com/training/trackplanner/data/TrainingDatabase.kt#migrate","1","No v2.2-reviewed exact consumer decision"
"UNESTABLISHED_CONSUMER","volumeLoadEligible|Room exercises|app/src/main/java/com/training/trackplanner/data/TrainingRoleSplitMigration.kt#createExercisesWithoutLegacyRole","1","No v2.2-reviewed exact consumer decision"
"UNESTABLISHED_CONSUMER","volumeLoadEligible|Room exercises|app/src/main/java/com/training/trackplanner/data/TrainingRoleSplitMigration.kt#migrateIntrinsicTrainingRoles","1","No v2.2-reviewed exact consumer decision"
"UNRESOLVED_ROWS","UNRESOLVED","4247","Explicitly unresolved, not approved"
"V2_2_REVIEWED_DECISION","activityKind","100","NON_METADATA_LEGACY_COMPATIBILITY"
"V2_2_REVIEWED_DECISION","analysisEligibility","114","BADMINTON;OFI;PRESENTATION;PROGRAM_GENERATION;PROVENANCE_REVIEW;STRENGTH_PERFORMANCE;UNRESOLVED"
"V2_2_REVIEWED_DECISION","defaultRestSeconds","37","PROGRAM_GENERATION"
"V2_2_REVIEWED_DECISION","progressMetricType","96","NON_METADATA_COMPATIBILITY_OR_ANALYSIS_PROTOCOL"
