korean,english,provenance,sourcePath
"최근 기록만으로는 낮은 반복·고중량 훈련이 부족한 것인지, 의도적으로 피하는 것인지 구분하기 어렵습니다. 앞으로 저항훈련에서 근력 향상을 어느 정도 원하나요?",Recent records cannot distinguish insufficient low-rep heavy training from deliberate avoidance. How much strength improvement do you want from resistance training?,CODEX_GENERATED_ENGLISH,app/src/main/java/com/training/trackplanner/data/personalized/PersonalizedDecisionComponents.kt
근비대만 우선,Prioritize hypertrophy only,CODEX_GENERATED_ENGLISH,app/src/main/java/com/training/trackplanner/data/personalized/PersonalizedDecisionComponents.kt
근비대 + 근력,Hypertrophy + strength,CODEX_GENERATED_ENGLISH,app/src/main/java/com/training/trackplanner/data/personalized/PersonalizedDecisionComponents.kt
근력 우선,Prioritize strength,CODEX_GENERATED_ENGLISH,app/src/main/java/com/training/trackplanner/data/personalized/PersonalizedDecisionComponents.kt
최근 28일 저항운동 기록이 없어 균형 잡힌 재진입 구조를 사용합니다.,"No resistance training was recorded in the last 28 days, so a balanced re-entry structure is used.",CODEX_GENERATED_ENGLISH,app/src/main/java/com/training/trackplanner/data/personalized/PersonalizedDecisionComponents.kt
배드민턴 계획 의도는 활성화됐지만 최근 구조화 훈련 기록이 없어 기초 온램프를 사용합니다.,"Badminton planning is enabled, but no recent structured training was recorded, so a foundational on-ramp is used.",CODEX_GENERATED_ENGLISH,app/src/main/java/com/training/trackplanner/data/personalized/PersonalizedDecisionComponents.kt
고중량은 의도적으로 피하고 싶음,I want to avoid heavy loading,CODEX_GENERATED_ENGLISH,app/src/main/java/com/training/trackplanner/data/personalized/PersonalizedDecisionComponents.kt
잘 모르겠음,Not sure,CODEX_GENERATED_ENGLISH,app/src/main/java/com/training/trackplanner/data/personalized/PersonalizedDecisionComponents.kt
배드민턴 경기력 향상을 위한 구조화 훈련을 프로그램에 포함할까요?,Include structured training for badminton performance?,CODEX_GENERATED_ENGLISH,app/src/main/java/com/training/trackplanner/data/personalized/PersonalizedDecisionComponents.kt
포함,Include,CODEX_GENERATED_ENGLISH,app/src/main/java/com/training/trackplanner/data/personalized/PersonalizedDecisionComponents.kt
포함하지 않음,Do not include,CODEX_GENERATED_ENGLISH,app/src/main/java/com/training/trackplanner/data/personalized/PersonalizedDecisionComponents.kt
낮은 강도의 프리웨이트 또는 편측 운동을 새 자극으로 포함해도 될까요?,May the plan include low-intensity free-weight or unilateral work as a new stimulus?,CODEX_GENERATED_ENGLISH,app/src/main/java/com/training/trackplanner/data/personalized/PersonalizedDecisionComponents.kt
포함 가능,May include,CODEX_GENERATED_ENGLISH,app/src/main/java/com/training/trackplanner/data/personalized/PersonalizedDecisionComponents.kt
피하고 싶음,Prefer to avoid,CODEX_GENERATED_ENGLISH,app/src/main/java/com/training/trackplanner/data/personalized/PersonalizedDecisionComponents.kt
배드민턴 의도는 활성화됐지만 구조화 훈련 기록이 없어 기초 온램프가 필요합니다.,Badminton planning is enabled but there is no structured history so a foundational on-ramp is needed.,CODEX_GENERATED_ENGLISH,app/src/main/java/com/training/trackplanner/data/personalized/PersonalizedDecisionComponents.kt
고중량 선호가 미해결이어서 새로운 고중량 특화를 추가하지 않은 임시 계획입니다.,Heavy-load preference is unresolved so this provisional plan does not add new heavy specialization.,CODEX_GENERATED_ENGLISH,app/src/main/java/com/training/trackplanner/data/personalized/PersonalizedDecisionComponents.kt
배드민턴 계획 의도가 미해결이어서 배드민턴 드릴을 새로 추가하지 않았습니다.,Badminton planning intent is unresolved so no new badminton drills were added.,CODEX_GENERATED_ENGLISH,app/src/main/java/com/training/trackplanner/data/personalized/PersonalizedDecisionComponents.kt
확인되지 않은 새 운동의 시작 중량은 RPE 기반으로 결정하며 기계 중량을 프리웨이트 중량으로 변환하지 않습니다.,Starting loads for untested exercises are determined by RPE and machine loads are not converted to free-weight loads.,CODEX_GENERATED_ENGLISH,app/src/main/java/com/training/trackplanner/data/personalized/PersonalizedDecisionComponents.kt
25초 × 3세트 · RPE 5–6.5,25 sec × 3 sets · RPE 5–6.5,CODEX_GENERATED_ENGLISH,app/src/main/java/com/training/trackplanner/data/personalized/PersonalizedProgramBuilder.kt
8–12회 × 3세트 · RPE 6–8 (첫 세션에서 중량 확인),8–12 reps × 3 sets · RPE 6–8 (find load in first session),CODEX_GENERATED_ENGLISH,app/src/main/java/com/training/trackplanner/data/personalized/PersonalizedProgramBuilder.kt
일반 배드민턴 세션은 프로그램 항목으로 생성할 수 없습니다.,Generic badminton sessions cannot be generated as program items.,CODEX_GENERATED_ENGLISH,app/src/main/java/com/training/trackplanner/data/personalized/PersonalizedProgramBuilder.kt
근비대 중심,Hypertrophy dominant,CODEX_GENERATED_ENGLISH,app/src/main/java/com/training/trackplanner/PlanGeneratedPreview.kt
근력 중심,Strength dominant,CODEX_GENERATED_ENGLISH,app/src/main/java/com/training/trackplanner/PlanGeneratedPreview.kt
근력·근비대 혼합,Mixed strength and hypertrophy,CODEX_GENERATED_ENGLISH,app/src/main/java/com/training/trackplanner/PlanGeneratedPreview.kt
종합 혼합,General mixed,CODEX_GENERATED_ENGLISH,app/src/main/java/com/training/trackplanner/PlanGeneratedPreview.kt
탑세트 근비대,Top-set hypertrophy,CODEX_GENERATED_ENGLISH,app/src/main/java/com/training/trackplanner/PlanGeneratedPreview.kt
탑세트·백오프,Top set and backoff,CODEX_GENERATED_ENGLISH,app/src/main/java/com/training/trackplanner/PlanGeneratedPreview.kt
동일중량 5×5,Straight 5×5,CODEX_GENERATED_ENGLISH,app/src/main/java/com/training/trackplanner/PlanGeneratedPreview.kt
동일중량 근력 세트,Straight strength sets,CODEX_GENERATED_ENGLISH,app/src/main/java/com/training/trackplanner/PlanGeneratedPreview.kt
Madcow형 H/L/M 램핑,Madcow-like H/L/M ramping,CODEX_GENERATED_ENGLISH,app/src/main/java/com/training/trackplanner/PlanGeneratedPreview.kt
주간 파동형,Daily undulating,CODEX_GENERATED_ENGLISH,app/src/main/java/com/training/trackplanner/PlanGeneratedPreview.kt
기록 기반 계획 요약,Record-based plan summary,CODEX_GENERATED_ENGLISH,app/src/main/java/com/training/trackplanner/PlanGeneratedPreview.kt
기록 기반 계획 확인,Review record-based plan,CODEX_GENERATED_ENGLISH,app/src/main/java/com/training/trackplanner/PlanScreen.kt
기록 기반 알고리듬 프로그램 다시 만들기,Regenerate record-based algorithmic program,CODEX_GENERATED_ENGLISH,app/src/main/java/com/training/trackplanner/PlanScreen.kt
기록 기반 알고리듬 프로그램 만들기,Create record-based algorithmic program,CODEX_GENERATED_ENGLISH,app/src/main/java/com/training/trackplanner/PlanScreen.kt
완료 기록과 canonical 메타데이터를 확인하는 중입니다.,Checking completed records and canonical metadata.,CODEX_GENERATED_ENGLISH,app/src/main/java/com/training/trackplanner/TrainingViewModel.kt
적응 상태와 보완 대상을 분석하는 중입니다.,Analyzing adaptation state and coverage targets.,CODEX_GENERATED_ENGLISH,app/src/main/java/com/training/trackplanner/TrainingViewModel.kt
기록 기반 계획 생성 시간이 초과되었습니다.,Record-based plan generation timed out.,CODEX_GENERATED_ENGLISH,app/src/main/java/com/training/trackplanner/TrainingViewModel.kt
기록 기반 계획 생성에 실패했습니다.,Record-based plan generation failed.,CODEX_GENERATED_ENGLISH,app/src/main/java/com/training/trackplanner/TrainingViewModel.kt
자세히 알아보기,Learn more,CODEX_GENERATED_ENGLISH,app/src/main/java/com/training/trackplanner/DocumentationLinks.kt
전체 문서 보기,View all documentation,CODEX_GENERATED_ENGLISH,app/src/main/java/com/training/trackplanner/DocumentationLinks.kt
닫기,Close,CODEX_GENERATED_ENGLISH,app/src/main/java/com/training/trackplanner/CommonUi.kt
RPE 대비 운동량,Training volume relative to RPE,CODEX_GENERATED_ENGLISH,app/src/main/java/com/training/trackplanner/analysis/lab/AnalysisMetricRegistry.kt
하체,Lower body,CODEX_GENERATED_ENGLISH,app/src/main/java/com/training/trackplanner/analysis/lab/MuscleBucketSelection.kt
선택됨,Selected,CODEX_GENERATED_ENGLISH,app/src/main/java/com/training/trackplanner/analysis/lab/MuscleBucketSelection.kt
시간,Duration,CODEX_GENERATED_ENGLISH,app/src/main/java/com/training/trackplanner/PlanGeneratedPreview.kt
런지,Lunge,CODEX_GENERATED_ENGLISH,app/src/main/java/com/training/trackplanner/analysis/lab/MuscleLoadInputBuilder.kt
벤치프레스,Bench Press,CODEX_GENERATED_ENGLISH,app/src/main/java/com/training/trackplanner/analysis/proxyperformance/ProxyPerformanceModels.kt
데드리프트,Barbell Deadlift,CODEX_GENERATED_ENGLISH,app/src/main/java/com/training/trackplanner/analysis/proxyperformance/ProxyPerformanceModels.kt
없음,None,CODEX_GENERATED_ENGLISH,app/src/main/java/com/training/trackplanner/analysis/readiness/FatigueDetailSectionBuilder.kt
상승,Upward,CODEX_GENERATED_ENGLISH,app/src/main/java/com/training/trackplanner/analysis/trends/PerformanceTrendSentenceBuilder.kt
현재 근력 분석을 재계산하지 못했습니다.,Current strength analysis could not be recalculated.,CODEX_GENERATED_ENGLISH,app/src/main/java/com/training/trackplanner/AnalysisPersistentStrengthPerformanceUi.kt
"보존된 운동 기록으로 근력 분석을 처음부터 다시 계산하고 있습니다.
시간이 걸려도 화면을 닫지 않아도 됩니다.","Recalculating strength analysis from the beginning using your preserved workout records.
You can leave this screen open while it runs.",CODEX_GENERATED_ENGLISH,app/src/main/java/com/training/trackplanner/AnalysisPersistentStrengthPerformanceUi.kt
운동량,Training volume,CODEX_GENERATED_ENGLISH,app/src/main/java/com/training/trackplanner/AnalysisStrengthTrendSections.kt
오류 유형: ,Error type: ,CODEX_GENERATED_ENGLISH,app/src/main/java/com/training/trackplanner/data/PerformanceTrendSummaryService.kt
취소,Cancel,CODEX_GENERATED_ENGLISH,app/src/main/java/com/training/trackplanner/HomeDailyCheckInCard.kt
"현재 상태
","Current status
",CODEX_GENERATED_ENGLISH,app/src/main/java/com/training/trackplanner/HomeScreen.kt
현재 상태: ,Current status: ,CODEX_GENERATED_ENGLISH,app/src/main/java/com/training/trackplanner/HomeScreen.kt
무거운 데드리프트,Heavy deadlift,CODEX_GENERATED_ENGLISH,app/src/main/java/com/training/trackplanner/InitialProfileDialog.kt
) { it.label }} 자극이 부족합니다.,) { it.label }} Lack of stimulation.,CODEX_GENERATED_ENGLISH,app/src/main/java/com/training/trackplanner/localization/GeneratedLocalizationCatalogue.kt
)} 부담이 함께 누적된 영향일 가능성이 큽니다.,)} It is most likely a cumulative effect of the burden.,CODEX_GENERATED_ENGLISH,app/src/main/java/com/training/trackplanner/localization/GeneratedLocalizationCatalogue.kt
)} 부하에 많이 기여한 기록입니다.,)} This is a record that contributed a lot to the load.,CODEX_GENERATED_ENGLISH,app/src/main/java/com/training/trackplanner/localization/GeneratedLocalizationCatalogue.kt
0~24 사이의 숫자를 입력하세요.,Please enter a number between 0 and 24.,CODEX_GENERATED_ENGLISH,app/src/main/java/com/training/trackplanner/HomeDailyCheckInCard.kt
0보다 큰 숫자를 입력하세요.,Please enter a number greater than 0.,CODEX_GENERATED_ENGLISH,app/src/main/java/com/training/trackplanner/HomeDailyCheckInCard.kt
0초,0 seconds,CODEX_GENERATED_ENGLISH,app/src/main/java/com/training/trackplanner/CommonUi.kt
1. 기본 운동 정보,1. Basic exercise information,CODEX_GENERATED_ENGLISH,app/src/main/java/com/training/trackplanner/localization/GeneratedLocalizationCatalogue.kt
12주,12 weeks,CODEX_GENERATED_ENGLISH,app/src/main/java/com/training/trackplanner/analysis/fatigue/FatigueAnalysisModels.kt
1~2주,1-2 weeks,CODEX_GENERATED_ENGLISH,app/src/main/java/com/training/trackplanner/InitialProfileDialog.kt
1~4주 뒤 표준화 반응,Standardized response 1 to 4 weeks later,CODEX_GENERATED_ENGLISH,app/src/main/java/com/training/trackplanner/AnalysisLabUi.kt
"1~5회는 저반복/고강도, 6~9회는 중반복/중강도, 10회 이상은 고반복/볼륨으로 분류합니다.","1 to 5 reps are classified as low reps/high intensity, 6 to 9 reps are medium reps/moderate intensity, and 10 or more reps are classified as high reps/volume.",CODEX_GENERATED_ENGLISH,app/src/main/java/com/training/trackplanner/AnalysisStrengthTrendSections.kt
1주 미만,less than 1 week,CODEX_GENERATED_ENGLISH,app/src/main/java/com/training/trackplanner/InitialProfileDialog.kt
2-3세트 x 3-5회 · 보수적 중량 · RPE 6.5-7.5,2-3 sets x 3-5 reps · Conservative weight · RPE 6.5-7.5,CODEX_GENERATED_ENGLISH,app/src/main/java/com/training/trackplanner/data/ProgramIntensityResolver.kt
2-3세트 x 8-12회 · RPE 6.5-7.5,2-3 sets x 8-12 reps · RPE 6.5-7.5,CODEX_GENERATED_ENGLISH,app/src/main/java/com/training/trackplanner/data/ProgramIntensityResolver.kt
2. 프로그램/분석,2. Program/Analysis,CODEX_GENERATED_ENGLISH,app/src/main/java/com/training/trackplanner/localization/GeneratedLocalizationCatalogue.kt
28주,28 weeks,CODEX_GENERATED_ENGLISH,app/src/main/java/com/training/trackplanner/analysis/fatigue/FatigueAnalysisModels.kt
2세트 x 3-8회 · RPE 6-7.5 · 디로딩,2 sets x 3-8 reps · RPE 6-7.5 · Deloading,CODEX_GENERATED_ENGLISH,app/src/main/java/com/training/trackplanner/data/ProgramIntensityResolver.kt
2주,2 weeks,CODEX_GENERATED_ENGLISH,app/src/main/java/com/training/trackplanner/analysis/fatigue/FatigueAnalysisModels.kt
3-4세트 x 12-20회 · RPE 6-7.5,3-4 sets x 12-20 reps · RPE 6-7.5,CODEX_GENERATED_ENGLISH,app/src/main/java/com/training/trackplanner/data/ProgramIntensityResolver.kt
3-4세트 x 8-15회,3-4 sets x 8-15 reps,CODEX_GENERATED_ENGLISH,app/src/main/java/com/training/trackplanner/data/ProgramIntensityResolver.kt
3. 동작 분류,3. Movement classification,CODEX_GENERATED_ENGLISH,app/src/main/java/com/training/trackplanner/localization/GeneratedLocalizationCatalogue.kt
3~4주,3-4 weeks,CODEX_GENERATED_ENGLISH,app/src/main/java/com/training/trackplanner/InitialProfileDialog.kt
3라운드 x 10-20초,3 rounds x 10-20 seconds,CODEX_GENERATED_ENGLISH,app/src/main/java/com/training/trackplanner/data/ProgramIntensityResolver.kt
3세트 x 3-5회 · RPE 7.5-8.5,3 sets x 3-5 reps · RPE 7.5-8.5,CODEX_GENERATED_ENGLISH,app/src/main/java/com/training/trackplanner/data/ProgramIntensityResolver.kt
3세트 x 5회/side,3 sets x 5 reps/side,CODEX_GENERATED_ENGLISH,app/src/main/java/com/training/trackplanner/data/ProgramIntensityResolver.kt
3세트 x 8-12회,3 sets x 8-12 reps,CODEX_GENERATED_ENGLISH,app/src/main/java/com/training/trackplanner/data/ProgramIntensityResolver.kt
3세트 x 8-12회 · RPE 6.5-8,3 sets x 8-12 reps · RPE 6.5-8,CODEX_GENERATED_ENGLISH,app/src/main/java/com/training/trackplanner/data/ProgramIntensityResolver.kt
3세트 x 8-12회 · 보수적 중량 · RPE 6.5-8,3 sets x 8-12 reps · Conservative weight · RPE 6.5-8,CODEX_GENERATED_ENGLISH,app/src/main/java/com/training/trackplanner/data/ProgramIntensityResolver.kt
3세트 x 8-15회,3 sets x 8-15 reps,CODEX_GENERATED_ENGLISH,app/src/main/java/com/training/trackplanner/data/ProgramIntensityResolver.kt
4. 스트레스/피로,4. Stress/fatigue,CODEX_GENERATED_ENGLISH,app/src/main/java/com/training/trackplanner/localization/GeneratedLocalizationCatalogue.kt
45분 세션에 맞게 운동 수를 조정했습니다.,The number of exercises was adjusted to fit a 45-minute session.,CODEX_GENERATED_ENGLISH,app/src/main/java/com/training/trackplanner/data/ProgramEvaluationPolicy.kt
4주,4 weeks,CODEX_GENERATED_ENGLISH,app/src/main/java/com/training/trackplanner/analysis/fatigue/FatigueAnalysisModels.kt
5. 배드민턴 전이,5. Badminton transfer,CODEX_GENERATED_ENGLISH,app/src/main/java/com/training/trackplanner/localization/GeneratedLocalizationCatalogue.kt
5~8주,5-8 weeks,CODEX_GENERATED_ENGLISH,app/src/main/java/com/training/trackplanner/InitialProfileDialog.kt
6. 근거/상태,6. Basis/Status,CODEX_GENERATED_ENGLISH,app/src/main/java/com/training/trackplanner/localization/GeneratedLocalizationCatalogue.kt
6방향 랜덤 콕줍기,6-way random pick,CODEX_GENERATED_ENGLISH,app/src/main/java/com/training/trackplanner/data/ProgramRuleTables.kt
7. 고급 런타임 필드,7. Advanced runtime fields,CODEX_GENERATED_ENGLISH,app/src/main/java/com/training/trackplanner/localization/GeneratedLocalizationCatalogue.kt
"80% 구간은 잔차분산을 반영한 탐색적 근사 구간입니다. 값은 표준화된 변화량 기준이며, 표본이 적으면 방향만 참고하세요.","The 80% interval is an exploratory approximation interval that reflects the residual variance. Values ​​are based on standardized change, and if the sample is small, refer only to the direction.",CODEX_GENERATED_ENGLISH,app/src/main/java/com/training/trackplanner/AnalysisLabUi.kt
80% 추정 범위,80% estimated range,CODEX_GENERATED_ENGLISH,app/src/main/java/com/training/trackplanner/AnalysisProxyPerformanceUi.kt
8주,8 weeks,CODEX_GENERATED_ENGLISH,app/src/main/java/com/training/trackplanner/analysis/fatigue/FatigueAnalysisModels.kt
8주 미만 기록은 관계 판단에 사용하지 않습니다.,Records less than 8 weeks old will not be used to determine relationships.,CODEX_GENERATED_ENGLISH,app/src/main/java/com/training/trackplanner/AnalysisLabUi.kt
8주 이상,8 weeks or more,CODEX_GENERATED_ENGLISH,app/src/main/java/com/training/trackplanner/InitialProfileDialog.kt
90분 이상 코트 시간 뒤 반응을 봅니다,See reactions after 90+ minutes of court time,CODEX_GENERATED_ENGLISH,app/src/main/java/com/training/trackplanner/analysis/coach/CourtDurationRecoveryAnalyzer.kt
Bayesian 시계열 분석,Bayesian time series analysis,CODEX_GENERATED_ENGLISH,app/src/main/java/com/training/trackplanner/AnalysisLabUi.kt
Bayesian 시계열 분석 결과,Bayesian time series analysis results,CODEX_GENERATED_ENGLISH,app/src/main/java/com/training/trackplanner/AnalysisLabUi.kt
CSV 복원,CSV Restore,CODEX_GENERATED_ENGLISH,app/src/main/java/com/training/trackplanner/data/ExercisePlanning.kt
D_raw 공식,D_raw formula,CODEX_GENERATED_ENGLISH,app/src/main/java/com/training/trackplanner/analysis/tissue/TissueRcvAssetRepository.kt
DailyMetric 수면/체중은 삭제하지 않습니다.,DailyMetric does not delete sleep/weight.,CODEX_GENERATED_ENGLISH,app/src/main/java/com/training/trackplanner/localization/GeneratedLocalizationCatalogue.kt
EZ바 리버스 컬,EZ bar reverse curl,CODEX_GENERATED_ENGLISH,app/src/main/java/com/training/trackplanner/data/ProgramRuleTables.kt
I 규칙,I rule,CODEX_GENERATED_ENGLISH,app/src/main/java/com/training/trackplanner/analysis/tissue/TissueRcvAssetRepository.kt
I 우선순위,I Priority,CODEX_GENERATED_ENGLISH,app/src/main/java/com/training/trackplanner/analysis/tissue/TissueRcvAssetRepository.kt
M0 · 직전값 기준,M0 · Based on previous value,CODEX_GENERATED_ENGLISH,app/src/main/java/com/training/trackplanner/AnalysisProxyPerformanceUi.kt
M1 · 직접 기록,M1 · Direct recording,CODEX_GENERATED_ENGLISH,app/src/main/java/com/training/trackplanner/AnalysisProxyPerformanceUi.kt
M2 · 공유 요인,M2 Shared Factor,CODEX_GENERATED_ENGLISH,app/src/main/java/com/training/trackplanner/AnalysisProxyPerformanceUi.kt
M3 · 공유+종목 요인,M3 · Share + Stock Factor,CODEX_GENERATED_ENGLISH,app/src/main/java/com/training/trackplanner/AnalysisProxyPerformanceUi.kt
P 역할,P role,CODEX_GENERATED_ENGLISH,app/src/main/java/com/training/trackplanner/analysis/tissue/TissueRcvAssetRepository.kt
RED 피로 상태에서는 hard day가 0이어야 합니다.,"In RED fatigue state, hard day should be 0.",CODEX_GENERATED_ENGLISH,app/src/main/java/com/training/trackplanner/data/ProgramBuilderValidation.kt
RIR 정책 ${summary.rirPolicyVersion ?:,RIR Policy ${summary.rirPolicyVersion ?:,CODEX_GENERATED_ENGLISH,app/src/main/java/com/training/trackplanner/localization/GeneratedLocalizationCatalogue.kt
RPE 미입력 하한 관측,RPE not entered lower limit observation,CODEX_GENERATED_ENGLISH,app/src/main/java/com/training/trackplanner/AnalysisPersistentStrengthPerformanceUi.kt
RPE 상승,RPE elevation,CODEX_GENERATED_ENGLISH,app/src/main/java/com/training/trackplanner/analysis/readiness/FatigueDetailSectionBuilder.kt
RPE 설정,RPE settings,CODEX_GENERATED_ENGLISH,app/src/main/java/com/training/trackplanner/localization/GeneratedLocalizationCatalogue.kt
RPE 없음,No RPE,CODEX_GENERATED_ENGLISH,app/src/main/java/com/training/trackplanner/localization/GeneratedLocalizationCatalogue.kt
RPE 확률 관측,RPE probability observation,CODEX_GENERATED_ENGLISH,app/src/main/java/com/training/trackplanner/AnalysisPersistentStrengthPerformanceUi.kt
RPE/세트 여유 조절,RPE/set clearance adjustment,CODEX_GENERATED_ENGLISH,app/src/main/java/com/training/trackplanner/analysis/readiness/PhaseAwareTodayStatus.kt
X 변수,X variable,CODEX_GENERATED_ENGLISH,app/src/main/java/com/training/trackplanner/AnalysisLabUi.kt
X축,X-AXIS,CODEX_GENERATED_ENGLISH,app/src/main/java/com/training/trackplanner/AnalysisLabUi.kt
X축과 Y축은 서로 다른 지표를 선택하세요.,Select different indicators for the X-axis and Y-axis.,CODEX_GENERATED_ENGLISH,app/src/main/java/com/training/trackplanner/analysis/trends/ScatterRelationshipAnalyzer.kt
Y 변수,Y variable,CODEX_GENERATED_ENGLISH,app/src/main/java/com/training/trackplanner/AnalysisLabUi.kt
Y축,Y axis,CODEX_GENERATED_ENGLISH,app/src/main/java/com/training/trackplanner/AnalysisLabUi.kt
[가-힣],[Ga-hi],CODEX_GENERATED_ENGLISH,app/src/main/java/com/training/trackplanner/localization/GeneratedLocalizationCatalogue.kt
canonical OFI 기준으로 집계한 피로 흐름입니다.,Fatigue flow aggregated based on canonical OFI.,CODEX_GENERATED_ENGLISH,app/src/main/java/com/training/trackplanner/AnalysisDetailScreens.kt
credible interval은 posterior 불확실성을 반영하며 인과관계를 확정하지 않습니다.,Credible intervals reflect posterior uncertainty and do not confirm causal relationships.,CODEX_GENERATED_ENGLISH,app/src/main/java/com/training/trackplanner/AnalysisLabUi.kt
csv 복원 운동,csv restoration exercise,CODEX_GENERATED_ENGLISH,app/src/main/java/com/training/trackplanner/analysis/features/AnalysisExerciseDisplayNameResolver.kt
e1RM 하락,e1RM drop,CODEX_GENERATED_ENGLISH,app/src/main/java/com/training/trackplanner/analysis/readiness/FatigueDetailSectionBuilder.kt
kg 설정,kg setting,CODEX_GENERATED_ENGLISH,app/src/main/java/com/training/trackplanner/RecordBulkEditDialog.kt
kg 수정,kg fix,CODEX_GENERATED_ENGLISH,app/src/main/java/com/training/trackplanner/RecordSetRow.kt
} · 매칭 ${selected.curveMatchLevel ?:,} · Matching ${selected.curveMatchLevel ?:,CODEX_GENERATED_ENGLISH,app/src/main/java/com/training/trackplanner/localization/GeneratedLocalizationCatalogue.kt
} · 보정 ${point.curveCalibrationStatus ?:,} · Calibration ${point.curveCalibrationStatus ?:,CODEX_GENERATED_ENGLISH,app/src/main/java/com/training/trackplanner/localization/GeneratedLocalizationCatalogue.kt
} · 상태 ${summary.activeRevisionStatus ?:,} · Status ${summary.activeRevisionStatus ?:,CODEX_GENERATED_ENGLISH,app/src/main/java/com/training/trackplanner/localization/GeneratedLocalizationCatalogue.kt
} · 스키마 ${summary.factorSchemaVersion ?:,} · Schema ${summary.factorSchemaVersion ?:,CODEX_GENERATED_ENGLISH,app/src/main/java/com/training/trackplanner/localization/GeneratedLocalizationCatalogue.kt
} · 최근 처리 ${selected.lastProcessedSessionDate ?:,} · Last Processed ${selected.lastProcessedSessionDate ?:,CODEX_GENERATED_ENGLISH,app/src/main/java/com/training/trackplanner/localization/GeneratedLocalizationCatalogue.kt
가벼운 상체,light upper body,CODEX_GENERATED_ENGLISH,app/src/main/java/com/training/trackplanner/analysis/readiness/TodayReadinessSentenceBuilder.kt
가속/첫 스텝,Acceleration/First Step,CODEX_GENERATED_ENGLISH,app/src/main/java/com/training/trackplanner/analysis/trends/BadmintonTrainingMethodLabels.kt
가장 높은 국소 부위의 주간 부담,Weekly burden of highest local area,CODEX_GENERATED_ENGLISH,app/src/main/java/com/training/trackplanner/analysis/lab/AnalysisMetricRegistry.kt
각 주마다 어떤 배드민턴 전이 목적의 자극이 많았는지 보여줍니다. 운동 하나가 여러 전이 목적에 동시에 해당할 수 있어 자극량은 중복 반영됩니다. 월별이 아니라 주별 집계입니다.,"It shows which badminton transfer purpose stimuli were most prevalent in each state. One exercise can serve multiple transfer purposes simultaneously, so the amount of stimulation is reflected redundantly. This is a weekly tally, not monthly.",CODEX_GENERATED_ENGLISH,app/src/main/java/com/training/trackplanner/AnalysisDetailScreens.kt
간단히,simply,CODEX_GENERATED_ENGLISH,app/src/main/java/com/training/trackplanner/analysis/fatigue/ui/FatigueAnalysisSection.kt
"강도, 수행량, 효율을 합친 주간 근력 지수","Weekly strength index combining intensity, performance, and efficiency",CODEX_GENERATED_ENGLISH,app/src/main/java/com/training/trackplanner/analysis/lab/AnalysisMetricRegistry.kt
강도나 반복 부위를 조절하세요.,Adjust the intensity or repetition area.,CODEX_GENERATED_ENGLISH,app/src/main/java/com/training/trackplanner/analysis/fatigue/FatigueMath.kt
강한 nRM 관측,Strong nRM observation,CODEX_GENERATED_ENGLISH,app/src/main/java/com/training/trackplanner/AnalysisPersistentStrengthPerformanceUi.kt
같은 기간의 두 지표가 함께 움직이는지 봅니다.,See if two indicators over the same period move together.,CODEX_GENERATED_ENGLISH,app/src/main/java/com/training/trackplanner/AnalysisScreen.kt
같은 날 운동 후 예상치입니다. 회복 미완료 여부는 다음 날 컨디션과 피로 흐름으로 다시 확인하세요.,This is the estimate after exercising on the same day. Check your condition and fatigue the next day to determine if recovery is incomplete.,CODEX_GENERATED_ENGLISH,app/src/main/java/com/training/trackplanner/analysis/readiness/PhaseAwareTodayStatus.kt
같은 주에 함께 움직이는 패턴을 탐색한 결과입니다.,This is the result of exploring patterns that move together during the same week.,CODEX_GENERATED_ENGLISH,app/src/main/java/com/training/trackplanner/analysis/trends/ScatterRelationshipAnalyzer.kt
같은 중량 반복수가 줄었습니다.,The number of repetitions of the same weight was reduced.,CODEX_GENERATED_ENGLISH,app/src/main/java/com/training/trackplanner/analysis/readiness/PerformanceDropDetector.kt
같은 중량에서 체감 강도가 높아졌습니다.,The perceived strength has increased at the same weight.,CODEX_GENERATED_ENGLISH,app/src/main/java/com/training/trackplanner/analysis/readiness/PerformanceDropDetector.kt
개인 기준선은 최근 기록으로 재계산됩니다.,Your personal baseline will be recalculated using your most recent records.,CODEX_GENERATED_ENGLISH,app/src/main/java/com/training/trackplanner/analysis/readiness/FatigueDetailSectionBuilder.kt
개인화 기준선,Personalization Baseline,CODEX_GENERATED_ENGLISH,app/src/main/java/com/training/trackplanner/analysis/readiness/FatigueDetailSectionBuilder.kt
"객관적 운동 부하는 평소 수준이지만, 오늘 전신 피로 입력이 높아 회복 상태를 주의로 봅니다.","The objective exercise load is at the usual level, but today's overall fatigue input is high, so recovery status is viewed with caution.",CODEX_GENERATED_ENGLISH,app/src/main/java/com/training/trackplanner/analysis/coach/CoachCheckInInterpreter.kt
건 스트레스,gun stress,CODEX_GENERATED_ENGLISH,app/src/main/java/com/training/trackplanner/localization/GeneratedLocalizationCatalogue.kt
검색,search,CODEX_GENERATED_ENGLISH,app/src/main/java/com/training/trackplanner/AnalysisDetailScreens.kt
검색 결과가 없습니다.,No search results.,CODEX_GENERATED_ENGLISH,app/src/main/java/com/training/trackplanner/analysis/fatigue/ui/FatigueSourceMultiSelect.kt
검색어 지우기,Clear search term,CODEX_GENERATED_ENGLISH,app/src/main/java/com/training/trackplanner/localization/GeneratedLocalizationCatalogue.kt
검토된 최소 local 관측 수 미충족,Minimum number of local observations reviewed not met,CODEX_GENERATED_ENGLISH,app/src/main/java/com/training/trackplanner/analysis/strengthperformance/PersistentStrengthPerformanceSummary.kt
계산 중,Calculating,CODEX_GENERATED_ENGLISH,app/src/main/java/com/training/trackplanner/analysis/fatigue/DailyFatigueModels.kt
계산기가 추가 오류 메시지를 남기지 않았습니다.,The calculator did not leave any additional error messages.,CODEX_GENERATED_ENGLISH,app/src/main/java/com/training/trackplanner/data/PerformanceTrendSummaryService.kt
계획,Plan,CODEX_GENERATED_ENGLISH,app/src/main/java/com/training/trackplanner/localization/GeneratedLocalizationCatalogue.kt
계획 0세트,Plan 0 sets,CODEX_GENERATED_ENGLISH,app/src/main/java/com/training/trackplanner/localization/GeneratedLocalizationCatalogue.kt
계획대로 진행 가능,Can proceed as planned,CODEX_GENERATED_ENGLISH,app/src/main/java/com/training/trackplanner/analysis/readiness/PhaseAwareTodayStatus.kt
계획에 보완할 여지가 있습니다,There is room for improvement in the plan,CODEX_GENERATED_ENGLISH,app/src/main/java/com/training/trackplanner/analysis/text/AnalysisSentencePolicy.kt
계획으로 복사,copy to plan,CODEX_GENERATED_ENGLISH,app/src/main/java/com/training/trackplanner/localization/GeneratedLocalizationCatalogue.kt
고강도 인터벌,high intensity intervals,CODEX_GENERATED_ENGLISH,app/src/main/java/com/training/trackplanner/InitialProfileDialog.kt
고강도 항목 조절,Adjustable high-intensity items,CODEX_GENERATED_ENGLISH,app/src/main/java/com/training/trackplanner/analysis/readiness/PhaseAwareTodayStatus.kt
고관절,hip joint,CODEX_GENERATED_ENGLISH,app/src/main/java/com/training/trackplanner/InitialProfileDialog.kt
고반복/볼륨,High repetitions/volume,CODEX_GENERATED_ENGLISH,app/src/main/java/com/training/trackplanner/AnalysisStrengthTrendSections.kt
고반복/볼륨(10회 이상),High repetitions/volume (10 or more),CODEX_GENERATED_ENGLISH,app/src/main/java/com/training/trackplanner/AnalysisStrengthTrendSections.kt
고부하 항목 조절,Throttling high-load items,CODEX_GENERATED_ENGLISH,app/src/main/java/com/training/trackplanner/analysis/readiness/PhaseAwareTodayStatus.kt
고속 풋워크,high speed footwork,CODEX_GENERATED_ENGLISH,app/src/main/java/com/training/trackplanner/analysis/readiness/FatigueDetailSectionBuilder.kt
고중량 하체,Heavy lower body,CODEX_GENERATED_ENGLISH,app/src/main/java/com/training/trackplanner/analysis/readiness/FatigueDetailSectionBuilder.kt
고중량/힘 기반 신경계 피로,Heavy/force-based nervous system fatigue,CODEX_GENERATED_ENGLISH,app/src/main/java/com/training/trackplanner/analysis/readiness/FatigueDetailSectionBuilder.kt
고중량·힘 신경계,High weight/strength nervous system,CODEX_GENERATED_ENGLISH,app/src/main/java/com/training/trackplanner/analysis/coach/CoachFatigueCauseAnalyzer.kt
고축부하 힌지,High load hinge,CODEX_GENERATED_ENGLISH,app/src/main/java/com/training/trackplanner/analysis/readiness/InitialProfileReadinessAdjuster.kt
곡선 ${point.curveProfileId ?:,curve ${point.curveProfileId ?:,CODEX_GENERATED_ENGLISH,app/src/main/java/com/training/trackplanner/localization/GeneratedLocalizationCatalogue.kt
곡선 ${selected.curveProfileId ?:,Curve ${selected.curveProfileId ?:,CODEX_GENERATED_ENGLISH,app/src/main/java/com/training/trackplanner/localization/GeneratedLocalizationCatalogue.kt
곡선 경계 ${summary.curveVersionBoundaries.ifEmpty { listOf(,Curve Boundaries ${summary.curveVersionBoundaries.ifEmpty { listOf(,CODEX_GENERATED_ENGLISH,app/src/main/java/com/training/trackplanner/localization/GeneratedLocalizationCatalogue.kt
곡선 보정 ${selected.curveCalibrationStatus ?:,Curve Calibration ${selected.curveCalibrationStatus ?:,CODEX_GENERATED_ENGLISH,app/src/main/java/com/training/trackplanner/localization/GeneratedLocalizationCatalogue.kt
공백 이유,blank reason,CODEX_GENERATED_ENGLISH,app/src/main/java/com/training/trackplanner/InitialProfileDialog.kt
공유 근력 신호 전이 조건 미충족,Shared strength signal transition condition not met,CODEX_GENERATED_ENGLISH,app/src/main/java/com/training/trackplanner/analysis/strengthperformance/PersistentStrengthPerformanceSummary.kt
공유 프레스,share press,CODEX_GENERATED_ENGLISH,app/src/main/java/com/training/trackplanner/AnalysisProxyPerformanceUi.kt
과,class,CODEX_GENERATED_ENGLISH,app/src/main/java/com/training/trackplanner/analysis/readiness/TodayFatigueStatusLabeler.kt
관계,relationship,CODEX_GENERATED_ENGLISH,app/src/main/java/com/training/trackplanner/AnalysisChartUi.kt
관계 분석은 기록이 더 필요합니다.,Relationship analysis requires more records.,CODEX_GENERATED_ENGLISH,app/src/main/java/com/training/trackplanner/AnalysisChartUi.kt
관계 탐색 지표를 계산하고 있습니다.,We are calculating relationship navigation metrics.,CODEX_GENERATED_ENGLISH,app/src/main/java/com/training/trackplanner/AnalysisScreen.kt
관계 탐색기,relationship explorer,CODEX_GENERATED_ENGLISH,app/src/main/java/com/training/trackplanner/AnalysisLabUi.kt
관계를 비교할 주간 지표 기록이 부족합니다.,There is a lack of weekly indicator records to compare relationships with.,CODEX_GENERATED_ENGLISH,app/src/main/java/com/training/trackplanner/AnalysisLabUi.kt
관련 운동 수행을 함께 반영한 추정 범위입니다. 실제 e1RM 기록을 대체하지 않습니다.,This is an estimated range that also reflects related exercise performance. It does not replace your actual e1RM recording.,CODEX_GENERATED_ENGLISH,app/src/main/java/com/training/trackplanner/AnalysisProxyPerformanceUi.kt
관련 운동 자체 추정,Self-estimation of related movements,CODEX_GENERATED_ENGLISH,app/src/main/java/com/training/trackplanner/AnalysisPersistentStrengthPerformanceUi.kt
"관련 운동의 수행 신호를 이용한 실험적 사후추정입니다. 실제 기록을 대체하지 않으며, 기존 Bayesian 시계열 분석과 별도입니다.",This is an experimental post-estimate using performance signals of related movements. It does not replace actual records and is separate from traditional Bayesian time series analysis.,CODEX_GENERATED_ENGLISH,app/src/main/java/com/training/trackplanner/AnalysisProxyPerformanceUi.kt
관리 종료,Management end,CODEX_GENERATED_ENGLISH,app/src/main/java/com/training/trackplanner/ExerciseScreen.kt
관절 복합체별 회복 상태와 주요 기여 운동을 봅니다.,View recovery status and key contributing exercises for each joint complex.,CODEX_GENERATED_ENGLISH,app/src/main/java/com/training/trackplanner/AnalysisScreen.kt
관절 안정성,joint stability,CODEX_GENERATED_ENGLISH,app/src/main/java/com/training/trackplanner/localization/GeneratedLocalizationCatalogue.kt
관절/건,joints/tendons,CODEX_GENERATED_ENGLISH,app/src/main/java/com/training/trackplanner/analysis/readiness/RecoverySignalInterpreter.kt
관절/건 불편감,Joint/tendon discomfort,CODEX_GENERATED_ENGLISH,app/src/main/java/com/training/trackplanner/analysis/lab/AnalysisMetricRegistry.kt
관절/건 불편감 입력,Enter joint/tendon discomfort,CODEX_GENERATED_ENGLISH,app/src/main/java/com/training/trackplanner/analysis/coach/CoachCheckInInterpreter.kt
관절/건 불편감 입력을 확인합니다,Confirm joint/tendon discomfort input,CODEX_GENERATED_ENGLISH,app/src/main/java/com/training/trackplanner/analysis/coach/JointTendonWarningAnalyzer.kt
관절/건 불편감 입력이 높습니다.,Joint/tendon discomfort input is high.,CODEX_GENERATED_ENGLISH,app/src/main/java/com/training/trackplanner/analysis/readiness/RecoverySignalInterpreter.kt
관절/건 불편감이 높게 입력되어 감속·착지·고중량 하체 운동은 주의가 필요합니다.,"Joint/tendon discomfort is high, so caution is required when decelerating, landing, and performing heavy lower body exercises.",CODEX_GENERATED_ENGLISH,app/src/main/java/com/training/trackplanner/analysis/coach/CoachCheckInInterpreter.kt
관절/건/충격,Joint/tendon/impact,CODEX_GENERATED_ENGLISH,app/src/main/java/com/training/trackplanner/localization/GeneratedLocalizationCatalogue.kt
관절보호곡선,joint protection curve,CODEX_GENERATED_ENGLISH,app/src/main/java/com/training/trackplanner/analysis/tissue/TissueRcvAssetRepository.kt
관절복합체명,Joint complex name,CODEX_GENERATED_ENGLISH,app/src/main/java/com/training/trackplanner/analysis/tissue/TissueRcvAssetRepository.kt
광배,lats,CODEX_GENERATED_ENGLISH,app/src/main/java/com/training/trackplanner/data/MuscleGroupKeyNormalizer.kt
국소 근육,local muscle,CODEX_GENERATED_ENGLISH,app/src/main/java/com/training/trackplanner/analysis/coach/CoachCheckInInterpreter.kt
국소/부위 부담,Local/regional burden,CODEX_GENERATED_ENGLISH,app/src/main/java/com/training/trackplanner/analysis/lab/AnalysisMetricRegistry.kt
굿모닝,good morning,CODEX_GENERATED_ENGLISH,app/src/main/java/com/training/trackplanner/analysis/lab/MuscleLoadInputBuilder.kt
규칙표와 운동 풀을 확인하는 중입니다.,Checking the rule table and exercise pool.,CODEX_GENERATED_ENGLISH,app/src/main/java/com/training/trackplanner/localization/GeneratedLocalizationCatalogue.kt
그립 고반복,Grip high reps,CODEX_GENERATED_ENGLISH,app/src/main/java/com/training/trackplanner/analysis/readiness/FatigueDetailSectionBuilder.kt
그립/전완,Grip/Forearm,CODEX_GENERATED_ENGLISH,app/src/main/java/com/training/trackplanner/analysis/readiness/TodayReadinessSentenceBuilder.kt
근거 상태,basis state,CODEX_GENERATED_ENGLISH,app/src/main/java/com/training/trackplanner/localization/GeneratedLocalizationCatalogue.kt
근거 신뢰도,Evidence reliability,CODEX_GENERATED_ENGLISH,app/src/main/java/com/training/trackplanner/localization/GeneratedLocalizationCatalogue.kt
근거URL,Source URL,CODEX_GENERATED_ENGLISH,app/src/main/java/com/training/trackplanner/analysis/tissue/TissueRcvAssetRepository.kt
근력 경력 년,Years of strength experience,CODEX_GENERATED_ENGLISH,app/src/main/java/com/training/trackplanner/InitialProfileDialog.kt
근력 분,muscle strength,CODEX_GENERATED_ENGLISH,app/src/main/java/com/training/trackplanner/InitialProfileDialog.kt
근력 유지,maintain strength,CODEX_GENERATED_ENGLISH,app/src/main/java/com/training/trackplanner/InitialProfileDialog.kt
근력 주당,strength per week,CODEX_GENERATED_ENGLISH,app/src/main/java/com/training/trackplanner/InitialProfileDialog.kt
근력 평균 RPE,Strength Average RPE,CODEX_GENERATED_ENGLISH,app/src/main/java/com/training/trackplanner/InitialProfileDialog.kt
근력 평균 RPE는 1부터 10까지의 숫자만 저장됩니다.,The strength average RPE is stored only as a number from 1 to 10.,CODEX_GENERATED_ENGLISH,app/src/main/java/com/training/trackplanner/InitialProfileDialog.kt
근력 향상,Increased strength,CODEX_GENERATED_ENGLISH,app/src/main/java/com/training/trackplanner/InitialProfileDialog.kt
근력운동 부담,Strength exercise burden,CODEX_GENERATED_ENGLISH,app/src/main/java/com/training/trackplanner/analysis/lab/AnalysisMetricRegistry.kt
근력운동 퍼포먼스,strength training performance,CODEX_GENERATED_ENGLISH,app/src/main/java/com/training/trackplanner/analysis/lab/AnalysisMetricRegistry.kt
근력운동과 배드민턴 전이훈련의 균형을 보정했습니다.,The balance between strength training and badminton transfer training has been corrected.,CODEX_GENERATED_ENGLISH,app/src/main/java/com/training/trackplanner/data/ProgramEvaluationPolicy.kt
근력운동에서 발생한 주간 피로 부담,Weekly fatigue caused by strength training,CODEX_GENERATED_ENGLISH,app/src/main/java/com/training/trackplanner/analysis/lab/AnalysisMetricRegistry.kt
근비대,hypertrophy,CODEX_GENERATED_ENGLISH,app/src/main/java/com/training/trackplanner/data/TrainingRepository.kt
근비대/체형,Hypertrophy/body type,CODEX_GENERATED_ENGLISH,app/src/main/java/com/training/trackplanner/InitialProfileDialog.kt
근신경계,muscular nervous system,CODEX_GENERATED_ENGLISH,app/src/main/java/com/training/trackplanner/localization/GeneratedLocalizationCatalogue.kt
근신경계 피로,neuromuscular fatigue,CODEX_GENERATED_ENGLISH,app/src/main/java/com/training/trackplanner/CommonUi.kt
근육군 선택,Muscle group selection,CODEX_GENERATED_ENGLISH,app/src/main/java/com/training/trackplanner/AnalysisStrengthTrendSections.kt
근육군별 운동량,Training volume for each muscle group,CODEX_GENERATED_ENGLISH,app/src/main/java/com/training/trackplanner/analysis/lab/AnalysisLabModels.kt
근육군별 운동량 기록이 부족합니다.,There is a lack of records of exercise volume for each muscle group.,CODEX_GENERATED_ENGLISH,app/src/main/java/com/training/trackplanner/AnalysisStrengthTrendSections.kt
근육군별 운동량 비율,Exercise volume ratio for each muscle group,CODEX_GENERATED_ENGLISH,app/src/main/java/com/training/trackplanner/AnalysisStrengthTrendSections.kt
근육군별 운동량 비율 추이,Trends in exercise volume ratio by muscle group,CODEX_GENERATED_ENGLISH,app/src/main/java/com/training/trackplanner/AnalysisStrengthTrendSections.kt
근육군별 운동량은 운동 기록과 메타데이터를 바탕으로 추정한 상대 지표입니다.,The amount of exercise for each muscle group is a relative indicator estimated based on exercise records and metadata.,CODEX_GENERATED_ENGLISH,app/src/main/java/com/training/trackplanner/AnalysisStrengthTrendSections.kt
근육통,myalgia,CODEX_GENERATED_ENGLISH,app/src/main/java/com/training/trackplanner/InitialProfileDialog.kt
금,gold,CODEX_GENERATED_ENGLISH,app/src/main/java/com/training/trackplanner/analysis/trends/AnalysisChartTemporalPolicy.kt
급성기계곡선,Acute mechanical curve,CODEX_GENERATED_ENGLISH,app/src/main/java/com/training/trackplanner/analysis/tissue/TissueRcvAssetRepository.kt
기간을 프로그램으로 저장,Save the period as a program,CODEX_GENERATED_ENGLISH,app/src/main/java/com/training/trackplanner/localization/GeneratedLocalizationCatalogue.kt
기능,function,CODEX_GENERATED_ENGLISH,app/src/main/java/com/training/trackplanner/localization/GeneratedLocalizationCatalogue.kt
기능곡선,Functional curve,CODEX_GENERATED_ENGLISH,app/src/main/java/com/training/trackplanner/analysis/tissue/TissueRcvAssetRepository.kt
기능성운동,functional exercise,CODEX_GENERATED_ENGLISH,app/src/main/java/com/training/trackplanner/data/TrainingRepository.kt
기록,Record,CODEX_GENERATED_ENGLISH,app/src/main/java/com/training/trackplanner/localization/GeneratedLocalizationCatalogue.kt
기록 기간을 프로그램으로 저장,Save the recording period as a program,CODEX_GENERATED_ENGLISH,app/src/main/java/com/training/trackplanner/localization/GeneratedLocalizationCatalogue.kt
기록 기준으로는,Based on records,CODEX_GENERATED_ENGLISH,app/src/main/java/com/training/trackplanner/analysis/text/AnalysisSentencePolicy.kt
기록 백업 실패: ${error.message ?:,History backup failed: ${error.message ?:,CODEX_GENERATED_ENGLISH,app/src/main/java/com/training/trackplanner/localization/GeneratedLocalizationCatalogue.kt
기록 상태까지 선택 복사,Copy selection up to record status,CODEX_GENERATED_ENGLISH,app/src/main/java/com/training/trackplanner/localization/GeneratedLocalizationCatalogue.kt
기록 없음,no record,CODEX_GENERATED_ENGLISH,app/src/main/java/com/training/trackplanner/localization/GeneratedLocalizationCatalogue.kt
기록 접기,fold record,CODEX_GENERATED_ENGLISH,app/src/main/java/com/training/trackplanner/AnalysisPersistentStrengthPerformanceUi.kt
기록상태까지 복사,Copy to record state,CODEX_GENERATED_ENGLISH,app/src/main/java/com/training/trackplanner/localization/GeneratedLocalizationCatalogue.kt
기록이 더 쌓이면 개인 기준선 판단이 안정됩니다.,"As you accumulate more records, your personal baseline judgment will stabilize.",CODEX_GENERATED_ENGLISH,app/src/main/java/com/training/trackplanner/analysis/readiness/AdaptiveBaselineCalculator.kt
기립,rising,CODEX_GENERATED_ENGLISH,app/src/main/java/com/training/trackplanner/data/MuscleGroupKeyNormalizer.kt
기본 horizon은 2주이며 1~8주에서 선택할 수 있습니다. 자료가 부족하면 가능한 기간으로 자동 축소합니다.,"The default horizon is 2 weeks, and you can select from 1 to 8 weeks. If there is insufficient data, the period is automatically reduced to the available period.",CODEX_GENERATED_ENGLISH,app/src/main/java/com/training/trackplanner/AnalysisLabUi.kt
기본 분류,Basic classification,CODEX_GENERATED_ENGLISH,app/src/main/java/com/training/trackplanner/localization/GeneratedLocalizationCatalogue.kt
기본 분류를 입력하세요.,Please enter your default classification.,CODEX_GENERATED_ENGLISH,app/src/main/java/com/training/trackplanner/localization/GeneratedLocalizationCatalogue.kt
기본 프로그램,Basic program,CODEX_GENERATED_ENGLISH,app/src/main/java/com/training/trackplanner/localization/GeneratedLocalizationCatalogue.kt
기본 프로그램을 준비하는 중입니다. 잠시 후 다시 확인하세요.,We are preparing the basic program. Please check back later.,CODEX_GENERATED_ENGLISH,app/src/main/java/com/training/trackplanner/localization/GeneratedLocalizationCatalogue.kt
기본 휴식,basic rest,CODEX_GENERATED_ENGLISH,app/src/main/java/com/training/trackplanner/localization/GeneratedLocalizationCatalogue.kt
기본 휴식시간(초),Default rest time (seconds),CODEX_GENERATED_ENGLISH,app/src/main/java/com/training/trackplanner/localization/GeneratedLocalizationCatalogue.kt
기본값,default,CODEX_GENERATED_ENGLISH,app/src/main/java/com/training/trackplanner/localization/GeneratedLocalizationCatalogue.kt
기본값으로 되돌리기,Revert to default,CODEX_GENERATED_ENGLISH,app/src/main/java/com/training/trackplanner/localization/GeneratedLocalizationCatalogue.kt
기술 목표,technology goals,CODEX_GENERATED_ENGLISH,app/src/main/java/com/training/trackplanner/localization/GeneratedLocalizationCatalogue.kt
기술연습,Technical practice,CODEX_GENERATED_ENGLISH,app/src/main/java/com/training/trackplanner/analysis/readiness/TodayReadinessSentenceBuilder.kt
기여도,Contribution,CODEX_GENERATED_ENGLISH,app/src/main/java/com/training/trackplanner/AnalysisChartUi.kt
기존 계획이 있습니다,I have an existing plan,CODEX_GENERATED_ENGLISH,app/src/main/java/com/training/trackplanner/localization/GeneratedLocalizationCatalogue.kt
기존 구성,Existing configuration,CODEX_GENERATED_ENGLISH,app/src/main/java/com/training/trackplanner/localization/GeneratedLocalizationCatalogue.kt
기존 구성은 아래 목록에서 수정합니다.,Modify existing configurations from the list below.,CODEX_GENERATED_ENGLISH,app/src/main/java/com/training/trackplanner/localization/GeneratedLocalizationCatalogue.kt
기존 디로드,Existing Deload,CODEX_GENERATED_ENGLISH,app/src/main/java/com/training/trackplanner/localization/GeneratedLocalizationCatalogue.kt
기존 메타데이터에서 확인된 배드민턴 전이 목적입니다.,This is the badminton transfer purpose identified in the existing metadata.,CODEX_GENERATED_ENGLISH,app/src/main/java/com/training/trackplanner/analysis/trends/BadmintonTrainingMethodLabels.kt
기존 운동에서 불러오기,Load from an existing workout,CODEX_GENERATED_ENGLISH,app/src/main/java/com/training/trackplanner/localization/GeneratedLocalizationCatalogue.kt
기존 프로그램,existing program,CODEX_GENERATED_ENGLISH,app/src/main/java/com/training/trackplanner/localization/GeneratedLocalizationCatalogue.kt
기타,etc,CODEX_GENERATED_ENGLISH,app/src/main/java/com/training/trackplanner/analysis/trends/BadmintonTrainingMethodLabels.kt
기타 메모,Other notes,CODEX_GENERATED_ENGLISH,app/src/main/java/com/training/trackplanner/InitialProfileDialog.kt
긴 코트 시간 뒤 회복 입력을 확인합니다,Check recovery input after long court times,CODEX_GENERATED_ENGLISH,app/src/main/java/com/training/trackplanner/analysis/coach/CourtDurationRecoveryAnalyzer.kt
끝나면 예상 피로도,Expected fatigue after finishing,CODEX_GENERATED_ENGLISH,app/src/main/java/com/training/trackplanner/analysis/fatigue/HomeFatigueCardSummaryFactory.kt
끝나면 예상 피로도 상승입니다. 회복 미완료 여부는 다음 날 흐름에서 확인합니다.,"When it's over, your expected fatigue will increase. Check whether recovery is incomplete or not in the next day's flow.",CODEX_GENERATED_ENGLISH,app/src/main/java/com/training/trackplanner/analysis/fatigue/FatigueAnalysisMapper.kt
끝나면 예상 피로도가 높습니다. 다음 날 회복 흐름을 확인하세요.,"When it's over, the expected fatigue level is high. Check your recovery flow the next day.",CODEX_GENERATED_ENGLISH,app/src/main/java/com/training/trackplanner/analysis/fatigue/FatigueAnalysisMapper.kt
끝나면 예상 피로도가 매우 높습니다. 다음 날 회복 흐름을 확인하세요.,"When it's over, the expected fatigue level is very high. Check your recovery flow the next day.",CODEX_GENERATED_ENGLISH,app/src/main/java/com/training/trackplanner/analysis/fatigue/FatigueAnalysisMapper.kt
끝나면 예상 피로도는 평소 범위입니다.,"When finished, the expected fatigue level is in the usual range.",CODEX_GENERATED_ENGLISH,app/src/main/java/com/training/trackplanner/analysis/fatigue/FatigueAnalysisMapper.kt
끝나면 예상 피로도는 현재 흐름과 비슷합니다.,"When finished, the expected fatigue level will be similar to the current flow.",CODEX_GENERATED_ENGLISH,app/src/main/java/com/training/trackplanner/analysis/fatigue/FatigueAnalysisMapper.kt
나쁨,bad,CODEX_GENERATED_ENGLISH,app/src/main/java/com/training/trackplanner/InitialProfileDialog.kt
날짜에 적용,Apply to date,CODEX_GENERATED_ENGLISH,app/src/main/java/com/training/trackplanner/localization/GeneratedLocalizationCatalogue.kt
남,other,CODEX_GENERATED_ENGLISH,app/src/main/java/com/training/trackplanner/data/TrainingRepository.kt
남성,male,CODEX_GENERATED_ENGLISH,app/src/main/java/com/training/trackplanner/data/TrainingRepository.kt
남은 계획 후 예상 부하가 매우 높습니다.,The expected load after the remaining plans is very high.,CODEX_GENERATED_ENGLISH,app/src/main/java/com/training/trackplanner/analysis/readiness/PhaseAwareTodayStatus.kt
남은 계획 후 예상 피로도가 높습니다.,Expected fatigue after remaining plans is high.,CODEX_GENERATED_ENGLISH,app/src/main/java/com/training/trackplanner/analysis/readiness/PhaseAwareTodayStatus.kt
남은 계획을 마쳐도 예상 피로도는 평소 범위입니다.,"Even after completing the remaining plans, the expected fatigue level is within the usual range.",CODEX_GENERATED_ENGLISH,app/src/main/java/com/training/trackplanner/analysis/readiness/PhaseAwareTodayStatus.kt
남은 계획을 마치면 예상 피로도가 올라갑니다.,"As you complete the remaining plans, your estimated fatigue level will increase.",CODEX_GENERATED_ENGLISH,app/src/main/java/com/training/trackplanner/analysis/readiness/PhaseAwareTodayStatus.kt
남은 계획의 예상 피로도는 관리 가능한 범위입니다.,Expected fatigue for the remainder of the plan is within a manageable range.,CODEX_GENERATED_ENGLISH,app/src/main/java/com/training/trackplanner/analysis/readiness/PhaseAwareTodayStatus.kt
낮은 신뢰도 · 우연 상관 주의,Beware of low reliability and coincidence correlation,CODEX_GENERATED_ENGLISH,app/src/main/java/com/training/trackplanner/analysis/trends/ScatterRelationshipAnalyzer.kt
낮은 신뢰도 구간입니다. 우연히 보이는 관계일 수 있습니다.,This is a low confidence interval. It may be a relationship that appears by chance.,CODEX_GENERATED_ENGLISH,app/src/main/java/com/training/trackplanner/AnalysisLabUi.kt
내일부터 계획은 현재 상태와 크게 충돌하지 않습니다,Plans from tomorrow do not significantly conflict with the current state,CODEX_GENERATED_ENGLISH,app/src/main/java/com/training/trackplanner/analysis/text/AnalysisSentencePolicy.kt
내전,civil war,CODEX_GENERATED_ENGLISH,app/src/main/java/com/training/trackplanner/data/MuscleGroupKeyNormalizer.kt
내전근/외전근,Adductors/abductors,CODEX_GENERATED_ENGLISH,app/src/main/java/com/training/trackplanner/analysis/lab/StrengthAndMuscleMetricSeriesBuilder.kt
농구 경기,basketball game,CODEX_GENERATED_ENGLISH,app/src/main/java/com/training/trackplanner/data/ExercisePlanning.kt
높은 부하,high load,CODEX_GENERATED_ENGLISH,app/src/main/java/com/training/trackplanner/analysis/fatigue/ui/FatigueSimpleView.kt
누적 kg,Cumulative kg,CODEX_GENERATED_ENGLISH,app/src/main/java/com/training/trackplanner/localization/GeneratedLocalizationCatalogue.kt
누적 부담 추세를 계산하고 있습니다.,Cumulative burden trends are being calculated.,CODEX_GENERATED_ENGLISH,app/src/main/java/com/training/trackplanner/AnalysisDetailScreens.kt
누적 부담 흐름,cumulative burden flow,CODEX_GENERATED_ENGLISH,app/src/main/java/com/training/trackplanner/AnalysisDetailScreens.kt
누적 횟수,Cumulative count,CODEX_GENERATED_ENGLISH,app/src/main/java/com/training/trackplanner/localization/GeneratedLocalizationCatalogue.kt
다변량 분석,Multivariate analysis,CODEX_GENERATED_ENGLISH,app/src/main/java/com/training/trackplanner/AnalysisLabUi.kt
다변량 시계열 분석,Multivariate time series analysis,CODEX_GENERATED_ENGLISH,app/src/main/java/com/training/trackplanner/AnalysisLabUi.kt
다시 시도,try again,CODEX_GENERATED_ENGLISH,app/src/main/java/com/training/trackplanner/localization/GeneratedLocalizationCatalogue.kt
다음 근력 변화,Next strength change,CODEX_GENERATED_ENGLISH,app/src/main/java/com/training/trackplanner/analysis/lab/AnalysisMetricRegistry.kt
다음 주 근력 지수의 변화량,Change in strength index next week,CODEX_GENERATED_ENGLISH,app/src/main/java/com/training/trackplanner/analysis/lab/AnalysisMetricRegistry.kt
다음 주 피로 지수의 변화량,Change in fatigue index next week,CODEX_GENERATED_ENGLISH,app/src/main/java/com/training/trackplanner/analysis/lab/AnalysisMetricRegistry.kt
다음 피로 변화,Next fatigue change,CODEX_GENERATED_ENGLISH,app/src/main/java/com/training/trackplanner/analysis/lab/AnalysisMetricRegistry.kt
다음날,the next day,CODEX_GENERATED_ENGLISH,app/src/main/java/com/training/trackplanner/CommonUi.kt
다음달,next month,CODEX_GENERATED_ENGLISH,app/src/main/java/com/training/trackplanner/localization/GeneratedLocalizationCatalogue.kt
달력,calendar,CODEX_GENERATED_ENGLISH,app/src/main/java/com/training/trackplanner/localization/GeneratedLocalizationCatalogue.kt
대상 날짜에 기존 기록이 없습니다.,There are no existing records on the target date.,CODEX_GENERATED_ENGLISH,app/src/main/java/com/training/trackplanner/RecordCalendarScreen.kt
대상 날짜에 기존 기록이 있습니다.,There is an existing record on the target date.,CODEX_GENERATED_ENGLISH,app/src/main/java/com/training/trackplanner/RecordCalendarScreen.kt
대체,alternative,CODEX_GENERATED_ENGLISH,app/src/main/java/com/training/trackplanner/localization/GeneratedLocalizationCatalogue.kt
대퇴근,thigh work,CODEX_GENERATED_ENGLISH,app/src/main/java/com/training/trackplanner/data/MuscleGroupKeyNormalizer.kt
대퇴사두,quadriceps,CODEX_GENERATED_ENGLISH,app/src/main/java/com/training/trackplanner/analysis/lab/StrengthAndMuscleMetricSeriesBuilder.kt
덤벨 스탠딩 카프 레이즈,Dumbbell Standing Calf Raise,CODEX_GENERATED_ENGLISH,app/src/main/java/com/training/trackplanner/data/ProgramRuleTables.kt
덤벨 오버헤드 트라이셉스 익스텐션,Dumbbell overhead triceps extension,CODEX_GENERATED_ENGLISH,app/src/main/java/com/training/trackplanner/data/ProgramRuleTables.kt
덤벨 원레그 루마니안 데드리프트,Dumbbell one leg Romanian deadlift,CODEX_GENERATED_ENGLISH,app/src/main/java/com/training/trackplanner/data/ProgramRuleTables.kt
덤벨 프로네이션/수피네이션,Dumbbell pronation/supination,CODEX_GENERATED_ENGLISH,app/src/main/java/com/training/trackplanner/data/ProgramRuleTables.kt
덮어쓰기,overwrite,CODEX_GENERATED_ENGLISH,app/src/main/java/com/training/trackplanner/localization/GeneratedLocalizationCatalogue.kt
덮어쓰기는 미확인 계획만 삭제합니다. 실제 완료 기록은 삭제되지 않습니다.,Overwriting only deletes unconfirmed plans. Actual completion records will not be deleted.,CODEX_GENERATED_ENGLISH,app/src/main/java/com/training/trackplanner/localization/GeneratedLocalizationCatalogue.kt
덮어쓰면 기존 기록이 삭제됩니다.,Overwriting will delete the existing record.,CODEX_GENERATED_ENGLISH,app/src/main/java/com/training/trackplanner/localization/GeneratedLocalizationCatalogue.kt
데드 kg,dead kg,CODEX_GENERATED_ENGLISH,app/src/main/java/com/training/trackplanner/InitialProfileDialog.kt
데드리프트 특이성,Deadlift Specificity,CODEX_GENERATED_ENGLISH,app/src/main/java/com/training/trackplanner/AnalysisProxyPerformanceUi.kt
데드리프트/RDL 계열,Deadlift/RDL series,CODEX_GENERATED_ENGLISH,app/src/main/java/com/training/trackplanner/analysis/readiness/TodayReadinessSentenceBuilder.kt
데이터 수,data count,CODEX_GENERATED_ENGLISH,app/src/main/java/com/training/trackplanner/AnalysisLabUi.kt
동일 지표,same indicator,CODEX_GENERATED_ENGLISH,app/src/main/java/com/training/trackplanner/analysis/trends/ScatterRelationshipAnalyzer.kt
동작 계열,motion series,CODEX_GENERATED_ENGLISH,app/src/main/java/com/training/trackplanner/analysis/fatigue/FatigueAnalysisModels.kt
동작 분류,Movement classification,CODEX_GENERATED_ENGLISH,app/src/main/java/com/training/trackplanner/CommonUi.kt
동작 세부형,Action details,CODEX_GENERATED_ENGLISH,app/src/main/java/com/training/trackplanner/localization/GeneratedLocalizationCatalogue.kt
동작 집중,focus on movement,CODEX_GENERATED_ENGLISH,app/src/main/java/com/training/trackplanner/data/ProgramBuilderValidation.kt
동작 패턴,Motion pattern,CODEX_GENERATED_ENGLISH,app/src/main/java/com/training/trackplanner/CommonUi.kt
되돌리기,revert,CODEX_GENERATED_ENGLISH,app/src/main/java/com/training/trackplanner/localization/GeneratedLocalizationCatalogue.kt
둔근/햄스트링,Glute/Hamstrings,CODEX_GENERATED_ENGLISH,app/src/main/java/com/training/trackplanner/analysis/lab/MuscleBucketSelection.kt
등,etc.,CODEX_GENERATED_ENGLISH,app/src/main/java/com/training/trackplanner/analysis/lab/MuscleBucketSelection.kt
등 상부,upper back,CODEX_GENERATED_ENGLISH,app/src/main/java/com/training/trackplanner/InitialProfileDialog.kt
등/광배,Back/lats,CODEX_GENERATED_ENGLISH,app/src/main/java/com/training/trackplanner/analysis/lab/StrengthAndMuscleMetricSeriesBuilder.kt
디클라인,Decline,CODEX_GENERATED_ENGLISH,app/src/main/java/com/training/trackplanner/analysis/features/BodyweightEffectiveLoadCalculator.kt
뚜렷한 관계는 약합니다.,Distinct relationships are weak.,CODEX_GENERATED_ENGLISH,app/src/main/java/com/training/trackplanner/analysis/trends/ScatterRelationshipAnalyzer.kt
"라켓 보조 같은 구 전이축이 아니라 풋워크, 가속, 감속, 리액션 등 전이 목적 기준으로 비교합니다.","Comparisons are made based on transfer objectives such as footwork, acceleration, deceleration, and reaction, rather than old transfer axes such as racket assistance.",CODEX_GENERATED_ENGLISH,app/src/main/java/com/training/trackplanner/AnalysisDetailScreens.kt
랜드마인 로테이션,Landmine Rotation,CODEX_GENERATED_ENGLISH,app/src/main/java/com/training/trackplanner/data/SlotCapabilityResolver.kt
랜드마인 안티로테이션,Landmine Anti-Rotation,CODEX_GENERATED_ENGLISH,app/src/main/java/com/training/trackplanner/data/ProgramRuleTables.kt
랜드마인 프레스,Landmine Press,CODEX_GENERATED_ENGLISH,app/src/main/java/com/training/trackplanner/data/SlotCapabilityResolver.kt
랭킹,Ranking,CODEX_GENERATED_ENGLISH,app/src/main/java/com/training/trackplanner/AnalysisChartUi.kt
러닝 경기,running race,CODEX_GENERATED_ENGLISH,app/src/main/java/com/training/trackplanner/data/ExercisePlanning.kt
러닝 세션,running session,CODEX_GENERATED_ENGLISH,app/src/main/java/com/training/trackplanner/data/ExercisePlanning.kt
"런지, 리치, 넓은 보폭에서 자세를 유지하는 전이 목적입니다.","This is for transition purposes, maintaining posture during lunges, reaches, and wide strides.",CODEX_GENERATED_ENGLISH,app/src/main/java/com/training/trackplanner/analysis/trends/BadmintonTrainingMethodLabels.kt
런지/감속,Lunge/Deceleration,CODEX_GENERATED_ENGLISH,app/src/main/java/com/training/trackplanner/InitialProfileDialog.kt
런지/리치,Lunge/Reach,CODEX_GENERATED_ENGLISH,app/src/main/java/com/training/trackplanner/analysis/trends/BadmintonTrainingMethodLabels.kt
레그익스텐션,leg extension,CODEX_GENERATED_ENGLISH,app/src/main/java/com/training/trackplanner/data/ProgramCandidate.kt
레그컬,leg curl,CODEX_GENERATED_ENGLISH,app/src/main/java/com/training/trackplanner/data/ProgramCandidate.kt
레그프레스,leg press,CODEX_GENERATED_ENGLISH,app/src/main/java/com/training/trackplanner/data/ProgramCandidate.kt
레벨,Level,CODEX_GENERATED_ENGLISH,app/src/main/java/com/training/trackplanner/AnalysisPersistentStrengthPerformanceUi.kt
로우,low,CODEX_GENERATED_ENGLISH,app/src/main/java/com/training/trackplanner/analysis/lab/MuscleLoadInputBuilder.kt
롤링 사전검증,Rolling pre-verification,CODEX_GENERATED_ENGLISH,app/src/main/java/com/training/trackplanner/AnalysisProxyPerformanceUi.kt
루마니안,Romanian,CODEX_GENERATED_ENGLISH,app/src/main/java/com/training/trackplanner/analysis/lab/MuscleLoadInputBuilder.kt
리액션,reaction,CODEX_GENERATED_ENGLISH,app/src/main/java/com/training/trackplanner/analysis/trends/BadmintonTrainingMethodLabels.kt
"리치, 런지, 방향전환 중 몸통이 무너지지 않게 버티는 전이 목적입니다.","The purpose of the transition is to keep the torso from collapsing during reach, lunge, and direction changes.",CODEX_GENERATED_ENGLISH,app/src/main/java/com/training/trackplanner/analysis/trends/BadmintonTrainingMethodLabels.kt
매우 가벼움,very light,CODEX_GENERATED_ENGLISH,app/src/main/java/com/training/trackplanner/InitialProfileDialog.kt
매우 피곤함,very tired,CODEX_GENERATED_ENGLISH,app/src/main/java/com/training/trackplanner/InitialProfileDialog.kt
맨몸 스탠딩 카프 레이즈,Bare body standing calf raise,CODEX_GENERATED_ENGLISH,app/src/main/java/com/training/trackplanner/data/ProgramRuleTables.kt
"멈춤, 착지, 방향전환 직전의 감속 능력을 보강하는 훈련입니다.","This is training that strengthens the ability to decelerate just before stopping, landing, and changing direction.",CODEX_GENERATED_ENGLISH,app/src/main/java/com/training/trackplanner/analysis/trends/BadmintonTrainingMethodLabels.kt
메뉴,menu,CODEX_GENERATED_ENGLISH,app/src/main/java/com/training/trackplanner/localization/GeneratedLocalizationCatalogue.kt
메인 운동과 보조운동을 정리하는 중입니다.,I'm in the process of organizing the main and auxiliary exercises.,CODEX_GENERATED_ENGLISH,app/src/main/java/com/training/trackplanner/TrainingViewModel.kt
메타데이터 상태,metadata status,CODEX_GENERATED_ENGLISH,app/src/main/java/com/training/trackplanner/CommonUi.kt
메타데이터 수정,Edit metadata,CODEX_GENERATED_ENGLISH,app/src/main/java/com/training/trackplanner/CommonUi.kt
메타데이터를 되돌리지 못했습니다.,Failed to revert metadata.,CODEX_GENERATED_ENGLISH,app/src/main/java/com/training/trackplanner/ExerciseScreen.kt
모두 해제,turn off all,CODEX_GENERATED_ENGLISH,app/src/main/java/com/training/trackplanner/analysis/fatigue/ui/FatigueSourceMultiSelect.kt
모든 피로도가 양호합니다. 힘차게 운동!,All fatigue levels are good. Exercise vigorously!,CODEX_GENERATED_ENGLISH,app/src/main/java/com/training/trackplanner/analysis/readiness/TodayFatigueStatusLabeler.kt
목,neck,CODEX_GENERATED_ENGLISH,app/src/main/java/com/training/trackplanner/analysis/trends/AnalysisChartTemporalPolicy.kt
목록,inventory,CODEX_GENERATED_ENGLISH,app/src/main/java/com/training/trackplanner/localization/GeneratedLocalizationCatalogue.kt
몸무게,weight,CODEX_GENERATED_ENGLISH,app/src/main/java/com/training/trackplanner/HomeDailyCheckInCard.kt
몸무게(kg),Weight (kg),CODEX_GENERATED_ENGLISH,app/src/main/java/com/training/trackplanner/HomeDailyCheckInCard.kt
몸통 고정,torso fixation,CODEX_GENERATED_ENGLISH,app/src/main/java/com/training/trackplanner/AnalysisProxyPerformanceUi.kt
무거운 스쿼트,heavy squats,CODEX_GENERATED_ENGLISH,app/src/main/java/com/training/trackplanner/analysis/readiness/InitialProfileReadinessAdjuster.kt
무릎,knee,CODEX_GENERATED_ENGLISH,app/src/main/java/com/training/trackplanner/InitialProfileDialog.kt
무조건,unconditionally,CODEX_GENERATED_ENGLISH,app/src/main/java/com/training/trackplanner/analysis/text/AnalysisSentencePolicy.kt
미확인 세트만,Unconfirmed set only,CODEX_GENERATED_ENGLISH,app/src/main/java/com/training/trackplanner/localization/GeneratedLocalizationCatalogue.kt
미확인만 삭제,Delete only unconfirmed,CODEX_GENERATED_ENGLISH,app/src/main/java/com/training/trackplanner/localization/GeneratedLocalizationCatalogue.kt
바벨 리버스 컬,barbell reverse curl,CODEX_GENERATED_ENGLISH,app/src/main/java/com/training/trackplanner/data/ProgramRuleTables.kt
바쁨/일정,Busy/Schedule,CODEX_GENERATED_ENGLISH,app/src/main/java/com/training/trackplanner/InitialProfileDialog.kt
바이퍼 회전 위로,viper turn up,CODEX_GENERATED_ENGLISH,app/src/main/java/com/training/trackplanner/data/ProgramRuleTables.kt
반년,half a year,CODEX_GENERATED_ENGLISH,app/src/main/java/com/training/trackplanner/data/TrainingRepository.kt
반드시 쉬어야 합니다,You must rest,CODEX_GENERATED_ENGLISH,app/src/main/java/com/training/trackplanner/analysis/text/AnalysisSentencePolicy.kt
반복 감소,Reduce repetitions,CODEX_GENERATED_ENGLISH,app/src/main/java/com/training/trackplanner/analysis/readiness/FatigueDetailSectionBuilder.kt
반복 비교에서는 우연 상관이 포함될 수 있습니다. 결과를 훈련 처방의 단독 근거로 사용하지 마세요.,Repeated comparisons may include chance correlations. Do not use the results as the sole basis for training prescriptions.,CODEX_GENERATED_ENGLISH,app/src/main/java/com/training/trackplanner/AnalysisLabUi.kt
반복되는 운동 목적이 과해지지 않도록 구성을 점검했습니다.,The configuration has been checked to ensure that repetitive exercise objectives are not excessive.,CODEX_GENERATED_ENGLISH,app/src/main/java/com/training/trackplanner/data/ProgramEvaluationPolicy.kt
반복수 구간 비중 추이,Trend of repetition section proportion,CODEX_GENERATED_ENGLISH,app/src/main/java/com/training/trackplanner/AnalysisStrengthTrendSections.kt
반복수 기반 강도 구간 비중,Proportion of intensity intervals based on repetitions,CODEX_GENERATED_ENGLISH,app/src/main/java/com/training/trackplanner/AnalysisStrengthTrendSections.kt
반영할 수 있는 관련 운동 변화가 아직 부족합니다.,There is still a lack of relevant motor changes that can be reflected.,CODEX_GENERATED_ENGLISH,app/src/main/java/com/training/trackplanner/AnalysisProxyPerformanceUi.kt
반응,reaction,CODEX_GENERATED_ENGLISH,app/src/main/java/com/training/trackplanner/analysis/coach/CoachCheckInInterpreter.kt
반응 드릴,reaction drill,CODEX_GENERATED_ENGLISH,app/src/main/java/com/training/trackplanner/analysis/readiness/FatigueDetailSectionBuilder.kt
반응 확인 기간,reaction confirmation period,CODEX_GENERATED_ENGLISH,app/src/main/java/com/training/trackplanner/AnalysisLabUi.kt
발목/발,ankle/foot,CODEX_GENERATED_ENGLISH,app/src/main/java/com/training/trackplanner/InitialProfileDialog.kt
방향전환,change direction,CODEX_GENERATED_ENGLISH,app/src/main/java/com/training/trackplanner/analysis/readiness/FatigueDetailSectionBuilder.kt
배드민턴 : 근력,Badminton: Strength,CODEX_GENERATED_ENGLISH,app/src/main/java/com/training/trackplanner/localization/GeneratedLocalizationCatalogue.kt
배드민턴 게임,badminton game,CODEX_GENERATED_ENGLISH,app/src/main/java/com/training/trackplanner/data/ExercisePlanning.kt
배드민턴 경기 기록,badminton match records,CODEX_GENERATED_ENGLISH,app/src/main/java/com/training/trackplanner/data/ExercisePlanning.kt
배드민턴 경기력,badminton performance,CODEX_GENERATED_ENGLISH,app/src/main/java/com/training/trackplanner/InitialProfileDialog.kt
배드민턴 경력 년,years of badminton experience,CODEX_GENERATED_ENGLISH,app/src/main/java/com/training/trackplanner/InitialProfileDialog.kt
배드민턴 관련 훈련 자극과 주간 흐름을 봅니다.,View badminton-related training stimulation and weekly flow.,CODEX_GENERATED_ENGLISH,app/src/main/java/com/training/trackplanner/AnalysisScreen.kt
배드민턴 연습 훈련량(일별),Badminton practice load (daily),CODEX_GENERATED_ENGLISH,app/src/main/java/com/training/trackplanner/AnalysisDetailScreens.kt
배드민턴 연습 훈련량(주별),Badminton practice load (weekly),CODEX_GENERATED_ENGLISH,app/src/main/java/com/training/trackplanner/AnalysisDetailScreens.kt
배드민턴 목표에 맞춰 코트 피로를 더 민감하게 반영했습니다.,Court fatigue has been reflected more sensitively in line with badminton goals.,CODEX_GENERATED_ENGLISH,app/src/main/java/com/training/trackplanner/analysis/readiness/InitialAdaptationProfile.kt
배드민턴 보조 4주,Badminton Assistant 4 weeks,CODEX_GENERATED_ENGLISH,app/src/main/java/com/training/trackplanner/data/TrainingRepository.kt
배드민턴 부담,badminton burden,CODEX_GENERATED_ENGLISH,app/src/main/java/com/training/trackplanner/analysis/lab/AnalysisMetricRegistry.kt
배드민턴 분,badminton player,CODEX_GENERATED_ENGLISH,app/src/main/java/com/training/trackplanner/InitialProfileDialog.kt
배드민턴 세션,badminton session,CODEX_GENERATED_ENGLISH,app/src/main/java/com/training/trackplanner/data/ExercisePlanning.kt
배드민턴 세션 후 피드백 연동,Feedback integration after badminton session,CODEX_GENERATED_ENGLISH,app/src/main/java/com/training/trackplanner/AnalysisLabUi.kt
배드민턴 시간과 다음날 회복 입력을 날짜 기준으로 모으는 중입니다.,We are collecting badminton time and next day recovery input by date.,CODEX_GENERATED_ENGLISH,app/src/main/java/com/training/trackplanner/analysis/coach/CourtDurationRecoveryAnalyzer.kt
배드민턴 웨이트 보조 4주,Badminton weight support 4 weeks,CODEX_GENERATED_ENGLISH,app/src/main/java/com/training/trackplanner/data/TrainingRepository.kt
배드민턴 전이 목적 설명,Badminton transfer purpose explanation,CODEX_GENERATED_ENGLISH,app/src/main/java/com/training/trackplanner/AnalysisDetailScreens.kt
배드민턴 전이 목적별 자극량,Badminton transfer stimulation amount for each purpose,CODEX_GENERATED_ENGLISH,app/src/main/java/com/training/trackplanner/AnalysisDetailScreens.kt
배드민턴 전이 목적별 자극량을 계산하고 있습니다.,We are calculating the amount of stimulation for each badminton transfer purpose.,CODEX_GENERATED_ENGLISH,app/src/main/java/com/training/trackplanner/AnalysisDetailScreens.kt
배드민턴 주당,badminton per week,CODEX_GENERATED_ENGLISH,app/src/main/java/com/training/trackplanner/InitialProfileDialog.kt
배드민턴 지원 목적의 주간 훈련량,Weekly training volume for badminton support purposes,CODEX_GENERATED_ENGLISH,app/src/main/java/com/training/trackplanner/analysis/lab/AnalysisMetricRegistry.kt
배드민턴 지원 웨이트,badminton support weights,CODEX_GENERATED_ENGLISH,app/src/main/java/com/training/trackplanner/data/ProgramAutoBuilder.kt
배드민턴 특이 훈련과 일반 근력의 우선순위를 조절합니다.,Prioritize badminton-specific training and general strength training.,CODEX_GENERATED_ENGLISH,app/src/main/java/com/training/trackplanner/localization/GeneratedLocalizationCatalogue.kt
배드민턴 연습 훈련량,Badminton practice load,CODEX_GENERATED_ENGLISH,app/src/main/java/com/training/trackplanner/analysis/lab/AnalysisMetricRegistry.kt
배드민턴 연습 훈련량 추세를 계산하고 있습니다.,Calculating the badminton practice load trend.,CODEX_GENERATED_ENGLISH,app/src/main/java/com/training/trackplanner/AnalysisDetailScreens.kt
배드민턴 훈련에서 발생한 주간 피로 부담,Weekly fatigue burden from badminton training,CODEX_GENERATED_ENGLISH,app/src/main/java/com/training/trackplanner/analysis/lab/AnalysisMetricRegistry.kt
배드민턴 훈련을 버틸 수 있는 반복 능력과 체력 기반을 보강하는 전이 목적입니다.,The transfer purpose is to strengthen your repetition ability and strength base to withstand badminton training.,CODEX_GENERATED_ENGLISH,app/src/main/java/com/training/trackplanner/analysis/trends/BadmintonTrainingMethodLabels.kt
백업 복원 ${summary.backupRestorationProvenance ?:,Restore Backup ${summary.backupRestorationProvenance ?:,CODEX_GENERATED_ENGLISH,app/src/main/java/com/training/trackplanner/localization/GeneratedLocalizationCatalogue.kt
밴드 팔로프 프레스,Band Palloff Press,CODEX_GENERATED_ENGLISH,app/src/main/java/com/training/trackplanner/data/ProgramRuleTables.kt
벤치 kg,bench kg,CODEX_GENERATED_ENGLISH,app/src/main/java/com/training/trackplanner/InitialProfileDialog.kt
벤치 특이성,bench specificity,CODEX_GENERATED_ENGLISH,app/src/main/java/com/training/trackplanner/AnalysisProxyPerformanceUi.kt
벤치 프레스,bench press,CODEX_GENERATED_ENGLISH,app/src/main/java/com/training/trackplanner/analysis/lab/MuscleLoadInputBuilder.kt
벤치/상체 푸시,Bench/Upper Body Push,CODEX_GENERATED_ENGLISH,app/src/main/java/com/training/trackplanner/InitialProfileDialog.kt
변수 선택만으로는 계산하지 않습니다. 버튼을 누르면 1~4주 뒤 패턴만 탐색합니다.,"Variable selection alone does not calculate it. If you press the button, it will only search for patterns 1 to 4 weeks later.",CODEX_GENERATED_ENGLISH,app/src/main/java/com/training/trackplanner/AnalysisLabUi.kt
보정,correction,CODEX_GENERATED_ENGLISH,app/src/main/java/com/training/trackplanner/analysis/readiness/FatigueDetailSectionBuilder.kt
보조 스트레스,secondary stress,CODEX_GENERATED_ENGLISH,app/src/main/java/com/training/trackplanner/localization/GeneratedLocalizationCatalogue.kt
보조 전이,secondary transition,CODEX_GENERATED_ENGLISH,app/src/main/java/com/training/trackplanner/analysis/badminton/BadmintonTransferModels.kt
보조 풀,auxiliary pool,CODEX_GENERATED_ENGLISH,app/src/main/java/com/training/trackplanner/analysis/features/BodyweightEffectiveLoadCalculator.kt
보조근,auxiliary muscle,CODEX_GENERATED_ENGLISH,app/src/main/java/com/training/trackplanner/CommonUi.kt
보통 수준의 탐색 결과이며 인과관계를 의미하지 않습니다.,These are moderate exploratory results and do not imply causality.,CODEX_GENERATED_ENGLISH,app/src/main/java/com/training/trackplanner/AnalysisLabUi.kt
보통 신뢰도 · 패턴 탐색,Medium reliability · pattern search,CODEX_GENERATED_ENGLISH,app/src/main/java/com/training/trackplanner/analysis/trends/ScatterRelationshipAnalyzer.kt
보통 이하,below average,CODEX_GENERATED_ENGLISH,app/src/main/java/com/training/trackplanner/analysis/readiness/FatigueDetailSectionBuilder.kt
복근,abs,CODEX_GENERATED_ENGLISH,app/src/main/java/com/training/trackplanner/data/MuscleGroupKeyNormalizer.kt
복근/전면코어,Abs/front core,CODEX_GENERATED_ENGLISH,app/src/main/java/com/training/trackplanner/analysis/lab/StrengthAndMuscleMetricSeriesBuilder.kt
복근/코어,Abs/Core,CODEX_GENERATED_ENGLISH,app/src/main/java/com/training/trackplanner/analysis/lab/MuscleBucketSelection.kt
복부,abdomen,CODEX_GENERATED_ENGLISH,app/src/main/java/com/training/trackplanner/data/MuscleGroupKeyNormalizer.kt
복사,copy,CODEX_GENERATED_ENGLISH,app/src/main/java/com/training/trackplanner/localization/GeneratedLocalizationCatalogue.kt
복사할 기준 세트가 없습니다.,There is no baseline set to copy.,CODEX_GENERATED_ENGLISH,app/src/main/java/com/training/trackplanner/localization/GeneratedLocalizationCatalogue.kt
부담 낮추기,lower the burden,CODEX_GENERATED_ENGLISH,app/src/main/java/com/training/trackplanner/analysis/readiness/PhaseAwareTodayStatus.kt
부상,injury,CODEX_GENERATED_ENGLISH,app/src/main/java/com/training/trackplanner/data/TrainingRepository.kt
부상 위험이 높습니다,High risk of injury,CODEX_GENERATED_ENGLISH,app/src/main/java/com/training/trackplanner/analysis/text/AnalysisSentencePolicy.kt
부위별,By part,CODEX_GENERATED_ENGLISH,app/src/main/java/com/training/trackplanner/analysis/readiness/TodayReadinessSentenceBuilder.kt
부위별 기록이 아직 적습니다.,There are still few records for each part.,CODEX_GENERATED_ENGLISH,app/src/main/java/com/training/trackplanner/analysis/readiness/FatigueDetailSectionBuilder.kt
부위별 피로,Fatigue by area,CODEX_GENERATED_ENGLISH,app/src/main/java/com/training/trackplanner/analysis/readiness/FatigueDetailSectionBuilder.kt
부족,shortage,CODEX_GENERATED_ENGLISH,app/src/main/java/com/training/trackplanner/AnalysisProxyPerformanceUi.kt
분,minute,CODEX_GENERATED_ENGLISH,app/src/main/java/com/training/trackplanner/localization/GeneratedLocalizationCatalogue.kt
분석,Analysis,CODEX_GENERATED_ENGLISH,app/src/main/java/com/training/trackplanner/AnalysisScreen.kt
분석 가능한 주간 데이터가 부족합니다. 최소 8~12주 이상의 기록이 필요합니다.,There is insufficient weekly data available for analysis. At least 8 to 12 weeks of records are required.,CODEX_GENERATED_ENGLISH,app/src/main/java/com/training/trackplanner/AnalysisLabUi.kt
분석 단위,unit of analysis,CODEX_GENERATED_ENGLISH,app/src/main/java/com/training/trackplanner/analysis/tissue/TissueRcvAssetRepository.kt
분석 대상,analysis target,CODEX_GENERATED_ENGLISH,app/src/main/java/com/training/trackplanner/localization/GeneratedLocalizationCatalogue.kt
분석단위명,Analysis unit name,CODEX_GENERATED_ENGLISH,app/src/main/java/com/training/trackplanner/analysis/tissue/TissueRcvAssetRepository.kt
분석하기,analyze,CODEX_GENERATED_ENGLISH,app/src/main/java/com/training/trackplanner/AnalysisLabUi.kt
불편감 부위 고강도 운동,High-intensity exercise for areas of discomfort,CODEX_GENERATED_ENGLISH,app/src/main/java/com/training/trackplanner/analysis/readiness/PainGateEvaluator.kt
불편감 입력은 없습니다.,There is no input of discomfort.,CODEX_GENERATED_ENGLISH,app/src/main/java/com/training/trackplanner/analysis/readiness/FatigueDetailSectionBuilder.kt
불편감 입력이 높아 해당 부위는 조절이 필요합니다.,The discomfort input is high and the area requires adjustment.,CODEX_GENERATED_ENGLISH,app/src/main/java/com/training/trackplanner/analysis/readiness/PainGateEvaluator.kt
불편감 입력이 있어 고강도 운동을 줄입니다.,Reduce high-intensity exercise due to discomfort input.,CODEX_GENERATED_ENGLISH,app/src/main/java/com/training/trackplanner/analysis/readiness/PainGateEvaluator.kt
불편감 입력이 있어 해당 부위 부담을 낮춥니다.,There is discomfort input to reduce the burden on the area.,CODEX_GENERATED_ENGLISH,app/src/main/java/com/training/trackplanner/analysis/readiness/PainGateEvaluator.kt
불편감/제한 신호,Signs of discomfort/restriction,CODEX_GENERATED_ENGLISH,app/src/main/java/com/training/trackplanner/analysis/readiness/FatigueDetailSectionBuilder.kt
비교 가능한 저하 신호는 크지 않습니다.,The comparable degradation signals are not significant.,CODEX_GENERATED_ENGLISH,app/src/main/java/com/training/trackplanner/analysis/readiness/FatigueDetailSectionBuilder.kt
비교적 뚜렷한 경향이 있습니다.,There is a relatively clear trend.,CODEX_GENERATED_ENGLISH,app/src/main/java/com/training/trackplanner/analysis/trends/ScatterRelationshipAnalyzer.kt
비슷한 부하에서 RPE가 상승했습니다,RPE rose at similar loads,CODEX_GENERATED_ENGLISH,app/src/main/java/com/training/trackplanner/analysis/coach/RpeAutoregulationAnalyzer.kt
비우기,Empty,CODEX_GENERATED_ENGLISH,app/src/main/java/com/training/trackplanner/RecordSetRow.kt
비중,specific gravity,CODEX_GENERATED_ENGLISH,app/src/main/java/com/training/trackplanner/AnalysisChartUi.kt
비틀림 부하를 제어,Control torsional load,CODEX_GENERATED_ENGLISH,app/src/main/java/com/training/trackplanner/analysis/tissue/TissueRcvAssetRepository.kt
빈 프로그램으로 시작,Start with an empty program,CODEX_GENERATED_ENGLISH,app/src/main/java/com/training/trackplanner/PlanScreen.kt
빠른 신장 부하에 대응,Responds to rapid elongation load,CODEX_GENERATED_ENGLISH,app/src/main/java/com/training/trackplanner/analysis/tissue/TissueRcvAssetRepository.kt
사두,sadhu,CODEX_GENERATED_ENGLISH,app/src/main/java/com/training/trackplanner/data/MuscleGroupKeyNormalizer.kt
사선,diagonal,CODEX_GENERATED_ENGLISH,app/src/main/java/com/training/trackplanner/data/MuscleGroupKeyNormalizer.kt
사용 가능한 지표,Available Metrics,CODEX_GENERATED_ENGLISH,app/src/main/java/com/training/trackplanner/AnalysisLabUi.kt
사용 근육과 장비,Muscles and equipment used,CODEX_GENERATED_ENGLISH,app/src/main/java/com/training/trackplanner/CommonUi.kt
사용 주,use note,CODEX_GENERATED_ENGLISH,app/src/main/java/com/training/trackplanner/AnalysisLabUi.kt
사용자 메타데이터 수정값을 삭제하고 기본값으로 되돌립니다.,Deletes user metadata modifications and reverts them to default.,CODEX_GENERATED_ENGLISH,app/src/main/java/com/training/trackplanner/localization/GeneratedLocalizationCatalogue.kt
사후분포 중앙값,Posterior median,CODEX_GENERATED_ENGLISH,app/src/main/java/com/training/trackplanner/AnalysisPersistentStrengthPerformanceUi.kt
삭제,Delete,CODEX_GENERATED_ENGLISH,app/src/main/java/com/training/trackplanner/ExerciseScreen.kt
삼각,triangle,CODEX_GENERATED_ENGLISH,app/src/main/java/com/training/trackplanner/data/MuscleGroupKeyNormalizer.kt
삼두,triceps,CODEX_GENERATED_ENGLISH,app/src/main/java/com/training/trackplanner/analysis/lab/StrengthAndMuscleMetricSeriesBuilder.kt
상관계수,correlation coefficient,CODEX_GENERATED_ENGLISH,app/src/main/java/com/training/trackplanner/AnalysisLabUi.kt
상대적으로 안정적 · 인과관계 아님,"Relatively stable, not causal",CODEX_GENERATED_ENGLISH,app/src/main/java/com/training/trackplanner/analysis/trends/ScatterRelationshipAnalyzer.kt
상세 실패 메시지가 저장되지 않았습니다.,Detailed failure messages are not saved.,CODEX_GENERATED_ENGLISH,app/src/main/java/com/training/trackplanner/AnalysisPersistentStrengthPerformanceUi.kt
상세 입력,Enter detailed information,CODEX_GENERATED_ENGLISH,app/src/main/java/com/training/trackplanner/RecordEntryCard.kt
상위 프록시 loading,Top proxy loading,CODEX_GENERATED_ENGLISH,app/src/main/java/com/training/trackplanner/AnalysisProxyPerformanceUi.kt
상태 지문 ${summary.modelStateFingerprint?.take(16) ?:,State Fingerprint ${summary.modelStateFingerprint?.take(16) ?:,CODEX_GENERATED_ENGLISH,app/src/main/java/com/training/trackplanner/localization/GeneratedLocalizationCatalogue.kt
상태 확인,Check status,CODEX_GENERATED_ENGLISH,app/src/main/java/com/training/trackplanner/analysis/readiness/PhaseAwareTodayStatus.kt
새 프로그램,new program,CODEX_GENERATED_ENGLISH,app/src/main/java/com/training/trackplanner/data/ProgramPlanService.kt
선택 복사,copy selection,CODEX_GENERATED_ENGLISH,app/src/main/java/com/training/trackplanner/localization/GeneratedLocalizationCatalogue.kt
선택 삭제,select delete,CODEX_GENERATED_ENGLISH,app/src/main/java/com/training/trackplanner/localization/GeneratedLocalizationCatalogue.kt
선택 안 함,Not selected,CODEX_GENERATED_ENGLISH,app/src/main/java/com/training/trackplanner/InitialProfileDialog.kt
선택 입력,select input,CODEX_GENERATED_ENGLISH,app/src/main/java/com/training/trackplanner/analysis/tissue/TissueRcvAssetRepository.kt
선택복사,Copy selection,CODEX_GENERATED_ENGLISH,app/src/main/java/com/training/trackplanner/localization/GeneratedLocalizationCatalogue.kt
선택한 기간에 저장할 운동 기록이 없습니다.,There are no exercise records to save for the selected period.,CODEX_GENERATED_ENGLISH,app/src/main/java/com/training/trackplanner/localization/GeneratedLocalizationCatalogue.kt
선택한 날짜 범위를 삭제할까요?,Do you want to delete the selected date range?,CODEX_GENERATED_ENGLISH,app/src/main/java/com/training/trackplanner/localization/GeneratedLocalizationCatalogue.kt
선택한 전이 목적의 기록이 없습니다.,There is no record of the selected transition purpose.,CODEX_GENERATED_ENGLISH,app/src/main/java/com/training/trackplanner/AnalysisDetailScreens.kt
선택한 제한 신호를 우선 반영했습니다.,The selected limiting signal was reflected first.,CODEX_GENERATED_ENGLISH,app/src/main/java/com/training/trackplanner/analysis/readiness/InitialProfileReadinessAdjuster.kt
선택한 통증 부위와 회피 움직임을 보수적으로 반영했습니다.,The selected pain area and avoidance movements were conservatively reflected.,CODEX_GENERATED_ENGLISH,app/src/main/java/com/training/trackplanner/analysis/readiness/InitialAdaptationProfile.kt
설명,explanation,CODEX_GENERATED_ENGLISH,app/src/main/java/com/training/trackplanner/analysis/tissue/TissueRcvAssetRepository.kt
설명 보기,See description,CODEX_GENERATED_ENGLISH,app/src/main/java/com/training/trackplanner/AnalysisDetailScreens.kt
설명/메모,Description/Notes,CODEX_GENERATED_ENGLISH,app/src/main/java/com/training/trackplanner/localization/GeneratedLocalizationCatalogue.kt
성공/실패,success/failure,CODEX_GENERATED_ENGLISH,app/src/main/java/com/training/trackplanner/analysis/readiness/FatigueDetailSectionBuilder.kt
성과,result,CODEX_GENERATED_ENGLISH,app/src/main/java/com/training/trackplanner/analysis/lab/AnalysisLabModels.kt
성별,gender,CODEX_GENERATED_ENGLISH,app/src/main/java/com/training/trackplanner/InitialProfileDialog.kt
성장률,Growth rate,CODEX_GENERATED_ENGLISH,app/src/main/java/com/training/trackplanner/AnalysisPersistentStrengthPerformanceUi.kt
성장률 음영은 이전 중앙값 대비 현재 추정 범위이며 정확한 성장률 사후분포가 아닙니다.,"The growth rate shading is a range of current estimates relative to the previous median, not the exact posterior distribution of growth rates.",CODEX_GENERATED_ENGLISH,app/src/main/java/com/training/trackplanner/AnalysisPersistentStrengthPerformanceUi.kt
성장률 이전 추정 없음,No previous estimates of growth rates,CODEX_GENERATED_ENGLISH,app/src/main/java/com/training/trackplanner/AnalysisPersistentStrengthPerformanceUi.kt
세부 분류,Detailed classification,CODEX_GENERATED_ENGLISH,app/src/main/java/com/training/trackplanner/ExerciseScreen.kt
세션 상세 보기,View session details,CODEX_GENERATED_ENGLISH,app/src/main/java/com/training/trackplanner/AnalysisPersistentStrengthPerformanceUi.kt
세션 시간 예산에 맞춰 일부 보조 항목을 줄였습니다.,Some ancillary items have been reduced to fit the session time budget.,CODEX_GENERATED_ENGLISH,app/src/main/java/com/training/trackplanner/data/ProgramBuilder.kt
세션 전 예상: 직접 기록 부족,Pre-session expectations: Lack of direct documentation,CODEX_GENERATED_ENGLISH,app/src/main/java/com/training/trackplanner/AnalysisProxyPerformanceUi.kt
세션별 사후분포 기록,Posterior distribution records for each session,CODEX_GENERATED_ENGLISH,app/src/main/java/com/training/trackplanner/AnalysisPersistentStrengthPerformanceUi.kt
세트 RPE,Set RPE,CODEX_GENERATED_ENGLISH,app/src/main/java/com/training/trackplanner/localization/GeneratedLocalizationCatalogue.kt
세트 사이 휴식 종료를 알려줍니다.,Notifies the end of rest between sets.,CODEX_GENERATED_ENGLISH,app/src/main/java/com/training/trackplanner/localization/GeneratedLocalizationCatalogue.kt
세트 입력과 확인을 우선합니다. 확인한 세트만 실제 수행 기록입니다.,Priority is given to set entry and confirmation. Only confirmed sets are actual performance records.,CODEX_GENERATED_ENGLISH,app/src/main/java/com/training/trackplanner/localization/GeneratedLocalizationCatalogue.kt
세트+,set+,CODEX_GENERATED_ENGLISH,app/src/main/java/com/training/trackplanner/localization/GeneratedLocalizationCatalogue.kt
세트별,By set,CODEX_GENERATED_ENGLISH,app/src/main/java/com/training/trackplanner/localization/GeneratedLocalizationCatalogue.kt
세트별 휴식,Rest per set,CODEX_GENERATED_ENGLISH,app/src/main/java/com/training/trackplanner/localization/GeneratedLocalizationCatalogue.kt
소표본 결과입니다. 산점도와 상관계수는 참고용입니다.,This is a small sample result. Scatterplots and correlation coefficients are for reference only.,CODEX_GENERATED_ENGLISH,app/src/main/java/com/training/trackplanner/AnalysisLabUi.kt
속도,speed,CODEX_GENERATED_ENGLISH,app/src/main/java/com/training/trackplanner/localization/GeneratedLocalizationCatalogue.kt
손목,wrist,CODEX_GENERATED_ENGLISH,app/src/main/java/com/training/trackplanner/data/MuscleGroupKeyNormalizer.kt
손목/손,wrist/hand,CODEX_GENERATED_ENGLISH,app/src/main/java/com/training/trackplanner/InitialProfileDialog.kt
숄더,shoulder,CODEX_GENERATED_ENGLISH,app/src/main/java/com/training/trackplanner/analysis/lab/MuscleLoadInputBuilder.kt
수,number,CODEX_GENERATED_ENGLISH,app/src/main/java/com/training/trackplanner/analysis/trends/AnalysisChartTemporalPolicy.kt
수면,Sleep,CODEX_GENERATED_ENGLISH,app/src/main/java/com/training/trackplanner/analysis/readiness/FatigueDetailSectionBuilder.kt
수면 기록 부족,lack of sleep history,CODEX_GENERATED_ENGLISH,app/src/main/java/com/training/trackplanner/analysis/coach/CoachingSignalModels.kt
수면 부족 / 회복 입력,Enter sleep deprivation/recovery,CODEX_GENERATED_ENGLISH,app/src/main/java/com/training/trackplanner/analysis/coach/CoachCheckInInterpreter.kt
수면 시간이 낮게 기록됐습니다.,Sleep time was recorded as low.,CODEX_GENERATED_ENGLISH,app/src/main/java/com/training/trackplanner/analysis/readiness/RecoverySignalInterpreter.kt
수면 입력도 낮아 회복 해석을 보수적으로 봅니다.,"Sleep input is also low, making recovery interpretation conservative.",CODEX_GENERATED_ENGLISH,app/src/main/java/com/training/trackplanner/analysis/coach/JointTendonWarningAnalyzer.kt
수면시간,sleep time,CODEX_GENERATED_ENGLISH,app/src/main/java/com/training/trackplanner/analysis/lab/AnalysisMetricRegistry.kt
수면시간이 낮아 피로 해석을 보수적으로 적용합니다.,Fatigue analysis is applied conservatively due to low sleep time.,CODEX_GENERATED_ENGLISH,app/src/main/java/com/training/trackplanner/analysis/coach/CoachCheckInInterpreter.kt
수면이 평소보다 짧게 잡혔습니다.,Sleep was shorter than usual.,CODEX_GENERATED_ENGLISH,app/src/main/java/com/training/trackplanner/analysis/readiness/RecoverySignalInterpreter.kt
수면질,sleep quality,CODEX_GENERATED_ENGLISH,app/src/main/java/com/training/trackplanner/InitialProfileDialog.kt
수정,Edit,CODEX_GENERATED_ENGLISH,app/src/main/java/com/training/trackplanner/HomeDailyCheckInCard.kt
수치 진단 ${summary.numericalDiagnostics.ifEmpty { listOf(,Numerical Diagnostics ${summary.numericalDiagnostics.ifEmpty { listOf(,CODEX_GENERATED_ENGLISH,app/src/main/java/com/training/trackplanner/localization/GeneratedLocalizationCatalogue.kt
수행 저하 신호,signs of poor performance,CODEX_GENERATED_ENGLISH,app/src/main/java/com/training/trackplanner/analysis/readiness/FatigueDetailSectionBuilder.kt
수행능력 레벨 비교,Performance level comparison,CODEX_GENERATED_ENGLISH,app/src/main/java/com/training/trackplanner/AnalysisPersistentStrengthPerformanceUi.kt
숨김,hiding,CODEX_GENERATED_ENGLISH,app/src/main/java/com/training/trackplanner/ExerciseScreen.kt
숨김 보기,Hidden view,CODEX_GENERATED_ENGLISH,app/src/main/java/com/training/trackplanner/ExerciseScreen.kt
숨김 해제,Unhide,CODEX_GENERATED_ENGLISH,app/src/main/java/com/training/trackplanner/ExerciseScreen.kt
스매시 Top3 평균 속도,Smash Top 3 Average Speed,CODEX_GENERATED_ENGLISH,app/src/main/java/com/training/trackplanner/analysis/lab/AnalysisMetricRegistry.kt
스매시 속도,smash speed,CODEX_GENERATED_ENGLISH,app/src/main/java/com/training/trackplanner/analysis/lab/AnalysisLabModels.kt
스매시 속도 시도 수,Smash Speed ​​Attempts,CODEX_GENERATED_ENGLISH,app/src/main/java/com/training/trackplanner/analysis/lab/AnalysisMetricRegistry.kt
스매시 최고 속도,smash top speed,CODEX_GENERATED_ENGLISH,app/src/main/java/com/training/trackplanner/analysis/lab/AnalysisMetricRegistry.kt
스매시 평균 속도,Smash average speed,CODEX_GENERATED_ENGLISH,app/src/main/java/com/training/trackplanner/analysis/lab/AnalysisMetricRegistry.kt
"스매시, 클리어, 드라이브처럼 하체-몸통-어깨로 힘을 전달하는 전이 목적입니다.","The purpose is to transfer power to the lower body, torso, and shoulders, such as smash, clear, and drive.",CODEX_GENERATED_ENGLISH,app/src/main/java/com/training/trackplanner/analysis/trends/BadmintonTrainingMethodLabels.kt
스미스,smith,CODEX_GENERATED_ENGLISH,app/src/main/java/com/training/trackplanner/data/ProgramCandidate.kt
스미스머신,smith machine,CODEX_GENERATED_ENGLISH,app/src/main/java/com/training/trackplanner/data/ProgramCandidate.kt
스쿼트 kg,squat kg,CODEX_GENERATED_ENGLISH,app/src/main/java/com/training/trackplanner/InitialProfileDialog.kt
스쿼트 고중량,squat heavy,CODEX_GENERATED_ENGLISH,app/src/main/java/com/training/trackplanner/analysis/readiness/TodayReadinessSentenceBuilder.kt
스쿼트 특이성,squat specificity,CODEX_GENERATED_ENGLISH,app/src/main/java/com/training/trackplanner/AnalysisProxyPerformanceUi.kt
스트레스,stress,CODEX_GENERATED_ENGLISH,app/src/main/java/com/training/trackplanner/InitialProfileDialog.kt
스트레스와 회복,stress and recovery,CODEX_GENERATED_ENGLISH,app/src/main/java/com/training/trackplanner/CommonUi.kt
스티프,stiff,CODEX_GENERATED_ENGLISH,app/src/main/java/com/training/trackplanner/analysis/lab/MuscleLoadInputBuilder.kt
스포츠 맥락,sports context,CODEX_GENERATED_ENGLISH,app/src/main/java/com/training/trackplanner/localization/GeneratedLocalizationCatalogue.kt
시간 수정,time correction,CODEX_GENERATED_ENGLISH,app/src/main/java/com/training/trackplanner/localization/GeneratedLocalizationCatalogue.kt
시계열 분석 지표를 계산하고 있습니다.,I am calculating a time series analysis metric.,CODEX_GENERATED_ENGLISH,app/src/main/java/com/training/trackplanner/AnalysisScreen.kt
시계열 분석에 사용할 수 있는 주간 지표가 부족합니다.,There is a lack of weekly indicators available for time series analysis.,CODEX_GENERATED_ENGLISH,app/src/main/java/com/training/trackplanner/AnalysisLabUi.kt
시계열 분석에 사용할 주간 지표가 부족합니다.,There is a lack of weekly indicators for use in time series analysis.,CODEX_GENERATED_ENGLISH,app/src/main/java/com/training/trackplanner/AnalysisLabUi.kt
시작일 적용,Apply start date,CODEX_GENERATED_ENGLISH,app/src/main/java/com/training/trackplanner/localization/GeneratedLocalizationCatalogue.kt
시차 관계 분석,Time lag relationship analysis,CODEX_GENERATED_ENGLISH,app/src/main/java/com/training/trackplanner/AnalysisLabUi.kt
시차 분석 결과,Lag analysis results,CODEX_GENERATED_ENGLISH,app/src/main/java/com/training/trackplanner/AnalysisLabUi.kt
신체 능력,physical ability,CODEX_GENERATED_ENGLISH,app/src/main/java/com/training/trackplanner/localization/GeneratedLocalizationCatalogue.kt
신호나 상황 변화에 맞춰 빠르게 판단하고 반응하는 전이 목적입니다.,The purpose of transition is to quickly judge and react to changes in signals or situations.,CODEX_GENERATED_ENGLISH,app/src/main/java/com/training/trackplanner/analysis/trends/BadmintonTrainingMethodLabels.kt
실선: 사후분포 중앙값 · 음영: 80% 범위 · ○: RPE/RIR 기반 직접 세션 관측,Solid line: Median posterior distribution · Shaded: 80% range · ○: Direct session observation based on RPE/RIR,CODEX_GENERATED_ENGLISH,app/src/main/java/com/training/trackplanner/AnalysisPersistentStrengthPerformanceUi.kt
실제 e1RM,Actual e1RM,CODEX_GENERATED_ENGLISH,app/src/main/java/com/training/trackplanner/AnalysisProxyPerformanceUi.kt
실패 상한 관측,Failure Upper Observation,CODEX_GENERATED_ENGLISH,app/src/main/java/com/training/trackplanner/AnalysisPersistentStrengthPerformanceUi.kt
실패근접 세트,Failure Melee Set,CODEX_GENERATED_ENGLISH,app/src/main/java/com/training/trackplanner/analysis/readiness/FatigueDetailSectionBuilder.kt
심함,Severe,CODEX_GENERATED_ENGLISH,app/src/main/java/com/training/trackplanner/InitialProfileDialog.kt
아래 차트와 같은 배드민턴 전이 목적 기준으로 요약합니다.,It is summarized based on badminton transfer objectives as shown in the chart below.,CODEX_GENERATED_ENGLISH,app/src/main/java/com/training/trackplanner/AnalysisDetailScreens.kt
아직 기록이 부족해 이 관계를 판단하기 어렵습니다.,It is difficult to determine this relationship due to lack of records.,CODEX_GENERATED_ENGLISH,app/src/main/java/com/training/trackplanner/analysis/trends/ScatterRelationshipAnalyzer.kt
아직 배드민턴 전이 축을 판단할 기록이 부족합니다.,There are still insufficient records to judge the badminton transfer axis.,CODEX_GENERATED_ENGLISH,app/src/main/java/com/training/trackplanner/analysis/coach/CoachAnalysisModels.kt
아직 원인 분석에 필요한 기록이 부족합니다.,There are still insufficient records needed to analyze the cause.,CODEX_GENERATED_ENGLISH,app/src/main/java/com/training/trackplanner/analysis/coach/CoachAnalysisModels.kt
아직 입력하지 않았습니다.,You haven't entered anything yet.,CODEX_GENERATED_ENGLISH,app/src/main/java/com/training/trackplanner/HomeDailyCheckInCard.kt
아직 저장된 운동 구성이 없습니다.,There are no saved workouts yet.,CODEX_GENERATED_ENGLISH,app/src/main/java/com/training/trackplanner/localization/GeneratedLocalizationCatalogue.kt
안 함,No,CODEX_GENERATED_ENGLISH,app/src/main/java/com/training/trackplanner/localization/GeneratedLocalizationCatalogue.kt
알 수 없는 운동,unknown movement,CODEX_GENERATED_ENGLISH,app/src/main/java/com/training/trackplanner/analysis/features/AnalysisExerciseDisplayNameResolver.kt
알림 허용,Allow notifications,CODEX_GENERATED_ENGLISH,app/src/main/java/com/training/trackplanner/localization/GeneratedLocalizationCatalogue.kt
앱 cue 가능,App cue enabled,CODEX_GENERATED_ENGLISH,app/src/main/java/com/training/trackplanner/data/ProgramSelectionReasonFormatter.kt
앱 밖에서도 휴식 종료를 보려면 알림 권한이 필요합니다.,Notification permission is required to view break ends outside of the app.,CODEX_GENERATED_ENGLISH,app/src/main/java/com/training/trackplanner/localization/GeneratedLocalizationCatalogue.kt
약간 높음,slightly high,CODEX_GENERATED_ENGLISH,app/src/main/java/com/training/trackplanner/analysis/readiness/FatigueDetailSectionBuilder.kt
약한 경향이 있습니다.,They tend to be weak.,CODEX_GENERATED_ENGLISH,app/src/main/java/com/training/trackplanner/analysis/trends/ScatterRelationshipAnalyzer.kt
양방향 RPE 근거가 없어 공유 근력 신호에서 제외,Bilateral RPE excluded from shared strength signal due to lack of evidence,CODEX_GENERATED_ENGLISH,app/src/main/java/com/training/trackplanner/analysis/strengthperformance/PersistentStrengthPerformanceSummary.kt
양의 신호,positive signal,CODEX_GENERATED_ENGLISH,app/src/main/java/com/training/trackplanner/AnalysisProxyPerformanceUi.kt
양호,Good,CODEX_GENERATED_ENGLISH,app/src/main/java/com/training/trackplanner/analysis/fatigue/HomeFatigueCardSummaryFactory.kt
어깨 부담 큰 상체 푸시,Upper body push with heavy shoulder burden,CODEX_GENERATED_ENGLISH,app/src/main/java/com/training/trackplanner/analysis/readiness/InitialProfileReadinessAdjuster.kt
어시스트,assist,CODEX_GENERATED_ENGLISH,app/src/main/java/com/training/trackplanner/analysis/features/BodyweightEffectiveLoadCalculator.kt
엉덩,butt,CODEX_GENERATED_ENGLISH,app/src/main/java/com/training/trackplanner/data/MuscleGroupKeyNormalizer.kt
여,female,CODEX_GENERATED_ENGLISH,app/src/main/java/com/training/trackplanner/data/TrainingRepository.kt
여러 지표를 반복 비교하면 우연히 관계처럼 보일 수 있습니다.,Repeated comparisons of multiple indicators may make the relationships appear to be coincidental.,CODEX_GENERATED_ENGLISH,app/src/main/java/com/training/trackplanner/AnalysisLabUi.kt
여성,female,CODEX_GENERATED_ENGLISH,app/src/main/java/com/training/trackplanner/data/TrainingRepository.kt
여유 부하,spare load,CODEX_GENERATED_ENGLISH,app/src/main/java/com/training/trackplanner/analysis/fatigue/ui/FatigueSimpleView.kt
연속 하체 피로가 몰리지 않도록 일부 운동을 재배치했습니다.,Some exercises were rearranged to avoid continuous lower body fatigue.,CODEX_GENERATED_ENGLISH,app/src/main/java/com/training/trackplanner/data/ProgramEvaluationPolicy.kt
예상 범위 숨김,Hide expected range,CODEX_GENERATED_ENGLISH,app/src/main/java/com/training/trackplanner/analysis/trends/PerformanceTrendEngine.kt
예상 범위 안에서 수행했습니다.,Performed within expectations.,CODEX_GENERATED_ENGLISH,app/src/main/java/com/training/trackplanner/AnalysisProxyPerformanceUi.kt
예상 범위보다 높게 수행했습니다.,Performed above expected range.,CODEX_GENERATED_ENGLISH,app/src/main/java/com/training/trackplanner/AnalysisProxyPerformanceUi.kt
예상 피로도 보통,Expected fatigue is moderate,CODEX_GENERATED_ENGLISH,app/src/main/java/com/training/trackplanner/analysis/fatigue/HomeFatigueCardSummaryFactory.kt
예상 피로도 증가,Increased expected fatigue,CODEX_GENERATED_ENGLISH,app/src/main/java/com/training/trackplanner/analysis/fatigue/HomeFatigueCardSummaryFactory.kt
예상보다 낮게 수행했습니다.,It performed below expectations.,CODEX_GENERATED_ENGLISH,app/src/main/java/com/training/trackplanner/AnalysisProxyPerformanceUi.kt
예시 운동: ${sample.joinToString(,Example exercise: ${sample.joinToString(,CODEX_GENERATED_ENGLISH,app/src/main/java/com/training/trackplanner/localization/GeneratedLocalizationCatalogue.kt
예시 운동: 기록 없음,Example exercise: No record,CODEX_GENERATED_ENGLISH,app/src/main/java/com/training/trackplanner/AnalysisDetailScreens.kt
예정 훈련 진행,Scheduled training in progress,CODEX_GENERATED_ENGLISH,app/src/main/java/com/training/trackplanner/analysis/readiness/TodayReadinessSentenceBuilder.kt
오늘,today,CODEX_GENERATED_ENGLISH,app/src/main/java/com/training/trackplanner/localization/GeneratedLocalizationCatalogue.kt
오늘 계획은 아직 없습니다.,There are no plans for today yet.,CODEX_GENERATED_ENGLISH,app/src/main/java/com/training/trackplanner/analysis/readiness/PhaseAwareTodayStatus.kt
오늘 기록된 운동 기준으로는 피로가 과도하지 않습니다.,"Based on today's recorded exercise, fatigue is not excessive.",CODEX_GENERATED_ENGLISH,app/src/main/java/com/training/trackplanner/analysis/readiness/PhaseAwareTodayStatus.kt
오늘 상태,status today,CODEX_GENERATED_ENGLISH,app/src/main/java/com/training/trackplanner/analysis/readiness/PhaseAwareTodayStatus.kt
오늘 상태를 계산하고 있습니다.,We are calculating the status today.,CODEX_GENERATED_ENGLISH,app/src/main/java/com/training/trackplanner/AnalysisCoachUi.kt
오늘 운동 후 일부 부담이 올라 회복이 필요합니다.,"After today's workout, I'm a bit overworked and need some recovery.",CODEX_GENERATED_ENGLISH,app/src/main/java/com/training/trackplanner/analysis/readiness/PhaseAwareTodayStatus.kt
오늘 운동 후 제한 신호를 우선 봅니다.,"After exercising today, I first look at the limit signal.",CODEX_GENERATED_ENGLISH,app/src/main/java/com/training/trackplanner/analysis/readiness/PhaseAwareTodayStatus.kt
오늘 운동 후 피로 부담이 높습니다.,I feel very tired after exercising today.,CODEX_GENERATED_ENGLISH,app/src/main/java/com/training/trackplanner/analysis/readiness/PhaseAwareTodayStatus.kt
오늘 운동 후 피로도는 평소 범위입니다.,My fatigue after exercising today is in the usual range.,CODEX_GENERATED_ENGLISH,app/src/main/java/com/training/trackplanner/analysis/readiness/PhaseAwareTodayStatus.kt
오늘 전신 피로 입력이 높아 운동 강도와 양을 보수적으로 조절하는 편이 낫습니다.,"Today, the overall fatigue input is high, so it is better to conservatively control exercise intensity and volume.",CODEX_GENERATED_ENGLISH,app/src/main/java/com/training/trackplanner/analysis/coach/CoachCheckInInterpreter.kt
오늘 컨디션,Condition today,CODEX_GENERATED_ENGLISH,app/src/main/java/com/training/trackplanner/HomeDailyCheckInCard.kt
오늘 컨디션 입력,Enter today’s condition,CODEX_GENERATED_ENGLISH,app/src/main/java/com/training/trackplanner/HomeDailyCheckInCard.kt
오늘은 강도를 조금 낮추는 편이 안전합니다,It is safer to lower the intensity a little today.,CODEX_GENERATED_ENGLISH,app/src/main/java/com/training/trackplanner/analysis/text/AnalysisSentencePolicy.kt
오늘은 강도를 조금 조절하세요.,Adjust the intensity a little today.,CODEX_GENERATED_ENGLISH,app/src/main/java/com/training/trackplanner/analysis/readiness/InitialProfileReadinessAdjuster.kt
오늘은 고강도 훈련을 줄이세요.,Reduce your high-intensity training today.,CODEX_GENERATED_ENGLISH,app/src/main/java/com/training/trackplanner/analysis/readiness/TodayReadinessSentenceBuilder.kt
오늘은 부담이 적은 운동이 낫습니다.,A less stressful exercise is better today.,CODEX_GENERATED_ENGLISH,app/src/main/java/com/training/trackplanner/analysis/readiness/InitialProfileReadinessAdjuster.kt
오늘은 예정 훈련을 진행해도 좋습니다.,You can proceed with your scheduled training today.,CODEX_GENERATED_ENGLISH,app/src/main/java/com/training/trackplanner/analysis/readiness/InitialProfileReadinessAdjuster.kt
오늘은 해당 영역을 낮춰 잡습니다.,"Today, we will lower that area.",CODEX_GENERATED_ENGLISH,app/src/main/java/com/training/trackplanner/analysis/readiness/FatigueDetailSectionBuilder.kt
오늘은 회복 여지를 더 남기세요.,Leave more room for recovery today.,CODEX_GENERATED_ENGLISH,app/src/main/java/com/training/trackplanner/analysis/readiness/InitialProfileReadinessAdjuster.kt
오류 유형:,Error type:,CODEX_GENERATED_ENGLISH,app/src/main/java/com/training/trackplanner/data/PerformanceTrendSummaryService.kt
오버레이 설정,Overlay settings,CODEX_GENERATED_ENGLISH,app/src/main/java/com/training/trackplanner/localization/GeneratedLocalizationCatalogue.kt
오버헤드 반복,overhead repetition,CODEX_GENERATED_ENGLISH,app/src/main/java/com/training/trackplanner/analysis/readiness/FatigueDetailSectionBuilder.kt
오버헤드프레스,overhead press,CODEX_GENERATED_ENGLISH,app/src/main/java/com/training/trackplanner/analysis/lab/MuscleLoadInputBuilder.kt
와,and,CODEX_GENERATED_ENGLISH,app/src/main/java/com/training/trackplanner/analysis/readiness/TodayFatigueStatusLabeler.kt
완료 세션 이벤트 원장과 저장된 필터링 사후분포를 진단합니다. Bayesian 시계열 실험실과는 별도 모델입니다.,Diagnose the completed session event ledger and the stored filtered posterior distribution. This is a separate model from the Bayesian Time Series Lab.,CODEX_GENERATED_ENGLISH,app/src/main/java/com/training/trackplanner/AnalysisPersistentStrengthPerformanceUi.kt
완료 세트 포함,Complete set included,CODEX_GENERATED_ENGLISH,app/src/main/java/com/training/trackplanner/localization/GeneratedLocalizationCatalogue.kt
완료 세트도 수정됩니다.,The completion set is also modified.,CODEX_GENERATED_ENGLISH,app/src/main/java/com/training/trackplanner/localization/GeneratedLocalizationCatalogue.kt
완료 포함 적용,Done Included Apply,CODEX_GENERATED_ENGLISH,app/src/main/java/com/training/trackplanner/localization/GeneratedLocalizationCatalogue.kt
완료: ${completedAt ?:,Completed: ${completedAt ?:,CODEX_GENERATED_ENGLISH,app/src/main/java/com/training/trackplanner/localization/GeneratedLocalizationCatalogue.kt
외생 통제 Z 선택,Exogenous Control Z Selection,CODEX_GENERATED_ENGLISH,app/src/main/java/com/training/trackplanner/AnalysisLabUi.kt
외전,extroversion,CODEX_GENERATED_ENGLISH,app/src/main/java/com/training/trackplanner/data/MuscleGroupKeyNormalizer.kt
우연히 나타난 관계일 수 있어 낮은 신뢰도로 해석해야 합니다.,This relationship may have appeared by chance and should be interpreted with low reliability.,CODEX_GENERATED_ENGLISH,app/src/main/java/com/training/trackplanner/analysis/trends/ScatterRelationshipAnalyzer.kt
운동 검색,exercise search,CODEX_GENERATED_ENGLISH,app/src/main/java/com/training/trackplanner/RuntimeMetadataExerciseEditorDialog.kt
운동 기록이 쌓이면 표시됩니다.,It will be displayed as your exercise records accumulate.,CODEX_GENERATED_ENGLISH,app/src/main/java/com/training/trackplanner/analysis/fatigue/ui/FatigueCharts.kt
운동 메모,exercise notes,CODEX_GENERATED_ENGLISH,app/src/main/java/com/training/trackplanner/RecordEntryCard.kt
운동 목록 관리,Workout list management,CODEX_GENERATED_ENGLISH,app/src/main/java/com/training/trackplanner/ExerciseScreen.kt
운동 목록과 기본 기록 방식을 확인합니다.,Check your exercise list and preferred recording method.,CODEX_GENERATED_ENGLISH,app/src/main/java/com/training/trackplanner/ExerciseScreen.kt
운동 부하와 함께 코치 분석에 반영되는 훈련 조절 참고 신호입니다.,Training adjustment reference signals that are reflected in coach analysis along with exercise load.,CODEX_GENERATED_ENGLISH,app/src/main/java/com/training/trackplanner/HomeDailyCheckInCard.kt
운동 삭제,Delete exercise,CODEX_GENERATED_ENGLISH,app/src/main/java/com/training/trackplanner/localization/GeneratedLocalizationCatalogue.kt
운동 수,number of exercises,CODEX_GENERATED_ENGLISH,app/src/main/java/com/training/trackplanner/analysis/tissue/TissueRcvAssetRepository.kt
운동 이름을 입력하세요.,Enter the exercise name.,CODEX_GENERATED_ENGLISH,app/src/main/java/com/training/trackplanner/localization/GeneratedLocalizationCatalogue.kt
운동 전,before exercise,CODEX_GENERATED_ENGLISH,app/src/main/java/com/training/trackplanner/analysis/fatigue/DailyFatigueModels.kt
운동 정보,Exercise information,CODEX_GENERATED_ENGLISH,app/src/main/java/com/training/trackplanner/CommonUi.kt
운동 추가,Add exercise,CODEX_GENERATED_ENGLISH,app/src/main/java/com/training/trackplanner/ExerciseScreen.kt
운동 프로그램 삭제,Delete exercise program,CODEX_GENERATED_ENGLISH,app/src/main/java/com/training/trackplanner/localization/GeneratedLocalizationCatalogue.kt
운동 프로그램을 삭제했습니다.,I deleted my exercise program.,CODEX_GENERATED_ENGLISH,app/src/main/java/com/training/trackplanner/localization/GeneratedLocalizationCatalogue.kt
운동과 런타임 메타데이터를 저장했습니다.,Saved exercise and runtime metadata.,CODEX_GENERATED_ENGLISH,app/src/main/java/com/training/trackplanner/ExerciseScreen.kt
운동량 지수,training volume index,CODEX_GENERATED_ENGLISH,app/src/main/java/com/training/trackplanner/analysis/lab/AnalysisMetricRegistry.kt
운동명,exercise name,CODEX_GENERATED_ENGLISH,app/src/main/java/com/training/trackplanner/analysis/fatigue/FatigueAnalysisModels.kt
운동명 검색,Exercise name search,CODEX_GENERATED_ENGLISH,app/src/main/java/com/training/trackplanner/localization/GeneratedLocalizationCatalogue.kt
원본 동작 분류,Original Movement Classification,CODEX_GENERATED_ENGLISH,app/src/main/java/com/training/trackplanner/RuntimeMetadataExerciseEditorDialog.kt
원본 동작 패턴,Original Behavior Pattern,CODEX_GENERATED_ENGLISH,app/src/main/java/com/training/trackplanner/RuntimeMetadataExerciseEditorDialog.kt
월,month,CODEX_GENERATED_ENGLISH,app/src/main/java/com/training/trackplanner/analysis/trends/AnalysisChartTemporalPolicy.kt
월별이 아니라 각 주마다 하나의 포인트를 찍는 주별 차트입니다.,This is a weekly chart with one point for each week rather than a monthly chart.,CODEX_GENERATED_ENGLISH,app/src/main/java/com/training/trackplanner/AnalysisDetailScreens.kt
유산소/운동,Cardio/Exercise,CODEX_GENERATED_ENGLISH,app/src/main/java/com/training/trackplanner/localization/GeneratedLocalizationCatalogue.kt
유산소운동,aerobic exercise,CODEX_GENERATED_ENGLISH,app/src/main/java/com/training/trackplanner/data/ProgramPlanService.kt
유지,maintain,CODEX_GENERATED_ENGLISH,app/src/main/java/com/training/trackplanner/data/TrainingRepository.kt
음의 신호,negative signal,CODEX_GENERATED_ENGLISH,app/src/main/java/com/training/trackplanner/AnalysisProxyPerformanceUi.kt
응답 변수 Y 선택,Select response variable Y,CODEX_GENERATED_ENGLISH,app/src/main/java/com/training/trackplanner/AnalysisLabUi.kt
이 날짜에는 아직 운동이 없습니다.,There are no workouts yet on this date.,CODEX_GENERATED_ENGLISH,app/src/main/java/com/training/trackplanner/localization/GeneratedLocalizationCatalogue.kt
이 날짜의 운동 기록을 삭제할까요?,Would you like to delete this date's workout history?,CODEX_GENERATED_ENGLISH,app/src/main/java/com/training/trackplanner/localization/GeneratedLocalizationCatalogue.kt
이 운동 프로그램을 삭제할까요? 이 작업은 되돌릴 수 없습니다.,Should I delete this exercise program? This action is irreversible.,CODEX_GENERATED_ENGLISH,app/src/main/java/com/training/trackplanner/localization/GeneratedLocalizationCatalogue.kt
이 운동은 효과가 없습니다,This exercise doesn't work,CODEX_GENERATED_ENGLISH,app/src/main/java/com/training/trackplanner/analysis/text/AnalysisSentencePolicy.kt
이 차트는 전체 대비 나눠 보는 표가 아니라 전이 목적별 자극량을 보여줍니다. 운동 하나가 여러 전이 목적에 동시에 해당할 수 있어 자극량은 중복 반영됩니다.,"This chart shows the amount of stimulation by transfer purpose rather than a division table. One exercise can serve multiple transfer purposes simultaneously, so the amount of stimulation is reflected redundantly.",CODEX_GENERATED_ENGLISH,app/src/main/java/com/training/trackplanner/AnalysisDetailScreens.kt
이동,movement,CODEX_GENERATED_ENGLISH,app/src/main/java/com/training/trackplanner/localization/GeneratedLocalizationCatalogue.kt
이동하면 원본 날짜의 운동 기록이 삭제됩니다.,"When you move, your workout history from the original date will be deleted.",CODEX_GENERATED_ENGLISH,app/src/main/java/com/training/trackplanner/localization/GeneratedLocalizationCatalogue.kt
이두,biceps,CODEX_GENERATED_ENGLISH,app/src/main/java/com/training/trackplanner/analysis/lab/StrengthAndMuscleMetricSeriesBuilder.kt
이미지 없음,No image,CODEX_GENERATED_ENGLISH,app/src/main/java/com/training/trackplanner/CommonUi.kt
이전 버전 보수적 하한 관측,Previous version conservative lower bound observation,CODEX_GENERATED_ENGLISH,app/src/main/java/com/training/trackplanner/AnalysisPersistentStrengthPerformanceUi.kt
이전 중앙값 대비 현재 추정 범위,Current estimate range versus the previous median,CODEX_GENERATED_ENGLISH,app/src/main/java/com/training/trackplanner/AnalysisPersistentStrengthPerformanceUi.kt
이전 추정 없음,No previous estimates,CODEX_GENERATED_ENGLISH,app/src/main/java/com/training/trackplanner/AnalysisPersistentStrengthPerformanceUi.kt
이전날,previous day,CODEX_GENERATED_ENGLISH,app/src/main/java/com/training/trackplanner/CommonUi.kt
이전달,previous month,CODEX_GENERATED_ENGLISH,app/src/main/java/com/training/trackplanner/localization/GeneratedLocalizationCatalogue.kt
인과관계 확정이 아니라 주간 기록 기반의 탐색적 패턴입니다.,"It is not a definitive causal relationship, but an exploratory pattern based on weekly records.",CODEX_GENERATED_ENGLISH,app/src/main/java/com/training/trackplanner/AnalysisLabUi.kt
인장 부하를 전달,transmit tensile load,CODEX_GENERATED_ENGLISH,app/src/main/java/com/training/trackplanner/analysis/tissue/TissueRcvAssetRepository.kt
인지 스트레스,perceived stress,CODEX_GENERATED_ENGLISH,app/src/main/java/com/training/trackplanner/localization/GeneratedLocalizationCatalogue.kt
인클라인,incline,CODEX_GENERATED_ENGLISH,app/src/main/java/com/training/trackplanner/analysis/features/BodyweightEffectiveLoadCalculator.kt
일,Day,CODEX_GENERATED_ENGLISH,app/src/main/java/com/training/trackplanner/analysis/trends/AnalysisChartTemporalPolicy.kt
일괄,batch,CODEX_GENERATED_ENGLISH,app/src/main/java/com/training/trackplanner/localization/GeneratedLocalizationCatalogue.kt
일괄 편집,Bulk Edit,CODEX_GENERATED_ENGLISH,app/src/main/java/com/training/trackplanner/localization/GeneratedLocalizationCatalogue.kt
일부 프로그램 메타데이터를 복원하지 못했습니다. 저장 전 구성을 확인하세요.,Some program metadata could not be restored. Check your configuration before saving.,CODEX_GENERATED_ENGLISH,app/src/main/java/com/training/trackplanner/localization/GeneratedLocalizationCatalogue.kt
일부 피로가 평소보다 높습니다.,Some fatigue is higher than usual.,CODEX_GENERATED_ENGLISH,app/src/main/java/com/training/trackplanner/analysis/fatigue/FatigueMath.kt
입력,input,CODEX_GENERATED_ENGLISH,app/src/main/java/com/training/trackplanner/HomeDailyCheckInCard.kt
입력 조건을 확인하는 중입니다.,Checking input conditions.,CODEX_GENERATED_ENGLISH,app/src/main/java/com/training/trackplanner/localization/GeneratedLocalizationCatalogue.kt
입력값 없음,No input,CODEX_GENERATED_ENGLISH,app/src/main/java/com/training/trackplanner/HomeDailyCheckInCard.kt
있음,Yes,CODEX_GENERATED_ENGLISH,app/src/main/java/com/training/trackplanner/analysis/readiness/FatigueDetailSectionBuilder.kt
자각 강도 대비 수행 효율,Performance efficiency compared to perceived intensity,CODEX_GENERATED_ENGLISH,app/src/main/java/com/training/trackplanner/analysis/lab/AnalysisMetricRegistry.kt
자동 골자 다시 만들기,Recreate automatic outline,CODEX_GENERATED_ENGLISH,app/src/main/java/com/training/trackplanner/localization/GeneratedLocalizationCatalogue.kt
자동 골자 만들기,Create an automatic outline,CODEX_GENERATED_ENGLISH,app/src/main/java/com/training/trackplanner/localization/GeneratedLocalizationCatalogue.kt
자동 골자 생성 시간이 길어졌습니다. 조건을 조금 줄이고 다시 시도해 주세요.,Automatic outline creation time has been increased. Please reduce the conditions a little and try again.,CODEX_GENERATED_ENGLISH,app/src/main/java/com/training/trackplanner/localization/GeneratedLocalizationCatalogue.kt
자동 골자 생성에 실패했습니다.,Automatic outline creation failed.,CODEX_GENERATED_ENGLISH,app/src/main/java/com/training/trackplanner/localization/GeneratedLocalizationCatalogue.kt
자동 골자로 대체,Replaced with automatic outline,CODEX_GENERATED_ENGLISH,app/src/main/java/com/training/trackplanner/localization/GeneratedLocalizationCatalogue.kt
자동 골자를 만들면 저장 전 미리보기와 수정 항목이 표시됩니다.,"When you create an automatic outline, you'll see a preview and edits before saving.",CODEX_GENERATED_ENGLISH,app/src/main/java/com/training/trackplanner/localization/GeneratedLocalizationCatalogue.kt
자동 보정 변수: ${result.automaticAdjustments.joinToString(,Automatic Adjustments Variable: ${result.automaticAdjustments.joinToString(,CODEX_GENERATED_ENGLISH,app/src/main/java/com/training/trackplanner/localization/GeneratedLocalizationCatalogue.kt
자동 패턴 탐지,Automatic pattern detection,CODEX_GENERATED_ENGLISH,app/src/main/java/com/training/trackplanner/AnalysisLabUi.kt
자세히,in detail,CODEX_GENERATED_ENGLISH,app/src/main/java/com/training/trackplanner/analysis/fatigue/ui/FatigueAnalysisSection.kt
작동,functioning,CODEX_GENERATED_ENGLISH,app/src/main/java/com/training/trackplanner/analysis/readiness/FatigueDetailSectionBuilder.kt
작업: ${if (operation == DataTransferOperation.BACKUP),Operation: ${if (operation == DataTransferOperation.BACKUP),CODEX_GENERATED_ENGLISH,app/src/main/java/com/training/trackplanner/localization/GeneratedLocalizationCatalogue.kt
작은 오버레이는 선택 기능입니다. 권한이 없어도 타이머는 동작합니다.,The small overlay is an optional feature. The timer operates even without permission.,CODEX_GENERATED_ENGLISH,app/src/main/java/com/training/trackplanner/localization/GeneratedLocalizationCatalogue.kt
잔존 피로,residual fatigue,CODEX_GENERATED_ENGLISH,app/src/main/java/com/training/trackplanner/analysis/readiness/FatigueDetailSectionBuilder.kt
잠시만 기다려 주세요.,please wait for a moment.,CODEX_GENERATED_ENGLISH,app/src/main/java/com/training/trackplanner/localization/GeneratedLocalizationCatalogue.kt
장비,equipment,CODEX_GENERATED_ENGLISH,app/src/main/java/com/training/trackplanner/CommonUi.kt
장시간 배드민턴,long time badminton,CODEX_GENERATED_ENGLISH,app/src/main/java/com/training/trackplanner/analysis/readiness/InitialProfileReadinessAdjuster.kt
재시도하면 근력 분석 파생 결과만 지우고 보존된 운동 기록을 날짜순으로 다시 계산합니다.,Retrying only clears the strength analysis derived results and recalculates the preserved workout history by date.,CODEX_GENERATED_ENGLISH,app/src/main/java/com/training/trackplanner/AnalysisPersistentStrengthPerformanceUi.kt
저반복/고강도,Low repetition/high intensity,CODEX_GENERATED_ENGLISH,app/src/main/java/com/training/trackplanner/AnalysisStrengthTrendSections.kt
저반복/고강도(1~5회),Low reps/high intensity (1-5 reps),CODEX_GENERATED_ENGLISH,app/src/main/java/com/training/trackplanner/AnalysisStrengthTrendSections.kt
저장,save,CODEX_GENERATED_ENGLISH,app/src/main/java/com/training/trackplanner/HomeDailyCheckInCard.kt
적용,Apply,CODEX_GENERATED_ENGLISH,app/src/main/java/com/training/trackplanner/analysis/fatigue/ui/FatigueSourceMultiSelect.kt
전단 부하에 대응,Responds to shear load,CODEX_GENERATED_ENGLISH,app/src/main/java/com/training/trackplanner/analysis/tissue/TissueRcvAssetRepository.kt
전신 근육,full body muscles,CODEX_GENERATED_ENGLISH,app/src/main/java/com/training/trackplanner/analysis/coach/CoachCheckInInterpreter.kt
전신 부담,full body strain,CODEX_GENERATED_ENGLISH,app/src/main/java/com/training/trackplanner/analysis/lab/AnalysisMetricRegistry.kt
전신 피로 입력,Entire body fatigue input,CODEX_GENERATED_ENGLISH,app/src/main/java/com/training/trackplanner/analysis/lab/AnalysisMetricRegistry.kt
전신 피로 입력 상승,Increased total body fatigue input,CODEX_GENERATED_ENGLISH,app/src/main/java/com/training/trackplanner/analysis/coach/CoachCheckInInterpreter.kt
전신 피로 입력이 높습니다.,Total body fatigue input is high.,CODEX_GENERATED_ENGLISH,app/src/main/java/com/training/trackplanner/analysis/readiness/RecoverySignalInterpreter.kt
전완,forearm,CODEX_GENERATED_ENGLISH,app/src/main/java/com/training/trackplanner/data/MuscleGroupKeyNormalizer.kt
전완/그립,Forearm/Grip,CODEX_GENERATED_ENGLISH,app/src/main/java/com/training/trackplanner/analysis/lab/StrengthAndMuscleMetricSeriesBuilder.kt
전이,transition,CODEX_GENERATED_ENGLISH,app/src/main/java/com/training/trackplanner/AnalysisDetailScreens.kt
전이 목적,transition purpose,CODEX_GENERATED_ENGLISH,app/src/main/java/com/training/trackplanner/AnalysisDetailScreens.kt
전이 목적 메타데이터가 있는 기록이 부족합니다.,There are not enough records with transition purpose metadata.,CODEX_GENERATED_ENGLISH,app/src/main/java/com/training/trackplanner/AnalysisDetailScreens.kt
전이 목적 선택,Select transition purpose,CODEX_GENERATED_ENGLISH,app/src/main/java/com/training/trackplanner/AnalysisDetailScreens.kt
전이 종류,type of transition,CODEX_GENERATED_ENGLISH,app/src/main/java/com/training/trackplanner/localization/GeneratedLocalizationCatalogue.kt
전체,entire,CODEX_GENERATED_ENGLISH,app/src/main/java/com/training/trackplanner/AnalysisDetailScreens.kt
전체 RPE,Full RPE,CODEX_GENERATED_ENGLISH,app/src/main/java/com/training/trackplanner/localization/GeneratedLocalizationCatalogue.kt
전체 선택,select all,CODEX_GENERATED_ENGLISH,app/src/main/java/com/training/trackplanner/AnalysisDetailScreens.kt
전체 스트레스 크기,total stress magnitude,CODEX_GENERATED_ENGLISH,app/src/main/java/com/training/trackplanner/localization/GeneratedLocalizationCatalogue.kt
전체 운동량,total training volume,CODEX_GENERATED_ENGLISH,app/src/main/java/com/training/trackplanner/analysis/lab/AnalysisLabModels.kt
절대,absoluteness,CODEX_GENERATED_ENGLISH,app/src/main/java/com/training/trackplanner/analysis/text/AnalysisSentencePolicy.kt
점수버전,Score version,CODEX_GENERATED_ENGLISH,app/src/main/java/com/training/trackplanner/analysis/tissue/TissueRcvAssetRepository.kt
점프/감속 드릴,Jump/Decelerate Drill,CODEX_GENERATED_ENGLISH,app/src/main/java/com/training/trackplanner/analysis/readiness/InitialProfileReadinessAdjuster.kt
점프/착지,Jump/Land,CODEX_GENERATED_ENGLISH,app/src/main/java/com/training/trackplanner/analysis/trends/BadmintonTrainingMethodLabels.kt
점프와 착지 제어를 보강하는 훈련입니다.,This exercise reinforces jumping and landing control.,CODEX_GENERATED_ENGLISH,app/src/main/java/com/training/trackplanner/analysis/trends/BadmintonTrainingMethodLabels.kt
조건에 맞는 운동 후보가 적어 일부 세션 구성이 짧을 수 있습니다.,Some session configurations may be short due to a limited number of eligible exercise candidates.,CODEX_GENERATED_ENGLISH,app/src/main/java/com/training/trackplanner/data/ProgramBuilder.kt
"조건을 고른 뒤 자동 골자를 만들고, 저장 전에 세트와 중량을 조정합니다.","After choosing the conditions, create an automatic outline and adjust the sets and weights before saving.",CODEX_GENERATED_ENGLISH,app/src/main/java/com/training/trackplanner/localization/GeneratedLocalizationCatalogue.kt
조절,adjustment,CODEX_GENERATED_ENGLISH,app/src/main/java/com/training/trackplanner/analysis/readiness/FatigueDetailSectionBuilder.kt
조직유형,Organization type,CODEX_GENERATED_ENGLISH,app/src/main/java/com/training/trackplanner/analysis/tissue/TissueRcvAssetRepository.kt
종료,end,CODEX_GENERATED_ENGLISH,app/src/main/java/com/training/trackplanner/localization/GeneratedLocalizationCatalogue.kt
종아리,calf,CODEX_GENERATED_ENGLISH,app/src/main/java/com/training/trackplanner/analysis/lab/StrengthAndMuscleMetricSeriesBuilder.kt
종아리/아킬레스,Calf/Achilles,CODEX_GENERATED_ENGLISH,app/src/main/java/com/training/trackplanner/analysis/lab/MuscleBucketSelection.kt
좋음,well,CODEX_GENERATED_ENGLISH,app/src/main/java/com/training/trackplanner/InitialProfileDialog.kt
좌우 랜덤 콕줍기,Left and right random pick,CODEX_GENERATED_ENGLISH,app/src/main/java/com/training/trackplanner/data/ProgramRuleTables.kt
좌우 사용,Left and right use,CODEX_GENERATED_ENGLISH,app/src/main/java/com/training/trackplanner/CommonUi.kt
주 스트레스,main stress,CODEX_GENERATED_ENGLISH,app/src/main/java/com/training/trackplanner/CommonUi.kt
주간,Weekly,CODEX_GENERATED_ENGLISH,app/src/main/java/com/training/trackplanner/AnalysisStrengthTrendSections.kt
주간 canonical OFI 기반 누적 부담 지수,Weekly canonical OFI based cumulative burden index,CODEX_GENERATED_ENGLISH,app/src/main/java/com/training/trackplanner/analysis/lab/AnalysisMetricRegistry.kt
주간 가슴 운동량,weekly chest workout,CODEX_GENERATED_ENGLISH,app/src/main/java/com/training/trackplanner/analysis/trends/PerformanceTrendSentenceBuilder.kt
주간 가슴 최근 3일 운동량,Weekly Chest Exercise Amount in Last 3 Days,CODEX_GENERATED_ENGLISH,app/src/main/java/com/training/trackplanner/analysis/trends/PerformanceTrendSentenceBuilder.kt
주간 가슴 최근 7일 운동량,Weekly Chest Exercise Amount in Last 7 Days,CODEX_GENERATED_ENGLISH,app/src/main/java/com/training/trackplanner/analysis/trends/PerformanceTrendSentenceBuilder.kt
주간 근력운동 강도 지수,Weekly strength training intensity index,CODEX_GENERATED_ENGLISH,app/src/main/java/com/training/trackplanner/analysis/lab/AnalysisMetricRegistry.kt
주간 내전근/외전근 운동량,Weekly adductor/abductor exercise volume,CODEX_GENERATED_ENGLISH,app/src/main/java/com/training/trackplanner/analysis/trends/PerformanceTrendSentenceBuilder.kt
주간 내전근/외전근 최근 3일 운동량,Weekly adductor/abductor training volume in the last 3 days,CODEX_GENERATED_ENGLISH,app/src/main/java/com/training/trackplanner/analysis/trends/PerformanceTrendSentenceBuilder.kt
주간 내전근/외전근 최근 7일 운동량,Weekly adductor/abductor training volume in the last 7 days,CODEX_GENERATED_ENGLISH,app/src/main/java/com/training/trackplanner/analysis/trends/PerformanceTrendSentenceBuilder.kt
주간 대퇴사두 운동량,Weekly quadriceps exercise,CODEX_GENERATED_ENGLISH,app/src/main/java/com/training/trackplanner/analysis/trends/PerformanceTrendSentenceBuilder.kt
주간 대퇴사두 최근 3일 운동량,Weekly quadriceps training volume for the last 3 days,CODEX_GENERATED_ENGLISH,app/src/main/java/com/training/trackplanner/analysis/trends/PerformanceTrendSentenceBuilder.kt
주간 대퇴사두 최근 7일 운동량,Weekly quadriceps training volume in the last 7 days,CODEX_GENERATED_ENGLISH,app/src/main/java/com/training/trackplanner/analysis/trends/PerformanceTrendSentenceBuilder.kt
주간 둔근 운동량,weekly glute workouts,CODEX_GENERATED_ENGLISH,app/src/main/java/com/training/trackplanner/analysis/trends/PerformanceTrendSentenceBuilder.kt
주간 둔근 최근 3일 운동량,Weekly glute training volume in the last 3 days,CODEX_GENERATED_ENGLISH,app/src/main/java/com/training/trackplanner/analysis/trends/PerformanceTrendSentenceBuilder.kt
주간 둔근 최근 7일 운동량,Weekly glute training volume in the last 7 days,CODEX_GENERATED_ENGLISH,app/src/main/java/com/training/trackplanner/analysis/trends/PerformanceTrendSentenceBuilder.kt
주간 등/광배 운동량,Weekly back/lat training volume,CODEX_GENERATED_ENGLISH,app/src/main/java/com/training/trackplanner/analysis/trends/PerformanceTrendSentenceBuilder.kt
주간 등/광배 최근 3일 운동량,Weekly back/lat training volume for the last 3 days,CODEX_GENERATED_ENGLISH,app/src/main/java/com/training/trackplanner/analysis/trends/PerformanceTrendSentenceBuilder.kt
주간 등/광배 최근 7일 운동량,Weekly back/lat training volume in the last 7 days,CODEX_GENERATED_ENGLISH,app/src/main/java/com/training/trackplanner/analysis/trends/PerformanceTrendSentenceBuilder.kt
주간 복근/전면코어 운동량,Weekly abs/front core exercise,CODEX_GENERATED_ENGLISH,app/src/main/java/com/training/trackplanner/analysis/trends/PerformanceTrendSentenceBuilder.kt
주간 복근/전면코어 최근 3일 운동량,Weekly abs/front core training volume for the last 3 days,CODEX_GENERATED_ENGLISH,app/src/main/java/com/training/trackplanner/analysis/trends/PerformanceTrendSentenceBuilder.kt
주간 복근/전면코어 최근 7일 운동량,Weekly abs/front core training volume in the last 7 days,CODEX_GENERATED_ENGLISH,app/src/main/java/com/training/trackplanner/analysis/trends/PerformanceTrendSentenceBuilder.kt
주간 삼두 운동량,weekly triceps workout,CODEX_GENERATED_ENGLISH,app/src/main/java/com/training/trackplanner/analysis/trends/PerformanceTrendSentenceBuilder.kt
주간 삼두 최근 3일 운동량,Weekly triceps training volume for the last 3 days,CODEX_GENERATED_ENGLISH,app/src/main/java/com/training/trackplanner/analysis/trends/PerformanceTrendSentenceBuilder.kt
주간 삼두 최근 7일 운동량,Weekly triceps training volume in the last 7 days,CODEX_GENERATED_ENGLISH,app/src/main/java/com/training/trackplanner/analysis/trends/PerformanceTrendSentenceBuilder.kt
주간 스매시 속도 기록 횟수,Weekly Smash Speed ​​Records,CODEX_GENERATED_ENGLISH,app/src/main/java/com/training/trackplanner/analysis/lab/AnalysisMetricRegistry.kt
주간 스매시 속도 상위 3회 평균,Top 3 weekly smash speed averages,CODEX_GENERATED_ENGLISH,app/src/main/java/com/training/trackplanner/analysis/lab/AnalysisMetricRegistry.kt
주간 스매시 최고 속도,Weekly Smash Top Speed,CODEX_GENERATED_ENGLISH,app/src/main/java/com/training/trackplanner/analysis/lab/AnalysisMetricRegistry.kt
주간 스매시 평균 속도,Weekly Smash Average Speed,CODEX_GENERATED_ENGLISH,app/src/main/java/com/training/trackplanner/analysis/lab/AnalysisMetricRegistry.kt
주간 어깨 운동량,weekly shoulder workout,CODEX_GENERATED_ENGLISH,app/src/main/java/com/training/trackplanner/analysis/trends/PerformanceTrendSentenceBuilder.kt
주간 어깨 최근 3일 운동량,Weekly shoulder training volume in the last 3 days,CODEX_GENERATED_ENGLISH,app/src/main/java/com/training/trackplanner/analysis/trends/PerformanceTrendSentenceBuilder.kt
주간 어깨 최근 7일 운동량,Weekly shoulder training volume in the last 7 days,CODEX_GENERATED_ENGLISH,app/src/main/java/com/training/trackplanner/analysis/trends/PerformanceTrendSentenceBuilder.kt
주간 유효 근력운동 수행량,Weekly effective strength training performance,CODEX_GENERATED_ENGLISH,app/src/main/java/com/training/trackplanner/analysis/lab/AnalysisMetricRegistry.kt
주간 이두 운동량,weekly biceps workout,CODEX_GENERATED_ENGLISH,app/src/main/java/com/training/trackplanner/analysis/trends/PerformanceTrendSentenceBuilder.kt
주간 이두 최근 3일 운동량,Weekly biceps training volume for the last 3 days,CODEX_GENERATED_ENGLISH,app/src/main/java/com/training/trackplanner/analysis/trends/PerformanceTrendSentenceBuilder.kt
주간 이두 최근 7일 운동량,Weekly biceps training volume in the last 7 days,CODEX_GENERATED_ENGLISH,app/src/main/java/com/training/trackplanner/analysis/trends/PerformanceTrendSentenceBuilder.kt
주간 전신성 피로 부담,Weekly systemic fatigue burden,CODEX_GENERATED_ENGLISH,app/src/main/java/com/training/trackplanner/analysis/lab/AnalysisMetricRegistry.kt
주간 전완/그립 운동량,Weekly forearm/grip workouts,CODEX_GENERATED_ENGLISH,app/src/main/java/com/training/trackplanner/analysis/trends/PerformanceTrendSentenceBuilder.kt
주간 전완/그립 최근 3일 운동량,Weekly Forearm/Grip Exercise Amount in Last 3 Days,CODEX_GENERATED_ENGLISH,app/src/main/java/com/training/trackplanner/analysis/trends/PerformanceTrendSentenceBuilder.kt
주간 전완/그립 최근 7일 운동량,Weekly forearm/grip training volume in last 7 days,CODEX_GENERATED_ENGLISH,app/src/main/java/com/training/trackplanner/analysis/trends/PerformanceTrendSentenceBuilder.kt
주간 종아리 운동량,weekly calf exercise,CODEX_GENERATED_ENGLISH,app/src/main/java/com/training/trackplanner/analysis/trends/PerformanceTrendSentenceBuilder.kt
주간 종아리 최근 3일 운동량,Weekly calf training volume for the last 3 days,CODEX_GENERATED_ENGLISH,app/src/main/java/com/training/trackplanner/analysis/trends/PerformanceTrendSentenceBuilder.kt
주간 종아리 최근 7일 운동량,Weekly calf training volume in the last 7 days,CODEX_GENERATED_ENGLISH,app/src/main/java/com/training/trackplanner/analysis/trends/PerformanceTrendSentenceBuilder.kt
주간 측면코어 운동량,Weekly lateral core exercise,CODEX_GENERATED_ENGLISH,app/src/main/java/com/training/trackplanner/analysis/trends/PerformanceTrendSentenceBuilder.kt
주간 측면코어 최근 3일 운동량,Weekly lateral core training volume for the last 3 days,CODEX_GENERATED_ENGLISH,app/src/main/java/com/training/trackplanner/analysis/trends/PerformanceTrendSentenceBuilder.kt
주간 측면코어 최근 7일 운동량,Weekly lateral core training volume in the last 7 days,CODEX_GENERATED_ENGLISH,app/src/main/java/com/training/trackplanner/analysis/trends/PerformanceTrendSentenceBuilder.kt
주간 코트 훈련량,Weekly court training volume,CODEX_GENERATED_ENGLISH,app/src/main/java/com/training/trackplanner/analysis/lab/AnalysisMetricRegistry.kt
주간 평균 관절/건 불편감 체크인,Weekly average joint/tendon discomfort check-in,CODEX_GENERATED_ENGLISH,app/src/main/java/com/training/trackplanner/analysis/lab/AnalysisMetricRegistry.kt
주간 평균 전신 피로 체크인,Weekly Average Whole Body Fatigue Check-in,CODEX_GENERATED_ENGLISH,app/src/main/java/com/training/trackplanner/analysis/lab/AnalysisMetricRegistry.kt
주간 평균 집중력/의욕 체크인,Weekly average concentration/motivation check-in,CODEX_GENERATED_ENGLISH,app/src/main/java/com/training/trackplanner/analysis/lab/AnalysisMetricRegistry.kt
주간 평균 하체 피로 체크인,Weekly average lower body fatigue check-in,CODEX_GENERATED_ENGLISH,app/src/main/java/com/training/trackplanner/analysis/lab/AnalysisMetricRegistry.kt
주간 풋워크 및 반응 훈련량,Weekly Footwork and Reaction Training Volume,CODEX_GENERATED_ENGLISH,app/src/main/java/com/training/trackplanner/analysis/lab/AnalysisMetricRegistry.kt
주간 항회전/회전코어 운동량,Weekly anti-rotational/rotational core training volume,CODEX_GENERATED_ENGLISH,app/src/main/java/com/training/trackplanner/analysis/trends/PerformanceTrendSentenceBuilder.kt
주간 항회전/회전코어 최근 3일 운동량,Weekly anti-rotation/rotation core training volume for the last 3 days,CODEX_GENERATED_ENGLISH,app/src/main/java/com/training/trackplanner/analysis/trends/PerformanceTrendSentenceBuilder.kt
주간 항회전/회전코어 최근 7일 운동량,Weekly anti-rotation/rotation core training volume in the last 7 days,CODEX_GENERATED_ENGLISH,app/src/main/java/com/training/trackplanner/analysis/trends/PerformanceTrendSentenceBuilder.kt
주간 햄스트링 운동량,Weekly Hamstring Exercises,CODEX_GENERATED_ENGLISH,app/src/main/java/com/training/trackplanner/analysis/trends/PerformanceTrendSentenceBuilder.kt
주간 햄스트링 최근 3일 운동량,Weekly hamstring training volume in the last 3 days,CODEX_GENERATED_ENGLISH,app/src/main/java/com/training/trackplanner/analysis/trends/PerformanceTrendSentenceBuilder.kt
주간 햄스트링 최근 7일 운동량,Weekly hamstring training volume in the last 7 days,CODEX_GENERATED_ENGLISH,app/src/main/java/com/training/trackplanner/analysis/trends/PerformanceTrendSentenceBuilder.kt
주간 후면사슬/척추기립근 운동량,Weekly posterior chain/erector spinae exercise volume,CODEX_GENERATED_ENGLISH,app/src/main/java/com/training/trackplanner/analysis/trends/PerformanceTrendSentenceBuilder.kt
주간 후면사슬/척추기립근 최근 3일 운동량,Weekly posterior chain/erector spinae training volume for the last 3 days,CODEX_GENERATED_ENGLISH,app/src/main/java/com/training/trackplanner/analysis/trends/PerformanceTrendSentenceBuilder.kt
주간 후면사슬/척추기립근 최근 7일 운동량,Weekly posterior chain/erector spinae training volume in the last 7 days,CODEX_GENERATED_ENGLISH,app/src/main/java/com/training/trackplanner/analysis/trends/PerformanceTrendSentenceBuilder.kt
주당 운동일수,Number of exercise days per week,CODEX_GENERATED_ENGLISH,app/src/main/java/com/training/trackplanner/localization/GeneratedLocalizationCatalogue.kt
주동근,Joo Dong-geun,CODEX_GENERATED_ENGLISH,app/src/main/java/com/training/trackplanner/CommonUi.kt
주별 배드민턴 전이 자극량,Weekly badminton transfer stimulation amount,CODEX_GENERATED_ENGLISH,app/src/main/java/com/training/trackplanner/AnalysisDetailScreens.kt
주별로 표시할 배드민턴 관련 훈련 기록이 없습니다.,There are no badminton-related training records to display by state.,CODEX_GENERATED_ENGLISH,app/src/main/java/com/training/trackplanner/AnalysisChartUi.kt
주요 동작,Main action,CODEX_GENERATED_ENGLISH,app/src/main/java/com/training/trackplanner/CommonUi.kt
"주요 리프트, 근육군, 반복수 구간 흐름을 봅니다.","View the flow of major lifts, muscle groups, and reps.",CODEX_GENERATED_ENGLISH,app/src/main/java/com/training/trackplanner/AnalysisScreen.kt
주요 목표,main goal,CODEX_GENERATED_ENGLISH,app/src/main/java/com/training/trackplanner/InitialProfileDialog.kt
주요 운동 프록시 추정 실험,Key motion proxy estimation experiments,CODEX_GENERATED_ENGLISH,app/src/main/java/com/training/trackplanner/AnalysisProxyPerformanceUi.kt
주차와 요일 슬롯을 배치하는 중입니다.,Parking and day slots are being placed.,CODEX_GENERATED_ENGLISH,app/src/main/java/com/training/trackplanner/localization/GeneratedLocalizationCatalogue.kt
주차와 요일별 운동 구성을 텍스트 요약으로 확인합니다.,Check parking and workout schedules for each day of the week with a text summary.,CODEX_GENERATED_ENGLISH,app/src/main/java/com/training/trackplanner/localization/GeneratedLocalizationCatalogue.kt
중간 정도의 경향이 있습니다.,They tend to be moderate.,CODEX_GENERATED_ENGLISH,app/src/main/java/com/training/trackplanner/analysis/trends/ScatterRelationshipAnalyzer.kt
중립,neutrality,CODEX_GENERATED_ENGLISH,app/src/main/java/com/training/trackplanner/AnalysisProxyPerformanceUi.kt
중반복/중강도,Medium repetition/medium intensity,CODEX_GENERATED_ENGLISH,app/src/main/java/com/training/trackplanner/AnalysisStrengthTrendSections.kt
중반복/중강도(6~9회),Medium reps/moderate intensity (6-9 reps),CODEX_GENERATED_ENGLISH,app/src/main/java/com/training/trackplanner/AnalysisStrengthTrendSections.kt
중복 억제 그룹,Redundancy Suppression Group,CODEX_GENERATED_ENGLISH,app/src/main/java/com/training/trackplanner/localization/GeneratedLocalizationCatalogue.kt
중지,stop,CODEX_GENERATED_ENGLISH,app/src/main/java/com/training/trackplanner/localization/GeneratedLocalizationCatalogue.kt
지속형 수행능력 사후분포 진단,Continuous performance posterior distribution diagnosis,CODEX_GENERATED_ENGLISH,app/src/main/java/com/training/trackplanner/AnalysisPersistentStrengthPerformanceUi.kt
지수,jisoo,CODEX_GENERATED_ENGLISH,app/src/main/java/com/training/trackplanner/analysis/lab/AnalysisMetricRegistry.kt
지표 선택,Select indicator,CODEX_GENERATED_ENGLISH,app/src/main/java/com/training/trackplanner/AnalysisLabUi.kt
직전 추정 대비 성장률,Growth rate compared to previous estimate,CODEX_GENERATED_ENGLISH,app/src/main/java/com/training/trackplanner/AnalysisPersistentStrengthPerformanceUi.kt
직접 1RM,Direct 1RM,CODEX_GENERATED_ENGLISH,app/src/main/java/com/training/trackplanner/AnalysisPersistentStrengthPerformanceUi.kt
직접 기록이 더 쌓이면 관련 운동 신호를 kg 범위로 추정할 수 있습니다.,"As more direct recordings are made, the relevant motor signals can be estimated in the kg range.",CODEX_GENERATED_ENGLISH,app/src/main/java/com/training/trackplanner/AnalysisProxyPerformanceUi.kt
직접 기록이 부족해 비교 신뢰도가 낮습니다.,The lack of direct records makes comparisons unreliable.,CODEX_GENERATED_ENGLISH,app/src/main/java/com/training/trackplanner/AnalysisProxyPerformanceUi.kt
직접 수행 기록이 아직 없습니다.,There is no record of direct performance yet.,CODEX_GENERATED_ENGLISH,app/src/main/java/com/training/trackplanner/AnalysisProxyPerformanceUi.kt
직접 입력,Enter directly,CODEX_GENERATED_ENGLISH,app/src/main/java/com/training/trackplanner/localization/GeneratedLocalizationCatalogue.kt
직접 전이,direct transfer,CODEX_GENERATED_ENGLISH,app/src/main/java/com/training/trackplanner/analysis/badminton/BadmintonTransferModels.kt
진단 보고서 저장 실패: ${error.message ?:,Failed to save diagnostic report: ${error.message ?:,CODEX_GENERATED_ENGLISH,app/src/main/java/com/training/trackplanner/localization/GeneratedLocalizationCatalogue.kt
진단 코드: ${summary.lifecycleDiagnosticCode ?:,Diagnostic Code: ${summary.lifecycleDiagnosticCode ?:,CODEX_GENERATED_ENGLISH,app/src/main/java/com/training/trackplanner/localization/GeneratedLocalizationCatalogue.kt
진행 지표,progress indicators,CODEX_GENERATED_ENGLISH,app/src/main/java/com/training/trackplanner/localization/GeneratedLocalizationCatalogue.kt
질병,disease,CODEX_GENERATED_ENGLISH,app/src/main/java/com/training/trackplanner/InitialProfileDialog.kt
집중력/의욕,Concentration/Motivation,CODEX_GENERATED_ENGLISH,app/src/main/java/com/training/trackplanner/analysis/lab/AnalysisMetricRegistry.kt
집중력/의욕 입력이 낮습니다.,Concentration/motivation input is low.,CODEX_GENERATED_ENGLISH,app/src/main/java/com/training/trackplanner/analysis/readiness/RecoverySignalInterpreter.kt
집중력/의욕 입력이 낮아 반응 드릴과 고강도 배드민턴은 강도를 낮춰 진행하는 편이 낫습니다.,Reaction drills and high-intensity badminton are better performed at lower intensity due to low concentration/motivation input.,CODEX_GENERATED_ENGLISH,app/src/main/java/com/training/trackplanner/analysis/coach/CoachCheckInInterpreter.kt
집중력/의욕 저하,Difficulty concentrating/motivating,CODEX_GENERATED_ENGLISH,app/src/main/java/com/training/trackplanner/analysis/coach/CoachCheckInInterpreter.kt
차트 제한,chart limits,CODEX_GENERATED_ENGLISH,app/src/main/java/com/training/trackplanner/analysis/trends/PerformanceTrendEngine.kt
참고용 · 소표본,For reference / small sample,CODEX_GENERATED_ENGLISH,app/src/main/java/com/training/trackplanner/analysis/trends/ScatterRelationshipAnalyzer.kt
채널,channel,CODEX_GENERATED_ENGLISH,app/src/main/java/com/training/trackplanner/analysis/tissue/TissueRcvAssetRepository.kt
처리된 완료 세션이 아직 없습니다.,There are no completed sessions processed yet.,CODEX_GENERATED_ENGLISH,app/src/main/java/com/training/trackplanner/AnalysisPersistentStrengthPerformanceUi.kt
처음부터 재시도,retry from beginning,CODEX_GENERATED_ENGLISH,app/src/main/java/com/training/trackplanner/AnalysisPersistentStrengthPerformanceUi.kt
처음이라면 기본 프로그램을 고른 뒤 시작일을 적용하세요.,"If this is your first time, select the default program and apply the start date.",CODEX_GENERATED_ENGLISH,app/src/main/java/com/training/trackplanner/localization/GeneratedLocalizationCatalogue.kt
척추,vertebrae,CODEX_GENERATED_ENGLISH,app/src/main/java/com/training/trackplanner/data/MuscleGroupKeyNormalizer.kt
첫 관측은 운동 자체 기준선만 설정,The first observation only sets the baseline for the exercise itself.,CODEX_GENERATED_ENGLISH,app/src/main/java/com/training/trackplanner/analysis/strengthperformance/PersistentStrengthPerformanceSummary.kt
첫 날짜를 1주차 월요일로 두고 빈 날짜 간격도 그대로 보존합니다.,Sets the first date to Monday of week 1 and preserves empty date intervals.,CODEX_GENERATED_ENGLISH,app/src/main/java/com/training/trackplanner/localization/GeneratedLocalizationCatalogue.kt
첫 스텝과 짧은 거리 가속을 보강하는 훈련입니다.,This is a training exercise that reinforces first steps and acceleration over short distances.,CODEX_GENERATED_ENGLISH,app/src/main/java/com/training/trackplanner/analysis/trends/BadmintonTrainingMethodLabels.kt
체중,weight,CODEX_GENERATED_ENGLISH,app/src/main/java/com/training/trackplanner/data/TrainingRepository.kt
체중 kg,weight kg,CODEX_GENERATED_ENGLISH,app/src/main/java/com/training/trackplanner/InitialProfileDialog.kt
체중 관리,weight management,CODEX_GENERATED_ENGLISH,app/src/main/java/com/training/trackplanner/InitialProfileDialog.kt
체중 출처 ${point.bodyWeightSource ?:,Weight Source ${point.bodyWeightSource ?:,CODEX_GENERATED_ENGLISH,app/src/main/java/com/training/trackplanner/localization/GeneratedLocalizationCatalogue.kt
체크인 기록이 쌓이면 회복/컨디션 지표도 실험실에서 비교할 수 있습니다.,"As check-in records are accumulated, recovery/condition indicators can also be compared in the laboratory.",CODEX_GENERATED_ENGLISH,app/src/main/java/com/training/trackplanner/AnalysisLabUi.kt
체크인 지표 고도화,Enhancing check-in indicators,CODEX_GENERATED_ENGLISH,app/src/main/java/com/training/trackplanner/AnalysisLabUi.kt
체크인에 기록한 주간 평균 수면시간,Average weekly sleep time recorded at check-in,CODEX_GENERATED_ENGLISH,app/src/main/java/com/training/trackplanner/analysis/lab/AnalysisMetricRegistry.kt
체형,form,CODEX_GENERATED_ENGLISH,app/src/main/java/com/training/trackplanner/data/TrainingRepository.kt
초,sec,CODEX_GENERATED_ENGLISH,app/src/main/java/com/training/trackplanner/localization/GeneratedLocalizationCatalogue.kt
초기 프로필과 최근 기록을 함께 반영했습니다.,It reflects both initial profiles and recent records.,CODEX_GENERATED_ENGLISH,app/src/main/java/com/training/trackplanner/analysis/readiness/InitialAdaptationProfile.kt
초기 프로필과 최근 기록을 함께 보면 조절이 낫습니다.,Adjustment is better when you look at your initial profile and recent history together.,CODEX_GENERATED_ENGLISH,app/src/main/java/com/training/trackplanner/analysis/readiness/InitialProfileReadinessAdjuster.kt
초기 프로필상 현재 부하를 소화할 여지가 있습니다.,"Based on the initial profile, there is room to absorb the current load.",CODEX_GENERATED_ENGLISH,app/src/main/java/com/training/trackplanner/analysis/readiness/InitialProfileReadinessAdjuster.kt
초기화,reset,CODEX_GENERATED_ENGLISH,app/src/main/java/com/training/trackplanner/AnalysisDetailScreens.kt
최근 28일 평균(7일 환산),Average of the last 28 days (7-day conversion),CODEX_GENERATED_ENGLISH,app/src/main/java/com/training/trackplanner/analysis/trends/BadmintonTrainingMethodSeries.kt
"최근 4주 평균 운동 강도입니다. 1은 매우 쉬움, 10은 한계 수준입니다.",This is the average exercise intensity over the past four weeks. 1 is very easy and 10 is marginal.,CODEX_GENERATED_ENGLISH,app/src/main/java/com/training/trackplanner/InitialProfileDialog.kt
최근 7일,Last 7 days,CODEX_GENERATED_ENGLISH,app/src/main/java/com/training/trackplanner/analysis/trends/BadmintonTrainingMethodSeries.kt
최근 7일 vs 28일 전이 목적 비교,Comparison of last 7 days vs. 28 days transition purpose,CODEX_GENERATED_ENGLISH,app/src/main/java/com/training/trackplanner/AnalysisDetailScreens.kt
최근 7일 배드민턴 전이 목적 기록이 부족합니다.,There is insufficient record of badminton transfer purpose for the last 7 days.,CODEX_GENERATED_ENGLISH,app/src/main/java/com/training/trackplanner/analysis/trends/BadmintonTrainingMethodSeries.kt
최근 근력 지표가 함께 낮아졌습니다.,"Recently, the strength index has also decreased.",CODEX_GENERATED_ENGLISH,app/src/main/java/com/training/trackplanner/analysis/readiness/PerformanceDropDetector.kt
최근 기록 기준 범위에 있습니다.,It's in the range based on recent records.,CODEX_GENERATED_ENGLISH,app/src/main/java/com/training/trackplanner/analysis/coach/BadmintonTransferCoverageAnalyzer.kt
최근 부하와 회복 입력을 함께 보수적으로 반영했습니다.,Recent load and recovery inputs have been conservatively reflected together.,CODEX_GENERATED_ENGLISH,app/src/main/java/com/training/trackplanner/analysis/readiness/InitialProfileReadinessAdjuster.kt
최근 분위,latest quartile,CODEX_GENERATED_ENGLISH,app/src/main/java/com/training/trackplanner/analysis/readiness/FatigueDetailSectionBuilder.kt
"최근 불편감 입력과 관련 운동 기록이 함께 보입니다. 점프, 감속, 고중량 하체는 강도를 낮춰 확인합니다.","Recent discomfort input and related exercise records are displayed together. Jumps, decelerations, and heavy lower body work are checked at lower intensities.",CODEX_GENERATED_ENGLISH,app/src/main/java/com/training/trackplanner/analysis/coach/JointTendonWarningAnalyzer.kt
최근 불편감 입력이 높습니다. 운동 기록만으로 단정하지 않고 오늘 부하를 보수적으로 조절합니다.,"Discomfort inputs have been high recently. Rather than relying on exercise records alone, adjust today's load conservatively.",CODEX_GENERATED_ENGLISH,app/src/main/java/com/training/trackplanner/analysis/coach/JointTendonWarningAnalyzer.kt
최근 비중과 관련 피로축이 함께 높게 잡힙니다.,Both the recent proportion and the related fatigue axis are set high.,CODEX_GENERATED_ENGLISH,app/src/main/java/com/training/trackplanner/analysis/coach/BadmintonTransferCoverageAnalyzer.kt
최근 비중이 높게 누적되었습니다.,"Recently, the proportion has accumulated to a high level.",CODEX_GENERATED_ENGLISH,app/src/main/java/com/training/trackplanner/analysis/coach/BadmintonTransferCoverageAnalyzer.kt
최근 수면 입력이 낮아 RPE 해석을 보수적으로 봅니다.,RPE interpretation is conservative due to low recent sleep input.,CODEX_GENERATED_ENGLISH,app/src/main/java/com/training/trackplanner/analysis/coach/RpeAutoregulationAnalyzer.kt
최근 수면 입력이 낮아 긴 코트 시간 뒤 회복 해석을 보수적으로 봅니다.,We are conservative in our interpretation of recovery after long court times due to low recent sleep input.,CODEX_GENERATED_ENGLISH,app/src/main/java/com/training/trackplanner/analysis/coach/CourtDurationRecoveryAnalyzer.kt
최근 수면 입력이 부족해 수면 보정 신호를 계산하지 않았습니다.,"Due to a lack of recent sleep input, a sleep compensation signal was not calculated.",CODEX_GENERATED_ENGLISH,app/src/main/java/com/training/trackplanner/analysis/coach/CoachingSignalModels.kt
최근 수면을 보수적으로 봅니다,Take a conservative look at your recent sleep,CODEX_GENERATED_ENGLISH,app/src/main/java/com/training/trackplanner/analysis/coach/SleepRecoverySignalAnalyzer.kt
최근 수면이 많이 낮습니다,My sleep has been very low lately,CODEX_GENERATED_ENGLISH,app/src/main/java/com/training/trackplanner/analysis/coach/SleepRecoverySignalAnalyzer.kt
최근 안정적으로 소화한 유형은 기준선을 약간 높게 적용합니다.,"For types that have recently become stable, the baseline is set slightly higher.",CODEX_GENERATED_ENGLISH,app/src/main/java/com/training/trackplanner/analysis/readiness/AdaptiveBaselineCalculator.kt
최근 운동 공백,Recent exercise hiatus,CODEX_GENERATED_ENGLISH,app/src/main/java/com/training/trackplanner/InitialProfileDialog.kt
최근 운동 공백이 있어 기준선을 보수적으로 적용했습니다.,"Due to recent exercise gaps, the baseline was applied conservatively.",CODEX_GENERATED_ENGLISH,app/src/main/java/com/training/trackplanner/analysis/readiness/InitialAdaptationProfile.kt
최근 운동량이 평소보다 빠르게 늘었습니다,"Recently, my amount of exercise has increased faster than usual.",CODEX_GENERATED_ENGLISH,app/src/main/java/com/training/trackplanner/analysis/text/AnalysisSentencePolicy.kt
최근 이벤트 지문 ${summary.latestEventFingerprint?.take(16) ?:,Latest event fingerprint ${summary.latestEventFingerprint?.take(16) ?:,CODEX_GENERATED_ENGLISH,app/src/main/java/com/training/trackplanner/localization/GeneratedLocalizationCatalogue.kt
최근 주요 innovation,Recent major innovations,CODEX_GENERATED_ENGLISH,app/src/main/java/com/training/trackplanner/AnalysisProxyPerformanceUi.kt
최근 직접 1RM 기록 없음,No recent direct 1RM records,CODEX_GENERATED_ENGLISH,app/src/main/java/com/training/trackplanner/AnalysisPersistentStrengthPerformanceUi.kt
최대 횟수,maximum number of times,CODEX_GENERATED_ENGLISH,app/src/main/java/com/training/trackplanner/localization/GeneratedLocalizationCatalogue.kt
최종 프로그램을 정리하는 중입니다.,The final program is being put together.,CODEX_GENERATED_ENGLISH,app/src/main/java/com/training/trackplanner/localization/GeneratedLocalizationCatalogue.kt
추가,addition,CODEX_GENERATED_ENGLISH,app/src/main/java/com/training/trackplanner/localization/GeneratedLocalizationCatalogue.kt
추세,trend,CODEX_GENERATED_ENGLISH,app/src/main/java/com/training/trackplanner/AnalysisChartUi.kt
추정 불가,impossible to estimate,CODEX_GENERATED_ENGLISH,app/src/main/java/com/training/trackplanner/AnalysisLabUi.kt
추정 주요 운동 수행능력,Estimated major motor performance,CODEX_GENERATED_ENGLISH,app/src/main/java/com/training/trackplanner/AnalysisProxyPerformanceUi.kt
추정 중앙값,estimated median,CODEX_GENERATED_ENGLISH,app/src/main/java/com/training/trackplanner/AnalysisProxyPerformanceUi.kt
추정 총부하,estimated total load,CODEX_GENERATED_ENGLISH,app/src/main/java/com/training/trackplanner/AnalysisPersistentStrengthPerformanceUi.kt
축구 경기,soccer match,CODEX_GENERATED_ENGLISH,app/src/main/java/com/training/trackplanner/data/ExercisePlanning.kt
출생연도,year of birth,CODEX_GENERATED_ENGLISH,app/src/main/java/com/training/trackplanner/InitialProfileDialog.kt
출생연도는 1900년부터 올해까지의 4자리 숫자만 저장됩니다.,"For the year of birth, only four digits from 1900 to this year are stored.",CODEX_GENERATED_ENGLISH,app/src/main/java/com/training/trackplanner/InitialProfileDialog.kt
충격 변수 X,Shock variable,CODEX_GENERATED_ENGLISH,app/src/main/java/com/training/trackplanner/AnalysisLabUi.kt
충격 스트레스,shock stress,CODEX_GENERATED_ENGLISH,app/src/main/java/com/training/trackplanner/localization/GeneratedLocalizationCatalogue.kt
측면코어,side core,CODEX_GENERATED_ENGLISH,app/src/main/java/com/training/trackplanner/analysis/lab/StrengthAndMuscleMetricSeriesBuilder.kt
카프,Calf,CODEX_GENERATED_ENGLISH,app/src/main/java/com/training/trackplanner/data/MuscleGroupKeyNormalizer.kt
컨디션,condition,CODEX_GENERATED_ENGLISH,app/src/main/java/com/training/trackplanner/InitialProfileDialog.kt
컨디션 입력,Enter condition,CODEX_GENERATED_ENGLISH,app/src/main/java/com/training/trackplanner/localization/GeneratedLocalizationCatalogue.kt
케이블 오버헤드 트라이셉스 익스텐션,Cable Overhead Triceps Extension,CODEX_GENERATED_ENGLISH,app/src/main/java/com/training/trackplanner/data/ProgramRuleTables.kt
케이블 찹,cable chop,CODEX_GENERATED_ENGLISH,app/src/main/java/com/training/trackplanner/data/SlotCapabilityResolver.kt
케이블 팔로프 프레스,Cable Palloff Press,CODEX_GENERATED_ENGLISH,app/src/main/java/com/training/trackplanner/data/ProgramRuleTables.kt
케틀벨 원레그 루마니안 데드리프트,Kettlebell one-leg Romanian deadlift,CODEX_GENERATED_ENGLISH,app/src/main/java/com/training/trackplanner/data/ProgramRuleTables.kt
케틀벨 프레스,kettlebell press,CODEX_GENERATED_ENGLISH,app/src/main/java/com/training/trackplanner/data/SlotCapabilityResolver.kt
코트 시간 반응 데이터가 적습니다,There is less court time response data,CODEX_GENERATED_ENGLISH,app/src/main/java/com/training/trackplanner/analysis/coach/CourtDurationRecoveryAnalyzer.kt
코트 시간 반응은 참고 수준입니다,Court time response is reference level,CODEX_GENERATED_ENGLISH,app/src/main/java/com/training/trackplanner/analysis/coach/CourtDurationRecoveryAnalyzer.kt
"코트 이동, 스텝, 위치 회복을 직접 보강하는 전이 목적입니다.","It is for transition purposes, directly reinforcing court movement, steps, and position recovery.",CODEX_GENERATED_ENGLISH,app/src/main/java/com/training/trackplanner/analysis/trends/BadmintonTrainingMethodLabels.kt
키 cm,height cm,CODEX_GENERATED_ENGLISH,app/src/main/java/com/training/trackplanner/InitialProfileDialog.kt
킬로그램,kilogram,CODEX_GENERATED_ENGLISH,app/src/main/java/com/training/trackplanner/AnalysisChartUi.kt
탄성/점프,elastic/jump,CODEX_GENERATED_ENGLISH,app/src/main/java/com/training/trackplanner/analysis/readiness/TodayReadinessSentenceBuilder.kt
턱걸이,chin blow,CODEX_GENERATED_ENGLISH,app/src/main/java/com/training/trackplanner/analysis/features/BodyweightEffectiveLoadCalculator.kt
테니스 경기,tennis match,CODEX_GENERATED_ENGLISH,app/src/main/java/com/training/trackplanner/data/ExercisePlanning.kt
토,saturday,CODEX_GENERATED_ENGLISH,app/src/main/java/com/training/trackplanner/analysis/trends/AnalysisChartTemporalPolicy.kt
통제 변수 선택,Control variable selection,CODEX_GENERATED_ENGLISH,app/src/main/java/com/training/trackplanner/AnalysisLabUi.kt
통제 변수 없음,No control variables,CODEX_GENERATED_ENGLISH,app/src/main/java/com/training/trackplanner/AnalysisLabUi.kt
통증/부상,Pain/Injury,CODEX_GENERATED_ENGLISH,app/src/main/java/com/training/trackplanner/InitialProfileDialog.kt
통증/주의 부위,Area of ​​pain/attention,CODEX_GENERATED_ENGLISH,app/src/main/java/com/training/trackplanner/InitialProfileDialog.kt
트위스트,twist,CODEX_GENERATED_ENGLISH,app/src/main/java/com/training/trackplanner/analysis/lab/MuscleLoadInputBuilder.kt
파생 지표,derived indicator,CODEX_GENERATED_ENGLISH,app/src/main/java/com/training/trackplanner/analysis/lab/AnalysisLabModels.kt
파이크,pike,CODEX_GENERATED_ENGLISH,app/src/main/java/com/training/trackplanner/analysis/features/BodyweightEffectiveLoadCalculator.kt
파일: ${fileDisplayName.ifBlank {,File: ${fileDisplayName.ifBlank {,CODEX_GENERATED_ENGLISH,app/src/main/java/com/training/trackplanner/localization/GeneratedLocalizationCatalogue.kt
판단 보류,judgment reserved,CODEX_GENERATED_ENGLISH,app/src/main/java/com/training/trackplanner/AnalysisLabUi.kt
판단: 현재 특별히 조절이 필요한 피로도 축은 없습니다.,Judgment: There are currently no fatigue axes that require special adjustment.,CODEX_GENERATED_ENGLISH,app/src/main/java/com/training/trackplanner/analysis/readiness/TodayFatigueStatusLabeler.kt
팔,eight,CODEX_GENERATED_ENGLISH,app/src/main/java/com/training/trackplanner/analysis/lab/MuscleBucketSelection.kt
팔꿈치,elbow,CODEX_GENERATED_ENGLISH,app/src/main/java/com/training/trackplanner/InitialProfileDialog.kt
팔로프,palof,CODEX_GENERATED_ENGLISH,app/src/main/java/com/training/trackplanner/analysis/lab/MuscleLoadInputBuilder.kt
퍼센트,percent,CODEX_GENERATED_ENGLISH,app/src/main/java/com/training/trackplanner/AnalysisChartUi.kt
평소 수면 h,usual sleep h,CODEX_GENERATED_ENGLISH,app/src/main/java/com/training/trackplanner/InitialProfileDialog.kt
평소 훈련 부하 범위입니다.,This is your usual training load range.,CODEX_GENERATED_ENGLISH,app/src/main/java/com/training/trackplanner/analysis/fatigue/FatigueMath.kt
표본은 비교적 안정적이지만 인과관계나 효과를 증명하지 않습니다.,"Although the sample is relatively stable, it does not prove causality or effect.",CODEX_GENERATED_ENGLISH,app/src/main/java/com/training/trackplanner/AnalysisLabUi.kt
표본은 비교적 안정적이지만 인과관계를 뜻하지 않습니다.,"Although the sample is relatively stable, it does not imply causality.",CODEX_GENERATED_ENGLISH,app/src/main/java/com/training/trackplanner/analysis/trends/ScatterRelationshipAnalyzer.kt
표본이 작아 참고용으로만 보세요.,The sample is small so please use it for reference only.,CODEX_GENERATED_ENGLISH,app/src/main/java/com/training/trackplanner/analysis/trends/ScatterRelationshipAnalyzer.kt
푸쉬업,push up,CODEX_GENERATED_ENGLISH,app/src/main/java/com/training/trackplanner/analysis/features/BodyweightEffectiveLoadCalculator.kt
풀다운,pull down,CODEX_GENERATED_ENGLISH,app/src/main/java/com/training/trackplanner/analysis/features/BodyweightEffectiveLoadCalculator.kt
풀업 추가 kg,Additional kg of pull-ups,CODEX_GENERATED_ENGLISH,app/src/main/java/com/training/trackplanner/InitialProfileDialog.kt
풀업 회,pull-up times,CODEX_GENERATED_ENGLISH,app/src/main/java/com/training/trackplanner/InitialProfileDialog.kt
프로그램 기간,Program Duration,CODEX_GENERATED_ENGLISH,app/src/main/java/com/training/trackplanner/localization/GeneratedLocalizationCatalogue.kt
프로그램 사용 여부,Whether to use the program,CODEX_GENERATED_ENGLISH,app/src/main/java/com/training/trackplanner/localization/GeneratedLocalizationCatalogue.kt
프로그램 새로 만들기,Create a new program,CODEX_GENERATED_ENGLISH,app/src/main/java/com/training/trackplanner/localization/GeneratedLocalizationCatalogue.kt
프로그램 수정,program modification,CODEX_GENERATED_ENGLISH,app/src/main/java/com/training/trackplanner/localization/GeneratedLocalizationCatalogue.kt
프로그램 역할,program role,CODEX_GENERATED_ENGLISH,app/src/main/java/com/training/trackplanner/analysis/fatigue/FatigueAnalysisModels.kt
프로그램 활용,Utilize the program,CODEX_GENERATED_ENGLISH,app/src/main/java/com/training/trackplanner/CommonUi.kt
프로그램명,Program name,CODEX_GENERATED_ENGLISH,app/src/main/java/com/training/trackplanner/PlanScreen.kt
프로그램명을 입력하세요.,Enter the program name.,CODEX_GENERATED_ENGLISH,app/src/main/java/com/training/trackplanner/PlanScreen.kt
프로그램에서 가져오기,Import from program,CODEX_GENERATED_ENGLISH,app/src/main/java/com/training/trackplanner/RecordDateSection.kt
프로그램으로 저장했습니다.,Saved as a program.,CODEX_GENERATED_ENGLISH,app/src/main/java/com/training/trackplanner/localization/GeneratedLocalizationCatalogue.kt
프로그램을 고른 뒤 시작일을 적용하면 날짜별 계획 세트가 만들어집니다.,Select a program and apply a start date to create a set of plans for each date.,CODEX_GENERATED_ENGLISH,app/src/main/java/com/training/trackplanner/localization/GeneratedLocalizationCatalogue.kt
프로그램을 저장하지 못했습니다.,Failed to save program.,CODEX_GENERATED_ENGLISH,app/src/main/java/com/training/trackplanner/localization/GeneratedLocalizationCatalogue.kt
프록시 관측,proxy observations,CODEX_GENERATED_ENGLISH,app/src/main/java/com/training/trackplanner/AnalysisPersistentStrengthPerformanceUi.kt
프록시 운동의 절대 중량을 대상 운동 중량으로 직접 환산하지 않습니다. 운동 자체 변화 중 공유 근력 신호만 반영합니다.,The absolute weight of the proxy exercise is not directly converted to the target exercise weight. It only reflects shared muscle strength signals during the changes in the movement itself.,CODEX_GENERATED_ENGLISH,app/src/main/java/com/training/trackplanner/AnalysisPersistentStrengthPerformanceUi.kt
프록시 전이 적용 · 공유 근력 신호만 반영,Apply proxy transfer Reflect only shared strength signals,CODEX_GENERATED_ENGLISH,app/src/main/java/com/training/trackplanner/AnalysisPersistentStrengthPerformanceUi.kt
프록시 전이 제외 · ${local.proxyTransferExclusionReason ?:,Proxy transfer exclusion · ${local.proxyTransferExclusionReason ?:,CODEX_GENERATED_ENGLISH,app/src/main/java/com/training/trackplanner/localization/GeneratedLocalizationCatalogue.kt
프록시만 반영된 주,States reflected only by proxy,CODEX_GENERATED_ENGLISH,app/src/main/java/com/training/trackplanner/AnalysisProxyPerformanceUi.kt
피로 기여도 추이,Fatigue contribution trend,CODEX_GENERATED_ENGLISH,app/src/main/java/com/training/trackplanner/analysis/fatigue/ui/FatigueDetailView.kt
피로 누적,accumulated fatigue,CODEX_GENERATED_ENGLISH,app/src/main/java/com/training/trackplanner/InitialProfileDialog.kt
피로 부담이 낮습니다.,Fatigue burden is low.,CODEX_GENERATED_ENGLISH,app/src/main/java/com/training/trackplanner/analysis/fatigue/FatigueMath.kt
피로 심화,Increased fatigue,CODEX_GENERATED_ENGLISH,app/src/main/java/com/training/trackplanner/analysis/readiness/TodayFatigueStatusLabeler.kt
피로/회복,Fatigue/Recovery,CODEX_GENERATED_ENGLISH,app/src/main/java/com/training/trackplanner/analysis/lab/AnalysisLabModels.kt
"피로·불편감은 1이 낮음, 5가 높음입니다. 집중력/의욕은 5가 좋음입니다.","For fatigue and discomfort, 1 is low and 5 is high. For concentration/motivation, 5 is good.",CODEX_GENERATED_ENGLISH,app/src/main/java/com/training/trackplanner/HomeDailyCheckInCard.kt
피로도 기록을 불러오지 못했습니다.,Fatigue also failed to load records.,CODEX_GENERATED_ENGLISH,app/src/main/java/com/training/trackplanner/localization/GeneratedLocalizationCatalogue.kt
피로도 낮음,low fatigue,CODEX_GENERATED_ENGLISH,app/src/main/java/com/training/trackplanner/analysis/readiness/TodayFatigueStatusLabeler.kt
피로도 높음,High fatigue,CODEX_GENERATED_ENGLISH,app/src/main/java/com/training/trackplanner/analysis/readiness/TodayFatigueStatusLabeler.kt
피로도 보통,Fatigue is also normal,CODEX_GENERATED_ENGLISH,app/src/main/java/com/training/trackplanner/analysis/readiness/TodayFatigueStatusLabeler.kt
피로도 주의,Beware of fatigue,CODEX_GENERATED_ENGLISH,app/src/main/java/com/training/trackplanner/analysis/readiness/TodayFatigueStatusLabeler.kt
피로도를 계산하고 있습니다.,Fatigue is being calculated.,CODEX_GENERATED_ENGLISH,app/src/main/java/com/training/trackplanner/analysis/fatigue/DailyFatigueModels.kt
피하고 싶은 움직임,movements you want to avoid,CODEX_GENERATED_ENGLISH,app/src/main/java/com/training/trackplanner/InitialProfileDialog.kt
필수 입력,Required input,CODEX_GENERATED_ENGLISH,app/src/main/java/com/training/trackplanner/analysis/tissue/TissueRcvAssetRepository.kt
필요한 분석 화면으로 들어가 훈련 지표를 확인합니다.,Go to the required analysis screen and check your training metrics.,CODEX_GENERATED_ENGLISH,app/src/main/java/com/training/trackplanner/AnalysisScreen.kt
하루 운동시간,daily exercise time,CODEX_GENERATED_ENGLISH,app/src/main/java/com/training/trackplanner/localization/GeneratedLocalizationCatalogue.kt
하체 피로,lower body fatigue,CODEX_GENERATED_ENGLISH,app/src/main/java/com/training/trackplanner/HomeDailyCheckInCard.kt
하체 피로 입력,Enter lower body fatigue,CODEX_GENERATED_ENGLISH,app/src/main/java/com/training/trackplanner/analysis/lab/AnalysisMetricRegistry.kt
하체 피로 입력 상승,Increased lower body fatigue input,CODEX_GENERATED_ENGLISH,app/src/main/java/com/training/trackplanner/analysis/coach/CoachCheckInInterpreter.kt
하체 피로 입력이 높습니다.,Lower body fatigue input is high.,CODEX_GENERATED_ENGLISH,app/src/main/java/com/training/trackplanner/analysis/readiness/RecoverySignalInterpreter.kt
하체 피로 입력이 높아 오늘은 점프·방향전환·하체 고중량을 줄이는 편이 낫습니다.,"Since lower body fatigue is high, it is better to reduce jumping, changing direction, and lower body weight today.",CODEX_GENERATED_ENGLISH,app/src/main/java/com/training/trackplanner/analysis/coach/CoachCheckInInterpreter.kt
하프 닐링 프레스,Half Kneeling Press,CODEX_GENERATED_ENGLISH,app/src/main/java/com/training/trackplanner/data/SlotCapabilityResolver.kt
한 지표가 변한 뒤 다른 지표가 몇 주 뒤 어떻게 움직였는지 봅니다.,"When one indicator changes, see how another indicator moves a few weeks later.",CODEX_GENERATED_ENGLISH,app/src/main/java/com/training/trackplanner/AnalysisLabUi.kt
항회전/몸통제어,Anti-rotation/torso control,CODEX_GENERATED_ENGLISH,app/src/main/java/com/training/trackplanner/analysis/trends/BadmintonTrainingMethodLabels.kt
항회전/회전코어,Anti-rotation/rotation core,CODEX_GENERATED_ENGLISH,app/src/main/java/com/training/trackplanner/analysis/lab/StrengthAndMuscleMetricSeriesBuilder.kt
핵스쿼트,Hack squat,CODEX_GENERATED_ENGLISH,app/src/main/java/com/training/trackplanner/data/ProgramCandidate.kt
향후 분석을 위한 지표 registry 구조가 준비되어 있습니다.,An indicator registry structure is prepared for future analysis.,CODEX_GENERATED_ENGLISH,app/src/main/java/com/training/trackplanner/AnalysisLabUi.kt
허리,waist,CODEX_GENERATED_ENGLISH,app/src/main/java/com/training/trackplanner/InitialProfileDialog.kt
허리/기립근,Back/Erector Muscles,CODEX_GENERATED_ENGLISH,app/src/main/java/com/training/trackplanner/analysis/readiness/FatigueDetailSectionBuilder.kt
허벅지,thighs,CODEX_GENERATED_ENGLISH,app/src/main/java/com/training/trackplanner/data/MuscleGroupKeyNormalizer.kt
현재 강도 유지,maintain current strength,CODEX_GENERATED_ENGLISH,app/src/main/java/com/training/trackplanner/analysis/readiness/PhaseAwareTodayStatus.kt
현재 근력 분석 모델로 과거 운동 기록을 재계산하고 있습니다.,We are currently recalculating past exercise records with a strength analysis model.,CODEX_GENERATED_ENGLISH,app/src/main/java/com/training/trackplanner/AnalysisPersistentStrengthPerformanceUi.kt
현재 근력 분석을 재계산하지 못했습니다. 원시 운동 기록은 삭제되지 않았습니다.,The strength analysis could not be recalculated at this time. Your raw workout history has not been deleted.,CODEX_GENERATED_ENGLISH,app/src/main/java/com/training/trackplanner/AnalysisPersistentStrengthPerformanceUi.kt
현재 기록 기준으로 큰 충돌은 보이지 않습니다.,"Based on current records, we do not see any major conflicts.",CODEX_GENERATED_ENGLISH,app/src/main/java/com/training/trackplanner/analysis/readiness/TodayReadinessSentenceBuilder.kt
현재 기록에서는 긴 코트 시간이 항상 다음날 높은 피로 입력으로 이어진다고 보기 어렵습니다.,Current records do not show that longer court times always lead to higher fatigue inputs the next day.,CODEX_GENERATED_ENGLISH,app/src/main/java/com/training/trackplanner/analysis/coach/CourtDurationRecoveryAnalyzer.kt
현재 부담은 낮게 잡힙니다.,The current burden is set low.,CODEX_GENERATED_ENGLISH,app/src/main/java/com/training/trackplanner/analysis/readiness/FatigueDetailSectionBuilder.kt
현재 부담은 평소 범위입니다.,The current burden is in the usual range.,CODEX_GENERATED_ENGLISH,app/src/main/java/com/training/trackplanner/analysis/readiness/FatigueDetailSectionBuilder.kt
현재 부담이 높게 잡힙니다.,The current burden is high.,CODEX_GENERATED_ENGLISH,app/src/main/java/com/training/trackplanner/analysis/readiness/FatigueDetailSectionBuilder.kt
현재 부담이 약간 높습니다.,The burden is a bit high at the moment.,CODEX_GENERATED_ENGLISH,app/src/main/java/com/training/trackplanner/analysis/readiness/FatigueDetailSectionBuilder.kt
현재 부담이 크게 잡힙니다.,There is a lot of pressure right now.,CODEX_GENERATED_ENGLISH,app/src/main/java/com/training/trackplanner/analysis/readiness/FatigueDetailSectionBuilder.kt
현재 불편감이나 관절/건 신호가 있으면 해당 항목을 줄이고 회복을 우선하세요.,"If you are currently experiencing any discomfort or joint/tendon signals, reduce those items and prioritize recovery.",CODEX_GENERATED_ENGLISH,app/src/main/java/com/training/trackplanner/analysis/readiness/PhaseAwareTodayStatus.kt
현재 상태:,Current status:,CODEX_GENERATED_ENGLISH,app/src/main/java/com/training/trackplanner/HomeScreen.kt
현재 수행능력 추정,Estimation of current performance,CODEX_GENERATED_ENGLISH,app/src/main/java/com/training/trackplanner/AnalysisPersistentStrengthPerformanceUi.kt
현재 유지,stay current,CODEX_GENERATED_ENGLISH,app/src/main/java/com/training/trackplanner/analysis/readiness/PhaseAwareTodayStatus.kt
현재 일부 피로 신호가 올라왔습니다. 휴식과 수면을 우선하세요.,There are currently some signs of fatigue. Prioritize rest and sleep.,CODEX_GENERATED_ENGLISH,app/src/main/java/com/training/trackplanner/analysis/readiness/PhaseAwareTodayStatus.kt
현재 자료로는 안정적인 동적 반응을 추정할 수 없습니다. 기록을 더 쌓거나 변수를 줄여 주세요.,A stable dynamic response cannot be estimated from current data. Please accumulate more records or reduce variables.,CODEX_GENERATED_ENGLISH,app/src/main/java/com/training/trackplanner/AnalysisLabUi.kt
현재 작성 중인 구성이 자동 골자로 대체됩니다.,The configuration you are currently writing will be replaced with an automatic outline.,CODEX_GENERATED_ENGLISH,app/src/main/java/com/training/trackplanner/localization/GeneratedLocalizationCatalogue.kt
현재 저장된 근력 분석 모델이 앱의 canonical 모델과 호환되지 않습니다.,The currently saved strength analysis model is not compatible with the app's canonical model.,CODEX_GENERATED_ENGLISH,app/src/main/java/com/training/trackplanner/data/PerformanceTrendSummaryService.kt
현재 제한 신호가 있어 회복과 부담 조절을 우선하세요.,"There are currently limiting signals, so prioritize recovery and load control.",CODEX_GENERATED_ENGLISH,app/src/main/java/com/training/trackplanner/analysis/readiness/PhaseAwareTodayStatus.kt
현재 조절 신호가 아니라 운동 후 예상치입니다. 다음 날 회복 흐름이 낮으면 남은 고강도 항목을 줄이세요.,"This is not a current conditioning signal, but a post-exercise estimate. If your recovery flow is low the next day, reduce the remaining high-intensity items.",CODEX_GENERATED_ENGLISH,app/src/main/java/com/training/trackplanner/analysis/readiness/PhaseAwareTodayStatus.kt
현재 컨디션이 안정적이면 계획대로 진행해도 됩니다.,"If your current condition is stable, you can proceed as planned.",CODEX_GENERATED_ENGLISH,app/src/main/java/com/training/trackplanner/analysis/readiness/PhaseAwareTodayStatus.kt
현재 피로 상태와 피로 축별 주요 기여 운동을 봅니다.,View your current fatigue state and major contributing exercises for each fatigue axis.,CODEX_GENERATED_ENGLISH,app/src/main/java/com/training/trackplanner/AnalysisScreen.kt
현재 피로가 누적된 상태입니다. 추가 고강도 운동은 피하는 편이 좋습니다.,Fatigue is currently accumulated. It is best to avoid additional high-intensity exercise.,CODEX_GENERATED_ENGLISH,app/src/main/java/com/training/trackplanner/analysis/readiness/PhaseAwareTodayStatus.kt
현재 회복 판단,Current recovery judgment,CODEX_GENERATED_ENGLISH,app/src/main/java/com/training/trackplanner/analysis/readiness/PhaseAwareTodayStatus.kt
홈,Home,CODEX_GENERATED_ENGLISH,app/src/main/java/com/training/trackplanner/localization/GeneratedLocalizationCatalogue.kt
홉 투 스틱,hop to stick,CODEX_GENERATED_ENGLISH,app/src/main/java/com/training/trackplanner/analysis/readiness/FatigueDetailSectionBuilder.kt
홉/바운드/점프,Hop/Bound/Jump,CODEX_GENERATED_ENGLISH,app/src/main/java/com/training/trackplanner/analysis/readiness/FatigueDetailSectionBuilder.kt
화,fury,CODEX_GENERATED_ENGLISH,app/src/main/java/com/training/trackplanner/analysis/trends/AnalysisChartTemporalPolicy.kt
확인,check,CODEX_GENERATED_ENGLISH,app/src/main/java/com/training/trackplanner/localization/GeneratedLocalizationCatalogue.kt
확인 세트,check set,CODEX_GENERATED_ENGLISH,app/src/main/java/com/training/trackplanner/AnalysisCoachUi.kt
확인 포함 삭제,Delete with confirmation,CODEX_GENERATED_ENGLISH,app/src/main/java/com/training/trackplanner/localization/GeneratedLocalizationCatalogue.kt
확인된 기록만 사용한 일별 관련 훈련량입니다.,Relevant training volume per day using only verified records.,CODEX_GENERATED_ENGLISH,app/src/main/java/com/training/trackplanner/AnalysisDetailScreens.kt
확장 기반,extension base,CODEX_GENERATED_ENGLISH,app/src/main/java/com/training/trackplanner/AnalysisLabUi.kt
활성 revision ${summary.activeRevisionKey ?:,Active revision ${summary.activeRevisionKey ?:,CODEX_GENERATED_ENGLISH,app/src/main/java/com/training/trackplanner/localization/GeneratedLocalizationCatalogue.kt
회복,recovery,CODEX_GENERATED_ENGLISH,app/src/main/java/com/training/trackplanner/data/TrainingRepository.kt
회복 감쇠,recovery attenuation,CODEX_GENERATED_ENGLISH,app/src/main/java/com/training/trackplanner/localization/GeneratedLocalizationCatalogue.kt
회복 기간,recovery period,CODEX_GENERATED_ENGLISH,app/src/main/java/com/training/trackplanner/CommonUi.kt
회복 보강,recovery boost,CODEX_GENERATED_ENGLISH,app/src/main/java/com/training/trackplanner/analysis/readiness/PhaseAwareTodayStatus.kt
회복 상태와 수행 저하를 반영한 주간 지수,Weekly index reflecting recovery status and performance decline,CODEX_GENERATED_ENGLISH,app/src/main/java/com/training/trackplanner/analysis/lab/AnalysisMetricRegistry.kt
회복 신호가 불안정한 유형은 기준선을 보수적으로 적용합니다.,"For types with unstable recovery signals, the baseline is applied conservatively.",CODEX_GENERATED_ENGLISH,app/src/main/java/com/training/trackplanner/analysis/readiness/AdaptiveBaselineCalculator.kt
회복 신호가 여러 개 겹쳤습니다.,Multiple recovery signals overlapped.,CODEX_GENERATED_ENGLISH,app/src/main/java/com/training/trackplanner/analysis/readiness/RecoverySignalInterpreter.kt
회복 우선,recovery first,CODEX_GENERATED_ENGLISH,app/src/main/java/com/training/trackplanner/analysis/readiness/PhaseAwareTodayStatus.kt
회복 우선 확인,Check recovery first,CODEX_GENERATED_ENGLISH,app/src/main/java/com/training/trackplanner/analysis/fatigue/HomeFatigueCardSummaryFactory.kt
회복 입력은 큰 충돌이 없습니다.,Recovery input doesn't have much of a bump.,CODEX_GENERATED_ENGLISH,app/src/main/java/com/training/trackplanner/analysis/readiness/FatigueDetailSectionBuilder.kt
회복 입력이 적어 보수적으로 봅니다.,We take a conservative view as there is little recovery input.,CODEX_GENERATED_ENGLISH,app/src/main/java/com/training/trackplanner/analysis/readiness/RecoverySignalInterpreter.kt
회복 지속,recovery continues,CODEX_GENERATED_ENGLISH,app/src/main/java/com/training/trackplanner/analysis/fatigue/FatigueAnalysisModels.kt
회복 체크인 종합,Recovery Check-In Comprehensive,CODEX_GENERATED_ENGLISH,app/src/main/java/com/training/trackplanner/analysis/lab/AnalysisMetricRegistry.kt
회복 확인 필요,Recovery confirmation required,CODEX_GENERATED_ENGLISH,app/src/main/java/com/training/trackplanner/analysis/fatigue/HomeFatigueCardSummaryFactory.kt
회복/부상 방지,Recovery/Injury Prevention,CODEX_GENERATED_ENGLISH,app/src/main/java/com/training/trackplanner/InitialProfileDialog.kt
회복/수행 보정,Recovery/Performance Correction,CODEX_GENERATED_ENGLISH,app/src/main/java/com/training/trackplanner/analysis/lab/AnalysisMetricRegistry.kt
회복/컨디션,recovery/condition,CODEX_GENERATED_ENGLISH,app/src/main/java/com/training/trackplanner/analysis/lab/AnalysisLabModels.kt
회복성 운동,restorative exercise,CODEX_GENERATED_ENGLISH,app/src/main/java/com/training/trackplanner/analysis/readiness/TodayReadinessSentenceBuilder.kt
회복을 우선하고 고강도 훈련을 피하세요.,Prioritize recovery and avoid high-intensity training.,CODEX_GENERATED_ENGLISH,app/src/main/java/com/training/trackplanner/analysis/fatigue/FatigueMath.kt
회전 동작,rotation motion,CODEX_GENERATED_ENGLISH,app/src/main/java/com/training/trackplanner/InitialProfileDialog.kt
회전 생성,Rotation generation,CODEX_GENERATED_ENGLISH,app/src/main/java/com/training/trackplanner/analysis/trends/BadmintonTrainingMethodLabels.kt
회전근,rotator cuff,CODEX_GENERATED_ENGLISH,app/src/main/java/com/training/trackplanner/data/MuscleGroupKeyNormalizer.kt
회전코어,rotating core,CODEX_GENERATED_ENGLISH,app/src/main/java/com/training/trackplanner/data/MuscleGroupKeyNormalizer.kt
횟수,number,CODEX_GENERATED_ENGLISH,app/src/main/java/com/training/trackplanner/localization/GeneratedLocalizationCatalogue.kt
횟수 +,Count +,CODEX_GENERATED_ENGLISH,app/src/main/java/com/training/trackplanner/localization/GeneratedLocalizationCatalogue.kt
횟수 -,number -,CODEX_GENERATED_ENGLISH,app/src/main/java/com/training/trackplanner/localization/GeneratedLocalizationCatalogue.kt
횟수 수정,Modify number of times,CODEX_GENERATED_ENGLISH,app/src/main/java/com/training/trackplanner/localization/GeneratedLocalizationCatalogue.kt
후면사슬,back chain,CODEX_GENERATED_ENGLISH,app/src/main/java/com/training/trackplanner/data/MuscleGroupKeyNormalizer.kt
후면사슬/척추기립근,Posterior chain/erector spinae,CODEX_GENERATED_ENGLISH,app/src/main/java/com/training/trackplanner/analysis/lab/StrengthAndMuscleMetricSeriesBuilder.kt
후보 주,candidate week,CODEX_GENERATED_ENGLISH,app/src/main/java/com/training/trackplanner/AnalysisLabUi.kt
훈련 지표 사이의 관계를 탐색합니다. 이 결과는 인과관계가 아니라 패턴 탐색용입니다.,"Exploring relationships between training metrics. These results are for pattern exploration, not causality.",CODEX_GENERATED_ENGLISH,app/src/main/java/com/training/trackplanner/AnalysisLabUi.kt
휴게 타이머,break timer,CODEX_GENERATED_ENGLISH,app/src/main/java/com/training/trackplanner/localization/GeneratedLocalizationCatalogue.kt
휴식,rest,CODEX_GENERATED_ENGLISH,app/src/main/java/com/training/trackplanner/localization/GeneratedLocalizationCatalogue.kt
휴식 ${translator.translate(,rest ${translator.translate(,CODEX_GENERATED_ENGLISH,app/src/main/java/com/training/trackplanner/localization/GeneratedLocalizationCatalogue.kt
휴식 +,rest +,CODEX_GENERATED_ENGLISH,app/src/main/java/com/training/trackplanner/localization/GeneratedLocalizationCatalogue.kt
휴식 -,rest -,CODEX_GENERATED_ENGLISH,app/src/main/java/com/training/trackplanner/localization/GeneratedLocalizationCatalogue.kt
휴식 설정,relaxation settings,CODEX_GENERATED_ENGLISH,app/src/main/java/com/training/trackplanner/localization/GeneratedLocalizationCatalogue.kt
휴식 종료,break ends,CODEX_GENERATED_ENGLISH,app/src/main/java/com/training/trackplanner/localization/GeneratedLocalizationCatalogue.kt
휴식 중,resting,CODEX_GENERATED_ENGLISH,app/src/main/java/com/training/trackplanner/localization/GeneratedLocalizationCatalogue.kt
휴식시간은 0~3600초로 입력하세요.,Enter the rest time between 0 and 3600 seconds.,CODEX_GENERATED_ENGLISH,app/src/main/java/com/training/trackplanner/localization/GeneratedLocalizationCatalogue.kt
흉근,pecs,CODEX_GENERATED_ENGLISH,app/src/main/java/com/training/trackplanner/data/MuscleGroupKeyNormalizer.kt
힘/부하 유형,Force/Load Type,CODEX_GENERATED_ENGLISH,app/src/main/java/com/training/trackplanner/localization/GeneratedLocalizationCatalogue.kt
탐색적 시차 분석,Exploratory lag analysis,CODEX_GENERATED_ENGLISH,app/src/main/java/com/training/trackplanner/AnalysisLabUi.kt
이 분석은 기록의 탐색적 시차 패턴을 보여 주며 인과관계나 완성된 엄격 Bayesian posterior를 뜻하지 않습니다.,This analysis shows exploratory lag patterns in your records; it does not establish causality or represent a completed strict Bayesian posterior.,CODEX_GENERATED_ENGLISH,app/src/main/java/com/training/trackplanner/AnalysisLabUi.kt
분석 가능 여부를 확인하는 중입니다.,Checking whether the analysis is available.,CODEX_GENERATED_ENGLISH,app/src/main/java/com/training/trackplanner/AnalysisLabUi.kt
탐색적 분석을 실행하고 있습니다.,Running the exploratory analysis.,CODEX_GENERATED_ENGLISH,app/src/main/java/com/training/trackplanner/AnalysisLabUi.kt
분석할 수 없습니다,Analysis unavailable,CODEX_GENERATED_ENGLISH,app/src/main/java/com/training/trackplanner/AnalysisLabUi.kt
진단 접기,Hide diagnostics,CODEX_GENERATED_ENGLISH,app/src/main/java/com/training/trackplanner/AnalysisLabUi.kt
진단 세부정보,Diagnostic details,CODEX_GENERATED_ENGLISH,app/src/main/java/com/training/trackplanner/AnalysisLabUi.kt
분석 실행 오류,Analysis execution error,CODEX_GENERATED_ENGLISH,app/src/main/java/com/training/trackplanner/AnalysisLabUi.kt
예상치 못한 내부 오류로 분석을 완료하지 못했습니다.,The analysis could not be completed because of an unexpected internal error.,CODEX_GENERATED_ENGLISH,app/src/main/java/com/training/trackplanner/AnalysisLabUi.kt
탐색적 시차 분석 결과,Exploratory lag analysis result,CODEX_GENERATED_ENGLISH,app/src/main/java/com/training/trackplanner/AnalysisLabUi.kt
선택한 주간 기록에서 탐색적 시차 반응을 계산했습니다.,Exploratory lag responses were calculated from the selected weekly records.,CODEX_GENERATED_ENGLISH,app/src/main/java/com/training/trackplanner/AnalysisLabUi.kt
80% 불확실성 구간은 탐색적 근사이며 인과관계를 확정하지 않습니다.,The 80% uncertainty interval is an exploratory approximation and does not establish causality.,CODEX_GENERATED_ENGLISH,app/src/main/java/com/training/trackplanner/AnalysisLabUi.kt
탐색적 국소 투영 호환 모형,Exploratory local-projection compatibility model,CODEX_GENERATED_ENGLISH,app/src/main/java/com/training/trackplanner/AnalysisLabUi.kt
탐색적 VAR 호환 모형,Exploratory VAR compatibility model,CODEX_GENERATED_ENGLISH,app/src/main/java/com/training/trackplanner/AnalysisLabUi.kt
탐색적 VECM 호환 모형,Exploratory VECM compatibility model,CODEX_GENERATED_ENGLISH,app/src/main/java/com/training/trackplanner/AnalysisLabUi.kt
주간 기록을 정렬하는 중입니다.,Aligning weekly records.,CODEX_GENERATED_ENGLISH,app/src/main/java/com/training/trackplanner/AnalysisLabUi.kt
지표의 결측과 변환 가능성을 확인하는 중입니다.,Checking metric gaps and transformation availability.,CODEX_GENERATED_ENGLISH,app/src/main/java/com/training/trackplanner/AnalysisLabUi.kt
분석에 사용할 지표 조합을 확인하는 중입니다.,Checking the metric combination for analysis.,CODEX_GENERATED_ENGLISH,app/src/main/java/com/training/trackplanner/AnalysisLabUi.kt
탐색적 시차 모형을 맞추는 중입니다.,Fitting the exploratory lag model.,CODEX_GENERATED_ENGLISH,app/src/main/java/com/training/trackplanner/AnalysisLabUi.kt
표준화 충격을 확인하는 중입니다.,Identifying the standardized shock.,CODEX_GENERATED_ENGLISH,app/src/main/java/com/training/trackplanner/AnalysisLabUi.kt
반응 경로와 불확실성 구간을 계산하는 중입니다.,Calculating response paths and uncertainty intervals.,CODEX_GENERATED_ENGLISH,app/src/main/java/com/training/trackplanner/AnalysisLabUi.kt
결과를 정리하는 중입니다.,Finalizing the result.,CODEX_GENERATED_ENGLISH,app/src/main/java/com/training/trackplanner/AnalysisLabUi.kt
반응 확인 기간은 1~8주에서 선택해야 합니다.,Select a response horizon from 1 to 8 weeks.,CODEX_GENERATED_ENGLISH,app/src/main/java/com/training/trackplanner/AnalysisLabUi.kt
응답 변수 Y를 하나 이상 선택해 주세요.,Select at least one response variable Y.,CODEX_GENERATED_ENGLISH,app/src/main/java/com/training/trackplanner/AnalysisLabUi.kt
선택 지표,selected metric,CODEX_GENERATED_ENGLISH,app/src/main/java/com/training/trackplanner/AnalysisLabUi.kt
선택한 지표에 공통으로 정렬할 수 있는 주간 기록이 없습니다.,The selected metrics have no weekly records that can be aligned in common.,CODEX_GENERATED_ENGLISH,app/src/main/java/com/training/trackplanner/AnalysisLabUi.kt
선택한 지표 중 현재 분석 경로에서 안전하게 변환할 수 없는 지표가 있습니다.,At least one selected metric cannot be transformed safely by the current analysis route.,CODEX_GENERATED_ENGLISH,app/src/main/java/com/training/trackplanner/AnalysisLabUi.kt
선택한 충격 또는 응답 지표의 변화가 부족해 안정적인 시차 반응을 계산할 수 없습니다.,The selected shock or response metric does not vary enough to calculate a stable lag response.,CODEX_GENERATED_ENGLISH,app/src/main/java/com/training/trackplanner/AnalysisLabUi.kt
선택한 분석 조건이 유효하지 않습니다.,The selected analysis conditions are invalid.,CODEX_GENERATED_ENGLISH,app/src/main/java/com/training/trackplanner/AnalysisLabUi.kt
선택한 지표를 같은 주간 달력에서 정렬할 수 없습니다.,The selected metrics cannot be aligned on the same weekly calendar.,CODEX_GENERATED_ENGLISH,app/src/main/java/com/training/trackplanner/AnalysisLabUi.kt
"필수 X, Y 또는 Z 지표를 준비할 수 없습니다.","A required X, Y, or Z metric could not be prepared.",CODEX_GENERATED_ENGLISH,app/src/main/java/com/training/trackplanner/AnalysisLabUi.kt
필수 지표를 현재 탐색 모형에 맞게 안전하게 준비할 수 없습니다.,A required metric cannot be prepared safely for the current exploratory model.,CODEX_GENERATED_ENGLISH,app/src/main/java/com/training/trackplanner/AnalysisLabUi.kt
시차와 반응 기간을 적용한 추정 행이 최소 조건에 미치지 못했습니다.,The estimation rows remaining after lag and horizon requirements are below the minimum.,CODEX_GENERATED_ENGLISH,app/src/main/java/com/training/trackplanner/AnalysisLabUi.kt
자동 지표 확인 뒤 남은 공통 표본이 부족합니다.,Too few common observations remain after automatic metric screening.,CODEX_GENERATED_ENGLISH,app/src/main/java/com/training/trackplanner/AnalysisLabUi.kt
선택한 자료의 변화나 수치 안정성이 충분하지 않습니다.,The selected data do not have enough variation or numerical stability.,CODEX_GENERATED_ENGLISH,app/src/main/java/com/training/trackplanner/AnalysisLabUi.kt
충격 확인에 필요한 탐색 모형을 안정적으로 맞추지 못했습니다.,The exploratory model required for shock identification could not be fitted stably.,CODEX_GENERATED_ENGLISH,app/src/main/java/com/training/trackplanner/AnalysisLabUi.kt
선택한 X에서 안정적인 표준화 충격을 확인하지 못했습니다.,A stable standardized shock could not be identified from the selected X.,CODEX_GENERATED_ENGLISH,app/src/main/java/com/training/trackplanner/AnalysisLabUi.kt
선택한 Y의 시차 반응을 모든 기간에서 계산하지 못했습니다.,The lag response for the selected Y could not be calculated at every horizon.,CODEX_GENERATED_ENGLISH,app/src/main/java/com/training/trackplanner/AnalysisLabUi.kt
현재 자료에서는 통과한 탐색 모형이 없습니다.,No exploratory model passed with the current data.,CODEX_GENERATED_ENGLISH,app/src/main/java/com/training/trackplanner/AnalysisLabUi.kt
선택한 지표의 주간 기록을 더 쌓은 뒤 다시 확인해 주세요.,Collect more weekly records for the selected metrics and check again.,CODEX_GENERATED_ENGLISH,app/src/main/java/com/training/trackplanner/AnalysisLabUi.kt
통제 변수를 줄이거나 반응 확인 기간을 줄이면 가능한 행이 늘어날 수 있습니다.,Removing controls or reducing the response horizon may increase the available rows.,CODEX_GENERATED_ENGLISH,app/src/main/java/com/training/trackplanner/AnalysisLabUi.kt
기록이 있는 지표를 선택하거나 해당 지표 기록을 더 쌓아 주세요.,Select a metric with records or collect more records for that metric.,CODEX_GENERATED_ENGLISH,app/src/main/java/com/training/trackplanner/AnalysisLabUi.kt
변수 조합을 줄여 다시 시도하거나 기록을 더 쌓아 주세요.,Try again with fewer variables or collect more records.,CODEX_GENERATED_ENGLISH,app/src/main/java/com/training/trackplanner/AnalysisLabUi.kt
기록 백업,Record backup,CODEX_GENERATED_ENGLISH,app/src/main/java/com/training/trackplanner/data/DataTransferReport.kt
기록 복원,Record restore,CODEX_GENERATED_ENGLISH,app/src/main/java/com/training/trackplanner/data/DataTransferReport.kt
진행 중,In progress,CODEX_GENERATED_ENGLISH,app/src/main/java/com/training/trackplanner/data/DataTransferReport.kt
성공,Success,CODEX_GENERATED_ENGLISH,app/src/main/java/com/training/trackplanner/data/DataTransferReport.kt
경고,Warning,CODEX_GENERATED_ENGLISH,app/src/main/java/com/training/trackplanner/data/DataTransferReport.kt
실패,Failed,CODEX_GENERATED_ENGLISH,app/src/main/java/com/training/trackplanner/data/DataTransferReport.kt
작업 시작,Operation started,CODEX_GENERATED_ENGLISH,app/src/main/java/com/training/trackplanner/data/DataTransferReport.kt
데이터 불러오기,Loading data,CODEX_GENERATED_ENGLISH,app/src/main/java/com/training/trackplanner/data/DataTransferReport.kt
무결성 사전검사,Integrity preflight,CODEX_GENERATED_ENGLISH,app/src/main/java/com/training/trackplanner/data/DataTransferReport.kt
백업 직렬화,Serializing backup,CODEX_GENERATED_ENGLISH,app/src/main/java/com/training/trackplanner/data/DataTransferReport.kt
파일 쓰기,Writing file,CODEX_GENERATED_ENGLISH,app/src/main/java/com/training/trackplanner/data/DataTransferReport.kt
작성 결과 재검증,Validating written file,CODEX_GENERATED_ENGLISH,app/src/main/java/com/training/trackplanner/data/DataTransferReport.kt
파일 읽기,Reading file,CODEX_GENERATED_ENGLISH,app/src/main/java/com/training/trackplanner/data/DataTransferReport.kt
형식 및 무결성 검사,Format and integrity check,CODEX_GENERATED_ENGLISH,app/src/main/java/com/training/trackplanner/data/DataTransferReport.kt
복원 계획 생성,Creating restore plan,CODEX_GENERATED_ENGLISH,app/src/main/java/com/training/trackplanner/data/DataTransferReport.kt
트랜잭션 복원,Transactional restore,CODEX_GENERATED_ENGLISH,app/src/main/java/com/training/trackplanner/data/DataTransferReport.kt
복원 결과 검증,Validating restored data,CODEX_GENERATED_ENGLISH,app/src/main/java/com/training/trackplanner/data/DataTransferReport.kt
완료,Completed,CODEX_GENERATED_ENGLISH,app/src/main/java/com/training/trackplanner/data/DataTransferReport.kt
[단계],[Stages],CODEX_GENERATED_ENGLISH,app/src/main/java/com/training/trackplanner/data/DataTransferReport.kt
[개수],[Counts],CODEX_GENERATED_ENGLISH,app/src/main/java/com/training/trackplanner/data/DataTransferReport.kt
[경고],[Warnings],CODEX_GENERATED_ENGLISH,app/src/main/java/com/training/trackplanner/data/DataTransferReport.kt
[오류],[Errors],CODEX_GENERATED_ENGLISH,app/src/main/java/com/training/trackplanner/data/DataTransferReport.kt
(알 수 없음),(Unknown),CODEX_GENERATED_ENGLISH,app/src/main/java/com/training/trackplanner/data/DataTransferReport.kt
무게,Weight,CODEX_GENERATED_ENGLISH,app/src/main/java/com/training/trackplanner/CommonUi.kt
거리,Distance,CODEX_GENERATED_ENGLISH,app/src/main/java/com/training/trackplanner/CommonUi.kt
누적 코어 훈련 자극,Cumulative core training stimulus,CODEX_GENERATED_ENGLISH,app/src/main/java/com/training/trackplanner/AnalysisStrengthTrendSections.kt
직접 코어 자극,Direct core stimulus,CODEX_GENERATED_ENGLISH,app/src/main/java/com/training/trackplanner/AnalysisStrengthTrendSections.kt
간접 코어 자극,Indirect core stimulus,CODEX_GENERATED_ENGLISH,app/src/main/java/com/training/trackplanner/AnalysisStrengthTrendSections.kt
전체 코어 자극,Total core stimulus,CODEX_GENERATED_ENGLISH,app/src/main/java/com/training/trackplanner/AnalysisStrengthTrendSections.kt
세트 자극 단위,Set stimulus units,CODEX_GENERATED_ENGLISH,app/src/main/java/com/training/trackplanner/AnalysisStrengthTrendSections.kt
"직접 자극은 코어 기능 자체가 훈련 목표인 세트이고, 간접 자극은 다른 목적 운동에서 함께 누적된 코어 요구입니다.","Direct stimulus comes from sets where core function is the training target; indirect stimulus is core demand accumulated during exercises with another primary purpose.",CODEX_GENERATED_ENGLISH,app/src/main/java/com/training/trackplanner/AnalysisStrengthTrendSections.kt
스매시처럼 하체와 몸통을 거쳐 회전 힘을 만들어 내는 훈련 목적입니다.,This training objective develops rotational force through the lower body and trunk as used in a smash.,CODEX_GENERATED_ENGLISH,app/src/main/java/com/training/trackplanner/analysis/trends/BadmintonTrainingMethodLabels.kt
"리치, 런지, 방향전환 중 몸통이 무너지지 않게 버티는 훈련 목적입니다.","This training objective develops trunk resistance during reaches, lunges, and changes of direction.",CODEX_GENERATED_ENGLISH,app/src/main/java/com/training/trackplanner/analysis/trends/BadmintonTrainingMethodLabels.kt
배드민턴 훈련을 버틸 수 있는 반복 능력과 체력 기반을 보강하는 훈련 목적입니다.,This training objective supports repeat capacity and conditioning for badminton practice.,CODEX_GENERATED_ENGLISH,app/src/main/java/com/training/trackplanner/analysis/trends/BadmintonTrainingMethodLabels.kt
명시적 canonical 관계에서 확인된 배드민턴 전이 목적입니다.,This badminton transfer objective is supported by an explicit canonical relation.,CODEX_GENERATED_ENGLISH,app/src/main/java/com/training/trackplanner/analysis/trends/BadmintonTrainingMethodLabels.kt
주별 코어 훈련 자극,Weekly core training stimulus,CODEX_GENERATED_ENGLISH,app/src/main/java/com/training/trackplanner/AnalysisStrengthTrendSections.kt
"직접 자극은 코어 기능 자체가 명시된 훈련 목표인 세트이고, 간접 자극은 다른 목적 운동에서 함께 발생한 코어 요구입니다. 주별 값은 해당 주의 훈련 노출이며, 높은 간접 값은 복합 근력운동이 많아도 발생할 수 있습니다.","Direct stimulus comes from sets where core function itself is an explicit training target; indirect stimulus is core demand that occurs during exercises with another purpose. Weekly values are that week's training exposure, and high indirect values can also result from many compound strength exercises.",CODEX_GENERATED_ENGLISH,app/src/main/java/com/training/trackplanner/AnalysisStrengthTrendSections.kt
코어 자극,Core stimulus,CODEX_GENERATED_ENGLISH,app/src/main/java/com/training/trackplanner/analysis/lab/AnalysisLabModels.kt
주간 코어 총 자극,Weekly total core stimulus,CODEX_GENERATED_ENGLISH,app/src/main/java/com/training/trackplanner/analysis/lab/AnalysisMetricRegistry.kt
CoreStimulus V1의 주간 직접 및 간접 자극 합계,Weekly sum of direct and indirect CoreStimulus V1,CODEX_GENERATED_ENGLISH,app/src/main/java/com/training/trackplanner/analysis/lab/AnalysisMetricRegistry.kt
자극,Stimulus,CODEX_GENERATED_ENGLISH,app/src/main/java/com/training/trackplanner/analysis/lab/AnalysisMetricRegistry.kt
주간 코어 직접 자극,Weekly direct core stimulus,CODEX_GENERATED_ENGLISH,app/src/main/java/com/training/trackplanner/analysis/lab/AnalysisMetricRegistry.kt
CoreStimulus V1의 주간 직접 코어 자극,Weekly direct CoreStimulus V1,CODEX_GENERATED_ENGLISH,app/src/main/java/com/training/trackplanner/analysis/lab/AnalysisMetricRegistry.kt
주간 코어 간접 자극,Weekly indirect core stimulus,CODEX_GENERATED_ENGLISH,app/src/main/java/com/training/trackplanner/analysis/lab/AnalysisMetricRegistry.kt
CoreStimulus V1의 주간 간접 코어 자극,Weekly indirect CoreStimulus V1,CODEX_GENERATED_ENGLISH,app/src/main/java/com/training/trackplanner/analysis/lab/AnalysisMetricRegistry.kt
확인된 배드민턴 연습 시간과 RPE를 반영한 주간 훈련량,Weekly load based on confirmed badminton practice time and RPE.,CODEX_GENERATED_ENGLISH,app/src/main/java/com/training/trackplanner/analysis/lab/AnalysisMetricRegistry.kt
훈련량,Load,CODEX_GENERATED_ENGLISH,app/src/main/java/com/training/trackplanner/analysis/lab/AnalysisMetricRegistry.kt
기록이 더 쌓이면 배드민턴 연습 훈련량을 볼 수 있습니다.,You can view badminton practice load after more records accumulate.,CODEX_GENERATED_ENGLISH,app/src/main/java/com/training/trackplanner/analysis/trends/PerformanceTrendSentenceBuilder.kt
배드민턴 연습 훈련량은 확인된 연습 시간과 RPE를 반영한 흐름입니다.,Badminton practice load reflects confirmed practice time and RPE.,CODEX_GENERATED_ENGLISH,app/src/main/java/com/training/trackplanner/analysis/trends/PerformanceTrendSentenceBuilder.kt
확인된 배드민턴 연습 시간과 RPE만 사용한 일별 훈련량입니다.,Daily load using only confirmed badminton practice time and RPE.,CODEX_GENERATED_ENGLISH,app/src/main/java/com/training/trackplanner/AnalysisDetailScreens.kt
"전이 점검, 배드민턴 연습 훈련량의 일별·주별 흐름","Transfer review and daily and weekly badminton practice load trends",CODEX_GENERATED_ENGLISH,app/src/main/java/com/training/trackplanner/AnalysisHubUi.kt
"이 결과는 완화 진단 기준을 충족했습니다.","This result met the relaxed diagnostic criteria.",CODEX_GENERATED_ENGLISH,app/src/main/java/com/training/trackplanner/analysis/lab/BayesianResponsePresentation.kt
"결과는 계산되었지만 표본추출 진단이 제한적이므로 더 주의해서 해석하세요.","The result was calculated, but the sampling diagnostics are limited, so interpret it with greater caution.",CODEX_GENERATED_ENGLISH,app/src/main/java/com/training/trackplanner/analysis/lab/BayesianResponsePresentation.kt
"이 반응은 현재 기록과 모형에 조건부이며 인과관계를 확정하지 않습니다.","This response is conditional on the current records and model and does not establish causality.",CODEX_GENERATED_ENGLISH,app/src/main/java/com/training/trackplanner/analysis/lab/BayesianResponsePresentation.kt
"비교할 시차 posterior가 없습니다.","There is no lag posterior to compare.",CODEX_GENERATED_ENGLISH,app/src/main/java/com/training/trackplanner/analysis/lab/BayesianResponsePresentation.kt
"다른 시차에도 비중이 분포할 수 있으므로 특정 한 주를 효과 발생 시점으로 단정하지 말고 주별 반응 경로를 함께 보세요.","Posterior weight may also be distributed across other lags, so review the weekly response path rather than treating one week as the definite onset of an effect.",CODEX_GENERATED_ENGLISH,app/src/main/java/com/training/trackplanner/analysis/lab/BayesianResponsePresentation.kt
"주간 분석 데이터를 준비하지 못했습니다.","Weekly analysis data could not be prepared.",CODEX_GENERATED_ENGLISH,app/src/main/java/com/training/trackplanner/analysis/lab/StrictBayesianLabCoordinator.kt
"최신 주간 분석 데이터를 준비하지 못했습니다.","The latest weekly analysis data could not be prepared.",CODEX_GENERATED_ENGLISH,app/src/main/java/com/training/trackplanner/analysis/lab/StrictBayesianLabCoordinator.kt
"갱신된 기록에서 선택한 조합을 분석할 수 없습니다.","The selected combination cannot be analyzed from the updated records.",CODEX_GENERATED_ENGLISH,app/src/main/java/com/training/trackplanner/analysis/lab/StrictBayesianLabCoordinator.kt
"분석 중 기록이 갱신되어 이전 결과를 표시하지 않았습니다.","The records changed during analysis, so the previous result was not displayed.",CODEX_GENERATED_ENGLISH,app/src/main/java/com/training/trackplanner/analysis/lab/StrictBayesianLabCoordinator.kt
"기록된 주간 값이 없습니다.","There are no recorded weekly values.",CODEX_GENERATED_ENGLISH,app/src/main/java/com/training/trackplanner/analysis/lab/StrictBayesianLabModels.kt
"주간 값의 변화가 아직 없습니다.","The weekly values have not changed yet.",CODEX_GENERATED_ENGLISH,app/src/main/java/com/training/trackplanner/analysis/lab/StrictBayesianLabModels.kt
"적분 진단 표본은 짧지만 승인된 단기 기록 표현으로 가능한 엄격 모형을 시도합니다.","The integration diagnostic sample is short, but an eligible strict model will be attempted using the approved short-history representation.",CODEX_GENERATED_ENGLISH,app/src/main/java/com/training/trackplanner/analysis/lab/StrictBayesianLabService.kt
"선택한 지표 조합은 엄격 분석을 시작할 수 없습니다.","Strict analysis cannot start with the selected metric combination.",CODEX_GENERATED_ENGLISH,app/src/main/java/com/training/trackplanner/analysis/lab/StrictBayesianLabService.kt
"분석 데이터가 갱신되어 다시 준비해야 합니다.","The analysis data changed and must be prepared again.",CODEX_GENERATED_ENGLISH,app/src/main/java/com/training/trackplanner/analysis/lab/StrictBayesianLabService.kt
"Bayesian posterior를 계산했고 엄격 진단 기준을 충족했습니다.","The Bayesian posterior was calculated and met the strict diagnostic criteria.",CODEX_GENERATED_ENGLISH,app/src/main/java/com/training/trackplanner/analysis/lab/StrictBayesianLabService.kt
"엄격 Bayesian 분석을 완료하지 못했습니다.","Strict Bayesian analysis could not be completed.",CODEX_GENERATED_ENGLISH,app/src/main/java/com/training/trackplanner/analysis/lab/StrictBayesianLabService.kt
"선택한 핵심 지표를 엄격 모형 표현으로 준비할 수 없습니다.","The selected core metrics cannot be prepared for the strict model representation.",CODEX_GENERATED_ENGLISH,app/src/main/java/com/training/trackplanner/analysis/lab/StrictBayesianLabService.kt
"선택한 지표의 주간 변화가 충분하지 않습니다.","The selected metrics do not have enough weekly variation.",CODEX_GENERATED_ENGLISH,app/src/main/java/com/training/trackplanner/analysis/lab/StrictBayesianLabService.kt
"공통 주간 행을 유지하는 시차 모형을 만들 수 없습니다.","A lag model that preserves the common weekly rows cannot be built.",CODEX_GENERATED_ENGLISH,app/src/main/java/com/training/trackplanner/analysis/lab/StrictBayesianLabService.kt
"선택한 지표에 필요한 canonical metadata가 완전하지 않습니다.","The canonical metadata required for the selected metrics is incomplete.",CODEX_GENERATED_ENGLISH,app/src/main/java/com/training/trackplanner/analysis/lab/StrictBayesianLabService.kt
"필수 지표의 유한한 분석 척도를 만들 수 없습니다.","A finite analysis scale cannot be created for a required metric.",CODEX_GENERATED_ENGLISH,app/src/main/java/com/training/trackplanner/analysis/lab/StrictBayesianLabService.kt
"필수 지표의 canonical source identity를 확인할 수 없습니다.","The canonical source identity of a required metric cannot be verified.",CODEX_GENERATED_ENGLISH,app/src/main/java/com/training/trackplanner/analysis/lab/StrictBayesianLabService.kt
"선택한 지표에 적용할 승인된 단기 기록 표현 정책이 없습니다.","There is no approved short-history representation policy for the selected metrics.",CODEX_GENERATED_ENGLISH,app/src/main/java/com/training/trackplanner/analysis/lab/StrictBayesianLabService.kt
"기록 길이 부족이 아니라 표현 진단과 승인 정책이 서로 충돌했습니다.","The representation diagnostics conflict with the approval policy; this is not simply a short-history issue.",CODEX_GENERATED_ENGLISH,app/src/main/java/com/training/trackplanner/analysis/lab/StrictBayesianLabService.kt
"현재 기록으로 승인된 엄격 모형 입력을 만들 수 없습니다.","The approved strict-model input cannot be built from the current records.",CODEX_GENERATED_ENGLISH,app/src/main/java/com/training/trackplanner/analysis/lab/StrictBayesianLabService.kt
"Bayesian chain의 시차 상태와 일부 반응 추정치가 충분히 안정되지 않았습니다.","The lag states and some response estimates in the Bayesian chains were not sufficiently stable.",CODEX_GENERATED_ENGLISH,app/src/main/java/com/training/trackplanner/analysis/lab/StrictBayesianLabService.kt
"Bayesian chain의 일부 추정치가 엄격 신뢰도 기준에 도달하지 못했습니다.","Some estimates in the Bayesian chains did not meet the strict reliability criteria.",CODEX_GENERATED_ENGLISH,app/src/main/java/com/training/trackplanner/analysis/lab/StrictBayesianLabService.kt
"시차 posterior의 혼합 신뢰도를 확보하지 못했습니다.","The lag posterior did not achieve reliable mixing.",CODEX_GENERATED_ENGLISH,app/src/main/java/com/training/trackplanner/analysis/lab/StrictBayesianLabService.kt
"허용된 계산 범위에서 posterior 정밀도에 도달하지 못했습니다.","The posterior did not reach the required precision within the allowed computation limits.",CODEX_GENERATED_ENGLISH,app/src/main/java/com/training/trackplanner/analysis/lab/StrictBayesianLabService.kt
"행렬 계산의 수치 신뢰도 조건을 통과하지 못했습니다.","The matrix calculation did not pass the numerical reliability checks.",CODEX_GENERATED_ENGLISH,app/src/main/java/com/training/trackplanner/analysis/lab/StrictBayesianLabService.kt
"posterior 계산 중 유한하지 않은 수치가 발생했습니다.","A non-finite value occurred during posterior calculation.",CODEX_GENERATED_ENGLISH,app/src/main/java/com/training/trackplanner/analysis/lab/StrictBayesianLabService.kt
"분석이 취소되었습니다.","The analysis was canceled.",CODEX_GENERATED_ENGLISH,app/src/main/java/com/training/trackplanner/analysis/lab/StrictBayesianLabService.kt
"확대됨","Zoomed",CODEX_GENERATED_ENGLISH,app/src/main/java/com/training/trackplanner/AnalysisChartUi.kt
"축 맞춤","Fit axes",CODEX_GENERATED_ENGLISH,app/src/main/java/com/training/trackplanner/AnalysisChartUi.kt
"길게 눌러 운동 순서 변경","Long-press to change exercise order",CODEX_GENERATED_ENGLISH,app/src/main/java/com/training/trackplanner/RecordEntryCard.kt
"휴식 타이머 바 숨기기","Hide rest timer bar",CODEX_GENERATED_ENGLISH,app/src/main/java/com/training/trackplanner/RestTimerUi.kt
"Bayesian 시차 분석","Bayesian lag analysis",CODEX_GENERATED_ENGLISH,app/src/main/java/com/training/trackplanner/StrictBayesianLabUi.kt
"전체 기록에서 분석 가능한 주간 지표를 준비하고 있습니다.","Preparing eligible weekly metrics from the full record history.",CODEX_GENERATED_ENGLISH,app/src/main/java/com/training/trackplanner/StrictBayesianLabUi.kt
"응답 변수 Y","Response variable Y",CODEX_GENERATED_ENGLISH,app/src/main/java/com/training/trackplanner/StrictBayesianLabUi.kt
"외생 통제 Z","Exogenous controls Z",CODEX_GENERATED_ENGLISH,app/src/main/java/com/training/trackplanner/StrictBayesianLabUi.kt
"가장 엄격한 승인 경로부터 시작하고, 필요하면 허용된 조정을 자동 적용합니다.","The analysis starts with the strictest approved path and automatically applies allowed adjustments when needed.",CODEX_GENERATED_ENGLISH,app/src/main/java/com/training/trackplanner/StrictBayesianLabUi.kt
"Bayesian 분석하기","Run Bayesian analysis",CODEX_GENERATED_ENGLISH,app/src/main/java/com/training/trackplanner/StrictBayesianLabUi.kt
"전체 주간 기록으로 posterior를 표본추출합니다. 80% 구간이 넓으면 방향보다 불확실성을 우선해 해석하세요.","The posterior is sampled from the full weekly history. When the 80% interval is wide, prioritize uncertainty over direction.",CODEX_GENERATED_ENGLISH,app/src/main/java/com/training/trackplanner/StrictBayesianLabUi.kt
"훈련 지표가 변한 뒤 회복과 수행 지표가 몇 주에 걸쳐 어떻게 달라졌는지 봅니다.","Shows how recovery and performance metrics changed over the weeks after a training metric changed.",CODEX_GENERATED_ENGLISH,app/src/main/java/com/training/trackplanner/StrictBayesianLabUi.kt
"결과는 기록에 조건부인 posterior이며 인과관계를 확정하지 않습니다.","The result is a posterior conditional on the records and does not establish causality.",CODEX_GENERATED_ENGLISH,app/src/main/java/com/training/trackplanner/StrictBayesianLabUi.kt
"전체 주간 기록으로 분석 가능 여부를 확인하는 중입니다.","Checking whether the full weekly history can be analyzed.",CODEX_GENERATED_ENGLISH,app/src/main/java/com/training/trackplanner/StrictBayesianLabUi.kt
"Bayesian 분석을 실행하고 있습니다.","Running Bayesian analysis.",CODEX_GENERATED_ENGLISH,app/src/main/java/com/training/trackplanner/StrictBayesianLabUi.kt
"Bayesian 분석 결과","Bayesian analysis result",CODEX_GENERATED_ENGLISH,app/src/main/java/com/training/trackplanner/StrictBayesianLabUi.kt
"충격 기준","Exposure reference",CODEX_GENERATED_ENGLISH,app/src/main/java/com/training/trackplanner/StrictBayesianLabUi.kt
"분석 상세","Analysis details",CODEX_GENERATED_ENGLISH,app/src/main/java/com/training/trackplanner/StrictBayesianLabUi.kt
"내보내기","Export",CODEX_GENERATED_ENGLISH,app/src/main/java/com/training/trackplanner/StrictBayesianLabUi.kt
"분석할 수 없음","Cannot analyze",CODEX_GENERATED_ENGLISH,app/src/main/java/com/training/trackplanner/StrictBayesianLabUi.kt
"선택 없음","None selected",CODEX_GENERATED_ENGLISH,app/src/main/java/com/training/trackplanner/StrictBayesianLabUi.kt
"선택한 지표의 완료된 주간 기록이 없습니다.","The selected metrics have no completed weekly records.",CODEX_GENERATED_ENGLISH,app/src/main/java/com/training/trackplanner/StrictBayesianLabUi.kt
"선택한 지표의 주간 값 변화가 아직 없습니다.","The selected metrics do not have weekly value changes yet.",CODEX_GENERATED_ENGLISH,app/src/main/java/com/training/trackplanner/StrictBayesianLabUi.kt
"전체 주간 기록 스냅샷을 준비하지 못했습니다.","The full weekly-record snapshot could not be prepared.",CODEX_GENERATED_ENGLISH,app/src/main/java/com/training/trackplanner/StrictBayesianLabUi.kt
"승인된 분석 입력과 자동 조정 경로를 준비하는 중입니다.","Preparing the approved analysis input and automatic adjustment path.",CODEX_GENERATED_ENGLISH,app/src/main/java/com/training/trackplanner/StrictBayesianLabUi.kt
"Bayesian chain을 안정화하는 중입니다.","Stabilizing the Bayesian chains.",CODEX_GENERATED_ENGLISH,app/src/main/java/com/training/trackplanner/StrictBayesianLabUi.kt
"posterior를 표본추출하는 중입니다.","Sampling the posterior.",CODEX_GENERATED_ENGLISH,app/src/main/java/com/training/trackplanner/StrictBayesianLabUi.kt
"수치 신뢰도를 확인하는 중입니다.","Checking numerical reliability.",CODEX_GENERATED_ENGLISH,app/src/main/java/com/training/trackplanner/StrictBayesianLabUi.kt
"필요한 정밀도를 위해 표본추출을 연장하는 중입니다.","Extending sampling to reach the required precision.",CODEX_GENERATED_ENGLISH,app/src/main/java/com/training/trackplanner/StrictBayesianLabUi.kt
"posterior 결과를 정리하는 중입니다.","Finalizing the posterior result.",CODEX_GENERATED_ENGLISH,app/src/main/java/com/training/trackplanner/StrictBayesianLabUi.kt
"엄격 기준 충족","Strict criteria met",CODEX_GENERATED_ENGLISH,app/src/main/java/com/training/trackplanner/StrictBayesianLabUi.kt
"완화 기준 충족","Relaxed criteria met",CODEX_GENERATED_ENGLISH,app/src/main/java/com/training/trackplanner/StrictBayesianLabUi.kt
"제한적","Limited",CODEX_GENERATED_ENGLISH,app/src/main/java/com/training/trackplanner/StrictBayesianLabUi.kt
"기록 준비가 끝난 뒤 다시 시도해 주세요.","Try again after the records have finished preparing.",CODEX_GENERATED_ENGLISH,app/src/main/java/com/training/trackplanner/StrictBayesianLabUi.kt
"지표를 줄이거나 기록이 있는 다른 지표를 선택해 주세요.","Select fewer metrics or choose other metrics with recorded values.",CODEX_GENERATED_ENGLISH,app/src/main/java/com/training/trackplanner/StrictBayesianLabUi.kt
"선택한 충격 지표의 기록 또는 표현 정책을 확인해 주세요.","Check the records or representation policy for the selected exposure metric.",CODEX_GENERATED_ENGLISH,app/src/main/java/com/training/trackplanner/StrictBayesianLabUi.kt
"응답 지표의 주간 변화가 더 쌓인 뒤 다시 확인해 주세요.","Check again after more weekly changes accumulate for the response metric.",CODEX_GENERATED_ENGLISH,app/src/main/java/com/training/trackplanner/StrictBayesianLabUi.kt
"충격 지표의 주간 변화가 더 쌓인 뒤 다시 확인해 주세요.","Check again after more weekly changes accumulate for the exposure metric.",CODEX_GENERATED_ENGLISH,app/src/main/java/com/training/trackplanner/StrictBayesianLabUi.kt
"통제 변수를 줄이거나 반응 확인 기간을 줄여 주세요.","Reduce the controls or shorten the response window.",CODEX_GENERATED_ENGLISH,app/src/main/java/com/training/trackplanner/StrictBayesianLabUi.kt
"분석에 필요한 canonical metadata가 준비된 뒤 다시 시도해 주세요.","Try again after the canonical metadata required for analysis is available.",CODEX_GENERATED_ENGLISH,app/src/main/java/com/training/trackplanner/StrictBayesianLabUi.kt
"필수 지표에 분석 가능한 변화가 있는지 확인해 주세요.","Check whether the required metrics have analyzable variation.",CODEX_GENERATED_ENGLISH,app/src/main/java/com/training/trackplanner/StrictBayesianLabUi.kt
"필수 지표의 canonical source가 준비된 뒤 다시 시도해 주세요.","Try again after the canonical source for the required metrics is available.",CODEX_GENERATED_ENGLISH,app/src/main/java/com/training/trackplanner/StrictBayesianLabUi.kt
"다른 지표 조합을 선택해 주세요.","Select a different metric combination.",CODEX_GENERATED_ENGLISH,app/src/main/java/com/training/trackplanner/StrictBayesianLabUi.kt
"같은 조건으로 다시 시도하거나 더 많은 주간 기록이 쌓인 뒤 확인해 주세요.","Try again with the same settings or after more weekly records accumulate.",CODEX_GENERATED_ENGLISH,app/src/main/java/com/training/trackplanner/StrictBayesianLabUi.kt
"지표 조합을 줄여 다시 시도해 주세요.","Try again with fewer metrics.",CODEX_GENERATED_ENGLISH,app/src/main/java/com/training/trackplanner/StrictBayesianLabUi.kt
"자세히에서 진단 코드를 확인한 뒤 다시 시도해 주세요.","Check the diagnostic code in Details, then try again.",CODEX_GENERATED_ENGLISH,app/src/main/java/com/training/trackplanner/StrictBayesianLabUi.kt
회복/조직 신호가 제한 상태이므로 부하 증가를 금지하고 검토가 필요합니다.,Recovery or tissue signals are limited; do not increase load and review the plan.,CODEX_GENERATED_ENGLISH,app/src/main/java/com/training/trackplanner/data/personalized/AthletePlanningStateBuilder.kt
회복/조직 신호가 주의 상태이므로 빈도와 세션 밀도를 보수적으로 유지합니다.,Recovery or tissue signals warrant caution; keep frequency and session density conservative.,CODEX_GENERATED_ENGLISH,app/src/main/java/com/training/trackplanner/data/personalized/AthletePlanningStateBuilder.kt
회복 신호가 없어 부하 증가는 수행 확인 뒤에만 허용합니다.,No recovery signal is available; increase load only after confirmed performance.,CODEX_GENERATED_ENGLISH,app/src/main/java/com/training/trackplanner/data/personalized/AthletePlanningStateBuilder.kt
프로덕션 회복 신호가 안정 범위입니다.,Production recovery signals are within a stable range.,CODEX_GENERATED_ENGLISH,app/src/main/java/com/training/trackplanner/data/personalized/AthletePlanningStateBuilder.kt
조직 회복 상태가 높은 기여 운동의 증량을 제한합니다.,Tissue recovery status limits load increases for high-contribution exercises.,CODEX_GENERATED_ENGLISH,app/src/main/java/com/training/trackplanner/data/personalized/PersonalizedDecisionComponents.kt
선택된 계획 기간이 모두 생성되지 않았습니다.,The selected planning horizon was not fully generated.,CODEX_GENERATED_ENGLISH,app/src/main/java/com/training/trackplanner/data/personalized/PersonalizedProgramBuilder.kt
하루 운동 수가 안전한 편집 한도를 넘었습니다.,The daily exercise count exceeds the safe editing limit.,CODEX_GENERATED_ENGLISH,app/src/main/java/com/training/trackplanner/data/personalized/PersonalizedProgramBuilder.kt
높은 코트 부하에 비해 하루 운동 수가 많습니다.,The daily exercise count is too high for the current court load.,CODEX_GENERATED_ENGLISH,app/src/main/java/com/training/trackplanner/data/personalized/PersonalizedProgramBuilder.kt
익숙한 방식 우선,Prefer familiar methods,CODEX_GENERATED_ENGLISH,app/src/main/java/com/training/trackplanner/data/personalized/PersonalizedDecisionComponents.kt
반복 기록에서 신뢰할 수 있는 기존 구성이 확인됐습니다.,A reliable existing structure was identified in repeated records.,CODEX_GENERATED_ENGLISH,app/src/main/java/com/training/trackplanner/data/personalized/PersonalizedDecisionComponents.kt
구성 유지,Preserve structure,CODEX_GENERATED_ENGLISH,app/src/main/java/com/training/trackplanner/PlanGeneratedPreview.kt
핵심 유지·재배분,Preserve core and rebalance,CODEX_GENERATED_ENGLISH,app/src/main/java/com/training/trackplanner/PlanGeneratedPreview.kt
부분 연속성,Partial continuity,CODEX_GENERATED_ENGLISH,app/src/main/java/com/training/trackplanner/PlanGeneratedPreview.kt
강조점 전환,Rotate emphasis,CODEX_GENERATED_ENGLISH,app/src/main/java/com/training/trackplanner/PlanGeneratedPreview.kt
용량 유지,Maintain dose,CODEX_GENERATED_ENGLISH,app/src/main/java/com/training/trackplanner/PlanGeneratedPreview.kt
용량 소폭 감소,Reduce dose slightly,CODEX_GENERATED_ENGLISH,app/src/main/java/com/training/trackplanner/PlanGeneratedPreview.kt
용량 중간 감소,Reduce dose moderately,CODEX_GENERATED_ENGLISH,app/src/main/java/com/training/trackplanner/PlanGeneratedPreview.kt
기록 기반 계획 사전 확인,Record-based plan preflight,CODEX_GENERATED_ENGLISH,app/src/main/java/com/training/trackplanner/PlanScreen.kt
이 답변으로 생성,Generate with these answers,CODEX_GENERATED_ENGLISH,app/src/main/java/com/training/trackplanner/PlanScreen.kt
"기록 기반 생성은 기간·주당 일수를 AUTO로 정합니다. 위 값을 직접 바꾸면 그 값이 우선하며, 배드민턴:근력 비율은 기록 기반 생성에 사용하지 않습니다.","Record-based generation chooses the duration and weekly training days automatically. Explicitly changing either value overrides AUTO; the badminton-to-strength ratio is not used for record-based generation.",CODEX_GENERATED_ENGLISH,app/src/main/java/com/training/trackplanner/PlanScreen.kt
기록 기반 사전 분석 시간이 초과되었습니다.,Record-based preflight timed out.,CODEX_GENERATED_ENGLISH,app/src/main/java/com/training/trackplanner/TrainingViewModel.kt
기록 기반 사전 분석에 실패했습니다.,Record-based preflight failed.,CODEX_GENERATED_ENGLISH,app/src/main/java/com/training/trackplanner/TrainingViewModel.kt
확정된 입력으로 다음 블록을 구성하는 중입니다.,Building the next block from the confirmed inputs.,CODEX_GENERATED_ENGLISH,app/src/main/java/com/training/trackplanner/TrainingViewModel.kt
높은 우선순위 보완 운동의 최소 배정을 위해 주간 용량을 제한적으로 확장했습니다.,Weekly capacity was expanded narrowly to provide the minimum allocation for a high-priority gap exercise.,CODEX_GENERATED_ENGLISH,app/src/main/java/com/training/trackplanner/PlanGeneratedPreview.kt
위 기간·일수·비율은 빈 프로그램과 기존 자동 골자에 적용됩니다.,"The duration, weekly days, and ratio above apply to blank programs and the legacy automatic skeleton.",CODEX_GENERATED_ENGLISH,app/src/main/java/com/training/trackplanner/PlanScreen.kt
기록 기반 기간,Record-based duration,CODEX_GENERATED_ENGLISH,app/src/main/java/com/training/trackplanner/PlanScreen.kt
기록 기반 주당 일수,Record-based weekly days,CODEX_GENERATED_ENGLISH,app/src/main/java/com/training/trackplanner/PlanScreen.kt
"기록 기반 생성은 AUTO 또는 위의 명시값을 사용합니다. 하루 운동시간은 공통 설정을 사용하고, 배드민턴:근력 비율은 기록 기반 생성에 사용하지 않습니다.","Record-based generation uses AUTO or the explicit values above. It shares the daily session-time setting and does not use the badminton-to-strength ratio.",CODEX_GENERATED_ENGLISH,app/src/main/java/com/training/trackplanner/PlanScreen.kt
