resourceKey,korean,english,scope,sourcePath,sourceLineOrSymbol,classification,status,placeholderSignature,pluralRequired,notes
analysis_guide_axes_body,"무거운 힘, 전신, 특정 근육, 빠른 동작, 반응성 동작의 피로를 서로 다른 축으로 확인합니다.",,ANDROID_RESOURCE,app/src/main/res/values/strings.xml,analysis_guide_axes_body,PRODUCTION_UI,MISSING_APPROVED_ENGLISH,,NO,
analysis_guide_axes_title,다섯 가지 피로 축,,ANDROID_RESOURCE,app/src/main/res/values/strings.xml,analysis_guide_axes_title,PRODUCTION_UI,MISSING_APPROVED_ENGLISH,,NO,
analysis_guide_calibration_note,기록이 적은 초기에는 개인 기준이 충분하지 않아 결과가 제한적일 수 있습니다.,,ANDROID_RESOURCE,app/src/main/res/values/strings.xml,analysis_guide_calibration_note,PRODUCTION_UI,MISSING_APPROVED_ENGLISH,,NO,
analysis_guide_distribution_body,근력운동과 배드민턴 훈련이 특정 부위나 목적에 지나치게 집중되지 않았는지 확인합니다.,,ANDROID_RESOURCE,app/src/main/res/values/strings.xml,analysis_guide_distribution_body,PRODUCTION_UI,MISSING_APPROVED_ENGLISH,,NO,
analysis_guide_distribution_title,훈련 분산,,ANDROID_RESOURCE,app/src/main/res/values/strings.xml,analysis_guide_distribution_title,PRODUCTION_UI,MISSING_APPROVED_ENGLISH,,NO,
analysis_guide_high_score_body,"최근 기록보다 부담이 많이 쌓였다는 신호로 해석하되, 실제 수행감·통증·불안정감과 함께 판단합니다.",,ANDROID_RESOURCE,app/src/main/res/values/strings.xml,analysis_guide_high_score_body,PRODUCTION_UI,MISSING_APPROVED_ENGLISH,,NO,
analysis_guide_high_score_title,점수가 높을 때,,ANDROID_RESOURCE,app/src/main/res/values/strings.xml,analysis_guide_high_score_title,PRODUCTION_UI,MISSING_APPROVED_ENGLISH,,NO,
analysis_guide_intro,"분석 결과는 절대적인 건강 판정이 아니라, 내 운동 기록에서 피로와 부하의 흐름을 확인하기 위한 정보입니다.",,ANDROID_RESOURCE,app/src/main/res/values/strings.xml,analysis_guide_intro,PRODUCTION_UI,MISSING_APPROVED_ENGLISH,,NO,
analysis_guide_muscles_body,국소 근육 분석에서는 현재 피로가 많이 남아 있는 근육을 우선해서 보여줍니다.,,ANDROID_RESOURCE,app/src/main/res/values/strings.xml,analysis_guide_muscles_body,PRODUCTION_UI,MISSING_APPROVED_ENGLISH,,NO,
analysis_guide_muscles_title,피로한 근육,,ANDROID_RESOURCE,app/src/main/res/values/strings.xml,analysis_guide_muscles_title,PRODUCTION_UI,MISSING_APPROVED_ENGLISH,,NO,
analysis_guide_open_description,분석 결과 읽는 법 열기,,ANDROID_RESOURCE,app/src/main/res/values/strings.xml,analysis_guide_open_description,PRODUCTION_UI,MISSING_APPROVED_ENGLISH,,NO,
analysis_guide_overall_body,다섯 가지 피로 축을 종합해 현재 운동 부담의 전반적인 상태를 보여줍니다.,,ANDROID_RESOURCE,app/src/main/res/values/strings.xml,analysis_guide_overall_body,PRODUCTION_UI,MISSING_APPROVED_ENGLISH,,NO,
analysis_guide_overall_title,전체 피로 상태,,ANDROID_RESOURCE,app/src/main/res/values/strings.xml,analysis_guide_overall_title,PRODUCTION_UI,MISSING_APPROVED_ENGLISH,,NO,
analysis_guide_tissue_body,관절·건·인대 등의 부하가 평소 기록과 비교해 어느 위치에 있는지 상대적인 추세로 확인합니다.,,ANDROID_RESOURCE,app/src/main/res/values/strings.xml,analysis_guide_tissue_body,PRODUCTION_UI,MISSING_APPROVED_ENGLISH,,NO,
analysis_guide_tissue_title,연결조직 분석,,ANDROID_RESOURCE,app/src/main/res/values/strings.xml,analysis_guide_tissue_title,PRODUCTION_UI,MISSING_APPROVED_ENGLISH,,NO,
analysis_guide_title,분석 결과 읽는 법,,ANDROID_RESOURCE,app/src/main/res/values/strings.xml,analysis_guide_title,PRODUCTION_UI,MISSING_APPROVED_ENGLISH,,NO,
app_explanation_feature_badminton_body,경기·레슨·풋워크·기술훈련의 운동량과 훈련 목적을 구분합니다.,,ANDROID_RESOURCE,app/src/main/res/values/strings.xml,app_explanation_feature_badminton_body,PRODUCTION_UI,MISSING_APPROVED_ENGLISH,,NO,
app_explanation_feature_badminton_title,배드민턴 훈련을 분석합니다,,ANDROID_RESOURCE,app/src/main/res/values/strings.xml,app_explanation_feature_badminton_title,PRODUCTION_UI,MISSING_APPROVED_ENGLISH,,NO,
app_explanation_feature_fatigue_body,"무거운 힘, 전신, 특정 근육, 빠른 동작, 반응성 동작의 피로를 따로 봅니다.",,ANDROID_RESOURCE,app/src/main/res/values/strings.xml,app_explanation_feature_fatigue_body,PRODUCTION_UI,MISSING_APPROVED_ENGLISH,,NO,
app_explanation_feature_fatigue_title,피로를 다섯 가지로 구분합니다,,ANDROID_RESOURCE,app/src/main/res/values/strings.xml,app_explanation_feature_fatigue_title,PRODUCTION_UI,MISSING_APPROVED_ENGLISH,,NO,
app_explanation_feature_muscles_body,현재 어떤 근육의 피로가 상대적으로 많이 남아 있는지 확인합니다.,,ANDROID_RESOURCE,app/src/main/res/values/strings.xml,app_explanation_feature_muscles_body,PRODUCTION_UI,MISSING_APPROVED_ENGLISH,,NO,
app_explanation_feature_muscles_title,피로한 근육을 보여줍니다,,ANDROID_RESOURCE,app/src/main/res/values/strings.xml,app_explanation_feature_muscles_title,PRODUCTION_UI,MISSING_APPROVED_ENGLISH,,NO,
app_explanation_feature_program_body,"가능한 요일과 시간, 필수 운동과 제외 운동을 바탕으로 계획을 구성합니다.",,ANDROID_RESOURCE,app/src/main/res/values/strings.xml,app_explanation_feature_program_body,PRODUCTION_UI,MISSING_APPROVED_ENGLISH,,NO,
app_explanation_feature_program_title,운동 프로그램 초안을 만듭니다,,ANDROID_RESOURCE,app/src/main/res/values/strings.xml,app_explanation_feature_program_title,PRODUCTION_UI,MISSING_APPROVED_ENGLISH,,NO,
app_explanation_feature_strength_body,중량운동과 풀업·푸시업·플랭크를 각 운동 특성에 맞게 계산합니다.,,ANDROID_RESOURCE,app/src/main/res/values/strings.xml,app_explanation_feature_strength_body,PRODUCTION_UI,MISSING_APPROVED_ENGLISH,,NO,
app_explanation_feature_strength_title,근력운동량을 계산합니다,,ANDROID_RESOURCE,app/src/main/res/values/strings.xml,app_explanation_feature_strength_title,PRODUCTION_UI,MISSING_APPROVED_ENGLISH,,NO,
app_explanation_feature_tissue_body,관절·건·인대 등에 남아 있을 운동 부하의 상대적 추세를 보여줍니다.,,ANDROID_RESOURCE,app/src/main/res/values/strings.xml,app_explanation_feature_tissue_body,PRODUCTION_UI,MISSING_APPROVED_ENGLISH,,NO,
app_explanation_feature_tissue_title,연결조직의 부하를 따로 봅니다,,ANDROID_RESOURCE,app/src/main/res/values/strings.xml,app_explanation_feature_tissue_title,PRODUCTION_UI,MISSING_APPROVED_ENGLISH,,NO,
app_explanation_features_title,이 앱이 분석하는 것,,ANDROID_RESOURCE,app/src/main/res/values/strings.xml,app_explanation_features_title,PRODUCTION_UI,MISSING_APPROVED_ENGLISH,,NO,
app_explanation_hero_title,운동 기록을 분석과 계획으로,,ANDROID_RESOURCE,app/src/main/res/values/strings.xml,app_explanation_hero_title,PRODUCTION_UI,MISSING_APPROVED_ENGLISH,,NO,
app_explanation_intro,"WhatYouGottaDo는 근력운동과 배드민턴 기록을 바탕으로, 현재 피로와 훈련의 균형을 분석하고 다음 운동 계획을 돕습니다.",,ANDROID_RESOURCE,app/src/main/res/values/strings.xml,app_explanation_intro,PRODUCTION_UI,MISSING_APPROVED_ENGLISH,,NO,
app_explanation_limitation_primary,앱의 점수는 부상확률이나 조직 손상량이 아닙니다. 내 기록 안에서 피로와 부하가 어떻게 변하는지 확인하기 위한 상대적 지표입니다.,,ANDROID_RESOURCE,app/src/main/res/values/strings.xml,app_explanation_limitation_primary,PRODUCTION_UI,MISSING_APPROVED_ENGLISH,,NO,
app_explanation_limitation_secondary,통증이나 불안정감 같은 실제 증상을 앱 점수보다 우선하세요.,,ANDROID_RESOURCE,app/src/main/res/values/strings.xml,app_explanation_limitation_secondary,PRODUCTION_UI,MISSING_APPROVED_ENGLISH,,NO,
app_explanation_limitation_title,점수는 진단이 아닙니다,,ANDROID_RESOURCE,app/src/main/res/values/strings.xml,app_explanation_limitation_title,PRODUCTION_UI,MISSING_APPROVED_ENGLISH,,NO,
app_explanation_title,앱 설명,,ANDROID_RESOURCE,app/src/main/res/values/strings.xml,app_explanation_title,PRODUCTION_UI,MISSING_APPROVED_ENGLISH,,NO,
app_name,WhatYouGottaTrain,,ANDROID_RESOURCE,app/src/main/res/values/strings.xml,app_name,PRODUCTION_UI,APPROVED_LOCALE_INVARIANT,,NO,
calculation_principles_families_title,공개하는 주요 프로토콜,,ANDROID_RESOURCE,app/src/main/res/values/strings.xml,calculation_principles_families_title,PRODUCTION_UI,MISSING_APPROVED_ENGLISH,,NO,
calculation_principles_intro,이 앱은 운동 기록을 비교 가능한 형태로 바꾸기 위해 여러 계산 프로토콜을 사용합니다.,,ANDROID_RESOURCE,app/src/main/res/values/strings.xml,calculation_principles_intro,PRODUCTION_UI,MISSING_APPROVED_ENGLISH,,NO,
calculation_principles_medical_body,"피로 점수와 연결조직 점수는 진단, 부상확률, 조직 손상량, 정확한 회복 완료 시각을 뜻하지 않습니다.",,ANDROID_RESOURCE,app/src/main/res/values/strings.xml,calculation_principles_medical_body,PRODUCTION_UI,MISSING_APPROVED_ENGLISH,,NO,
calculation_principles_medical_title,의학적 정확성을 주장하지 않습니다,,ANDROID_RESOURCE,app/src/main/res/values/strings.xml,calculation_principles_medical_title,PRODUCTION_UI,MISSING_APPROVED_ENGLISH,,NO,
calculation_principles_open_description,계산 원리와 한계 설명 열기,,ANDROID_RESOURCE,app/src/main/res/values/strings.xml,calculation_principles_open_description,PRODUCTION_UI,MISSING_APPROVED_ENGLISH,,NO,
calculation_principles_open_label,계산 원리와 한계 보기,,ANDROID_RESOURCE,app/src/main/res/values/strings.xml,calculation_principles_open_label,PRODUCTION_UI,MISSING_APPROVED_ENGLISH,,NO,
calculation_principles_research_body,"일부 계산은 연구에서 직접 확인된 내용을 사용하고, 일부는 관련 연구와 운동 특성을 바탕으로 실용적으로 정한 제품 정책과 휴리스틱을 사용합니다.",,ANDROID_RESOURCE,app/src/main/res/values/strings.xml,calculation_principles_research_body,PRODUCTION_UI,MISSING_APPROVED_ENGLISH,,NO,
calculation_principles_research_title,연구와 제품 정책을 함께 사용합니다,,ANDROID_RESOURCE,app/src/main/res/values/strings.xml,calculation_principles_research_title,PRODUCTION_UI,MISSING_APPROVED_ENGLISH,,NO,
calculation_principles_title,계산 원리와 한계,,ANDROID_RESOURCE,app/src/main/res/values/strings.xml,calculation_principles_title,PRODUCTION_UI,MISSING_APPROVED_ENGLISH,,NO,
calculation_principles_transparency_body,"현재 적용 중인 계산식, 근거 수준, 구현 상태와 알려진 한계를 공개 프로토콜 문서에서 확인할 수 있습니다.",,ANDROID_RESOURCE,app/src/main/res/values/strings.xml,calculation_principles_transparency_body,PRODUCTION_UI,MISSING_APPROVED_ENGLISH,,NO,
calculation_principles_transparency_title,계산 방법과 한계를 공개합니다,,ANDROID_RESOURCE,app/src/main/res/values/strings.xml,calculation_principles_transparency_title,PRODUCTION_UI,MISSING_APPROVED_ENGLISH,,NO,
close,닫기,,ANDROID_RESOURCE,app/src/main/res/values/strings.xml,close,PRODUCTION_UI,MISSING_APPROVED_ENGLISH,,NO,
home_app_explanation_description,이 앱이 분석하는 내용 설명 열기,,ANDROID_RESOURCE,app/src/main/res/values/strings.xml,home_app_explanation_description,PRODUCTION_UI,MISSING_APPROVED_ENGLISH,,NO,
home_app_explanation_label,이 앱이 분석하는 것 보기,,ANDROID_RESOURCE,app/src/main/res/values/strings.xml,home_app_explanation_label,PRODUCTION_UI,MISSING_APPROVED_ENGLISH,,NO,
metadata_apply,적용,Apply,ANDROID_RESOURCE,app/src/main/res/values/program_metadata_strings.xml,metadata_apply,PRODUCTION_UI,APPROVED_ENGLISH,,NO,Existing reviewed English reused
metadata_boolean_false,아니요,No,ANDROID_RESOURCE,app/src/main/res/values/program_metadata_strings.xml,metadata_boolean_false,PRODUCTION_UI,APPROVED_ENGLISH,,NO,Existing reviewed English reused
metadata_boolean_true,예,Yes,ANDROID_RESOURCE,app/src/main/res/values/program_metadata_strings.xml,metadata_boolean_true,PRODUCTION_UI,APPROVED_ENGLISH,,NO,Existing reviewed English reused
metadata_cancel,취소,Cancel,ANDROID_RESOURCE,app/src/main/res/values/program_metadata_strings.xml,metadata_cancel,PRODUCTION_UI,APPROVED_ENGLISH,,NO,Existing reviewed English reused
metadata_clear_all,모두 해제,Clear all,ANDROID_RESOURCE,app/src/main/res/values/program_metadata_strings.xml,metadata_clear_all,PRODUCTION_UI,APPROVED_ENGLISH,,NO,Existing reviewed English reused
metadata_collapse,접기,Collapse,ANDROID_RESOURCE,app/src/main/res/values/program_metadata_strings.xml,metadata_collapse,PRODUCTION_UI,APPROVED_ENGLISH,,NO,Existing reviewed English reused
metadata_duration_seconds,%1$s초,%1$s sec,ANDROID_RESOURCE,app/src/main/res/values/program_metadata_strings.xml,metadata_duration_seconds,PRODUCTION_UI,APPROVED_ENGLISH,%1$s,NO,Existing reviewed English reused
metadata_expand,펼치기,Expand,ANDROID_RESOURCE,app/src/main/res/values/program_metadata_strings.xml,metadata_expand,PRODUCTION_UI,APPROVED_ENGLISH,,NO,Existing reviewed English reused
metadata_more_count,그 외 %1$d개,%1$d more,ANDROID_RESOURCE,app/src/main/res/values/program_metadata_strings.xml,metadata_more_count,PRODUCTION_UI,APPROVED_ENGLISH,%1$d,NO,Existing reviewed English reused
metadata_not_selected,선택 안 함,Not selected,ANDROID_RESOURCE,app/src/main/res/values/program_metadata_strings.xml,metadata_not_selected,PRODUCTION_UI,APPROVED_ENGLISH,,NO,Existing reviewed English reused
metadata_search,검색,Search,ANDROID_RESOURCE,app/src/main/res/values/program_metadata_strings.xml,metadata_search,PRODUCTION_UI,APPROVED_ENGLISH,,NO,Existing reviewed English reused
metadata_unknown_value,등록되지 않은 값,Unregistered value,ANDROID_RESOURCE,app/src/main/res/values/program_metadata_strings.xml,metadata_unknown_value,PRODUCTION_UI,APPROVED_ENGLISH,,NO,Existing reviewed English reused
navigation_back,뒤로 가기,,ANDROID_RESOURCE,app/src/main/res/values/strings.xml,navigation_back,PRODUCTION_UI,MISSING_APPROVED_ENGLISH,,NO,
product_name,WhatYouGottaDo,,ANDROID_RESOURCE,app/src/main/res/values/strings.xml,product_name,PRODUCTION_UI,APPROVED_LOCALE_INVARIANT,,NO,
profile_habitual_training_intensity,평소 운동 강도,,ANDROID_RESOURCE,app/src/main/res/values/strings.xml,profile_habitual_training_intensity,PRODUCTION_UI,MISSING_APPROVED_ENGLISH,,NO,
profile_habitual_training_intensity_hard,강한 편,,ANDROID_RESOURCE,app/src/main/res/values/strings.xml,profile_habitual_training_intensity_hard,PRODUCTION_UI,MISSING_APPROVED_ENGLISH,,NO,
profile_habitual_training_intensity_light,가벼운 편,,ANDROID_RESOURCE,app/src/main/res/values/strings.xml,profile_habitual_training_intensity_light,PRODUCTION_UI,MISSING_APPROVED_ENGLISH,,NO,
profile_habitual_training_intensity_normal,보통,,ANDROID_RESOURCE,app/src/main/res/values/strings.xml,profile_habitual_training_intensity_normal,PRODUCTION_UI,MISSING_APPROVED_ENGLISH,,NO,
program_notice_adjacent_lower_fatigue_reduced,연속 하체 피로가 몰리지 않도록 일부 운동을 재배치했습니다.,Some exercises were rearranged to avoid consecutive lower-body fatigue.,ANDROID_RESOURCE,app/src/main/res/values/program_metadata_strings.xml,program_notice_adjacent_lower_fatigue_reduced,PRODUCTION_UI,APPROVED_ENGLISH,,NO,Existing reviewed English reused
program_notice_automatic_quality_adjustment,운동 구성의 품질을 자동으로 보정했습니다.,The exercise composition was adjusted automatically.,ANDROID_RESOURCE,app/src/main/res/values/program_metadata_strings.xml,program_notice_automatic_quality_adjustment,PRODUCTION_UI,APPROVED_ENGLISH,,NO,Existing reviewed English reused
program_notice_excluded_exercises_applied,other=지정한 제외 운동 %1$d개를 프로그램에서 제외했습니다.,one=%1$d selected exercise was excluded from the program.|other=%1$d selected exercises were excluded from the program.,ANDROID_RESOURCE,app/src/main/res/values/program_metadata_strings.xml,program_notice_excluded_exercises_applied,PRODUCTION_UI,APPROVED_ENGLISH,%1$d,YES,Existing reviewed English reused
program_notice_foundation_balance_restored,근력운동과 배드민턴 전이훈련의 균형을 보정했습니다.,The balance between strength work and badminton transfer training was adjusted.,ANDROID_RESOURCE,app/src/main/res/values/program_metadata_strings.xml,program_notice_foundation_balance_restored,PRODUCTION_UI,APPROVED_ENGLISH,,NO,Existing reviewed English reused
program_notice_info_description,구성 정보,Program information,ANDROID_RESOURCE,app/src/main/res/values/program_metadata_strings.xml,program_notice_info_description,PRODUCTION_UI,APPROVED_ENGLISH,,NO,Existing reviewed English reused
program_notice_main_exercise_priority_restored,근력 메인 운동이 보조 운동에 밀리지 않도록 구성을 보정했습니다.,The plan was adjusted so support work does not displace the main strength exercise.,ANDROID_RESOURCE,app/src/main/res/values/program_metadata_strings.xml,program_notice_main_exercise_priority_restored,PRODUCTION_UI,APPROVED_ENGLISH,,NO,Existing reviewed English reused
program_notice_preferred_exercises_included,선호 운동 %1$d개 중 %2$d개를 프로그램에 포함했습니다.,%2$d of %1$d preferred exercises were included in the program.,ANDROID_RESOURCE,app/src/main/res/values/program_metadata_strings.xml,program_notice_preferred_exercises_included,PRODUCTION_UI,APPROVED_ENGLISH,%1$d|%2$d,NO,Existing reviewed English reused
program_notice_repeated_core_pattern_replaced,반복되는 코어 패턴을 다른 안정성 운동으로 조정했습니다.,A repeated core pattern was replaced with another stability exercise.,ANDROID_RESOURCE,app/src/main/res/values/program_metadata_strings.xml,program_notice_repeated_core_pattern_replaced,PRODUCTION_UI,APPROVED_ENGLISH,,NO,Existing reviewed English reused
program_notice_rule_table_structure_created,"메인 운동, 근력 보조, 배드민턴 전이 보조를 목적에 맞게 배치했습니다.","Main exercises, strength support, and badminton transfer work were arranged for the goal.",ANDROID_RESOURCE,app/src/main/res/values/program_metadata_strings.xml,program_notice_rule_table_structure_created,PRODUCTION_UI,APPROVED_ENGLISH,,NO,Existing reviewed English reused
program_notice_success_description,자동 조정 완료,Automatic adjustment completed,ANDROID_RESOURCE,app/src/main/res/values/program_metadata_strings.xml,program_notice_success_description,PRODUCTION_UI,APPROVED_ENGLISH,,NO,Existing reviewed English reused
program_notice_warning_description,확인 필요,Needs attention,ANDROID_RESOURCE,app/src/main/res/values/program_metadata_strings.xml,program_notice_warning_description,PRODUCTION_UI,APPROVED_ENGLISH,,NO,Existing reviewed English reused
program_result_heading,프로그램 구성 결과,Program result,ANDROID_RESOURCE,app/src/main/res/values/program_metadata_strings.xml,program_result_heading,PRODUCTION_UI,APPROVED_ENGLISH,,NO,Existing reviewed English reused
protocol_family_badminton,배드민턴 훈련 분류와 운동량,,ANDROID_RESOURCE,app/src/main/res/values/strings.xml,protocol_family_badminton,PRODUCTION_UI,MISSING_APPROVED_ENGLISH,,NO,
protocol_family_connective_tissue,연결조직 부하와 회복 추정,,ANDROID_RESOURCE,app/src/main/res/values/strings.xml,protocol_family_connective_tissue,PRODUCTION_UI,MISSING_APPROVED_ENGLISH,,NO,
protocol_family_fatigue_axes,다섯 가지 피로 축 계산,,ANDROID_RESOURCE,app/src/main/res/values/strings.xml,protocol_family_fatigue_axes,PRODUCTION_UI,MISSING_APPROVED_ENGLISH,,NO,
protocol_family_overall_fatigue,전체 피로 상태 계산,,ANDROID_RESOURCE,app/src/main/res/values/strings.xml,protocol_family_overall_fatigue,PRODUCTION_UI,MISSING_APPROVED_ENGLISH,,NO,
protocol_family_program_builder,자동 프로그램 생성 규칙,,ANDROID_RESOURCE,app/src/main/res/values/strings.xml,protocol_family_program_builder,PRODUCTION_UI,MISSING_APPROVED_ENGLISH,,NO,
protocol_family_strength,근력운동 분류와 운동량,,ANDROID_RESOURCE,app/src/main/res/values/strings.xml,protocol_family_strength,PRODUCTION_UI,MISSING_APPROVED_ENGLISH,,NO,
public_protocol_action,공개 프로토콜 문서 보기,,ANDROID_RESOURCE,app/src/main/res/values/strings.xml,public_protocol_action,PRODUCTION_UI,MISSING_APPROVED_ENGLISH,,NO,
public_protocol_action_description,브라우저에서 공개 프로토콜 문서 열기,,ANDROID_RESOURCE,app/src/main/res/values/strings.xml,public_protocol_action_description,PRODUCTION_UI,MISSING_APPROVED_ENGLISH,,NO,
public_protocol_browser_unavailable,브라우저를 열 수 없습니다.,,ANDROID_RESOURCE,app/src/main/res/values/strings.xml,public_protocol_browser_unavailable,PRODUCTION_UI,MISSING_APPROVED_ENGLISH,,NO,
restore_back,뒤로,,ANDROID_RESOURCE,app/src/main/res/values/strings.xml,restore_back,PRODUCTION_UI,MISSING_APPROVED_ENGLISH,,NO,
restore_cancel,취소,,ANDROID_RESOURCE,app/src/main/res/values/strings.xml,restore_cancel,PRODUCTION_UI,MISSING_APPROVED_ENGLISH,,NO,
restore_close,닫기,,ANDROID_RESOURCE,app/src/main/res/values/strings.xml,restore_close,PRODUCTION_UI,MISSING_APPROVED_ENGLISH,,NO,
restore_confirm,복원 시작,,ANDROID_RESOURCE,app/src/main/res/values/strings.xml,restore_confirm,PRODUCTION_UI,MISSING_APPROVED_ENGLISH,,NO,
restore_custom_definition_warning,같은 사용자 운동 %1$d개의 이름과 설정이 백업 정의로 교체됩니다.,,ANDROID_RESOURCE,app/src/main/res/values/strings.xml,restore_custom_definition_warning,PRODUCTION_UI,MISSING_APPROVED_ENGLISH,%1$d,NO,
restore_exercise_apply,백업의 활성 운동 목록 적용,,ANDROID_RESOURCE,app/src/main/res/values/strings.xml,restore_exercise_apply,PRODUCTION_UI,MISSING_APPROVED_ENGLISH,,NO,
restore_exercise_list_impact,백업에 포함된 운동 %1$d개 · 교체될 메타데이터 편집 %2$d개,,ANDROID_RESOURCE,app/src/main/res/values/strings.xml,restore_exercise_list_impact,PRODUCTION_UI,MISSING_APPROVED_ENGLISH,%1$d|%2$d,NO,
restore_exercise_list_title,활성 운동 목록을 어떻게 처리할까요?,,ANDROID_RESOURCE,app/src/main/res/values/strings.xml,restore_exercise_list_title,PRODUCTION_UI,MISSING_APPROVED_ENGLISH,,NO,
restore_exercise_preserve,현재 활성 운동 목록 유지,,ANDROID_RESOURCE,app/src/main/res/values/strings.xml,restore_exercise_preserve,PRODUCTION_UI,MISSING_APPROVED_ENGLISH,,NO,
restore_failed_title,복원할 수 없습니다,,ANDROID_RESOURCE,app/src/main/res/values/strings.xml,restore_failed_title,PRODUCTION_UI,MISSING_APPROVED_ENGLISH,,NO,
restore_final_exercises_deactivated,현재 활성 운동 %1$d개가 비활성화됩니다.,,ANDROID_RESOURCE,app/src/main/res/values/strings.xml,restore_final_exercises_deactivated,PRODUCTION_UI,MISSING_APPROVED_ENGLISH,%1$d,NO,
restore_final_out_of_scope_source_preserved,교체 범위 밖의 같은 source 기록 차이 %1$d개는 현재 상태로 보존됩니다.,,ANDROID_RESOURCE,app/src/main/res/values/strings.xml,restore_final_out_of_scope_source_preserved,PRODUCTION_UI,MISSING_APPROVED_ENGLISH,%1$d,NO,
restore_final_references_retained,기록 또는 프로그램이 참조하는 운동 %1$d개는 조회를 위해 보존됩니다.,,ANDROID_RESOURCE,app/src/main/res/values/strings.xml,restore_final_references_retained,PRODUCTION_UI,MISSING_APPROVED_ENGLISH,%1$d,NO,
restore_final_title,복원 내용을 최종 확인하세요,,ANDROID_RESOURCE,app/src/main/res/values/strings.xml,restore_final_title,PRODUCTION_UI,MISSING_APPROVED_ENGLISH,,NO,
restore_final_workout_overlap,겹치는 운동일 %1$d일에 선택한 기록 방식을 적용합니다.,,ANDROID_RESOURCE,app/src/main/res/values/strings.xml,restore_final_workout_overlap,PRODUCTION_UI,MISSING_APPROVED_ENGLISH,%1$d,NO,
restore_malformed_backup,백업 파일의 구조나 필수 정보가 올바르지 않아 복원할 수 없습니다.,,ANDROID_RESOURCE,app/src/main/res/values/strings.xml,restore_malformed_backup,PRODUCTION_UI,MISSING_APPROVED_ENGLISH,,NO,
restore_metadata_reset_warning,현재 메타데이터 편집 %1$d개가 백업 상태로 초기화됩니다.,,ANDROID_RESOURCE,app/src/main/res/values/strings.xml,restore_metadata_reset_warning,PRODUCTION_UI,MISSING_APPROVED_ENGLISH,%1$d,NO,
restore_progress_body,백업 내용을 확인하고 있습니다. 잠시만 기다려 주세요.,,ANDROID_RESOURCE,app/src/main/res/values/strings.xml,restore_progress_body,PRODUCTION_UI,MISSING_APPROVED_ENGLISH,,NO,
restore_progress_title,복원 준비 중,,ANDROID_RESOURCE,app/src/main/res/values/strings.xml,restore_progress_title,PRODUCTION_UI,MISSING_APPROVED_ENGLISH,,NO,
restore_same_source_divergence_note,같은 source의 내용 차이 %1$d개는 선택한 운동 기록 방식에 따라 처리됩니다.,,ANDROID_RESOURCE,app/src/main/res/values/strings.xml,restore_same_source_divergence_note,PRODUCTION_UI,MISSING_APPROVED_ENGLISH,%1$d,NO,
restore_stale_preflight,복원 확인 후 현재 데이터가 변경되었습니다. 백업을 다시 선택해 검토해 주세요.,,ANDROID_RESOURCE,app/src/main/res/values/strings.xml,restore_stale_preflight,PRODUCTION_UI,MISSING_APPROVED_ENGLISH,,NO,
restore_workout_append,현재 기록을 유지하고 백업 기록 추가,,ANDROID_RESOURCE,app/src/main/res/values/strings.xml,restore_workout_append,PRODUCTION_UI,MISSING_APPROVED_ENGLISH,,NO,
restore_workout_overlap_impact,겹치는 날짜 %1$d일 · 현재 기록 %2$d개 · 백업 기록 %3$d개,,ANDROID_RESOURCE,app/src/main/res/values/strings.xml,restore_workout_overlap_impact,PRODUCTION_UI,MISSING_APPROVED_ENGLISH,%1$d|%2$d|%3$d,NO,
restore_workout_overlap_title,겹치는 운동일을 어떻게 처리할까요?,,ANDROID_RESOURCE,app/src/main/res/values/strings.xml,restore_workout_overlap_title,PRODUCTION_UI,MISSING_APPROVED_ENGLISH,,NO,
restore_workout_replace,겹치는 날짜의 운동 기록 교체,,ANDROID_RESOURCE,app/src/main/res/values/strings.xml,restore_workout_replace,PRODUCTION_UI,MISSING_APPROVED_ENGLISH,,NO,
tissue_analysis_action,연결조직 분석 보기,,ANDROID_RESOURCE,app/src/main/res/values/strings.xml,tissue_analysis_action,PRODUCTION_UI,MISSING_APPROVED_ENGLISH,,NO,
tissue_analysis_calculating,연결조직 상태를 계산하고 있습니다.,,ANDROID_RESOURCE,app/src/main/res/values/strings.xml,tissue_analysis_calculating,PRODUCTION_UI,MISSING_APPROVED_ENGLISH,,NO,
tissue_analysis_collapse,접기,,ANDROID_RESOURCE,app/src/main/res/values/strings.xml,tissue_analysis_collapse,PRODUCTION_UI,MISSING_APPROVED_ENGLISH,,NO,
tissue_analysis_contributing_exercises,기여 운동: %1$s,,ANDROID_RESOURCE,app/src/main/res/values/strings.xml,tissue_analysis_contributing_exercises,PRODUCTION_UI,MISSING_APPROVED_ENGLISH,%1$s,NO,
tissue_analysis_current_status,현재 연결조직 상태: %1$s,,ANDROID_RESOURCE,app/src/main/res/values/strings.xml,tissue_analysis_current_status,PRODUCTION_UI,MISSING_APPROVED_ENGLISH,%1$s,NO,
tissue_analysis_expand_children,하위 조직 보기,,ANDROID_RESOURCE,app/src/main/res/values/strings.xml,tissue_analysis_expand_children,PRODUCTION_UI,MISSING_APPROVED_ENGLISH,,NO,
tissue_analysis_high_children,높은 하위 단위 %1$d개 · 최고 %2$s,,ANDROID_RESOURCE,app/src/main/res/values/strings.xml,tissue_analysis_high_children,PRODUCTION_UI,MISSING_APPROVED_ENGLISH,%1$d|%2$s,NO,
tissue_analysis_info_description,%1$s 정보 보기,,ANDROID_RESOURCE,app/src/main/res/values/strings.xml,tissue_analysis_info_description,PRODUCTION_UI,MISSING_APPROVED_ENGLISH,%1$s,NO,
tissue_analysis_model_range,%1$s · 현재 모델 범위 %2$s,,ANDROID_RESOURCE,app/src/main/res/values/strings.xml,tissue_analysis_model_range,PRODUCTION_UI,MISSING_APPROVED_ENGLISH,%1$s|%2$s,NO,
tissue_analysis_no_area,없음,,ANDROID_RESOURCE,app/src/main/res/values/strings.xml,tissue_analysis_no_area,PRODUCTION_UI,MISSING_APPROVED_ENGLISH,,NO,
tissue_analysis_no_contributor,기여 기록 없음,,ANDROID_RESOURCE,app/src/main/res/values/strings.xml,tissue_analysis_no_contributor,PRODUCTION_UI,MISSING_APPROVED_ENGLISH,,NO,
tissue_analysis_not_diagnosis,이 상태는 손상률이나 진단이 아닙니다.,,ANDROID_RESOURCE,app/src/main/res/values/strings.xml,tissue_analysis_not_diagnosis,PRODUCTION_UI,MISSING_APPROVED_ENGLISH,,NO,
tissue_analysis_observing,관찰 중,,ANDROID_RESOURCE,app/src/main/res/values/strings.xml,tissue_analysis_observing,PRODUCTION_UI,MISSING_APPROVED_ENGLISH,,NO,
tissue_analysis_primary_contributors,주요 기여: %1$s,,ANDROID_RESOURCE,app/src/main/res/values/strings.xml,tissue_analysis_primary_contributors,PRODUCTION_UI,MISSING_APPROVED_ENGLISH,%1$s,NO,
tissue_analysis_show_remaining,나머지 부위 보기,,ANDROID_RESOURCE,app/src/main/res/values/strings.xml,tissue_analysis_show_remaining,PRODUCTION_UI,MISSING_APPROVED_ENGLISH,,NO,
tissue_analysis_status_summary,연결조직 상태: %1$s,,ANDROID_RESOURCE,app/src/main/res/values/strings.xml,tissue_analysis_status_summary,PRODUCTION_UI,MISSING_APPROVED_ENGLISH,%1$s,NO,
tissue_analysis_supporting_text,관절·건·인대 등 연결조직에 남아 있을 상대적인 운동 부하를 확인합니다.,,ANDROID_RESOURCE,app/src/main/res/values/strings.xml,tissue_analysis_supporting_text,PRODUCTION_UI,MISSING_APPROVED_ENGLISH,,NO,
tissue_analysis_title,연결조직 분석,,ANDROID_RESOURCE,app/src/main/res/values/strings.xml,tissue_analysis_title,PRODUCTION_UI,MISSING_APPROVED_ENGLISH,,NO,
tissue_analysis_top_areas,주요 부위: %1$s,,ANDROID_RESOURCE,app/src/main/res/values/strings.xml,tissue_analysis_top_areas,PRODUCTION_UI,MISSING_APPROVED_ENGLISH,%1$s,NO,
tissue_baseline_source_mixed,기준 출처: 조직별 초기 기준·개인 운동 기록 혼합,,ANDROID_RESOURCE,app/src/main/res/values/strings.xml,tissue_baseline_source_mixed,PRODUCTION_UI,MISSING_APPROVED_ENGLISH,,NO,
tissue_baseline_source_mixed_explanation,조직마다 개인 기록의 반영 정도가 다를 수 있습니다.,,ANDROID_RESOURCE,app/src/main/res/values/strings.xml,tissue_baseline_source_mixed_explanation,PRODUCTION_UI,MISSING_APPROVED_ENGLISH,,NO,
tissue_baseline_source_personal,기준 출처: 개인 운동 기록,,ANDROID_RESOURCE,app/src/main/res/values/strings.xml,tissue_baseline_source_personal,PRODUCTION_UI,MISSING_APPROVED_ENGLISH,,NO,
tissue_baseline_source_prior,기준 출처: 조직별 초기 기준,,ANDROID_RESOURCE,app/src/main/res/values/strings.xml,tissue_baseline_source_prior,PRODUCTION_UI,MISSING_APPROVED_ENGLISH,,NO,
tissue_info_disclaimer,이 설명은 운동 부하를 이해하기 위한 일반 정보이며 의학적 진단이 아닙니다.,,ANDROID_RESOURCE,app/src/main/res/values/strings.xml,tissue_info_disclaimer,PRODUCTION_UI,MISSING_APPROVED_ENGLISH,,NO,
tissue_info_label_contexts,주로 사용되는 동작,,ANDROID_RESOURCE,app/src/main/res/values/strings.xml,tissue_info_label_contexts,PRODUCTION_UI,MISSING_APPROVED_ENGLISH,,NO,
tissue_info_label_functions,주요 기능,,ANDROID_RESOURCE,app/src/main/res/values/strings.xml,tissue_info_label_functions,PRODUCTION_UI,MISSING_APPROVED_ENGLISH,,NO,
tissue_info_label_location,위치,,ANDROID_RESOURCE,app/src/main/res/values/strings.xml,tissue_info_label_location,PRODUCTION_UI,MISSING_APPROVED_ENGLISH,,NO,
tissue_status_high,높은 편,,ANDROID_RESOURCE,app/src/main/res/values/strings.xml,tissue_status_high,PRODUCTION_UI,MISSING_APPROVED_ENGLISH,,NO,
tissue_status_low,낮은 편,,ANDROID_RESOURCE,app/src/main/res/values/strings.xml,tissue_status_low,PRODUCTION_UI,MISSING_APPROVED_ENGLISH,,NO,
tissue_status_moderate,평소 범위,,ANDROID_RESOURCE,app/src/main/res/values/strings.xml,tissue_status_moderate,PRODUCTION_UI,MISSING_APPROVED_ENGLISH,,NO,
tissue_status_unavailable,판단 불가,,ANDROID_RESOURCE,app/src/main/res/values/strings.xml,tissue_status_unavailable,PRODUCTION_UI,MISSING_APPROVED_ENGLISH,,NO,
tissue_status_very_high,매우 높은 편,,ANDROID_RESOURCE,app/src/main/res/values/strings.xml,tissue_status_very_high,PRODUCTION_UI,MISSING_APPROVED_ENGLISH,,NO,
,${axis.displayName} 7일,,BadmintonTransferChartDataBuilder,app/src/main/java/com/training/trackplanner/analysis/badminton/BadmintonTransferChartDataBuilder.kt,35,PRODUCTION_UI,DIRECT_LITERAL_REQUIRES_RESOURCE,${},NO,Baseline Kotlin literal inventory
,${axis.displayName} 28일,,BadmintonTransferChartDataBuilder,app/src/main/java/com/training/trackplanner/analysis/badminton/BadmintonTransferChartDataBuilder.kt,36,PRODUCTION_UI,DIRECT_LITERAL_REQUIRES_RESOURCE,${},NO,Baseline Kotlin literal inventory
,최근 7일 배드민턴 전이 자극 기록이 부족합니다.,,BadmintonTransferInsightBuilder,app/src/main/java/com/training/trackplanner/analysis/badminton/BadmintonTransferInsightBuilder.kt,6,PRODUCTION_UI,DIRECT_LITERAL_REQUIRES_RESOURCE,,NO,Baseline Kotlin literal inventory
,"최근 7일 전이 비중은 ${highest.displayName}에 가장 높고, ${lowest.displayName} 자극은 낮습니다.",,BadmintonTransferInsightBuilder,app/src/main/java/com/training/trackplanner/analysis/badminton/BadmintonTransferInsightBuilder.kt,14,PRODUCTION_UI,DIRECT_LITERAL_REQUIRES_RESOURCE,${},NO,Baseline Kotlin literal inventory
,최근 7일 전이 비중은 ${highest.displayName} 중심으로 잡혀 있습니다.,,BadmintonTransferInsightBuilder,app/src/main/java/com/training/trackplanner/analysis/badminton/BadmintonTransferInsightBuilder.kt,16,PRODUCTION_UI,DIRECT_LITERAL_REQUIRES_RESOURCE,${},NO,Baseline Kotlin literal inventory
,최근 7일 전이축 구성이 아직 뚜렷하지 않습니다.,,BadmintonTransferInsightBuilder,app/src/main/java/com/training/trackplanner/analysis/badminton/BadmintonTransferInsightBuilder.kt,18,PRODUCTION_UI,DIRECT_LITERAL_REQUIRES_RESOURCE,,NO,Baseline Kotlin literal inventory
,직접 전이,,BadmintonTransferModels,app/src/main/java/com/training/trackplanner/analysis/badminton/BadmintonTransferModels.kt,6,PRODUCTION_UI,DIRECT_LITERAL_REQUIRES_RESOURCE,,NO,Baseline Kotlin literal inventory
,보조 전이,,BadmintonTransferModels,app/src/main/java/com/training/trackplanner/analysis/badminton/BadmintonTransferModels.kt,7,PRODUCTION_UI,DIRECT_LITERAL_REQUIRES_RESOURCE,,NO,Baseline Kotlin literal inventory
,기초근력,,BadmintonTransferModels,app/src/main/java/com/training/trackplanner/analysis/badminton/BadmintonTransferModels.kt,8,PRODUCTION_UI,DIRECT_LITERAL_REQUIRES_RESOURCE,,NO,Baseline Kotlin literal inventory
,낮은 전이,,BadmintonTransferModels,app/src/main/java/com/training/trackplanner/analysis/badminton/BadmintonTransferModels.kt,9,PRODUCTION_UI,DIRECT_LITERAL_REQUIRES_RESOURCE,,NO,Baseline Kotlin literal inventory
,제외,,BadmintonTransferModels,app/src/main/java/com/training/trackplanner/analysis/badminton/BadmintonTransferModels.kt,10,PRODUCTION_UI,DIRECT_LITERAL_REQUIRES_RESOURCE,,NO,Baseline Kotlin literal inventory
,감속·착지 제어,,BadmintonTransferModels,app/src/main/java/com/training/trackplanner/analysis/badminton/BadmintonTransferModels.kt,14,PRODUCTION_UI,DIRECT_LITERAL_REQUIRES_RESOURCE,,NO,Baseline Kotlin literal inventory
,편측 안정성,,BadmintonTransferModels,app/src/main/java/com/training/trackplanner/analysis/badminton/BadmintonTransferModels.kt,15,PRODUCTION_UI,DIRECT_LITERAL_REQUIRES_RESOURCE,,NO,Baseline Kotlin literal inventory
,측면 이동,,BadmintonTransferModels,app/src/main/java/com/training/trackplanner/analysis/badminton/BadmintonTransferModels.kt,16,PRODUCTION_UI,DIRECT_LITERAL_REQUIRES_RESOURCE,,NO,Baseline Kotlin literal inventory
,회전 제어,,BadmintonTransferModels,app/src/main/java/com/training/trackplanner/analysis/badminton/BadmintonTransferModels.kt,17,PRODUCTION_UI,DIRECT_LITERAL_REQUIRES_RESOURCE,,NO,Baseline Kotlin literal inventory
,라켓 보조,,BadmintonTransferModels,app/src/main/java/com/training/trackplanner/analysis/badminton/BadmintonTransferModels.kt,18,PRODUCTION_UI,DIRECT_LITERAL_REQUIRES_RESOURCE,,NO,Baseline Kotlin literal inventory
,풋워크 지속성,,BadmintonTransferModels,app/src/main/java/com/training/trackplanner/analysis/badminton/BadmintonTransferModels.kt,19,PRODUCTION_UI,DIRECT_LITERAL_REQUIRES_RESOURCE,,NO,Baseline Kotlin literal inventory
,저피로 제어,,BadmintonTransferModels,app/src/main/java/com/training/trackplanner/analysis/badminton/BadmintonTransferModels.kt,20,PRODUCTION_UI,DIRECT_LITERAL_REQUIRES_RESOURCE,,NO,Baseline Kotlin literal inventory
,전이축 비중,,BadmintonTransferModels,app/src/main/java/com/training/trackplanner/analysis/badminton/BadmintonTransferModels.kt,37,PRODUCTION_UI,DIRECT_LITERAL_REQUIRES_RESOURCE,,NO,Baseline Kotlin literal inventory
,전이유형 비중,,BadmintonTransferModels,app/src/main/java/com/training/trackplanner/analysis/badminton/BadmintonTransferModels.kt,38,PRODUCTION_UI,DIRECT_LITERAL_REQUIRES_RESOURCE,,NO,Baseline Kotlin literal inventory
,최근 7일 vs 28일,,BadmintonTransferModels,app/src/main/java/com/training/trackplanner/analysis/badminton/BadmintonTransferModels.kt,39,PRODUCTION_UI,DIRECT_LITERAL_REQUIRES_RESOURCE,,NO,Baseline Kotlin literal inventory
,운동별 전이 자극 Top 5,,BadmintonTransferModels,app/src/main/java/com/training/trackplanner/analysis/badminton/BadmintonTransferModels.kt,40,PRODUCTION_UI,DIRECT_LITERAL_REQUIRES_RESOURCE,,NO,Baseline Kotlin literal inventory
,오늘은 배드민턴 전이 운동보다 회복을 우선 추천드립니다.,,BadmintonTransferRecommendationBuilder,app/src/main/java/com/training/trackplanner/analysis/badminton/BadmintonTransferRecommendationBuilder.kt,75,PRODUCTION_UI,DIRECT_LITERAL_REQUIRES_RESOURCE,,NO,Baseline Kotlin literal inventory
,오늘은 저피로 보완운동을 추천드립니다.,,BadmintonTransferRecommendationBuilder,app/src/main/java/com/training/trackplanner/analysis/badminton/BadmintonTransferRecommendationBuilder.kt,77,PRODUCTION_UI,DIRECT_LITERAL_REQUIRES_RESOURCE,,NO,Baseline Kotlin literal inventory
,오늘은 저피로 보완운동을 추천드립니다.,,BadmintonTransferRecommendationBuilder,app/src/main/java/com/training/trackplanner/analysis/badminton/BadmintonTransferRecommendationBuilder.kt,80,PRODUCTION_UI,DIRECT_LITERAL_REQUIRES_RESOURCE,,NO,Baseline Kotlin literal inventory
,오늘은 감속·착지 제어 운동을 추천드립니다.,,BadmintonTransferRecommendationBuilder,app/src/main/java/com/training/trackplanner/analysis/badminton/BadmintonTransferRecommendationBuilder.kt,82,PRODUCTION_UI,DIRECT_LITERAL_REQUIRES_RESOURCE,,NO,Baseline Kotlin literal inventory
,오늘은 편측 안정성 운동을 추천드립니다.,,BadmintonTransferRecommendationBuilder,app/src/main/java/com/training/trackplanner/analysis/badminton/BadmintonTransferRecommendationBuilder.kt,84,PRODUCTION_UI,DIRECT_LITERAL_REQUIRES_RESOURCE,,NO,Baseline Kotlin literal inventory
,오늘은 측면 이동 보완 운동을 추천드립니다.,,BadmintonTransferRecommendationBuilder,app/src/main/java/com/training/trackplanner/analysis/badminton/BadmintonTransferRecommendationBuilder.kt,86,PRODUCTION_UI,DIRECT_LITERAL_REQUIRES_RESOURCE,,NO,Baseline Kotlin literal inventory
,오늘은 회전 제어 운동을 추천드립니다.,,BadmintonTransferRecommendationBuilder,app/src/main/java/com/training/trackplanner/analysis/badminton/BadmintonTransferRecommendationBuilder.kt,88,PRODUCTION_UI,DIRECT_LITERAL_REQUIRES_RESOURCE,,NO,Baseline Kotlin literal inventory
,오늘은 라켓 보조 운동을 추천드립니다.,,BadmintonTransferRecommendationBuilder,app/src/main/java/com/training/trackplanner/analysis/badminton/BadmintonTransferRecommendationBuilder.kt,90,PRODUCTION_UI,DIRECT_LITERAL_REQUIRES_RESOURCE,,NO,Baseline Kotlin literal inventory
,오늘은 풋워크 지속성 운동을 추천드립니다.,,BadmintonTransferRecommendationBuilder,app/src/main/java/com/training/trackplanner/analysis/badminton/BadmintonTransferRecommendationBuilder.kt,92,PRODUCTION_UI,DIRECT_LITERAL_REQUIRES_RESOURCE,,NO,Baseline Kotlin literal inventory
,오늘은 저피로 보완운동을 추천드립니다.,,BadmintonTransferRecommendationBuilder,app/src/main/java/com/training/trackplanner/analysis/badminton/BadmintonTransferRecommendationBuilder.kt,94,PRODUCTION_UI,DIRECT_LITERAL_REQUIRES_RESOURCE,,NO,Baseline Kotlin literal inventory
,오늘은 균형 유지용 보완운동을 추천드립니다.,,BadmintonTransferRecommendationBuilder,app/src/main/java/com/training/trackplanner/analysis/badminton/BadmintonTransferRecommendationBuilder.kt,95,PRODUCTION_UI,DIRECT_LITERAL_REQUIRES_RESOURCE,,NO,Baseline Kotlin literal inventory
,${cautionAxes.first().label} 비중과 관련 피로가 함께 높게 잡힙니다.,,BadmintonTransferCoverageAnalyzer,app/src/main/java/com/training/trackplanner/analysis/coach/BadmintonTransferCoverageAnalyzer.kt,79,PRODUCTION_UI,DIRECT_LITERAL_REQUIRES_RESOURCE,${},NO,Baseline Kotlin literal inventory
,최근 ${recent.windowDays}일 ${lowAxes.take(2).joinToString(,,BadmintonTransferCoverageAnalyzer,app/src/main/java/com/training/trackplanner/analysis/coach/BadmintonTransferCoverageAnalyzer.kt,81,PRODUCTION_UI,DIRECT_LITERAL_REQUIRES_RESOURCE,${},NO,Baseline Kotlin literal inventory
,) { it.label }} 자극이 부족합니다.,,BadmintonTransferCoverageAnalyzer,app/src/main/java/com/training/trackplanner/analysis/coach/BadmintonTransferCoverageAnalyzer.kt,81,PRODUCTION_UI,DIRECT_LITERAL_REQUIRES_RESOURCE,,NO,Baseline Kotlin literal inventory
,최근 전이 축은 대체로 균형적입니다.,,BadmintonTransferCoverageAnalyzer,app/src/main/java/com/training/trackplanner/analysis/coach/BadmintonTransferCoverageAnalyzer.kt,82,PRODUCTION_UI,DIRECT_LITERAL_REQUIRES_RESOURCE,,NO,Baseline Kotlin literal inventory
,최근 ${windowDays}일 기록이 없습니다.,,BadmintonTransferCoverageAnalyzer,app/src/main/java/com/training/trackplanner/analysis/coach/BadmintonTransferCoverageAnalyzer.kt,113,PRODUCTION_UI,DIRECT_LITERAL_REQUIRES_RESOURCE,${},NO,Baseline Kotlin literal inventory
,최근 ${windowDays}일 비중이 낮습니다.,,BadmintonTransferCoverageAnalyzer,app/src/main/java/com/training/trackplanner/analysis/coach/BadmintonTransferCoverageAnalyzer.kt,114,PRODUCTION_UI,DIRECT_LITERAL_REQUIRES_RESOURCE,${},NO,Baseline Kotlin literal inventory
,최근 기록 기준 범위에 있습니다.,,BadmintonTransferCoverageAnalyzer,app/src/main/java/com/training/trackplanner/analysis/coach/BadmintonTransferCoverageAnalyzer.kt,115,PRODUCTION_UI,DIRECT_LITERAL_REQUIRES_RESOURCE,,NO,Baseline Kotlin literal inventory
,최근 비중이 높게 누적되었습니다.,,BadmintonTransferCoverageAnalyzer,app/src/main/java/com/training/trackplanner/analysis/coach/BadmintonTransferCoverageAnalyzer.kt,116,PRODUCTION_UI,DIRECT_LITERAL_REQUIRES_RESOURCE,,NO,Baseline Kotlin literal inventory
,최근 비중과 관련 피로축이 함께 높게 잡힙니다.,,BadmintonTransferCoverageAnalyzer,app/src/main/java/com/training/trackplanner/analysis/coach/BadmintonTransferCoverageAnalyzer.kt,117,PRODUCTION_UI,DIRECT_LITERAL_REQUIRES_RESOURCE,,NO,Baseline Kotlin literal inventory
,"${fatigue.causes.first().label} 관련 피로가 많이 누적되었고, ${transfer.cautionAxes.first().label} 전이축도 주의 수준입니다.",,CoachAnalysisInsightBuilder,app/src/main/java/com/training/trackplanner/analysis/coach/CoachAnalysisInsightBuilder.kt,11,PRODUCTION_UI,DIRECT_LITERAL_REQUIRES_RESOURCE,${},NO,Baseline Kotlin literal inventory
,"${fatigue.causes.first().label} 관련 피로가 많이 누적되었으며, ${transfer.lowAxes.first().label} 자극은 부족합니다.",,CoachAnalysisInsightBuilder,app/src/main/java/com/training/trackplanner/analysis/coach/CoachAnalysisInsightBuilder.kt,13,PRODUCTION_UI,DIRECT_LITERAL_REQUIRES_RESOURCE,${},NO,Baseline Kotlin literal inventory
,아직 원인 분석에 필요한 기록이 부족합니다.,,CoachAnalysisModels,app/src/main/java/com/training/trackplanner/analysis/coach/CoachAnalysisModels.kt,35,PRODUCTION_UI,DIRECT_LITERAL_REQUIRES_RESOURCE,,NO,Baseline Kotlin literal inventory
,아직 배드민턴 전이 축을 판단할 기록이 부족합니다.,,CoachAnalysisModels,app/src/main/java/com/training/trackplanner/analysis/coach/CoachAnalysisModels.kt,74,PRODUCTION_UI,DIRECT_LITERAL_REQUIRES_RESOURCE,,NO,Baseline Kotlin literal inventory
,"객관적 운동 부하는 평소 수준이지만, 오늘 전신 피로 입력이 높아 회복 상태를 주의로 봅니다.",,CoachCheckInInterpreter,app/src/main/java/com/training/trackplanner/analysis/coach/CoachCheckInInterpreter.kt,18,PRODUCTION_UI,DIRECT_LITERAL_REQUIRES_RESOURCE,,NO,Baseline Kotlin literal inventory
,오늘 전신 피로 입력이 높아 운동 강도와 양을 보수적으로 조절하는 편이 낫습니다.,,CoachCheckInInterpreter,app/src/main/java/com/training/trackplanner/analysis/coach/CoachCheckInInterpreter.kt,20,PRODUCTION_UI,DIRECT_LITERAL_REQUIRES_RESOURCE,,NO,Baseline Kotlin literal inventory
,하체 피로 입력이 높아 오늘은 점프·방향전환·하체 고중량을 줄이는 편이 낫습니다.,,CoachCheckInInterpreter,app/src/main/java/com/training/trackplanner/analysis/coach/CoachCheckInInterpreter.kt,25,PRODUCTION_UI,DIRECT_LITERAL_REQUIRES_RESOURCE,,NO,Baseline Kotlin literal inventory
,관절/건 불편감이 높게 입력되어 감속·착지·고중량 하체 운동은 주의가 필요합니다.,,CoachCheckInInterpreter,app/src/main/java/com/training/trackplanner/analysis/coach/CoachCheckInInterpreter.kt,28,PRODUCTION_UI,DIRECT_LITERAL_REQUIRES_RESOURCE,,NO,Baseline Kotlin literal inventory
,집중력/의욕 입력이 낮아 반응 드릴과 고강도 배드민턴은 강도를 낮춰 진행하는 편이 낫습니다.,,CoachCheckInInterpreter,app/src/main/java/com/training/trackplanner/analysis/coach/CoachCheckInInterpreter.kt,31,PRODUCTION_UI,DIRECT_LITERAL_REQUIRES_RESOURCE,,NO,Baseline Kotlin literal inventory
,수면시간이 낮아 피로 해석을 보수적으로 적용합니다.,,CoachCheckInInterpreter,app/src/main/java/com/training/trackplanner/analysis/coach/CoachCheckInInterpreter.kt,34,PRODUCTION_UI,DIRECT_LITERAL_REQUIRES_RESOURCE,,NO,Baseline Kotlin literal inventory
,수면 부족 / 회복 입력,,CoachCheckInInterpreter,app/src/main/java/com/training/trackplanner/analysis/coach/CoachCheckInInterpreter.kt,44,PRODUCTION_UI,DIRECT_LITERAL_REQUIRES_RESOURCE,,NO,Baseline Kotlin literal inventory
,수면시간이 ${formatHours(hours)}시간으로 입력되었습니다.,,CoachCheckInInterpreter,app/src/main/java/com/training/trackplanner/analysis/coach/CoachCheckInInterpreter.kt,44,PRODUCTION_UI,DIRECT_LITERAL_REQUIRES_RESOURCE,${},NO,Baseline Kotlin literal inventory
,전신 근육,,CoachCheckInInterpreter,app/src/main/java/com/training/trackplanner/analysis/coach/CoachCheckInInterpreter.kt,44,PRODUCTION_UI,DIRECT_LITERAL_REQUIRES_RESOURCE,,NO,Baseline Kotlin literal inventory
,전신 피로 입력 상승,,CoachCheckInInterpreter,app/src/main/java/com/training/trackplanner/analysis/coach/CoachCheckInInterpreter.kt,47,PRODUCTION_UI,DIRECT_LITERAL_REQUIRES_RESOURCE,,NO,Baseline Kotlin literal inventory
,오늘 전신 피로가 $value/5로 입력되었습니다.,,CoachCheckInInterpreter,app/src/main/java/com/training/trackplanner/analysis/coach/CoachCheckInInterpreter.kt,47,PRODUCTION_UI,DIRECT_LITERAL_REQUIRES_RESOURCE,${},NO,Baseline Kotlin literal inventory
,전신 근육,,CoachCheckInInterpreter,app/src/main/java/com/training/trackplanner/analysis/coach/CoachCheckInInterpreter.kt,47,PRODUCTION_UI,DIRECT_LITERAL_REQUIRES_RESOURCE,,NO,Baseline Kotlin literal inventory
,하체 피로 입력 상승,,CoachCheckInInterpreter,app/src/main/java/com/training/trackplanner/analysis/coach/CoachCheckInInterpreter.kt,50,PRODUCTION_UI,DIRECT_LITERAL_REQUIRES_RESOURCE,,NO,Baseline Kotlin literal inventory
,오늘 하체 피로가 $value/5로 입력되었습니다.,,CoachCheckInInterpreter,app/src/main/java/com/training/trackplanner/analysis/coach/CoachCheckInInterpreter.kt,50,PRODUCTION_UI,DIRECT_LITERAL_REQUIRES_RESOURCE,${},NO,Baseline Kotlin literal inventory
,국소 근육,,CoachCheckInInterpreter,app/src/main/java/com/training/trackplanner/analysis/coach/CoachCheckInInterpreter.kt,50,PRODUCTION_UI,DIRECT_LITERAL_REQUIRES_RESOURCE,,NO,Baseline Kotlin literal inventory
,관절/건 불편감 입력,,CoachCheckInInterpreter,app/src/main/java/com/training/trackplanner/analysis/coach/CoachCheckInInterpreter.kt,53,PRODUCTION_UI,DIRECT_LITERAL_REQUIRES_RESOURCE,,NO,Baseline Kotlin literal inventory
,오늘 불편감이 $value/5로 입력되었습니다.,,CoachCheckInInterpreter,app/src/main/java/com/training/trackplanner/analysis/coach/CoachCheckInInterpreter.kt,53,PRODUCTION_UI,DIRECT_LITERAL_REQUIRES_RESOURCE,${},NO,Baseline Kotlin literal inventory
,연결조직,,CoachCheckInInterpreter,app/src/main/java/com/training/trackplanner/analysis/coach/CoachCheckInInterpreter.kt,53,PRODUCTION_UI,DIRECT_LITERAL_REQUIRES_RESOURCE,,NO,Baseline Kotlin literal inventory
,집중력/의욕 저하,,CoachCheckInInterpreter,app/src/main/java/com/training/trackplanner/analysis/coach/CoachCheckInInterpreter.kt,56,PRODUCTION_UI,DIRECT_LITERAL_REQUIRES_RESOURCE,,NO,Baseline Kotlin literal inventory
,오늘 집중력/의욕이 $value/5로 입력되었습니다.,,CoachCheckInInterpreter,app/src/main/java/com/training/trackplanner/analysis/coach/CoachCheckInInterpreter.kt,56,PRODUCTION_UI,DIRECT_LITERAL_REQUIRES_RESOURCE,${},NO,Baseline Kotlin literal inventory
,반응,,CoachCheckInInterpreter,app/src/main/java/com/training/trackplanner/analysis/coach/CoachCheckInInterpreter.kt,56,PRODUCTION_UI,DIRECT_LITERAL_REQUIRES_RESOURCE,,NO,Baseline Kotlin literal inventory
,최근 ${safeWindow}일 동안 ${affectedAxes.joinToString(,,CoachFatigueCauseAnalyzer,app/src/main/java/com/training/trackplanner/analysis/coach/CoachFatigueCauseAnalyzer.kt,49,PRODUCTION_UI,DIRECT_LITERAL_REQUIRES_RESOURCE,${},NO,Baseline Kotlin literal inventory
,)} 부하에 많이 기여한 기록입니다.,,CoachFatigueCauseAnalyzer,app/src/main/java/com/training/trackplanner/analysis/coach/CoachFatigueCauseAnalyzer.kt,49,PRODUCTION_UI,DIRECT_LITERAL_REQUIRES_RESOURCE,,NO,Baseline Kotlin literal inventory
,최근 피로 상승은 ${top.label} 기록과 ${top.affectedAxes.joinToString(,,CoachFatigueCauseAnalyzer,app/src/main/java/com/training/trackplanner/analysis/coach/CoachFatigueCauseAnalyzer.kt,76,PRODUCTION_UI,DIRECT_LITERAL_REQUIRES_RESOURCE,${},NO,Baseline Kotlin literal inventory
,)} 부담이 함께 누적된 영향일 가능성이 큽니다.,,CoachFatigueCauseAnalyzer,app/src/main/java/com/training/trackplanner/analysis/coach/CoachFatigueCauseAnalyzer.kt,76,PRODUCTION_UI,DIRECT_LITERAL_REQUIRES_RESOURCE,,NO,Baseline Kotlin literal inventory
,고중량·힘 신경계,,CoachFatigueCauseAnalyzer,app/src/main/java/com/training/trackplanner/analysis/coach/CoachFatigueCauseAnalyzer.kt,83,PRODUCTION_UI,DIRECT_LITERAL_REQUIRES_RESOURCE,,NO,Baseline Kotlin literal inventory
,전신 근육,,CoachFatigueCauseAnalyzer,app/src/main/java/com/training/trackplanner/analysis/coach/CoachFatigueCauseAnalyzer.kt,84,PRODUCTION_UI,DIRECT_LITERAL_REQUIRES_RESOURCE,,NO,Baseline Kotlin literal inventory
,국소 근육,,CoachFatigueCauseAnalyzer,app/src/main/java/com/training/trackplanner/analysis/coach/CoachFatigueCauseAnalyzer.kt,85,PRODUCTION_UI,DIRECT_LITERAL_REQUIRES_RESOURCE,,NO,Baseline Kotlin literal inventory
,고속,,CoachFatigueCauseAnalyzer,app/src/main/java/com/training/trackplanner/analysis/coach/CoachFatigueCauseAnalyzer.kt,86,PRODUCTION_UI,DIRECT_LITERAL_REQUIRES_RESOURCE,,NO,Baseline Kotlin literal inventory
,반응,,CoachFatigueCauseAnalyzer,app/src/main/java/com/training/trackplanner/analysis/coach/CoachFatigueCauseAnalyzer.kt,87,PRODUCTION_UI,DIRECT_LITERAL_REQUIRES_RESOURCE,,NO,Baseline Kotlin literal inventory
,수면 기록 부족,,CoachingSignalModels,app/src/main/java/com/training/trackplanner/analysis/coach/CoachingSignalModels.kt,59,PRODUCTION_UI,DIRECT_LITERAL_REQUIRES_RESOURCE,,NO,Baseline Kotlin literal inventory
,최근 수면 입력이 부족해 수면 보정 신호를 계산하지 않았습니다.,,CoachingSignalModels,app/src/main/java/com/training/trackplanner/analysis/coach/CoachingSignalModels.kt,60,PRODUCTION_UI,DIRECT_LITERAL_REQUIRES_RESOURCE,,NO,Baseline Kotlin literal inventory
,코트 시간 반응 데이터가 적습니다,,CourtDurationRecoveryAnalyzer,app/src/main/java/com/training/trackplanner/analysis/coach/CourtDurationRecoveryAnalyzer.kt,60,PRODUCTION_UI,DIRECT_LITERAL_REQUIRES_RESOURCE,,NO,Baseline Kotlin literal inventory
,배드민턴 시간과 다음날 회복 입력을 날짜 기준으로 모으는 중입니다.,,CourtDurationRecoveryAnalyzer,app/src/main/java/com/training/trackplanner/analysis/coach/CourtDurationRecoveryAnalyzer.kt,61,PRODUCTION_UI,DIRECT_LITERAL_REQUIRES_RESOURCE,,NO,Baseline Kotlin literal inventory
,최근 수면 입력이 낮아 긴 코트 시간 뒤 회복 해석을 보수적으로 봅니다.,,CourtDurationRecoveryAnalyzer,app/src/main/java/com/training/trackplanner/analysis/coach/CourtDurationRecoveryAnalyzer.kt,80,PRODUCTION_UI,DIRECT_LITERAL_REQUIRES_RESOURCE,,NO,Baseline Kotlin literal inventory
,긴 코트 시간 뒤 회복 입력을 확인합니다,,CourtDurationRecoveryAnalyzer,app/src/main/java/com/training/trackplanner/analysis/coach/CourtDurationRecoveryAnalyzer.kt,87,PRODUCTION_UI,DIRECT_LITERAL_REQUIRES_RESOURCE,,NO,Baseline Kotlin literal inventory
,90분 이상 코트 시간 뒤 반응을 봅니다,,CourtDurationRecoveryAnalyzer,app/src/main/java/com/training/trackplanner/analysis/coach/CourtDurationRecoveryAnalyzer.kt,88,PRODUCTION_UI,DIRECT_LITERAL_REQUIRES_RESOURCE,,NO,Baseline Kotlin literal inventory
,코트 시간 반응은 참고 수준입니다,,CourtDurationRecoveryAnalyzer,app/src/main/java/com/training/trackplanner/analysis/coach/CourtDurationRecoveryAnalyzer.kt,89,PRODUCTION_UI,DIRECT_LITERAL_REQUIRES_RESOURCE,,NO,Baseline Kotlin literal inventory
,${strongestThreshold}분 이상 배드민턴 뒤 다음날 피로/불편감 입력이 높았던 기록이 있습니다. 같은 패턴을 단정하지 않고 다음날 강도를 보수적으로 봅니다.,,CourtDurationRecoveryAnalyzer,app/src/main/java/com/training/trackplanner/analysis/coach/CourtDurationRecoveryAnalyzer.kt,92,PRODUCTION_UI,DIRECT_LITERAL_REQUIRES_RESOURCE,${},NO,Baseline Kotlin literal inventory
,현재 기록에서는 긴 코트 시간이 항상 다음날 높은 피로 입력으로 이어진다고 보기 어렵습니다.,,CourtDurationRecoveryAnalyzer,app/src/main/java/com/training/trackplanner/analysis/coach/CourtDurationRecoveryAnalyzer.kt,94,PRODUCTION_UI,DIRECT_LITERAL_REQUIRES_RESOURCE,,NO,Baseline Kotlin literal inventory
,수면 입력도 낮아 회복 해석을 보수적으로 봅니다.,,JointTendonWarningAnalyzer,app/src/main/java/com/training/trackplanner/analysis/coach/JointTendonWarningAnalyzer.kt,34,PRODUCTION_UI,DIRECT_LITERAL_REQUIRES_RESOURCE,,NO,Baseline Kotlin literal inventory
,관절/건 불편감 입력을 확인합니다,,JointTendonWarningAnalyzer,app/src/main/java/com/training/trackplanner/analysis/coach/JointTendonWarningAnalyzer.kt,38,PRODUCTION_UI,DIRECT_LITERAL_REQUIRES_RESOURCE,,NO,Baseline Kotlin literal inventory
,"최근 불편감 입력과 관련 운동 기록이 함께 보입니다. 점프, 감속, 고중량 하체는 강도를 낮춰 확인합니다.",,JointTendonWarningAnalyzer,app/src/main/java/com/training/trackplanner/analysis/coach/JointTendonWarningAnalyzer.kt,41,PRODUCTION_UI,DIRECT_LITERAL_REQUIRES_RESOURCE,,NO,Baseline Kotlin literal inventory
,최근 불편감 입력이 높습니다. 운동 기록만으로 단정하지 않고 오늘 부하를 보수적으로 조절합니다.,,JointTendonWarningAnalyzer,app/src/main/java/com/training/trackplanner/analysis/coach/JointTendonWarningAnalyzer.kt,43,PRODUCTION_UI,DIRECT_LITERAL_REQUIRES_RESOURCE,,NO,Baseline Kotlin literal inventory
,최근 수면 입력이 낮아 RPE 해석을 보수적으로 봅니다.,,RpeAutoregulationAnalyzer,app/src/main/java/com/training/trackplanner/analysis/coach/RpeAutoregulationAnalyzer.kt,65,PRODUCTION_UI,DIRECT_LITERAL_REQUIRES_RESOURCE,,NO,Baseline Kotlin literal inventory
,비슷한 부하에서 RPE가 상승했습니다,,RpeAutoregulationAnalyzer,app/src/main/java/com/training/trackplanner/analysis/coach/RpeAutoregulationAnalyzer.kt,72,PRODUCTION_UI,DIRECT_LITERAL_REQUIRES_RESOURCE,,NO,Baseline Kotlin literal inventory
,"${top.exerciseName}의 최근 RPE 평균 ${top.recentRpe.formatOneDecimal()}, 이전 비슷한 세트 ${top.baselineRpe.formatOneDecimal()}입니다. 오늘은 같은 무게라도 체감 강도를 확인하며 조절합니다.",,RpeAutoregulationAnalyzer,app/src/main/java/com/training/trackplanner/analysis/coach/RpeAutoregulationAnalyzer.kt,73,PRODUCTION_UI,DIRECT_LITERAL_REQUIRES_RESOURCE,${},NO,Baseline Kotlin literal inventory
,최근 수면이 많이 낮습니다,,SleepRecoverySignalAnalyzer,app/src/main/java/com/training/trackplanner/analysis/coach/SleepRecoverySignalAnalyzer.kt,46,PRODUCTION_UI,DIRECT_LITERAL_REQUIRES_RESOURCE,,NO,Baseline Kotlin literal inventory
,최근 수면을 보수적으로 봅니다,,SleepRecoverySignalAnalyzer,app/src/main/java/com/training/trackplanner/analysis/coach/SleepRecoverySignalAnalyzer.kt,47,PRODUCTION_UI,DIRECT_LITERAL_REQUIRES_RESOURCE,,NO,Baseline Kotlin literal inventory
,최근 수면은 큰 경고 신호가 아닙니다,,SleepRecoverySignalAnalyzer,app/src/main/java/com/training/trackplanner/analysis/coach/SleepRecoverySignalAnalyzer.kt,48,PRODUCTION_UI,DIRECT_LITERAL_REQUIRES_RESOURCE,,NO,Baseline Kotlin literal inventory
,수면 기록 부족,,SleepRecoverySignalAnalyzer,app/src/main/java/com/training/trackplanner/analysis/coach/SleepRecoverySignalAnalyzer.kt,49,PRODUCTION_UI,DIRECT_LITERAL_REQUIRES_RESOURCE,,NO,Baseline Kotlin literal inventory
,"최근 3일 평균 ${recent}시간, 기준 ${baseline}시간입니다. 오늘 강도 해석을 보수적으로 적용합니다.",,SleepRecoverySignalAnalyzer,app/src/main/java/com/training/trackplanner/analysis/coach/SleepRecoverySignalAnalyzer.kt,82,PRODUCTION_UI,DIRECT_LITERAL_REQUIRES_RESOURCE,${},NO,Baseline Kotlin literal inventory
,최근 3일 평균 ${recent}시간입니다. 고강도 훈련 판단에는 여유를 둡니다.,,SleepRecoverySignalAnalyzer,app/src/main/java/com/training/trackplanner/analysis/coach/SleepRecoverySignalAnalyzer.kt,84,PRODUCTION_UI,DIRECT_LITERAL_REQUIRES_RESOURCE,${},NO,Baseline Kotlin literal inventory
,최근 3일 평균 ${recent}시간입니다. 피로 신호를 조금 더 보수적으로 봅니다.,,SleepRecoverySignalAnalyzer,app/src/main/java/com/training/trackplanner/analysis/coach/SleepRecoverySignalAnalyzer.kt,86,PRODUCTION_UI,DIRECT_LITERAL_REQUIRES_RESOURCE,${},NO,Baseline Kotlin literal inventory
,최근 3일 평균 ${recent}시간입니다. 수면만으로 강한 조절 신호를 만들지는 않습니다.,,SleepRecoverySignalAnalyzer,app/src/main/java/com/training/trackplanner/analysis/coach/SleepRecoverySignalAnalyzer.kt,88,PRODUCTION_UI,DIRECT_LITERAL_REQUIRES_RESOURCE,${},NO,Baseline Kotlin literal inventory
,피로도를 계산하고 있습니다.,,DailyFatigueModels,app/src/main/java/com/training/trackplanner/analysis/fatigue/DailyFatigueModels.kt,172,PRODUCTION_UI,DIRECT_LITERAL_REQUIRES_RESOURCE,,NO,Baseline Kotlin literal inventory
,운동 전,,DailyFatigueModels,app/src/main/java/com/training/trackplanner/analysis/fatigue/DailyFatigueModels.kt,174,PRODUCTION_UI,DIRECT_LITERAL_REQUIRES_RESOURCE,,NO,Baseline Kotlin literal inventory
,계산 중,,DailyFatigueModels,app/src/main/java/com/training/trackplanner/analysis/fatigue/DailyFatigueModels.kt,175,PRODUCTION_UI,DIRECT_LITERAL_REQUIRES_RESOURCE,,NO,Baseline Kotlin literal inventory
,끝나면 예상 피로도는 평소 범위입니다.,,FatigueAnalysisMapper,app/src/main/java/com/training/trackplanner/analysis/fatigue/FatigueAnalysisMapper.kt,205,PRODUCTION_UI,DIRECT_LITERAL_REQUIRES_RESOURCE,,NO,Baseline Kotlin literal inventory
,끝나면 예상 피로도 상승입니다. 회복 미완료 여부는 다음 날 흐름에서 확인합니다.,,FatigueAnalysisMapper,app/src/main/java/com/training/trackplanner/analysis/fatigue/FatigueAnalysisMapper.kt,207,PRODUCTION_UI,DIRECT_LITERAL_REQUIRES_RESOURCE,,NO,Baseline Kotlin literal inventory
,끝나면 예상 피로도가 매우 높습니다. 다음 날 회복 흐름을 확인하세요.,,FatigueAnalysisMapper,app/src/main/java/com/training/trackplanner/analysis/fatigue/FatigueAnalysisMapper.kt,209,PRODUCTION_UI,DIRECT_LITERAL_REQUIRES_RESOURCE,,NO,Baseline Kotlin literal inventory
,끝나면 예상 피로도가 높습니다. 다음 날 회복 흐름을 확인하세요.,,FatigueAnalysisMapper,app/src/main/java/com/training/trackplanner/analysis/fatigue/FatigueAnalysisMapper.kt,211,PRODUCTION_UI,DIRECT_LITERAL_REQUIRES_RESOURCE,,NO,Baseline Kotlin literal inventory
,끝나면 예상 피로도는 현재 흐름과 비슷합니다.,,FatigueAnalysisMapper,app/src/main/java/com/training/trackplanner/analysis/fatigue/FatigueAnalysisMapper.kt,212,PRODUCTION_UI,DIRECT_LITERAL_REQUIRES_RESOURCE,,NO,Baseline Kotlin literal inventory
,2주,,FatigueAnalysisModels,app/src/main/java/com/training/trackplanner/analysis/fatigue/FatigueAnalysisModels.kt,6,PRODUCTION_UI,DIRECT_LITERAL_REQUIRES_RESOURCE,,NO,Baseline Kotlin literal inventory
,4주,,FatigueAnalysisModels,app/src/main/java/com/training/trackplanner/analysis/fatigue/FatigueAnalysisModels.kt,7,PRODUCTION_UI,DIRECT_LITERAL_REQUIRES_RESOURCE,,NO,Baseline Kotlin literal inventory
,8주,,FatigueAnalysisModels,app/src/main/java/com/training/trackplanner/analysis/fatigue/FatigueAnalysisModels.kt,8,PRODUCTION_UI,DIRECT_LITERAL_REQUIRES_RESOURCE,,NO,Baseline Kotlin literal inventory
,12주,,FatigueAnalysisModels,app/src/main/java/com/training/trackplanner/analysis/fatigue/FatigueAnalysisModels.kt,9,PRODUCTION_UI,DIRECT_LITERAL_REQUIRES_RESOURCE,,NO,Baseline Kotlin literal inventory
,28주,,FatigueAnalysisModels,app/src/main/java/com/training/trackplanner/analysis/fatigue/FatigueAnalysisModels.kt,10,PRODUCTION_UI,DIRECT_LITERAL_REQUIRES_RESOURCE,,NO,Baseline Kotlin literal inventory
,현재 피로도,,FatigueAnalysisModels,app/src/main/java/com/training/trackplanner/analysis/fatigue/FatigueAnalysisModels.kt,17,PRODUCTION_UI,DIRECT_LITERAL_REQUIRES_RESOURCE,,NO,Baseline Kotlin literal inventory
,고중량·힘 신경계,,FatigueAnalysisModels,app/src/main/java/com/training/trackplanner/analysis/fatigue/FatigueAnalysisModels.kt,18,PRODUCTION_UI,DIRECT_LITERAL_REQUIRES_RESOURCE,,NO,Baseline Kotlin literal inventory
,전신 근육,,FatigueAnalysisModels,app/src/main/java/com/training/trackplanner/analysis/fatigue/FatigueAnalysisModels.kt,19,PRODUCTION_UI,DIRECT_LITERAL_REQUIRES_RESOURCE,,NO,Baseline Kotlin literal inventory
,국소 근육,,FatigueAnalysisModels,app/src/main/java/com/training/trackplanner/analysis/fatigue/FatigueAnalysisModels.kt,20,PRODUCTION_UI,DIRECT_LITERAL_REQUIRES_RESOURCE,,NO,Baseline Kotlin literal inventory
,고속,,FatigueAnalysisModels,app/src/main/java/com/training/trackplanner/analysis/fatigue/FatigueAnalysisModels.kt,21,PRODUCTION_UI,DIRECT_LITERAL_REQUIRES_RESOURCE,,NO,Baseline Kotlin literal inventory
,반응,,FatigueAnalysisModels,app/src/main/java/com/training/trackplanner/analysis/fatigue/FatigueAnalysisModels.kt,22,PRODUCTION_UI,DIRECT_LITERAL_REQUIRES_RESOURCE,,NO,Baseline Kotlin literal inventory
,회복 지속,,FatigueAnalysisModels,app/src/main/java/com/training/trackplanner/analysis/fatigue/FatigueAnalysisModels.kt,23,PRODUCTION_UI,DIRECT_LITERAL_REQUIRES_RESOURCE,,NO,Baseline Kotlin literal inventory
,운동 역할,,FatigueAnalysisModels,app/src/main/java/com/training/trackplanner/analysis/fatigue/FatigueAnalysisModels.kt,38,PRODUCTION_UI,DIRECT_LITERAL_REQUIRES_RESOURCE,,NO,Baseline Kotlin literal inventory
,동작 계열,,FatigueAnalysisModels,app/src/main/java/com/training/trackplanner/analysis/fatigue/FatigueAnalysisModels.kt,39,PRODUCTION_UI,DIRECT_LITERAL_REQUIRES_RESOURCE,,NO,Baseline Kotlin literal inventory
,프로그램 역할,,FatigueAnalysisModels,app/src/main/java/com/training/trackplanner/analysis/fatigue/FatigueAnalysisModels.kt,40,PRODUCTION_UI,DIRECT_LITERAL_REQUIRES_RESOURCE,,NO,Baseline Kotlin literal inventory
,운동명,,FatigueAnalysisModels,app/src/main/java/com/training/trackplanner/analysis/fatigue/FatigueAnalysisModels.kt,41,PRODUCTION_UI,DIRECT_LITERAL_REQUIRES_RESOURCE,,NO,Baseline Kotlin literal inventory
,피로 부담이 낮습니다.,,FatigueMath,app/src/main/java/com/training/trackplanner/analysis/fatigue/FatigueMath.kt,117,PRODUCTION_UI,DIRECT_LITERAL_REQUIRES_RESOURCE,,NO,Baseline Kotlin literal inventory
,평소 훈련 부하 범위입니다.,,FatigueMath,app/src/main/java/com/training/trackplanner/analysis/fatigue/FatigueMath.kt,118,PRODUCTION_UI,DIRECT_LITERAL_REQUIRES_RESOURCE,,NO,Baseline Kotlin literal inventory
,일부 피로가 평소보다 높습니다.,,FatigueMath,app/src/main/java/com/training/trackplanner/analysis/fatigue/FatigueMath.kt,119,PRODUCTION_UI,DIRECT_LITERAL_REQUIRES_RESOURCE,,NO,Baseline Kotlin literal inventory
,강도나 반복 부위를 조절하세요.,,FatigueMath,app/src/main/java/com/training/trackplanner/analysis/fatigue/FatigueMath.kt,120,PRODUCTION_UI,DIRECT_LITERAL_REQUIRES_RESOURCE,,NO,Baseline Kotlin literal inventory
,회복을 우선하고 고강도 훈련을 피하세요.,,FatigueMath,app/src/main/java/com/training/trackplanner/analysis/fatigue/FatigueMath.kt,121,PRODUCTION_UI,DIRECT_LITERAL_REQUIRES_RESOURCE,,NO,Baseline Kotlin literal inventory
,현재,,HomeFatigueCardSummaryFactory,app/src/main/java/com/training/trackplanner/analysis/fatigue/HomeFatigueCardSummaryFactory.kt,17,PRODUCTION_UI,DIRECT_LITERAL_REQUIRES_RESOURCE,,NO,Baseline Kotlin literal inventory
,운동 전,,HomeFatigueCardSummaryFactory,app/src/main/java/com/training/trackplanner/analysis/fatigue/HomeFatigueCardSummaryFactory.kt,17,PRODUCTION_UI,DIRECT_LITERAL_REQUIRES_RESOURCE,,NO,Baseline Kotlin literal inventory
,끝나면 예상 피로도,,HomeFatigueCardSummaryFactory,app/src/main/java/com/training/trackplanner/analysis/fatigue/HomeFatigueCardSummaryFactory.kt,28,PRODUCTION_UI,DIRECT_LITERAL_REQUIRES_RESOURCE,,NO,Baseline Kotlin literal inventory
,회복 우선 확인,,HomeFatigueCardSummaryFactory,app/src/main/java/com/training/trackplanner/analysis/fatigue/HomeFatigueCardSummaryFactory.kt,72,PRODUCTION_UI,DIRECT_LITERAL_REQUIRES_RESOURCE,,NO,Baseline Kotlin literal inventory
,회복 확인 필요,,HomeFatigueCardSummaryFactory,app/src/main/java/com/training/trackplanner/analysis/fatigue/HomeFatigueCardSummaryFactory.kt,73,PRODUCTION_UI,DIRECT_LITERAL_REQUIRES_RESOURCE,,NO,Baseline Kotlin literal inventory
,예상 피로도 증가,,HomeFatigueCardSummaryFactory,app/src/main/java/com/training/trackplanner/analysis/fatigue/HomeFatigueCardSummaryFactory.kt,74,PRODUCTION_UI,DIRECT_LITERAL_REQUIRES_RESOURCE,,NO,Baseline Kotlin literal inventory
,예상 피로도 증가,,HomeFatigueCardSummaryFactory,app/src/main/java/com/training/trackplanner/analysis/fatigue/HomeFatigueCardSummaryFactory.kt,75,PRODUCTION_UI,DIRECT_LITERAL_REQUIRES_RESOURCE,,NO,Baseline Kotlin literal inventory
,예상 피로도 보통,,HomeFatigueCardSummaryFactory,app/src/main/java/com/training/trackplanner/analysis/fatigue/HomeFatigueCardSummaryFactory.kt,76,PRODUCTION_UI,DIRECT_LITERAL_REQUIRES_RESOURCE,,NO,Baseline Kotlin literal inventory
,양호,,HomeFatigueCardSummaryFactory,app/src/main/java/com/training/trackplanner/analysis/fatigue/HomeFatigueCardSummaryFactory.kt,86,PRODUCTION_UI,DIRECT_LITERAL_REQUIRES_RESOURCE,,NO,Baseline Kotlin literal inventory
,보통,,HomeFatigueCardSummaryFactory,app/src/main/java/com/training/trackplanner/analysis/fatigue/HomeFatigueCardSummaryFactory.kt,87,PRODUCTION_UI,DIRECT_LITERAL_REQUIRES_RESOURCE,,NO,Baseline Kotlin literal inventory
,주의,,HomeFatigueCardSummaryFactory,app/src/main/java/com/training/trackplanner/analysis/fatigue/HomeFatigueCardSummaryFactory.kt,88,PRODUCTION_UI,DIRECT_LITERAL_REQUIRES_RESOURCE,,NO,Baseline Kotlin literal inventory
,높음,,HomeFatigueCardSummaryFactory,app/src/main/java/com/training/trackplanner/analysis/fatigue/HomeFatigueCardSummaryFactory.kt,89,PRODUCTION_UI,DIRECT_LITERAL_REQUIRES_RESOURCE,,NO,Baseline Kotlin literal inventory
,매우 높음,,HomeFatigueCardSummaryFactory,app/src/main/java/com/training/trackplanner/analysis/fatigue/HomeFatigueCardSummaryFactory.kt,90,PRODUCTION_UI,DIRECT_LITERAL_REQUIRES_RESOURCE,,NO,Baseline Kotlin literal inventory
,간단히,,FatigueAnalysisSection,app/src/main/java/com/training/trackplanner/analysis/fatigue/ui/FatigueAnalysisSection.kt,26,PRODUCTION_UI,DIRECT_LITERAL_REQUIRES_RESOURCE,,NO,Baseline Kotlin literal inventory
,자세히,,FatigueAnalysisSection,app/src/main/java/com/training/trackplanner/analysis/fatigue/ui/FatigueAnalysisSection.kt,27,PRODUCTION_UI,DIRECT_LITERAL_REQUIRES_RESOURCE,,NO,Baseline Kotlin literal inventory
,피로도 분석,,FatigueAnalysisSection,app/src/main/java/com/training/trackplanner/analysis/fatigue/ui/FatigueAnalysisSection.kt,45,PRODUCTION_UI,DIRECT_LITERAL_REQUIRES_RESOURCE,,NO,Baseline Kotlin literal inventory
,피로도를 계산하고 있습니다.,,FatigueAnalysisSection,app/src/main/java/com/training/trackplanner/analysis/fatigue/ui/FatigueAnalysisSection.kt,52,PRODUCTION_UI,DIRECT_LITERAL_REQUIRES_RESOURCE,,NO,Baseline Kotlin literal inventory
,운동 기록이 쌓이면 표시됩니다.,,FatigueCharts,app/src/main/java/com/training/trackplanner/analysis/fatigue/ui/FatigueCharts.kt,34,PRODUCTION_UI,DIRECT_LITERAL_REQUIRES_RESOURCE,,NO,Baseline Kotlin literal inventory
,운동 기록이 쌓이면 표시됩니다.,,FatigueCharts,app/src/main/java/com/training/trackplanner/analysis/fatigue/ui/FatigueCharts.kt,53,PRODUCTION_UI,DIRECT_LITERAL_REQUIRES_RESOURCE,,NO,Baseline Kotlin literal inventory
,피로도 변화,,FatigueDetailView,app/src/main/java/com/training/trackplanner/analysis/fatigue/ui/FatigueDetailView.kt,26,PRODUCTION_UI,DIRECT_LITERAL_REQUIRES_RESOURCE,,NO,Baseline Kotlin literal inventory
,주간 평균,,FatigueDetailView,app/src/main/java/com/training/trackplanner/analysis/fatigue/ui/FatigueDetailView.kt,33,PRODUCTION_UI,DIRECT_LITERAL_REQUIRES_RESOURCE,,NO,Baseline Kotlin literal inventory
,피로 기여도 추이,,FatigueDetailView,app/src/main/java/com/training/trackplanner/analysis/fatigue/ui/FatigueDetailView.kt,36,PRODUCTION_UI,DIRECT_LITERAL_REQUIRES_RESOURCE,,NO,Baseline Kotlin literal inventory
,표시할 항목을 선택하세요.,,FatigueDetailView,app/src/main/java/com/training/trackplanner/analysis/fatigue/ui/FatigueDetailView.kt,53,PRODUCTION_UI,DIRECT_LITERAL_REQUIRES_RESOURCE,,NO,Baseline Kotlin literal inventory
,운동 기록이 쌓이면 표시됩니다.,,FatigueDetailView,app/src/main/java/com/training/trackplanner/analysis/fatigue/ui/FatigueDetailView.kt,55,PRODUCTION_UI,DIRECT_LITERAL_REQUIRES_RESOURCE,,NO,Baseline Kotlin literal inventory
,피로도 변화,,FatigueSimpleView,app/src/main/java/com/training/trackplanner/analysis/fatigue/ui/FatigueSimpleView.kt,23,PRODUCTION_UI,DIRECT_LITERAL_REQUIRES_RESOURCE,,NO,Baseline Kotlin literal inventory
,현재,,FatigueSimpleView,app/src/main/java/com/training/trackplanner/analysis/fatigue/ui/FatigueSimpleView.kt,38,PRODUCTION_UI,DIRECT_LITERAL_REQUIRES_RESOURCE,,NO,Baseline Kotlin literal inventory
,끝나면 예상 피로도,,FatigueSimpleView,app/src/main/java/com/training/trackplanner/analysis/fatigue/ui/FatigueSimpleView.kt,43,PRODUCTION_UI,DIRECT_LITERAL_REQUIRES_RESOURCE,,NO,Baseline Kotlin literal inventory
,높은 부하,,FatigueSimpleView,app/src/main/java/com/training/trackplanner/analysis/fatigue/ui/FatigueSimpleView.kt,60,PRODUCTION_UI,DIRECT_LITERAL_REQUIRES_RESOURCE,,NO,Baseline Kotlin literal inventory
,여유 부하,,FatigueSimpleView,app/src/main/java/com/training/trackplanner/analysis/fatigue/ui/FatigueSimpleView.kt,61,PRODUCTION_UI,DIRECT_LITERAL_REQUIRES_RESOURCE,,NO,Baseline Kotlin literal inventory
,운동 기록이 쌓이면 표시됩니다.,,FatigueSimpleView,app/src/main/java/com/training/trackplanner/analysis/fatigue/ui/FatigueSimpleView.kt,81,PRODUCTION_UI,DIRECT_LITERAL_REQUIRES_RESOURCE,,NO,Baseline Kotlin literal inventory
,항목 검색,,FatigueSourceMultiSelect,app/src/main/java/com/training/trackplanner/analysis/fatigue/ui/FatigueSourceMultiSelect.kt,78,PRODUCTION_UI,DIRECT_LITERAL_REQUIRES_RESOURCE,,NO,Baseline Kotlin literal inventory
,모두 해제,,FatigueSourceMultiSelect,app/src/main/java/com/training/trackplanner/analysis/fatigue/ui/FatigueSourceMultiSelect.kt,85,PRODUCTION_UI,DIRECT_LITERAL_REQUIRES_RESOURCE,,NO,Baseline Kotlin literal inventory
,상위 3개 다시 선택,,FatigueSourceMultiSelect,app/src/main/java/com/training/trackplanner/analysis/fatigue/ui/FatigueSourceMultiSelect.kt,88,PRODUCTION_UI,DIRECT_LITERAL_REQUIRES_RESOURCE,,REVIEW,Baseline Kotlin literal inventory
,선택 기간 기여 ${source.periodContributionPercent}%,,FatigueSourceMultiSelect,app/src/main/java/com/training/trackplanner/analysis/fatigue/ui/FatigueSourceMultiSelect.kt,98,PRODUCTION_UI,DIRECT_LITERAL_REQUIRES_RESOURCE,${},NO,Baseline Kotlin literal inventory
,검색 결과가 없습니다.,,FatigueSourceMultiSelect,app/src/main/java/com/training/trackplanner/analysis/fatigue/ui/FatigueSourceMultiSelect.kt,122,PRODUCTION_UI,DIRECT_LITERAL_REQUIRES_RESOURCE,,NO,Baseline Kotlin literal inventory
,닫기,,FatigueSourceMultiSelect,app/src/main/java/com/training/trackplanner/analysis/fatigue/ui/FatigueSourceMultiSelect.kt,133,PRODUCTION_UI,DIRECT_LITERAL_REQUIRES_RESOURCE,,NO,Baseline Kotlin literal inventory
,적용,,FatigueSourceMultiSelect,app/src/main/java/com/training/trackplanner/analysis/fatigue/ui/FatigueSourceMultiSelect.kt,141,PRODUCTION_UI,DIRECT_LITERAL_REQUIRES_RESOURCE,,NO,Baseline Kotlin literal inventory
,항목 선택,,FatigueSourceMultiSelect,app/src/main/java/com/training/trackplanner/analysis/fatigue/ui/FatigueSourceMultiSelect.kt,152,PRODUCTION_UI,DIRECT_LITERAL_REQUIRES_RESOURCE,,NO,Baseline Kotlin literal inventory
,$firstLabel 외 ${selected.size - 1}개,,FatigueSourceMultiSelect,app/src/main/java/com/training/trackplanner/analysis/fatigue/ui/FatigueSourceMultiSelect.kt,155,PRODUCTION_UI,DIRECT_LITERAL_REQUIRES_RESOURCE,${},NO,Baseline Kotlin literal inventory
,운동 ${exercise.stableKey},,AnalysisExerciseDisplayNameResolver,app/src/main/java/com/training/trackplanner/analysis/features/AnalysisExerciseDisplayNameResolver.kt,18,NON_DISPLAY_IDENTIFIER,NON_DISPLAY_IDENTIFIER,${},NO,Baseline Kotlin literal inventory
,알 수 없는 운동,,AnalysisExerciseDisplayNameResolver,app/src/main/java/com/training/trackplanner/analysis/features/AnalysisExerciseDisplayNameResolver.kt,29,PRODUCTION_UI,DIRECT_LITERAL_REQUIRES_RESOURCE,,NO,Baseline Kotlin literal inventory
,csv 복원 운동,,AnalysisExerciseDisplayNameResolver,app/src/main/java/com/training/trackplanner/analysis/features/AnalysisExerciseDisplayNameResolver.kt,30,PRODUCTION_UI,DIRECT_LITERAL_REQUIRES_RESOURCE,,NO,Baseline Kotlin literal inventory
,^운동\s*\d+$,,AnalysisExerciseDisplayNameResolver,app/src/main/java/com/training/trackplanner/analysis/features/AnalysisExerciseDisplayNameResolver.kt,33,PRODUCTION_UI,DIRECT_LITERAL_REQUIRES_RESOURCE,,NO,Baseline Kotlin literal inventory
,보조 풀,,BodyweightEffectiveLoadCalculator,app/src/main/java/com/training/trackplanner/analysis/features/BodyweightEffectiveLoadCalculator.kt,99,PRODUCTION_UI,DIRECT_LITERAL_REQUIRES_RESOURCE,,NO,Baseline Kotlin literal inventory
,어시스트,,BodyweightEffectiveLoadCalculator,app/src/main/java/com/training/trackplanner/analysis/features/BodyweightEffectiveLoadCalculator.kt,99,PRODUCTION_UI,DIRECT_LITERAL_REQUIRES_RESOURCE,,NO,Baseline Kotlin literal inventory
,풀업,,BodyweightEffectiveLoadCalculator,app/src/main/java/com/training/trackplanner/analysis/features/BodyweightEffectiveLoadCalculator.kt,101,PRODUCTION_UI,DIRECT_LITERAL_REQUIRES_RESOURCE,,NO,Baseline Kotlin literal inventory
,친업,,BodyweightEffectiveLoadCalculator,app/src/main/java/com/training/trackplanner/analysis/features/BodyweightEffectiveLoadCalculator.kt,101,PRODUCTION_UI,DIRECT_LITERAL_REQUIRES_RESOURCE,,NO,Baseline Kotlin literal inventory
,턱걸이,,BodyweightEffectiveLoadCalculator,app/src/main/java/com/training/trackplanner/analysis/features/BodyweightEffectiveLoadCalculator.kt,101,PRODUCTION_UI,DIRECT_LITERAL_REQUIRES_RESOURCE,,NO,Baseline Kotlin literal inventory
,풀다운,,BodyweightEffectiveLoadCalculator,app/src/main/java/com/training/trackplanner/analysis/features/BodyweightEffectiveLoadCalculator.kt,102,PRODUCTION_UI,DIRECT_LITERAL_REQUIRES_RESOURCE,,NO,Baseline Kotlin literal inventory
,딥스,,BodyweightEffectiveLoadCalculator,app/src/main/java/com/training/trackplanner/analysis/features/BodyweightEffectiveLoadCalculator.kt,104,PRODUCTION_UI,DIRECT_LITERAL_REQUIRES_RESOURCE,,NO,Baseline Kotlin literal inventory
,인버티드 로우,,BodyweightEffectiveLoadCalculator,app/src/main/java/com/training/trackplanner/analysis/features/BodyweightEffectiveLoadCalculator.kt,106,PRODUCTION_UI,DIRECT_LITERAL_REQUIRES_RESOURCE,,NO,Baseline Kotlin literal inventory
,푸시업,,BodyweightEffectiveLoadCalculator,app/src/main/java/com/training/trackplanner/analysis/features/BodyweightEffectiveLoadCalculator.kt,112,PRODUCTION_UI,DIRECT_LITERAL_REQUIRES_RESOURCE,,NO,Baseline Kotlin literal inventory
,푸쉬업,,BodyweightEffectiveLoadCalculator,app/src/main/java/com/training/trackplanner/analysis/features/BodyweightEffectiveLoadCalculator.kt,112,PRODUCTION_UI,DIRECT_LITERAL_REQUIRES_RESOURCE,,NO,Baseline Kotlin literal inventory
,디클라인,,BodyweightEffectiveLoadCalculator,app/src/main/java/com/training/trackplanner/analysis/features/BodyweightEffectiveLoadCalculator.kt,122,PRODUCTION_UI,DIRECT_LITERAL_REQUIRES_RESOURCE,,NO,Baseline Kotlin literal inventory
,파이크,,BodyweightEffectiveLoadCalculator,app/src/main/java/com/training/trackplanner/analysis/features/BodyweightEffectiveLoadCalculator.kt,123,PRODUCTION_UI,DIRECT_LITERAL_REQUIRES_RESOURCE,,NO,Baseline Kotlin literal inventory
,인클라인,,BodyweightEffectiveLoadCalculator,app/src/main/java/com/training/trackplanner/analysis/features/BodyweightEffectiveLoadCalculator.kt,124,PRODUCTION_UI,DIRECT_LITERAL_REQUIRES_RESOURCE,,NO,Baseline Kotlin literal inventory
,성과,,AnalysisLabModels,app/src/main/java/com/training/trackplanner/analysis/lab/AnalysisLabModels.kt,19,PRODUCTION_UI,DIRECT_LITERAL_REQUIRES_RESOURCE,,NO,Baseline Kotlin literal inventory
,근력,,AnalysisLabModels,app/src/main/java/com/training/trackplanner/analysis/lab/AnalysisLabModels.kt,20,PRODUCTION_UI,DIRECT_LITERAL_REQUIRES_RESOURCE,,NO,Baseline Kotlin literal inventory
,배드민턴,,AnalysisLabModels,app/src/main/java/com/training/trackplanner/analysis/lab/AnalysisLabModels.kt,21,PRODUCTION_UI,DIRECT_LITERAL_REQUIRES_RESOURCE,,NO,Baseline Kotlin literal inventory
,피로/회복,,AnalysisLabModels,app/src/main/java/com/training/trackplanner/analysis/lab/AnalysisLabModels.kt,22,PRODUCTION_UI,DIRECT_LITERAL_REQUIRES_RESOURCE,,NO,Baseline Kotlin literal inventory
,배드민턴 전이,,AnalysisLabModels,app/src/main/java/com/training/trackplanner/analysis/lab/AnalysisLabModels.kt,23,PRODUCTION_UI,DIRECT_LITERAL_REQUIRES_RESOURCE,,NO,Baseline Kotlin literal inventory
,회복/컨디션,,AnalysisLabModels,app/src/main/java/com/training/trackplanner/analysis/lab/AnalysisLabModels.kt,24,PRODUCTION_UI,DIRECT_LITERAL_REQUIRES_RESOURCE,,NO,Baseline Kotlin literal inventory
,전체 운동량,,AnalysisLabModels,app/src/main/java/com/training/trackplanner/analysis/lab/AnalysisLabModels.kt,25,PRODUCTION_UI,DIRECT_LITERAL_REQUIRES_RESOURCE,,NO,Baseline Kotlin literal inventory
,근육군별 운동량,,AnalysisLabModels,app/src/main/java/com/training/trackplanner/analysis/lab/AnalysisLabModels.kt,26,PRODUCTION_UI,DIRECT_LITERAL_REQUIRES_RESOURCE,,NO,Baseline Kotlin literal inventory
,스매시 속도,,AnalysisLabModels,app/src/main/java/com/training/trackplanner/analysis/lab/AnalysisLabModels.kt,27,PRODUCTION_UI,DIRECT_LITERAL_REQUIRES_RESOURCE,,NO,Baseline Kotlin literal inventory
,파생 지표,,AnalysisLabModels,app/src/main/java/com/training/trackplanner/analysis/lab/AnalysisLabModels.kt,28,PRODUCTION_UI,DIRECT_LITERAL_REQUIRES_RESOURCE,,NO,Baseline Kotlin literal inventory
,근력운동 퍼포먼스,,AnalysisMetricRegistry,app/src/main/java/com/training/trackplanner/analysis/lab/AnalysisMetricRegistry.kt,8,PRODUCTION_UI,DIRECT_LITERAL_REQUIRES_RESOURCE,,NO,Baseline Kotlin literal inventory
,"강도, 수행량, 효율을 합친 주간 근력 지수",,AnalysisMetricRegistry,app/src/main/java/com/training/trackplanner/analysis/lab/AnalysisMetricRegistry.kt,8,PRODUCTION_UI,DIRECT_LITERAL_REQUIRES_RESOURCE,,NO,Baseline Kotlin literal inventory
,강도,,AnalysisMetricRegistry,app/src/main/java/com/training/trackplanner/analysis/lab/AnalysisMetricRegistry.kt,9,PRODUCTION_UI,DIRECT_LITERAL_REQUIRES_RESOURCE,,NO,Baseline Kotlin literal inventory
,주간 근력운동 강도 지수,,AnalysisMetricRegistry,app/src/main/java/com/training/trackplanner/analysis/lab/AnalysisMetricRegistry.kt,9,PRODUCTION_UI,DIRECT_LITERAL_REQUIRES_RESOURCE,,NO,Baseline Kotlin literal inventory
,수행량,,AnalysisMetricRegistry,app/src/main/java/com/training/trackplanner/analysis/lab/AnalysisMetricRegistry.kt,10,PRODUCTION_UI,DIRECT_LITERAL_REQUIRES_RESOURCE,,NO,Baseline Kotlin literal inventory
,주간 유효 근력운동 수행량,,AnalysisMetricRegistry,app/src/main/java/com/training/trackplanner/analysis/lab/AnalysisMetricRegistry.kt,10,PRODUCTION_UI,DIRECT_LITERAL_REQUIRES_RESOURCE,,NO,Baseline Kotlin literal inventory
,RPE 대비 운동량,,AnalysisMetricRegistry,app/src/main/java/com/training/trackplanner/analysis/lab/AnalysisMetricRegistry.kt,11,PRODUCTION_UI,DIRECT_LITERAL_REQUIRES_RESOURCE,,NO,Baseline Kotlin literal inventory
,자각 강도 대비 수행 효율,,AnalysisMetricRegistry,app/src/main/java/com/training/trackplanner/analysis/lab/AnalysisMetricRegistry.kt,11,PRODUCTION_UI,DIRECT_LITERAL_REQUIRES_RESOURCE,,NO,Baseline Kotlin literal inventory
,배드민턴 훈련량,,AnalysisMetricRegistry,app/src/main/java/com/training/trackplanner/analysis/lab/AnalysisMetricRegistry.kt,12,PRODUCTION_UI,DIRECT_LITERAL_REQUIRES_RESOURCE,,NO,Baseline Kotlin literal inventory
,"코트, 풋워크, 보조훈련을 합친 주간 지수",,AnalysisMetricRegistry,app/src/main/java/com/training/trackplanner/analysis/lab/AnalysisMetricRegistry.kt,12,PRODUCTION_UI,DIRECT_LITERAL_REQUIRES_RESOURCE,,NO,Baseline Kotlin literal inventory
,셔틀 플레이 시간,,AnalysisMetricRegistry,app/src/main/java/com/training/trackplanner/analysis/lab/AnalysisMetricRegistry.kt,13,PRODUCTION_UI,DIRECT_LITERAL_REQUIRES_RESOURCE,,NO,Baseline Kotlin literal inventory
,주간 코트 훈련량,,AnalysisMetricRegistry,app/src/main/java/com/training/trackplanner/analysis/lab/AnalysisMetricRegistry.kt,13,PRODUCTION_UI,DIRECT_LITERAL_REQUIRES_RESOURCE,,NO,Baseline Kotlin literal inventory
,풋워크/반응,,AnalysisMetricRegistry,app/src/main/java/com/training/trackplanner/analysis/lab/AnalysisMetricRegistry.kt,14,PRODUCTION_UI,DIRECT_LITERAL_REQUIRES_RESOURCE,,NO,Baseline Kotlin literal inventory
,주간 풋워크 및 반응 훈련량,,AnalysisMetricRegistry,app/src/main/java/com/training/trackplanner/analysis/lab/AnalysisMetricRegistry.kt,14,PRODUCTION_UI,DIRECT_LITERAL_REQUIRES_RESOURCE,,NO,Baseline Kotlin literal inventory
,보조훈련량,,AnalysisMetricRegistry,app/src/main/java/com/training/trackplanner/analysis/lab/AnalysisMetricRegistry.kt,15,PRODUCTION_UI,DIRECT_LITERAL_REQUIRES_RESOURCE,,NO,Baseline Kotlin literal inventory
,배드민턴 지원 목적의 주간 훈련량,,AnalysisMetricRegistry,app/src/main/java/com/training/trackplanner/analysis/lab/AnalysisMetricRegistry.kt,15,PRODUCTION_UI,DIRECT_LITERAL_REQUIRES_RESOURCE,,NO,Baseline Kotlin literal inventory
,이번 주 누적 부담,,AnalysisMetricRegistry,app/src/main/java/com/training/trackplanner/analysis/lab/AnalysisMetricRegistry.kt,16,PRODUCTION_UI,DIRECT_LITERAL_REQUIRES_RESOURCE,,NO,Baseline Kotlin literal inventory
,주간 canonical OFI 기반 누적 부담 지수,,AnalysisMetricRegistry,app/src/main/java/com/training/trackplanner/analysis/lab/AnalysisMetricRegistry.kt,16,PRODUCTION_UI,DIRECT_LITERAL_REQUIRES_RESOURCE,,NO,Baseline Kotlin literal inventory
,전신 부담,,AnalysisMetricRegistry,app/src/main/java/com/training/trackplanner/analysis/lab/AnalysisMetricRegistry.kt,17,PRODUCTION_UI,DIRECT_LITERAL_REQUIRES_RESOURCE,,NO,Baseline Kotlin literal inventory
,주간 전신성 피로 부담,,AnalysisMetricRegistry,app/src/main/java/com/training/trackplanner/analysis/lab/AnalysisMetricRegistry.kt,17,PRODUCTION_UI,DIRECT_LITERAL_REQUIRES_RESOURCE,,NO,Baseline Kotlin literal inventory
,근력운동 부담,,AnalysisMetricRegistry,app/src/main/java/com/training/trackplanner/analysis/lab/AnalysisMetricRegistry.kt,18,PRODUCTION_UI,DIRECT_LITERAL_REQUIRES_RESOURCE,,NO,Baseline Kotlin literal inventory
,근력운동에서 발생한 주간 피로 부담,,AnalysisMetricRegistry,app/src/main/java/com/training/trackplanner/analysis/lab/AnalysisMetricRegistry.kt,18,PRODUCTION_UI,DIRECT_LITERAL_REQUIRES_RESOURCE,,NO,Baseline Kotlin literal inventory
,배드민턴 부담,,AnalysisMetricRegistry,app/src/main/java/com/training/trackplanner/analysis/lab/AnalysisMetricRegistry.kt,19,PRODUCTION_UI,DIRECT_LITERAL_REQUIRES_RESOURCE,,NO,Baseline Kotlin literal inventory
,배드민턴 훈련에서 발생한 주간 피로 부담,,AnalysisMetricRegistry,app/src/main/java/com/training/trackplanner/analysis/lab/AnalysisMetricRegistry.kt,19,PRODUCTION_UI,DIRECT_LITERAL_REQUIRES_RESOURCE,,NO,Baseline Kotlin literal inventory
,국소/부위 부담,,AnalysisMetricRegistry,app/src/main/java/com/training/trackplanner/analysis/lab/AnalysisMetricRegistry.kt,20,PRODUCTION_UI,DIRECT_LITERAL_REQUIRES_RESOURCE,,NO,Baseline Kotlin literal inventory
,가장 높은 국소 부위의 주간 부담,,AnalysisMetricRegistry,app/src/main/java/com/training/trackplanner/analysis/lab/AnalysisMetricRegistry.kt,20,PRODUCTION_UI,DIRECT_LITERAL_REQUIRES_RESOURCE,,NO,Baseline Kotlin literal inventory
,회복/수행 보정,,AnalysisMetricRegistry,app/src/main/java/com/training/trackplanner/analysis/lab/AnalysisMetricRegistry.kt,21,PRODUCTION_UI,DIRECT_LITERAL_REQUIRES_RESOURCE,,NO,Baseline Kotlin literal inventory
,회복 상태와 수행 저하를 반영한 주간 지수,,AnalysisMetricRegistry,app/src/main/java/com/training/trackplanner/analysis/lab/AnalysisMetricRegistry.kt,21,PRODUCTION_UI,DIRECT_LITERAL_REQUIRES_RESOURCE,,NO,Baseline Kotlin literal inventory
,수면시간,,AnalysisMetricRegistry,app/src/main/java/com/training/trackplanner/analysis/lab/AnalysisMetricRegistry.kt,22,PRODUCTION_UI,DIRECT_LITERAL_REQUIRES_RESOURCE,,NO,Baseline Kotlin literal inventory
,체크인에 기록한 주간 평균 수면시간,,AnalysisMetricRegistry,app/src/main/java/com/training/trackplanner/analysis/lab/AnalysisMetricRegistry.kt,22,PRODUCTION_UI,DIRECT_LITERAL_REQUIRES_RESOURCE,,NO,Baseline Kotlin literal inventory
,시간,,AnalysisMetricRegistry,app/src/main/java/com/training/trackplanner/analysis/lab/AnalysisMetricRegistry.kt,22,PRODUCTION_UI,DIRECT_LITERAL_REQUIRES_RESOURCE,,NO,Baseline Kotlin literal inventory
,전신 피로 입력,,AnalysisMetricRegistry,app/src/main/java/com/training/trackplanner/analysis/lab/AnalysisMetricRegistry.kt,23,PRODUCTION_UI,DIRECT_LITERAL_REQUIRES_RESOURCE,,NO,Baseline Kotlin literal inventory
,주간 평균 전신 피로 체크인,,AnalysisMetricRegistry,app/src/main/java/com/training/trackplanner/analysis/lab/AnalysisMetricRegistry.kt,23,PRODUCTION_UI,DIRECT_LITERAL_REQUIRES_RESOURCE,,NO,Baseline Kotlin literal inventory
,하체 피로 입력,,AnalysisMetricRegistry,app/src/main/java/com/training/trackplanner/analysis/lab/AnalysisMetricRegistry.kt,24,PRODUCTION_UI,DIRECT_LITERAL_REQUIRES_RESOURCE,,NO,Baseline Kotlin literal inventory
,주간 평균 하체 피로 체크인,,AnalysisMetricRegistry,app/src/main/java/com/training/trackplanner/analysis/lab/AnalysisMetricRegistry.kt,24,PRODUCTION_UI,DIRECT_LITERAL_REQUIRES_RESOURCE,,NO,Baseline Kotlin literal inventory
,관절/건 불편감,,AnalysisMetricRegistry,app/src/main/java/com/training/trackplanner/analysis/lab/AnalysisMetricRegistry.kt,25,PRODUCTION_UI,DIRECT_LITERAL_REQUIRES_RESOURCE,,NO,Baseline Kotlin literal inventory
,주간 평균 관절/건 불편감 체크인,,AnalysisMetricRegistry,app/src/main/java/com/training/trackplanner/analysis/lab/AnalysisMetricRegistry.kt,25,PRODUCTION_UI,DIRECT_LITERAL_REQUIRES_RESOURCE,,NO,Baseline Kotlin literal inventory
,집중력/의욕,,AnalysisMetricRegistry,app/src/main/java/com/training/trackplanner/analysis/lab/AnalysisMetricRegistry.kt,26,PRODUCTION_UI,DIRECT_LITERAL_REQUIRES_RESOURCE,,NO,Baseline Kotlin literal inventory
,주간 평균 집중력/의욕 체크인,,AnalysisMetricRegistry,app/src/main/java/com/training/trackplanner/analysis/lab/AnalysisMetricRegistry.kt,26,PRODUCTION_UI,DIRECT_LITERAL_REQUIRES_RESOURCE,,NO,Baseline Kotlin literal inventory
,회복 체크인 종합,,AnalysisMetricRegistry,app/src/main/java/com/training/trackplanner/analysis/lab/AnalysisMetricRegistry.kt,27,PRODUCTION_UI,DIRECT_LITERAL_REQUIRES_RESOURCE,,NO,Baseline Kotlin literal inventory
,수면과 주관적 체크인을 좋은 방향으로 정렬한 주간 종합값,,AnalysisMetricRegistry,app/src/main/java/com/training/trackplanner/analysis/lab/AnalysisMetricRegistry.kt,27,PRODUCTION_UI,DIRECT_LITERAL_REQUIRES_RESOURCE,,NO,Baseline Kotlin literal inventory
,스매시 Top3 평균 속도,,AnalysisMetricRegistry,app/src/main/java/com/training/trackplanner/analysis/lab/AnalysisMetricRegistry.kt,28,PRODUCTION_UI,DIRECT_LITERAL_REQUIRES_RESOURCE,,NO,Baseline Kotlin literal inventory
,주간 스매시 속도 상위 3회 평균,,AnalysisMetricRegistry,app/src/main/java/com/training/trackplanner/analysis/lab/AnalysisMetricRegistry.kt,28,PRODUCTION_UI,DIRECT_LITERAL_REQUIRES_RESOURCE,,NO,Baseline Kotlin literal inventory
,스매시 최고 속도,,AnalysisMetricRegistry,app/src/main/java/com/training/trackplanner/analysis/lab/AnalysisMetricRegistry.kt,29,PRODUCTION_UI,DIRECT_LITERAL_REQUIRES_RESOURCE,,NO,Baseline Kotlin literal inventory
,주간 스매시 최고 속도,,AnalysisMetricRegistry,app/src/main/java/com/training/trackplanner/analysis/lab/AnalysisMetricRegistry.kt,29,PRODUCTION_UI,DIRECT_LITERAL_REQUIRES_RESOURCE,,NO,Baseline Kotlin literal inventory
,스매시 평균 속도,,AnalysisMetricRegistry,app/src/main/java/com/training/trackplanner/analysis/lab/AnalysisMetricRegistry.kt,30,PRODUCTION_UI,DIRECT_LITERAL_REQUIRES_RESOURCE,,NO,Baseline Kotlin literal inventory
,주간 스매시 평균 속도,,AnalysisMetricRegistry,app/src/main/java/com/training/trackplanner/analysis/lab/AnalysisMetricRegistry.kt,30,PRODUCTION_UI,DIRECT_LITERAL_REQUIRES_RESOURCE,,NO,Baseline Kotlin literal inventory
,스매시 속도 시도 수,,AnalysisMetricRegistry,app/src/main/java/com/training/trackplanner/analysis/lab/AnalysisMetricRegistry.kt,31,PRODUCTION_UI,DIRECT_LITERAL_REQUIRES_RESOURCE,,NO,Baseline Kotlin literal inventory
,주간 스매시 속도 기록 횟수,,AnalysisMetricRegistry,app/src/main/java/com/training/trackplanner/analysis/lab/AnalysisMetricRegistry.kt,31,PRODUCTION_UI,DIRECT_LITERAL_REQUIRES_RESOURCE,,NO,Baseline Kotlin literal inventory
,회,,AnalysisMetricRegistry,app/src/main/java/com/training/trackplanner/analysis/lab/AnalysisMetricRegistry.kt,31,PRODUCTION_UI,DIRECT_LITERAL_REQUIRES_RESOURCE,,NO,Baseline Kotlin literal inventory
,벤치프레스 posterior 중앙값,,AnalysisMetricRegistry,app/src/main/java/com/training/trackplanner/analysis/lab/AnalysisMetricRegistry.kt,32,PRODUCTION_UI,DIRECT_LITERAL_REQUIRES_RESOURCE,,NO,Baseline Kotlin literal inventory
,해당 주 마지막 저장 시점의 벤치프레스 수행능력 사후분포 중앙값,,AnalysisMetricRegistry,app/src/main/java/com/training/trackplanner/analysis/lab/AnalysisMetricRegistry.kt,32,PRODUCTION_UI,DIRECT_LITERAL_REQUIRES_RESOURCE,,NO,Baseline Kotlin literal inventory
,스쿼트 posterior 중앙값,,AnalysisMetricRegistry,app/src/main/java/com/training/trackplanner/analysis/lab/AnalysisMetricRegistry.kt,33,PRODUCTION_UI,DIRECT_LITERAL_REQUIRES_RESOURCE,,NO,Baseline Kotlin literal inventory
,해당 주 마지막 저장 시점의 스쿼트 수행능력 사후분포 중앙값,,AnalysisMetricRegistry,app/src/main/java/com/training/trackplanner/analysis/lab/AnalysisMetricRegistry.kt,33,PRODUCTION_UI,DIRECT_LITERAL_REQUIRES_RESOURCE,,NO,Baseline Kotlin literal inventory
,데드리프트 posterior 중앙값,,AnalysisMetricRegistry,app/src/main/java/com/training/trackplanner/analysis/lab/AnalysisMetricRegistry.kt,34,PRODUCTION_UI,DIRECT_LITERAL_REQUIRES_RESOURCE,,NO,Baseline Kotlin literal inventory
,해당 주 마지막 저장 시점의 데드리프트 수행능력 사후분포 중앙값,,AnalysisMetricRegistry,app/src/main/java/com/training/trackplanner/analysis/lab/AnalysisMetricRegistry.kt,34,PRODUCTION_UI,DIRECT_LITERAL_REQUIRES_RESOURCE,,NO,Baseline Kotlin literal inventory
,다음 근력 변화,,AnalysisMetricRegistry,app/src/main/java/com/training/trackplanner/analysis/lab/AnalysisMetricRegistry.kt,35,PRODUCTION_UI,DIRECT_LITERAL_REQUIRES_RESOURCE,,NO,Baseline Kotlin literal inventory
,다음 주 근력 지수의 변화량,,AnalysisMetricRegistry,app/src/main/java/com/training/trackplanner/analysis/lab/AnalysisMetricRegistry.kt,35,PRODUCTION_UI,DIRECT_LITERAL_REQUIRES_RESOURCE,,NO,Baseline Kotlin literal inventory
,다음 피로 변화,,AnalysisMetricRegistry,app/src/main/java/com/training/trackplanner/analysis/lab/AnalysisMetricRegistry.kt,36,PRODUCTION_UI,DIRECT_LITERAL_REQUIRES_RESOURCE,,NO,Baseline Kotlin literal inventory
,다음 주 피로 지수의 변화량,,AnalysisMetricRegistry,app/src/main/java/com/training/trackplanner/analysis/lab/AnalysisMetricRegistry.kt,36,PRODUCTION_UI,DIRECT_LITERAL_REQUIRES_RESOURCE,,NO,Baseline Kotlin literal inventory
,지수,,AnalysisMetricRegistry,app/src/main/java/com/training/trackplanner/analysis/lab/AnalysisMetricRegistry.kt,101,PRODUCTION_UI,DIRECT_LITERAL_REQUIRES_RESOURCE,,NO,Baseline Kotlin literal inventory
,주간 ${bucket.label} 운동량,,AnalysisMetricRegistry,app/src/main/java/com/training/trackplanner/analysis/lab/AnalysisMetricRegistry.kt,121,PRODUCTION_UI,DIRECT_LITERAL_REQUIRES_RESOURCE,${},NO,Baseline Kotlin literal inventory
,${bucket.label} 주간 운동량 지수,,AnalysisMetricRegistry,app/src/main/java/com/training/trackplanner/analysis/lab/AnalysisMetricRegistry.kt,122,PRODUCTION_UI,DIRECT_LITERAL_REQUIRES_RESOURCE,${},NO,Baseline Kotlin literal inventory
,운동량 지수,,AnalysisMetricRegistry,app/src/main/java/com/training/trackplanner/analysis/lab/AnalysisMetricRegistry.kt,125,PRODUCTION_UI,DIRECT_LITERAL_REQUIRES_RESOURCE,,NO,Baseline Kotlin literal inventory
,주간 ${bucket.label} 최근 3일 운동량,,AnalysisMetricRegistry,app/src/main/java/com/training/trackplanner/analysis/lab/AnalysisMetricRegistry.kt,129,PRODUCTION_UI,DIRECT_LITERAL_REQUIRES_RESOURCE,${},NO,Baseline Kotlin literal inventory
,${bucket.label} 주간 최근 3일 누적 운동량 지수,,AnalysisMetricRegistry,app/src/main/java/com/training/trackplanner/analysis/lab/AnalysisMetricRegistry.kt,130,PRODUCTION_UI,DIRECT_LITERAL_REQUIRES_RESOURCE,${},NO,Baseline Kotlin literal inventory
,운동량 지수,,AnalysisMetricRegistry,app/src/main/java/com/training/trackplanner/analysis/lab/AnalysisMetricRegistry.kt,133,PRODUCTION_UI,DIRECT_LITERAL_REQUIRES_RESOURCE,,NO,Baseline Kotlin literal inventory
,주간 ${bucket.label} 최근 7일 운동량,,AnalysisMetricRegistry,app/src/main/java/com/training/trackplanner/analysis/lab/AnalysisMetricRegistry.kt,137,PRODUCTION_UI,DIRECT_LITERAL_REQUIRES_RESOURCE,${},NO,Baseline Kotlin literal inventory
,${bucket.label} 주간 최근 7일 누적 운동량 지수,,AnalysisMetricRegistry,app/src/main/java/com/training/trackplanner/analysis/lab/AnalysisMetricRegistry.kt,138,PRODUCTION_UI,DIRECT_LITERAL_REQUIRES_RESOURCE,${},NO,Baseline Kotlin literal inventory
,운동량 지수,,AnalysisMetricRegistry,app/src/main/java/com/training/trackplanner/analysis/lab/AnalysisMetricRegistry.kt,141,PRODUCTION_UI,DIRECT_LITERAL_REQUIRES_RESOURCE,,NO,Baseline Kotlin literal inventory
,가슴,,MuscleBucketSelection,app/src/main/java/com/training/trackplanner/analysis/lab/MuscleBucketSelection.kt,11,PRODUCTION_UI,DIRECT_LITERAL_REQUIRES_RESOURCE,,NO,Baseline Kotlin literal inventory
,어깨,,MuscleBucketSelection,app/src/main/java/com/training/trackplanner/analysis/lab/MuscleBucketSelection.kt,12,PRODUCTION_UI,DIRECT_LITERAL_REQUIRES_RESOURCE,,NO,Baseline Kotlin literal inventory
,팔,,MuscleBucketSelection,app/src/main/java/com/training/trackplanner/analysis/lab/MuscleBucketSelection.kt,13,PRODUCTION_UI,DIRECT_LITERAL_REQUIRES_RESOURCE,,NO,Baseline Kotlin literal inventory
,복근/코어,,MuscleBucketSelection,app/src/main/java/com/training/trackplanner/analysis/lab/MuscleBucketSelection.kt,14,PRODUCTION_UI,DIRECT_LITERAL_REQUIRES_RESOURCE,,NO,Baseline Kotlin literal inventory
,등,,MuscleBucketSelection,app/src/main/java/com/training/trackplanner/analysis/lab/MuscleBucketSelection.kt,15,PRODUCTION_UI,DIRECT_LITERAL_REQUIRES_RESOURCE,,NO,Baseline Kotlin literal inventory
,하체,,MuscleBucketSelection,app/src/main/java/com/training/trackplanner/analysis/lab/MuscleBucketSelection.kt,16,PRODUCTION_UI,DIRECT_LITERAL_REQUIRES_RESOURCE,,NO,Baseline Kotlin literal inventory
,둔근/햄스트링,,MuscleBucketSelection,app/src/main/java/com/training/trackplanner/analysis/lab/MuscleBucketSelection.kt,17,PRODUCTION_UI,DIRECT_LITERAL_REQUIRES_RESOURCE,,NO,Baseline Kotlin literal inventory
,종아리/아킬레스,,MuscleBucketSelection,app/src/main/java/com/training/trackplanner/analysis/lab/MuscleBucketSelection.kt,18,PRODUCTION_UI,DIRECT_LITERAL_REQUIRES_RESOURCE,,NO,Baseline Kotlin literal inventory
,기본 근육군 선택,,MuscleBucketSelection,app/src/main/java/com/training/trackplanner/analysis/lab/MuscleBucketSelection.kt,47,PRODUCTION_UI,DIRECT_LITERAL_REQUIRES_RESOURCE,,NO,Baseline Kotlin literal inventory
, 선택됨,,MuscleBucketSelection,app/src/main/java/com/training/trackplanner/analysis/lab/MuscleBucketSelection.kt,49,PRODUCTION_UI,DIRECT_LITERAL_REQUIRES_RESOURCE,,NO,Baseline Kotlin literal inventory
, 외 ${labels.size - 3}개 선택됨,,MuscleBucketSelection,app/src/main/java/com/training/trackplanner/analysis/lab/MuscleBucketSelection.kt,51,PRODUCTION_UI,DIRECT_LITERAL_REQUIRES_RESOURCE,${},NO,Baseline Kotlin literal inventory
,스쿼트,,MuscleLoadInputBuilder,app/src/main/java/com/training/trackplanner/analysis/lab/MuscleLoadInputBuilder.kt,18,PRODUCTION_UI,DIRECT_LITERAL_REQUIRES_RESOURCE,,NO,Baseline Kotlin literal inventory
,런지,,MuscleLoadInputBuilder,app/src/main/java/com/training/trackplanner/analysis/lab/MuscleLoadInputBuilder.kt,19,PRODUCTION_UI,DIRECT_LITERAL_REQUIRES_RESOURCE,,NO,Baseline Kotlin literal inventory
,레그 프레스,,MuscleLoadInputBuilder,app/src/main/java/com/training/trackplanner/analysis/lab/MuscleLoadInputBuilder.kt,19,PRODUCTION_UI,DIRECT_LITERAL_REQUIRES_RESOURCE,,NO,Baseline Kotlin literal inventory
,스플릿,,MuscleLoadInputBuilder,app/src/main/java/com/training/trackplanner/analysis/lab/MuscleLoadInputBuilder.kt,19,NON_DISPLAY_IDENTIFIER,NON_DISPLAY_IDENTIFIER,,NO,Baseline Kotlin literal inventory
,불가리안,,MuscleLoadInputBuilder,app/src/main/java/com/training/trackplanner/analysis/lab/MuscleLoadInputBuilder.kt,19,NON_DISPLAY_IDENTIFIER,NON_DISPLAY_IDENTIFIER,,NO,Baseline Kotlin literal inventory
,점프,,MuscleLoadInputBuilder,app/src/main/java/com/training/trackplanner/analysis/lab/MuscleLoadInputBuilder.kt,19,NON_DISPLAY_IDENTIFIER,NON_DISPLAY_IDENTIFIER,,NO,Baseline Kotlin literal inventory
,고블릿,,MuscleLoadInputBuilder,app/src/main/java/com/training/trackplanner/analysis/lab/MuscleLoadInputBuilder.kt,19,NON_DISPLAY_IDENTIFIER,NON_DISPLAY_IDENTIFIER,,NO,Baseline Kotlin literal inventory
,프론트,,MuscleLoadInputBuilder,app/src/main/java/com/training/trackplanner/analysis/lab/MuscleLoadInputBuilder.kt,19,NON_DISPLAY_IDENTIFIER,NON_DISPLAY_IDENTIFIER,,NO,Baseline Kotlin literal inventory
,벤치프레스,,MuscleLoadInputBuilder,app/src/main/java/com/training/trackplanner/analysis/lab/MuscleLoadInputBuilder.kt,31,PRODUCTION_UI,DIRECT_LITERAL_REQUIRES_RESOURCE,,NO,Baseline Kotlin literal inventory
,벤치 프레스,,MuscleLoadInputBuilder,app/src/main/java/com/training/trackplanner/analysis/lab/MuscleLoadInputBuilder.kt,31,PRODUCTION_UI,DIRECT_LITERAL_REQUIRES_RESOURCE,,NO,Baseline Kotlin literal inventory
,덤벨,,MuscleLoadInputBuilder,app/src/main/java/com/training/trackplanner/analysis/lab/MuscleLoadInputBuilder.kt,32,PRODUCTION_UI,DIRECT_LITERAL_REQUIRES_RESOURCE,,NO,Baseline Kotlin literal inventory
,인클라인,,MuscleLoadInputBuilder,app/src/main/java/com/training/trackplanner/analysis/lab/MuscleLoadInputBuilder.kt,32,NON_DISPLAY_IDENTIFIER,NON_DISPLAY_IDENTIFIER,,NO,Baseline Kotlin literal inventory
,디클라인,,MuscleLoadInputBuilder,app/src/main/java/com/training/trackplanner/analysis/lab/MuscleLoadInputBuilder.kt,32,NON_DISPLAY_IDENTIFIER,NON_DISPLAY_IDENTIFIER,,NO,Baseline Kotlin literal inventory
,클로즈,,MuscleLoadInputBuilder,app/src/main/java/com/training/trackplanner/analysis/lab/MuscleLoadInputBuilder.kt,32,NON_DISPLAY_IDENTIFIER,NON_DISPLAY_IDENTIFIER,,NO,Baseline Kotlin literal inventory
,플로어,,MuscleLoadInputBuilder,app/src/main/java/com/training/trackplanner/analysis/lab/MuscleLoadInputBuilder.kt,32,NON_DISPLAY_IDENTIFIER,NON_DISPLAY_IDENTIFIER,,NO,Baseline Kotlin literal inventory
,플라이,,MuscleLoadInputBuilder,app/src/main/java/com/training/trackplanner/analysis/lab/MuscleLoadInputBuilder.kt,32,NON_DISPLAY_IDENTIFIER,NON_DISPLAY_IDENTIFIER,,NO,Baseline Kotlin literal inventory
,데드리프트,,MuscleLoadInputBuilder,app/src/main/java/com/training/trackplanner/analysis/lab/MuscleLoadInputBuilder.kt,44,PRODUCTION_UI,DIRECT_LITERAL_REQUIRES_RESOURCE,,NO,Baseline Kotlin literal inventory
,루마니안,,MuscleLoadInputBuilder,app/src/main/java/com/training/trackplanner/analysis/lab/MuscleLoadInputBuilder.kt,45,PRODUCTION_UI,DIRECT_LITERAL_REQUIRES_RESOURCE,,NO,Baseline Kotlin literal inventory
,스티프,,MuscleLoadInputBuilder,app/src/main/java/com/training/trackplanner/analysis/lab/MuscleLoadInputBuilder.kt,45,PRODUCTION_UI,DIRECT_LITERAL_REQUIRES_RESOURCE,,NO,Baseline Kotlin literal inventory
,굿모닝,,MuscleLoadInputBuilder,app/src/main/java/com/training/trackplanner/analysis/lab/MuscleLoadInputBuilder.kt,45,PRODUCTION_UI,DIRECT_LITERAL_REQUIRES_RESOURCE,,NO,Baseline Kotlin literal inventory
,스윙,,MuscleLoadInputBuilder,app/src/main/java/com/training/trackplanner/analysis/lab/MuscleLoadInputBuilder.kt,45,PRODUCTION_UI,DIRECT_LITERAL_REQUIRES_RESOURCE,,NO,Baseline Kotlin literal inventory
,벤치,,MuscleLoadInputBuilder,app/src/main/java/com/training/trackplanner/analysis/lab/MuscleLoadInputBuilder.kt,117,PRODUCTION_UI,DIRECT_LITERAL_REQUIRES_RESOURCE,,NO,Baseline Kotlin literal inventory
,풀업,,MuscleLoadInputBuilder,app/src/main/java/com/training/trackplanner/analysis/lab/MuscleLoadInputBuilder.kt,122,PRODUCTION_UI,DIRECT_LITERAL_REQUIRES_RESOURCE,,NO,Baseline Kotlin literal inventory
,턱걸이,,MuscleLoadInputBuilder,app/src/main/java/com/training/trackplanner/analysis/lab/MuscleLoadInputBuilder.kt,122,PRODUCTION_UI,DIRECT_LITERAL_REQUIRES_RESOURCE,,NO,Baseline Kotlin literal inventory
,로우,,MuscleLoadInputBuilder,app/src/main/java/com/training/trackplanner/analysis/lab/MuscleLoadInputBuilder.kt,127,PRODUCTION_UI,DIRECT_LITERAL_REQUIRES_RESOURCE,,NO,Baseline Kotlin literal inventory
,숄더,,MuscleLoadInputBuilder,app/src/main/java/com/training/trackplanner/analysis/lab/MuscleLoadInputBuilder.kt,132,PRODUCTION_UI,DIRECT_LITERAL_REQUIRES_RESOURCE,,NO,Baseline Kotlin literal inventory
,오버헤드프레스,,MuscleLoadInputBuilder,app/src/main/java/com/training/trackplanner/analysis/lab/MuscleLoadInputBuilder.kt,133,PRODUCTION_UI,DIRECT_LITERAL_REQUIRES_RESOURCE,,NO,Baseline Kotlin literal inventory
,팔로프,,MuscleLoadInputBuilder,app/src/main/java/com/training/trackplanner/analysis/lab/MuscleLoadInputBuilder.kt,138,PRODUCTION_UI,DIRECT_LITERAL_REQUIRES_RESOURCE,,NO,Baseline Kotlin literal inventory
,트위스트,,MuscleLoadInputBuilder,app/src/main/java/com/training/trackplanner/analysis/lab/MuscleLoadInputBuilder.kt,142,PRODUCTION_UI,DIRECT_LITERAL_REQUIRES_RESOURCE,,NO,Baseline Kotlin literal inventory
,대퇴사두,,StrengthAndMuscleMetricSeriesBuilder,app/src/main/java/com/training/trackplanner/analysis/lab/StrengthAndMuscleMetricSeriesBuilder.kt,148,PRODUCTION_UI,DIRECT_LITERAL_REQUIRES_RESOURCE,,NO,Baseline Kotlin literal inventory
,햄스트링,,StrengthAndMuscleMetricSeriesBuilder,app/src/main/java/com/training/trackplanner/analysis/lab/StrengthAndMuscleMetricSeriesBuilder.kt,149,PRODUCTION_UI,DIRECT_LITERAL_REQUIRES_RESOURCE,,NO,Baseline Kotlin literal inventory
,둔근,,StrengthAndMuscleMetricSeriesBuilder,app/src/main/java/com/training/trackplanner/analysis/lab/StrengthAndMuscleMetricSeriesBuilder.kt,150,PRODUCTION_UI,DIRECT_LITERAL_REQUIRES_RESOURCE,,NO,Baseline Kotlin literal inventory
,종아리,,StrengthAndMuscleMetricSeriesBuilder,app/src/main/java/com/training/trackplanner/analysis/lab/StrengthAndMuscleMetricSeriesBuilder.kt,151,PRODUCTION_UI,DIRECT_LITERAL_REQUIRES_RESOURCE,,NO,Baseline Kotlin literal inventory
,내전근/외전근,,StrengthAndMuscleMetricSeriesBuilder,app/src/main/java/com/training/trackplanner/analysis/lab/StrengthAndMuscleMetricSeriesBuilder.kt,152,PRODUCTION_UI,DIRECT_LITERAL_REQUIRES_RESOURCE,,NO,Baseline Kotlin literal inventory
,후면사슬/척추기립근,,StrengthAndMuscleMetricSeriesBuilder,app/src/main/java/com/training/trackplanner/analysis/lab/StrengthAndMuscleMetricSeriesBuilder.kt,153,PRODUCTION_UI,DIRECT_LITERAL_REQUIRES_RESOURCE,,NO,Baseline Kotlin literal inventory
,가슴,,StrengthAndMuscleMetricSeriesBuilder,app/src/main/java/com/training/trackplanner/analysis/lab/StrengthAndMuscleMetricSeriesBuilder.kt,154,PRODUCTION_UI,DIRECT_LITERAL_REQUIRES_RESOURCE,,NO,Baseline Kotlin literal inventory
,등/광배,,StrengthAndMuscleMetricSeriesBuilder,app/src/main/java/com/training/trackplanner/analysis/lab/StrengthAndMuscleMetricSeriesBuilder.kt,155,PRODUCTION_UI,DIRECT_LITERAL_REQUIRES_RESOURCE,,NO,Baseline Kotlin literal inventory
,어깨,,StrengthAndMuscleMetricSeriesBuilder,app/src/main/java/com/training/trackplanner/analysis/lab/StrengthAndMuscleMetricSeriesBuilder.kt,156,PRODUCTION_UI,DIRECT_LITERAL_REQUIRES_RESOURCE,,NO,Baseline Kotlin literal inventory
,이두,,StrengthAndMuscleMetricSeriesBuilder,app/src/main/java/com/training/trackplanner/analysis/lab/StrengthAndMuscleMetricSeriesBuilder.kt,157,PRODUCTION_UI,DIRECT_LITERAL_REQUIRES_RESOURCE,,NO,Baseline Kotlin literal inventory
,삼두,,StrengthAndMuscleMetricSeriesBuilder,app/src/main/java/com/training/trackplanner/analysis/lab/StrengthAndMuscleMetricSeriesBuilder.kt,158,PRODUCTION_UI,DIRECT_LITERAL_REQUIRES_RESOURCE,,NO,Baseline Kotlin literal inventory
,전완/그립,,StrengthAndMuscleMetricSeriesBuilder,app/src/main/java/com/training/trackplanner/analysis/lab/StrengthAndMuscleMetricSeriesBuilder.kt,159,PRODUCTION_UI,DIRECT_LITERAL_REQUIRES_RESOURCE,,NO,Baseline Kotlin literal inventory
,복근/전면코어,,StrengthAndMuscleMetricSeriesBuilder,app/src/main/java/com/training/trackplanner/analysis/lab/StrengthAndMuscleMetricSeriesBuilder.kt,160,PRODUCTION_UI,DIRECT_LITERAL_REQUIRES_RESOURCE,,NO,Baseline Kotlin literal inventory
,측면코어,,StrengthAndMuscleMetricSeriesBuilder,app/src/main/java/com/training/trackplanner/analysis/lab/StrengthAndMuscleMetricSeriesBuilder.kt,161,PRODUCTION_UI,DIRECT_LITERAL_REQUIRES_RESOURCE,,NO,Baseline Kotlin literal inventory
,항회전/회전코어,,StrengthAndMuscleMetricSeriesBuilder,app/src/main/java/com/training/trackplanner/analysis/lab/StrengthAndMuscleMetricSeriesBuilder.kt,162,PRODUCTION_UI,DIRECT_LITERAL_REQUIRES_RESOURCE,,NO,Baseline Kotlin literal inventory
,벤치프레스,,ProxyPerformanceModels,app/src/main/java/com/training/trackplanner/analysis/proxyperformance/ProxyPerformanceModels.kt,6,PRODUCTION_UI,DIRECT_LITERAL_REQUIRES_RESOURCE,,NO,Baseline Kotlin literal inventory
,스쿼트,,ProxyPerformanceModels,app/src/main/java/com/training/trackplanner/analysis/proxyperformance/ProxyPerformanceModels.kt,7,PRODUCTION_UI,DIRECT_LITERAL_REQUIRES_RESOURCE,,NO,Baseline Kotlin literal inventory
,데드리프트,,ProxyPerformanceModels,app/src/main/java/com/training/trackplanner/analysis/proxyperformance/ProxyPerformanceModels.kt,8,PRODUCTION_UI,DIRECT_LITERAL_REQUIRES_RESOURCE,,NO,Baseline Kotlin literal inventory
,기록이 더 쌓이면 개인 기준선 판단이 안정됩니다.,,AdaptiveBaselineCalculator,app/src/main/java/com/training/trackplanner/analysis/readiness/AdaptiveBaselineCalculator.kt,91,PRODUCTION_UI,DIRECT_LITERAL_REQUIRES_RESOURCE,,NO,Baseline Kotlin literal inventory
,최근 안정적으로 소화한 유형은 기준선을 약간 높게 적용합니다.,,AdaptiveBaselineCalculator,app/src/main/java/com/training/trackplanner/analysis/readiness/AdaptiveBaselineCalculator.kt,98,PRODUCTION_UI,DIRECT_LITERAL_REQUIRES_RESOURCE,,NO,Baseline Kotlin literal inventory
,회복 신호가 불안정한 유형은 기준선을 보수적으로 적용합니다.,,AdaptiveBaselineCalculator,app/src/main/java/com/training/trackplanner/analysis/readiness/AdaptiveBaselineCalculator.kt,105,PRODUCTION_UI,DIRECT_LITERAL_REQUIRES_RESOURCE,,NO,Baseline Kotlin literal inventory
,전신 피로,,FatigueDetailSectionBuilder,app/src/main/java/com/training/trackplanner/analysis/readiness/FatigueDetailSectionBuilder.kt,16,PRODUCTION_UI,DIRECT_LITERAL_REQUIRES_RESOURCE,,NO,Baseline Kotlin literal inventory
,고중량/힘 기반 신경계 피로,,FatigueDetailSectionBuilder,app/src/main/java/com/training/trackplanner/analysis/readiness/FatigueDetailSectionBuilder.kt,22,PRODUCTION_UI,DIRECT_LITERAL_REQUIRES_RESOURCE,,NO,Baseline Kotlin literal inventory
,고속 피로,,FatigueDetailSectionBuilder,app/src/main/java/com/training/trackplanner/analysis/readiness/FatigueDetailSectionBuilder.kt,28,PRODUCTION_UI,DIRECT_LITERAL_REQUIRES_RESOURCE,,NO,Baseline Kotlin literal inventory
,배드민턴 코트 피로,,FatigueDetailSectionBuilder,app/src/main/java/com/training/trackplanner/analysis/readiness/FatigueDetailSectionBuilder.kt,35,PRODUCTION_UI,DIRECT_LITERAL_REQUIRES_RESOURCE,,NO,Baseline Kotlin literal inventory
,현재 부담은 낮게 잡힙니다.,,FatigueDetailSectionBuilder,app/src/main/java/com/training/trackplanner/analysis/readiness/FatigueDetailSectionBuilder.kt,57,PRODUCTION_UI,DIRECT_LITERAL_REQUIRES_RESOURCE,,NO,Baseline Kotlin literal inventory
,현재 부담은 평소 범위입니다.,,FatigueDetailSectionBuilder,app/src/main/java/com/training/trackplanner/analysis/readiness/FatigueDetailSectionBuilder.kt,58,PRODUCTION_UI,DIRECT_LITERAL_REQUIRES_RESOURCE,,NO,Baseline Kotlin literal inventory
,현재 부담이 약간 높습니다.,,FatigueDetailSectionBuilder,app/src/main/java/com/training/trackplanner/analysis/readiness/FatigueDetailSectionBuilder.kt,59,PRODUCTION_UI,DIRECT_LITERAL_REQUIRES_RESOURCE,,NO,Baseline Kotlin literal inventory
,현재 부담이 높게 잡힙니다.,,FatigueDetailSectionBuilder,app/src/main/java/com/training/trackplanner/analysis/readiness/FatigueDetailSectionBuilder.kt,60,PRODUCTION_UI,DIRECT_LITERAL_REQUIRES_RESOURCE,,NO,Baseline Kotlin literal inventory
,현재 부담이 크게 잡힙니다.,,FatigueDetailSectionBuilder,app/src/main/java/com/training/trackplanner/analysis/readiness/FatigueDetailSectionBuilder.kt,61,PRODUCTION_UI,DIRECT_LITERAL_REQUIRES_RESOURCE,,NO,Baseline Kotlin literal inventory
,오늘은 해당 영역을 낮춰 잡습니다.,,FatigueDetailSectionBuilder,app/src/main/java/com/training/trackplanner/analysis/readiness/FatigueDetailSectionBuilder.kt,62,PRODUCTION_UI,DIRECT_LITERAL_REQUIRES_RESOURCE,,NO,Baseline Kotlin literal inventory
,부위별 피로,,FatigueDetailSectionBuilder,app/src/main/java/com/training/trackplanner/analysis/readiness/FatigueDetailSectionBuilder.kt,77,PRODUCTION_UI,DIRECT_LITERAL_REQUIRES_RESOURCE,,NO,Baseline Kotlin literal inventory
,부위별 기록이 아직 적습니다.,,FatigueDetailSectionBuilder,app/src/main/java/com/training/trackplanner/analysis/readiness/FatigueDetailSectionBuilder.kt,80,PRODUCTION_UI,DIRECT_LITERAL_REQUIRES_RESOURCE,,NO,Baseline Kotlin literal inventory
,${bodyPartDisplayName(top.key)} 부담을 먼저 확인하세요.,,FatigueDetailSectionBuilder,app/src/main/java/com/training/trackplanner/analysis/readiness/FatigueDetailSectionBuilder.kt,82,PRODUCTION_UI,DIRECT_LITERAL_REQUIRES_RESOURCE,${},NO,Baseline Kotlin literal inventory
,기준선 대비,,FatigueDetailSectionBuilder,app/src/main/java/com/training/trackplanner/analysis/readiness/FatigueDetailSectionBuilder.kt,87,PRODUCTION_UI,DIRECT_LITERAL_REQUIRES_RESOURCE,,NO,Baseline Kotlin literal inventory
,${bodyPartDisplayName(item.key)} 고강도,,FatigueDetailSectionBuilder,app/src/main/java/com/training/trackplanner/analysis/readiness/FatigueDetailSectionBuilder.kt,93,PRODUCTION_UI,DIRECT_LITERAL_REQUIRES_RESOURCE,${},NO,Baseline Kotlin literal inventory
,회복 신호,,FatigueDetailSectionBuilder,app/src/main/java/com/training/trackplanner/analysis/readiness/FatigueDetailSectionBuilder.kt,100,PRODUCTION_UI,DIRECT_LITERAL_REQUIRES_RESOURCE,,NO,Baseline Kotlin literal inventory
,회복 입력은 큰 충돌이 없습니다.,,FatigueDetailSectionBuilder,app/src/main/java/com/training/trackplanner/analysis/readiness/FatigueDetailSectionBuilder.kt,102,PRODUCTION_UI,DIRECT_LITERAL_REQUIRES_RESOURCE,,NO,Baseline Kotlin literal inventory
,수면,,FatigueDetailSectionBuilder,app/src/main/java/com/training/trackplanner/analysis/readiness/FatigueDetailSectionBuilder.kt,104,PRODUCTION_UI,DIRECT_LITERAL_REQUIRES_RESOURCE,,NO,Baseline Kotlin literal inventory
,보정,,FatigueDetailSectionBuilder,app/src/main/java/com/training/trackplanner/analysis/readiness/FatigueDetailSectionBuilder.kt,105,PRODUCTION_UI,DIRECT_LITERAL_REQUIRES_RESOURCE,,NO,Baseline Kotlin literal inventory
,${recovery.recoveryPenalty}단계,,FatigueDetailSectionBuilder,app/src/main/java/com/training/trackplanner/analysis/readiness/FatigueDetailSectionBuilder.kt,105,PRODUCTION_UI,DIRECT_LITERAL_REQUIRES_RESOURCE,${},NO,Baseline Kotlin literal inventory
,신뢰도,,FatigueDetailSectionBuilder,app/src/main/java/com/training/trackplanner/analysis/readiness/FatigueDetailSectionBuilder.kt,106,PRODUCTION_UI,DIRECT_LITERAL_REQUIRES_RESOURCE,,NO,Baseline Kotlin literal inventory
,수행 저하 신호,,FatigueDetailSectionBuilder,app/src/main/java/com/training/trackplanner/analysis/readiness/FatigueDetailSectionBuilder.kt,115,PRODUCTION_UI,DIRECT_LITERAL_REQUIRES_RESOURCE,,NO,Baseline Kotlin literal inventory
,비교 가능한 저하 신호는 크지 않습니다.,,FatigueDetailSectionBuilder,app/src/main/java/com/training/trackplanner/analysis/readiness/FatigueDetailSectionBuilder.kt,117,PRODUCTION_UI,DIRECT_LITERAL_REQUIRES_RESOURCE,,NO,Baseline Kotlin literal inventory
,RPE 상승,,FatigueDetailSectionBuilder,app/src/main/java/com/training/trackplanner/analysis/readiness/FatigueDetailSectionBuilder.kt,119,PRODUCTION_UI,DIRECT_LITERAL_REQUIRES_RESOURCE,,NO,Baseline Kotlin literal inventory
,반복 감소,,FatigueDetailSectionBuilder,app/src/main/java/com/training/trackplanner/analysis/readiness/FatigueDetailSectionBuilder.kt,120,PRODUCTION_UI,DIRECT_LITERAL_REQUIRES_RESOURCE,,NO,Baseline Kotlin literal inventory
,e1RM 하락,,FatigueDetailSectionBuilder,app/src/main/java/com/training/trackplanner/analysis/readiness/FatigueDetailSectionBuilder.kt,121,PRODUCTION_UI,DIRECT_LITERAL_REQUIRES_RESOURCE,,NO,Baseline Kotlin literal inventory
,신뢰도,,FatigueDetailSectionBuilder,app/src/main/java/com/training/trackplanner/analysis/readiness/FatigueDetailSectionBuilder.kt,122,PRODUCTION_UI,DIRECT_LITERAL_REQUIRES_RESOURCE,,NO,Baseline Kotlin literal inventory
,불편감/제한 신호,,FatigueDetailSectionBuilder,app/src/main/java/com/training/trackplanner/analysis/readiness/FatigueDetailSectionBuilder.kt,131,PRODUCTION_UI,DIRECT_LITERAL_REQUIRES_RESOURCE,,NO,Baseline Kotlin literal inventory
,불편감 입력은 없습니다.,,FatigueDetailSectionBuilder,app/src/main/java/com/training/trackplanner/analysis/readiness/FatigueDetailSectionBuilder.kt,133,PRODUCTION_UI,DIRECT_LITERAL_REQUIRES_RESOURCE,,NO,Baseline Kotlin literal inventory
,게이트,,FatigueDetailSectionBuilder,app/src/main/java/com/training/trackplanner/analysis/readiness/FatigueDetailSectionBuilder.kt,135,PRODUCTION_UI,DIRECT_LITERAL_REQUIRES_RESOURCE,,NO,Baseline Kotlin literal inventory
,작동,,FatigueDetailSectionBuilder,app/src/main/java/com/training/trackplanner/analysis/readiness/FatigueDetailSectionBuilder.kt,135,PRODUCTION_UI,DIRECT_LITERAL_REQUIRES_RESOURCE,,NO,Baseline Kotlin literal inventory
,없음,,FatigueDetailSectionBuilder,app/src/main/java/com/training/trackplanner/analysis/readiness/FatigueDetailSectionBuilder.kt,135,PRODUCTION_UI,DIRECT_LITERAL_REQUIRES_RESOURCE,,NO,Baseline Kotlin literal inventory
,신뢰도,,FatigueDetailSectionBuilder,app/src/main/java/com/training/trackplanner/analysis/readiness/FatigueDetailSectionBuilder.kt,136,PRODUCTION_UI,DIRECT_LITERAL_REQUIRES_RESOURCE,,NO,Baseline Kotlin literal inventory
,개인화 기준선,,FatigueDetailSectionBuilder,app/src/main/java/com/training/trackplanner/analysis/readiness/FatigueDetailSectionBuilder.kt,148,PRODUCTION_UI,DIRECT_LITERAL_REQUIRES_RESOURCE,,NO,Baseline Kotlin literal inventory
,개인 기준선은 최근 기록으로 재계산됩니다.,,FatigueDetailSectionBuilder,app/src/main/java/com/training/trackplanner/analysis/readiness/FatigueDetailSectionBuilder.kt,156,PRODUCTION_UI,DIRECT_LITERAL_REQUIRES_RESOURCE,,NO,Baseline Kotlin literal inventory
,성공/실패,,FatigueDetailSectionBuilder,app/src/main/java/com/training/trackplanner/analysis/readiness/FatigueDetailSectionBuilder.kt,161,PRODUCTION_UI,DIRECT_LITERAL_REQUIRES_RESOURCE,,NO,Baseline Kotlin literal inventory
,기준선 대비,,FatigueDetailSectionBuilder,app/src/main/java/com/training/trackplanner/analysis/readiness/FatigueDetailSectionBuilder.kt,174,PRODUCTION_UI,DIRECT_LITERAL_REQUIRES_RESOURCE,,NO,Baseline Kotlin literal inventory
,최근 분위,,FatigueDetailSectionBuilder,app/src/main/java/com/training/trackplanner/analysis/readiness/FatigueDetailSectionBuilder.kt,175,PRODUCTION_UI,DIRECT_LITERAL_REQUIRES_RESOURCE,,NO,Baseline Kotlin literal inventory
,잔존 피로,,FatigueDetailSectionBuilder,app/src/main/java/com/training/trackplanner/analysis/readiness/FatigueDetailSectionBuilder.kt,176,PRODUCTION_UI,DIRECT_LITERAL_REQUIRES_RESOURCE,,NO,Baseline Kotlin literal inventory
,신뢰도,,FatigueDetailSectionBuilder,app/src/main/java/com/training/trackplanner/analysis/readiness/FatigueDetailSectionBuilder.kt,177,PRODUCTION_UI,DIRECT_LITERAL_REQUIRES_RESOURCE,,NO,Baseline Kotlin literal inventory
,고중량 하체,,FatigueDetailSectionBuilder,app/src/main/java/com/training/trackplanner/analysis/readiness/FatigueDetailSectionBuilder.kt,183,PRODUCTION_UI,DIRECT_LITERAL_REQUIRES_RESOURCE,,NO,Baseline Kotlin literal inventory
,실패근접 세트,,FatigueDetailSectionBuilder,app/src/main/java/com/training/trackplanner/analysis/readiness/FatigueDetailSectionBuilder.kt,183,PRODUCTION_UI,DIRECT_LITERAL_REQUIRES_RESOURCE,,NO,Baseline Kotlin literal inventory
,반응 드릴,,FatigueDetailSectionBuilder,app/src/main/java/com/training/trackplanner/analysis/readiness/FatigueDetailSectionBuilder.kt,184,PRODUCTION_UI,DIRECT_LITERAL_REQUIRES_RESOURCE,,NO,Baseline Kotlin literal inventory
,고속 풋워크,,FatigueDetailSectionBuilder,app/src/main/java/com/training/trackplanner/analysis/readiness/FatigueDetailSectionBuilder.kt,184,PRODUCTION_UI,DIRECT_LITERAL_REQUIRES_RESOURCE,,NO,Baseline Kotlin literal inventory
,방향전환,,FatigueDetailSectionBuilder,app/src/main/java/com/training/trackplanner/analysis/readiness/FatigueDetailSectionBuilder.kt,185,PRODUCTION_UI,DIRECT_LITERAL_REQUIRES_RESOURCE,,NO,Baseline Kotlin literal inventory
,홉 투 스틱,,FatigueDetailSectionBuilder,app/src/main/java/com/training/trackplanner/analysis/readiness/FatigueDetailSectionBuilder.kt,185,PRODUCTION_UI,DIRECT_LITERAL_REQUIRES_RESOURCE,,NO,Baseline Kotlin literal inventory
,홉/바운드/점프,,FatigueDetailSectionBuilder,app/src/main/java/com/training/trackplanner/analysis/readiness/FatigueDetailSectionBuilder.kt,186,PRODUCTION_UI,DIRECT_LITERAL_REQUIRES_RESOURCE,,NO,Baseline Kotlin literal inventory
,오버헤드 반복,,FatigueDetailSectionBuilder,app/src/main/java/com/training/trackplanner/analysis/readiness/FatigueDetailSectionBuilder.kt,187,PRODUCTION_UI,DIRECT_LITERAL_REQUIRES_RESOURCE,,NO,Baseline Kotlin literal inventory
,그립 고반복,,FatigueDetailSectionBuilder,app/src/main/java/com/training/trackplanner/analysis/readiness/FatigueDetailSectionBuilder.kt,188,PRODUCTION_UI,DIRECT_LITERAL_REQUIRES_RESOURCE,,NO,Baseline Kotlin literal inventory
,고강도 풋워크,,FatigueDetailSectionBuilder,app/src/main/java/com/training/trackplanner/analysis/readiness/FatigueDetailSectionBuilder.kt,189,PRODUCTION_UI,DIRECT_LITERAL_REQUIRES_RESOURCE,,NO,Baseline Kotlin literal inventory
,기록 부족,,FatigueDetailSectionBuilder,app/src/main/java/com/training/trackplanner/analysis/readiness/FatigueDetailSectionBuilder.kt,210,PRODUCTION_UI,DIRECT_LITERAL_REQUIRES_RESOURCE,,NO,Baseline Kotlin literal inventory
,기록 부족,,FatigueDetailSectionBuilder,app/src/main/java/com/training/trackplanner/analysis/readiness/FatigueDetailSectionBuilder.kt,213,PRODUCTION_UI,DIRECT_LITERAL_REQUIRES_RESOURCE,,NO,Baseline Kotlin literal inventory
,낮음,,FatigueDetailSectionBuilder,app/src/main/java/com/training/trackplanner/analysis/readiness/FatigueDetailSectionBuilder.kt,220,PRODUCTION_UI,DIRECT_LITERAL_REQUIRES_RESOURCE,,NO,Baseline Kotlin literal inventory
,보통,,FatigueDetailSectionBuilder,app/src/main/java/com/training/trackplanner/analysis/readiness/FatigueDetailSectionBuilder.kt,221,PRODUCTION_UI,DIRECT_LITERAL_REQUIRES_RESOURCE,,NO,Baseline Kotlin literal inventory
,약간 높음,,FatigueDetailSectionBuilder,app/src/main/java/com/training/trackplanner/analysis/readiness/FatigueDetailSectionBuilder.kt,222,PRODUCTION_UI,DIRECT_LITERAL_REQUIRES_RESOURCE,,NO,Baseline Kotlin literal inventory
,높음,,FatigueDetailSectionBuilder,app/src/main/java/com/training/trackplanner/analysis/readiness/FatigueDetailSectionBuilder.kt,223,PRODUCTION_UI,DIRECT_LITERAL_REQUIRES_RESOURCE,,NO,Baseline Kotlin literal inventory
,매우 높음,,FatigueDetailSectionBuilder,app/src/main/java/com/training/trackplanner/analysis/readiness/FatigueDetailSectionBuilder.kt,224,PRODUCTION_UI,DIRECT_LITERAL_REQUIRES_RESOURCE,,NO,Baseline Kotlin literal inventory
,조절,,FatigueDetailSectionBuilder,app/src/main/java/com/training/trackplanner/analysis/readiness/FatigueDetailSectionBuilder.kt,225,PRODUCTION_UI,DIRECT_LITERAL_REQUIRES_RESOURCE,,NO,Baseline Kotlin literal inventory
,낮음,,FatigueDetailSectionBuilder,app/src/main/java/com/training/trackplanner/analysis/readiness/FatigueDetailSectionBuilder.kt,230,PRODUCTION_UI,DIRECT_LITERAL_REQUIRES_RESOURCE,,NO,Baseline Kotlin literal inventory
,보통 이하,,FatigueDetailSectionBuilder,app/src/main/java/com/training/trackplanner/analysis/readiness/FatigueDetailSectionBuilder.kt,231,PRODUCTION_UI,DIRECT_LITERAL_REQUIRES_RESOURCE,,NO,Baseline Kotlin literal inventory
,보통,,FatigueDetailSectionBuilder,app/src/main/java/com/training/trackplanner/analysis/readiness/FatigueDetailSectionBuilder.kt,232,PRODUCTION_UI,DIRECT_LITERAL_REQUIRES_RESOURCE,,NO,Baseline Kotlin literal inventory
,높음,,FatigueDetailSectionBuilder,app/src/main/java/com/training/trackplanner/analysis/readiness/FatigueDetailSectionBuilder.kt,233,PRODUCTION_UI,DIRECT_LITERAL_REQUIRES_RESOURCE,,NO,Baseline Kotlin literal inventory
,있음,,FatigueDetailSectionBuilder,app/src/main/java/com/training/trackplanner/analysis/readiness/FatigueDetailSectionBuilder.kt,237,PRODUCTION_UI,DIRECT_LITERAL_REQUIRES_RESOURCE,,NO,Baseline Kotlin literal inventory
,없음,,FatigueDetailSectionBuilder,app/src/main/java/com/training/trackplanner/analysis/readiness/FatigueDetailSectionBuilder.kt,237,PRODUCTION_UI,DIRECT_LITERAL_REQUIRES_RESOURCE,,NO,Baseline Kotlin literal inventory
,대퇴사두,,FatigueDetailSectionBuilder,app/src/main/java/com/training/trackplanner/analysis/readiness/FatigueDetailSectionBuilder.kt,242,PRODUCTION_UI,DIRECT_LITERAL_REQUIRES_RESOURCE,,NO,Baseline Kotlin literal inventory
,햄스트링,,FatigueDetailSectionBuilder,app/src/main/java/com/training/trackplanner/analysis/readiness/FatigueDetailSectionBuilder.kt,243,PRODUCTION_UI,DIRECT_LITERAL_REQUIRES_RESOURCE,,NO,Baseline Kotlin literal inventory
,둔근,,FatigueDetailSectionBuilder,app/src/main/java/com/training/trackplanner/analysis/readiness/FatigueDetailSectionBuilder.kt,244,PRODUCTION_UI,DIRECT_LITERAL_REQUIRES_RESOURCE,,NO,Baseline Kotlin literal inventory
,종아리/아킬레스,,FatigueDetailSectionBuilder,app/src/main/java/com/training/trackplanner/analysis/readiness/FatigueDetailSectionBuilder.kt,245,PRODUCTION_UI,DIRECT_LITERAL_REQUIRES_RESOURCE,,NO,Baseline Kotlin literal inventory
,허리/기립근,,FatigueDetailSectionBuilder,app/src/main/java/com/training/trackplanner/analysis/readiness/FatigueDetailSectionBuilder.kt,246,PRODUCTION_UI,DIRECT_LITERAL_REQUIRES_RESOURCE,,NO,Baseline Kotlin literal inventory
,가슴,,FatigueDetailSectionBuilder,app/src/main/java/com/training/trackplanner/analysis/readiness/FatigueDetailSectionBuilder.kt,247,PRODUCTION_UI,DIRECT_LITERAL_REQUIRES_RESOURCE,,NO,Baseline Kotlin literal inventory
,등,,FatigueDetailSectionBuilder,app/src/main/java/com/training/trackplanner/analysis/readiness/FatigueDetailSectionBuilder.kt,248,PRODUCTION_UI,DIRECT_LITERAL_REQUIRES_RESOURCE,,NO,Baseline Kotlin literal inventory
,어깨,,FatigueDetailSectionBuilder,app/src/main/java/com/training/trackplanner/analysis/readiness/FatigueDetailSectionBuilder.kt,249,PRODUCTION_UI,DIRECT_LITERAL_REQUIRES_RESOURCE,,NO,Baseline Kotlin literal inventory
,회전근개,,FatigueDetailSectionBuilder,app/src/main/java/com/training/trackplanner/analysis/readiness/FatigueDetailSectionBuilder.kt,250,PRODUCTION_UI,DIRECT_LITERAL_REQUIRES_RESOURCE,,NO,Baseline Kotlin literal inventory
,팔꿈치 굴곡,,FatigueDetailSectionBuilder,app/src/main/java/com/training/trackplanner/analysis/readiness/FatigueDetailSectionBuilder.kt,251,PRODUCTION_UI,DIRECT_LITERAL_REQUIRES_RESOURCE,,NO,Baseline Kotlin literal inventory
,팔꿈치 신전,,FatigueDetailSectionBuilder,app/src/main/java/com/training/trackplanner/analysis/readiness/FatigueDetailSectionBuilder.kt,252,PRODUCTION_UI,DIRECT_LITERAL_REQUIRES_RESOURCE,,NO,Baseline Kotlin literal inventory
,전완/그립,,FatigueDetailSectionBuilder,app/src/main/java/com/training/trackplanner/analysis/readiness/FatigueDetailSectionBuilder.kt,253,PRODUCTION_UI,DIRECT_LITERAL_REQUIRES_RESOURCE,,NO,Baseline Kotlin literal inventory
,코어,,FatigueDetailSectionBuilder,app/src/main/java/com/training/trackplanner/analysis/readiness/FatigueDetailSectionBuilder.kt,254,PRODUCTION_UI,DIRECT_LITERAL_REQUIRES_RESOURCE,,NO,Baseline Kotlin literal inventory
,고관절 안정화,,FatigueDetailSectionBuilder,app/src/main/java/com/training/trackplanner/analysis/readiness/FatigueDetailSectionBuilder.kt,255,PRODUCTION_UI,DIRECT_LITERAL_REQUIRES_RESOURCE,,NO,Baseline Kotlin literal inventory
,초기 프로필과 최근 기록을 함께 반영했습니다.,,InitialAdaptationProfile,app/src/main/java/com/training/trackplanner/analysis/readiness/InitialAdaptationProfile.kt,141,PRODUCTION_UI,DIRECT_LITERAL_REQUIRES_RESOURCE,,NO,Baseline Kotlin literal inventory
,최근 운동 공백이 있어 기준선을 보수적으로 적용했습니다.,,InitialAdaptationProfile,app/src/main/java/com/training/trackplanner/analysis/readiness/InitialAdaptationProfile.kt,142,PRODUCTION_UI,DIRECT_LITERAL_REQUIRES_RESOURCE,,NO,Baseline Kotlin literal inventory
,선택한 통증 부위와 회피 움직임을 보수적으로 반영했습니다.,,InitialAdaptationProfile,app/src/main/java/com/training/trackplanner/analysis/readiness/InitialAdaptationProfile.kt,143,PRODUCTION_UI,DIRECT_LITERAL_REQUIRES_RESOURCE,,NO,Baseline Kotlin literal inventory
,배드민턴 목표에 맞춰 코트 피로를 더 민감하게 반영했습니다.,,InitialAdaptationProfile,app/src/main/java/com/training/trackplanner/analysis/readiness/InitialAdaptationProfile.kt,145,PRODUCTION_UI,DIRECT_LITERAL_REQUIRES_RESOURCE,,NO,Baseline Kotlin literal inventory
,어깨 부담 큰 상체 푸시,,InitialProfileReadinessAdjuster,app/src/main/java/com/training/trackplanner/analysis/readiness/InitialProfileReadinessAdjuster.kt,230,PRODUCTION_UI,DIRECT_LITERAL_REQUIRES_RESOURCE,,NO,Baseline Kotlin literal inventory
,고축부하 힌지,,InitialProfileReadinessAdjuster,app/src/main/java/com/training/trackplanner/analysis/readiness/InitialProfileReadinessAdjuster.kt,232,PRODUCTION_UI,DIRECT_LITERAL_REQUIRES_RESOURCE,,NO,Baseline Kotlin literal inventory
,무거운 스쿼트,,InitialProfileReadinessAdjuster,app/src/main/java/com/training/trackplanner/analysis/readiness/InitialProfileReadinessAdjuster.kt,233,PRODUCTION_UI,DIRECT_LITERAL_REQUIRES_RESOURCE,,NO,Baseline Kotlin literal inventory
,점프/감속 드릴,,InitialProfileReadinessAdjuster,app/src/main/java/com/training/trackplanner/analysis/readiness/InitialProfileReadinessAdjuster.kt,234,PRODUCTION_UI,DIRECT_LITERAL_REQUIRES_RESOURCE,,NO,Baseline Kotlin literal inventory
,장시간 배드민턴,,InitialProfileReadinessAdjuster,app/src/main/java/com/training/trackplanner/analysis/readiness/InitialProfileReadinessAdjuster.kt,235,PRODUCTION_UI,DIRECT_LITERAL_REQUIRES_RESOURCE,,NO,Baseline Kotlin literal inventory
,오늘은 예정 훈련을 진행해도 좋습니다.,,InitialProfileReadinessAdjuster,app/src/main/java/com/training/trackplanner/analysis/readiness/InitialProfileReadinessAdjuster.kt,240,PRODUCTION_UI,DIRECT_LITERAL_REQUIRES_RESOURCE,,NO,Baseline Kotlin literal inventory
,오늘은 강도를 조금 조절하세요.,,InitialProfileReadinessAdjuster,app/src/main/java/com/training/trackplanner/analysis/readiness/InitialProfileReadinessAdjuster.kt,241,PRODUCTION_UI,DIRECT_LITERAL_REQUIRES_RESOURCE,,NO,Baseline Kotlin literal inventory
,오늘은 회복 여지를 더 남기세요.,,InitialProfileReadinessAdjuster,app/src/main/java/com/training/trackplanner/analysis/readiness/InitialProfileReadinessAdjuster.kt,242,PRODUCTION_UI,DIRECT_LITERAL_REQUIRES_RESOURCE,,NO,Baseline Kotlin literal inventory
,오늘은 부담이 적은 운동이 낫습니다.,,InitialProfileReadinessAdjuster,app/src/main/java/com/training/trackplanner/analysis/readiness/InitialProfileReadinessAdjuster.kt,243,PRODUCTION_UI,DIRECT_LITERAL_REQUIRES_RESOURCE,,NO,Baseline Kotlin literal inventory
,초기 프로필상 현재 부하를 소화할 여지가 있습니다.,,InitialProfileReadinessAdjuster,app/src/main/java/com/training/trackplanner/analysis/readiness/InitialProfileReadinessAdjuster.kt,248,PRODUCTION_UI,DIRECT_LITERAL_REQUIRES_RESOURCE,,NO,Baseline Kotlin literal inventory
,초기 프로필과 최근 기록을 함께 보면 조절이 낫습니다.,,InitialProfileReadinessAdjuster,app/src/main/java/com/training/trackplanner/analysis/readiness/InitialProfileReadinessAdjuster.kt,249,PRODUCTION_UI,DIRECT_LITERAL_REQUIRES_RESOURCE,,NO,Baseline Kotlin literal inventory
,최근 부하와 회복 입력을 함께 보수적으로 반영했습니다.,,InitialProfileReadinessAdjuster,app/src/main/java/com/training/trackplanner/analysis/readiness/InitialProfileReadinessAdjuster.kt,250,PRODUCTION_UI,DIRECT_LITERAL_REQUIRES_RESOURCE,,NO,Baseline Kotlin literal inventory
,선택한 제한 신호를 우선 반영했습니다.,,InitialProfileReadinessAdjuster,app/src/main/java/com/training/trackplanner/analysis/readiness/InitialProfileReadinessAdjuster.kt,251,PRODUCTION_UI,DIRECT_LITERAL_REQUIRES_RESOURCE,,NO,Baseline Kotlin literal inventory
,$part 고강도 운동,,PainGateEvaluator,app/src/main/java/com/training/trackplanner/analysis/readiness/PainGateEvaluator.kt,26,PRODUCTION_UI,DIRECT_LITERAL_REQUIRES_RESOURCE,${},NO,Baseline Kotlin literal inventory
,불편감 입력이 높아 해당 부위는 조절이 필요합니다.,,PainGateEvaluator,app/src/main/java/com/training/trackplanner/analysis/readiness/PainGateEvaluator.kt,28,PRODUCTION_UI,DIRECT_LITERAL_REQUIRES_RESOURCE,,NO,Baseline Kotlin literal inventory
,불편감 입력이 있어 해당 부위 부담을 낮춥니다.,,PainGateEvaluator,app/src/main/java/com/training/trackplanner/analysis/readiness/PainGateEvaluator.kt,29,PRODUCTION_UI,DIRECT_LITERAL_REQUIRES_RESOURCE,,NO,Baseline Kotlin literal inventory
,불편감 입력이 있어 고강도 운동을 줄입니다.,,PainGateEvaluator,app/src/main/java/com/training/trackplanner/analysis/readiness/PainGateEvaluator.kt,31,PRODUCTION_UI,DIRECT_LITERAL_REQUIRES_RESOURCE,,NO,Baseline Kotlin literal inventory
,불편감 부위 고강도 운동,,PainGateEvaluator,app/src/main/java/com/training/trackplanner/analysis/readiness/PainGateEvaluator.kt,43,PRODUCTION_UI,DIRECT_LITERAL_REQUIRES_RESOURCE,,NO,Baseline Kotlin literal inventory
,같은 중량에서 체감 강도가 높아졌습니다.,,PerformanceDropDetector,app/src/main/java/com/training/trackplanner/analysis/readiness/PerformanceDropDetector.kt,75,PRODUCTION_UI,DIRECT_LITERAL_REQUIRES_RESOURCE,,NO,Baseline Kotlin literal inventory
,같은 중량 반복수가 줄었습니다.,,PerformanceDropDetector,app/src/main/java/com/training/trackplanner/analysis/readiness/PerformanceDropDetector.kt,76,PRODUCTION_UI,DIRECT_LITERAL_REQUIRES_RESOURCE,,NO,Baseline Kotlin literal inventory
,최근 근력 지표가 함께 낮아졌습니다.,,PerformanceDropDetector,app/src/main/java/com/training/trackplanner/analysis/readiness/PerformanceDropDetector.kt,80,PRODUCTION_UI,DIRECT_LITERAL_REQUIRES_RESOURCE,,NO,Baseline Kotlin literal inventory
,끝나면 예상 피로도,,PhaseAwareTodayStatus,app/src/main/java/com/training/trackplanner/analysis/readiness/PhaseAwareTodayStatus.kt,86,PRODUCTION_UI,DIRECT_LITERAL_REQUIRES_RESOURCE,,NO,Baseline Kotlin literal inventory
,남은 계획을 마쳐도 예상 피로도는 평소 범위입니다.,,PhaseAwareTodayStatus,app/src/main/java/com/training/trackplanner/analysis/readiness/PhaseAwareTodayStatus.kt,101,PRODUCTION_UI,DIRECT_LITERAL_REQUIRES_RESOURCE,,NO,Baseline Kotlin literal inventory
,현재 컨디션이 안정적이면 계획대로 진행해도 됩니다.,,PhaseAwareTodayStatus,app/src/main/java/com/training/trackplanner/analysis/readiness/PhaseAwareTodayStatus.kt,102,PRODUCTION_UI,DIRECT_LITERAL_REQUIRES_RESOURCE,,NO,Baseline Kotlin literal inventory
,계획대로 진행 가능,,PhaseAwareTodayStatus,app/src/main/java/com/training/trackplanner/analysis/readiness/PhaseAwareTodayStatus.kt,103,PRODUCTION_UI,DIRECT_LITERAL_REQUIRES_RESOURCE,,NO,Baseline Kotlin literal inventory
,남은 계획의 예상 피로도는 관리 가능한 범위입니다.,,PhaseAwareTodayStatus,app/src/main/java/com/training/trackplanner/analysis/readiness/PhaseAwareTodayStatus.kt,106,PRODUCTION_UI,DIRECT_LITERAL_REQUIRES_RESOURCE,,NO,Baseline Kotlin literal inventory
,같은 날 운동 후 예상치입니다. 회복 미완료 여부는 다음 날 컨디션과 피로 흐름으로 다시 확인하세요.,,PhaseAwareTodayStatus,app/src/main/java/com/training/trackplanner/analysis/readiness/PhaseAwareTodayStatus.kt,107,PRODUCTION_UI,DIRECT_LITERAL_REQUIRES_RESOURCE,,NO,Baseline Kotlin literal inventory
,현재 강도 유지,,PhaseAwareTodayStatus,app/src/main/java/com/training/trackplanner/analysis/readiness/PhaseAwareTodayStatus.kt,108,PRODUCTION_UI,DIRECT_LITERAL_REQUIRES_RESOURCE,,NO,Baseline Kotlin literal inventory
,남은 계획을 마치면 예상 피로도가 올라갑니다.,,PhaseAwareTodayStatus,app/src/main/java/com/training/trackplanner/analysis/readiness/PhaseAwareTodayStatus.kt,111,PRODUCTION_UI,DIRECT_LITERAL_REQUIRES_RESOURCE,,NO,Baseline Kotlin literal inventory
,같은 날 운동 후 예상치입니다. 회복 미완료 여부는 다음 날 컨디션과 피로 흐름으로 다시 확인하세요.,,PhaseAwareTodayStatus,app/src/main/java/com/training/trackplanner/analysis/readiness/PhaseAwareTodayStatus.kt,112,PRODUCTION_UI,DIRECT_LITERAL_REQUIRES_RESOURCE,,NO,Baseline Kotlin literal inventory
,RPE/세트 여유 조절,,PhaseAwareTodayStatus,app/src/main/java/com/training/trackplanner/analysis/readiness/PhaseAwareTodayStatus.kt,113,PRODUCTION_UI,DIRECT_LITERAL_REQUIRES_RESOURCE,,NO,Baseline Kotlin literal inventory
,남은 계획 후 예상 피로도가 높습니다.,,PhaseAwareTodayStatus,app/src/main/java/com/training/trackplanner/analysis/readiness/PhaseAwareTodayStatus.kt,116,PRODUCTION_UI,DIRECT_LITERAL_REQUIRES_RESOURCE,,NO,Baseline Kotlin literal inventory
,현재 조절 신호가 아니라 운동 후 예상치입니다. 다음 날 회복 흐름이 낮으면 남은 고강도 항목을 줄이세요.,,PhaseAwareTodayStatus,app/src/main/java/com/training/trackplanner/analysis/readiness/PhaseAwareTodayStatus.kt,117,PRODUCTION_UI,DIRECT_LITERAL_REQUIRES_RESOURCE,,NO,Baseline Kotlin literal inventory
,고강도 항목 조절,,PhaseAwareTodayStatus,app/src/main/java/com/training/trackplanner/analysis/readiness/PhaseAwareTodayStatus.kt,118,PRODUCTION_UI,DIRECT_LITERAL_REQUIRES_RESOURCE,,NO,Baseline Kotlin literal inventory
,남은 계획 후 예상 부하가 매우 높습니다.,,PhaseAwareTodayStatus,app/src/main/java/com/training/trackplanner/analysis/readiness/PhaseAwareTodayStatus.kt,121,PRODUCTION_UI,DIRECT_LITERAL_REQUIRES_RESOURCE,,NO,Baseline Kotlin literal inventory
,현재 불편감이나 관절/건 신호가 있으면 해당 항목을 줄이고 회복을 우선하세요.,,PhaseAwareTodayStatus,app/src/main/java/com/training/trackplanner/analysis/readiness/PhaseAwareTodayStatus.kt,122,PRODUCTION_UI,DIRECT_LITERAL_REQUIRES_RESOURCE,,NO,Baseline Kotlin literal inventory
,고부하 항목 조절,,PhaseAwareTodayStatus,app/src/main/java/com/training/trackplanner/analysis/readiness/PhaseAwareTodayStatus.kt,123,PRODUCTION_UI,DIRECT_LITERAL_REQUIRES_RESOURCE,,NO,Baseline Kotlin literal inventory
,오늘 계획은 아직 없습니다.,,PhaseAwareTodayStatus,app/src/main/java/com/training/trackplanner/analysis/readiness/PhaseAwareTodayStatus.kt,136,PRODUCTION_UI,DIRECT_LITERAL_REQUIRES_RESOURCE,,NO,Baseline Kotlin literal inventory
,오늘 운동 후 피로도는 평소 범위입니다.,,PhaseAwareTodayStatus,app/src/main/java/com/training/trackplanner/analysis/readiness/PhaseAwareTodayStatus.kt,139,PRODUCTION_UI,DIRECT_LITERAL_REQUIRES_RESOURCE,,NO,Baseline Kotlin literal inventory
,오늘 운동 후 일부 부담이 올라 회복이 필요합니다.,,PhaseAwareTodayStatus,app/src/main/java/com/training/trackplanner/analysis/readiness/PhaseAwareTodayStatus.kt,140,PRODUCTION_UI,DIRECT_LITERAL_REQUIRES_RESOURCE,,NO,Baseline Kotlin literal inventory
,오늘 운동 후 피로 부담이 높습니다.,,PhaseAwareTodayStatus,app/src/main/java/com/training/trackplanner/analysis/readiness/PhaseAwareTodayStatus.kt,141,PRODUCTION_UI,DIRECT_LITERAL_REQUIRES_RESOURCE,,NO,Baseline Kotlin literal inventory
,오늘 운동 후 제한 신호를 우선 봅니다.,,PhaseAwareTodayStatus,app/src/main/java/com/training/trackplanner/analysis/readiness/PhaseAwareTodayStatus.kt,142,PRODUCTION_UI,DIRECT_LITERAL_REQUIRES_RESOURCE,,NO,Baseline Kotlin literal inventory
,오늘 기록된 운동 기준으로는 피로가 과도하지 않습니다.,,PhaseAwareTodayStatus,app/src/main/java/com/training/trackplanner/analysis/readiness/PhaseAwareTodayStatus.kt,146,PRODUCTION_UI,DIRECT_LITERAL_REQUIRES_RESOURCE,,NO,Baseline Kotlin literal inventory
,오늘 기록된 운동 기준으로는 피로가 과도하지 않습니다.,,PhaseAwareTodayStatus,app/src/main/java/com/training/trackplanner/analysis/readiness/PhaseAwareTodayStatus.kt,150,PRODUCTION_UI,DIRECT_LITERAL_REQUIRES_RESOURCE,,NO,Baseline Kotlin literal inventory
,현재 일부 피로 신호가 올라왔습니다. 휴식과 수면을 우선하세요.,,PhaseAwareTodayStatus,app/src/main/java/com/training/trackplanner/analysis/readiness/PhaseAwareTodayStatus.kt,152,PRODUCTION_UI,DIRECT_LITERAL_REQUIRES_RESOURCE,,NO,Baseline Kotlin literal inventory
,현재 피로가 누적된 상태입니다. 추가 고강도 운동은 피하는 편이 좋습니다.,,PhaseAwareTodayStatus,app/src/main/java/com/training/trackplanner/analysis/readiness/PhaseAwareTodayStatus.kt,154,PRODUCTION_UI,DIRECT_LITERAL_REQUIRES_RESOURCE,,NO,Baseline Kotlin literal inventory
,현재 제한 신호가 있어 회복과 부담 조절을 우선하세요.,,PhaseAwareTodayStatus,app/src/main/java/com/training/trackplanner/analysis/readiness/PhaseAwareTodayStatus.kt,156,PRODUCTION_UI,DIRECT_LITERAL_REQUIRES_RESOURCE,,NO,Baseline Kotlin literal inventory
,상태 확인,,PhaseAwareTodayStatus,app/src/main/java/com/training/trackplanner/analysis/readiness/PhaseAwareTodayStatus.kt,160,PRODUCTION_UI,DIRECT_LITERAL_REQUIRES_RESOURCE,,NO,Baseline Kotlin literal inventory
,현재 유지,,PhaseAwareTodayStatus,app/src/main/java/com/training/trackplanner/analysis/readiness/PhaseAwareTodayStatus.kt,163,PRODUCTION_UI,DIRECT_LITERAL_REQUIRES_RESOURCE,,NO,Baseline Kotlin literal inventory
,회복 보강,,PhaseAwareTodayStatus,app/src/main/java/com/training/trackplanner/analysis/readiness/PhaseAwareTodayStatus.kt,164,PRODUCTION_UI,DIRECT_LITERAL_REQUIRES_RESOURCE,,NO,Baseline Kotlin literal inventory
,회복 우선,,PhaseAwareTodayStatus,app/src/main/java/com/training/trackplanner/analysis/readiness/PhaseAwareTodayStatus.kt,165,PRODUCTION_UI,DIRECT_LITERAL_REQUIRES_RESOURCE,,NO,Baseline Kotlin literal inventory
,부담 낮추기,,PhaseAwareTodayStatus,app/src/main/java/com/training/trackplanner/analysis/readiness/PhaseAwareTodayStatus.kt,166,PRODUCTION_UI,DIRECT_LITERAL_REQUIRES_RESOURCE,,NO,Baseline Kotlin literal inventory
,오늘 상태,,PhaseAwareTodayStatus,app/src/main/java/com/training/trackplanner/analysis/readiness/PhaseAwareTodayStatus.kt,176,PRODUCTION_UI,DIRECT_LITERAL_REQUIRES_RESOURCE,,NO,Baseline Kotlin literal inventory
,현재 회복 판단,,PhaseAwareTodayStatus,app/src/main/java/com/training/trackplanner/analysis/readiness/PhaseAwareTodayStatus.kt,176,PRODUCTION_UI,DIRECT_LITERAL_REQUIRES_RESOURCE,,NO,Baseline Kotlin literal inventory
,수면 시간이 낮게 기록됐습니다.,,RecoverySignalInterpreter,app/src/main/java/com/training/trackplanner/analysis/readiness/RecoverySignalInterpreter.kt,51,PRODUCTION_UI,DIRECT_LITERAL_REQUIRES_RESOURCE,,NO,Baseline Kotlin literal inventory
,수면이 평소보다 짧게 잡혔습니다.,,RecoverySignalInterpreter,app/src/main/java/com/training/trackplanner/analysis/readiness/RecoverySignalInterpreter.kt,52,PRODUCTION_UI,DIRECT_LITERAL_REQUIRES_RESOURCE,,NO,Baseline Kotlin literal inventory
,전신 피로 입력이 높습니다.,,RecoverySignalInterpreter,app/src/main/java/com/training/trackplanner/analysis/readiness/RecoverySignalInterpreter.kt,55,PRODUCTION_UI,DIRECT_LITERAL_REQUIRES_RESOURCE,,NO,Baseline Kotlin literal inventory
,하체 피로 입력이 높습니다.,,RecoverySignalInterpreter,app/src/main/java/com/training/trackplanner/analysis/readiness/RecoverySignalInterpreter.kt,57,PRODUCTION_UI,DIRECT_LITERAL_REQUIRES_RESOURCE,,NO,Baseline Kotlin literal inventory
,관절/건 불편감 입력이 높습니다.,,RecoverySignalInterpreter,app/src/main/java/com/training/trackplanner/analysis/readiness/RecoverySignalInterpreter.kt,60,PRODUCTION_UI,DIRECT_LITERAL_REQUIRES_RESOURCE,,NO,Baseline Kotlin literal inventory
,집중력/의욕 입력이 낮습니다.,,RecoverySignalInterpreter,app/src/main/java/com/training/trackplanner/analysis/readiness/RecoverySignalInterpreter.kt,62,PRODUCTION_UI,DIRECT_LITERAL_REQUIRES_RESOURCE,,NO,Baseline Kotlin literal inventory
,회복 입력이 적어 보수적으로 봅니다.,,RecoverySignalInterpreter,app/src/main/java/com/training/trackplanner/analysis/readiness/RecoverySignalInterpreter.kt,63,PRODUCTION_UI,DIRECT_LITERAL_REQUIRES_RESOURCE,,NO,Baseline Kotlin literal inventory
,회복 신호가 여러 개 겹쳤습니다.,,RecoverySignalInterpreter,app/src/main/java/com/training/trackplanner/analysis/readiness/RecoverySignalInterpreter.kt,64,PRODUCTION_UI,DIRECT_LITERAL_REQUIRES_RESOURCE,,NO,Baseline Kotlin literal inventory
,하체,,RecoverySignalInterpreter,app/src/main/java/com/training/trackplanner/analysis/readiness/RecoverySignalInterpreter.kt,80,PRODUCTION_UI,DIRECT_LITERAL_REQUIRES_RESOURCE,,NO,Baseline Kotlin literal inventory
,관절/건,,RecoverySignalInterpreter,app/src/main/java/com/training/trackplanner/analysis/readiness/RecoverySignalInterpreter.kt,81,PRODUCTION_UI,DIRECT_LITERAL_REQUIRES_RESOURCE,,NO,Baseline Kotlin literal inventory
,주의,,TodayFatigueStatusLabeler,app/src/main/java/com/training/trackplanner/analysis/readiness/TodayFatigueStatusLabeler.kt,58,PRODUCTION_UI,DIRECT_LITERAL_REQUIRES_RESOURCE,,NO,Baseline Kotlin literal inventory
,보통,,TodayFatigueStatusLabeler,app/src/main/java/com/training/trackplanner/analysis/readiness/TodayFatigueStatusLabeler.kt,59,PRODUCTION_UI,DIRECT_LITERAL_REQUIRES_RESOURCE,,NO,Baseline Kotlin literal inventory
,고중량·힘 신경계,,TodayFatigueStatusLabeler,app/src/main/java/com/training/trackplanner/analysis/readiness/TodayFatigueStatusLabeler.kt,66,PRODUCTION_UI,DIRECT_LITERAL_REQUIRES_RESOURCE,,NO,Baseline Kotlin literal inventory
,전신 근육,,TodayFatigueStatusLabeler,app/src/main/java/com/training/trackplanner/analysis/readiness/TodayFatigueStatusLabeler.kt,67,PRODUCTION_UI,DIRECT_LITERAL_REQUIRES_RESOURCE,,NO,Baseline Kotlin literal inventory
,국소 근육,,TodayFatigueStatusLabeler,app/src/main/java/com/training/trackplanner/analysis/readiness/TodayFatigueStatusLabeler.kt,68,PRODUCTION_UI,DIRECT_LITERAL_REQUIRES_RESOURCE,,NO,Baseline Kotlin literal inventory
,고속,,TodayFatigueStatusLabeler,app/src/main/java/com/training/trackplanner/analysis/readiness/TodayFatigueStatusLabeler.kt,69,PRODUCTION_UI,DIRECT_LITERAL_REQUIRES_RESOURCE,,NO,Baseline Kotlin literal inventory
,반응,,TodayFatigueStatusLabeler,app/src/main/java/com/training/trackplanner/analysis/readiness/TodayFatigueStatusLabeler.kt,70,PRODUCTION_UI,DIRECT_LITERAL_REQUIRES_RESOURCE,,NO,Baseline Kotlin literal inventory
,고중량·힘 신경계,,TodayFatigueStatusLabeler,app/src/main/java/com/training/trackplanner/analysis/readiness/TodayFatigueStatusLabeler.kt,76,PRODUCTION_UI,DIRECT_LITERAL_REQUIRES_RESOURCE,,NO,Baseline Kotlin literal inventory
,전신 근육,,TodayFatigueStatusLabeler,app/src/main/java/com/training/trackplanner/analysis/readiness/TodayFatigueStatusLabeler.kt,77,PRODUCTION_UI,DIRECT_LITERAL_REQUIRES_RESOURCE,,NO,Baseline Kotlin literal inventory
,국소 근육,,TodayFatigueStatusLabeler,app/src/main/java/com/training/trackplanner/analysis/readiness/TodayFatigueStatusLabeler.kt,78,PRODUCTION_UI,DIRECT_LITERAL_REQUIRES_RESOURCE,,NO,Baseline Kotlin literal inventory
,고속,,TodayFatigueStatusLabeler,app/src/main/java/com/training/trackplanner/analysis/readiness/TodayFatigueStatusLabeler.kt,79,PRODUCTION_UI,DIRECT_LITERAL_REQUIRES_RESOURCE,,NO,Baseline Kotlin literal inventory
,반응,,TodayFatigueStatusLabeler,app/src/main/java/com/training/trackplanner/analysis/readiness/TodayFatigueStatusLabeler.kt,80,PRODUCTION_UI,DIRECT_LITERAL_REQUIRES_RESOURCE,,NO,Baseline Kotlin literal inventory
,고중량·힘 신경계,,TodayFatigueStatusLabeler,app/src/main/java/com/training/trackplanner/analysis/readiness/TodayFatigueStatusLabeler.kt,85,PRODUCTION_UI,DIRECT_LITERAL_REQUIRES_RESOURCE,,NO,Baseline Kotlin literal inventory
,전신 근육,,TodayFatigueStatusLabeler,app/src/main/java/com/training/trackplanner/analysis/readiness/TodayFatigueStatusLabeler.kt,86,PRODUCTION_UI,DIRECT_LITERAL_REQUIRES_RESOURCE,,NO,Baseline Kotlin literal inventory
,국소 근육,,TodayFatigueStatusLabeler,app/src/main/java/com/training/trackplanner/analysis/readiness/TodayFatigueStatusLabeler.kt,87,PRODUCTION_UI,DIRECT_LITERAL_REQUIRES_RESOURCE,,NO,Baseline Kotlin literal inventory
,고속,,TodayFatigueStatusLabeler,app/src/main/java/com/training/trackplanner/analysis/readiness/TodayFatigueStatusLabeler.kt,88,PRODUCTION_UI,DIRECT_LITERAL_REQUIRES_RESOURCE,,NO,Baseline Kotlin literal inventory
,반응,,TodayFatigueStatusLabeler,app/src/main/java/com/training/trackplanner/analysis/readiness/TodayFatigueStatusLabeler.kt,89,PRODUCTION_UI,DIRECT_LITERAL_REQUIRES_RESOURCE,,NO,Baseline Kotlin literal inventory
,${axis.label} 피로도가 높습니다. 주의하세요.,,TodayFatigueStatusLabeler,app/src/main/java/com/training/trackplanner/analysis/readiness/TodayFatigueStatusLabeler.kt,94,PRODUCTION_UI,DIRECT_LITERAL_REQUIRES_RESOURCE,${},NO,Baseline Kotlin literal inventory
,${axis.label} 피로도가 높습니다. 스트레스를 줄이면 좋습니다.,,TodayFatigueStatusLabeler,app/src/main/java/com/training/trackplanner/analysis/readiness/TodayFatigueStatusLabeler.kt,96,PRODUCTION_UI,DIRECT_LITERAL_REQUIRES_RESOURCE,${},NO,Baseline Kotlin literal inventory
,$labels 피로도가 높습니다. 주의하세요.,,TodayFatigueStatusLabeler,app/src/main/java/com/training/trackplanner/analysis/readiness/TodayFatigueStatusLabeler.kt,103,PRODUCTION_UI,DIRECT_LITERAL_REQUIRES_RESOURCE,${},NO,Baseline Kotlin literal inventory
,$labels 피로도가 높습니다. 스트레스를 줄이면 좋습니다.,,TodayFatigueStatusLabeler,app/src/main/java/com/training/trackplanner/analysis/readiness/TodayFatigueStatusLabeler.kt,108,PRODUCTION_UI,DIRECT_LITERAL_REQUIRES_RESOURCE,${},NO,Baseline Kotlin literal inventory
,모든 피로도가 양호합니다. 힘차게 운동!,,TodayFatigueStatusLabeler,app/src/main/java/com/training/trackplanner/analysis/readiness/TodayFatigueStatusLabeler.kt,110,PRODUCTION_UI,DIRECT_LITERAL_REQUIRES_RESOURCE,,NO,Baseline Kotlin literal inventory
,판단: 현재 특별히 조절이 필요한 피로도 축은 없습니다.,,TodayFatigueStatusLabeler,app/src/main/java/com/training/trackplanner/analysis/readiness/TodayFatigueStatusLabeler.kt,115,PRODUCTION_UI,DIRECT_LITERAL_REQUIRES_RESOURCE,,NO,Baseline Kotlin literal inventory
,판단: ${cautionAxes.map { it.label }.joinKoreanLabels()} 피로도를 조절하면 좋습니다.,,TodayFatigueStatusLabeler,app/src/main/java/com/training/trackplanner/analysis/readiness/TodayFatigueStatusLabeler.kt,116,PRODUCTION_UI,DIRECT_LITERAL_REQUIRES_RESOURCE,${},NO,Baseline Kotlin literal inventory
,피로도 낮음,,TodayFatigueStatusLabeler,app/src/main/java/com/training/trackplanner/analysis/readiness/TodayFatigueStatusLabeler.kt,121,PRODUCTION_UI,DIRECT_LITERAL_REQUIRES_RESOURCE,,NO,Baseline Kotlin literal inventory
,피로도 보통,,TodayFatigueStatusLabeler,app/src/main/java/com/training/trackplanner/analysis/readiness/TodayFatigueStatusLabeler.kt,122,PRODUCTION_UI,DIRECT_LITERAL_REQUIRES_RESOURCE,,NO,Baseline Kotlin literal inventory
,피로도 주의,,TodayFatigueStatusLabeler,app/src/main/java/com/training/trackplanner/analysis/readiness/TodayFatigueStatusLabeler.kt,123,PRODUCTION_UI,DIRECT_LITERAL_REQUIRES_RESOURCE,,NO,Baseline Kotlin literal inventory
,피로도 높음,,TodayFatigueStatusLabeler,app/src/main/java/com/training/trackplanner/analysis/readiness/TodayFatigueStatusLabeler.kt,124,PRODUCTION_UI,DIRECT_LITERAL_REQUIRES_RESOURCE,,NO,Baseline Kotlin literal inventory
,피로 심화,,TodayFatigueStatusLabeler,app/src/main/java/com/training/trackplanner/analysis/readiness/TodayFatigueStatusLabeler.kt,125,PRODUCTION_UI,DIRECT_LITERAL_REQUIRES_RESOURCE,,NO,Baseline Kotlin literal inventory
,와,,TodayFatigueStatusLabeler,app/src/main/java/com/training/trackplanner/analysis/readiness/TodayFatigueStatusLabeler.kt,155,PRODUCTION_UI,DIRECT_LITERAL_REQUIRES_RESOURCE,,NO,Baseline Kotlin literal inventory
,와,,TodayFatigueStatusLabeler,app/src/main/java/com/training/trackplanner/analysis/readiness/TodayFatigueStatusLabeler.kt,156,PRODUCTION_UI,DIRECT_LITERAL_REQUIRES_RESOURCE,,NO,Baseline Kotlin literal inventory
,와,,TodayFatigueStatusLabeler,app/src/main/java/com/training/trackplanner/analysis/readiness/TodayFatigueStatusLabeler.kt,157,PRODUCTION_UI,DIRECT_LITERAL_REQUIRES_RESOURCE,,NO,Baseline Kotlin literal inventory
,과,,TodayFatigueStatusLabeler,app/src/main/java/com/training/trackplanner/analysis/readiness/TodayFatigueStatusLabeler.kt,157,PRODUCTION_UI,DIRECT_LITERAL_REQUIRES_RESOURCE,,NO,Baseline Kotlin literal inventory
,"축별 상태: 매우 높음($veryHigh), 높음($high), 보통($normal), 낮음($low)",,TodayFatigueStatusLabeler,app/src/main/java/com/training/trackplanner/analysis/readiness/TodayFatigueStatusLabeler.kt,172,PRODUCTION_UI,DIRECT_LITERAL_REQUIRES_RESOURCE,${},NO,Baseline Kotlin literal inventory
,낮음,,TodayFatigueStatusLabeler,app/src/main/java/com/training/trackplanner/analysis/readiness/TodayFatigueStatusLabeler.kt,209,PRODUCTION_UI,DIRECT_LITERAL_REQUIRES_RESOURCE,,NO,Baseline Kotlin literal inventory
,보통,,TodayFatigueStatusLabeler,app/src/main/java/com/training/trackplanner/analysis/readiness/TodayFatigueStatusLabeler.kt,211,PRODUCTION_UI,DIRECT_LITERAL_REQUIRES_RESOURCE,,NO,Baseline Kotlin literal inventory
,높음,,TodayFatigueStatusLabeler,app/src/main/java/com/training/trackplanner/analysis/readiness/TodayFatigueStatusLabeler.kt,212,PRODUCTION_UI,DIRECT_LITERAL_REQUIRES_RESOURCE,,NO,Baseline Kotlin literal inventory
,매우 높음,,TodayFatigueStatusLabeler,app/src/main/java/com/training/trackplanner/analysis/readiness/TodayFatigueStatusLabeler.kt,214,PRODUCTION_UI,DIRECT_LITERAL_REQUIRES_RESOURCE,,NO,Baseline Kotlin literal inventory
,관절/건,,TodayReadinessEngine,app/src/main/java/com/training/trackplanner/analysis/readiness/TodayReadinessEngine.kt,163,PRODUCTION_UI,DIRECT_LITERAL_REQUIRES_RESOURCE,,NO,Baseline Kotlin literal inventory
,오늘은 예정 훈련을 진행해도 좋습니다.,,TodayReadinessSentenceBuilder,app/src/main/java/com/training/trackplanner/analysis/readiness/TodayReadinessSentenceBuilder.kt,16,PRODUCTION_UI,DIRECT_LITERAL_REQUIRES_RESOURCE,,NO,Baseline Kotlin literal inventory
,오늘은 강도를 조금 조절하세요.,,TodayReadinessSentenceBuilder,app/src/main/java/com/training/trackplanner/analysis/readiness/TodayReadinessSentenceBuilder.kt,17,PRODUCTION_UI,DIRECT_LITERAL_REQUIRES_RESOURCE,,NO,Baseline Kotlin literal inventory
,오늘은 고강도 훈련을 줄이세요.,,TodayReadinessSentenceBuilder,app/src/main/java/com/training/trackplanner/analysis/readiness/TodayReadinessSentenceBuilder.kt,18,PRODUCTION_UI,DIRECT_LITERAL_REQUIRES_RESOURCE,,NO,Baseline Kotlin literal inventory
,오늘은 부담이 적은 운동이 낫습니다.,,TodayReadinessSentenceBuilder,app/src/main/java/com/training/trackplanner/analysis/readiness/TodayReadinessSentenceBuilder.kt,19,PRODUCTION_UI,DIRECT_LITERAL_REQUIRES_RESOURCE,,NO,Baseline Kotlin literal inventory
,기록이 더 쌓이면 판단이 안정됩니다.,,TodayReadinessSentenceBuilder,app/src/main/java/com/training/trackplanner/analysis/readiness/TodayReadinessSentenceBuilder.kt,24,PRODUCTION_UI,DIRECT_LITERAL_REQUIRES_RESOURCE,,NO,Baseline Kotlin literal inventory
,현재 기록 기준으로 큰 충돌은 보이지 않습니다.,,TodayReadinessSentenceBuilder,app/src/main/java/com/training/trackplanner/analysis/readiness/TodayReadinessSentenceBuilder.kt,25,PRODUCTION_UI,DIRECT_LITERAL_REQUIRES_RESOURCE,,NO,Baseline Kotlin literal inventory
,${category.koreanLabel()} 부담이 평소보다 높습니다.,,TodayReadinessSentenceBuilder,app/src/main/java/com/training/trackplanner/analysis/readiness/TodayReadinessSentenceBuilder.kt,50,PRODUCTION_UI,DIRECT_LITERAL_REQUIRES_RESOURCE,${},NO,Baseline Kotlin literal inventory
,${elevated.koreanLabel()} 부담이 약간 높습니다.,,TodayReadinessSentenceBuilder,app/src/main/java/com/training/trackplanner/analysis/readiness/TodayReadinessSentenceBuilder.kt,59,PRODUCTION_UI,DIRECT_LITERAL_REQUIRES_RESOURCE,${},NO,Baseline Kotlin literal inventory
,예정 훈련 진행,,TodayReadinessSentenceBuilder,app/src/main/java/com/training/trackplanner/analysis/readiness/TodayReadinessSentenceBuilder.kt,68,PRODUCTION_UI,DIRECT_LITERAL_REQUIRES_RESOURCE,,NO,Baseline Kotlin literal inventory
,기술연습,,TodayReadinessSentenceBuilder,app/src/main/java/com/training/trackplanner/analysis/readiness/TodayReadinessSentenceBuilder.kt,69,PRODUCTION_UI,DIRECT_LITERAL_REQUIRES_RESOURCE,,NO,Baseline Kotlin literal inventory
,회복성 운동,,TodayReadinessSentenceBuilder,app/src/main/java/com/training/trackplanner/analysis/readiness/TodayReadinessSentenceBuilder.kt,70,PRODUCTION_UI,DIRECT_LITERAL_REQUIRES_RESOURCE,,NO,Baseline Kotlin literal inventory
,가동성 운동,,TodayReadinessSentenceBuilder,app/src/main/java/com/training/trackplanner/analysis/readiness/TodayReadinessSentenceBuilder.kt,71,PRODUCTION_UI,DIRECT_LITERAL_REQUIRES_RESOURCE,,NO,Baseline Kotlin literal inventory
,가벼운 상체,,TodayReadinessSentenceBuilder,app/src/main/java/com/training/trackplanner/analysis/readiness/TodayReadinessSentenceBuilder.kt,74,PRODUCTION_UI,DIRECT_LITERAL_REQUIRES_RESOURCE,,NO,Baseline Kotlin literal inventory
,저강도 배드민턴,,TodayReadinessSentenceBuilder,app/src/main/java/com/training/trackplanner/analysis/readiness/TodayReadinessSentenceBuilder.kt,77,PRODUCTION_UI,DIRECT_LITERAL_REQUIRES_RESOURCE,,NO,Baseline Kotlin literal inventory
,가벼운 유산소,,TodayReadinessSentenceBuilder,app/src/main/java/com/training/trackplanner/analysis/readiness/TodayReadinessSentenceBuilder.kt,79,PRODUCTION_UI,DIRECT_LITERAL_REQUIRES_RESOURCE,,NO,Baseline Kotlin literal inventory
,코어 안정화,,TodayReadinessSentenceBuilder,app/src/main/java/com/training/trackplanner/analysis/readiness/TodayReadinessSentenceBuilder.kt,80,PRODUCTION_UI,DIRECT_LITERAL_REQUIRES_RESOURCE,,NO,Baseline Kotlin literal inventory
,고중량 하체,,TodayReadinessSentenceBuilder,app/src/main/java/com/training/trackplanner/analysis/readiness/TodayReadinessSentenceBuilder.kt,93,PRODUCTION_UI,DIRECT_LITERAL_REQUIRES_RESOURCE,,NO,Baseline Kotlin literal inventory
,데드리프트/RDL 계열,,TodayReadinessSentenceBuilder,app/src/main/java/com/training/trackplanner/analysis/readiness/TodayReadinessSentenceBuilder.kt,94,PRODUCTION_UI,DIRECT_LITERAL_REQUIRES_RESOURCE,,NO,Baseline Kotlin literal inventory
,스쿼트 고중량,,TodayReadinessSentenceBuilder,app/src/main/java/com/training/trackplanner/analysis/readiness/TodayReadinessSentenceBuilder.kt,97,PRODUCTION_UI,DIRECT_LITERAL_REQUIRES_RESOURCE,,NO,Baseline Kotlin literal inventory
,고강도 풋워크,,TodayReadinessSentenceBuilder,app/src/main/java/com/training/trackplanner/analysis/readiness/TodayReadinessSentenceBuilder.kt,102,PRODUCTION_UI,DIRECT_LITERAL_REQUIRES_RESOURCE,,NO,Baseline Kotlin literal inventory
,랜덤 방향전환 드릴,,TodayReadinessSentenceBuilder,app/src/main/java/com/training/trackplanner/analysis/readiness/TodayReadinessSentenceBuilder.kt,103,PRODUCTION_UI,DIRECT_LITERAL_REQUIRES_RESOURCE,,NO,Baseline Kotlin literal inventory
,홉/바운드/점프,,TodayReadinessSentenceBuilder,app/src/main/java/com/training/trackplanner/analysis/readiness/TodayReadinessSentenceBuilder.kt,106,PRODUCTION_UI,DIRECT_LITERAL_REQUIRES_RESOURCE,,NO,Baseline Kotlin literal inventory
,오버헤드 반복,,TodayReadinessSentenceBuilder,app/src/main/java/com/training/trackplanner/analysis/readiness/TodayReadinessSentenceBuilder.kt,111,PRODUCTION_UI,DIRECT_LITERAL_REQUIRES_RESOURCE,,NO,Baseline Kotlin literal inventory
,그립 고반복,,TodayReadinessSentenceBuilder,app/src/main/java/com/training/trackplanner/analysis/readiness/TodayReadinessSentenceBuilder.kt,116,PRODUCTION_UI,DIRECT_LITERAL_REQUIRES_RESOURCE,,NO,Baseline Kotlin literal inventory
,실패근접 세트,,TodayReadinessSentenceBuilder,app/src/main/java/com/training/trackplanner/analysis/readiness/TodayReadinessSentenceBuilder.kt,118,DEVELOPER_DIAGNOSTIC,DEVELOPER_DIAGNOSTIC,,NO,Baseline Kotlin literal inventory
,부상 위험,,TodayReadinessSentenceBuilder,app/src/main/java/com/training/trackplanner/analysis/readiness/TodayReadinessSentenceBuilder.kt,122,DEVELOPER_DIAGNOSTIC,DEVELOPER_DIAGNOSTIC,,NO,Baseline Kotlin literal inventory
,다칠 수 있습니다,,TodayReadinessSentenceBuilder,app/src/main/java/com/training/trackplanner/analysis/readiness/TodayReadinessSentenceBuilder.kt,122,DEVELOPER_DIAGNOSTIC,DEVELOPER_DIAGNOSTIC,,NO,Baseline Kotlin literal inventory
,과훈련,,TodayReadinessSentenceBuilder,app/src/main/java/com/training/trackplanner/analysis/readiness/TodayReadinessSentenceBuilder.kt,122,DEVELOPER_DIAGNOSTIC,DEVELOPER_DIAGNOSTIC,,NO,Baseline Kotlin literal inventory
,위험합니다,,TodayReadinessSentenceBuilder,app/src/main/java/com/training/trackplanner/analysis/readiness/TodayReadinessSentenceBuilder.kt,122,DEVELOPER_DIAGNOSTIC,DEVELOPER_DIAGNOSTIC,,NO,Baseline Kotlin literal inventory
,회복이 안 됐습니다,,TodayReadinessSentenceBuilder,app/src/main/java/com/training/trackplanner/analysis/readiness/TodayReadinessSentenceBuilder.kt,122,DEVELOPER_DIAGNOSTIC,DEVELOPER_DIAGNOSTIC,,NO,Baseline Kotlin literal inventory
,진단,,TodayReadinessSentenceBuilder,app/src/main/java/com/training/trackplanner/analysis/readiness/TodayReadinessSentenceBuilder.kt,122,DEVELOPER_DIAGNOSTIC,DEVELOPER_DIAGNOSTIC,,NO,Baseline Kotlin literal inventory
,전신,,TodayReadinessSentenceBuilder,app/src/main/java/com/training/trackplanner/analysis/readiness/TodayReadinessSentenceBuilder.kt,141,PRODUCTION_UI,DIRECT_LITERAL_REQUIRES_RESOURCE,,NO,Baseline Kotlin literal inventory
,고중량 신경계,,TodayReadinessSentenceBuilder,app/src/main/java/com/training/trackplanner/analysis/readiness/TodayReadinessSentenceBuilder.kt,142,PRODUCTION_UI,DIRECT_LITERAL_REQUIRES_RESOURCE,,NO,Baseline Kotlin literal inventory
,고속,,TodayReadinessSentenceBuilder,app/src/main/java/com/training/trackplanner/analysis/readiness/TodayReadinessSentenceBuilder.kt,143,PRODUCTION_UI,DIRECT_LITERAL_REQUIRES_RESOURCE,,NO,Baseline Kotlin literal inventory
,부위별,,TodayReadinessSentenceBuilder,app/src/main/java/com/training/trackplanner/analysis/readiness/TodayReadinessSentenceBuilder.kt,144,PRODUCTION_UI,DIRECT_LITERAL_REQUIRES_RESOURCE,,NO,Baseline Kotlin literal inventory
,감속,,TodayReadinessSentenceBuilder,app/src/main/java/com/training/trackplanner/analysis/readiness/TodayReadinessSentenceBuilder.kt,145,PRODUCTION_UI,DIRECT_LITERAL_REQUIRES_RESOURCE,,NO,Baseline Kotlin literal inventory
,탄성/점프,,TodayReadinessSentenceBuilder,app/src/main/java/com/training/trackplanner/analysis/readiness/TodayReadinessSentenceBuilder.kt,146,PRODUCTION_UI,DIRECT_LITERAL_REQUIRES_RESOURCE,,NO,Baseline Kotlin literal inventory
,회전 파워,,TodayReadinessSentenceBuilder,app/src/main/java/com/training/trackplanner/analysis/readiness/TodayReadinessSentenceBuilder.kt,147,PRODUCTION_UI,DIRECT_LITERAL_REQUIRES_RESOURCE,,NO,Baseline Kotlin literal inventory
,항회전,,TodayReadinessSentenceBuilder,app/src/main/java/com/training/trackplanner/analysis/readiness/TodayReadinessSentenceBuilder.kt,148,PRODUCTION_UI,DIRECT_LITERAL_REQUIRES_RESOURCE,,NO,Baseline Kotlin literal inventory
,오버헤드,,TodayReadinessSentenceBuilder,app/src/main/java/com/training/trackplanner/analysis/readiness/TodayReadinessSentenceBuilder.kt,149,PRODUCTION_UI,DIRECT_LITERAL_REQUIRES_RESOURCE,,NO,Baseline Kotlin literal inventory
,그립/전완,,TodayReadinessSentenceBuilder,app/src/main/java/com/training/trackplanner/analysis/readiness/TodayReadinessSentenceBuilder.kt,150,PRODUCTION_UI,DIRECT_LITERAL_REQUIRES_RESOURCE,,NO,Baseline Kotlin literal inventory
,코트,,TodayReadinessSentenceBuilder,app/src/main/java/com/training/trackplanner/analysis/readiness/TodayReadinessSentenceBuilder.kt,151,PRODUCTION_UI,DIRECT_LITERAL_REQUIRES_RESOURCE,,NO,Baseline Kotlin literal inventory
,양방향 RPE 근거가 없어 공유 근력 신호에서 제외,,PersistentStrengthPerformanceSummary,app/src/main/java/com/training/trackplanner/analysis/strengthperformance/PersistentStrengthPerformanceSummary.kt,315,PRODUCTION_UI,DIRECT_LITERAL_REQUIRES_RESOURCE,,NO,Baseline Kotlin literal inventory
,첫 관측은 운동 자체 기준선만 설정,,PersistentStrengthPerformanceSummary,app/src/main/java/com/training/trackplanner/analysis/strengthperformance/PersistentStrengthPerformanceSummary.kt,316,PRODUCTION_UI,DIRECT_LITERAL_REQUIRES_RESOURCE,,NO,Baseline Kotlin literal inventory
,공유 근력 신호 전이 조건 미충족,,PersistentStrengthPerformanceSummary,app/src/main/java/com/training/trackplanner/analysis/strengthperformance/PersistentStrengthPerformanceSummary.kt,317,PRODUCTION_UI,DIRECT_LITERAL_REQUIRES_RESOURCE,,NO,Baseline Kotlin literal inventory
,검토된 최소 local 관측 수 미충족,,PersistentStrengthPerformanceSummary,app/src/main/java/com/training/trackplanner/analysis/strengthperformance/PersistentStrengthPerformanceSummary.kt,318,PRODUCTION_UI,DIRECT_LITERAL_REQUIRES_RESOURCE,,NO,Baseline Kotlin literal inventory
,부상 위험이 높습니다,,AnalysisSentencePolicy,app/src/main/java/com/training/trackplanner/analysis/text/AnalysisSentencePolicy.kt,5,PRODUCTION_UI,DIRECT_LITERAL_REQUIRES_RESOURCE,,NO,Baseline Kotlin literal inventory
,반드시 쉬어야 합니다,,AnalysisSentencePolicy,app/src/main/java/com/training/trackplanner/analysis/text/AnalysisSentencePolicy.kt,6,PRODUCTION_UI,DIRECT_LITERAL_REQUIRES_RESOURCE,,NO,Baseline Kotlin literal inventory
,이 운동은 효과가 없습니다,,AnalysisSentencePolicy,app/src/main/java/com/training/trackplanner/analysis/text/AnalysisSentencePolicy.kt,7,PRODUCTION_UI,DIRECT_LITERAL_REQUIRES_RESOURCE,,NO,Baseline Kotlin literal inventory
,무조건,,AnalysisSentencePolicy,app/src/main/java/com/training/trackplanner/analysis/text/AnalysisSentencePolicy.kt,8,PRODUCTION_UI,DIRECT_LITERAL_REQUIRES_RESOURCE,,NO,Baseline Kotlin literal inventory
,절대,,AnalysisSentencePolicy,app/src/main/java/com/training/trackplanner/analysis/text/AnalysisSentencePolicy.kt,9,PRODUCTION_UI,DIRECT_LITERAL_REQUIRES_RESOURCE,,NO,Baseline Kotlin literal inventory
,기록 기준으로는,,AnalysisSentencePolicy,app/src/main/java/com/training/trackplanner/analysis/text/AnalysisSentencePolicy.kt,13,PRODUCTION_UI,DIRECT_LITERAL_REQUIRES_RESOURCE,,NO,Baseline Kotlin literal inventory
,최근 운동량이 평소보다 빠르게 늘었습니다,,AnalysisSentencePolicy,app/src/main/java/com/training/trackplanner/analysis/text/AnalysisSentencePolicy.kt,14,PRODUCTION_UI,DIRECT_LITERAL_REQUIRES_RESOURCE,,NO,Baseline Kotlin literal inventory
,오늘은 강도를 조금 낮추는 편이 안전합니다,,AnalysisSentencePolicy,app/src/main/java/com/training/trackplanner/analysis/text/AnalysisSentencePolicy.kt,15,PRODUCTION_UI,DIRECT_LITERAL_REQUIRES_RESOURCE,,NO,Baseline Kotlin literal inventory
,내일부터 계획은 현재 상태와 크게 충돌하지 않습니다,,AnalysisSentencePolicy,app/src/main/java/com/training/trackplanner/analysis/text/AnalysisSentencePolicy.kt,16,PRODUCTION_UI,DIRECT_LITERAL_REQUIRES_RESOURCE,,NO,Baseline Kotlin literal inventory
,계획에 보완할 여지가 있습니다,,AnalysisSentencePolicy,app/src/main/java/com/training/trackplanner/analysis/text/AnalysisSentencePolicy.kt,17,PRODUCTION_UI,DIRECT_LITERAL_REQUIRES_RESOURCE,,NO,Baseline Kotlin literal inventory
,운동명,,TissueRcvAssetRepository,app/src/main/java/com/training/trackplanner/analysis/tissue/TissueRcvAssetRepository.kt,62,PRODUCTION_UI,DIRECT_LITERAL_REQUIRES_RESOURCE,,NO,Baseline Kotlin literal inventory
,분석단위명,,TissueRcvAssetRepository,app/src/main/java/com/training/trackplanner/analysis/tissue/TissueRcvAssetRepository.kt,66,PRODUCTION_UI,DIRECT_LITERAL_REQUIRES_RESOURCE,,NO,Baseline Kotlin literal inventory
,조직유형,,TissueRcvAssetRepository,app/src/main/java/com/training/trackplanner/analysis/tissue/TissueRcvAssetRepository.kt,67,PRODUCTION_UI,DIRECT_LITERAL_REQUIRES_RESOURCE,,NO,Baseline Kotlin literal inventory
,관절복합체명,,TissueRcvAssetRepository,app/src/main/java/com/training/trackplanner/analysis/tissue/TissueRcvAssetRepository.kt,69,PRODUCTION_UI,DIRECT_LITERAL_REQUIRES_RESOURCE,,NO,Baseline Kotlin literal inventory
,점수버전,,TissueRcvAssetRepository,app/src/main/java/com/training/trackplanner/analysis/tissue/TissueRcvAssetRepository.kt,80,PRODUCTION_UI,DIRECT_LITERAL_REQUIRES_RESOURCE,,NO,Baseline Kotlin literal inventory
,근거URL,,TissueRcvAssetRepository,app/src/main/java/com/training/trackplanner/analysis/tissue/TissueRcvAssetRepository.kt,84,PRODUCTION_UI,DIRECT_LITERAL_REQUIRES_RESOURCE,,NO,Baseline Kotlin literal inventory
,운동명,,TissueRcvAssetRepository,app/src/main/java/com/training/trackplanner/analysis/tissue/TissueRcvAssetRepository.kt,89,PRODUCTION_UI,DIRECT_LITERAL_REQUIRES_RESOURCE,,NO,Baseline Kotlin literal inventory
,운동명,,TissueRcvAssetRepository,app/src/main/java/com/training/trackplanner/analysis/tissue/TissueRcvAssetRepository.kt,95,PRODUCTION_UI,DIRECT_LITERAL_REQUIRES_RESOURCE,,NO,Baseline Kotlin literal inventory
,기능곡선,,TissueRcvAssetRepository,app/src/main/java/com/training/trackplanner/analysis/tissue/TissueRcvAssetRepository.kt,110,PRODUCTION_UI,DIRECT_LITERAL_REQUIRES_RESOURCE,,NO,Baseline Kotlin literal inventory
,관절보호곡선,,TissueRcvAssetRepository,app/src/main/java/com/training/trackplanner/analysis/tissue/TissueRcvAssetRepository.kt,111,PRODUCTION_UI,DIRECT_LITERAL_REQUIRES_RESOURCE,,NO,Baseline Kotlin literal inventory
,급성기계곡선,,TissueRcvAssetRepository,app/src/main/java/com/training/trackplanner/analysis/tissue/TissueRcvAssetRepository.kt,112,PRODUCTION_UI,DIRECT_LITERAL_REQUIRES_RESOURCE,,NO,Baseline Kotlin literal inventory
,운동 수,,TissueRcvAssetRepository,app/src/main/java/com/training/trackplanner/analysis/tissue/TissueRcvAssetRepository.kt,114,PRODUCTION_UI,DIRECT_LITERAL_REQUIRES_RESOURCE,,NO,Baseline Kotlin literal inventory
,필수 입력,,TissueRcvAssetRepository,app/src/main/java/com/training/trackplanner/analysis/tissue/TissueRcvAssetRepository.kt,121,PRODUCTION_UI,DIRECT_LITERAL_REQUIRES_RESOURCE,,NO,Baseline Kotlin literal inventory
,선택 입력,,TissueRcvAssetRepository,app/src/main/java/com/training/trackplanner/analysis/tissue/TissueRcvAssetRepository.kt,122,PRODUCTION_UI,DIRECT_LITERAL_REQUIRES_RESOURCE,,NO,Baseline Kotlin literal inventory
,D_raw 공식,,TissueRcvAssetRepository,app/src/main/java/com/training/trackplanner/analysis/tissue/TissueRcvAssetRepository.kt,123,PRODUCTION_UI,DIRECT_LITERAL_REQUIRES_RESOURCE,,NO,Baseline Kotlin literal inventory
,I 우선순위,,TissueRcvAssetRepository,app/src/main/java/com/training/trackplanner/analysis/tissue/TissueRcvAssetRepository.kt,124,PRODUCTION_UI,DIRECT_LITERAL_REQUIRES_RESOURCE,,NO,Baseline Kotlin literal inventory
,I 규칙,,TissueRcvAssetRepository,app/src/main/java/com/training/trackplanner/analysis/tissue/TissueRcvAssetRepository.kt,125,PRODUCTION_UI,DIRECT_LITERAL_REQUIRES_RESOURCE,,NO,Baseline Kotlin literal inventory
,P 역할,,TissueRcvAssetRepository,app/src/main/java/com/training/trackplanner/analysis/tissue/TissueRcvAssetRepository.kt,126,PRODUCTION_UI,DIRECT_LITERAL_REQUIRES_RESOURCE,,NO,Baseline Kotlin literal inventory
,설명,,TissueRcvAssetRepository,app/src/main/java/com/training/trackplanner/analysis/tissue/TissueRcvAssetRepository.kt,134,PRODUCTION_UI,DIRECT_LITERAL_REQUIRES_RESOURCE,,NO,Baseline Kotlin literal inventory
,채널,,TissueRcvAssetRepository,app/src/main/java/com/training/trackplanner/analysis/tissue/TissueRcvAssetRepository.kt,150,PRODUCTION_UI,DIRECT_LITERAL_REQUIRES_RESOURCE,,NO,Baseline Kotlin literal inventory
,복합체 안의,,TissueRcvAssetRepository,app/src/main/java/com/training/trackplanner/analysis/tissue/TissueRcvAssetRepository.kt,359,DEVELOPER_DIAGNOSTIC,DEVELOPER_DIAGNOSTIC,,NO,Baseline Kotlin literal inventory
,관련 부하를 보는 연결조직 분석 단위,,TissueRcvAssetRepository,app/src/main/java/com/training/trackplanner/analysis/tissue/TissueRcvAssetRepository.kt,360,DEVELOPER_DIAGNOSTIC,DEVELOPER_DIAGNOSTIC,,NO,Baseline Kotlin literal inventory
,상위 단위,,TissueRcvAssetRepository,app/src/main/java/com/training/trackplanner/analysis/tissue/TissueRcvAssetRepository.kt,361,DEVELOPER_DIAGNOSTIC,DEVELOPER_DIAGNOSTIC,,NO,Baseline Kotlin literal inventory
,부하 단위,,TissueRcvAssetRepository,app/src/main/java/com/training/trackplanner/analysis/tissue/TissueRcvAssetRepository.kt,362,DEVELOPER_DIAGNOSTIC,DEVELOPER_DIAGNOSTIC,,NO,Baseline Kotlin literal inventory
,관절 접촉 압력을 분산,,TissueRcvAssetRepository,app/src/main/java/com/training/trackplanner/analysis/tissue/TissueRcvAssetRepository.kt,363,DEVELOPER_DIAGNOSTIC,DEVELOPER_DIAGNOSTIC,,NO,Baseline Kotlin literal inventory
,전단 부하에 대응,,TissueRcvAssetRepository,app/src/main/java/com/training/trackplanner/analysis/tissue/TissueRcvAssetRepository.kt,364,PRODUCTION_UI,DIRECT_LITERAL_REQUIRES_RESOURCE,,NO,Baseline Kotlin literal inventory
,인장 부하를 전달,,TissueRcvAssetRepository,app/src/main/java/com/training/trackplanner/analysis/tissue/TissueRcvAssetRepository.kt,365,PRODUCTION_UI,DIRECT_LITERAL_REQUIRES_RESOURCE,,NO,Baseline Kotlin literal inventory
,비틀림 부하를 제어,,TissueRcvAssetRepository,app/src/main/java/com/training/trackplanner/analysis/tissue/TissueRcvAssetRepository.kt,366,PRODUCTION_UI,DIRECT_LITERAL_REQUIRES_RESOURCE,,NO,Baseline Kotlin literal inventory
,빠른 신장 부하에 대응,,TissueRcvAssetRepository,app/src/main/java/com/training/trackplanner/analysis/tissue/TissueRcvAssetRepository.kt,367,PRODUCTION_UI,DIRECT_LITERAL_REQUIRES_RESOURCE,,NO,Baseline Kotlin literal inventory
,분석 단위,,TissueRcvAssetRepository,app/src/main/java/com/training/trackplanner/analysis/tissue/TissueRcvAssetRepository.kt,368,PRODUCTION_UI,DIRECT_LITERAL_REQUIRES_RESOURCE,,NO,Baseline Kotlin literal inventory
,${owner.year}년 ,,AnalysisChartTemporalPolicy,app/src/main/java/com/training/trackplanner/analysis/trends/AnalysisChartTemporalPolicy.kt,32,PRODUCTION_UI,DIRECT_LITERAL_REQUIRES_RESOURCE,${},NO,Baseline Kotlin literal inventory
,${owner.monthValue}월 ${ordinal}주,,AnalysisChartTemporalPolicy,app/src/main/java/com/training/trackplanner/analysis/trends/AnalysisChartTemporalPolicy.kt,33,PRODUCTION_UI,DIRECT_LITERAL_REQUIRES_RESOURCE,${},NO,Baseline Kotlin literal inventory
,월 ,,AnalysisChartTemporalPolicy,app/src/main/java/com/training/trackplanner/analysis/trends/AnalysisChartTemporalPolicy.kt,109,PRODUCTION_UI,DIRECT_LITERAL_REQUIRES_RESOURCE,,NO,Baseline Kotlin literal inventory
,"월
",,AnalysisChartTemporalPolicy,app/src/main/java/com/training/trackplanner/analysis/trends/AnalysisChartTemporalPolicy.kt,109,PRODUCTION_UI,DIRECT_LITERAL_REQUIRES_RESOURCE,,NO,Baseline Kotlin literal inventory
,${start.year}년 ${start.monthValue}월 ${start.dayOfMonth}일,,AnalysisChartTemporalPolicy,app/src/main/java/com/training/trackplanner/analysis/trends/AnalysisChartTemporalPolicy.kt,137,PRODUCTION_UI,DIRECT_LITERAL_REQUIRES_RESOURCE,${},NO,Baseline Kotlin literal inventory
,${start.monthValue}월 ${start.dayOfMonth}일,,AnalysisChartTemporalPolicy,app/src/main/java/com/training/trackplanner/analysis/trends/AnalysisChartTemporalPolicy.kt,139,PRODUCTION_UI,DIRECT_LITERAL_REQUIRES_RESOURCE,${},NO,Baseline Kotlin literal inventory
,${end.year}년 ${end.monthValue}월 ${end.dayOfMonth}일,,AnalysisChartTemporalPolicy,app/src/main/java/com/training/trackplanner/analysis/trends/AnalysisChartTemporalPolicy.kt,142,PRODUCTION_UI,DIRECT_LITERAL_REQUIRES_RESOURCE,${},NO,Baseline Kotlin literal inventory
,${end.monthValue}월 ${end.dayOfMonth}일,,AnalysisChartTemporalPolicy,app/src/main/java/com/training/trackplanner/analysis/trends/AnalysisChartTemporalPolicy.kt,144,PRODUCTION_UI,DIRECT_LITERAL_REQUIRES_RESOURCE,${},NO,Baseline Kotlin literal inventory
,${date.year}년 ,,AnalysisChartTemporalPolicy,app/src/main/java/com/training/trackplanner/analysis/trends/AnalysisChartTemporalPolicy.kt,151,PRODUCTION_UI,DIRECT_LITERAL_REQUIRES_RESOURCE,${},NO,Baseline Kotlin literal inventory
,${date.monthValue}월 ${date.dayOfMonth}일 ${weekday(date.dayOfWeek)}요일,,AnalysisChartTemporalPolicy,app/src/main/java/com/training/trackplanner/analysis/trends/AnalysisChartTemporalPolicy.kt,152,PRODUCTION_UI,DIRECT_LITERAL_REQUIRES_RESOURCE,${},NO,Baseline Kotlin literal inventory
,월,,AnalysisChartTemporalPolicy,app/src/main/java/com/training/trackplanner/analysis/trends/AnalysisChartTemporalPolicy.kt,165,PRODUCTION_UI,DIRECT_LITERAL_REQUIRES_RESOURCE,,NO,Baseline Kotlin literal inventory
,화,,AnalysisChartTemporalPolicy,app/src/main/java/com/training/trackplanner/analysis/trends/AnalysisChartTemporalPolicy.kt,166,PRODUCTION_UI,DIRECT_LITERAL_REQUIRES_RESOURCE,,NO,Baseline Kotlin literal inventory
,수,,AnalysisChartTemporalPolicy,app/src/main/java/com/training/trackplanner/analysis/trends/AnalysisChartTemporalPolicy.kt,167,PRODUCTION_UI,DIRECT_LITERAL_REQUIRES_RESOURCE,,NO,Baseline Kotlin literal inventory
,목,,AnalysisChartTemporalPolicy,app/src/main/java/com/training/trackplanner/analysis/trends/AnalysisChartTemporalPolicy.kt,168,PRODUCTION_UI,DIRECT_LITERAL_REQUIRES_RESOURCE,,NO,Baseline Kotlin literal inventory
,금,,AnalysisChartTemporalPolicy,app/src/main/java/com/training/trackplanner/analysis/trends/AnalysisChartTemporalPolicy.kt,169,PRODUCTION_UI,DIRECT_LITERAL_REQUIRES_RESOURCE,,NO,Baseline Kotlin literal inventory
,토,,AnalysisChartTemporalPolicy,app/src/main/java/com/training/trackplanner/analysis/trends/AnalysisChartTemporalPolicy.kt,170,PRODUCTION_UI,DIRECT_LITERAL_REQUIRES_RESOURCE,,NO,Baseline Kotlin literal inventory
,일,,AnalysisChartTemporalPolicy,app/src/main/java/com/training/trackplanner/analysis/trends/AnalysisChartTemporalPolicy.kt,171,PRODUCTION_UI,DIRECT_LITERAL_REQUIRES_RESOURCE,,NO,Baseline Kotlin literal inventory
,운동\s*\d+,,BadmintonTrainingLoadIndexCalculator,app/src/main/java/com/training/trackplanner/analysis/trends/BadmintonTrainingLoadIndexCalculator.kt,201,NON_DISPLAY_IDENTIFIER,NON_DISPLAY_IDENTIFIER,,NO,Baseline Kotlin literal inventory
,항회전,,BadmintonTrainingLoadIndexCalculator,app/src/main/java/com/training/trackplanner/analysis/trends/BadmintonTrainingLoadIndexCalculator.kt,265,PRODUCTION_UI,DIRECT_LITERAL_REQUIRES_RESOURCE,,NO,Baseline Kotlin literal inventory
,회전저항,,BadmintonTrainingLoadIndexCalculator,app/src/main/java/com/training/trackplanner/analysis/trends/BadmintonTrainingLoadIndexCalculator.kt,266,PRODUCTION_UI,DIRECT_LITERAL_REQUIRES_RESOURCE,,NO,Baseline Kotlin literal inventory
,팔로프,,BadmintonTrainingLoadIndexCalculator,app/src/main/java/com/training/trackplanner/analysis/trends/BadmintonTrainingLoadIndexCalculator.kt,267,PRODUCTION_UI,DIRECT_LITERAL_REQUIRES_RESOURCE,,NO,Baseline Kotlin literal inventory
,수트케이스,,BadmintonTrainingLoadIndexCalculator,app/src/main/java/com/training/trackplanner/analysis/trends/BadmintonTrainingLoadIndexCalculator.kt,268,PRODUCTION_UI,DIRECT_LITERAL_REQUIRES_RESOURCE,,NO,Baseline Kotlin literal inventory
,원암,,BadmintonTrainingLoadIndexCalculator,app/src/main/java/com/training/trackplanner/analysis/trends/BadmintonTrainingLoadIndexCalculator.kt,271,PRODUCTION_UI,DIRECT_LITERAL_REQUIRES_RESOURCE,,NO,Baseline Kotlin literal inventory
,케이블,,BadmintonTrainingLoadIndexCalculator,app/src/main/java/com/training/trackplanner/analysis/trends/BadmintonTrainingLoadIndexCalculator.kt,272,PRODUCTION_UI,DIRECT_LITERAL_REQUIRES_RESOURCE,,NO,Baseline Kotlin literal inventory
,로우,,BadmintonTrainingLoadIndexCalculator,app/src/main/java/com/training/trackplanner/analysis/trends/BadmintonTrainingLoadIndexCalculator.kt,273,PRODUCTION_UI,DIRECT_LITERAL_REQUIRES_RESOURCE,,NO,Baseline Kotlin literal inventory
,서서,,BadmintonTrainingLoadIndexCalculator,app/src/main/java/com/training/trackplanner/analysis/trends/BadmintonTrainingLoadIndexCalculator.kt,274,PRODUCTION_UI,DIRECT_LITERAL_REQUIRES_RESOURCE,,NO,Baseline Kotlin literal inventory
,풋워크,,BadmintonTrainingMethodLabels,app/src/main/java/com/training/trackplanner/analysis/trends/BadmintonTrainingMethodLabels.kt,5,PRODUCTION_UI,DIRECT_LITERAL_REQUIRES_RESOURCE,,NO,Baseline Kotlin literal inventory
,리액션,,BadmintonTrainingMethodLabels,app/src/main/java/com/training/trackplanner/analysis/trends/BadmintonTrainingMethodLabels.kt,6,PRODUCTION_UI,DIRECT_LITERAL_REQUIRES_RESOURCE,,NO,Baseline Kotlin literal inventory
,점프/착지,,BadmintonTrainingMethodLabels,app/src/main/java/com/training/trackplanner/analysis/trends/BadmintonTrainingMethodLabels.kt,7,PRODUCTION_UI,DIRECT_LITERAL_REQUIRES_RESOURCE,,NO,Baseline Kotlin literal inventory
,런지/리치,,BadmintonTrainingMethodLabels,app/src/main/java/com/training/trackplanner/analysis/trends/BadmintonTrainingMethodLabels.kt,8,PRODUCTION_UI,DIRECT_LITERAL_REQUIRES_RESOURCE,,NO,Baseline Kotlin literal inventory
,가속/첫 스텝,,BadmintonTrainingMethodLabels,app/src/main/java/com/training/trackplanner/analysis/trends/BadmintonTrainingMethodLabels.kt,9,PRODUCTION_UI,DIRECT_LITERAL_REQUIRES_RESOURCE,,NO,Baseline Kotlin literal inventory
,감속,,BadmintonTrainingMethodLabels,app/src/main/java/com/training/trackplanner/analysis/trends/BadmintonTrainingMethodLabels.kt,10,PRODUCTION_UI,DIRECT_LITERAL_REQUIRES_RESOURCE,,NO,Baseline Kotlin literal inventory
,회전 생성,,BadmintonTrainingMethodLabels,app/src/main/java/com/training/trackplanner/analysis/trends/BadmintonTrainingMethodLabels.kt,11,PRODUCTION_UI,DIRECT_LITERAL_REQUIRES_RESOURCE,,NO,Baseline Kotlin literal inventory
,항회전/몸통제어,,BadmintonTrainingMethodLabels,app/src/main/java/com/training/trackplanner/analysis/trends/BadmintonTrainingMethodLabels.kt,12,PRODUCTION_UI,DIRECT_LITERAL_REQUIRES_RESOURCE,,NO,Baseline Kotlin literal inventory
,컨디셔닝,,BadmintonTrainingMethodLabels,app/src/main/java/com/training/trackplanner/analysis/trends/BadmintonTrainingMethodLabels.kt,13,PRODUCTION_UI,DIRECT_LITERAL_REQUIRES_RESOURCE,,NO,Baseline Kotlin literal inventory
,기타,,BadmintonTrainingMethodLabels,app/src/main/java/com/training/trackplanner/analysis/trends/BadmintonTrainingMethodLabels.kt,14,PRODUCTION_UI,DIRECT_LITERAL_REQUIRES_RESOURCE,,NO,Baseline Kotlin literal inventory
,"코트 이동, 스텝, 위치 회복을 직접 보강하는 전이 목적입니다.",,BadmintonTrainingMethodLabels,app/src/main/java/com/training/trackplanner/analysis/trends/BadmintonTrainingMethodLabels.kt,18,PRODUCTION_UI,DIRECT_LITERAL_REQUIRES_RESOURCE,,NO,Baseline Kotlin literal inventory
,신호나 상황 변화에 맞춰 빠르게 판단하고 반응하는 전이 목적입니다.,,BadmintonTrainingMethodLabels,app/src/main/java/com/training/trackplanner/analysis/trends/BadmintonTrainingMethodLabels.kt,19,PRODUCTION_UI,DIRECT_LITERAL_REQUIRES_RESOURCE,,NO,Baseline Kotlin literal inventory
,"멈춤, 착지, 방향전환 직전의 감속 능력을 보강하는 훈련입니다.",,BadmintonTrainingMethodLabels,app/src/main/java/com/training/trackplanner/analysis/trends/BadmintonTrainingMethodLabels.kt,20,PRODUCTION_UI,DIRECT_LITERAL_REQUIRES_RESOURCE,,NO,Baseline Kotlin literal inventory
,첫 스텝과 짧은 거리 가속을 보강하는 훈련입니다.,,BadmintonTrainingMethodLabels,app/src/main/java/com/training/trackplanner/analysis/trends/BadmintonTrainingMethodLabels.kt,21,PRODUCTION_UI,DIRECT_LITERAL_REQUIRES_RESOURCE,,NO,Baseline Kotlin literal inventory
,점프와 착지 제어를 보강하는 훈련입니다.,,BadmintonTrainingMethodLabels,app/src/main/java/com/training/trackplanner/analysis/trends/BadmintonTrainingMethodLabels.kt,22,PRODUCTION_UI,DIRECT_LITERAL_REQUIRES_RESOURCE,,NO,Baseline Kotlin literal inventory
,"런지, 리치, 넓은 보폭에서 자세를 유지하는 전이 목적입니다.",,BadmintonTrainingMethodLabels,app/src/main/java/com/training/trackplanner/analysis/trends/BadmintonTrainingMethodLabels.kt,23,PRODUCTION_UI,DIRECT_LITERAL_REQUIRES_RESOURCE,,NO,Baseline Kotlin literal inventory
,"스매시, 클리어, 드라이브처럼 하체-몸통-어깨로 힘을 전달하는 전이 목적입니다.",,BadmintonTrainingMethodLabels,app/src/main/java/com/training/trackplanner/analysis/trends/BadmintonTrainingMethodLabels.kt,24,PRODUCTION_UI,DIRECT_LITERAL_REQUIRES_RESOURCE,,NO,Baseline Kotlin literal inventory
,"리치, 런지, 방향전환 중 몸통이 무너지지 않게 버티는 전이 목적입니다.",,BadmintonTrainingMethodLabels,app/src/main/java/com/training/trackplanner/analysis/trends/BadmintonTrainingMethodLabels.kt,25,PRODUCTION_UI,DIRECT_LITERAL_REQUIRES_RESOURCE,,NO,Baseline Kotlin literal inventory
,배드민턴 훈련을 버틸 수 있는 반복 능력과 체력 기반을 보강하는 전이 목적입니다.,,BadmintonTrainingMethodLabels,app/src/main/java/com/training/trackplanner/analysis/trends/BadmintonTrainingMethodLabels.kt,26,PRODUCTION_UI,DIRECT_LITERAL_REQUIRES_RESOURCE,,NO,Baseline Kotlin literal inventory
,기존 메타데이터에서 확인된 배드민턴 전이 목적입니다.,,BadmintonTrainingMethodLabels,app/src/main/java/com/training/trackplanner/analysis/trends/BadmintonTrainingMethodLabels.kt,27,PRODUCTION_UI,DIRECT_LITERAL_REQUIRES_RESOURCE,,NO,Baseline Kotlin literal inventory
,최근 7일 배드민턴 전이 목적 기록이 부족합니다.,,BadmintonTrainingMethodSeries,app/src/main/java/com/training/trackplanner/analysis/trends/BadmintonTrainingMethodSeries.kt,42,PRODUCTION_UI,DIRECT_LITERAL_REQUIRES_RESOURCE,,NO,Baseline Kotlin literal inventory
,최근 7일 배드민턴 전이 목적 기록이 부족합니다.,,BadmintonTrainingMethodSeries,app/src/main/java/com/training/trackplanner/analysis/trends/BadmintonTrainingMethodSeries.kt,45,PRODUCTION_UI,DIRECT_LITERAL_REQUIRES_RESOURCE,,NO,Baseline Kotlin literal inventory
,최근 7일은 $topText 자극이 많습니다.,,BadmintonTrainingMethodSeries,app/src/main/java/com/training/trackplanner/analysis/trends/BadmintonTrainingMethodSeries.kt,59,PRODUCTION_UI,DIRECT_LITERAL_REQUIRES_RESOURCE,${},NO,Baseline Kotlin literal inventory
,"최근 7일은 $topText 자극이 많고, $lowText 자극은 상대적으로 적습니다.",,BadmintonTrainingMethodSeries,app/src/main/java/com/training/trackplanner/analysis/trends/BadmintonTrainingMethodSeries.kt,61,PRODUCTION_UI,DIRECT_LITERAL_REQUIRES_RESOURCE,${},NO,Baseline Kotlin literal inventory
,최근 7일,,BadmintonTrainingMethodSeries,app/src/main/java/com/training/trackplanner/analysis/trends/BadmintonTrainingMethodSeries.kt,73,PRODUCTION_UI,DIRECT_LITERAL_REQUIRES_RESOURCE,,NO,Baseline Kotlin literal inventory
,최근 28일 평균(7일 환산),,BadmintonTrainingMethodSeries,app/src/main/java/com/training/trackplanner/analysis/trends/BadmintonTrainingMethodSeries.kt,74,PRODUCTION_UI,DIRECT_LITERAL_REQUIRES_RESOURCE,,NO,Baseline Kotlin literal inventory
,근력운동 해설,,PerformanceChartSpecBuilder,app/src/main/java/com/training/trackplanner/analysis/trends/PerformanceChartSpecBuilder.kt,34,PRODUCTION_UI,DIRECT_LITERAL_REQUIRES_RESOURCE,,NO,Baseline Kotlin literal inventory
,강도/수행량/RPE 대비 운동량 구성,,PerformanceChartSpecBuilder,app/src/main/java/com/training/trackplanner/analysis/trends/PerformanceChartSpecBuilder.kt,41,PRODUCTION_UI,DIRECT_LITERAL_REQUIRES_RESOURCE,,NO,Baseline Kotlin literal inventory
,최근 변화 기여,,PerformanceChartSpecBuilder,app/src/main/java/com/training/trackplanner/analysis/trends/PerformanceChartSpecBuilder.kt,45,PRODUCTION_UI,DIRECT_LITERAL_REQUIRES_RESOURCE,,NO,Baseline Kotlin literal inventory
,최근 패턴별 볼륨,,PerformanceChartSpecBuilder,app/src/main/java/com/training/trackplanner/analysis/trends/PerformanceChartSpecBuilder.kt,49,PRODUCTION_UI,DIRECT_LITERAL_REQUIRES_RESOURCE,,NO,Baseline Kotlin literal inventory
,관계 분석,,PerformanceChartSpecBuilder,app/src/main/java/com/training/trackplanner/analysis/trends/PerformanceChartSpecBuilder.kt,57,PRODUCTION_UI,DIRECT_LITERAL_REQUIRES_RESOURCE,,NO,Baseline Kotlin literal inventory
,배드민턴 훈련 해설,,PerformanceChartSpecBuilder,app/src/main/java/com/training/trackplanner/analysis/trends/PerformanceChartSpecBuilder.kt,75,PRODUCTION_UI,DIRECT_LITERAL_REQUIRES_RESOURCE,,NO,Baseline Kotlin literal inventory
,배드민턴 훈련 구성,,PerformanceChartSpecBuilder,app/src/main/java/com/training/trackplanner/analysis/trends/PerformanceChartSpecBuilder.kt,82,PRODUCTION_UI,DIRECT_LITERAL_REQUIRES_RESOURCE,,NO,Baseline Kotlin literal inventory
,최근 변화 기여,,PerformanceChartSpecBuilder,app/src/main/java/com/training/trackplanner/analysis/trends/PerformanceChartSpecBuilder.kt,86,PRODUCTION_UI,DIRECT_LITERAL_REQUIRES_RESOURCE,,NO,Baseline Kotlin literal inventory
,최근 관련 훈련,,PerformanceChartSpecBuilder,app/src/main/java/com/training/trackplanner/analysis/trends/PerformanceChartSpecBuilder.kt,90,PRODUCTION_UI,DIRECT_LITERAL_REQUIRES_RESOURCE,,NO,Baseline Kotlin literal inventory
,운동 ${entry.key},,PerformanceChartSpecBuilder,app/src/main/java/com/training/trackplanner/analysis/trends/PerformanceChartSpecBuilder.kt,95,PRODUCTION_UI,DIRECT_LITERAL_REQUIRES_RESOURCE,${},NO,Baseline Kotlin literal inventory
,관계 분석,,PerformanceChartSpecBuilder,app/src/main/java/com/training/trackplanner/analysis/trends/PerformanceChartSpecBuilder.kt,98,PRODUCTION_UI,DIRECT_LITERAL_REQUIRES_RESOURCE,,NO,Baseline Kotlin literal inventory
,피로도 해설,,PerformanceChartSpecBuilder,app/src/main/java/com/training/trackplanner/analysis/trends/PerformanceChartSpecBuilder.kt,115,PRODUCTION_UI,DIRECT_LITERAL_REQUIRES_RESOURCE,,NO,Baseline Kotlin literal inventory
,현재 피로도 구성,,PerformanceChartSpecBuilder,app/src/main/java/com/training/trackplanner/analysis/trends/PerformanceChartSpecBuilder.kt,122,PRODUCTION_UI,DIRECT_LITERAL_REQUIRES_RESOURCE,,NO,Baseline Kotlin literal inventory
,최근 피로도 변화 기여,,PerformanceChartSpecBuilder,app/src/main/java/com/training/trackplanner/analysis/trends/PerformanceChartSpecBuilder.kt,126,PRODUCTION_UI,DIRECT_LITERAL_REQUIRES_RESOURCE,,NO,Baseline Kotlin literal inventory
,현재 부담 상위 부위,,PerformanceChartSpecBuilder,app/src/main/java/com/training/trackplanner/analysis/trends/PerformanceChartSpecBuilder.kt,130,PRODUCTION_UI,DIRECT_LITERAL_REQUIRES_RESOURCE,,NO,Baseline Kotlin literal inventory
,관계 분석,,PerformanceChartSpecBuilder,app/src/main/java/com/training/trackplanner/analysis/trends/PerformanceChartSpecBuilder.kt,138,PRODUCTION_UI,DIRECT_LITERAL_REQUIRES_RESOURCE,,NO,Baseline Kotlin literal inventory
,관계 분석,,PerformanceChartSpecBuilder,app/src/main/java/com/training/trackplanner/analysis/trends/PerformanceChartSpecBuilder.kt,145,PRODUCTION_UI,DIRECT_LITERAL_REQUIRES_RESOURCE,,NO,Baseline Kotlin literal inventory
,강도,,PerformanceChartSpecBuilder,app/src/main/java/com/training/trackplanner/analysis/trends/PerformanceChartSpecBuilder.kt,161,PRODUCTION_UI,DIRECT_LITERAL_REQUIRES_RESOURCE,,NO,Baseline Kotlin literal inventory
,수행량,,PerformanceChartSpecBuilder,app/src/main/java/com/training/trackplanner/analysis/trends/PerformanceChartSpecBuilder.kt,162,PRODUCTION_UI,DIRECT_LITERAL_REQUIRES_RESOURCE,,NO,Baseline Kotlin literal inventory
,RPE 대비 운동량,,PerformanceChartSpecBuilder,app/src/main/java/com/training/trackplanner/analysis/trends/PerformanceChartSpecBuilder.kt,163,PRODUCTION_UI,DIRECT_LITERAL_REQUIRES_RESOURCE,,NO,Baseline Kotlin literal inventory
,셔틀 플레이,,PerformanceChartSpecBuilder,app/src/main/java/com/training/trackplanner/analysis/trends/PerformanceChartSpecBuilder.kt,171,PRODUCTION_UI,DIRECT_LITERAL_REQUIRES_RESOURCE,,NO,Baseline Kotlin literal inventory
,풋워크/반응,,PerformanceChartSpecBuilder,app/src/main/java/com/training/trackplanner/analysis/trends/PerformanceChartSpecBuilder.kt,172,PRODUCTION_UI,DIRECT_LITERAL_REQUIRES_RESOURCE,,NO,Baseline Kotlin literal inventory
,보조훈련,,PerformanceChartSpecBuilder,app/src/main/java/com/training/trackplanner/analysis/trends/PerformanceChartSpecBuilder.kt,173,PRODUCTION_UI,DIRECT_LITERAL_REQUIRES_RESOURCE,,NO,Baseline Kotlin literal inventory
,전신,,PerformanceChartSpecBuilder,app/src/main/java/com/training/trackplanner/analysis/trends/PerformanceChartSpecBuilder.kt,181,PRODUCTION_UI,DIRECT_LITERAL_REQUIRES_RESOURCE,,NO,Baseline Kotlin literal inventory
,근력운동,,PerformanceChartSpecBuilder,app/src/main/java/com/training/trackplanner/analysis/trends/PerformanceChartSpecBuilder.kt,182,PRODUCTION_UI,DIRECT_LITERAL_REQUIRES_RESOURCE,,NO,Baseline Kotlin literal inventory
,배드민턴,,PerformanceChartSpecBuilder,app/src/main/java/com/training/trackplanner/analysis/trends/PerformanceChartSpecBuilder.kt,183,PRODUCTION_UI,DIRECT_LITERAL_REQUIRES_RESOURCE,,NO,Baseline Kotlin literal inventory
,국소/부위,,PerformanceChartSpecBuilder,app/src/main/java/com/training/trackplanner/analysis/trends/PerformanceChartSpecBuilder.kt,184,PRODUCTION_UI,DIRECT_LITERAL_REQUIRES_RESOURCE,,NO,Baseline Kotlin literal inventory
,회복/수행,,PerformanceChartSpecBuilder,app/src/main/java/com/training/trackplanner/analysis/trends/PerformanceChartSpecBuilder.kt,185,PRODUCTION_UI,DIRECT_LITERAL_REQUIRES_RESOURCE,,NO,Baseline Kotlin literal inventory
,강도,,PerformanceChartSpecBuilder,app/src/main/java/com/training/trackplanner/analysis/trends/PerformanceChartSpecBuilder.kt,195,PRODUCTION_UI,DIRECT_LITERAL_REQUIRES_RESOURCE,,NO,Baseline Kotlin literal inventory
,수행량,,PerformanceChartSpecBuilder,app/src/main/java/com/training/trackplanner/analysis/trends/PerformanceChartSpecBuilder.kt,196,PRODUCTION_UI,DIRECT_LITERAL_REQUIRES_RESOURCE,,NO,Baseline Kotlin literal inventory
,RPE 대비 운동량,,PerformanceChartSpecBuilder,app/src/main/java/com/training/trackplanner/analysis/trends/PerformanceChartSpecBuilder.kt,197,PRODUCTION_UI,DIRECT_LITERAL_REQUIRES_RESOURCE,,NO,Baseline Kotlin literal inventory
,셔틀 플레이,,PerformanceChartSpecBuilder,app/src/main/java/com/training/trackplanner/analysis/trends/PerformanceChartSpecBuilder.kt,206,PRODUCTION_UI,DIRECT_LITERAL_REQUIRES_RESOURCE,,NO,Baseline Kotlin literal inventory
,풋워크,,PerformanceChartSpecBuilder,app/src/main/java/com/training/trackplanner/analysis/trends/PerformanceChartSpecBuilder.kt,207,PRODUCTION_UI,DIRECT_LITERAL_REQUIRES_RESOURCE,,NO,Baseline Kotlin literal inventory
,보조,,PerformanceChartSpecBuilder,app/src/main/java/com/training/trackplanner/analysis/trends/PerformanceChartSpecBuilder.kt,208,PRODUCTION_UI,DIRECT_LITERAL_REQUIRES_RESOURCE,,NO,Baseline Kotlin literal inventory
,전신,,PerformanceChartSpecBuilder,app/src/main/java/com/training/trackplanner/analysis/trends/PerformanceChartSpecBuilder.kt,217,PRODUCTION_UI,DIRECT_LITERAL_REQUIRES_RESOURCE,,NO,Baseline Kotlin literal inventory
,근력운동,,PerformanceChartSpecBuilder,app/src/main/java/com/training/trackplanner/analysis/trends/PerformanceChartSpecBuilder.kt,218,PRODUCTION_UI,DIRECT_LITERAL_REQUIRES_RESOURCE,,NO,Baseline Kotlin literal inventory
,배드민턴,,PerformanceChartSpecBuilder,app/src/main/java/com/training/trackplanner/analysis/trends/PerformanceChartSpecBuilder.kt,219,PRODUCTION_UI,DIRECT_LITERAL_REQUIRES_RESOURCE,,NO,Baseline Kotlin literal inventory
,국소/부위,,PerformanceChartSpecBuilder,app/src/main/java/com/training/trackplanner/analysis/trends/PerformanceChartSpecBuilder.kt,220,PRODUCTION_UI,DIRECT_LITERAL_REQUIRES_RESOURCE,,NO,Baseline Kotlin literal inventory
,회복/수행,,PerformanceChartSpecBuilder,app/src/main/java/com/training/trackplanner/analysis/trends/PerformanceChartSpecBuilder.kt,221,PRODUCTION_UI,DIRECT_LITERAL_REQUIRES_RESOURCE,,NO,Baseline Kotlin literal inventory
,근력운동 퍼포먼스,,PerformanceTrendEngine,app/src/main/java/com/training/trackplanner/analysis/trends/PerformanceTrendEngine.kt,56,PRODUCTION_UI,DIRECT_LITERAL_REQUIRES_RESOURCE,,NO,Baseline Kotlin literal inventory
,배드민턴 훈련량,,PerformanceTrendEngine,app/src/main/java/com/training/trackplanner/analysis/trends/PerformanceTrendEngine.kt,62,PRODUCTION_UI,DIRECT_LITERAL_REQUIRES_RESOURCE,,NO,Baseline Kotlin literal inventory
,이번 주 누적 부담,,PerformanceTrendEngine,app/src/main/java/com/training/trackplanner/analysis/trends/PerformanceTrendEngine.kt,68,PRODUCTION_UI,DIRECT_LITERAL_REQUIRES_RESOURCE,,NO,Baseline Kotlin literal inventory
,근력운동 해설,,PerformanceTrendEngine,app/src/main/java/com/training/trackplanner/analysis/trends/PerformanceTrendEngine.kt,245,PRODUCTION_UI,DIRECT_LITERAL_REQUIRES_RESOURCE,,NO,Baseline Kotlin literal inventory
,배드민턴 훈련 해설,,PerformanceTrendEngine,app/src/main/java/com/training/trackplanner/analysis/trends/PerformanceTrendEngine.kt,256,PRODUCTION_UI,DIRECT_LITERAL_REQUIRES_RESOURCE,,NO,Baseline Kotlin literal inventory
,피로도 해설,,PerformanceTrendEngine,app/src/main/java/com/training/trackplanner/analysis/trends/PerformanceTrendEngine.kt,272,PRODUCTION_UI,DIRECT_LITERAL_REQUIRES_RESOURCE,,NO,Baseline Kotlin literal inventory
,관계 분석,,PerformanceTrendEngine,app/src/main/java/com/training/trackplanner/analysis/trends/PerformanceTrendEngine.kt,289,PRODUCTION_UI,DIRECT_LITERAL_REQUIRES_RESOURCE,,NO,Baseline Kotlin literal inventory
,차트 제한,,PerformanceTrendEngine,app/src/main/java/com/training/trackplanner/analysis/trends/PerformanceTrendEngine.kt,304,PRODUCTION_UI,DIRECT_LITERAL_REQUIRES_RESOURCE,,NO,Baseline Kotlin literal inventory
,예상 범위 숨김,,PerformanceTrendEngine,app/src/main/java/com/training/trackplanner/analysis/trends/PerformanceTrendEngine.kt,305,PRODUCTION_UI,DIRECT_LITERAL_REQUIRES_RESOURCE,,NO,Baseline Kotlin literal inventory
,보수적 해석,,PerformanceTrendEngine,app/src/main/java/com/training/trackplanner/analysis/trends/PerformanceTrendEngine.kt,306,NON_DISPLAY_IDENTIFIER,NON_DISPLAY_IDENTIFIER,,NO,Baseline Kotlin literal inventory
,추세 표시 가능,,PerformanceTrendEngine,app/src/main/java/com/training/trackplanner/analysis/trends/PerformanceTrendEngine.kt,307,NON_DISPLAY_IDENTIFIER,NON_DISPLAY_IDENTIFIER,,NO,Baseline Kotlin literal inventory
,기록이 더 쌓이면 추세 판단이 안정됩니다.,,PerformanceTrendSentenceBuilder,app/src/main/java/com/training/trackplanner/analysis/trends/PerformanceTrendSentenceBuilder.kt,13,PRODUCTION_UI,DIRECT_LITERAL_REQUIRES_RESOURCE,,NO,Baseline Kotlin literal inventory
,"근력운동은 $strengthTrend, 배드민턴 훈련량은 $badmintonTrend, 이번 주 누적 부담은 $fatigueTrend 흐름입니다.",,PerformanceTrendSentenceBuilder,app/src/main/java/com/training/trackplanner/analysis/trends/PerformanceTrendSentenceBuilder.kt,18,PRODUCTION_UI,DIRECT_LITERAL_REQUIRES_RESOURCE,${},NO,Baseline Kotlin literal inventory
,기록이 더 쌓이면 근력운동 흐름을 볼 수 있습니다.,,PerformanceTrendSentenceBuilder,app/src/main/java/com/training/trackplanner/analysis/trends/PerformanceTrendSentenceBuilder.kt,24,PRODUCTION_UI,DIRECT_LITERAL_REQUIRES_RESOURCE,,NO,Baseline Kotlin literal inventory
,최근 근력운동 퍼포먼스는 강도와 수행량의 상대 변화로 계산됩니다.,,PerformanceTrendSentenceBuilder,app/src/main/java/com/training/trackplanner/analysis/trends/PerformanceTrendSentenceBuilder.kt,26,PRODUCTION_UI,DIRECT_LITERAL_REQUIRES_RESOURCE,,NO,Baseline Kotlin literal inventory
,기록이 더 쌓이면 배드민턴 관련 수행량을 볼 수 있습니다.,,PerformanceTrendSentenceBuilder,app/src/main/java/com/training/trackplanner/analysis/trends/PerformanceTrendSentenceBuilder.kt,31,PRODUCTION_UI,DIRECT_LITERAL_REQUIRES_RESOURCE,,NO,Baseline Kotlin literal inventory
,"배드민턴 훈련량은 셔틀 플레이 시간, 풋워크/반응, 보조훈련량을 합친 흐름입니다.",,PerformanceTrendSentenceBuilder,app/src/main/java/com/training/trackplanner/analysis/trends/PerformanceTrendSentenceBuilder.kt,33,PRODUCTION_UI,DIRECT_LITERAL_REQUIRES_RESOURCE,,NO,Baseline Kotlin literal inventory
,기록이 더 쌓이면 피로 부담 흐름을 볼 수 있습니다.,,PerformanceTrendSentenceBuilder,app/src/main/java/com/training/trackplanner/analysis/trends/PerformanceTrendSentenceBuilder.kt,38,PRODUCTION_UI,DIRECT_LITERAL_REQUIRES_RESOURCE,,NO,Baseline Kotlin literal inventory
,이번 주 누적 부담은 canonical OFI 흐름을 주간 단위로 확인하는 지표입니다.,,PerformanceTrendSentenceBuilder,app/src/main/java/com/training/trackplanner/analysis/trends/PerformanceTrendSentenceBuilder.kt,40,PRODUCTION_UI,DIRECT_LITERAL_REQUIRES_RESOURCE,,NO,Baseline Kotlin literal inventory
,유지권,,PerformanceTrendSentenceBuilder,app/src/main/java/com/training/trackplanner/analysis/trends/PerformanceTrendSentenceBuilder.kt,45,PRODUCTION_UI,DIRECT_LITERAL_REQUIRES_RESOURCE,,NO,Baseline Kotlin literal inventory
,상승,,PerformanceTrendSentenceBuilder,app/src/main/java/com/training/trackplanner/analysis/trends/PerformanceTrendSentenceBuilder.kt,48,PRODUCTION_UI,DIRECT_LITERAL_REQUIRES_RESOURCE,,NO,Baseline Kotlin literal inventory
,하락,,PerformanceTrendSentenceBuilder,app/src/main/java/com/training/trackplanner/analysis/trends/PerformanceTrendSentenceBuilder.kt,49,PRODUCTION_UI,DIRECT_LITERAL_REQUIRES_RESOURCE,,NO,Baseline Kotlin literal inventory
,유지권,,PerformanceTrendSentenceBuilder,app/src/main/java/com/training/trackplanner/analysis/trends/PerformanceTrendSentenceBuilder.kt,50,PRODUCTION_UI,DIRECT_LITERAL_REQUIRES_RESOURCE,,NO,Baseline Kotlin literal inventory
,부상 위험,,PerformanceTrendSentenceBuilder,app/src/main/java/com/training/trackplanner/analysis/trends/PerformanceTrendSentenceBuilder.kt,59,DEVELOPER_DIAGNOSTIC,DEVELOPER_DIAGNOSTIC,,NO,Baseline Kotlin literal inventory
,다칠 수 있습니다,,PerformanceTrendSentenceBuilder,app/src/main/java/com/training/trackplanner/analysis/trends/PerformanceTrendSentenceBuilder.kt,60,DEVELOPER_DIAGNOSTIC,DEVELOPER_DIAGNOSTIC,,NO,Baseline Kotlin literal inventory
,과훈련,,PerformanceTrendSentenceBuilder,app/src/main/java/com/training/trackplanner/analysis/trends/PerformanceTrendSentenceBuilder.kt,61,DEVELOPER_DIAGNOSTIC,DEVELOPER_DIAGNOSTIC,,NO,Baseline Kotlin literal inventory
,위험합니다,,PerformanceTrendSentenceBuilder,app/src/main/java/com/training/trackplanner/analysis/trends/PerformanceTrendSentenceBuilder.kt,62,DEVELOPER_DIAGNOSTIC,DEVELOPER_DIAGNOSTIC,,NO,Baseline Kotlin literal inventory
,진단,,PerformanceTrendSentenceBuilder,app/src/main/java/com/training/trackplanner/analysis/trends/PerformanceTrendSentenceBuilder.kt,63,DEVELOPER_DIAGNOSTIC,DEVELOPER_DIAGNOSTIC,,NO,Baseline Kotlin literal inventory
,실력 향상,,PerformanceTrendSentenceBuilder,app/src/main/java/com/training/trackplanner/analysis/trends/PerformanceTrendSentenceBuilder.kt,64,DEVELOPER_DIAGNOSTIC,DEVELOPER_DIAGNOSTIC,,NO,Baseline Kotlin literal inventory
,때문에,,PerformanceTrendSentenceBuilder,app/src/main/java/com/training/trackplanner/analysis/trends/PerformanceTrendSentenceBuilder.kt,65,DEVELOPER_DIAGNOSTIC,DEVELOPER_DIAGNOSTIC,,NO,Baseline Kotlin literal inventory
,원인입니다,,PerformanceTrendSentenceBuilder,app/src/main/java/com/training/trackplanner/analysis/trends/PerformanceTrendSentenceBuilder.kt,66,DEVELOPER_DIAGNOSTIC,DEVELOPER_DIAGNOSTIC,,NO,Baseline Kotlin literal inventory
,확실합니다,,PerformanceTrendSentenceBuilder,app/src/main/java/com/training/trackplanner/analysis/trends/PerformanceTrendSentenceBuilder.kt,67,DEVELOPER_DIAGNOSTIC,DEVELOPER_DIAGNOSTIC,,NO,Baseline Kotlin literal inventory
,근력운동 퍼포먼스,,PerformanceTrendSentenceBuilder,app/src/main/java/com/training/trackplanner/analysis/trends/PerformanceTrendSentenceBuilder.kt,78,PRODUCTION_UI,DIRECT_LITERAL_REQUIRES_RESOURCE,,NO,Baseline Kotlin literal inventory
,강도,,PerformanceTrendSentenceBuilder,app/src/main/java/com/training/trackplanner/analysis/trends/PerformanceTrendSentenceBuilder.kt,79,PRODUCTION_UI,DIRECT_LITERAL_REQUIRES_RESOURCE,,NO,Baseline Kotlin literal inventory
,수행량,,PerformanceTrendSentenceBuilder,app/src/main/java/com/training/trackplanner/analysis/trends/PerformanceTrendSentenceBuilder.kt,80,PRODUCTION_UI,DIRECT_LITERAL_REQUIRES_RESOURCE,,NO,Baseline Kotlin literal inventory
,RPE 대비 운동량,,PerformanceTrendSentenceBuilder,app/src/main/java/com/training/trackplanner/analysis/trends/PerformanceTrendSentenceBuilder.kt,81,PRODUCTION_UI,DIRECT_LITERAL_REQUIRES_RESOURCE,,NO,Baseline Kotlin literal inventory
,배드민턴 훈련량,,PerformanceTrendSentenceBuilder,app/src/main/java/com/training/trackplanner/analysis/trends/PerformanceTrendSentenceBuilder.kt,82,PRODUCTION_UI,DIRECT_LITERAL_REQUIRES_RESOURCE,,NO,Baseline Kotlin literal inventory
,셔틀 플레이 시간,,PerformanceTrendSentenceBuilder,app/src/main/java/com/training/trackplanner/analysis/trends/PerformanceTrendSentenceBuilder.kt,83,PRODUCTION_UI,DIRECT_LITERAL_REQUIRES_RESOURCE,,NO,Baseline Kotlin literal inventory
,풋워크/반응,,PerformanceTrendSentenceBuilder,app/src/main/java/com/training/trackplanner/analysis/trends/PerformanceTrendSentenceBuilder.kt,84,PRODUCTION_UI,DIRECT_LITERAL_REQUIRES_RESOURCE,,NO,Baseline Kotlin literal inventory
,보조훈련량,,PerformanceTrendSentenceBuilder,app/src/main/java/com/training/trackplanner/analysis/trends/PerformanceTrendSentenceBuilder.kt,85,PRODUCTION_UI,DIRECT_LITERAL_REQUIRES_RESOURCE,,NO,Baseline Kotlin literal inventory
,이번 주 누적 부담,,PerformanceTrendSentenceBuilder,app/src/main/java/com/training/trackplanner/analysis/trends/PerformanceTrendSentenceBuilder.kt,86,PRODUCTION_UI,DIRECT_LITERAL_REQUIRES_RESOURCE,,NO,Baseline Kotlin literal inventory
,전신 부담,,PerformanceTrendSentenceBuilder,app/src/main/java/com/training/trackplanner/analysis/trends/PerformanceTrendSentenceBuilder.kt,87,PRODUCTION_UI,DIRECT_LITERAL_REQUIRES_RESOURCE,,NO,Baseline Kotlin literal inventory
,근력운동 부담,,PerformanceTrendSentenceBuilder,app/src/main/java/com/training/trackplanner/analysis/trends/PerformanceTrendSentenceBuilder.kt,88,PRODUCTION_UI,DIRECT_LITERAL_REQUIRES_RESOURCE,,NO,Baseline Kotlin literal inventory
,배드민턴 부담,,PerformanceTrendSentenceBuilder,app/src/main/java/com/training/trackplanner/analysis/trends/PerformanceTrendSentenceBuilder.kt,89,PRODUCTION_UI,DIRECT_LITERAL_REQUIRES_RESOURCE,,NO,Baseline Kotlin literal inventory
,국소/부위 부담,,PerformanceTrendSentenceBuilder,app/src/main/java/com/training/trackplanner/analysis/trends/PerformanceTrendSentenceBuilder.kt,90,PRODUCTION_UI,DIRECT_LITERAL_REQUIRES_RESOURCE,,NO,Baseline Kotlin literal inventory
,회복/수행 보정,,PerformanceTrendSentenceBuilder,app/src/main/java/com/training/trackplanner/analysis/trends/PerformanceTrendSentenceBuilder.kt,91,PRODUCTION_UI,DIRECT_LITERAL_REQUIRES_RESOURCE,,NO,Baseline Kotlin literal inventory
,수면시간,,PerformanceTrendSentenceBuilder,app/src/main/java/com/training/trackplanner/analysis/trends/PerformanceTrendSentenceBuilder.kt,92,PRODUCTION_UI,DIRECT_LITERAL_REQUIRES_RESOURCE,,NO,Baseline Kotlin literal inventory
,전신 피로 입력,,PerformanceTrendSentenceBuilder,app/src/main/java/com/training/trackplanner/analysis/trends/PerformanceTrendSentenceBuilder.kt,93,PRODUCTION_UI,DIRECT_LITERAL_REQUIRES_RESOURCE,,NO,Baseline Kotlin literal inventory
,하체 피로 입력,,PerformanceTrendSentenceBuilder,app/src/main/java/com/training/trackplanner/analysis/trends/PerformanceTrendSentenceBuilder.kt,94,PRODUCTION_UI,DIRECT_LITERAL_REQUIRES_RESOURCE,,NO,Baseline Kotlin literal inventory
,관절/건 불편감,,PerformanceTrendSentenceBuilder,app/src/main/java/com/training/trackplanner/analysis/trends/PerformanceTrendSentenceBuilder.kt,95,PRODUCTION_UI,DIRECT_LITERAL_REQUIRES_RESOURCE,,NO,Baseline Kotlin literal inventory
,집중력/의욕,,PerformanceTrendSentenceBuilder,app/src/main/java/com/training/trackplanner/analysis/trends/PerformanceTrendSentenceBuilder.kt,96,PRODUCTION_UI,DIRECT_LITERAL_REQUIRES_RESOURCE,,NO,Baseline Kotlin literal inventory
,회복 체크인 종합,,PerformanceTrendSentenceBuilder,app/src/main/java/com/training/trackplanner/analysis/trends/PerformanceTrendSentenceBuilder.kt,97,PRODUCTION_UI,DIRECT_LITERAL_REQUIRES_RESOURCE,,NO,Baseline Kotlin literal inventory
,스매시 Top3 평균 속도,,PerformanceTrendSentenceBuilder,app/src/main/java/com/training/trackplanner/analysis/trends/PerformanceTrendSentenceBuilder.kt,98,PRODUCTION_UI,DIRECT_LITERAL_REQUIRES_RESOURCE,,NO,Baseline Kotlin literal inventory
,스매시 최고 속도,,PerformanceTrendSentenceBuilder,app/src/main/java/com/training/trackplanner/analysis/trends/PerformanceTrendSentenceBuilder.kt,99,PRODUCTION_UI,DIRECT_LITERAL_REQUIRES_RESOURCE,,NO,Baseline Kotlin literal inventory
,스매시 평균 속도,,PerformanceTrendSentenceBuilder,app/src/main/java/com/training/trackplanner/analysis/trends/PerformanceTrendSentenceBuilder.kt,100,PRODUCTION_UI,DIRECT_LITERAL_REQUIRES_RESOURCE,,NO,Baseline Kotlin literal inventory
,스매시 속도 시도 수,,PerformanceTrendSentenceBuilder,app/src/main/java/com/training/trackplanner/analysis/trends/PerformanceTrendSentenceBuilder.kt,101,PRODUCTION_UI,DIRECT_LITERAL_REQUIRES_RESOURCE,,NO,Baseline Kotlin literal inventory
,벤치프레스 posterior 중앙값,,PerformanceTrendSentenceBuilder,app/src/main/java/com/training/trackplanner/analysis/trends/PerformanceTrendSentenceBuilder.kt,102,PRODUCTION_UI,DIRECT_LITERAL_REQUIRES_RESOURCE,,NO,Baseline Kotlin literal inventory
,스쿼트 posterior 중앙값,,PerformanceTrendSentenceBuilder,app/src/main/java/com/training/trackplanner/analysis/trends/PerformanceTrendSentenceBuilder.kt,103,PRODUCTION_UI,DIRECT_LITERAL_REQUIRES_RESOURCE,,NO,Baseline Kotlin literal inventory
,데드리프트 posterior 중앙값,,PerformanceTrendSentenceBuilder,app/src/main/java/com/training/trackplanner/analysis/trends/PerformanceTrendSentenceBuilder.kt,104,PRODUCTION_UI,DIRECT_LITERAL_REQUIRES_RESOURCE,,NO,Baseline Kotlin literal inventory
,주간 대퇴사두 운동량,,PerformanceTrendSentenceBuilder,app/src/main/java/com/training/trackplanner/analysis/trends/PerformanceTrendSentenceBuilder.kt,105,PRODUCTION_UI,DIRECT_LITERAL_REQUIRES_RESOURCE,,NO,Baseline Kotlin literal inventory
,주간 대퇴사두 최근 3일 운동량,,PerformanceTrendSentenceBuilder,app/src/main/java/com/training/trackplanner/analysis/trends/PerformanceTrendSentenceBuilder.kt,106,PRODUCTION_UI,DIRECT_LITERAL_REQUIRES_RESOURCE,,NO,Baseline Kotlin literal inventory
,주간 대퇴사두 최근 7일 운동량,,PerformanceTrendSentenceBuilder,app/src/main/java/com/training/trackplanner/analysis/trends/PerformanceTrendSentenceBuilder.kt,107,PRODUCTION_UI,DIRECT_LITERAL_REQUIRES_RESOURCE,,NO,Baseline Kotlin literal inventory
,주간 햄스트링 운동량,,PerformanceTrendSentenceBuilder,app/src/main/java/com/training/trackplanner/analysis/trends/PerformanceTrendSentenceBuilder.kt,108,PRODUCTION_UI,DIRECT_LITERAL_REQUIRES_RESOURCE,,NO,Baseline Kotlin literal inventory
,주간 햄스트링 최근 3일 운동량,,PerformanceTrendSentenceBuilder,app/src/main/java/com/training/trackplanner/analysis/trends/PerformanceTrendSentenceBuilder.kt,109,PRODUCTION_UI,DIRECT_LITERAL_REQUIRES_RESOURCE,,NO,Baseline Kotlin literal inventory
,주간 햄스트링 최근 7일 운동량,,PerformanceTrendSentenceBuilder,app/src/main/java/com/training/trackplanner/analysis/trends/PerformanceTrendSentenceBuilder.kt,110,PRODUCTION_UI,DIRECT_LITERAL_REQUIRES_RESOURCE,,NO,Baseline Kotlin literal inventory
,주간 둔근 운동량,,PerformanceTrendSentenceBuilder,app/src/main/java/com/training/trackplanner/analysis/trends/PerformanceTrendSentenceBuilder.kt,111,PRODUCTION_UI,DIRECT_LITERAL_REQUIRES_RESOURCE,,NO,Baseline Kotlin literal inventory
,주간 둔근 최근 3일 운동량,,PerformanceTrendSentenceBuilder,app/src/main/java/com/training/trackplanner/analysis/trends/PerformanceTrendSentenceBuilder.kt,112,PRODUCTION_UI,DIRECT_LITERAL_REQUIRES_RESOURCE,,NO,Baseline Kotlin literal inventory
,주간 둔근 최근 7일 운동량,,PerformanceTrendSentenceBuilder,app/src/main/java/com/training/trackplanner/analysis/trends/PerformanceTrendSentenceBuilder.kt,113,PRODUCTION_UI,DIRECT_LITERAL_REQUIRES_RESOURCE,,NO,Baseline Kotlin literal inventory
,주간 종아리 운동량,,PerformanceTrendSentenceBuilder,app/src/main/java/com/training/trackplanner/analysis/trends/PerformanceTrendSentenceBuilder.kt,114,PRODUCTION_UI,DIRECT_LITERAL_REQUIRES_RESOURCE,,NO,Baseline Kotlin literal inventory
,주간 종아리 최근 3일 운동량,,PerformanceTrendSentenceBuilder,app/src/main/java/com/training/trackplanner/analysis/trends/PerformanceTrendSentenceBuilder.kt,115,PRODUCTION_UI,DIRECT_LITERAL_REQUIRES_RESOURCE,,NO,Baseline Kotlin literal inventory
,주간 종아리 최근 7일 운동량,,PerformanceTrendSentenceBuilder,app/src/main/java/com/training/trackplanner/analysis/trends/PerformanceTrendSentenceBuilder.kt,116,PRODUCTION_UI,DIRECT_LITERAL_REQUIRES_RESOURCE,,NO,Baseline Kotlin literal inventory
,주간 내전근/외전근 운동량,,PerformanceTrendSentenceBuilder,app/src/main/java/com/training/trackplanner/analysis/trends/PerformanceTrendSentenceBuilder.kt,117,PRODUCTION_UI,DIRECT_LITERAL_REQUIRES_RESOURCE,,NO,Baseline Kotlin literal inventory
,주간 내전근/외전근 최근 3일 운동량,,PerformanceTrendSentenceBuilder,app/src/main/java/com/training/trackplanner/analysis/trends/PerformanceTrendSentenceBuilder.kt,118,PRODUCTION_UI,DIRECT_LITERAL_REQUIRES_RESOURCE,,NO,Baseline Kotlin literal inventory
,주간 내전근/외전근 최근 7일 운동량,,PerformanceTrendSentenceBuilder,app/src/main/java/com/training/trackplanner/analysis/trends/PerformanceTrendSentenceBuilder.kt,119,PRODUCTION_UI,DIRECT_LITERAL_REQUIRES_RESOURCE,,NO,Baseline Kotlin literal inventory
,주간 후면사슬/척추기립근 운동량,,PerformanceTrendSentenceBuilder,app/src/main/java/com/training/trackplanner/analysis/trends/PerformanceTrendSentenceBuilder.kt,120,PRODUCTION_UI,DIRECT_LITERAL_REQUIRES_RESOURCE,,NO,Baseline Kotlin literal inventory
,주간 후면사슬/척추기립근 최근 3일 운동량,,PerformanceTrendSentenceBuilder,app/src/main/java/com/training/trackplanner/analysis/trends/PerformanceTrendSentenceBuilder.kt,121,PRODUCTION_UI,DIRECT_LITERAL_REQUIRES_RESOURCE,,NO,Baseline Kotlin literal inventory
,주간 후면사슬/척추기립근 최근 7일 운동량,,PerformanceTrendSentenceBuilder,app/src/main/java/com/training/trackplanner/analysis/trends/PerformanceTrendSentenceBuilder.kt,122,PRODUCTION_UI,DIRECT_LITERAL_REQUIRES_RESOURCE,,NO,Baseline Kotlin literal inventory
,주간 가슴 운동량,,PerformanceTrendSentenceBuilder,app/src/main/java/com/training/trackplanner/analysis/trends/PerformanceTrendSentenceBuilder.kt,123,PRODUCTION_UI,DIRECT_LITERAL_REQUIRES_RESOURCE,,NO,Baseline Kotlin literal inventory
,주간 가슴 최근 3일 운동량,,PerformanceTrendSentenceBuilder,app/src/main/java/com/training/trackplanner/analysis/trends/PerformanceTrendSentenceBuilder.kt,124,PRODUCTION_UI,DIRECT_LITERAL_REQUIRES_RESOURCE,,NO,Baseline Kotlin literal inventory
,주간 가슴 최근 7일 운동량,,PerformanceTrendSentenceBuilder,app/src/main/java/com/training/trackplanner/analysis/trends/PerformanceTrendSentenceBuilder.kt,125,PRODUCTION_UI,DIRECT_LITERAL_REQUIRES_RESOURCE,,NO,Baseline Kotlin literal inventory
,주간 등/광배 운동량,,PerformanceTrendSentenceBuilder,app/src/main/java/com/training/trackplanner/analysis/trends/PerformanceTrendSentenceBuilder.kt,126,PRODUCTION_UI,DIRECT_LITERAL_REQUIRES_RESOURCE,,NO,Baseline Kotlin literal inventory
,주간 등/광배 최근 3일 운동량,,PerformanceTrendSentenceBuilder,app/src/main/java/com/training/trackplanner/analysis/trends/PerformanceTrendSentenceBuilder.kt,127,PRODUCTION_UI,DIRECT_LITERAL_REQUIRES_RESOURCE,,NO,Baseline Kotlin literal inventory
,주간 등/광배 최근 7일 운동량,,PerformanceTrendSentenceBuilder,app/src/main/java/com/training/trackplanner/analysis/trends/PerformanceTrendSentenceBuilder.kt,128,PRODUCTION_UI,DIRECT_LITERAL_REQUIRES_RESOURCE,,NO,Baseline Kotlin literal inventory
,주간 어깨 운동량,,PerformanceTrendSentenceBuilder,app/src/main/java/com/training/trackplanner/analysis/trends/PerformanceTrendSentenceBuilder.kt,129,PRODUCTION_UI,DIRECT_LITERAL_REQUIRES_RESOURCE,,NO,Baseline Kotlin literal inventory
,주간 어깨 최근 3일 운동량,,PerformanceTrendSentenceBuilder,app/src/main/java/com/training/trackplanner/analysis/trends/PerformanceTrendSentenceBuilder.kt,130,PRODUCTION_UI,DIRECT_LITERAL_REQUIRES_RESOURCE,,NO,Baseline Kotlin literal inventory
,주간 어깨 최근 7일 운동량,,PerformanceTrendSentenceBuilder,app/src/main/java/com/training/trackplanner/analysis/trends/PerformanceTrendSentenceBuilder.kt,131,PRODUCTION_UI,DIRECT_LITERAL_REQUIRES_RESOURCE,,NO,Baseline Kotlin literal inventory
,주간 이두 운동량,,PerformanceTrendSentenceBuilder,app/src/main/java/com/training/trackplanner/analysis/trends/PerformanceTrendSentenceBuilder.kt,132,PRODUCTION_UI,DIRECT_LITERAL_REQUIRES_RESOURCE,,NO,Baseline Kotlin literal inventory
,주간 이두 최근 3일 운동량,,PerformanceTrendSentenceBuilder,app/src/main/java/com/training/trackplanner/analysis/trends/PerformanceTrendSentenceBuilder.kt,133,PRODUCTION_UI,DIRECT_LITERAL_REQUIRES_RESOURCE,,NO,Baseline Kotlin literal inventory
,주간 이두 최근 7일 운동량,,PerformanceTrendSentenceBuilder,app/src/main/java/com/training/trackplanner/analysis/trends/PerformanceTrendSentenceBuilder.kt,134,PRODUCTION_UI,DIRECT_LITERAL_REQUIRES_RESOURCE,,NO,Baseline Kotlin literal inventory
,주간 삼두 운동량,,PerformanceTrendSentenceBuilder,app/src/main/java/com/training/trackplanner/analysis/trends/PerformanceTrendSentenceBuilder.kt,135,PRODUCTION_UI,DIRECT_LITERAL_REQUIRES_RESOURCE,,NO,Baseline Kotlin literal inventory
,주간 삼두 최근 3일 운동량,,PerformanceTrendSentenceBuilder,app/src/main/java/com/training/trackplanner/analysis/trends/PerformanceTrendSentenceBuilder.kt,136,PRODUCTION_UI,DIRECT_LITERAL_REQUIRES_RESOURCE,,NO,Baseline Kotlin literal inventory
,주간 삼두 최근 7일 운동량,,PerformanceTrendSentenceBuilder,app/src/main/java/com/training/trackplanner/analysis/trends/PerformanceTrendSentenceBuilder.kt,137,PRODUCTION_UI,DIRECT_LITERAL_REQUIRES_RESOURCE,,NO,Baseline Kotlin literal inventory
,주간 전완/그립 운동량,,PerformanceTrendSentenceBuilder,app/src/main/java/com/training/trackplanner/analysis/trends/PerformanceTrendSentenceBuilder.kt,138,PRODUCTION_UI,DIRECT_LITERAL_REQUIRES_RESOURCE,,NO,Baseline Kotlin literal inventory
,주간 전완/그립 최근 3일 운동량,,PerformanceTrendSentenceBuilder,app/src/main/java/com/training/trackplanner/analysis/trends/PerformanceTrendSentenceBuilder.kt,139,PRODUCTION_UI,DIRECT_LITERAL_REQUIRES_RESOURCE,,NO,Baseline Kotlin literal inventory
,주간 전완/그립 최근 7일 운동량,,PerformanceTrendSentenceBuilder,app/src/main/java/com/training/trackplanner/analysis/trends/PerformanceTrendSentenceBuilder.kt,140,PRODUCTION_UI,DIRECT_LITERAL_REQUIRES_RESOURCE,,NO,Baseline Kotlin literal inventory
,주간 복근/전면코어 운동량,,PerformanceTrendSentenceBuilder,app/src/main/java/com/training/trackplanner/analysis/trends/PerformanceTrendSentenceBuilder.kt,141,PRODUCTION_UI,DIRECT_LITERAL_REQUIRES_RESOURCE,,NO,Baseline Kotlin literal inventory
,주간 복근/전면코어 최근 3일 운동량,,PerformanceTrendSentenceBuilder,app/src/main/java/com/training/trackplanner/analysis/trends/PerformanceTrendSentenceBuilder.kt,142,PRODUCTION_UI,DIRECT_LITERAL_REQUIRES_RESOURCE,,NO,Baseline Kotlin literal inventory
,주간 복근/전면코어 최근 7일 운동량,,PerformanceTrendSentenceBuilder,app/src/main/java/com/training/trackplanner/analysis/trends/PerformanceTrendSentenceBuilder.kt,143,PRODUCTION_UI,DIRECT_LITERAL_REQUIRES_RESOURCE,,NO,Baseline Kotlin literal inventory
,주간 측면코어 운동량,,PerformanceTrendSentenceBuilder,app/src/main/java/com/training/trackplanner/analysis/trends/PerformanceTrendSentenceBuilder.kt,144,PRODUCTION_UI,DIRECT_LITERAL_REQUIRES_RESOURCE,,NO,Baseline Kotlin literal inventory
,주간 측면코어 최근 3일 운동량,,PerformanceTrendSentenceBuilder,app/src/main/java/com/training/trackplanner/analysis/trends/PerformanceTrendSentenceBuilder.kt,145,PRODUCTION_UI,DIRECT_LITERAL_REQUIRES_RESOURCE,,NO,Baseline Kotlin literal inventory
,주간 측면코어 최근 7일 운동량,,PerformanceTrendSentenceBuilder,app/src/main/java/com/training/trackplanner/analysis/trends/PerformanceTrendSentenceBuilder.kt,146,PRODUCTION_UI,DIRECT_LITERAL_REQUIRES_RESOURCE,,NO,Baseline Kotlin literal inventory
,주간 항회전/회전코어 운동량,,PerformanceTrendSentenceBuilder,app/src/main/java/com/training/trackplanner/analysis/trends/PerformanceTrendSentenceBuilder.kt,147,PRODUCTION_UI,DIRECT_LITERAL_REQUIRES_RESOURCE,,NO,Baseline Kotlin literal inventory
,주간 항회전/회전코어 최근 3일 운동량,,PerformanceTrendSentenceBuilder,app/src/main/java/com/training/trackplanner/analysis/trends/PerformanceTrendSentenceBuilder.kt,148,PRODUCTION_UI,DIRECT_LITERAL_REQUIRES_RESOURCE,,NO,Baseline Kotlin literal inventory
,주간 항회전/회전코어 최근 7일 운동량,,PerformanceTrendSentenceBuilder,app/src/main/java/com/training/trackplanner/analysis/trends/PerformanceTrendSentenceBuilder.kt,149,PRODUCTION_UI,DIRECT_LITERAL_REQUIRES_RESOURCE,,NO,Baseline Kotlin literal inventory
,다음 근력 변화,,PerformanceTrendSentenceBuilder,app/src/main/java/com/training/trackplanner/analysis/trends/PerformanceTrendSentenceBuilder.kt,150,PRODUCTION_UI,DIRECT_LITERAL_REQUIRES_RESOURCE,,NO,Baseline Kotlin literal inventory
,다음 피로 변화,,PerformanceTrendSentenceBuilder,app/src/main/java/com/training/trackplanner/analysis/trends/PerformanceTrendSentenceBuilder.kt,151,PRODUCTION_UI,DIRECT_LITERAL_REQUIRES_RESOURCE,,NO,Baseline Kotlin literal inventory
,근력운동 수행량,,PerformanceTrendSentenceBuilder,app/src/main/java/com/training/trackplanner/analysis/trends/PerformanceTrendSentenceBuilder.kt,152,PRODUCTION_UI,DIRECT_LITERAL_REQUIRES_RESOURCE,,NO,Baseline Kotlin literal inventory
,근력운동 강도,,PerformanceTrendSentenceBuilder,app/src/main/java/com/training/trackplanner/analysis/trends/PerformanceTrendSentenceBuilder.kt,153,PRODUCTION_UI,DIRECT_LITERAL_REQUIRES_RESOURCE,,NO,Baseline Kotlin literal inventory
,X축과 Y축은 서로 다른 지표를 선택하세요.,,ScatterRelationshipAnalyzer,app/src/main/java/com/training/trackplanner/analysis/trends/ScatterRelationshipAnalyzer.kt,18,PRODUCTION_UI,DIRECT_LITERAL_REQUIRES_RESOURCE,,NO,Baseline Kotlin literal inventory
,동일 지표,,ScatterRelationshipAnalyzer,app/src/main/java/com/training/trackplanner/analysis/trends/ScatterRelationshipAnalyzer.kt,20,PRODUCTION_UI,DIRECT_LITERAL_REQUIRES_RESOURCE,,NO,Baseline Kotlin literal inventory
,기록 부족,,ScatterRelationshipAnalyzer,app/src/main/java/com/training/trackplanner/analysis/trends/ScatterRelationshipAnalyzer.kt,53,PRODUCTION_UI,DIRECT_LITERAL_REQUIRES_RESOURCE,,NO,Baseline Kotlin literal inventory
,참고용 · 소표본,,ScatterRelationshipAnalyzer,app/src/main/java/com/training/trackplanner/analysis/trends/ScatterRelationshipAnalyzer.kt,54,PRODUCTION_UI,DIRECT_LITERAL_REQUIRES_RESOURCE,,NO,Baseline Kotlin literal inventory
,낮은 신뢰도 · 우연 상관 주의,,ScatterRelationshipAnalyzer,app/src/main/java/com/training/trackplanner/analysis/trends/ScatterRelationshipAnalyzer.kt,55,PRODUCTION_UI,DIRECT_LITERAL_REQUIRES_RESOURCE,,NO,Baseline Kotlin literal inventory
,보통 신뢰도 · 패턴 탐색,,ScatterRelationshipAnalyzer,app/src/main/java/com/training/trackplanner/analysis/trends/ScatterRelationshipAnalyzer.kt,56,PRODUCTION_UI,DIRECT_LITERAL_REQUIRES_RESOURCE,,NO,Baseline Kotlin literal inventory
,상대적으로 안정적 · 인과관계 아님,,ScatterRelationshipAnalyzer,app/src/main/java/com/training/trackplanner/analysis/trends/ScatterRelationshipAnalyzer.kt,57,PRODUCTION_UI,DIRECT_LITERAL_REQUIRES_RESOURCE,,NO,Baseline Kotlin literal inventory
,아직 기록이 부족해 이 관계를 판단하기 어렵습니다.,,ScatterRelationshipAnalyzer,app/src/main/java/com/training/trackplanner/analysis/trends/ScatterRelationshipAnalyzer.kt,69,PRODUCTION_UI,DIRECT_LITERAL_REQUIRES_RESOURCE,,NO,Baseline Kotlin literal inventory
,뚜렷한 관계는 약합니다.,,ScatterRelationshipAnalyzer,app/src/main/java/com/training/trackplanner/analysis/trends/ScatterRelationshipAnalyzer.kt,72,PRODUCTION_UI,DIRECT_LITERAL_REQUIRES_RESOURCE,,NO,Baseline Kotlin literal inventory
,약한 경향이 있습니다.,,ScatterRelationshipAnalyzer,app/src/main/java/com/training/trackplanner/analysis/trends/ScatterRelationshipAnalyzer.kt,73,PRODUCTION_UI,DIRECT_LITERAL_REQUIRES_RESOURCE,,NO,Baseline Kotlin literal inventory
,중간 정도의 경향이 있습니다.,,ScatterRelationshipAnalyzer,app/src/main/java/com/training/trackplanner/analysis/trends/ScatterRelationshipAnalyzer.kt,74,PRODUCTION_UI,DIRECT_LITERAL_REQUIRES_RESOURCE,,NO,Baseline Kotlin literal inventory
,비교적 뚜렷한 경향이 있습니다.,,ScatterRelationshipAnalyzer,app/src/main/java/com/training/trackplanner/analysis/trends/ScatterRelationshipAnalyzer.kt,75,PRODUCTION_UI,DIRECT_LITERAL_REQUIRES_RESOURCE,,NO,Baseline Kotlin literal inventory
,표본이 작아 참고용으로만 보세요.,,ScatterRelationshipAnalyzer,app/src/main/java/com/training/trackplanner/analysis/trends/ScatterRelationshipAnalyzer.kt,78,PRODUCTION_UI,DIRECT_LITERAL_REQUIRES_RESOURCE,,NO,Baseline Kotlin literal inventory
,우연히 나타난 관계일 수 있어 낮은 신뢰도로 해석해야 합니다.,,ScatterRelationshipAnalyzer,app/src/main/java/com/training/trackplanner/analysis/trends/ScatterRelationshipAnalyzer.kt,79,PRODUCTION_UI,DIRECT_LITERAL_REQUIRES_RESOURCE,,NO,Baseline Kotlin literal inventory
,같은 주에 함께 움직이는 패턴을 탐색한 결과입니다.,,ScatterRelationshipAnalyzer,app/src/main/java/com/training/trackplanner/analysis/trends/ScatterRelationshipAnalyzer.kt,80,PRODUCTION_UI,DIRECT_LITERAL_REQUIRES_RESOURCE,,NO,Baseline Kotlin literal inventory
,표본은 비교적 안정적이지만 인과관계를 뜻하지 않습니다.,,ScatterRelationshipAnalyzer,app/src/main/java/com/training/trackplanner/analysis/trends/ScatterRelationshipAnalyzer.kt,81,PRODUCTION_UI,DIRECT_LITERAL_REQUIRES_RESOURCE,,NO,Baseline Kotlin literal inventory
,${xMetric.label()}와 ${yMetric.label()}는 같은 주에 함께 움직이는 경향을 보입니다. $strength $sampleWarning,,ScatterRelationshipAnalyzer,app/src/main/java/com/training/trackplanner/analysis/trends/ScatterRelationshipAnalyzer.kt,83,PRODUCTION_UI,DIRECT_LITERAL_REQUIRES_RESOURCE,${},NO,Baseline Kotlin literal inventory
,기록 부족,,AnalysisChartUi,app/src/main/java/com/training/trackplanner/AnalysisChartUi.kt,82,PRODUCTION_UI,DIRECT_LITERAL_REQUIRES_RESOURCE,,NO,Baseline Kotlin literal inventory
,주별로 표시할 배드민턴 관련 훈련 기록이 없습니다.,,AnalysisChartUi,app/src/main/java/com/training/trackplanner/AnalysisChartUi.kt,195,PRODUCTION_UI,DIRECT_LITERAL_REQUIRES_RESOURCE,,NO,Baseline Kotlin literal inventory
,"$date, ${band.label}, ${formatChartAccessibilityValue(point.lower, spec.valueUnit)}에서 ${formatChartAccessibilityValue(point.upper, spec.valueUnit)}",,AnalysisChartUi,app/src/main/java/com/training/trackplanner/AnalysisChartUi.kt,336,PRODUCTION_UI,DIRECT_LITERAL_REQUIRES_RESOURCE,${},NO,Baseline Kotlin literal inventory
,킬로그램,,AnalysisChartUi,app/src/main/java/com/training/trackplanner/AnalysisChartUi.kt,345,PRODUCTION_UI,DIRECT_LITERAL_REQUIRES_RESOURCE,,NO,Baseline Kotlin literal inventory
,퍼센트,,AnalysisChartUi,app/src/main/java/com/training/trackplanner/AnalysisChartUi.kt,346,PRODUCTION_UI,DIRECT_LITERAL_REQUIRES_RESOURCE,,NO,Baseline Kotlin literal inventory
,관계 분석은 기록이 더 필요합니다.,,AnalysisChartUi,app/src/main/java/com/training/trackplanner/AnalysisChartUi.kt,359,PRODUCTION_UI,DIRECT_LITERAL_REQUIRES_RESOURCE,,NO,Baseline Kotlin literal inventory
,기록 부족,,AnalysisChartUi,app/src/main/java/com/training/trackplanner/AnalysisChartUi.kt,387,PRODUCTION_UI,DIRECT_LITERAL_REQUIRES_RESOURCE,,NO,Baseline Kotlin literal inventory
,신뢰도 ${analysisConfidenceLabel(confidence)},,AnalysisChartUi,app/src/main/java/com/training/trackplanner/AnalysisChartUi.kt,448,PRODUCTION_UI,DIRECT_LITERAL_REQUIRES_RESOURCE,${},NO,Baseline Kotlin literal inventory
,낮음,,AnalysisChartUi,app/src/main/java/com/training/trackplanner/AnalysisChartUi.kt,455,PRODUCTION_UI,DIRECT_LITERAL_REQUIRES_RESOURCE,,NO,Baseline Kotlin literal inventory
,보통 이하,,AnalysisChartUi,app/src/main/java/com/training/trackplanner/AnalysisChartUi.kt,456,PRODUCTION_UI,DIRECT_LITERAL_REQUIRES_RESOURCE,,NO,Baseline Kotlin literal inventory
,보통,,AnalysisChartUi,app/src/main/java/com/training/trackplanner/AnalysisChartUi.kt,457,PRODUCTION_UI,DIRECT_LITERAL_REQUIRES_RESOURCE,,NO,Baseline Kotlin literal inventory
,높음,,AnalysisChartUi,app/src/main/java/com/training/trackplanner/AnalysisChartUi.kt,458,PRODUCTION_UI,DIRECT_LITERAL_REQUIRES_RESOURCE,,NO,Baseline Kotlin literal inventory
,추세,,AnalysisChartUi,app/src/main/java/com/training/trackplanner/AnalysisChartUi.kt,462,PRODUCTION_UI,DIRECT_LITERAL_REQUIRES_RESOURCE,,NO,Baseline Kotlin literal inventory
,비중,,AnalysisChartUi,app/src/main/java/com/training/trackplanner/AnalysisChartUi.kt,463,PRODUCTION_UI,DIRECT_LITERAL_REQUIRES_RESOURCE,,NO,Baseline Kotlin literal inventory
,기여도,,AnalysisChartUi,app/src/main/java/com/training/trackplanner/AnalysisChartUi.kt,464,PRODUCTION_UI,DIRECT_LITERAL_REQUIRES_RESOURCE,,NO,Baseline Kotlin literal inventory
,랭킹,,AnalysisChartUi,app/src/main/java/com/training/trackplanner/AnalysisChartUi.kt,465,PRODUCTION_UI,DIRECT_LITERAL_REQUIRES_RESOURCE,,NO,Baseline Kotlin literal inventory
,관계,,AnalysisChartUi,app/src/main/java/com/training/trackplanner/AnalysisChartUi.kt,466,PRODUCTION_UI,DIRECT_LITERAL_REQUIRES_RESOURCE,,NO,Baseline Kotlin literal inventory
,오늘 상태를 계산하고 있습니다.,,AnalysisCoachUi,app/src/main/java/com/training/trackplanner/AnalysisCoachUi.kt,89,PRODUCTION_UI,DIRECT_LITERAL_REQUIRES_RESOURCE,,NO,Baseline Kotlin literal inventory
,배드민턴 전이 분석을 계산하고 있습니다.,,AnalysisCoachUi,app/src/main/java/com/training/trackplanner/AnalysisCoachUi.kt,106,PRODUCTION_UI,DIRECT_LITERAL_REQUIRES_RESOURCE,,NO,Baseline Kotlin literal inventory
,성과 추세를 계산하고 있습니다.,,AnalysisCoachUi,app/src/main/java/com/training/trackplanner/AnalysisCoachUi.kt,108,PRODUCTION_UI,DIRECT_LITERAL_REQUIRES_RESOURCE,,NO,Baseline Kotlin literal inventory
,확인된 세트가 쌓이면 코치 분석의 신뢰도가 높아집니다.,,AnalysisCoachUi,app/src/main/java/com/training/trackplanner/AnalysisCoachUi.kt,110,PRODUCTION_UI,DIRECT_LITERAL_REQUIRES_RESOURCE,,NO,Baseline Kotlin literal inventory
,현재 주의할 피로 축이 없습니다.,,AnalysisCoachUi,app/src/main/java/com/training/trackplanner/AnalysisCoachUi.kt,129,PRODUCTION_UI,DIRECT_LITERAL_REQUIRES_RESOURCE,,NO,Baseline Kotlin literal inventory
,접기,,AnalysisCoachUi,app/src/main/java/com/training/trackplanner/AnalysisCoachUi.kt,134,ACCESSIBILITY,DIRECT_LITERAL_REQUIRES_RESOURCE,,NO,Baseline Kotlin literal inventory
,자세히 보기,,AnalysisCoachUi,app/src/main/java/com/training/trackplanner/AnalysisCoachUi.kt,134,ACCESSIBILITY,DIRECT_LITERAL_REQUIRES_RESOURCE,,NO,Baseline Kotlin literal inventory
,현재 상태: ${axis.displayLabel},,AnalysisCoachUi,app/src/main/java/com/training/trackplanner/AnalysisCoachUi.kt,165,PRODUCTION_UI,DIRECT_LITERAL_REQUIRES_RESOURCE,${},NO,Baseline Kotlin literal inventory
,주요 기여 운동,,AnalysisCoachUi,app/src/main/java/com/training/trackplanner/AnalysisCoachUi.kt,172,PRODUCTION_UI,DIRECT_LITERAL_REQUIRES_RESOURCE,,NO,Baseline Kotlin literal inventory
,주요 기여 운동을 확인할 수 없습니다.,,AnalysisCoachUi,app/src/main/java/com/training/trackplanner/AnalysisCoachUi.kt,178,PRODUCTION_UI,DIRECT_LITERAL_REQUIRES_RESOURCE,,NO,Baseline Kotlin literal inventory
,주의할 피로 축과 주요 내용,,AnalysisCoachUi,app/src/main/java/com/training/trackplanner/AnalysisCoachUi.kt,235,PRODUCTION_UI,DIRECT_LITERAL_REQUIRES_RESOURCE,,NO,Baseline Kotlin literal inventory
,피로한 근육,,AnalysisCoachUi,app/src/main/java/com/training/trackplanner/AnalysisCoachUi.kt,236,PRODUCTION_UI,DIRECT_LITERAL_REQUIRES_RESOURCE,,NO,Baseline Kotlin literal inventory
,두드러지게 피로한 근육이 없습니다.,,AnalysisCoachUi,app/src/main/java/com/training/trackplanner/AnalysisCoachUi.kt,237,PRODUCTION_UI,DIRECT_LITERAL_REQUIRES_RESOURCE,,NO,Baseline Kotlin literal inventory
,수행 감소,,AnalysisCoachUi,app/src/main/java/com/training/trackplanner/AnalysisCoachUi.kt,242,PRODUCTION_UI,DIRECT_LITERAL_REQUIRES_RESOURCE,,NO,Baseline Kotlin literal inventory
,불편감 경고,,AnalysisCoachUi,app/src/main/java/com/training/trackplanner/AnalysisCoachUi.kt,243,PRODUCTION_UI,DIRECT_LITERAL_REQUIRES_RESOURCE,,NO,Baseline Kotlin literal inventory
,코트 회복 반응,,AnalysisCoachUi,app/src/main/java/com/training/trackplanner/AnalysisCoachUi.kt,244,PRODUCTION_UI,DIRECT_LITERAL_REQUIRES_RESOURCE,,NO,Baseline Kotlin literal inventory
,인식 신호,,AnalysisCoachUi,app/src/main/java/com/training/trackplanner/AnalysisCoachUi.kt,248,PRODUCTION_UI,DIRECT_LITERAL_REQUIRES_RESOURCE,,NO,Baseline Kotlin literal inventory
,수행 감소 및 불편감 신호,,AnalysisCoachUi,app/src/main/java/com/training/trackplanner/AnalysisCoachUi.kt,249,PRODUCTION_UI,DIRECT_LITERAL_REQUIRES_RESOURCE,,NO,Baseline Kotlin literal inventory
,뚜렷한 수행 감소 또는 불편감 신호는 확인되지 않았습니다.,,AnalysisCoachUi,app/src/main/java/com/training/trackplanner/AnalysisCoachUi.kt,251,PRODUCTION_UI,DIRECT_LITERAL_REQUIRES_RESOURCE,,NO,Baseline Kotlin literal inventory
,수면 보정 코칭 신호,,AnalysisCoachUi,app/src/main/java/com/training/trackplanner/AnalysisCoachUi.kt,258,PRODUCTION_UI,DIRECT_LITERAL_REQUIRES_RESOURCE,,NO,Baseline Kotlin literal inventory
,수면,,AnalysisCoachUi,app/src/main/java/com/training/trackplanner/AnalysisCoachUi.kt,260,PRODUCTION_UI,DIRECT_LITERAL_REQUIRES_RESOURCE,,NO,Baseline Kotlin literal inventory
,기록 부족,,AnalysisCoachUi,app/src/main/java/com/training/trackplanner/AnalysisCoachUi.kt,271,PRODUCTION_UI,DIRECT_LITERAL_REQUIRES_RESOURCE,,NO,Baseline Kotlin literal inventory
,참고,,AnalysisCoachUi,app/src/main/java/com/training/trackplanner/AnalysisCoachUi.kt,272,PRODUCTION_UI,DIRECT_LITERAL_REQUIRES_RESOURCE,,NO,Baseline Kotlin literal inventory
,주의,,AnalysisCoachUi,app/src/main/java/com/training/trackplanner/AnalysisCoachUi.kt,273,PRODUCTION_UI,DIRECT_LITERAL_REQUIRES_RESOURCE,,NO,Baseline Kotlin literal inventory
,강한 주의,,AnalysisCoachUi,app/src/main/java/com/training/trackplanner/AnalysisCoachUi.kt,274,PRODUCTION_UI,DIRECT_LITERAL_REQUIRES_RESOURCE,,NO,Baseline Kotlin literal inventory
,배드민턴 전이 점검,,AnalysisCoachUi,app/src/main/java/com/training/trackplanner/AnalysisCoachUi.kt,293,PRODUCTION_UI,DIRECT_LITERAL_REQUIRES_RESOURCE,,NO,Baseline Kotlin literal inventory
,부족축,,AnalysisCoachUi,app/src/main/java/com/training/trackplanner/AnalysisCoachUi.kt,297,PRODUCTION_UI,DIRECT_LITERAL_REQUIRES_RESOURCE,,NO,Baseline Kotlin literal inventory
,과잉·주의축,,AnalysisCoachUi,app/src/main/java/com/training/trackplanner/AnalysisCoachUi.kt,301,PRODUCTION_UI,DIRECT_LITERAL_REQUIRES_RESOURCE,,NO,Baseline Kotlin literal inventory
,최근 전이 축은 대체로 균형적입니다.,,AnalysisCoachUi,app/src/main/java/com/training/trackplanner/AnalysisCoachUi.kt,305,PRODUCTION_UI,DIRECT_LITERAL_REQUIRES_RESOURCE,,NO,Baseline Kotlin literal inventory
,현재 피로도,,AnalysisCoachUi,app/src/main/java/com/training/trackplanner/AnalysisCoachUi.kt,334,PRODUCTION_UI,DIRECT_LITERAL_REQUIRES_RESOURCE,,NO,Baseline Kotlin literal inventory
,현재 상태: ${status.ofi} · ${status.ofiLabel},,AnalysisCoachUi,app/src/main/java/com/training/trackplanner/AnalysisCoachUi.kt,336,PRODUCTION_UI,DIRECT_LITERAL_REQUIRES_RESOURCE,${},NO,Baseline Kotlin literal inventory
,끝나면 예상 피로도: $score · ${TodayFatigueStatusLabeler.ofiDisplayLabel(score)},,AnalysisCoachUi,app/src/main/java/com/training/trackplanner/AnalysisCoachUi.kt,364,PRODUCTION_UI,DIRECT_LITERAL_REQUIRES_RESOURCE,${},NO,Baseline Kotlin literal inventory
,배드민턴 전이 분석,,AnalysisCoachUi,app/src/main/java/com/training/trackplanner/AnalysisCoachUi.kt,416,PRODUCTION_UI,DIRECT_LITERAL_REQUIRES_RESOURCE,,NO,Baseline Kotlin literal inventory
,자세히 닫기,,AnalysisCoachUi,app/src/main/java/com/training/trackplanner/AnalysisCoachUi.kt,420,PRODUCTION_UI,DIRECT_LITERAL_REQUIRES_RESOURCE,,NO,Baseline Kotlin literal inventory
,자세히 보기,,AnalysisCoachUi,app/src/main/java/com/training/trackplanner/AnalysisCoachUi.kt,420,PRODUCTION_UI,DIRECT_LITERAL_REQUIRES_RESOURCE,,NO,Baseline Kotlin literal inventory
,추천축 후보 운동,,AnalysisCoachUi,app/src/main/java/com/training/trackplanner/AnalysisCoachUi.kt,430,PRODUCTION_UI,DIRECT_LITERAL_REQUIRES_RESOURCE,,NO,Baseline Kotlin literal inventory
,성과 추세,,AnalysisCoachUi,app/src/main/java/com/training/trackplanner/AnalysisCoachUi.kt,446,PRODUCTION_UI,DIRECT_LITERAL_REQUIRES_RESOURCE,,NO,Baseline Kotlin literal inventory
,자세히 닫기,,AnalysisCoachUi,app/src/main/java/com/training/trackplanner/AnalysisCoachUi.kt,452,PRODUCTION_UI,DIRECT_LITERAL_REQUIRES_RESOURCE,,NO,Baseline Kotlin literal inventory
,자세히 보기,,AnalysisCoachUi,app/src/main/java/com/training/trackplanner/AnalysisCoachUi.kt,452,PRODUCTION_UI,DIRECT_LITERAL_REQUIRES_RESOURCE,,NO,Baseline Kotlin literal inventory
,전이 자극 기록이 부족합니다.,,AnalysisCoachUi,app/src/main/java/com/training/trackplanner/AnalysisCoachUi.kt,523,PRODUCTION_UI,DIRECT_LITERAL_REQUIRES_RESOURCE,,NO,Baseline Kotlin literal inventory
,훈련 분포 요약,,AnalysisCoachUi,app/src/main/java/com/training/trackplanner/AnalysisCoachUi.kt,549,PRODUCTION_UI,DIRECT_LITERAL_REQUIRES_RESOURCE,,NO,Baseline Kotlin literal inventory
,확인 세트,,AnalysisCoachUi,app/src/main/java/com/training/trackplanner/AnalysisCoachUi.kt,551,PRODUCTION_UI,DIRECT_LITERAL_REQUIRES_RESOURCE,,NO,Baseline Kotlin literal inventory
,총 볼륨,,AnalysisCoachUi,app/src/main/java/com/training/trackplanner/AnalysisCoachUi.kt,552,PRODUCTION_UI,DIRECT_LITERAL_REQUIRES_RESOURCE,,NO,Baseline Kotlin literal inventory
,총 시간,,AnalysisCoachUi,app/src/main/java/com/training/trackplanner/AnalysisCoachUi.kt,553,PRODUCTION_UI,DIRECT_LITERAL_REQUIRES_RESOURCE,,NO,Baseline Kotlin literal inventory
,오늘 상태를 계산하고 있습니다.,,AnalysisDetailScreens,app/src/main/java/com/training/trackplanner/AnalysisDetailScreens.kt,74,PRODUCTION_UI,DIRECT_LITERAL_REQUIRES_RESOURCE,,NO,Baseline Kotlin literal inventory
,누적 부담 흐름,,AnalysisDetailScreens,app/src/main/java/com/training/trackplanner/AnalysisDetailScreens.kt,96,PRODUCTION_UI,DIRECT_LITERAL_REQUIRES_RESOURCE,,NO,Baseline Kotlin literal inventory
,canonical OFI 기준으로 집계한 피로 흐름입니다.,,AnalysisDetailScreens,app/src/main/java/com/training/trackplanner/AnalysisDetailScreens.kt,98,PRODUCTION_UI,DIRECT_LITERAL_REQUIRES_RESOURCE,,NO,Baseline Kotlin literal inventory
,누적 부담 추세를 계산하고 있습니다.,,AnalysisDetailScreens,app/src/main/java/com/training/trackplanner/AnalysisDetailScreens.kt,101,PRODUCTION_UI,DIRECT_LITERAL_REQUIRES_RESOURCE,,NO,Baseline Kotlin literal inventory
,배드민턴 전이 목적별 자극량을 계산하고 있습니다.,,AnalysisDetailScreens,app/src/main/java/com/training/trackplanner/AnalysisDetailScreens.kt,126,PRODUCTION_UI,DIRECT_LITERAL_REQUIRES_RESOURCE,,NO,Baseline Kotlin literal inventory
,배드민턴 훈련량 추세를 계산하고 있습니다.,,AnalysisDetailScreens,app/src/main/java/com/training/trackplanner/AnalysisDetailScreens.kt,135,PRODUCTION_UI,DIRECT_LITERAL_REQUIRES_RESOURCE,,NO,Baseline Kotlin literal inventory
,근력운동 추이를 계산하고 있습니다.,,AnalysisDetailScreens,app/src/main/java/com/training/trackplanner/AnalysisDetailScreens.kt,146,PRODUCTION_UI,DIRECT_LITERAL_REQUIRES_RESOURCE,,NO,Baseline Kotlin literal inventory
,아래 차트와 같은 배드민턴 전이 목적 기준으로 요약합니다.,,AnalysisDetailScreens,app/src/main/java/com/training/trackplanner/AnalysisDetailScreens.kt,172,PRODUCTION_UI,DIRECT_LITERAL_REQUIRES_RESOURCE,,NO,Baseline Kotlin literal inventory
,배드민턴 관련 훈련량 선택,,AnalysisDetailScreens,app/src/main/java/com/training/trackplanner/AnalysisDetailScreens.kt,203,PRODUCTION_UI,DIRECT_LITERAL_REQUIRES_RESOURCE,,NO,Baseline Kotlin literal inventory
,전이 목적 메타데이터가 있는 기록이 부족합니다.,,AnalysisDetailScreens,app/src/main/java/com/training/trackplanner/AnalysisDetailScreens.kt,212,PRODUCTION_UI,DIRECT_LITERAL_REQUIRES_RESOURCE,,NO,Baseline Kotlin literal inventory
,배드민턴 관련 훈련량(일별),,AnalysisDetailScreens,app/src/main/java/com/training/trackplanner/AnalysisDetailScreens.kt,241,PRODUCTION_UI,DIRECT_LITERAL_REQUIRES_RESOURCE,,NO,Baseline Kotlin literal inventory
,배드민턴 관련 훈련량(일별),,AnalysisDetailScreens,app/src/main/java/com/training/trackplanner/AnalysisDetailScreens.kt,244,PRODUCTION_UI,DIRECT_LITERAL_REQUIRES_RESOURCE,,NO,Baseline Kotlin literal inventory
,확인된 기록만 사용한 일별 관련 훈련량입니다.,,AnalysisDetailScreens,app/src/main/java/com/training/trackplanner/AnalysisDetailScreens.kt,256,PRODUCTION_UI,DIRECT_LITERAL_REQUIRES_RESOURCE,,NO,Baseline Kotlin literal inventory
,배드민턴 관련 훈련량(주별),,AnalysisDetailScreens,app/src/main/java/com/training/trackplanner/AnalysisDetailScreens.kt,259,PRODUCTION_UI,DIRECT_LITERAL_REQUIRES_RESOURCE,,NO,Baseline Kotlin literal inventory
,배드민턴 관련 훈련량(주별),,AnalysisDetailScreens,app/src/main/java/com/training/trackplanner/AnalysisDetailScreens.kt,262,PRODUCTION_UI,DIRECT_LITERAL_REQUIRES_RESOURCE,,NO,Baseline Kotlin literal inventory
,월별이 아니라 각 주마다 하나의 포인트를 찍는 주별 차트입니다.,,AnalysisDetailScreens,app/src/main/java/com/training/trackplanner/AnalysisDetailScreens.kt,267,PRODUCTION_UI,DIRECT_LITERAL_REQUIRES_RESOURCE,,NO,Baseline Kotlin literal inventory
,최근 7일 vs 28일 전이 목적 비교,,AnalysisDetailScreens,app/src/main/java/com/training/trackplanner/AnalysisDetailScreens.kt,272,PRODUCTION_UI,DIRECT_LITERAL_REQUIRES_RESOURCE,,NO,Baseline Kotlin literal inventory
,최근 7일 vs 28일 전이 목적 비교,,AnalysisDetailScreens,app/src/main/java/com/training/trackplanner/AnalysisDetailScreens.kt,275,PRODUCTION_UI,DIRECT_LITERAL_REQUIRES_RESOURCE,,NO,Baseline Kotlin literal inventory
,"라켓 보조 같은 구 전이축이 아니라 풋워크, 가속, 감속, 리액션 등 전이 목적 기준으로 비교합니다.",,AnalysisDetailScreens,app/src/main/java/com/training/trackplanner/AnalysisDetailScreens.kt,278,PRODUCTION_UI,DIRECT_LITERAL_REQUIRES_RESOURCE,,NO,Baseline Kotlin literal inventory
,배드민턴 전이 목적별 자극량,,AnalysisDetailScreens,app/src/main/java/com/training/trackplanner/AnalysisDetailScreens.kt,285,PRODUCTION_UI,DIRECT_LITERAL_REQUIRES_RESOURCE,,NO,Baseline Kotlin literal inventory
,설명 보기,,AnalysisDetailScreens,app/src/main/java/com/training/trackplanner/AnalysisDetailScreens.kt,290,PRODUCTION_UI,DIRECT_LITERAL_REQUIRES_RESOURCE,,NO,Baseline Kotlin literal inventory
,배드민턴 전이 목적별 자극량,,AnalysisDetailScreens,app/src/main/java/com/training/trackplanner/AnalysisDetailScreens.kt,295,PRODUCTION_UI,DIRECT_LITERAL_REQUIRES_RESOURCE,,NO,Baseline Kotlin literal inventory
,이 차트는 전체 대비 나눠 보는 표가 아니라 전이 목적별 자극량을 보여줍니다. 운동 하나가 여러 전이 목적에 동시에 해당할 수 있어 자극량은 중복 반영됩니다.,,AnalysisDetailScreens,app/src/main/java/com/training/trackplanner/AnalysisDetailScreens.kt,309,PRODUCTION_UI,DIRECT_LITERAL_REQUIRES_RESOURCE,,NO,Baseline Kotlin literal inventory
,주별 배드민턴 전이 자극량,,AnalysisDetailScreens,app/src/main/java/com/training/trackplanner/AnalysisDetailScreens.kt,316,PRODUCTION_UI,DIRECT_LITERAL_REQUIRES_RESOURCE,,NO,Baseline Kotlin literal inventory
,주별 배드민턴 전이 자극량,,AnalysisDetailScreens,app/src/main/java/com/training/trackplanner/AnalysisDetailScreens.kt,319,PRODUCTION_UI,DIRECT_LITERAL_REQUIRES_RESOURCE,,NO,Baseline Kotlin literal inventory
,각 주마다 어떤 배드민턴 전이 목적의 자극이 많았는지 보여줍니다. 운동 하나가 여러 전이 목적에 동시에 해당할 수 있어 자극량은 중복 반영됩니다. 월별이 아니라 주별 집계입니다.,,AnalysisDetailScreens,app/src/main/java/com/training/trackplanner/AnalysisDetailScreens.kt,324,PRODUCTION_UI,DIRECT_LITERAL_REQUIRES_RESOURCE,,NO,Baseline Kotlin literal inventory
,선택한 전이 목적의 기록이 없습니다.,,AnalysisDetailScreens,app/src/main/java/com/training/trackplanner/AnalysisDetailScreens.kt,327,PRODUCTION_UI,DIRECT_LITERAL_REQUIRES_RESOURCE,,NO,Baseline Kotlin literal inventory
,닫기,,AnalysisDetailScreens,app/src/main/java/com/training/trackplanner/AnalysisDetailScreens.kt,361,PRODUCTION_UI,DIRECT_LITERAL_REQUIRES_RESOURCE,,NO,Baseline Kotlin literal inventory
,배드민턴 전이 목적 설명,,AnalysisDetailScreens,app/src/main/java/com/training/trackplanner/AnalysisDetailScreens.kt,364,PRODUCTION_UI,DIRECT_LITERAL_REQUIRES_RESOURCE,,NO,Baseline Kotlin literal inventory
,예시 운동: 기록 없음,,AnalysisDetailScreens,app/src/main/java/com/training/trackplanner/AnalysisDetailScreens.kt,378,PRODUCTION_UI,DIRECT_LITERAL_REQUIRES_RESOURCE,,NO,Baseline Kotlin literal inventory
,예시 운동: ${sample.joinToString(,,AnalysisDetailScreens,app/src/main/java/com/training/trackplanner/AnalysisDetailScreens.kt,378,PRODUCTION_UI,DIRECT_LITERAL_REQUIRES_RESOURCE,,NO,Baseline Kotlin literal inventory
,적용,,AnalysisDetailScreens,app/src/main/java/com/training/trackplanner/AnalysisDetailScreens.kt,407,PRODUCTION_UI,DIRECT_LITERAL_REQUIRES_RESOURCE,,NO,Baseline Kotlin literal inventory
,초기화,,AnalysisDetailScreens,app/src/main/java/com/training/trackplanner/AnalysisDetailScreens.kt,415,PRODUCTION_UI,DIRECT_LITERAL_REQUIRES_RESOURCE,,NO,Baseline Kotlin literal inventory
,전이 목적 선택,,AnalysisDetailScreens,app/src/main/java/com/training/trackplanner/AnalysisDetailScreens.kt,418,PRODUCTION_UI,DIRECT_LITERAL_REQUIRES_RESOURCE,,NO,Baseline Kotlin literal inventory
,검색,,AnalysisDetailScreens,app/src/main/java/com/training/trackplanner/AnalysisDetailScreens.kt,426,PRODUCTION_UI,DIRECT_LITERAL_REQUIRES_RESOURCE,,NO,Baseline Kotlin literal inventory
,전체 선택,,AnalysisDetailScreens,app/src/main/java/com/training/trackplanner/AnalysisDetailScreens.kt,433,PRODUCTION_UI,DIRECT_LITERAL_REQUIRES_RESOURCE,,NO,Baseline Kotlin literal inventory
,권장 선택,,AnalysisDetailScreens,app/src/main/java/com/training/trackplanner/AnalysisDetailScreens.kt,439,PRODUCTION_UI,DIRECT_LITERAL_REQUIRES_RESOURCE,,NO,Baseline Kotlin literal inventory
,최소 1개 이상 선택하세요.,,AnalysisDetailScreens,app/src/main/java/com/training/trackplanner/AnalysisDetailScreens.kt,444,PRODUCTION_UI,DIRECT_LITERAL_REQUIRES_RESOURCE,,REVIEW,Baseline Kotlin literal inventory
,검색 결과가 없습니다.,,AnalysisDetailScreens,app/src/main/java/com/training/trackplanner/AnalysisDetailScreens.kt,480,PRODUCTION_UI,DIRECT_LITERAL_REQUIRES_RESOURCE,,NO,Baseline Kotlin literal inventory
,전이 목적 선택,,AnalysisDetailScreens,app/src/main/java/com/training/trackplanner/AnalysisDetailScreens.kt,505,PRODUCTION_UI,DIRECT_LITERAL_REQUIRES_RESOURCE,,NO,Baseline Kotlin literal inventory
, 선택됨,,AnalysisDetailScreens,app/src/main/java/com/training/trackplanner/AnalysisDetailScreens.kt,506,PRODUCTION_UI,DIRECT_LITERAL_REQUIRES_RESOURCE,,NO,Baseline Kotlin literal inventory
,)} 외 ${labels.size - 2}개 선택됨,,AnalysisDetailScreens,app/src/main/java/com/training/trackplanner/AnalysisDetailScreens.kt,507,PRODUCTION_UI,DIRECT_LITERAL_REQUIRES_RESOURCE,${},NO,Baseline Kotlin literal inventory
,전체,,AnalysisDetailScreens,app/src/main/java/com/training/trackplanner/AnalysisDetailScreens.kt,521,PRODUCTION_UI,DIRECT_LITERAL_REQUIRES_RESOURCE,,NO,Baseline Kotlin literal inventory
,직접,,AnalysisDetailScreens,app/src/main/java/com/training/trackplanner/AnalysisDetailScreens.kt,522,PRODUCTION_UI,DIRECT_LITERAL_REQUIRES_RESOURCE,,NO,Baseline Kotlin literal inventory
,전이,,AnalysisDetailScreens,app/src/main/java/com/training/trackplanner/AnalysisDetailScreens.kt,523,PRODUCTION_UI,DIRECT_LITERAL_REQUIRES_RESOURCE,,NO,Baseline Kotlin literal inventory
,전이 목적,,AnalysisDetailScreens,app/src/main/java/com/training/trackplanner/AnalysisDetailScreens.kt,524,PRODUCTION_UI,DIRECT_LITERAL_REQUIRES_RESOURCE,,NO,Baseline Kotlin literal inventory
,전체 배드민턴 관련 훈련량,,AnalysisDetailScreens,app/src/main/java/com/training/trackplanner/AnalysisDetailScreens.kt,528,PRODUCTION_UI,DIRECT_LITERAL_REQUIRES_RESOURCE,,NO,Baseline Kotlin literal inventory
,직접 배드민턴 훈련량,,AnalysisDetailScreens,app/src/main/java/com/training/trackplanner/AnalysisDetailScreens.kt,529,PRODUCTION_UI,DIRECT_LITERAL_REQUIRES_RESOURCE,,NO,Baseline Kotlin literal inventory
,배드민턴 전이 훈련량,,AnalysisDetailScreens,app/src/main/java/com/training/trackplanner/AnalysisDetailScreens.kt,530,PRODUCTION_UI,DIRECT_LITERAL_REQUIRES_RESOURCE,,NO,Baseline Kotlin literal inventory
,전이 목적,,AnalysisDetailScreens,app/src/main/java/com/training/trackplanner/AnalysisDetailScreens.kt,531,PRODUCTION_UI,DIRECT_LITERAL_REQUIRES_RESOURCE,,NO,Baseline Kotlin literal inventory
,누적 부담 흐름,,AnalysisDetailScreens,app/src/main/java/com/training/trackplanner/AnalysisDetailScreens.kt,560,PRODUCTION_UI,DIRECT_LITERAL_REQUIRES_RESOURCE,,NO,Baseline Kotlin literal inventory
,현재 피로도,,AnalysisDetailScreens,app/src/main/java/com/training/trackplanner/AnalysisDetailScreens.kt,562,PRODUCTION_UI,DIRECT_LITERAL_REQUIRES_RESOURCE,,NO,Baseline Kotlin literal inventory
,오늘 컨디션 및 피로도 분석,,AnalysisHubUi,app/src/main/java/com/training/trackplanner/AnalysisHubUi.kt,38,PRODUCTION_UI,DIRECT_LITERAL_REQUIRES_RESOURCE,,NO,Baseline Kotlin literal inventory
,"주의할 피로 축, 오늘 조절할 운동, 피로도 변화",,AnalysisHubUi,app/src/main/java/com/training/trackplanner/AnalysisHubUi.kt,39,PRODUCTION_UI,DIRECT_LITERAL_REQUIRES_RESOURCE,,NO,Baseline Kotlin literal inventory
,배드민턴 전이 분석,,AnalysisHubUi,app/src/main/java/com/training/trackplanner/AnalysisHubUi.kt,44,PRODUCTION_UI,DIRECT_LITERAL_REQUIRES_RESOURCE,,NO,Baseline Kotlin literal inventory
,"전이 점검, 배드민턴 관련 훈련량의 일별·주별 흐름",,AnalysisHubUi,app/src/main/java/com/training/trackplanner/AnalysisHubUi.kt,45,PRODUCTION_UI,DIRECT_LITERAL_REQUIRES_RESOURCE,,NO,Baseline Kotlin literal inventory
,근력운동 추이 분석,,AnalysisHubUi,app/src/main/java/com/training/trackplanner/AnalysisHubUi.kt,50,PRODUCTION_UI,DIRECT_LITERAL_REQUIRES_RESOURCE,,NO,Baseline Kotlin literal inventory
,"벤치·스쿼트·데드리프트 e1RM, 근육군과 반복수 비중",,AnalysisHubUi,app/src/main/java/com/training/trackplanner/AnalysisHubUi.kt,51,PRODUCTION_UI,DIRECT_LITERAL_REQUIRES_RESOURCE,,NO,Baseline Kotlin literal inventory
,연결조직 분석,,AnalysisHubUi,app/src/main/java/com/training/trackplanner/AnalysisHubUi.kt,56,PRODUCTION_UI,DIRECT_LITERAL_REQUIRES_RESOURCE,,NO,Baseline Kotlin literal inventory
,"관절 복합체별 회복 상태, 하위 조직, 주요 기여 운동",,AnalysisHubUi,app/src/main/java/com/training/trackplanner/AnalysisHubUi.kt,57,PRODUCTION_UI,DIRECT_LITERAL_REQUIRES_RESOURCE,,NO,Baseline Kotlin literal inventory
,실험실,,AnalysisHubUi,app/src/main/java/com/training/trackplanner/AnalysisHubUi.kt,62,PRODUCTION_UI,DIRECT_LITERAL_REQUIRES_RESOURCE,,NO,Baseline Kotlin literal inventory
,관계 탐색,,AnalysisHubUi,app/src/main/java/com/training/trackplanner/AnalysisHubUi.kt,65,PRODUCTION_UI,DIRECT_LITERAL_REQUIRES_RESOURCE,,NO,Baseline Kotlin literal inventory
,두 지표의 같은 기간 관계를 살펴봅니다.,,AnalysisHubUi,app/src/main/java/com/training/trackplanner/AnalysisHubUi.kt,66,PRODUCTION_UI,DIRECT_LITERAL_REQUIRES_RESOURCE,,NO,Baseline Kotlin literal inventory
,시계열 분석,,AnalysisHubUi,app/src/main/java/com/training/trackplanner/AnalysisHubUi.kt,71,PRODUCTION_UI,DIRECT_LITERAL_REQUIRES_RESOURCE,,NO,Baseline Kotlin literal inventory
,한 지표 변화 뒤 다른 지표가 몇 주 뒤 어떻게 움직였는지 봅니다.,,AnalysisHubUi,app/src/main/java/com/training/trackplanner/AnalysisHubUi.kt,72,PRODUCTION_UI,DIRECT_LITERAL_REQUIRES_RESOURCE,,NO,Baseline Kotlin literal inventory
,← 분석 허브로,,AnalysisHubUi,app/src/main/java/com/training/trackplanner/AnalysisHubUi.kt,123,ACCESSIBILITY,DIRECT_LITERAL_REQUIRES_RESOURCE,,NO,Baseline Kotlin literal inventory
,체크인 기록이 쌓이면 회복/컨디션 지표도 실험실에서 비교할 수 있습니다.,,AnalysisLabUi,app/src/main/java/com/training/trackplanner/AnalysisLabUi.kt,61,PRODUCTION_UI,DIRECT_LITERAL_REQUIRES_RESOURCE,,NO,Baseline Kotlin literal inventory
,시계열 분석,,AnalysisLabUi,app/src/main/java/com/training/trackplanner/AnalysisLabUi.kt,106,PRODUCTION_UI,DIRECT_LITERAL_REQUIRES_RESOURCE,,NO,Baseline Kotlin literal inventory
,시계열 분석에 사용할 주간 지표가 부족합니다.,,AnalysisLabUi,app/src/main/java/com/training/trackplanner/AnalysisLabUi.kt,108,PRODUCTION_UI,DIRECT_LITERAL_REQUIRES_RESOURCE,,NO,Baseline Kotlin literal inventory
,X 변수,,AnalysisLabUi,app/src/main/java/com/training/trackplanner/AnalysisLabUi.kt,111,PRODUCTION_UI,DIRECT_LITERAL_REQUIRES_RESOURCE,,NO,Baseline Kotlin literal inventory
,Y 변수,,AnalysisLabUi,app/src/main/java/com/training/trackplanner/AnalysisLabUi.kt,117,PRODUCTION_UI,DIRECT_LITERAL_REQUIRES_RESOURCE,,NO,Baseline Kotlin literal inventory
,분석하기,,AnalysisLabUi,app/src/main/java/com/training/trackplanner/AnalysisLabUi.kt,146,PRODUCTION_UI,DIRECT_LITERAL_REQUIRES_RESOURCE,,NO,Baseline Kotlin literal inventory
,변수 선택만으로는 계산하지 않습니다. 버튼을 누르면 1~4주 뒤 패턴만 탐색합니다.,,AnalysisLabUi,app/src/main/java/com/training/trackplanner/AnalysisLabUi.kt,149,PRODUCTION_UI,DIRECT_LITERAL_REQUIRES_RESOURCE,,NO,Baseline Kotlin literal inventory
,통제 변수 선택,,AnalysisLabUi,app/src/main/java/com/training/trackplanner/AnalysisLabUi.kt,159,PRODUCTION_UI,DIRECT_LITERAL_REQUIRES_RESOURCE,,NO,Baseline Kotlin literal inventory
,Bayesian 시계열 분석,,AnalysisLabUi,app/src/main/java/com/training/trackplanner/AnalysisLabUi.kt,197,PRODUCTION_UI,DIRECT_LITERAL_REQUIRES_RESOURCE,,NO,Baseline Kotlin literal inventory
,시계열 분석에 사용할 수 있는 주간 지표가 부족합니다.,,AnalysisLabUi,app/src/main/java/com/training/trackplanner/AnalysisLabUi.kt,199,PRODUCTION_UI,DIRECT_LITERAL_REQUIRES_RESOURCE,,NO,Baseline Kotlin literal inventory
,충격 변수 X,,AnalysisLabUi,app/src/main/java/com/training/trackplanner/AnalysisLabUi.kt,202,PRODUCTION_UI,DIRECT_LITERAL_REQUIRES_RESOURCE,,NO,Baseline Kotlin literal inventory
,"응답 변수 Y: ${controlSummary(selectedY, responseMetrics)}",,AnalysisLabUi,app/src/main/java/com/training/trackplanner/AnalysisLabUi.kt,216,PRODUCTION_UI,DIRECT_LITERAL_REQUIRES_RESOURCE,${},NO,Baseline Kotlin literal inventory
,"외생 통제 Z: ${controlSummary(controls, controlMetrics)}",,AnalysisLabUi,app/src/main/java/com/training/trackplanner/AnalysisLabUi.kt,228,PRODUCTION_UI,DIRECT_LITERAL_REQUIRES_RESOURCE,${},NO,Baseline Kotlin literal inventory
,반응 확인 기간,,AnalysisLabUi,app/src/main/java/com/training/trackplanner/AnalysisLabUi.kt,234,PRODUCTION_UI,DIRECT_LITERAL_REQUIRES_RESOURCE,,NO,Baseline Kotlin literal inventory
,${horizon}주,,AnalysisLabUi,app/src/main/java/com/training/trackplanner/AnalysisLabUi.kt,237,PRODUCTION_UI,DIRECT_LITERAL_REQUIRES_RESOURCE,${},NO,Baseline Kotlin literal inventory
,분석하기,,AnalysisLabUi,app/src/main/java/com/training/trackplanner/AnalysisLabUi.kt,250,PRODUCTION_UI,DIRECT_LITERAL_REQUIRES_RESOURCE,,NO,Baseline Kotlin literal inventory
,기본 horizon은 2주이며 1~8주에서 선택할 수 있습니다. 자료가 부족하면 가능한 기간으로 자동 축소합니다.,,AnalysisLabUi,app/src/main/java/com/training/trackplanner/AnalysisLabUi.kt,252,PRODUCTION_UI,DIRECT_LITERAL_REQUIRES_RESOURCE,,NO,Baseline Kotlin literal inventory
,응답 변수 Y 선택,,AnalysisLabUi,app/src/main/java/com/training/trackplanner/AnalysisLabUi.kt,262,PRODUCTION_UI,DIRECT_LITERAL_REQUIRES_RESOURCE,,NO,Baseline Kotlin literal inventory
,외생 통제 Z 선택,,AnalysisLabUi,app/src/main/java/com/training/trackplanner/AnalysisLabUi.kt,279,PRODUCTION_UI,DIRECT_LITERAL_REQUIRES_RESOURCE,,NO,Baseline Kotlin literal inventory
,시차 관계 분석,,AnalysisLabUi,app/src/main/java/com/training/trackplanner/AnalysisLabUi.kt,297,PRODUCTION_UI,DIRECT_LITERAL_REQUIRES_RESOURCE,,NO,Baseline Kotlin literal inventory
,한 지표가 변한 뒤 다른 지표가 몇 주 뒤 어떻게 움직였는지 봅니다.,,AnalysisLabUi,app/src/main/java/com/training/trackplanner/AnalysisLabUi.kt,298,PRODUCTION_UI,DIRECT_LITERAL_REQUIRES_RESOURCE,,NO,Baseline Kotlin literal inventory
,인과관계 확정이 아니라 주간 기록 기반의 탐색적 패턴입니다.,,AnalysisLabUi,app/src/main/java/com/training/trackplanner/AnalysisLabUi.kt,300,PRODUCTION_UI,DIRECT_LITERAL_REQUIRES_RESOURCE,,NO,Baseline Kotlin literal inventory
,Bayesian 시계열 분석 결과,,AnalysisLabUi,app/src/main/java/com/training/trackplanner/AnalysisLabUi.kt,312,PRODUCTION_UI,DIRECT_LITERAL_REQUIRES_RESOURCE,,NO,Baseline Kotlin literal inventory
,사용 모델: ${bayesianModelLabel(result.model)},,AnalysisLabUi,app/src/main/java/com/training/trackplanner/AnalysisLabUi.kt,314,PRODUCTION_UI,DIRECT_LITERAL_REQUIRES_RESOURCE,${},NO,Baseline Kotlin literal inventory
,요청 horizon: ${result.request.requestedHorizon}주 · 실제 horizon: ${result.usedHorizon}주,,AnalysisLabUi,app/src/main/java/com/training/trackplanner/AnalysisLabUi.kt,315,PRODUCTION_UI,DIRECT_LITERAL_REQUIRES_RESOURCE,${},NO,Baseline Kotlin literal inventory
,공적분: ${diagnostic.message} (legacy score=${formatAnalysisValue(diagnostic.legacyHeuristicScore)}),,AnalysisLabUi,app/src/main/java/com/training/trackplanner/AnalysisLabUi.kt,322,PRODUCTION_UI,DIRECT_LITERAL_REQUIRES_RESOURCE,${},NO,Baseline Kotlin literal inventory
,분석 기간: $period · 정렬 관측치: ${alignment.weeks.size},,AnalysisLabUi,app/src/main/java/com/training/trackplanner/AnalysisLabUi.kt,330,PRODUCTION_UI,DIRECT_LITERAL_REQUIRES_RESOURCE,${},NO,Baseline Kotlin literal inventory
,"외생 통제 Z: ${controlSummary(result.request.controls, AnalysisMetricRegistry.descriptors)}",,AnalysisLabUi,app/src/main/java/com/training/trackplanner/AnalysisLabUi.kt,333,PRODUCTION_UI,DIRECT_LITERAL_REQUIRES_RESOURCE,${},NO,Baseline Kotlin literal inventory
,"자동 포함 내생변수: ${controlSummary(result.automaticEndogenous, AnalysisMetricRegistry.descriptors)}",,AnalysisLabUi,app/src/main/java/com/training/trackplanner/AnalysisLabUi.kt,337,PRODUCTION_UI,DIRECT_LITERAL_REQUIRES_RESOURCE,${},NO,Baseline Kotlin literal inventory
,변환: $labels,,AnalysisLabUi,app/src/main/java/com/training/trackplanner/AnalysisLabUi.kt,344,PRODUCTION_UI,DIRECT_LITERAL_REQUIRES_RESOURCE,${},NO,Baseline Kotlin literal inventory
,"Cholesky 순서: ${controlSummary(result.choleskyOrder, AnalysisMetricRegistry.descriptors)}",,AnalysisLabUi,app/src/main/java/com/training/trackplanner/AnalysisLabUi.kt,347,PRODUCTION_UI,DIRECT_LITERAL_REQUIRES_RESOURCE,${},NO,Baseline Kotlin literal inventory
,현재 자료로는 안정적인 동적 반응을 추정할 수 없습니다. 기록을 더 쌓거나 변수를 줄여 주세요.,,AnalysisLabUi,app/src/main/java/com/training/trackplanner/AnalysisLabUi.kt,354,PRODUCTION_UI,DIRECT_LITERAL_REQUIRES_RESOURCE,,NO,Baseline Kotlin literal inventory
,반응 Y: $label,,AnalysisLabUi,app/src/main/java/com/training/trackplanner/AnalysisLabUi.kt,358,PRODUCTION_UI,DIRECT_LITERAL_REQUIRES_RESOURCE,${},NO,Baseline Kotlin literal inventory
,credible interval은 posterior 불확실성을 반영하며 인과관계를 확정하지 않습니다.,,AnalysisLabUi,app/src/main/java/com/training/trackplanner/AnalysisLabUi.kt,374,PRODUCTION_UI,DIRECT_LITERAL_REQUIRES_RESOURCE,,NO,Baseline Kotlin literal inventory
,추정 불가,,AnalysisLabUi,app/src/main/java/com/training/trackplanner/AnalysisLabUi.kt,387,PRODUCTION_UI,DIRECT_LITERAL_REQUIRES_RESOURCE,,NO,Baseline Kotlin literal inventory
,시차 분석 결과,,AnalysisLabUi,app/src/main/java/com/training/trackplanner/AnalysisLabUi.kt,394,PRODUCTION_UI,DIRECT_LITERAL_REQUIRES_RESOURCE,,NO,Baseline Kotlin literal inventory
,자동 보정 변수: ${result.automaticAdjustments.joinToString(,,AnalysisLabUi,app/src/main/java/com/training/trackplanner/AnalysisLabUi.kt,397,PRODUCTION_UI,DIRECT_LITERAL_REQUIRES_RESOURCE,,NO,Baseline Kotlin literal inventory
,"선택 통제 변수: ${controlSummary(result.controls, AnalysisMetricRegistry.descriptors)}",,AnalysisLabUi,app/src/main/java/com/training/trackplanner/AnalysisLabUi.kt,402,PRODUCTION_UI,DIRECT_LITERAL_REQUIRES_RESOURCE,${},NO,Baseline Kotlin literal inventory
,분석 가능한 주간 데이터가 부족합니다. 최소 8~12주 이상의 기록이 필요합니다.,,AnalysisLabUi,app/src/main/java/com/training/trackplanner/AnalysisLabUi.kt,407,PRODUCTION_UI,DIRECT_LITERAL_REQUIRES_RESOURCE,,NO,Baseline Kotlin literal inventory
,1~4주 뒤 표준화 반응,,AnalysisLabUi,app/src/main/java/com/training/trackplanner/AnalysisLabUi.kt,412,PRODUCTION_UI,DIRECT_LITERAL_REQUIRES_RESOURCE,,NO,Baseline Kotlin literal inventory
,${point.horizonWeeks}주 후,,AnalysisLabUi,app/src/main/java/com/training/trackplanner/AnalysisLabUi.kt,413,PRODUCTION_UI,DIRECT_LITERAL_REQUIRES_RESOURCE,${},NO,Baseline Kotlin literal inventory
,"${point.horizonWeeks}주 후: ${formatAnalysisValue(point.estimate)} (80% ${formatAnalysisValue(point.low80)}~${formatAnalysisValue(point.high80)}, n=${point.observations})",,AnalysisLabUi,app/src/main/java/com/training/trackplanner/AnalysisLabUi.kt,418,PRODUCTION_UI,DIRECT_LITERAL_REQUIRES_RESOURCE,${},NO,Baseline Kotlin literal inventory
,후보 주,,AnalysisLabUi,app/src/main/java/com/training/trackplanner/AnalysisLabUi.kt,424,PRODUCTION_UI,DIRECT_LITERAL_REQUIRES_RESOURCE,,NO,Baseline Kotlin literal inventory
,사용 주,,AnalysisLabUi,app/src/main/java/com/training/trackplanner/AnalysisLabUi.kt,425,PRODUCTION_UI,DIRECT_LITERAL_REQUIRES_RESOURCE,,NO,Baseline Kotlin literal inventory
,신뢰도,,AnalysisLabUi,app/src/main/java/com/training/trackplanner/AnalysisLabUi.kt,426,PRODUCTION_UI,DIRECT_LITERAL_REQUIRES_RESOURCE,,NO,Baseline Kotlin literal inventory
,"80% 구간은 잔차분산을 반영한 탐색적 근사 구간입니다. 값은 표준화된 변화량 기준이며, 표본이 적으면 방향만 참고하세요.",,AnalysisLabUi,app/src/main/java/com/training/trackplanner/AnalysisLabUi.kt,429,PRODUCTION_UI,DIRECT_LITERAL_REQUIRES_RESOURCE,,NO,Baseline Kotlin literal inventory
,실험실,,AnalysisLabUi,app/src/main/java/com/training/trackplanner/AnalysisLabUi.kt,453,PRODUCTION_UI,DIRECT_LITERAL_REQUIRES_RESOURCE,,NO,Baseline Kotlin literal inventory
,훈련 지표 사이의 관계를 탐색합니다. 이 결과는 인과관계가 아니라 패턴 탐색용입니다.,,AnalysisLabUi,app/src/main/java/com/training/trackplanner/AnalysisLabUi.kt,454,PRODUCTION_UI,DIRECT_LITERAL_REQUIRES_RESOURCE,,NO,Baseline Kotlin literal inventory
,여러 지표를 반복 비교하면 우연히 관계처럼 보일 수 있습니다.,,AnalysisLabUi,app/src/main/java/com/training/trackplanner/AnalysisLabUi.kt,456,PRODUCTION_UI,DIRECT_LITERAL_REQUIRES_RESOURCE,,NO,Baseline Kotlin literal inventory
,관계 탐색기,,AnalysisLabUi,app/src/main/java/com/training/trackplanner/AnalysisLabUi.kt,485,PRODUCTION_UI,DIRECT_LITERAL_REQUIRES_RESOURCE,,NO,Baseline Kotlin literal inventory
,관계를 비교할 주간 지표 기록이 부족합니다.,,AnalysisLabUi,app/src/main/java/com/training/trackplanner/AnalysisLabUi.kt,487,PRODUCTION_UI,DIRECT_LITERAL_REQUIRES_RESOURCE,,NO,Baseline Kotlin literal inventory
,X축,,AnalysisLabUi,app/src/main/java/com/training/trackplanner/AnalysisLabUi.kt,490,PRODUCTION_UI,DIRECT_LITERAL_REQUIRES_RESOURCE,,NO,Baseline Kotlin literal inventory
,Y축,,AnalysisLabUi,app/src/main/java/com/training/trackplanner/AnalysisLabUi.kt,491,PRODUCTION_UI,DIRECT_LITERAL_REQUIRES_RESOURCE,,NO,Baseline Kotlin literal inventory
,데이터 수,,AnalysisLabUi,app/src/main/java/com/training/trackplanner/AnalysisLabUi.kt,495,PRODUCTION_UI,DIRECT_LITERAL_REQUIRES_RESOURCE,,NO,Baseline Kotlin literal inventory
,상관계수,,AnalysisLabUi,app/src/main/java/com/training/trackplanner/AnalysisLabUi.kt,496,PRODUCTION_UI,DIRECT_LITERAL_REQUIRES_RESOURCE,,NO,Baseline Kotlin literal inventory
,판단 보류,,AnalysisLabUi,app/src/main/java/com/training/trackplanner/AnalysisLabUi.kt,496,PRODUCTION_UI,DIRECT_LITERAL_REQUIRES_RESOURCE,,NO,Baseline Kotlin literal inventory
,신뢰도,,AnalysisLabUi,app/src/main/java/com/training/trackplanner/AnalysisLabUi.kt,497,PRODUCTION_UI,DIRECT_LITERAL_REQUIRES_RESOURCE,,NO,Baseline Kotlin literal inventory
,반복 비교에서는 우연 상관이 포함될 수 있습니다. 결과를 훈련 처방의 단독 근거로 사용하지 마세요.,,AnalysisLabUi,app/src/main/java/com/training/trackplanner/AnalysisLabUi.kt,507,PRODUCTION_UI,DIRECT_LITERAL_REQUIRES_RESOURCE,,NO,Baseline Kotlin literal inventory
,지표 선택,,AnalysisLabUi,app/src/main/java/com/training/trackplanner/AnalysisLabUi.kt,528,PRODUCTION_UI,DIRECT_LITERAL_REQUIRES_RESOURCE,,NO,Baseline Kotlin literal inventory
,적용,,AnalysisLabUi,app/src/main/java/com/training/trackplanner/AnalysisLabUi.kt,578,PRODUCTION_UI,DIRECT_LITERAL_REQUIRES_RESOURCE,,NO,Baseline Kotlin literal inventory
,초기화,,AnalysisLabUi,app/src/main/java/com/training/trackplanner/AnalysisLabUi.kt,583,PRODUCTION_UI,DIRECT_LITERAL_REQUIRES_RESOURCE,,NO,Baseline Kotlin literal inventory
,검색,,AnalysisLabUi,app/src/main/java/com/training/trackplanner/AnalysisLabUi.kt,594,PRODUCTION_UI,DIRECT_LITERAL_REQUIRES_RESOURCE,,NO,Baseline Kotlin literal inventory
,검색 결과가 없습니다.,,AnalysisLabUi,app/src/main/java/com/training/trackplanner/AnalysisLabUi.kt,629,PRODUCTION_UI,DIRECT_LITERAL_REQUIRES_RESOURCE,,NO,Baseline Kotlin literal inventory
,통제 변수 없음,,AnalysisLabUi,app/src/main/java/com/training/trackplanner/AnalysisLabUi.kt,645,PRODUCTION_UI,DIRECT_LITERAL_REQUIRES_RESOURCE,,NO,Baseline Kotlin literal inventory
,통제 변수 없음,,AnalysisLabUi,app/src/main/java/com/training/trackplanner/AnalysisLabUi.kt,648,PRODUCTION_UI,DIRECT_LITERAL_REQUIRES_RESOURCE,,NO,Baseline Kotlin literal inventory
,)} 외 ${names.size - 2}개,,AnalysisLabUi,app/src/main/java/com/training/trackplanner/AnalysisLabUi.kt,650,PRODUCTION_UI,DIRECT_LITERAL_REQUIRES_RESOURCE,${},NO,Baseline Kotlin literal inventory
,사용 가능한 지표,,AnalysisLabUi,app/src/main/java/com/training/trackplanner/AnalysisLabUi.kt,665,PRODUCTION_UI,DIRECT_LITERAL_REQUIRES_RESOURCE,,NO,Baseline Kotlin literal inventory
,현재 데이터가 있는 지표 ${metrics.size}개,,AnalysisLabUi,app/src/main/java/com/training/trackplanner/AnalysisLabUi.kt,666,PRODUCTION_UI,DIRECT_LITERAL_REQUIRES_RESOURCE,${},REVIEW,Baseline Kotlin literal inventory
, 외 ${descriptors.size - 6}개,,AnalysisLabUi,app/src/main/java/com/training/trackplanner/AnalysisLabUi.kt,669,PRODUCTION_UI,DIRECT_LITERAL_REQUIRES_RESOURCE,${},NO,Baseline Kotlin literal inventory
,확장 기반,,AnalysisLabUi,app/src/main/java/com/training/trackplanner/AnalysisLabUi.kt,688,PRODUCTION_UI,DIRECT_LITERAL_REQUIRES_RESOURCE,,NO,Baseline Kotlin literal inventory
,체크인 지표 고도화,,AnalysisLabUi,app/src/main/java/com/training/trackplanner/AnalysisLabUi.kt,690,PRODUCTION_UI,DIRECT_LITERAL_REQUIRES_RESOURCE,,NO,Baseline Kotlin literal inventory
,자동 패턴 탐지,,AnalysisLabUi,app/src/main/java/com/training/trackplanner/AnalysisLabUi.kt,691,PRODUCTION_UI,DIRECT_LITERAL_REQUIRES_RESOURCE,,NO,Baseline Kotlin literal inventory
,다변량 분석,,AnalysisLabUi,app/src/main/java/com/training/trackplanner/AnalysisLabUi.kt,692,PRODUCTION_UI,DIRECT_LITERAL_REQUIRES_RESOURCE,,NO,Baseline Kotlin literal inventory
,다변량 시계열 분석,,AnalysisLabUi,app/src/main/java/com/training/trackplanner/AnalysisLabUi.kt,693,PRODUCTION_UI,DIRECT_LITERAL_REQUIRES_RESOURCE,,NO,Baseline Kotlin literal inventory
,배드민턴 세션 후 피드백 연동,,AnalysisLabUi,app/src/main/java/com/training/trackplanner/AnalysisLabUi.kt,694,PRODUCTION_UI,DIRECT_LITERAL_REQUIRES_RESOURCE,,NO,Baseline Kotlin literal inventory
,향후 분석을 위한 지표 registry 구조가 준비되어 있습니다.,,AnalysisLabUi,app/src/main/java/com/training/trackplanner/AnalysisLabUi.kt,697,PRODUCTION_UI,DIRECT_LITERAL_REQUIRES_RESOURCE,,NO,Baseline Kotlin literal inventory
,8주 미만 기록은 관계 판단에 사용하지 않습니다.,,AnalysisLabUi,app/src/main/java/com/training/trackplanner/AnalysisLabUi.kt,715,PRODUCTION_UI,DIRECT_LITERAL_REQUIRES_RESOURCE,,NO,Baseline Kotlin literal inventory
,소표본 결과입니다. 산점도와 상관계수는 참고용입니다.,,AnalysisLabUi,app/src/main/java/com/training/trackplanner/AnalysisLabUi.kt,716,PRODUCTION_UI,DIRECT_LITERAL_REQUIRES_RESOURCE,,NO,Baseline Kotlin literal inventory
,낮은 신뢰도 구간입니다. 우연히 보이는 관계일 수 있습니다.,,AnalysisLabUi,app/src/main/java/com/training/trackplanner/AnalysisLabUi.kt,717,PRODUCTION_UI,DIRECT_LITERAL_REQUIRES_RESOURCE,,NO,Baseline Kotlin literal inventory
,보통 수준의 탐색 결과이며 인과관계를 의미하지 않습니다.,,AnalysisLabUi,app/src/main/java/com/training/trackplanner/AnalysisLabUi.kt,718,PRODUCTION_UI,DIRECT_LITERAL_REQUIRES_RESOURCE,,NO,Baseline Kotlin literal inventory
,표본은 비교적 안정적이지만 인과관계나 효과를 증명하지 않습니다.,,AnalysisLabUi,app/src/main/java/com/training/trackplanner/AnalysisLabUi.kt,719,PRODUCTION_UI,DIRECT_LITERAL_REQUIRES_RESOURCE,,NO,Baseline Kotlin literal inventory
,"보존된 운동 기록으로 근력 분석을 처음부터 다시 계산하고 있습니다.
시간이 걸려도 화면을 닫지 않아도 됩니다.",,AnalysisPersistentStrengthPerformanceUi,app/src/main/java/com/training/trackplanner/AnalysisPersistentStrengthPerformanceUi.kt,144,PRODUCTION_UI,DIRECT_LITERAL_REQUIRES_RESOURCE,,NO,Baseline Kotlin literal inventory
,현재 근력 분석 모델로 과거 운동 기록을 재계산하고 있습니다.,,AnalysisPersistentStrengthPerformanceUi,app/src/main/java/com/training/trackplanner/AnalysisPersistentStrengthPerformanceUi.kt,149,PRODUCTION_UI,DIRECT_LITERAL_REQUIRES_RESOURCE,,NO,Baseline Kotlin literal inventory
,현재 근력 분석을 재계산하지 못했습니다. 원시 운동 기록은 삭제되지 않았습니다.,,AnalysisPersistentStrengthPerformanceUi,app/src/main/java/com/training/trackplanner/AnalysisPersistentStrengthPerformanceUi.kt,195,PRODUCTION_UI,DIRECT_LITERAL_REQUIRES_RESOURCE,,NO,Baseline Kotlin literal inventory
,처음부터 재시도,,AnalysisPersistentStrengthPerformanceUi,app/src/main/java/com/training/trackplanner/AnalysisPersistentStrengthPerformanceUi.kt,198,PRODUCTION_UI,DIRECT_LITERAL_REQUIRES_RESOURCE,,NO,Baseline Kotlin literal inventory
,자세히 닫기,,AnalysisPersistentStrengthPerformanceUi,app/src/main/java/com/training/trackplanner/AnalysisPersistentStrengthPerformanceUi.kt,201,PRODUCTION_UI,DIRECT_LITERAL_REQUIRES_RESOURCE,,NO,Baseline Kotlin literal inventory
,자세히,,AnalysisPersistentStrengthPerformanceUi,app/src/main/java/com/training/trackplanner/AnalysisPersistentStrengthPerformanceUi.kt,201,PRODUCTION_UI,DIRECT_LITERAL_REQUIRES_RESOURCE,,NO,Baseline Kotlin literal inventory
,진단 코드: ${summary.lifecycleDiagnosticCode ?: ,,AnalysisPersistentStrengthPerformanceUi,app/src/main/java/com/training/trackplanner/AnalysisPersistentStrengthPerformanceUi.kt,207,PRODUCTION_UI,DIRECT_LITERAL_REQUIRES_RESOURCE,,NO,Baseline Kotlin literal inventory
,상세 실패 메시지가 저장되지 않았습니다.,,AnalysisPersistentStrengthPerformanceUi,app/src/main/java/com/training/trackplanner/AnalysisPersistentStrengthPerformanceUi.kt,208,PRODUCTION_UI,DIRECT_LITERAL_REQUIRES_RESOURCE,,NO,Baseline Kotlin literal inventory
,재시도하면 근력 분석 파생 결과만 지우고 보존된 운동 기록을 날짜순으로 다시 계산합니다.,,AnalysisPersistentStrengthPerformanceUi,app/src/main/java/com/training/trackplanner/AnalysisPersistentStrengthPerformanceUi.kt,214,PRODUCTION_UI,DIRECT_LITERAL_REQUIRES_RESOURCE,,NO,Baseline Kotlin literal inventory
,현재 수행능력 추정,,AnalysisPersistentStrengthPerformanceUi,app/src/main/java/com/training/trackplanner/AnalysisPersistentStrengthPerformanceUi.kt,236,PRODUCTION_UI,DIRECT_LITERAL_REQUIRES_RESOURCE,,NO,Baseline Kotlin literal inventory
,레벨,,AnalysisPersistentStrengthPerformanceUi,app/src/main/java/com/training/trackplanner/AnalysisPersistentStrengthPerformanceUi.kt,269,PRODUCTION_UI,DIRECT_LITERAL_REQUIRES_RESOURCE,,NO,Baseline Kotlin literal inventory
,성장률,,AnalysisPersistentStrengthPerformanceUi,app/src/main/java/com/training/trackplanner/AnalysisPersistentStrengthPerformanceUi.kt,269,PRODUCTION_UI,DIRECT_LITERAL_REQUIRES_RESOURCE,,NO,Baseline Kotlin literal inventory
,추정 총부하,,AnalysisPersistentStrengthPerformanceUi,app/src/main/java/com/training/trackplanner/AnalysisPersistentStrengthPerformanceUi.kt,284,PRODUCTION_UI,DIRECT_LITERAL_REQUIRES_RESOURCE,,NO,Baseline Kotlin literal inventory
,사후분포 중앙값,,AnalysisPersistentStrengthPerformanceUi,app/src/main/java/com/training/trackplanner/AnalysisPersistentStrengthPerformanceUi.kt,284,PRODUCTION_UI,DIRECT_LITERAL_REQUIRES_RESOURCE,,NO,Baseline Kotlin literal inventory
,"80% 범위 ${rangeOrDash(target.currentLow80Kg, target.currentHigh80Kg)}",,AnalysisPersistentStrengthPerformanceUi,app/src/main/java/com/training/trackplanner/AnalysisPersistentStrengthPerformanceUi.kt,286,PRODUCTION_UI,DIRECT_LITERAL_REQUIRES_RESOURCE,${},NO,Baseline Kotlin literal inventory
,현재 체중 기준 추가중량 ${signedKgOrDash(target.currentAddedWeightKg)},,AnalysisPersistentStrengthPerformanceUi,app/src/main/java/com/training/trackplanner/AnalysisPersistentStrengthPerformanceUi.kt,288,PRODUCTION_UI,DIRECT_LITERAL_REQUIRES_RESOURCE,${},NO,Baseline Kotlin literal inventory
,최근 직접 1RM ${kgOrDash(load)} · ${target.latestDirectObservationDate},,AnalysisPersistentStrengthPerformanceUi,app/src/main/java/com/training/trackplanner/AnalysisPersistentStrengthPerformanceUi.kt,292,PRODUCTION_UI,DIRECT_LITERAL_REQUIRES_RESOURCE,${},NO,Baseline Kotlin literal inventory
,최근 직접 1RM 기록 없음,,AnalysisPersistentStrengthPerformanceUi,app/src/main/java/com/training/trackplanner/AnalysisPersistentStrengthPerformanceUi.kt,293,PRODUCTION_UI,DIRECT_LITERAL_REQUIRES_RESOURCE,,NO,Baseline Kotlin literal inventory
,최근 성장률 ${percentOrDash(latest?.medianGrowthPercent)},,AnalysisPersistentStrengthPerformanceUi,app/src/main/java/com/training/trackplanner/AnalysisPersistentStrengthPerformanceUi.kt,300,PRODUCTION_UI,DIRECT_LITERAL_REQUIRES_RESOURCE,${},NO,Baseline Kotlin literal inventory
,이전 추정 없음,,AnalysisPersistentStrengthPerformanceUi,app/src/main/java/com/training/trackplanner/AnalysisPersistentStrengthPerformanceUi.kt,304,PRODUCTION_UI,DIRECT_LITERAL_REQUIRES_RESOURCE,,NO,Baseline Kotlin literal inventory
,이전 사후분포 중앙값 ${kgOrDash(latest.previousMedianKg)},,AnalysisPersistentStrengthPerformanceUi,app/src/main/java/com/training/trackplanner/AnalysisPersistentStrengthPerformanceUi.kt,306,PRODUCTION_UI,DIRECT_LITERAL_REQUIRES_RESOURCE,${},NO,Baseline Kotlin literal inventory
,현재 사후분포 중앙값 ${kgOrDash(latest.currentMedianKg)},,AnalysisPersistentStrengthPerformanceUi,app/src/main/java/com/training/trackplanner/AnalysisPersistentStrengthPerformanceUi.kt,307,PRODUCTION_UI,DIRECT_LITERAL_REQUIRES_RESOURCE,${},NO,Baseline Kotlin literal inventory
,이전 중앙값 대비 현재 추정 범위 ,,AnalysisPersistentStrengthPerformanceUi,app/src/main/java/com/training/trackplanner/AnalysisPersistentStrengthPerformanceUi.kt,309,PRODUCTION_UI,DIRECT_LITERAL_REQUIRES_RESOURCE,,NO,Baseline Kotlin literal inventory
,관련 세션 ${selected.relevantSessionCount} · 직접 1RM ${selected.directObservationCount} · ,,AnalysisPersistentStrengthPerformanceUi,app/src/main/java/com/training/trackplanner/AnalysisPersistentStrengthPerformanceUi.kt,379,PRODUCTION_UI,DIRECT_LITERAL_REQUIRES_RESOURCE,${},NO,Baseline Kotlin literal inventory
,RPE 확률 관측 ${selected.knownRpeObservationCount} · 강한 nRM ${selected.strongNrmObservationCount} · ,,AnalysisPersistentStrengthPerformanceUi,app/src/main/java/com/training/trackplanner/AnalysisPersistentStrengthPerformanceUi.kt,380,PRODUCTION_UI,DIRECT_LITERAL_REQUIRES_RESOURCE,${},NO,Baseline Kotlin literal inventory
,프록시 혁신 ${selected.proxyObservationCount} · 실패 ${selected.failureObservationCount},,AnalysisPersistentStrengthPerformanceUi,app/src/main/java/com/training/trackplanner/AnalysisPersistentStrengthPerformanceUi.kt,381,PRODUCTION_UI,DIRECT_LITERAL_REQUIRES_RESOURCE,${},NO,Baseline Kotlin literal inventory
,곡선 보정 ${selected.curveCalibrationStatus ?: ,,AnalysisPersistentStrengthPerformanceUi,app/src/main/java/com/training/trackplanner/AnalysisPersistentStrengthPerformanceUi.kt,385,PRODUCTION_UI,DIRECT_LITERAL_REQUIRES_RESOURCE,,NO,Baseline Kotlin literal inventory
,} · 최근 처리 ${selected.lastProcessedSessionDate ?: ,,AnalysisPersistentStrengthPerformanceUi,app/src/main/java/com/training/trackplanner/AnalysisPersistentStrengthPerformanceUi.kt,385,PRODUCTION_UI,DIRECT_LITERAL_REQUIRES_RESOURCE,,NO,Baseline Kotlin literal inventory
,활성 revision ${summary.activeRevisionKey ?: ,,AnalysisPersistentStrengthPerformanceUi,app/src/main/java/com/training/trackplanner/AnalysisPersistentStrengthPerformanceUi.kt,390,PRODUCTION_UI,DIRECT_LITERAL_REQUIRES_RESOURCE,,NO,Baseline Kotlin literal inventory
,} · RIR 정책 ${summary.rirPolicyVersion ?: ,,AnalysisPersistentStrengthPerformanceUi,app/src/main/java/com/training/trackplanner/AnalysisPersistentStrengthPerformanceUi.kt,390,PRODUCTION_UI,DIRECT_LITERAL_REQUIRES_RESOURCE,,NO,Baseline Kotlin literal inventory
,모델 ${selected.modelVersion ?: ,,AnalysisPersistentStrengthPerformanceUi,app/src/main/java/com/training/trackplanner/AnalysisPersistentStrengthPerformanceUi.kt,395,PRODUCTION_UI,DIRECT_LITERAL_REQUIRES_RESOURCE,,NO,Baseline Kotlin literal inventory
,} · 곡선 ${selected.curveVersion ?: ,,AnalysisPersistentStrengthPerformanceUi,app/src/main/java/com/training/trackplanner/AnalysisPersistentStrengthPerformanceUi.kt,395,PRODUCTION_UI,DIRECT_LITERAL_REQUIRES_RESOURCE,,NO,Baseline Kotlin literal inventory
,프록시 운동의 절대 중량을 대상 운동 중량으로 직접 환산하지 않습니다. 운동 자체 변화 중 공유 근력 신호만 반영합니다.,,AnalysisPersistentStrengthPerformanceUi,app/src/main/java/com/training/trackplanner/AnalysisPersistentStrengthPerformanceUi.kt,400,PRODUCTION_UI,DIRECT_LITERAL_REQUIRES_RESOURCE,,NO,Baseline Kotlin literal inventory
,세션별 사후분포 기록,,AnalysisPersistentStrengthPerformanceUi,app/src/main/java/com/training/trackplanner/AnalysisPersistentStrengthPerformanceUi.kt,419,PRODUCTION_UI,DIRECT_LITERAL_REQUIRES_RESOURCE,,NO,Baseline Kotlin literal inventory
,처리된 완료 세션이 아직 없습니다.,,AnalysisPersistentStrengthPerformanceUi,app/src/main/java/com/training/trackplanner/AnalysisPersistentStrengthPerformanceUi.kt,421,PRODUCTION_UI,DIRECT_LITERAL_REQUIRES_RESOURCE,,NO,Baseline Kotlin literal inventory
,실선: 사후분포 중앙값 · 음영: 80% 범위 · ○: RPE/RIR 기반 직접 세션 관측,,AnalysisPersistentStrengthPerformanceUi,app/src/main/java/com/training/trackplanner/AnalysisPersistentStrengthPerformanceUi.kt,431,PRODUCTION_UI,DIRECT_LITERAL_REQUIRES_RESOURCE,,NO,Baseline Kotlin literal inventory
,성장률 음영은 이전 중앙값 대비 현재 추정 범위이며 정확한 성장률 사후분포가 아닙니다.,,AnalysisPersistentStrengthPerformanceUi,app/src/main/java/com/training/trackplanner/AnalysisPersistentStrengthPerformanceUi.kt,437,PRODUCTION_UI,DIRECT_LITERAL_REQUIRES_RESOURCE,,NO,Baseline Kotlin literal inventory
,기록 접기,,AnalysisPersistentStrengthPerformanceUi,app/src/main/java/com/training/trackplanner/AnalysisPersistentStrengthPerformanceUi.kt,443,PRODUCTION_UI,DIRECT_LITERAL_REQUIRES_RESOURCE,,NO,Baseline Kotlin literal inventory
,세션 상세 보기,,AnalysisPersistentStrengthPerformanceUi,app/src/main/java/com/training/trackplanner/AnalysisPersistentStrengthPerformanceUi.kt,443,PRODUCTION_UI,DIRECT_LITERAL_REQUIRES_RESOURCE,,NO,Baseline Kotlin literal inventory
,관련 운동 자체 추정,,AnalysisPersistentStrengthPerformanceUi,app/src/main/java/com/training/trackplanner/AnalysisPersistentStrengthPerformanceUi.kt,458,PRODUCTION_UI,DIRECT_LITERAL_REQUIRES_RESOURCE,,NO,Baseline Kotlin literal inventory
,세션 전 local prior ${kgOrDash(local.priorMedianKg)},,AnalysisPersistentStrengthPerformanceUi,app/src/main/java/com/training/trackplanner/AnalysisPersistentStrengthPerformanceUi.kt,467,PRODUCTION_UI,DIRECT_LITERAL_REQUIRES_RESOURCE,${},NO,Baseline Kotlin literal inventory
,세션 likelihood ${kgOrDash(local.sessionLikelihoodMedianKg)},,AnalysisPersistentStrengthPerformanceUi,app/src/main/java/com/training/trackplanner/AnalysisPersistentStrengthPerformanceUi.kt,468,PRODUCTION_UI,DIRECT_LITERAL_REQUIRES_RESOURCE,${},NO,Baseline Kotlin literal inventory
,세션 innovation ${percentOrDash(local.innovationPercent)},,AnalysisPersistentStrengthPerformanceUi,app/src/main/java/com/training/trackplanner/AnalysisPersistentStrengthPerformanceUi.kt,469,PRODUCTION_UI,DIRECT_LITERAL_REQUIRES_RESOURCE,${},NO,Baseline Kotlin literal inventory
,세션 후 local posterior ${kgOrDash(local.posteriorMedianKg)},,AnalysisPersistentStrengthPerformanceUi,app/src/main/java/com/training/trackplanner/AnalysisPersistentStrengthPerformanceUi.kt,470,PRODUCTION_UI,DIRECT_LITERAL_REQUIRES_RESOURCE,${},NO,Baseline Kotlin literal inventory
,프록시 전이 적용 · 공유 근력 신호만 반영,,AnalysisPersistentStrengthPerformanceUi,app/src/main/java/com/training/trackplanner/AnalysisPersistentStrengthPerformanceUi.kt,473,PRODUCTION_UI,DIRECT_LITERAL_REQUIRES_RESOURCE,,NO,Baseline Kotlin literal inventory
,프록시 전이 제외 · ${local.proxyTransferExclusionReason ?: ,,AnalysisPersistentStrengthPerformanceUi,app/src/main/java/com/training/trackplanner/AnalysisPersistentStrengthPerformanceUi.kt,475,PRODUCTION_UI,DIRECT_LITERAL_REQUIRES_RESOURCE,,NO,Baseline Kotlin literal inventory
,"세션 전 추정 ${kgOrDash(point.priorMedianKg)} · 80% ${rangeOrDash(point.priorLow80Kg, point.priorHigh80Kg)}",,AnalysisPersistentStrengthPerformanceUi,app/src/main/java/com/training/trackplanner/AnalysisPersistentStrengthPerformanceUi.kt,501,PRODUCTION_UI,DIRECT_LITERAL_REQUIRES_RESOURCE,${},NO,Baseline Kotlin literal inventory
,관측 ${kgOrDash(point.sessionObservationMedianKg)} · ${observationLabel(point.strongObservationType)},,AnalysisPersistentStrengthPerformanceUi,app/src/main/java/com/training/trackplanner/AnalysisPersistentStrengthPerformanceUi.kt,502,PRODUCTION_UI,DIRECT_LITERAL_REQUIRES_RESOURCE,${},NO,Baseline Kotlin literal inventory
,"세션 후 추정 ${kgOrDash(point.posteriorMedianKg)} · 80% ${rangeOrDash(point.posteriorLow80Kg, point.posteriorHigh80Kg)}",,AnalysisPersistentStrengthPerformanceUi,app/src/main/java/com/training/trackplanner/AnalysisPersistentStrengthPerformanceUi.kt,503,PRODUCTION_UI,DIRECT_LITERAL_REQUIRES_RESOURCE,${},NO,Baseline Kotlin literal inventory
,중앙값 변화 ${signedKgOrDash(point.posteriorMeanChangeKg)} · 구간 폭 변화 ${signedKgOrDash(point.intervalWidthChange80Kg)},,AnalysisPersistentStrengthPerformanceUi,app/src/main/java/com/training/trackplanner/AnalysisPersistentStrengthPerformanceUi.kt,504,PRODUCTION_UI,DIRECT_LITERAL_REQUIRES_RESOURCE,${},NO,Baseline Kotlin literal inventory
,성장률 이전 추정 없음,,AnalysisPersistentStrengthPerformanceUi,app/src/main/java/com/training/trackplanner/AnalysisPersistentStrengthPerformanceUi.kt,507,PRODUCTION_UI,DIRECT_LITERAL_REQUIRES_RESOURCE,,NO,Baseline Kotlin literal inventory
,성장률 ${percentOrDash(growth.medianGrowthPercent)} · 이전 ${kgOrDash(growth.previousMedianKg)} · ,,AnalysisPersistentStrengthPerformanceUi,app/src/main/java/com/training/trackplanner/AnalysisPersistentStrengthPerformanceUi.kt,510,PRODUCTION_UI,DIRECT_LITERAL_REQUIRES_RESOURCE,${},NO,Baseline Kotlin literal inventory
,현재 ${kgOrDash(growth.currentMedianKg)},,AnalysisPersistentStrengthPerformanceUi,app/src/main/java/com/training/trackplanner/AnalysisPersistentStrengthPerformanceUi.kt,511,PRODUCTION_UI,DIRECT_LITERAL_REQUIRES_RESOURCE,${},NO,Baseline Kotlin literal inventory
,이전 중앙값 대비 현재 추정 범위 ,,AnalysisPersistentStrengthPerformanceUi,app/src/main/java/com/training/trackplanner/AnalysisPersistentStrengthPerformanceUi.kt,514,PRODUCTION_UI,DIRECT_LITERAL_REQUIRES_RESOURCE,,NO,Baseline Kotlin literal inventory
,예측분포 내 위치 ${(percentile * 100).roundToInt()}%,,AnalysisPersistentStrengthPerformanceUi,app/src/main/java/com/training/trackplanner/AnalysisPersistentStrengthPerformanceUi.kt,519,PRODUCTION_UI,DIRECT_LITERAL_REQUIRES_RESOURCE,${},NO,Baseline Kotlin literal inventory
,곡선 ${point.curveProfileId ?: ,,AnalysisPersistentStrengthPerformanceUi,app/src/main/java/com/training/trackplanner/AnalysisPersistentStrengthPerformanceUi.kt,520,PRODUCTION_UI,DIRECT_LITERAL_REQUIRES_RESOURCE,,NO,Baseline Kotlin literal inventory
,} · 매칭 ${point.curveMatchLevel ?: ,,AnalysisPersistentStrengthPerformanceUi,app/src/main/java/com/training/trackplanner/AnalysisPersistentStrengthPerformanceUi.kt,520,PRODUCTION_UI,DIRECT_LITERAL_REQUIRES_RESOURCE,,NO,Baseline Kotlin literal inventory
,} · 보정 ${point.curveCalibrationStatus ?: ,,AnalysisPersistentStrengthPerformanceUi,app/src/main/java/com/training/trackplanner/AnalysisPersistentStrengthPerformanceUi.kt,520,PRODUCTION_UI,DIRECT_LITERAL_REQUIRES_RESOURCE,,NO,Baseline Kotlin literal inventory
,당시 체중 ${kgOrDash(point.bodyWeightKgAtProcessing)} · 당시 추가중량 ${signedKgOrDash(point.rawAddedWeightKgAtProcessing)} · 당시 총부하 ${kgOrDash(point.totalLoadKgAtProcessing)},,AnalysisPersistentStrengthPerformanceUi,app/src/main/java/com/training/trackplanner/AnalysisPersistentStrengthPerformanceUi.kt,523,PRODUCTION_UI,DIRECT_LITERAL_REQUIRES_RESOURCE,${},NO,Baseline Kotlin literal inventory
,체중 출처 ${point.bodyWeightSource ?: ,,AnalysisPersistentStrengthPerformanceUi,app/src/main/java/com/training/trackplanner/AnalysisPersistentStrengthPerformanceUi.kt,525,PRODUCTION_UI,DIRECT_LITERAL_REQUIRES_RESOURCE,,NO,Baseline Kotlin literal inventory
,근거 ${point.sourceEvidenceStatus} · 세트 ${point.sourceSetCountAtProcessing} · 지문 ${point.evidenceFingerprint.take(12)},,AnalysisPersistentStrengthPerformanceUi,app/src/main/java/com/training/trackplanner/AnalysisPersistentStrengthPerformanceUi.kt,528,PRODUCTION_UI,DIRECT_LITERAL_REQUIRES_RESOURCE,${},NO,Baseline Kotlin literal inventory
,현재 근력 분석 모델로 과거 운동 기록을 재계산하고 있습니다.,,AnalysisPersistentStrengthPerformanceUi,app/src/main/java/com/training/trackplanner/AnalysisPersistentStrengthPerformanceUi.kt,540,PRODUCTION_UI,DIRECT_LITERAL_REQUIRES_RESOURCE,,NO,Baseline Kotlin literal inventory
,"
진단 코드: $it",,AnalysisPersistentStrengthPerformanceUi,app/src/main/java/com/training/trackplanner/AnalysisPersistentStrengthPerformanceUi.kt,544,PRODUCTION_UI,DIRECT_LITERAL_REQUIRES_RESOURCE,${},NO,Baseline Kotlin literal inventory
,현재 근력 분석을 재계산하지 못했습니다.$diagnostic,,AnalysisPersistentStrengthPerformanceUi,app/src/main/java/com/training/trackplanner/AnalysisPersistentStrengthPerformanceUi.kt,545,PRODUCTION_UI,DIRECT_LITERAL_REQUIRES_RESOURCE,${},NO,Baseline Kotlin literal inventory
,지속형 수행능력 사후분포 진단,,AnalysisPersistentStrengthPerformanceUi,app/src/main/java/com/training/trackplanner/AnalysisPersistentStrengthPerformanceUi.kt,558,PRODUCTION_UI,DIRECT_LITERAL_REQUIRES_RESOURCE,,NO,Baseline Kotlin literal inventory
,완료 세션 이벤트 원장과 저장된 필터링 사후분포를 진단합니다. Bayesian 시계열 실험실과는 별도 모델입니다.,,AnalysisPersistentStrengthPerformanceUi,app/src/main/java/com/training/trackplanner/AnalysisPersistentStrengthPerformanceUi.kt,560,PRODUCTION_UI,DIRECT_LITERAL_REQUIRES_RESOURCE,,NO,Baseline Kotlin literal inventory
,대상 키 ${selected.targetKey},,AnalysisPersistentStrengthPerformanceUi,app/src/main/java/com/training/trackplanner/AnalysisPersistentStrengthPerformanceUi.kt,565,PRODUCTION_UI,DIRECT_LITERAL_REQUIRES_RESOURCE,${},NO,Baseline Kotlin literal inventory
,곡선 ${selected.curveProfileId ?: ,,AnalysisPersistentStrengthPerformanceUi,app/src/main/java/com/training/trackplanner/AnalysisPersistentStrengthPerformanceUi.kt,566,PRODUCTION_UI,DIRECT_LITERAL_REQUIRES_RESOURCE,,NO,Baseline Kotlin literal inventory
,} · 매칭 ${selected.curveMatchLevel ?: ,,AnalysisPersistentStrengthPerformanceUi,app/src/main/java/com/training/trackplanner/AnalysisPersistentStrengthPerformanceUi.kt,566,PRODUCTION_UI,DIRECT_LITERAL_REQUIRES_RESOURCE,,NO,Baseline Kotlin literal inventory
,분산 배수 ${decimalOrDash(selected.curveVarianceMultiplier)} · 개인 보정 ${selected.curveCalibrationStatus ?: ,,AnalysisPersistentStrengthPerformanceUi,app/src/main/java/com/training/trackplanner/AnalysisPersistentStrengthPerformanceUi.kt,567,PRODUCTION_UI,DIRECT_LITERAL_REQUIRES_RESOURCE,${},NO,Baseline Kotlin literal inventory
,직접 ${selected.directObservationCount} · 프록시 ${selected.proxyObservationCount},,AnalysisPersistentStrengthPerformanceUi,app/src/main/java/com/training/trackplanner/AnalysisPersistentStrengthPerformanceUi.kt,568,PRODUCTION_UI,DIRECT_LITERAL_REQUIRES_RESOURCE,${},NO,Baseline Kotlin literal inventory
,이벤트 원장 전체 ${summary.eventCount} · 대기 ${summary.pendingEventCount} · 실패 ${summary.failedEventCount},,AnalysisPersistentStrengthPerformanceUi,app/src/main/java/com/training/trackplanner/AnalysisPersistentStrengthPerformanceUi.kt,569,PRODUCTION_UI,DIRECT_LITERAL_REQUIRES_RESOURCE,${},NO,Baseline Kotlin literal inventory
,최근 이벤트 지문 ${summary.latestEventFingerprint?.take(16) ?: ,,AnalysisPersistentStrengthPerformanceUi,app/src/main/java/com/training/trackplanner/AnalysisPersistentStrengthPerformanceUi.kt,570,PRODUCTION_UI,DIRECT_LITERAL_REQUIRES_RESOURCE,,NO,Baseline Kotlin literal inventory
,모델 경계 ${summary.modelVersionBoundaries.ifEmpty { listOf(,,AnalysisPersistentStrengthPerformanceUi,app/src/main/java/com/training/trackplanner/AnalysisPersistentStrengthPerformanceUi.kt,571,PRODUCTION_UI,DIRECT_LITERAL_REQUIRES_RESOURCE,,NO,Baseline Kotlin literal inventory
,곡선 경계 ${summary.curveVersionBoundaries.ifEmpty { listOf(,,AnalysisPersistentStrengthPerformanceUi,app/src/main/java/com/training/trackplanner/AnalysisPersistentStrengthPerformanceUi.kt,572,PRODUCTION_UI,DIRECT_LITERAL_REQUIRES_RESOURCE,,NO,Baseline Kotlin literal inventory
,상태 지문 ${summary.modelStateFingerprint?.take(16) ?: ,,AnalysisPersistentStrengthPerformanceUi,app/src/main/java/com/training/trackplanner/AnalysisPersistentStrengthPerformanceUi.kt,573,PRODUCTION_UI,DIRECT_LITERAL_REQUIRES_RESOURCE,,NO,Baseline Kotlin literal inventory
,} · 스키마 ${summary.factorSchemaVersion ?: ,,AnalysisPersistentStrengthPerformanceUi,app/src/main/java/com/training/trackplanner/AnalysisPersistentStrengthPerformanceUi.kt,573,PRODUCTION_UI,DIRECT_LITERAL_REQUIRES_RESOURCE,,NO,Baseline Kotlin literal inventory
,활성 revision ${summary.activeRevisionKey ?: ,,AnalysisPersistentStrengthPerformanceUi,app/src/main/java/com/training/trackplanner/AnalysisPersistentStrengthPerformanceUi.kt,574,PRODUCTION_UI,DIRECT_LITERAL_REQUIRES_RESOURCE,,NO,Baseline Kotlin literal inventory
,} · 상태 ${summary.activeRevisionStatus ?: ,,AnalysisPersistentStrengthPerformanceUi,app/src/main/java/com/training/trackplanner/AnalysisPersistentStrengthPerformanceUi.kt,574,PRODUCTION_UI,DIRECT_LITERAL_REQUIRES_RESOURCE,,NO,Baseline Kotlin literal inventory
,이전 revision ${summary.supersededRevisionCount} · 재빌드 출처 ${summary.activeRevisionReason ?: ,,AnalysisPersistentStrengthPerformanceUi,app/src/main/java/com/training/trackplanner/AnalysisPersistentStrengthPerformanceUi.kt,575,PRODUCTION_UI,DIRECT_LITERAL_REQUIRES_RESOURCE,${},NO,Baseline Kotlin literal inventory
,local 운동 상태 ${summary.localExerciseStateCount} · 적용 proxy 전이 ${summary.proxyTransferCount},,AnalysisPersistentStrengthPerformanceUi,app/src/main/java/com/training/trackplanner/AnalysisPersistentStrengthPerformanceUi.kt,576,PRODUCTION_UI,DIRECT_LITERAL_REQUIRES_RESOURCE,${},NO,Baseline Kotlin literal inventory
,target-specific proxy 위반 ${summary.targetSpecificProxyViolationCount},,AnalysisPersistentStrengthPerformanceUi,app/src/main/java/com/training/trackplanner/AnalysisPersistentStrengthPerformanceUi.kt,577,PRODUCTION_UI,DIRECT_LITERAL_REQUIRES_RESOURCE,${},NO,Baseline Kotlin literal inventory
,RIR 정책 ${summary.rirPolicyVersion ?: ,,AnalysisPersistentStrengthPerformanceUi,app/src/main/java/com/training/trackplanner/AnalysisPersistentStrengthPerformanceUi.kt,578,PRODUCTION_UI,DIRECT_LITERAL_REQUIRES_RESOURCE,,NO,Baseline Kotlin literal inventory
,grid 진단 ${summary.gridDiagnosticCount} · 지원 범위 밖 반복 ${summary.unsupportedRepetitionEvidenceCount},,AnalysisPersistentStrengthPerformanceUi,app/src/main/java/com/training/trackplanner/AnalysisPersistentStrengthPerformanceUi.kt,580,PRODUCTION_UI,DIRECT_LITERAL_REQUIRES_RESOURCE,${},NO,Baseline Kotlin literal inventory
,부트스트랩 ${summary.bootstrapProvenance ?: ,,AnalysisPersistentStrengthPerformanceUi,app/src/main/java/com/training/trackplanner/AnalysisPersistentStrengthPerformanceUi.kt,582,PRODUCTION_UI,DIRECT_LITERAL_REQUIRES_RESOURCE,,NO,Baseline Kotlin literal inventory
,백업 복원 ${summary.backupRestorationProvenance ?: ,,AnalysisPersistentStrengthPerformanceUi,app/src/main/java/com/training/trackplanner/AnalysisPersistentStrengthPerformanceUi.kt,583,PRODUCTION_UI,DIRECT_LITERAL_REQUIRES_RESOURCE,,NO,Baseline Kotlin literal inventory
,수치 진단 ${summary.numericalDiagnostics.ifEmpty { listOf(,,AnalysisPersistentStrengthPerformanceUi,app/src/main/java/com/training/trackplanner/AnalysisPersistentStrengthPerformanceUi.kt,585,PRODUCTION_UI,DIRECT_LITERAL_REQUIRES_RESOURCE,,NO,Baseline Kotlin literal inventory
,${target.comparisonDisplayName()} 사후분포 중앙값,,AnalysisPersistentStrengthPerformanceUi,app/src/main/java/com/training/trackplanner/AnalysisPersistentStrengthPerformanceUi.kt,694,PRODUCTION_UI,DIRECT_LITERAL_REQUIRES_RESOURCE,${},NO,Baseline Kotlin literal inventory
,${target.comparisonDisplayName()} 직접 세션 관측,,AnalysisPersistentStrengthPerformanceUi,app/src/main/java/com/training/trackplanner/AnalysisPersistentStrengthPerformanceUi.kt,715,PRODUCTION_UI,DIRECT_LITERAL_REQUIRES_RESOURCE,${},NO,Baseline Kotlin literal inventory
,${target.comparisonDisplayName()} 80% 범위,,AnalysisPersistentStrengthPerformanceUi,app/src/main/java/com/training/trackplanner/AnalysisPersistentStrengthPerformanceUi.kt,738,PRODUCTION_UI,DIRECT_LITERAL_REQUIRES_RESOURCE,${},NO,Baseline Kotlin literal inventory
,수행능력 레벨 비교,,AnalysisPersistentStrengthPerformanceUi,app/src/main/java/com/training/trackplanner/AnalysisPersistentStrengthPerformanceUi.kt,757,PRODUCTION_UI,DIRECT_LITERAL_REQUIRES_RESOURCE,,NO,Baseline Kotlin literal inventory
,직전 추정 대비 성장률,,AnalysisPersistentStrengthPerformanceUi,app/src/main/java/com/training/trackplanner/AnalysisPersistentStrengthPerformanceUi.kt,759,PRODUCTION_UI,DIRECT_LITERAL_REQUIRES_RESOURCE,,NO,Baseline Kotlin literal inventory
,$displayNameKo 총부하,,AnalysisPersistentStrengthPerformanceUi,app/src/main/java/com/training/trackplanner/AnalysisPersistentStrengthPerformanceUi.kt,776,PRODUCTION_UI,DIRECT_LITERAL_REQUIRES_RESOURCE,${},NO,Baseline Kotlin literal inventory
,직접 1RM,,AnalysisPersistentStrengthPerformanceUi,app/src/main/java/com/training/trackplanner/AnalysisPersistentStrengthPerformanceUi.kt,782,PRODUCTION_UI,DIRECT_LITERAL_REQUIRES_RESOURCE,,NO,Baseline Kotlin literal inventory
,강한 nRM 관측,,AnalysisPersistentStrengthPerformanceUi,app/src/main/java/com/training/trackplanner/AnalysisPersistentStrengthPerformanceUi.kt,783,PRODUCTION_UI,DIRECT_LITERAL_REQUIRES_RESOURCE,,NO,Baseline Kotlin literal inventory
,RPE 확률 관측,,AnalysisPersistentStrengthPerformanceUi,app/src/main/java/com/training/trackplanner/AnalysisPersistentStrengthPerformanceUi.kt,784,PRODUCTION_UI,DIRECT_LITERAL_REQUIRES_RESOURCE,,NO,Baseline Kotlin literal inventory
,RPE 미입력 하한 관측,,AnalysisPersistentStrengthPerformanceUi,app/src/main/java/com/training/trackplanner/AnalysisPersistentStrengthPerformanceUi.kt,785,PRODUCTION_UI,DIRECT_LITERAL_REQUIRES_RESOURCE,,NO,Baseline Kotlin literal inventory
,실패 상한 관측,,AnalysisPersistentStrengthPerformanceUi,app/src/main/java/com/training/trackplanner/AnalysisPersistentStrengthPerformanceUi.kt,786,PRODUCTION_UI,DIRECT_LITERAL_REQUIRES_RESOURCE,,NO,Baseline Kotlin literal inventory
,이전 버전 보수적 하한 관측,,AnalysisPersistentStrengthPerformanceUi,app/src/main/java/com/training/trackplanner/AnalysisPersistentStrengthPerformanceUi.kt,787,PRODUCTION_UI,DIRECT_LITERAL_REQUIRES_RESOURCE,,NO,Baseline Kotlin literal inventory
,프록시 관측,,AnalysisPersistentStrengthPerformanceUi,app/src/main/java/com/training/trackplanner/AnalysisPersistentStrengthPerformanceUi.kt,788,PRODUCTION_UI,DIRECT_LITERAL_REQUIRES_RESOURCE,,NO,Baseline Kotlin literal inventory
,추정 주요 운동 수행능력,,AnalysisProxyPerformanceUi,app/src/main/java/com/training/trackplanner/AnalysisProxyPerformanceUi.kt,67,PRODUCTION_UI,DIRECT_LITERAL_REQUIRES_RESOURCE,,NO,Baseline Kotlin literal inventory
,직접 기록이 더 쌓이면 관련 운동 신호를 kg 범위로 추정할 수 있습니다.,,AnalysisProxyPerformanceUi,app/src/main/java/com/training/trackplanner/AnalysisProxyPerformanceUi.kt,71,PRODUCTION_UI,DIRECT_LITERAL_REQUIRES_RESOURCE,,NO,Baseline Kotlin literal inventory
,${proxyModelLabel(summary.selectedModel)} · 신뢰도 ${confidenceLabel(summary.confidence)},,AnalysisProxyPerformanceUi,app/src/main/java/com/training/trackplanner/AnalysisProxyPerformanceUi.kt,80,PRODUCTION_UI,DIRECT_LITERAL_REQUIRES_RESOURCE,${},NO,Baseline Kotlin literal inventory
,직접 ${summary.directObservationCount}회 · 프록시 ${summary.proxyObservationCount}회 · 관련 운동 ${summary.distinctProxyExerciseCount}개,,AnalysisProxyPerformanceUi,app/src/main/java/com/training/trackplanner/AnalysisProxyPerformanceUi.kt,85,PRODUCTION_UI,DIRECT_LITERAL_REQUIRES_RESOURCE,${},REVIEW,Baseline Kotlin literal inventory
,최근 직접 기록 $date,,AnalysisProxyPerformanceUi,app/src/main/java/com/training/trackplanner/AnalysisProxyPerformanceUi.kt,90,PRODUCTION_UI,DIRECT_LITERAL_REQUIRES_RESOURCE,${},NO,Baseline Kotlin literal inventory
,관련 운동 수행을 함께 반영한 추정 범위입니다. 실제 e1RM 기록을 대체하지 않습니다.,,AnalysisProxyPerformanceUi,app/src/main/java/com/training/trackplanner/AnalysisProxyPerformanceUi.kt,93,PRODUCTION_UI,DIRECT_LITERAL_REQUIRES_RESOURCE,,NO,Baseline Kotlin literal inventory
,${target.labelKo} 예상 대비 수행,,AnalysisProxyPerformanceUi,app/src/main/java/com/training/trackplanner/AnalysisProxyPerformanceUi.kt,108,PRODUCTION_UI,DIRECT_LITERAL_REQUIRES_RESOURCE,${},NO,Baseline Kotlin literal inventory
,직접 수행 기록이 아직 없습니다.,,AnalysisProxyPerformanceUi,app/src/main/java/com/training/trackplanner/AnalysisProxyPerformanceUi.kt,110,PRODUCTION_UI,DIRECT_LITERAL_REQUIRES_RESOURCE,,NO,Baseline Kotlin literal inventory
,실제 e1RM ${kg(comparison.actualCanonicalE1rmKg)},,AnalysisProxyPerformanceUi,app/src/main/java/com/training/trackplanner/AnalysisProxyPerformanceUi.kt,124,PRODUCTION_UI,DIRECT_LITERAL_REQUIRES_RESOURCE,${},NO,Baseline Kotlin literal inventory
,노력도 보정 수행치 ${kg(comparison.effortAdjustedPerformanceKg)},,AnalysisProxyPerformanceUi,app/src/main/java/com/training/trackplanner/AnalysisProxyPerformanceUi.kt,125,PRODUCTION_UI,DIRECT_LITERAL_REQUIRES_RESOURCE,${},NO,Baseline Kotlin literal inventory
,세션 전 예상: 직접 기록 부족,,AnalysisProxyPerformanceUi,app/src/main/java/com/training/trackplanner/AnalysisProxyPerformanceUi.kt,128,PRODUCTION_UI,DIRECT_LITERAL_REQUIRES_RESOURCE,,NO,Baseline Kotlin literal inventory
,직접 기록이 부족해 비교 신뢰도가 낮습니다.,,AnalysisProxyPerformanceUi,app/src/main/java/com/training/trackplanner/AnalysisProxyPerformanceUi.kt,129,PRODUCTION_UI,DIRECT_LITERAL_REQUIRES_RESOURCE,,NO,Baseline Kotlin literal inventory
,세션 전 예상 ${kg(expected)},,AnalysisProxyPerformanceUi,app/src/main/java/com/training/trackplanner/AnalysisProxyPerformanceUi.kt,131,PRODUCTION_UI,DIRECT_LITERAL_REQUIRES_RESOURCE,${},NO,Baseline Kotlin literal inventory
,80% 예상 범위 ${kg(comparison.expectedLow80Kg)}~${kg(comparison.expectedHigh80Kg)},,AnalysisProxyPerformanceUi,app/src/main/java/com/training/trackplanner/AnalysisProxyPerformanceUi.kt,132,PRODUCTION_UI,DIRECT_LITERAL_REQUIRES_RESOURCE,${},NO,Baseline Kotlin literal inventory
,예상 대비 ${signedKg(comparison.differenceKg)},,AnalysisProxyPerformanceUi,app/src/main/java/com/training/trackplanner/AnalysisProxyPerformanceUi.kt,133,PRODUCTION_UI,DIRECT_LITERAL_REQUIRES_RESOURCE,${},NO,Baseline Kotlin literal inventory
,예측분포 내 위치 ${percentileLabel(percentile)},,AnalysisProxyPerformanceUi,app/src/main/java/com/training/trackplanner/AnalysisProxyPerformanceUi.kt,135,PRODUCTION_UI,DIRECT_LITERAL_REQUIRES_RESOURCE,${},NO,Baseline Kotlin literal inventory
,최근 ${target.labelKo} 추정 신호,,AnalysisProxyPerformanceUi,app/src/main/java/com/training/trackplanner/AnalysisProxyPerformanceUi.kt,152,PRODUCTION_UI,DIRECT_LITERAL_REQUIRES_RESOURCE,${},NO,Baseline Kotlin literal inventory
,반영할 수 있는 관련 운동 변화가 아직 부족합니다.,,AnalysisProxyPerformanceUi,app/src/main/java/com/training/trackplanner/AnalysisProxyPerformanceUi.kt,154,PRODUCTION_UI,DIRECT_LITERAL_REQUIRES_RESOURCE,,NO,Baseline Kotlin literal inventory
,주요 운동 프록시 추정 실험,,AnalysisProxyPerformanceUi,app/src/main/java/com/training/trackplanner/AnalysisProxyPerformanceUi.kt,184,PRODUCTION_UI,DIRECT_LITERAL_REQUIRES_RESOURCE,,NO,Baseline Kotlin literal inventory
,"관련 운동의 수행 신호를 이용한 실험적 사후추정입니다. 실제 기록을 대체하지 않으며, 기존 Bayesian 시계열 분석과 별도입니다.",,AnalysisProxyPerformanceUi,app/src/main/java/com/training/trackplanner/AnalysisProxyPerformanceUi.kt,186,PRODUCTION_UI,DIRECT_LITERAL_REQUIRES_RESOURCE,,NO,Baseline Kotlin literal inventory
,선택 모델 ${proxyModelLabel(targetSummary.selectedModel)},,AnalysisProxyPerformanceUi,app/src/main/java/com/training/trackplanner/AnalysisProxyPerformanceUi.kt,191,PRODUCTION_UI,DIRECT_LITERAL_REQUIRES_RESOURCE,${},NO,Baseline Kotlin literal inventory
,모델 ${summary.modelVersion} · 지문 ${targetSummary.modelFingerprint.take(12)},,AnalysisProxyPerformanceUi,app/src/main/java/com/training/trackplanner/AnalysisProxyPerformanceUi.kt,192,PRODUCTION_UI,DIRECT_LITERAL_REQUIRES_RESOURCE,${},NO,Baseline Kotlin literal inventory
,직접 ${targetSummary.directObservationCount} · 프록시 ${targetSummary.proxyObservationCount} · 관련 운동 ${targetSummary.distinctProxyExerciseCount},,AnalysisProxyPerformanceUi,app/src/main/java/com/training/trackplanner/AnalysisProxyPerformanceUi.kt,194,PRODUCTION_UI,DIRECT_LITERAL_REQUIRES_RESOURCE,${},NO,Baseline Kotlin literal inventory
,롤링 사전검증,,AnalysisProxyPerformanceUi,app/src/main/java/com/training/trackplanner/AnalysisProxyPerformanceUi.kt,198,PRODUCTION_UI,DIRECT_LITERAL_REQUIRES_RESOURCE,,NO,Baseline Kotlin literal inventory
,상위 프록시 loading,,AnalysisProxyPerformanceUi,app/src/main/java/com/training/trackplanner/AnalysisProxyPerformanceUi.kt,201,PRODUCTION_UI,DIRECT_LITERAL_REQUIRES_RESOURCE,,NO,Baseline Kotlin literal inventory
,최근 주요 innovation,,AnalysisProxyPerformanceUi,app/src/main/java/com/training/trackplanner/AnalysisProxyPerformanceUi.kt,212,PRODUCTION_UI,DIRECT_LITERAL_REQUIRES_RESOURCE,,NO,Baseline Kotlin literal inventory
,"수치 진단: ${diagnostics.groupingBy { diagnostic -> diagnostic.code }.eachCount().entries.joinToString { (code, count) -> ",,AnalysisProxyPerformanceUi,app/src/main/java/com/training/trackplanner/AnalysisProxyPerformanceUi.kt,225,PRODUCTION_UI,DIRECT_LITERAL_REQUIRES_RESOURCE,${},NO,Baseline Kotlin literal inventory
,${target.labelKo} 실제와 추정,,AnalysisProxyPerformanceUi,app/src/main/java/com/training/trackplanner/AnalysisProxyPerformanceUi.kt,277,PRODUCTION_UI,DIRECT_LITERAL_REQUIRES_RESOURCE,${},NO,Baseline Kotlin literal inventory
,추정 중앙값,,AnalysisProxyPerformanceUi,app/src/main/java/com/training/trackplanner/AnalysisProxyPerformanceUi.kt,279,PRODUCTION_UI,DIRECT_LITERAL_REQUIRES_RESOURCE,,NO,Baseline Kotlin literal inventory
,실제 e1RM,,AnalysisProxyPerformanceUi,app/src/main/java/com/training/trackplanner/AnalysisProxyPerformanceUi.kt,280,PRODUCTION_UI,DIRECT_LITERAL_REQUIRES_RESOURCE,,NO,Baseline Kotlin literal inventory
,프록시만 반영된 주,,AnalysisProxyPerformanceUi,app/src/main/java/com/training/trackplanner/AnalysisProxyPerformanceUi.kt,281,PRODUCTION_UI,DIRECT_LITERAL_REQUIRES_RESOURCE,,NO,Baseline Kotlin literal inventory
,80% 추정 범위,,AnalysisProxyPerformanceUi,app/src/main/java/com/training/trackplanner/AnalysisProxyPerformanceUi.kt,283,PRODUCTION_UI,DIRECT_LITERAL_REQUIRES_RESOURCE,,NO,Baseline Kotlin literal inventory
,직접 기록이 부족해 비교 신뢰도가 낮습니다.,,AnalysisProxyPerformanceUi,app/src/main/java/com/training/trackplanner/AnalysisProxyPerformanceUi.kt,294,PRODUCTION_UI,DIRECT_LITERAL_REQUIRES_RESOURCE,,NO,Baseline Kotlin literal inventory
,직접 기록이 부족해 비교 신뢰도가 낮습니다.,,AnalysisProxyPerformanceUi,app/src/main/java/com/training/trackplanner/AnalysisProxyPerformanceUi.kt,295,PRODUCTION_UI,DIRECT_LITERAL_REQUIRES_RESOURCE,,NO,Baseline Kotlin literal inventory
,예상 범위보다 높게 수행했습니다.,,AnalysisProxyPerformanceUi,app/src/main/java/com/training/trackplanner/AnalysisProxyPerformanceUi.kt,297,PRODUCTION_UI,DIRECT_LITERAL_REQUIRES_RESOURCE,,NO,Baseline Kotlin literal inventory
,예상보다 낮게 수행했습니다.,,AnalysisProxyPerformanceUi,app/src/main/java/com/training/trackplanner/AnalysisProxyPerformanceUi.kt,298,PRODUCTION_UI,DIRECT_LITERAL_REQUIRES_RESOURCE,,NO,Baseline Kotlin literal inventory
,예상 범위 안에서 수행했습니다.,,AnalysisProxyPerformanceUi,app/src/main/java/com/training/trackplanner/AnalysisProxyPerformanceUi.kt,299,PRODUCTION_UI,DIRECT_LITERAL_REQUIRES_RESOURCE,,NO,Baseline Kotlin literal inventory
,M0 · 직전값 기준,,AnalysisProxyPerformanceUi,app/src/main/java/com/training/trackplanner/AnalysisProxyPerformanceUi.kt,304,PRODUCTION_UI,DIRECT_LITERAL_REQUIRES_RESOURCE,,NO,Baseline Kotlin literal inventory
,M1 · 직접 기록,,AnalysisProxyPerformanceUi,app/src/main/java/com/training/trackplanner/AnalysisProxyPerformanceUi.kt,305,PRODUCTION_UI,DIRECT_LITERAL_REQUIRES_RESOURCE,,NO,Baseline Kotlin literal inventory
,M2 · 공유 요인,,AnalysisProxyPerformanceUi,app/src/main/java/com/training/trackplanner/AnalysisProxyPerformanceUi.kt,306,PRODUCTION_UI,DIRECT_LITERAL_REQUIRES_RESOURCE,,NO,Baseline Kotlin literal inventory
,M3 · 공유+종목 요인,,AnalysisProxyPerformanceUi,app/src/main/java/com/training/trackplanner/AnalysisProxyPerformanceUi.kt,307,PRODUCTION_UI,DIRECT_LITERAL_REQUIRES_RESOURCE,,NO,Baseline Kotlin literal inventory
,부족,,AnalysisProxyPerformanceUi,app/src/main/java/com/training/trackplanner/AnalysisProxyPerformanceUi.kt,311,PRODUCTION_UI,DIRECT_LITERAL_REQUIRES_RESOURCE,,NO,Baseline Kotlin literal inventory
,낮음,,AnalysisProxyPerformanceUi,app/src/main/java/com/training/trackplanner/AnalysisProxyPerformanceUi.kt,312,PRODUCTION_UI,DIRECT_LITERAL_REQUIRES_RESOURCE,,NO,Baseline Kotlin literal inventory
,보통,,AnalysisProxyPerformanceUi,app/src/main/java/com/training/trackplanner/AnalysisProxyPerformanceUi.kt,313,PRODUCTION_UI,DIRECT_LITERAL_REQUIRES_RESOURCE,,NO,Baseline Kotlin literal inventory
,높음,,AnalysisProxyPerformanceUi,app/src/main/java/com/training/trackplanner/AnalysisProxyPerformanceUi.kt,314,PRODUCTION_UI,DIRECT_LITERAL_REQUIRES_RESOURCE,,NO,Baseline Kotlin literal inventory
,양의 신호,,AnalysisProxyPerformanceUi,app/src/main/java/com/training/trackplanner/AnalysisProxyPerformanceUi.kt,318,PRODUCTION_UI,DIRECT_LITERAL_REQUIRES_RESOURCE,,NO,Baseline Kotlin literal inventory
,중립,,AnalysisProxyPerformanceUi,app/src/main/java/com/training/trackplanner/AnalysisProxyPerformanceUi.kt,319,PRODUCTION_UI,DIRECT_LITERAL_REQUIRES_RESOURCE,,NO,Baseline Kotlin literal inventory
,음의 신호,,AnalysisProxyPerformanceUi,app/src/main/java/com/training/trackplanner/AnalysisProxyPerformanceUi.kt,320,PRODUCTION_UI,DIRECT_LITERAL_REQUIRES_RESOURCE,,NO,Baseline Kotlin literal inventory
,공유 프레스,,AnalysisProxyPerformanceUi,app/src/main/java/com/training/trackplanner/AnalysisProxyPerformanceUi.kt,324,PRODUCTION_UI,DIRECT_LITERAL_REQUIRES_RESOURCE,,NO,Baseline Kotlin literal inventory
,수평 프레스,,AnalysisProxyPerformanceUi,app/src/main/java/com/training/trackplanner/AnalysisProxyPerformanceUi.kt,325,PRODUCTION_UI,DIRECT_LITERAL_REQUIRES_RESOURCE,,NO,Baseline Kotlin literal inventory
,무릎 신전,,AnalysisProxyPerformanceUi,app/src/main/java/com/training/trackplanner/AnalysisProxyPerformanceUi.kt,326,PRODUCTION_UI,DIRECT_LITERAL_REQUIRES_RESOURCE,,NO,Baseline Kotlin literal inventory
,고관절 신전,,AnalysisProxyPerformanceUi,app/src/main/java/com/training/trackplanner/AnalysisProxyPerformanceUi.kt,327,PRODUCTION_UI,DIRECT_LITERAL_REQUIRES_RESOURCE,,NO,Baseline Kotlin literal inventory
,몸통 고정,,AnalysisProxyPerformanceUi,app/src/main/java/com/training/trackplanner/AnalysisProxyPerformanceUi.kt,328,PRODUCTION_UI,DIRECT_LITERAL_REQUIRES_RESOURCE,,NO,Baseline Kotlin literal inventory
,벤치 특이성,,AnalysisProxyPerformanceUi,app/src/main/java/com/training/trackplanner/AnalysisProxyPerformanceUi.kt,329,PRODUCTION_UI,DIRECT_LITERAL_REQUIRES_RESOURCE,,NO,Baseline Kotlin literal inventory
,스쿼트 특이성,,AnalysisProxyPerformanceUi,app/src/main/java/com/training/trackplanner/AnalysisProxyPerformanceUi.kt,330,PRODUCTION_UI,DIRECT_LITERAL_REQUIRES_RESOURCE,,NO,Baseline Kotlin literal inventory
,데드리프트 특이성,,AnalysisProxyPerformanceUi,app/src/main/java/com/training/trackplanner/AnalysisProxyPerformanceUi.kt,331,PRODUCTION_UI,DIRECT_LITERAL_REQUIRES_RESOURCE,,NO,Baseline Kotlin literal inventory
,상위 ${((1.0 - percentile) * 100).roundToInt().coerceAtLeast(1)}%,,AnalysisProxyPerformanceUi,app/src/main/java/com/training/trackplanner/AnalysisProxyPerformanceUi.kt,342,PRODUCTION_UI,DIRECT_LITERAL_REQUIRES_RESOURCE,${},NO,Baseline Kotlin literal inventory
,하위 ${(percentile * 100).roundToInt().coerceAtLeast(1)}%,,AnalysisProxyPerformanceUi,app/src/main/java/com/training/trackplanner/AnalysisProxyPerformanceUi.kt,343,PRODUCTION_UI,DIRECT_LITERAL_REQUIRES_RESOURCE,${},NO,Baseline Kotlin literal inventory
,오늘 컨디션 및 피로도 분석,,AnalysisScreen,app/src/main/java/com/training/trackplanner/AnalysisScreen.kt,17,PRODUCTION_UI,DIRECT_LITERAL_REQUIRES_RESOURCE,,NO,Baseline Kotlin literal inventory
,현재 피로 상태와 피로 축별 주요 기여 운동을 봅니다.,,AnalysisScreen,app/src/main/java/com/training/trackplanner/AnalysisScreen.kt,17,PRODUCTION_UI,DIRECT_LITERAL_REQUIRES_RESOURCE,,NO,Baseline Kotlin literal inventory
,배드민턴 전이 분석,,AnalysisScreen,app/src/main/java/com/training/trackplanner/AnalysisScreen.kt,18,PRODUCTION_UI,DIRECT_LITERAL_REQUIRES_RESOURCE,,NO,Baseline Kotlin literal inventory
,배드민턴 관련 훈련 자극과 주간 흐름을 봅니다.,,AnalysisScreen,app/src/main/java/com/training/trackplanner/AnalysisScreen.kt,18,PRODUCTION_UI,DIRECT_LITERAL_REQUIRES_RESOURCE,,NO,Baseline Kotlin literal inventory
,근력운동 추이 분석,,AnalysisScreen,app/src/main/java/com/training/trackplanner/AnalysisScreen.kt,19,PRODUCTION_UI,DIRECT_LITERAL_REQUIRES_RESOURCE,,NO,Baseline Kotlin literal inventory
,"주요 리프트, 근육군, 반복수 구간 흐름을 봅니다.",,AnalysisScreen,app/src/main/java/com/training/trackplanner/AnalysisScreen.kt,19,PRODUCTION_UI,DIRECT_LITERAL_REQUIRES_RESOURCE,,NO,Baseline Kotlin literal inventory
,연결조직 분석,,AnalysisScreen,app/src/main/java/com/training/trackplanner/AnalysisScreen.kt,20,PRODUCTION_UI,DIRECT_LITERAL_REQUIRES_RESOURCE,,NO,Baseline Kotlin literal inventory
,관절 복합체별 회복 상태와 주요 기여 운동을 봅니다.,,AnalysisScreen,app/src/main/java/com/training/trackplanner/AnalysisScreen.kt,20,PRODUCTION_UI,DIRECT_LITERAL_REQUIRES_RESOURCE,,NO,Baseline Kotlin literal inventory
,관계 탐색,,AnalysisScreen,app/src/main/java/com/training/trackplanner/AnalysisScreen.kt,21,PRODUCTION_UI,DIRECT_LITERAL_REQUIRES_RESOURCE,,NO,Baseline Kotlin literal inventory
,같은 기간의 두 지표가 함께 움직이는지 봅니다.,,AnalysisScreen,app/src/main/java/com/training/trackplanner/AnalysisScreen.kt,21,PRODUCTION_UI,DIRECT_LITERAL_REQUIRES_RESOURCE,,NO,Baseline Kotlin literal inventory
,시계열 분석,,AnalysisScreen,app/src/main/java/com/training/trackplanner/AnalysisScreen.kt,22,PRODUCTION_UI,DIRECT_LITERAL_REQUIRES_RESOURCE,,NO,Baseline Kotlin literal inventory
,한 지표가 변한 뒤 다른 지표가 몇 주 뒤 어떻게 움직였는지 봅니다.,,AnalysisScreen,app/src/main/java/com/training/trackplanner/AnalysisScreen.kt,22,PRODUCTION_UI,DIRECT_LITERAL_REQUIRES_RESOURCE,,NO,Baseline Kotlin literal inventory
,분석,,AnalysisScreen,app/src/main/java/com/training/trackplanner/AnalysisScreen.kt,47,PRODUCTION_UI,DIRECT_LITERAL_REQUIRES_RESOURCE,,NO,Baseline Kotlin literal inventory
,필요한 분석 화면으로 들어가 훈련 지표를 확인합니다.,,AnalysisScreen,app/src/main/java/com/training/trackplanner/AnalysisScreen.kt,48,PRODUCTION_UI,DIRECT_LITERAL_REQUIRES_RESOURCE,,NO,Baseline Kotlin literal inventory
,관계 탐색 지표를 계산하고 있습니다.,,AnalysisScreen,app/src/main/java/com/training/trackplanner/AnalysisScreen.kt,94,PRODUCTION_UI,DIRECT_LITERAL_REQUIRES_RESOURCE,,NO,Baseline Kotlin literal inventory
,시계열 분석 지표를 계산하고 있습니다.,,AnalysisScreen,app/src/main/java/com/training/trackplanner/AnalysisScreen.kt,96,PRODUCTION_UI,DIRECT_LITERAL_REQUIRES_RESOURCE,,NO,Baseline Kotlin literal inventory
,근육군별 운동량 비율,,AnalysisStrengthTrendSections,app/src/main/java/com/training/trackplanner/AnalysisStrengthTrendSections.kt,51,PRODUCTION_UI,DIRECT_LITERAL_REQUIRES_RESOURCE,,NO,Baseline Kotlin literal inventory
,근육군별 운동량 비율,,AnalysisStrengthTrendSections,app/src/main/java/com/training/trackplanner/AnalysisStrengthTrendSections.kt,54,PRODUCTION_UI,DIRECT_LITERAL_REQUIRES_RESOURCE,,NO,Baseline Kotlin literal inventory
,근육군별 운동량은 운동 기록과 메타데이터를 바탕으로 추정한 상대 지표입니다.,,AnalysisStrengthTrendSections,app/src/main/java/com/training/trackplanner/AnalysisStrengthTrendSections.kt,57,PRODUCTION_UI,DIRECT_LITERAL_REQUIRES_RESOURCE,,NO,Baseline Kotlin literal inventory
,근육군별 운동량 비율 추이,,AnalysisStrengthTrendSections,app/src/main/java/com/training/trackplanner/AnalysisStrengthTrendSections.kt,70,PRODUCTION_UI,DIRECT_LITERAL_REQUIRES_RESOURCE,,NO,Baseline Kotlin literal inventory
,근육군별 운동량 기록이 부족합니다.,,AnalysisStrengthTrendSections,app/src/main/java/com/training/trackplanner/AnalysisStrengthTrendSections.kt,72,PRODUCTION_UI,DIRECT_LITERAL_REQUIRES_RESOURCE,,NO,Baseline Kotlin literal inventory
,적용,,AnalysisStrengthTrendSections,app/src/main/java/com/training/trackplanner/AnalysisStrengthTrendSections.kt,131,PRODUCTION_UI,DIRECT_LITERAL_REQUIRES_RESOURCE,,NO,Baseline Kotlin literal inventory
,초기화,,AnalysisStrengthTrendSections,app/src/main/java/com/training/trackplanner/AnalysisStrengthTrendSections.kt,139,PRODUCTION_UI,DIRECT_LITERAL_REQUIRES_RESOURCE,,NO,Baseline Kotlin literal inventory
,근육군 선택,,AnalysisStrengthTrendSections,app/src/main/java/com/training/trackplanner/AnalysisStrengthTrendSections.kt,142,PRODUCTION_UI,DIRECT_LITERAL_REQUIRES_RESOURCE,,NO,Baseline Kotlin literal inventory
,검색,,AnalysisStrengthTrendSections,app/src/main/java/com/training/trackplanner/AnalysisStrengthTrendSections.kt,150,PRODUCTION_UI,DIRECT_LITERAL_REQUIRES_RESOURCE,,NO,Baseline Kotlin literal inventory
,최소 1개 이상 선택하세요.,,AnalysisStrengthTrendSections,app/src/main/java/com/training/trackplanner/AnalysisStrengthTrendSections.kt,170,PRODUCTION_UI,DIRECT_LITERAL_REQUIRES_RESOURCE,,REVIEW,Baseline Kotlin literal inventory
,검색 결과가 없습니다.,,AnalysisStrengthTrendSections,app/src/main/java/com/training/trackplanner/AnalysisStrengthTrendSections.kt,184,PRODUCTION_UI,DIRECT_LITERAL_REQUIRES_RESOURCE,,NO,Baseline Kotlin literal inventory
,반복수 기반 강도 구간 비중,,AnalysisStrengthTrendSections,app/src/main/java/com/training/trackplanner/AnalysisStrengthTrendSections.kt,195,PRODUCTION_UI,DIRECT_LITERAL_REQUIRES_RESOURCE,,NO,Baseline Kotlin literal inventory
,반복수 기반 강도 구간 비중,,AnalysisStrengthTrendSections,app/src/main/java/com/training/trackplanner/AnalysisStrengthTrendSections.kt,198,PRODUCTION_UI,DIRECT_LITERAL_REQUIRES_RESOURCE,,NO,Baseline Kotlin literal inventory
,"1~5회는 저반복/고강도, 6~9회는 중반복/중강도, 10회 이상은 고반복/볼륨으로 분류합니다.",,AnalysisStrengthTrendSections,app/src/main/java/com/training/trackplanner/AnalysisStrengthTrendSections.kt,201,PRODUCTION_UI,DIRECT_LITERAL_REQUIRES_RESOURCE,,NO,Baseline Kotlin literal inventory
,저반복/고강도,,AnalysisStrengthTrendSections,app/src/main/java/com/training/trackplanner/AnalysisStrengthTrendSections.kt,208,PRODUCTION_UI,DIRECT_LITERAL_REQUIRES_RESOURCE,,NO,Baseline Kotlin literal inventory
,중반복/중강도,,AnalysisStrengthTrendSections,app/src/main/java/com/training/trackplanner/AnalysisStrengthTrendSections.kt,209,PRODUCTION_UI,DIRECT_LITERAL_REQUIRES_RESOURCE,,NO,Baseline Kotlin literal inventory
,고반복/볼륨,,AnalysisStrengthTrendSections,app/src/main/java/com/training/trackplanner/AnalysisStrengthTrendSections.kt,210,PRODUCTION_UI,DIRECT_LITERAL_REQUIRES_RESOURCE,,NO,Baseline Kotlin literal inventory
,반복수 구간 비중 추이,,AnalysisStrengthTrendSections,app/src/main/java/com/training/trackplanner/AnalysisStrengthTrendSections.kt,215,PRODUCTION_UI,DIRECT_LITERAL_REQUIRES_RESOURCE,,NO,Baseline Kotlin literal inventory
,반복수 구간 비중 추이,,AnalysisStrengthTrendSections,app/src/main/java/com/training/trackplanner/AnalysisStrengthTrendSections.kt,237,PRODUCTION_UI,DIRECT_LITERAL_REQUIRES_RESOURCE,,NO,Baseline Kotlin literal inventory
,주간 ,,AnalysisStrengthTrendSections,app/src/main/java/com/training/trackplanner/AnalysisStrengthTrendSections.kt,341,PRODUCTION_UI,DIRECT_LITERAL_REQUIRES_RESOURCE,,NO,Baseline Kotlin literal inventory
, 운동량,,AnalysisStrengthTrendSections,app/src/main/java/com/training/trackplanner/AnalysisStrengthTrendSections.kt,341,PRODUCTION_UI,DIRECT_LITERAL_REQUIRES_RESOURCE,,NO,Baseline Kotlin literal inventory
,근육군별 운동량 비율 추이,,AnalysisStrengthTrendSections,app/src/main/java/com/training/trackplanner/AnalysisStrengthTrendSections.kt,352,PRODUCTION_UI,DIRECT_LITERAL_REQUIRES_RESOURCE,,NO,Baseline Kotlin literal inventory
,저반복/고강도(1~5회),,AnalysisStrengthTrendSections,app/src/main/java/com/training/trackplanner/AnalysisStrengthTrendSections.kt,365,PRODUCTION_UI,DIRECT_LITERAL_REQUIRES_RESOURCE,,NO,Baseline Kotlin literal inventory
,중반복/중강도(6~9회),,AnalysisStrengthTrendSections,app/src/main/java/com/training/trackplanner/AnalysisStrengthTrendSections.kt,366,PRODUCTION_UI,DIRECT_LITERAL_REQUIRES_RESOURCE,,NO,Baseline Kotlin literal inventory
,고반복/볼륨(10회 이상),,AnalysisStrengthTrendSections,app/src/main/java/com/training/trackplanner/AnalysisStrengthTrendSections.kt,367,PRODUCTION_UI,DIRECT_LITERAL_REQUIRES_RESOURCE,,NO,Baseline Kotlin literal inventory
,이전날,,CommonUi,app/src/main/java/com/training/trackplanner/CommonUi.kt,171,PRODUCTION_UI,DIRECT_LITERAL_REQUIRES_RESOURCE,,NO,Baseline Kotlin literal inventory
,다음날,,CommonUi,app/src/main/java/com/training/trackplanner/CommonUi.kt,179,PRODUCTION_UI,DIRECT_LITERAL_REQUIRES_RESOURCE,,NO,Baseline Kotlin literal inventory
,시작일,,CommonUi,app/src/main/java/com/training/trackplanner/CommonUi.kt,207,PRODUCTION_UI,DIRECT_LITERAL_REQUIRES_RESOURCE,,NO,Baseline Kotlin literal inventory
,닫기,,CommonUi,app/src/main/java/com/training/trackplanner/CommonUi.kt,234,PRODUCTION_UI,DIRECT_LITERAL_REQUIRES_RESOURCE,,NO,Baseline Kotlin literal inventory
,운동 선택,,CommonUi,app/src/main/java/com/training/trackplanner/CommonUi.kt,237,PRODUCTION_UI,DIRECT_LITERAL_REQUIRES_RESOURCE,,NO,Baseline Kotlin literal inventory
,검색,,CommonUi,app/src/main/java/com/training/trackplanner/CommonUi.kt,244,PRODUCTION_UI,DIRECT_LITERAL_REQUIRES_RESOURCE,,NO,Baseline Kotlin literal inventory
,이미지 없음,,CommonUi,app/src/main/java/com/training/trackplanner/CommonUi.kt,367,PRODUCTION_UI,DIRECT_LITERAL_REQUIRES_RESOURCE,,NO,Baseline Kotlin literal inventory
,휴식 ${translator.translate(,,CommonUi,app/src/main/java/com/training/trackplanner/CommonUi.kt,398,PRODUCTION_UI,DIRECT_LITERAL_REQUIRES_RESOURCE,,NO,Baseline Kotlin literal inventory
,닫기,,CommonUi,app/src/main/java/com/training/trackplanner/CommonUi.kt,425,PRODUCTION_UI,DIRECT_LITERAL_REQUIRES_RESOURCE,,NO,Baseline Kotlin literal inventory
,운동 정보,,CommonUi,app/src/main/java/com/training/trackplanner/CommonUi.kt,428,PRODUCTION_UI,DIRECT_LITERAL_REQUIRES_RESOURCE,,NO,Baseline Kotlin literal inventory
,메타데이터 수정,,CommonUi,app/src/main/java/com/training/trackplanner/CommonUi.kt,432,PRODUCTION_UI,DIRECT_LITERAL_REQUIRES_RESOURCE,,NO,Baseline Kotlin literal inventory
,주요 동작,,CommonUi,app/src/main/java/com/training/trackplanner/CommonUi.kt,487,PRODUCTION_UI,DIRECT_LITERAL_REQUIRES_RESOURCE,,NO,Baseline Kotlin literal inventory
,동작 패턴,,CommonUi,app/src/main/java/com/training/trackplanner/CommonUi.kt,490,PRODUCTION_UI,DIRECT_LITERAL_REQUIRES_RESOURCE,,NO,Baseline Kotlin literal inventory
,동작 분류,,CommonUi,app/src/main/java/com/training/trackplanner/CommonUi.kt,494,PRODUCTION_UI,DIRECT_LITERAL_REQUIRES_RESOURCE,,NO,Baseline Kotlin literal inventory
,축성 부하,,CommonUi,app/src/main/java/com/training/trackplanner/CommonUi.kt,498,PRODUCTION_UI,DIRECT_LITERAL_REQUIRES_RESOURCE,,NO,Baseline Kotlin literal inventory
,좌우 사용,,CommonUi,app/src/main/java/com/training/trackplanner/CommonUi.kt,502,PRODUCTION_UI,DIRECT_LITERAL_REQUIRES_RESOURCE,,NO,Baseline Kotlin literal inventory
,사용 근육과 장비,,CommonUi,app/src/main/java/com/training/trackplanner/CommonUi.kt,508,PRODUCTION_UI,DIRECT_LITERAL_REQUIRES_RESOURCE,,NO,Baseline Kotlin literal inventory
,주동근,,CommonUi,app/src/main/java/com/training/trackplanner/CommonUi.kt,510,PRODUCTION_UI,DIRECT_LITERAL_REQUIRES_RESOURCE,,NO,Baseline Kotlin literal inventory
,보조근,,CommonUi,app/src/main/java/com/training/trackplanner/CommonUi.kt,511,PRODUCTION_UI,DIRECT_LITERAL_REQUIRES_RESOURCE,,NO,Baseline Kotlin literal inventory
,장비,,CommonUi,app/src/main/java/com/training/trackplanner/CommonUi.kt,512,PRODUCTION_UI,DIRECT_LITERAL_REQUIRES_RESOURCE,,NO,Baseline Kotlin literal inventory
,프로그램 활용,,CommonUi,app/src/main/java/com/training/trackplanner/CommonUi.kt,516,PRODUCTION_UI,DIRECT_LITERAL_REQUIRES_RESOURCE,,NO,Baseline Kotlin literal inventory
,프로그램 역할,,CommonUi,app/src/main/java/com/training/trackplanner/CommonUi.kt,519,PRODUCTION_UI,DIRECT_LITERAL_REQUIRES_RESOURCE,,NO,Baseline Kotlin literal inventory
,메타데이터 상태,,CommonUi,app/src/main/java/com/training/trackplanner/CommonUi.kt,523,PRODUCTION_UI,DIRECT_LITERAL_REQUIRES_RESOURCE,,NO,Baseline Kotlin literal inventory
,스트레스와 회복,,CommonUi,app/src/main/java/com/training/trackplanner/CommonUi.kt,529,PRODUCTION_UI,DIRECT_LITERAL_REQUIRES_RESOURCE,,NO,Baseline Kotlin literal inventory
,주 스트레스,,CommonUi,app/src/main/java/com/training/trackplanner/CommonUi.kt,532,PRODUCTION_UI,DIRECT_LITERAL_REQUIRES_RESOURCE,,NO,Baseline Kotlin literal inventory
,근신경계 피로,,CommonUi,app/src/main/java/com/training/trackplanner/CommonUi.kt,539,PRODUCTION_UI,DIRECT_LITERAL_REQUIRES_RESOURCE,,NO,Baseline Kotlin literal inventory
,회복 기간,,CommonUi,app/src/main/java/com/training/trackplanner/CommonUi.kt,546,PRODUCTION_UI,DIRECT_LITERAL_REQUIRES_RESOURCE,,NO,Baseline Kotlin literal inventory
,배드민턴 전이,,CommonUi,app/src/main/java/com/training/trackplanner/CommonUi.kt,555,PRODUCTION_UI,DIRECT_LITERAL_REQUIRES_RESOURCE,,NO,Baseline Kotlin literal inventory
,전이 수준,,CommonUi,app/src/main/java/com/training/trackplanner/CommonUi.kt,558,PRODUCTION_UI,DIRECT_LITERAL_REQUIRES_RESOURCE,,NO,Baseline Kotlin literal inventory
,전이 목적,,CommonUi,app/src/main/java/com/training/trackplanner/CommonUi.kt,565,PRODUCTION_UI,DIRECT_LITERAL_REQUIRES_RESOURCE,,NO,Baseline Kotlin literal inventory
,직접 전이,,CommonUi,app/src/main/java/com/training/trackplanner/CommonUi.kt,572,PRODUCTION_UI,DIRECT_LITERAL_REQUIRES_RESOURCE,,NO,Baseline Kotlin literal inventory
,보조 전이,,CommonUi,app/src/main/java/com/training/trackplanner/CommonUi.kt,576,PRODUCTION_UI,DIRECT_LITERAL_REQUIRES_RESOURCE,,NO,Baseline Kotlin literal inventory
,0초,,CommonUi,app/src/main/java/com/training/trackplanner/CommonUi.kt,658,PRODUCTION_UI,DIRECT_LITERAL_REQUIRES_RESOURCE,,NO,Baseline Kotlin literal inventory
,${minutes}분 ${seconds}초,,CommonUi,app/src/main/java/com/training/trackplanner/CommonUi.kt,662,PRODUCTION_UI,DIRECT_LITERAL_REQUIRES_RESOURCE,${},NO,Baseline Kotlin literal inventory
,${minutes}분,,CommonUi,app/src/main/java/com/training/trackplanner/CommonUi.kt,663,PRODUCTION_UI,DIRECT_LITERAL_REQUIRES_RESOURCE,${},NO,Baseline Kotlin literal inventory
,${seconds}초,,CommonUi,app/src/main/java/com/training/trackplanner/CommonUi.kt,664,PRODUCTION_UI,DIRECT_LITERAL_REQUIRES_RESOURCE,${},NO,Baseline Kotlin literal inventory
,${weekNumber}주차 ${dayName(dayOfWeek)},,CommonUi,app/src/main/java/com/training/trackplanner/CommonUi.kt,669,PRODUCTION_UI,DIRECT_LITERAL_REQUIRES_RESOURCE,${},NO,Baseline Kotlin literal inventory
,월,,CommonUi,app/src/main/java/com/training/trackplanner/CommonUi.kt,673,PRODUCTION_UI,DIRECT_LITERAL_REQUIRES_RESOURCE,,NO,Baseline Kotlin literal inventory
,화,,CommonUi,app/src/main/java/com/training/trackplanner/CommonUi.kt,674,PRODUCTION_UI,DIRECT_LITERAL_REQUIRES_RESOURCE,,NO,Baseline Kotlin literal inventory
,수,,CommonUi,app/src/main/java/com/training/trackplanner/CommonUi.kt,675,PRODUCTION_UI,DIRECT_LITERAL_REQUIRES_RESOURCE,,NO,Baseline Kotlin literal inventory
,목,,CommonUi,app/src/main/java/com/training/trackplanner/CommonUi.kt,676,PRODUCTION_UI,DIRECT_LITERAL_REQUIRES_RESOURCE,,NO,Baseline Kotlin literal inventory
,금,,CommonUi,app/src/main/java/com/training/trackplanner/CommonUi.kt,677,PRODUCTION_UI,DIRECT_LITERAL_REQUIRES_RESOURCE,,NO,Baseline Kotlin literal inventory
,토,,CommonUi,app/src/main/java/com/training/trackplanner/CommonUi.kt,678,PRODUCTION_UI,DIRECT_LITERAL_REQUIRES_RESOURCE,,NO,Baseline Kotlin literal inventory
,일,,CommonUi,app/src/main/java/com/training/trackplanner/CommonUi.kt,679,PRODUCTION_UI,DIRECT_LITERAL_REQUIRES_RESOURCE,,NO,Baseline Kotlin literal inventory
,백업 파일을 열 수 없습니다.,,BackupExportService,app/src/main/java/com/training/trackplanner/data/BackupExportService.kt,256,PRODUCTION_UI,DIRECT_LITERAL_REQUIRES_RESOURCE,,NO,Baseline Kotlin literal inventory
,백업 파일을 열 수 없습니다.,,BackupExportService,app/src/main/java/com/training/trackplanner/data/BackupExportService.kt,262,PRODUCTION_UI,DIRECT_LITERAL_REQUIRES_RESOURCE,,NO,Baseline Kotlin literal inventory
,백업 파일을 쓰는 중 오류가 발생했습니다.,,BackupExportService,app/src/main/java/com/training/trackplanner/data/BackupExportService.kt,271,PRODUCTION_UI,DIRECT_LITERAL_REQUIRES_RESOURCE,,NO,Baseline Kotlin literal inventory
,작성한 백업 파일을 다시 열 수 없습니다.,,BackupExportService,app/src/main/java/com/training/trackplanner/data/BackupExportService.kt,282,DEVELOPER_DIAGNOSTIC,DEVELOPER_DIAGNOSTIC,,NO,Baseline Kotlin literal inventory
,작성된 백업 파일의 무결성 재검증에 실패했습니다.,,BackupExportService,app/src/main/java/com/training/trackplanner/data/BackupExportService.kt,289,PRODUCTION_UI,DIRECT_LITERAL_REQUIRES_RESOURCE,,NO,Baseline Kotlin literal inventory
,백업 작업 중 알 수 없는 오류가 발생했습니다.,,BackupExportService,app/src/main/java/com/training/trackplanner/data/BackupExportService.kt,337,PRODUCTION_UI,DIRECT_LITERAL_REQUIRES_RESOURCE,,NO,Baseline Kotlin literal inventory
,복원 파일을 읽을 수 없습니다. ${error.message.orEmpty()},,BackupImportService,app/src/main/java/com/training/trackplanner/data/BackupImportService.kt,110,DEVELOPER_DIAGNOSTIC,DEVELOPER_DIAGNOSTIC,${},NO,Baseline Kotlin literal inventory
,복원 파일을 열 수 없습니다.,,BackupImportService,app/src/main/java/com/training/trackplanner/data/BackupImportService.kt,114,DEVELOPER_DIAGNOSTIC,DEVELOPER_DIAGNOSTIC,,NO,Baseline Kotlin literal inventory
,복원 중 알 수 없는 오류가 발생했습니다.,,BackupImportService,app/src/main/java/com/training/trackplanner/data/BackupImportService.kt,157,PRODUCTION_UI,DIRECT_LITERAL_REQUIRES_RESOURCE,,NO,Baseline Kotlin literal inventory
,빈 운동 stableKey가 있습니다.,,BackupPreflightValidator,app/src/main/java/com/training/trackplanner/data/BackupPreflightValidator.kt,35,NON_DISPLAY_IDENTIFIER,NON_DISPLAY_IDENTIFIER,,NO,Baseline Kotlin literal inventory
,중복 운동 stableKey가 있습니다: $key,,BackupPreflightValidator,app/src/main/java/com/training/trackplanner/data/BackupPreflightValidator.kt,37,NON_DISPLAY_IDENTIFIER,NON_DISPLAY_IDENTIFIER,${},NO,Baseline Kotlin literal inventory
,운동 기록에 exerciseStableKey가 없습니다.,,BackupPreflightValidator,app/src/main/java/com/training/trackplanner/data/BackupPreflightValidator.kt,50,PRODUCTION_UI,DIRECT_LITERAL_REQUIRES_RESOURCE,,NO,Baseline Kotlin literal inventory
,운동 기록의 stableKey를 현재 운동 목록에서 찾을 수 없습니다.,,BackupPreflightValidator,app/src/main/java/com/training/trackplanner/data/BackupPreflightValidator.kt,59,NON_DISPLAY_IDENTIFIER,NON_DISPLAY_IDENTIFIER,,NO,Baseline Kotlin literal inventory
,상위 운동 기록이 없는 세트입니다.,,BackupPreflightValidator,app/src/main/java/com/training/trackplanner/data/BackupPreflightValidator.kt,76,PRODUCTION_UI,DIRECT_LITERAL_REQUIRES_RESOURCE,,NO,Baseline Kotlin literal inventory
,세트가 없는 운동 기록은 현재 백업 형식으로 보존할 수 없습니다.,,BackupPreflightValidator,app/src/main/java/com/training/trackplanner/data/BackupPreflightValidator.kt,85,PRODUCTION_UI,DIRECT_LITERAL_REQUIRES_RESOURCE,,NO,Baseline Kotlin literal inventory
,상위 프로그램이 없는 프로그램 항목입니다.,,BackupPreflightValidator,app/src/main/java/com/training/trackplanner/data/BackupPreflightValidator.kt,100,PRODUCTION_UI,DIRECT_LITERAL_REQUIRES_RESOURCE,,NO,Baseline Kotlin literal inventory
,프로그램 항목에 exerciseStableKey가 없습니다.,,BackupPreflightValidator,app/src/main/java/com/training/trackplanner/data/BackupPreflightValidator.kt,116,PRODUCTION_UI,DIRECT_LITERAL_REQUIRES_RESOURCE,,NO,Baseline Kotlin literal inventory
,프로그램 항목의 stableKey를 현재 운동 목록에서 찾을 수 없습니다.,,BackupPreflightValidator,app/src/main/java/com/training/trackplanner/data/BackupPreflightValidator.kt,122,NON_DISPLAY_IDENTIFIER,NON_DISPLAY_IDENTIFIER,,NO,Baseline Kotlin literal inventory
,상위 프로그램 항목이 없는 세트 처방입니다.,,BackupPreflightValidator,app/src/main/java/com/training/trackplanner/data/BackupPreflightValidator.kt,134,PRODUCTION_UI,DIRECT_LITERAL_REQUIRES_RESOURCE,,NO,Baseline Kotlin literal inventory
,프로그램 세트 순서는 1부터 중복 없이 이어져야 합니다.,,BackupPreflightValidator,app/src/main/java/com/training/trackplanner/data/BackupPreflightValidator.kt,144,PRODUCTION_UI,DIRECT_LITERAL_REQUIRES_RESOURCE,,NO,Baseline Kotlin literal inventory
,프로그램 세트 처방 값이 올바르지 않습니다.,,BackupPreflightValidator,app/src/main/java/com/training/trackplanner/data/BackupPreflightValidator.kt,158,PRODUCTION_UI,DIRECT_LITERAL_REQUIRES_RESOURCE,,NO,Baseline Kotlin literal inventory
,런타임 운동 메타데이터의 stableKey를 현재 운동 목록에서 찾을 수 없습니다.,,BackupPreflightValidator,app/src/main/java/com/training/trackplanner/data/BackupPreflightValidator.kt,169,NON_DISPLAY_IDENTIFIER,NON_DISPLAY_IDENTIFIER,,NO,Baseline Kotlin literal inventory
,CSV 복원 ,,BackupPreflightValidator,app/src/main/java/com/training/trackplanner/data/BackupPreflightValidator.kt,212,NON_DISPLAY_IDENTIFIER,NON_DISPLAY_IDENTIFIER,,NO,Baseline Kotlin literal inventory
,이전 CSV 복원용 임시 운동은 새 백업의 운동 정본으로 사용할 수 없습니다.,,BackupPreflightValidator,app/src/main/java/com/training/trackplanner/data/BackupPreflightValidator.kt,216,NON_DISPLAY_IDENTIFIER,NON_DISPLAY_IDENTIFIER,,NO,Baseline Kotlin literal inventory
,작업: ${if (operation == DataTransferOperation.BACKUP) ,,DataTransferReport,app/src/main/java/com/training/trackplanner/data/DataTransferReport.kt,59,PRODUCTION_UI,DIRECT_LITERAL_REQUIRES_RESOURCE,,NO,Baseline Kotlin literal inventory
,상태: ${status.name},,DataTransferReport,app/src/main/java/com/training/trackplanner/data/DataTransferReport.kt,60,PRODUCTION_UI,DIRECT_LITERAL_REQUIRES_RESOURCE,${},NO,Baseline Kotlin literal inventory
,작업 ID: $operationId,,DataTransferReport,app/src/main/java/com/training/trackplanner/data/DataTransferReport.kt,61,PRODUCTION_UI,DIRECT_LITERAL_REQUIRES_RESOURCE,${},NO,Baseline Kotlin literal inventory
,파일: ${fileDisplayName.ifBlank { ,,DataTransferReport,app/src/main/java/com/training/trackplanner/data/DataTransferReport.kt,62,PRODUCTION_UI,DIRECT_LITERAL_REQUIRES_RESOURCE,,NO,Baseline Kotlin literal inventory
,시작: $startedAt,,DataTransferReport,app/src/main/java/com/training/trackplanner/data/DataTransferReport.kt,63,PRODUCTION_UI,DIRECT_LITERAL_REQUIRES_RESOURCE,${},NO,Baseline Kotlin literal inventory
,완료: ${completedAt ?: ,,DataTransferReport,app/src/main/java/com/training/trackplanner/data/DataTransferReport.kt,64,PRODUCTION_UI,DIRECT_LITERAL_REQUIRES_RESOURCE,,NO,Baseline Kotlin literal inventory
,현재 단계: $currentStage,,DataTransferReport,app/src/main/java/com/training/trackplanner/data/DataTransferReport.kt,65,PRODUCTION_UI,DIRECT_LITERAL_REQUIRES_RESOURCE,${},NO,Baseline Kotlin literal inventory
,[단계],,DataTransferReport,app/src/main/java/com/training/trackplanner/data/DataTransferReport.kt,68,PRODUCTION_UI,DIRECT_LITERAL_REQUIRES_RESOURCE,,NO,Baseline Kotlin literal inventory
,[개수],,DataTransferReport,app/src/main/java/com/training/trackplanner/data/DataTransferReport.kt,75,PRODUCTION_UI,DIRECT_LITERAL_REQUIRES_RESOURCE,,NO,Baseline Kotlin literal inventory
,[경고],,DataTransferReport,app/src/main/java/com/training/trackplanner/data/DataTransferReport.kt,80,PRODUCTION_UI,DIRECT_LITERAL_REQUIRES_RESOURCE,,NO,Baseline Kotlin literal inventory
,[오류],,DataTransferReport,app/src/main/java/com/training/trackplanner/data/DataTransferReport.kt,85,PRODUCTION_UI,DIRECT_LITERAL_REQUIRES_RESOURCE,,NO,Baseline Kotlin literal inventory
,작업 시작,,DataTransferReport,app/src/main/java/com/training/trackplanner/data/DataTransferReport.kt,154,PRODUCTION_UI,DIRECT_LITERAL_REQUIRES_RESOURCE,,NO,Baseline Kotlin literal inventory
,데이터 불러오기,,DataTransferReport,app/src/main/java/com/training/trackplanner/data/DataTransferReport.kt,155,PRODUCTION_UI,DIRECT_LITERAL_REQUIRES_RESOURCE,,NO,Baseline Kotlin literal inventory
,무결성 사전검사,,DataTransferReport,app/src/main/java/com/training/trackplanner/data/DataTransferReport.kt,156,PRODUCTION_UI,DIRECT_LITERAL_REQUIRES_RESOURCE,,NO,Baseline Kotlin literal inventory
,백업 직렬화,,DataTransferReport,app/src/main/java/com/training/trackplanner/data/DataTransferReport.kt,157,PRODUCTION_UI,DIRECT_LITERAL_REQUIRES_RESOURCE,,NO,Baseline Kotlin literal inventory
,파일 쓰기,,DataTransferReport,app/src/main/java/com/training/trackplanner/data/DataTransferReport.kt,158,PRODUCTION_UI,DIRECT_LITERAL_REQUIRES_RESOURCE,,NO,Baseline Kotlin literal inventory
,작성 결과 재검증,,DataTransferReport,app/src/main/java/com/training/trackplanner/data/DataTransferReport.kt,159,PRODUCTION_UI,DIRECT_LITERAL_REQUIRES_RESOURCE,,NO,Baseline Kotlin literal inventory
,파일 읽기,,DataTransferReport,app/src/main/java/com/training/trackplanner/data/DataTransferReport.kt,160,PRODUCTION_UI,DIRECT_LITERAL_REQUIRES_RESOURCE,,NO,Baseline Kotlin literal inventory
,형식 및 무결성 검사,,DataTransferReport,app/src/main/java/com/training/trackplanner/data/DataTransferReport.kt,161,DEVELOPER_DIAGNOSTIC,DEVELOPER_DIAGNOSTIC,,NO,Baseline Kotlin literal inventory
,복원 계획 생성,,DataTransferReport,app/src/main/java/com/training/trackplanner/data/DataTransferReport.kt,162,DEVELOPER_DIAGNOSTIC,DEVELOPER_DIAGNOSTIC,,NO,Baseline Kotlin literal inventory
,트랜잭션 복원,,DataTransferReport,app/src/main/java/com/training/trackplanner/data/DataTransferReport.kt,163,DEVELOPER_DIAGNOSTIC,DEVELOPER_DIAGNOSTIC,,NO,Baseline Kotlin literal inventory
,복원 결과 검증,,DataTransferReport,app/src/main/java/com/training/trackplanner/data/DataTransferReport.kt,164,DEVELOPER_DIAGNOSTIC,DEVELOPER_DIAGNOSTIC,,NO,Baseline Kotlin literal inventory
,완료,,DataTransferReport,app/src/main/java/com/training/trackplanner/data/DataTransferReport.kt,165,DEVELOPER_DIAGNOSTIC,DEVELOPER_DIAGNOSTIC,,NO,Baseline Kotlin literal inventory
,스포츠,,ExercisePlanning,app/src/main/java/com/training/trackplanner/data/ExercisePlanning.kt,35,PRODUCTION_UI,DIRECT_LITERAL_REQUIRES_RESOURCE,,NO,Baseline Kotlin literal inventory
,배드민턴 경기 기록,,ExercisePlanning,app/src/main/java/com/training/trackplanner/data/ExercisePlanning.kt,84,PRODUCTION_UI,DIRECT_LITERAL_REQUIRES_RESOURCE,,NO,Baseline Kotlin literal inventory
,배드민턴 경기,,ExercisePlanning,app/src/main/java/com/training/trackplanner/data/ExercisePlanning.kt,85,PRODUCTION_UI,DIRECT_LITERAL_REQUIRES_RESOURCE,,NO,Baseline Kotlin literal inventory
,배드민턴 게임,,ExercisePlanning,app/src/main/java/com/training/trackplanner/data/ExercisePlanning.kt,86,PRODUCTION_UI,DIRECT_LITERAL_REQUIRES_RESOURCE,,NO,Baseline Kotlin literal inventory
,배드민턴 세션,,ExercisePlanning,app/src/main/java/com/training/trackplanner/data/ExercisePlanning.kt,87,PRODUCTION_UI,DIRECT_LITERAL_REQUIRES_RESOURCE,,NO,Baseline Kotlin literal inventory
,축구 경기,,ExercisePlanning,app/src/main/java/com/training/trackplanner/data/ExercisePlanning.kt,88,PRODUCTION_UI,DIRECT_LITERAL_REQUIRES_RESOURCE,,NO,Baseline Kotlin literal inventory
,농구 경기,,ExercisePlanning,app/src/main/java/com/training/trackplanner/data/ExercisePlanning.kt,89,PRODUCTION_UI,DIRECT_LITERAL_REQUIRES_RESOURCE,,NO,Baseline Kotlin literal inventory
,러닝 경기,,ExercisePlanning,app/src/main/java/com/training/trackplanner/data/ExercisePlanning.kt,90,PRODUCTION_UI,DIRECT_LITERAL_REQUIRES_RESOURCE,,NO,Baseline Kotlin literal inventory
,러닝 세션,,ExercisePlanning,app/src/main/java/com/training/trackplanner/data/ExercisePlanning.kt,91,PRODUCTION_UI,DIRECT_LITERAL_REQUIRES_RESOURCE,,NO,Baseline Kotlin literal inventory
,테니스 경기,,ExercisePlanning,app/src/main/java/com/training/trackplanner/data/ExercisePlanning.kt,92,PRODUCTION_UI,DIRECT_LITERAL_REQUIRES_RESOURCE,,NO,Baseline Kotlin literal inventory
,CSV 복원,,ExercisePlanning,app/src/main/java/com/training/trackplanner/data/ExercisePlanning.kt,97,PRODUCTION_UI,DIRECT_LITERAL_REQUIRES_RESOURCE,,NO,Baseline Kotlin literal inventory
,imported_싱글_레그_rdl,,ExerciseStableKeyMigration,app/src/main/java/com/training/trackplanner/data/ExerciseStableKeyMigration.kt,207,PRODUCTION_UI,DIRECT_LITERAL_REQUIRES_RESOURCE,,NO,Baseline Kotlin literal inventory
,imported_6코너_섀도우_풋워크,,ExerciseStableKeyMigration,app/src/main/java/com/training/trackplanner/data/ExerciseStableKeyMigration.kt,208,PRODUCTION_UI,DIRECT_LITERAL_REQUIRES_RESOURCE,,NO,Baseline Kotlin literal inventory
,imported_싱글_레그_홉_앤_스틱,,ExerciseStableKeyMigration,app/src/main/java/com/training/trackplanner/data/ExerciseStableKeyMigration.kt,209,PRODUCTION_UI,DIRECT_LITERAL_REQUIRES_RESOURCE,,NO,Baseline Kotlin literal inventory
,imported_래터럴_바운드,,ExerciseStableKeyMigration,app/src/main/java/com/training/trackplanner/data/ExerciseStableKeyMigration.kt,224,PRODUCTION_UI,DIRECT_LITERAL_REQUIRES_RESOURCE,,NO,Baseline Kotlin literal inventory
,imported_csv_복원_계획,,ExerciseStableKeyMigration,app/src/main/java/com/training/trackplanner/data/ExerciseStableKeyMigration.kt,229,PRODUCTION_UI,DIRECT_LITERAL_REQUIRES_RESOURCE,,NO,Baseline Kotlin literal inventory
,imported_csv_복원_근력운동,,ExerciseStableKeyMigration,app/src/main/java/com/training/trackplanner/data/ExerciseStableKeyMigration.kt,230,PRODUCTION_UI,DIRECT_LITERAL_REQUIRES_RESOURCE,,NO,Baseline Kotlin literal inventory
,imported_csv_복원_기능성운동,,ExerciseStableKeyMigration,app/src/main/java/com/training/trackplanner/data/ExerciseStableKeyMigration.kt,231,PRODUCTION_UI,DIRECT_LITERAL_REQUIRES_RESOURCE,,NO,Baseline Kotlin literal inventory
,imported_csv_복원_스포츠,,ExerciseStableKeyMigration,app/src/main/java/com/training/trackplanner/data/ExerciseStableKeyMigration.kt,232,PRODUCTION_UI,DIRECT_LITERAL_REQUIRES_RESOURCE,,NO,Baseline Kotlin literal inventory
,덤벨,,ExerciseStableKeyMigration,app/src/main/java/com/training/trackplanner/data/ExerciseStableKeyMigration.kt,266,PRODUCTION_UI,DIRECT_LITERAL_REQUIRES_RESOURCE,,NO,Baseline Kotlin literal inventory
,케틀벨,,ExerciseStableKeyMigration,app/src/main/java/com/training/trackplanner/data/ExerciseStableKeyMigration.kt,267,PRODUCTION_UI,DIRECT_LITERAL_REQUIRES_RESOURCE,,NO,Baseline Kotlin literal inventory
,바벨,,ExerciseStableKeyMigration,app/src/main/java/com/training/trackplanner/data/ExerciseStableKeyMigration.kt,268,PRODUCTION_UI,DIRECT_LITERAL_REQUIRES_RESOURCE,,NO,Baseline Kotlin literal inventory
,"
        INSERT OR IGNORE INTO `exercises_new` (
            `stableKey`, `name`, `category`, `detail1`, `detail2`, `mode`, `description`,
            `defaultRestSeconds`, `familyId`, `familyName`, `familyRole`,
            `familyE1rmMultiplier`, `movementPattern`, `movementCategory`, `primaryMuscles`,
            `secondaryMuscles`, `equipment`, `equipmentTags`, `compoundType`, `forceType`,
            `bodyRegion`, `plane`, `laterality`, `axialLoadLevel`, `trainingRole`,
            `stabilityRoles`, `sportTransferDirect`, `sportTransferSupportive`,
            `badmintonTransferRoles`, `fatigueCategories`, `adaptiveBaselineGroups`,
            `accessoryRoles`, `loadProfile`, `recoveryDecayProfile`, `systemicLoadWeight`,
            `neuralHeavyWeight`, `neuralSpeedWeight`, `localLoadWeight`, `decelerationWeight`,
            `elasticSscWeight`, `rotationPowerWeight`, `antiRotationWeight`,
            `overheadSwingWeight`, `gripLoadWeight`, `progressMetricType`,
            `strengthProgressionGroup`, `hypertrophyVolumeGroup`, `mainLiftGroup`,
            `accessoryContributionGroup`, `estimated1RmEligible`, `volumeLoadEligible`,
            `badmintonTransferStrength`, `courtMovementTypes`, `badmintonSkillTargets`,
            `jointStressTags`, `stabilityDemandLevel`, `mobilityDemandLevel`,
            `balanceContributionTags`, `analysisEligibility`, `activityKind`,
            `planningEligibility`, `metadataConfidence`, `imageAssetName`, `isActive`,
            `archivedAt`, `isCustom`, `needsReview`
        ) VALUES (
            '${ExerciseMigrationKeyPolicy.UNRESOLVED_REFERENCE_KEY}',
            '확인 필요한 이전 운동', '기타', '', '', '', '이전 데이터의 운동 참조를 확인해야 합니다.',
            60, '', '', '', 1.0, '', '', '', '', '', '', '', '', '', '', '', '', '',
            '', '', '', '', '', '', '', '', '', 0.0, 0.0, 0.0, 0.0, 0.0, 0.0, 0.0,
            0.0, 0.0, 0.0, '', '', '', '', '', 0, 0, '', '', '', '', '', '', '', '',
            '', '', 'UNKNOWN', '', 0, NULL, 1, 1
        )
        ",,ExerciseStableKeyMigration,app/src/main/java/com/training/trackplanner/data/ExerciseStableKeyMigration.kt,422,NON_DISPLAY_IDENTIFIER,NON_DISPLAY_IDENTIFIER,${},NO,Baseline Kotlin literal inventory
,이전 백업의 운동을 현재 정본 stableKey로 해석할 수 없습니다.,,LegacyExerciseImportMapper,app/src/main/java/com/training/trackplanner/data/LegacyExerciseImportMapper.kt,56,NON_DISPLAY_IDENTIFIER,NON_DISPLAY_IDENTIFIER,,NO,Baseline Kotlin literal inventory
,legacy map의 정본 stableKey가 현재 운동 목록에 없습니다.,,LegacyExerciseImportMapper,app/src/main/java/com/training/trackplanner/data/LegacyExerciseImportMapper.kt,75,NON_DISPLAY_IDENTIFIER,NON_DISPLAY_IDENTIFIER,,NO,Baseline Kotlin literal inventory
,이전 CSV 복원용 임시 운동을 건너뛰었습니다.,,LegacyExerciseImportMapper,app/src/main/java/com/training/trackplanner/data/LegacyExerciseImportMapper.kt,88,PRODUCTION_UI,DIRECT_LITERAL_REQUIRES_RESOURCE,,NO,Baseline Kotlin literal inventory
,현재 정본 목록에서 삭제된 이전 운동 정의를 건너뛰었습니다.,,LegacyExerciseImportMapper,app/src/main/java/com/training/trackplanner/data/LegacyExerciseImportMapper.kt,101,PRODUCTION_UI,DIRECT_LITERAL_REQUIRES_RESOURCE,,NO,Baseline Kotlin literal inventory
,현재 정본 목록에서 삭제된 이전 운동을 참조하고 있습니다.,,LegacyExerciseImportMapper,app/src/main/java/com/training/trackplanner/data/LegacyExerciseImportMapper.kt,113,PRODUCTION_UI,DIRECT_LITERAL_REQUIRES_RESOURCE,,NO,Baseline Kotlin literal inventory
,자동 변환이 승인되지 않은 이전 운동입니다.,,LegacyExerciseImportMapper,app/src/main/java/com/training/trackplanner/data/LegacyExerciseImportMapper.kt,124,PRODUCTION_UI,DIRECT_LITERAL_REQUIRES_RESOURCE,,NO,Baseline Kotlin literal inventory
,대퇴사두,,MuscleGroupKeyNormalizer,app/src/main/java/com/training/trackplanner/data/MuscleGroupKeyNormalizer.kt,14,PRODUCTION_UI,DIRECT_LITERAL_REQUIRES_RESOURCE,,NO,Baseline Kotlin literal inventory
,대퇴근,,MuscleGroupKeyNormalizer,app/src/main/java/com/training/trackplanner/data/MuscleGroupKeyNormalizer.kt,14,PRODUCTION_UI,DIRECT_LITERAL_REQUIRES_RESOURCE,,NO,Baseline Kotlin literal inventory
,허벅지,,MuscleGroupKeyNormalizer,app/src/main/java/com/training/trackplanner/data/MuscleGroupKeyNormalizer.kt,14,PRODUCTION_UI,DIRECT_LITERAL_REQUIRES_RESOURCE,,NO,Baseline Kotlin literal inventory
,사두,,MuscleGroupKeyNormalizer,app/src/main/java/com/training/trackplanner/data/MuscleGroupKeyNormalizer.kt,14,PRODUCTION_UI,DIRECT_LITERAL_REQUIRES_RESOURCE,,NO,Baseline Kotlin literal inventory
,햄스트링,,MuscleGroupKeyNormalizer,app/src/main/java/com/training/trackplanner/data/MuscleGroupKeyNormalizer.kt,15,PRODUCTION_UI,DIRECT_LITERAL_REQUIRES_RESOURCE,,NO,Baseline Kotlin literal inventory
,둔근,,MuscleGroupKeyNormalizer,app/src/main/java/com/training/trackplanner/data/MuscleGroupKeyNormalizer.kt,16,PRODUCTION_UI,DIRECT_LITERAL_REQUIRES_RESOURCE,,NO,Baseline Kotlin literal inventory
,엉덩,,MuscleGroupKeyNormalizer,app/src/main/java/com/training/trackplanner/data/MuscleGroupKeyNormalizer.kt,16,PRODUCTION_UI,DIRECT_LITERAL_REQUIRES_RESOURCE,,NO,Baseline Kotlin literal inventory
,종아리,,MuscleGroupKeyNormalizer,app/src/main/java/com/training/trackplanner/data/MuscleGroupKeyNormalizer.kt,17,PRODUCTION_UI,DIRECT_LITERAL_REQUIRES_RESOURCE,,NO,Baseline Kotlin literal inventory
,카프,,MuscleGroupKeyNormalizer,app/src/main/java/com/training/trackplanner/data/MuscleGroupKeyNormalizer.kt,17,PRODUCTION_UI,DIRECT_LITERAL_REQUIRES_RESOURCE,,NO,Baseline Kotlin literal inventory
,내전,,MuscleGroupKeyNormalizer,app/src/main/java/com/training/trackplanner/data/MuscleGroupKeyNormalizer.kt,18,PRODUCTION_UI,DIRECT_LITERAL_REQUIRES_RESOURCE,,NO,Baseline Kotlin literal inventory
,외전,,MuscleGroupKeyNormalizer,app/src/main/java/com/training/trackplanner/data/MuscleGroupKeyNormalizer.kt,18,PRODUCTION_UI,DIRECT_LITERAL_REQUIRES_RESOURCE,,NO,Baseline Kotlin literal inventory
,척추,,MuscleGroupKeyNormalizer,app/src/main/java/com/training/trackplanner/data/MuscleGroupKeyNormalizer.kt,19,PRODUCTION_UI,DIRECT_LITERAL_REQUIRES_RESOURCE,,NO,Baseline Kotlin literal inventory
,기립,,MuscleGroupKeyNormalizer,app/src/main/java/com/training/trackplanner/data/MuscleGroupKeyNormalizer.kt,19,PRODUCTION_UI,DIRECT_LITERAL_REQUIRES_RESOURCE,,NO,Baseline Kotlin literal inventory
,후면사슬,,MuscleGroupKeyNormalizer,app/src/main/java/com/training/trackplanner/data/MuscleGroupKeyNormalizer.kt,19,PRODUCTION_UI,DIRECT_LITERAL_REQUIRES_RESOURCE,,NO,Baseline Kotlin literal inventory
,가슴,,MuscleGroupKeyNormalizer,app/src/main/java/com/training/trackplanner/data/MuscleGroupKeyNormalizer.kt,21,PRODUCTION_UI,DIRECT_LITERAL_REQUIRES_RESOURCE,,NO,Baseline Kotlin literal inventory
,흉근,,MuscleGroupKeyNormalizer,app/src/main/java/com/training/trackplanner/data/MuscleGroupKeyNormalizer.kt,21,PRODUCTION_UI,DIRECT_LITERAL_REQUIRES_RESOURCE,,NO,Baseline Kotlin literal inventory
,광배,,MuscleGroupKeyNormalizer,app/src/main/java/com/training/trackplanner/data/MuscleGroupKeyNormalizer.kt,22,PRODUCTION_UI,DIRECT_LITERAL_REQUIRES_RESOURCE,,NO,Baseline Kotlin literal inventory
,등,,MuscleGroupKeyNormalizer,app/src/main/java/com/training/trackplanner/data/MuscleGroupKeyNormalizer.kt,23,PRODUCTION_UI,DIRECT_LITERAL_REQUIRES_RESOURCE,,NO,Baseline Kotlin literal inventory
,어깨,,MuscleGroupKeyNormalizer,app/src/main/java/com/training/trackplanner/data/MuscleGroupKeyNormalizer.kt,24,PRODUCTION_UI,DIRECT_LITERAL_REQUIRES_RESOURCE,,NO,Baseline Kotlin literal inventory
,삼각,,MuscleGroupKeyNormalizer,app/src/main/java/com/training/trackplanner/data/MuscleGroupKeyNormalizer.kt,24,PRODUCTION_UI,DIRECT_LITERAL_REQUIRES_RESOURCE,,NO,Baseline Kotlin literal inventory
,회전근,,MuscleGroupKeyNormalizer,app/src/main/java/com/training/trackplanner/data/MuscleGroupKeyNormalizer.kt,25,PRODUCTION_UI,DIRECT_LITERAL_REQUIRES_RESOURCE,,NO,Baseline Kotlin literal inventory
,이두,,MuscleGroupKeyNormalizer,app/src/main/java/com/training/trackplanner/data/MuscleGroupKeyNormalizer.kt,26,PRODUCTION_UI,DIRECT_LITERAL_REQUIRES_RESOURCE,,NO,Baseline Kotlin literal inventory
,삼두,,MuscleGroupKeyNormalizer,app/src/main/java/com/training/trackplanner/data/MuscleGroupKeyNormalizer.kt,27,PRODUCTION_UI,DIRECT_LITERAL_REQUIRES_RESOURCE,,NO,Baseline Kotlin literal inventory
,전완,,MuscleGroupKeyNormalizer,app/src/main/java/com/training/trackplanner/data/MuscleGroupKeyNormalizer.kt,28,PRODUCTION_UI,DIRECT_LITERAL_REQUIRES_RESOURCE,,NO,Baseline Kotlin literal inventory
,손목,,MuscleGroupKeyNormalizer,app/src/main/java/com/training/trackplanner/data/MuscleGroupKeyNormalizer.kt,28,PRODUCTION_UI,DIRECT_LITERAL_REQUIRES_RESOURCE,,NO,Baseline Kotlin literal inventory
,그립,,MuscleGroupKeyNormalizer,app/src/main/java/com/training/trackplanner/data/MuscleGroupKeyNormalizer.kt,29,PRODUCTION_UI,DIRECT_LITERAL_REQUIRES_RESOURCE,,NO,Baseline Kotlin literal inventory
,항회전,,MuscleGroupKeyNormalizer,app/src/main/java/com/training/trackplanner/data/MuscleGroupKeyNormalizer.kt,30,PRODUCTION_UI,DIRECT_LITERAL_REQUIRES_RESOURCE,,NO,Baseline Kotlin literal inventory
,회전코어,,MuscleGroupKeyNormalizer,app/src/main/java/com/training/trackplanner/data/MuscleGroupKeyNormalizer.kt,30,PRODUCTION_UI,DIRECT_LITERAL_REQUIRES_RESOURCE,,NO,Baseline Kotlin literal inventory
,측면코어,,MuscleGroupKeyNormalizer,app/src/main/java/com/training/trackplanner/data/MuscleGroupKeyNormalizer.kt,32,PRODUCTION_UI,DIRECT_LITERAL_REQUIRES_RESOURCE,,NO,Baseline Kotlin literal inventory
,사선,,MuscleGroupKeyNormalizer,app/src/main/java/com/training/trackplanner/data/MuscleGroupKeyNormalizer.kt,32,PRODUCTION_UI,DIRECT_LITERAL_REQUIRES_RESOURCE,,NO,Baseline Kotlin literal inventory
,회전코어,,MuscleGroupKeyNormalizer,app/src/main/java/com/training/trackplanner/data/MuscleGroupKeyNormalizer.kt,32,PRODUCTION_UI,DIRECT_LITERAL_REQUIRES_RESOURCE,,NO,Baseline Kotlin literal inventory
,복근,,MuscleGroupKeyNormalizer,app/src/main/java/com/training/trackplanner/data/MuscleGroupKeyNormalizer.kt,33,PRODUCTION_UI,DIRECT_LITERAL_REQUIRES_RESOURCE,,NO,Baseline Kotlin literal inventory
,복부,,MuscleGroupKeyNormalizer,app/src/main/java/com/training/trackplanner/data/MuscleGroupKeyNormalizer.kt,33,PRODUCTION_UI,DIRECT_LITERAL_REQUIRES_RESOURCE,,NO,Baseline Kotlin literal inventory
,코어,,MuscleGroupKeyNormalizer,app/src/main/java/com/training/trackplanner/data/MuscleGroupKeyNormalizer.kt,33,PRODUCTION_UI,DIRECT_LITERAL_REQUIRES_RESOURCE,,NO,Baseline Kotlin literal inventory
,몸통,,MuscleGroupKeyNormalizer,app/src/main/java/com/training/trackplanner/data/MuscleGroupKeyNormalizer.kt,33,PRODUCTION_UI,DIRECT_LITERAL_REQUIRES_RESOURCE,,NO,Baseline Kotlin literal inventory
,실패한 운동일: $it,,PerformanceTrendSummaryService,app/src/main/java/com/training/trackplanner/data/PerformanceTrendSummaryService.kt,77,PRODUCTION_UI,DIRECT_LITERAL_REQUIRES_RESOURCE,${},NO,Baseline Kotlin literal inventory
,오류 유형: ,,PerformanceTrendSummaryService,app/src/main/java/com/training/trackplanner/data/PerformanceTrendSummaryService.kt,79,PRODUCTION_UI,DIRECT_LITERAL_REQUIRES_RESOURCE,,NO,Baseline Kotlin literal inventory
,계산기가 추가 오류 메시지를 남기지 않았습니다.,,PerformanceTrendSummaryService,app/src/main/java/com/training/trackplanner/data/PerformanceTrendSummaryService.kt,85,PRODUCTION_UI,DIRECT_LITERAL_REQUIRES_RESOURCE,,NO,Baseline Kotlin literal inventory
,현재 저장된 근력 분석 모델이 앱의 canonical 모델과 호환되지 않습니다.,,PerformanceTrendSummaryService,app/src/main/java/com/training/trackplanner/data/PerformanceTrendSummaryService.kt,93,PRODUCTION_UI,DIRECT_LITERAL_REQUIRES_RESOURCE,,NO,Baseline Kotlin literal inventory
,배드민턴 지원 웨이트,,ProgramAutoBuilder,app/src/main/java/com/training/trackplanner/data/ProgramAutoBuilder.kt,61,PRODUCTION_UI,DIRECT_LITERAL_REQUIRES_RESOURCE,,NO,Baseline Kotlin literal inventory
,조건에 맞는 운동 후보가 적어 일부 세션 구성이 짧을 수 있습니다.,,ProgramBuilder,app/src/main/java/com/training/trackplanner/data/ProgramBuilder.kt,321,PRODUCTION_UI,DIRECT_LITERAL_REQUIRES_RESOURCE,,NO,Baseline Kotlin literal inventory
,계획 피로도 참고: ${fatigueGate.band.name} · 볼륨 ${fatigueGate.planningLoadFactor().toPercent()} · RPE 상한 ${fatigueGate.rpeCap}. RED 전에는 메인 운동을 줄이지 않고 계획합니다.,,ProgramBuilder,app/src/main/java/com/training/trackplanner/data/ProgramBuilder.kt,323,PRODUCTION_UI,DIRECT_LITERAL_REQUIRES_RESOURCE,${},NO,Baseline Kotlin literal inventory
,세션 시간 예산에 맞춰 일부 보조 항목을 줄였습니다.,,ProgramBuilder,app/src/main/java/com/training/trackplanner/data/ProgramBuilder.kt,326,PRODUCTION_UI,DIRECT_LITERAL_REQUIRES_RESOURCE,,NO,Baseline Kotlin literal inventory
,${request.durationWeeks}주 ${request.badmintonSpecificityRatio}:${100 - request.badmintonSpecificityRatio} 프로그램,,ProgramBuilder,app/src/main/java/com/training/trackplanner/data/ProgramBuilder.kt,375,PRODUCTION_UI,DIRECT_LITERAL_REQUIRES_RESOURCE,${},NO,Baseline Kotlin literal inventory
,${key.first}주 ${key.second}일 세션이 운동 7개를 초과합니다.,,ProgramBuilderValidation,app/src/main/java/com/training/trackplanner/data/ProgramBuilderValidation.kt,33,PRODUCTION_UI,DIRECT_LITERAL_REQUIRES_RESOURCE,${},REVIEW,Baseline Kotlin literal inventory
,${key.first}주 ${key.second}일 예상 ${estimatedSeconds / 60}분이 ,,ProgramBuilderValidation,app/src/main/java/com/training/trackplanner/data/ProgramBuilderValidation.kt,42,PRODUCTION_UI,DIRECT_LITERAL_REQUIRES_RESOURCE,${},NO,Baseline Kotlin literal inventory
,시간 예산 ${result.request.dailyAvailableMinutes}분을 초과합니다.,,ProgramBuilderValidation,app/src/main/java/com/training/trackplanner/data/ProgramBuilderValidation.kt,43,PRODUCTION_UI,DIRECT_LITERAL_REQUIRES_RESOURCE,${},NO,Baseline Kotlin literal inventory
,${item.exerciseName}은 직접 스포츠 세션이므로 프로그램 운동으로 선택할 수 없습니다.,,ProgramBuilderValidation,app/src/main/java/com/training/trackplanner/data/ProgramBuilderValidation.kt,51,PRODUCTION_UI,DIRECT_LITERAL_REQUIRES_RESOURCE,${},NO,Baseline Kotlin literal inventory
,${week.weekIndex}주 hard day ${hardDays}일이 허용 상한 ${hardLimit}일을 초과합니다.,,ProgramBuilderValidation,app/src/main/java/com/training/trackplanner/data/ProgramBuilderValidation.kt,126,PRODUCTION_UI,DIRECT_LITERAL_REQUIRES_RESOURCE,${},NO,Baseline Kotlin literal inventory
,${week.weekIndex}주의 hard day 3일은 HIGH/INTENSIFY와 후속 저부하 주 조건을 충족하지 않습니다.,,ProgramBuilderValidation,app/src/main/java/com/training/trackplanner/data/ProgramBuilderValidation.kt,133,PRODUCTION_UI,DIRECT_LITERAL_REQUIRES_RESOURCE,${},NO,Baseline Kotlin literal inventory
,RED 피로 상태에서는 hard day가 0이어야 합니다.,,ProgramBuilderValidation,app/src/main/java/com/training/trackplanner/data/ProgramBuilderValidation.kt,141,PRODUCTION_UI,DIRECT_LITERAL_REQUIRES_RESOURCE,,NO,Baseline Kotlin literal inventory
,비-anchor $stableKey 항목이 모든 주에 고정되어 rotation이 부족합니다.,,ProgramBuilderValidation,app/src/main/java/com/training/trackplanner/data/ProgramBuilderValidation.kt,167,NON_DISPLAY_IDENTIFIER,NON_DISPLAY_IDENTIFIER,${},NO,Baseline Kotlin literal inventory
,${key.first}주 ${key.second} 중복군 노출이 ${rows.size}회입니다.,,ProgramBuilderValidation,app/src/main/java/com/training/trackplanner/data/ProgramBuilderValidation.kt,178,PRODUCTION_UI,DIRECT_LITERAL_REQUIRES_RESOURCE,${},NO,Baseline Kotlin literal inventory
,${key.first}주 ${key.second} family 노출이 ${rows.size}회로 편중되었습니다.,,ProgramBuilderValidation,app/src/main/java/com/training/trackplanner/data/ProgramBuilderValidation.kt,188,PRODUCTION_UI,DIRECT_LITERAL_REQUIRES_RESOURCE,${},NO,Baseline Kotlin literal inventory
,${window.first().weekIndex}-${window.last().weekIndex}주 신경계 누적 ${format(neuromuscular)}가 관리 기준 ${format(managedLimit)}를 초과합니다.,,ProgramBuilderValidation,app/src/main/java/com/training/trackplanner/data/ProgramBuilderValidation.kt,212,PRODUCTION_UI,DIRECT_LITERAL_REQUIRES_RESOURCE,${},NO,Baseline Kotlin literal inventory
,${window.first().weekIndex}-${window.last().weekIndex}주 관절/건/충격 누적 ${format(jointImpact)}가 관리 기준 ${format(managedLimit)}를 초과합니다.,,ProgramBuilderValidation,app/src/main/java/com/training/trackplanner/data/ProgramBuilderValidation.kt,219,PRODUCTION_UI,DIRECT_LITERAL_REQUIRES_RESOURCE,${},NO,Baseline Kotlin literal inventory
,전신 근육,,ProgramBuilderValidation,app/src/main/java/com/training/trackplanner/data/ProgramBuilderValidation.kt,222,PRODUCTION_UI,DIRECT_LITERAL_REQUIRES_RESOURCE,,NO,Baseline Kotlin literal inventory
,국소 근육,,ProgramBuilderValidation,app/src/main/java/com/training/trackplanner/data/ProgramBuilderValidation.kt,222,PRODUCTION_UI,DIRECT_LITERAL_REQUIRES_RESOURCE,,NO,Baseline Kotlin literal inventory
,동작 집중,,ProgramBuilderValidation,app/src/main/java/com/training/trackplanner/data/ProgramBuilderValidation.kt,222,PRODUCTION_UI,DIRECT_LITERAL_REQUIRES_RESOURCE,,NO,Baseline Kotlin literal inventory
,${window.first().weekIndex}-${window.last().weekIndex}주 $label 누적 ${format(value)}가 높습니다.,,ProgramBuilderValidation,app/src/main/java/com/training/trackplanner/data/ProgramBuilderValidation.kt,228,PRODUCTION_UI,DIRECT_LITERAL_REQUIRES_RESOURCE,${},NO,Baseline Kotlin literal inventory
,${key.first}주 ${key.second}일 정상 세션에 rehab-like activation이 ${rehabItems.size}개 포함되었습니다.,,ProgramBuilderValidation,app/src/main/java/com/training/trackplanner/data/ProgramBuilderValidation.kt,259,PRODUCTION_UI,DIRECT_LITERAL_REQUIRES_RESOURCE,${},REVIEW,Baseline Kotlin literal inventory
,${key.first}주 ${key.second}일 rehab-like activation이 메인 위치를 차지합니다.,,ProgramBuilderValidation,app/src/main/java/com/training/trackplanner/data/ProgramBuilderValidation.kt,266,PRODUCTION_UI,DIRECT_LITERAL_REQUIRES_RESOURCE,${},NO,Baseline Kotlin literal inventory
,${key.first}주 ${key.second}일 strength/transfer 세션의 절반 이상이 rehab-like activation입니다.,,ProgramBuilderValidation,app/src/main/java/com/training/trackplanner/data/ProgramBuilderValidation.kt,273,PRODUCTION_UI,DIRECT_LITERAL_REQUIRES_RESOURCE,${},NO,Baseline Kotlin literal inventory
,${window.first().weekIndex}-${window.last().weekIndex}주 rehab-like $stableKey 항목이 ${rows.size}회 반복됩니다.,,ProgramBuilderValidation,app/src/main/java/com/training/trackplanner/data/ProgramBuilderValidation.kt,292,NON_DISPLAY_IDENTIFIER,NON_DISPLAY_IDENTIFIER,${},NO,Baseline Kotlin literal inventory
,${window.first().weekIndex}-${window.last().weekIndex}주 정상 세션의 rehab-like activation 비율이 15%를 초과합니다.,,ProgramBuilderValidation,app/src/main/java/com/training/trackplanner/data/ProgramBuilderValidation.kt,309,PRODUCTION_UI,DIRECT_LITERAL_REQUIRES_RESOURCE,${},NO,Baseline Kotlin literal inventory
,${window.first().weekIndex}-${window.last().weekIndex}주 견갑 안정성 노출의 과반이 저부하 rehab activation입니다.,,ProgramBuilderValidation,app/src/main/java/com/training/trackplanner/data/ProgramBuilderValidation.kt,318,PRODUCTION_UI,DIRECT_LITERAL_REQUIRES_RESOURCE,${},NO,Baseline Kotlin literal inventory
,${window.first().weekIndex}-${window.last().weekIndex}주 미노출 패턴: ${missing.joinToString()},,ProgramBuilderValidation,app/src/main/java/com/training/trackplanner/data/ProgramBuilderValidation.kt,382,PRODUCTION_UI,DIRECT_LITERAL_REQUIRES_RESOURCE,${},NO,Baseline Kotlin literal inventory
,${window.first().weekIndex}-${window.last().weekIndex}주,,ProgramBuilderValidation,app/src/main/java/com/training/trackplanner/data/ProgramBuilderValidation.kt,445,PRODUCTION_UI,DIRECT_LITERAL_REQUIRES_RESOURCE,${},NO,Baseline Kotlin literal inventory
,$label movement family가 ${movementFamilies.size}개로 제한적입니다.,,ProgramBuilderValidation,app/src/main/java/com/training/trackplanner/data/ProgramBuilderValidation.kt,456,PRODUCTION_UI,DIRECT_LITERAL_REQUIRES_RESOURCE,${},REVIEW,Baseline Kotlin literal inventory
,$label strength progression group가 ${strengthGroups.size}개로 제한적입니다.,,ProgramBuilderValidation,app/src/main/java/com/training/trackplanner/data/ProgramBuilderValidation.kt,463,PRODUCTION_UI,DIRECT_LITERAL_REQUIRES_RESOURCE,${},REVIEW,Baseline Kotlin literal inventory
,$label 배드민턴 전이 중복군이 ${transferGroups.size}개뿐입니다.,,ProgramBuilderValidation,app/src/main/java/com/training/trackplanner/data/ProgramBuilderValidation.kt,470,PRODUCTION_UI,DIRECT_LITERAL_REQUIRES_RESOURCE,${},REVIEW,Baseline Kotlin literal inventory
,$label HIGH/VERY_HIGH 항목 비율이 45%를 초과합니다.,,ProgramBuilderValidation,app/src/main/java/com/training/trackplanner/data/ProgramBuilderValidation.kt,478,NON_DISPLAY_IDENTIFIER,NON_DISPLAY_IDENTIFIER,${},NO,Baseline Kotlin literal inventory
,$label accessory/prehab/transfer rotation이 부족합니다.,,ProgramBuilderValidation,app/src/main/java/com/training/trackplanner/data/ProgramBuilderValidation.kt,486,NON_DISPLAY_IDENTIFIER,NON_DISPLAY_IDENTIFIER,${},NO,Baseline Kotlin literal inventory
,$label anchor가 최소 2주 연속 노출되지 않아 진행성 추적이 어렵습니다.,,ProgramBuilderValidation,app/src/main/java/com/training/trackplanner/data/ProgramBuilderValidation.kt,497,PRODUCTION_UI,DIRECT_LITERAL_REQUIRES_RESOURCE,${},NO,Baseline Kotlin literal inventory
,맨몸,,ProgramCandidate,app/src/main/java/com/training/trackplanner/data/ProgramCandidate.kt,325,PRODUCTION_UI,DIRECT_LITERAL_REQUIRES_RESOURCE,,NO,Baseline Kotlin literal inventory
,밴드,,ProgramCandidate,app/src/main/java/com/training/trackplanner/data/ProgramCandidate.kt,325,PRODUCTION_UI,DIRECT_LITERAL_REQUIRES_RESOURCE,,NO,Baseline Kotlin literal inventory
,벽,,ProgramCandidate,app/src/main/java/com/training/trackplanner/data/ProgramCandidate.kt,325,PRODUCTION_UI,DIRECT_LITERAL_REQUIRES_RESOURCE,,NO,Baseline Kotlin literal inventory
,케이블,,ProgramCandidate,app/src/main/java/com/training/trackplanner/data/ProgramCandidate.kt,337,PRODUCTION_UI,DIRECT_LITERAL_REQUIRES_RESOURCE,,NO,Baseline Kotlin literal inventory
,덤벨,,ProgramCandidate,app/src/main/java/com/training/trackplanner/data/ProgramCandidate.kt,337,PRODUCTION_UI,DIRECT_LITERAL_REQUIRES_RESOURCE,,NO,Baseline Kotlin literal inventory
,바벨,,ProgramCandidate,app/src/main/java/com/training/trackplanner/data/ProgramCandidate.kt,337,PRODUCTION_UI,DIRECT_LITERAL_REQUIRES_RESOURCE,,NO,Baseline Kotlin literal inventory
,머신,,ProgramCandidate,app/src/main/java/com/training/trackplanner/data/ProgramCandidate.kt,337,PRODUCTION_UI,DIRECT_LITERAL_REQUIRES_RESOURCE,,NO,Baseline Kotlin literal inventory
,바벨,,ProgramCandidate,app/src/main/java/com/training/trackplanner/data/ProgramCandidate.kt,396,PRODUCTION_UI,DIRECT_LITERAL_REQUIRES_RESOURCE,,NO,Baseline Kotlin literal inventory
,덤벨,,ProgramCandidate,app/src/main/java/com/training/trackplanner/data/ProgramCandidate.kt,397,PRODUCTION_UI,DIRECT_LITERAL_REQUIRES_RESOURCE,,NO,Baseline Kotlin literal inventory
,머신,,ProgramCandidate,app/src/main/java/com/training/trackplanner/data/ProgramCandidate.kt,398,PRODUCTION_UI,DIRECT_LITERAL_REQUIRES_RESOURCE,,NO,Baseline Kotlin literal inventory
,케이블,,ProgramCandidate,app/src/main/java/com/training/trackplanner/data/ProgramCandidate.kt,399,PRODUCTION_UI,DIRECT_LITERAL_REQUIRES_RESOURCE,,NO,Baseline Kotlin literal inventory
,스미스,,ProgramCandidate,app/src/main/java/com/training/trackplanner/data/ProgramCandidate.kt,400,PRODUCTION_UI,DIRECT_LITERAL_REQUIRES_RESOURCE,,NO,Baseline Kotlin literal inventory
,스미스머신,,ProgramCandidate,app/src/main/java/com/training/trackplanner/data/ProgramCandidate.kt,401,PRODUCTION_UI,DIRECT_LITERAL_REQUIRES_RESOURCE,,NO,Baseline Kotlin literal inventory
,레그프레스,,ProgramCandidate,app/src/main/java/com/training/trackplanner/data/ProgramCandidate.kt,402,PRODUCTION_UI,DIRECT_LITERAL_REQUIRES_RESOURCE,,NO,Baseline Kotlin literal inventory
,핵스쿼트,,ProgramCandidate,app/src/main/java/com/training/trackplanner/data/ProgramCandidate.kt,403,PRODUCTION_UI,DIRECT_LITERAL_REQUIRES_RESOURCE,,NO,Baseline Kotlin literal inventory
,레그컬,,ProgramCandidate,app/src/main/java/com/training/trackplanner/data/ProgramCandidate.kt,404,PRODUCTION_UI,DIRECT_LITERAL_REQUIRES_RESOURCE,,NO,Baseline Kotlin literal inventory
,레그익스텐션,,ProgramCandidate,app/src/main/java/com/training/trackplanner/data/ProgramCandidate.kt,405,PRODUCTION_UI,DIRECT_LITERAL_REQUIRES_RESOURCE,,NO,Baseline Kotlin literal inventory
,EZ바,,ProgramCandidate,app/src/main/java/com/training/trackplanner/data/ProgramCandidate.kt,406,PRODUCTION_UI,DIRECT_LITERAL_REQUIRES_RESOURCE,,NO,Baseline Kotlin literal inventory
,바벨,,ProgramCandidateRerankingPolicy,app/src/main/java/com/training/trackplanner/data/ProgramCandidateRerankingPolicy.kt,108,PRODUCTION_UI,DIRECT_LITERAL_REQUIRES_RESOURCE,,NO,Baseline Kotlin literal inventory
,덤벨,,ProgramCandidateRerankingPolicy,app/src/main/java/com/training/trackplanner/data/ProgramCandidateRerankingPolicy.kt,108,PRODUCTION_UI,DIRECT_LITERAL_REQUIRES_RESOURCE,,NO,Baseline Kotlin literal inventory
,머신,,ProgramCandidateRerankingPolicy,app/src/main/java/com/training/trackplanner/data/ProgramCandidateRerankingPolicy.kt,108,PRODUCTION_UI,DIRECT_LITERAL_REQUIRES_RESOURCE,,NO,Baseline Kotlin literal inventory
,케이블,,ProgramCandidateRerankingPolicy,app/src/main/java/com/training/trackplanner/data/ProgramCandidateRerankingPolicy.kt,108,PRODUCTION_UI,DIRECT_LITERAL_REQUIRES_RESOURCE,,NO,Baseline Kotlin literal inventory
,근력운동과 배드민턴 전이훈련의 균형을 보정했습니다.,,ProgramEvaluationPolicy,app/src/main/java/com/training/trackplanner/data/ProgramEvaluationPolicy.kt,274,PRODUCTION_UI,DIRECT_LITERAL_REQUIRES_RESOURCE,,NO,Baseline Kotlin literal inventory
,45분 세션에 맞게 운동 수를 조정했습니다.,,ProgramEvaluationPolicy,app/src/main/java/com/training/trackplanner/data/ProgramEvaluationPolicy.kt,275,PRODUCTION_UI,DIRECT_LITERAL_REQUIRES_RESOURCE,,NO,Baseline Kotlin literal inventory
,연속 하체 피로가 몰리지 않도록 일부 운동을 재배치했습니다.,,ProgramEvaluationPolicy,app/src/main/java/com/training/trackplanner/data/ProgramEvaluationPolicy.kt,277,PRODUCTION_UI,DIRECT_LITERAL_REQUIRES_RESOURCE,,NO,Baseline Kotlin literal inventory
,반복되는 운동 목적이 과해지지 않도록 구성을 점검했습니다.,,ProgramEvaluationPolicy,app/src/main/java/com/training/trackplanner/data/ProgramEvaluationPolicy.kt,278,PRODUCTION_UI,DIRECT_LITERAL_REQUIRES_RESOURCE,,NO,Baseline Kotlin literal inventory
,바벨,,ProgramEvaluationPolicy,app/src/main/java/com/training/trackplanner/data/ProgramEvaluationPolicy.kt,305,PRODUCTION_UI,DIRECT_LITERAL_REQUIRES_RESOURCE,,NO,Baseline Kotlin literal inventory
,덤벨,,ProgramEvaluationPolicy,app/src/main/java/com/training/trackplanner/data/ProgramEvaluationPolicy.kt,305,PRODUCTION_UI,DIRECT_LITERAL_REQUIRES_RESOURCE,,NO,Baseline Kotlin literal inventory
,머신,,ProgramEvaluationPolicy,app/src/main/java/com/training/trackplanner/data/ProgramEvaluationPolicy.kt,305,PRODUCTION_UI,DIRECT_LITERAL_REQUIRES_RESOURCE,,NO,Baseline Kotlin literal inventory
,케이블,,ProgramEvaluationPolicy,app/src/main/java/com/training/trackplanner/data/ProgramEvaluationPolicy.kt,305,PRODUCTION_UI,DIRECT_LITERAL_REQUIRES_RESOURCE,,NO,Baseline Kotlin literal inventory
,스미스,,ProgramEvaluationPolicy,app/src/main/java/com/training/trackplanner/data/ProgramEvaluationPolicy.kt,305,PRODUCTION_UI,DIRECT_LITERAL_REQUIRES_RESOURCE,,NO,Baseline Kotlin literal inventory
,레그프레스,,ProgramEvaluationPolicy,app/src/main/java/com/training/trackplanner/data/ProgramEvaluationPolicy.kt,305,PRODUCTION_UI,DIRECT_LITERAL_REQUIRES_RESOURCE,,NO,Baseline Kotlin literal inventory
,핵스쿼트,,ProgramEvaluationPolicy,app/src/main/java/com/training/trackplanner/data/ProgramEvaluationPolicy.kt,305,PRODUCTION_UI,DIRECT_LITERAL_REQUIRES_RESOURCE,,NO,Baseline Kotlin literal inventory
,레그컬,,ProgramEvaluationPolicy,app/src/main/java/com/training/trackplanner/data/ProgramEvaluationPolicy.kt,305,PRODUCTION_UI,DIRECT_LITERAL_REQUIRES_RESOURCE,,NO,Baseline Kotlin literal inventory
,레그익스텐션,,ProgramEvaluationPolicy,app/src/main/java/com/training/trackplanner/data/ProgramEvaluationPolicy.kt,305,PRODUCTION_UI,DIRECT_LITERAL_REQUIRES_RESOURCE,,NO,Baseline Kotlin literal inventory
,바벨,,ProgramEvaluationPolicy,app/src/main/java/com/training/trackplanner/data/ProgramEvaluationPolicy.kt,308,PRODUCTION_UI,DIRECT_LITERAL_REQUIRES_RESOURCE,,NO,Baseline Kotlin literal inventory
,덤벨,,ProgramEvaluationPolicy,app/src/main/java/com/training/trackplanner/data/ProgramEvaluationPolicy.kt,308,PRODUCTION_UI,DIRECT_LITERAL_REQUIRES_RESOURCE,,NO,Baseline Kotlin literal inventory
,머신,,ProgramEvaluationPolicy,app/src/main/java/com/training/trackplanner/data/ProgramEvaluationPolicy.kt,308,PRODUCTION_UI,DIRECT_LITERAL_REQUIRES_RESOURCE,,NO,Baseline Kotlin literal inventory
,케이블,,ProgramEvaluationPolicy,app/src/main/java/com/training/trackplanner/data/ProgramEvaluationPolicy.kt,308,PRODUCTION_UI,DIRECT_LITERAL_REQUIRES_RESOURCE,,NO,Baseline Kotlin literal inventory
,스미스,,ProgramEvaluationPolicy,app/src/main/java/com/training/trackplanner/data/ProgramEvaluationPolicy.kt,308,PRODUCTION_UI,DIRECT_LITERAL_REQUIRES_RESOURCE,,NO,Baseline Kotlin literal inventory
,레그 프레스,,ProgramEvaluationPolicy,app/src/main/java/com/training/trackplanner/data/ProgramEvaluationPolicy.kt,308,PRODUCTION_UI,DIRECT_LITERAL_REQUIRES_RESOURCE,,NO,Baseline Kotlin literal inventory
,핵 스쿼트,,ProgramEvaluationPolicy,app/src/main/java/com/training/trackplanner/data/ProgramEvaluationPolicy.kt,308,PRODUCTION_UI,DIRECT_LITERAL_REQUIRES_RESOURCE,,NO,Baseline Kotlin literal inventory
,근력운동,,ProgramExerciseSpec,app/src/main/java/com/training/trackplanner/data/ProgramExerciseSpec.kt,59,PRODUCTION_UI,DIRECT_LITERAL_REQUIRES_RESOURCE,,NO,Baseline Kotlin literal inventory
,기능성운동,,ProgramExerciseSpec,app/src/main/java/com/training/trackplanner/data/ProgramExerciseSpec.kt,60,NON_DISPLAY_IDENTIFIER,NON_DISPLAY_IDENTIFIER,,NO,Baseline Kotlin literal inventory
,3세트 x 3-5회 · RPE 7.5-8.5,,ProgramIntensityResolver,app/src/main/java/com/training/trackplanner/data/ProgramIntensityResolver.kt,23,PRODUCTION_UI,DIRECT_LITERAL_REQUIRES_RESOURCE,,NO,Baseline Kotlin literal inventory
,2-3세트 x 3-5회 · 보수적 중량 · RPE 6.5-7.5,,ProgramIntensityResolver,app/src/main/java/com/training/trackplanner/data/ProgramIntensityResolver.kt,32,PRODUCTION_UI,DIRECT_LITERAL_REQUIRES_RESOURCE,,NO,Baseline Kotlin literal inventory
,2-3세트 x 8-12회 · RPE 6.5-7.5,,ProgramIntensityResolver,app/src/main/java/com/training/trackplanner/data/ProgramIntensityResolver.kt,34,PRODUCTION_UI,DIRECT_LITERAL_REQUIRES_RESOURCE,,NO,Baseline Kotlin literal inventory
,3세트 x 8-12회 · 보수적 중량 · RPE 6.5-8,,ProgramIntensityResolver,app/src/main/java/com/training/trackplanner/data/ProgramIntensityResolver.kt,46,PRODUCTION_UI,DIRECT_LITERAL_REQUIRES_RESOURCE,,NO,Baseline Kotlin literal inventory
,3세트 x 8-12회 · RPE 6.5-8,,ProgramIntensityResolver,app/src/main/java/com/training/trackplanner/data/ProgramIntensityResolver.kt,48,PRODUCTION_UI,DIRECT_LITERAL_REQUIRES_RESOURCE,,NO,Baseline Kotlin literal inventory
,3-4세트 x 12-20회 · RPE 6-7.5,,ProgramIntensityResolver,app/src/main/java/com/training/trackplanner/data/ProgramIntensityResolver.kt,56,PRODUCTION_UI,DIRECT_LITERAL_REQUIRES_RESOURCE,,NO,Baseline Kotlin literal inventory
,2세트 x 3-8회 · RPE 6-7.5 · 디로딩,,ProgramIntensityResolver,app/src/main/java/com/training/trackplanner/data/ProgramIntensityResolver.kt,62,PRODUCTION_UI,DIRECT_LITERAL_REQUIRES_RESOURCE,,NO,Baseline Kotlin literal inventory
,3세트 x 8-15회,,ProgramIntensityResolver,app/src/main/java/com/training/trackplanner/data/ProgramIntensityResolver.kt,72,PRODUCTION_UI,DIRECT_LITERAL_REQUIRES_RESOURCE,,NO,Baseline Kotlin literal inventory
,3-4세트 x 8-15회,,ProgramIntensityResolver,app/src/main/java/com/training/trackplanner/data/ProgramIntensityResolver.kt,74,PRODUCTION_UI,DIRECT_LITERAL_REQUIRES_RESOURCE,,NO,Baseline Kotlin literal inventory
,3라운드 x 10-20초,,ProgramIntensityResolver,app/src/main/java/com/training/trackplanner/data/ProgramIntensityResolver.kt,86,PRODUCTION_UI,DIRECT_LITERAL_REQUIRES_RESOURCE,,NO,Baseline Kotlin literal inventory
,3세트 x 5회/side,,ProgramIntensityResolver,app/src/main/java/com/training/trackplanner/data/ProgramIntensityResolver.kt,93,PRODUCTION_UI,DIRECT_LITERAL_REQUIRES_RESOURCE,,NO,Baseline Kotlin literal inventory
,3세트 x 8-12회,,ProgramIntensityResolver,app/src/main/java/com/training/trackplanner/data/ProgramIntensityResolver.kt,100,PRODUCTION_UI,DIRECT_LITERAL_REQUIRES_RESOURCE,,NO,Baseline Kotlin literal inventory
,새 프로그램,,ProgramPlanService,app/src/main/java/com/training/trackplanner/data/ProgramPlanService.kt,40,PRODUCTION_UI,DIRECT_LITERAL_REQUIRES_RESOURCE,,NO,Baseline Kotlin literal inventory
,새 프로그램,,ProgramPlanService,app/src/main/java/com/training/trackplanner/data/ProgramPlanService.kt,55,NON_DISPLAY_IDENTIFIER,NON_DISPLAY_IDENTIFIER,,NO,Baseline Kotlin literal inventory
,시간,,ProgramPlanService,app/src/main/java/com/training/trackplanner/data/ProgramPlanService.kt,107,PRODUCTION_UI,DIRECT_LITERAL_REQUIRES_RESOURCE,,NO,Baseline Kotlin literal inventory
,${range.second.format(PROGRAM_NAME_DATE)} 기록 프로그램,,ProgramPlanService,app/src/main/java/com/training/trackplanner/data/ProgramPlanService.kt,233,PRODUCTION_UI,DIRECT_LITERAL_REQUIRES_RESOURCE,${},NO,Baseline Kotlin literal inventory
,선택한 기간에 저장할 운동 기록이 없습니다.,,ProgramPlanService,app/src/main/java/com/training/trackplanner/data/ProgramPlanService.kt,244,DEVELOPER_DIAGNOSTIC,DEVELOPER_DIAGNOSTIC,,NO,Baseline Kotlin literal inventory
,${range.second.format(PROGRAM_NAME_DATE)} 기록 프로그램,,ProgramPlanService,app/src/main/java/com/training/trackplanner/data/ProgramPlanService.kt,254,NON_DISPLAY_IDENTIFIER,NON_DISPLAY_IDENTIFIER,${},NO,Baseline Kotlin literal inventory
,유산소운동,,ProgramPlanService,app/src/main/java/com/training/trackplanner/data/ProgramPlanService.kt,333,PRODUCTION_UI,DIRECT_LITERAL_REQUIRES_RESOURCE,,NO,Baseline Kotlin literal inventory
,스포츠,,ProgramPlanService,app/src/main/java/com/training/trackplanner/data/ProgramPlanService.kt,333,PRODUCTION_UI,DIRECT_LITERAL_REQUIRES_RESOURCE,,NO,Baseline Kotlin literal inventory
,${sets}세트 · ${seconds}초,,ProgramPrescriptionPolicy,app/src/main/java/com/training/trackplanner/data/ProgramPrescriptionPolicy.kt,67,PRODUCTION_UI,DIRECT_LITERAL_REQUIRES_RESOURCE,${},NO,Baseline Kotlin literal inventory
,스쿼트,,ProgramRuleTables,app/src/main/java/com/training/trackplanner/data/ProgramRuleTables.kt,87,PRODUCTION_UI,DIRECT_LITERAL_REQUIRES_RESOURCE,,NO,Baseline Kotlin literal inventory
,데드리프트,,ProgramRuleTables,app/src/main/java/com/training/trackplanner/data/ProgramRuleTables.kt,90,PRODUCTION_UI,DIRECT_LITERAL_REQUIRES_RESOURCE,,NO,Baseline Kotlin literal inventory
,벤치프레스,,ProgramRuleTables,app/src/main/java/com/training/trackplanner/data/ProgramRuleTables.kt,93,PRODUCTION_UI,DIRECT_LITERAL_REQUIRES_RESOURCE,,NO,Baseline Kotlin literal inventory
,덤벨 벤치프레스,,ProgramRuleTables,app/src/main/java/com/training/trackplanner/data/ProgramRuleTables.kt,94,PRODUCTION_UI,DIRECT_LITERAL_REQUIRES_RESOURCE,,NO,Baseline Kotlin literal inventory
,인클라인 덤벨 프레스,,ProgramRuleTables,app/src/main/java/com/training/trackplanner/data/ProgramRuleTables.kt,95,PRODUCTION_UI,DIRECT_LITERAL_REQUIRES_RESOURCE,,NO,Baseline Kotlin literal inventory
,덤벨 숄더프레스,,ProgramRuleTables,app/src/main/java/com/training/trackplanner/data/ProgramRuleTables.kt,98,PRODUCTION_UI,DIRECT_LITERAL_REQUIRES_RESOURCE,,NO,Baseline Kotlin literal inventory
,오버헤드 프레스,,ProgramRuleTables,app/src/main/java/com/training/trackplanner/data/ProgramRuleTables.kt,99,PRODUCTION_UI,DIRECT_LITERAL_REQUIRES_RESOURCE,,NO,Baseline Kotlin literal inventory
,등받이 없는 덤벨 시티드 숄더프레스,,ProgramRuleTables,app/src/main/java/com/training/trackplanner/data/ProgramRuleTables.kt,100,PRODUCTION_UI,DIRECT_LITERAL_REQUIRES_RESOURCE,,NO,Baseline Kotlin literal inventory
,하프 닐링 원암 덤벨 프레스,,ProgramRuleTables,app/src/main/java/com/training/trackplanner/data/ProgramRuleTables.kt,103,PRODUCTION_UI,DIRECT_LITERAL_REQUIRES_RESOURCE,,NO,Baseline Kotlin literal inventory
,하프 닐링 원암 케틀벨 프레스,,ProgramRuleTables,app/src/main/java/com/training/trackplanner/data/ProgramRuleTables.kt,109,PRODUCTION_UI,DIRECT_LITERAL_REQUIRES_RESOURCE,,NO,Baseline Kotlin literal inventory
,풀업,,ProgramRuleTables,app/src/main/java/com/training/trackplanner/data/ProgramRuleTables.kt,115,PRODUCTION_UI,DIRECT_LITERAL_REQUIRES_RESOURCE,,NO,Baseline Kotlin literal inventory
,중량 풀업,,ProgramRuleTables,app/src/main/java/com/training/trackplanner/data/ProgramRuleTables.kt,116,PRODUCTION_UI,DIRECT_LITERAL_REQUIRES_RESOURCE,,NO,Baseline Kotlin literal inventory
,스플릿 스쿼트,,ProgramRuleTables,app/src/main/java/com/training/trackplanner/data/ProgramRuleTables.kt,123,PRODUCTION_UI,DIRECT_LITERAL_REQUIRES_RESOURCE,,NO,Baseline Kotlin literal inventory
,핵 스쿼트,,ProgramRuleTables,app/src/main/java/com/training/trackplanner/data/ProgramRuleTables.kt,124,PRODUCTION_UI,DIRECT_LITERAL_REQUIRES_RESOURCE,,NO,Baseline Kotlin literal inventory
,레그 익스텐션,,ProgramRuleTables,app/src/main/java/com/training/trackplanner/data/ProgramRuleTables.kt,125,PRODUCTION_UI,DIRECT_LITERAL_REQUIRES_RESOURCE,,NO,Baseline Kotlin literal inventory
,프론트 스쿼트,,ProgramRuleTables,app/src/main/java/com/training/trackplanner/data/ProgramRuleTables.kt,126,PRODUCTION_UI,DIRECT_LITERAL_REQUIRES_RESOURCE,,NO,Baseline Kotlin literal inventory
,루마니안 바벨 데드리프트,,ProgramRuleTables,app/src/main/java/com/training/trackplanner/data/ProgramRuleTables.kt,130,PRODUCTION_UI,DIRECT_LITERAL_REQUIRES_RESOURCE,,NO,Baseline Kotlin literal inventory
,루마니안 덤벨 데드리프트,,ProgramRuleTables,app/src/main/java/com/training/trackplanner/data/ProgramRuleTables.kt,131,PRODUCTION_UI,DIRECT_LITERAL_REQUIRES_RESOURCE,,NO,Baseline Kotlin literal inventory
,덤벨 원레그 루마니안 데드리프트,,ProgramRuleTables,app/src/main/java/com/training/trackplanner/data/ProgramRuleTables.kt,132,PRODUCTION_UI,DIRECT_LITERAL_REQUIRES_RESOURCE,,NO,Baseline Kotlin literal inventory
,케틀벨 원레그 루마니안 데드리프트,,ProgramRuleTables,app/src/main/java/com/training/trackplanner/data/ProgramRuleTables.kt,133,PRODUCTION_UI,DIRECT_LITERAL_REQUIRES_RESOURCE,,NO,Baseline Kotlin literal inventory
,힙 쓰러스트,,ProgramRuleTables,app/src/main/java/com/training/trackplanner/data/ProgramRuleTables.kt,134,PRODUCTION_UI,DIRECT_LITERAL_REQUIRES_RESOURCE,,NO,Baseline Kotlin literal inventory
,레그 컬,,ProgramRuleTables,app/src/main/java/com/training/trackplanner/data/ProgramRuleTables.kt,135,PRODUCTION_UI,DIRECT_LITERAL_REQUIRES_RESOURCE,,NO,Baseline Kotlin literal inventory
,푸시업,,ProgramRuleTables,app/src/main/java/com/training/trackplanner/data/ProgramRuleTables.kt,139,PRODUCTION_UI,DIRECT_LITERAL_REQUIRES_RESOURCE,,NO,Baseline Kotlin literal inventory
,머신 체스트프레스,,ProgramRuleTables,app/src/main/java/com/training/trackplanner/data/ProgramRuleTables.kt,140,PRODUCTION_UI,DIRECT_LITERAL_REQUIRES_RESOURCE,,NO,Baseline Kotlin literal inventory
,케이블 플라이,,ProgramRuleTables,app/src/main/java/com/training/trackplanner/data/ProgramRuleTables.kt,141,PRODUCTION_UI,DIRECT_LITERAL_REQUIRES_RESOURCE,,NO,Baseline Kotlin literal inventory
,딥스,,ProgramRuleTables,app/src/main/java/com/training/trackplanner/data/ProgramRuleTables.kt,142,PRODUCTION_UI,DIRECT_LITERAL_REQUIRES_RESOURCE,,NO,Baseline Kotlin literal inventory
,덤벨 래터럴 레이즈,,ProgramRuleTables,app/src/main/java/com/training/trackplanner/data/ProgramRuleTables.kt,146,PRODUCTION_UI,DIRECT_LITERAL_REQUIRES_RESOURCE,,NO,Baseline Kotlin literal inventory
,케틀벨 헤일로,,ProgramRuleTables,app/src/main/java/com/training/trackplanner/data/ProgramRuleTables.kt,147,PRODUCTION_UI,DIRECT_LITERAL_REQUIRES_RESOURCE,,NO,Baseline Kotlin literal inventory
,페이스풀,,ProgramRuleTables,app/src/main/java/com/training/trackplanner/data/ProgramRuleTables.kt,148,PRODUCTION_UI,DIRECT_LITERAL_REQUIRES_RESOURCE,,NO,Baseline Kotlin literal inventory
,랫풀다운,,ProgramRuleTables,app/src/main/java/com/training/trackplanner/data/ProgramRuleTables.kt,152,PRODUCTION_UI,DIRECT_LITERAL_REQUIRES_RESOURCE,,NO,Baseline Kotlin literal inventory
,케이블 로우,,ProgramRuleTables,app/src/main/java/com/training/trackplanner/data/ProgramRuleTables.kt,153,PRODUCTION_UI,DIRECT_LITERAL_REQUIRES_RESOURCE,,NO,Baseline Kotlin literal inventory
,스트레이트암 풀다운,,ProgramRuleTables,app/src/main/java/com/training/trackplanner/data/ProgramRuleTables.kt,154,PRODUCTION_UI,DIRECT_LITERAL_REQUIRES_RESOURCE,,NO,Baseline Kotlin literal inventory
,원암 덤벨 로우,,ProgramRuleTables,app/src/main/java/com/training/trackplanner/data/ProgramRuleTables.kt,155,PRODUCTION_UI,DIRECT_LITERAL_REQUIRES_RESOURCE,,NO,Baseline Kotlin literal inventory
,덤벨 컬,,ProgramRuleTables,app/src/main/java/com/training/trackplanner/data/ProgramRuleTables.kt,162,PRODUCTION_UI,DIRECT_LITERAL_REQUIRES_RESOURCE,,NO,Baseline Kotlin literal inventory
,해머 컬,,ProgramRuleTables,app/src/main/java/com/training/trackplanner/data/ProgramRuleTables.kt,163,PRODUCTION_UI,DIRECT_LITERAL_REQUIRES_RESOURCE,,NO,Baseline Kotlin literal inventory
,바벨 리버스 컬,,ProgramRuleTables,app/src/main/java/com/training/trackplanner/data/ProgramRuleTables.kt,164,PRODUCTION_UI,DIRECT_LITERAL_REQUIRES_RESOURCE,,NO,Baseline Kotlin literal inventory
,EZ바 리버스 컬,,ProgramRuleTables,app/src/main/java/com/training/trackplanner/data/ProgramRuleTables.kt,165,PRODUCTION_UI,DIRECT_LITERAL_REQUIRES_RESOURCE,,NO,Baseline Kotlin literal inventory
,케이블 오버헤드 트라이셉스 익스텐션,,ProgramRuleTables,app/src/main/java/com/training/trackplanner/data/ProgramRuleTables.kt,169,PRODUCTION_UI,DIRECT_LITERAL_REQUIRES_RESOURCE,,NO,Baseline Kotlin literal inventory
,덤벨 오버헤드 트라이셉스 익스텐션,,ProgramRuleTables,app/src/main/java/com/training/trackplanner/data/ProgramRuleTables.kt,170,PRODUCTION_UI,DIRECT_LITERAL_REQUIRES_RESOURCE,,NO,Baseline Kotlin literal inventory
,덤벨 프로네이션/수피네이션,,ProgramRuleTables,app/src/main/java/com/training/trackplanner/data/ProgramRuleTables.kt,174,PRODUCTION_UI,DIRECT_LITERAL_REQUIRES_RESOURCE,,NO,Baseline Kotlin literal inventory
,바벨 리버스 컬,,ProgramRuleTables,app/src/main/java/com/training/trackplanner/data/ProgramRuleTables.kt,175,PRODUCTION_UI,DIRECT_LITERAL_REQUIRES_RESOURCE,,NO,Baseline Kotlin literal inventory
,EZ바 리버스 컬,,ProgramRuleTables,app/src/main/java/com/training/trackplanner/data/ProgramRuleTables.kt,176,PRODUCTION_UI,DIRECT_LITERAL_REQUIRES_RESOURCE,,NO,Baseline Kotlin literal inventory
,원레그 카프 레이즈,,ProgramRuleTables,app/src/main/java/com/training/trackplanner/data/ProgramRuleTables.kt,180,PRODUCTION_UI,DIRECT_LITERAL_REQUIRES_RESOURCE,,NO,Baseline Kotlin literal inventory
,맨몸 스탠딩 카프 레이즈,,ProgramRuleTables,app/src/main/java/com/training/trackplanner/data/ProgramRuleTables.kt,181,PRODUCTION_UI,DIRECT_LITERAL_REQUIRES_RESOURCE,,NO,Baseline Kotlin literal inventory
,스탠딩 카프 레이즈 머신,,ProgramRuleTables,app/src/main/java/com/training/trackplanner/data/ProgramRuleTables.kt,182,PRODUCTION_UI,DIRECT_LITERAL_REQUIRES_RESOURCE,,NO,Baseline Kotlin literal inventory
,덤벨 스탠딩 카프 레이즈,,ProgramRuleTables,app/src/main/java/com/training/trackplanner/data/ProgramRuleTables.kt,183,PRODUCTION_UI,DIRECT_LITERAL_REQUIRES_RESOURCE,,NO,Baseline Kotlin literal inventory
,6코너 풋워크,,ProgramRuleTables,app/src/main/java/com/training/trackplanner/data/ProgramRuleTables.kt,190,PRODUCTION_UI,DIRECT_LITERAL_REQUIRES_RESOURCE,,NO,Baseline Kotlin literal inventory
,메디신볼 3스텝 가속 던지기,,ProgramRuleTables,app/src/main/java/com/training/trackplanner/data/ProgramRuleTables.kt,194,PRODUCTION_UI,DIRECT_LITERAL_REQUIRES_RESOURCE,,NO,Baseline Kotlin literal inventory
,래터럴 바운드,,ProgramRuleTables,app/src/main/java/com/training/trackplanner/data/ProgramRuleTables.kt,198,PRODUCTION_UI,DIRECT_LITERAL_REQUIRES_RESOURCE,,NO,Baseline Kotlin literal inventory
,원레그 홉 투 스틱,,ProgramRuleTables,app/src/main/java/com/training/trackplanner/data/ProgramRuleTables.kt,199,PRODUCTION_UI,DIRECT_LITERAL_REQUIRES_RESOURCE,,NO,Baseline Kotlin literal inventory
,메디신볼 3스텝 감속 던지기,,ProgramRuleTables,app/src/main/java/com/training/trackplanner/data/ProgramRuleTables.kt,200,PRODUCTION_UI,DIRECT_LITERAL_REQUIRES_RESOURCE,,NO,Baseline Kotlin literal inventory
,좌우 랜덤 콕줍기,,ProgramRuleTables,app/src/main/java/com/training/trackplanner/data/ProgramRuleTables.kt,201,PRODUCTION_UI,DIRECT_LITERAL_REQUIRES_RESOURCE,,NO,Baseline Kotlin literal inventory
,6방향 랜덤 콕줍기,,ProgramRuleTables,app/src/main/java/com/training/trackplanner/data/ProgramRuleTables.kt,202,PRODUCTION_UI,DIRECT_LITERAL_REQUIRES_RESOURCE,,NO,Baseline Kotlin literal inventory
,랜덤 비프 풋워크,,ProgramRuleTables,app/src/main/java/com/training/trackplanner/data/ProgramRuleTables.kt,206,PRODUCTION_UI,DIRECT_LITERAL_REQUIRES_RESOURCE,,NO,Baseline Kotlin literal inventory
,스플릿 스텝 리액션,,ProgramRuleTables,app/src/main/java/com/training/trackplanner/data/ProgramRuleTables.kt,207,PRODUCTION_UI,DIRECT_LITERAL_REQUIRES_RESOURCE,,NO,Baseline Kotlin literal inventory
,데드버그,,ProgramRuleTables,app/src/main/java/com/training/trackplanner/data/ProgramRuleTables.kt,211,PRODUCTION_UI,DIRECT_LITERAL_REQUIRES_RESOURCE,,NO,Baseline Kotlin literal inventory
,랜드마인 안티로테이션,,ProgramRuleTables,app/src/main/java/com/training/trackplanner/data/ProgramRuleTables.kt,212,PRODUCTION_UI,DIRECT_LITERAL_REQUIRES_RESOURCE,,NO,Baseline Kotlin literal inventory
,밴드 팔로프 프레스,,ProgramRuleTables,app/src/main/java/com/training/trackplanner/data/ProgramRuleTables.kt,213,PRODUCTION_UI,DIRECT_LITERAL_REQUIRES_RESOURCE,,NO,Baseline Kotlin literal inventory
,케이블 팔로프 프레스,,ProgramRuleTables,app/src/main/java/com/training/trackplanner/data/ProgramRuleTables.kt,214,PRODUCTION_UI,DIRECT_LITERAL_REQUIRES_RESOURCE,,NO,Baseline Kotlin literal inventory
,바이퍼 회전 위로,,ProgramRuleTables,app/src/main/java/com/training/trackplanner/data/ProgramRuleTables.kt,215,PRODUCTION_UI,DIRECT_LITERAL_REQUIRES_RESOURCE,,NO,Baseline Kotlin literal inventory
,케틀벨 헤일로,,ProgramRuleTables,app/src/main/java/com/training/trackplanner/data/ProgramRuleTables.kt,216,PRODUCTION_UI,DIRECT_LITERAL_REQUIRES_RESOURCE,,NO,Baseline Kotlin literal inventory
,바이퍼 회전 아래로,,ProgramRuleTables,app/src/main/java/com/training/trackplanner/data/ProgramRuleTables.kt,220,PRODUCTION_UI,DIRECT_LITERAL_REQUIRES_RESOURCE,,NO,Baseline Kotlin literal inventory
,바벨,,ProgramScoringPolicy,app/src/main/java/com/training/trackplanner/data/ProgramScoringPolicy.kt,128,PRODUCTION_UI,DIRECT_LITERAL_REQUIRES_RESOURCE,,NO,Baseline Kotlin literal inventory
,덤벨,,ProgramScoringPolicy,app/src/main/java/com/training/trackplanner/data/ProgramScoringPolicy.kt,129,PRODUCTION_UI,DIRECT_LITERAL_REQUIRES_RESOURCE,,NO,Baseline Kotlin literal inventory
,머신,,ProgramScoringPolicy,app/src/main/java/com/training/trackplanner/data/ProgramScoringPolicy.kt,130,PRODUCTION_UI,DIRECT_LITERAL_REQUIRES_RESOURCE,,NO,Baseline Kotlin literal inventory
,케이블,,ProgramScoringPolicy,app/src/main/java/com/training/trackplanner/data/ProgramScoringPolicy.kt,131,PRODUCTION_UI,DIRECT_LITERAL_REQUIRES_RESOURCE,,NO,Baseline Kotlin literal inventory
,스미스,,ProgramScoringPolicy,app/src/main/java/com/training/trackplanner/data/ProgramScoringPolicy.kt,132,PRODUCTION_UI,DIRECT_LITERAL_REQUIRES_RESOURCE,,NO,Baseline Kotlin literal inventory
,스미스머신,,ProgramScoringPolicy,app/src/main/java/com/training/trackplanner/data/ProgramScoringPolicy.kt,133,PRODUCTION_UI,DIRECT_LITERAL_REQUIRES_RESOURCE,,NO,Baseline Kotlin literal inventory
,레그프레스,,ProgramScoringPolicy,app/src/main/java/com/training/trackplanner/data/ProgramScoringPolicy.kt,134,PRODUCTION_UI,DIRECT_LITERAL_REQUIRES_RESOURCE,,NO,Baseline Kotlin literal inventory
,핵스쿼트,,ProgramScoringPolicy,app/src/main/java/com/training/trackplanner/data/ProgramScoringPolicy.kt,135,PRODUCTION_UI,DIRECT_LITERAL_REQUIRES_RESOURCE,,NO,Baseline Kotlin literal inventory
,레그컬,,ProgramScoringPolicy,app/src/main/java/com/training/trackplanner/data/ProgramScoringPolicy.kt,136,PRODUCTION_UI,DIRECT_LITERAL_REQUIRES_RESOURCE,,NO,Baseline Kotlin literal inventory
,레그익스텐션,,ProgramScoringPolicy,app/src/main/java/com/training/trackplanner/data/ProgramScoringPolicy.kt,137,PRODUCTION_UI,DIRECT_LITERAL_REQUIRES_RESOURCE,,NO,Baseline Kotlin literal inventory
,EZ바,,ProgramScoringPolicy,app/src/main/java/com/training/trackplanner/data/ProgramScoringPolicy.kt,138,PRODUCTION_UI,DIRECT_LITERAL_REQUIRES_RESOURCE,,NO,Baseline Kotlin literal inventory
,역할:${role.name},,ProgramSelectionReasonFormatter,app/src/main/java/com/training/trackplanner/data/ProgramSelectionReasonFormatter.kt,9,PRODUCTION_UI,DIRECT_LITERAL_REQUIRES_RESOURCE,${},NO,Baseline Kotlin literal inventory
,동작:$it,,ProgramSelectionReasonFormatter,app/src/main/java/com/training/trackplanner/data/ProgramSelectionReasonFormatter.kt,11,PRODUCTION_UI,DIRECT_LITERAL_REQUIRES_RESOURCE,${},NO,Baseline Kotlin literal inventory
,전이:${candidate.metadata?.badmintonTransferLevel},,ProgramSelectionReasonFormatter,app/src/main/java/com/training/trackplanner/data/ProgramSelectionReasonFormatter.kt,12,PRODUCTION_UI,DIRECT_LITERAL_REQUIRES_RESOURCE,${},NO,Baseline Kotlin literal inventory
,앱 cue 가능,,ProgramSelectionReasonFormatter,app/src/main/java/com/training/trackplanner/data/ProgramSelectionReasonFormatter.kt,13,PRODUCTION_UI,DIRECT_LITERAL_REQUIRES_RESOURCE,,NO,Baseline Kotlin literal inventory
,계획피로조정:${gate.band.name},,ProgramSelectionReasonFormatter,app/src/main/java/com/training/trackplanner/data/ProgramSelectionReasonFormatter.kt,14,PRODUCTION_UI,DIRECT_LITERAL_REQUIRES_RESOURCE,${},NO,Baseline Kotlin literal inventory
,"$action 완료: profile $profileCount, daily $dailyMetricCount, check-in $dailyCheckInCount, ",,RecordCsvBackupRestore,app/src/main/java/com/training/trackplanner/data/RecordCsvBackupRestore.kt,33,PRODUCTION_UI,DIRECT_LITERAL_REQUIRES_RESOURCE,${},NO,Baseline Kotlin literal inventory
,CSV 복원 운동,,RecordCsvBackupRestore,app/src/main/java/com/training/trackplanner/data/RecordCsvBackupRestore.kt,1377,NON_DISPLAY_IDENTIFIER,NON_DISPLAY_IDENTIFIER,,NO,Baseline Kotlin literal inventory
,근력운동,,RecordCsvBackupRestore,app/src/main/java/com/training/trackplanner/data/RecordCsvBackupRestore.kt,1379,NON_DISPLAY_IDENTIFIER,NON_DISPLAY_IDENTIFIER,,NO,Baseline Kotlin literal inventory
,백업 manifest 뒤에 본문이 없습니다.,,RecordCsvBackupRestore,app/src/main/java/com/training/trackplanner/data/RecordCsvBackupRestore.kt,1499,DEVELOPER_DIAGNOSTIC,DEVELOPER_DIAGNOSTIC,,NO,Baseline Kotlin literal inventory
,백업 manifest 형식이 올바르지 않습니다.,,RecordCsvBackupRestore,app/src/main/java/com/training/trackplanner/data/RecordCsvBackupRestore.kt,1506,DEVELOPER_DIAGNOSTIC,DEVELOPER_DIAGNOSTIC,,NO,Baseline Kotlin literal inventory
,백업 형식 버전을 읽을 수 없습니다.,,RecordCsvBackupRestore,app/src/main/java/com/training/trackplanner/data/RecordCsvBackupRestore.kt,1512,DEVELOPER_DIAGNOSTIC,DEVELOPER_DIAGNOSTIC,,NO,Baseline Kotlin literal inventory
,지원하지 않는 백업 형식 버전입니다: $formatVersion,,RecordCsvBackupRestore,app/src/main/java/com/training/trackplanner/data/RecordCsvBackupRestore.kt,1517,DEVELOPER_DIAGNOSTIC,DEVELOPER_DIAGNOSTIC,${},NO,Baseline Kotlin literal inventory
,백업 생성 시각을 읽을 수 없습니다.,,RecordCsvBackupRestore,app/src/main/java/com/training/trackplanner/data/RecordCsvBackupRestore.kt,1529,DEVELOPER_DIAGNOSTIC,DEVELOPER_DIAGNOSTIC,,NO,Baseline Kotlin literal inventory
,백업 개수 manifest가 올바르지 않습니다.,,RecordCsvBackupRestore,app/src/main/java/com/training/trackplanner/data/RecordCsvBackupRestore.kt,1539,DEVELOPER_DIAGNOSTIC,DEVELOPER_DIAGNOSTIC,,NO,Baseline Kotlin literal inventory
,백업 본문 해시가 manifest와 일치하지 않습니다.,,RecordCsvBackupRestore,app/src/main/java/com/training/trackplanner/data/RecordCsvBackupRestore.kt,1549,DEVELOPER_DIAGNOSTIC,DEVELOPER_DIAGNOSTIC,,NO,Baseline Kotlin literal inventory
,백업 manifest 개수와 본문 개수가 일치하지 않습니다: ,,RecordCsvBackupRestore,app/src/main/java/com/training/trackplanner/data/RecordCsvBackupRestore.kt,1588,DEVELOPER_DIAGNOSTIC,DEVELOPER_DIAGNOSTIC,,NO,Baseline Kotlin literal inventory
,유산소운동,,RecordMutationService,app/src/main/java/com/training/trackplanner/data/RecordMutationService.kt,144,PRODUCTION_UI,DIRECT_LITERAL_REQUIRES_RESOURCE,,NO,Baseline Kotlin literal inventory
,스포츠,,RecordMutationService,app/src/main/java/com/training/trackplanner/data/RecordMutationService.kt,145,PRODUCTION_UI,DIRECT_LITERAL_REQUIRES_RESOURCE,,NO,Baseline Kotlin literal inventory
,시간,,RecordMutationService,app/src/main/java/com/training/trackplanner/data/RecordMutationService.kt,146,PRODUCTION_UI,DIRECT_LITERAL_REQUIRES_RESOURCE,,NO,Baseline Kotlin literal inventory
,$name: $mode 방식으로 수행한다. 주요 타깃은 ${detail1}이며 보조 요소는 ${detail2}이다.,,SeedData,app/src/main/java/com/training/trackplanner/data/SeedData.kt,142,CANONICAL_DATA,CANONICAL_DATA,${},NO,Baseline Kotlin literal inventory
,스포츠,,SeedData,app/src/main/java/com/training/trackplanner/data/SeedData.kt,234,CANONICAL_DATA,CANONICAL_DATA,,NO,Baseline Kotlin literal inventory
,유산소운동,,SeedData,app/src/main/java/com/training/trackplanner/data/SeedData.kt,346,CANONICAL_DATA,CANONICAL_DATA,,NO,Baseline Kotlin literal inventory
,스포츠,,SeedData,app/src/main/java/com/training/trackplanner/data/SeedData.kt,347,CANONICAL_DATA,CANONICAL_DATA,,NO,Baseline Kotlin literal inventory
,모빌리티,,SeedData,app/src/main/java/com/training/trackplanner/data/SeedData.kt,348,CANONICAL_DATA,CANONICAL_DATA,,NO,Baseline Kotlin literal inventory
,가동성,,SeedData,app/src/main/java/com/training/trackplanner/data/SeedData.kt,348,CANONICAL_DATA,CANONICAL_DATA,,NO,Baseline Kotlin literal inventory
,외회전,,SeedData,app/src/main/java/com/training/trackplanner/data/SeedData.kt,349,CANONICAL_DATA,CANONICAL_DATA,,NO,Baseline Kotlin literal inventory
,월 슬라이드,,SeedData,app/src/main/java/com/training/trackplanner/data/SeedData.kt,349,CANONICAL_DATA,CANONICAL_DATA,,NO,Baseline Kotlin literal inventory
,스캡,,SeedData,app/src/main/java/com/training/trackplanner/data/SeedData.kt,349,CANONICAL_DATA,CANONICAL_DATA,,NO,Baseline Kotlin literal inventory
,보호,,SeedData,app/src/main/java/com/training/trackplanner/data/SeedData.kt,349,CANONICAL_DATA,CANONICAL_DATA,,NO,Baseline Kotlin literal inventory
,풋워크,,SeedData,app/src/main/java/com/training/trackplanner/data/SeedData.kt,350,CANONICAL_DATA,CANONICAL_DATA,,NO,Baseline Kotlin literal inventory
,콕줍기,,SeedData,app/src/main/java/com/training/trackplanner/data/SeedData.kt,350,CANONICAL_DATA,CANONICAL_DATA,,NO,Baseline Kotlin literal inventory
,스플릿 스텝,,SeedData,app/src/main/java/com/training/trackplanner/data/SeedData.kt,350,CANONICAL_DATA,CANONICAL_DATA,,NO,Baseline Kotlin literal inventory
,래더,,SeedData,app/src/main/java/com/training/trackplanner/data/SeedData.kt,350,CANONICAL_DATA,CANONICAL_DATA,,NO,Baseline Kotlin literal inventory
,점프,,SeedData,app/src/main/java/com/training/trackplanner/data/SeedData.kt,351,CANONICAL_DATA,CANONICAL_DATA,,NO,Baseline Kotlin literal inventory
,홉,,SeedData,app/src/main/java/com/training/trackplanner/data/SeedData.kt,351,CANONICAL_DATA,CANONICAL_DATA,,NO,Baseline Kotlin literal inventory
,바운드,,SeedData,app/src/main/java/com/training/trackplanner/data/SeedData.kt,351,CANONICAL_DATA,CANONICAL_DATA,,NO,Baseline Kotlin literal inventory
,포고,,SeedData,app/src/main/java/com/training/trackplanner/data/SeedData.kt,351,CANONICAL_DATA,CANONICAL_DATA,,NO,Baseline Kotlin literal inventory
,탄성,,SeedData,app/src/main/java/com/training/trackplanner/data/SeedData.kt,351,CANONICAL_DATA,CANONICAL_DATA,,NO,Baseline Kotlin literal inventory
,플랭크,,SeedData,app/src/main/java/com/training/trackplanner/data/SeedData.kt,352,CANONICAL_DATA,CANONICAL_DATA,,NO,Baseline Kotlin literal inventory
,팔로프,,SeedData,app/src/main/java/com/training/trackplanner/data/SeedData.kt,352,CANONICAL_DATA,CANONICAL_DATA,,NO,Baseline Kotlin literal inventory
,데드버그,,SeedData,app/src/main/java/com/training/trackplanner/data/SeedData.kt,352,CANONICAL_DATA,CANONICAL_DATA,,NO,Baseline Kotlin literal inventory
,버드독,,SeedData,app/src/main/java/com/training/trackplanner/data/SeedData.kt,352,CANONICAL_DATA,CANONICAL_DATA,,NO,Baseline Kotlin literal inventory
,안정,,SeedData,app/src/main/java/com/training/trackplanner/data/SeedData.kt,352,CANONICAL_DATA,CANONICAL_DATA,,NO,Baseline Kotlin literal inventory
,컬,,SeedData,app/src/main/java/com/training/trackplanner/data/SeedData.kt,353,CANONICAL_DATA,CANONICAL_DATA,,NO,Baseline Kotlin literal inventory
,레이즈,,SeedData,app/src/main/java/com/training/trackplanner/data/SeedData.kt,353,CANONICAL_DATA,CANONICAL_DATA,,NO,Baseline Kotlin literal inventory
,트라이셉스,,SeedData,app/src/main/java/com/training/trackplanner/data/SeedData.kt,353,CANONICAL_DATA,CANONICAL_DATA,,NO,Baseline Kotlin literal inventory
,익스텐션,,SeedData,app/src/main/java/com/training/trackplanner/data/SeedData.kt,353,CANONICAL_DATA,CANONICAL_DATA,,NO,Baseline Kotlin literal inventory
,플라이,,SeedData,app/src/main/java/com/training/trackplanner/data/SeedData.kt,353,CANONICAL_DATA,CANONICAL_DATA,,NO,Baseline Kotlin literal inventory
,근력운동,,SeedData,app/src/main/java/com/training/trackplanner/data/SeedData.kt,358,CANONICAL_DATA,CANONICAL_DATA,,NO,Baseline Kotlin literal inventory
,기능성운동,,SeedData,app/src/main/java/com/training/trackplanner/data/SeedData.kt,359,CANONICAL_DATA,CANONICAL_DATA,,NO,Baseline Kotlin literal inventory
,유산소운동,,SeedData,app/src/main/java/com/training/trackplanner/data/SeedData.kt,360,CANONICAL_DATA,CANONICAL_DATA,,NO,Baseline Kotlin literal inventory
,스포츠,,SeedData,app/src/main/java/com/training/trackplanner/data/SeedData.kt,361,CANONICAL_DATA,CANONICAL_DATA,,NO,Baseline Kotlin literal inventory
,유산소운동,,SeedData,app/src/main/java/com/training/trackplanner/data/SeedData.kt,368,CANONICAL_DATA,CANONICAL_DATA,,NO,Baseline Kotlin literal inventory
,스포츠,,SeedData,app/src/main/java/com/training/trackplanner/data/SeedData.kt,369,CANONICAL_DATA,CANONICAL_DATA,,NO,Baseline Kotlin literal inventory
,풋워크,,SeedData,app/src/main/java/com/training/trackplanner/data/SeedData.kt,370,CANONICAL_DATA,CANONICAL_DATA,,NO,Baseline Kotlin literal inventory
,콕줍기,,SeedData,app/src/main/java/com/training/trackplanner/data/SeedData.kt,370,CANONICAL_DATA,CANONICAL_DATA,,NO,Baseline Kotlin literal inventory
,스플릿 스텝,,SeedData,app/src/main/java/com/training/trackplanner/data/SeedData.kt,370,CANONICAL_DATA,CANONICAL_DATA,,NO,Baseline Kotlin literal inventory
,래더,,SeedData,app/src/main/java/com/training/trackplanner/data/SeedData.kt,370,CANONICAL_DATA,CANONICAL_DATA,,NO,Baseline Kotlin literal inventory
,셔틀런,,SeedData,app/src/main/java/com/training/trackplanner/data/SeedData.kt,370,CANONICAL_DATA,CANONICAL_DATA,,NO,Baseline Kotlin literal inventory
,코트,,SeedData,app/src/main/java/com/training/trackplanner/data/SeedData.kt,370,CANONICAL_DATA,CANONICAL_DATA,,NO,Baseline Kotlin literal inventory
,홉,,SeedData,app/src/main/java/com/training/trackplanner/data/SeedData.kt,371,CANONICAL_DATA,CANONICAL_DATA,,NO,Baseline Kotlin literal inventory
,바운드,,SeedData,app/src/main/java/com/training/trackplanner/data/SeedData.kt,371,CANONICAL_DATA,CANONICAL_DATA,,NO,Baseline Kotlin literal inventory
,스틱,,SeedData,app/src/main/java/com/training/trackplanner/data/SeedData.kt,371,CANONICAL_DATA,CANONICAL_DATA,,NO,Baseline Kotlin literal inventory
,착지,,SeedData,app/src/main/java/com/training/trackplanner/data/SeedData.kt,371,CANONICAL_DATA,CANONICAL_DATA,,NO,Baseline Kotlin literal inventory
,드롭 점프,,SeedData,app/src/main/java/com/training/trackplanner/data/SeedData.kt,371,CANONICAL_DATA,CANONICAL_DATA,,NO,Baseline Kotlin literal inventory
,라인 홉,,SeedData,app/src/main/java/com/training/trackplanner/data/SeedData.kt,371,CANONICAL_DATA,CANONICAL_DATA,,NO,Baseline Kotlin literal inventory
,플랭크,,SeedData,app/src/main/java/com/training/trackplanner/data/SeedData.kt,372,CANONICAL_DATA,CANONICAL_DATA,,NO,Baseline Kotlin literal inventory
,팔로프,,SeedData,app/src/main/java/com/training/trackplanner/data/SeedData.kt,372,CANONICAL_DATA,CANONICAL_DATA,,NO,Baseline Kotlin literal inventory
,데드버그,,SeedData,app/src/main/java/com/training/trackplanner/data/SeedData.kt,372,CANONICAL_DATA,CANONICAL_DATA,,NO,Baseline Kotlin literal inventory
,버드독,,SeedData,app/src/main/java/com/training/trackplanner/data/SeedData.kt,372,CANONICAL_DATA,CANONICAL_DATA,,NO,Baseline Kotlin literal inventory
,코어,,SeedData,app/src/main/java/com/training/trackplanner/data/SeedData.kt,372,CANONICAL_DATA,CANONICAL_DATA,,NO,Baseline Kotlin literal inventory
,몸통,,SeedData,app/src/main/java/com/training/trackplanner/data/SeedData.kt,372,CANONICAL_DATA,CANONICAL_DATA,,NO,Baseline Kotlin literal inventory
,로테이션,,SeedData,app/src/main/java/com/training/trackplanner/data/SeedData.kt,373,CANONICAL_DATA,CANONICAL_DATA,,NO,Baseline Kotlin literal inventory
,회전,,SeedData,app/src/main/java/com/training/trackplanner/data/SeedData.kt,373,CANONICAL_DATA,CANONICAL_DATA,,NO,Baseline Kotlin literal inventory
,트위스트,,SeedData,app/src/main/java/com/training/trackplanner/data/SeedData.kt,373,CANONICAL_DATA,CANONICAL_DATA,,NO,Baseline Kotlin literal inventory
,캐리,,SeedData,app/src/main/java/com/training/trackplanner/data/SeedData.kt,374,CANONICAL_DATA,CANONICAL_DATA,,NO,Baseline Kotlin literal inventory
,외회전,,SeedData,app/src/main/java/com/training/trackplanner/data/SeedData.kt,375,CANONICAL_DATA,CANONICAL_DATA,,NO,Baseline Kotlin literal inventory
,회전근개,,SeedData,app/src/main/java/com/training/trackplanner/data/SeedData.kt,375,CANONICAL_DATA,CANONICAL_DATA,,NO,Baseline Kotlin literal inventory
,래터럴 레이즈,,SeedData,app/src/main/java/com/training/trackplanner/data/SeedData.kt,376,CANONICAL_DATA,CANONICAL_DATA,,NO,Baseline Kotlin literal inventory
,사이드 레이즈,,SeedData,app/src/main/java/com/training/trackplanner/data/SeedData.kt,376,CANONICAL_DATA,CANONICAL_DATA,,NO,Baseline Kotlin literal inventory
,측면삼각,,SeedData,app/src/main/java/com/training/trackplanner/data/SeedData.kt,376,CANONICAL_DATA,CANONICAL_DATA,,NO,Baseline Kotlin literal inventory
,리어,,SeedData,app/src/main/java/com/training/trackplanner/data/SeedData.kt,377,CANONICAL_DATA,CANONICAL_DATA,,NO,Baseline Kotlin literal inventory
,후면삼각,,SeedData,app/src/main/java/com/training/trackplanner/data/SeedData.kt,377,CANONICAL_DATA,CANONICAL_DATA,,NO,Baseline Kotlin literal inventory
,페이스풀,,SeedData,app/src/main/java/com/training/trackplanner/data/SeedData.kt,377,CANONICAL_DATA,CANONICAL_DATA,,NO,Baseline Kotlin literal inventory
,리버스 플라이,,SeedData,app/src/main/java/com/training/trackplanner/data/SeedData.kt,377,CANONICAL_DATA,CANONICAL_DATA,,NO,Baseline Kotlin literal inventory
,트라이셉스,,SeedData,app/src/main/java/com/training/trackplanner/data/SeedData.kt,378,CANONICAL_DATA,CANONICAL_DATA,,NO,Baseline Kotlin literal inventory
,삼두,,SeedData,app/src/main/java/com/training/trackplanner/data/SeedData.kt,378,CANONICAL_DATA,CANONICAL_DATA,,NO,Baseline Kotlin literal inventory
,딥스,,SeedData,app/src/main/java/com/training/trackplanner/data/SeedData.kt,378,CANONICAL_DATA,CANONICAL_DATA,,NO,Baseline Kotlin literal inventory
,컬,,SeedData,app/src/main/java/com/training/trackplanner/data/SeedData.kt,379,CANONICAL_DATA,CANONICAL_DATA,,NO,Baseline Kotlin literal inventory
,이두,,SeedData,app/src/main/java/com/training/trackplanner/data/SeedData.kt,379,CANONICAL_DATA,CANONICAL_DATA,,NO,Baseline Kotlin literal inventory
,상완,,SeedData,app/src/main/java/com/training/trackplanner/data/SeedData.kt,379,CANONICAL_DATA,CANONICAL_DATA,,NO,Baseline Kotlin literal inventory
,손목,,SeedData,app/src/main/java/com/training/trackplanner/data/SeedData.kt,380,CANONICAL_DATA,CANONICAL_DATA,,NO,Baseline Kotlin literal inventory
,전완,,SeedData,app/src/main/java/com/training/trackplanner/data/SeedData.kt,380,CANONICAL_DATA,CANONICAL_DATA,,NO,Baseline Kotlin literal inventory
,그립,,SeedData,app/src/main/java/com/training/trackplanner/data/SeedData.kt,380,CANONICAL_DATA,CANONICAL_DATA,,NO,Baseline Kotlin literal inventory
,프로네이션,,SeedData,app/src/main/java/com/training/trackplanner/data/SeedData.kt,380,CANONICAL_DATA,CANONICAL_DATA,,NO,Baseline Kotlin literal inventory
,수피네이션,,SeedData,app/src/main/java/com/training/trackplanner/data/SeedData.kt,380,CANONICAL_DATA,CANONICAL_DATA,,NO,Baseline Kotlin literal inventory
,로우,,SeedData,app/src/main/java/com/training/trackplanner/data/SeedData.kt,381,CANONICAL_DATA,CANONICAL_DATA,,NO,Baseline Kotlin literal inventory
,풀업,,SeedData,app/src/main/java/com/training/trackplanner/data/SeedData.kt,382,CANONICAL_DATA,CANONICAL_DATA,,NO,Baseline Kotlin literal inventory
,친업,,SeedData,app/src/main/java/com/training/trackplanner/data/SeedData.kt,382,CANONICAL_DATA,CANONICAL_DATA,,NO,Baseline Kotlin literal inventory
,풀다운,,SeedData,app/src/main/java/com/training/trackplanner/data/SeedData.kt,382,CANONICAL_DATA,CANONICAL_DATA,,NO,Baseline Kotlin literal inventory
,오버헤드,,SeedData,app/src/main/java/com/training/trackplanner/data/SeedData.kt,383,CANONICAL_DATA,CANONICAL_DATA,,NO,Baseline Kotlin literal inventory
,숄더프레스,,SeedData,app/src/main/java/com/training/trackplanner/data/SeedData.kt,383,CANONICAL_DATA,CANONICAL_DATA,,NO,Baseline Kotlin literal inventory
,프레스,,SeedData,app/src/main/java/com/training/trackplanner/data/SeedData.kt,383,CANONICAL_DATA,CANONICAL_DATA,,NO,Baseline Kotlin literal inventory
,월 슬라이드,,SeedData,app/src/main/java/com/training/trackplanner/data/SeedData.kt,383,CANONICAL_DATA,CANONICAL_DATA,,NO,Baseline Kotlin literal inventory
,어깨,,SeedData,app/src/main/java/com/training/trackplanner/data/SeedData.kt,383,CANONICAL_DATA,CANONICAL_DATA,,NO,Baseline Kotlin literal inventory
,숄더,,SeedData,app/src/main/java/com/training/trackplanner/data/SeedData.kt,383,CANONICAL_DATA,CANONICAL_DATA,,NO,Baseline Kotlin literal inventory
,오버헤드,,SeedData,app/src/main/java/com/training/trackplanner/data/SeedData.kt,383,CANONICAL_DATA,CANONICAL_DATA,,NO,Baseline Kotlin literal inventory
,벤치,,SeedData,app/src/main/java/com/training/trackplanner/data/SeedData.kt,384,CANONICAL_DATA,CANONICAL_DATA,,NO,Baseline Kotlin literal inventory
,체스트,,SeedData,app/src/main/java/com/training/trackplanner/data/SeedData.kt,384,CANONICAL_DATA,CANONICAL_DATA,,NO,Baseline Kotlin literal inventory
,푸시업,,SeedData,app/src/main/java/com/training/trackplanner/data/SeedData.kt,384,CANONICAL_DATA,CANONICAL_DATA,,NO,Baseline Kotlin literal inventory
,푸쉬업,,SeedData,app/src/main/java/com/training/trackplanner/data/SeedData.kt,384,CANONICAL_DATA,CANONICAL_DATA,,NO,Baseline Kotlin literal inventory
,플라이,,SeedData,app/src/main/java/com/training/trackplanner/data/SeedData.kt,384,CANONICAL_DATA,CANONICAL_DATA,,NO,Baseline Kotlin literal inventory
,데드리프트,,SeedData,app/src/main/java/com/training/trackplanner/data/SeedData.kt,385,CANONICAL_DATA,CANONICAL_DATA,,NO,Baseline Kotlin literal inventory
,힙 쓰러스트,,SeedData,app/src/main/java/com/training/trackplanner/data/SeedData.kt,385,CANONICAL_DATA,CANONICAL_DATA,,NO,Baseline Kotlin literal inventory
,글루트 브릿지,,SeedData,app/src/main/java/com/training/trackplanner/data/SeedData.kt,385,CANONICAL_DATA,CANONICAL_DATA,,NO,Baseline Kotlin literal inventory
,레그컬,,SeedData,app/src/main/java/com/training/trackplanner/data/SeedData.kt,385,CANONICAL_DATA,CANONICAL_DATA,,NO,Baseline Kotlin literal inventory
,노르딕,,SeedData,app/src/main/java/com/training/trackplanner/data/SeedData.kt,385,CANONICAL_DATA,CANONICAL_DATA,,NO,Baseline Kotlin literal inventory
,스윙,,SeedData,app/src/main/java/com/training/trackplanner/data/SeedData.kt,385,CANONICAL_DATA,CANONICAL_DATA,,NO,Baseline Kotlin literal inventory
,힌지,,SeedData,app/src/main/java/com/training/trackplanner/data/SeedData.kt,385,CANONICAL_DATA,CANONICAL_DATA,,NO,Baseline Kotlin literal inventory
,런지,,SeedData,app/src/main/java/com/training/trackplanner/data/SeedData.kt,387,CANONICAL_DATA,CANONICAL_DATA,,NO,Baseline Kotlin literal inventory
,스플릿,,SeedData,app/src/main/java/com/training/trackplanner/data/SeedData.kt,387,CANONICAL_DATA,CANONICAL_DATA,,NO,Baseline Kotlin literal inventory
,스텝업,,SeedData,app/src/main/java/com/training/trackplanner/data/SeedData.kt,387,CANONICAL_DATA,CANONICAL_DATA,,NO,Baseline Kotlin literal inventory
,원레그,,SeedData,app/src/main/java/com/training/trackplanner/data/SeedData.kt,387,CANONICAL_DATA,CANONICAL_DATA,,NO,Baseline Kotlin literal inventory
,싱글 레그,,SeedData,app/src/main/java/com/training/trackplanner/data/SeedData.kt,387,CANONICAL_DATA,CANONICAL_DATA,,NO,Baseline Kotlin literal inventory
,피스톨,,SeedData,app/src/main/java/com/training/trackplanner/data/SeedData.kt,387,CANONICAL_DATA,CANONICAL_DATA,,NO,Baseline Kotlin literal inventory
,스케이터,,SeedData,app/src/main/java/com/training/trackplanner/data/SeedData.kt,387,CANONICAL_DATA,CANONICAL_DATA,,NO,Baseline Kotlin literal inventory
,코사크,,SeedData,app/src/main/java/com/training/trackplanner/data/SeedData.kt,387,CANONICAL_DATA,CANONICAL_DATA,,NO,Baseline Kotlin literal inventory
,스쿼트,,SeedData,app/src/main/java/com/training/trackplanner/data/SeedData.kt,388,CANONICAL_DATA,CANONICAL_DATA,,NO,Baseline Kotlin literal inventory
,레그 프레스,,SeedData,app/src/main/java/com/training/trackplanner/data/SeedData.kt,388,CANONICAL_DATA,CANONICAL_DATA,,NO,Baseline Kotlin literal inventory
,레그 익스텐션,,SeedData,app/src/main/java/com/training/trackplanner/data/SeedData.kt,388,CANONICAL_DATA,CANONICAL_DATA,,NO,Baseline Kotlin literal inventory
,핵,,SeedData,app/src/main/java/com/training/trackplanner/data/SeedData.kt,388,CANONICAL_DATA,CANONICAL_DATA,,NO,Baseline Kotlin literal inventory
,모빌리티,,SeedData,app/src/main/java/com/training/trackplanner/data/SeedData.kt,389,CANONICAL_DATA,CANONICAL_DATA,,NO,Baseline Kotlin literal inventory
,스트레칭,,SeedData,app/src/main/java/com/training/trackplanner/data/SeedData.kt,389,CANONICAL_DATA,CANONICAL_DATA,,NO,Baseline Kotlin literal inventory
,가동성,,SeedData,app/src/main/java/com/training/trackplanner/data/SeedData.kt,389,CANONICAL_DATA,CANONICAL_DATA,,NO,Baseline Kotlin literal inventory
,프레스,,SeedData,app/src/main/java/com/training/trackplanner/data/SeedData.kt,390,CANONICAL_DATA,CANONICAL_DATA,,NO,Baseline Kotlin literal inventory
,유산소운동,,SeedData,app/src/main/java/com/training/trackplanner/data/SeedData.kt,396,CANONICAL_DATA,CANONICAL_DATA,,NO,Baseline Kotlin literal inventory
,스포츠,,SeedData,app/src/main/java/com/training/trackplanner/data/SeedData.kt,397,CANONICAL_DATA,CANONICAL_DATA,,NO,Baseline Kotlin literal inventory
,상부대흉,,SeedData,app/src/main/java/com/training/trackplanner/data/SeedData.kt,401,CANONICAL_DATA,CANONICAL_DATA,,NO,Baseline Kotlin literal inventory
,대흉,,SeedData,app/src/main/java/com/training/trackplanner/data/SeedData.kt,402,CANONICAL_DATA,CANONICAL_DATA,,NO,Baseline Kotlin literal inventory
,가슴,,SeedData,app/src/main/java/com/training/trackplanner/data/SeedData.kt,402,CANONICAL_DATA,CANONICAL_DATA,,NO,Baseline Kotlin literal inventory
,체스트,,SeedData,app/src/main/java/com/training/trackplanner/data/SeedData.kt,402,CANONICAL_DATA,CANONICAL_DATA,,NO,Baseline Kotlin literal inventory
,광배,,SeedData,app/src/main/java/com/training/trackplanner/data/SeedData.kt,403,CANONICAL_DATA,CANONICAL_DATA,,NO,Baseline Kotlin literal inventory
,등,,SeedData,app/src/main/java/com/training/trackplanner/data/SeedData.kt,404,CANONICAL_DATA,CANONICAL_DATA,,NO,Baseline Kotlin literal inventory
,백,,SeedData,app/src/main/java/com/training/trackplanner/data/SeedData.kt,404,CANONICAL_DATA,CANONICAL_DATA,,NO,Baseline Kotlin literal inventory
,능형,,SeedData,app/src/main/java/com/training/trackplanner/data/SeedData.kt,405,CANONICAL_DATA,CANONICAL_DATA,,NO,Baseline Kotlin literal inventory
,하부승모,,SeedData,app/src/main/java/com/training/trackplanner/data/SeedData.kt,406,CANONICAL_DATA,CANONICAL_DATA,,NO,Baseline Kotlin literal inventory
,승모,,SeedData,app/src/main/java/com/training/trackplanner/data/SeedData.kt,407,CANONICAL_DATA,CANONICAL_DATA,,NO,Baseline Kotlin literal inventory
,전면삼각,,SeedData,app/src/main/java/com/training/trackplanner/data/SeedData.kt,408,CANONICAL_DATA,CANONICAL_DATA,,NO,Baseline Kotlin literal inventory
,측면삼각,,SeedData,app/src/main/java/com/training/trackplanner/data/SeedData.kt,409,CANONICAL_DATA,CANONICAL_DATA,,NO,Baseline Kotlin literal inventory
,후면삼각,,SeedData,app/src/main/java/com/training/trackplanner/data/SeedData.kt,410,CANONICAL_DATA,CANONICAL_DATA,,NO,Baseline Kotlin literal inventory
,어깨,,SeedData,app/src/main/java/com/training/trackplanner/data/SeedData.kt,411,CANONICAL_DATA,CANONICAL_DATA,,NO,Baseline Kotlin literal inventory
,숄더,,SeedData,app/src/main/java/com/training/trackplanner/data/SeedData.kt,411,CANONICAL_DATA,CANONICAL_DATA,,NO,Baseline Kotlin literal inventory
,회전근개,,SeedData,app/src/main/java/com/training/trackplanner/data/SeedData.kt,412,CANONICAL_DATA,CANONICAL_DATA,,NO,Baseline Kotlin literal inventory
,외회전,,SeedData,app/src/main/java/com/training/trackplanner/data/SeedData.kt,412,CANONICAL_DATA,CANONICAL_DATA,,NO,Baseline Kotlin literal inventory
,견갑,,SeedData,app/src/main/java/com/training/trackplanner/data/SeedData.kt,413,CANONICAL_DATA,CANONICAL_DATA,,NO,Baseline Kotlin literal inventory
,전거근,,SeedData,app/src/main/java/com/training/trackplanner/data/SeedData.kt,413,CANONICAL_DATA,CANONICAL_DATA,,NO,Baseline Kotlin literal inventory
,이두,,SeedData,app/src/main/java/com/training/trackplanner/data/SeedData.kt,414,CANONICAL_DATA,CANONICAL_DATA,,NO,Baseline Kotlin literal inventory
,삼두,,SeedData,app/src/main/java/com/training/trackplanner/data/SeedData.kt,415,CANONICAL_DATA,CANONICAL_DATA,,NO,Baseline Kotlin literal inventory
,전완,,SeedData,app/src/main/java/com/training/trackplanner/data/SeedData.kt,416,CANONICAL_DATA,CANONICAL_DATA,,NO,Baseline Kotlin literal inventory
,상완요골,,SeedData,app/src/main/java/com/training/trackplanner/data/SeedData.kt,416,CANONICAL_DATA,CANONICAL_DATA,,NO,Baseline Kotlin literal inventory
,손목,,SeedData,app/src/main/java/com/training/trackplanner/data/SeedData.kt,416,CANONICAL_DATA,CANONICAL_DATA,,NO,Baseline Kotlin literal inventory
,그립,,SeedData,app/src/main/java/com/training/trackplanner/data/SeedData.kt,417,CANONICAL_DATA,CANONICAL_DATA,,NO,Baseline Kotlin literal inventory
,대퇴사두,,SeedData,app/src/main/java/com/training/trackplanner/data/SeedData.kt,418,CANONICAL_DATA,CANONICAL_DATA,,NO,Baseline Kotlin literal inventory
,햄스트링,,SeedData,app/src/main/java/com/training/trackplanner/data/SeedData.kt,419,CANONICAL_DATA,CANONICAL_DATA,,NO,Baseline Kotlin literal inventory
,후면사슬,,SeedData,app/src/main/java/com/training/trackplanner/data/SeedData.kt,419,CANONICAL_DATA,CANONICAL_DATA,,NO,Baseline Kotlin literal inventory
,중둔,,SeedData,app/src/main/java/com/training/trackplanner/data/SeedData.kt,420,CANONICAL_DATA,CANONICAL_DATA,,NO,Baseline Kotlin literal inventory
,골반안정,,SeedData,app/src/main/java/com/training/trackplanner/data/SeedData.kt,420,CANONICAL_DATA,CANONICAL_DATA,,NO,Baseline Kotlin literal inventory
,둔근,,SeedData,app/src/main/java/com/training/trackplanner/data/SeedData.kt,421,CANONICAL_DATA,CANONICAL_DATA,,NO,Baseline Kotlin literal inventory
,엉덩,,SeedData,app/src/main/java/com/training/trackplanner/data/SeedData.kt,421,CANONICAL_DATA,CANONICAL_DATA,,NO,Baseline Kotlin literal inventory
,내전근,,SeedData,app/src/main/java/com/training/trackplanner/data/SeedData.kt,422,CANONICAL_DATA,CANONICAL_DATA,,NO,Baseline Kotlin literal inventory
,종아리,,SeedData,app/src/main/java/com/training/trackplanner/data/SeedData.kt,423,CANONICAL_DATA,CANONICAL_DATA,,NO,Baseline Kotlin literal inventory
,비복,,SeedData,app/src/main/java/com/training/trackplanner/data/SeedData.kt,423,CANONICAL_DATA,CANONICAL_DATA,,NO,Baseline Kotlin literal inventory
,가자미,,SeedData,app/src/main/java/com/training/trackplanner/data/SeedData.kt,423,CANONICAL_DATA,CANONICAL_DATA,,NO,Baseline Kotlin literal inventory
,카프,,SeedData,app/src/main/java/com/training/trackplanner/data/SeedData.kt,423,CANONICAL_DATA,CANONICAL_DATA,,NO,Baseline Kotlin literal inventory
,발목,,SeedData,app/src/main/java/com/training/trackplanner/data/SeedData.kt,423,CANONICAL_DATA,CANONICAL_DATA,,NO,Baseline Kotlin literal inventory
,정강,,SeedData,app/src/main/java/com/training/trackplanner/data/SeedData.kt,424,CANONICAL_DATA,CANONICAL_DATA,,NO,Baseline Kotlin literal inventory
,전경골,,SeedData,app/src/main/java/com/training/trackplanner/data/SeedData.kt,424,CANONICAL_DATA,CANONICAL_DATA,,NO,Baseline Kotlin literal inventory
,복직,,SeedData,app/src/main/java/com/training/trackplanner/data/SeedData.kt,425,CANONICAL_DATA,CANONICAL_DATA,,NO,Baseline Kotlin literal inventory
,복부,,SeedData,app/src/main/java/com/training/trackplanner/data/SeedData.kt,425,CANONICAL_DATA,CANONICAL_DATA,,NO,Baseline Kotlin literal inventory
,요추,,SeedData,app/src/main/java/com/training/trackplanner/data/SeedData.kt,425,CANONICAL_DATA,CANONICAL_DATA,,NO,Baseline Kotlin literal inventory
,코어,,SeedData,app/src/main/java/com/training/trackplanner/data/SeedData.kt,425,CANONICAL_DATA,CANONICAL_DATA,,NO,Baseline Kotlin literal inventory
,몸통,,SeedData,app/src/main/java/com/training/trackplanner/data/SeedData.kt,425,CANONICAL_DATA,CANONICAL_DATA,,NO,Baseline Kotlin literal inventory
,심부,,SeedData,app/src/main/java/com/training/trackplanner/data/SeedData.kt,426,CANONICAL_DATA,CANONICAL_DATA,,NO,Baseline Kotlin literal inventory
,안정성,,SeedData,app/src/main/java/com/training/trackplanner/data/SeedData.kt,426,CANONICAL_DATA,CANONICAL_DATA,,NO,Baseline Kotlin literal inventory
,측면코어,,SeedData,app/src/main/java/com/training/trackplanner/data/SeedData.kt,427,CANONICAL_DATA,CANONICAL_DATA,,NO,Baseline Kotlin literal inventory
,사선,,SeedData,app/src/main/java/com/training/trackplanner/data/SeedData.kt,427,CANONICAL_DATA,CANONICAL_DATA,,NO,Baseline Kotlin literal inventory
,회전,,SeedData,app/src/main/java/com/training/trackplanner/data/SeedData.kt,427,CANONICAL_DATA,CANONICAL_DATA,,NO,Baseline Kotlin literal inventory
,척추기립,,SeedData,app/src/main/java/com/training/trackplanner/data/SeedData.kt,428,CANONICAL_DATA,CANONICAL_DATA,,NO,Baseline Kotlin literal inventory
,유산소운동,,SeedData,app/src/main/java/com/training/trackplanner/data/SeedData.kt,434,CANONICAL_DATA,CANONICAL_DATA,,NO,Baseline Kotlin literal inventory
,스포츠,,SeedData,app/src/main/java/com/training/trackplanner/data/SeedData.kt,434,CANONICAL_DATA,CANONICAL_DATA,,NO,Baseline Kotlin literal inventory
,스미스,,SeedData,app/src/main/java/com/training/trackplanner/data/SeedData.kt,441,CANONICAL_DATA,CANONICAL_DATA,,NO,Baseline Kotlin literal inventory
,레그프레스,,SeedData,app/src/main/java/com/training/trackplanner/data/SeedData.kt,442,CANONICAL_DATA,CANONICAL_DATA,,NO,Baseline Kotlin literal inventory
,핵 스쿼트,,SeedData,app/src/main/java/com/training/trackplanner/data/SeedData.kt,443,CANONICAL_DATA,CANONICAL_DATA,,NO,Baseline Kotlin literal inventory
,핵,,SeedData,app/src/main/java/com/training/trackplanner/data/SeedData.kt,443,CANONICAL_DATA,CANONICAL_DATA,,NO,Baseline Kotlin literal inventory
,레그컬,,SeedData,app/src/main/java/com/training/trackplanner/data/SeedData.kt,444,CANONICAL_DATA,CANONICAL_DATA,,NO,Baseline Kotlin literal inventory
,레그 익스텐션,,SeedData,app/src/main/java/com/training/trackplanner/data/SeedData.kt,445,CANONICAL_DATA,CANONICAL_DATA,,NO,Baseline Kotlin literal inventory
,레그익스텐션,,SeedData,app/src/main/java/com/training/trackplanner/data/SeedData.kt,445,CANONICAL_DATA,CANONICAL_DATA,,NO,Baseline Kotlin literal inventory
,힙 어브덕션,,SeedData,app/src/main/java/com/training/trackplanner/data/SeedData.kt,446,CANONICAL_DATA,CANONICAL_DATA,,NO,Baseline Kotlin literal inventory
,러닝머신,,SeedData,app/src/main/java/com/training/trackplanner/data/SeedData.kt,447,CANONICAL_DATA,CANONICAL_DATA,,NO,Baseline Kotlin literal inventory
,트레드밀,,SeedData,app/src/main/java/com/training/trackplanner/data/SeedData.kt,447,CANONICAL_DATA,CANONICAL_DATA,,NO,Baseline Kotlin literal inventory
,자전거,,SeedData,app/src/main/java/com/training/trackplanner/data/SeedData.kt,448,CANONICAL_DATA,CANONICAL_DATA,,NO,Baseline Kotlin literal inventory
,바이크,,SeedData,app/src/main/java/com/training/trackplanner/data/SeedData.kt,448,CANONICAL_DATA,CANONICAL_DATA,,NO,Baseline Kotlin literal inventory
,로잉머신,,SeedData,app/src/main/java/com/training/trackplanner/data/SeedData.kt,449,CANONICAL_DATA,CANONICAL_DATA,,NO,Baseline Kotlin literal inventory
,바벨,,SeedData,app/src/main/java/com/training/trackplanner/data/SeedData.kt,450,CANONICAL_DATA,CANONICAL_DATA,,NO,Baseline Kotlin literal inventory
,EZ바,,SeedData,app/src/main/java/com/training/trackplanner/data/SeedData.kt,450,CANONICAL_DATA,CANONICAL_DATA,,NO,Baseline Kotlin literal inventory
,덤벨,,SeedData,app/src/main/java/com/training/trackplanner/data/SeedData.kt,451,CANONICAL_DATA,CANONICAL_DATA,,NO,Baseline Kotlin literal inventory
,케이블,,SeedData,app/src/main/java/com/training/trackplanner/data/SeedData.kt,452,CANONICAL_DATA,CANONICAL_DATA,,NO,Baseline Kotlin literal inventory
,머신,,SeedData,app/src/main/java/com/training/trackplanner/data/SeedData.kt,453,CANONICAL_DATA,CANONICAL_DATA,,NO,Baseline Kotlin literal inventory
,케틀벨,,SeedData,app/src/main/java/com/training/trackplanner/data/SeedData.kt,454,CANONICAL_DATA,CANONICAL_DATA,,NO,Baseline Kotlin literal inventory
,랜드마인,,SeedData,app/src/main/java/com/training/trackplanner/data/SeedData.kt,455,CANONICAL_DATA,CANONICAL_DATA,,NO,Baseline Kotlin literal inventory
,플레이트,,SeedData,app/src/main/java/com/training/trackplanner/data/SeedData.kt,456,CANONICAL_DATA,CANONICAL_DATA,,NO,Baseline Kotlin literal inventory
,원판,,SeedData,app/src/main/java/com/training/trackplanner/data/SeedData.kt,456,CANONICAL_DATA,CANONICAL_DATA,,NO,Baseline Kotlin literal inventory
,밴드,,SeedData,app/src/main/java/com/training/trackplanner/data/SeedData.kt,457,CANONICAL_DATA,CANONICAL_DATA,,NO,Baseline Kotlin literal inventory
,미니밴드,,SeedData,app/src/main/java/com/training/trackplanner/data/SeedData.kt,457,CANONICAL_DATA,CANONICAL_DATA,,NO,Baseline Kotlin literal inventory
,벤치,,SeedData,app/src/main/java/com/training/trackplanner/data/SeedData.kt,458,CANONICAL_DATA,CANONICAL_DATA,,NO,Baseline Kotlin literal inventory
,박스,,SeedData,app/src/main/java/com/training/trackplanner/data/SeedData.kt,459,CANONICAL_DATA,CANONICAL_DATA,,NO,Baseline Kotlin literal inventory
,스텝박스,,SeedData,app/src/main/java/com/training/trackplanner/data/SeedData.kt,459,CANONICAL_DATA,CANONICAL_DATA,,NO,Baseline Kotlin literal inventory
,발판,,SeedData,app/src/main/java/com/training/trackplanner/data/SeedData.kt,459,CANONICAL_DATA,CANONICAL_DATA,,NO,Baseline Kotlin literal inventory
,철봉,,SeedData,app/src/main/java/com/training/trackplanner/data/SeedData.kt,460,CANONICAL_DATA,CANONICAL_DATA,,NO,Baseline Kotlin literal inventory
,풀업바,,SeedData,app/src/main/java/com/training/trackplanner/data/SeedData.kt,460,CANONICAL_DATA,CANONICAL_DATA,,NO,Baseline Kotlin literal inventory
,콘,,SeedData,app/src/main/java/com/training/trackplanner/data/SeedData.kt,461,CANONICAL_DATA,CANONICAL_DATA,,NO,Baseline Kotlin literal inventory
,마커,,SeedData,app/src/main/java/com/training/trackplanner/data/SeedData.kt,461,CANONICAL_DATA,CANONICAL_DATA,,NO,Baseline Kotlin literal inventory
,래더,,SeedData,app/src/main/java/com/training/trackplanner/data/SeedData.kt,461,CANONICAL_DATA,CANONICAL_DATA,,NO,Baseline Kotlin literal inventory
,코트,,SeedData,app/src/main/java/com/training/trackplanner/data/SeedData.kt,461,CANONICAL_DATA,CANONICAL_DATA,,NO,Baseline Kotlin literal inventory
,셔틀콕,,SeedData,app/src/main/java/com/training/trackplanner/data/SeedData.kt,461,CANONICAL_DATA,CANONICAL_DATA,,NO,Baseline Kotlin literal inventory
,트랙,,SeedData,app/src/main/java/com/training/trackplanner/data/SeedData.kt,461,CANONICAL_DATA,CANONICAL_DATA,,NO,Baseline Kotlin literal inventory
,신호,,SeedData,app/src/main/java/com/training/trackplanner/data/SeedData.kt,461,CANONICAL_DATA,CANONICAL_DATA,,NO,Baseline Kotlin literal inventory
,메디신볼,,SeedData,app/src/main/java/com/training/trackplanner/data/SeedData.kt,462,CANONICAL_DATA,CANONICAL_DATA,,NO,Baseline Kotlin literal inventory
,바이퍼,,SeedData,app/src/main/java/com/training/trackplanner/data/SeedData.kt,463,CANONICAL_DATA,CANONICAL_DATA,,NO,Baseline Kotlin literal inventory
,링,,SeedData,app/src/main/java/com/training/trackplanner/data/SeedData.kt,464,CANONICAL_DATA,CANONICAL_DATA,,NO,Baseline Kotlin literal inventory
,맨몸,,SeedData,app/src/main/java/com/training/trackplanner/data/SeedData.kt,465,CANONICAL_DATA,CANONICAL_DATA,,NO,Baseline Kotlin literal inventory
,스틱,,SeedData,app/src/main/java/com/training/trackplanner/data/SeedData.kt,470,CANONICAL_DATA,CANONICAL_DATA,,NO,Baseline Kotlin literal inventory
,감속,,SeedData,app/src/main/java/com/training/trackplanner/data/SeedData.kt,470,CANONICAL_DATA,CANONICAL_DATA,,NO,Baseline Kotlin literal inventory
,풋워크,,SeedData,app/src/main/java/com/training/trackplanner/data/SeedData.kt,470,CANONICAL_DATA,CANONICAL_DATA,,NO,Baseline Kotlin literal inventory
,스포츠,,SeedData,app/src/main/java/com/training/trackplanner/data/SeedData.kt,471,CANONICAL_DATA,CANONICAL_DATA,,NO,Baseline Kotlin literal inventory
,점프,,SeedData,app/src/main/java/com/training/trackplanner/data/SeedData.kt,472,CANONICAL_DATA,CANONICAL_DATA,,NO,Baseline Kotlin literal inventory
,홉,,SeedData,app/src/main/java/com/training/trackplanner/data/SeedData.kt,472,CANONICAL_DATA,CANONICAL_DATA,,NO,Baseline Kotlin literal inventory
,바운드,,SeedData,app/src/main/java/com/training/trackplanner/data/SeedData.kt,472,CANONICAL_DATA,CANONICAL_DATA,,NO,Baseline Kotlin literal inventory
,탄성,,SeedData,app/src/main/java/com/training/trackplanner/data/SeedData.kt,472,CANONICAL_DATA,CANONICAL_DATA,,NO,Baseline Kotlin literal inventory
,포고,,SeedData,app/src/main/java/com/training/trackplanner/data/SeedData.kt,472,CANONICAL_DATA,CANONICAL_DATA,,NO,Baseline Kotlin literal inventory
,레이즈,,SeedData,app/src/main/java/com/training/trackplanner/data/SeedData.kt,477,CANONICAL_DATA,CANONICAL_DATA,,NO,Baseline Kotlin literal inventory
,컬,,SeedData,app/src/main/java/com/training/trackplanner/data/SeedData.kt,477,CANONICAL_DATA,CANONICAL_DATA,,NO,Baseline Kotlin literal inventory
,익스텐션,,SeedData,app/src/main/java/com/training/trackplanner/data/SeedData.kt,477,CANONICAL_DATA,CANONICAL_DATA,,NO,Baseline Kotlin literal inventory
,유산소운동,,SeedData,app/src/main/java/com/training/trackplanner/data/SeedData.kt,487,CANONICAL_DATA,CANONICAL_DATA,,NO,Baseline Kotlin literal inventory
,스포츠,,SeedData,app/src/main/java/com/training/trackplanner/data/SeedData.kt,487,CANONICAL_DATA,CANONICAL_DATA,,NO,Baseline Kotlin literal inventory
,전신,,SeedData,app/src/main/java/com/training/trackplanner/data/SeedData.kt,487,CANONICAL_DATA,CANONICAL_DATA,,NO,Baseline Kotlin literal inventory
,원암,,SeedData,app/src/main/java/com/training/trackplanner/data/SeedData.kt,502,CANONICAL_DATA,CANONICAL_DATA,,NO,Baseline Kotlin literal inventory
,한팔,,SeedData,app/src/main/java/com/training/trackplanner/data/SeedData.kt,502,CANONICAL_DATA,CANONICAL_DATA,,NO,Baseline Kotlin literal inventory
,한 팔,,SeedData,app/src/main/java/com/training/trackplanner/data/SeedData.kt,502,CANONICAL_DATA,CANONICAL_DATA,,NO,Baseline Kotlin literal inventory
,원레그,,SeedData,app/src/main/java/com/training/trackplanner/data/SeedData.kt,503,CANONICAL_DATA,CANONICAL_DATA,,NO,Baseline Kotlin literal inventory
,싱글 레그,,SeedData,app/src/main/java/com/training/trackplanner/data/SeedData.kt,503,CANONICAL_DATA,CANONICAL_DATA,,NO,Baseline Kotlin literal inventory
,한발,,SeedData,app/src/main/java/com/training/trackplanner/data/SeedData.kt,503,CANONICAL_DATA,CANONICAL_DATA,,NO,Baseline Kotlin literal inventory
,한쪽 다리,,SeedData,app/src/main/java/com/training/trackplanner/data/SeedData.kt,503,CANONICAL_DATA,CANONICAL_DATA,,NO,Baseline Kotlin literal inventory
,런지,,SeedData,app/src/main/java/com/training/trackplanner/data/SeedData.kt,504,CANONICAL_DATA,CANONICAL_DATA,,NO,Baseline Kotlin literal inventory
,스플릿,,SeedData,app/src/main/java/com/training/trackplanner/data/SeedData.kt,504,CANONICAL_DATA,CANONICAL_DATA,,NO,Baseline Kotlin literal inventory
,스텝업,,SeedData,app/src/main/java/com/training/trackplanner/data/SeedData.kt,504,CANONICAL_DATA,CANONICAL_DATA,,NO,Baseline Kotlin literal inventory
,걷,,SeedData,app/src/main/java/com/training/trackplanner/data/SeedData.kt,504,CANONICAL_DATA,CANONICAL_DATA,,NO,Baseline Kotlin literal inventory
,좌우,,SeedData,app/src/main/java/com/training/trackplanner/data/SeedData.kt,504,CANONICAL_DATA,CANONICAL_DATA,,NO,Baseline Kotlin literal inventory
,앞뒤,,SeedData,app/src/main/java/com/training/trackplanner/data/SeedData.kt,504,CANONICAL_DATA,CANONICAL_DATA,,NO,Baseline Kotlin literal inventory
,풋워크,,SeedData,app/src/main/java/com/training/trackplanner/data/SeedData.kt,504,CANONICAL_DATA,CANONICAL_DATA,,NO,Baseline Kotlin literal inventory
,콕줍기,,SeedData,app/src/main/java/com/training/trackplanner/data/SeedData.kt,504,CANONICAL_DATA,CANONICAL_DATA,,NO,Baseline Kotlin literal inventory
,편측,,SeedData,app/src/main/java/com/training/trackplanner/data/SeedData.kt,505,CANONICAL_DATA,CANONICAL_DATA,,NO,Baseline Kotlin literal inventory
,한쪽,,SeedData,app/src/main/java/com/training/trackplanner/data/SeedData.kt,505,CANONICAL_DATA,CANONICAL_DATA,,NO,Baseline Kotlin literal inventory
,코어,,SeedData,app/src/main/java/com/training/trackplanner/data/SeedData.kt,511,CANONICAL_DATA,CANONICAL_DATA,,NO,Baseline Kotlin literal inventory
,플랭크,,SeedData,app/src/main/java/com/training/trackplanner/data/SeedData.kt,511,CANONICAL_DATA,CANONICAL_DATA,,NO,Baseline Kotlin literal inventory
,팔로프,,SeedData,app/src/main/java/com/training/trackplanner/data/SeedData.kt,511,CANONICAL_DATA,CANONICAL_DATA,,NO,Baseline Kotlin literal inventory
,회전,,SeedData,app/src/main/java/com/training/trackplanner/data/SeedData.kt,512,CANONICAL_DATA,CANONICAL_DATA,,NO,Baseline Kotlin literal inventory
,팔로프,,SeedData,app/src/main/java/com/training/trackplanner/data/SeedData.kt,512,CANONICAL_DATA,CANONICAL_DATA,,NO,Baseline Kotlin literal inventory
,요추,,SeedData,app/src/main/java/com/training/trackplanner/data/SeedData.kt,513,CANONICAL_DATA,CANONICAL_DATA,,NO,Baseline Kotlin literal inventory
,몸통,,SeedData,app/src/main/java/com/training/trackplanner/data/SeedData.kt,513,CANONICAL_DATA,CANONICAL_DATA,,NO,Baseline Kotlin literal inventory
,골반,,SeedData,app/src/main/java/com/training/trackplanner/data/SeedData.kt,514,CANONICAL_DATA,CANONICAL_DATA,,NO,Baseline Kotlin literal inventory
,둔근,,SeedData,app/src/main/java/com/training/trackplanner/data/SeedData.kt,514,CANONICAL_DATA,CANONICAL_DATA,,NO,Baseline Kotlin literal inventory
,힙,,SeedData,app/src/main/java/com/training/trackplanner/data/SeedData.kt,514,CANONICAL_DATA,CANONICAL_DATA,,NO,Baseline Kotlin literal inventory
,골반,,SeedData,app/src/main/java/com/training/trackplanner/data/SeedData.kt,515,CANONICAL_DATA,CANONICAL_DATA,,NO,Baseline Kotlin literal inventory
,무릎,,SeedData,app/src/main/java/com/training/trackplanner/data/SeedData.kt,516,CANONICAL_DATA,CANONICAL_DATA,,NO,Baseline Kotlin literal inventory
,발목,,SeedData,app/src/main/java/com/training/trackplanner/data/SeedData.kt,517,CANONICAL_DATA,CANONICAL_DATA,,NO,Baseline Kotlin literal inventory
,카프,,SeedData,app/src/main/java/com/training/trackplanner/data/SeedData.kt,517,CANONICAL_DATA,CANONICAL_DATA,,NO,Baseline Kotlin literal inventory
,종아리,,SeedData,app/src/main/java/com/training/trackplanner/data/SeedData.kt,517,CANONICAL_DATA,CANONICAL_DATA,,NO,Baseline Kotlin literal inventory
,견갑,,SeedData,app/src/main/java/com/training/trackplanner/data/SeedData.kt,518,CANONICAL_DATA,CANONICAL_DATA,,NO,Baseline Kotlin literal inventory
,회전근개,,SeedData,app/src/main/java/com/training/trackplanner/data/SeedData.kt,519,CANONICAL_DATA,CANONICAL_DATA,,NO,Baseline Kotlin literal inventory
,외회전,,SeedData,app/src/main/java/com/training/trackplanner/data/SeedData.kt,519,CANONICAL_DATA,CANONICAL_DATA,,NO,Baseline Kotlin literal inventory
,착지,,SeedData,app/src/main/java/com/training/trackplanner/data/SeedData.kt,520,CANONICAL_DATA,CANONICAL_DATA,,NO,Baseline Kotlin literal inventory
,스틱,,SeedData,app/src/main/java/com/training/trackplanner/data/SeedData.kt,520,CANONICAL_DATA,CANONICAL_DATA,,NO,Baseline Kotlin literal inventory
,점프,,SeedData,app/src/main/java/com/training/trackplanner/data/SeedData.kt,520,CANONICAL_DATA,CANONICAL_DATA,,NO,Baseline Kotlin literal inventory
,홉,,SeedData,app/src/main/java/com/training/trackplanner/data/SeedData.kt,520,CANONICAL_DATA,CANONICAL_DATA,,NO,Baseline Kotlin literal inventory
,바운드,,SeedData,app/src/main/java/com/training/trackplanner/data/SeedData.kt,520,CANONICAL_DATA,CANONICAL_DATA,,NO,Baseline Kotlin literal inventory
,원레그,,SeedData,app/src/main/java/com/training/trackplanner/data/SeedData.kt,521,CANONICAL_DATA,CANONICAL_DATA,,NO,Baseline Kotlin literal inventory
,싱글 레그,,SeedData,app/src/main/java/com/training/trackplanner/data/SeedData.kt,521,CANONICAL_DATA,CANONICAL_DATA,,NO,Baseline Kotlin literal inventory
,한발,,SeedData,app/src/main/java/com/training/trackplanner/data/SeedData.kt,521,CANONICAL_DATA,CANONICAL_DATA,,NO,Baseline Kotlin literal inventory
,편측,,SeedData,app/src/main/java/com/training/trackplanner/data/SeedData.kt,521,CANONICAL_DATA,CANONICAL_DATA,,NO,Baseline Kotlin literal inventory
,래터럴 바운드 투 스틱,,SeedData,app/src/main/java/com/training/trackplanner/data/SeedData.kt,534,CANONICAL_DATA,CANONICAL_DATA,,NO,Baseline Kotlin literal inventory
,홉 투 스틱,,SeedData,app/src/main/java/com/training/trackplanner/data/SeedData.kt,540,CANONICAL_DATA,CANONICAL_DATA,,NO,Baseline Kotlin literal inventory
,6코너 풋워크,,SeedData,app/src/main/java/com/training/trackplanner/data/SeedData.kt,544,CANONICAL_DATA,CANONICAL_DATA,,NO,Baseline Kotlin literal inventory
,6코너 풋워크 최대반복 테스트,,SeedData,app/src/main/java/com/training/trackplanner/data/SeedData.kt,545,CANONICAL_DATA,CANONICAL_DATA,,NO,Baseline Kotlin literal inventory
,배드민턴 경기 기록,,SeedData,app/src/main/java/com/training/trackplanner/data/SeedData.kt,551,CANONICAL_DATA,CANONICAL_DATA,,NO,Baseline Kotlin literal inventory
,스플릿 스텝 리액션,,SeedData,app/src/main/java/com/training/trackplanner/data/SeedData.kt,556,CANONICAL_DATA,CANONICAL_DATA,,NO,Baseline Kotlin literal inventory
,콕줍기,,SeedData,app/src/main/java/com/training/trackplanner/data/SeedData.kt,562,CANONICAL_DATA,CANONICAL_DATA,,NO,Baseline Kotlin literal inventory
,멀티셔틀 풋워크,,SeedData,app/src/main/java/com/training/trackplanner/data/SeedData.kt,562,CANONICAL_DATA,CANONICAL_DATA,,NO,Baseline Kotlin literal inventory
,스포츠,,SeedData,app/src/main/java/com/training/trackplanner/data/SeedData.kt,576,CANONICAL_DATA,CANONICAL_DATA,,NO,Baseline Kotlin literal inventory
,감속,,SeedData,app/src/main/java/com/training/trackplanner/data/SeedData.kt,578,CANONICAL_DATA,CANONICAL_DATA,,NO,Baseline Kotlin literal inventory
,런지,,SeedData,app/src/main/java/com/training/trackplanner/data/SeedData.kt,578,CANONICAL_DATA,CANONICAL_DATA,,NO,Baseline Kotlin literal inventory
,스플릿,,SeedData,app/src/main/java/com/training/trackplanner/data/SeedData.kt,578,CANONICAL_DATA,CANONICAL_DATA,,NO,Baseline Kotlin literal inventory
,스텝다운,,SeedData,app/src/main/java/com/training/trackplanner/data/SeedData.kt,578,CANONICAL_DATA,CANONICAL_DATA,,NO,Baseline Kotlin literal inventory
,착지,,SeedData,app/src/main/java/com/training/trackplanner/data/SeedData.kt,579,CANONICAL_DATA,CANONICAL_DATA,,NO,Baseline Kotlin literal inventory
,점프,,SeedData,app/src/main/java/com/training/trackplanner/data/SeedData.kt,579,CANONICAL_DATA,CANONICAL_DATA,,NO,Baseline Kotlin literal inventory
,홉,,SeedData,app/src/main/java/com/training/trackplanner/data/SeedData.kt,579,CANONICAL_DATA,CANONICAL_DATA,,NO,Baseline Kotlin literal inventory
,방향전환,,SeedData,app/src/main/java/com/training/trackplanner/data/SeedData.kt,580,CANONICAL_DATA,CANONICAL_DATA,,NO,Baseline Kotlin literal inventory
,코사크,,SeedData,app/src/main/java/com/training/trackplanner/data/SeedData.kt,580,CANONICAL_DATA,CANONICAL_DATA,,NO,Baseline Kotlin literal inventory
,측면,,SeedData,app/src/main/java/com/training/trackplanner/data/SeedData.kt,580,CANONICAL_DATA,CANONICAL_DATA,,NO,Baseline Kotlin literal inventory
,사이드,,SeedData,app/src/main/java/com/training/trackplanner/data/SeedData.kt,580,CANONICAL_DATA,CANONICAL_DATA,,NO,Baseline Kotlin literal inventory
,배드민턴,,SeedData,app/src/main/java/com/training/trackplanner/data/SeedData.kt,581,CANONICAL_DATA,CANONICAL_DATA,,NO,Baseline Kotlin literal inventory
,풋워크,,SeedData,app/src/main/java/com/training/trackplanner/data/SeedData.kt,581,CANONICAL_DATA,CANONICAL_DATA,,NO,Baseline Kotlin literal inventory
,코트,,SeedData,app/src/main/java/com/training/trackplanner/data/SeedData.kt,581,CANONICAL_DATA,CANONICAL_DATA,,NO,Baseline Kotlin literal inventory
,골반,,SeedData,app/src/main/java/com/training/trackplanner/data/SeedData.kt,582,CANONICAL_DATA,CANONICAL_DATA,,NO,Baseline Kotlin literal inventory
,힙,,SeedData,app/src/main/java/com/training/trackplanner/data/SeedData.kt,582,CANONICAL_DATA,CANONICAL_DATA,,NO,Baseline Kotlin literal inventory
,중둔,,SeedData,app/src/main/java/com/training/trackplanner/data/SeedData.kt,582,CANONICAL_DATA,CANONICAL_DATA,,NO,Baseline Kotlin literal inventory
,둔근,,SeedData,app/src/main/java/com/training/trackplanner/data/SeedData.kt,582,CANONICAL_DATA,CANONICAL_DATA,,NO,Baseline Kotlin literal inventory
,코어,,SeedData,app/src/main/java/com/training/trackplanner/data/SeedData.kt,583,CANONICAL_DATA,CANONICAL_DATA,,NO,Baseline Kotlin literal inventory
,몸통,,SeedData,app/src/main/java/com/training/trackplanner/data/SeedData.kt,583,CANONICAL_DATA,CANONICAL_DATA,,NO,Baseline Kotlin literal inventory
,요추,,SeedData,app/src/main/java/com/training/trackplanner/data/SeedData.kt,583,CANONICAL_DATA,CANONICAL_DATA,,NO,Baseline Kotlin literal inventory
,어깨,,SeedData,app/src/main/java/com/training/trackplanner/data/SeedData.kt,584,CANONICAL_DATA,CANONICAL_DATA,,NO,Baseline Kotlin literal inventory
,견갑,,SeedData,app/src/main/java/com/training/trackplanner/data/SeedData.kt,584,CANONICAL_DATA,CANONICAL_DATA,,NO,Baseline Kotlin literal inventory
,회전근개,,SeedData,app/src/main/java/com/training/trackplanner/data/SeedData.kt,585,CANONICAL_DATA,CANONICAL_DATA,,NO,Baseline Kotlin literal inventory
,외회전,,SeedData,app/src/main/java/com/training/trackplanner/data/SeedData.kt,585,CANONICAL_DATA,CANONICAL_DATA,,NO,Baseline Kotlin literal inventory
,그립,,SeedData,app/src/main/java/com/training/trackplanner/data/SeedData.kt,586,CANONICAL_DATA,CANONICAL_DATA,,NO,Baseline Kotlin literal inventory
,전완,,SeedData,app/src/main/java/com/training/trackplanner/data/SeedData.kt,586,CANONICAL_DATA,CANONICAL_DATA,,NO,Baseline Kotlin literal inventory
,손목,,SeedData,app/src/main/java/com/training/trackplanner/data/SeedData.kt,586,CANONICAL_DATA,CANONICAL_DATA,,NO,Baseline Kotlin literal inventory
,발목,,SeedData,app/src/main/java/com/training/trackplanner/data/SeedData.kt,587,CANONICAL_DATA,CANONICAL_DATA,,NO,Baseline Kotlin literal inventory
,카프,,SeedData,app/src/main/java/com/training/trackplanner/data/SeedData.kt,587,CANONICAL_DATA,CANONICAL_DATA,,NO,Baseline Kotlin literal inventory
,종아리,,SeedData,app/src/main/java/com/training/trackplanner/data/SeedData.kt,587,CANONICAL_DATA,CANONICAL_DATA,,NO,Baseline Kotlin literal inventory
,포고,,SeedData,app/src/main/java/com/training/trackplanner/data/SeedData.kt,587,CANONICAL_DATA,CANONICAL_DATA,,NO,Baseline Kotlin literal inventory
,어깨,,SeedData,app/src/main/java/com/training/trackplanner/data/SeedData.kt,595,CANONICAL_DATA,CANONICAL_DATA,,NO,Baseline Kotlin literal inventory
,숄더,,SeedData,app/src/main/java/com/training/trackplanner/data/SeedData.kt,595,CANONICAL_DATA,CANONICAL_DATA,,NO,Baseline Kotlin literal inventory
,견갑,,SeedData,app/src/main/java/com/training/trackplanner/data/SeedData.kt,595,CANONICAL_DATA,CANONICAL_DATA,,NO,Baseline Kotlin literal inventory
,레이즈,,SeedData,app/src/main/java/com/training/trackplanner/data/SeedData.kt,595,CANONICAL_DATA,CANONICAL_DATA,,NO,Baseline Kotlin literal inventory
,래터럴 레이즈,,SeedData,app/src/main/java/com/training/trackplanner/data/SeedData.kt,596,CANONICAL_DATA,CANONICAL_DATA,,NO,Baseline Kotlin literal inventory
,측면삼각,,SeedData,app/src/main/java/com/training/trackplanner/data/SeedData.kt,596,CANONICAL_DATA,CANONICAL_DATA,,NO,Baseline Kotlin literal inventory
,팔,,SeedData,app/src/main/java/com/training/trackplanner/data/SeedData.kt,597,CANONICAL_DATA,CANONICAL_DATA,,NO,Baseline Kotlin literal inventory
,이두,,SeedData,app/src/main/java/com/training/trackplanner/data/SeedData.kt,597,CANONICAL_DATA,CANONICAL_DATA,,NO,Baseline Kotlin literal inventory
,삼두,,SeedData,app/src/main/java/com/training/trackplanner/data/SeedData.kt,597,CANONICAL_DATA,CANONICAL_DATA,,NO,Baseline Kotlin literal inventory
,전완,,SeedData,app/src/main/java/com/training/trackplanner/data/SeedData.kt,597,CANONICAL_DATA,CANONICAL_DATA,,NO,Baseline Kotlin literal inventory
,컬,,SeedData,app/src/main/java/com/training/trackplanner/data/SeedData.kt,597,CANONICAL_DATA,CANONICAL_DATA,,NO,Baseline Kotlin literal inventory
,트라이셉스,,SeedData,app/src/main/java/com/training/trackplanner/data/SeedData.kt,600,CANONICAL_DATA,CANONICAL_DATA,,NO,Baseline Kotlin literal inventory
,삼두,,SeedData,app/src/main/java/com/training/trackplanner/data/SeedData.kt,600,CANONICAL_DATA,CANONICAL_DATA,,NO,Baseline Kotlin literal inventory
,가슴,,SeedData,app/src/main/java/com/training/trackplanner/data/SeedData.kt,601,CANONICAL_DATA,CANONICAL_DATA,,NO,Baseline Kotlin literal inventory
,대흉,,SeedData,app/src/main/java/com/training/trackplanner/data/SeedData.kt,601,CANONICAL_DATA,CANONICAL_DATA,,NO,Baseline Kotlin literal inventory
,체스트,,SeedData,app/src/main/java/com/training/trackplanner/data/SeedData.kt,601,CANONICAL_DATA,CANONICAL_DATA,,NO,Baseline Kotlin literal inventory
,플라이,,SeedData,app/src/main/java/com/training/trackplanner/data/SeedData.kt,601,CANONICAL_DATA,CANONICAL_DATA,,NO,Baseline Kotlin literal inventory
,등,,SeedData,app/src/main/java/com/training/trackplanner/data/SeedData.kt,602,CANONICAL_DATA,CANONICAL_DATA,,NO,Baseline Kotlin literal inventory
,광배,,SeedData,app/src/main/java/com/training/trackplanner/data/SeedData.kt,602,CANONICAL_DATA,CANONICAL_DATA,,NO,Baseline Kotlin literal inventory
,로우,,SeedData,app/src/main/java/com/training/trackplanner/data/SeedData.kt,602,CANONICAL_DATA,CANONICAL_DATA,,NO,Baseline Kotlin literal inventory
,풀다운,,SeedData,app/src/main/java/com/training/trackplanner/data/SeedData.kt,602,CANONICAL_DATA,CANONICAL_DATA,,NO,Baseline Kotlin literal inventory
,레그,,SeedData,app/src/main/java/com/training/trackplanner/data/SeedData.kt,603,CANONICAL_DATA,CANONICAL_DATA,,NO,Baseline Kotlin literal inventory
,스쿼트,,SeedData,app/src/main/java/com/training/trackplanner/data/SeedData.kt,603,CANONICAL_DATA,CANONICAL_DATA,,NO,Baseline Kotlin literal inventory
,런지,,SeedData,app/src/main/java/com/training/trackplanner/data/SeedData.kt,603,CANONICAL_DATA,CANONICAL_DATA,,NO,Baseline Kotlin literal inventory
,대퇴,,SeedData,app/src/main/java/com/training/trackplanner/data/SeedData.kt,603,CANONICAL_DATA,CANONICAL_DATA,,NO,Baseline Kotlin literal inventory
,종아리,,SeedData,app/src/main/java/com/training/trackplanner/data/SeedData.kt,603,CANONICAL_DATA,CANONICAL_DATA,,NO,Baseline Kotlin literal inventory
,카프,,SeedData,app/src/main/java/com/training/trackplanner/data/SeedData.kt,603,CANONICAL_DATA,CANONICAL_DATA,,NO,Baseline Kotlin literal inventory
,햄스트링,,SeedData,app/src/main/java/com/training/trackplanner/data/SeedData.kt,604,CANONICAL_DATA,CANONICAL_DATA,,NO,Baseline Kotlin literal inventory
,둔근,,SeedData,app/src/main/java/com/training/trackplanner/data/SeedData.kt,604,CANONICAL_DATA,CANONICAL_DATA,,NO,Baseline Kotlin literal inventory
,후면사슬,,SeedData,app/src/main/java/com/training/trackplanner/data/SeedData.kt,604,CANONICAL_DATA,CANONICAL_DATA,,NO,Baseline Kotlin literal inventory
,데드리프트,,SeedData,app/src/main/java/com/training/trackplanner/data/SeedData.kt,610,CANONICAL_DATA,CANONICAL_DATA,,NO,Baseline Kotlin literal inventory
,스쿼트,,SeedData,app/src/main/java/com/training/trackplanner/data/SeedData.kt,610,CANONICAL_DATA,CANONICAL_DATA,,NO,Baseline Kotlin literal inventory
,바벨,,SeedData,app/src/main/java/com/training/trackplanner/data/SeedData.kt,610,CANONICAL_DATA,CANONICAL_DATA,,NO,Baseline Kotlin literal inventory
,굿모닝,,SeedData,app/src/main/java/com/training/trackplanner/data/SeedData.kt,611,CANONICAL_DATA,CANONICAL_DATA,,NO,Baseline Kotlin literal inventory
,허리,,SeedData,app/src/main/java/com/training/trackplanner/data/SeedData.kt,611,CANONICAL_DATA,CANONICAL_DATA,,NO,Baseline Kotlin literal inventory
,척추,,SeedData,app/src/main/java/com/training/trackplanner/data/SeedData.kt,611,CANONICAL_DATA,CANONICAL_DATA,,NO,Baseline Kotlin literal inventory
,어깨,,SeedData,app/src/main/java/com/training/trackplanner/data/SeedData.kt,614,CANONICAL_DATA,CANONICAL_DATA,,NO,Baseline Kotlin literal inventory
,숄더,,SeedData,app/src/main/java/com/training/trackplanner/data/SeedData.kt,614,CANONICAL_DATA,CANONICAL_DATA,,NO,Baseline Kotlin literal inventory
,오버헤드,,SeedData,app/src/main/java/com/training/trackplanner/data/SeedData.kt,614,CANONICAL_DATA,CANONICAL_DATA,,NO,Baseline Kotlin literal inventory
,원레그,,SeedData,app/src/main/java/com/training/trackplanner/data/SeedData.kt,615,CANONICAL_DATA,CANONICAL_DATA,,NO,Baseline Kotlin literal inventory
,싱글 레그,,SeedData,app/src/main/java/com/training/trackplanner/data/SeedData.kt,615,CANONICAL_DATA,CANONICAL_DATA,,NO,Baseline Kotlin literal inventory
,한발,,SeedData,app/src/main/java/com/training/trackplanner/data/SeedData.kt,615,CANONICAL_DATA,CANONICAL_DATA,,NO,Baseline Kotlin literal inventory
,균형,,SeedData,app/src/main/java/com/training/trackplanner/data/SeedData.kt,615,CANONICAL_DATA,CANONICAL_DATA,,NO,Baseline Kotlin literal inventory
,래터럴 바운드 투 스틱,,SeedData,app/src/main/java/com/training/trackplanner/data/SeedData.kt,621,CANONICAL_DATA,CANONICAL_DATA,,NO,Baseline Kotlin literal inventory
,홉 투 스틱,,SeedData,app/src/main/java/com/training/trackplanner/data/SeedData.kt,622,CANONICAL_DATA,CANONICAL_DATA,,NO,Baseline Kotlin literal inventory
,6코너 풋워크,,SeedData,app/src/main/java/com/training/trackplanner/data/SeedData.kt,623,CANONICAL_DATA,CANONICAL_DATA,,NO,Baseline Kotlin literal inventory
,6코너 풋워크 최대반복 테스트,,SeedData,app/src/main/java/com/training/trackplanner/data/SeedData.kt,624,CANONICAL_DATA,CANONICAL_DATA,,NO,Baseline Kotlin literal inventory
,배드민턴 경기 기록,,SeedData,app/src/main/java/com/training/trackplanner/data/SeedData.kt,625,CANONICAL_DATA,CANONICAL_DATA,,NO,Baseline Kotlin literal inventory
,스플릿 스텝 리액션,,SeedData,app/src/main/java/com/training/trackplanner/data/SeedData.kt,626,CANONICAL_DATA,CANONICAL_DATA,,NO,Baseline Kotlin literal inventory
,스쿼트,,SeedData,app/src/main/java/com/training/trackplanner/data/SeedData.kt,634,CANONICAL_DATA,CANONICAL_DATA,,NO,Baseline Kotlin literal inventory
,데드리프트,,SeedData,app/src/main/java/com/training/trackplanner/data/SeedData.kt,635,CANONICAL_DATA,CANONICAL_DATA,,NO,Baseline Kotlin literal inventory
,벤치,,SeedData,app/src/main/java/com/training/trackplanner/data/SeedData.kt,636,CANONICAL_DATA,CANONICAL_DATA,,NO,Baseline Kotlin literal inventory
,체스트,,SeedData,app/src/main/java/com/training/trackplanner/data/SeedData.kt,636,CANONICAL_DATA,CANONICAL_DATA,,NO,Baseline Kotlin literal inventory
,풀업,,SeedData,app/src/main/java/com/training/trackplanner/data/SeedData.kt,637,CANONICAL_DATA,CANONICAL_DATA,,NO,Baseline Kotlin literal inventory
,친업,,SeedData,app/src/main/java/com/training/trackplanner/data/SeedData.kt,637,CANONICAL_DATA,CANONICAL_DATA,,NO,Baseline Kotlin literal inventory
,풀다운,,SeedData,app/src/main/java/com/training/trackplanner/data/SeedData.kt,637,CANONICAL_DATA,CANONICAL_DATA,,NO,Baseline Kotlin literal inventory
,로우,,SeedData,app/src/main/java/com/training/trackplanner/data/SeedData.kt,638,CANONICAL_DATA,CANONICAL_DATA,,NO,Baseline Kotlin literal inventory
,런지,,SeedData,app/src/main/java/com/training/trackplanner/data/SeedData.kt,639,CANONICAL_DATA,CANONICAL_DATA,,NO,Baseline Kotlin literal inventory
,스플릿,,SeedData,app/src/main/java/com/training/trackplanner/data/SeedData.kt,639,CANONICAL_DATA,CANONICAL_DATA,,NO,Baseline Kotlin literal inventory
,풋워크,,SeedData,app/src/main/java/com/training/trackplanner/data/SeedData.kt,640,CANONICAL_DATA,CANONICAL_DATA,,NO,Baseline Kotlin literal inventory
,콕줍기,,SeedData,app/src/main/java/com/training/trackplanner/data/SeedData.kt,640,CANONICAL_DATA,CANONICAL_DATA,,NO,Baseline Kotlin literal inventory
,유산소운동,,SeedData,app/src/main/java/com/training/trackplanner/data/SeedData.kt,641,CANONICAL_DATA,CANONICAL_DATA,,NO,Baseline Kotlin literal inventory
,스포츠,,SeedData,app/src/main/java/com/training/trackplanner/data/SeedData.kt,642,CANONICAL_DATA,CANONICAL_DATA,,NO,Baseline Kotlin literal inventory
,[^a-z0-9가-힣]+,,SeedData,app/src/main/java/com/training/trackplanner/data/SeedData.kt,649,CANONICAL_DATA,CANONICAL_DATA,,NO,Baseline Kotlin literal inventory
,근력운동,,SeedData,app/src/main/java/com/training/trackplanner/data/SeedData.kt,665,CANONICAL_DATA,CANONICAL_DATA,,NO,Baseline Kotlin literal inventory
,기능성운동,,SeedData,app/src/main/java/com/training/trackplanner/data/SeedData.kt,665,CANONICAL_DATA,CANONICAL_DATA,,NO,Baseline Kotlin literal inventory
,유산소운동,,SeedData,app/src/main/java/com/training/trackplanner/data/SeedData.kt,665,CANONICAL_DATA,CANONICAL_DATA,,NO,Baseline Kotlin literal inventory
,스포츠,,SeedData,app/src/main/java/com/training/trackplanner/data/SeedData.kt,665,CANONICAL_DATA,CANONICAL_DATA,,NO,Baseline Kotlin literal inventory
,[가-힣],,SeedData,app/src/main/java/com/training/trackplanner/data/SeedData.kt,717,DEVELOPER_DIAGNOSTIC,DEVELOPER_DIAGNOSTIC,,NO,Baseline Kotlin literal inventory
,랜드마인 프레스,,SlotCapabilityResolver,app/src/main/java/com/training/trackplanner/data/SlotCapabilityResolver.kt,232,PRODUCTION_UI,DIRECT_LITERAL_REQUIRES_RESOURCE,,NO,Baseline Kotlin literal inventory
,하프 닐링 프레스,,SlotCapabilityResolver,app/src/main/java/com/training/trackplanner/data/SlotCapabilityResolver.kt,233,PRODUCTION_UI,DIRECT_LITERAL_REQUIRES_RESOURCE,,NO,Baseline Kotlin literal inventory
,덤벨 숄더프레스,,SlotCapabilityResolver,app/src/main/java/com/training/trackplanner/data/SlotCapabilityResolver.kt,234,PRODUCTION_UI,DIRECT_LITERAL_REQUIRES_RESOURCE,,NO,Baseline Kotlin literal inventory
,케틀벨 프레스,,SlotCapabilityResolver,app/src/main/java/com/training/trackplanner/data/SlotCapabilityResolver.kt,235,PRODUCTION_UI,DIRECT_LITERAL_REQUIRES_RESOURCE,,NO,Baseline Kotlin literal inventory
,케이블 찹,,SlotCapabilityResolver,app/src/main/java/com/training/trackplanner/data/SlotCapabilityResolver.kt,251,PRODUCTION_UI,DIRECT_LITERAL_REQUIRES_RESOURCE,,NO,Baseline Kotlin literal inventory
,케이블 리프트,,SlotCapabilityResolver,app/src/main/java/com/training/trackplanner/data/SlotCapabilityResolver.kt,252,PRODUCTION_UI,DIRECT_LITERAL_REQUIRES_RESOURCE,,NO,Baseline Kotlin literal inventory
,랜드마인 로테이션,,SlotCapabilityResolver,app/src/main/java/com/training/trackplanner/data/SlotCapabilityResolver.kt,253,PRODUCTION_UI,DIRECT_LITERAL_REQUIRES_RESOURCE,,NO,Baseline Kotlin literal inventory
,덤벨 우드찹,,SlotCapabilityResolver,app/src/main/java/com/training/trackplanner/data/SlotCapabilityResolver.kt,254,PRODUCTION_UI,DIRECT_LITERAL_REQUIRES_RESOURCE,,NO,Baseline Kotlin literal inventory
,실패한 운동일: $date,,StrengthPosteriorUpdateService,app/src/main/java/com/training/trackplanner/data/StrengthPosteriorUpdateService.kt,310,PRODUCTION_UI,DIRECT_LITERAL_REQUIRES_RESOURCE,${},NO,Baseline Kotlin literal inventory
,오류 유형: $failedEventCode,,StrengthPosteriorUpdateService,app/src/main/java/com/training/trackplanner/data/StrengthPosteriorUpdateService.kt,311,DEVELOPER_DIAGNOSTIC,DEVELOPER_DIAGNOSTIC,${},NO,Baseline Kotlin literal inventory
,해당 날짜의 posterior event 처리에 실패했지만 추가 메시지가 없습니다.,,StrengthPosteriorUpdateService,app/src/main/java/com/training/trackplanner/data/StrengthPosteriorUpdateService.kt,314,DEVELOPER_DIAGNOSTIC,DEVELOPER_DIAGNOSTIC,,NO,Baseline Kotlin literal inventory
,"
                    UPDATE `initial_user_profiles`
                    SET `sex` = CASE
                        WHEN lower(trim(`gender`)) IN ('male', 'm', '남', '남성') THEN 'MALE'
                        WHEN lower(trim(`gender`)) IN ('female', 'f', '여', '여성') THEN 'FEMALE'
                        ELSE 'UNSPECIFIED'
                    END,
                    `birthYear` = CASE
                        WHEN trim(`birthYearOrAgeRange`) GLOB '[12][0-9][0-9][0-9]'
                             AND CAST(trim(`birthYearOrAgeRange`) AS INTEGER) BETWEEN 1900 AND 2100
                        THEN CAST(trim(`birthYearOrAgeRange`) AS INTEGER)
                        ELSE NULL
                    END,
                    `trainingBreakCategory` = CASE
                        WHEN `breakWeeks` IS NULL OR `breakWeeks` <= 0 THEN 'NONE'
                        WHEN `breakWeeks` <= 1 THEN 'LESS_THAN_1_WEEK'
                        WHEN `breakWeeks` <= 2 THEN 'ONE_TO_TWO_WEEKS'
                        WHEN `breakWeeks` <= 4 THEN 'THREE_TO_FOUR_WEEKS'
                        WHEN `breakWeeks` <= 8 THEN 'FIVE_TO_EIGHT_WEEKS'
                        ELSE 'MORE_THAN_EIGHT_WEEKS'
                    END,
                    `trainingBreakReason` = CASE
                        WHEN `breakDueToPain` = 1 THEN 'PAIN_OR_INJURY'
                        ELSE 'NONE'
                    END,
                    `usualSleepHours` = `typicalSleepHours`,
                    `currentCondition` = `currentMood`
                    ",,TrainingDatabase,app/src/main/java/com/training/trackplanner/data/TrainingDatabase.kt,223,PRODUCTION_UI,DIRECT_LITERAL_REQUIRES_RESOURCE,,NO,Baseline Kotlin literal inventory
,진단 보고서 파일을 열 수 없습니다.,,TrainingRepository,app/src/main/java/com/training/trackplanner/data/TrainingRepository.kt,449,DEVELOPER_DIAGNOSTIC,DEVELOPER_DIAGNOSTIC,,NO,Baseline Kotlin literal inventory
,근력운동,,TrainingRepository,app/src/main/java/com/training/trackplanner/data/TrainingRepository.kt,825,DEVELOPER_DIAGNOSTIC,DEVELOPER_DIAGNOSTIC,,NO,Baseline Kotlin literal inventory
,남,,TrainingRepository,app/src/main/java/com/training/trackplanner/data/TrainingRepository.kt,1014,PRODUCTION_UI,DIRECT_LITERAL_REQUIRES_RESOURCE,,NO,Baseline Kotlin literal inventory
,남성,,TrainingRepository,app/src/main/java/com/training/trackplanner/data/TrainingRepository.kt,1014,PRODUCTION_UI,DIRECT_LITERAL_REQUIRES_RESOURCE,,NO,Baseline Kotlin literal inventory
,여,,TrainingRepository,app/src/main/java/com/training/trackplanner/data/TrainingRepository.kt,1015,PRODUCTION_UI,DIRECT_LITERAL_REQUIRES_RESOURCE,,NO,Baseline Kotlin literal inventory
,여성,,TrainingRepository,app/src/main/java/com/training/trackplanner/data/TrainingRepository.kt,1015,PRODUCTION_UI,DIRECT_LITERAL_REQUIRES_RESOURCE,,NO,Baseline Kotlin literal inventory
,반년,,TrainingRepository,app/src/main/java/com/training/trackplanner/data/TrainingRepository.kt,1021,PRODUCTION_UI,DIRECT_LITERAL_REQUIRES_RESOURCE,,NO,Baseline Kotlin literal inventory
,배드민턴,,TrainingRepository,app/src/main/java/com/training/trackplanner/data/TrainingRepository.kt,1038,PRODUCTION_UI,DIRECT_LITERAL_REQUIRES_RESOURCE,,NO,Baseline Kotlin literal inventory
,근력,,TrainingRepository,app/src/main/java/com/training/trackplanner/data/TrainingRepository.kt,1039,PRODUCTION_UI,DIRECT_LITERAL_REQUIRES_RESOURCE,,NO,Baseline Kotlin literal inventory
,유지,,TrainingRepository,app/src/main/java/com/training/trackplanner/data/TrainingRepository.kt,1039,PRODUCTION_UI,DIRECT_LITERAL_REQUIRES_RESOURCE,,NO,Baseline Kotlin literal inventory
,근력,,TrainingRepository,app/src/main/java/com/training/trackplanner/data/TrainingRepository.kt,1040,PRODUCTION_UI,DIRECT_LITERAL_REQUIRES_RESOURCE,,NO,Baseline Kotlin literal inventory
,근비대,,TrainingRepository,app/src/main/java/com/training/trackplanner/data/TrainingRepository.kt,1041,PRODUCTION_UI,DIRECT_LITERAL_REQUIRES_RESOURCE,,NO,Baseline Kotlin literal inventory
,체형,,TrainingRepository,app/src/main/java/com/training/trackplanner/data/TrainingRepository.kt,1041,PRODUCTION_UI,DIRECT_LITERAL_REQUIRES_RESOURCE,,NO,Baseline Kotlin literal inventory
,회복,,TrainingRepository,app/src/main/java/com/training/trackplanner/data/TrainingRepository.kt,1042,PRODUCTION_UI,DIRECT_LITERAL_REQUIRES_RESOURCE,,NO,Baseline Kotlin literal inventory
,부상,,TrainingRepository,app/src/main/java/com/training/trackplanner/data/TrainingRepository.kt,1042,PRODUCTION_UI,DIRECT_LITERAL_REQUIRES_RESOURCE,,NO,Baseline Kotlin literal inventory
,체중,,TrainingRepository,app/src/main/java/com/training/trackplanner/data/TrainingRepository.kt,1043,PRODUCTION_UI,DIRECT_LITERAL_REQUIRES_RESOURCE,,NO,Baseline Kotlin literal inventory
,유산소운동,,TrainingRepository,app/src/main/java/com/training/trackplanner/data/TrainingRepository.kt,1094,NON_DISPLAY_IDENTIFIER,NON_DISPLAY_IDENTIFIER,,NO,Baseline Kotlin literal inventory
,스포츠,,TrainingRepository,app/src/main/java/com/training/trackplanner/data/TrainingRepository.kt,1095,NON_DISPLAY_IDENTIFIER,NON_DISPLAY_IDENTIFIER,,NO,Baseline Kotlin literal inventory
,기능성운동,,TrainingRepository,app/src/main/java/com/training/trackplanner/data/TrainingRepository.kt,1096,NON_DISPLAY_IDENTIFIER,NON_DISPLAY_IDENTIFIER,,NO,Baseline Kotlin literal inventory
,유산소운동,,TrainingRepository,app/src/main/java/com/training/trackplanner/data/TrainingRepository.kt,1102,PRODUCTION_UI,DIRECT_LITERAL_REQUIRES_RESOURCE,,NO,Baseline Kotlin literal inventory
,스포츠,,TrainingRepository,app/src/main/java/com/training/trackplanner/data/TrainingRepository.kt,1103,PRODUCTION_UI,DIRECT_LITERAL_REQUIRES_RESOURCE,,NO,Baseline Kotlin literal inventory
,기능성운동,,TrainingRepository,app/src/main/java/com/training/trackplanner/data/TrainingRepository.kt,1104,PRODUCTION_UI,DIRECT_LITERAL_REQUIRES_RESOURCE,,NO,Baseline Kotlin literal inventory
,유산소운동,,TrainingRepository,app/src/main/java/com/training/trackplanner/data/TrainingRepository.kt,1110,PRODUCTION_UI,DIRECT_LITERAL_REQUIRES_RESOURCE,,NO,Baseline Kotlin literal inventory
,스포츠,,TrainingRepository,app/src/main/java/com/training/trackplanner/data/TrainingRepository.kt,1110,PRODUCTION_UI,DIRECT_LITERAL_REQUIRES_RESOURCE,,NO,Baseline Kotlin literal inventory
,기능성운동,,TrainingRepository,app/src/main/java/com/training/trackplanner/data/TrainingRepository.kt,1111,PRODUCTION_UI,DIRECT_LITERAL_REQUIRES_RESOURCE,,NO,Baseline Kotlin literal inventory
,유산소운동,,TrainingRepository,app/src/main/java/com/training/trackplanner/data/TrainingRepository.kt,1117,PRODUCTION_UI,DIRECT_LITERAL_REQUIRES_RESOURCE,,NO,Baseline Kotlin literal inventory
,스포츠,,TrainingRepository,app/src/main/java/com/training/trackplanner/data/TrainingRepository.kt,1117,PRODUCTION_UI,DIRECT_LITERAL_REQUIRES_RESOURCE,,NO,Baseline Kotlin literal inventory
,기능성운동,,TrainingRepository,app/src/main/java/com/training/trackplanner/data/TrainingRepository.kt,1118,PRODUCTION_UI,DIRECT_LITERAL_REQUIRES_RESOURCE,,NO,Baseline Kotlin literal inventory
,스포츠,,TrainingRepository,app/src/main/java/com/training/trackplanner/data/TrainingRepository.kt,1124,PRODUCTION_UI,DIRECT_LITERAL_REQUIRES_RESOURCE,,NO,Baseline Kotlin literal inventory
,기능성운동,,TrainingRepository,app/src/main/java/com/training/trackplanner/data/TrainingRepository.kt,1124,PRODUCTION_UI,DIRECT_LITERAL_REQUIRES_RESOURCE,,NO,Baseline Kotlin literal inventory
,^\d+\s*(세트|sets?|set)?\s*[xX×]\s*\d+\s*(회|reps?)?(\s*@\s*\d+(\.\d+)?\s*kg)?$,,TrainingRepository,app/src/main/java/com/training/trackplanner/data/TrainingRepository.kt,1247,PRODUCTION_UI,DIRECT_LITERAL_REQUIRES_RESOURCE,,NO,Baseline Kotlin literal inventory
,^\d+\s*(초|분)\s*[xX×]\s*\d+\s*(세트|sets?)$,,TrainingRepository,app/src/main/java/com/training/trackplanner/data/TrainingRepository.kt,1248,PRODUCTION_UI,DIRECT_LITERAL_REQUIRES_RESOURCE,,NO,Baseline Kotlin literal inventory
,^\d+\s*(세트|sets?)\s*[xX×]\s*\d+\s*(초|분)$,,TrainingRepository,app/src/main/java/com/training/trackplanner/data/TrainingRepository.kt,1249,PRODUCTION_UI,DIRECT_LITERAL_REQUIRES_RESOURCE,,NO,Baseline Kotlin literal inventory
,^\d+\s*(회|reps?)\s*[xX×]\s*\d+\s*(세트|sets?)$,,TrainingRepository,app/src/main/java/com/training/trackplanner/data/TrainingRepository.kt,1250,PRODUCTION_UI,DIRECT_LITERAL_REQUIRES_RESOURCE,,NO,Baseline Kotlin literal inventory
,배드민턴 웨이트 보조 4주,,TrainingRepository,app/src/main/java/com/training/trackplanner/data/TrainingRepository.kt,1363,PRODUCTION_UI,DIRECT_LITERAL_REQUIRES_RESOURCE,,NO,Baseline Kotlin literal inventory
,배드민턴 보조 4주,,TrainingRepository,app/src/main/java/com/training/trackplanner/data/TrainingRepository.kt,1363,PRODUCTION_UI,DIRECT_LITERAL_REQUIRES_RESOURCE,,NO,Baseline Kotlin literal inventory
,전체,,ExerciseScreen,app/src/main/java/com/training/trackplanner/ExerciseScreen.kt,39,PRODUCTION_UI,DIRECT_LITERAL_REQUIRES_RESOURCE,,NO,Baseline Kotlin literal inventory
,전체,,ExerciseScreen,app/src/main/java/com/training/trackplanner/ExerciseScreen.kt,57,PRODUCTION_UI,DIRECT_LITERAL_REQUIRES_RESOURCE,,NO,Baseline Kotlin literal inventory
,전체,,ExerciseScreen,app/src/main/java/com/training/trackplanner/ExerciseScreen.kt,61,PRODUCTION_UI,DIRECT_LITERAL_REQUIRES_RESOURCE,,NO,Baseline Kotlin literal inventory
,운동 삭제,,ExerciseScreen,app/src/main/java/com/training/trackplanner/ExerciseScreen.kt,99,NON_DISPLAY_IDENTIFIER,NON_DISPLAY_IDENTIFIER,,NO,Baseline Kotlin literal inventory
,기존 기록이나 프로그램에서 쓰인 운동은 삭제되지 않습니다. 그 경우 숨김을 사용하세요.,,ExerciseScreen,app/src/main/java/com/training/trackplanner/ExerciseScreen.kt,100,NON_DISPLAY_IDENTIFIER,NON_DISPLAY_IDENTIFIER,,NO,Baseline Kotlin literal inventory
,운동을 삭제했습니다.,,ExerciseScreen,app/src/main/java/com/training/trackplanner/ExerciseScreen.kt,106,NON_DISPLAY_IDENTIFIER,NON_DISPLAY_IDENTIFIER,,NO,Baseline Kotlin literal inventory
,삭제하지 않았습니다. 기본 운동이거나 기록에서 사용 중이면 숨김을 사용하세요.,,ExerciseScreen,app/src/main/java/com/training/trackplanner/ExerciseScreen.kt,108,NON_DISPLAY_IDENTIFIER,NON_DISPLAY_IDENTIFIER,,NO,Baseline Kotlin literal inventory
,삭제,,ExerciseScreen,app/src/main/java/com/training/trackplanner/ExerciseScreen.kt,114,PRODUCTION_UI,DIRECT_LITERAL_REQUIRES_RESOURCE,,NO,Baseline Kotlin literal inventory
,취소,,ExerciseScreen,app/src/main/java/com/training/trackplanner/ExerciseScreen.kt,119,NON_DISPLAY_IDENTIFIER,NON_DISPLAY_IDENTIFIER,,NO,Baseline Kotlin literal inventory
,운동과 런타임 메타데이터를 저장했습니다.,,ExerciseScreen,app/src/main/java/com/training/trackplanner/ExerciseScreen.kt,144,PRODUCTION_UI,DIRECT_LITERAL_REQUIRES_RESOURCE,,NO,Baseline Kotlin literal inventory
,운동을 저장하지 못했습니다.,,ExerciseScreen,app/src/main/java/com/training/trackplanner/ExerciseScreen.kt,147,NON_DISPLAY_IDENTIFIER,NON_DISPLAY_IDENTIFIER,,NO,Baseline Kotlin literal inventory
,메타데이터 기본값으로 되돌렸습니다.,,ExerciseScreen,app/src/main/java/com/training/trackplanner/ExerciseScreen.kt,154,NON_DISPLAY_IDENTIFIER,NON_DISPLAY_IDENTIFIER,,NO,Baseline Kotlin literal inventory
,메타데이터를 되돌리지 못했습니다.,,ExerciseScreen,app/src/main/java/com/training/trackplanner/ExerciseScreen.kt,157,PRODUCTION_UI,DIRECT_LITERAL_REQUIRES_RESOURCE,,NO,Baseline Kotlin literal inventory
,운동,,ExerciseScreen,app/src/main/java/com/training/trackplanner/ExerciseScreen.kt,171,PRODUCTION_UI,DIRECT_LITERAL_REQUIRES_RESOURCE,,NO,Baseline Kotlin literal inventory
,운동 목록과 기본 기록 방식을 확인합니다.,,ExerciseScreen,app/src/main/java/com/training/trackplanner/ExerciseScreen.kt,172,PRODUCTION_UI,DIRECT_LITERAL_REQUIRES_RESOURCE,,NO,Baseline Kotlin literal inventory
,검색,,ExerciseScreen,app/src/main/java/com/training/trackplanner/ExerciseScreen.kt,180,PRODUCTION_UI,DIRECT_LITERAL_REQUIRES_RESOURCE,,NO,Baseline Kotlin literal inventory
,전체,,ExerciseScreen,app/src/main/java/com/training/trackplanner/ExerciseScreen.kt,199,PRODUCTION_UI,DIRECT_LITERAL_REQUIRES_RESOURCE,,NO,Baseline Kotlin literal inventory
,세부 분류,,ExerciseScreen,app/src/main/java/com/training/trackplanner/ExerciseScreen.kt,217,PRODUCTION_UI,DIRECT_LITERAL_REQUIRES_RESOURCE,,NO,Baseline Kotlin literal inventory
,운동 추가,,ExerciseScreen,app/src/main/java/com/training/trackplanner/ExerciseScreen.kt,223,PRODUCTION_UI,DIRECT_LITERAL_REQUIRES_RESOURCE,,NO,Baseline Kotlin literal inventory
,관리 종료,,ExerciseScreen,app/src/main/java/com/training/trackplanner/ExerciseScreen.kt,226,PRODUCTION_UI,DIRECT_LITERAL_REQUIRES_RESOURCE,,NO,Baseline Kotlin literal inventory
,운동 목록 관리,,ExerciseScreen,app/src/main/java/com/training/trackplanner/ExerciseScreen.kt,226,PRODUCTION_UI,DIRECT_LITERAL_REQUIRES_RESOURCE,,NO,Baseline Kotlin literal inventory
,숨김 보기,,ExerciseScreen,app/src/main/java/com/training/trackplanner/ExerciseScreen.kt,232,PRODUCTION_UI,DIRECT_LITERAL_REQUIRES_RESOURCE,,NO,Baseline Kotlin literal inventory
,${count}개,,ExerciseScreen,app/src/main/java/com/training/trackplanner/ExerciseScreen.kt,250,NON_DISPLAY_IDENTIFIER,NON_DISPLAY_IDENTIFIER,${},REVIEW,Baseline Kotlin literal inventory
,운동을 숨겼습니다.,,ExerciseScreen,app/src/main/java/com/training/trackplanner/ExerciseScreen.kt,267,NON_DISPLAY_IDENTIFIER,NON_DISPLAY_IDENTIFIER,,NO,Baseline Kotlin literal inventory
,운동 숨김을 해제했습니다.,,ExerciseScreen,app/src/main/java/com/training/trackplanner/ExerciseScreen.kt,269,NON_DISPLAY_IDENTIFIER,NON_DISPLAY_IDENTIFIER,,NO,Baseline Kotlin literal inventory
,숨김,,ExerciseScreen,app/src/main/java/com/training/trackplanner/ExerciseScreen.kt,273,PRODUCTION_UI,DIRECT_LITERAL_REQUIRES_RESOURCE,,NO,Baseline Kotlin literal inventory
,숨김 해제,,ExerciseScreen,app/src/main/java/com/training/trackplanner/ExerciseScreen.kt,273,NON_DISPLAY_IDENTIFIER,NON_DISPLAY_IDENTIFIER,,NO,Baseline Kotlin literal inventory
,삭제,,ExerciseScreen,app/src/main/java/com/training/trackplanner/ExerciseScreen.kt,276,NON_DISPLAY_IDENTIFIER,NON_DISPLAY_IDENTIFIER,,NO,Baseline Kotlin literal inventory
,수정,,ExerciseScreen,app/src/main/java/com/training/trackplanner/ExerciseScreen.kt,281,NON_DISPLAY_IDENTIFIER,NON_DISPLAY_IDENTIFIER,,NO,Baseline Kotlin literal inventory
,근력운동,,ExerciseSubcategoryMapper,app/src/main/java/com/training/trackplanner/ExerciseSubcategoryMapper.kt,12,PRODUCTION_UI,DIRECT_LITERAL_REQUIRES_RESOURCE,,NO,Baseline Kotlin literal inventory
,가슴 / 푸시,,ExerciseSubcategoryMapper,app/src/main/java/com/training/trackplanner/ExerciseSubcategoryMapper.kt,12,PRODUCTION_UI,DIRECT_LITERAL_REQUIRES_RESOURCE,,NO,Baseline Kotlin literal inventory
,근력운동,,ExerciseSubcategoryMapper,app/src/main/java/com/training/trackplanner/ExerciseSubcategoryMapper.kt,13,PRODUCTION_UI,DIRECT_LITERAL_REQUIRES_RESOURCE,,NO,Baseline Kotlin literal inventory
,등 / 풀,,ExerciseSubcategoryMapper,app/src/main/java/com/training/trackplanner/ExerciseSubcategoryMapper.kt,13,PRODUCTION_UI,DIRECT_LITERAL_REQUIRES_RESOURCE,,NO,Baseline Kotlin literal inventory
,근력운동,,ExerciseSubcategoryMapper,app/src/main/java/com/training/trackplanner/ExerciseSubcategoryMapper.kt,14,PRODUCTION_UI,DIRECT_LITERAL_REQUIRES_RESOURCE,,NO,Baseline Kotlin literal inventory
,어깨,,ExerciseSubcategoryMapper,app/src/main/java/com/training/trackplanner/ExerciseSubcategoryMapper.kt,14,PRODUCTION_UI,DIRECT_LITERAL_REQUIRES_RESOURCE,,NO,Baseline Kotlin literal inventory
,근력운동,,ExerciseSubcategoryMapper,app/src/main/java/com/training/trackplanner/ExerciseSubcategoryMapper.kt,15,PRODUCTION_UI,DIRECT_LITERAL_REQUIRES_RESOURCE,,NO,Baseline Kotlin literal inventory
,팔,,ExerciseSubcategoryMapper,app/src/main/java/com/training/trackplanner/ExerciseSubcategoryMapper.kt,15,PRODUCTION_UI,DIRECT_LITERAL_REQUIRES_RESOURCE,,NO,Baseline Kotlin literal inventory
,근력운동,,ExerciseSubcategoryMapper,app/src/main/java/com/training/trackplanner/ExerciseSubcategoryMapper.kt,16,PRODUCTION_UI,DIRECT_LITERAL_REQUIRES_RESOURCE,,NO,Baseline Kotlin literal inventory
,스쿼트 / 대퇴사두,,ExerciseSubcategoryMapper,app/src/main/java/com/training/trackplanner/ExerciseSubcategoryMapper.kt,16,PRODUCTION_UI,DIRECT_LITERAL_REQUIRES_RESOURCE,,NO,Baseline Kotlin literal inventory
,근력운동,,ExerciseSubcategoryMapper,app/src/main/java/com/training/trackplanner/ExerciseSubcategoryMapper.kt,17,PRODUCTION_UI,DIRECT_LITERAL_REQUIRES_RESOURCE,,NO,Baseline Kotlin literal inventory
,힌지 / 후면사슬,,ExerciseSubcategoryMapper,app/src/main/java/com/training/trackplanner/ExerciseSubcategoryMapper.kt,17,PRODUCTION_UI,DIRECT_LITERAL_REQUIRES_RESOURCE,,NO,Baseline Kotlin literal inventory
,근력운동,,ExerciseSubcategoryMapper,app/src/main/java/com/training/trackplanner/ExerciseSubcategoryMapper.kt,18,PRODUCTION_UI,DIRECT_LITERAL_REQUIRES_RESOURCE,,NO,Baseline Kotlin literal inventory
,편측 하체,,ExerciseSubcategoryMapper,app/src/main/java/com/training/trackplanner/ExerciseSubcategoryMapper.kt,18,PRODUCTION_UI,DIRECT_LITERAL_REQUIRES_RESOURCE,,NO,Baseline Kotlin literal inventory
,근력운동,,ExerciseSubcategoryMapper,app/src/main/java/com/training/trackplanner/ExerciseSubcategoryMapper.kt,19,PRODUCTION_UI,DIRECT_LITERAL_REQUIRES_RESOURCE,,NO,Baseline Kotlin literal inventory
,코어,,ExerciseSubcategoryMapper,app/src/main/java/com/training/trackplanner/ExerciseSubcategoryMapper.kt,19,PRODUCTION_UI,DIRECT_LITERAL_REQUIRES_RESOURCE,,NO,Baseline Kotlin literal inventory
,근력운동,,ExerciseSubcategoryMapper,app/src/main/java/com/training/trackplanner/ExerciseSubcategoryMapper.kt,20,PRODUCTION_UI,DIRECT_LITERAL_REQUIRES_RESOURCE,,NO,Baseline Kotlin literal inventory
,종아리 / 발목,,ExerciseSubcategoryMapper,app/src/main/java/com/training/trackplanner/ExerciseSubcategoryMapper.kt,20,PRODUCTION_UI,DIRECT_LITERAL_REQUIRES_RESOURCE,,NO,Baseline Kotlin literal inventory
,근력운동,,ExerciseSubcategoryMapper,app/src/main/java/com/training/trackplanner/ExerciseSubcategoryMapper.kt,21,PRODUCTION_UI,DIRECT_LITERAL_REQUIRES_RESOURCE,,NO,Baseline Kotlin literal inventory
,기타,,ExerciseSubcategoryMapper,app/src/main/java/com/training/trackplanner/ExerciseSubcategoryMapper.kt,21,PRODUCTION_UI,DIRECT_LITERAL_REQUIRES_RESOURCE,,NO,Baseline Kotlin literal inventory
,기능성운동,,ExerciseSubcategoryMapper,app/src/main/java/com/training/trackplanner/ExerciseSubcategoryMapper.kt,23,PRODUCTION_UI,DIRECT_LITERAL_REQUIRES_RESOURCE,,NO,Baseline Kotlin literal inventory
,가동성,,ExerciseSubcategoryMapper,app/src/main/java/com/training/trackplanner/ExerciseSubcategoryMapper.kt,23,PRODUCTION_UI,DIRECT_LITERAL_REQUIRES_RESOURCE,,NO,Baseline Kotlin literal inventory
,기능성운동,,ExerciseSubcategoryMapper,app/src/main/java/com/training/trackplanner/ExerciseSubcategoryMapper.kt,24,PRODUCTION_UI,DIRECT_LITERAL_REQUIRES_RESOURCE,,NO,Baseline Kotlin literal inventory
,안정성,,ExerciseSubcategoryMapper,app/src/main/java/com/training/trackplanner/ExerciseSubcategoryMapper.kt,24,PRODUCTION_UI,DIRECT_LITERAL_REQUIRES_RESOURCE,,NO,Baseline Kotlin literal inventory
,기능성운동,,ExerciseSubcategoryMapper,app/src/main/java/com/training/trackplanner/ExerciseSubcategoryMapper.kt,25,PRODUCTION_UI,DIRECT_LITERAL_REQUIRES_RESOURCE,,NO,Baseline Kotlin literal inventory
,균형,,ExerciseSubcategoryMapper,app/src/main/java/com/training/trackplanner/ExerciseSubcategoryMapper.kt,25,PRODUCTION_UI,DIRECT_LITERAL_REQUIRES_RESOURCE,,NO,Baseline Kotlin literal inventory
,기능성운동,,ExerciseSubcategoryMapper,app/src/main/java/com/training/trackplanner/ExerciseSubcategoryMapper.kt,26,PRODUCTION_UI,DIRECT_LITERAL_REQUIRES_RESOURCE,,NO,Baseline Kotlin literal inventory
,코어 조절,,ExerciseSubcategoryMapper,app/src/main/java/com/training/trackplanner/ExerciseSubcategoryMapper.kt,26,PRODUCTION_UI,DIRECT_LITERAL_REQUIRES_RESOURCE,,NO,Baseline Kotlin literal inventory
,기능성운동,,ExerciseSubcategoryMapper,app/src/main/java/com/training/trackplanner/ExerciseSubcategoryMapper.kt,27,PRODUCTION_UI,DIRECT_LITERAL_REQUIRES_RESOURCE,,NO,Baseline Kotlin literal inventory
,감속,,ExerciseSubcategoryMapper,app/src/main/java/com/training/trackplanner/ExerciseSubcategoryMapper.kt,27,PRODUCTION_UI,DIRECT_LITERAL_REQUIRES_RESOURCE,,NO,Baseline Kotlin literal inventory
,기능성운동,,ExerciseSubcategoryMapper,app/src/main/java/com/training/trackplanner/ExerciseSubcategoryMapper.kt,28,PRODUCTION_UI,DIRECT_LITERAL_REQUIRES_RESOURCE,,NO,Baseline Kotlin literal inventory
,측면 움직임,,ExerciseSubcategoryMapper,app/src/main/java/com/training/trackplanner/ExerciseSubcategoryMapper.kt,28,PRODUCTION_UI,DIRECT_LITERAL_REQUIRES_RESOURCE,,NO,Baseline Kotlin literal inventory
,기능성운동,,ExerciseSubcategoryMapper,app/src/main/java/com/training/trackplanner/ExerciseSubcategoryMapper.kt,29,PRODUCTION_UI,DIRECT_LITERAL_REQUIRES_RESOURCE,,NO,Baseline Kotlin literal inventory
,회전,,ExerciseSubcategoryMapper,app/src/main/java/com/training/trackplanner/ExerciseSubcategoryMapper.kt,29,PRODUCTION_UI,DIRECT_LITERAL_REQUIRES_RESOURCE,,NO,Baseline Kotlin literal inventory
,기능성운동,,ExerciseSubcategoryMapper,app/src/main/java/com/training/trackplanner/ExerciseSubcategoryMapper.kt,30,PRODUCTION_UI,DIRECT_LITERAL_REQUIRES_RESOURCE,,NO,Baseline Kotlin literal inventory
,풋워크 / 민첩성,,ExerciseSubcategoryMapper,app/src/main/java/com/training/trackplanner/ExerciseSubcategoryMapper.kt,30,PRODUCTION_UI,DIRECT_LITERAL_REQUIRES_RESOURCE,,NO,Baseline Kotlin literal inventory
,기능성운동,,ExerciseSubcategoryMapper,app/src/main/java/com/training/trackplanner/ExerciseSubcategoryMapper.kt,31,PRODUCTION_UI,DIRECT_LITERAL_REQUIRES_RESOURCE,,NO,Baseline Kotlin literal inventory
,플라이오메트릭 / 반응,,ExerciseSubcategoryMapper,app/src/main/java/com/training/trackplanner/ExerciseSubcategoryMapper.kt,31,PRODUCTION_UI,DIRECT_LITERAL_REQUIRES_RESOURCE,,NO,Baseline Kotlin literal inventory
,기능성운동,,ExerciseSubcategoryMapper,app/src/main/java/com/training/trackplanner/ExerciseSubcategoryMapper.kt,32,PRODUCTION_UI,DIRECT_LITERAL_REQUIRES_RESOURCE,,NO,Baseline Kotlin literal inventory
,어깨 / 견갑 관리,,ExerciseSubcategoryMapper,app/src/main/java/com/training/trackplanner/ExerciseSubcategoryMapper.kt,32,PRODUCTION_UI,DIRECT_LITERAL_REQUIRES_RESOURCE,,NO,Baseline Kotlin literal inventory
,기능성운동,,ExerciseSubcategoryMapper,app/src/main/java/com/training/trackplanner/ExerciseSubcategoryMapper.kt,33,PRODUCTION_UI,DIRECT_LITERAL_REQUIRES_RESOURCE,,NO,Baseline Kotlin literal inventory
,그립 / 전완,,ExerciseSubcategoryMapper,app/src/main/java/com/training/trackplanner/ExerciseSubcategoryMapper.kt,33,PRODUCTION_UI,DIRECT_LITERAL_REQUIRES_RESOURCE,,NO,Baseline Kotlin literal inventory
,기능성운동,,ExerciseSubcategoryMapper,app/src/main/java/com/training/trackplanner/ExerciseSubcategoryMapper.kt,34,PRODUCTION_UI,DIRECT_LITERAL_REQUIRES_RESOURCE,,NO,Baseline Kotlin literal inventory
,회복 / 저부하 보강,,ExerciseSubcategoryMapper,app/src/main/java/com/training/trackplanner/ExerciseSubcategoryMapper.kt,34,PRODUCTION_UI,DIRECT_LITERAL_REQUIRES_RESOURCE,,NO,Baseline Kotlin literal inventory
,기능성운동,,ExerciseSubcategoryMapper,app/src/main/java/com/training/trackplanner/ExerciseSubcategoryMapper.kt,35,PRODUCTION_UI,DIRECT_LITERAL_REQUIRES_RESOURCE,,NO,Baseline Kotlin literal inventory
,기타,,ExerciseSubcategoryMapper,app/src/main/java/com/training/trackplanner/ExerciseSubcategoryMapper.kt,35,PRODUCTION_UI,DIRECT_LITERAL_REQUIRES_RESOURCE,,NO,Baseline Kotlin literal inventory
,오늘 컨디션,,HomeDailyCheckInCard,app/src/main/java/com/training/trackplanner/HomeDailyCheckInCard.kt,50,PRODUCTION_UI,DIRECT_LITERAL_REQUIRES_RESOURCE,,NO,Baseline Kotlin literal inventory
,아직 입력하지 않았습니다.,,HomeDailyCheckInCard,app/src/main/java/com/training/trackplanner/HomeDailyCheckInCard.kt,52,PRODUCTION_UI,DIRECT_LITERAL_REQUIRES_RESOURCE,,NO,Baseline Kotlin literal inventory
,입력,,HomeDailyCheckInCard,app/src/main/java/com/training/trackplanner/HomeDailyCheckInCard.kt,58,PRODUCTION_UI,DIRECT_LITERAL_REQUIRES_RESOURCE,,NO,Baseline Kotlin literal inventory
,수정,,HomeDailyCheckInCard,app/src/main/java/com/training/trackplanner/HomeDailyCheckInCard.kt,58,PRODUCTION_UI,DIRECT_LITERAL_REQUIRES_RESOURCE,,NO,Baseline Kotlin literal inventory
,운동 부하와 함께 코치 분석에 반영되는 훈련 조절 참고 신호입니다.,,HomeDailyCheckInCard,app/src/main/java/com/training/trackplanner/HomeDailyCheckInCard.kt,116,PRODUCTION_UI,DIRECT_LITERAL_REQUIRES_RESOURCE,,NO,Baseline Kotlin literal inventory
,수면시간,,HomeDailyCheckInCard,app/src/main/java/com/training/trackplanner/HomeDailyCheckInCard.kt,123,PRODUCTION_UI,DIRECT_LITERAL_REQUIRES_RESOURCE,,NO,Baseline Kotlin literal inventory
,시간,,HomeDailyCheckInCard,app/src/main/java/com/training/trackplanner/HomeDailyCheckInCard.kt,124,PRODUCTION_UI,DIRECT_LITERAL_REQUIRES_RESOURCE,,NO,Baseline Kotlin literal inventory
,0~24 사이의 숫자를 입력하세요.,,HomeDailyCheckInCard,app/src/main/java/com/training/trackplanner/HomeDailyCheckInCard.kt,128,PRODUCTION_UI,DIRECT_LITERAL_REQUIRES_RESOURCE,,NO,Baseline Kotlin literal inventory
,몸무게(kg),,HomeDailyCheckInCard,app/src/main/java/com/training/trackplanner/HomeDailyCheckInCard.kt,137,ACCESSIBILITY,DIRECT_LITERAL_REQUIRES_RESOURCE,,NO,Baseline Kotlin literal inventory
,몸무게,,HomeDailyCheckInCard,app/src/main/java/com/training/trackplanner/HomeDailyCheckInCard.kt,138,ACCESSIBILITY,DIRECT_LITERAL_REQUIRES_RESOURCE,,NO,Baseline Kotlin literal inventory
,0보다 큰 숫자를 입력하세요.,,HomeDailyCheckInCard,app/src/main/java/com/training/trackplanner/HomeDailyCheckInCard.kt,143,PRODUCTION_UI,DIRECT_LITERAL_REQUIRES_RESOURCE,,NO,Baseline Kotlin literal inventory
,전신 피로,,HomeDailyCheckInCard,app/src/main/java/com/training/trackplanner/HomeDailyCheckInCard.kt,147,PRODUCTION_UI,DIRECT_LITERAL_REQUIRES_RESOURCE,,NO,Baseline Kotlin literal inventory
,하체 피로,,HomeDailyCheckInCard,app/src/main/java/com/training/trackplanner/HomeDailyCheckInCard.kt,148,PRODUCTION_UI,DIRECT_LITERAL_REQUIRES_RESOURCE,,NO,Baseline Kotlin literal inventory
,관절/건 불편감,,HomeDailyCheckInCard,app/src/main/java/com/training/trackplanner/HomeDailyCheckInCard.kt,149,PRODUCTION_UI,DIRECT_LITERAL_REQUIRES_RESOURCE,,NO,Baseline Kotlin literal inventory
,집중력/의욕,,HomeDailyCheckInCard,app/src/main/java/com/training/trackplanner/HomeDailyCheckInCard.kt,150,PRODUCTION_UI,DIRECT_LITERAL_REQUIRES_RESOURCE,,NO,Baseline Kotlin literal inventory
,"피로·불편감은 1이 낮음, 5가 높음입니다. 집중력/의욕은 5가 좋음입니다.",,HomeDailyCheckInCard,app/src/main/java/com/training/trackplanner/HomeDailyCheckInCard.kt,152,PRODUCTION_UI,DIRECT_LITERAL_REQUIRES_RESOURCE,,NO,Baseline Kotlin literal inventory
,저장,,HomeDailyCheckInCard,app/src/main/java/com/training/trackplanner/HomeDailyCheckInCard.kt,174,PRODUCTION_UI,DIRECT_LITERAL_REQUIRES_RESOURCE,,NO,Baseline Kotlin literal inventory
,취소,,HomeDailyCheckInCard,app/src/main/java/com/training/trackplanner/HomeDailyCheckInCard.kt,176,PRODUCTION_UI,DIRECT_LITERAL_REQUIRES_RESOURCE,,NO,Baseline Kotlin literal inventory
,수면 ${formatConditionNumber(it)}시간,,HomeDailyCheckInCard,app/src/main/java/com/training/trackplanner/HomeDailyCheckInCard.kt,197,PRODUCTION_UI,DIRECT_LITERAL_REQUIRES_RESOURCE,${},NO,Baseline Kotlin literal inventory
,몸무게 ${formatConditionNumber(it)}kg,,HomeDailyCheckInCard,app/src/main/java/com/training/trackplanner/HomeDailyCheckInCard.kt,198,PRODUCTION_UI,DIRECT_LITERAL_REQUIRES_RESOURCE,${},NO,Baseline Kotlin literal inventory
,전신 $it,,HomeDailyCheckInCard,app/src/main/java/com/training/trackplanner/HomeDailyCheckInCard.kt,199,PRODUCTION_UI,DIRECT_LITERAL_REQUIRES_RESOURCE,${},NO,Baseline Kotlin literal inventory
,하체 $it,,HomeDailyCheckInCard,app/src/main/java/com/training/trackplanner/HomeDailyCheckInCard.kt,200,PRODUCTION_UI,DIRECT_LITERAL_REQUIRES_RESOURCE,${},NO,Baseline Kotlin literal inventory
,불편감 $it,,HomeDailyCheckInCard,app/src/main/java/com/training/trackplanner/HomeDailyCheckInCard.kt,201,PRODUCTION_UI,DIRECT_LITERAL_REQUIRES_RESOURCE,${},NO,Baseline Kotlin literal inventory
,집중/의욕 $it,,HomeDailyCheckInCard,app/src/main/java/com/training/trackplanner/HomeDailyCheckInCard.kt,202,PRODUCTION_UI,DIRECT_LITERAL_REQUIRES_RESOURCE,${},NO,Baseline Kotlin literal inventory
,입력값 없음,,HomeDailyCheckInCard,app/src/main/java/com/training/trackplanner/HomeDailyCheckInCard.kt,203,PRODUCTION_UI,DIRECT_LITERAL_REQUIRES_RESOURCE,,NO,Baseline Kotlin literal inventory
,오늘 컨디션 입력,,HomeDailyCheckInCard,app/src/main/java/com/training/trackplanner/HomeDailyCheckInCard.kt,210,PRODUCTION_UI,DIRECT_LITERAL_REQUIRES_RESOURCE,,NO,Baseline Kotlin literal inventory
,${targetDate.monthValue}월 ${targetDate.dayOfMonth}일 컨디션 입력,,HomeDailyCheckInCard,app/src/main/java/com/training/trackplanner/HomeDailyCheckInCard.kt,212,PRODUCTION_UI,DIRECT_LITERAL_REQUIRES_RESOURCE,${},NO,Baseline Kotlin literal inventory
,오늘 무엇을 할까요?,,HomeScreen,app/src/main/java/com/training/trackplanner/HomeScreen.kt,100,PRODUCTION_UI,DIRECT_LITERAL_REQUIRES_RESOURCE,,NO,Baseline Kotlin literal inventory
,오늘 운동 기록하기,,HomeScreen,app/src/main/java/com/training/trackplanner/HomeScreen.kt,393,PRODUCTION_UI,DIRECT_LITERAL_REQUIRES_RESOURCE,,NO,Baseline Kotlin literal inventory
,오늘 계획과 수행 기록을 바로 확인합니다.,,HomeScreen,app/src/main/java/com/training/trackplanner/HomeScreen.kt,394,PRODUCTION_UI,DIRECT_LITERAL_REQUIRES_RESOURCE,,NO,Baseline Kotlin literal inventory
,프로그램으로 시작하기,,HomeScreen,app/src/main/java/com/training/trackplanner/HomeScreen.kt,400,PRODUCTION_UI,DIRECT_LITERAL_REQUIRES_RESOURCE,,NO,Baseline Kotlin literal inventory
,프로그램을 선택해 날짜별 계획을 만듭니다.,,HomeScreen,app/src/main/java/com/training/trackplanner/HomeScreen.kt,401,PRODUCTION_UI,DIRECT_LITERAL_REQUIRES_RESOURCE,,NO,Baseline Kotlin literal inventory
,오늘 요약,,HomeScreen,app/src/main/java/com/training/trackplanner/HomeScreen.kt,487,PRODUCTION_UI,DIRECT_LITERAL_REQUIRES_RESOURCE,,NO,Baseline Kotlin literal inventory
,"현재 상태
",,HomeScreen,app/src/main/java/com/training/trackplanner/HomeScreen.kt,493,PRODUCTION_UI,DIRECT_LITERAL_REQUIRES_RESOURCE,,NO,Baseline Kotlin literal inventory
,현재 상태: ,,HomeScreen,app/src/main/java/com/training/trackplanner/HomeScreen.kt,498,PRODUCTION_UI,DIRECT_LITERAL_REQUIRES_RESOURCE,,NO,Baseline Kotlin literal inventory
,판단: $action,,HomeScreen,app/src/main/java/com/training/trackplanner/HomeScreen.kt,539,PRODUCTION_UI,DIRECT_LITERAL_REQUIRES_RESOURCE,${},NO,Baseline Kotlin literal inventory
,오늘 계획,,HomeScreen,app/src/main/java/com/training/trackplanner/HomeScreen.kt,554,PRODUCTION_UI,DIRECT_LITERAL_REQUIRES_RESOURCE,,NO,Baseline Kotlin literal inventory
,완료 세트,,HomeScreen,app/src/main/java/com/training/trackplanner/HomeScreen.kt,559,PRODUCTION_UI,DIRECT_LITERAL_REQUIRES_RESOURCE,,NO,Baseline Kotlin literal inventory
,미확인 세트,,HomeScreen,app/src/main/java/com/training/trackplanner/HomeScreen.kt,564,PRODUCTION_UI,DIRECT_LITERAL_REQUIRES_RESOURCE,,NO,Baseline Kotlin literal inventory
,최근 훈련량,,HomeScreen,app/src/main/java/com/training/trackplanner/HomeScreen.kt,569,PRODUCTION_UI,DIRECT_LITERAL_REQUIRES_RESOURCE,,NO,Baseline Kotlin literal inventory
,피로도 변화,,HomeScreen,app/src/main/java/com/training/trackplanner/HomeScreen.kt,574,PRODUCTION_UI,DIRECT_LITERAL_REQUIRES_RESOURCE,,NO,Baseline Kotlin literal inventory
,현재,,HomeScreen,app/src/main/java/com/training/trackplanner/HomeScreen.kt,603,PRODUCTION_UI,DIRECT_LITERAL_REQUIRES_RESOURCE,,NO,Baseline Kotlin literal inventory
,끝나면 예상,,HomeScreen,app/src/main/java/com/training/trackplanner/HomeScreen.kt,604,PRODUCTION_UI,DIRECT_LITERAL_REQUIRES_RESOURCE,,NO,Baseline Kotlin literal inventory
,기록 관리,,HomeScreen,app/src/main/java/com/training/trackplanner/HomeScreen.kt,675,PRODUCTION_UI,DIRECT_LITERAL_REQUIRES_RESOURCE,,NO,Baseline Kotlin literal inventory
,기록 백업,,HomeScreen,app/src/main/java/com/training/trackplanner/HomeScreen.kt,684,PRODUCTION_UI,DIRECT_LITERAL_REQUIRES_RESOURCE,,NO,Baseline Kotlin literal inventory
,기록 복원,,HomeScreen,app/src/main/java/com/training/trackplanner/HomeScreen.kt,690,PRODUCTION_UI,DIRECT_LITERAL_REQUIRES_RESOURCE,,NO,Baseline Kotlin literal inventory
,최근 작업 상세 보기,,HomeScreen,app/src/main/java/com/training/trackplanner/HomeScreen.kt,698,PRODUCTION_UI,DIRECT_LITERAL_REQUIRES_RESOURCE,,NO,Baseline Kotlin literal inventory
,최근 작업 상세,,HomeScreen,app/src/main/java/com/training/trackplanner/HomeScreen.kt,727,PRODUCTION_UI,DIRECT_LITERAL_REQUIRES_RESOURCE,,NO,Baseline Kotlin literal inventory
,상세 내용 복사,,HomeScreen,app/src/main/java/com/training/trackplanner/HomeScreen.kt,739,PRODUCTION_UI,DIRECT_LITERAL_REQUIRES_RESOURCE,,NO,Baseline Kotlin literal inventory
,진단 보고서 파일로 저장,,HomeScreen,app/src/main/java/com/training/trackplanner/HomeScreen.kt,745,PRODUCTION_UI,DIRECT_LITERAL_REQUIRES_RESOURCE,,NO,Baseline Kotlin literal inventory
,닫기,,HomeScreen,app/src/main/java/com/training/trackplanner/HomeScreen.kt,748,PRODUCTION_UI,DIRECT_LITERAL_REQUIRES_RESOURCE,,NO,Baseline Kotlin literal inventory
,초기 프로필,,HomeScreen,app/src/main/java/com/training/trackplanner/HomeScreen.kt,769,PRODUCTION_UI,DIRECT_LITERAL_REQUIRES_RESOURCE,,NO,Baseline Kotlin literal inventory
,기록이 적은 기간의 피로 기준을 설정합니다. 건너뛰어도 됩니다.,,HomeScreen,app/src/main/java/com/training/trackplanner/HomeScreen.kt,775,PRODUCTION_UI,DIRECT_LITERAL_REQUIRES_RESOURCE,,NO,Baseline Kotlin literal inventory
,초기 프로필이 저장되어 있습니다. 언제든 수정할 수 있습니다.,,HomeScreen,app/src/main/java/com/training/trackplanner/HomeScreen.kt,777,PRODUCTION_UI,DIRECT_LITERAL_REQUIRES_RESOURCE,,NO,Baseline Kotlin literal inventory
,입력하기,,HomeScreen,app/src/main/java/com/training/trackplanner/HomeScreen.kt,786,PRODUCTION_UI,DIRECT_LITERAL_REQUIRES_RESOURCE,,NO,Baseline Kotlin literal inventory
,수정하기,,HomeScreen,app/src/main/java/com/training/trackplanner/HomeScreen.kt,786,PRODUCTION_UI,DIRECT_LITERAL_REQUIRES_RESOURCE,,NO,Baseline Kotlin literal inventory
,초기 프로필,,InitialProfileDialog,app/src/main/java/com/training/trackplanner/InitialProfileDialog.kt,76,PRODUCTION_UI,DIRECT_LITERAL_REQUIRES_RESOURCE,,NO,Baseline Kotlin literal inventory
,체중 kg,,InitialProfileDialog,app/src/main/java/com/training/trackplanner/InitialProfileDialog.kt,86,PRODUCTION_UI,DIRECT_LITERAL_REQUIRES_RESOURCE,,NO,Baseline Kotlin literal inventory
,키 cm,,InitialProfileDialog,app/src/main/java/com/training/trackplanner/InitialProfileDialog.kt,87,PRODUCTION_UI,DIRECT_LITERAL_REQUIRES_RESOURCE,,NO,Baseline Kotlin literal inventory
,출생연도,,InitialProfileDialog,app/src/main/java/com/training/trackplanner/InitialProfileDialog.kt,92,PRODUCTION_UI,DIRECT_LITERAL_REQUIRES_RESOURCE,,NO,Baseline Kotlin literal inventory
,성별,,InitialProfileDialog,app/src/main/java/com/training/trackplanner/InitialProfileDialog.kt,99,PRODUCTION_UI,DIRECT_LITERAL_REQUIRES_RESOURCE,,NO,Baseline Kotlin literal inventory
,"최근 4주 평균 운동 강도입니다. 1은 매우 쉬움, 10은 한계 수준입니다.",,InitialProfileDialog,app/src/main/java/com/training/trackplanner/InitialProfileDialog.kt,101,PRODUCTION_UI,DIRECT_LITERAL_REQUIRES_RESOURCE,,NO,Baseline Kotlin literal inventory
,근력 주당,,InitialProfileDialog,app/src/main/java/com/training/trackplanner/InitialProfileDialog.kt,103,PRODUCTION_UI,DIRECT_LITERAL_REQUIRES_RESOURCE,,NO,Baseline Kotlin literal inventory
,근력 분,,InitialProfileDialog,app/src/main/java/com/training/trackplanner/InitialProfileDialog.kt,104,PRODUCTION_UI,DIRECT_LITERAL_REQUIRES_RESOURCE,,NO,Baseline Kotlin literal inventory
,근력 평균 RPE,,InitialProfileDialog,app/src/main/java/com/training/trackplanner/InitialProfileDialog.kt,108,PRODUCTION_UI,DIRECT_LITERAL_REQUIRES_RESOURCE,,NO,Baseline Kotlin literal inventory
,배드민턴 주당,,InitialProfileDialog,app/src/main/java/com/training/trackplanner/InitialProfileDialog.kt,115,PRODUCTION_UI,DIRECT_LITERAL_REQUIRES_RESOURCE,,NO,Baseline Kotlin literal inventory
,배드민턴 분,,InitialProfileDialog,app/src/main/java/com/training/trackplanner/InitialProfileDialog.kt,116,PRODUCTION_UI,DIRECT_LITERAL_REQUIRES_RESOURCE,,NO,Baseline Kotlin literal inventory
,근력 경력 년,,InitialProfileDialog,app/src/main/java/com/training/trackplanner/InitialProfileDialog.kt,121,PRODUCTION_UI,DIRECT_LITERAL_REQUIRES_RESOURCE,,NO,Baseline Kotlin literal inventory
,배드민턴 경력 년,,InitialProfileDialog,app/src/main/java/com/training/trackplanner/InitialProfileDialog.kt,122,PRODUCTION_UI,DIRECT_LITERAL_REQUIRES_RESOURCE,,NO,Baseline Kotlin literal inventory
,최근 운동 공백,,InitialProfileDialog,app/src/main/java/com/training/trackplanner/InitialProfileDialog.kt,133,PRODUCTION_UI,DIRECT_LITERAL_REQUIRES_RESOURCE,,NO,Baseline Kotlin literal inventory
,공백 이유,,InitialProfileDialog,app/src/main/java/com/training/trackplanner/InitialProfileDialog.kt,134,PRODUCTION_UI,DIRECT_LITERAL_REQUIRES_RESOURCE,,NO,Baseline Kotlin literal inventory
,스쿼트 kg,,InitialProfileDialog,app/src/main/java/com/training/trackplanner/InitialProfileDialog.kt,137,PRODUCTION_UI,DIRECT_LITERAL_REQUIRES_RESOURCE,,NO,Baseline Kotlin literal inventory
,데드 kg,,InitialProfileDialog,app/src/main/java/com/training/trackplanner/InitialProfileDialog.kt,138,PRODUCTION_UI,DIRECT_LITERAL_REQUIRES_RESOURCE,,NO,Baseline Kotlin literal inventory
,벤치 kg,,InitialProfileDialog,app/src/main/java/com/training/trackplanner/InitialProfileDialog.kt,143,PRODUCTION_UI,DIRECT_LITERAL_REQUIRES_RESOURCE,,NO,Baseline Kotlin literal inventory
,풀업 회,,InitialProfileDialog,app/src/main/java/com/training/trackplanner/InitialProfileDialog.kt,144,PRODUCTION_UI,DIRECT_LITERAL_REQUIRES_RESOURCE,,NO,Baseline Kotlin literal inventory
,풀업 추가 kg,,InitialProfileDialog,app/src/main/java/com/training/trackplanner/InitialProfileDialog.kt,148,PRODUCTION_UI,DIRECT_LITERAL_REQUIRES_RESOURCE,,NO,Baseline Kotlin literal inventory
,평소 수면 h,,InitialProfileDialog,app/src/main/java/com/training/trackplanner/InitialProfileDialog.kt,152,PRODUCTION_UI,DIRECT_LITERAL_REQUIRES_RESOURCE,,NO,Baseline Kotlin literal inventory
,수면질,,InitialProfileDialog,app/src/main/java/com/training/trackplanner/InitialProfileDialog.kt,155,PRODUCTION_UI,DIRECT_LITERAL_REQUIRES_RESOURCE,,NO,Baseline Kotlin literal inventory
,나쁨,,InitialProfileDialog,app/src/main/java/com/training/trackplanner/InitialProfileDialog.kt,155,PRODUCTION_UI,DIRECT_LITERAL_REQUIRES_RESOURCE,,NO,Baseline Kotlin literal inventory
,좋음,,InitialProfileDialog,app/src/main/java/com/training/trackplanner/InitialProfileDialog.kt,155,PRODUCTION_UI,DIRECT_LITERAL_REQUIRES_RESOURCE,,NO,Baseline Kotlin literal inventory
,현재 피로도,,InitialProfileDialog,app/src/main/java/com/training/trackplanner/InitialProfileDialog.kt,156,PRODUCTION_UI,DIRECT_LITERAL_REQUIRES_RESOURCE,,NO,Baseline Kotlin literal inventory
,매우 피곤함,,InitialProfileDialog,app/src/main/java/com/training/trackplanner/InitialProfileDialog.kt,156,PRODUCTION_UI,DIRECT_LITERAL_REQUIRES_RESOURCE,,NO,Baseline Kotlin literal inventory
,매우 가벼움,,InitialProfileDialog,app/src/main/java/com/training/trackplanner/InitialProfileDialog.kt,156,PRODUCTION_UI,DIRECT_LITERAL_REQUIRES_RESOURCE,,NO,Baseline Kotlin literal inventory
,근육통,,InitialProfileDialog,app/src/main/java/com/training/trackplanner/InitialProfileDialog.kt,157,PRODUCTION_UI,DIRECT_LITERAL_REQUIRES_RESOURCE,,NO,Baseline Kotlin literal inventory
,심함,,InitialProfileDialog,app/src/main/java/com/training/trackplanner/InitialProfileDialog.kt,157,PRODUCTION_UI,DIRECT_LITERAL_REQUIRES_RESOURCE,,NO,Baseline Kotlin literal inventory
,없음,,InitialProfileDialog,app/src/main/java/com/training/trackplanner/InitialProfileDialog.kt,157,PRODUCTION_UI,DIRECT_LITERAL_REQUIRES_RESOURCE,,NO,Baseline Kotlin literal inventory
,스트레스,,InitialProfileDialog,app/src/main/java/com/training/trackplanner/InitialProfileDialog.kt,158,PRODUCTION_UI,DIRECT_LITERAL_REQUIRES_RESOURCE,,NO,Baseline Kotlin literal inventory
,높음,,InitialProfileDialog,app/src/main/java/com/training/trackplanner/InitialProfileDialog.kt,158,PRODUCTION_UI,DIRECT_LITERAL_REQUIRES_RESOURCE,,NO,Baseline Kotlin literal inventory
,낮음,,InitialProfileDialog,app/src/main/java/com/training/trackplanner/InitialProfileDialog.kt,158,PRODUCTION_UI,DIRECT_LITERAL_REQUIRES_RESOURCE,,NO,Baseline Kotlin literal inventory
,컨디션,,InitialProfileDialog,app/src/main/java/com/training/trackplanner/InitialProfileDialog.kt,159,PRODUCTION_UI,DIRECT_LITERAL_REQUIRES_RESOURCE,,NO,Baseline Kotlin literal inventory
,나쁨,,InitialProfileDialog,app/src/main/java/com/training/trackplanner/InitialProfileDialog.kt,159,PRODUCTION_UI,DIRECT_LITERAL_REQUIRES_RESOURCE,,NO,Baseline Kotlin literal inventory
,좋음,,InitialProfileDialog,app/src/main/java/com/training/trackplanner/InitialProfileDialog.kt,159,PRODUCTION_UI,DIRECT_LITERAL_REQUIRES_RESOURCE,,NO,Baseline Kotlin literal inventory
,통증/주의 부위,,InitialProfileDialog,app/src/main/java/com/training/trackplanner/InitialProfileDialog.kt,161,PRODUCTION_UI,DIRECT_LITERAL_REQUIRES_RESOURCE,,NO,Baseline Kotlin literal inventory
,피하고 싶은 움직임,,InitialProfileDialog,app/src/main/java/com/training/trackplanner/InitialProfileDialog.kt,164,PRODUCTION_UI,DIRECT_LITERAL_REQUIRES_RESOURCE,,NO,Baseline Kotlin literal inventory
,주요 목표,,InitialProfileDialog,app/src/main/java/com/training/trackplanner/InitialProfileDialog.kt,166,PRODUCTION_UI,DIRECT_LITERAL_REQUIRES_RESOURCE,,NO,Baseline Kotlin literal inventory
,기타 메모,,InitialProfileDialog,app/src/main/java/com/training/trackplanner/InitialProfileDialog.kt,172,PRODUCTION_UI,DIRECT_LITERAL_REQUIRES_RESOURCE,,NO,Baseline Kotlin literal inventory
,출생연도는 1900년부터 올해까지의 4자리 숫자만 저장됩니다.,,InitialProfileDialog,app/src/main/java/com/training/trackplanner/InitialProfileDialog.kt,185,PRODUCTION_UI,DIRECT_LITERAL_REQUIRES_RESOURCE,,NO,Baseline Kotlin literal inventory
,근력 평균 RPE는 1부터 10까지의 숫자만 저장됩니다.,,InitialProfileDialog,app/src/main/java/com/training/trackplanner/InitialProfileDialog.kt,190,PRODUCTION_UI,DIRECT_LITERAL_REQUIRES_RESOURCE,,NO,Baseline Kotlin literal inventory
,저장,,InitialProfileDialog,app/src/main/java/com/training/trackplanner/InitialProfileDialog.kt,243,PRODUCTION_UI,DIRECT_LITERAL_REQUIRES_RESOURCE,,NO,Baseline Kotlin literal inventory
,닫기,,InitialProfileDialog,app/src/main/java/com/training/trackplanner/InitialProfileDialog.kt,248,PRODUCTION_UI,DIRECT_LITERAL_REQUIRES_RESOURCE,,NO,Baseline Kotlin literal inventory
,선택 안 함,,InitialProfileDialog,app/src/main/java/com/training/trackplanner/InitialProfileDialog.kt,443,PRODUCTION_UI,DIRECT_LITERAL_REQUIRES_RESOURCE,,NO,Baseline Kotlin literal inventory
,남성,,InitialProfileDialog,app/src/main/java/com/training/trackplanner/InitialProfileDialog.kt,444,PRODUCTION_UI,DIRECT_LITERAL_REQUIRES_RESOURCE,,NO,Baseline Kotlin literal inventory
,여성,,InitialProfileDialog,app/src/main/java/com/training/trackplanner/InitialProfileDialog.kt,445,PRODUCTION_UI,DIRECT_LITERAL_REQUIRES_RESOURCE,,NO,Baseline Kotlin literal inventory
,없음,,InitialProfileDialog,app/src/main/java/com/training/trackplanner/InitialProfileDialog.kt,448,PRODUCTION_UI,DIRECT_LITERAL_REQUIRES_RESOURCE,,NO,Baseline Kotlin literal inventory
,1주 미만,,InitialProfileDialog,app/src/main/java/com/training/trackplanner/InitialProfileDialog.kt,449,PRODUCTION_UI,DIRECT_LITERAL_REQUIRES_RESOURCE,,NO,Baseline Kotlin literal inventory
,1~2주,,InitialProfileDialog,app/src/main/java/com/training/trackplanner/InitialProfileDialog.kt,450,PRODUCTION_UI,DIRECT_LITERAL_REQUIRES_RESOURCE,,NO,Baseline Kotlin literal inventory
,3~4주,,InitialProfileDialog,app/src/main/java/com/training/trackplanner/InitialProfileDialog.kt,451,PRODUCTION_UI,DIRECT_LITERAL_REQUIRES_RESOURCE,,NO,Baseline Kotlin literal inventory
,5~8주,,InitialProfileDialog,app/src/main/java/com/training/trackplanner/InitialProfileDialog.kt,452,PRODUCTION_UI,DIRECT_LITERAL_REQUIRES_RESOURCE,,NO,Baseline Kotlin literal inventory
,8주 이상,,InitialProfileDialog,app/src/main/java/com/training/trackplanner/InitialProfileDialog.kt,453,PRODUCTION_UI,DIRECT_LITERAL_REQUIRES_RESOURCE,,NO,Baseline Kotlin literal inventory
,해당 없음,,InitialProfileDialog,app/src/main/java/com/training/trackplanner/InitialProfileDialog.kt,456,PRODUCTION_UI,DIRECT_LITERAL_REQUIRES_RESOURCE,,NO,Baseline Kotlin literal inventory
,바쁨/일정,,InitialProfileDialog,app/src/main/java/com/training/trackplanner/InitialProfileDialog.kt,457,PRODUCTION_UI,DIRECT_LITERAL_REQUIRES_RESOURCE,,NO,Baseline Kotlin literal inventory
,피로 누적,,InitialProfileDialog,app/src/main/java/com/training/trackplanner/InitialProfileDialog.kt,458,PRODUCTION_UI,DIRECT_LITERAL_REQUIRES_RESOURCE,,NO,Baseline Kotlin literal inventory
,통증/부상,,InitialProfileDialog,app/src/main/java/com/training/trackplanner/InitialProfileDialog.kt,459,PRODUCTION_UI,DIRECT_LITERAL_REQUIRES_RESOURCE,,NO,Baseline Kotlin literal inventory
,질병,,InitialProfileDialog,app/src/main/java/com/training/trackplanner/InitialProfileDialog.kt,460,PRODUCTION_UI,DIRECT_LITERAL_REQUIRES_RESOURCE,,NO,Baseline Kotlin literal inventory
,기타,,InitialProfileDialog,app/src/main/java/com/training/trackplanner/InitialProfileDialog.kt,461,PRODUCTION_UI,DIRECT_LITERAL_REQUIRES_RESOURCE,,NO,Baseline Kotlin literal inventory
,없음,,InitialProfileDialog,app/src/main/java/com/training/trackplanner/InitialProfileDialog.kt,464,PRODUCTION_UI,DIRECT_LITERAL_REQUIRES_RESOURCE,,NO,Baseline Kotlin literal inventory
,목,,InitialProfileDialog,app/src/main/java/com/training/trackplanner/InitialProfileDialog.kt,465,PRODUCTION_UI,DIRECT_LITERAL_REQUIRES_RESOURCE,,NO,Baseline Kotlin literal inventory
,어깨,,InitialProfileDialog,app/src/main/java/com/training/trackplanner/InitialProfileDialog.kt,466,PRODUCTION_UI,DIRECT_LITERAL_REQUIRES_RESOURCE,,NO,Baseline Kotlin literal inventory
,팔꿈치,,InitialProfileDialog,app/src/main/java/com/training/trackplanner/InitialProfileDialog.kt,467,PRODUCTION_UI,DIRECT_LITERAL_REQUIRES_RESOURCE,,NO,Baseline Kotlin literal inventory
,손목/손,,InitialProfileDialog,app/src/main/java/com/training/trackplanner/InitialProfileDialog.kt,468,PRODUCTION_UI,DIRECT_LITERAL_REQUIRES_RESOURCE,,NO,Baseline Kotlin literal inventory
,등 상부,,InitialProfileDialog,app/src/main/java/com/training/trackplanner/InitialProfileDialog.kt,469,PRODUCTION_UI,DIRECT_LITERAL_REQUIRES_RESOURCE,,NO,Baseline Kotlin literal inventory
,허리,,InitialProfileDialog,app/src/main/java/com/training/trackplanner/InitialProfileDialog.kt,470,PRODUCTION_UI,DIRECT_LITERAL_REQUIRES_RESOURCE,,NO,Baseline Kotlin literal inventory
,고관절,,InitialProfileDialog,app/src/main/java/com/training/trackplanner/InitialProfileDialog.kt,471,PRODUCTION_UI,DIRECT_LITERAL_REQUIRES_RESOURCE,,NO,Baseline Kotlin literal inventory
,햄스트링,,InitialProfileDialog,app/src/main/java/com/training/trackplanner/InitialProfileDialog.kt,472,PRODUCTION_UI,DIRECT_LITERAL_REQUIRES_RESOURCE,,NO,Baseline Kotlin literal inventory
,무릎,,InitialProfileDialog,app/src/main/java/com/training/trackplanner/InitialProfileDialog.kt,473,PRODUCTION_UI,DIRECT_LITERAL_REQUIRES_RESOURCE,,NO,Baseline Kotlin literal inventory
,종아리/아킬레스,,InitialProfileDialog,app/src/main/java/com/training/trackplanner/InitialProfileDialog.kt,474,PRODUCTION_UI,DIRECT_LITERAL_REQUIRES_RESOURCE,,NO,Baseline Kotlin literal inventory
,발목/발,,InitialProfileDialog,app/src/main/java/com/training/trackplanner/InitialProfileDialog.kt,475,PRODUCTION_UI,DIRECT_LITERAL_REQUIRES_RESOURCE,,NO,Baseline Kotlin literal inventory
,기타,,InitialProfileDialog,app/src/main/java/com/training/trackplanner/InitialProfileDialog.kt,476,PRODUCTION_UI,DIRECT_LITERAL_REQUIRES_RESOURCE,,NO,Baseline Kotlin literal inventory
,없음,,InitialProfileDialog,app/src/main/java/com/training/trackplanner/InitialProfileDialog.kt,479,PRODUCTION_UI,DIRECT_LITERAL_REQUIRES_RESOURCE,,NO,Baseline Kotlin literal inventory
,무거운 스쿼트,,InitialProfileDialog,app/src/main/java/com/training/trackplanner/InitialProfileDialog.kt,480,PRODUCTION_UI,DIRECT_LITERAL_REQUIRES_RESOURCE,,NO,Baseline Kotlin literal inventory
,"무거운
데드리프트",,InitialProfileDialog,app/src/main/java/com/training/trackplanner/InitialProfileDialog.kt,481,PRODUCTION_UI,DIRECT_LITERAL_REQUIRES_RESOURCE,,NO,Baseline Kotlin literal inventory
,벤치/상체 푸시,,InitialProfileDialog,app/src/main/java/com/training/trackplanner/InitialProfileDialog.kt,482,PRODUCTION_UI,DIRECT_LITERAL_REQUIRES_RESOURCE,,NO,Baseline Kotlin literal inventory
,오버헤드 프레스,,InitialProfileDialog,app/src/main/java/com/training/trackplanner/InitialProfileDialog.kt,483,PRODUCTION_UI,DIRECT_LITERAL_REQUIRES_RESOURCE,,NO,Baseline Kotlin literal inventory
,점프/착지,,InitialProfileDialog,app/src/main/java/com/training/trackplanner/InitialProfileDialog.kt,484,PRODUCTION_UI,DIRECT_LITERAL_REQUIRES_RESOURCE,,NO,Baseline Kotlin literal inventory
,런지/감속,,InitialProfileDialog,app/src/main/java/com/training/trackplanner/InitialProfileDialog.kt,485,PRODUCTION_UI,DIRECT_LITERAL_REQUIRES_RESOURCE,,NO,Baseline Kotlin literal inventory
,회전 동작,,InitialProfileDialog,app/src/main/java/com/training/trackplanner/InitialProfileDialog.kt,486,PRODUCTION_UI,DIRECT_LITERAL_REQUIRES_RESOURCE,,NO,Baseline Kotlin literal inventory
,장시간 배드민턴,,InitialProfileDialog,app/src/main/java/com/training/trackplanner/InitialProfileDialog.kt,487,PRODUCTION_UI,DIRECT_LITERAL_REQUIRES_RESOURCE,,NO,Baseline Kotlin literal inventory
,고강도 인터벌,,InitialProfileDialog,app/src/main/java/com/training/trackplanner/InitialProfileDialog.kt,488,PRODUCTION_UI,DIRECT_LITERAL_REQUIRES_RESOURCE,,NO,Baseline Kotlin literal inventory
,기타,,InitialProfileDialog,app/src/main/java/com/training/trackplanner/InitialProfileDialog.kt,489,PRODUCTION_UI,DIRECT_LITERAL_REQUIRES_RESOURCE,,NO,Baseline Kotlin literal inventory
,배드민턴 경기력,,InitialProfileDialog,app/src/main/java/com/training/trackplanner/InitialProfileDialog.kt,503,PRODUCTION_UI,DIRECT_LITERAL_REQUIRES_RESOURCE,,NO,Baseline Kotlin literal inventory
,근력 향상,,InitialProfileDialog,app/src/main/java/com/training/trackplanner/InitialProfileDialog.kt,504,PRODUCTION_UI,DIRECT_LITERAL_REQUIRES_RESOURCE,,NO,Baseline Kotlin literal inventory
,근력 유지,,InitialProfileDialog,app/src/main/java/com/training/trackplanner/InitialProfileDialog.kt,505,PRODUCTION_UI,DIRECT_LITERAL_REQUIRES_RESOURCE,,NO,Baseline Kotlin literal inventory
,근비대/체형,,InitialProfileDialog,app/src/main/java/com/training/trackplanner/InitialProfileDialog.kt,506,PRODUCTION_UI,DIRECT_LITERAL_REQUIRES_RESOURCE,,NO,Baseline Kotlin literal inventory
,회복/부상 방지,,InitialProfileDialog,app/src/main/java/com/training/trackplanner/InitialProfileDialog.kt,507,PRODUCTION_UI,DIRECT_LITERAL_REQUIRES_RESOURCE,,NO,Baseline Kotlin literal inventory
,체중 관리,,InitialProfileDialog,app/src/main/java/com/training/trackplanner/InitialProfileDialog.kt,508,PRODUCTION_UI,DIRECT_LITERAL_REQUIRES_RESOURCE,,NO,Baseline Kotlin literal inventory
,혼합,,InitialProfileDialog,app/src/main/java/com/training/trackplanner/InitialProfileDialog.kt,509,PRODUCTION_UI,DIRECT_LITERAL_REQUIRES_RESOURCE,,NO,Baseline Kotlin literal inventory
,남,,InitialProfileDialog,app/src/main/java/com/training/trackplanner/InitialProfileDialog.kt,514,PRODUCTION_UI,DIRECT_LITERAL_REQUIRES_RESOURCE,,NO,Baseline Kotlin literal inventory
,남성,,InitialProfileDialog,app/src/main/java/com/training/trackplanner/InitialProfileDialog.kt,514,PRODUCTION_UI,DIRECT_LITERAL_REQUIRES_RESOURCE,,NO,Baseline Kotlin literal inventory
,여,,InitialProfileDialog,app/src/main/java/com/training/trackplanner/InitialProfileDialog.kt,515,PRODUCTION_UI,DIRECT_LITERAL_REQUIRES_RESOURCE,,NO,Baseline Kotlin literal inventory
,여성,,InitialProfileDialog,app/src/main/java/com/training/trackplanner/InitialProfileDialog.kt,515,PRODUCTION_UI,DIRECT_LITERAL_REQUIRES_RESOURCE,,NO,Baseline Kotlin literal inventory
,반년,,InitialProfileDialog,app/src/main/java/com/training/trackplanner/InitialProfileDialog.kt,564,PRODUCTION_UI,DIRECT_LITERAL_REQUIRES_RESOURCE,,NO,Baseline Kotlin literal inventory
,홈,,MainActivity,app/src/main/java/com/training/trackplanner/MainActivity.kt,89,PRODUCTION_UI,DIRECT_LITERAL_REQUIRES_RESOURCE,,NO,Baseline Kotlin literal inventory
,기록,,MainActivity,app/src/main/java/com/training/trackplanner/MainActivity.kt,90,PRODUCTION_UI,DIRECT_LITERAL_REQUIRES_RESOURCE,,NO,Baseline Kotlin literal inventory
,계획,,MainActivity,app/src/main/java/com/training/trackplanner/MainActivity.kt,91,PRODUCTION_UI,DIRECT_LITERAL_REQUIRES_RESOURCE,,NO,Baseline Kotlin literal inventory
,운동,,MainActivity,app/src/main/java/com/training/trackplanner/MainActivity.kt,92,PRODUCTION_UI,DIRECT_LITERAL_REQUIRES_RESOURCE,,NO,Baseline Kotlin literal inventory
,분석,,MainActivity,app/src/main/java/com/training/trackplanner/MainActivity.kt,93,PRODUCTION_UI,DIRECT_LITERAL_REQUIRES_RESOURCE,,NO,Baseline Kotlin literal inventory
,[가-힣],,MetadataDisplayCatalogue,app/src/main/java/com/training/trackplanner/MetadataDisplayCatalogue.kt,222,PRODUCTION_UI,DIRECT_LITERAL_REQUIRES_RESOURCE,,NO,Baseline Kotlin literal inventory
,요일 제거,,PlanGeneratedPreview,app/src/main/java/com/training/trackplanner/PlanGeneratedPreview.kt,69,PRODUCTION_UI,DIRECT_LITERAL_REQUIRES_RESOURCE,,NO,Baseline Kotlin literal inventory
,이 요일의 운동도 함께 제거됩니다.,,PlanGeneratedPreview,app/src/main/java/com/training/trackplanner/PlanGeneratedPreview.kt,70,PRODUCTION_UI,DIRECT_LITERAL_REQUIRES_RESOURCE,,NO,Baseline Kotlin literal inventory
,제거,,PlanGeneratedPreview,app/src/main/java/com/training/trackplanner/PlanGeneratedPreview.kt,78,PRODUCTION_UI,DIRECT_LITERAL_REQUIRES_RESOURCE,,NO,Baseline Kotlin literal inventory
,취소,,PlanGeneratedPreview,app/src/main/java/com/training/trackplanner/PlanGeneratedPreview.kt,81,PRODUCTION_UI,DIRECT_LITERAL_REQUIRES_RESOURCE,,NO,Baseline Kotlin literal inventory
,${week.weekIndex}주,,PlanGeneratedPreview,app/src/main/java/com/training/trackplanner/PlanGeneratedPreview.kt,172,PRODUCTION_UI,DIRECT_LITERAL_REQUIRES_RESOURCE,${},NO,Baseline Kotlin literal inventory
,${week.weekIndex}주,,PlanGeneratedPreview,app/src/main/java/com/training/trackplanner/PlanGeneratedPreview.kt,174,PRODUCTION_UI,DIRECT_LITERAL_REQUIRES_RESOURCE,${},NO,Baseline Kotlin literal inventory
,${selectedWeek}주차 운동 요일,,PlanGeneratedPreview,app/src/main/java/com/training/trackplanner/PlanGeneratedPreview.kt,178,PRODUCTION_UI,DIRECT_LITERAL_REQUIRES_RESOURCE,${},NO,Baseline Kotlin literal inventory
,이 주차에 운동 요일을 선택하세요.,,PlanGeneratedPreview,app/src/main/java/com/training/trackplanner/PlanGeneratedPreview.kt,192,PRODUCTION_UI,DIRECT_LITERAL_REQUIRES_RESOURCE,,NO,Baseline Kotlin literal inventory
,이 요일에는 아직 운동이 없습니다.,,PlanGeneratedPreview,app/src/main/java/com/training/trackplanner/PlanGeneratedPreview.kt,212,PRODUCTION_UI,DIRECT_LITERAL_REQUIRES_RESOURCE,,NO,Baseline Kotlin literal inventory
,+ 운동 추가,,PlanGeneratedPreview,app/src/main/java/com/training/trackplanner/PlanGeneratedPreview.kt,223,PRODUCTION_UI,DIRECT_LITERAL_REQUIRES_RESOURCE,,NO,Baseline Kotlin literal inventory
,수정,,PlanGeneratedPreview,app/src/main/java/com/training/trackplanner/PlanGeneratedPreview.kt,253,PRODUCTION_UI,DIRECT_LITERAL_REQUIRES_RESOURCE,,NO,Baseline Kotlin literal inventory
,삭제,,PlanGeneratedPreview,app/src/main/java/com/training/trackplanner/PlanGeneratedPreview.kt,254,PRODUCTION_UI,DIRECT_LITERAL_REQUIRES_RESOURCE,,NO,Baseline Kotlin literal inventory
,${index + 1}세트,,PlanGeneratedPreview,app/src/main/java/com/training/trackplanner/PlanGeneratedPreview.kt,276,PRODUCTION_UI,DIRECT_LITERAL_REQUIRES_RESOURCE,${},NO,Baseline Kotlin literal inventory
,반복,,PlanGeneratedPreview,app/src/main/java/com/training/trackplanner/PlanGeneratedPreview.kt,280,PRODUCTION_UI,DIRECT_LITERAL_REQUIRES_RESOURCE,,NO,Baseline Kotlin literal inventory
,시간,,PlanGeneratedPreview,app/src/main/java/com/training/trackplanner/PlanGeneratedPreview.kt,291,PRODUCTION_UI,DIRECT_LITERAL_REQUIRES_RESOURCE,,NO,Baseline Kotlin literal inventory
,초,,PlanGeneratedPreview,app/src/main/java/com/training/trackplanner/PlanGeneratedPreview.kt,299,PRODUCTION_UI,DIRECT_LITERAL_REQUIRES_RESOURCE,,NO,Baseline Kotlin literal inventory
,중량,,PlanGeneratedPreview,app/src/main/java/com/training/trackplanner/PlanGeneratedPreview.kt,305,PRODUCTION_UI,DIRECT_LITERAL_REQUIRES_RESOURCE,,NO,Baseline Kotlin literal inventory
,삭제,,PlanGeneratedPreview,app/src/main/java/com/training/trackplanner/PlanGeneratedPreview.kt,323,PRODUCTION_UI,DIRECT_LITERAL_REQUIRES_RESOURCE,,NO,Baseline Kotlin literal inventory
,세트 추가,,PlanGeneratedPreview,app/src/main/java/com/training/trackplanner/PlanGeneratedPreview.kt,334,PRODUCTION_UI,DIRECT_LITERAL_REQUIRES_RESOURCE,,NO,Baseline Kotlin literal inventory
,휴식,,PlanGeneratedPreview,app/src/main/java/com/training/trackplanner/PlanGeneratedPreview.kt,336,PRODUCTION_UI,DIRECT_LITERAL_REQUIRES_RESOURCE,,NO,Baseline Kotlin literal inventory
,초,,PlanGeneratedPreview,app/src/main/java/com/training/trackplanner/PlanGeneratedPreview.kt,336,PRODUCTION_UI,DIRECT_LITERAL_REQUIRES_RESOURCE,,NO,Baseline Kotlin literal inventory
,저장,,PlanGeneratedPreview,app/src/main/java/com/training/trackplanner/PlanGeneratedPreview.kt,355,PRODUCTION_UI,DIRECT_LITERAL_REQUIRES_RESOURCE,,NO,Baseline Kotlin literal inventory
,취소,,PlanGeneratedPreview,app/src/main/java/com/training/trackplanner/PlanGeneratedPreview.kt,358,PRODUCTION_UI,DIRECT_LITERAL_REQUIRES_RESOURCE,,NO,Baseline Kotlin literal inventory
, · 휴식 ${it}초,,PlanGeneratedPreview,app/src/main/java/com/training/trackplanner/PlanGeneratedPreview.kt,371,PRODUCTION_UI,DIRECT_LITERAL_REQUIRES_RESOURCE,${},NO,Baseline Kotlin literal inventory
,${sets.size}세트 · ${sets.first().displayText()}$rest,,PlanGeneratedPreview,app/src/main/java/com/training/trackplanner/PlanGeneratedPreview.kt,373,PRODUCTION_UI,DIRECT_LITERAL_REQUIRES_RESOURCE,${},NO,Baseline Kotlin literal inventory
,${set.setIndex}세트 · ${set.displayText()}$rest,,PlanGeneratedPreview,app/src/main/java/com/training/trackplanner/PlanGeneratedPreview.kt,375,PRODUCTION_UI,DIRECT_LITERAL_REQUIRES_RESOURCE,${},NO,Baseline Kotlin literal inventory
,${reps}회,,PlanGeneratedPreview,app/src/main/java/com/training/trackplanner/PlanGeneratedPreview.kt,380,PRODUCTION_UI,DIRECT_LITERAL_REQUIRES_RESOURCE,${},NO,Baseline Kotlin literal inventory
,${seconds}초,,PlanGeneratedPreview,app/src/main/java/com/training/trackplanner/PlanGeneratedPreview.kt,382,PRODUCTION_UI,DIRECT_LITERAL_REQUIRES_RESOURCE,${},NO,Baseline Kotlin literal inventory
,처방 없음,,PlanGeneratedPreview,app/src/main/java/com/training/trackplanner/PlanGeneratedPreview.kt,383,PRODUCTION_UI,DIRECT_LITERAL_REQUIRES_RESOURCE,,NO,Baseline Kotlin literal inventory
,시간,,PlanGeneratedPreview,app/src/main/java/com/training/trackplanner/PlanGeneratedPreview.kt,393,NON_DISPLAY_IDENTIFIER,NON_DISPLAY_IDENTIFIER,,NO,Baseline Kotlin literal inventory
,수동 추가,,PlanGeneratedPreview,app/src/main/java/com/training/trackplanner/PlanGeneratedPreview.kt,409,NON_DISPLAY_IDENTIFIER,NON_DISPLAY_IDENTIFIER,,NO,Baseline Kotlin literal inventory
,유산소/운동,,PlanGeneratedPreview,app/src/main/java/com/training/trackplanner/PlanGeneratedPreview.kt,431,PRODUCTION_UI,DIRECT_LITERAL_REQUIRES_RESOURCE,,NO,Baseline Kotlin literal inventory
,스포츠,,PlanGeneratedPreview,app/src/main/java/com/training/trackplanner/PlanGeneratedPreview.kt,431,PRODUCTION_UI,DIRECT_LITERAL_REQUIRES_RESOURCE,,NO,Baseline Kotlin literal inventory
,${item.exerciseName} 운동 정보,,PlanProgramSections,app/src/main/java/com/training/trackplanner/PlanProgramSections.kt,73,ACCESSIBILITY,DIRECT_LITERAL_REQUIRES_RESOURCE,${},NO,Baseline Kotlin literal inventory
,세트 간 휴식 ${item.restSeconds}초,,PlanProgramSections,app/src/main/java/com/training/trackplanner/PlanProgramSections.kt,86,PRODUCTION_UI,DIRECT_LITERAL_REQUIRES_RESOURCE,${},NO,Baseline Kotlin literal inventory
,${sets.size}세트 · ${sets.first().displayText()},,PlanProgramSections,app/src/main/java/com/training/trackplanner/PlanProgramSections.kt,110,PRODUCTION_UI,DIRECT_LITERAL_REQUIRES_RESOURCE,${},NO,Baseline Kotlin literal inventory
,${set.setIndex}세트 · ${set.displayText()},,PlanProgramSections,app/src/main/java/com/training/trackplanner/PlanProgramSections.kt,112,PRODUCTION_UI,DIRECT_LITERAL_REQUIRES_RESOURCE,${},NO,Baseline Kotlin literal inventory
,${reps}회,,PlanProgramSections,app/src/main/java/com/training/trackplanner/PlanProgramSections.kt,118,PRODUCTION_UI,DIRECT_LITERAL_REQUIRES_RESOURCE,${},NO,Baseline Kotlin literal inventory
,${seconds}초,,PlanProgramSections,app/src/main/java/com/training/trackplanner/PlanProgramSections.kt,120,PRODUCTION_UI,DIRECT_LITERAL_REQUIRES_RESOURCE,${},NO,Baseline Kotlin literal inventory
,처방 없음,,PlanProgramSections,app/src/main/java/com/training/trackplanner/PlanProgramSections.kt,121,PRODUCTION_UI,DIRECT_LITERAL_REQUIRES_RESOURCE,,NO,Baseline Kotlin literal inventory
,적용,,PlanProgramSections,app/src/main/java/com/training/trackplanner/PlanProgramSections.kt,152,PRODUCTION_UI,DIRECT_LITERAL_REQUIRES_RESOURCE,,NO,Baseline Kotlin literal inventory
,${program.durationDays}일 프로그램,,PlanProgramSections,app/src/main/java/com/training/trackplanner/PlanProgramSections.kt,156,PRODUCTION_UI,DIRECT_LITERAL_REQUIRES_RESOURCE,${},NO,Baseline Kotlin literal inventory
,${program.weeklyTrainingDays}일/주,,PlanProgramSections,app/src/main/java/com/training/trackplanner/PlanProgramSections.kt,162,PRODUCTION_UI,DIRECT_LITERAL_REQUIRES_RESOURCE,${},NO,Baseline Kotlin literal inventory
,열기,,PlanProgramSections,app/src/main/java/com/training/trackplanner/PlanProgramSections.kt,172,PRODUCTION_UI,DIRECT_LITERAL_REQUIRES_RESOURCE,,NO,Baseline Kotlin literal inventory
,수정,,PlanProgramSections,app/src/main/java/com/training/trackplanner/PlanProgramSections.kt,178,PRODUCTION_UI,DIRECT_LITERAL_REQUIRES_RESOURCE,,NO,Baseline Kotlin literal inventory
,삭제,,PlanProgramSections,app/src/main/java/com/training/trackplanner/PlanProgramSections.kt,184,PRODUCTION_UI,DIRECT_LITERAL_REQUIRES_RESOURCE,,NO,Baseline Kotlin literal inventory
,운동 프로그램 삭제,,PlanScreen,app/src/main/java/com/training/trackplanner/PlanScreen.kt,150,PRODUCTION_UI,DIRECT_LITERAL_REQUIRES_RESOURCE,,NO,Baseline Kotlin literal inventory
,이 운동 프로그램을 삭제할까요? 이 작업은 되돌릴 수 없습니다.,,PlanScreen,app/src/main/java/com/training/trackplanner/PlanScreen.kt,151,PRODUCTION_UI,DIRECT_LITERAL_REQUIRES_RESOURCE,,NO,Baseline Kotlin literal inventory
,운동 프로그램을 삭제했습니다.,,PlanScreen,app/src/main/java/com/training/trackplanner/PlanScreen.kt,157,PRODUCTION_UI,DIRECT_LITERAL_REQUIRES_RESOURCE,,NO,Baseline Kotlin literal inventory
,삭제,,PlanScreen,app/src/main/java/com/training/trackplanner/PlanScreen.kt,160,PRODUCTION_UI,DIRECT_LITERAL_REQUIRES_RESOURCE,,NO,Baseline Kotlin literal inventory
,취소,,PlanScreen,app/src/main/java/com/training/trackplanner/PlanScreen.kt,165,PRODUCTION_UI,DIRECT_LITERAL_REQUIRES_RESOURCE,,NO,Baseline Kotlin literal inventory
,${program.name} 적용,,PlanScreen,app/src/main/java/com/training/trackplanner/PlanScreen.kt,174,PRODUCTION_UI,DIRECT_LITERAL_REQUIRES_RESOURCE,${},NO,Baseline Kotlin literal inventory
,닫기,,PlanScreen,app/src/main/java/com/training/trackplanner/PlanScreen.kt,188,PRODUCTION_UI,DIRECT_LITERAL_REQUIRES_RESOURCE,,NO,Baseline Kotlin literal inventory
,계획,,PlanScreen,app/src/main/java/com/training/trackplanner/PlanScreen.kt,201,PRODUCTION_UI,DIRECT_LITERAL_REQUIRES_RESOURCE,,NO,Baseline Kotlin literal inventory
,프로그램을 고른 뒤 시작일을 적용하면 날짜별 계획 세트가 만들어집니다.,,PlanScreen,app/src/main/java/com/training/trackplanner/PlanScreen.kt,202,PRODUCTION_UI,DIRECT_LITERAL_REQUIRES_RESOURCE,,NO,Baseline Kotlin literal inventory
,처음이라면 기본 프로그램을 고른 뒤 시작일을 적용하세요.,,PlanScreen,app/src/main/java/com/training/trackplanner/PlanScreen.kt,206,PRODUCTION_UI,DIRECT_LITERAL_REQUIRES_RESOURCE,,NO,Baseline Kotlin literal inventory
,프로그램 새로 만들기,,PlanScreen,app/src/main/java/com/training/trackplanner/PlanScreen.kt,213,PRODUCTION_UI,DIRECT_LITERAL_REQUIRES_RESOURCE,,NO,Baseline Kotlin literal inventory
,기본 프로그램,,PlanScreen,app/src/main/java/com/training/trackplanner/PlanScreen.kt,218,PRODUCTION_UI,DIRECT_LITERAL_REQUIRES_RESOURCE,,NO,Baseline Kotlin literal inventory
,기본 프로그램을 준비하는 중입니다. 잠시 후 다시 확인하세요.,,PlanScreen,app/src/main/java/com/training/trackplanner/PlanScreen.kt,225,PRODUCTION_UI,DIRECT_LITERAL_REQUIRES_RESOURCE,,NO,Baseline Kotlin literal inventory
,프로그램명을 입력하세요.,,PlanScreen,app/src/main/java/com/training/trackplanner/PlanScreen.kt,318,PRODUCTION_UI,DIRECT_LITERAL_REQUIRES_RESOURCE,,NO,Baseline Kotlin literal inventory
,자동 골자로 대체,,PlanScreen,app/src/main/java/com/training/trackplanner/PlanScreen.kt,350,PRODUCTION_UI,DIRECT_LITERAL_REQUIRES_RESOURCE,,NO,Baseline Kotlin literal inventory
,현재 작성 중인 구성이 자동 골자로 대체됩니다.,,PlanScreen,app/src/main/java/com/training/trackplanner/PlanScreen.kt,351,PRODUCTION_UI,DIRECT_LITERAL_REQUIRES_RESOURCE,,NO,Baseline Kotlin literal inventory
,대체,,PlanScreen,app/src/main/java/com/training/trackplanner/PlanScreen.kt,358,PRODUCTION_UI,DIRECT_LITERAL_REQUIRES_RESOURCE,,NO,Baseline Kotlin literal inventory
,취소,,PlanScreen,app/src/main/java/com/training/trackplanner/PlanScreen.kt,361,PRODUCTION_UI,DIRECT_LITERAL_REQUIRES_RESOURCE,,NO,Baseline Kotlin literal inventory
,프로그램 새로 만들기,,PlanScreen,app/src/main/java/com/training/trackplanner/PlanScreen.kt,373,PRODUCTION_UI,DIRECT_LITERAL_REQUIRES_RESOURCE,,NO,Baseline Kotlin literal inventory
,프로그램 수정,,PlanScreen,app/src/main/java/com/training/trackplanner/PlanScreen.kt,373,PRODUCTION_UI,DIRECT_LITERAL_REQUIRES_RESOURCE,,NO,Baseline Kotlin literal inventory
,"조건을 고른 뒤 자동 골자를 만들고, 저장 전에 세트와 중량을 조정합니다.",,PlanScreen,app/src/main/java/com/training/trackplanner/PlanScreen.kt,374,PRODUCTION_UI,DIRECT_LITERAL_REQUIRES_RESOURCE,,NO,Baseline Kotlin literal inventory
,프로그램명,,PlanScreen,app/src/main/java/com/training/trackplanner/PlanScreen.kt,394,PRODUCTION_UI,DIRECT_LITERAL_REQUIRES_RESOURCE,,NO,Baseline Kotlin literal inventory
,프로그램명을 입력하세요.,,PlanScreen,app/src/main/java/com/training/trackplanner/PlanScreen.kt,398,PRODUCTION_UI,DIRECT_LITERAL_REQUIRES_RESOURCE,,NO,Baseline Kotlin literal inventory
,프로그램 기간,,PlanScreen,app/src/main/java/com/training/trackplanner/PlanScreen.kt,407,PRODUCTION_UI,DIRECT_LITERAL_REQUIRES_RESOURCE,,NO,Baseline Kotlin literal inventory
,${it}주,,PlanScreen,app/src/main/java/com/training/trackplanner/PlanScreen.kt,410,PRODUCTION_UI,DIRECT_LITERAL_REQUIRES_RESOURCE,${},NO,Baseline Kotlin literal inventory
,주당 운동일수,,PlanScreen,app/src/main/java/com/training/trackplanner/PlanScreen.kt,416,PRODUCTION_UI,DIRECT_LITERAL_REQUIRES_RESOURCE,,NO,Baseline Kotlin literal inventory
,주 ${it}일,,PlanScreen,app/src/main/java/com/training/trackplanner/PlanScreen.kt,419,PRODUCTION_UI,DIRECT_LITERAL_REQUIRES_RESOURCE,${},NO,Baseline Kotlin literal inventory
,하루 운동시간,,PlanScreen,app/src/main/java/com/training/trackplanner/PlanScreen.kt,427,PRODUCTION_UI,DIRECT_LITERAL_REQUIRES_RESOURCE,,NO,Baseline Kotlin literal inventory
,${it}분,,PlanScreen,app/src/main/java/com/training/trackplanner/PlanScreen.kt,430,PRODUCTION_UI,DIRECT_LITERAL_REQUIRES_RESOURCE,${},NO,Baseline Kotlin literal inventory
,배드민턴 : 근력,,PlanScreen,app/src/main/java/com/training/trackplanner/PlanScreen.kt,436,PRODUCTION_UI,DIRECT_LITERAL_REQUIRES_RESOURCE,,NO,Baseline Kotlin literal inventory
,배드민턴 특이 훈련과 일반 근력의 우선순위를 조절합니다.,,PlanScreen,app/src/main/java/com/training/trackplanner/PlanScreen.kt,445,PRODUCTION_UI,DIRECT_LITERAL_REQUIRES_RESOURCE,,NO,Baseline Kotlin literal inventory
,빈 프로그램으로 시작,,PlanScreen,app/src/main/java/com/training/trackplanner/PlanScreen.kt,455,PRODUCTION_UI,DIRECT_LITERAL_REQUIRES_RESOURCE,,NO,Baseline Kotlin literal inventory
,자동 골자 다시 만들기,,PlanScreen,app/src/main/java/com/training/trackplanner/PlanScreen.kt,470,PRODUCTION_UI,DIRECT_LITERAL_REQUIRES_RESOURCE,,NO,Baseline Kotlin literal inventory
,자동 골자 만들기,,PlanScreen,app/src/main/java/com/training/trackplanner/PlanScreen.kt,470,PRODUCTION_UI,DIRECT_LITERAL_REQUIRES_RESOURCE,,NO,Baseline Kotlin literal inventory
,기존 구성은 아래 목록에서 수정합니다.,,PlanScreen,app/src/main/java/com/training/trackplanner/PlanScreen.kt,474,PRODUCTION_UI,DIRECT_LITERAL_REQUIRES_RESOURCE,,NO,Baseline Kotlin literal inventory
,일부 프로그램 메타데이터를 복원하지 못했습니다. 저장 전 구성을 확인하세요.,,PlanScreen,app/src/main/java/com/training/trackplanner/PlanScreen.kt,493,PRODUCTION_UI,DIRECT_LITERAL_REQUIRES_RESOURCE,,NO,Baseline Kotlin literal inventory
,자동 골자를 만들면 저장 전 미리보기와 수정 항목이 표시됩니다.,,PlanScreen,app/src/main/java/com/training/trackplanner/PlanScreen.kt,507,PRODUCTION_UI,DIRECT_LITERAL_REQUIRES_RESOURCE,,NO,Baseline Kotlin literal inventory
,아직 저장된 운동 구성이 없습니다.,,PlanScreen,app/src/main/java/com/training/trackplanner/PlanScreen.kt,509,PRODUCTION_UI,DIRECT_LITERAL_REQUIRES_RESOURCE,,NO,Baseline Kotlin literal inventory
,취소,,PlanScreen,app/src/main/java/com/training/trackplanner/PlanScreen.kt,519,PRODUCTION_UI,DIRECT_LITERAL_REQUIRES_RESOURCE,,NO,Baseline Kotlin literal inventory
,저장,,PlanScreen,app/src/main/java/com/training/trackplanner/PlanScreen.kt,538,PRODUCTION_UI,DIRECT_LITERAL_REQUIRES_RESOURCE,,NO,Baseline Kotlin literal inventory
,잠시만 기다려 주세요.,,PlanScreen,app/src/main/java/com/training/trackplanner/PlanScreen.kt,566,PRODUCTION_UI,DIRECT_LITERAL_REQUIRES_RESOURCE,,NO,Baseline Kotlin literal inventory
,다시 시도,,PlanScreen,app/src/main/java/com/training/trackplanner/PlanScreen.kt,604,PRODUCTION_UI,DIRECT_LITERAL_REQUIRES_RESOURCE,,NO,Baseline Kotlin literal inventory
,운동 프로그램 삭제,,PlanScreen,app/src/main/java/com/training/trackplanner/PlanScreen.kt,673,PRODUCTION_UI,DIRECT_LITERAL_REQUIRES_RESOURCE,,NO,Baseline Kotlin literal inventory
,이 운동 프로그램을 삭제할까요? 이 작업은 되돌릴 수 없습니다.,,PlanScreen,app/src/main/java/com/training/trackplanner/PlanScreen.kt,674,PRODUCTION_UI,DIRECT_LITERAL_REQUIRES_RESOURCE,,NO,Baseline Kotlin literal inventory
,운동 프로그램을 삭제했습니다.,,PlanScreen,app/src/main/java/com/training/trackplanner/PlanScreen.kt,679,PRODUCTION_UI,DIRECT_LITERAL_REQUIRES_RESOURCE,,NO,Baseline Kotlin literal inventory
,삭제,,PlanScreen,app/src/main/java/com/training/trackplanner/PlanScreen.kt,685,PRODUCTION_UI,DIRECT_LITERAL_REQUIRES_RESOURCE,,NO,Baseline Kotlin literal inventory
,취소,,PlanScreen,app/src/main/java/com/training/trackplanner/PlanScreen.kt,690,PRODUCTION_UI,DIRECT_LITERAL_REQUIRES_RESOURCE,,NO,Baseline Kotlin literal inventory
,목록,,PlanScreen,app/src/main/java/com/training/trackplanner/PlanScreen.kt,707,PRODUCTION_UI,DIRECT_LITERAL_REQUIRES_RESOURCE,,NO,Baseline Kotlin literal inventory
,수정,,PlanScreen,app/src/main/java/com/training/trackplanner/PlanScreen.kt,713,PRODUCTION_UI,DIRECT_LITERAL_REQUIRES_RESOURCE,,NO,Baseline Kotlin literal inventory
,삭제,,PlanScreen,app/src/main/java/com/training/trackplanner/PlanScreen.kt,719,PRODUCTION_UI,DIRECT_LITERAL_REQUIRES_RESOURCE,,NO,Baseline Kotlin literal inventory
,주차와 요일별 운동 구성을 텍스트 요약으로 확인합니다.,,PlanScreen,app/src/main/java/com/training/trackplanner/PlanScreen.kt,726,PRODUCTION_UI,DIRECT_LITERAL_REQUIRES_RESOURCE,,NO,Baseline Kotlin literal inventory
,기존 계획이 있습니다,,PlanScreen,app/src/main/java/com/training/trackplanner/PlanScreen.kt,764,PRODUCTION_UI,DIRECT_LITERAL_REQUIRES_RESOURCE,,NO,Baseline Kotlin literal inventory
,기간: ${summary.startDate} ~ ${summary.endDate},,PlanScreen,app/src/main/java/com/training/trackplanner/PlanScreen.kt,767,PRODUCTION_UI,DIRECT_LITERAL_REQUIRES_RESOURCE,${},NO,Baseline Kotlin literal inventory
,기존 계획: ${summary.existingEntryCount}개,,PlanScreen,app/src/main/java/com/training/trackplanner/PlanScreen.kt,768,PRODUCTION_UI,DIRECT_LITERAL_REQUIRES_RESOURCE,${},REVIEW,Baseline Kotlin literal inventory
,새 계획: ${summary.newPlannedEntryCount}개,,PlanScreen,app/src/main/java/com/training/trackplanner/PlanScreen.kt,769,PRODUCTION_UI,DIRECT_LITERAL_REQUIRES_RESOURCE,${},REVIEW,Baseline Kotlin literal inventory
,보존되는 완료 세트: ${summary.existingConfirmedSetCount}세트,,PlanScreen,app/src/main/java/com/training/trackplanner/PlanScreen.kt,770,PRODUCTION_UI,DIRECT_LITERAL_REQUIRES_RESOURCE,${},NO,Baseline Kotlin literal inventory
,덮어쓰기는 미확인 계획만 삭제합니다. 실제 완료 기록은 삭제되지 않습니다.,,PlanScreen,app/src/main/java/com/training/trackplanner/PlanScreen.kt,772,PRODUCTION_UI,DIRECT_LITERAL_REQUIRES_RESOURCE,,NO,Baseline Kotlin literal inventory
,취소,,PlanScreen,app/src/main/java/com/training/trackplanner/PlanScreen.kt,781,PRODUCTION_UI,DIRECT_LITERAL_REQUIRES_RESOURCE,,NO,Baseline Kotlin literal inventory
,덮어쓰기,,PlanScreen,app/src/main/java/com/training/trackplanner/PlanScreen.kt,784,PRODUCTION_UI,DIRECT_LITERAL_REQUIRES_RESOURCE,,NO,Baseline Kotlin literal inventory
,날짜에 적용,,PlanScreen,app/src/main/java/com/training/trackplanner/PlanScreen.kt,801,PRODUCTION_UI,DIRECT_LITERAL_REQUIRES_RESOURCE,,NO,Baseline Kotlin literal inventory
,시작일 적용,,PlanScreen,app/src/main/java/com/training/trackplanner/PlanScreen.kt,826,PRODUCTION_UI,DIRECT_LITERAL_REQUIRES_RESOURCE,,NO,Baseline Kotlin literal inventory
,기존 디로드,,PlanScreen,app/src/main/java/com/training/trackplanner/PlanScreen.kt,857,PRODUCTION_UI,DIRECT_LITERAL_REQUIRES_RESOURCE,,NO,Baseline Kotlin literal inventory
,기존 구성,,PlanScreen,app/src/main/java/com/training/trackplanner/PlanScreen.kt,857,PRODUCTION_UI,DIRECT_LITERAL_REQUIRES_RESOURCE,,NO,Baseline Kotlin literal inventory
,기존 프로그램,,PlanScreen,app/src/main/java/com/training/trackplanner/PlanScreen.kt,889,PRODUCTION_UI,DIRECT_LITERAL_REQUIRES_RESOURCE,,NO,Baseline Kotlin literal inventory
,kg 설정,,RecordBulkEditDialog,app/src/main/java/com/training/trackplanner/RecordBulkEditDialog.kt,52,PRODUCTION_UI,DIRECT_LITERAL_REQUIRES_RESOURCE,,NO,Baseline Kotlin literal inventory
,횟수 +,,RecordBulkEditDialog,app/src/main/java/com/training/trackplanner/RecordBulkEditDialog.kt,56,PRODUCTION_UI,DIRECT_LITERAL_REQUIRES_RESOURCE,,NO,Baseline Kotlin literal inventory
,횟수 -,,RecordBulkEditDialog,app/src/main/java/com/training/trackplanner/RecordBulkEditDialog.kt,57,PRODUCTION_UI,DIRECT_LITERAL_REQUIRES_RESOURCE,,NO,Baseline Kotlin literal inventory
,RPE 설정,,RecordBulkEditDialog,app/src/main/java/com/training/trackplanner/RecordBulkEditDialog.kt,58,PRODUCTION_UI,DIRECT_LITERAL_REQUIRES_RESOURCE,,NO,Baseline Kotlin literal inventory
,휴식 설정,,RecordBulkEditDialog,app/src/main/java/com/training/trackplanner/RecordBulkEditDialog.kt,59,PRODUCTION_UI,DIRECT_LITERAL_REQUIRES_RESOURCE,,NO,Baseline Kotlin literal inventory
,휴식 +,,RecordBulkEditDialog,app/src/main/java/com/training/trackplanner/RecordBulkEditDialog.kt,60,PRODUCTION_UI,DIRECT_LITERAL_REQUIRES_RESOURCE,,NO,Baseline Kotlin literal inventory
,휴식 -,,RecordBulkEditDialog,app/src/main/java/com/training/trackplanner/RecordBulkEditDialog.kt,61,PRODUCTION_UI,DIRECT_LITERAL_REQUIRES_RESOURCE,,NO,Baseline Kotlin literal inventory
,선택 복사,,RecordBulkEditDialog,app/src/main/java/com/training/trackplanner/RecordBulkEditDialog.kt,62,PRODUCTION_UI,DIRECT_LITERAL_REQUIRES_RESOURCE,,NO,Baseline Kotlin literal inventory
,기록 상태까지 선택 복사,,RecordBulkEditDialog,app/src/main/java/com/training/trackplanner/RecordBulkEditDialog.kt,63,PRODUCTION_UI,DIRECT_LITERAL_REQUIRES_RESOURCE,,NO,Baseline Kotlin literal inventory
,일괄 편집,,RecordBulkEditDialog,app/src/main/java/com/training/trackplanner/RecordBulkEditDialog.kt,68,PRODUCTION_UI,DIRECT_LITERAL_REQUIRES_RESOURCE,,NO,Baseline Kotlin literal inventory
,완료 세트 포함,,RecordBulkEditDialog,app/src/main/java/com/training/trackplanner/RecordBulkEditDialog.kt,87,PRODUCTION_UI,DIRECT_LITERAL_REQUIRES_RESOURCE,,NO,Baseline Kotlin literal inventory
,미확인 세트만,,RecordBulkEditDialog,app/src/main/java/com/training/trackplanner/RecordBulkEditDialog.kt,87,PRODUCTION_UI,DIRECT_LITERAL_REQUIRES_RESOURCE,,NO,Baseline Kotlin literal inventory
,완료 세트도 수정됩니다.,,RecordBulkEditDialog,app/src/main/java/com/training/trackplanner/RecordBulkEditDialog.kt,91,PRODUCTION_UI,DIRECT_LITERAL_REQUIRES_RESOURCE,,NO,Baseline Kotlin literal inventory
,빈 kg에 ${formatWeight(lastPositiveKg)}kg 적용,,RecordBulkEditDialog,app/src/main/java/com/training/trackplanner/RecordBulkEditDialog.kt,130,PRODUCTION_UI,DIRECT_LITERAL_REQUIRES_RESOURCE,${},NO,Baseline Kotlin literal inventory
,완료 포함 적용,,RecordBulkEditDialog,app/src/main/java/com/training/trackplanner/RecordBulkEditDialog.kt,152,PRODUCTION_UI,DIRECT_LITERAL_REQUIRES_RESOURCE,,NO,Baseline Kotlin literal inventory
,적용,,RecordBulkEditDialog,app/src/main/java/com/training/trackplanner/RecordBulkEditDialog.kt,152,PRODUCTION_UI,DIRECT_LITERAL_REQUIRES_RESOURCE,,NO,Baseline Kotlin literal inventory
,초기화,,RecordBulkEditDialog,app/src/main/java/com/training/trackplanner/RecordBulkEditDialog.kt,160,PRODUCTION_UI,DIRECT_LITERAL_REQUIRES_RESOURCE,,NO,Baseline Kotlin literal inventory
,메뉴,,RecordBulkEditDialog,app/src/main/java/com/training/trackplanner/RecordBulkEditDialog.kt,163,PRODUCTION_UI,DIRECT_LITERAL_REQUIRES_RESOURCE,,NO,Baseline Kotlin literal inventory
,닫기,,RecordBulkEditDialog,app/src/main/java/com/training/trackplanner/RecordBulkEditDialog.kt,167,PRODUCTION_UI,DIRECT_LITERAL_REQUIRES_RESOURCE,,NO,Baseline Kotlin literal inventory
,취소,,RecordBulkEditDialog,app/src/main/java/com/training/trackplanner/RecordBulkEditDialog.kt,167,PRODUCTION_UI,DIRECT_LITERAL_REQUIRES_RESOURCE,,NO,Baseline Kotlin literal inventory
,기준: ${source.setIndex}세트 · ${source.reps}회 · ${formatWeight(source.weightKg)}kg · RPE ${source.rpe?.let(::formatRpe) ?: ,,RecordBulkEditDialog,app/src/main/java/com/training/trackplanner/RecordBulkEditDialog.kt,185,PRODUCTION_UI,DIRECT_LITERAL_REQUIRES_RESOURCE,${},NO,Baseline Kotlin literal inventory
,복사할 기준 세트가 없습니다.,,RecordBulkEditDialog,app/src/main/java/com/training/trackplanner/RecordBulkEditDialog.kt,186,PRODUCTION_UI,DIRECT_LITERAL_REQUIRES_RESOURCE,,NO,Baseline Kotlin literal inventory
,적용 예정: ${bulkRpeLabel(valueText)},,RecordBulkEditDialog,app/src/main/java/com/training/trackplanner/RecordBulkEditDialog.kt,193,PRODUCTION_UI,DIRECT_LITERAL_REQUIRES_RESOURCE,${},NO,Baseline Kotlin literal inventory
,RPE 없음,,RecordBulkEditDialog,app/src/main/java/com/training/trackplanner/RecordBulkEditDialog.kt,202,PRODUCTION_UI,DIRECT_LITERAL_REQUIRES_RESOURCE,,NO,Baseline Kotlin literal inventory
,"적용 예정: ${bulkDeltaLabel(operation, valueText)}",,RecordBulkEditDialog,app/src/main/java/com/training/trackplanner/RecordBulkEditDialog.kt,207,PRODUCTION_UI,DIRECT_LITERAL_REQUIRES_RESOURCE,${},NO,Baseline Kotlin literal inventory
,누적 kg,,RecordBulkEditDialog,app/src/main/java/com/training/trackplanner/RecordBulkEditDialog.kt,221,PRODUCTION_UI,DIRECT_LITERAL_REQUIRES_RESOURCE,,NO,Baseline Kotlin literal inventory
,누적 횟수,,RecordBulkEditDialog,app/src/main/java/com/training/trackplanner/RecordBulkEditDialog.kt,221,PRODUCTION_UI,DIRECT_LITERAL_REQUIRES_RESOURCE,,NO,Baseline Kotlin literal inventory
,횟수,,RecordBulkEditDialog,app/src/main/java/com/training/trackplanner/RecordBulkEditDialog.kt,245,PRODUCTION_UI,DIRECT_LITERAL_REQUIRES_RESOURCE,,NO,Baseline Kotlin literal inventory
,초,,RecordBulkEditDialog,app/src/main/java/com/training/trackplanner/RecordBulkEditDialog.kt,246,PRODUCTION_UI,DIRECT_LITERAL_REQUIRES_RESOURCE,,NO,Baseline Kotlin literal inventory
,회,,RecordBulkEditDialog,app/src/main/java/com/training/trackplanner/RecordBulkEditDialog.kt,337,PRODUCTION_UI,DIRECT_LITERAL_REQUIRES_RESOURCE,,NO,Baseline Kotlin literal inventory
,RPE 없음,,RecordBulkEditDialog,app/src/main/java/com/training/trackplanner/RecordBulkEditDialog.kt,344,PRODUCTION_UI,DIRECT_LITERAL_REQUIRES_RESOURCE,,NO,Baseline Kotlin literal inventory
,프로그램으로 저장했습니다.,,RecordCalendarScreen,app/src/main/java/com/training/trackplanner/RecordCalendarScreen.kt,157,PRODUCTION_UI,DIRECT_LITERAL_REQUIRES_RESOURCE,,NO,Baseline Kotlin literal inventory
,${month.year}년 ${month.monthValue}월,,RecordCalendarScreen,app/src/main/java/com/training/trackplanner/RecordCalendarScreen.kt,234,PRODUCTION_UI,DIRECT_LITERAL_REQUIRES_RESOURCE,${},NO,Baseline Kotlin literal inventory
,기록,,RecordCalendarScreen,app/src/main/java/com/training/trackplanner/RecordCalendarScreen.kt,239,PRODUCTION_UI,DIRECT_LITERAL_REQUIRES_RESOURCE,,NO,Baseline Kotlin literal inventory
,이전달,,RecordCalendarScreen,app/src/main/java/com/training/trackplanner/RecordCalendarScreen.kt,249,PRODUCTION_UI,DIRECT_LITERAL_REQUIRES_RESOURCE,,NO,Baseline Kotlin literal inventory
,오늘,,RecordCalendarScreen,app/src/main/java/com/training/trackplanner/RecordCalendarScreen.kt,259,PRODUCTION_UI,DIRECT_LITERAL_REQUIRES_RESOURCE,,NO,Baseline Kotlin literal inventory
,다음달,,RecordCalendarScreen,app/src/main/java/com/training/trackplanner/RecordCalendarScreen.kt,265,PRODUCTION_UI,DIRECT_LITERAL_REQUIRES_RESOURCE,,NO,Baseline Kotlin literal inventory
,운동명 검색,,RecordCalendarScreen,app/src/main/java/com/training/trackplanner/RecordCalendarScreen.kt,274,PRODUCTION_UI,DIRECT_LITERAL_REQUIRES_RESOURCE,,NO,Baseline Kotlin literal inventory
,검색어 지우기,,RecordCalendarScreen,app/src/main/java/com/training/trackplanner/RecordCalendarScreen.kt,281,ACCESSIBILITY,DIRECT_LITERAL_REQUIRES_RESOURCE,,NO,Baseline Kotlin literal inventory
,${action.sourceDate} ${action.label()} 대상 날짜 선택,,RecordCalendarScreen,app/src/main/java/com/training/trackplanner/RecordCalendarScreen.kt,293,PRODUCTION_UI,DIRECT_LITERAL_REQUIRES_RESOURCE,${},NO,Baseline Kotlin literal inventory
,${state.sourceStart} ${state.label()} 끝 날짜 선택,,RecordCalendarScreen,app/src/main/java/com/training/trackplanner/RecordCalendarScreen.kt,299,PRODUCTION_UI,DIRECT_LITERAL_REQUIRES_RESOURCE,${},NO,Baseline Kotlin literal inventory
,${state.sourceStart}~${state.sourceEnd} ${state.label()} 붙여넣을 시작 날짜 선택,,RecordCalendarScreen,app/src/main/java/com/training/trackplanner/RecordCalendarScreen.kt,300,PRODUCTION_UI,DIRECT_LITERAL_REQUIRES_RESOURCE,${},NO,Baseline Kotlin literal inventory
,${state.sourceStart}부터 삭제할 끝 날짜 선택,,RecordCalendarScreen,app/src/main/java/com/training/trackplanner/RecordCalendarScreen.kt,309,PRODUCTION_UI,DIRECT_LITERAL_REQUIRES_RESOURCE,${},NO,Baseline Kotlin literal inventory
,$start 부터 프로그램으로 저장할 마지막 날짜 선택,,RecordCalendarScreen,app/src/main/java/com/training/trackplanner/RecordCalendarScreen.kt,315,PRODUCTION_UI,DIRECT_LITERAL_REQUIRES_RESOURCE,${},NO,Baseline Kotlin literal inventory
,선택한 기간에 저장할 운동 기록이 없습니다.,,RecordCalendarScreen,app/src/main/java/com/training/trackplanner/RecordCalendarScreen.kt,335,PRODUCTION_UI,DIRECT_LITERAL_REQUIRES_RESOURCE,,NO,Baseline Kotlin literal inventory
,월,,RecordCalendarScreen,app/src/main/java/com/training/trackplanner/RecordCalendarScreen.kt,379,PRODUCTION_UI,DIRECT_LITERAL_REQUIRES_RESOURCE,,NO,Baseline Kotlin literal inventory
,화,,RecordCalendarScreen,app/src/main/java/com/training/trackplanner/RecordCalendarScreen.kt,379,PRODUCTION_UI,DIRECT_LITERAL_REQUIRES_RESOURCE,,NO,Baseline Kotlin literal inventory
,수,,RecordCalendarScreen,app/src/main/java/com/training/trackplanner/RecordCalendarScreen.kt,379,PRODUCTION_UI,DIRECT_LITERAL_REQUIRES_RESOURCE,,NO,Baseline Kotlin literal inventory
,목,,RecordCalendarScreen,app/src/main/java/com/training/trackplanner/RecordCalendarScreen.kt,379,PRODUCTION_UI,DIRECT_LITERAL_REQUIRES_RESOURCE,,NO,Baseline Kotlin literal inventory
,금,,RecordCalendarScreen,app/src/main/java/com/training/trackplanner/RecordCalendarScreen.kt,379,PRODUCTION_UI,DIRECT_LITERAL_REQUIRES_RESOURCE,,NO,Baseline Kotlin literal inventory
,토,,RecordCalendarScreen,app/src/main/java/com/training/trackplanner/RecordCalendarScreen.kt,379,PRODUCTION_UI,DIRECT_LITERAL_REQUIRES_RESOURCE,,NO,Baseline Kotlin literal inventory
,일,,RecordCalendarScreen,app/src/main/java/com/training/trackplanner/RecordCalendarScreen.kt,379,PRODUCTION_UI,DIRECT_LITERAL_REQUIRES_RESOURCE,,NO,Baseline Kotlin literal inventory
,계획,,RecordCalendarScreen,app/src/main/java/com/training/trackplanner/RecordCalendarScreen.kt,485,PRODUCTION_UI,DIRECT_LITERAL_REQUIRES_RESOURCE,,NO,Baseline Kotlin literal inventory
,${summary.confirmedSets}세트,,RecordCalendarScreen,app/src/main/java/com/training/trackplanner/RecordCalendarScreen.kt,492,PRODUCTION_UI,DIRECT_LITERAL_REQUIRES_RESOURCE,${},NO,Baseline Kotlin literal inventory
,${summary.plannedSets}예정,,RecordCalendarScreen,app/src/main/java/com/training/trackplanner/RecordCalendarScreen.kt,492,PRODUCTION_UI,DIRECT_LITERAL_REQUIRES_RESOURCE,${},NO,Baseline Kotlin literal inventory
,취소,,RecordCalendarScreen,app/src/main/java/com/training/trackplanner/RecordCalendarScreen.kt,532,PRODUCTION_UI,DIRECT_LITERAL_REQUIRES_RESOURCE,,NO,Baseline Kotlin literal inventory
,계획으로 복사,,RecordCalendarScreen,app/src/main/java/com/training/trackplanner/RecordCalendarScreen.kt,557,PRODUCTION_UI,DIRECT_LITERAL_REQUIRES_RESOURCE,,NO,Baseline Kotlin literal inventory
,기록상태까지 복사,,RecordCalendarScreen,app/src/main/java/com/training/trackplanner/RecordCalendarScreen.kt,560,PRODUCTION_UI,DIRECT_LITERAL_REQUIRES_RESOURCE,,NO,Baseline Kotlin literal inventory
,이동,,RecordCalendarScreen,app/src/main/java/com/training/trackplanner/RecordCalendarScreen.kt,563,PRODUCTION_UI,DIRECT_LITERAL_REQUIRES_RESOURCE,,NO,Baseline Kotlin literal inventory
,선택복사,,RecordCalendarScreen,app/src/main/java/com/training/trackplanner/RecordCalendarScreen.kt,566,PRODUCTION_UI,DIRECT_LITERAL_REQUIRES_RESOURCE,,NO,Baseline Kotlin literal inventory
,기록 상태까지 선택 복사,,RecordCalendarScreen,app/src/main/java/com/training/trackplanner/RecordCalendarScreen.kt,569,PRODUCTION_UI,DIRECT_LITERAL_REQUIRES_RESOURCE,,NO,Baseline Kotlin literal inventory
,선택 삭제,,RecordCalendarScreen,app/src/main/java/com/training/trackplanner/RecordCalendarScreen.kt,572,PRODUCTION_UI,DIRECT_LITERAL_REQUIRES_RESOURCE,,NO,Baseline Kotlin literal inventory
,기간을 프로그램으로 저장,,RecordCalendarScreen,app/src/main/java/com/training/trackplanner/RecordCalendarScreen.kt,575,PRODUCTION_UI,DIRECT_LITERAL_REQUIRES_RESOURCE,,NO,Baseline Kotlin literal inventory
,삭제,,RecordCalendarScreen,app/src/main/java/com/training/trackplanner/RecordCalendarScreen.kt,578,PRODUCTION_UI,DIRECT_LITERAL_REQUIRES_RESOURCE,,NO,Baseline Kotlin literal inventory
,닫기,,RecordCalendarScreen,app/src/main/java/com/training/trackplanner/RecordCalendarScreen.kt,585,PRODUCTION_UI,DIRECT_LITERAL_REQUIRES_RESOURCE,,NO,Baseline Kotlin literal inventory
,기록 기간을 프로그램으로 저장,,RecordCalendarScreen,app/src/main/java/com/training/trackplanner/RecordCalendarScreen.kt,602,PRODUCTION_UI,DIRECT_LITERAL_REQUIRES_RESOURCE,,NO,Baseline Kotlin literal inventory
,프로그램명,,RecordCalendarScreen,app/src/main/java/com/training/trackplanner/RecordCalendarScreen.kt,609,PRODUCTION_UI,DIRECT_LITERAL_REQUIRES_RESOURCE,,NO,Baseline Kotlin literal inventory
,기간: ${summary.startDate} ~ ${summary.endDate} (${summary.durationDays}일),,RecordCalendarScreen,app/src/main/java/com/training/trackplanner/RecordCalendarScreen.kt,612,PRODUCTION_UI,DIRECT_LITERAL_REQUIRES_RESOURCE,${},NO,Baseline Kotlin literal inventory
,운동 ${summary.entryCount}개 · 세트 ${summary.setCount}개,,RecordCalendarScreen,app/src/main/java/com/training/trackplanner/RecordCalendarScreen.kt,613,PRODUCTION_UI,DIRECT_LITERAL_REQUIRES_RESOURCE,${},REVIEW,Baseline Kotlin literal inventory
,완료 ${summary.confirmedSetCount}세트 · 계획 ${summary.unconfirmedSetCount}세트,,RecordCalendarScreen,app/src/main/java/com/training/trackplanner/RecordCalendarScreen.kt,614,PRODUCTION_UI,DIRECT_LITERAL_REQUIRES_RESOURCE,${},NO,Baseline Kotlin literal inventory
,첫 날짜를 1주차 월요일로 두고 빈 날짜 간격도 그대로 보존합니다.,,RecordCalendarScreen,app/src/main/java/com/training/trackplanner/RecordCalendarScreen.kt,616,PRODUCTION_UI,DIRECT_LITERAL_REQUIRES_RESOURCE,,NO,Baseline Kotlin literal inventory
,저장,,RecordCalendarScreen,app/src/main/java/com/training/trackplanner/RecordCalendarScreen.kt,627,PRODUCTION_UI,DIRECT_LITERAL_REQUIRES_RESOURCE,,NO,Baseline Kotlin literal inventory
,취소,,RecordCalendarScreen,app/src/main/java/com/training/trackplanner/RecordCalendarScreen.kt,632,PRODUCTION_UI,DIRECT_LITERAL_REQUIRES_RESOURCE,,NO,Baseline Kotlin literal inventory
,대상 날짜에 기존 기록이 있습니다.,,RecordCalendarScreen,app/src/main/java/com/training/trackplanner/RecordCalendarScreen.kt,651,PRODUCTION_UI,DIRECT_LITERAL_REQUIRES_RESOURCE,,NO,Baseline Kotlin literal inventory
,대상 날짜 ${conflict.summary.affectedDateCount}일,,RecordCalendarScreen,app/src/main/java/com/training/trackplanner/RecordCalendarScreen.kt,652,PRODUCTION_UI,DIRECT_LITERAL_REQUIRES_RESOURCE,${},NO,Baseline Kotlin literal inventory
,기존 운동 ${conflict.summary.existingEntryCount}개,,RecordCalendarScreen,app/src/main/java/com/training/trackplanner/RecordCalendarScreen.kt,653,PRODUCTION_UI,DIRECT_LITERAL_REQUIRES_RESOURCE,${},REVIEW,Baseline Kotlin literal inventory
,기존 세트 ${conflict.summary.existingSetCount}개,,RecordCalendarScreen,app/src/main/java/com/training/trackplanner/RecordCalendarScreen.kt,654,PRODUCTION_UI,DIRECT_LITERAL_REQUIRES_RESOURCE,${},REVIEW,Baseline Kotlin literal inventory
,완료 세트 ${conflict.summary.existingConfirmedSetCount}개,,RecordCalendarScreen,app/src/main/java/com/training/trackplanner/RecordCalendarScreen.kt,655,PRODUCTION_UI,DIRECT_LITERAL_REQUIRES_RESOURCE,${},REVIEW,Baseline Kotlin literal inventory
,덮어쓰면 기존 기록이 삭제됩니다.,,RecordCalendarScreen,app/src/main/java/com/training/trackplanner/RecordCalendarScreen.kt,656,PRODUCTION_UI,DIRECT_LITERAL_REQUIRES_RESOURCE,,NO,Baseline Kotlin literal inventory
,대상 날짜에 기존 기록이 없습니다.,,RecordCalendarScreen,app/src/main/java/com/training/trackplanner/RecordCalendarScreen.kt,658,PRODUCTION_UI,DIRECT_LITERAL_REQUIRES_RESOURCE,,NO,Baseline Kotlin literal inventory
,이동하면 원본 날짜의 운동 기록이 삭제됩니다.,,RecordCalendarScreen,app/src/main/java/com/training/trackplanner/RecordCalendarScreen.kt,660,PRODUCTION_UI,DIRECT_LITERAL_REQUIRES_RESOURCE,,NO,Baseline Kotlin literal inventory
,덮어쓰기,,RecordCalendarScreen,app/src/main/java/com/training/trackplanner/RecordCalendarScreen.kt,675,PRODUCTION_UI,DIRECT_LITERAL_REQUIRES_RESOURCE,,NO,Baseline Kotlin literal inventory
,추가,,RecordCalendarScreen,app/src/main/java/com/training/trackplanner/RecordCalendarScreen.kt,682,PRODUCTION_UI,DIRECT_LITERAL_REQUIRES_RESOURCE,,NO,Baseline Kotlin literal inventory
,취소,,RecordCalendarScreen,app/src/main/java/com/training/trackplanner/RecordCalendarScreen.kt,686,PRODUCTION_UI,DIRECT_LITERAL_REQUIRES_RESOURCE,,NO,Baseline Kotlin literal inventory
,이 날짜의 운동 기록을 삭제할까요?,,RecordCalendarScreen,app/src/main/java/com/training/trackplanner/RecordCalendarScreen.kt,707,PRODUCTION_UI,DIRECT_LITERAL_REQUIRES_RESOURCE,,NO,Baseline Kotlin literal inventory
,"운동 ${entries}개, 세트 ${totalSets}개가 삭제됩니다.",,RecordCalendarScreen,app/src/main/java/com/training/trackplanner/RecordCalendarScreen.kt,711,PRODUCTION_UI,DIRECT_LITERAL_REQUIRES_RESOURCE,${},REVIEW,Baseline Kotlin literal inventory
,완료 세트 ${confirmedSets}개가 포함되어 있습니다.,,RecordCalendarScreen,app/src/main/java/com/training/trackplanner/RecordCalendarScreen.kt,712,PRODUCTION_UI,DIRECT_LITERAL_REQUIRES_RESOURCE,${},REVIEW,Baseline Kotlin literal inventory
,DailyMetric 수면/체중은 삭제하지 않습니다.,,RecordCalendarScreen,app/src/main/java/com/training/trackplanner/RecordCalendarScreen.kt,713,PRODUCTION_UI,DIRECT_LITERAL_REQUIRES_RESOURCE,,NO,Baseline Kotlin literal inventory
,삭제,,RecordCalendarScreen,app/src/main/java/com/training/trackplanner/RecordCalendarScreen.kt,718,PRODUCTION_UI,DIRECT_LITERAL_REQUIRES_RESOURCE,,NO,Baseline Kotlin literal inventory
,취소,,RecordCalendarScreen,app/src/main/java/com/training/trackplanner/RecordCalendarScreen.kt,723,PRODUCTION_UI,DIRECT_LITERAL_REQUIRES_RESOURCE,,NO,Baseline Kotlin literal inventory
,선택한 날짜 범위를 삭제할까요?,,RecordCalendarScreen,app/src/main/java/com/training/trackplanner/RecordCalendarScreen.kt,742,PRODUCTION_UI,DIRECT_LITERAL_REQUIRES_RESOURCE,,NO,Baseline Kotlin literal inventory
,대상 날짜 ${summary.affectedDateCount}일,,RecordCalendarScreen,app/src/main/java/com/training/trackplanner/RecordCalendarScreen.kt,746,PRODUCTION_UI,DIRECT_LITERAL_REQUIRES_RESOURCE,${},NO,Baseline Kotlin literal inventory
,"운동 ${summary.existingEntryCount}개, 세트 ${summary.existingSetCount}개",,RecordCalendarScreen,app/src/main/java/com/training/trackplanner/RecordCalendarScreen.kt,747,PRODUCTION_UI,DIRECT_LITERAL_REQUIRES_RESOURCE,${},REVIEW,Baseline Kotlin literal inventory
,"확인 세트 ${confirmedSets}개, 미확인 세트 ${unconfirmedSets}개",,RecordCalendarScreen,app/src/main/java/com/training/trackplanner/RecordCalendarScreen.kt,748,PRODUCTION_UI,DIRECT_LITERAL_REQUIRES_RESOURCE,${},REVIEW,Baseline Kotlin literal inventory
,수면/체중 기록은 삭제하지 않습니다.,,RecordCalendarScreen,app/src/main/java/com/training/trackplanner/RecordCalendarScreen.kt,749,PRODUCTION_UI,DIRECT_LITERAL_REQUIRES_RESOURCE,,NO,Baseline Kotlin literal inventory
,확인 포함 삭제,,RecordCalendarScreen,app/src/main/java/com/training/trackplanner/RecordCalendarScreen.kt,754,PRODUCTION_UI,DIRECT_LITERAL_REQUIRES_RESOURCE,,NO,Baseline Kotlin literal inventory
,미확인만 삭제,,RecordCalendarScreen,app/src/main/java/com/training/trackplanner/RecordCalendarScreen.kt,760,PRODUCTION_UI,DIRECT_LITERAL_REQUIRES_RESOURCE,,NO,Baseline Kotlin literal inventory
,취소,,RecordCalendarScreen,app/src/main/java/com/training/trackplanner/RecordCalendarScreen.kt,763,PRODUCTION_UI,DIRECT_LITERAL_REQUIRES_RESOURCE,,NO,Baseline Kotlin literal inventory
,계획으로 복사,,RecordCalendarScreen,app/src/main/java/com/training/trackplanner/RecordCalendarScreen.kt,938,PRODUCTION_UI,DIRECT_LITERAL_REQUIRES_RESOURCE,,NO,Baseline Kotlin literal inventory
,기록상태까지 복사,,RecordCalendarScreen,app/src/main/java/com/training/trackplanner/RecordCalendarScreen.kt,939,PRODUCTION_UI,DIRECT_LITERAL_REQUIRES_RESOURCE,,NO,Baseline Kotlin literal inventory
,이동,,RecordCalendarScreen,app/src/main/java/com/training/trackplanner/RecordCalendarScreen.kt,940,PRODUCTION_UI,DIRECT_LITERAL_REQUIRES_RESOURCE,,NO,Baseline Kotlin literal inventory
,기록 상태까지 선택 복사,,RecordCalendarScreen,app/src/main/java/com/training/trackplanner/RecordCalendarScreen.kt,949,PRODUCTION_UI,DIRECT_LITERAL_REQUIRES_RESOURCE,,NO,Baseline Kotlin literal inventory
,선택복사,,RecordCalendarScreen,app/src/main/java/com/training/trackplanner/RecordCalendarScreen.kt,949,PRODUCTION_UI,DIRECT_LITERAL_REQUIRES_RESOURCE,,NO,Baseline Kotlin literal inventory
,복사,,RecordCalendarScreen,app/src/main/java/com/training/trackplanner/RecordCalendarScreen.kt,963,PRODUCTION_UI,DIRECT_LITERAL_REQUIRES_RESOURCE,,NO,Baseline Kotlin literal inventory
,이동,,RecordCalendarScreen,app/src/main/java/com/training/trackplanner/RecordCalendarScreen.kt,964,PRODUCTION_UI,DIRECT_LITERAL_REQUIRES_RESOURCE,,NO,Baseline Kotlin literal inventory
,복사,,RecordCalendarScreen,app/src/main/java/com/training/trackplanner/RecordCalendarScreen.kt,965,PRODUCTION_UI,DIRECT_LITERAL_REQUIRES_RESOURCE,,NO,Baseline Kotlin literal inventory
,근력운동,,RecordCalendarScreen,app/src/main/java/com/training/trackplanner/RecordCalendarScreen.kt,1018,PRODUCTION_UI,DIRECT_LITERAL_REQUIRES_RESOURCE,,NO,Baseline Kotlin literal inventory
,근력,,RecordCalendarScreen,app/src/main/java/com/training/trackplanner/RecordCalendarScreen.kt,1018,PRODUCTION_UI,DIRECT_LITERAL_REQUIRES_RESOURCE,,NO,Baseline Kotlin literal inventory
,기능성운동,,RecordCalendarScreen,app/src/main/java/com/training/trackplanner/RecordCalendarScreen.kt,1019,PRODUCTION_UI,DIRECT_LITERAL_REQUIRES_RESOURCE,,NO,Baseline Kotlin literal inventory
,기능,,RecordCalendarScreen,app/src/main/java/com/training/trackplanner/RecordCalendarScreen.kt,1019,PRODUCTION_UI,DIRECT_LITERAL_REQUIRES_RESOURCE,,NO,Baseline Kotlin literal inventory
,유산소운동,,RecordCalendarScreen,app/src/main/java/com/training/trackplanner/RecordCalendarScreen.kt,1020,PRODUCTION_UI,DIRECT_LITERAL_REQUIRES_RESOURCE,,NO,Baseline Kotlin literal inventory
,유산소,,RecordCalendarScreen,app/src/main/java/com/training/trackplanner/RecordCalendarScreen.kt,1020,PRODUCTION_UI,DIRECT_LITERAL_REQUIRES_RESOURCE,,NO,Baseline Kotlin literal inventory
,기록,,RecordCalendarScreen,app/src/main/java/com/training/trackplanner/RecordCalendarScreen.kt,1025,PRODUCTION_UI,DIRECT_LITERAL_REQUIRES_RESOURCE,,NO,Baseline Kotlin literal inventory
,이전날,,RecordDateSection,app/src/main/java/com/training/trackplanner/RecordDateSection.kt,52,PRODUCTION_UI,DIRECT_LITERAL_REQUIRES_RESOURCE,,NO,Baseline Kotlin literal inventory
,다음날,,RecordDateSection,app/src/main/java/com/training/trackplanner/RecordDateSection.kt,68,PRODUCTION_UI,DIRECT_LITERAL_REQUIRES_RESOURCE,,NO,Baseline Kotlin literal inventory
,달력,,RecordDateSection,app/src/main/java/com/training/trackplanner/RecordDateSection.kt,76,PRODUCTION_UI,DIRECT_LITERAL_REQUIRES_RESOURCE,,NO,Baseline Kotlin literal inventory
,이 날짜에는 아직 운동이 없습니다.,,RecordDateSection,app/src/main/java/com/training/trackplanner/RecordDateSection.kt,97,PRODUCTION_UI,DIRECT_LITERAL_REQUIRES_RESOURCE,,NO,Baseline Kotlin literal inventory
,운동 추가,,RecordDateSection,app/src/main/java/com/training/trackplanner/RecordDateSection.kt,105,PRODUCTION_UI,DIRECT_LITERAL_REQUIRES_RESOURCE,,NO,Baseline Kotlin literal inventory
,프로그램에서 가져오기,,RecordDateSection,app/src/main/java/com/training/trackplanner/RecordDateSection.kt,111,PRODUCTION_UI,DIRECT_LITERAL_REQUIRES_RESOURCE,,NO,Baseline Kotlin literal inventory
,운동 삭제,,RecordEntryCard,app/src/main/java/com/training/trackplanner/RecordEntryCard.kt,87,PRODUCTION_UI,DIRECT_LITERAL_REQUIRES_RESOURCE,,NO,Baseline Kotlin literal inventory
,${entry.exerciseName}을(를) 선택한 날짜 기록에서 삭제할까요? 세트 기록도 함께 삭제됩니다.,,RecordEntryCard,app/src/main/java/com/training/trackplanner/RecordEntryCard.kt,88,PRODUCTION_UI,DIRECT_LITERAL_REQUIRES_RESOURCE,${},NO,Baseline Kotlin literal inventory
,삭제,,RecordEntryCard,app/src/main/java/com/training/trackplanner/RecordEntryCard.kt,97,PRODUCTION_UI,DIRECT_LITERAL_REQUIRES_RESOURCE,,NO,Baseline Kotlin literal inventory
,취소,,RecordEntryCard,app/src/main/java/com/training/trackplanner/RecordEntryCard.kt,102,PRODUCTION_UI,DIRECT_LITERAL_REQUIRES_RESOURCE,,NO,Baseline Kotlin literal inventory
,운동 삭제,,RecordEntryCard,app/src/main/java/com/training/trackplanner/RecordEntryCard.kt,140,PRODUCTION_UI,DIRECT_LITERAL_REQUIRES_RESOURCE,,NO,Baseline Kotlin literal inventory
,세트+,,RecordEntryCard,app/src/main/java/com/training/trackplanner/RecordEntryCard.kt,162,PRODUCTION_UI,DIRECT_LITERAL_REQUIRES_RESOURCE,,NO,Baseline Kotlin literal inventory
,일괄,,RecordEntryCard,app/src/main/java/com/training/trackplanner/RecordEntryCard.kt,169,PRODUCTION_UI,DIRECT_LITERAL_REQUIRES_RESOURCE,,NO,Baseline Kotlin literal inventory
,접기,,RecordEntryCard,app/src/main/java/com/training/trackplanner/RecordEntryCard.kt,176,PRODUCTION_UI,DIRECT_LITERAL_REQUIRES_RESOURCE,,NO,Baseline Kotlin literal inventory
,상세,,RecordEntryCard,app/src/main/java/com/training/trackplanner/RecordEntryCard.kt,176,PRODUCTION_UI,DIRECT_LITERAL_REQUIRES_RESOURCE,,NO,Baseline Kotlin literal inventory
,스포츠,,RecordEntryCard,app/src/main/java/com/training/trackplanner/RecordEntryCard.kt,258,PRODUCTION_UI,DIRECT_LITERAL_REQUIRES_RESOURCE,,NO,Baseline Kotlin literal inventory
,상세 입력,,RecordEntryCard,app/src/main/java/com/training/trackplanner/RecordEntryCard.kt,273,PRODUCTION_UI,DIRECT_LITERAL_REQUIRES_RESOURCE,,NO,Baseline Kotlin literal inventory
,기본 휴식,,RecordEntryCard,app/src/main/java/com/training/trackplanner/RecordEntryCard.kt,287,PRODUCTION_UI,DIRECT_LITERAL_REQUIRES_RESOURCE,,NO,Baseline Kotlin literal inventory
,초,,RecordEntryCard,app/src/main/java/com/training/trackplanner/RecordEntryCard.kt,288,PRODUCTION_UI,DIRECT_LITERAL_REQUIRES_RESOURCE,,NO,Baseline Kotlin literal inventory
,전체 RPE,,RecordEntryCard,app/src/main/java/com/training/trackplanner/RecordEntryCard.kt,302,PRODUCTION_UI,DIRECT_LITERAL_REQUIRES_RESOURCE,,NO,Baseline Kotlin literal inventory
,최대 횟수,,RecordEntryCard,app/src/main/java/com/training/trackplanner/RecordEntryCard.kt,318,PRODUCTION_UI,DIRECT_LITERAL_REQUIRES_RESOURCE,,NO,Baseline Kotlin literal inventory
,운동 메모,,RecordEntryCard,app/src/main/java/com/training/trackplanner/RecordEntryCard.kt,330,PRODUCTION_UI,DIRECT_LITERAL_REQUIRES_RESOURCE,,NO,Baseline Kotlin literal inventory
,빈 세트에도 ${formatWeight(suggestion.kg)}kg 적용?,,RecordEntryCard,app/src/main/java/com/training/trackplanner/RecordEntryCard.kt,354,PRODUCTION_UI,DIRECT_LITERAL_REQUIRES_RESOURCE,${},NO,Baseline Kotlin literal inventory
,적용,,RecordEntryCard,app/src/main/java/com/training/trackplanner/RecordEntryCard.kt,362,PRODUCTION_UI,DIRECT_LITERAL_REQUIRES_RESOURCE,,NO,Baseline Kotlin literal inventory
,안 함,,RecordEntryCard,app/src/main/java/com/training/trackplanner/RecordEntryCard.kt,368,PRODUCTION_UI,DIRECT_LITERAL_REQUIRES_RESOURCE,,NO,Baseline Kotlin literal inventory
,스포츠,,RecordEntryCard,app/src/main/java/com/training/trackplanner/RecordEntryCard.kt,381,PRODUCTION_UI,DIRECT_LITERAL_REQUIRES_RESOURCE,,NO,Baseline Kotlin literal inventory
,유산소운동,,RecordEntryCard,app/src/main/java/com/training/trackplanner/RecordEntryCard.kt,381,PRODUCTION_UI,DIRECT_LITERAL_REQUIRES_RESOURCE,,NO,Baseline Kotlin literal inventory
,스포츠,,RecordEntryCard,app/src/main/java/com/training/trackplanner/RecordEntryCard.kt,390,PRODUCTION_UI,DIRECT_LITERAL_REQUIRES_RESOURCE,,NO,Baseline Kotlin literal inventory
,계획 0세트,,RecordEntryCard,app/src/main/java/com/training/trackplanner/RecordEntryCard.kt,394,PRODUCTION_UI,DIRECT_LITERAL_REQUIRES_RESOURCE,,NO,Baseline Kotlin literal inventory
,계획 ${sets.size}세트,,RecordEntryCard,app/src/main/java/com/training/trackplanner/RecordEntryCard.kt,399,PRODUCTION_UI,DIRECT_LITERAL_REQUIRES_RESOURCE,${},NO,Baseline Kotlin literal inventory
,${it}회,,RecordEntryCard,app/src/main/java/com/training/trackplanner/RecordEntryCard.kt,400,PRODUCTION_UI,DIRECT_LITERAL_REQUIRES_RESOURCE,${},NO,Baseline Kotlin literal inventory
,${it}초,,RecordEntryCard,app/src/main/java/com/training/trackplanner/RecordEntryCard.kt,404,PRODUCTION_UI,DIRECT_LITERAL_REQUIRES_RESOURCE,${},NO,Baseline Kotlin literal inventory
,${entry.exerciseName} ${nextSet.setIndex}세트 준비,,RecordEntryCard,app/src/main/java/com/training/trackplanner/RecordEntryCard.kt,417,PRODUCTION_UI,DIRECT_LITERAL_REQUIRES_RESOURCE,${},NO,Baseline Kotlin literal inventory
,스매시 속도,,RecordMetricsCards,app/src/main/java/com/training/trackplanner/RecordMetricsCards.kt,55,PRODUCTION_UI,DIRECT_LITERAL_REQUIRES_RESOURCE,,NO,Baseline Kotlin literal inventory
,접기,,RecordMetricsCards,app/src/main/java/com/training/trackplanner/RecordMetricsCards.kt,63,PRODUCTION_UI,DIRECT_LITERAL_REQUIRES_RESOURCE,,NO,Baseline Kotlin literal inventory
,기록,,RecordMetricsCards,app/src/main/java/com/training/trackplanner/RecordMetricsCards.kt,63,PRODUCTION_UI,DIRECT_LITERAL_REQUIRES_RESOURCE,,NO,Baseline Kotlin literal inventory
,속도,,RecordMetricsCards,app/src/main/java/com/training/trackplanner/RecordMetricsCards.kt,72,PRODUCTION_UI,DIRECT_LITERAL_REQUIRES_RESOURCE,,NO,Baseline Kotlin literal inventory
,추가,,RecordMetricsCards,app/src/main/java/com/training/trackplanner/RecordMetricsCards.kt,84,PRODUCTION_UI,DIRECT_LITERAL_REQUIRES_RESOURCE,,NO,Baseline Kotlin literal inventory
,기록 없음,,RecordMetricsCards,app/src/main/java/com/training/trackplanner/RecordMetricsCards.kt,89,PRODUCTION_UI,DIRECT_LITERAL_REQUIRES_RESOURCE,,NO,Baseline Kotlin literal inventory
,}회 · ${formatDecimal(record.speedKmh)} km/h,,RecordMetricsCards,app/src/main/java/com/training/trackplanner/RecordMetricsCards.kt,101,PRODUCTION_UI,DIRECT_LITERAL_REQUIRES_RESOURCE,${},NO,Baseline Kotlin literal inventory
,삭제,,RecordMetricsCards,app/src/main/java/com/training/trackplanner/RecordMetricsCards.kt,105,PRODUCTION_UI,DIRECT_LITERAL_REQUIRES_RESOURCE,,NO,Baseline Kotlin literal inventory
,기록 없음,,RecordMetricsCards,app/src/main/java/com/training/trackplanner/RecordMetricsCards.kt,119,PRODUCTION_UI,DIRECT_LITERAL_REQUIRES_RESOURCE,,NO,Baseline Kotlin literal inventory
,최고 ${formatDecimal(summary.bestSpeedKmh ?: 0.0)} · Top3 ${formatDecimal(summary.top3AverageSpeedKmh ?: 0.0)} · ${summary.attemptCount}회,,RecordMetricsCards,app/src/main/java/com/training/trackplanner/RecordMetricsCards.kt,121,PRODUCTION_UI,DIRECT_LITERAL_REQUIRES_RESOURCE,${},NO,Baseline Kotlin literal inventory
,기록,,RecordScreen,app/src/main/java/com/training/trackplanner/RecordScreen.kt,132,PRODUCTION_UI,DIRECT_LITERAL_REQUIRES_RESOURCE,,NO,Baseline Kotlin literal inventory
,세트 입력과 확인을 우선합니다. 확인한 세트만 실제 수행 기록입니다.,,RecordScreen,app/src/main/java/com/training/trackplanner/RecordScreen.kt,133,PRODUCTION_UI,DIRECT_LITERAL_REQUIRES_RESOURCE,,NO,Baseline Kotlin literal inventory
,컨디션 · $summary,,RecordScreen,app/src/main/java/com/training/trackplanner/RecordScreen.kt,232,PRODUCTION_UI,DIRECT_LITERAL_REQUIRES_RESOURCE,${},NO,Baseline Kotlin literal inventory
,컨디션 입력,,RecordScreen,app/src/main/java/com/training/trackplanner/RecordScreen.kt,233,PRODUCTION_UI,DIRECT_LITERAL_REQUIRES_RESOURCE,,NO,Baseline Kotlin literal inventory
,운동 추가,,RecordScreen,app/src/main/java/com/training/trackplanner/RecordScreen.kt,240,PRODUCTION_UI,DIRECT_LITERAL_REQUIRES_RESOURCE,,NO,Baseline Kotlin literal inventory
,${set.seconds}초,,RecordSetRow,app/src/main/java/com/training/trackplanner/RecordSetRow.kt,184,PRODUCTION_UI,DIRECT_LITERAL_REQUIRES_RESOURCE,${},NO,Baseline Kotlin literal inventory
,${set.reps}회,,RecordSetRow,app/src/main/java/com/training/trackplanner/RecordSetRow.kt,186,PRODUCTION_UI,DIRECT_LITERAL_REQUIRES_RESOURCE,${},NO,Baseline Kotlin literal inventory
,상세,,RecordSetRow,app/src/main/java/com/training/trackplanner/RecordSetRow.kt,209,PRODUCTION_UI,DIRECT_LITERAL_REQUIRES_RESOURCE,,NO,Baseline Kotlin literal inventory
,회,,RecordSetRow,app/src/main/java/com/training/trackplanner/RecordSetRow.kt,250,PRODUCTION_UI,DIRECT_LITERAL_REQUIRES_RESOURCE,,NO,Baseline Kotlin literal inventory
,시간,,RecordSetRow,app/src/main/java/com/training/trackplanner/RecordSetRow.kt,308,PRODUCTION_UI,DIRECT_LITERAL_REQUIRES_RESOURCE,,NO,Baseline Kotlin literal inventory
,분,,RecordSetRow,app/src/main/java/com/training/trackplanner/RecordSetRow.kt,324,PRODUCTION_UI,DIRECT_LITERAL_REQUIRES_RESOURCE,,NO,Baseline Kotlin literal inventory
,초,,RecordSetRow,app/src/main/java/com/training/trackplanner/RecordSetRow.kt,341,PRODUCTION_UI,DIRECT_LITERAL_REQUIRES_RESOURCE,,NO,Baseline Kotlin literal inventory
,완료,,RecordSetRow,app/src/main/java/com/training/trackplanner/RecordSetRow.kt,385,PRODUCTION_UI,DIRECT_LITERAL_REQUIRES_RESOURCE,,NO,Baseline Kotlin literal inventory
,확인,,RecordSetRow,app/src/main/java/com/training/trackplanner/RecordSetRow.kt,385,PRODUCTION_UI,DIRECT_LITERAL_REQUIRES_RESOURCE,,NO,Baseline Kotlin literal inventory
,스포츠 기록은 0시간 0분으로 완료할 수 없습니다.,,RecordSetRow,app/src/main/java/com/training/trackplanner/RecordSetRow.kt,392,PRODUCTION_UI,DIRECT_LITERAL_REQUIRES_RESOURCE,,NO,Baseline Kotlin literal inventory
,초,,RecordSetRow,app/src/main/java/com/training/trackplanner/RecordSetRow.kt,406,PRODUCTION_UI,DIRECT_LITERAL_REQUIRES_RESOURCE,,NO,Baseline Kotlin literal inventory
,휴${effectiveRestSeconds},,RecordSetRow,app/src/main/java/com/training/trackplanner/RecordSetRow.kt,427,PRODUCTION_UI,DIRECT_LITERAL_REQUIRES_RESOURCE,${},NO,Baseline Kotlin literal inventory
,세트별,,RecordSetRow,app/src/main/java/com/training/trackplanner/RecordSetRow.kt,432,PRODUCTION_UI,DIRECT_LITERAL_REQUIRES_RESOURCE,,NO,Baseline Kotlin literal inventory
,삭제,,RecordSetRow,app/src/main/java/com/training/trackplanner/RecordSetRow.kt,441,PRODUCTION_UI,DIRECT_LITERAL_REQUIRES_RESOURCE,,NO,Baseline Kotlin literal inventory
,접기,,RecordSetRow,app/src/main/java/com/training/trackplanner/RecordSetRow.kt,445,PRODUCTION_UI,DIRECT_LITERAL_REQUIRES_RESOURCE,,NO,Baseline Kotlin literal inventory
,휴식 종료,,RecordSetRow,app/src/main/java/com/training/trackplanner/RecordSetRow.kt,478,PRODUCTION_UI,DIRECT_LITERAL_REQUIRES_RESOURCE,,NO,Baseline Kotlin literal inventory
,휴식 ${formatTimerSeconds(state.remainingSeconds)},,RecordSetRow,app/src/main/java/com/training/trackplanner/RecordSetRow.kt,478,PRODUCTION_UI,DIRECT_LITERAL_REQUIRES_RESOURCE,${},NO,Baseline Kotlin literal inventory
,종료,,RecordSetRow,app/src/main/java/com/training/trackplanner/RecordSetRow.kt,488,PRODUCTION_UI,DIRECT_LITERAL_REQUIRES_RESOURCE,,NO,Baseline Kotlin literal inventory
,세트 RPE,,RecordSetRow,app/src/main/java/com/training/trackplanner/RecordSetRow.kt,601,PRODUCTION_UI,DIRECT_LITERAL_REQUIRES_RESOURCE,,NO,Baseline Kotlin literal inventory
,직접 입력,,RecordSetRow,app/src/main/java/com/training/trackplanner/RecordSetRow.kt,620,PRODUCTION_UI,DIRECT_LITERAL_REQUIRES_RESOURCE,,NO,Baseline Kotlin literal inventory
,적용,,RecordSetRow,app/src/main/java/com/training/trackplanner/RecordSetRow.kt,631,PRODUCTION_UI,DIRECT_LITERAL_REQUIRES_RESOURCE,,NO,Baseline Kotlin literal inventory
,비우기,,RecordSetRow,app/src/main/java/com/training/trackplanner/RecordSetRow.kt,637,PRODUCTION_UI,DIRECT_LITERAL_REQUIRES_RESOURCE,,NO,Baseline Kotlin literal inventory
,취소,,RecordSetRow,app/src/main/java/com/training/trackplanner/RecordSetRow.kt,640,PRODUCTION_UI,DIRECT_LITERAL_REQUIRES_RESOURCE,,NO,Baseline Kotlin literal inventory
,세트별 휴식,,RecordSetRow,app/src/main/java/com/training/trackplanner/RecordSetRow.kt,661,PRODUCTION_UI,DIRECT_LITERAL_REQUIRES_RESOURCE,,NO,Baseline Kotlin literal inventory
,기본 휴식 ${entryRestSeconds}초,,RecordSetRow,app/src/main/java/com/training/trackplanner/RecordSetRow.kt,665,PRODUCTION_UI,DIRECT_LITERAL_REQUIRES_RESOURCE,${},NO,Baseline Kotlin literal inventory
,${option}초,,RecordSetRow,app/src/main/java/com/training/trackplanner/RecordSetRow.kt,675,PRODUCTION_UI,DIRECT_LITERAL_REQUIRES_RESOURCE,${},NO,Baseline Kotlin literal inventory
,휴식,,RecordSetRow,app/src/main/java/com/training/trackplanner/RecordSetRow.kt,683,PRODUCTION_UI,DIRECT_LITERAL_REQUIRES_RESOURCE,,NO,Baseline Kotlin literal inventory
,초,,RecordSetRow,app/src/main/java/com/training/trackplanner/RecordSetRow.kt,684,PRODUCTION_UI,DIRECT_LITERAL_REQUIRES_RESOURCE,,NO,Baseline Kotlin literal inventory
,적용,,RecordSetRow,app/src/main/java/com/training/trackplanner/RecordSetRow.kt,695,PRODUCTION_UI,DIRECT_LITERAL_REQUIRES_RESOURCE,,NO,Baseline Kotlin literal inventory
,기본값,,RecordSetRow,app/src/main/java/com/training/trackplanner/RecordSetRow.kt,701,PRODUCTION_UI,DIRECT_LITERAL_REQUIRES_RESOURCE,,NO,Baseline Kotlin literal inventory
,취소,,RecordSetRow,app/src/main/java/com/training/trackplanner/RecordSetRow.kt,704,PRODUCTION_UI,DIRECT_LITERAL_REQUIRES_RESOURCE,,NO,Baseline Kotlin literal inventory
,kg 수정,,RecordSetRow,app/src/main/java/com/training/trackplanner/RecordSetRow.kt,731,PRODUCTION_UI,DIRECT_LITERAL_REQUIRES_RESOURCE,,NO,Baseline Kotlin literal inventory
,횟수 수정,,RecordSetRow,app/src/main/java/com/training/trackplanner/RecordSetRow.kt,732,PRODUCTION_UI,DIRECT_LITERAL_REQUIRES_RESOURCE,,NO,Baseline Kotlin literal inventory
,시간 수정,,RecordSetRow,app/src/main/java/com/training/trackplanner/RecordSetRow.kt,733,PRODUCTION_UI,DIRECT_LITERAL_REQUIRES_RESOURCE,,NO,Baseline Kotlin literal inventory
,적용,,RecordSetRow,app/src/main/java/com/training/trackplanner/RecordSetRow.kt,764,PRODUCTION_UI,DIRECT_LITERAL_REQUIRES_RESOURCE,,NO,Baseline Kotlin literal inventory
,취소,,RecordSetRow,app/src/main/java/com/training/trackplanner/RecordSetRow.kt,769,PRODUCTION_UI,DIRECT_LITERAL_REQUIRES_RESOURCE,,NO,Baseline Kotlin literal inventory
,${remainder}초,,RecordSetRow,app/src/main/java/com/training/trackplanner/RecordSetRow.kt,790,PRODUCTION_UI,DIRECT_LITERAL_REQUIRES_RESOURCE,${},NO,Baseline Kotlin literal inventory
,휴식 중,,RestTimerNotifier,app/src/main/java/com/training/trackplanner/RestTimerNotifier.kt,30,PRODUCTION_UI,DIRECT_LITERAL_REQUIRES_RESOURCE,,NO,Baseline Kotlin literal inventory
,${formatSeconds(state.remainingSeconds)} 남음 · ${state.nextHint},,RestTimerNotifier,app/src/main/java/com/training/trackplanner/RestTimerNotifier.kt,31,PRODUCTION_UI,DIRECT_LITERAL_REQUIRES_RESOURCE,${},NO,Baseline Kotlin literal inventory
,휴식 종료,,RestTimerNotifier,app/src/main/java/com/training/trackplanner/RestTimerNotifier.kt,43,PRODUCTION_UI,DIRECT_LITERAL_REQUIRES_RESOURCE,,NO,Baseline Kotlin literal inventory
,${state.exerciseName} 다음 세트를 준비하세요.,,RestTimerNotifier,app/src/main/java/com/training/trackplanner/RestTimerNotifier.kt,44,PRODUCTION_UI,DIRECT_LITERAL_REQUIRES_RESOURCE,${},NO,Baseline Kotlin literal inventory
,휴게 타이머,,RestTimerNotifier,app/src/main/java/com/training/trackplanner/RestTimerNotifier.kt,59,PRODUCTION_UI,DIRECT_LITERAL_REQUIRES_RESOURCE,,NO,Baseline Kotlin literal inventory
,세트 사이 휴식 종료를 알려줍니다.,,RestTimerNotifier,app/src/main/java/com/training/trackplanner/RestTimerNotifier.kt,62,PRODUCTION_UI,DIRECT_LITERAL_REQUIRES_RESOURCE,,NO,Baseline Kotlin literal inventory
,휴식 종료,,RestTimerOverlayController,app/src/main/java/com/training/trackplanner/RestTimerOverlayController.kt,45,PRODUCTION_UI,DIRECT_LITERAL_REQUIRES_RESOURCE,,NO,Baseline Kotlin literal inventory
,닫기,,RestTimerOverlayController,app/src/main/java/com/training/trackplanner/RestTimerOverlayController.kt,85,PRODUCTION_UI,DIRECT_LITERAL_REQUIRES_RESOURCE,,NO,Baseline Kotlin literal inventory
,삭제,,RestTimerOverlayController,app/src/main/java/com/training/trackplanner/RestTimerOverlayController.kt,164,PRODUCTION_UI,DIRECT_LITERAL_REQUIRES_RESOURCE,,NO,Baseline Kotlin literal inventory
,휴식 종료,,RestTimerUi,app/src/main/java/com/training/trackplanner/RestTimerUi.kt,48,PRODUCTION_UI,DIRECT_LITERAL_REQUIRES_RESOURCE,,NO,Baseline Kotlin literal inventory
,중지,,RestTimerUi,app/src/main/java/com/training/trackplanner/RestTimerUi.kt,59,PRODUCTION_UI,DIRECT_LITERAL_REQUIRES_RESOURCE,,NO,Baseline Kotlin literal inventory
,앱 밖에서도 휴식 종료를 보려면 알림 권한이 필요합니다.,,RestTimerUi,app/src/main/java/com/training/trackplanner/RestTimerUi.kt,85,PRODUCTION_UI,DIRECT_LITERAL_REQUIRES_RESOURCE,,NO,Baseline Kotlin literal inventory
,알림 허용,,RestTimerUi,app/src/main/java/com/training/trackplanner/RestTimerUi.kt,92,PRODUCTION_UI,DIRECT_LITERAL_REQUIRES_RESOURCE,,NO,Baseline Kotlin literal inventory
,작은 오버레이는 선택 기능입니다. 권한이 없어도 타이머는 동작합니다.,,RestTimerUi,app/src/main/java/com/training/trackplanner/RestTimerUi.kt,97,PRODUCTION_UI,DIRECT_LITERAL_REQUIRES_RESOURCE,,NO,Baseline Kotlin literal inventory
,오버레이 설정,,RestTimerUi,app/src/main/java/com/training/trackplanner/RestTimerUi.kt,104,PRODUCTION_UI,DIRECT_LITERAL_REQUIRES_RESOURCE,,NO,Baseline Kotlin literal inventory
,사용자 운동 추가,,RuntimeMetadataExerciseEditorDialog,app/src/main/java/com/training/trackplanner/RuntimeMetadataExerciseEditorDialog.kt,82,NON_DISPLAY_IDENTIFIER,NON_DISPLAY_IDENTIFIER,,NO,Baseline Kotlin literal inventory
,운동 메타데이터 수정,,RuntimeMetadataExerciseEditorDialog,app/src/main/java/com/training/trackplanner/RuntimeMetadataExerciseEditorDialog.kt,82,NON_DISPLAY_IDENTIFIER,NON_DISPLAY_IDENTIFIER,,NO,Baseline Kotlin literal inventory
,닫기,,RuntimeMetadataExerciseEditorDialog,app/src/main/java/com/training/trackplanner/RuntimeMetadataExerciseEditorDialog.kt,86,NON_DISPLAY_IDENTIFIER,NON_DISPLAY_IDENTIFIER,,NO,Baseline Kotlin literal inventory
,1. 기본 운동 정보,,RuntimeMetadataExerciseEditorDialog,app/src/main/java/com/training/trackplanner/RuntimeMetadataExerciseEditorDialog.kt,93,PRODUCTION_UI,DIRECT_LITERAL_REQUIRES_RESOURCE,,NO,Baseline Kotlin literal inventory
,운동 이름,,RuntimeMetadataExerciseEditorDialog,app/src/main/java/com/training/trackplanner/RuntimeMetadataExerciseEditorDialog.kt,98,NON_DISPLAY_IDENTIFIER,NON_DISPLAY_IDENTIFIER,,NO,Baseline Kotlin literal inventory
,기본 분류,,RuntimeMetadataExerciseEditorDialog,app/src/main/java/com/training/trackplanner/RuntimeMetadataExerciseEditorDialog.kt,106,PRODUCTION_UI,DIRECT_LITERAL_REQUIRES_RESOURCE,,NO,Baseline Kotlin literal inventory
,설명/메모,,RuntimeMetadataExerciseEditorDialog,app/src/main/java/com/training/trackplanner/RuntimeMetadataExerciseEditorDialog.kt,113,PRODUCTION_UI,DIRECT_LITERAL_REQUIRES_RESOURCE,,NO,Baseline Kotlin literal inventory
,기본 휴식시간(초),,RuntimeMetadataExerciseEditorDialog,app/src/main/java/com/training/trackplanner/RuntimeMetadataExerciseEditorDialog.kt,119,PRODUCTION_UI,DIRECT_LITERAL_REQUIRES_RESOURCE,,NO,Baseline Kotlin literal inventory
,기존 운동에서 불러오기,,RuntimeMetadataExerciseEditorDialog,app/src/main/java/com/training/trackplanner/RuntimeMetadataExerciseEditorDialog.kt,127,PRODUCTION_UI,DIRECT_LITERAL_REQUIRES_RESOURCE,,NO,Baseline Kotlin literal inventory
,불러온 운동: $sourceName,,RuntimeMetadataExerciseEditorDialog,app/src/main/java/com/training/trackplanner/RuntimeMetadataExerciseEditorDialog.kt,130,PRODUCTION_UI,DIRECT_LITERAL_REQUIRES_RESOURCE,${},NO,Baseline Kotlin literal inventory
,2. 프로그램/분석,,RuntimeMetadataExerciseEditorDialog,app/src/main/java/com/training/trackplanner/RuntimeMetadataExerciseEditorDialog.kt,135,PRODUCTION_UI,DIRECT_LITERAL_REQUIRES_RESOURCE,,NO,Baseline Kotlin literal inventory
,활동 종류,,RuntimeMetadataExerciseEditorDialog,app/src/main/java/com/training/trackplanner/RuntimeMetadataExerciseEditorDialog.kt,136,PRODUCTION_UI,DIRECT_LITERAL_REQUIRES_RESOURCE,,NO,Baseline Kotlin literal inventory
,프로그램 사용 여부,,RuntimeMetadataExerciseEditorDialog,app/src/main/java/com/training/trackplanner/RuntimeMetadataExerciseEditorDialog.kt,137,PRODUCTION_UI,DIRECT_LITERAL_REQUIRES_RESOURCE,,NO,Baseline Kotlin literal inventory
,프로그램 역할,,RuntimeMetadataExerciseEditorDialog,app/src/main/java/com/training/trackplanner/RuntimeMetadataExerciseEditorDialog.kt,138,PRODUCTION_UI,DIRECT_LITERAL_REQUIRES_RESOURCE,,NO,Baseline Kotlin literal inventory
,중복 억제 그룹,,RuntimeMetadataExerciseEditorDialog,app/src/main/java/com/training/trackplanner/RuntimeMetadataExerciseEditorDialog.kt,139,PRODUCTION_UI,DIRECT_LITERAL_REQUIRES_RESOURCE,,NO,Baseline Kotlin literal inventory
,진행 지표,,RuntimeMetadataExerciseEditorDialog,app/src/main/java/com/training/trackplanner/RuntimeMetadataExerciseEditorDialog.kt,140,PRODUCTION_UI,DIRECT_LITERAL_REQUIRES_RESOURCE,,NO,Baseline Kotlin literal inventory
,근력 진행 그룹,,RuntimeMetadataExerciseEditorDialog,app/src/main/java/com/training/trackplanner/RuntimeMetadataExerciseEditorDialog.kt,141,PRODUCTION_UI,DIRECT_LITERAL_REQUIRES_RESOURCE,,NO,Baseline Kotlin literal inventory
,분석 대상,,RuntimeMetadataExerciseEditorDialog,app/src/main/java/com/training/trackplanner/RuntimeMetadataExerciseEditorDialog.kt,142,PRODUCTION_UI,DIRECT_LITERAL_REQUIRES_RESOURCE,,NO,Baseline Kotlin literal inventory
,3. 동작 분류,,RuntimeMetadataExerciseEditorDialog,app/src/main/java/com/training/trackplanner/RuntimeMetadataExerciseEditorDialog.kt,146,PRODUCTION_UI,DIRECT_LITERAL_REQUIRES_RESOURCE,,NO,Baseline Kotlin literal inventory
,주동근,,RuntimeMetadataExerciseEditorDialog,app/src/main/java/com/training/trackplanner/RuntimeMetadataExerciseEditorDialog.kt,147,PRODUCTION_UI,DIRECT_LITERAL_REQUIRES_RESOURCE,,NO,Baseline Kotlin literal inventory
,보조근,,RuntimeMetadataExerciseEditorDialog,app/src/main/java/com/training/trackplanner/RuntimeMetadataExerciseEditorDialog.kt,150,PRODUCTION_UI,DIRECT_LITERAL_REQUIRES_RESOURCE,,NO,Baseline Kotlin literal inventory
,장비,,RuntimeMetadataExerciseEditorDialog,app/src/main/java/com/training/trackplanner/RuntimeMetadataExerciseEditorDialog.kt,153,PRODUCTION_UI,DIRECT_LITERAL_REQUIRES_RESOURCE,,NO,Baseline Kotlin literal inventory
,원본 동작 패턴,,RuntimeMetadataExerciseEditorDialog,app/src/main/java/com/training/trackplanner/RuntimeMetadataExerciseEditorDialog.kt,156,PRODUCTION_UI,DIRECT_LITERAL_REQUIRES_RESOURCE,,NO,Baseline Kotlin literal inventory
,원본 동작 분류,,RuntimeMetadataExerciseEditorDialog,app/src/main/java/com/training/trackplanner/RuntimeMetadataExerciseEditorDialog.kt,159,PRODUCTION_UI,DIRECT_LITERAL_REQUIRES_RESOURCE,,NO,Baseline Kotlin literal inventory
,힘/부하 유형,,RuntimeMetadataExerciseEditorDialog,app/src/main/java/com/training/trackplanner/RuntimeMetadataExerciseEditorDialog.kt,162,PRODUCTION_UI,DIRECT_LITERAL_REQUIRES_RESOURCE,,NO,Baseline Kotlin literal inventory
,신체 부위,,RuntimeMetadataExerciseEditorDialog,app/src/main/java/com/training/trackplanner/RuntimeMetadataExerciseEditorDialog.kt,165,PRODUCTION_UI,DIRECT_LITERAL_REQUIRES_RESOURCE,,NO,Baseline Kotlin literal inventory
,동작 계열,,RuntimeMetadataExerciseEditorDialog,app/src/main/java/com/training/trackplanner/RuntimeMetadataExerciseEditorDialog.kt,168,PRODUCTION_UI,DIRECT_LITERAL_REQUIRES_RESOURCE,,NO,Baseline Kotlin literal inventory
,동작 세부형,,RuntimeMetadataExerciseEditorDialog,app/src/main/java/com/training/trackplanner/RuntimeMetadataExerciseEditorDialog.kt,169,PRODUCTION_UI,DIRECT_LITERAL_REQUIRES_RESOURCE,,NO,Baseline Kotlin literal inventory
,4. 스트레스/피로,,RuntimeMetadataExerciseEditorDialog,app/src/main/java/com/training/trackplanner/RuntimeMetadataExerciseEditorDialog.kt,173,PRODUCTION_UI,DIRECT_LITERAL_REQUIRES_RESOURCE,,NO,Baseline Kotlin literal inventory
,주 스트레스,,RuntimeMetadataExerciseEditorDialog,app/src/main/java/com/training/trackplanner/RuntimeMetadataExerciseEditorDialog.kt,174,PRODUCTION_UI,DIRECT_LITERAL_REQUIRES_RESOURCE,,NO,Baseline Kotlin literal inventory
,보조 스트레스,,RuntimeMetadataExerciseEditorDialog,app/src/main/java/com/training/trackplanner/RuntimeMetadataExerciseEditorDialog.kt,175,PRODUCTION_UI,DIRECT_LITERAL_REQUIRES_RESOURCE,,NO,Baseline Kotlin literal inventory
,건 스트레스,,RuntimeMetadataExerciseEditorDialog,app/src/main/java/com/training/trackplanner/RuntimeMetadataExerciseEditorDialog.kt,176,PRODUCTION_UI,DIRECT_LITERAL_REQUIRES_RESOURCE,,NO,Baseline Kotlin literal inventory
,관절 안정성,,RuntimeMetadataExerciseEditorDialog,app/src/main/java/com/training/trackplanner/RuntimeMetadataExerciseEditorDialog.kt,177,PRODUCTION_UI,DIRECT_LITERAL_REQUIRES_RESOURCE,,NO,Baseline Kotlin literal inventory
,충격 스트레스,,RuntimeMetadataExerciseEditorDialog,app/src/main/java/com/training/trackplanner/RuntimeMetadataExerciseEditorDialog.kt,178,PRODUCTION_UI,DIRECT_LITERAL_REQUIRES_RESOURCE,,NO,Baseline Kotlin literal inventory
,인지 스트레스,,RuntimeMetadataExerciseEditorDialog,app/src/main/java/com/training/trackplanner/RuntimeMetadataExerciseEditorDialog.kt,179,PRODUCTION_UI,DIRECT_LITERAL_REQUIRES_RESOURCE,,NO,Baseline Kotlin literal inventory
,스포츠 맥락,,RuntimeMetadataExerciseEditorDialog,app/src/main/java/com/training/trackplanner/RuntimeMetadataExerciseEditorDialog.kt,180,PRODUCTION_UI,DIRECT_LITERAL_REQUIRES_RESOURCE,,NO,Baseline Kotlin literal inventory
,회복 감쇠,,RuntimeMetadataExerciseEditorDialog,app/src/main/java/com/training/trackplanner/RuntimeMetadataExerciseEditorDialog.kt,181,PRODUCTION_UI,DIRECT_LITERAL_REQUIRES_RESOURCE,,NO,Baseline Kotlin literal inventory
,전체 스트레스 크기,,RuntimeMetadataExerciseEditorDialog,app/src/main/java/com/training/trackplanner/RuntimeMetadataExerciseEditorDialog.kt,182,PRODUCTION_UI,DIRECT_LITERAL_REQUIRES_RESOURCE,,NO,Baseline Kotlin literal inventory
,5. 배드민턴 전이,,RuntimeMetadataExerciseEditorDialog,app/src/main/java/com/training/trackplanner/RuntimeMetadataExerciseEditorDialog.kt,186,PRODUCTION_UI,DIRECT_LITERAL_REQUIRES_RESOURCE,,NO,Baseline Kotlin literal inventory
,전이 수준,,RuntimeMetadataExerciseEditorDialog,app/src/main/java/com/training/trackplanner/RuntimeMetadataExerciseEditorDialog.kt,187,PRODUCTION_UI,DIRECT_LITERAL_REQUIRES_RESOURCE,,NO,Baseline Kotlin literal inventory
,전이 종류,,RuntimeMetadataExerciseEditorDialog,app/src/main/java/com/training/trackplanner/RuntimeMetadataExerciseEditorDialog.kt,188,PRODUCTION_UI,DIRECT_LITERAL_REQUIRES_RESOURCE,,NO,Baseline Kotlin literal inventory
,기술 목표,,RuntimeMetadataExerciseEditorDialog,app/src/main/java/com/training/trackplanner/RuntimeMetadataExerciseEditorDialog.kt,189,PRODUCTION_UI,DIRECT_LITERAL_REQUIRES_RESOURCE,,NO,Baseline Kotlin literal inventory
,신체 능력,,RuntimeMetadataExerciseEditorDialog,app/src/main/java/com/training/trackplanner/RuntimeMetadataExerciseEditorDialog.kt,190,PRODUCTION_UI,DIRECT_LITERAL_REQUIRES_RESOURCE,,NO,Baseline Kotlin literal inventory
,전이 신뢰도,,RuntimeMetadataExerciseEditorDialog,app/src/main/java/com/training/trackplanner/RuntimeMetadataExerciseEditorDialog.kt,191,PRODUCTION_UI,DIRECT_LITERAL_REQUIRES_RESOURCE,,NO,Baseline Kotlin literal inventory
,6. 근거/상태,,RuntimeMetadataExerciseEditorDialog,app/src/main/java/com/training/trackplanner/RuntimeMetadataExerciseEditorDialog.kt,195,PRODUCTION_UI,DIRECT_LITERAL_REQUIRES_RESOURCE,,NO,Baseline Kotlin literal inventory
,근거 신뢰도,,RuntimeMetadataExerciseEditorDialog,app/src/main/java/com/training/trackplanner/RuntimeMetadataExerciseEditorDialog.kt,196,PRODUCTION_UI,DIRECT_LITERAL_REQUIRES_RESOURCE,,NO,Baseline Kotlin literal inventory
,근거 상태,,RuntimeMetadataExerciseEditorDialog,app/src/main/java/com/training/trackplanner/RuntimeMetadataExerciseEditorDialog.kt,197,PRODUCTION_UI,DIRECT_LITERAL_REQUIRES_RESOURCE,,NO,Baseline Kotlin literal inventory
,7. 고급 런타임 필드,,RuntimeMetadataExerciseEditorDialog,app/src/main/java/com/training/trackplanner/RuntimeMetadataExerciseEditorDialog.kt,201,PRODUCTION_UI,DIRECT_LITERAL_REQUIRES_RESOURCE,,NO,Baseline Kotlin literal inventory
,근신경계,,RuntimeMetadataExerciseEditorDialog,app/src/main/java/com/training/trackplanner/RuntimeMetadataExerciseEditorDialog.kt,202,PRODUCTION_UI,DIRECT_LITERAL_REQUIRES_RESOURCE,,NO,Baseline Kotlin literal inventory
,전신 근육,,RuntimeMetadataExerciseEditorDialog,app/src/main/java/com/training/trackplanner/RuntimeMetadataExerciseEditorDialog.kt,203,PRODUCTION_UI,DIRECT_LITERAL_REQUIRES_RESOURCE,,NO,Baseline Kotlin literal inventory
,국소 근육,,RuntimeMetadataExerciseEditorDialog,app/src/main/java/com/training/trackplanner/RuntimeMetadataExerciseEditorDialog.kt,204,PRODUCTION_UI,DIRECT_LITERAL_REQUIRES_RESOURCE,,NO,Baseline Kotlin literal inventory
,관절/건/충격,,RuntimeMetadataExerciseEditorDialog,app/src/main/java/com/training/trackplanner/RuntimeMetadataExerciseEditorDialog.kt,205,PRODUCTION_UI,DIRECT_LITERAL_REQUIRES_RESOURCE,,NO,Baseline Kotlin literal inventory
,동작 집중,,RuntimeMetadataExerciseEditorDialog,app/src/main/java/com/training/trackplanner/RuntimeMetadataExerciseEditorDialog.kt,206,PRODUCTION_UI,DIRECT_LITERAL_REQUIRES_RESOURCE,,NO,Baseline Kotlin literal inventory
,회복 기간,,RuntimeMetadataExerciseEditorDialog,app/src/main/java/com/training/trackplanner/RuntimeMetadataExerciseEditorDialog.kt,207,PRODUCTION_UI,DIRECT_LITERAL_REQUIRES_RESOURCE,,NO,Baseline Kotlin literal inventory
,seed 자동 변경 허용 안 함,,RuntimeMetadataExerciseEditorDialog,app/src/main/java/com/training/trackplanner/RuntimeMetadataExerciseEditorDialog.kt,210,NON_DISPLAY_IDENTIFIER,NON_DISPLAY_IDENTIFIER,,NO,Baseline Kotlin literal inventory
,기본값으로 되돌리기,,RuntimeMetadataExerciseEditorDialog,app/src/main/java/com/training/trackplanner/RuntimeMetadataExerciseEditorDialog.kt,221,NON_DISPLAY_IDENTIFIER,NON_DISPLAY_IDENTIFIER,,NO,Baseline Kotlin literal inventory
,운동 이름을 입력하세요.,,RuntimeMetadataExerciseEditorDialog,app/src/main/java/com/training/trackplanner/RuntimeMetadataExerciseEditorDialog.kt,231,PRODUCTION_UI,DIRECT_LITERAL_REQUIRES_RESOURCE,,NO,Baseline Kotlin literal inventory
,기본 분류를 입력하세요.,,RuntimeMetadataExerciseEditorDialog,app/src/main/java/com/training/trackplanner/RuntimeMetadataExerciseEditorDialog.kt,232,PRODUCTION_UI,DIRECT_LITERAL_REQUIRES_RESOURCE,,NO,Baseline Kotlin literal inventory
,휴식시간은 0~3600초로 입력하세요.,,RuntimeMetadataExerciseEditorDialog,app/src/main/java/com/training/trackplanner/RuntimeMetadataExerciseEditorDialog.kt,233,PRODUCTION_UI,DIRECT_LITERAL_REQUIRES_RESOURCE,,NO,Baseline Kotlin literal inventory
,저장,,RuntimeMetadataExerciseEditorDialog,app/src/main/java/com/training/trackplanner/RuntimeMetadataExerciseEditorDialog.kt,249,PRODUCTION_UI,DIRECT_LITERAL_REQUIRES_RESOURCE,,NO,Baseline Kotlin literal inventory
,기본값으로 되돌리기,,RuntimeMetadataExerciseEditorDialog,app/src/main/java/com/training/trackplanner/RuntimeMetadataExerciseEditorDialog.kt,287,PRODUCTION_UI,DIRECT_LITERAL_REQUIRES_RESOURCE,,NO,Baseline Kotlin literal inventory
,사용자 메타데이터 수정값을 삭제하고 기본값으로 되돌립니다.,,RuntimeMetadataExerciseEditorDialog,app/src/main/java/com/training/trackplanner/RuntimeMetadataExerciseEditorDialog.kt,288,PRODUCTION_UI,DIRECT_LITERAL_REQUIRES_RESOURCE,,NO,Baseline Kotlin literal inventory
,되돌리기,,RuntimeMetadataExerciseEditorDialog,app/src/main/java/com/training/trackplanner/RuntimeMetadataExerciseEditorDialog.kt,290,PRODUCTION_UI,DIRECT_LITERAL_REQUIRES_RESOURCE,,NO,Baseline Kotlin literal inventory
,취소,,RuntimeMetadataExerciseEditorDialog,app/src/main/java/com/training/trackplanner/RuntimeMetadataExerciseEditorDialog.kt,293,PRODUCTION_UI,DIRECT_LITERAL_REQUIRES_RESOURCE,,NO,Baseline Kotlin literal inventory
,기존 운동에서 불러오기,,RuntimeMetadataExerciseEditorDialog,app/src/main/java/com/training/trackplanner/RuntimeMetadataExerciseEditorDialog.kt,320,PRODUCTION_UI,DIRECT_LITERAL_REQUIRES_RESOURCE,,NO,Baseline Kotlin literal inventory
,운동 검색,,RuntimeMetadataExerciseEditorDialog,app/src/main/java/com/training/trackplanner/RuntimeMetadataExerciseEditorDialog.kt,327,PRODUCTION_UI,DIRECT_LITERAL_REQUIRES_RESOURCE,,NO,Baseline Kotlin literal inventory
,검색 결과가 없습니다.,,RuntimeMetadataExerciseEditorDialog,app/src/main/java/com/training/trackplanner/RuntimeMetadataExerciseEditorDialog.kt,331,NON_DISPLAY_IDENTIFIER,NON_DISPLAY_IDENTIFIER,,NO,Baseline Kotlin literal inventory
,닫기,,RuntimeMetadataExerciseEditorDialog,app/src/main/java/com/training/trackplanner/RuntimeMetadataExerciseEditorDialog.kt,360,PRODUCTION_UI,DIRECT_LITERAL_REQUIRES_RESOURCE,,NO,Baseline Kotlin literal inventory
,${parts.hours}시간 ${parts.minutes}분,,SportDurationInput,app/src/main/java/com/training/trackplanner/SportDurationInput.kt,34,PRODUCTION_UI,DIRECT_LITERAL_REQUIRES_RESOURCE,${},NO,Baseline Kotlin literal inventory
,입력 조건을 확인하는 중입니다.,,TrainingViewModel,app/src/main/java/com/training/trackplanner/TrainingViewModel.kt,296,PRODUCTION_UI,DIRECT_LITERAL_REQUIRES_RESOURCE,,NO,Baseline Kotlin literal inventory
,규칙표와 운동 풀을 확인하는 중입니다.,,TrainingViewModel,app/src/main/java/com/training/trackplanner/TrainingViewModel.kt,302,PRODUCTION_UI,DIRECT_LITERAL_REQUIRES_RESOURCE,,NO,Baseline Kotlin literal inventory
,주차와 요일 슬롯을 배치하는 중입니다.,,TrainingViewModel,app/src/main/java/com/training/trackplanner/TrainingViewModel.kt,307,PRODUCTION_UI,DIRECT_LITERAL_REQUIRES_RESOURCE,,NO,Baseline Kotlin literal inventory
,메인 운동과 보조운동을 정리하는 중입니다.,,TrainingViewModel,app/src/main/java/com/training/trackplanner/TrainingViewModel.kt,313,PRODUCTION_UI,DIRECT_LITERAL_REQUIRES_RESOURCE,,NO,Baseline Kotlin literal inventory
,최종 프로그램을 정리하는 중입니다.,,TrainingViewModel,app/src/main/java/com/training/trackplanner/TrainingViewModel.kt,320,PRODUCTION_UI,DIRECT_LITERAL_REQUIRES_RESOURCE,,NO,Baseline Kotlin literal inventory
,자동 골자 생성 시간이 길어졌습니다. 조건을 조금 줄이고 다시 시도해 주세요.,,TrainingViewModel,app/src/main/java/com/training/trackplanner/TrainingViewModel.kt,330,PRODUCTION_UI,DIRECT_LITERAL_REQUIRES_RESOURCE,,NO,Baseline Kotlin literal inventory
,자동 골자 생성에 실패했습니다.,,TrainingViewModel,app/src/main/java/com/training/trackplanner/TrainingViewModel.kt,332,PRODUCTION_UI,DIRECT_LITERAL_REQUIRES_RESOURCE,,NO,Baseline Kotlin literal inventory
,프로그램을 저장하지 못했습니다.,,TrainingViewModel,app/src/main/java/com/training/trackplanner/TrainingViewModel.kt,400,PRODUCTION_UI,DIRECT_LITERAL_REQUIRES_RESOURCE,,NO,Baseline Kotlin literal inventory
,기록 백업,,TrainingViewModel,app/src/main/java/com/training/trackplanner/TrainingViewModel.kt,631,PRODUCTION_UI,DIRECT_LITERAL_REQUIRES_RESOURCE,,NO,Baseline Kotlin literal inventory
,기록 백업 실패: ${error.message ?: ,,TrainingViewModel,app/src/main/java/com/training/trackplanner/TrainingViewModel.kt,633,PRODUCTION_UI,DIRECT_LITERAL_REQUIRES_RESOURCE,,NO,Baseline Kotlin literal inventory
,기록 복원,,TrainingViewModel,app/src/main/java/com/training/trackplanner/TrainingViewModel.kt,699,PRODUCTION_UI,DIRECT_LITERAL_REQUIRES_RESOURCE,,NO,Baseline Kotlin literal inventory
,진단 보고서 저장 실패: ${error.message ?: ,,TrainingViewModel,app/src/main/java/com/training/trackplanner/TrainingViewModel.kt,744,PRODUCTION_UI,DIRECT_LITERAL_REQUIRES_RESOURCE,,NO,Baseline Kotlin literal inventory
,피로도 기록을 불러오지 못했습니다.,,TrainingViewModel,app/src/main/java/com/training/trackplanner/TrainingViewModel.kt,775,PRODUCTION_UI,DIRECT_LITERAL_REQUIRES_RESOURCE,,NO,Baseline Kotlin literal inventory
