{
  "asymmetric_failure": {
    "a": [
      [
        1.0,
        0.2
      ],
      [
        0.4,
        1.0
      ]
    ]
  },
  "generalized_symmetric_eigen": {
    "a": [
      [
        2.0,
        0.4
      ],
      [
        0.4,
        1.0
      ]
    ],
    "b": [
      [
        1.5,
        0.2
      ],
      [
        0.2,
        1.2
      ]
    ],
    "values_desc": [
      1.3513800867928674,
      0.7736199132071326
    ],
    "vectors_desc": [
      [
        -0.7818887537404653,
        -0.16316050375827326
      ],
      [
        0.26545839333568655,
        -0.9086536068745195
      ]
    ]
  },
  "johansen_form": {
    "a": [
      [
        7.9607077230651315,
        -2.7910573688747093
      ],
      [
        -2.791057368874709,
        0.9807461758146467
      ]
    ],
    "s00": [
      [
        3.283010219821332,
        -2.4737304214829874
      ],
      [
        -2.4737304214829874,
        3.273879460594058
      ]
    ],
    "s01": [
      [
        1.6555617845719437,
        -0.5002271332155849
      ],
      [
        1.922240776846708,
        -0.7523851388576988
      ]
    ],
    "s10": [
      [
        1.6555617845719437,
        1.922240776846708
      ],
      [
        -0.5002271332155849,
        -0.7523851388576988
      ]
    ],
    "s11": [
      [
        3.086181870159777,
        0.04131308865906808
      ],
      [
        0.04131308865906808,
        1.4238884645996372
      ]
    ],
    "values_desc": [
      3.3208229432243215,
      0.0011950420317602406
    ],
    "vectors_desc": [
      [
        -0.5069619497612255,
        0.3961090164232801
      ],
      [
        -0.2591147529898099,
        -0.7386966397172429
      ]
    ]
  },
  "near_singular_spd": {
    "a": [
      [
        1.0,
        0.0
      ],
      [
        0.0,
        1e-13
      ]
    ],
    "condition_number": 10000000000000.0,
    "should_fail_spd": true
  },
  "non_pd_b_failure": {
    "a": [
      [
        1.0,
        0.0
      ],
      [
        0.0,
        2.0
      ]
    ],
    "b": [
      [
        1.0,
        0.0
      ],
      [
        0.0,
        -1.0
      ]
    ]
  },
  "provenance": {
    "generator_script_version": "phase-a-1",
    "numpy_version": "2.3.5",
    "purpose": "Phase A linear algebra golden fixture",
    "python_version": "3.12.13",
    "rng_seed": 20260712,
    "schema_version": 1,
    "scipy_version": "1.18.0",
    "source_commit": "25cb01448ea5926841a4b89d9738da135704059a",
    "tolerance": 1e-07
  },
  "rank_deficient_least_squares": {
    "a": [
      [
        1.0,
        0.0,
        1.0
      ],
      [
        0.0,
        1.0,
        1.0
      ],
      [
        1.0,
        1.0,
        2.0
      ],
      [
        2.0,
        1.0,
        3.0
      ]
    ],
    "b": [
      1.0,
      2.0,
      3.0,
      4.0
    ],
    "rank": 2,
    "x": [
      -5.788356531650821e-16,
      1.0000000000000002,
      0.9999999999999993
    ]
  },
  "spd_solve": {
    "a": [
      [
        1.5673195341518227,
        0.5540267948407013,
        0.1313511449197961
      ],
      [
        0.5540267948407013,
        1.7050526112398552,
        1.2917040058436489
      ],
      [
        0.1313511449197961,
        1.2917040058436489,
        3.6737105144163262
      ]
    ],
    "b": [
      0.78649592210673,
      0.08742910808772328,
      0.1364169756635049
    ],
    "log_det": 1.8299165908139887,
    "matrix_b": [
      [
        -0.7737711220815944,
        0.08173645527673405
      ],
      [
        0.21061459202520566,
        0.7007965829436666
      ],
      [
        -0.7439975257959692,
        -1.474148556495469
      ]
    ],
    "matrix_x": [
      [
        -0.6921635026828349,
        -0.2657713663008354
      ],
      [
        0.6585123950202065,
        1.0825086560252022
      ],
      [
        -0.4093093753281433,
        -0.7723852871526419
      ]
    ],
    "x": [
      0.5644140471891843,
      -0.1975966761670456,
      0.08642949989030353
    ]
  },
  "svd": {
    "a": [
      [
        1.0,
        0.0,
        1.0
      ],
      [
        0.0,
        1.0,
        1.0
      ],
      [
        1.0,
        1.0,
        2.0
      ],
      [
        2.0,
        1.0,
        3.0
      ]
    ],
    "condition_number": 4.391067076224637,
    "rank": 2,
    "singular_values": [
      4.776678116263642,
      1.0878171600080742,
      4.1430218088061647e-16
    ]
  },
  "symmetric_eigen": {
    "a": [
      [
        2.0,
        0.5,
        0.0
      ],
      [
        0.5,
        3.0,
        0.4
      ],
      [
        0.0,
        0.4,
        4.0
      ]
    ],
    "values_desc": [
      4.154131395273028,
      3.064015843069387,
      1.7818527616575859
    ],
    "vectors_desc": [
      [
        0.08316878320994005,
        0.35831297403837614,
        0.9298896526659235
      ],
      [
        0.3966635590410645,
        0.844112622375963,
        -0.36073799588406386
      ],
      [
        0.9141886973859685,
        -0.3988554793171944,
        0.07192587983749034
      ]
    ]
  }
}